run_id,traffic_seed,grid_x,grid_y,grid_z,distinct_flight_count
20260912_215351_529_traffic_scan_env2025_seed0-499_48352cd1,186,0,1,0,1
20260912_215351_529_traffic_scan_env2025_seed0-499_48352cd1,186,0,2,0,2
20260912_215351_529_traffic_scan_env2025_seed0-499_48352cd1,186,0,3,0,1
20260912_215351_529_traffic_scan_env2025_seed0-499_48352cd1,186,0,4,0,1
20260912_215351_529_traffic_scan_env2025_seed0-499_48352cd1,186,0,5,0,1
20260912_215351_529_traffic_scan_env2025_seed0-499_48352cd1,186,0,6,0,2
20260912_215351_529_traffic_scan_env2025_seed0-499_48352cd1,186,0,7,0,1
20260912_215351_529_traffic_scan_env2025_seed0-499_48352cd1,186,0,8,0,1
20260912_215351_529_traffic_scan_env2025_seed0-499_48352cd1,186,0,9,0,2
20260912_215351_529_traffic_scan_env2025_seed0-499_48352cd1,186,0,13,0,1
20260912_215351_529_traffic_scan_env2025_seed0-499_48352cd1,186,0,21,0,1
20260912_215351_529_traffic_scan_env2025_seed0-499_48352cd1,186,0,23,0,1
20260912_215351_529_traffic_scan_env2025_seed0-499_48352cd1,186,0,41,0,1
20260912_215351_529_traffic_scan_env2025_seed0-499_48352cd1,186,0,43,0,1
20260912_215351_529_traffic_scan_env2025_seed0-499_48352cd1,186,0,51,0,1
20260912_215351_529_traffic_scan_env2025_seed0-499_48352cd1,186,0,52,0,1
20260912_215351_529_traffic_scan_env2025_seed0-499_48352cd1,186,1,2,0,1
20260912_215351_529_traffic_scan_env2025_seed0-499_48352cd1,186,1,7,0,1
20260912_215351_529_traffic_scan_env2025_seed0-499_48352cd1,186,1,9,0,1
20260912_215351_529_traffic_scan_env2025_seed0-499_48352cd1,186,1,10,0,3
20260912_215351_529_traffic_scan_env2025_seed0-499_48352cd1,186,1,11,0,1
20260912_215351_529_traffic_scan_env2025_seed0-499_48352cd1,186,1,12,0,1
20260912_215351_529_traffic_scan_env2025_seed0-499_48352cd1,186,1,13,0,2
20260912_215351_529_traffic_scan_env2025_seed0-499_48352cd1,186,1,14,0,2
20260912_215351_529_traffic_scan_env2025_seed0-499_48352cd1,186,1,15,0,1
20260912_215351_529_traffic_scan_env2025_seed0-499_48352cd1,186,1,16,0,1
20260912_215351_529_traffic_scan_env2025_seed0-499_48352cd1,186,1,17,0,2
20260912_215351_529_traffic_scan_env2025_seed0-499_48352cd1,186,1,18,0,1
20260912_215351_529_traffic_scan_env2025_seed0-499_48352cd1,186,1,19,0,1
20260912_215351_529_traffic_scan_env2025_seed0-499_48352cd1,186,1,21,0,1
20260912_215351_529_traffic_scan_env2025_seed0-499_48352cd1,186,1,23,0,1
20260912_215351_529_traffic_scan_env2025_seed0-499_48352cd1,186,1,41,0,2
20260912_215351_529_traffic_scan_env2025_seed0-499_48352cd1,186,1,42,0,1
20260912_215351_529_traffic_scan_env2025_seed0-499_48352cd1,186,1,46,0,1
20260912_215351_529_traffic_scan_env2025_seed0-499_48352cd1,186,1,48,0,1
20260912_215351_529_traffic_scan_env2025_seed0-499_48352cd1,186,1,50,0,1
20260912_215351_529_traffic_scan_env2025_seed0-499_48352cd1,186,1,52,0,1
20260912_215351_529_traffic_scan_env2025_seed0-499_48352cd1,186,1,55,0,3
20260912_215351_529_traffic_scan_env2025_seed0-499_48352cd1,186,1,56,0,2
20260912_215351_529_traffic_scan_env2025_seed0-499_48352cd1,186,2,2,0,1
20260912_215351_529_traffic_scan_env2025_seed0-499_48352cd1,186,2,8,0,2
20260912_215351_529_traffic_scan_env2025_seed0-499_48352cd1,186,2,11,0,2
20260912_215351_529_traffic_scan_env2025_seed0-499_48352cd1,186,2,13,0,1
20260912_215351_529_traffic_scan_env2025_seed0-499_48352cd1,186,2,15,0,2
20260912_215351_529_traffic_scan_env2025_seed0-499_48352cd1,186,2,17,0,1
20260912_215351_529_traffic_scan_env2025_seed0-499_48352cd1,186,2,20,0,2
20260912_215351_529_traffic_scan_env2025_seed0-499_48352cd1,186,2,21,0,1
20260912_215351_529_traffic_scan_env2025_seed0-499_48352cd1,186,2,22,0,1
20260912_215351_529_traffic_scan_env2025_seed0-499_48352cd1,186,2,29,0,1
20260912_215351_529_traffic_scan_env2025_seed0-499_48352cd1,186,2,35,0,1
20260912_215351_529_traffic_scan_env2025_seed0-499_48352cd1,186,2,36,0,2
20260912_215351_529_traffic_scan_env2025_seed0-499_48352cd1,186,2,37,0,1
20260912_215351_529_traffic_scan_env2025_seed0-499_48352cd1,186,2,38,0,1
20260912_215351_529_traffic_scan_env2025_seed0-499_48352cd1,186,2,39,0,1
20260912_215351_529_traffic_scan_env2025_seed0-499_48352cd1,186,2,40,0,2
20260912_215351_529_traffic_scan_env2025_seed0-499_48352cd1,186,2,42,0,2
20260912_215351_529_traffic_scan_env2025_seed0-499_48352cd1,186,2,45,1,1
20260912_215351_529_traffic_scan_env2025_seed0-499_48352cd1,186,2,47,1,1
20260912_215351_529_traffic_scan_env2025_seed0-499_48352cd1,186,2,49,0,1
20260912_215351_529_traffic_scan_env2025_seed0-499_48352cd1,186,2,52,0,2
20260912_215351_529_traffic_scan_env2025_seed0-499_48352cd1,186,2,53,0,1
20260912_215351_529_traffic_scan_env2025_seed0-499_48352cd1,186,2,54,0,3
20260912_215351_529_traffic_scan_env2025_seed0-499_48352cd1,186,2,57,0,1
20260912_215351_529_traffic_scan_env2025_seed0-499_48352cd1,186,2,58,0,1
20260912_215351_529_traffic_scan_env2025_seed0-499_48352cd1,186,2,59,0,1
20260912_215351_529_traffic_scan_env2025_seed0-499_48352cd1,186,3,2,0,2
20260912_215351_529_traffic_scan_env2025_seed0-499_48352cd1,186,3,8,0,1
20260912_215351_529_traffic_scan_env2025_seed0-499_48352cd1,186,3,9,0,2
20260912_215351_529_traffic_scan_env2025_seed0-499_48352cd1,186,3,11,0,2
20260912_215351_529_traffic_scan_env2025_seed0-499_48352cd1,186,3,14,0,1
20260912_215351_529_traffic_scan_env2025_seed0-499_48352cd1,186,3,16,0,2
20260912_215351_529_traffic_scan_env2025_seed0-499_48352cd1,186,3,17,0,2
20260912_215351_529_traffic_scan_env2025_seed0-499_48352cd1,186,3,21,0,3
20260912_215351_529_traffic_scan_env2025_seed0-499_48352cd1,186,3,23,0,1
20260912_215351_529_traffic_scan_env2025_seed0-499_48352cd1,186,3,28,0,1
20260912_215351_529_traffic_scan_env2025_seed0-499_48352cd1,186,3,30,1,1
20260912_215351_529_traffic_scan_env2025_seed0-499_48352cd1,186,3,31,0,1
20260912_215351_529_traffic_scan_env2025_seed0-499_48352cd1,186,3,31,1,1
20260912_215351_529_traffic_scan_env2025_seed0-499_48352cd1,186,3,32,0,2
20260912_215351_529_traffic_scan_env2025_seed0-499_48352cd1,186,3,32,1,1
20260912_215351_529_traffic_scan_env2025_seed0-499_48352cd1,186,3,33,0,1
20260912_215351_529_traffic_scan_env2025_seed0-499_48352cd1,186,3,33,1,1
20260912_215351_529_traffic_scan_env2025_seed0-499_48352cd1,186,3,34,0,1
20260912_215351_529_traffic_scan_env2025_seed0-499_48352cd1,186,3,34,1,1
20260912_215351_529_traffic_scan_env2025_seed0-499_48352cd1,186,3,35,0,2
20260912_215351_529_traffic_scan_env2025_seed0-499_48352cd1,186,3,36,0,2
20260912_215351_529_traffic_scan_env2025_seed0-499_48352cd1,186,3,37,0,1
20260912_215351_529_traffic_scan_env2025_seed0-499_48352cd1,186,3,38,0,2
20260912_215351_529_traffic_scan_env2025_seed0-499_48352cd1,186,3,39,0,1
20260912_215351_529_traffic_scan_env2025_seed0-499_48352cd1,186,3,40,0,1
20260912_215351_529_traffic_scan_env2025_seed0-499_48352cd1,186,3,41,0,4
20260912_215351_529_traffic_scan_env2025_seed0-499_48352cd1,186,3,42,0,1
20260912_215351_529_traffic_scan_env2025_seed0-499_48352cd1,186,3,43,0,1
20260912_215351_529_traffic_scan_env2025_seed0-499_48352cd1,186,3,44,1,2
20260912_215351_529_traffic_scan_env2025_seed0-499_48352cd1,186,3,45,1,1
20260912_215351_529_traffic_scan_env2025_seed0-499_48352cd1,186,3,46,1,2
20260912_215351_529_traffic_scan_env2025_seed0-499_48352cd1,186,3,47,1,1
20260912_215351_529_traffic_scan_env2025_seed0-499_48352cd1,186,3,48,0,1
20260912_215351_529_traffic_scan_env2025_seed0-499_48352cd1,186,3,48,1,1
20260912_215351_529_traffic_scan_env2025_seed0-499_48352cd1,186,3,49,1,1
20260912_215351_529_traffic_scan_env2025_seed0-499_48352cd1,186,3,50,1,1
20260912_215351_529_traffic_scan_env2025_seed0-499_48352cd1,186,3,51,1,1
20260912_215351_529_traffic_scan_env2025_seed0-499_48352cd1,186,3,52,0,1
20260912_215351_529_traffic_scan_env2025_seed0-499_48352cd1,186,3,53,0,1
20260912_215351_529_traffic_scan_env2025_seed0-499_48352cd1,186,3,54,0,2
20260912_215351_529_traffic_scan_env2025_seed0-499_48352cd1,186,4,2,0,1
20260912_215351_529_traffic_scan_env2025_seed0-499_48352cd1,186,4,3,0,1
20260912_215351_529_traffic_scan_env2025_seed0-499_48352cd1,186,4,5,0,1
20260912_215351_529_traffic_scan_env2025_seed0-499_48352cd1,186,4,8,0,2
20260912_215351_529_traffic_scan_env2025_seed0-499_48352cd1,186,4,9,1,2
20260912_215351_529_traffic_scan_env2025_seed0-499_48352cd1,186,4,10,0,1
20260912_215351_529_traffic_scan_env2025_seed0-499_48352cd1,186,4,10,1,1
20260912_215351_529_traffic_scan_env2025_seed0-499_48352cd1,186,4,11,0,3
20260912_215351_529_traffic_scan_env2025_seed0-499_48352cd1,186,4,11,1,1
20260912_215351_529_traffic_scan_env2025_seed0-499_48352cd1,186,4,12,2,1
20260912_215351_529_traffic_scan_env2025_seed0-499_48352cd1,186,4,13,2,1
20260912_215351_529_traffic_scan_env2025_seed0-499_48352cd1,186,4,14,0,1
20260912_215351_529_traffic_scan_env2025_seed0-499_48352cd1,186,4,14,2,1
20260912_215351_529_traffic_scan_env2025_seed0-499_48352cd1,186,4,15,2,1
20260912_215351_529_traffic_scan_env2025_seed0-499_48352cd1,186,4,16,1,1
20260912_215351_529_traffic_scan_env2025_seed0-499_48352cd1,186,4,17,0,3
20260912_215351_529_traffic_scan_env2025_seed0-499_48352cd1,186,4,17,1,1
20260912_215351_529_traffic_scan_env2025_seed0-499_48352cd1,186,4,18,0,1
20260912_215351_529_traffic_scan_env2025_seed0-499_48352cd1,186,4,18,1,1
20260912_215351_529_traffic_scan_env2025_seed0-499_48352cd1,186,4,19,1,1
20260912_215351_529_traffic_scan_env2025_seed0-499_48352cd1,186,4,20,1,1
20260912_215351_529_traffic_scan_env2025_seed0-499_48352cd1,186,4,21,0,1
20260912_215351_529_traffic_scan_env2025_seed0-499_48352cd1,186,4,21,1,1
20260912_215351_529_traffic_scan_env2025_seed0-499_48352cd1,186,4,22,0,2
20260912_215351_529_traffic_scan_env2025_seed0-499_48352cd1,186,4,22,1,1
20260912_215351_529_traffic_scan_env2025_seed0-499_48352cd1,186,4,23,0,1
20260912_215351_529_traffic_scan_env2025_seed0-499_48352cd1,186,4,23,1,1
20260912_215351_529_traffic_scan_env2025_seed0-499_48352cd1,186,4,24,1,1
20260912_215351_529_traffic_scan_env2025_seed0-499_48352cd1,186,4,25,1,1
20260912_215351_529_traffic_scan_env2025_seed0-499_48352cd1,186,4,26,1,1
20260912_215351_529_traffic_scan_env2025_seed0-499_48352cd1,186,4,27,0,1
20260912_215351_529_traffic_scan_env2025_seed0-499_48352cd1,186,4,27,1,1
20260912_215351_529_traffic_scan_env2025_seed0-499_48352cd1,186,4,28,1,1
20260912_215351_529_traffic_scan_env2025_seed0-499_48352cd1,186,4,29,1,2
20260912_215351_529_traffic_scan_env2025_seed0-499_48352cd1,186,4,30,0,1
20260912_215351_529_traffic_scan_env2025_seed0-499_48352cd1,186,4,30,1,1
20260912_215351_529_traffic_scan_env2025_seed0-499_48352cd1,186,4,31,0,1
20260912_215351_529_traffic_scan_env2025_seed0-499_48352cd1,186,4,31,1,1
20260912_215351_529_traffic_scan_env2025_seed0-499_48352cd1,186,4,32,2,1
20260912_215351_529_traffic_scan_env2025_seed0-499_48352cd1,186,4,33,2,1
20260912_215351_529_traffic_scan_env2025_seed0-499_48352cd1,186,4,34,1,2
20260912_215351_529_traffic_scan_env2025_seed0-499_48352cd1,186,4,35,0,1
20260912_215351_529_traffic_scan_env2025_seed0-499_48352cd1,186,4,35,1,1
20260912_215351_529_traffic_scan_env2025_seed0-499_48352cd1,186,4,36,0,1
20260912_215351_529_traffic_scan_env2025_seed0-499_48352cd1,186,4,36,1,1
20260912_215351_529_traffic_scan_env2025_seed0-499_48352cd1,186,4,37,1,1
20260912_215351_529_traffic_scan_env2025_seed0-499_48352cd1,186,4,38,1,2
20260912_215351_529_traffic_scan_env2025_seed0-499_48352cd1,186,4,39,1,1
20260912_215351_529_traffic_scan_env2025_seed0-499_48352cd1,186,4,40,0,2
20260912_215351_529_traffic_scan_env2025_seed0-499_48352cd1,186,4,40,1,1
20260912_215351_529_traffic_scan_env2025_seed0-499_48352cd1,186,4,41,0,1
20260912_215351_529_traffic_scan_env2025_seed0-499_48352cd1,186,4,41,1,1
20260912_215351_529_traffic_scan_env2025_seed0-499_48352cd1,186,4,42,1,1
20260912_215351_529_traffic_scan_env2025_seed0-499_48352cd1,186,4,43,1,2
20260912_215351_529_traffic_scan_env2025_seed0-499_48352cd1,186,4,44,1,1
20260912_215351_529_traffic_scan_env2025_seed0-499_48352cd1,186,4,45,1,2
20260912_215351_529_traffic_scan_env2025_seed0-499_48352cd1,186,4,46,1,1
20260912_215351_529_traffic_scan_env2025_seed0-499_48352cd1,186,4,47,0,1
20260912_215351_529_traffic_scan_env2025_seed0-499_48352cd1,186,4,47,1,1
20260912_215351_529_traffic_scan_env2025_seed0-499_48352cd1,186,4,48,0,1
20260912_215351_529_traffic_scan_env2025_seed0-499_48352cd1,186,4,49,0,1
20260912_215351_529_traffic_scan_env2025_seed0-499_48352cd1,186,4,50,0,1
20260912_215351_529_traffic_scan_env2025_seed0-499_48352cd1,186,4,51,0,1
20260912_215351_529_traffic_scan_env2025_seed0-499_48352cd1,186,4,52,0,5
20260912_215351_529_traffic_scan_env2025_seed0-499_48352cd1,186,4,53,0,3
20260912_215351_529_traffic_scan_env2025_seed0-499_48352cd1,186,4,54,0,1
20260912_215351_529_traffic_scan_env2025_seed0-499_48352cd1,186,4,55,0,1
20260912_215351_529_traffic_scan_env2025_seed0-499_48352cd1,186,5,1,0,1
20260912_215351_529_traffic_scan_env2025_seed0-499_48352cd1,186,5,2,0,3
20260912_215351_529_traffic_scan_env2025_seed0-499_48352cd1,186,5,3,0,2
20260912_215351_529_traffic_scan_env2025_seed0-499_48352cd1,186,5,4,0,2
20260912_215351_529_traffic_scan_env2025_seed0-499_48352cd1,186,5,5,0,1
20260912_215351_529_traffic_scan_env2025_seed0-499_48352cd1,186,5,6,0,2
20260912_215351_529_traffic_scan_env2025_seed0-499_48352cd1,186,5,7,0,4
20260912_215351_529_traffic_scan_env2025_seed0-499_48352cd1,186,5,9,0,1
20260912_215351_529_traffic_scan_env2025_seed0-499_48352cd1,186,5,10,0,2
20260912_215351_529_traffic_scan_env2025_seed0-499_48352cd1,186,5,12,0,3
20260912_215351_529_traffic_scan_env2025_seed0-499_48352cd1,186,5,13,0,2
20260912_215351_529_traffic_scan_env2025_seed0-499_48352cd1,186,5,14,0,1
20260912_215351_529_traffic_scan_env2025_seed0-499_48352cd1,186,5,15,0,1
20260912_215351_529_traffic_scan_env2025_seed0-499_48352cd1,186,5,16,0,1
20260912_215351_529_traffic_scan_env2025_seed0-499_48352cd1,186,5,17,0,2
20260912_215351_529_traffic_scan_env2025_seed0-499_48352cd1,186,5,18,0,2
20260912_215351_529_traffic_scan_env2025_seed0-499_48352cd1,186,5,19,0,1
20260912_215351_529_traffic_scan_env2025_seed0-499_48352cd1,186,5,21,0,1
20260912_215351_529_traffic_scan_env2025_seed0-499_48352cd1,186,5,23,0,3
20260912_215351_529_traffic_scan_env2025_seed0-499_48352cd1,186,5,26,0,1
20260912_215351_529_traffic_scan_env2025_seed0-499_48352cd1,186,5,28,1,1
20260912_215351_529_traffic_scan_env2025_seed0-499_48352cd1,186,5,29,0,1
20260912_215351_529_traffic_scan_env2025_seed0-499_48352cd1,186,5,30,0,1
20260912_215351_529_traffic_scan_env2025_seed0-499_48352cd1,186,5,33,2,1
20260912_215351_529_traffic_scan_env2025_seed0-499_48352cd1,186,5,35,0,1
20260912_215351_529_traffic_scan_env2025_seed0-499_48352cd1,186,5,36,0,1
20260912_215351_529_traffic_scan_env2025_seed0-499_48352cd1,186,5,38,2,1
20260912_215351_529_traffic_scan_env2025_seed0-499_48352cd1,186,5,39,1,2
20260912_215351_529_traffic_scan_env2025_seed0-499_48352cd1,186,5,40,0,1
20260912_215351_529_traffic_scan_env2025_seed0-499_48352cd1,186,5,42,2,1
20260912_215351_529_traffic_scan_env2025_seed0-499_48352cd1,186,5,44,1,1
20260912_215351_529_traffic_scan_env2025_seed0-499_48352cd1,186,5,46,0,1
20260912_215351_529_traffic_scan_env2025_seed0-499_48352cd1,186,5,51,0,4
20260912_215351_529_traffic_scan_env2025_seed0-499_48352cd1,186,5,55,0,1
20260912_215351_529_traffic_scan_env2025_seed0-499_48352cd1,186,5,56,0,1
20260912_215351_529_traffic_scan_env2025_seed0-499_48352cd1,186,5,57,0,1
20260912_215351_529_traffic_scan_env2025_seed0-499_48352cd1,186,6,0,0,1
20260912_215351_529_traffic_scan_env2025_seed0-499_48352cd1,186,6,1,0,1
20260912_215351_529_traffic_scan_env2025_seed0-499_48352cd1,186,6,2,0,2
20260912_215351_529_traffic_scan_env2025_seed0-499_48352cd1,186,6,3,0,1
20260912_215351_529_traffic_scan_env2025_seed0-499_48352cd1,186,6,4,0,3
20260912_215351_529_traffic_scan_env2025_seed0-499_48352cd1,186,6,5,0,2
20260912_215351_529_traffic_scan_env2025_seed0-499_48352cd1,186,6,6,0,2
20260912_215351_529_traffic_scan_env2025_seed0-499_48352cd1,186,6,7,0,1
20260912_215351_529_traffic_scan_env2025_seed0-499_48352cd1,186,6,7,1,1
20260912_215351_529_traffic_scan_env2025_seed0-499_48352cd1,186,6,8,0,3
20260912_215351_529_traffic_scan_env2025_seed0-499_48352cd1,186,6,8,1,1
20260912_215351_529_traffic_scan_env2025_seed0-499_48352cd1,186,6,9,0,2
20260912_215351_529_traffic_scan_env2025_seed0-499_48352cd1,186,6,9,1,1
20260912_215351_529_traffic_scan_env2025_seed0-499_48352cd1,186,6,10,1,1
20260912_215351_529_traffic_scan_env2025_seed0-499_48352cd1,186,6,11,0,1
20260912_215351_529_traffic_scan_env2025_seed0-499_48352cd1,186,6,11,1,1
20260912_215351_529_traffic_scan_env2025_seed0-499_48352cd1,186,6,12,1,1
20260912_215351_529_traffic_scan_env2025_seed0-499_48352cd1,186,6,13,0,3
20260912_215351_529_traffic_scan_env2025_seed0-499_48352cd1,186,6,13,1,1
20260912_215351_529_traffic_scan_env2025_seed0-499_48352cd1,186,6,14,1,1
20260912_215351_529_traffic_scan_env2025_seed0-499_48352cd1,186,6,15,1,1
20260912_215351_529_traffic_scan_env2025_seed0-499_48352cd1,186,6,16,1,1
20260912_215351_529_traffic_scan_env2025_seed0-499_48352cd1,186,6,17,0,1
20260912_215351_529_traffic_scan_env2025_seed0-499_48352cd1,186,6,17,1,1
20260912_215351_529_traffic_scan_env2025_seed0-499_48352cd1,186,6,18,1,2
20260912_215351_529_traffic_scan_env2025_seed0-499_48352cd1,186,6,19,0,3
20260912_215351_529_traffic_scan_env2025_seed0-499_48352cd1,186,6,19,1,2
20260912_215351_529_traffic_scan_env2025_seed0-499_48352cd1,186,6,20,0,2
20260912_215351_529_traffic_scan_env2025_seed0-499_48352cd1,186,6,20,1,2
20260912_215351_529_traffic_scan_env2025_seed0-499_48352cd1,186,6,21,1,2
20260912_215351_529_traffic_scan_env2025_seed0-499_48352cd1,186,6,22,1,2
20260912_215351_529_traffic_scan_env2025_seed0-499_48352cd1,186,6,23,1,1
20260912_215351_529_traffic_scan_env2025_seed0-499_48352cd1,186,6,24,0,2
20260912_215351_529_traffic_scan_env2025_seed0-499_48352cd1,186,6,25,0,1
20260912_215351_529_traffic_scan_env2025_seed0-499_48352cd1,186,6,27,1,1
20260912_215351_529_traffic_scan_env2025_seed0-499_48352cd1,186,6,28,0,1
20260912_215351_529_traffic_scan_env2025_seed0-499_48352cd1,186,6,29,0,1
20260912_215351_529_traffic_scan_env2025_seed0-499_48352cd1,186,6,32,2,1
20260912_215351_529_traffic_scan_env2025_seed0-499_48352cd1,186,6,35,0,1
20260912_215351_529_traffic_scan_env2025_seed0-499_48352cd1,186,6,36,0,1
20260912_215351_529_traffic_scan_env2025_seed0-499_48352cd1,186,6,38,2,3
20260912_215351_529_traffic_scan_env2025_seed0-499_48352cd1,186,6,39,0,1
20260912_215351_529_traffic_scan_env2025_seed0-499_48352cd1,186,6,40,0,1
20260912_215351_529_traffic_scan_env2025_seed0-499_48352cd1,186,6,43,1,2
20260912_215351_529_traffic_scan_env2025_seed0-499_48352cd1,186,6,45,0,1
20260912_215351_529_traffic_scan_env2025_seed0-499_48352cd1,186,6,47,0,1
20260912_215351_529_traffic_scan_env2025_seed0-499_48352cd1,186,6,50,0,3
20260912_215351_529_traffic_scan_env2025_seed0-499_48352cd1,186,6,52,0,1
20260912_215351_529_traffic_scan_env2025_seed0-499_48352cd1,186,6,55,0,2
20260912_215351_529_traffic_scan_env2025_seed0-499_48352cd1,186,6,56,0,1
20260912_215351_529_traffic_scan_env2025_seed0-499_48352cd1,186,7,0,0,1
20260912_215351_529_traffic_scan_env2025_seed0-499_48352cd1,186,7,2,0,2
20260912_215351_529_traffic_scan_env2025_seed0-499_48352cd1,186,7,3,0,1
20260912_215351_529_traffic_scan_env2025_seed0-499_48352cd1,186,7,5,0,3
20260912_215351_529_traffic_scan_env2025_seed0-499_48352cd1,186,7,6,0,2
20260912_215351_529_traffic_scan_env2025_seed0-499_48352cd1,186,7,7,0,1
20260912_215351_529_traffic_scan_env2025_seed0-499_48352cd1,186,7,8,0,3
20260912_215351_529_traffic_scan_env2025_seed0-499_48352cd1,186,7,9,0,3
20260912_215351_529_traffic_scan_env2025_seed0-499_48352cd1,186,7,10,0,5
20260912_215351_529_traffic_scan_env2025_seed0-499_48352cd1,186,7,11,0,2
20260912_215351_529_traffic_scan_env2025_seed0-499_48352cd1,186,7,14,0,2
20260912_215351_529_traffic_scan_env2025_seed0-499_48352cd1,186,7,14,1,1
20260912_215351_529_traffic_scan_env2025_seed0-499_48352cd1,186,7,17,0,1
20260912_215351_529_traffic_scan_env2025_seed0-499_48352cd1,186,7,19,0,5
20260912_215351_529_traffic_scan_env2025_seed0-499_48352cd1,186,7,23,2,3
20260912_215351_529_traffic_scan_env2025_seed0-499_48352cd1,186,7,24,0,1
20260912_215351_529_traffic_scan_env2025_seed0-499_48352cd1,186,7,25,0,2
20260912_215351_529_traffic_scan_env2025_seed0-499_48352cd1,186,7,26,1,1
20260912_215351_529_traffic_scan_env2025_seed0-499_48352cd1,186,7,27,0,1
20260912_215351_529_traffic_scan_env2025_seed0-499_48352cd1,186,7,28,1,1
20260912_215351_529_traffic_scan_env2025_seed0-499_48352cd1,186,7,31,1,2
20260912_215351_529_traffic_scan_env2025_seed0-499_48352cd1,186,7,34,0,1
20260912_215351_529_traffic_scan_env2025_seed0-499_48352cd1,186,7,35,0,2
20260912_215351_529_traffic_scan_env2025_seed0-499_48352cd1,186,7,35,1,1
20260912_215351_529_traffic_scan_env2025_seed0-499_48352cd1,186,7,36,0,1
20260912_215351_529_traffic_scan_env2025_seed0-499_48352cd1,186,7,36,1,1
20260912_215351_529_traffic_scan_env2025_seed0-499_48352cd1,186,7,37,2,4
20260912_215351_529_traffic_scan_env2025_seed0-499_48352cd1,186,7,38,2,1
20260912_215351_529_traffic_scan_env2025_seed0-499_48352cd1,186,7,39,0,2
20260912_215351_529_traffic_scan_env2025_seed0-499_48352cd1,186,7,39,1,1
20260912_215351_529_traffic_scan_env2025_seed0-499_48352cd1,186,7,43,1,2
20260912_215351_529_traffic_scan_env2025_seed0-499_48352cd1,186,7,44,0,1
20260912_215351_529_traffic_scan_env2025_seed0-499_48352cd1,186,7,45,0,1
20260912_215351_529_traffic_scan_env2025_seed0-499_48352cd1,186,7,47,0,4
20260912_215351_529_traffic_scan_env2025_seed0-499_48352cd1,186,7,48,0,3
20260912_215351_529_traffic_scan_env2025_seed0-499_48352cd1,186,7,49,0,3
20260912_215351_529_traffic_scan_env2025_seed0-499_48352cd1,186,7,52,0,1
20260912_215351_529_traffic_scan_env2025_seed0-499_48352cd1,186,7,54,0,2
20260912_215351_529_traffic_scan_env2025_seed0-499_48352cd1,186,7,55,0,2
20260912_215351_529_traffic_scan_env2025_seed0-499_48352cd1,186,8,1,0,2
20260912_215351_529_traffic_scan_env2025_seed0-499_48352cd1,186,8,2,0,2
20260912_215351_529_traffic_scan_env2025_seed0-499_48352cd1,186,8,3,0,1
20260912_215351_529_traffic_scan_env2025_seed0-499_48352cd1,186,8,4,0,3
20260912_215351_529_traffic_scan_env2025_seed0-499_48352cd1,186,8,5,0,2
20260912_215351_529_traffic_scan_env2025_seed0-499_48352cd1,186,8,6,0,3
20260912_215351_529_traffic_scan_env2025_seed0-499_48352cd1,186,8,7,0,3
20260912_215351_529_traffic_scan_env2025_seed0-499_48352cd1,186,8,8,0,3
20260912_215351_529_traffic_scan_env2025_seed0-499_48352cd1,186,8,9,0,4
20260912_215351_529_traffic_scan_env2025_seed0-499_48352cd1,186,8,11,0,2
20260912_215351_529_traffic_scan_env2025_seed0-499_48352cd1,186,8,11,1,2
20260912_215351_529_traffic_scan_env2025_seed0-499_48352cd1,186,8,12,0,1
20260912_215351_529_traffic_scan_env2025_seed0-499_48352cd1,186,8,12,1,2
20260912_215351_529_traffic_scan_env2025_seed0-499_48352cd1,186,8,13,2,2
20260912_215351_529_traffic_scan_env2025_seed0-499_48352cd1,186,8,14,1,3
20260912_215351_529_traffic_scan_env2025_seed0-499_48352cd1,186,8,15,0,2
20260912_215351_529_traffic_scan_env2025_seed0-499_48352cd1,186,8,15,1,2
20260912_215351_529_traffic_scan_env2025_seed0-499_48352cd1,186,8,16,1,2
20260912_215351_529_traffic_scan_env2025_seed0-499_48352cd1,186,8,17,0,2
20260912_215351_529_traffic_scan_env2025_seed0-499_48352cd1,186,8,17,1,2
20260912_215351_529_traffic_scan_env2025_seed0-499_48352cd1,186,8,18,1,2
20260912_215351_529_traffic_scan_env2025_seed0-499_48352cd1,186,8,19,0,5
20260912_215351_529_traffic_scan_env2025_seed0-499_48352cd1,186,8,19,1,2
20260912_215351_529_traffic_scan_env2025_seed0-499_48352cd1,186,8,20,2,2
20260912_215351_529_traffic_scan_env2025_seed0-499_48352cd1,186,8,21,2,2
20260912_215351_529_traffic_scan_env2025_seed0-499_48352cd1,186,8,22,2,2
20260912_215351_529_traffic_scan_env2025_seed0-499_48352cd1,186,8,23,2,3
20260912_215351_529_traffic_scan_env2025_seed0-499_48352cd1,186,8,24,0,1
20260912_215351_529_traffic_scan_env2025_seed0-499_48352cd1,186,8,24,1,4
20260912_215351_529_traffic_scan_env2025_seed0-499_48352cd1,186,8,25,1,2
20260912_215351_529_traffic_scan_env2025_seed0-499_48352cd1,186,8,26,0,3
20260912_215351_529_traffic_scan_env2025_seed0-499_48352cd1,186,8,26,1,1
20260912_215351_529_traffic_scan_env2025_seed0-499_48352cd1,186,8,27,1,2
20260912_215351_529_traffic_scan_env2025_seed0-499_48352cd1,186,8,28,1,1
20260912_215351_529_traffic_scan_env2025_seed0-499_48352cd1,186,8,29,2,1
20260912_215351_529_traffic_scan_env2025_seed0-499_48352cd1,186,8,30,1,2
20260912_215351_529_traffic_scan_env2025_seed0-499_48352cd1,186,8,32,1,1
20260912_215351_529_traffic_scan_env2025_seed0-499_48352cd1,186,8,33,1,1
20260912_215351_529_traffic_scan_env2025_seed0-499_48352cd1,186,8,34,1,1
20260912_215351_529_traffic_scan_env2025_seed0-499_48352cd1,186,8,36,0,3
20260912_215351_529_traffic_scan_env2025_seed0-499_48352cd1,186,8,36,1,3
20260912_215351_529_traffic_scan_env2025_seed0-499_48352cd1,186,8,40,0,2
20260912_215351_529_traffic_scan_env2025_seed0-499_48352cd1,186,8,40,1,1
20260912_215351_529_traffic_scan_env2025_seed0-499_48352cd1,186,8,41,1,1
20260912_215351_529_traffic_scan_env2025_seed0-499_48352cd1,186,8,42,1,3
20260912_215351_529_traffic_scan_env2025_seed0-499_48352cd1,186,8,43,0,1
20260912_215351_529_traffic_scan_env2025_seed0-499_48352cd1,186,8,43,1,1
20260912_215351_529_traffic_scan_env2025_seed0-499_48352cd1,186,8,44,1,1
20260912_215351_529_traffic_scan_env2025_seed0-499_48352cd1,186,8,46,0,4
20260912_215351_529_traffic_scan_env2025_seed0-499_48352cd1,186,8,49,0,2
20260912_215351_529_traffic_scan_env2025_seed0-499_48352cd1,186,8,50,0,2
20260912_215351_529_traffic_scan_env2025_seed0-499_48352cd1,186,8,51,0,3
20260912_215351_529_traffic_scan_env2025_seed0-499_48352cd1,186,8,52,0,2
20260912_215351_529_traffic_scan_env2025_seed0-499_48352cd1,186,8,53,0,3
20260912_215351_529_traffic_scan_env2025_seed0-499_48352cd1,186,8,55,0,2
20260912_215351_529_traffic_scan_env2025_seed0-499_48352cd1,186,9,1,0,2
20260912_215351_529_traffic_scan_env2025_seed0-499_48352cd1,186,9,2,0,4
20260912_215351_529_traffic_scan_env2025_seed0-499_48352cd1,186,9,3,0,2
20260912_215351_529_traffic_scan_env2025_seed0-499_48352cd1,186,9,4,0,2
20260912_215351_529_traffic_scan_env2025_seed0-499_48352cd1,186,9,6,0,1
20260912_215351_529_traffic_scan_env2025_seed0-499_48352cd1,186,9,7,0,1
20260912_215351_529_traffic_scan_env2025_seed0-499_48352cd1,186,9,8,0,2
20260912_215351_529_traffic_scan_env2025_seed0-499_48352cd1,186,9,9,0,1
20260912_215351_529_traffic_scan_env2025_seed0-499_48352cd1,186,9,10,0,1
20260912_215351_529_traffic_scan_env2025_seed0-499_48352cd1,186,9,12,0,3
20260912_215351_529_traffic_scan_env2025_seed0-499_48352cd1,186,9,12,1,1
20260912_215351_529_traffic_scan_env2025_seed0-499_48352cd1,186,9,14,1,1
20260912_215351_529_traffic_scan_env2025_seed0-499_48352cd1,186,9,16,0,2
20260912_215351_529_traffic_scan_env2025_seed0-499_48352cd1,186,9,17,0,2
20260912_215351_529_traffic_scan_env2025_seed0-499_48352cd1,186,9,20,0,5
20260912_215351_529_traffic_scan_env2025_seed0-499_48352cd1,186,9,22,0,1
20260912_215351_529_traffic_scan_env2025_seed0-499_48352cd1,186,9,23,0,1
20260912_215351_529_traffic_scan_env2025_seed0-499_48352cd1,186,9,23,1,1
20260912_215351_529_traffic_scan_env2025_seed0-499_48352cd1,186,9,24,2,1
20260912_215351_529_traffic_scan_env2025_seed0-499_48352cd1,186,9,25,0,1
20260912_215351_529_traffic_scan_env2025_seed0-499_48352cd1,186,9,25,1,3
20260912_215351_529_traffic_scan_env2025_seed0-499_48352cd1,186,9,26,1,1
20260912_215351_529_traffic_scan_env2025_seed0-499_48352cd1,186,9,27,0,2
20260912_215351_529_traffic_scan_env2025_seed0-499_48352cd1,186,9,29,1,1
20260912_215351_529_traffic_scan_env2025_seed0-499_48352cd1,186,9,35,2,3
20260912_215351_529_traffic_scan_env2025_seed0-499_48352cd1,186,9,37,0,3
20260912_215351_529_traffic_scan_env2025_seed0-499_48352cd1,186,9,40,0,2
20260912_215351_529_traffic_scan_env2025_seed0-499_48352cd1,186,9,41,2,2
20260912_215351_529_traffic_scan_env2025_seed0-499_48352cd1,186,9,42,0,1
20260912_215351_529_traffic_scan_env2025_seed0-499_48352cd1,186,9,45,0,2
20260912_215351_529_traffic_scan_env2025_seed0-499_48352cd1,186,9,47,0,1
20260912_215351_529_traffic_scan_env2025_seed0-499_48352cd1,186,9,48,0,1
20260912_215351_529_traffic_scan_env2025_seed0-499_48352cd1,186,9,49,0,1
20260912_215351_529_traffic_scan_env2025_seed0-499_48352cd1,186,9,50,0,2
20260912_215351_529_traffic_scan_env2025_seed0-499_48352cd1,186,9,52,0,3
20260912_215351_529_traffic_scan_env2025_seed0-499_48352cd1,186,9,53,0,1
20260912_215351_529_traffic_scan_env2025_seed0-499_48352cd1,186,9,55,0,1
20260912_215351_529_traffic_scan_env2025_seed0-499_48352cd1,186,9,56,0,1
20260912_215351_529_traffic_scan_env2025_seed0-499_48352cd1,186,10,0,0,1
20260912_215351_529_traffic_scan_env2025_seed0-499_48352cd1,186,10,1,0,3
20260912_215351_529_traffic_scan_env2025_seed0-499_48352cd1,186,10,2,0,3
20260912_215351_529_traffic_scan_env2025_seed0-499_48352cd1,186,10,3,0,2
20260912_215351_529_traffic_scan_env2025_seed0-499_48352cd1,186,10,4,0,3
20260912_215351_529_traffic_scan_env2025_seed0-499_48352cd1,186,10,6,1,1
20260912_215351_529_traffic_scan_env2025_seed0-499_48352cd1,186,10,8,0,2
20260912_215351_529_traffic_scan_env2025_seed0-499_48352cd1,186,10,9,0,2
20260912_215351_529_traffic_scan_env2025_seed0-499_48352cd1,186,10,11,0,1
20260912_215351_529_traffic_scan_env2025_seed0-499_48352cd1,186,10,13,0,3
20260912_215351_529_traffic_scan_env2025_seed0-499_48352cd1,186,10,13,1,1
20260912_215351_529_traffic_scan_env2025_seed0-499_48352cd1,186,10,14,1,1
20260912_215351_529_traffic_scan_env2025_seed0-499_48352cd1,186,10,17,0,3
20260912_215351_529_traffic_scan_env2025_seed0-499_48352cd1,186,10,18,1,1
20260912_215351_529_traffic_scan_env2025_seed0-499_48352cd1,186,10,20,0,5
20260912_215351_529_traffic_scan_env2025_seed0-499_48352cd1,186,10,23,0,3
20260912_215351_529_traffic_scan_env2025_seed0-499_48352cd1,186,10,23,1,2
20260912_215351_529_traffic_scan_env2025_seed0-499_48352cd1,186,10,24,0,1
20260912_215351_529_traffic_scan_env2025_seed0-499_48352cd1,186,10,25,1,1
20260912_215351_529_traffic_scan_env2025_seed0-499_48352cd1,186,10,26,1,3
20260912_215351_529_traffic_scan_env2025_seed0-499_48352cd1,186,10,28,0,2
20260912_215351_529_traffic_scan_env2025_seed0-499_48352cd1,186,10,28,1,1
20260912_215351_529_traffic_scan_env2025_seed0-499_48352cd1,186,10,33,0,1
20260912_215351_529_traffic_scan_env2025_seed0-499_48352cd1,186,10,34,1,3
20260912_215351_529_traffic_scan_env2025_seed0-499_48352cd1,186,10,37,0,3
20260912_215351_529_traffic_scan_env2025_seed0-499_48352cd1,186,10,39,0,1
20260912_215351_529_traffic_scan_env2025_seed0-499_48352cd1,186,10,40,0,2
20260912_215351_529_traffic_scan_env2025_seed0-499_48352cd1,186,10,40,1,2
20260912_215351_529_traffic_scan_env2025_seed0-499_48352cd1,186,10,41,0,3
20260912_215351_529_traffic_scan_env2025_seed0-499_48352cd1,186,10,42,0,1
20260912_215351_529_traffic_scan_env2025_seed0-499_48352cd1,186,10,43,0,1
20260912_215351_529_traffic_scan_env2025_seed0-499_48352cd1,186,10,44,0,3
20260912_215351_529_traffic_scan_env2025_seed0-499_48352cd1,186,10,45,0,1
20260912_215351_529_traffic_scan_env2025_seed0-499_48352cd1,186,10,46,0,1
20260912_215351_529_traffic_scan_env2025_seed0-499_48352cd1,186,10,47,0,3
20260912_215351_529_traffic_scan_env2025_seed0-499_48352cd1,186,10,48,0,1
20260912_215351_529_traffic_scan_env2025_seed0-499_48352cd1,186,10,49,0,1
20260912_215351_529_traffic_scan_env2025_seed0-499_48352cd1,186,10,50,0,1
20260912_215351_529_traffic_scan_env2025_seed0-499_48352cd1,186,10,51,0,3
20260912_215351_529_traffic_scan_env2025_seed0-499_48352cd1,186,10,52,0,1
20260912_215351_529_traffic_scan_env2025_seed0-499_48352cd1,186,10,55,0,2
20260912_215351_529_traffic_scan_env2025_seed0-499_48352cd1,186,11,1,0,1
20260912_215351_529_traffic_scan_env2025_seed0-499_48352cd1,186,11,2,0,2
20260912_215351_529_traffic_scan_env2025_seed0-499_48352cd1,186,11,3,0,1
20260912_215351_529_traffic_scan_env2025_seed0-499_48352cd1,186,11,4,0,1
20260912_215351_529_traffic_scan_env2025_seed0-499_48352cd1,186,11,5,1,3
20260912_215351_529_traffic_scan_env2025_seed0-499_48352cd1,186,11,6,1,2
20260912_215351_529_traffic_scan_env2025_seed0-499_48352cd1,186,11,7,1,1
20260912_215351_529_traffic_scan_env2025_seed0-499_48352cd1,186,11,8,1,1
20260912_215351_529_traffic_scan_env2025_seed0-499_48352cd1,186,11,9,0,1
20260912_215351_529_traffic_scan_env2025_seed0-499_48352cd1,186,11,9,1,2
20260912_215351_529_traffic_scan_env2025_seed0-499_48352cd1,186,11,10,0,1
20260912_215351_529_traffic_scan_env2025_seed0-499_48352cd1,186,11,10,1,2
20260912_215351_529_traffic_scan_env2025_seed0-499_48352cd1,186,11,11,1,1
20260912_215351_529_traffic_scan_env2025_seed0-499_48352cd1,186,11,12,0,1
20260912_215351_529_traffic_scan_env2025_seed0-499_48352cd1,186,11,12,1,1
20260912_215351_529_traffic_scan_env2025_seed0-499_48352cd1,186,11,13,1,1
20260912_215351_529_traffic_scan_env2025_seed0-499_48352cd1,186,11,14,0,2
20260912_215351_529_traffic_scan_env2025_seed0-499_48352cd1,186,11,14,1,4
20260912_215351_529_traffic_scan_env2025_seed0-499_48352cd1,186,11,15,1,1
20260912_215351_529_traffic_scan_env2025_seed0-499_48352cd1,186,11,16,1,1
20260912_215351_529_traffic_scan_env2025_seed0-499_48352cd1,186,11,17,0,1
20260912_215351_529_traffic_scan_env2025_seed0-499_48352cd1,186,11,17,1,1
20260912_215351_529_traffic_scan_env2025_seed0-499_48352cd1,186,11,18,0,2
20260912_215351_529_traffic_scan_env2025_seed0-499_48352cd1,186,11,18,1,2
20260912_215351_529_traffic_scan_env2025_seed0-499_48352cd1,186,11,19,2,1
20260912_215351_529_traffic_scan_env2025_seed0-499_48352cd1,186,11,20,2,1
20260912_215351_529_traffic_scan_env2025_seed0-499_48352cd1,186,11,21,0,4
20260912_215351_529_traffic_scan_env2025_seed0-499_48352cd1,186,11,21,1,2
20260912_215351_529_traffic_scan_env2025_seed0-499_48352cd1,186,11,22,0,3
20260912_215351_529_traffic_scan_env2025_seed0-499_48352cd1,186,11,22,1,2
20260912_215351_529_traffic_scan_env2025_seed0-499_48352cd1,186,11,23,1,2
20260912_215351_529_traffic_scan_env2025_seed0-499_48352cd1,186,11,24,1,2
20260912_215351_529_traffic_scan_env2025_seed0-499_48352cd1,186,11,25,1,1
20260912_215351_529_traffic_scan_env2025_seed0-499_48352cd1,186,11,26,1,1
20260912_215351_529_traffic_scan_env2025_seed0-499_48352cd1,186,11,27,2,5
20260912_215351_529_traffic_scan_env2025_seed0-499_48352cd1,186,11,28,1,1
20260912_215351_529_traffic_scan_env2025_seed0-499_48352cd1,186,11,29,0,2
20260912_215351_529_traffic_scan_env2025_seed0-499_48352cd1,186,11,29,1,1
20260912_215351_529_traffic_scan_env2025_seed0-499_48352cd1,186,11,30,1,1
20260912_215351_529_traffic_scan_env2025_seed0-499_48352cd1,186,11,31,1,1
20260912_215351_529_traffic_scan_env2025_seed0-499_48352cd1,186,11,32,0,1
20260912_215351_529_traffic_scan_env2025_seed0-499_48352cd1,186,11,32,1,1
20260912_215351_529_traffic_scan_env2025_seed0-499_48352cd1,186,11,33,2,3
20260912_215351_529_traffic_scan_env2025_seed0-499_48352cd1,186,11,34,2,1
20260912_215351_529_traffic_scan_env2025_seed0-499_48352cd1,186,11,35,2,1
20260912_215351_529_traffic_scan_env2025_seed0-499_48352cd1,186,11,36,0,3
20260912_215351_529_traffic_scan_env2025_seed0-499_48352cd1,186,11,36,1,1
20260912_215351_529_traffic_scan_env2025_seed0-499_48352cd1,186,11,37,0,2
20260912_215351_529_traffic_scan_env2025_seed0-499_48352cd1,186,11,37,1,1
20260912_215351_529_traffic_scan_env2025_seed0-499_48352cd1,186,11,38,0,1
20260912_215351_529_traffic_scan_env2025_seed0-499_48352cd1,186,11,38,1,2
20260912_215351_529_traffic_scan_env2025_seed0-499_48352cd1,186,11,39,0,2
20260912_215351_529_traffic_scan_env2025_seed0-499_48352cd1,186,11,39,1,3
20260912_215351_529_traffic_scan_env2025_seed0-499_48352cd1,186,11,42,0,1
20260912_215351_529_traffic_scan_env2025_seed0-499_48352cd1,186,11,43,0,2
20260912_215351_529_traffic_scan_env2025_seed0-499_48352cd1,186,11,46,0,1
20260912_215351_529_traffic_scan_env2025_seed0-499_48352cd1,186,11,47,0,2
20260912_215351_529_traffic_scan_env2025_seed0-499_48352cd1,186,11,48,0,1
20260912_215351_529_traffic_scan_env2025_seed0-499_48352cd1,186,11,49,1,1
20260912_215351_529_traffic_scan_env2025_seed0-499_48352cd1,186,11,50,0,3
20260912_215351_529_traffic_scan_env2025_seed0-499_48352cd1,186,11,51,0,1
20260912_215351_529_traffic_scan_env2025_seed0-499_48352cd1,186,11,54,0,1
20260912_215351_529_traffic_scan_env2025_seed0-499_48352cd1,186,11,55,0,1
20260912_215351_529_traffic_scan_env2025_seed0-499_48352cd1,186,11,58,0,1
20260912_215351_529_traffic_scan_env2025_seed0-499_48352cd1,186,11,59,0,1
20260912_215351_529_traffic_scan_env2025_seed0-499_48352cd1,186,12,0,0,1
20260912_215351_529_traffic_scan_env2025_seed0-499_48352cd1,186,12,1,0,1
20260912_215351_529_traffic_scan_env2025_seed0-499_48352cd1,186,12,2,0,1
20260912_215351_529_traffic_scan_env2025_seed0-499_48352cd1,186,12,3,0,1
20260912_215351_529_traffic_scan_env2025_seed0-499_48352cd1,186,12,4,0,1
20260912_215351_529_traffic_scan_env2025_seed0-499_48352cd1,186,12,5,0,1
20260912_215351_529_traffic_scan_env2025_seed0-499_48352cd1,186,12,6,0,1
20260912_215351_529_traffic_scan_env2025_seed0-499_48352cd1,186,12,6,1,2
20260912_215351_529_traffic_scan_env2025_seed0-499_48352cd1,186,12,9,1,1
20260912_215351_529_traffic_scan_env2025_seed0-499_48352cd1,186,12,10,1,2
20260912_215351_529_traffic_scan_env2025_seed0-499_48352cd1,186,12,11,0,1
20260912_215351_529_traffic_scan_env2025_seed0-499_48352cd1,186,12,13,1,1
20260912_215351_529_traffic_scan_env2025_seed0-499_48352cd1,186,12,15,0,2
20260912_215351_529_traffic_scan_env2025_seed0-499_48352cd1,186,12,15,1,3
20260912_215351_529_traffic_scan_env2025_seed0-499_48352cd1,186,12,17,0,1
20260912_215351_529_traffic_scan_env2025_seed0-499_48352cd1,186,12,17,1,1
20260912_215351_529_traffic_scan_env2025_seed0-499_48352cd1,186,12,18,0,2
20260912_215351_529_traffic_scan_env2025_seed0-499_48352cd1,186,12,18,1,2
20260912_215351_529_traffic_scan_env2025_seed0-499_48352cd1,186,12,19,2,1
20260912_215351_529_traffic_scan_env2025_seed0-499_48352cd1,186,12,21,0,2
20260912_215351_529_traffic_scan_env2025_seed0-499_48352cd1,186,12,21,1,2
20260912_215351_529_traffic_scan_env2025_seed0-499_48352cd1,186,12,22,0,5
20260912_215351_529_traffic_scan_env2025_seed0-499_48352cd1,186,12,22,1,1
20260912_215351_529_traffic_scan_env2025_seed0-499_48352cd1,186,12,23,1,3
20260912_215351_529_traffic_scan_env2025_seed0-499_48352cd1,186,12,24,1,1
20260912_215351_529_traffic_scan_env2025_seed0-499_48352cd1,186,12,25,2,1
20260912_215351_529_traffic_scan_env2025_seed0-499_48352cd1,186,12,26,1,2
20260912_215351_529_traffic_scan_env2025_seed0-499_48352cd1,186,12,27,1,1
20260912_215351_529_traffic_scan_env2025_seed0-499_48352cd1,186,12,28,1,4
20260912_215351_529_traffic_scan_env2025_seed0-499_48352cd1,186,12,29,0,1
20260912_215351_529_traffic_scan_env2025_seed0-499_48352cd1,186,12,29,1,1
20260912_215351_529_traffic_scan_env2025_seed0-499_48352cd1,186,12,30,0,2
20260912_215351_529_traffic_scan_env2025_seed0-499_48352cd1,186,12,30,1,1
20260912_215351_529_traffic_scan_env2025_seed0-499_48352cd1,186,12,31,1,1
20260912_215351_529_traffic_scan_env2025_seed0-499_48352cd1,186,12,32,0,2
20260912_215351_529_traffic_scan_env2025_seed0-499_48352cd1,186,12,32,1,3
20260912_215351_529_traffic_scan_env2025_seed0-499_48352cd1,186,12,33,2,1
20260912_215351_529_traffic_scan_env2025_seed0-499_48352cd1,186,12,34,2,1
20260912_215351_529_traffic_scan_env2025_seed0-499_48352cd1,186,12,35,0,4
20260912_215351_529_traffic_scan_env2025_seed0-499_48352cd1,186,12,35,1,1
20260912_215351_529_traffic_scan_env2025_seed0-499_48352cd1,186,12,36,0,1
20260912_215351_529_traffic_scan_env2025_seed0-499_48352cd1,186,12,36,1,1
20260912_215351_529_traffic_scan_env2025_seed0-499_48352cd1,186,12,37,0,1
20260912_215351_529_traffic_scan_env2025_seed0-499_48352cd1,186,12,37,1,4
20260912_215351_529_traffic_scan_env2025_seed0-499_48352cd1,186,12,38,0,1
20260912_215351_529_traffic_scan_env2025_seed0-499_48352cd1,186,12,38,1,4
20260912_215351_529_traffic_scan_env2025_seed0-499_48352cd1,186,12,39,2,2
20260912_215351_529_traffic_scan_env2025_seed0-499_48352cd1,186,12,40,1,3
20260912_215351_529_traffic_scan_env2025_seed0-499_48352cd1,186,12,41,1,3
20260912_215351_529_traffic_scan_env2025_seed0-499_48352cd1,186,12,42,0,2
20260912_215351_529_traffic_scan_env2025_seed0-499_48352cd1,186,12,42,1,3
20260912_215351_529_traffic_scan_env2025_seed0-499_48352cd1,186,12,43,0,1
20260912_215351_529_traffic_scan_env2025_seed0-499_48352cd1,186,12,43,1,3
20260912_215351_529_traffic_scan_env2025_seed0-499_48352cd1,186,12,44,1,3
20260912_215351_529_traffic_scan_env2025_seed0-499_48352cd1,186,12,45,0,1
20260912_215351_529_traffic_scan_env2025_seed0-499_48352cd1,186,12,45,1,2
20260912_215351_529_traffic_scan_env2025_seed0-499_48352cd1,186,12,46,0,1
20260912_215351_529_traffic_scan_env2025_seed0-499_48352cd1,186,12,46,1,2
20260912_215351_529_traffic_scan_env2025_seed0-499_48352cd1,186,12,47,0,3
20260912_215351_529_traffic_scan_env2025_seed0-499_48352cd1,186,12,47,1,2
20260912_215351_529_traffic_scan_env2025_seed0-499_48352cd1,186,12,48,1,3
20260912_215351_529_traffic_scan_env2025_seed0-499_48352cd1,186,12,49,1,5
20260912_215351_529_traffic_scan_env2025_seed0-499_48352cd1,186,12,50,0,2
20260912_215351_529_traffic_scan_env2025_seed0-499_48352cd1,186,12,50,1,1
20260912_215351_529_traffic_scan_env2025_seed0-499_48352cd1,186,12,51,0,3
20260912_215351_529_traffic_scan_env2025_seed0-499_48352cd1,186,12,52,0,2
20260912_215351_529_traffic_scan_env2025_seed0-499_48352cd1,186,12,53,0,3
20260912_215351_529_traffic_scan_env2025_seed0-499_48352cd1,186,12,54,0,2
20260912_215351_529_traffic_scan_env2025_seed0-499_48352cd1,186,12,55,0,3
20260912_215351_529_traffic_scan_env2025_seed0-499_48352cd1,186,12,56,0,2
20260912_215351_529_traffic_scan_env2025_seed0-499_48352cd1,186,12,57,0,2
20260912_215351_529_traffic_scan_env2025_seed0-499_48352cd1,186,12,58,0,1
20260912_215351_529_traffic_scan_env2025_seed0-499_48352cd1,186,13,0,0,1
20260912_215351_529_traffic_scan_env2025_seed0-499_48352cd1,186,13,1,0,1
20260912_215351_529_traffic_scan_env2025_seed0-499_48352cd1,186,13,2,0,1
20260912_215351_529_traffic_scan_env2025_seed0-499_48352cd1,186,13,4,0,1
20260912_215351_529_traffic_scan_env2025_seed0-499_48352cd1,186,13,5,0,1
20260912_215351_529_traffic_scan_env2025_seed0-499_48352cd1,186,13,6,0,4
20260912_215351_529_traffic_scan_env2025_seed0-499_48352cd1,186,13,7,1,2
20260912_215351_529_traffic_scan_env2025_seed0-499_48352cd1,186,13,9,1,1
20260912_215351_529_traffic_scan_env2025_seed0-499_48352cd1,186,13,10,1,1
20260912_215351_529_traffic_scan_env2025_seed0-499_48352cd1,186,13,11,1,1
20260912_215351_529_traffic_scan_env2025_seed0-499_48352cd1,186,13,12,0,1
20260912_215351_529_traffic_scan_env2025_seed0-499_48352cd1,186,13,13,1,1
20260912_215351_529_traffic_scan_env2025_seed0-499_48352cd1,186,13,14,1,2
20260912_215351_529_traffic_scan_env2025_seed0-499_48352cd1,186,13,15,1,2
20260912_215351_529_traffic_scan_env2025_seed0-499_48352cd1,186,13,16,0,3
20260912_215351_529_traffic_scan_env2025_seed0-499_48352cd1,186,13,16,1,4
20260912_215351_529_traffic_scan_env2025_seed0-499_48352cd1,186,13,18,1,1
20260912_215351_529_traffic_scan_env2025_seed0-499_48352cd1,186,13,19,0,2
20260912_215351_529_traffic_scan_env2025_seed0-499_48352cd1,186,13,20,0,2
20260912_215351_529_traffic_scan_env2025_seed0-499_48352cd1,186,13,20,1,2
20260912_215351_529_traffic_scan_env2025_seed0-499_48352cd1,186,13,21,0,1
20260912_215351_529_traffic_scan_env2025_seed0-499_48352cd1,186,13,21,1,2
20260912_215351_529_traffic_scan_env2025_seed0-499_48352cd1,186,13,23,0,4
20260912_215351_529_traffic_scan_env2025_seed0-499_48352cd1,186,13,23,1,2
20260912_215351_529_traffic_scan_env2025_seed0-499_48352cd1,186,13,25,1,1
20260912_215351_529_traffic_scan_env2025_seed0-499_48352cd1,186,13,29,0,1
20260912_215351_529_traffic_scan_env2025_seed0-499_48352cd1,186,13,29,1,3
20260912_215351_529_traffic_scan_env2025_seed0-499_48352cd1,186,13,31,0,3
20260912_215351_529_traffic_scan_env2025_seed0-499_48352cd1,186,13,31,1,2
20260912_215351_529_traffic_scan_env2025_seed0-499_48352cd1,186,13,32,0,1
20260912_215351_529_traffic_scan_env2025_seed0-499_48352cd1,186,13,33,0,1
20260912_215351_529_traffic_scan_env2025_seed0-499_48352cd1,186,13,34,0,4
20260912_215351_529_traffic_scan_env2025_seed0-499_48352cd1,186,13,34,1,1
20260912_215351_529_traffic_scan_env2025_seed0-499_48352cd1,186,13,35,2,1
20260912_215351_529_traffic_scan_env2025_seed0-499_48352cd1,186,13,36,2,3
20260912_215351_529_traffic_scan_env2025_seed0-499_48352cd1,186,13,38,2,2
20260912_215351_529_traffic_scan_env2025_seed0-499_48352cd1,186,13,41,0,2
20260912_215351_529_traffic_scan_env2025_seed0-499_48352cd1,186,13,44,0,2
20260912_215351_529_traffic_scan_env2025_seed0-499_48352cd1,186,13,45,0,3
20260912_215351_529_traffic_scan_env2025_seed0-499_48352cd1,186,13,46,0,3
20260912_215351_529_traffic_scan_env2025_seed0-499_48352cd1,186,13,47,2,1
20260912_215351_529_traffic_scan_env2025_seed0-499_48352cd1,186,13,48,0,1
20260912_215351_529_traffic_scan_env2025_seed0-499_48352cd1,186,13,48,1,3
20260912_215351_529_traffic_scan_env2025_seed0-499_48352cd1,186,13,49,0,2
20260912_215351_529_traffic_scan_env2025_seed0-499_48352cd1,186,13,50,0,1
20260912_215351_529_traffic_scan_env2025_seed0-499_48352cd1,186,13,52,0,2
20260912_215351_529_traffic_scan_env2025_seed0-499_48352cd1,186,13,55,0,1
20260912_215351_529_traffic_scan_env2025_seed0-499_48352cd1,186,13,56,0,1
20260912_215351_529_traffic_scan_env2025_seed0-499_48352cd1,186,13,57,0,1
20260912_215351_529_traffic_scan_env2025_seed0-499_48352cd1,186,13,58,0,1
20260912_215351_529_traffic_scan_env2025_seed0-499_48352cd1,186,14,0,0,1
20260912_215351_529_traffic_scan_env2025_seed0-499_48352cd1,186,14,2,0,2
20260912_215351_529_traffic_scan_env2025_seed0-499_48352cd1,186,14,4,0,1
20260912_215351_529_traffic_scan_env2025_seed0-499_48352cd1,186,14,7,0,4
20260912_215351_529_traffic_scan_env2025_seed0-499_48352cd1,186,14,8,0,3
20260912_215351_529_traffic_scan_env2025_seed0-499_48352cd1,186,14,8,1,2
20260912_215351_529_traffic_scan_env2025_seed0-499_48352cd1,186,14,9,0,3
20260912_215351_529_traffic_scan_env2025_seed0-499_48352cd1,186,14,9,1,3
20260912_215351_529_traffic_scan_env2025_seed0-499_48352cd1,186,14,10,1,1
20260912_215351_529_traffic_scan_env2025_seed0-499_48352cd1,186,14,12,1,2
20260912_215351_529_traffic_scan_env2025_seed0-499_48352cd1,186,14,13,0,1
20260912_215351_529_traffic_scan_env2025_seed0-499_48352cd1,186,14,16,1,1
20260912_215351_529_traffic_scan_env2025_seed0-499_48352cd1,186,14,17,0,4
20260912_215351_529_traffic_scan_env2025_seed0-499_48352cd1,186,14,17,1,3
20260912_215351_529_traffic_scan_env2025_seed0-499_48352cd1,186,14,18,2,1
20260912_215351_529_traffic_scan_env2025_seed0-499_48352cd1,186,14,19,0,2
20260912_215351_529_traffic_scan_env2025_seed0-499_48352cd1,186,14,19,1,1
20260912_215351_529_traffic_scan_env2025_seed0-499_48352cd1,186,14,20,0,2
20260912_215351_529_traffic_scan_env2025_seed0-499_48352cd1,186,14,21,1,1
20260912_215351_529_traffic_scan_env2025_seed0-499_48352cd1,186,14,22,0,1
20260912_215351_529_traffic_scan_env2025_seed0-499_48352cd1,186,14,22,1,1
20260912_215351_529_traffic_scan_env2025_seed0-499_48352cd1,186,14,23,1,1
20260912_215351_529_traffic_scan_env2025_seed0-499_48352cd1,186,14,24,0,4
20260912_215351_529_traffic_scan_env2025_seed0-499_48352cd1,186,14,24,1,1
20260912_215351_529_traffic_scan_env2025_seed0-499_48352cd1,186,14,29,0,1
20260912_215351_529_traffic_scan_env2025_seed0-499_48352cd1,186,14,30,0,1
20260912_215351_529_traffic_scan_env2025_seed0-499_48352cd1,186,14,30,1,5
20260912_215351_529_traffic_scan_env2025_seed0-499_48352cd1,186,14,31,0,1
20260912_215351_529_traffic_scan_env2025_seed0-499_48352cd1,186,14,31,1,1
20260912_215351_529_traffic_scan_env2025_seed0-499_48352cd1,186,14,32,0,2
20260912_215351_529_traffic_scan_env2025_seed0-499_48352cd1,186,14,32,1,1
20260912_215351_529_traffic_scan_env2025_seed0-499_48352cd1,186,14,33,0,3
20260912_215351_529_traffic_scan_env2025_seed0-499_48352cd1,186,14,33,1,1
20260912_215351_529_traffic_scan_env2025_seed0-499_48352cd1,186,14,36,2,2
20260912_215351_529_traffic_scan_env2025_seed0-499_48352cd1,186,14,37,1,2
20260912_215351_529_traffic_scan_env2025_seed0-499_48352cd1,186,14,40,0,2
20260912_215351_529_traffic_scan_env2025_seed0-499_48352cd1,186,14,43,0,1
20260912_215351_529_traffic_scan_env2025_seed0-499_48352cd1,186,14,44,0,2
20260912_215351_529_traffic_scan_env2025_seed0-499_48352cd1,186,14,45,0,2
20260912_215351_529_traffic_scan_env2025_seed0-499_48352cd1,186,14,46,0,1
20260912_215351_529_traffic_scan_env2025_seed0-499_48352cd1,186,14,46,1,1
20260912_215351_529_traffic_scan_env2025_seed0-499_48352cd1,186,14,47,1,3
20260912_215351_529_traffic_scan_env2025_seed0-499_48352cd1,186,14,48,0,1
20260912_215351_529_traffic_scan_env2025_seed0-499_48352cd1,186,14,51,1,1
20260912_215351_529_traffic_scan_env2025_seed0-499_48352cd1,186,14,54,0,1
20260912_215351_529_traffic_scan_env2025_seed0-499_48352cd1,186,14,55,0,2
20260912_215351_529_traffic_scan_env2025_seed0-499_48352cd1,186,14,56,0,2
20260912_215351_529_traffic_scan_env2025_seed0-499_48352cd1,186,14,57,0,1
20260912_215351_529_traffic_scan_env2025_seed0-499_48352cd1,186,15,0,0,1
20260912_215351_529_traffic_scan_env2025_seed0-499_48352cd1,186,15,2,0,1
20260912_215351_529_traffic_scan_env2025_seed0-499_48352cd1,186,15,3,0,1
20260912_215351_529_traffic_scan_env2025_seed0-499_48352cd1,186,15,4,0,1
20260912_215351_529_traffic_scan_env2025_seed0-499_48352cd1,186,15,7,0,2
20260912_215351_529_traffic_scan_env2025_seed0-499_48352cd1,186,15,10,0,3
20260912_215351_529_traffic_scan_env2025_seed0-499_48352cd1,186,15,10,1,4
20260912_215351_529_traffic_scan_env2025_seed0-499_48352cd1,186,15,11,1,1
20260912_215351_529_traffic_scan_env2025_seed0-499_48352cd1,186,15,13,0,1
20260912_215351_529_traffic_scan_env2025_seed0-499_48352cd1,186,15,13,1,1
20260912_215351_529_traffic_scan_env2025_seed0-499_48352cd1,186,15,16,1,1
20260912_215351_529_traffic_scan_env2025_seed0-499_48352cd1,186,15,17,0,2
20260912_215351_529_traffic_scan_env2025_seed0-499_48352cd1,186,15,18,0,5
20260912_215351_529_traffic_scan_env2025_seed0-499_48352cd1,186,15,18,1,5
20260912_215351_529_traffic_scan_env2025_seed0-499_48352cd1,186,15,21,0,2
20260912_215351_529_traffic_scan_env2025_seed0-499_48352cd1,186,15,21,1,2
20260912_215351_529_traffic_scan_env2025_seed0-499_48352cd1,186,15,22,0,1
20260912_215351_529_traffic_scan_env2025_seed0-499_48352cd1,186,15,23,1,2
20260912_215351_529_traffic_scan_env2025_seed0-499_48352cd1,186,15,25,0,4
20260912_215351_529_traffic_scan_env2025_seed0-499_48352cd1,186,15,29,0,2
20260912_215351_529_traffic_scan_env2025_seed0-499_48352cd1,186,15,29,1,2
20260912_215351_529_traffic_scan_env2025_seed0-499_48352cd1,186,15,30,0,1
20260912_215351_529_traffic_scan_env2025_seed0-499_48352cd1,186,15,30,1,1
20260912_215351_529_traffic_scan_env2025_seed0-499_48352cd1,186,15,31,1,3
20260912_215351_529_traffic_scan_env2025_seed0-499_48352cd1,186,15,32,0,1
20260912_215351_529_traffic_scan_env2025_seed0-499_48352cd1,186,15,33,0,2
20260912_215351_529_traffic_scan_env2025_seed0-499_48352cd1,186,15,34,0,1
20260912_215351_529_traffic_scan_env2025_seed0-499_48352cd1,186,15,34,1,1
20260912_215351_529_traffic_scan_env2025_seed0-499_48352cd1,186,15,35,1,1
20260912_215351_529_traffic_scan_env2025_seed0-499_48352cd1,186,15,36,1,3
20260912_215351_529_traffic_scan_env2025_seed0-499_48352cd1,186,15,39,0,2
20260912_215351_529_traffic_scan_env2025_seed0-499_48352cd1,186,15,42,0,1
20260912_215351_529_traffic_scan_env2025_seed0-499_48352cd1,186,15,43,0,2
20260912_215351_529_traffic_scan_env2025_seed0-499_48352cd1,186,15,44,0,1
20260912_215351_529_traffic_scan_env2025_seed0-499_48352cd1,186,15,45,1,2
20260912_215351_529_traffic_scan_env2025_seed0-499_48352cd1,186,15,46,0,1
20260912_215351_529_traffic_scan_env2025_seed0-499_48352cd1,186,15,46,1,3
20260912_215351_529_traffic_scan_env2025_seed0-499_48352cd1,186,15,47,0,1
20260912_215351_529_traffic_scan_env2025_seed0-499_48352cd1,186,15,50,1,1
20260912_215351_529_traffic_scan_env2025_seed0-499_48352cd1,186,15,54,0,2
20260912_215351_529_traffic_scan_env2025_seed0-499_48352cd1,186,15,55,0,3
20260912_215351_529_traffic_scan_env2025_seed0-499_48352cd1,186,16,0,0,2
20260912_215351_529_traffic_scan_env2025_seed0-499_48352cd1,186,16,2,1,1
20260912_215351_529_traffic_scan_env2025_seed0-499_48352cd1,186,16,4,0,1
20260912_215351_529_traffic_scan_env2025_seed0-499_48352cd1,186,16,4,1,1
20260912_215351_529_traffic_scan_env2025_seed0-499_48352cd1,186,16,7,0,1
20260912_215351_529_traffic_scan_env2025_seed0-499_48352cd1,186,16,7,1,1
20260912_215351_529_traffic_scan_env2025_seed0-499_48352cd1,186,16,10,1,2
20260912_215351_529_traffic_scan_env2025_seed0-499_48352cd1,186,16,11,0,3
20260912_215351_529_traffic_scan_env2025_seed0-499_48352cd1,186,16,11,1,3
20260912_215351_529_traffic_scan_env2025_seed0-499_48352cd1,186,16,12,0,1
20260912_215351_529_traffic_scan_env2025_seed0-499_48352cd1,186,16,13,0,1
20260912_215351_529_traffic_scan_env2025_seed0-499_48352cd1,186,16,14,0,2
20260912_215351_529_traffic_scan_env2025_seed0-499_48352cd1,186,16,14,1,1
20260912_215351_529_traffic_scan_env2025_seed0-499_48352cd1,186,16,15,0,1
20260912_215351_529_traffic_scan_env2025_seed0-499_48352cd1,186,16,16,0,2
20260912_215351_529_traffic_scan_env2025_seed0-499_48352cd1,186,16,17,0,3
20260912_215351_529_traffic_scan_env2025_seed0-499_48352cd1,186,16,17,1,2
20260912_215351_529_traffic_scan_env2025_seed0-499_48352cd1,186,16,18,0,1
20260912_215351_529_traffic_scan_env2025_seed0-499_48352cd1,186,16,18,1,1
20260912_215351_529_traffic_scan_env2025_seed0-499_48352cd1,186,16,19,0,4
20260912_215351_529_traffic_scan_env2025_seed0-499_48352cd1,186,16,19,1,3
20260912_215351_529_traffic_scan_env2025_seed0-499_48352cd1,186,16,21,1,2
20260912_215351_529_traffic_scan_env2025_seed0-499_48352cd1,186,16,22,0,3
20260912_215351_529_traffic_scan_env2025_seed0-499_48352cd1,186,16,22,1,1
20260912_215351_529_traffic_scan_env2025_seed0-499_48352cd1,186,16,23,1,1
20260912_215351_529_traffic_scan_env2025_seed0-499_48352cd1,186,16,26,1,4
20260912_215351_529_traffic_scan_env2025_seed0-499_48352cd1,186,16,28,0,1
20260912_215351_529_traffic_scan_env2025_seed0-499_48352cd1,186,16,28,1,2
20260912_215351_529_traffic_scan_env2025_seed0-499_48352cd1,186,16,29,0,1
20260912_215351_529_traffic_scan_env2025_seed0-499_48352cd1,186,16,29,1,2
20260912_215351_529_traffic_scan_env2025_seed0-499_48352cd1,186,16,31,0,1
20260912_215351_529_traffic_scan_env2025_seed0-499_48352cd1,186,16,32,1,3
20260912_215351_529_traffic_scan_env2025_seed0-499_48352cd1,186,16,34,0,2
20260912_215351_529_traffic_scan_env2025_seed0-499_48352cd1,186,16,34,1,2
20260912_215351_529_traffic_scan_env2025_seed0-499_48352cd1,186,16,35,1,3
20260912_215351_529_traffic_scan_env2025_seed0-499_48352cd1,186,16,36,1,1
20260912_215351_529_traffic_scan_env2025_seed0-499_48352cd1,186,16,37,0,3
20260912_215351_529_traffic_scan_env2025_seed0-499_48352cd1,186,16,38,0,3
20260912_215351_529_traffic_scan_env2025_seed0-499_48352cd1,186,16,41,0,1
20260912_215351_529_traffic_scan_env2025_seed0-499_48352cd1,186,16,42,0,2
20260912_215351_529_traffic_scan_env2025_seed0-499_48352cd1,186,16,43,0,1
20260912_215351_529_traffic_scan_env2025_seed0-499_48352cd1,186,16,44,2,2
20260912_215351_529_traffic_scan_env2025_seed0-499_48352cd1,186,16,45,2,2
20260912_215351_529_traffic_scan_env2025_seed0-499_48352cd1,186,16,46,0,1
20260912_215351_529_traffic_scan_env2025_seed0-499_48352cd1,186,16,46,1,1
20260912_215351_529_traffic_scan_env2025_seed0-499_48352cd1,186,16,47,0,1
20260912_215351_529_traffic_scan_env2025_seed0-499_48352cd1,186,16,49,1,1
20260912_215351_529_traffic_scan_env2025_seed0-499_48352cd1,186,16,53,1,3
20260912_215351_529_traffic_scan_env2025_seed0-499_48352cd1,186,16,54,0,3
20260912_215351_529_traffic_scan_env2025_seed0-499_48352cd1,186,16,55,0,1
20260912_215351_529_traffic_scan_env2025_seed0-499_48352cd1,186,17,0,0,1
20260912_215351_529_traffic_scan_env2025_seed0-499_48352cd1,186,17,1,0,1
20260912_215351_529_traffic_scan_env2025_seed0-499_48352cd1,186,17,2,1,1
20260912_215351_529_traffic_scan_env2025_seed0-499_48352cd1,186,17,4,0,1
20260912_215351_529_traffic_scan_env2025_seed0-499_48352cd1,186,17,5,2,1
20260912_215351_529_traffic_scan_env2025_seed0-499_48352cd1,186,17,6,0,1
20260912_215351_529_traffic_scan_env2025_seed0-499_48352cd1,186,17,6,1,1
20260912_215351_529_traffic_scan_env2025_seed0-499_48352cd1,186,17,7,0,1
20260912_215351_529_traffic_scan_env2025_seed0-499_48352cd1,186,17,7,1,1
20260912_215351_529_traffic_scan_env2025_seed0-499_48352cd1,186,17,9,1,2
20260912_215351_529_traffic_scan_env2025_seed0-499_48352cd1,186,17,12,0,3
20260912_215351_529_traffic_scan_env2025_seed0-499_48352cd1,186,17,12,1,3
20260912_215351_529_traffic_scan_env2025_seed0-499_48352cd1,186,17,14,0,1
20260912_215351_529_traffic_scan_env2025_seed0-499_48352cd1,186,17,15,0,1
20260912_215351_529_traffic_scan_env2025_seed0-499_48352cd1,186,17,15,1,1
20260912_215351_529_traffic_scan_env2025_seed0-499_48352cd1,186,17,16,0,1
20260912_215351_529_traffic_scan_env2025_seed0-499_48352cd1,186,17,16,1,1
20260912_215351_529_traffic_scan_env2025_seed0-499_48352cd1,186,17,17,0,1
20260912_215351_529_traffic_scan_env2025_seed0-499_48352cd1,186,17,18,1,2
20260912_215351_529_traffic_scan_env2025_seed0-499_48352cd1,186,17,20,0,3
20260912_215351_529_traffic_scan_env2025_seed0-499_48352cd1,186,17,20,1,4
20260912_215351_529_traffic_scan_env2025_seed0-499_48352cd1,186,17,21,1,4
20260912_215351_529_traffic_scan_env2025_seed0-499_48352cd1,186,17,22,1,3
20260912_215351_529_traffic_scan_env2025_seed0-499_48352cd1,186,17,23,2,1
20260912_215351_529_traffic_scan_env2025_seed0-499_48352cd1,186,17,27,0,1
20260912_215351_529_traffic_scan_env2025_seed0-499_48352cd1,186,17,27,1,6
20260912_215351_529_traffic_scan_env2025_seed0-499_48352cd1,186,17,28,1,2
20260912_215351_529_traffic_scan_env2025_seed0-499_48352cd1,186,17,29,0,1
20260912_215351_529_traffic_scan_env2025_seed0-499_48352cd1,186,17,30,0,1
20260912_215351_529_traffic_scan_env2025_seed0-499_48352cd1,186,17,33,1,5
20260912_215351_529_traffic_scan_env2025_seed0-499_48352cd1,186,17,35,0,2
20260912_215351_529_traffic_scan_env2025_seed0-499_48352cd1,186,17,35,1,3
20260912_215351_529_traffic_scan_env2025_seed0-499_48352cd1,186,17,36,0,3
20260912_215351_529_traffic_scan_env2025_seed0-499_48352cd1,186,17,36,1,1
20260912_215351_529_traffic_scan_env2025_seed0-499_48352cd1,186,17,39,0,1
20260912_215351_529_traffic_scan_env2025_seed0-499_48352cd1,186,17,39,1,1
20260912_215351_529_traffic_scan_env2025_seed0-499_48352cd1,186,17,39,2,1
20260912_215351_529_traffic_scan_env2025_seed0-499_48352cd1,186,17,40,0,2
20260912_215351_529_traffic_scan_env2025_seed0-499_48352cd1,186,17,41,0,2
20260912_215351_529_traffic_scan_env2025_seed0-499_48352cd1,186,17,42,0,1
20260912_215351_529_traffic_scan_env2025_seed0-499_48352cd1,186,17,43,1,2
20260912_215351_529_traffic_scan_env2025_seed0-499_48352cd1,186,17,44,2,2
20260912_215351_529_traffic_scan_env2025_seed0-499_48352cd1,186,17,46,0,1
20260912_215351_529_traffic_scan_env2025_seed0-499_48352cd1,186,17,46,1,1
20260912_215351_529_traffic_scan_env2025_seed0-499_48352cd1,186,17,47,0,1
20260912_215351_529_traffic_scan_env2025_seed0-499_48352cd1,186,17,48,2,1
20260912_215351_529_traffic_scan_env2025_seed0-499_48352cd1,186,17,52,1,3
20260912_215351_529_traffic_scan_env2025_seed0-499_48352cd1,186,17,55,0,2
20260912_215351_529_traffic_scan_env2025_seed0-499_48352cd1,186,18,0,0,1
20260912_215351_529_traffic_scan_env2025_seed0-499_48352cd1,186,18,2,0,1
20260912_215351_529_traffic_scan_env2025_seed0-499_48352cd1,186,18,2,1,1
20260912_215351_529_traffic_scan_env2025_seed0-499_48352cd1,186,18,5,0,1
20260912_215351_529_traffic_scan_env2025_seed0-499_48352cd1,186,18,6,0,3
20260912_215351_529_traffic_scan_env2025_seed0-499_48352cd1,186,18,7,0,1
20260912_215351_529_traffic_scan_env2025_seed0-499_48352cd1,186,18,7,1,2
20260912_215351_529_traffic_scan_env2025_seed0-499_48352cd1,186,18,8,1,2
20260912_215351_529_traffic_scan_env2025_seed0-499_48352cd1,186,18,9,1,2
20260912_215351_529_traffic_scan_env2025_seed0-499_48352cd1,186,18,10,1,1
20260912_215351_529_traffic_scan_env2025_seed0-499_48352cd1,186,18,11,2,1
20260912_215351_529_traffic_scan_env2025_seed0-499_48352cd1,186,18,12,2,1
20260912_215351_529_traffic_scan_env2025_seed0-499_48352cd1,186,18,13,0,3
20260912_215351_529_traffic_scan_env2025_seed0-499_48352cd1,186,18,13,1,3
20260912_215351_529_traffic_scan_env2025_seed0-499_48352cd1,186,18,13,2,1
20260912_215351_529_traffic_scan_env2025_seed0-499_48352cd1,186,18,14,0,2
20260912_215351_529_traffic_scan_env2025_seed0-499_48352cd1,186,18,14,1,1
20260912_215351_529_traffic_scan_env2025_seed0-499_48352cd1,186,18,15,0,1
20260912_215351_529_traffic_scan_env2025_seed0-499_48352cd1,186,18,15,1,2
20260912_215351_529_traffic_scan_env2025_seed0-499_48352cd1,186,18,16,1,2
20260912_215351_529_traffic_scan_env2025_seed0-499_48352cd1,186,18,17,0,2
20260912_215351_529_traffic_scan_env2025_seed0-499_48352cd1,186,18,17,1,1
20260912_215351_529_traffic_scan_env2025_seed0-499_48352cd1,186,18,18,1,2
20260912_215351_529_traffic_scan_env2025_seed0-499_48352cd1,186,18,19,1,2
20260912_215351_529_traffic_scan_env2025_seed0-499_48352cd1,186,18,20,1,4
20260912_215351_529_traffic_scan_env2025_seed0-499_48352cd1,186,18,21,1,8
20260912_215351_529_traffic_scan_env2025_seed0-499_48352cd1,186,18,22,1,3
20260912_215351_529_traffic_scan_env2025_seed0-499_48352cd1,186,18,23,2,4
20260912_215351_529_traffic_scan_env2025_seed0-499_48352cd1,186,18,26,0,1
20260912_215351_529_traffic_scan_env2025_seed0-499_48352cd1,186,18,26,1,2
20260912_215351_529_traffic_scan_env2025_seed0-499_48352cd1,186,18,27,2,6
20260912_215351_529_traffic_scan_env2025_seed0-499_48352cd1,186,18,29,0,2
20260912_215351_529_traffic_scan_env2025_seed0-499_48352cd1,186,18,32,1,2
20260912_215351_529_traffic_scan_env2025_seed0-499_48352cd1,186,18,34,1,5
20260912_215351_529_traffic_scan_env2025_seed0-499_48352cd1,186,18,35,0,3
20260912_215351_529_traffic_scan_env2025_seed0-499_48352cd1,186,18,35,1,4
20260912_215351_529_traffic_scan_env2025_seed0-499_48352cd1,186,18,36,0,2
20260912_215351_529_traffic_scan_env2025_seed0-499_48352cd1,186,18,36,1,1
20260912_215351_529_traffic_scan_env2025_seed0-499_48352cd1,186,18,39,3,1
20260912_215351_529_traffic_scan_env2025_seed0-499_48352cd1,186,18,41,0,3
20260912_215351_529_traffic_scan_env2025_seed0-499_48352cd1,186,18,43,0,2
20260912_215351_529_traffic_scan_env2025_seed0-499_48352cd1,186,18,43,1,2
20260912_215351_529_traffic_scan_env2025_seed0-499_48352cd1,186,18,45,0,1
20260912_215351_529_traffic_scan_env2025_seed0-499_48352cd1,186,18,45,1,1
20260912_215351_529_traffic_scan_env2025_seed0-499_48352cd1,186,18,47,0,1
20260912_215351_529_traffic_scan_env2025_seed0-499_48352cd1,186,18,47,1,1
20260912_215351_529_traffic_scan_env2025_seed0-499_48352cd1,186,18,51,1,3
20260912_215351_529_traffic_scan_env2025_seed0-499_48352cd1,186,18,55,0,2
20260912_215351_529_traffic_scan_env2025_seed0-499_48352cd1,186,18,57,0,1
20260912_215351_529_traffic_scan_env2025_seed0-499_48352cd1,186,18,58,0,1
20260912_215351_529_traffic_scan_env2025_seed0-499_48352cd1,186,19,0,0,1
20260912_215351_529_traffic_scan_env2025_seed0-499_48352cd1,186,19,2,1,1
20260912_215351_529_traffic_scan_env2025_seed0-499_48352cd1,186,19,3,0,1
20260912_215351_529_traffic_scan_env2025_seed0-499_48352cd1,186,19,5,0,1
20260912_215351_529_traffic_scan_env2025_seed0-499_48352cd1,186,19,6,0,2
20260912_215351_529_traffic_scan_env2025_seed0-499_48352cd1,186,19,7,0,1
20260912_215351_529_traffic_scan_env2025_seed0-499_48352cd1,186,19,7,1,1
20260912_215351_529_traffic_scan_env2025_seed0-499_48352cd1,186,19,8,1,1
20260912_215351_529_traffic_scan_env2025_seed0-499_48352cd1,186,19,9,1,1
20260912_215351_529_traffic_scan_env2025_seed0-499_48352cd1,186,19,13,0,1
20260912_215351_529_traffic_scan_env2025_seed0-499_48352cd1,186,19,14,0,5
20260912_215351_529_traffic_scan_env2025_seed0-499_48352cd1,186,19,14,1,5
20260912_215351_529_traffic_scan_env2025_seed0-499_48352cd1,186,19,17,0,2
20260912_215351_529_traffic_scan_env2025_seed0-499_48352cd1,186,19,17,1,1
20260912_215351_529_traffic_scan_env2025_seed0-499_48352cd1,186,19,18,2,1
20260912_215351_529_traffic_scan_env2025_seed0-499_48352cd1,186,19,19,1,1
20260912_215351_529_traffic_scan_env2025_seed0-499_48352cd1,186,19,21,0,1
20260912_215351_529_traffic_scan_env2025_seed0-499_48352cd1,186,19,21,1,3
20260912_215351_529_traffic_scan_env2025_seed0-499_48352cd1,186,19,22,0,2
20260912_215351_529_traffic_scan_env2025_seed0-499_48352cd1,186,19,22,1,3
20260912_215351_529_traffic_scan_env2025_seed0-499_48352cd1,186,19,23,0,3
20260912_215351_529_traffic_scan_env2025_seed0-499_48352cd1,186,19,23,1,1
20260912_215351_529_traffic_scan_env2025_seed0-499_48352cd1,186,19,24,0,2
20260912_215351_529_traffic_scan_env2025_seed0-499_48352cd1,186,19,24,1,3
20260912_215351_529_traffic_scan_env2025_seed0-499_48352cd1,186,19,25,0,2
20260912_215351_529_traffic_scan_env2025_seed0-499_48352cd1,186,19,25,1,3
20260912_215351_529_traffic_scan_env2025_seed0-499_48352cd1,186,19,26,0,1
20260912_215351_529_traffic_scan_env2025_seed0-499_48352cd1,186,19,26,1,3
20260912_215351_529_traffic_scan_env2025_seed0-499_48352cd1,186,19,27,1,1
20260912_215351_529_traffic_scan_env2025_seed0-499_48352cd1,186,19,28,0,2
20260912_215351_529_traffic_scan_env2025_seed0-499_48352cd1,186,19,28,1,6
20260912_215351_529_traffic_scan_env2025_seed0-499_48352cd1,186,19,29,1,2
20260912_215351_529_traffic_scan_env2025_seed0-499_48352cd1,186,19,30,1,2
20260912_215351_529_traffic_scan_env2025_seed0-499_48352cd1,186,19,31,1,4
20260912_215351_529_traffic_scan_env2025_seed0-499_48352cd1,186,19,32,1,2
20260912_215351_529_traffic_scan_env2025_seed0-499_48352cd1,186,19,33,1,4
20260912_215351_529_traffic_scan_env2025_seed0-499_48352cd1,186,19,34,0,3
20260912_215351_529_traffic_scan_env2025_seed0-499_48352cd1,186,19,34,1,2
20260912_215351_529_traffic_scan_env2025_seed0-499_48352cd1,186,19,35,1,3
20260912_215351_529_traffic_scan_env2025_seed0-499_48352cd1,186,19,36,1,6
20260912_215351_529_traffic_scan_env2025_seed0-499_48352cd1,186,19,37,0,2
20260912_215351_529_traffic_scan_env2025_seed0-499_48352cd1,186,19,37,1,2
20260912_215351_529_traffic_scan_env2025_seed0-499_48352cd1,186,19,38,0,1
20260912_215351_529_traffic_scan_env2025_seed0-499_48352cd1,186,19,38,1,2
20260912_215351_529_traffic_scan_env2025_seed0-499_48352cd1,186,19,38,2,1
20260912_215351_529_traffic_scan_env2025_seed0-499_48352cd1,186,19,39,0,1
20260912_215351_529_traffic_scan_env2025_seed0-499_48352cd1,186,19,39,1,2
20260912_215351_529_traffic_scan_env2025_seed0-499_48352cd1,186,19,41,0,2
20260912_215351_529_traffic_scan_env2025_seed0-499_48352cd1,186,19,42,0,2
20260912_215351_529_traffic_scan_env2025_seed0-499_48352cd1,186,19,42,1,2
20260912_215351_529_traffic_scan_env2025_seed0-499_48352cd1,186,19,44,0,1
20260912_215351_529_traffic_scan_env2025_seed0-499_48352cd1,186,19,45,1,1
20260912_215351_529_traffic_scan_env2025_seed0-499_48352cd1,186,19,46,1,1
20260912_215351_529_traffic_scan_env2025_seed0-499_48352cd1,186,19,48,0,2
20260912_215351_529_traffic_scan_env2025_seed0-499_48352cd1,186,19,49,0,1
20260912_215351_529_traffic_scan_env2025_seed0-499_48352cd1,186,19,50,0,1
20260912_215351_529_traffic_scan_env2025_seed0-499_48352cd1,186,19,50,1,3
20260912_215351_529_traffic_scan_env2025_seed0-499_48352cd1,186,19,51,0,1
20260912_215351_529_traffic_scan_env2025_seed0-499_48352cd1,186,19,52,0,1
20260912_215351_529_traffic_scan_env2025_seed0-499_48352cd1,186,19,53,0,1
20260912_215351_529_traffic_scan_env2025_seed0-499_48352cd1,186,19,54,0,2
20260912_215351_529_traffic_scan_env2025_seed0-499_48352cd1,186,19,55,0,2
20260912_215351_529_traffic_scan_env2025_seed0-499_48352cd1,186,19,56,0,2
20260912_215351_529_traffic_scan_env2025_seed0-499_48352cd1,186,20,1,0,1
20260912_215351_529_traffic_scan_env2025_seed0-499_48352cd1,186,20,2,1,1
20260912_215351_529_traffic_scan_env2025_seed0-499_48352cd1,186,20,4,0,2
20260912_215351_529_traffic_scan_env2025_seed0-499_48352cd1,186,20,6,0,1
20260912_215351_529_traffic_scan_env2025_seed0-499_48352cd1,186,20,7,0,1
20260912_215351_529_traffic_scan_env2025_seed0-499_48352cd1,186,20,7,1,1
20260912_215351_529_traffic_scan_env2025_seed0-499_48352cd1,186,20,8,0,1
20260912_215351_529_traffic_scan_env2025_seed0-499_48352cd1,186,20,8,1,1
20260912_215351_529_traffic_scan_env2025_seed0-499_48352cd1,186,20,9,1,3
20260912_215351_529_traffic_scan_env2025_seed0-499_48352cd1,186,20,10,0,1
20260912_215351_529_traffic_scan_env2025_seed0-499_48352cd1,186,20,10,1,1
20260912_215351_529_traffic_scan_env2025_seed0-499_48352cd1,186,20,11,0,1
20260912_215351_529_traffic_scan_env2025_seed0-499_48352cd1,186,20,11,1,1
20260912_215351_529_traffic_scan_env2025_seed0-499_48352cd1,186,20,12,0,1
20260912_215351_529_traffic_scan_env2025_seed0-499_48352cd1,186,20,12,1,1
20260912_215351_529_traffic_scan_env2025_seed0-499_48352cd1,186,20,13,0,1
20260912_215351_529_traffic_scan_env2025_seed0-499_48352cd1,186,20,13,1,2
20260912_215351_529_traffic_scan_env2025_seed0-499_48352cd1,186,20,15,0,4
20260912_215351_529_traffic_scan_env2025_seed0-499_48352cd1,186,20,15,1,4
20260912_215351_529_traffic_scan_env2025_seed0-499_48352cd1,186,20,16,1,1
20260912_215351_529_traffic_scan_env2025_seed0-499_48352cd1,186,20,17,1,1
20260912_215351_529_traffic_scan_env2025_seed0-499_48352cd1,186,20,18,0,1
20260912_215351_529_traffic_scan_env2025_seed0-499_48352cd1,186,20,18,1,5
20260912_215351_529_traffic_scan_env2025_seed0-499_48352cd1,186,20,19,1,1
20260912_215351_529_traffic_scan_env2025_seed0-499_48352cd1,186,20,20,1,2
20260912_215351_529_traffic_scan_env2025_seed0-499_48352cd1,186,20,21,0,1
20260912_215351_529_traffic_scan_env2025_seed0-499_48352cd1,186,20,21,1,2
20260912_215351_529_traffic_scan_env2025_seed0-499_48352cd1,186,20,22,0,1
20260912_215351_529_traffic_scan_env2025_seed0-499_48352cd1,186,20,22,1,3
20260912_215351_529_traffic_scan_env2025_seed0-499_48352cd1,186,20,23,0,3
20260912_215351_529_traffic_scan_env2025_seed0-499_48352cd1,186,20,23,1,5
20260912_215351_529_traffic_scan_env2025_seed0-499_48352cd1,186,20,24,2,3
20260912_215351_529_traffic_scan_env2025_seed0-499_48352cd1,186,20,25,1,5
20260912_215351_529_traffic_scan_env2025_seed0-499_48352cd1,186,20,26,1,1
20260912_215351_529_traffic_scan_env2025_seed0-499_48352cd1,186,20,27,0,3
20260912_215351_529_traffic_scan_env2025_seed0-499_48352cd1,186,20,27,1,1
20260912_215351_529_traffic_scan_env2025_seed0-499_48352cd1,186,20,29,1,5
20260912_215351_529_traffic_scan_env2025_seed0-499_48352cd1,186,20,30,1,4
20260912_215351_529_traffic_scan_env2025_seed0-499_48352cd1,186,20,31,1,2
20260912_215351_529_traffic_scan_env2025_seed0-499_48352cd1,186,20,32,0,1
20260912_215351_529_traffic_scan_env2025_seed0-499_48352cd1,186,20,32,1,2
20260912_215351_529_traffic_scan_env2025_seed0-499_48352cd1,186,20,33,0,3
20260912_215351_529_traffic_scan_env2025_seed0-499_48352cd1,186,20,35,1,1
20260912_215351_529_traffic_scan_env2025_seed0-499_48352cd1,186,20,36,1,1
20260912_215351_529_traffic_scan_env2025_seed0-499_48352cd1,186,20,37,0,1
20260912_215351_529_traffic_scan_env2025_seed0-499_48352cd1,186,20,37,1,4
20260912_215351_529_traffic_scan_env2025_seed0-499_48352cd1,186,20,40,0,3
20260912_215351_529_traffic_scan_env2025_seed0-499_48352cd1,186,20,40,1,2
20260912_215351_529_traffic_scan_env2025_seed0-499_48352cd1,186,20,41,0,3
20260912_215351_529_traffic_scan_env2025_seed0-499_48352cd1,186,20,41,1,4
20260912_215351_529_traffic_scan_env2025_seed0-499_48352cd1,186,20,42,1,2
20260912_215351_529_traffic_scan_env2025_seed0-499_48352cd1,186,20,43,0,1
20260912_215351_529_traffic_scan_env2025_seed0-499_48352cd1,186,20,43,1,2
20260912_215351_529_traffic_scan_env2025_seed0-499_48352cd1,186,20,44,1,2
20260912_215351_529_traffic_scan_env2025_seed0-499_48352cd1,186,20,45,1,4
20260912_215351_529_traffic_scan_env2025_seed0-499_48352cd1,186,20,46,1,2
20260912_215351_529_traffic_scan_env2025_seed0-499_48352cd1,186,20,47,1,2
20260912_215351_529_traffic_scan_env2025_seed0-499_48352cd1,186,20,48,0,1
20260912_215351_529_traffic_scan_env2025_seed0-499_48352cd1,186,20,48,1,1
20260912_215351_529_traffic_scan_env2025_seed0-499_48352cd1,186,20,49,2,4
20260912_215351_529_traffic_scan_env2025_seed0-499_48352cd1,186,20,50,2,1
20260912_215351_529_traffic_scan_env2025_seed0-499_48352cd1,186,20,51,1,1
20260912_215351_529_traffic_scan_env2025_seed0-499_48352cd1,186,20,52,0,1
20260912_215351_529_traffic_scan_env2025_seed0-499_48352cd1,186,20,53,0,1
20260912_215351_529_traffic_scan_env2025_seed0-499_48352cd1,186,20,54,0,2
20260912_215351_529_traffic_scan_env2025_seed0-499_48352cd1,186,20,55,0,3
20260912_215351_529_traffic_scan_env2025_seed0-499_48352cd1,186,20,56,0,1
20260912_215351_529_traffic_scan_env2025_seed0-499_48352cd1,186,20,57,0,1
20260912_215351_529_traffic_scan_env2025_seed0-499_48352cd1,186,21,0,0,1
20260912_215351_529_traffic_scan_env2025_seed0-499_48352cd1,186,21,1,0,1
20260912_215351_529_traffic_scan_env2025_seed0-499_48352cd1,186,21,2,0,3
20260912_215351_529_traffic_scan_env2025_seed0-499_48352cd1,186,21,2,1,1
20260912_215351_529_traffic_scan_env2025_seed0-499_48352cd1,186,21,3,0,3
20260912_215351_529_traffic_scan_env2025_seed0-499_48352cd1,186,21,4,0,2
20260912_215351_529_traffic_scan_env2025_seed0-499_48352cd1,186,21,5,0,3
20260912_215351_529_traffic_scan_env2025_seed0-499_48352cd1,186,21,6,0,1
20260912_215351_529_traffic_scan_env2025_seed0-499_48352cd1,186,21,7,0,2
20260912_215351_529_traffic_scan_env2025_seed0-499_48352cd1,186,21,7,1,1
20260912_215351_529_traffic_scan_env2025_seed0-499_48352cd1,186,21,8,0,1
20260912_215351_529_traffic_scan_env2025_seed0-499_48352cd1,186,21,9,0,2
20260912_215351_529_traffic_scan_env2025_seed0-499_48352cd1,186,21,9,1,1
20260912_215351_529_traffic_scan_env2025_seed0-499_48352cd1,186,21,10,1,1
20260912_215351_529_traffic_scan_env2025_seed0-499_48352cd1,186,21,12,0,1
20260912_215351_529_traffic_scan_env2025_seed0-499_48352cd1,186,21,13,1,1
20260912_215351_529_traffic_scan_env2025_seed0-499_48352cd1,186,21,16,0,4
20260912_215351_529_traffic_scan_env2025_seed0-499_48352cd1,186,21,16,1,3
20260912_215351_529_traffic_scan_env2025_seed0-499_48352cd1,186,21,17,1,2
20260912_215351_529_traffic_scan_env2025_seed0-499_48352cd1,186,21,18,1,3
20260912_215351_529_traffic_scan_env2025_seed0-499_48352cd1,186,21,19,0,1
20260912_215351_529_traffic_scan_env2025_seed0-499_48352cd1,186,21,19,1,2
20260912_215351_529_traffic_scan_env2025_seed0-499_48352cd1,186,21,21,0,2
20260912_215351_529_traffic_scan_env2025_seed0-499_48352cd1,186,21,21,1,2
20260912_215351_529_traffic_scan_env2025_seed0-499_48352cd1,186,21,22,1,1
20260912_215351_529_traffic_scan_env2025_seed0-499_48352cd1,186,21,23,0,1
20260912_215351_529_traffic_scan_env2025_seed0-499_48352cd1,186,21,23,1,6
20260912_215351_529_traffic_scan_env2025_seed0-499_48352cd1,186,21,24,0,2
20260912_215351_529_traffic_scan_env2025_seed0-499_48352cd1,186,21,24,1,6
20260912_215351_529_traffic_scan_env2025_seed0-499_48352cd1,186,21,25,0,2
20260912_215351_529_traffic_scan_env2025_seed0-499_48352cd1,186,21,25,1,1
20260912_215351_529_traffic_scan_env2025_seed0-499_48352cd1,186,21,26,0,2
20260912_215351_529_traffic_scan_env2025_seed0-499_48352cd1,186,21,26,1,3
20260912_215351_529_traffic_scan_env2025_seed0-499_48352cd1,186,21,27,1,1
20260912_215351_529_traffic_scan_env2025_seed0-499_48352cd1,186,21,28,0,1
20260912_215351_529_traffic_scan_env2025_seed0-499_48352cd1,186,21,28,1,1
20260912_215351_529_traffic_scan_env2025_seed0-499_48352cd1,186,21,29,0,1
20260912_215351_529_traffic_scan_env2025_seed0-499_48352cd1,186,21,29,1,7
20260912_215351_529_traffic_scan_env2025_seed0-499_48352cd1,186,21,32,0,2
20260912_215351_529_traffic_scan_env2025_seed0-499_48352cd1,186,21,32,1,2
20260912_215351_529_traffic_scan_env2025_seed0-499_48352cd1,186,21,35,1,1
20260912_215351_529_traffic_scan_env2025_seed0-499_48352cd1,186,21,36,1,2
20260912_215351_529_traffic_scan_env2025_seed0-499_48352cd1,186,21,38,0,1
20260912_215351_529_traffic_scan_env2025_seed0-499_48352cd1,186,21,38,1,3
20260912_215351_529_traffic_scan_env2025_seed0-499_48352cd1,186,21,39,0,2
20260912_215351_529_traffic_scan_env2025_seed0-499_48352cd1,186,21,40,0,3
20260912_215351_529_traffic_scan_env2025_seed0-499_48352cd1,186,21,40,1,2
20260912_215351_529_traffic_scan_env2025_seed0-499_48352cd1,186,21,41,0,1
20260912_215351_529_traffic_scan_env2025_seed0-499_48352cd1,186,21,42,0,2
20260912_215351_529_traffic_scan_env2025_seed0-499_48352cd1,186,21,44,1,1
20260912_215351_529_traffic_scan_env2025_seed0-499_48352cd1,186,21,45,1,1
20260912_215351_529_traffic_scan_env2025_seed0-499_48352cd1,186,21,48,0,1
20260912_215351_529_traffic_scan_env2025_seed0-499_48352cd1,186,21,48,1,3
20260912_215351_529_traffic_scan_env2025_seed0-499_48352cd1,186,21,54,0,2
20260912_215351_529_traffic_scan_env2025_seed0-499_48352cd1,186,21,55,0,1
20260912_215351_529_traffic_scan_env2025_seed0-499_48352cd1,186,22,2,0,1
20260912_215351_529_traffic_scan_env2025_seed0-499_48352cd1,186,22,2,1,1
20260912_215351_529_traffic_scan_env2025_seed0-499_48352cd1,186,22,3,0,1
20260912_215351_529_traffic_scan_env2025_seed0-499_48352cd1,186,22,5,0,1
20260912_215351_529_traffic_scan_env2025_seed0-499_48352cd1,186,22,6,0,2
20260912_215351_529_traffic_scan_env2025_seed0-499_48352cd1,186,22,7,1,1
20260912_215351_529_traffic_scan_env2025_seed0-499_48352cd1,186,22,8,0,2
20260912_215351_529_traffic_scan_env2025_seed0-499_48352cd1,186,22,9,0,1
20260912_215351_529_traffic_scan_env2025_seed0-499_48352cd1,186,22,9,1,1
20260912_215351_529_traffic_scan_env2025_seed0-499_48352cd1,186,22,10,0,1
20260912_215351_529_traffic_scan_env2025_seed0-499_48352cd1,186,22,11,0,2
20260912_215351_529_traffic_scan_env2025_seed0-499_48352cd1,186,22,11,1,1
20260912_215351_529_traffic_scan_env2025_seed0-499_48352cd1,186,22,13,1,2
20260912_215351_529_traffic_scan_env2025_seed0-499_48352cd1,186,22,16,0,1
20260912_215351_529_traffic_scan_env2025_seed0-499_48352cd1,186,22,16,1,3
20260912_215351_529_traffic_scan_env2025_seed0-499_48352cd1,186,22,17,0,3
20260912_215351_529_traffic_scan_env2025_seed0-499_48352cd1,186,22,17,1,2
20260912_215351_529_traffic_scan_env2025_seed0-499_48352cd1,186,22,18,1,2
20260912_215351_529_traffic_scan_env2025_seed0-499_48352cd1,186,22,19,0,1
20260912_215351_529_traffic_scan_env2025_seed0-499_48352cd1,186,22,20,0,2
20260912_215351_529_traffic_scan_env2025_seed0-499_48352cd1,186,22,20,1,2
20260912_215351_529_traffic_scan_env2025_seed0-499_48352cd1,186,22,21,1,1
20260912_215351_529_traffic_scan_env2025_seed0-499_48352cd1,186,22,22,0,3
20260912_215351_529_traffic_scan_env2025_seed0-499_48352cd1,186,22,22,1,2
20260912_215351_529_traffic_scan_env2025_seed0-499_48352cd1,186,22,23,1,3
20260912_215351_529_traffic_scan_env2025_seed0-499_48352cd1,186,22,24,0,1
20260912_215351_529_traffic_scan_env2025_seed0-499_48352cd1,186,22,24,1,2
20260912_215351_529_traffic_scan_env2025_seed0-499_48352cd1,186,22,25,1,5
20260912_215351_529_traffic_scan_env2025_seed0-499_48352cd1,186,22,26,0,2
20260912_215351_529_traffic_scan_env2025_seed0-499_48352cd1,186,22,26,1,2
20260912_215351_529_traffic_scan_env2025_seed0-499_48352cd1,186,22,27,1,2
20260912_215351_529_traffic_scan_env2025_seed0-499_48352cd1,186,22,28,1,1
20260912_215351_529_traffic_scan_env2025_seed0-499_48352cd1,186,22,29,1,3
20260912_215351_529_traffic_scan_env2025_seed0-499_48352cd1,186,22,30,0,1
20260912_215351_529_traffic_scan_env2025_seed0-499_48352cd1,186,22,30,1,3
20260912_215351_529_traffic_scan_env2025_seed0-499_48352cd1,186,22,32,0,2
20260912_215351_529_traffic_scan_env2025_seed0-499_48352cd1,186,22,32,1,2
20260912_215351_529_traffic_scan_env2025_seed0-499_48352cd1,186,22,35,2,2
20260912_215351_529_traffic_scan_env2025_seed0-499_48352cd1,186,22,36,1,1
20260912_215351_529_traffic_scan_env2025_seed0-499_48352cd1,186,22,38,0,2
20260912_215351_529_traffic_scan_env2025_seed0-499_48352cd1,186,22,39,0,4
20260912_215351_529_traffic_scan_env2025_seed0-499_48352cd1,186,22,39,1,5
20260912_215351_529_traffic_scan_env2025_seed0-499_48352cd1,186,22,41,2,1
20260912_215351_529_traffic_scan_env2025_seed0-499_48352cd1,186,22,42,1,1
20260912_215351_529_traffic_scan_env2025_seed0-499_48352cd1,186,22,43,0,2
20260912_215351_529_traffic_scan_env2025_seed0-499_48352cd1,186,22,43,1,1
20260912_215351_529_traffic_scan_env2025_seed0-499_48352cd1,186,22,44,0,1
20260912_215351_529_traffic_scan_env2025_seed0-499_48352cd1,186,22,45,0,1
20260912_215351_529_traffic_scan_env2025_seed0-499_48352cd1,186,22,45,1,1
20260912_215351_529_traffic_scan_env2025_seed0-499_48352cd1,186,22,46,0,1
20260912_215351_529_traffic_scan_env2025_seed0-499_48352cd1,186,22,47,2,3
20260912_215351_529_traffic_scan_env2025_seed0-499_48352cd1,186,22,48,0,1
20260912_215351_529_traffic_scan_env2025_seed0-499_48352cd1,186,22,49,0,1
20260912_215351_529_traffic_scan_env2025_seed0-499_48352cd1,186,22,53,0,2
20260912_215351_529_traffic_scan_env2025_seed0-499_48352cd1,186,22,55,0,1
20260912_215351_529_traffic_scan_env2025_seed0-499_48352cd1,186,23,1,0,1
20260912_215351_529_traffic_scan_env2025_seed0-499_48352cd1,186,23,2,1,1
20260912_215351_529_traffic_scan_env2025_seed0-499_48352cd1,186,23,4,0,1
20260912_215351_529_traffic_scan_env2025_seed0-499_48352cd1,186,23,6,0,1
20260912_215351_529_traffic_scan_env2025_seed0-499_48352cd1,186,23,7,0,4
20260912_215351_529_traffic_scan_env2025_seed0-499_48352cd1,186,23,7,1,1
20260912_215351_529_traffic_scan_env2025_seed0-499_48352cd1,186,23,8,0,1
20260912_215351_529_traffic_scan_env2025_seed0-499_48352cd1,186,23,9,1,3
20260912_215351_529_traffic_scan_env2025_seed0-499_48352cd1,186,23,10,1,3
20260912_215351_529_traffic_scan_env2025_seed0-499_48352cd1,186,23,11,2,1
20260912_215351_529_traffic_scan_env2025_seed0-499_48352cd1,186,23,12,0,1
20260912_215351_529_traffic_scan_env2025_seed0-499_48352cd1,186,23,12,1,4
20260912_215351_529_traffic_scan_env2025_seed0-499_48352cd1,186,23,13,1,1
20260912_215351_529_traffic_scan_env2025_seed0-499_48352cd1,186,23,14,1,2
20260912_215351_529_traffic_scan_env2025_seed0-499_48352cd1,186,23,15,1,3
20260912_215351_529_traffic_scan_env2025_seed0-499_48352cd1,186,23,16,0,1
20260912_215351_529_traffic_scan_env2025_seed0-499_48352cd1,186,23,16,1,2
20260912_215351_529_traffic_scan_env2025_seed0-499_48352cd1,186,23,17,1,1
20260912_215351_529_traffic_scan_env2025_seed0-499_48352cd1,186,23,18,0,4
20260912_215351_529_traffic_scan_env2025_seed0-499_48352cd1,186,23,18,1,5
20260912_215351_529_traffic_scan_env2025_seed0-499_48352cd1,186,23,19,1,1
20260912_215351_529_traffic_scan_env2025_seed0-499_48352cd1,186,23,20,0,4
20260912_215351_529_traffic_scan_env2025_seed0-499_48352cd1,186,23,20,1,1
20260912_215351_529_traffic_scan_env2025_seed0-499_48352cd1,186,23,21,0,3
20260912_215351_529_traffic_scan_env2025_seed0-499_48352cd1,186,23,21,1,4
20260912_215351_529_traffic_scan_env2025_seed0-499_48352cd1,186,23,21,2,2
20260912_215351_529_traffic_scan_env2025_seed0-499_48352cd1,186,23,22,2,4
20260912_215351_529_traffic_scan_env2025_seed0-499_48352cd1,186,23,23,0,3
20260912_215351_529_traffic_scan_env2025_seed0-499_48352cd1,186,23,23,1,2
20260912_215351_529_traffic_scan_env2025_seed0-499_48352cd1,186,23,24,0,4
20260912_215351_529_traffic_scan_env2025_seed0-499_48352cd1,186,23,24,1,3
20260912_215351_529_traffic_scan_env2025_seed0-499_48352cd1,186,23,25,0,4
20260912_215351_529_traffic_scan_env2025_seed0-499_48352cd1,186,23,25,1,5
20260912_215351_529_traffic_scan_env2025_seed0-499_48352cd1,186,23,27,0,2
20260912_215351_529_traffic_scan_env2025_seed0-499_48352cd1,186,23,27,1,3
20260912_215351_529_traffic_scan_env2025_seed0-499_48352cd1,186,23,28,2,4
20260912_215351_529_traffic_scan_env2025_seed0-499_48352cd1,186,23,29,1,1
20260912_215351_529_traffic_scan_env2025_seed0-499_48352cd1,186,23,31,0,2
20260912_215351_529_traffic_scan_env2025_seed0-499_48352cd1,186,23,31,1,5
20260912_215351_529_traffic_scan_env2025_seed0-499_48352cd1,186,23,33,0,1
20260912_215351_529_traffic_scan_env2025_seed0-499_48352cd1,186,23,34,0,1
20260912_215351_529_traffic_scan_env2025_seed0-499_48352cd1,186,23,34,1,1
20260912_215351_529_traffic_scan_env2025_seed0-499_48352cd1,186,23,35,1,2
20260912_215351_529_traffic_scan_env2025_seed0-499_48352cd1,186,23,36,1,2
20260912_215351_529_traffic_scan_env2025_seed0-499_48352cd1,186,23,37,0,2
20260912_215351_529_traffic_scan_env2025_seed0-499_48352cd1,186,23,37,1,1
20260912_215351_529_traffic_scan_env2025_seed0-499_48352cd1,186,23,38,0,1
20260912_215351_529_traffic_scan_env2025_seed0-499_48352cd1,186,23,38,1,3
20260912_215351_529_traffic_scan_env2025_seed0-499_48352cd1,186,23,39,1,1
20260912_215351_529_traffic_scan_env2025_seed0-499_48352cd1,186,23,40,0,3
20260912_215351_529_traffic_scan_env2025_seed0-499_48352cd1,186,23,40,1,4
20260912_215351_529_traffic_scan_env2025_seed0-499_48352cd1,186,23,42,2,1
20260912_215351_529_traffic_scan_env2025_seed0-499_48352cd1,186,23,44,0,1
20260912_215351_529_traffic_scan_env2025_seed0-499_48352cd1,186,23,45,1,1
20260912_215351_529_traffic_scan_env2025_seed0-499_48352cd1,186,23,46,1,3
20260912_215351_529_traffic_scan_env2025_seed0-499_48352cd1,186,23,47,1,1
20260912_215351_529_traffic_scan_env2025_seed0-499_48352cd1,186,23,50,0,1
20260912_215351_529_traffic_scan_env2025_seed0-499_48352cd1,186,23,52,0,2
20260912_215351_529_traffic_scan_env2025_seed0-499_48352cd1,186,23,55,0,1
20260912_215351_529_traffic_scan_env2025_seed0-499_48352cd1,186,24,0,0,1
20260912_215351_529_traffic_scan_env2025_seed0-499_48352cd1,186,24,1,1,1
20260912_215351_529_traffic_scan_env2025_seed0-499_48352cd1,186,24,5,0,1
20260912_215351_529_traffic_scan_env2025_seed0-499_48352cd1,186,24,7,1,1
20260912_215351_529_traffic_scan_env2025_seed0-499_48352cd1,186,24,8,0,2
20260912_215351_529_traffic_scan_env2025_seed0-499_48352cd1,186,24,9,1,1
20260912_215351_529_traffic_scan_env2025_seed0-499_48352cd1,186,24,10,1,2
20260912_215351_529_traffic_scan_env2025_seed0-499_48352cd1,186,24,11,0,1
20260912_215351_529_traffic_scan_env2025_seed0-499_48352cd1,186,24,11,1,3
20260912_215351_529_traffic_scan_env2025_seed0-499_48352cd1,186,24,13,0,1
20260912_215351_529_traffic_scan_env2025_seed0-499_48352cd1,186,24,13,1,1
20260912_215351_529_traffic_scan_env2025_seed0-499_48352cd1,186,24,15,0,1
20260912_215351_529_traffic_scan_env2025_seed0-499_48352cd1,186,24,15,1,1
20260912_215351_529_traffic_scan_env2025_seed0-499_48352cd1,186,24,17,0,1
20260912_215351_529_traffic_scan_env2025_seed0-499_48352cd1,186,24,17,1,1
20260912_215351_529_traffic_scan_env2025_seed0-499_48352cd1,186,24,18,1,2
20260912_215351_529_traffic_scan_env2025_seed0-499_48352cd1,186,24,19,0,4
20260912_215351_529_traffic_scan_env2025_seed0-499_48352cd1,186,24,19,1,2
20260912_215351_529_traffic_scan_env2025_seed0-499_48352cd1,186,24,20,2,3
20260912_215351_529_traffic_scan_env2025_seed0-499_48352cd1,186,24,21,3,3
20260912_215351_529_traffic_scan_env2025_seed0-499_48352cd1,186,24,22,3,2
20260912_215351_529_traffic_scan_env2025_seed0-499_48352cd1,186,24,23,1,4
20260912_215351_529_traffic_scan_env2025_seed0-499_48352cd1,186,24,26,1,9
20260912_215351_529_traffic_scan_env2025_seed0-499_48352cd1,186,24,27,1,4
20260912_215351_529_traffic_scan_env2025_seed0-499_48352cd1,186,24,28,0,2
20260912_215351_529_traffic_scan_env2025_seed0-499_48352cd1,186,24,28,1,4
20260912_215351_529_traffic_scan_env2025_seed0-499_48352cd1,186,24,29,1,5
20260912_215351_529_traffic_scan_env2025_seed0-499_48352cd1,186,24,30,0,1
20260912_215351_529_traffic_scan_env2025_seed0-499_48352cd1,186,24,30,1,4
20260912_215351_529_traffic_scan_env2025_seed0-499_48352cd1,186,24,31,1,2
20260912_215351_529_traffic_scan_env2025_seed0-499_48352cd1,186,24,32,1,5
20260912_215351_529_traffic_scan_env2025_seed0-499_48352cd1,186,24,33,1,3
20260912_215351_529_traffic_scan_env2025_seed0-499_48352cd1,186,24,34,1,3
20260912_215351_529_traffic_scan_env2025_seed0-499_48352cd1,186,24,35,0,1
20260912_215351_529_traffic_scan_env2025_seed0-499_48352cd1,186,24,35,1,3
20260912_215351_529_traffic_scan_env2025_seed0-499_48352cd1,186,24,36,0,2
20260912_215351_529_traffic_scan_env2025_seed0-499_48352cd1,186,24,36,1,3
20260912_215351_529_traffic_scan_env2025_seed0-499_48352cd1,186,24,37,0,1
20260912_215351_529_traffic_scan_env2025_seed0-499_48352cd1,186,24,37,1,4
20260912_215351_529_traffic_scan_env2025_seed0-499_48352cd1,186,24,38,1,2
20260912_215351_529_traffic_scan_env2025_seed0-499_48352cd1,186,24,39,1,2
20260912_215351_529_traffic_scan_env2025_seed0-499_48352cd1,186,24,40,1,2
20260912_215351_529_traffic_scan_env2025_seed0-499_48352cd1,186,24,41,0,3
20260912_215351_529_traffic_scan_env2025_seed0-499_48352cd1,186,24,41,1,6
20260912_215351_529_traffic_scan_env2025_seed0-499_48352cd1,186,24,42,2,2
20260912_215351_529_traffic_scan_env2025_seed0-499_48352cd1,186,24,43,2,2
20260912_215351_529_traffic_scan_env2025_seed0-499_48352cd1,186,24,44,0,1
20260912_215351_529_traffic_scan_env2025_seed0-499_48352cd1,186,24,44,1,2
20260912_215351_529_traffic_scan_env2025_seed0-499_48352cd1,186,24,45,1,6
20260912_215351_529_traffic_scan_env2025_seed0-499_48352cd1,186,24,46,1,2
20260912_215351_529_traffic_scan_env2025_seed0-499_48352cd1,186,24,47,0,1
20260912_215351_529_traffic_scan_env2025_seed0-499_48352cd1,186,24,47,1,1
20260912_215351_529_traffic_scan_env2025_seed0-499_48352cd1,186,24,48,0,1
20260912_215351_529_traffic_scan_env2025_seed0-499_48352cd1,186,24,48,1,1
20260912_215351_529_traffic_scan_env2025_seed0-499_48352cd1,186,24,49,0,1
20260912_215351_529_traffic_scan_env2025_seed0-499_48352cd1,186,24,49,1,1
20260912_215351_529_traffic_scan_env2025_seed0-499_48352cd1,186,24,50,0,1
20260912_215351_529_traffic_scan_env2025_seed0-499_48352cd1,186,24,50,1,1
20260912_215351_529_traffic_scan_env2025_seed0-499_48352cd1,186,24,51,0,3
20260912_215351_529_traffic_scan_env2025_seed0-499_48352cd1,186,24,51,1,2
20260912_215351_529_traffic_scan_env2025_seed0-499_48352cd1,186,24,52,0,2
20260912_215351_529_traffic_scan_env2025_seed0-499_48352cd1,186,24,52,1,1
20260912_215351_529_traffic_scan_env2025_seed0-499_48352cd1,186,24,53,0,1
20260912_215351_529_traffic_scan_env2025_seed0-499_48352cd1,186,24,55,0,1
20260912_215351_529_traffic_scan_env2025_seed0-499_48352cd1,186,25,1,1,1
20260912_215351_529_traffic_scan_env2025_seed0-499_48352cd1,186,25,5,0,1
20260912_215351_529_traffic_scan_env2025_seed0-499_48352cd1,186,25,7,1,1
20260912_215351_529_traffic_scan_env2025_seed0-499_48352cd1,186,25,9,0,2
20260912_215351_529_traffic_scan_env2025_seed0-499_48352cd1,186,25,9,1,2
20260912_215351_529_traffic_scan_env2025_seed0-499_48352cd1,186,25,10,2,4
20260912_215351_529_traffic_scan_env2025_seed0-499_48352cd1,186,25,11,2,2
20260912_215351_529_traffic_scan_env2025_seed0-499_48352cd1,186,25,12,0,1
20260912_215351_529_traffic_scan_env2025_seed0-499_48352cd1,186,25,12,1,2
20260912_215351_529_traffic_scan_env2025_seed0-499_48352cd1,186,25,13,1,1
20260912_215351_529_traffic_scan_env2025_seed0-499_48352cd1,186,25,14,0,1
20260912_215351_529_traffic_scan_env2025_seed0-499_48352cd1,186,25,14,1,3
20260912_215351_529_traffic_scan_env2025_seed0-499_48352cd1,186,25,15,0,1
20260912_215351_529_traffic_scan_env2025_seed0-499_48352cd1,186,25,16,0,1
20260912_215351_529_traffic_scan_env2025_seed0-499_48352cd1,186,25,18,1,3
20260912_215351_529_traffic_scan_env2025_seed0-499_48352cd1,186,25,19,0,1
20260912_215351_529_traffic_scan_env2025_seed0-499_48352cd1,186,25,19,1,2
20260912_215351_529_traffic_scan_env2025_seed0-499_48352cd1,186,25,20,2,6
20260912_215351_529_traffic_scan_env2025_seed0-499_48352cd1,186,25,23,2,5
20260912_215351_529_traffic_scan_env2025_seed0-499_48352cd1,186,25,26,0,3
20260912_215351_529_traffic_scan_env2025_seed0-499_48352cd1,186,25,26,1,2
20260912_215351_529_traffic_scan_env2025_seed0-499_48352cd1,186,25,27,1,3
20260912_215351_529_traffic_scan_env2025_seed0-499_48352cd1,186,25,29,0,3
20260912_215351_529_traffic_scan_env2025_seed0-499_48352cd1,186,25,29,1,5
20260912_215351_529_traffic_scan_env2025_seed0-499_48352cd1,186,25,30,1,2
20260912_215351_529_traffic_scan_env2025_seed0-499_48352cd1,186,25,33,1,6
20260912_215351_529_traffic_scan_env2025_seed0-499_48352cd1,186,25,34,1,1
20260912_215351_529_traffic_scan_env2025_seed0-499_48352cd1,186,25,35,0,2
20260912_215351_529_traffic_scan_env2025_seed0-499_48352cd1,186,25,35,1,2
20260912_215351_529_traffic_scan_env2025_seed0-499_48352cd1,186,25,36,0,2
20260912_215351_529_traffic_scan_env2025_seed0-499_48352cd1,186,25,36,1,4
20260912_215351_529_traffic_scan_env2025_seed0-499_48352cd1,186,25,37,1,1
20260912_215351_529_traffic_scan_env2025_seed0-499_48352cd1,186,25,38,1,1
20260912_215351_529_traffic_scan_env2025_seed0-499_48352cd1,186,25,39,1,1
20260912_215351_529_traffic_scan_env2025_seed0-499_48352cd1,186,25,40,0,1
20260912_215351_529_traffic_scan_env2025_seed0-499_48352cd1,186,25,40,1,1
20260912_215351_529_traffic_scan_env2025_seed0-499_48352cd1,186,25,41,0,1
20260912_215351_529_traffic_scan_env2025_seed0-499_48352cd1,186,25,41,1,1
20260912_215351_529_traffic_scan_env2025_seed0-499_48352cd1,186,25,42,0,2
20260912_215351_529_traffic_scan_env2025_seed0-499_48352cd1,186,25,42,1,4
20260912_215351_529_traffic_scan_env2025_seed0-499_48352cd1,186,25,43,1,1
20260912_215351_529_traffic_scan_env2025_seed0-499_48352cd1,186,25,44,1,3
20260912_215351_529_traffic_scan_env2025_seed0-499_48352cd1,186,25,45,0,1
20260912_215351_529_traffic_scan_env2025_seed0-499_48352cd1,186,25,45,1,1
20260912_215351_529_traffic_scan_env2025_seed0-499_48352cd1,186,25,48,0,1
20260912_215351_529_traffic_scan_env2025_seed0-499_48352cd1,186,25,49,0,1
20260912_215351_529_traffic_scan_env2025_seed0-499_48352cd1,186,25,50,0,2
20260912_215351_529_traffic_scan_env2025_seed0-499_48352cd1,186,25,50,1,1
20260912_215351_529_traffic_scan_env2025_seed0-499_48352cd1,186,25,51,0,2
20260912_215351_529_traffic_scan_env2025_seed0-499_48352cd1,186,25,53,0,2
20260912_215351_529_traffic_scan_env2025_seed0-499_48352cd1,186,25,54,0,2
20260912_215351_529_traffic_scan_env2025_seed0-499_48352cd1,186,25,55,0,3
20260912_215351_529_traffic_scan_env2025_seed0-499_48352cd1,186,25,56,0,1
20260912_215351_529_traffic_scan_env2025_seed0-499_48352cd1,186,25,57,0,1
20260912_215351_529_traffic_scan_env2025_seed0-499_48352cd1,186,25,58,0,1
20260912_215351_529_traffic_scan_env2025_seed0-499_48352cd1,186,25,59,0,1
20260912_215351_529_traffic_scan_env2025_seed0-499_48352cd1,186,26,1,0,1
20260912_215351_529_traffic_scan_env2025_seed0-499_48352cd1,186,26,1,1,1
20260912_215351_529_traffic_scan_env2025_seed0-499_48352cd1,186,26,4,0,2
20260912_215351_529_traffic_scan_env2025_seed0-499_48352cd1,186,26,5,0,1
20260912_215351_529_traffic_scan_env2025_seed0-499_48352cd1,186,26,6,0,1
20260912_215351_529_traffic_scan_env2025_seed0-499_48352cd1,186,26,7,0,1
20260912_215351_529_traffic_scan_env2025_seed0-499_48352cd1,186,26,7,1,1
20260912_215351_529_traffic_scan_env2025_seed0-499_48352cd1,186,26,8,0,1
20260912_215351_529_traffic_scan_env2025_seed0-499_48352cd1,186,26,9,0,2
20260912_215351_529_traffic_scan_env2025_seed0-499_48352cd1,186,26,9,1,2
20260912_215351_529_traffic_scan_env2025_seed0-499_48352cd1,186,26,10,2,2
20260912_215351_529_traffic_scan_env2025_seed0-499_48352cd1,186,26,12,1,1
20260912_215351_529_traffic_scan_env2025_seed0-499_48352cd1,186,26,13,0,1
20260912_215351_529_traffic_scan_env2025_seed0-499_48352cd1,186,26,13,1,2
20260912_215351_529_traffic_scan_env2025_seed0-499_48352cd1,186,26,15,0,3
20260912_215351_529_traffic_scan_env2025_seed0-499_48352cd1,186,26,15,1,2
20260912_215351_529_traffic_scan_env2025_seed0-499_48352cd1,186,26,16,1,1
20260912_215351_529_traffic_scan_env2025_seed0-499_48352cd1,186,26,17,0,1
20260912_215351_529_traffic_scan_env2025_seed0-499_48352cd1,186,26,17,1,1
20260912_215351_529_traffic_scan_env2025_seed0-499_48352cd1,186,26,18,0,1
20260912_215351_529_traffic_scan_env2025_seed0-499_48352cd1,186,26,18,1,5
20260912_215351_529_traffic_scan_env2025_seed0-499_48352cd1,186,26,19,1,6
20260912_215351_529_traffic_scan_env2025_seed0-499_48352cd1,186,26,20,0,1
20260912_215351_529_traffic_scan_env2025_seed0-499_48352cd1,186,26,20,1,2
20260912_215351_529_traffic_scan_env2025_seed0-499_48352cd1,186,26,21,1,3
20260912_215351_529_traffic_scan_env2025_seed0-499_48352cd1,186,26,22,1,4
20260912_215351_529_traffic_scan_env2025_seed0-499_48352cd1,186,26,23,2,1
20260912_215351_529_traffic_scan_env2025_seed0-499_48352cd1,186,26,24,2,5
20260912_215351_529_traffic_scan_env2025_seed0-499_48352cd1,186,26,25,0,1
20260912_215351_529_traffic_scan_env2025_seed0-499_48352cd1,186,26,25,1,5
20260912_215351_529_traffic_scan_env2025_seed0-499_48352cd1,186,26,26,1,1
20260912_215351_529_traffic_scan_env2025_seed0-499_48352cd1,186,26,27,0,2
20260912_215351_529_traffic_scan_env2025_seed0-499_48352cd1,186,26,27,1,1
20260912_215351_529_traffic_scan_env2025_seed0-499_48352cd1,186,26,28,0,1
20260912_215351_529_traffic_scan_env2025_seed0-499_48352cd1,186,26,28,1,5
20260912_215351_529_traffic_scan_env2025_seed0-499_48352cd1,186,26,29,1,3
20260912_215351_529_traffic_scan_env2025_seed0-499_48352cd1,186,26,30,0,2
20260912_215351_529_traffic_scan_env2025_seed0-499_48352cd1,186,26,30,1,3
20260912_215351_529_traffic_scan_env2025_seed0-499_48352cd1,186,26,31,1,4
20260912_215351_529_traffic_scan_env2025_seed0-499_48352cd1,186,26,32,1,3
20260912_215351_529_traffic_scan_env2025_seed0-499_48352cd1,186,26,33,1,1
20260912_215351_529_traffic_scan_env2025_seed0-499_48352cd1,186,26,34,0,2
20260912_215351_529_traffic_scan_env2025_seed0-499_48352cd1,186,26,34,1,2
20260912_215351_529_traffic_scan_env2025_seed0-499_48352cd1,186,26,35,0,1
20260912_215351_529_traffic_scan_env2025_seed0-499_48352cd1,186,26,35,1,2
20260912_215351_529_traffic_scan_env2025_seed0-499_48352cd1,186,26,36,1,2
20260912_215351_529_traffic_scan_env2025_seed0-499_48352cd1,186,26,37,0,1
20260912_215351_529_traffic_scan_env2025_seed0-499_48352cd1,186,26,39,0,1
20260912_215351_529_traffic_scan_env2025_seed0-499_48352cd1,186,26,40,0,1
20260912_215351_529_traffic_scan_env2025_seed0-499_48352cd1,186,26,41,0,1
20260912_215351_529_traffic_scan_env2025_seed0-499_48352cd1,186,26,43,0,1
20260912_215351_529_traffic_scan_env2025_seed0-499_48352cd1,186,26,43,1,5
20260912_215351_529_traffic_scan_env2025_seed0-499_48352cd1,186,26,45,0,1
20260912_215351_529_traffic_scan_env2025_seed0-499_48352cd1,186,26,45,1,1
20260912_215351_529_traffic_scan_env2025_seed0-499_48352cd1,186,26,46,0,2
20260912_215351_529_traffic_scan_env2025_seed0-499_48352cd1,186,26,47,0,1
20260912_215351_529_traffic_scan_env2025_seed0-499_48352cd1,186,26,49,0,1
20260912_215351_529_traffic_scan_env2025_seed0-499_48352cd1,186,26,49,1,1
20260912_215351_529_traffic_scan_env2025_seed0-499_48352cd1,186,26,52,0,1
20260912_215351_529_traffic_scan_env2025_seed0-499_48352cd1,186,26,55,0,1
20260912_215351_529_traffic_scan_env2025_seed0-499_48352cd1,186,27,1,0,1
20260912_215351_529_traffic_scan_env2025_seed0-499_48352cd1,186,27,1,1,1
20260912_215351_529_traffic_scan_env2025_seed0-499_48352cd1,186,27,2,0,1
20260912_215351_529_traffic_scan_env2025_seed0-499_48352cd1,186,27,3,0,1
20260912_215351_529_traffic_scan_env2025_seed0-499_48352cd1,186,27,4,0,1
20260912_215351_529_traffic_scan_env2025_seed0-499_48352cd1,186,27,7,1,1
20260912_215351_529_traffic_scan_env2025_seed0-499_48352cd1,186,27,8,1,2
20260912_215351_529_traffic_scan_env2025_seed0-499_48352cd1,186,27,10,0,2
20260912_215351_529_traffic_scan_env2025_seed0-499_48352cd1,186,27,10,1,1
20260912_215351_529_traffic_scan_env2025_seed0-499_48352cd1,186,27,11,1,1
20260912_215351_529_traffic_scan_env2025_seed0-499_48352cd1,186,27,12,2,1
20260912_215351_529_traffic_scan_env2025_seed0-499_48352cd1,186,27,13,0,1
20260912_215351_529_traffic_scan_env2025_seed0-499_48352cd1,186,27,13,1,1
20260912_215351_529_traffic_scan_env2025_seed0-499_48352cd1,186,27,14,0,2
20260912_215351_529_traffic_scan_env2025_seed0-499_48352cd1,186,27,14,1,1
20260912_215351_529_traffic_scan_env2025_seed0-499_48352cd1,186,27,15,0,1
20260912_215351_529_traffic_scan_env2025_seed0-499_48352cd1,186,27,15,1,1
20260912_215351_529_traffic_scan_env2025_seed0-499_48352cd1,186,27,16,0,1
20260912_215351_529_traffic_scan_env2025_seed0-499_48352cd1,186,27,17,2,2
20260912_215351_529_traffic_scan_env2025_seed0-499_48352cd1,186,27,18,2,5
20260912_215351_529_traffic_scan_env2025_seed0-499_48352cd1,186,27,20,0,2
20260912_215351_529_traffic_scan_env2025_seed0-499_48352cd1,186,27,20,1,2
20260912_215351_529_traffic_scan_env2025_seed0-499_48352cd1,186,27,21,1,1
20260912_215351_529_traffic_scan_env2025_seed0-499_48352cd1,186,27,22,1,2
20260912_215351_529_traffic_scan_env2025_seed0-499_48352cd1,186,27,23,0,2
20260912_215351_529_traffic_scan_env2025_seed0-499_48352cd1,186,27,23,1,2
20260912_215351_529_traffic_scan_env2025_seed0-499_48352cd1,186,27,26,1,3
20260912_215351_529_traffic_scan_env2025_seed0-499_48352cd1,186,27,27,0,1
20260912_215351_529_traffic_scan_env2025_seed0-499_48352cd1,186,27,27,1,1
20260912_215351_529_traffic_scan_env2025_seed0-499_48352cd1,186,27,28,0,2
20260912_215351_529_traffic_scan_env2025_seed0-499_48352cd1,186,27,29,1,5
20260912_215351_529_traffic_scan_env2025_seed0-499_48352cd1,186,27,30,1,1
20260912_215351_529_traffic_scan_env2025_seed0-499_48352cd1,186,27,31,0,2
20260912_215351_529_traffic_scan_env2025_seed0-499_48352cd1,186,27,31,1,3
20260912_215351_529_traffic_scan_env2025_seed0-499_48352cd1,186,27,32,1,2
20260912_215351_529_traffic_scan_env2025_seed0-499_48352cd1,186,27,33,0,2
20260912_215351_529_traffic_scan_env2025_seed0-499_48352cd1,186,27,33,1,1
20260912_215351_529_traffic_scan_env2025_seed0-499_48352cd1,186,27,34,0,1
20260912_215351_529_traffic_scan_env2025_seed0-499_48352cd1,186,27,34,1,2
20260912_215351_529_traffic_scan_env2025_seed0-499_48352cd1,186,27,35,1,2
20260912_215351_529_traffic_scan_env2025_seed0-499_48352cd1,186,27,36,1,1
20260912_215351_529_traffic_scan_env2025_seed0-499_48352cd1,186,27,37,1,1
20260912_215351_529_traffic_scan_env2025_seed0-499_48352cd1,186,27,38,0,2
20260912_215351_529_traffic_scan_env2025_seed0-499_48352cd1,186,27,39,0,1
20260912_215351_529_traffic_scan_env2025_seed0-499_48352cd1,186,27,40,0,1
20260912_215351_529_traffic_scan_env2025_seed0-499_48352cd1,186,27,42,2,2
20260912_215351_529_traffic_scan_env2025_seed0-499_48352cd1,186,27,44,1,5
20260912_215351_529_traffic_scan_env2025_seed0-499_48352cd1,186,27,45,1,1
20260912_215351_529_traffic_scan_env2025_seed0-499_48352cd1,186,27,47,0,1
20260912_215351_529_traffic_scan_env2025_seed0-499_48352cd1,186,27,48,0,1
20260912_215351_529_traffic_scan_env2025_seed0-499_48352cd1,186,27,48,1,1
20260912_215351_529_traffic_scan_env2025_seed0-499_48352cd1,186,27,53,0,1
20260912_215351_529_traffic_scan_env2025_seed0-499_48352cd1,186,27,55,0,1
20260912_215351_529_traffic_scan_env2025_seed0-499_48352cd1,186,28,1,1,1
20260912_215351_529_traffic_scan_env2025_seed0-499_48352cd1,186,28,2,0,1
20260912_215351_529_traffic_scan_env2025_seed0-499_48352cd1,186,28,5,0,1
20260912_215351_529_traffic_scan_env2025_seed0-499_48352cd1,186,28,7,1,3
20260912_215351_529_traffic_scan_env2025_seed0-499_48352cd1,186,28,9,2,1
20260912_215351_529_traffic_scan_env2025_seed0-499_48352cd1,186,28,10,0,1
20260912_215351_529_traffic_scan_env2025_seed0-499_48352cd1,186,28,10,1,2
20260912_215351_529_traffic_scan_env2025_seed0-499_48352cd1,186,28,11,0,1
20260912_215351_529_traffic_scan_env2025_seed0-499_48352cd1,186,28,11,1,2
20260912_215351_529_traffic_scan_env2025_seed0-499_48352cd1,186,28,12,0,2
20260912_215351_529_traffic_scan_env2025_seed0-499_48352cd1,186,28,12,1,2
20260912_215351_529_traffic_scan_env2025_seed0-499_48352cd1,186,28,12,2,1
20260912_215351_529_traffic_scan_env2025_seed0-499_48352cd1,186,28,13,0,1
20260912_215351_529_traffic_scan_env2025_seed0-499_48352cd1,186,28,13,1,2
20260912_215351_529_traffic_scan_env2025_seed0-499_48352cd1,186,28,14,1,1
20260912_215351_529_traffic_scan_env2025_seed0-499_48352cd1,186,28,15,0,2
20260912_215351_529_traffic_scan_env2025_seed0-499_48352cd1,186,28,15,1,1
20260912_215351_529_traffic_scan_env2025_seed0-499_48352cd1,186,28,16,1,3
20260912_215351_529_traffic_scan_env2025_seed0-499_48352cd1,186,28,17,2,2
20260912_215351_529_traffic_scan_env2025_seed0-499_48352cd1,186,28,18,2,3
20260912_215351_529_traffic_scan_env2025_seed0-499_48352cd1,186,28,19,0,1
20260912_215351_529_traffic_scan_env2025_seed0-499_48352cd1,186,28,20,0,1
20260912_215351_529_traffic_scan_env2025_seed0-499_48352cd1,186,28,20,1,2
20260912_215351_529_traffic_scan_env2025_seed0-499_48352cd1,186,28,21,1,1
20260912_215351_529_traffic_scan_env2025_seed0-499_48352cd1,186,28,22,1,3
20260912_215351_529_traffic_scan_env2025_seed0-499_48352cd1,186,28,23,0,1
20260912_215351_529_traffic_scan_env2025_seed0-499_48352cd1,186,28,23,1,2
20260912_215351_529_traffic_scan_env2025_seed0-499_48352cd1,186,28,26,0,1
20260912_215351_529_traffic_scan_env2025_seed0-499_48352cd1,186,28,26,1,1
20260912_215351_529_traffic_scan_env2025_seed0-499_48352cd1,186,28,27,0,1
20260912_215351_529_traffic_scan_env2025_seed0-499_48352cd1,186,28,27,1,2
20260912_215351_529_traffic_scan_env2025_seed0-499_48352cd1,186,28,29,0,2
20260912_215351_529_traffic_scan_env2025_seed0-499_48352cd1,186,28,29,1,3
20260912_215351_529_traffic_scan_env2025_seed0-499_48352cd1,186,28,30,1,4
20260912_215351_529_traffic_scan_env2025_seed0-499_48352cd1,186,28,32,0,4
20260912_215351_529_traffic_scan_env2025_seed0-499_48352cd1,186,28,32,1,2
20260912_215351_529_traffic_scan_env2025_seed0-499_48352cd1,186,28,33,0,1
20260912_215351_529_traffic_scan_env2025_seed0-499_48352cd1,186,28,33,1,5
20260912_215351_529_traffic_scan_env2025_seed0-499_48352cd1,186,28,36,1,3
20260912_215351_529_traffic_scan_env2025_seed0-499_48352cd1,186,28,37,0,1
20260912_215351_529_traffic_scan_env2025_seed0-499_48352cd1,186,28,38,0,1
20260912_215351_529_traffic_scan_env2025_seed0-499_48352cd1,186,28,38,1,1
20260912_215351_529_traffic_scan_env2025_seed0-499_48352cd1,186,28,39,0,1
20260912_215351_529_traffic_scan_env2025_seed0-499_48352cd1,186,28,40,0,2
20260912_215351_529_traffic_scan_env2025_seed0-499_48352cd1,186,28,41,2,2
20260912_215351_529_traffic_scan_env2025_seed0-499_48352cd1,186,28,43,0,1
20260912_215351_529_traffic_scan_env2025_seed0-499_48352cd1,186,28,45,0,3
20260912_215351_529_traffic_scan_env2025_seed0-499_48352cd1,186,28,45,1,2
20260912_215351_529_traffic_scan_env2025_seed0-499_48352cd1,186,28,47,0,2
20260912_215351_529_traffic_scan_env2025_seed0-499_48352cd1,186,28,47,1,1
20260912_215351_529_traffic_scan_env2025_seed0-499_48352cd1,186,28,54,0,1
20260912_215351_529_traffic_scan_env2025_seed0-499_48352cd1,186,28,55,0,1
20260912_215351_529_traffic_scan_env2025_seed0-499_48352cd1,186,29,0,0,1
20260912_215351_529_traffic_scan_env2025_seed0-499_48352cd1,186,29,1,0,1
20260912_215351_529_traffic_scan_env2025_seed0-499_48352cd1,186,29,1,1,1
20260912_215351_529_traffic_scan_env2025_seed0-499_48352cd1,186,29,2,0,1
20260912_215351_529_traffic_scan_env2025_seed0-499_48352cd1,186,29,3,0,2
20260912_215351_529_traffic_scan_env2025_seed0-499_48352cd1,186,29,4,0,3
20260912_215351_529_traffic_scan_env2025_seed0-499_48352cd1,186,29,5,0,1
20260912_215351_529_traffic_scan_env2025_seed0-499_48352cd1,186,29,6,0,2
20260912_215351_529_traffic_scan_env2025_seed0-499_48352cd1,186,29,6,1,2
20260912_215351_529_traffic_scan_env2025_seed0-499_48352cd1,186,29,7,1,2
20260912_215351_529_traffic_scan_env2025_seed0-499_48352cd1,186,29,8,0,1
20260912_215351_529_traffic_scan_env2025_seed0-499_48352cd1,186,29,8,1,1
20260912_215351_529_traffic_scan_env2025_seed0-499_48352cd1,186,29,10,0,1
20260912_215351_529_traffic_scan_env2025_seed0-499_48352cd1,186,29,10,1,3
20260912_215351_529_traffic_scan_env2025_seed0-499_48352cd1,186,29,11,0,1
20260912_215351_529_traffic_scan_env2025_seed0-499_48352cd1,186,29,11,1,1
20260912_215351_529_traffic_scan_env2025_seed0-499_48352cd1,186,29,13,3,1
20260912_215351_529_traffic_scan_env2025_seed0-499_48352cd1,186,29,14,0,1
20260912_215351_529_traffic_scan_env2025_seed0-499_48352cd1,186,29,14,1,2
20260912_215351_529_traffic_scan_env2025_seed0-499_48352cd1,186,29,15,0,1
20260912_215351_529_traffic_scan_env2025_seed0-499_48352cd1,186,29,15,1,5
20260912_215351_529_traffic_scan_env2025_seed0-499_48352cd1,186,29,16,0,1
20260912_215351_529_traffic_scan_env2025_seed0-499_48352cd1,186,29,16,1,5
20260912_215351_529_traffic_scan_env2025_seed0-499_48352cd1,186,29,17,1,4
20260912_215351_529_traffic_scan_env2025_seed0-499_48352cd1,186,29,18,0,2
20260912_215351_529_traffic_scan_env2025_seed0-499_48352cd1,186,29,18,1,4
20260912_215351_529_traffic_scan_env2025_seed0-499_48352cd1,186,29,19,1,3
20260912_215351_529_traffic_scan_env2025_seed0-499_48352cd1,186,29,20,0,1
20260912_215351_529_traffic_scan_env2025_seed0-499_48352cd1,186,29,20,1,3
20260912_215351_529_traffic_scan_env2025_seed0-499_48352cd1,186,29,21,1,5
20260912_215351_529_traffic_scan_env2025_seed0-499_48352cd1,186,29,22,1,3
20260912_215351_529_traffic_scan_env2025_seed0-499_48352cd1,186,29,23,0,1
20260912_215351_529_traffic_scan_env2025_seed0-499_48352cd1,186,29,24,1,2
20260912_215351_529_traffic_scan_env2025_seed0-499_48352cd1,186,29,25,0,1
20260912_215351_529_traffic_scan_env2025_seed0-499_48352cd1,186,29,25,1,1
20260912_215351_529_traffic_scan_env2025_seed0-499_48352cd1,186,29,28,1,5
20260912_215351_529_traffic_scan_env2025_seed0-499_48352cd1,186,29,30,0,2
20260912_215351_529_traffic_scan_env2025_seed0-499_48352cd1,186,29,30,1,2
20260912_215351_529_traffic_scan_env2025_seed0-499_48352cd1,186,29,31,0,2
20260912_215351_529_traffic_scan_env2025_seed0-499_48352cd1,186,29,31,1,3
20260912_215351_529_traffic_scan_env2025_seed0-499_48352cd1,186,29,32,0,1
20260912_215351_529_traffic_scan_env2025_seed0-499_48352cd1,186,29,32,1,2
20260912_215351_529_traffic_scan_env2025_seed0-499_48352cd1,186,29,33,0,2
20260912_215351_529_traffic_scan_env2025_seed0-499_48352cd1,186,29,33,1,3
20260912_215351_529_traffic_scan_env2025_seed0-499_48352cd1,186,29,34,2,2
20260912_215351_529_traffic_scan_env2025_seed0-499_48352cd1,186,29,36,0,1
20260912_215351_529_traffic_scan_env2025_seed0-499_48352cd1,186,29,36,1,1
20260912_215351_529_traffic_scan_env2025_seed0-499_48352cd1,186,29,37,0,1
20260912_215351_529_traffic_scan_env2025_seed0-499_48352cd1,186,29,37,1,2
20260912_215351_529_traffic_scan_env2025_seed0-499_48352cd1,186,29,39,0,2
20260912_215351_529_traffic_scan_env2025_seed0-499_48352cd1,186,29,39,1,2
20260912_215351_529_traffic_scan_env2025_seed0-499_48352cd1,186,29,40,0,1
20260912_215351_529_traffic_scan_env2025_seed0-499_48352cd1,186,29,40,1,2
20260912_215351_529_traffic_scan_env2025_seed0-499_48352cd1,186,29,41,0,1
20260912_215351_529_traffic_scan_env2025_seed0-499_48352cd1,186,29,42,0,1
20260912_215351_529_traffic_scan_env2025_seed0-499_48352cd1,186,29,45,1,1
20260912_215351_529_traffic_scan_env2025_seed0-499_48352cd1,186,29,46,0,4
20260912_215351_529_traffic_scan_env2025_seed0-499_48352cd1,186,29,46,1,3
20260912_215351_529_traffic_scan_env2025_seed0-499_48352cd1,186,29,47,0,3
20260912_215351_529_traffic_scan_env2025_seed0-499_48352cd1,186,29,47,1,2
20260912_215351_529_traffic_scan_env2025_seed0-499_48352cd1,186,29,48,0,1
20260912_215351_529_traffic_scan_env2025_seed0-499_48352cd1,186,29,55,0,2
20260912_215351_529_traffic_scan_env2025_seed0-499_48352cd1,186,30,1,0,1
20260912_215351_529_traffic_scan_env2025_seed0-499_48352cd1,186,30,1,1,1
20260912_215351_529_traffic_scan_env2025_seed0-499_48352cd1,186,30,2,0,1
20260912_215351_529_traffic_scan_env2025_seed0-499_48352cd1,186,30,3,0,1
20260912_215351_529_traffic_scan_env2025_seed0-499_48352cd1,186,30,5,0,2
20260912_215351_529_traffic_scan_env2025_seed0-499_48352cd1,186,30,5,1,2
20260912_215351_529_traffic_scan_env2025_seed0-499_48352cd1,186,30,6,0,1
20260912_215351_529_traffic_scan_env2025_seed0-499_48352cd1,186,30,7,0,2
20260912_215351_529_traffic_scan_env2025_seed0-499_48352cd1,186,30,7,1,1
20260912_215351_529_traffic_scan_env2025_seed0-499_48352cd1,186,30,9,0,1
20260912_215351_529_traffic_scan_env2025_seed0-499_48352cd1,186,30,9,1,1
20260912_215351_529_traffic_scan_env2025_seed0-499_48352cd1,186,30,10,0,1
20260912_215351_529_traffic_scan_env2025_seed0-499_48352cd1,186,30,10,1,1
20260912_215351_529_traffic_scan_env2025_seed0-499_48352cd1,186,30,11,0,1
20260912_215351_529_traffic_scan_env2025_seed0-499_48352cd1,186,30,14,2,3
20260912_215351_529_traffic_scan_env2025_seed0-499_48352cd1,186,30,15,0,2
20260912_215351_529_traffic_scan_env2025_seed0-499_48352cd1,186,30,15,1,2
20260912_215351_529_traffic_scan_env2025_seed0-499_48352cd1,186,30,16,0,1
20260912_215351_529_traffic_scan_env2025_seed0-499_48352cd1,186,30,16,1,1
20260912_215351_529_traffic_scan_env2025_seed0-499_48352cd1,186,30,17,0,1
20260912_215351_529_traffic_scan_env2025_seed0-499_48352cd1,186,30,17,1,1
20260912_215351_529_traffic_scan_env2025_seed0-499_48352cd1,186,30,18,1,2
20260912_215351_529_traffic_scan_env2025_seed0-499_48352cd1,186,30,19,0,2
20260912_215351_529_traffic_scan_env2025_seed0-499_48352cd1,186,30,19,1,1
20260912_215351_529_traffic_scan_env2025_seed0-499_48352cd1,186,30,20,0,3
20260912_215351_529_traffic_scan_env2025_seed0-499_48352cd1,186,30,20,1,2
20260912_215351_529_traffic_scan_env2025_seed0-499_48352cd1,186,30,23,0,1
20260912_215351_529_traffic_scan_env2025_seed0-499_48352cd1,186,30,23,1,3
20260912_215351_529_traffic_scan_env2025_seed0-499_48352cd1,186,30,24,0,1
20260912_215351_529_traffic_scan_env2025_seed0-499_48352cd1,186,30,24,1,3
20260912_215351_529_traffic_scan_env2025_seed0-499_48352cd1,186,30,25,1,4
20260912_215351_529_traffic_scan_env2025_seed0-499_48352cd1,186,30,26,1,2
20260912_215351_529_traffic_scan_env2025_seed0-499_48352cd1,186,30,27,1,3
20260912_215351_529_traffic_scan_env2025_seed0-499_48352cd1,186,30,28,1,3
20260912_215351_529_traffic_scan_env2025_seed0-499_48352cd1,186,30,29,1,6
20260912_215351_529_traffic_scan_env2025_seed0-499_48352cd1,186,30,30,2,2
20260912_215351_529_traffic_scan_env2025_seed0-499_48352cd1,186,30,31,0,5
20260912_215351_529_traffic_scan_env2025_seed0-499_48352cd1,186,30,31,1,3
20260912_215351_529_traffic_scan_env2025_seed0-499_48352cd1,186,30,32,1,4
20260912_215351_529_traffic_scan_env2025_seed0-499_48352cd1,186,30,33,1,3
20260912_215351_529_traffic_scan_env2025_seed0-499_48352cd1,186,30,34,0,2
20260912_215351_529_traffic_scan_env2025_seed0-499_48352cd1,186,30,34,1,4
20260912_215351_529_traffic_scan_env2025_seed0-499_48352cd1,186,30,35,0,1
20260912_215351_529_traffic_scan_env2025_seed0-499_48352cd1,186,30,35,1,4
20260912_215351_529_traffic_scan_env2025_seed0-499_48352cd1,186,30,36,1,3
20260912_215351_529_traffic_scan_env2025_seed0-499_48352cd1,186,30,37,0,2
20260912_215351_529_traffic_scan_env2025_seed0-499_48352cd1,186,30,37,1,2
20260912_215351_529_traffic_scan_env2025_seed0-499_48352cd1,186,30,38,0,2
20260912_215351_529_traffic_scan_env2025_seed0-499_48352cd1,186,30,38,1,4
20260912_215351_529_traffic_scan_env2025_seed0-499_48352cd1,186,30,39,1,3
20260912_215351_529_traffic_scan_env2025_seed0-499_48352cd1,186,30,40,1,1
20260912_215351_529_traffic_scan_env2025_seed0-499_48352cd1,186,30,41,0,1
20260912_215351_529_traffic_scan_env2025_seed0-499_48352cd1,186,30,41,1,1
20260912_215351_529_traffic_scan_env2025_seed0-499_48352cd1,186,30,42,1,1
20260912_215351_529_traffic_scan_env2025_seed0-499_48352cd1,186,30,43,1,1
20260912_215351_529_traffic_scan_env2025_seed0-499_48352cd1,186,30,44,0,1
20260912_215351_529_traffic_scan_env2025_seed0-499_48352cd1,186,30,44,1,1
20260912_215351_529_traffic_scan_env2025_seed0-499_48352cd1,186,30,45,0,1
20260912_215351_529_traffic_scan_env2025_seed0-499_48352cd1,186,30,45,1,3
20260912_215351_529_traffic_scan_env2025_seed0-499_48352cd1,186,30,48,0,4
20260912_215351_529_traffic_scan_env2025_seed0-499_48352cd1,186,30,48,1,1
20260912_215351_529_traffic_scan_env2025_seed0-499_48352cd1,186,30,49,0,2
20260912_215351_529_traffic_scan_env2025_seed0-499_48352cd1,186,30,50,0,1
20260912_215351_529_traffic_scan_env2025_seed0-499_48352cd1,186,30,51,0,1
20260912_215351_529_traffic_scan_env2025_seed0-499_48352cd1,186,30,55,0,1
20260912_215351_529_traffic_scan_env2025_seed0-499_48352cd1,186,30,56,0,1
20260912_215351_529_traffic_scan_env2025_seed0-499_48352cd1,186,31,1,1,1
20260912_215351_529_traffic_scan_env2025_seed0-499_48352cd1,186,31,4,0,1
20260912_215351_529_traffic_scan_env2025_seed0-499_48352cd1,186,31,4,1,2
20260912_215351_529_traffic_scan_env2025_seed0-499_48352cd1,186,31,5,0,1
20260912_215351_529_traffic_scan_env2025_seed0-499_48352cd1,186,31,6,0,2
20260912_215351_529_traffic_scan_env2025_seed0-499_48352cd1,186,31,7,0,1
20260912_215351_529_traffic_scan_env2025_seed0-499_48352cd1,186,31,7,1,1
20260912_215351_529_traffic_scan_env2025_seed0-499_48352cd1,186,31,8,0,2
20260912_215351_529_traffic_scan_env2025_seed0-499_48352cd1,186,31,8,1,1
20260912_215351_529_traffic_scan_env2025_seed0-499_48352cd1,186,31,9,0,1
20260912_215351_529_traffic_scan_env2025_seed0-499_48352cd1,186,31,10,0,3
20260912_215351_529_traffic_scan_env2025_seed0-499_48352cd1,186,31,10,1,1
20260912_215351_529_traffic_scan_env2025_seed0-499_48352cd1,186,31,11,0,1
20260912_215351_529_traffic_scan_env2025_seed0-499_48352cd1,186,31,12,0,1
20260912_215351_529_traffic_scan_env2025_seed0-499_48352cd1,186,31,13,0,2
20260912_215351_529_traffic_scan_env2025_seed0-499_48352cd1,186,31,13,1,1
20260912_215351_529_traffic_scan_env2025_seed0-499_48352cd1,186,31,14,0,1
20260912_215351_529_traffic_scan_env2025_seed0-499_48352cd1,186,31,14,1,2
20260912_215351_529_traffic_scan_env2025_seed0-499_48352cd1,186,31,15,0,2
20260912_215351_529_traffic_scan_env2025_seed0-499_48352cd1,186,31,15,1,1
20260912_215351_529_traffic_scan_env2025_seed0-499_48352cd1,186,31,16,0,1
20260912_215351_529_traffic_scan_env2025_seed0-499_48352cd1,186,31,17,1,2
20260912_215351_529_traffic_scan_env2025_seed0-499_48352cd1,186,31,18,0,1
20260912_215351_529_traffic_scan_env2025_seed0-499_48352cd1,186,31,18,1,2
20260912_215351_529_traffic_scan_env2025_seed0-499_48352cd1,186,31,19,0,2
20260912_215351_529_traffic_scan_env2025_seed0-499_48352cd1,186,31,20,0,3
20260912_215351_529_traffic_scan_env2025_seed0-499_48352cd1,186,31,20,1,3
20260912_215351_529_traffic_scan_env2025_seed0-499_48352cd1,186,31,23,0,2
20260912_215351_529_traffic_scan_env2025_seed0-499_48352cd1,186,31,23,1,1
20260912_215351_529_traffic_scan_env2025_seed0-499_48352cd1,186,31,24,1,1
20260912_215351_529_traffic_scan_env2025_seed0-499_48352cd1,186,31,26,1,3
20260912_215351_529_traffic_scan_env2025_seed0-499_48352cd1,186,31,28,0,1
20260912_215351_529_traffic_scan_env2025_seed0-499_48352cd1,186,31,28,1,1
20260912_215351_529_traffic_scan_env2025_seed0-499_48352cd1,186,31,30,0,3
20260912_215351_529_traffic_scan_env2025_seed0-499_48352cd1,186,31,30,1,6
20260912_215351_529_traffic_scan_env2025_seed0-499_48352cd1,186,31,31,1,1
20260912_215351_529_traffic_scan_env2025_seed0-499_48352cd1,186,31,32,0,2
20260912_215351_529_traffic_scan_env2025_seed0-499_48352cd1,186,31,33,1,3
20260912_215351_529_traffic_scan_env2025_seed0-499_48352cd1,186,31,34,0,1
20260912_215351_529_traffic_scan_env2025_seed0-499_48352cd1,186,31,35,0,2
20260912_215351_529_traffic_scan_env2025_seed0-499_48352cd1,186,31,35,1,2
20260912_215351_529_traffic_scan_env2025_seed0-499_48352cd1,186,31,36,0,2
20260912_215351_529_traffic_scan_env2025_seed0-499_48352cd1,186,31,36,1,3
20260912_215351_529_traffic_scan_env2025_seed0-499_48352cd1,186,31,37,0,1
20260912_215351_529_traffic_scan_env2025_seed0-499_48352cd1,186,31,38,1,1
20260912_215351_529_traffic_scan_env2025_seed0-499_48352cd1,186,31,39,1,2
20260912_215351_529_traffic_scan_env2025_seed0-499_48352cd1,186,31,40,1,1
20260912_215351_529_traffic_scan_env2025_seed0-499_48352cd1,186,31,41,0,1
20260912_215351_529_traffic_scan_env2025_seed0-499_48352cd1,186,31,42,0,2
20260912_215351_529_traffic_scan_env2025_seed0-499_48352cd1,186,31,43,0,1
20260912_215351_529_traffic_scan_env2025_seed0-499_48352cd1,186,31,44,2,1
20260912_215351_529_traffic_scan_env2025_seed0-499_48352cd1,186,31,45,1,1
20260912_215351_529_traffic_scan_env2025_seed0-499_48352cd1,186,31,48,0,3
20260912_215351_529_traffic_scan_env2025_seed0-499_48352cd1,186,31,49,1,1
20260912_215351_529_traffic_scan_env2025_seed0-499_48352cd1,186,31,50,0,1
20260912_215351_529_traffic_scan_env2025_seed0-499_48352cd1,186,31,52,0,2
20260912_215351_529_traffic_scan_env2025_seed0-499_48352cd1,186,31,53,0,2
20260912_215351_529_traffic_scan_env2025_seed0-499_48352cd1,186,31,54,0,2
20260912_215351_529_traffic_scan_env2025_seed0-499_48352cd1,186,31,55,0,2
20260912_215351_529_traffic_scan_env2025_seed0-499_48352cd1,186,31,56,0,3
20260912_215351_529_traffic_scan_env2025_seed0-499_48352cd1,186,31,57,0,2
20260912_215351_529_traffic_scan_env2025_seed0-499_48352cd1,186,31,58,0,1
20260912_215351_529_traffic_scan_env2025_seed0-499_48352cd1,186,31,59,0,1
20260912_215351_529_traffic_scan_env2025_seed0-499_48352cd1,186,32,1,1,1
20260912_215351_529_traffic_scan_env2025_seed0-499_48352cd1,186,32,3,2,2
20260912_215351_529_traffic_scan_env2025_seed0-499_48352cd1,186,32,7,0,1
20260912_215351_529_traffic_scan_env2025_seed0-499_48352cd1,186,32,7,1,2
20260912_215351_529_traffic_scan_env2025_seed0-499_48352cd1,186,32,9,0,2
20260912_215351_529_traffic_scan_env2025_seed0-499_48352cd1,186,32,10,0,1
20260912_215351_529_traffic_scan_env2025_seed0-499_48352cd1,186,32,10,1,1
20260912_215351_529_traffic_scan_env2025_seed0-499_48352cd1,186,32,12,2,1
20260912_215351_529_traffic_scan_env2025_seed0-499_48352cd1,186,32,13,1,1
20260912_215351_529_traffic_scan_env2025_seed0-499_48352cd1,186,32,14,0,3
20260912_215351_529_traffic_scan_env2025_seed0-499_48352cd1,186,32,14,1,1
20260912_215351_529_traffic_scan_env2025_seed0-499_48352cd1,186,32,15,0,2
20260912_215351_529_traffic_scan_env2025_seed0-499_48352cd1,186,32,16,0,1
20260912_215351_529_traffic_scan_env2025_seed0-499_48352cd1,186,32,16,1,1
20260912_215351_529_traffic_scan_env2025_seed0-499_48352cd1,186,32,17,0,2
20260912_215351_529_traffic_scan_env2025_seed0-499_48352cd1,186,32,17,1,1
20260912_215351_529_traffic_scan_env2025_seed0-499_48352cd1,186,32,18,0,3
20260912_215351_529_traffic_scan_env2025_seed0-499_48352cd1,186,32,18,1,2
20260912_215351_529_traffic_scan_env2025_seed0-499_48352cd1,186,32,19,0,2
20260912_215351_529_traffic_scan_env2025_seed0-499_48352cd1,186,32,19,1,1
20260912_215351_529_traffic_scan_env2025_seed0-499_48352cd1,186,32,20,0,1
20260912_215351_529_traffic_scan_env2025_seed0-499_48352cd1,186,32,20,1,2
20260912_215351_529_traffic_scan_env2025_seed0-499_48352cd1,186,32,21,0,4
20260912_215351_529_traffic_scan_env2025_seed0-499_48352cd1,186,32,21,1,1
20260912_215351_529_traffic_scan_env2025_seed0-499_48352cd1,186,32,22,0,1
20260912_215351_529_traffic_scan_env2025_seed0-499_48352cd1,186,32,22,1,1
20260912_215351_529_traffic_scan_env2025_seed0-499_48352cd1,186,32,23,0,1
20260912_215351_529_traffic_scan_env2025_seed0-499_48352cd1,186,32,25,1,2
20260912_215351_529_traffic_scan_env2025_seed0-499_48352cd1,186,32,26,0,1
20260912_215351_529_traffic_scan_env2025_seed0-499_48352cd1,186,32,27,0,1
20260912_215351_529_traffic_scan_env2025_seed0-499_48352cd1,186,32,27,1,2
20260912_215351_529_traffic_scan_env2025_seed0-499_48352cd1,186,32,28,1,1
20260912_215351_529_traffic_scan_env2025_seed0-499_48352cd1,186,32,29,0,3
20260912_215351_529_traffic_scan_env2025_seed0-499_48352cd1,186,32,29,1,1
20260912_215351_529_traffic_scan_env2025_seed0-499_48352cd1,186,32,30,1,1
20260912_215351_529_traffic_scan_env2025_seed0-499_48352cd1,186,32,31,1,5
20260912_215351_529_traffic_scan_env2025_seed0-499_48352cd1,186,32,33,0,3
20260912_215351_529_traffic_scan_env2025_seed0-499_48352cd1,186,32,33,1,1
20260912_215351_529_traffic_scan_env2025_seed0-499_48352cd1,186,32,34,1,2
20260912_215351_529_traffic_scan_env2025_seed0-499_48352cd1,186,32,35,0,2
20260912_215351_529_traffic_scan_env2025_seed0-499_48352cd1,186,32,35,1,1
20260912_215351_529_traffic_scan_env2025_seed0-499_48352cd1,186,32,36,0,3
20260912_215351_529_traffic_scan_env2025_seed0-499_48352cd1,186,32,36,1,4
20260912_215351_529_traffic_scan_env2025_seed0-499_48352cd1,186,32,37,0,1
20260912_215351_529_traffic_scan_env2025_seed0-499_48352cd1,186,32,37,1,3
20260912_215351_529_traffic_scan_env2025_seed0-499_48352cd1,186,32,38,1,1
20260912_215351_529_traffic_scan_env2025_seed0-499_48352cd1,186,32,39,1,1
20260912_215351_529_traffic_scan_env2025_seed0-499_48352cd1,186,32,40,0,1
20260912_215351_529_traffic_scan_env2025_seed0-499_48352cd1,186,32,40,1,3
20260912_215351_529_traffic_scan_env2025_seed0-499_48352cd1,186,32,41,2,2
20260912_215351_529_traffic_scan_env2025_seed0-499_48352cd1,186,32,42,2,1
20260912_215351_529_traffic_scan_env2025_seed0-499_48352cd1,186,32,43,0,1
20260912_215351_529_traffic_scan_env2025_seed0-499_48352cd1,186,32,43,1,2
20260912_215351_529_traffic_scan_env2025_seed0-499_48352cd1,186,32,44,1,1
20260912_215351_529_traffic_scan_env2025_seed0-499_48352cd1,186,32,45,1,2
20260912_215351_529_traffic_scan_env2025_seed0-499_48352cd1,186,32,46,1,1
20260912_215351_529_traffic_scan_env2025_seed0-499_48352cd1,186,32,47,2,1
20260912_215351_529_traffic_scan_env2025_seed0-499_48352cd1,186,32,48,2,1
20260912_215351_529_traffic_scan_env2025_seed0-499_48352cd1,186,32,49,0,3
20260912_215351_529_traffic_scan_env2025_seed0-499_48352cd1,186,32,49,1,1
20260912_215351_529_traffic_scan_env2025_seed0-499_48352cd1,186,32,50,1,2
20260912_215351_529_traffic_scan_env2025_seed0-499_48352cd1,186,32,51,1,1
20260912_215351_529_traffic_scan_env2025_seed0-499_48352cd1,186,32,55,0,3
20260912_215351_529_traffic_scan_env2025_seed0-499_48352cd1,186,32,58,0,1
20260912_215351_529_traffic_scan_env2025_seed0-499_48352cd1,186,33,1,0,2
20260912_215351_529_traffic_scan_env2025_seed0-499_48352cd1,186,33,1,1,1
20260912_215351_529_traffic_scan_env2025_seed0-499_48352cd1,186,33,2,1,3
20260912_215351_529_traffic_scan_env2025_seed0-499_48352cd1,186,33,3,1,1
20260912_215351_529_traffic_scan_env2025_seed0-499_48352cd1,186,33,4,0,1
20260912_215351_529_traffic_scan_env2025_seed0-499_48352cd1,186,33,5,0,1
20260912_215351_529_traffic_scan_env2025_seed0-499_48352cd1,186,33,6,0,1
20260912_215351_529_traffic_scan_env2025_seed0-499_48352cd1,186,33,6,1,1
20260912_215351_529_traffic_scan_env2025_seed0-499_48352cd1,186,33,7,0,2
20260912_215351_529_traffic_scan_env2025_seed0-499_48352cd1,186,33,7,1,1
20260912_215351_529_traffic_scan_env2025_seed0-499_48352cd1,186,33,8,0,3
20260912_215351_529_traffic_scan_env2025_seed0-499_48352cd1,186,33,9,0,1
20260912_215351_529_traffic_scan_env2025_seed0-499_48352cd1,186,33,10,0,2
20260912_215351_529_traffic_scan_env2025_seed0-499_48352cd1,186,33,10,1,1
20260912_215351_529_traffic_scan_env2025_seed0-499_48352cd1,186,33,11,1,1
20260912_215351_529_traffic_scan_env2025_seed0-499_48352cd1,186,33,12,1,1
20260912_215351_529_traffic_scan_env2025_seed0-499_48352cd1,186,33,13,0,1
20260912_215351_529_traffic_scan_env2025_seed0-499_48352cd1,186,33,14,1,1
20260912_215351_529_traffic_scan_env2025_seed0-499_48352cd1,186,33,15,0,2
20260912_215351_529_traffic_scan_env2025_seed0-499_48352cd1,186,33,17,0,2
20260912_215351_529_traffic_scan_env2025_seed0-499_48352cd1,186,33,17,1,2
20260912_215351_529_traffic_scan_env2025_seed0-499_48352cd1,186,33,18,1,2
20260912_215351_529_traffic_scan_env2025_seed0-499_48352cd1,186,33,19,1,2
20260912_215351_529_traffic_scan_env2025_seed0-499_48352cd1,186,33,20,0,1
20260912_215351_529_traffic_scan_env2025_seed0-499_48352cd1,186,33,20,1,2
20260912_215351_529_traffic_scan_env2025_seed0-499_48352cd1,186,33,21,0,1
20260912_215351_529_traffic_scan_env2025_seed0-499_48352cd1,186,33,22,0,2
20260912_215351_529_traffic_scan_env2025_seed0-499_48352cd1,186,33,22,1,2
20260912_215351_529_traffic_scan_env2025_seed0-499_48352cd1,186,33,23,0,1
20260912_215351_529_traffic_scan_env2025_seed0-499_48352cd1,186,33,24,1,1
20260912_215351_529_traffic_scan_env2025_seed0-499_48352cd1,186,33,25,0,1
20260912_215351_529_traffic_scan_env2025_seed0-499_48352cd1,186,33,26,2,1
20260912_215351_529_traffic_scan_env2025_seed0-499_48352cd1,186,33,28,0,3
20260912_215351_529_traffic_scan_env2025_seed0-499_48352cd1,186,33,28,1,4
20260912_215351_529_traffic_scan_env2025_seed0-499_48352cd1,186,33,30,1,1
20260912_215351_529_traffic_scan_env2025_seed0-499_48352cd1,186,33,31,1,1
20260912_215351_529_traffic_scan_env2025_seed0-499_48352cd1,186,33,32,0,1
20260912_215351_529_traffic_scan_env2025_seed0-499_48352cd1,186,33,32,1,4
20260912_215351_529_traffic_scan_env2025_seed0-499_48352cd1,186,33,33,1,1
20260912_215351_529_traffic_scan_env2025_seed0-499_48352cd1,186,33,34,0,4
20260912_215351_529_traffic_scan_env2025_seed0-499_48352cd1,186,33,34,1,1
20260912_215351_529_traffic_scan_env2025_seed0-499_48352cd1,186,33,35,0,1
20260912_215351_529_traffic_scan_env2025_seed0-499_48352cd1,186,33,36,1,2
20260912_215351_529_traffic_scan_env2025_seed0-499_48352cd1,186,33,37,0,2
20260912_215351_529_traffic_scan_env2025_seed0-499_48352cd1,186,33,37,1,2
20260912_215351_529_traffic_scan_env2025_seed0-499_48352cd1,186,33,38,0,1
20260912_215351_529_traffic_scan_env2025_seed0-499_48352cd1,186,33,38,1,1
20260912_215351_529_traffic_scan_env2025_seed0-499_48352cd1,186,33,39,0,1
20260912_215351_529_traffic_scan_env2025_seed0-499_48352cd1,186,33,41,2,2
20260912_215351_529_traffic_scan_env2025_seed0-499_48352cd1,186,33,42,2,2
20260912_215351_529_traffic_scan_env2025_seed0-499_48352cd1,186,33,43,0,1
20260912_215351_529_traffic_scan_env2025_seed0-499_48352cd1,186,33,45,1,1
20260912_215351_529_traffic_scan_env2025_seed0-499_48352cd1,186,33,49,0,3
20260912_215351_529_traffic_scan_env2025_seed0-499_48352cd1,186,33,51,1,1
20260912_215351_529_traffic_scan_env2025_seed0-499_48352cd1,186,33,55,0,2
20260912_215351_529_traffic_scan_env2025_seed0-499_48352cd1,186,33,59,0,1
20260912_215351_529_traffic_scan_env2025_seed0-499_48352cd1,186,34,1,0,1
20260912_215351_529_traffic_scan_env2025_seed0-499_48352cd1,186,34,1,1,1
20260912_215351_529_traffic_scan_env2025_seed0-499_48352cd1,186,34,5,1,1
20260912_215351_529_traffic_scan_env2025_seed0-499_48352cd1,186,34,6,0,1
20260912_215351_529_traffic_scan_env2025_seed0-499_48352cd1,186,34,7,1,1
20260912_215351_529_traffic_scan_env2025_seed0-499_48352cd1,186,34,9,0,1
20260912_215351_529_traffic_scan_env2025_seed0-499_48352cd1,186,34,10,1,3
20260912_215351_529_traffic_scan_env2025_seed0-499_48352cd1,186,34,11,0,2
20260912_215351_529_traffic_scan_env2025_seed0-499_48352cd1,186,34,11,1,2
20260912_215351_529_traffic_scan_env2025_seed0-499_48352cd1,186,34,12,0,1
20260912_215351_529_traffic_scan_env2025_seed0-499_48352cd1,186,34,12,1,1
20260912_215351_529_traffic_scan_env2025_seed0-499_48352cd1,186,34,13,1,1
20260912_215351_529_traffic_scan_env2025_seed0-499_48352cd1,186,34,14,1,2
20260912_215351_529_traffic_scan_env2025_seed0-499_48352cd1,186,34,15,0,1
20260912_215351_529_traffic_scan_env2025_seed0-499_48352cd1,186,34,15,1,1
20260912_215351_529_traffic_scan_env2025_seed0-499_48352cd1,186,34,16,0,3
20260912_215351_529_traffic_scan_env2025_seed0-499_48352cd1,186,34,16,1,2
20260912_215351_529_traffic_scan_env2025_seed0-499_48352cd1,186,34,17,2,1
20260912_215351_529_traffic_scan_env2025_seed0-499_48352cd1,186,34,18,1,4
20260912_215351_529_traffic_scan_env2025_seed0-499_48352cd1,186,34,19,1,1
20260912_215351_529_traffic_scan_env2025_seed0-499_48352cd1,186,34,20,1,2
20260912_215351_529_traffic_scan_env2025_seed0-499_48352cd1,186,34,21,0,2
20260912_215351_529_traffic_scan_env2025_seed0-499_48352cd1,186,34,21,1,1
20260912_215351_529_traffic_scan_env2025_seed0-499_48352cd1,186,34,22,0,1
20260912_215351_529_traffic_scan_env2025_seed0-499_48352cd1,186,34,22,1,1
20260912_215351_529_traffic_scan_env2025_seed0-499_48352cd1,186,34,23,0,4
20260912_215351_529_traffic_scan_env2025_seed0-499_48352cd1,186,34,23,1,2
20260912_215351_529_traffic_scan_env2025_seed0-499_48352cd1,186,34,24,0,2
20260912_215351_529_traffic_scan_env2025_seed0-499_48352cd1,186,34,25,0,1
20260912_215351_529_traffic_scan_env2025_seed0-499_48352cd1,186,34,27,2,2
20260912_215351_529_traffic_scan_env2025_seed0-499_48352cd1,186,34,28,0,3
20260912_215351_529_traffic_scan_env2025_seed0-499_48352cd1,186,34,28,1,1
20260912_215351_529_traffic_scan_env2025_seed0-499_48352cd1,186,34,29,1,2
20260912_215351_529_traffic_scan_env2025_seed0-499_48352cd1,186,34,30,1,2
20260912_215351_529_traffic_scan_env2025_seed0-499_48352cd1,186,34,31,0,1
20260912_215351_529_traffic_scan_env2025_seed0-499_48352cd1,186,34,31,1,2
20260912_215351_529_traffic_scan_env2025_seed0-499_48352cd1,186,34,33,0,2
20260912_215351_529_traffic_scan_env2025_seed0-499_48352cd1,186,34,33,1,5
20260912_215351_529_traffic_scan_env2025_seed0-499_48352cd1,186,34,34,0,1
20260912_215351_529_traffic_scan_env2025_seed0-499_48352cd1,186,34,34,1,1
20260912_215351_529_traffic_scan_env2025_seed0-499_48352cd1,186,34,35,0,2
20260912_215351_529_traffic_scan_env2025_seed0-499_48352cd1,186,34,35,1,1
20260912_215351_529_traffic_scan_env2025_seed0-499_48352cd1,186,34,36,1,1
20260912_215351_529_traffic_scan_env2025_seed0-499_48352cd1,186,34,38,0,3
20260912_215351_529_traffic_scan_env2025_seed0-499_48352cd1,186,34,38,1,2
20260912_215351_529_traffic_scan_env2025_seed0-499_48352cd1,186,34,39,0,1
20260912_215351_529_traffic_scan_env2025_seed0-499_48352cd1,186,34,39,1,1
20260912_215351_529_traffic_scan_env2025_seed0-499_48352cd1,186,34,41,1,2
20260912_215351_529_traffic_scan_env2025_seed0-499_48352cd1,186,34,42,1,1
20260912_215351_529_traffic_scan_env2025_seed0-499_48352cd1,186,34,43,1,1
20260912_215351_529_traffic_scan_env2025_seed0-499_48352cd1,186,34,44,0,1
20260912_215351_529_traffic_scan_env2025_seed0-499_48352cd1,186,34,44,1,1
20260912_215351_529_traffic_scan_env2025_seed0-499_48352cd1,186,34,50,0,3
20260912_215351_529_traffic_scan_env2025_seed0-499_48352cd1,186,34,51,2,1
20260912_215351_529_traffic_scan_env2025_seed0-499_48352cd1,186,34,54,0,1
20260912_215351_529_traffic_scan_env2025_seed0-499_48352cd1,186,34,56,0,1
20260912_215351_529_traffic_scan_env2025_seed0-499_48352cd1,186,35,0,0,1
20260912_215351_529_traffic_scan_env2025_seed0-499_48352cd1,186,35,1,1,1
20260912_215351_529_traffic_scan_env2025_seed0-499_48352cd1,186,35,4,1,1
20260912_215351_529_traffic_scan_env2025_seed0-499_48352cd1,186,35,5,0,1
20260912_215351_529_traffic_scan_env2025_seed0-499_48352cd1,186,35,7,1,1
20260912_215351_529_traffic_scan_env2025_seed0-499_48352cd1,186,35,9,1,1
20260912_215351_529_traffic_scan_env2025_seed0-499_48352cd1,186,35,10,0,1
20260912_215351_529_traffic_scan_env2025_seed0-499_48352cd1,186,35,10,1,2
20260912_215351_529_traffic_scan_env2025_seed0-499_48352cd1,186,35,11,0,1
20260912_215351_529_traffic_scan_env2025_seed0-499_48352cd1,186,35,12,0,2
20260912_215351_529_traffic_scan_env2025_seed0-499_48352cd1,186,35,14,1,1
20260912_215351_529_traffic_scan_env2025_seed0-499_48352cd1,186,35,15,0,2
20260912_215351_529_traffic_scan_env2025_seed0-499_48352cd1,186,35,16,0,1
20260912_215351_529_traffic_scan_env2025_seed0-499_48352cd1,186,35,16,1,1
20260912_215351_529_traffic_scan_env2025_seed0-499_48352cd1,186,35,17,0,1
20260912_215351_529_traffic_scan_env2025_seed0-499_48352cd1,186,35,17,1,1
20260912_215351_529_traffic_scan_env2025_seed0-499_48352cd1,186,35,18,0,1
20260912_215351_529_traffic_scan_env2025_seed0-499_48352cd1,186,35,19,1,3
20260912_215351_529_traffic_scan_env2025_seed0-499_48352cd1,186,35,20,1,2
20260912_215351_529_traffic_scan_env2025_seed0-499_48352cd1,186,35,21,0,1
20260912_215351_529_traffic_scan_env2025_seed0-499_48352cd1,186,35,21,1,1
20260912_215351_529_traffic_scan_env2025_seed0-499_48352cd1,186,35,22,1,3
20260912_215351_529_traffic_scan_env2025_seed0-499_48352cd1,186,35,23,0,2
20260912_215351_529_traffic_scan_env2025_seed0-499_48352cd1,186,35,24,0,2
20260912_215351_529_traffic_scan_env2025_seed0-499_48352cd1,186,35,24,1,1
20260912_215351_529_traffic_scan_env2025_seed0-499_48352cd1,186,35,26,0,1
20260912_215351_529_traffic_scan_env2025_seed0-499_48352cd1,186,35,26,1,1
20260912_215351_529_traffic_scan_env2025_seed0-499_48352cd1,186,35,27,0,4
20260912_215351_529_traffic_scan_env2025_seed0-499_48352cd1,186,35,28,0,1
20260912_215351_529_traffic_scan_env2025_seed0-499_48352cd1,186,35,28,1,2
20260912_215351_529_traffic_scan_env2025_seed0-499_48352cd1,186,35,29,0,1
20260912_215351_529_traffic_scan_env2025_seed0-499_48352cd1,186,35,30,0,2
20260912_215351_529_traffic_scan_env2025_seed0-499_48352cd1,186,35,30,1,2
20260912_215351_529_traffic_scan_env2025_seed0-499_48352cd1,186,35,31,0,2
20260912_215351_529_traffic_scan_env2025_seed0-499_48352cd1,186,35,31,1,1
20260912_215351_529_traffic_scan_env2025_seed0-499_48352cd1,186,35,32,0,4
20260912_215351_529_traffic_scan_env2025_seed0-499_48352cd1,186,35,33,0,3
20260912_215351_529_traffic_scan_env2025_seed0-499_48352cd1,186,35,33,1,1
20260912_215351_529_traffic_scan_env2025_seed0-499_48352cd1,186,35,34,1,8
20260912_215351_529_traffic_scan_env2025_seed0-499_48352cd1,186,35,35,0,1
20260912_215351_529_traffic_scan_env2025_seed0-499_48352cd1,186,35,35,1,1
20260912_215351_529_traffic_scan_env2025_seed0-499_48352cd1,186,35,36,0,3
20260912_215351_529_traffic_scan_env2025_seed0-499_48352cd1,186,35,36,1,2
20260912_215351_529_traffic_scan_env2025_seed0-499_48352cd1,186,35,37,0,2
20260912_215351_529_traffic_scan_env2025_seed0-499_48352cd1,186,35,37,1,1
20260912_215351_529_traffic_scan_env2025_seed0-499_48352cd1,186,35,38,0,1
20260912_215351_529_traffic_scan_env2025_seed0-499_48352cd1,186,35,38,1,1
20260912_215351_529_traffic_scan_env2025_seed0-499_48352cd1,186,35,39,0,4
20260912_215351_529_traffic_scan_env2025_seed0-499_48352cd1,186,35,39,1,4
20260912_215351_529_traffic_scan_env2025_seed0-499_48352cd1,186,35,40,0,1
20260912_215351_529_traffic_scan_env2025_seed0-499_48352cd1,186,35,40,1,2
20260912_215351_529_traffic_scan_env2025_seed0-499_48352cd1,186,35,41,0,1
20260912_215351_529_traffic_scan_env2025_seed0-499_48352cd1,186,35,41,1,2
20260912_215351_529_traffic_scan_env2025_seed0-499_48352cd1,186,35,42,0,1
20260912_215351_529_traffic_scan_env2025_seed0-499_48352cd1,186,35,42,1,1
20260912_215351_529_traffic_scan_env2025_seed0-499_48352cd1,186,35,43,1,2
20260912_215351_529_traffic_scan_env2025_seed0-499_48352cd1,186,35,44,1,3
20260912_215351_529_traffic_scan_env2025_seed0-499_48352cd1,186,35,45,0,1
20260912_215351_529_traffic_scan_env2025_seed0-499_48352cd1,186,35,45,1,1
20260912_215351_529_traffic_scan_env2025_seed0-499_48352cd1,186,35,46,0,1
20260912_215351_529_traffic_scan_env2025_seed0-499_48352cd1,186,35,46,1,1
20260912_215351_529_traffic_scan_env2025_seed0-499_48352cd1,186,35,47,1,1
20260912_215351_529_traffic_scan_env2025_seed0-499_48352cd1,186,35,48,1,1
20260912_215351_529_traffic_scan_env2025_seed0-499_48352cd1,186,35,49,1,1
20260912_215351_529_traffic_scan_env2025_seed0-499_48352cd1,186,35,50,1,1
20260912_215351_529_traffic_scan_env2025_seed0-499_48352cd1,186,35,51,0,3
20260912_215351_529_traffic_scan_env2025_seed0-499_48352cd1,186,35,51,1,1
20260912_215351_529_traffic_scan_env2025_seed0-499_48352cd1,186,35,52,0,4
20260912_215351_529_traffic_scan_env2025_seed0-499_48352cd1,186,35,52,1,1
20260912_215351_529_traffic_scan_env2025_seed0-499_48352cd1,186,35,53,0,4
20260912_215351_529_traffic_scan_env2025_seed0-499_48352cd1,186,35,54,0,4
20260912_215351_529_traffic_scan_env2025_seed0-499_48352cd1,186,35,55,0,1
20260912_215351_529_traffic_scan_env2025_seed0-499_48352cd1,186,35,56,0,2
20260912_215351_529_traffic_scan_env2025_seed0-499_48352cd1,186,35,57,0,1
20260912_215351_529_traffic_scan_env2025_seed0-499_48352cd1,186,35,58,0,1
20260912_215351_529_traffic_scan_env2025_seed0-499_48352cd1,186,35,59,0,1
20260912_215351_529_traffic_scan_env2025_seed0-499_48352cd1,186,36,1,1,1
20260912_215351_529_traffic_scan_env2025_seed0-499_48352cd1,186,36,3,1,1
20260912_215351_529_traffic_scan_env2025_seed0-499_48352cd1,186,36,4,0,1
20260912_215351_529_traffic_scan_env2025_seed0-499_48352cd1,186,36,8,1,2
20260912_215351_529_traffic_scan_env2025_seed0-499_48352cd1,186,36,9,1,1
20260912_215351_529_traffic_scan_env2025_seed0-499_48352cd1,186,36,10,0,1
20260912_215351_529_traffic_scan_env2025_seed0-499_48352cd1,186,36,10,1,1
20260912_215351_529_traffic_scan_env2025_seed0-499_48352cd1,186,36,11,0,1
20260912_215351_529_traffic_scan_env2025_seed0-499_48352cd1,186,36,13,0,2
20260912_215351_529_traffic_scan_env2025_seed0-499_48352cd1,186,36,14,0,1
20260912_215351_529_traffic_scan_env2025_seed0-499_48352cd1,186,36,14,1,1
20260912_215351_529_traffic_scan_env2025_seed0-499_48352cd1,186,36,15,0,2
20260912_215351_529_traffic_scan_env2025_seed0-499_48352cd1,186,36,16,1,2
20260912_215351_529_traffic_scan_env2025_seed0-499_48352cd1,186,36,19,0,1
20260912_215351_529_traffic_scan_env2025_seed0-499_48352cd1,186,36,20,0,1
20260912_215351_529_traffic_scan_env2025_seed0-499_48352cd1,186,36,20,1,4
20260912_215351_529_traffic_scan_env2025_seed0-499_48352cd1,186,36,21,0,1
20260912_215351_529_traffic_scan_env2025_seed0-499_48352cd1,186,36,21,1,2
20260912_215351_529_traffic_scan_env2025_seed0-499_48352cd1,186,36,22,0,1
20260912_215351_529_traffic_scan_env2025_seed0-499_48352cd1,186,36,22,1,3
20260912_215351_529_traffic_scan_env2025_seed0-499_48352cd1,186,36,23,0,1
20260912_215351_529_traffic_scan_env2025_seed0-499_48352cd1,186,36,23,1,1
20260912_215351_529_traffic_scan_env2025_seed0-499_48352cd1,186,36,25,0,2
20260912_215351_529_traffic_scan_env2025_seed0-499_48352cd1,186,36,25,1,2
20260912_215351_529_traffic_scan_env2025_seed0-499_48352cd1,186,36,26,0,3
20260912_215351_529_traffic_scan_env2025_seed0-499_48352cd1,186,36,28,2,1
20260912_215351_529_traffic_scan_env2025_seed0-499_48352cd1,186,36,29,0,1
20260912_215351_529_traffic_scan_env2025_seed0-499_48352cd1,186,36,29,1,1
20260912_215351_529_traffic_scan_env2025_seed0-499_48352cd1,186,36,30,0,1
20260912_215351_529_traffic_scan_env2025_seed0-499_48352cd1,186,36,30,1,1
20260912_215351_529_traffic_scan_env2025_seed0-499_48352cd1,186,36,31,0,1
20260912_215351_529_traffic_scan_env2025_seed0-499_48352cd1,186,36,31,1,2
20260912_215351_529_traffic_scan_env2025_seed0-499_48352cd1,186,36,32,0,1
20260912_215351_529_traffic_scan_env2025_seed0-499_48352cd1,186,36,33,1,2
20260912_215351_529_traffic_scan_env2025_seed0-499_48352cd1,186,36,34,1,1
20260912_215351_529_traffic_scan_env2025_seed0-499_48352cd1,186,36,35,0,4
20260912_215351_529_traffic_scan_env2025_seed0-499_48352cd1,186,36,36,0,1
20260912_215351_529_traffic_scan_env2025_seed0-499_48352cd1,186,36,36,1,1
20260912_215351_529_traffic_scan_env2025_seed0-499_48352cd1,186,36,37,0,2
20260912_215351_529_traffic_scan_env2025_seed0-499_48352cd1,186,36,39,1,2
20260912_215351_529_traffic_scan_env2025_seed0-499_48352cd1,186,36,40,0,3
20260912_215351_529_traffic_scan_env2025_seed0-499_48352cd1,186,36,40,1,2
20260912_215351_529_traffic_scan_env2025_seed0-499_48352cd1,186,36,41,1,1
20260912_215351_529_traffic_scan_env2025_seed0-499_48352cd1,186,36,44,1,2
20260912_215351_529_traffic_scan_env2025_seed0-499_48352cd1,186,36,45,1,1
20260912_215351_529_traffic_scan_env2025_seed0-499_48352cd1,186,36,47,0,1
20260912_215351_529_traffic_scan_env2025_seed0-499_48352cd1,186,36,53,0,1
20260912_215351_529_traffic_scan_env2025_seed0-499_48352cd1,186,36,53,1,1
20260912_215351_529_traffic_scan_env2025_seed0-499_48352cd1,186,36,54,0,1
20260912_215351_529_traffic_scan_env2025_seed0-499_48352cd1,186,36,55,0,1
20260912_215351_529_traffic_scan_env2025_seed0-499_48352cd1,186,37,1,1,1
20260912_215351_529_traffic_scan_env2025_seed0-499_48352cd1,186,37,2,1,1
20260912_215351_529_traffic_scan_env2025_seed0-499_48352cd1,186,37,3,0,1
20260912_215351_529_traffic_scan_env2025_seed0-499_48352cd1,186,37,8,1,3
20260912_215351_529_traffic_scan_env2025_seed0-499_48352cd1,186,37,9,0,1
20260912_215351_529_traffic_scan_env2025_seed0-499_48352cd1,186,37,9,1,1
20260912_215351_529_traffic_scan_env2025_seed0-499_48352cd1,186,37,12,0,1
20260912_215351_529_traffic_scan_env2025_seed0-499_48352cd1,186,37,13,0,1
20260912_215351_529_traffic_scan_env2025_seed0-499_48352cd1,186,37,14,0,3
20260912_215351_529_traffic_scan_env2025_seed0-499_48352cd1,186,37,14,1,1
20260912_215351_529_traffic_scan_env2025_seed0-499_48352cd1,186,37,15,0,1
20260912_215351_529_traffic_scan_env2025_seed0-499_48352cd1,186,37,15,1,1
20260912_215351_529_traffic_scan_env2025_seed0-499_48352cd1,186,37,17,0,1
20260912_215351_529_traffic_scan_env2025_seed0-499_48352cd1,186,37,20,2,2
20260912_215351_529_traffic_scan_env2025_seed0-499_48352cd1,186,37,21,0,3
20260912_215351_529_traffic_scan_env2025_seed0-499_48352cd1,186,37,21,1,4
20260912_215351_529_traffic_scan_env2025_seed0-499_48352cd1,186,37,23,0,1
20260912_215351_529_traffic_scan_env2025_seed0-499_48352cd1,186,37,23,1,2
20260912_215351_529_traffic_scan_env2025_seed0-499_48352cd1,186,37,24,1,2
20260912_215351_529_traffic_scan_env2025_seed0-499_48352cd1,186,37,25,0,3
20260912_215351_529_traffic_scan_env2025_seed0-499_48352cd1,186,37,26,0,2
20260912_215351_529_traffic_scan_env2025_seed0-499_48352cd1,186,37,26,1,1
20260912_215351_529_traffic_scan_env2025_seed0-499_48352cd1,186,37,28,0,1
20260912_215351_529_traffic_scan_env2025_seed0-499_48352cd1,186,37,28,1,1
20260912_215351_529_traffic_scan_env2025_seed0-499_48352cd1,186,37,29,0,1
20260912_215351_529_traffic_scan_env2025_seed0-499_48352cd1,186,37,30,0,1
20260912_215351_529_traffic_scan_env2025_seed0-499_48352cd1,186,37,30,1,2
20260912_215351_529_traffic_scan_env2025_seed0-499_48352cd1,186,37,31,0,1
20260912_215351_529_traffic_scan_env2025_seed0-499_48352cd1,186,37,31,1,3
20260912_215351_529_traffic_scan_env2025_seed0-499_48352cd1,186,37,32,1,3
20260912_215351_529_traffic_scan_env2025_seed0-499_48352cd1,186,37,33,1,2
20260912_215351_529_traffic_scan_env2025_seed0-499_48352cd1,186,37,34,1,2
20260912_215351_529_traffic_scan_env2025_seed0-499_48352cd1,186,37,35,0,1
20260912_215351_529_traffic_scan_env2025_seed0-499_48352cd1,186,37,35,1,1
20260912_215351_529_traffic_scan_env2025_seed0-499_48352cd1,186,37,36,0,4
20260912_215351_529_traffic_scan_env2025_seed0-499_48352cd1,186,37,36,1,2
20260912_215351_529_traffic_scan_env2025_seed0-499_48352cd1,186,37,37,2,1
20260912_215351_529_traffic_scan_env2025_seed0-499_48352cd1,186,37,38,0,2
20260912_215351_529_traffic_scan_env2025_seed0-499_48352cd1,186,37,38,1,2
20260912_215351_529_traffic_scan_env2025_seed0-499_48352cd1,186,37,39,1,2
20260912_215351_529_traffic_scan_env2025_seed0-499_48352cd1,186,37,40,0,1
20260912_215351_529_traffic_scan_env2025_seed0-499_48352cd1,186,37,40,1,1
20260912_215351_529_traffic_scan_env2025_seed0-499_48352cd1,186,37,41,0,3
20260912_215351_529_traffic_scan_env2025_seed0-499_48352cd1,186,37,41,1,3
20260912_215351_529_traffic_scan_env2025_seed0-499_48352cd1,186,37,42,1,1
20260912_215351_529_traffic_scan_env2025_seed0-499_48352cd1,186,37,43,0,1
20260912_215351_529_traffic_scan_env2025_seed0-499_48352cd1,186,37,44,1,1
20260912_215351_529_traffic_scan_env2025_seed0-499_48352cd1,186,37,45,1,1
20260912_215351_529_traffic_scan_env2025_seed0-499_48352cd1,186,37,46,2,1
20260912_215351_529_traffic_scan_env2025_seed0-499_48352cd1,186,37,48,0,1
20260912_215351_529_traffic_scan_env2025_seed0-499_48352cd1,186,37,52,0,1
20260912_215351_529_traffic_scan_env2025_seed0-499_48352cd1,186,37,54,1,1
20260912_215351_529_traffic_scan_env2025_seed0-499_48352cd1,186,37,55,0,1
20260912_215351_529_traffic_scan_env2025_seed0-499_48352cd1,186,37,56,0,1
20260912_215351_529_traffic_scan_env2025_seed0-499_48352cd1,186,38,1,0,1
20260912_215351_529_traffic_scan_env2025_seed0-499_48352cd1,186,38,1,1,1
20260912_215351_529_traffic_scan_env2025_seed0-499_48352cd1,186,38,7,1,3
20260912_215351_529_traffic_scan_env2025_seed0-499_48352cd1,186,38,8,0,1
20260912_215351_529_traffic_scan_env2025_seed0-499_48352cd1,186,38,9,0,1
20260912_215351_529_traffic_scan_env2025_seed0-499_48352cd1,186,38,9,1,1
20260912_215351_529_traffic_scan_env2025_seed0-499_48352cd1,186,38,12,0,1
20260912_215351_529_traffic_scan_env2025_seed0-499_48352cd1,186,38,13,0,2
20260912_215351_529_traffic_scan_env2025_seed0-499_48352cd1,186,38,14,1,2
20260912_215351_529_traffic_scan_env2025_seed0-499_48352cd1,186,38,15,0,3
20260912_215351_529_traffic_scan_env2025_seed0-499_48352cd1,186,38,17,0,1
20260912_215351_529_traffic_scan_env2025_seed0-499_48352cd1,186,38,19,2,1
20260912_215351_529_traffic_scan_env2025_seed0-499_48352cd1,186,38,20,2,1
20260912_215351_529_traffic_scan_env2025_seed0-499_48352cd1,186,38,21,0,2
20260912_215351_529_traffic_scan_env2025_seed0-499_48352cd1,186,38,21,1,1
20260912_215351_529_traffic_scan_env2025_seed0-499_48352cd1,186,38,22,0,2
20260912_215351_529_traffic_scan_env2025_seed0-499_48352cd1,186,38,22,1,3
20260912_215351_529_traffic_scan_env2025_seed0-499_48352cd1,186,38,23,1,1
20260912_215351_529_traffic_scan_env2025_seed0-499_48352cd1,186,38,24,0,3
20260912_215351_529_traffic_scan_env2025_seed0-499_48352cd1,186,38,24,1,2
20260912_215351_529_traffic_scan_env2025_seed0-499_48352cd1,186,38,25,1,1
20260912_215351_529_traffic_scan_env2025_seed0-499_48352cd1,186,38,27,0,3
20260912_215351_529_traffic_scan_env2025_seed0-499_48352cd1,186,38,27,1,1
20260912_215351_529_traffic_scan_env2025_seed0-499_48352cd1,186,38,28,0,1
20260912_215351_529_traffic_scan_env2025_seed0-499_48352cd1,186,38,28,1,1
20260912_215351_529_traffic_scan_env2025_seed0-499_48352cd1,186,38,29,0,1
20260912_215351_529_traffic_scan_env2025_seed0-499_48352cd1,186,38,30,0,1
20260912_215351_529_traffic_scan_env2025_seed0-499_48352cd1,186,38,30,1,3
20260912_215351_529_traffic_scan_env2025_seed0-499_48352cd1,186,38,33,1,2
20260912_215351_529_traffic_scan_env2025_seed0-499_48352cd1,186,38,34,0,1
20260912_215351_529_traffic_scan_env2025_seed0-499_48352cd1,186,38,34,1,1
20260912_215351_529_traffic_scan_env2025_seed0-499_48352cd1,186,38,35,1,1
20260912_215351_529_traffic_scan_env2025_seed0-499_48352cd1,186,38,37,0,4
20260912_215351_529_traffic_scan_env2025_seed0-499_48352cd1,186,38,37,1,1
20260912_215351_529_traffic_scan_env2025_seed0-499_48352cd1,186,38,38,0,1
20260912_215351_529_traffic_scan_env2025_seed0-499_48352cd1,186,38,39,0,1
20260912_215351_529_traffic_scan_env2025_seed0-499_48352cd1,186,38,39,1,1
20260912_215351_529_traffic_scan_env2025_seed0-499_48352cd1,186,38,40,0,1
20260912_215351_529_traffic_scan_env2025_seed0-499_48352cd1,186,38,41,1,1
20260912_215351_529_traffic_scan_env2025_seed0-499_48352cd1,186,38,42,0,3
20260912_215351_529_traffic_scan_env2025_seed0-499_48352cd1,186,38,42,1,1
20260912_215351_529_traffic_scan_env2025_seed0-499_48352cd1,186,38,44,0,1
20260912_215351_529_traffic_scan_env2025_seed0-499_48352cd1,186,38,44,1,1
20260912_215351_529_traffic_scan_env2025_seed0-499_48352cd1,186,38,45,0,1
20260912_215351_529_traffic_scan_env2025_seed0-499_48352cd1,186,38,46,0,1
20260912_215351_529_traffic_scan_env2025_seed0-499_48352cd1,186,38,46,1,1
20260912_215351_529_traffic_scan_env2025_seed0-499_48352cd1,186,38,47,0,1
20260912_215351_529_traffic_scan_env2025_seed0-499_48352cd1,186,38,47,1,1
20260912_215351_529_traffic_scan_env2025_seed0-499_48352cd1,186,38,48,0,1
20260912_215351_529_traffic_scan_env2025_seed0-499_48352cd1,186,38,49,0,2
20260912_215351_529_traffic_scan_env2025_seed0-499_48352cd1,186,38,50,0,1
20260912_215351_529_traffic_scan_env2025_seed0-499_48352cd1,186,38,51,0,1
20260912_215351_529_traffic_scan_env2025_seed0-499_48352cd1,186,38,52,0,1
20260912_215351_529_traffic_scan_env2025_seed0-499_48352cd1,186,38,55,1,1
20260912_215351_529_traffic_scan_env2025_seed0-499_48352cd1,186,38,56,0,2
20260912_215351_529_traffic_scan_env2025_seed0-499_48352cd1,186,39,1,0,1
20260912_215351_529_traffic_scan_env2025_seed0-499_48352cd1,186,39,1,1,1
20260912_215351_529_traffic_scan_env2025_seed0-499_48352cd1,186,39,6,0,2
20260912_215351_529_traffic_scan_env2025_seed0-499_48352cd1,186,39,6,1,1
20260912_215351_529_traffic_scan_env2025_seed0-499_48352cd1,186,39,7,0,2
20260912_215351_529_traffic_scan_env2025_seed0-499_48352cd1,186,39,7,1,1
20260912_215351_529_traffic_scan_env2025_seed0-499_48352cd1,186,39,8,0,1
20260912_215351_529_traffic_scan_env2025_seed0-499_48352cd1,186,39,10,0,2
20260912_215351_529_traffic_scan_env2025_seed0-499_48352cd1,186,39,11,0,2
20260912_215351_529_traffic_scan_env2025_seed0-499_48352cd1,186,39,12,0,2
20260912_215351_529_traffic_scan_env2025_seed0-499_48352cd1,186,39,13,1,2
20260912_215351_529_traffic_scan_env2025_seed0-499_48352cd1,186,39,14,1,3
20260912_215351_529_traffic_scan_env2025_seed0-499_48352cd1,186,39,15,0,1
20260912_215351_529_traffic_scan_env2025_seed0-499_48352cd1,186,39,16,0,3
20260912_215351_529_traffic_scan_env2025_seed0-499_48352cd1,186,39,18,1,1
20260912_215351_529_traffic_scan_env2025_seed0-499_48352cd1,186,39,19,0,1
20260912_215351_529_traffic_scan_env2025_seed0-499_48352cd1,186,39,20,0,2
20260912_215351_529_traffic_scan_env2025_seed0-499_48352cd1,186,39,20,1,1
20260912_215351_529_traffic_scan_env2025_seed0-499_48352cd1,186,39,21,1,1
20260912_215351_529_traffic_scan_env2025_seed0-499_48352cd1,186,39,22,0,1
20260912_215351_529_traffic_scan_env2025_seed0-499_48352cd1,186,39,22,1,1
20260912_215351_529_traffic_scan_env2025_seed0-499_48352cd1,186,39,23,0,4
20260912_215351_529_traffic_scan_env2025_seed0-499_48352cd1,186,39,23,1,3
20260912_215351_529_traffic_scan_env2025_seed0-499_48352cd1,186,39,25,1,2
20260912_215351_529_traffic_scan_env2025_seed0-499_48352cd1,186,39,26,0,1
20260912_215351_529_traffic_scan_env2025_seed0-499_48352cd1,186,39,26,1,1
20260912_215351_529_traffic_scan_env2025_seed0-499_48352cd1,186,39,27,0,1
20260912_215351_529_traffic_scan_env2025_seed0-499_48352cd1,186,39,28,0,3
20260912_215351_529_traffic_scan_env2025_seed0-499_48352cd1,186,39,28,1,2
20260912_215351_529_traffic_scan_env2025_seed0-499_48352cd1,186,39,29,1,1
20260912_215351_529_traffic_scan_env2025_seed0-499_48352cd1,186,39,30,0,1
20260912_215351_529_traffic_scan_env2025_seed0-499_48352cd1,186,39,30,1,2
20260912_215351_529_traffic_scan_env2025_seed0-499_48352cd1,186,39,33,0,1
20260912_215351_529_traffic_scan_env2025_seed0-499_48352cd1,186,39,33,1,2
20260912_215351_529_traffic_scan_env2025_seed0-499_48352cd1,186,39,34,1,3
20260912_215351_529_traffic_scan_env2025_seed0-499_48352cd1,186,39,35,1,2
20260912_215351_529_traffic_scan_env2025_seed0-499_48352cd1,186,39,36,1,2
20260912_215351_529_traffic_scan_env2025_seed0-499_48352cd1,186,39,37,1,1
20260912_215351_529_traffic_scan_env2025_seed0-499_48352cd1,186,39,38,0,4
20260912_215351_529_traffic_scan_env2025_seed0-499_48352cd1,186,39,38,1,1
20260912_215351_529_traffic_scan_env2025_seed0-499_48352cd1,186,39,39,0,1
20260912_215351_529_traffic_scan_env2025_seed0-499_48352cd1,186,39,39,1,2
20260912_215351_529_traffic_scan_env2025_seed0-499_48352cd1,186,39,40,0,2
20260912_215351_529_traffic_scan_env2025_seed0-499_48352cd1,186,39,40,1,1
20260912_215351_529_traffic_scan_env2025_seed0-499_48352cd1,186,39,41,1,2
20260912_215351_529_traffic_scan_env2025_seed0-499_48352cd1,186,39,42,1,1
20260912_215351_529_traffic_scan_env2025_seed0-499_48352cd1,186,39,43,0,3
20260912_215351_529_traffic_scan_env2025_seed0-499_48352cd1,186,39,43,1,2
20260912_215351_529_traffic_scan_env2025_seed0-499_48352cd1,186,39,44,0,1
20260912_215351_529_traffic_scan_env2025_seed0-499_48352cd1,186,39,44,1,2
20260912_215351_529_traffic_scan_env2025_seed0-499_48352cd1,186,39,45,0,1
20260912_215351_529_traffic_scan_env2025_seed0-499_48352cd1,186,39,45,1,1
20260912_215351_529_traffic_scan_env2025_seed0-499_48352cd1,186,39,47,1,3
20260912_215351_529_traffic_scan_env2025_seed0-499_48352cd1,186,39,48,1,3
20260912_215351_529_traffic_scan_env2025_seed0-499_48352cd1,186,39,49,0,1
20260912_215351_529_traffic_scan_env2025_seed0-499_48352cd1,186,39,50,0,2
20260912_215351_529_traffic_scan_env2025_seed0-499_48352cd1,186,39,51,0,1
20260912_215351_529_traffic_scan_env2025_seed0-499_48352cd1,186,39,52,0,2
20260912_215351_529_traffic_scan_env2025_seed0-499_48352cd1,186,39,53,0,1
20260912_215351_529_traffic_scan_env2025_seed0-499_48352cd1,186,39,56,0,1
20260912_215351_529_traffic_scan_env2025_seed0-499_48352cd1,186,39,56,1,1
20260912_215351_529_traffic_scan_env2025_seed0-499_48352cd1,186,39,57,0,1
20260912_215351_529_traffic_scan_env2025_seed0-499_48352cd1,186,40,0,0,1
20260912_215351_529_traffic_scan_env2025_seed0-499_48352cd1,186,40,1,1,1
20260912_215351_529_traffic_scan_env2025_seed0-499_48352cd1,186,40,5,1,1
20260912_215351_529_traffic_scan_env2025_seed0-499_48352cd1,186,40,6,0,1
20260912_215351_529_traffic_scan_env2025_seed0-499_48352cd1,186,40,7,2,1
20260912_215351_529_traffic_scan_env2025_seed0-499_48352cd1,186,40,10,0,2
20260912_215351_529_traffic_scan_env2025_seed0-499_48352cd1,186,40,11,0,1
20260912_215351_529_traffic_scan_env2025_seed0-499_48352cd1,186,40,12,0,2
20260912_215351_529_traffic_scan_env2025_seed0-499_48352cd1,186,40,12,1,1
20260912_215351_529_traffic_scan_env2025_seed0-499_48352cd1,186,40,13,1,3
20260912_215351_529_traffic_scan_env2025_seed0-499_48352cd1,186,40,15,1,3
20260912_215351_529_traffic_scan_env2025_seed0-499_48352cd1,186,40,16,0,1
20260912_215351_529_traffic_scan_env2025_seed0-499_48352cd1,186,40,16,1,1
20260912_215351_529_traffic_scan_env2025_seed0-499_48352cd1,186,40,17,0,2
20260912_215351_529_traffic_scan_env2025_seed0-499_48352cd1,186,40,17,1,2
20260912_215351_529_traffic_scan_env2025_seed0-499_48352cd1,186,40,18,1,1
20260912_215351_529_traffic_scan_env2025_seed0-499_48352cd1,186,40,19,1,1
20260912_215351_529_traffic_scan_env2025_seed0-499_48352cd1,186,40,20,0,1
20260912_215351_529_traffic_scan_env2025_seed0-499_48352cd1,186,40,20,1,2
20260912_215351_529_traffic_scan_env2025_seed0-499_48352cd1,186,40,21,1,3
20260912_215351_529_traffic_scan_env2025_seed0-499_48352cd1,186,40,22,0,4
20260912_215351_529_traffic_scan_env2025_seed0-499_48352cd1,186,40,22,1,1
20260912_215351_529_traffic_scan_env2025_seed0-499_48352cd1,186,40,23,1,1
20260912_215351_529_traffic_scan_env2025_seed0-499_48352cd1,186,40,24,1,5
20260912_215351_529_traffic_scan_env2025_seed0-499_48352cd1,186,40,25,0,3
20260912_215351_529_traffic_scan_env2025_seed0-499_48352cd1,186,40,25,1,2
20260912_215351_529_traffic_scan_env2025_seed0-499_48352cd1,186,40,26,0,1
20260912_215351_529_traffic_scan_env2025_seed0-499_48352cd1,186,40,26,1,2
20260912_215351_529_traffic_scan_env2025_seed0-499_48352cd1,186,40,27,0,1
20260912_215351_529_traffic_scan_env2025_seed0-499_48352cd1,186,40,27,1,2
20260912_215351_529_traffic_scan_env2025_seed0-499_48352cd1,186,40,28,1,3
20260912_215351_529_traffic_scan_env2025_seed0-499_48352cd1,186,40,29,0,2
20260912_215351_529_traffic_scan_env2025_seed0-499_48352cd1,186,40,29,1,2
20260912_215351_529_traffic_scan_env2025_seed0-499_48352cd1,186,40,30,0,1
20260912_215351_529_traffic_scan_env2025_seed0-499_48352cd1,186,40,30,1,3
20260912_215351_529_traffic_scan_env2025_seed0-499_48352cd1,186,40,31,1,1
20260912_215351_529_traffic_scan_env2025_seed0-499_48352cd1,186,40,32,0,1
20260912_215351_529_traffic_scan_env2025_seed0-499_48352cd1,186,40,32,1,2
20260912_215351_529_traffic_scan_env2025_seed0-499_48352cd1,186,40,34,1,1
20260912_215351_529_traffic_scan_env2025_seed0-499_48352cd1,186,40,35,1,3
20260912_215351_529_traffic_scan_env2025_seed0-499_48352cd1,186,40,39,0,4
20260912_215351_529_traffic_scan_env2025_seed0-499_48352cd1,186,40,39,1,1
20260912_215351_529_traffic_scan_env2025_seed0-499_48352cd1,186,40,40,0,2
20260912_215351_529_traffic_scan_env2025_seed0-499_48352cd1,186,40,41,0,1
20260912_215351_529_traffic_scan_env2025_seed0-499_48352cd1,186,40,41,1,1
20260912_215351_529_traffic_scan_env2025_seed0-499_48352cd1,186,40,44,0,2
20260912_215351_529_traffic_scan_env2025_seed0-499_48352cd1,186,40,44,1,2
20260912_215351_529_traffic_scan_env2025_seed0-499_48352cd1,186,40,46,0,1
20260912_215351_529_traffic_scan_env2025_seed0-499_48352cd1,186,40,46,1,1
20260912_215351_529_traffic_scan_env2025_seed0-499_48352cd1,186,40,47,1,1
20260912_215351_529_traffic_scan_env2025_seed0-499_48352cd1,186,40,49,0,2
20260912_215351_529_traffic_scan_env2025_seed0-499_48352cd1,186,40,50,0,1
20260912_215351_529_traffic_scan_env2025_seed0-499_48352cd1,186,40,51,0,3
20260912_215351_529_traffic_scan_env2025_seed0-499_48352cd1,186,40,52,0,1
20260912_215351_529_traffic_scan_env2025_seed0-499_48352cd1,186,40,56,0,1
20260912_215351_529_traffic_scan_env2025_seed0-499_48352cd1,186,40,57,1,1
20260912_215351_529_traffic_scan_env2025_seed0-499_48352cd1,186,40,58,0,1
20260912_215351_529_traffic_scan_env2025_seed0-499_48352cd1,186,41,0,0,1
20260912_215351_529_traffic_scan_env2025_seed0-499_48352cd1,186,41,1,1,1
20260912_215351_529_traffic_scan_env2025_seed0-499_48352cd1,186,41,4,0,2
20260912_215351_529_traffic_scan_env2025_seed0-499_48352cd1,186,41,5,0,2
20260912_215351_529_traffic_scan_env2025_seed0-499_48352cd1,186,41,6,0,1
20260912_215351_529_traffic_scan_env2025_seed0-499_48352cd1,186,41,7,0,1
20260912_215351_529_traffic_scan_env2025_seed0-499_48352cd1,186,41,7,1,1
20260912_215351_529_traffic_scan_env2025_seed0-499_48352cd1,186,41,8,0,1
20260912_215351_529_traffic_scan_env2025_seed0-499_48352cd1,186,41,9,0,2
20260912_215351_529_traffic_scan_env2025_seed0-499_48352cd1,186,41,10,0,4
20260912_215351_529_traffic_scan_env2025_seed0-499_48352cd1,186,41,10,1,1
20260912_215351_529_traffic_scan_env2025_seed0-499_48352cd1,186,41,11,0,3
20260912_215351_529_traffic_scan_env2025_seed0-499_48352cd1,186,41,11,1,1
20260912_215351_529_traffic_scan_env2025_seed0-499_48352cd1,186,41,12,2,1
20260912_215351_529_traffic_scan_env2025_seed0-499_48352cd1,186,41,13,2,2
20260912_215351_529_traffic_scan_env2025_seed0-499_48352cd1,186,41,14,0,1
20260912_215351_529_traffic_scan_env2025_seed0-499_48352cd1,186,41,14,1,1
20260912_215351_529_traffic_scan_env2025_seed0-499_48352cd1,186,41,15,0,1
20260912_215351_529_traffic_scan_env2025_seed0-499_48352cd1,186,41,15,1,1
20260912_215351_529_traffic_scan_env2025_seed0-499_48352cd1,186,41,16,0,2
20260912_215351_529_traffic_scan_env2025_seed0-499_48352cd1,186,41,16,1,2
20260912_215351_529_traffic_scan_env2025_seed0-499_48352cd1,186,41,17,1,1
20260912_215351_529_traffic_scan_env2025_seed0-499_48352cd1,186,41,18,0,2
20260912_215351_529_traffic_scan_env2025_seed0-499_48352cd1,186,41,18,1,1
20260912_215351_529_traffic_scan_env2025_seed0-499_48352cd1,186,41,19,1,1
20260912_215351_529_traffic_scan_env2025_seed0-499_48352cd1,186,41,20,0,2
20260912_215351_529_traffic_scan_env2025_seed0-499_48352cd1,186,41,20,1,2
20260912_215351_529_traffic_scan_env2025_seed0-499_48352cd1,186,41,21,0,3
20260912_215351_529_traffic_scan_env2025_seed0-499_48352cd1,186,41,21,1,2
20260912_215351_529_traffic_scan_env2025_seed0-499_48352cd1,186,41,22,0,1
20260912_215351_529_traffic_scan_env2025_seed0-499_48352cd1,186,41,22,1,1
20260912_215351_529_traffic_scan_env2025_seed0-499_48352cd1,186,41,23,1,1
20260912_215351_529_traffic_scan_env2025_seed0-499_48352cd1,186,41,24,0,1
20260912_215351_529_traffic_scan_env2025_seed0-499_48352cd1,186,41,24,1,1
20260912_215351_529_traffic_scan_env2025_seed0-499_48352cd1,186,41,25,0,2
20260912_215351_529_traffic_scan_env2025_seed0-499_48352cd1,186,41,25,1,2
20260912_215351_529_traffic_scan_env2025_seed0-499_48352cd1,186,41,26,0,3
20260912_215351_529_traffic_scan_env2025_seed0-499_48352cd1,186,41,26,1,2
20260912_215351_529_traffic_scan_env2025_seed0-499_48352cd1,186,41,27,1,3
20260912_215351_529_traffic_scan_env2025_seed0-499_48352cd1,186,41,28,1,3
20260912_215351_529_traffic_scan_env2025_seed0-499_48352cd1,186,41,29,0,1
20260912_215351_529_traffic_scan_env2025_seed0-499_48352cd1,186,41,29,1,1
20260912_215351_529_traffic_scan_env2025_seed0-499_48352cd1,186,41,30,0,2
20260912_215351_529_traffic_scan_env2025_seed0-499_48352cd1,186,41,30,1,4
20260912_215351_529_traffic_scan_env2025_seed0-499_48352cd1,186,41,31,0,1
20260912_215351_529_traffic_scan_env2025_seed0-499_48352cd1,186,41,31,1,1
20260912_215351_529_traffic_scan_env2025_seed0-499_48352cd1,186,41,32,1,2
20260912_215351_529_traffic_scan_env2025_seed0-499_48352cd1,186,41,33,1,1
20260912_215351_529_traffic_scan_env2025_seed0-499_48352cd1,186,41,34,1,3
20260912_215351_529_traffic_scan_env2025_seed0-499_48352cd1,186,41,35,1,2
20260912_215351_529_traffic_scan_env2025_seed0-499_48352cd1,186,41,36,1,2
20260912_215351_529_traffic_scan_env2025_seed0-499_48352cd1,186,41,37,1,1
20260912_215351_529_traffic_scan_env2025_seed0-499_48352cd1,186,41,38,1,1
20260912_215351_529_traffic_scan_env2025_seed0-499_48352cd1,186,41,39,1,2
20260912_215351_529_traffic_scan_env2025_seed0-499_48352cd1,186,41,40,0,5
20260912_215351_529_traffic_scan_env2025_seed0-499_48352cd1,186,41,40,1,1
20260912_215351_529_traffic_scan_env2025_seed0-499_48352cd1,186,41,41,1,2
20260912_215351_529_traffic_scan_env2025_seed0-499_48352cd1,186,41,42,0,1
20260912_215351_529_traffic_scan_env2025_seed0-499_48352cd1,186,41,42,1,1
20260912_215351_529_traffic_scan_env2025_seed0-499_48352cd1,186,41,43,1,1
20260912_215351_529_traffic_scan_env2025_seed0-499_48352cd1,186,41,44,1,2
20260912_215351_529_traffic_scan_env2025_seed0-499_48352cd1,186,41,45,0,2
20260912_215351_529_traffic_scan_env2025_seed0-499_48352cd1,186,41,45,1,1
20260912_215351_529_traffic_scan_env2025_seed0-499_48352cd1,186,41,46,0,2
20260912_215351_529_traffic_scan_env2025_seed0-499_48352cd1,186,41,47,1,1
20260912_215351_529_traffic_scan_env2025_seed0-499_48352cd1,186,41,49,0,1
20260912_215351_529_traffic_scan_env2025_seed0-499_48352cd1,186,41,50,0,1
20260912_215351_529_traffic_scan_env2025_seed0-499_48352cd1,186,41,52,0,1
20260912_215351_529_traffic_scan_env2025_seed0-499_48352cd1,186,41,53,0,1
20260912_215351_529_traffic_scan_env2025_seed0-499_48352cd1,186,41,56,0,1
20260912_215351_529_traffic_scan_env2025_seed0-499_48352cd1,186,41,58,0,1
20260912_215351_529_traffic_scan_env2025_seed0-499_48352cd1,186,42,0,0,1
20260912_215351_529_traffic_scan_env2025_seed0-499_48352cd1,186,42,1,0,1
20260912_215351_529_traffic_scan_env2025_seed0-499_48352cd1,186,42,1,1,1
20260912_215351_529_traffic_scan_env2025_seed0-499_48352cd1,186,42,2,0,1
20260912_215351_529_traffic_scan_env2025_seed0-499_48352cd1,186,42,3,0,1
20260912_215351_529_traffic_scan_env2025_seed0-499_48352cd1,186,42,4,0,2
20260912_215351_529_traffic_scan_env2025_seed0-499_48352cd1,186,42,5,1,1
20260912_215351_529_traffic_scan_env2025_seed0-499_48352cd1,186,42,6,1,1
20260912_215351_529_traffic_scan_env2025_seed0-499_48352cd1,186,42,7,0,1
20260912_215351_529_traffic_scan_env2025_seed0-499_48352cd1,186,42,7,1,1
20260912_215351_529_traffic_scan_env2025_seed0-499_48352cd1,186,42,8,0,2
20260912_215351_529_traffic_scan_env2025_seed0-499_48352cd1,186,42,9,0,2
20260912_215351_529_traffic_scan_env2025_seed0-499_48352cd1,186,42,10,0,2
20260912_215351_529_traffic_scan_env2025_seed0-499_48352cd1,186,42,14,1,2
20260912_215351_529_traffic_scan_env2025_seed0-499_48352cd1,186,42,15,0,1
20260912_215351_529_traffic_scan_env2025_seed0-499_48352cd1,186,42,15,1,4
20260912_215351_529_traffic_scan_env2025_seed0-499_48352cd1,186,42,16,2,2
20260912_215351_529_traffic_scan_env2025_seed0-499_48352cd1,186,42,17,1,1
20260912_215351_529_traffic_scan_env2025_seed0-499_48352cd1,186,42,18,1,1
20260912_215351_529_traffic_scan_env2025_seed0-499_48352cd1,186,42,19,0,4
20260912_215351_529_traffic_scan_env2025_seed0-499_48352cd1,186,42,19,1,1
20260912_215351_529_traffic_scan_env2025_seed0-499_48352cd1,186,42,20,0,3
20260912_215351_529_traffic_scan_env2025_seed0-499_48352cd1,186,42,20,1,2
20260912_215351_529_traffic_scan_env2025_seed0-499_48352cd1,186,42,21,1,2
20260912_215351_529_traffic_scan_env2025_seed0-499_48352cd1,186,42,22,0,1
20260912_215351_529_traffic_scan_env2025_seed0-499_48352cd1,186,42,22,1,1
20260912_215351_529_traffic_scan_env2025_seed0-499_48352cd1,186,42,23,1,1
20260912_215351_529_traffic_scan_env2025_seed0-499_48352cd1,186,42,24,0,1
20260912_215351_529_traffic_scan_env2025_seed0-499_48352cd1,186,42,24,1,1
20260912_215351_529_traffic_scan_env2025_seed0-499_48352cd1,186,42,25,1,1
20260912_215351_529_traffic_scan_env2025_seed0-499_48352cd1,186,42,26,0,1
20260912_215351_529_traffic_scan_env2025_seed0-499_48352cd1,186,42,26,1,3
20260912_215351_529_traffic_scan_env2025_seed0-499_48352cd1,186,42,27,0,2
20260912_215351_529_traffic_scan_env2025_seed0-499_48352cd1,186,42,27,1,2
20260912_215351_529_traffic_scan_env2025_seed0-499_48352cd1,186,42,28,0,2
20260912_215351_529_traffic_scan_env2025_seed0-499_48352cd1,186,42,28,1,2
20260912_215351_529_traffic_scan_env2025_seed0-499_48352cd1,186,42,29,1,2
20260912_215351_529_traffic_scan_env2025_seed0-499_48352cd1,186,42,30,0,1
20260912_215351_529_traffic_scan_env2025_seed0-499_48352cd1,186,42,30,1,3
20260912_215351_529_traffic_scan_env2025_seed0-499_48352cd1,186,42,31,0,2
20260912_215351_529_traffic_scan_env2025_seed0-499_48352cd1,186,42,31,1,2
20260912_215351_529_traffic_scan_env2025_seed0-499_48352cd1,186,42,32,1,2
20260912_215351_529_traffic_scan_env2025_seed0-499_48352cd1,186,42,33,1,2
20260912_215351_529_traffic_scan_env2025_seed0-499_48352cd1,186,42,34,0,1
20260912_215351_529_traffic_scan_env2025_seed0-499_48352cd1,186,42,34,1,1
20260912_215351_529_traffic_scan_env2025_seed0-499_48352cd1,186,42,35,0,1
20260912_215351_529_traffic_scan_env2025_seed0-499_48352cd1,186,42,35,1,1
20260912_215351_529_traffic_scan_env2025_seed0-499_48352cd1,186,42,36,0,1
20260912_215351_529_traffic_scan_env2025_seed0-499_48352cd1,186,42,37,0,1
20260912_215351_529_traffic_scan_env2025_seed0-499_48352cd1,186,42,37,1,1
20260912_215351_529_traffic_scan_env2025_seed0-499_48352cd1,186,42,38,0,1
20260912_215351_529_traffic_scan_env2025_seed0-499_48352cd1,186,42,39,0,1
20260912_215351_529_traffic_scan_env2025_seed0-499_48352cd1,186,42,39,1,1
20260912_215351_529_traffic_scan_env2025_seed0-499_48352cd1,186,42,40,0,2
20260912_215351_529_traffic_scan_env2025_seed0-499_48352cd1,186,42,41,0,5
20260912_215351_529_traffic_scan_env2025_seed0-499_48352cd1,186,42,41,1,1
20260912_215351_529_traffic_scan_env2025_seed0-499_48352cd1,186,42,43,0,1
20260912_215351_529_traffic_scan_env2025_seed0-499_48352cd1,186,42,44,1,1
20260912_215351_529_traffic_scan_env2025_seed0-499_48352cd1,186,42,45,0,1
20260912_215351_529_traffic_scan_env2025_seed0-499_48352cd1,186,42,46,0,2
20260912_215351_529_traffic_scan_env2025_seed0-499_48352cd1,186,42,47,0,3
20260912_215351_529_traffic_scan_env2025_seed0-499_48352cd1,186,42,47,1,1
20260912_215351_529_traffic_scan_env2025_seed0-499_48352cd1,186,42,48,0,1
20260912_215351_529_traffic_scan_env2025_seed0-499_48352cd1,186,42,49,0,3
20260912_215351_529_traffic_scan_env2025_seed0-499_48352cd1,186,42,50,0,1
20260912_215351_529_traffic_scan_env2025_seed0-499_48352cd1,186,42,51,0,1
20260912_215351_529_traffic_scan_env2025_seed0-499_48352cd1,186,42,52,0,1
20260912_215351_529_traffic_scan_env2025_seed0-499_48352cd1,186,42,53,0,2
20260912_215351_529_traffic_scan_env2025_seed0-499_48352cd1,186,42,54,0,1
20260912_215351_529_traffic_scan_env2025_seed0-499_48352cd1,186,42,56,0,1
20260912_215351_529_traffic_scan_env2025_seed0-499_48352cd1,186,42,58,0,1
20260912_215351_529_traffic_scan_env2025_seed0-499_48352cd1,186,43,0,0,1
20260912_215351_529_traffic_scan_env2025_seed0-499_48352cd1,186,43,1,1,1
20260912_215351_529_traffic_scan_env2025_seed0-499_48352cd1,186,43,4,0,1
20260912_215351_529_traffic_scan_env2025_seed0-499_48352cd1,186,43,7,0,1
20260912_215351_529_traffic_scan_env2025_seed0-499_48352cd1,186,43,7,1,1
20260912_215351_529_traffic_scan_env2025_seed0-499_48352cd1,186,43,8,0,1
20260912_215351_529_traffic_scan_env2025_seed0-499_48352cd1,186,43,10,0,2
20260912_215351_529_traffic_scan_env2025_seed0-499_48352cd1,186,43,14,0,3
20260912_215351_529_traffic_scan_env2025_seed0-499_48352cd1,186,43,14,1,1
20260912_215351_529_traffic_scan_env2025_seed0-499_48352cd1,186,43,17,1,2
20260912_215351_529_traffic_scan_env2025_seed0-499_48352cd1,186,43,18,0,3
20260912_215351_529_traffic_scan_env2025_seed0-499_48352cd1,186,43,19,0,4
20260912_215351_529_traffic_scan_env2025_seed0-499_48352cd1,186,43,20,0,3
20260912_215351_529_traffic_scan_env2025_seed0-499_48352cd1,186,43,20,1,1
20260912_215351_529_traffic_scan_env2025_seed0-499_48352cd1,186,43,21,0,2
20260912_215351_529_traffic_scan_env2025_seed0-499_48352cd1,186,43,21,1,2
20260912_215351_529_traffic_scan_env2025_seed0-499_48352cd1,186,43,22,0,3
20260912_215351_529_traffic_scan_env2025_seed0-499_48352cd1,186,43,22,1,1
20260912_215351_529_traffic_scan_env2025_seed0-499_48352cd1,186,43,23,0,3
20260912_215351_529_traffic_scan_env2025_seed0-499_48352cd1,186,43,23,1,1
20260912_215351_529_traffic_scan_env2025_seed0-499_48352cd1,186,43,24,0,2
20260912_215351_529_traffic_scan_env2025_seed0-499_48352cd1,186,43,24,1,1
20260912_215351_529_traffic_scan_env2025_seed0-499_48352cd1,186,43,25,0,2
20260912_215351_529_traffic_scan_env2025_seed0-499_48352cd1,186,43,25,1,1
20260912_215351_529_traffic_scan_env2025_seed0-499_48352cd1,186,43,26,0,2
20260912_215351_529_traffic_scan_env2025_seed0-499_48352cd1,186,43,27,0,4
20260912_215351_529_traffic_scan_env2025_seed0-499_48352cd1,186,43,27,1,1
20260912_215351_529_traffic_scan_env2025_seed0-499_48352cd1,186,43,28,0,5
20260912_215351_529_traffic_scan_env2025_seed0-499_48352cd1,186,43,28,1,1
20260912_215351_529_traffic_scan_env2025_seed0-499_48352cd1,186,43,29,0,2
20260912_215351_529_traffic_scan_env2025_seed0-499_48352cd1,186,43,29,1,1
20260912_215351_529_traffic_scan_env2025_seed0-499_48352cd1,186,43,30,0,1
20260912_215351_529_traffic_scan_env2025_seed0-499_48352cd1,186,43,30,1,3
20260912_215351_529_traffic_scan_env2025_seed0-499_48352cd1,186,43,31,0,1
20260912_215351_529_traffic_scan_env2025_seed0-499_48352cd1,186,43,32,0,4
20260912_215351_529_traffic_scan_env2025_seed0-499_48352cd1,186,43,32,1,1
20260912_215351_529_traffic_scan_env2025_seed0-499_48352cd1,186,43,33,0,2
20260912_215351_529_traffic_scan_env2025_seed0-499_48352cd1,186,43,34,0,1
20260912_215351_529_traffic_scan_env2025_seed0-499_48352cd1,186,43,34,1,1
20260912_215351_529_traffic_scan_env2025_seed0-499_48352cd1,186,43,35,0,1
20260912_215351_529_traffic_scan_env2025_seed0-499_48352cd1,186,43,35,1,1
20260912_215351_529_traffic_scan_env2025_seed0-499_48352cd1,186,43,36,0,1
20260912_215351_529_traffic_scan_env2025_seed0-499_48352cd1,186,43,37,0,1
20260912_215351_529_traffic_scan_env2025_seed0-499_48352cd1,186,43,38,0,1
20260912_215351_529_traffic_scan_env2025_seed0-499_48352cd1,186,43,38,1,1
20260912_215351_529_traffic_scan_env2025_seed0-499_48352cd1,186,43,39,0,1
20260912_215351_529_traffic_scan_env2025_seed0-499_48352cd1,186,43,39,1,1
20260912_215351_529_traffic_scan_env2025_seed0-499_48352cd1,186,43,40,0,2
20260912_215351_529_traffic_scan_env2025_seed0-499_48352cd1,186,43,41,0,1
20260912_215351_529_traffic_scan_env2025_seed0-499_48352cd1,186,43,41,1,1
20260912_215351_529_traffic_scan_env2025_seed0-499_48352cd1,186,43,42,0,6
20260912_215351_529_traffic_scan_env2025_seed0-499_48352cd1,186,43,43,0,1
20260912_215351_529_traffic_scan_env2025_seed0-499_48352cd1,186,43,44,0,1
20260912_215351_529_traffic_scan_env2025_seed0-499_48352cd1,186,43,44,1,1
20260912_215351_529_traffic_scan_env2025_seed0-499_48352cd1,186,43,47,0,1
20260912_215351_529_traffic_scan_env2025_seed0-499_48352cd1,186,43,47,1,1
20260912_215351_529_traffic_scan_env2025_seed0-499_48352cd1,186,43,48,0,4
20260912_215351_529_traffic_scan_env2025_seed0-499_48352cd1,186,43,49,0,1
20260912_215351_529_traffic_scan_env2025_seed0-499_48352cd1,186,43,50,0,2
20260912_215351_529_traffic_scan_env2025_seed0-499_48352cd1,186,43,54,0,2
20260912_215351_529_traffic_scan_env2025_seed0-499_48352cd1,186,43,57,0,1
20260912_215351_529_traffic_scan_env2025_seed0-499_48352cd1,186,43,59,0,1
20260912_215351_529_traffic_scan_env2025_seed0-499_48352cd1,186,44,0,0,1
20260912_215351_529_traffic_scan_env2025_seed0-499_48352cd1,186,44,1,0,1
20260912_215351_529_traffic_scan_env2025_seed0-499_48352cd1,186,44,4,0,1
20260912_215351_529_traffic_scan_env2025_seed0-499_48352cd1,186,44,6,0,1
20260912_215351_529_traffic_scan_env2025_seed0-499_48352cd1,186,44,8,0,1
20260912_215351_529_traffic_scan_env2025_seed0-499_48352cd1,186,44,8,1,1
20260912_215351_529_traffic_scan_env2025_seed0-499_48352cd1,186,44,10,0,1
20260912_215351_529_traffic_scan_env2025_seed0-499_48352cd1,186,44,13,0,3
20260912_215351_529_traffic_scan_env2025_seed0-499_48352cd1,186,44,13,1,1
20260912_215351_529_traffic_scan_env2025_seed0-499_48352cd1,186,44,14,0,4
20260912_215351_529_traffic_scan_env2025_seed0-499_48352cd1,186,44,17,0,5
20260912_215351_529_traffic_scan_env2025_seed0-499_48352cd1,186,44,18,0,5
20260912_215351_529_traffic_scan_env2025_seed0-499_48352cd1,186,44,18,1,1
20260912_215351_529_traffic_scan_env2025_seed0-499_48352cd1,186,44,19,0,2
20260912_215351_529_traffic_scan_env2025_seed0-499_48352cd1,186,44,20,0,2
20260912_215351_529_traffic_scan_env2025_seed0-499_48352cd1,186,44,20,1,1
20260912_215351_529_traffic_scan_env2025_seed0-499_48352cd1,186,44,21,0,2
20260912_215351_529_traffic_scan_env2025_seed0-499_48352cd1,186,44,21,1,1
20260912_215351_529_traffic_scan_env2025_seed0-499_48352cd1,186,44,22,0,2
20260912_215351_529_traffic_scan_env2025_seed0-499_48352cd1,186,44,26,0,1
20260912_215351_529_traffic_scan_env2025_seed0-499_48352cd1,186,44,28,0,2
20260912_215351_529_traffic_scan_env2025_seed0-499_48352cd1,186,44,28,1,1
20260912_215351_529_traffic_scan_env2025_seed0-499_48352cd1,186,44,29,0,2
20260912_215351_529_traffic_scan_env2025_seed0-499_48352cd1,186,44,29,1,1
20260912_215351_529_traffic_scan_env2025_seed0-499_48352cd1,186,44,30,1,3
20260912_215351_529_traffic_scan_env2025_seed0-499_48352cd1,186,44,31,0,1
20260912_215351_529_traffic_scan_env2025_seed0-499_48352cd1,186,44,31,1,1
20260912_215351_529_traffic_scan_env2025_seed0-499_48352cd1,186,44,32,1,1
20260912_215351_529_traffic_scan_env2025_seed0-499_48352cd1,186,44,33,0,3
20260912_215351_529_traffic_scan_env2025_seed0-499_48352cd1,186,44,33,1,2
20260912_215351_529_traffic_scan_env2025_seed0-499_48352cd1,186,44,35,0,1
20260912_215351_529_traffic_scan_env2025_seed0-499_48352cd1,186,44,35,1,1
20260912_215351_529_traffic_scan_env2025_seed0-499_48352cd1,186,44,37,0,1
20260912_215351_529_traffic_scan_env2025_seed0-499_48352cd1,186,44,40,1,1
20260912_215351_529_traffic_scan_env2025_seed0-499_48352cd1,186,44,41,1,1
20260912_215351_529_traffic_scan_env2025_seed0-499_48352cd1,186,44,43,0,5
20260912_215351_529_traffic_scan_env2025_seed0-499_48352cd1,186,44,44,0,1
20260912_215351_529_traffic_scan_env2025_seed0-499_48352cd1,186,44,44,1,1
20260912_215351_529_traffic_scan_env2025_seed0-499_48352cd1,186,44,45,0,1
20260912_215351_529_traffic_scan_env2025_seed0-499_48352cd1,186,44,47,0,1
20260912_215351_529_traffic_scan_env2025_seed0-499_48352cd1,186,44,47,1,1
20260912_215351_529_traffic_scan_env2025_seed0-499_48352cd1,186,44,49,0,2
20260912_215351_529_traffic_scan_env2025_seed0-499_48352cd1,186,44,51,0,2
20260912_215351_529_traffic_scan_env2025_seed0-499_48352cd1,186,44,52,0,1
20260912_215351_529_traffic_scan_env2025_seed0-499_48352cd1,186,44,53,0,1
20260912_215351_529_traffic_scan_env2025_seed0-499_48352cd1,186,44,55,0,2
20260912_215351_529_traffic_scan_env2025_seed0-499_48352cd1,186,44,56,1,1
20260912_215351_529_traffic_scan_env2025_seed0-499_48352cd1,186,44,57,0,2
20260912_215351_529_traffic_scan_env2025_seed0-499_48352cd1,186,44,58,0,1
20260912_215351_529_traffic_scan_env2025_seed0-499_48352cd1,186,44,59,0,1
20260912_215351_529_traffic_scan_env2025_seed0-499_48352cd1,186,45,0,0,1
20260912_215351_529_traffic_scan_env2025_seed0-499_48352cd1,186,45,1,0,1
20260912_215351_529_traffic_scan_env2025_seed0-499_48352cd1,186,45,2,0,1
20260912_215351_529_traffic_scan_env2025_seed0-499_48352cd1,186,45,3,0,1
20260912_215351_529_traffic_scan_env2025_seed0-499_48352cd1,186,45,5,0,1
20260912_215351_529_traffic_scan_env2025_seed0-499_48352cd1,186,45,7,0,1
20260912_215351_529_traffic_scan_env2025_seed0-499_48352cd1,186,45,8,0,1
20260912_215351_529_traffic_scan_env2025_seed0-499_48352cd1,186,45,9,0,1
20260912_215351_529_traffic_scan_env2025_seed0-499_48352cd1,186,45,9,1,1
20260912_215351_529_traffic_scan_env2025_seed0-499_48352cd1,186,45,10,0,2
20260912_215351_529_traffic_scan_env2025_seed0-499_48352cd1,186,45,11,0,1
20260912_215351_529_traffic_scan_env2025_seed0-499_48352cd1,186,45,12,0,1
20260912_215351_529_traffic_scan_env2025_seed0-499_48352cd1,186,45,12,1,1
20260912_215351_529_traffic_scan_env2025_seed0-499_48352cd1,186,45,13,0,2
20260912_215351_529_traffic_scan_env2025_seed0-499_48352cd1,186,45,14,0,1
20260912_215351_529_traffic_scan_env2025_seed0-499_48352cd1,186,45,15,0,5
20260912_215351_529_traffic_scan_env2025_seed0-499_48352cd1,186,45,16,0,5
20260912_215351_529_traffic_scan_env2025_seed0-499_48352cd1,186,45,17,0,2
20260912_215351_529_traffic_scan_env2025_seed0-499_48352cd1,186,45,19,1,1
20260912_215351_529_traffic_scan_env2025_seed0-499_48352cd1,186,45,20,1,1
20260912_215351_529_traffic_scan_env2025_seed0-499_48352cd1,186,45,21,0,3
20260912_215351_529_traffic_scan_env2025_seed0-499_48352cd1,186,45,21,1,1
20260912_215351_529_traffic_scan_env2025_seed0-499_48352cd1,186,45,22,0,2
20260912_215351_529_traffic_scan_env2025_seed0-499_48352cd1,186,45,22,1,1
20260912_215351_529_traffic_scan_env2025_seed0-499_48352cd1,186,45,25,0,1
20260912_215351_529_traffic_scan_env2025_seed0-499_48352cd1,186,45,28,0,1
20260912_215351_529_traffic_scan_env2025_seed0-499_48352cd1,186,45,29,0,1
20260912_215351_529_traffic_scan_env2025_seed0-499_48352cd1,186,45,29,1,1
20260912_215351_529_traffic_scan_env2025_seed0-499_48352cd1,186,45,30,0,3
20260912_215351_529_traffic_scan_env2025_seed0-499_48352cd1,186,45,30,1,3
20260912_215351_529_traffic_scan_env2025_seed0-499_48352cd1,186,45,31,1,2
20260912_215351_529_traffic_scan_env2025_seed0-499_48352cd1,186,45,34,0,3
20260912_215351_529_traffic_scan_env2025_seed0-499_48352cd1,186,45,34,1,2
20260912_215351_529_traffic_scan_env2025_seed0-499_48352cd1,186,45,35,0,1
20260912_215351_529_traffic_scan_env2025_seed0-499_48352cd1,186,45,35,1,2
20260912_215351_529_traffic_scan_env2025_seed0-499_48352cd1,186,45,36,1,1
20260912_215351_529_traffic_scan_env2025_seed0-499_48352cd1,186,45,37,0,1
20260912_215351_529_traffic_scan_env2025_seed0-499_48352cd1,186,45,37,1,1
20260912_215351_529_traffic_scan_env2025_seed0-499_48352cd1,186,45,40,1,1
20260912_215351_529_traffic_scan_env2025_seed0-499_48352cd1,186,45,41,1,1
20260912_215351_529_traffic_scan_env2025_seed0-499_48352cd1,186,45,44,0,5
20260912_215351_529_traffic_scan_env2025_seed0-499_48352cd1,186,45,44,1,1
20260912_215351_529_traffic_scan_env2025_seed0-499_48352cd1,186,45,45,0,1
20260912_215351_529_traffic_scan_env2025_seed0-499_48352cd1,186,45,46,0,2
20260912_215351_529_traffic_scan_env2025_seed0-499_48352cd1,186,45,47,1,1
20260912_215351_529_traffic_scan_env2025_seed0-499_48352cd1,186,45,49,0,2
20260912_215351_529_traffic_scan_env2025_seed0-499_48352cd1,186,45,52,0,1
20260912_215351_529_traffic_scan_env2025_seed0-499_48352cd1,186,45,56,0,1
20260912_215351_529_traffic_scan_env2025_seed0-499_48352cd1,186,45,57,0,1
20260912_215351_529_traffic_scan_env2025_seed0-499_48352cd1,186,45,59,0,1
20260912_215351_529_traffic_scan_env2025_seed0-499_48352cd1,186,46,0,0,1
20260912_215351_529_traffic_scan_env2025_seed0-499_48352cd1,186,46,1,0,1
20260912_215351_529_traffic_scan_env2025_seed0-499_48352cd1,186,46,3,0,2
20260912_215351_529_traffic_scan_env2025_seed0-499_48352cd1,186,46,5,0,1
20260912_215351_529_traffic_scan_env2025_seed0-499_48352cd1,186,46,6,0,1
20260912_215351_529_traffic_scan_env2025_seed0-499_48352cd1,186,46,9,0,1
20260912_215351_529_traffic_scan_env2025_seed0-499_48352cd1,186,46,10,0,2
20260912_215351_529_traffic_scan_env2025_seed0-499_48352cd1,186,46,10,1,1
20260912_215351_529_traffic_scan_env2025_seed0-499_48352cd1,186,46,11,1,2
20260912_215351_529_traffic_scan_env2025_seed0-499_48352cd1,186,46,12,0,1
20260912_215351_529_traffic_scan_env2025_seed0-499_48352cd1,186,46,13,0,2
20260912_215351_529_traffic_scan_env2025_seed0-499_48352cd1,186,46,14,0,1
20260912_215351_529_traffic_scan_env2025_seed0-499_48352cd1,186,46,15,0,3
20260912_215351_529_traffic_scan_env2025_seed0-499_48352cd1,186,46,16,0,3
20260912_215351_529_traffic_scan_env2025_seed0-499_48352cd1,186,46,20,0,3
20260912_215351_529_traffic_scan_env2025_seed0-499_48352cd1,186,46,20,1,2
20260912_215351_529_traffic_scan_env2025_seed0-499_48352cd1,186,46,23,0,2
20260912_215351_529_traffic_scan_env2025_seed0-499_48352cd1,186,46,23,1,1
20260912_215351_529_traffic_scan_env2025_seed0-499_48352cd1,186,46,24,0,1
20260912_215351_529_traffic_scan_env2025_seed0-499_48352cd1,186,46,24,1,1
20260912_215351_529_traffic_scan_env2025_seed0-499_48352cd1,186,46,25,1,1
20260912_215351_529_traffic_scan_env2025_seed0-499_48352cd1,186,46,26,1,1
20260912_215351_529_traffic_scan_env2025_seed0-499_48352cd1,186,46,27,1,1
20260912_215351_529_traffic_scan_env2025_seed0-499_48352cd1,186,46,28,0,1
20260912_215351_529_traffic_scan_env2025_seed0-499_48352cd1,186,46,28,1,1
20260912_215351_529_traffic_scan_env2025_seed0-499_48352cd1,186,46,29,0,1
20260912_215351_529_traffic_scan_env2025_seed0-499_48352cd1,186,46,29,1,1
20260912_215351_529_traffic_scan_env2025_seed0-499_48352cd1,186,46,30,0,1
20260912_215351_529_traffic_scan_env2025_seed0-499_48352cd1,186,46,30,1,4
20260912_215351_529_traffic_scan_env2025_seed0-499_48352cd1,186,46,31,0,2
20260912_215351_529_traffic_scan_env2025_seed0-499_48352cd1,186,46,31,1,3
20260912_215351_529_traffic_scan_env2025_seed0-499_48352cd1,186,46,34,0,2
20260912_215351_529_traffic_scan_env2025_seed0-499_48352cd1,186,46,34,1,1
20260912_215351_529_traffic_scan_env2025_seed0-499_48352cd1,186,46,35,0,2
20260912_215351_529_traffic_scan_env2025_seed0-499_48352cd1,186,46,35,1,1
20260912_215351_529_traffic_scan_env2025_seed0-499_48352cd1,186,46,38,0,2
20260912_215351_529_traffic_scan_env2025_seed0-499_48352cd1,186,46,39,0,1
20260912_215351_529_traffic_scan_env2025_seed0-499_48352cd1,186,46,40,0,1
20260912_215351_529_traffic_scan_env2025_seed0-499_48352cd1,186,46,40,1,1
20260912_215351_529_traffic_scan_env2025_seed0-499_48352cd1,186,46,41,0,1
20260912_215351_529_traffic_scan_env2025_seed0-499_48352cd1,186,46,41,1,1
20260912_215351_529_traffic_scan_env2025_seed0-499_48352cd1,186,46,42,0,1
20260912_215351_529_traffic_scan_env2025_seed0-499_48352cd1,186,46,43,0,1
20260912_215351_529_traffic_scan_env2025_seed0-499_48352cd1,186,46,44,0,2
20260912_215351_529_traffic_scan_env2025_seed0-499_48352cd1,186,46,44,1,1
20260912_215351_529_traffic_scan_env2025_seed0-499_48352cd1,186,46,45,0,6
20260912_215351_529_traffic_scan_env2025_seed0-499_48352cd1,186,46,46,0,2
20260912_215351_529_traffic_scan_env2025_seed0-499_48352cd1,186,46,47,0,2
20260912_215351_529_traffic_scan_env2025_seed0-499_48352cd1,186,46,47,1,1
20260912_215351_529_traffic_scan_env2025_seed0-499_48352cd1,186,46,48,0,1
20260912_215351_529_traffic_scan_env2025_seed0-499_48352cd1,186,46,50,0,2
20260912_215351_529_traffic_scan_env2025_seed0-499_48352cd1,186,46,53,0,1
20260912_215351_529_traffic_scan_env2025_seed0-499_48352cd1,186,46,57,0,2
20260912_215351_529_traffic_scan_env2025_seed0-499_48352cd1,186,46,59,0,1
20260912_215351_529_traffic_scan_env2025_seed0-499_48352cd1,186,47,0,0,1
20260912_215351_529_traffic_scan_env2025_seed0-499_48352cd1,186,47,1,0,1
20260912_215351_529_traffic_scan_env2025_seed0-499_48352cd1,186,47,3,0,1
20260912_215351_529_traffic_scan_env2025_seed0-499_48352cd1,186,47,4,0,2
20260912_215351_529_traffic_scan_env2025_seed0-499_48352cd1,186,47,5,0,1
20260912_215351_529_traffic_scan_env2025_seed0-499_48352cd1,186,47,10,0,2
20260912_215351_529_traffic_scan_env2025_seed0-499_48352cd1,186,47,11,1,1
20260912_215351_529_traffic_scan_env2025_seed0-499_48352cd1,186,47,13,0,1
20260912_215351_529_traffic_scan_env2025_seed0-499_48352cd1,186,47,14,0,1
20260912_215351_529_traffic_scan_env2025_seed0-499_48352cd1,186,47,15,0,2
20260912_215351_529_traffic_scan_env2025_seed0-499_48352cd1,186,47,16,0,1
20260912_215351_529_traffic_scan_env2025_seed0-499_48352cd1,186,47,20,0,4
20260912_215351_529_traffic_scan_env2025_seed0-499_48352cd1,186,47,23,0,3
20260912_215351_529_traffic_scan_env2025_seed0-499_48352cd1,186,47,28,0,2
20260912_215351_529_traffic_scan_env2025_seed0-499_48352cd1,186,47,30,1,2
20260912_215351_529_traffic_scan_env2025_seed0-499_48352cd1,186,47,31,0,1
20260912_215351_529_traffic_scan_env2025_seed0-499_48352cd1,186,47,31,1,1
20260912_215351_529_traffic_scan_env2025_seed0-499_48352cd1,186,47,32,0,3
20260912_215351_529_traffic_scan_env2025_seed0-499_48352cd1,186,47,32,1,3
20260912_215351_529_traffic_scan_env2025_seed0-499_48352cd1,186,47,33,0,3
20260912_215351_529_traffic_scan_env2025_seed0-499_48352cd1,186,47,33,1,3
20260912_215351_529_traffic_scan_env2025_seed0-499_48352cd1,186,47,34,0,3
20260912_215351_529_traffic_scan_env2025_seed0-499_48352cd1,186,47,34,1,2
20260912_215351_529_traffic_scan_env2025_seed0-499_48352cd1,186,47,35,0,1
20260912_215351_529_traffic_scan_env2025_seed0-499_48352cd1,186,47,35,1,2
20260912_215351_529_traffic_scan_env2025_seed0-499_48352cd1,186,47,36,0,1
20260912_215351_529_traffic_scan_env2025_seed0-499_48352cd1,186,47,36,1,2
20260912_215351_529_traffic_scan_env2025_seed0-499_48352cd1,186,47,37,1,2
20260912_215351_529_traffic_scan_env2025_seed0-499_48352cd1,186,47,38,1,3
20260912_215351_529_traffic_scan_env2025_seed0-499_48352cd1,186,47,39,2,3
20260912_215351_529_traffic_scan_env2025_seed0-499_48352cd1,186,47,40,2,3
20260912_215351_529_traffic_scan_env2025_seed0-499_48352cd1,186,47,41,1,2
20260912_215351_529_traffic_scan_env2025_seed0-499_48352cd1,186,47,42,0,1
20260912_215351_529_traffic_scan_env2025_seed0-499_48352cd1,186,47,42,1,2
20260912_215351_529_traffic_scan_env2025_seed0-499_48352cd1,186,47,43,1,2
20260912_215351_529_traffic_scan_env2025_seed0-499_48352cd1,186,47,44,0,1
20260912_215351_529_traffic_scan_env2025_seed0-499_48352cd1,186,47,44,1,3
20260912_215351_529_traffic_scan_env2025_seed0-499_48352cd1,186,47,45,0,1
20260912_215351_529_traffic_scan_env2025_seed0-499_48352cd1,186,47,45,1,2
20260912_215351_529_traffic_scan_env2025_seed0-499_48352cd1,186,47,46,0,4
20260912_215351_529_traffic_scan_env2025_seed0-499_48352cd1,186,47,46,1,2
20260912_215351_529_traffic_scan_env2025_seed0-499_48352cd1,186,47,47,0,1
20260912_215351_529_traffic_scan_env2025_seed0-499_48352cd1,186,47,47,1,3
20260912_215351_529_traffic_scan_env2025_seed0-499_48352cd1,186,47,48,0,1
20260912_215351_529_traffic_scan_env2025_seed0-499_48352cd1,186,47,48,1,2
20260912_215351_529_traffic_scan_env2025_seed0-499_48352cd1,186,47,49,1,2
20260912_215351_529_traffic_scan_env2025_seed0-499_48352cd1,186,47,50,1,2
20260912_215351_529_traffic_scan_env2025_seed0-499_48352cd1,186,47,51,0,2
20260912_215351_529_traffic_scan_env2025_seed0-499_48352cd1,186,47,51,1,1
20260912_215351_529_traffic_scan_env2025_seed0-499_48352cd1,186,47,53,0,1
20260912_215351_529_traffic_scan_env2025_seed0-499_48352cd1,186,47,54,0,2
20260912_215351_529_traffic_scan_env2025_seed0-499_48352cd1,186,47,55,0,1
20260912_215351_529_traffic_scan_env2025_seed0-499_48352cd1,186,47,56,0,1
20260912_215351_529_traffic_scan_env2025_seed0-499_48352cd1,186,47,57,0,2
20260912_215351_529_traffic_scan_env2025_seed0-499_48352cd1,186,47,58,0,2
20260912_215351_529_traffic_scan_env2025_seed0-499_48352cd1,186,47,59,0,2
20260912_215351_529_traffic_scan_env2025_seed0-499_48352cd1,186,48,1,0,1
20260912_215351_529_traffic_scan_env2025_seed0-499_48352cd1,186,48,3,0,2
20260912_215351_529_traffic_scan_env2025_seed0-499_48352cd1,186,48,4,0,1
20260912_215351_529_traffic_scan_env2025_seed0-499_48352cd1,186,48,5,0,1
20260912_215351_529_traffic_scan_env2025_seed0-499_48352cd1,186,48,9,0,1
20260912_215351_529_traffic_scan_env2025_seed0-499_48352cd1,186,48,10,0,1
20260912_215351_529_traffic_scan_env2025_seed0-499_48352cd1,186,48,12,1,1
20260912_215351_529_traffic_scan_env2025_seed0-499_48352cd1,186,48,13,0,1
20260912_215351_529_traffic_scan_env2025_seed0-499_48352cd1,186,48,14,0,1
20260912_215351_529_traffic_scan_env2025_seed0-499_48352cd1,186,48,15,0,1
20260912_215351_529_traffic_scan_env2025_seed0-499_48352cd1,186,48,17,0,1
20260912_215351_529_traffic_scan_env2025_seed0-499_48352cd1,186,48,19,0,1
20260912_215351_529_traffic_scan_env2025_seed0-499_48352cd1,186,48,20,0,1
20260912_215351_529_traffic_scan_env2025_seed0-499_48352cd1,186,48,21,0,3
20260912_215351_529_traffic_scan_env2025_seed0-499_48352cd1,186,48,22,0,1
20260912_215351_529_traffic_scan_env2025_seed0-499_48352cd1,186,48,23,0,1
20260912_215351_529_traffic_scan_env2025_seed0-499_48352cd1,186,48,24,0,1
20260912_215351_529_traffic_scan_env2025_seed0-499_48352cd1,186,48,27,0,1
20260912_215351_529_traffic_scan_env2025_seed0-499_48352cd1,186,48,28,0,1
20260912_215351_529_traffic_scan_env2025_seed0-499_48352cd1,186,48,30,1,2
20260912_215351_529_traffic_scan_env2025_seed0-499_48352cd1,186,48,32,0,1
20260912_215351_529_traffic_scan_env2025_seed0-499_48352cd1,186,48,33,0,2
20260912_215351_529_traffic_scan_env2025_seed0-499_48352cd1,186,48,33,1,1
20260912_215351_529_traffic_scan_env2025_seed0-499_48352cd1,186,48,34,2,1
20260912_215351_529_traffic_scan_env2025_seed0-499_48352cd1,186,48,35,0,4
20260912_215351_529_traffic_scan_env2025_seed0-499_48352cd1,186,48,36,0,1
20260912_215351_529_traffic_scan_env2025_seed0-499_48352cd1,186,48,40,2,2
20260912_215351_529_traffic_scan_env2025_seed0-499_48352cd1,186,48,42,0,1
20260912_215351_529_traffic_scan_env2025_seed0-499_48352cd1,186,48,43,0,1
20260912_215351_529_traffic_scan_env2025_seed0-499_48352cd1,186,48,44,1,1
20260912_215351_529_traffic_scan_env2025_seed0-499_48352cd1,186,48,46,0,1
20260912_215351_529_traffic_scan_env2025_seed0-499_48352cd1,186,48,47,0,4
20260912_215351_529_traffic_scan_env2025_seed0-499_48352cd1,186,48,47,1,1
20260912_215351_529_traffic_scan_env2025_seed0-499_48352cd1,186,48,48,0,1
20260912_215351_529_traffic_scan_env2025_seed0-499_48352cd1,186,48,49,0,1
20260912_215351_529_traffic_scan_env2025_seed0-499_48352cd1,186,48,51,0,1
20260912_215351_529_traffic_scan_env2025_seed0-499_48352cd1,186,48,52,0,4
20260912_215351_529_traffic_scan_env2025_seed0-499_48352cd1,186,48,53,0,1
20260912_215351_529_traffic_scan_env2025_seed0-499_48352cd1,186,48,54,0,1
20260912_215351_529_traffic_scan_env2025_seed0-499_48352cd1,186,48,55,0,2
20260912_215351_529_traffic_scan_env2025_seed0-499_48352cd1,186,48,56,0,1
20260912_215351_529_traffic_scan_env2025_seed0-499_48352cd1,186,48,57,0,2
20260912_215351_529_traffic_scan_env2025_seed0-499_48352cd1,186,48,58,0,1
20260912_215351_529_traffic_scan_env2025_seed0-499_48352cd1,186,48,59,0,3
20260912_215351_529_traffic_scan_env2025_seed0-499_48352cd1,186,49,1,0,1
20260912_215351_529_traffic_scan_env2025_seed0-499_48352cd1,186,49,2,0,1
20260912_215351_529_traffic_scan_env2025_seed0-499_48352cd1,186,49,3,0,2
20260912_215351_529_traffic_scan_env2025_seed0-499_48352cd1,186,49,6,0,1
20260912_215351_529_traffic_scan_env2025_seed0-499_48352cd1,186,49,8,0,1
20260912_215351_529_traffic_scan_env2025_seed0-499_48352cd1,186,49,10,0,1
20260912_215351_529_traffic_scan_env2025_seed0-499_48352cd1,186,49,12,0,1
20260912_215351_529_traffic_scan_env2025_seed0-499_48352cd1,186,49,13,1,2
20260912_215351_529_traffic_scan_env2025_seed0-499_48352cd1,186,49,15,0,1
20260912_215351_529_traffic_scan_env2025_seed0-499_48352cd1,186,49,16,0,1
20260912_215351_529_traffic_scan_env2025_seed0-499_48352cd1,186,49,18,0,1
20260912_215351_529_traffic_scan_env2025_seed0-499_48352cd1,186,49,20,0,3
20260912_215351_529_traffic_scan_env2025_seed0-499_48352cd1,186,49,21,0,1
20260912_215351_529_traffic_scan_env2025_seed0-499_48352cd1,186,49,24,0,1
20260912_215351_529_traffic_scan_env2025_seed0-499_48352cd1,186,49,25,0,1
20260912_215351_529_traffic_scan_env2025_seed0-499_48352cd1,186,49,26,0,1
20260912_215351_529_traffic_scan_env2025_seed0-499_48352cd1,186,49,29,0,2
20260912_215351_529_traffic_scan_env2025_seed0-499_48352cd1,186,49,33,0,2
20260912_215351_529_traffic_scan_env2025_seed0-499_48352cd1,186,49,34,0,1
20260912_215351_529_traffic_scan_env2025_seed0-499_48352cd1,186,49,34,1,1
20260912_215351_529_traffic_scan_env2025_seed0-499_48352cd1,186,49,35,0,1
20260912_215351_529_traffic_scan_env2025_seed0-499_48352cd1,186,49,35,1,1
20260912_215351_529_traffic_scan_env2025_seed0-499_48352cd1,186,49,36,0,4
20260912_215351_529_traffic_scan_env2025_seed0-499_48352cd1,186,49,40,2,2
20260912_215351_529_traffic_scan_env2025_seed0-499_48352cd1,186,49,42,0,2
20260912_215351_529_traffic_scan_env2025_seed0-499_48352cd1,186,49,44,0,1
20260912_215351_529_traffic_scan_env2025_seed0-499_48352cd1,186,49,47,0,1
20260912_215351_529_traffic_scan_env2025_seed0-499_48352cd1,186,49,47,1,1
20260912_215351_529_traffic_scan_env2025_seed0-499_48352cd1,186,49,48,0,4
20260912_215351_529_traffic_scan_env2025_seed0-499_48352cd1,186,49,49,0,1
20260912_215351_529_traffic_scan_env2025_seed0-499_48352cd1,186,49,50,0,1
20260912_215351_529_traffic_scan_env2025_seed0-499_48352cd1,186,49,53,0,2
20260912_215351_529_traffic_scan_env2025_seed0-499_48352cd1,186,49,56,0,1
20260912_215351_529_traffic_scan_env2025_seed0-499_48352cd1,186,49,57,0,1
20260912_215351_529_traffic_scan_env2025_seed0-499_48352cd1,186,49,59,0,1
20260912_215351_529_traffic_scan_env2025_seed0-499_48352cd1,186,50,1,0,2
20260912_215351_529_traffic_scan_env2025_seed0-499_48352cd1,186,50,3,0,2
20260912_215351_529_traffic_scan_env2025_seed0-499_48352cd1,186,50,7,0,2
20260912_215351_529_traffic_scan_env2025_seed0-499_48352cd1,186,50,10,0,1
20260912_215351_529_traffic_scan_env2025_seed0-499_48352cd1,186,50,12,1,1
20260912_215351_529_traffic_scan_env2025_seed0-499_48352cd1,186,50,14,0,1
20260912_215351_529_traffic_scan_env2025_seed0-499_48352cd1,186,50,15,0,1
20260912_215351_529_traffic_scan_env2025_seed0-499_48352cd1,186,50,16,0,1
20260912_215351_529_traffic_scan_env2025_seed0-499_48352cd1,186,50,17,0,1
20260912_215351_529_traffic_scan_env2025_seed0-499_48352cd1,186,50,19,0,2
20260912_215351_529_traffic_scan_env2025_seed0-499_48352cd1,186,50,20,0,1
20260912_215351_529_traffic_scan_env2025_seed0-499_48352cd1,186,50,21,0,1
20260912_215351_529_traffic_scan_env2025_seed0-499_48352cd1,186,50,25,0,2
20260912_215351_529_traffic_scan_env2025_seed0-499_48352cd1,186,50,26,0,1
20260912_215351_529_traffic_scan_env2025_seed0-499_48352cd1,186,50,29,0,1
20260912_215351_529_traffic_scan_env2025_seed0-499_48352cd1,186,50,30,0,1
20260912_215351_529_traffic_scan_env2025_seed0-499_48352cd1,186,50,33,0,1
20260912_215351_529_traffic_scan_env2025_seed0-499_48352cd1,186,50,34,0,1
20260912_215351_529_traffic_scan_env2025_seed0-499_48352cd1,186,50,35,1,3
20260912_215351_529_traffic_scan_env2025_seed0-499_48352cd1,186,50,36,0,1
20260912_215351_529_traffic_scan_env2025_seed0-499_48352cd1,186,50,36,1,1
20260912_215351_529_traffic_scan_env2025_seed0-499_48352cd1,186,50,37,0,3
20260912_215351_529_traffic_scan_env2025_seed0-499_48352cd1,186,50,38,0,3
20260912_215351_529_traffic_scan_env2025_seed0-499_48352cd1,186,50,40,2,2
20260912_215351_529_traffic_scan_env2025_seed0-499_48352cd1,186,50,41,0,1
20260912_215351_529_traffic_scan_env2025_seed0-499_48352cd1,186,50,42,0,1
20260912_215351_529_traffic_scan_env2025_seed0-499_48352cd1,186,50,44,0,1
20260912_215351_529_traffic_scan_env2025_seed0-499_48352cd1,186,50,48,0,2
20260912_215351_529_traffic_scan_env2025_seed0-499_48352cd1,186,50,49,0,4
20260912_215351_529_traffic_scan_env2025_seed0-499_48352cd1,186,50,50,0,1
20260912_215351_529_traffic_scan_env2025_seed0-499_48352cd1,186,50,51,0,1
20260912_215351_529_traffic_scan_env2025_seed0-499_48352cd1,186,50,54,0,2
20260912_215351_529_traffic_scan_env2025_seed0-499_48352cd1,186,50,57,0,2
20260912_215351_529_traffic_scan_env2025_seed0-499_48352cd1,186,50,59,0,1
20260912_215351_529_traffic_scan_env2025_seed0-499_48352cd1,186,51,2,0,1
20260912_215351_529_traffic_scan_env2025_seed0-499_48352cd1,186,51,6,0,1
20260912_215351_529_traffic_scan_env2025_seed0-499_48352cd1,186,51,8,0,1
20260912_215351_529_traffic_scan_env2025_seed0-499_48352cd1,186,51,11,1,1
20260912_215351_529_traffic_scan_env2025_seed0-499_48352cd1,186,51,15,0,2
20260912_215351_529_traffic_scan_env2025_seed0-499_48352cd1,186,51,16,0,2
20260912_215351_529_traffic_scan_env2025_seed0-499_48352cd1,186,51,18,0,2
20260912_215351_529_traffic_scan_env2025_seed0-499_48352cd1,186,51,20,0,1
20260912_215351_529_traffic_scan_env2025_seed0-499_48352cd1,186,51,21,1,1
20260912_215351_529_traffic_scan_env2025_seed0-499_48352cd1,186,51,24,0,1
20260912_215351_529_traffic_scan_env2025_seed0-499_48352cd1,186,51,26,0,1
20260912_215351_529_traffic_scan_env2025_seed0-499_48352cd1,186,51,27,0,1
20260912_215351_529_traffic_scan_env2025_seed0-499_48352cd1,186,51,29,0,1
20260912_215351_529_traffic_scan_env2025_seed0-499_48352cd1,186,51,30,0,1
20260912_215351_529_traffic_scan_env2025_seed0-499_48352cd1,186,51,33,0,1
20260912_215351_529_traffic_scan_env2025_seed0-499_48352cd1,186,51,35,0,3
20260912_215351_529_traffic_scan_env2025_seed0-499_48352cd1,186,51,36,0,2
20260912_215351_529_traffic_scan_env2025_seed0-499_48352cd1,186,51,37,1,1
20260912_215351_529_traffic_scan_env2025_seed0-499_48352cd1,186,51,39,0,3
20260912_215351_529_traffic_scan_env2025_seed0-499_48352cd1,186,51,40,0,1
20260912_215351_529_traffic_scan_env2025_seed0-499_48352cd1,186,51,40,1,2
20260912_215351_529_traffic_scan_env2025_seed0-499_48352cd1,186,51,41,0,1
20260912_215351_529_traffic_scan_env2025_seed0-499_48352cd1,186,51,42,0,1
20260912_215351_529_traffic_scan_env2025_seed0-499_48352cd1,186,51,44,0,1
20260912_215351_529_traffic_scan_env2025_seed0-499_48352cd1,186,51,48,0,1
20260912_215351_529_traffic_scan_env2025_seed0-499_48352cd1,186,51,50,0,4
20260912_215351_529_traffic_scan_env2025_seed0-499_48352cd1,186,51,55,0,1
20260912_215351_529_traffic_scan_env2025_seed0-499_48352cd1,186,51,57,0,1
20260912_215351_529_traffic_scan_env2025_seed0-499_48352cd1,186,52,1,0,1
20260912_215351_529_traffic_scan_env2025_seed0-499_48352cd1,186,52,5,0,1
20260912_215351_529_traffic_scan_env2025_seed0-499_48352cd1,186,52,9,0,1
20260912_215351_529_traffic_scan_env2025_seed0-499_48352cd1,186,52,10,1,1
20260912_215351_529_traffic_scan_env2025_seed0-499_48352cd1,186,52,15,0,2
20260912_215351_529_traffic_scan_env2025_seed0-499_48352cd1,186,52,16,0,1
20260912_215351_529_traffic_scan_env2025_seed0-499_48352cd1,186,52,17,0,1
20260912_215351_529_traffic_scan_env2025_seed0-499_48352cd1,186,52,20,0,1
20260912_215351_529_traffic_scan_env2025_seed0-499_48352cd1,186,52,21,0,1
20260912_215351_529_traffic_scan_env2025_seed0-499_48352cd1,186,52,23,0,1
20260912_215351_529_traffic_scan_env2025_seed0-499_48352cd1,186,52,27,0,1
20260912_215351_529_traffic_scan_env2025_seed0-499_48352cd1,186,52,28,0,1
20260912_215351_529_traffic_scan_env2025_seed0-499_48352cd1,186,52,29,0,1
20260912_215351_529_traffic_scan_env2025_seed0-499_48352cd1,186,52,30,0,1
20260912_215351_529_traffic_scan_env2025_seed0-499_48352cd1,186,52,35,0,1
20260912_215351_529_traffic_scan_env2025_seed0-499_48352cd1,186,52,36,0,1
20260912_215351_529_traffic_scan_env2025_seed0-499_48352cd1,186,52,37,0,1
20260912_215351_529_traffic_scan_env2025_seed0-499_48352cd1,186,52,38,1,1
20260912_215351_529_traffic_scan_env2025_seed0-499_48352cd1,186,52,40,0,3
20260912_215351_529_traffic_scan_env2025_seed0-499_48352cd1,186,52,40,1,1
20260912_215351_529_traffic_scan_env2025_seed0-499_48352cd1,186,52,42,0,2
20260912_215351_529_traffic_scan_env2025_seed0-499_48352cd1,186,52,44,0,1
20260912_215351_529_traffic_scan_env2025_seed0-499_48352cd1,186,52,47,0,1
20260912_215351_529_traffic_scan_env2025_seed0-499_48352cd1,186,52,51,0,4
20260912_215351_529_traffic_scan_env2025_seed0-499_48352cd1,186,52,52,0,2
20260912_215351_529_traffic_scan_env2025_seed0-499_48352cd1,186,52,56,0,1
20260912_215351_529_traffic_scan_env2025_seed0-499_48352cd1,186,52,57,0,1
20260912_215351_529_traffic_scan_env2025_seed0-499_48352cd1,186,53,9,1,1
20260912_215351_529_traffic_scan_env2025_seed0-499_48352cd1,186,53,10,0,1
20260912_215351_529_traffic_scan_env2025_seed0-499_48352cd1,186,53,14,0,1
20260912_215351_529_traffic_scan_env2025_seed0-499_48352cd1,186,53,16,0,1
20260912_215351_529_traffic_scan_env2025_seed0-499_48352cd1,186,53,17,0,1
20260912_215351_529_traffic_scan_env2025_seed0-499_48352cd1,186,53,20,0,1
20260912_215351_529_traffic_scan_env2025_seed0-499_48352cd1,186,53,24,0,1
20260912_215351_529_traffic_scan_env2025_seed0-499_48352cd1,186,53,28,0,1
20260912_215351_529_traffic_scan_env2025_seed0-499_48352cd1,186,53,29,0,2
20260912_215351_529_traffic_scan_env2025_seed0-499_48352cd1,186,53,30,0,1
20260912_215351_529_traffic_scan_env2025_seed0-499_48352cd1,186,53,35,0,1
20260912_215351_529_traffic_scan_env2025_seed0-499_48352cd1,186,53,36,0,1
20260912_215351_529_traffic_scan_env2025_seed0-499_48352cd1,186,53,39,0,1
20260912_215351_529_traffic_scan_env2025_seed0-499_48352cd1,186,53,40,0,2
20260912_215351_529_traffic_scan_env2025_seed0-499_48352cd1,186,53,41,0,2
20260912_215351_529_traffic_scan_env2025_seed0-499_48352cd1,186,53,42,0,2
20260912_215351_529_traffic_scan_env2025_seed0-499_48352cd1,186,53,43,0,1
20260912_215351_529_traffic_scan_env2025_seed0-499_48352cd1,186,53,44,0,1
20260912_215351_529_traffic_scan_env2025_seed0-499_48352cd1,186,53,47,0,1
20260912_215351_529_traffic_scan_env2025_seed0-499_48352cd1,186,53,52,0,2
20260912_215351_529_traffic_scan_env2025_seed0-499_48352cd1,186,53,53,0,2
20260912_215351_529_traffic_scan_env2025_seed0-499_48352cd1,186,53,57,0,2
20260912_215351_529_traffic_scan_env2025_seed0-499_48352cd1,186,54,8,0,1
20260912_215351_529_traffic_scan_env2025_seed0-499_48352cd1,186,54,11,0,1
20260912_215351_529_traffic_scan_env2025_seed0-499_48352cd1,186,54,13,0,1
20260912_215351_529_traffic_scan_env2025_seed0-499_48352cd1,186,54,15,0,1
20260912_215351_529_traffic_scan_env2025_seed0-499_48352cd1,186,54,18,0,1
20260912_215351_529_traffic_scan_env2025_seed0-499_48352cd1,186,54,20,0,1
20260912_215351_529_traffic_scan_env2025_seed0-499_48352cd1,186,54,24,0,1
20260912_215351_529_traffic_scan_env2025_seed0-499_48352cd1,186,54,29,0,2
20260912_215351_529_traffic_scan_env2025_seed0-499_48352cd1,186,54,30,0,2
20260912_215351_529_traffic_scan_env2025_seed0-499_48352cd1,186,54,35,0,1
20260912_215351_529_traffic_scan_env2025_seed0-499_48352cd1,186,54,36,0,1
20260912_215351_529_traffic_scan_env2025_seed0-499_48352cd1,186,54,40,0,2
20260912_215351_529_traffic_scan_env2025_seed0-499_48352cd1,186,54,42,0,2
20260912_215351_529_traffic_scan_env2025_seed0-499_48352cd1,186,54,43,0,1
20260912_215351_529_traffic_scan_env2025_seed0-499_48352cd1,186,54,44,0,2
20260912_215351_529_traffic_scan_env2025_seed0-499_48352cd1,186,54,47,0,1
20260912_215351_529_traffic_scan_env2025_seed0-499_48352cd1,186,54,53,0,1
20260912_215351_529_traffic_scan_env2025_seed0-499_48352cd1,186,54,54,0,2
20260912_215351_529_traffic_scan_env2025_seed0-499_48352cd1,186,54,57,0,1
20260912_215351_529_traffic_scan_env2025_seed0-499_48352cd1,186,55,7,0,1
20260912_215351_529_traffic_scan_env2025_seed0-499_48352cd1,186,55,12,0,2
20260912_215351_529_traffic_scan_env2025_seed0-499_48352cd1,186,55,13,0,1
20260912_215351_529_traffic_scan_env2025_seed0-499_48352cd1,186,55,14,0,2
20260912_215351_529_traffic_scan_env2025_seed0-499_48352cd1,186,55,15,0,1
20260912_215351_529_traffic_scan_env2025_seed0-499_48352cd1,186,55,16,0,1
20260912_215351_529_traffic_scan_env2025_seed0-499_48352cd1,186,55,17,0,1
20260912_215351_529_traffic_scan_env2025_seed0-499_48352cd1,186,55,18,0,2
20260912_215351_529_traffic_scan_env2025_seed0-499_48352cd1,186,55,19,0,1
20260912_215351_529_traffic_scan_env2025_seed0-499_48352cd1,186,55,20,0,1
20260912_215351_529_traffic_scan_env2025_seed0-499_48352cd1,186,55,21,0,1
20260912_215351_529_traffic_scan_env2025_seed0-499_48352cd1,186,55,22,0,1
20260912_215351_529_traffic_scan_env2025_seed0-499_48352cd1,186,55,23,0,2
20260912_215351_529_traffic_scan_env2025_seed0-499_48352cd1,186,55,24,0,1
20260912_215351_529_traffic_scan_env2025_seed0-499_48352cd1,186,55,29,0,1
20260912_215351_529_traffic_scan_env2025_seed0-499_48352cd1,186,55,30,0,2
20260912_215351_529_traffic_scan_env2025_seed0-499_48352cd1,186,55,31,0,1
20260912_215351_529_traffic_scan_env2025_seed0-499_48352cd1,186,55,35,0,1
20260912_215351_529_traffic_scan_env2025_seed0-499_48352cd1,186,55,40,0,1
20260912_215351_529_traffic_scan_env2025_seed0-499_48352cd1,186,55,43,0,1
20260912_215351_529_traffic_scan_env2025_seed0-499_48352cd1,186,55,44,0,2
20260912_215351_529_traffic_scan_env2025_seed0-499_48352cd1,186,55,45,0,1
20260912_215351_529_traffic_scan_env2025_seed0-499_48352cd1,186,55,47,0,1
20260912_215351_529_traffic_scan_env2025_seed0-499_48352cd1,186,55,55,0,1
20260912_215351_529_traffic_scan_env2025_seed0-499_48352cd1,186,55,57,0,1
20260912_215351_529_traffic_scan_env2025_seed0-499_48352cd1,186,56,6,0,1
20260912_215351_529_traffic_scan_env2025_seed0-499_48352cd1,186,56,11,0,1
20260912_215351_529_traffic_scan_env2025_seed0-499_48352cd1,186,56,13,0,1
20260912_215351_529_traffic_scan_env2025_seed0-499_48352cd1,186,56,19,0,1
20260912_215351_529_traffic_scan_env2025_seed0-499_48352cd1,186,56,22,0,1
20260912_215351_529_traffic_scan_env2025_seed0-499_48352cd1,186,56,25,1,1
20260912_215351_529_traffic_scan_env2025_seed0-499_48352cd1,186,56,26,1,1
20260912_215351_529_traffic_scan_env2025_seed0-499_48352cd1,186,56,27,1,1
20260912_215351_529_traffic_scan_env2025_seed0-499_48352cd1,186,56,28,1,1
20260912_215351_529_traffic_scan_env2025_seed0-499_48352cd1,186,56,29,0,1
20260912_215351_529_traffic_scan_env2025_seed0-499_48352cd1,186,56,29,1,1
20260912_215351_529_traffic_scan_env2025_seed0-499_48352cd1,186,56,30,0,1
20260912_215351_529_traffic_scan_env2025_seed0-499_48352cd1,186,56,30,1,1
20260912_215351_529_traffic_scan_env2025_seed0-499_48352cd1,186,56,31,0,1
20260912_215351_529_traffic_scan_env2025_seed0-499_48352cd1,186,56,31,1,1
20260912_215351_529_traffic_scan_env2025_seed0-499_48352cd1,186,56,32,0,1
20260912_215351_529_traffic_scan_env2025_seed0-499_48352cd1,186,56,32,1,1
20260912_215351_529_traffic_scan_env2025_seed0-499_48352cd1,186,56,33,1,1
20260912_215351_529_traffic_scan_env2025_seed0-499_48352cd1,186,56,34,1,1
20260912_215351_529_traffic_scan_env2025_seed0-499_48352cd1,186,56,35,1,1
20260912_215351_529_traffic_scan_env2025_seed0-499_48352cd1,186,56,36,1,1
20260912_215351_529_traffic_scan_env2025_seed0-499_48352cd1,186,56,37,1,1
20260912_215351_529_traffic_scan_env2025_seed0-499_48352cd1,186,56,38,1,1
20260912_215351_529_traffic_scan_env2025_seed0-499_48352cd1,186,56,39,2,1
20260912_215351_529_traffic_scan_env2025_seed0-499_48352cd1,186,56,40,0,1
20260912_215351_529_traffic_scan_env2025_seed0-499_48352cd1,186,56,40,1,1
20260912_215351_529_traffic_scan_env2025_seed0-499_48352cd1,186,56,43,0,2
20260912_215351_529_traffic_scan_env2025_seed0-499_48352cd1,186,56,44,0,1
20260912_215351_529_traffic_scan_env2025_seed0-499_48352cd1,186,56,45,0,2
20260912_215351_529_traffic_scan_env2025_seed0-499_48352cd1,186,56,46,0,2
20260912_215351_529_traffic_scan_env2025_seed0-499_48352cd1,186,56,47,0,2
20260912_215351_529_traffic_scan_env2025_seed0-499_48352cd1,186,56,48,0,1
20260912_215351_529_traffic_scan_env2025_seed0-499_48352cd1,186,56,49,0,1
20260912_215351_529_traffic_scan_env2025_seed0-499_48352cd1,186,56,50,0,1
20260912_215351_529_traffic_scan_env2025_seed0-499_48352cd1,186,56,51,0,1
20260912_215351_529_traffic_scan_env2025_seed0-499_48352cd1,186,56,52,0,1
20260912_215351_529_traffic_scan_env2025_seed0-499_48352cd1,186,56,57,0,1
20260912_215351_529_traffic_scan_env2025_seed0-499_48352cd1,186,57,5,0,1
20260912_215351_529_traffic_scan_env2025_seed0-499_48352cd1,186,57,10,0,1
20260912_215351_529_traffic_scan_env2025_seed0-499_48352cd1,186,57,13,0,1
20260912_215351_529_traffic_scan_env2025_seed0-499_48352cd1,186,57,20,0,1
20260912_215351_529_traffic_scan_env2025_seed0-499_48352cd1,186,57,29,0,1
20260912_215351_529_traffic_scan_env2025_seed0-499_48352cd1,186,57,30,0,1
20260912_215351_529_traffic_scan_env2025_seed0-499_48352cd1,186,57,32,0,1
20260912_215351_529_traffic_scan_env2025_seed0-499_48352cd1,186,57,33,0,1
20260912_215351_529_traffic_scan_env2025_seed0-499_48352cd1,186,57,40,0,1
20260912_215351_529_traffic_scan_env2025_seed0-499_48352cd1,186,57,41,1,1
20260912_215351_529_traffic_scan_env2025_seed0-499_48352cd1,186,57,42,1,1
20260912_215351_529_traffic_scan_env2025_seed0-499_48352cd1,186,57,46,0,1
20260912_215351_529_traffic_scan_env2025_seed0-499_48352cd1,186,57,57,0,1
20260912_215351_529_traffic_scan_env2025_seed0-499_48352cd1,186,58,4,0,1
20260912_215351_529_traffic_scan_env2025_seed0-499_48352cd1,186,58,9,0,1
20260912_215351_529_traffic_scan_env2025_seed0-499_48352cd1,186,58,13,0,1
20260912_215351_529_traffic_scan_env2025_seed0-499_48352cd1,186,58,21,0,1
20260912_215351_529_traffic_scan_env2025_seed0-499_48352cd1,186,58,33,0,1
20260912_215351_529_traffic_scan_env2025_seed0-499_48352cd1,186,58,34,0,1
20260912_215351_529_traffic_scan_env2025_seed0-499_48352cd1,186,58,40,0,1
20260912_215351_529_traffic_scan_env2025_seed0-499_48352cd1,186,58,47,0,1
20260912_215351_529_traffic_scan_env2025_seed0-499_48352cd1,186,58,57,0,1
20260912_215351_529_traffic_scan_env2025_seed0-499_48352cd1,186,59,1,0,1
20260912_215351_529_traffic_scan_env2025_seed0-499_48352cd1,186,59,2,0,1
20260912_215351_529_traffic_scan_env2025_seed0-499_48352cd1,186,59,3,0,1
20260912_215351_529_traffic_scan_env2025_seed0-499_48352cd1,186,59,8,0,1
20260912_215351_529_traffic_scan_env2025_seed0-499_48352cd1,186,59,22,0,1
20260912_215351_529_traffic_scan_env2025_seed0-499_48352cd1,186,59,35,0,1
20260912_215351_529_traffic_scan_env2025_seed0-499_48352cd1,186,59,40,0,1
20260912_215351_529_traffic_scan_env2025_seed0-499_48352cd1,186,59,48,0,1
20260912_215351_529_traffic_scan_env2025_seed0-499_48352cd1,186,59,57,0,1
