run_id,traffic_seed,grid_x,grid_y,grid_z,distinct_flight_count
20260912_215351_529_traffic_scan_env2025_seed0-499_48352cd1,42,0,2,0,1
20260912_215351_529_traffic_scan_env2025_seed0-499_48352cd1,42,0,10,0,1
20260912_215351_529_traffic_scan_env2025_seed0-499_48352cd1,42,0,18,0,1
20260912_215351_529_traffic_scan_env2025_seed0-499_48352cd1,42,0,27,0,1
20260912_215351_529_traffic_scan_env2025_seed0-499_48352cd1,42,0,37,0,1
20260912_215351_529_traffic_scan_env2025_seed0-499_48352cd1,42,0,49,0,1
20260912_215351_529_traffic_scan_env2025_seed0-499_48352cd1,42,1,3,0,1
20260912_215351_529_traffic_scan_env2025_seed0-499_48352cd1,42,1,11,0,1
20260912_215351_529_traffic_scan_env2025_seed0-499_48352cd1,42,1,14,0,1
20260912_215351_529_traffic_scan_env2025_seed0-499_48352cd1,42,1,16,0,1
20260912_215351_529_traffic_scan_env2025_seed0-499_48352cd1,42,1,19,0,2
20260912_215351_529_traffic_scan_env2025_seed0-499_48352cd1,42,1,20,0,1
20260912_215351_529_traffic_scan_env2025_seed0-499_48352cd1,42,1,21,0,3
20260912_215351_529_traffic_scan_env2025_seed0-499_48352cd1,42,1,22,0,1
20260912_215351_529_traffic_scan_env2025_seed0-499_48352cd1,42,1,23,0,1
20260912_215351_529_traffic_scan_env2025_seed0-499_48352cd1,42,1,24,0,1
20260912_215351_529_traffic_scan_env2025_seed0-499_48352cd1,42,1,25,0,1
20260912_215351_529_traffic_scan_env2025_seed0-499_48352cd1,42,1,26,0,3
20260912_215351_529_traffic_scan_env2025_seed0-499_48352cd1,42,1,27,0,1
20260912_215351_529_traffic_scan_env2025_seed0-499_48352cd1,42,1,28,0,1
20260912_215351_529_traffic_scan_env2025_seed0-499_48352cd1,42,1,29,0,1
20260912_215351_529_traffic_scan_env2025_seed0-499_48352cd1,42,1,30,0,1
20260912_215351_529_traffic_scan_env2025_seed0-499_48352cd1,42,1,31,0,1
20260912_215351_529_traffic_scan_env2025_seed0-499_48352cd1,42,1,32,0,1
20260912_215351_529_traffic_scan_env2025_seed0-499_48352cd1,42,1,33,0,1
20260912_215351_529_traffic_scan_env2025_seed0-499_48352cd1,42,1,34,0,1
20260912_215351_529_traffic_scan_env2025_seed0-499_48352cd1,42,1,35,0,1
20260912_215351_529_traffic_scan_env2025_seed0-499_48352cd1,42,1,36,0,1
20260912_215351_529_traffic_scan_env2025_seed0-499_48352cd1,42,1,37,0,1
20260912_215351_529_traffic_scan_env2025_seed0-499_48352cd1,42,1,38,0,3
20260912_215351_529_traffic_scan_env2025_seed0-499_48352cd1,42,1,39,0,1
20260912_215351_529_traffic_scan_env2025_seed0-499_48352cd1,42,1,40,0,1
20260912_215351_529_traffic_scan_env2025_seed0-499_48352cd1,42,1,41,0,1
20260912_215351_529_traffic_scan_env2025_seed0-499_48352cd1,42,1,42,0,1
20260912_215351_529_traffic_scan_env2025_seed0-499_48352cd1,42,1,43,0,1
20260912_215351_529_traffic_scan_env2025_seed0-499_48352cd1,42,1,44,0,1
20260912_215351_529_traffic_scan_env2025_seed0-499_48352cd1,42,1,45,0,1
20260912_215351_529_traffic_scan_env2025_seed0-499_48352cd1,42,1,46,0,1
20260912_215351_529_traffic_scan_env2025_seed0-499_48352cd1,42,1,47,0,1
20260912_215351_529_traffic_scan_env2025_seed0-499_48352cd1,42,1,48,0,1
20260912_215351_529_traffic_scan_env2025_seed0-499_48352cd1,42,1,49,0,2
20260912_215351_529_traffic_scan_env2025_seed0-499_48352cd1,42,1,50,0,1
20260912_215351_529_traffic_scan_env2025_seed0-499_48352cd1,42,1,51,0,1
20260912_215351_529_traffic_scan_env2025_seed0-499_48352cd1,42,1,55,0,1
20260912_215351_529_traffic_scan_env2025_seed0-499_48352cd1,42,1,56,0,1
20260912_215351_529_traffic_scan_env2025_seed0-499_48352cd1,42,2,0,0,1
20260912_215351_529_traffic_scan_env2025_seed0-499_48352cd1,42,2,3,0,1
20260912_215351_529_traffic_scan_env2025_seed0-499_48352cd1,42,2,7,0,2
20260912_215351_529_traffic_scan_env2025_seed0-499_48352cd1,42,2,8,0,1
20260912_215351_529_traffic_scan_env2025_seed0-499_48352cd1,42,2,9,0,1
20260912_215351_529_traffic_scan_env2025_seed0-499_48352cd1,42,2,10,0,1
20260912_215351_529_traffic_scan_env2025_seed0-499_48352cd1,42,2,11,0,1
20260912_215351_529_traffic_scan_env2025_seed0-499_48352cd1,42,2,12,0,2
20260912_215351_529_traffic_scan_env2025_seed0-499_48352cd1,42,2,13,0,2
20260912_215351_529_traffic_scan_env2025_seed0-499_48352cd1,42,2,14,0,2
20260912_215351_529_traffic_scan_env2025_seed0-499_48352cd1,42,2,15,0,1
20260912_215351_529_traffic_scan_env2025_seed0-499_48352cd1,42,2,16,0,1
20260912_215351_529_traffic_scan_env2025_seed0-499_48352cd1,42,2,17,0,2
20260912_215351_529_traffic_scan_env2025_seed0-499_48352cd1,42,2,18,0,1
20260912_215351_529_traffic_scan_env2025_seed0-499_48352cd1,42,2,20,0,1
20260912_215351_529_traffic_scan_env2025_seed0-499_48352cd1,42,2,21,0,1
20260912_215351_529_traffic_scan_env2025_seed0-499_48352cd1,42,2,22,0,1
20260912_215351_529_traffic_scan_env2025_seed0-499_48352cd1,42,2,26,0,2
20260912_215351_529_traffic_scan_env2025_seed0-499_48352cd1,42,2,37,0,2
20260912_215351_529_traffic_scan_env2025_seed0-499_48352cd1,42,2,39,0,1
20260912_215351_529_traffic_scan_env2025_seed0-499_48352cd1,42,2,42,0,1
20260912_215351_529_traffic_scan_env2025_seed0-499_48352cd1,42,2,46,0,1
20260912_215351_529_traffic_scan_env2025_seed0-499_48352cd1,42,2,49,0,1
20260912_215351_529_traffic_scan_env2025_seed0-499_48352cd1,42,2,52,0,2
20260912_215351_529_traffic_scan_env2025_seed0-499_48352cd1,42,2,53,0,1
20260912_215351_529_traffic_scan_env2025_seed0-499_48352cd1,42,2,54,0,1
20260912_215351_529_traffic_scan_env2025_seed0-499_48352cd1,42,2,57,0,1
20260912_215351_529_traffic_scan_env2025_seed0-499_48352cd1,42,2,58,0,1
20260912_215351_529_traffic_scan_env2025_seed0-499_48352cd1,42,2,59,0,1
20260912_215351_529_traffic_scan_env2025_seed0-499_48352cd1,42,3,0,0,1
20260912_215351_529_traffic_scan_env2025_seed0-499_48352cd1,42,3,1,0,2
20260912_215351_529_traffic_scan_env2025_seed0-499_48352cd1,42,3,2,0,1
20260912_215351_529_traffic_scan_env2025_seed0-499_48352cd1,42,3,3,0,1
20260912_215351_529_traffic_scan_env2025_seed0-499_48352cd1,42,3,4,0,2
20260912_215351_529_traffic_scan_env2025_seed0-499_48352cd1,42,3,5,0,1
20260912_215351_529_traffic_scan_env2025_seed0-499_48352cd1,42,3,6,0,2
20260912_215351_529_traffic_scan_env2025_seed0-499_48352cd1,42,3,8,0,1
20260912_215351_529_traffic_scan_env2025_seed0-499_48352cd1,42,3,9,0,1
20260912_215351_529_traffic_scan_env2025_seed0-499_48352cd1,42,3,14,0,2
20260912_215351_529_traffic_scan_env2025_seed0-499_48352cd1,42,3,18,0,1
20260912_215351_529_traffic_scan_env2025_seed0-499_48352cd1,42,3,21,0,2
20260912_215351_529_traffic_scan_env2025_seed0-499_48352cd1,42,3,23,0,2
20260912_215351_529_traffic_scan_env2025_seed0-499_48352cd1,42,3,26,0,2
20260912_215351_529_traffic_scan_env2025_seed0-499_48352cd1,42,3,31,0,1
20260912_215351_529_traffic_scan_env2025_seed0-499_48352cd1,42,3,32,0,1
20260912_215351_529_traffic_scan_env2025_seed0-499_48352cd1,42,3,33,0,1
20260912_215351_529_traffic_scan_env2025_seed0-499_48352cd1,42,3,36,0,1
20260912_215351_529_traffic_scan_env2025_seed0-499_48352cd1,42,3,38,0,2
20260912_215351_529_traffic_scan_env2025_seed0-499_48352cd1,42,3,40,0,1
20260912_215351_529_traffic_scan_env2025_seed0-499_48352cd1,42,3,42,0,2
20260912_215351_529_traffic_scan_env2025_seed0-499_48352cd1,42,3,47,0,1
20260912_215351_529_traffic_scan_env2025_seed0-499_48352cd1,42,3,49,0,1
20260912_215351_529_traffic_scan_env2025_seed0-499_48352cd1,42,3,51,0,1
20260912_215351_529_traffic_scan_env2025_seed0-499_48352cd1,42,4,1,0,1
20260912_215351_529_traffic_scan_env2025_seed0-499_48352cd1,42,4,2,0,1
20260912_215351_529_traffic_scan_env2025_seed0-499_48352cd1,42,4,3,0,1
20260912_215351_529_traffic_scan_env2025_seed0-499_48352cd1,42,4,4,0,1
20260912_215351_529_traffic_scan_env2025_seed0-499_48352cd1,42,4,5,0,2
20260912_215351_529_traffic_scan_env2025_seed0-499_48352cd1,42,4,8,0,1
20260912_215351_529_traffic_scan_env2025_seed0-499_48352cd1,42,4,10,0,1
20260912_215351_529_traffic_scan_env2025_seed0-499_48352cd1,42,4,11,0,2
20260912_215351_529_traffic_scan_env2025_seed0-499_48352cd1,42,4,14,0,3
20260912_215351_529_traffic_scan_env2025_seed0-499_48352cd1,42,4,15,0,2
20260912_215351_529_traffic_scan_env2025_seed0-499_48352cd1,42,4,16,0,1
20260912_215351_529_traffic_scan_env2025_seed0-499_48352cd1,42,4,17,0,1
20260912_215351_529_traffic_scan_env2025_seed0-499_48352cd1,42,4,18,0,1
20260912_215351_529_traffic_scan_env2025_seed0-499_48352cd1,42,4,19,0,2
20260912_215351_529_traffic_scan_env2025_seed0-499_48352cd1,42,4,20,0,1
20260912_215351_529_traffic_scan_env2025_seed0-499_48352cd1,42,4,21,0,2
20260912_215351_529_traffic_scan_env2025_seed0-499_48352cd1,42,4,22,0,2
20260912_215351_529_traffic_scan_env2025_seed0-499_48352cd1,42,4,23,0,1
20260912_215351_529_traffic_scan_env2025_seed0-499_48352cd1,42,4,24,0,1
20260912_215351_529_traffic_scan_env2025_seed0-499_48352cd1,42,4,25,0,1
20260912_215351_529_traffic_scan_env2025_seed0-499_48352cd1,42,4,26,0,1
20260912_215351_529_traffic_scan_env2025_seed0-499_48352cd1,42,4,31,0,1
20260912_215351_529_traffic_scan_env2025_seed0-499_48352cd1,42,4,34,1,1
20260912_215351_529_traffic_scan_env2025_seed0-499_48352cd1,42,4,35,0,1
20260912_215351_529_traffic_scan_env2025_seed0-499_48352cd1,42,4,38,0,1
20260912_215351_529_traffic_scan_env2025_seed0-499_48352cd1,42,4,39,0,1
20260912_215351_529_traffic_scan_env2025_seed0-499_48352cd1,42,4,41,0,1
20260912_215351_529_traffic_scan_env2025_seed0-499_48352cd1,42,4,41,1,1
20260912_215351_529_traffic_scan_env2025_seed0-499_48352cd1,42,4,42,0,2
20260912_215351_529_traffic_scan_env2025_seed0-499_48352cd1,42,4,42,1,1
20260912_215351_529_traffic_scan_env2025_seed0-499_48352cd1,42,4,43,1,1
20260912_215351_529_traffic_scan_env2025_seed0-499_48352cd1,42,4,44,1,1
20260912_215351_529_traffic_scan_env2025_seed0-499_48352cd1,42,4,45,1,1
20260912_215351_529_traffic_scan_env2025_seed0-499_48352cd1,42,4,46,0,1
20260912_215351_529_traffic_scan_env2025_seed0-499_48352cd1,42,4,47,0,1
20260912_215351_529_traffic_scan_env2025_seed0-499_48352cd1,42,4,48,0,2
20260912_215351_529_traffic_scan_env2025_seed0-499_48352cd1,42,4,49,0,2
20260912_215351_529_traffic_scan_env2025_seed0-499_48352cd1,42,4,50,0,2
20260912_215351_529_traffic_scan_env2025_seed0-499_48352cd1,42,4,51,0,1
20260912_215351_529_traffic_scan_env2025_seed0-499_48352cd1,42,4,52,0,1
20260912_215351_529_traffic_scan_env2025_seed0-499_48352cd1,42,4,54,0,1
20260912_215351_529_traffic_scan_env2025_seed0-499_48352cd1,42,5,1,0,1
20260912_215351_529_traffic_scan_env2025_seed0-499_48352cd1,42,5,2,0,1
20260912_215351_529_traffic_scan_env2025_seed0-499_48352cd1,42,5,3,0,1
20260912_215351_529_traffic_scan_env2025_seed0-499_48352cd1,42,5,6,0,2
20260912_215351_529_traffic_scan_env2025_seed0-499_48352cd1,42,5,7,0,2
20260912_215351_529_traffic_scan_env2025_seed0-499_48352cd1,42,5,9,0,1
20260912_215351_529_traffic_scan_env2025_seed0-499_48352cd1,42,5,10,0,1
20260912_215351_529_traffic_scan_env2025_seed0-499_48352cd1,42,5,12,0,2
20260912_215351_529_traffic_scan_env2025_seed0-499_48352cd1,42,5,13,0,3
20260912_215351_529_traffic_scan_env2025_seed0-499_48352cd1,42,5,14,0,1
20260912_215351_529_traffic_scan_env2025_seed0-499_48352cd1,42,5,15,0,1
20260912_215351_529_traffic_scan_env2025_seed0-499_48352cd1,42,5,16,0,1
20260912_215351_529_traffic_scan_env2025_seed0-499_48352cd1,42,5,18,0,1
20260912_215351_529_traffic_scan_env2025_seed0-499_48352cd1,42,5,20,0,1
20260912_215351_529_traffic_scan_env2025_seed0-499_48352cd1,42,5,21,0,1
20260912_215351_529_traffic_scan_env2025_seed0-499_48352cd1,42,5,23,0,3
20260912_215351_529_traffic_scan_env2025_seed0-499_48352cd1,42,5,24,0,1
20260912_215351_529_traffic_scan_env2025_seed0-499_48352cd1,42,5,25,0,1
20260912_215351_529_traffic_scan_env2025_seed0-499_48352cd1,42,5,26,0,1
20260912_215351_529_traffic_scan_env2025_seed0-499_48352cd1,42,5,31,0,1
20260912_215351_529_traffic_scan_env2025_seed0-499_48352cd1,42,5,34,0,2
20260912_215351_529_traffic_scan_env2025_seed0-499_48352cd1,42,5,35,0,1
20260912_215351_529_traffic_scan_env2025_seed0-499_48352cd1,42,5,39,1,1
20260912_215351_529_traffic_scan_env2025_seed0-499_48352cd1,42,5,40,0,2
20260912_215351_529_traffic_scan_env2025_seed0-499_48352cd1,42,5,40,1,1
20260912_215351_529_traffic_scan_env2025_seed0-499_48352cd1,42,5,43,0,2
20260912_215351_529_traffic_scan_env2025_seed0-499_48352cd1,42,5,45,0,1
20260912_215351_529_traffic_scan_env2025_seed0-499_48352cd1,42,5,49,0,3
20260912_215351_529_traffic_scan_env2025_seed0-499_48352cd1,42,5,53,0,1
20260912_215351_529_traffic_scan_env2025_seed0-499_48352cd1,42,6,0,0,2
20260912_215351_529_traffic_scan_env2025_seed0-499_48352cd1,42,6,1,0,4
20260912_215351_529_traffic_scan_env2025_seed0-499_48352cd1,42,6,2,0,1
20260912_215351_529_traffic_scan_env2025_seed0-499_48352cd1,42,6,3,0,1
20260912_215351_529_traffic_scan_env2025_seed0-499_48352cd1,42,6,4,0,3
20260912_215351_529_traffic_scan_env2025_seed0-499_48352cd1,42,6,5,0,1
20260912_215351_529_traffic_scan_env2025_seed0-499_48352cd1,42,6,6,0,1
20260912_215351_529_traffic_scan_env2025_seed0-499_48352cd1,42,6,7,0,1
20260912_215351_529_traffic_scan_env2025_seed0-499_48352cd1,42,6,7,1,1
20260912_215351_529_traffic_scan_env2025_seed0-499_48352cd1,42,6,8,0,1
20260912_215351_529_traffic_scan_env2025_seed0-499_48352cd1,42,6,8,1,1
20260912_215351_529_traffic_scan_env2025_seed0-499_48352cd1,42,6,9,0,2
20260912_215351_529_traffic_scan_env2025_seed0-499_48352cd1,42,6,9,1,1
20260912_215351_529_traffic_scan_env2025_seed0-499_48352cd1,42,6,10,1,1
20260912_215351_529_traffic_scan_env2025_seed0-499_48352cd1,42,6,11,1,1
20260912_215351_529_traffic_scan_env2025_seed0-499_48352cd1,42,6,12,0,1
20260912_215351_529_traffic_scan_env2025_seed0-499_48352cd1,42,6,12,1,1
20260912_215351_529_traffic_scan_env2025_seed0-499_48352cd1,42,6,13,0,1
20260912_215351_529_traffic_scan_env2025_seed0-499_48352cd1,42,6,13,1,1
20260912_215351_529_traffic_scan_env2025_seed0-499_48352cd1,42,6,14,0,2
20260912_215351_529_traffic_scan_env2025_seed0-499_48352cd1,42,6,14,1,2
20260912_215351_529_traffic_scan_env2025_seed0-499_48352cd1,42,6,15,0,1
20260912_215351_529_traffic_scan_env2025_seed0-499_48352cd1,42,6,15,1,2
20260912_215351_529_traffic_scan_env2025_seed0-499_48352cd1,42,6,16,0,2
20260912_215351_529_traffic_scan_env2025_seed0-499_48352cd1,42,6,16,1,2
20260912_215351_529_traffic_scan_env2025_seed0-499_48352cd1,42,6,17,0,1
20260912_215351_529_traffic_scan_env2025_seed0-499_48352cd1,42,6,17,1,1
20260912_215351_529_traffic_scan_env2025_seed0-499_48352cd1,42,6,18,0,1
20260912_215351_529_traffic_scan_env2025_seed0-499_48352cd1,42,6,18,1,1
20260912_215351_529_traffic_scan_env2025_seed0-499_48352cd1,42,6,19,0,1
20260912_215351_529_traffic_scan_env2025_seed0-499_48352cd1,42,6,19,1,1
20260912_215351_529_traffic_scan_env2025_seed0-499_48352cd1,42,6,20,0,2
20260912_215351_529_traffic_scan_env2025_seed0-499_48352cd1,42,6,20,1,1
20260912_215351_529_traffic_scan_env2025_seed0-499_48352cd1,42,6,21,0,2
20260912_215351_529_traffic_scan_env2025_seed0-499_48352cd1,42,6,21,1,1
20260912_215351_529_traffic_scan_env2025_seed0-499_48352cd1,42,6,22,0,2
20260912_215351_529_traffic_scan_env2025_seed0-499_48352cd1,42,6,22,1,1
20260912_215351_529_traffic_scan_env2025_seed0-499_48352cd1,42,6,23,0,4
20260912_215351_529_traffic_scan_env2025_seed0-499_48352cd1,42,6,24,0,2
20260912_215351_529_traffic_scan_env2025_seed0-499_48352cd1,42,6,26,0,2
20260912_215351_529_traffic_scan_env2025_seed0-499_48352cd1,42,6,31,0,1
20260912_215351_529_traffic_scan_env2025_seed0-499_48352cd1,42,6,33,0,2
20260912_215351_529_traffic_scan_env2025_seed0-499_48352cd1,42,6,34,1,1
20260912_215351_529_traffic_scan_env2025_seed0-499_48352cd1,42,6,39,0,1
20260912_215351_529_traffic_scan_env2025_seed0-499_48352cd1,42,6,39,1,1
20260912_215351_529_traffic_scan_env2025_seed0-499_48352cd1,42,6,40,0,2
20260912_215351_529_traffic_scan_env2025_seed0-499_48352cd1,42,6,43,0,2
20260912_215351_529_traffic_scan_env2025_seed0-499_48352cd1,42,6,44,0,1
20260912_215351_529_traffic_scan_env2025_seed0-499_48352cd1,42,6,48,0,1
20260912_215351_529_traffic_scan_env2025_seed0-499_48352cd1,42,6,49,0,1
20260912_215351_529_traffic_scan_env2025_seed0-499_48352cd1,42,6,50,0,1
20260912_215351_529_traffic_scan_env2025_seed0-499_48352cd1,42,6,52,0,1
20260912_215351_529_traffic_scan_env2025_seed0-499_48352cd1,42,6,54,0,1
20260912_215351_529_traffic_scan_env2025_seed0-499_48352cd1,42,7,1,0,3
20260912_215351_529_traffic_scan_env2025_seed0-499_48352cd1,42,7,3,0,2
20260912_215351_529_traffic_scan_env2025_seed0-499_48352cd1,42,7,5,0,2
20260912_215351_529_traffic_scan_env2025_seed0-499_48352cd1,42,7,8,0,2
20260912_215351_529_traffic_scan_env2025_seed0-499_48352cd1,42,7,9,0,1
20260912_215351_529_traffic_scan_env2025_seed0-499_48352cd1,42,7,10,0,3
20260912_215351_529_traffic_scan_env2025_seed0-499_48352cd1,42,7,11,0,1
20260912_215351_529_traffic_scan_env2025_seed0-499_48352cd1,42,7,14,0,1
20260912_215351_529_traffic_scan_env2025_seed0-499_48352cd1,42,7,16,0,1
20260912_215351_529_traffic_scan_env2025_seed0-499_48352cd1,42,7,17,0,4
20260912_215351_529_traffic_scan_env2025_seed0-499_48352cd1,42,7,17,1,1
20260912_215351_529_traffic_scan_env2025_seed0-499_48352cd1,42,7,19,0,3
20260912_215351_529_traffic_scan_env2025_seed0-499_48352cd1,42,7,23,2,2
20260912_215351_529_traffic_scan_env2025_seed0-499_48352cd1,42,7,24,0,4
20260912_215351_529_traffic_scan_env2025_seed0-499_48352cd1,42,7,24,1,1
20260912_215351_529_traffic_scan_env2025_seed0-499_48352cd1,42,7,25,0,2
20260912_215351_529_traffic_scan_env2025_seed0-499_48352cd1,42,7,25,1,1
20260912_215351_529_traffic_scan_env2025_seed0-499_48352cd1,42,7,26,0,1
20260912_215351_529_traffic_scan_env2025_seed0-499_48352cd1,42,7,26,1,1
20260912_215351_529_traffic_scan_env2025_seed0-499_48352cd1,42,7,27,0,1
20260912_215351_529_traffic_scan_env2025_seed0-499_48352cd1,42,7,27,1,1
20260912_215351_529_traffic_scan_env2025_seed0-499_48352cd1,42,7,28,1,1
20260912_215351_529_traffic_scan_env2025_seed0-499_48352cd1,42,7,29,0,1
20260912_215351_529_traffic_scan_env2025_seed0-499_48352cd1,42,7,30,0,1
20260912_215351_529_traffic_scan_env2025_seed0-499_48352cd1,42,7,31,0,3
20260912_215351_529_traffic_scan_env2025_seed0-499_48352cd1,42,7,33,0,3
20260912_215351_529_traffic_scan_env2025_seed0-499_48352cd1,42,7,33,1,1
20260912_215351_529_traffic_scan_env2025_seed0-499_48352cd1,42,7,34,0,1
20260912_215351_529_traffic_scan_env2025_seed0-499_48352cd1,42,7,35,0,1
20260912_215351_529_traffic_scan_env2025_seed0-499_48352cd1,42,7,38,2,1
20260912_215351_529_traffic_scan_env2025_seed0-499_48352cd1,42,7,39,0,3
20260912_215351_529_traffic_scan_env2025_seed0-499_48352cd1,42,7,43,0,4
20260912_215351_529_traffic_scan_env2025_seed0-499_48352cd1,42,7,44,0,1
20260912_215351_529_traffic_scan_env2025_seed0-499_48352cd1,42,7,45,0,1
20260912_215351_529_traffic_scan_env2025_seed0-499_48352cd1,42,7,46,0,1
20260912_215351_529_traffic_scan_env2025_seed0-499_48352cd1,42,7,47,0,1
20260912_215351_529_traffic_scan_env2025_seed0-499_48352cd1,42,7,49,0,1
20260912_215351_529_traffic_scan_env2025_seed0-499_48352cd1,42,7,51,0,2
20260912_215351_529_traffic_scan_env2025_seed0-499_48352cd1,42,7,53,0,1
20260912_215351_529_traffic_scan_env2025_seed0-499_48352cd1,42,8,0,0,1
20260912_215351_529_traffic_scan_env2025_seed0-499_48352cd1,42,8,1,0,4
20260912_215351_529_traffic_scan_env2025_seed0-499_48352cd1,42,8,2,0,2
20260912_215351_529_traffic_scan_env2025_seed0-499_48352cd1,42,8,3,0,1
20260912_215351_529_traffic_scan_env2025_seed0-499_48352cd1,42,8,4,0,3
20260912_215351_529_traffic_scan_env2025_seed0-499_48352cd1,42,8,5,0,5
20260912_215351_529_traffic_scan_env2025_seed0-499_48352cd1,42,8,6,0,2
20260912_215351_529_traffic_scan_env2025_seed0-499_48352cd1,42,8,7,0,2
20260912_215351_529_traffic_scan_env2025_seed0-499_48352cd1,42,8,8,0,1
20260912_215351_529_traffic_scan_env2025_seed0-499_48352cd1,42,8,9,0,2
20260912_215351_529_traffic_scan_env2025_seed0-499_48352cd1,42,8,11,0,2
20260912_215351_529_traffic_scan_env2025_seed0-499_48352cd1,42,8,11,1,1
20260912_215351_529_traffic_scan_env2025_seed0-499_48352cd1,42,8,12,0,1
20260912_215351_529_traffic_scan_env2025_seed0-499_48352cd1,42,8,12,1,1
20260912_215351_529_traffic_scan_env2025_seed0-499_48352cd1,42,8,13,2,1
20260912_215351_529_traffic_scan_env2025_seed0-499_48352cd1,42,8,14,1,2
20260912_215351_529_traffic_scan_env2025_seed0-499_48352cd1,42,8,15,1,1
20260912_215351_529_traffic_scan_env2025_seed0-499_48352cd1,42,8,16,0,1
20260912_215351_529_traffic_scan_env2025_seed0-499_48352cd1,42,8,16,1,1
20260912_215351_529_traffic_scan_env2025_seed0-499_48352cd1,42,8,17,1,1
20260912_215351_529_traffic_scan_env2025_seed0-499_48352cd1,42,8,18,0,5
20260912_215351_529_traffic_scan_env2025_seed0-499_48352cd1,42,8,18,1,2
20260912_215351_529_traffic_scan_env2025_seed0-499_48352cd1,42,8,19,0,3
20260912_215351_529_traffic_scan_env2025_seed0-499_48352cd1,42,8,19,1,1
20260912_215351_529_traffic_scan_env2025_seed0-499_48352cd1,42,8,20,2,1
20260912_215351_529_traffic_scan_env2025_seed0-499_48352cd1,42,8,21,2,1
20260912_215351_529_traffic_scan_env2025_seed0-499_48352cd1,42,8,22,2,1
20260912_215351_529_traffic_scan_env2025_seed0-499_48352cd1,42,8,24,0,3
20260912_215351_529_traffic_scan_env2025_seed0-499_48352cd1,42,8,24,1,1
20260912_215351_529_traffic_scan_env2025_seed0-499_48352cd1,42,8,25,0,2
20260912_215351_529_traffic_scan_env2025_seed0-499_48352cd1,42,8,26,0,3
20260912_215351_529_traffic_scan_env2025_seed0-499_48352cd1,42,8,28,0,1
20260912_215351_529_traffic_scan_env2025_seed0-499_48352cd1,42,8,28,1,1
20260912_215351_529_traffic_scan_env2025_seed0-499_48352cd1,42,8,29,2,1
20260912_215351_529_traffic_scan_env2025_seed0-499_48352cd1,42,8,30,1,1
20260912_215351_529_traffic_scan_env2025_seed0-499_48352cd1,42,8,32,0,5
20260912_215351_529_traffic_scan_env2025_seed0-499_48352cd1,42,8,32,1,2
20260912_215351_529_traffic_scan_env2025_seed0-499_48352cd1,42,8,33,1,1
20260912_215351_529_traffic_scan_env2025_seed0-499_48352cd1,42,8,34,1,1
20260912_215351_529_traffic_scan_env2025_seed0-499_48352cd1,42,8,36,0,1
20260912_215351_529_traffic_scan_env2025_seed0-499_48352cd1,42,8,37,2,1
20260912_215351_529_traffic_scan_env2025_seed0-499_48352cd1,42,8,39,0,2
20260912_215351_529_traffic_scan_env2025_seed0-499_48352cd1,42,8,40,0,3
20260912_215351_529_traffic_scan_env2025_seed0-499_48352cd1,42,8,41,0,1
20260912_215351_529_traffic_scan_env2025_seed0-499_48352cd1,42,8,42,0,4
20260912_215351_529_traffic_scan_env2025_seed0-499_48352cd1,42,8,44,0,1
20260912_215351_529_traffic_scan_env2025_seed0-499_48352cd1,42,8,49,0,1
20260912_215351_529_traffic_scan_env2025_seed0-499_48352cd1,42,8,50,0,1
20260912_215351_529_traffic_scan_env2025_seed0-499_48352cd1,42,8,52,0,2
20260912_215351_529_traffic_scan_env2025_seed0-499_48352cd1,42,9,1,0,4
20260912_215351_529_traffic_scan_env2025_seed0-499_48352cd1,42,9,2,0,1
20260912_215351_529_traffic_scan_env2025_seed0-499_48352cd1,42,9,3,0,2
20260912_215351_529_traffic_scan_env2025_seed0-499_48352cd1,42,9,4,0,2
20260912_215351_529_traffic_scan_env2025_seed0-499_48352cd1,42,9,6,0,5
20260912_215351_529_traffic_scan_env2025_seed0-499_48352cd1,42,9,7,0,2
20260912_215351_529_traffic_scan_env2025_seed0-499_48352cd1,42,9,8,0,1
20260912_215351_529_traffic_scan_env2025_seed0-499_48352cd1,42,9,9,0,1
20260912_215351_529_traffic_scan_env2025_seed0-499_48352cd1,42,9,10,0,2
20260912_215351_529_traffic_scan_env2025_seed0-499_48352cd1,42,9,12,0,3
20260912_215351_529_traffic_scan_env2025_seed0-499_48352cd1,42,9,15,1,1
20260912_215351_529_traffic_scan_env2025_seed0-499_48352cd1,42,9,16,0,1
20260912_215351_529_traffic_scan_env2025_seed0-499_48352cd1,42,9,17,0,1
20260912_215351_529_traffic_scan_env2025_seed0-499_48352cd1,42,9,18,0,1
20260912_215351_529_traffic_scan_env2025_seed0-499_48352cd1,42,9,19,0,2
20260912_215351_529_traffic_scan_env2025_seed0-499_48352cd1,42,9,19,1,1
20260912_215351_529_traffic_scan_env2025_seed0-499_48352cd1,42,9,20,0,3
20260912_215351_529_traffic_scan_env2025_seed0-499_48352cd1,42,9,21,0,1
20260912_215351_529_traffic_scan_env2025_seed0-499_48352cd1,42,9,21,1,1
20260912_215351_529_traffic_scan_env2025_seed0-499_48352cd1,42,9,22,0,1
20260912_215351_529_traffic_scan_env2025_seed0-499_48352cd1,42,9,22,1,1
20260912_215351_529_traffic_scan_env2025_seed0-499_48352cd1,42,9,23,0,3
20260912_215351_529_traffic_scan_env2025_seed0-499_48352cd1,42,9,23,1,1
20260912_215351_529_traffic_scan_env2025_seed0-499_48352cd1,42,9,24,2,1
20260912_215351_529_traffic_scan_env2025_seed0-499_48352cd1,42,9,25,0,1
20260912_215351_529_traffic_scan_env2025_seed0-499_48352cd1,42,9,25,1,2
20260912_215351_529_traffic_scan_env2025_seed0-499_48352cd1,42,9,26,0,3
20260912_215351_529_traffic_scan_env2025_seed0-499_48352cd1,42,9,26,1,1
20260912_215351_529_traffic_scan_env2025_seed0-499_48352cd1,42,9,27,0,3
20260912_215351_529_traffic_scan_env2025_seed0-499_48352cd1,42,9,27,1,1
20260912_215351_529_traffic_scan_env2025_seed0-499_48352cd1,42,9,29,0,1
20260912_215351_529_traffic_scan_env2025_seed0-499_48352cd1,42,9,31,0,5
20260912_215351_529_traffic_scan_env2025_seed0-499_48352cd1,42,9,31,1,2
20260912_215351_529_traffic_scan_env2025_seed0-499_48352cd1,42,9,35,2,1
20260912_215351_529_traffic_scan_env2025_seed0-499_48352cd1,42,9,36,2,2
20260912_215351_529_traffic_scan_env2025_seed0-499_48352cd1,42,9,37,0,1
20260912_215351_529_traffic_scan_env2025_seed0-499_48352cd1,42,9,37,1,1
20260912_215351_529_traffic_scan_env2025_seed0-499_48352cd1,42,9,38,0,2
20260912_215351_529_traffic_scan_env2025_seed0-499_48352cd1,42,9,38,1,1
20260912_215351_529_traffic_scan_env2025_seed0-499_48352cd1,42,9,39,1,1
20260912_215351_529_traffic_scan_env2025_seed0-499_48352cd1,42,9,40,0,2
20260912_215351_529_traffic_scan_env2025_seed0-499_48352cd1,42,9,40,1,1
20260912_215351_529_traffic_scan_env2025_seed0-499_48352cd1,42,9,41,2,1
20260912_215351_529_traffic_scan_env2025_seed0-499_48352cd1,42,9,42,0,3
20260912_215351_529_traffic_scan_env2025_seed0-499_48352cd1,42,9,42,1,1
20260912_215351_529_traffic_scan_env2025_seed0-499_48352cd1,42,9,43,1,1
20260912_215351_529_traffic_scan_env2025_seed0-499_48352cd1,42,9,44,1,1
20260912_215351_529_traffic_scan_env2025_seed0-499_48352cd1,42,9,45,0,1
20260912_215351_529_traffic_scan_env2025_seed0-499_48352cd1,42,9,45,1,1
20260912_215351_529_traffic_scan_env2025_seed0-499_48352cd1,42,9,46,1,1
20260912_215351_529_traffic_scan_env2025_seed0-499_48352cd1,42,9,47,1,1
20260912_215351_529_traffic_scan_env2025_seed0-499_48352cd1,42,9,48,1,2
20260912_215351_529_traffic_scan_env2025_seed0-499_48352cd1,42,9,49,0,1
20260912_215351_529_traffic_scan_env2025_seed0-499_48352cd1,42,9,49,1,1
20260912_215351_529_traffic_scan_env2025_seed0-499_48352cd1,42,9,50,1,1
20260912_215351_529_traffic_scan_env2025_seed0-499_48352cd1,42,9,51,2,1
20260912_215351_529_traffic_scan_env2025_seed0-499_48352cd1,42,9,52,0,2
20260912_215351_529_traffic_scan_env2025_seed0-499_48352cd1,42,9,52,1,1
20260912_215351_529_traffic_scan_env2025_seed0-499_48352cd1,42,9,53,0,3
20260912_215351_529_traffic_scan_env2025_seed0-499_48352cd1,42,9,54,0,2
20260912_215351_529_traffic_scan_env2025_seed0-499_48352cd1,42,9,55,0,1
20260912_215351_529_traffic_scan_env2025_seed0-499_48352cd1,42,9,56,0,1
20260912_215351_529_traffic_scan_env2025_seed0-499_48352cd1,42,9,57,0,1
20260912_215351_529_traffic_scan_env2025_seed0-499_48352cd1,42,9,58,0,1
20260912_215351_529_traffic_scan_env2025_seed0-499_48352cd1,42,10,0,0,1
20260912_215351_529_traffic_scan_env2025_seed0-499_48352cd1,42,10,1,0,4
20260912_215351_529_traffic_scan_env2025_seed0-499_48352cd1,42,10,2,0,2
20260912_215351_529_traffic_scan_env2025_seed0-499_48352cd1,42,10,3,0,2
20260912_215351_529_traffic_scan_env2025_seed0-499_48352cd1,42,10,4,0,3
20260912_215351_529_traffic_scan_env2025_seed0-499_48352cd1,42,10,6,1,4
20260912_215351_529_traffic_scan_env2025_seed0-499_48352cd1,42,10,8,0,1
20260912_215351_529_traffic_scan_env2025_seed0-499_48352cd1,42,10,8,1,1
20260912_215351_529_traffic_scan_env2025_seed0-499_48352cd1,42,10,9,1,1
20260912_215351_529_traffic_scan_env2025_seed0-499_48352cd1,42,10,10,1,1
20260912_215351_529_traffic_scan_env2025_seed0-499_48352cd1,42,10,11,0,1
20260912_215351_529_traffic_scan_env2025_seed0-499_48352cd1,42,10,11,1,2
20260912_215351_529_traffic_scan_env2025_seed0-499_48352cd1,42,10,12,1,2
20260912_215351_529_traffic_scan_env2025_seed0-499_48352cd1,42,10,13,0,3
20260912_215351_529_traffic_scan_env2025_seed0-499_48352cd1,42,10,13,1,2
20260912_215351_529_traffic_scan_env2025_seed0-499_48352cd1,42,10,14,1,1
20260912_215351_529_traffic_scan_env2025_seed0-499_48352cd1,42,10,15,1,2
20260912_215351_529_traffic_scan_env2025_seed0-499_48352cd1,42,10,16,0,2
20260912_215351_529_traffic_scan_env2025_seed0-499_48352cd1,42,10,16,1,1
20260912_215351_529_traffic_scan_env2025_seed0-499_48352cd1,42,10,17,1,1
20260912_215351_529_traffic_scan_env2025_seed0-499_48352cd1,42,10,18,0,1
20260912_215351_529_traffic_scan_env2025_seed0-499_48352cd1,42,10,18,1,1
20260912_215351_529_traffic_scan_env2025_seed0-499_48352cd1,42,10,19,1,1
20260912_215351_529_traffic_scan_env2025_seed0-499_48352cd1,42,10,20,0,4
20260912_215351_529_traffic_scan_env2025_seed0-499_48352cd1,42,10,20,1,2
20260912_215351_529_traffic_scan_env2025_seed0-499_48352cd1,42,10,23,0,2
20260912_215351_529_traffic_scan_env2025_seed0-499_48352cd1,42,10,26,0,2
20260912_215351_529_traffic_scan_env2025_seed0-499_48352cd1,42,10,26,1,2
20260912_215351_529_traffic_scan_env2025_seed0-499_48352cd1,42,10,28,0,3
20260912_215351_529_traffic_scan_env2025_seed0-499_48352cd1,42,10,30,0,2
20260912_215351_529_traffic_scan_env2025_seed0-499_48352cd1,42,10,30,1,1
20260912_215351_529_traffic_scan_env2025_seed0-499_48352cd1,42,10,31,0,3
20260912_215351_529_traffic_scan_env2025_seed0-499_48352cd1,42,10,32,0,1
20260912_215351_529_traffic_scan_env2025_seed0-499_48352cd1,42,10,35,2,1
20260912_215351_529_traffic_scan_env2025_seed0-499_48352cd1,42,10,37,0,1
20260912_215351_529_traffic_scan_env2025_seed0-499_48352cd1,42,10,41,0,3
20260912_215351_529_traffic_scan_env2025_seed0-499_48352cd1,42,10,42,0,1
20260912_215351_529_traffic_scan_env2025_seed0-499_48352cd1,42,10,43,1,1
20260912_215351_529_traffic_scan_env2025_seed0-499_48352cd1,42,10,46,0,1
20260912_215351_529_traffic_scan_env2025_seed0-499_48352cd1,42,10,48,0,1
20260912_215351_529_traffic_scan_env2025_seed0-499_48352cd1,42,10,48,1,1
20260912_215351_529_traffic_scan_env2025_seed0-499_48352cd1,42,10,49,0,1
20260912_215351_529_traffic_scan_env2025_seed0-499_48352cd1,42,10,51,0,3
20260912_215351_529_traffic_scan_env2025_seed0-499_48352cd1,42,10,52,0,1
20260912_215351_529_traffic_scan_env2025_seed0-499_48352cd1,42,10,53,0,1
20260912_215351_529_traffic_scan_env2025_seed0-499_48352cd1,42,10,54,0,1
20260912_215351_529_traffic_scan_env2025_seed0-499_48352cd1,42,10,56,0,1
20260912_215351_529_traffic_scan_env2025_seed0-499_48352cd1,42,10,58,0,1
20260912_215351_529_traffic_scan_env2025_seed0-499_48352cd1,42,11,1,0,3
20260912_215351_529_traffic_scan_env2025_seed0-499_48352cd1,42,11,3,0,2
20260912_215351_529_traffic_scan_env2025_seed0-499_48352cd1,42,11,4,0,3
20260912_215351_529_traffic_scan_env2025_seed0-499_48352cd1,42,11,5,1,4
20260912_215351_529_traffic_scan_env2025_seed0-499_48352cd1,42,11,6,1,5
20260912_215351_529_traffic_scan_env2025_seed0-499_48352cd1,42,11,7,0,1
20260912_215351_529_traffic_scan_env2025_seed0-499_48352cd1,42,11,7,1,1
20260912_215351_529_traffic_scan_env2025_seed0-499_48352cd1,42,11,8,0,1
20260912_215351_529_traffic_scan_env2025_seed0-499_48352cd1,42,11,9,0,2
20260912_215351_529_traffic_scan_env2025_seed0-499_48352cd1,42,11,10,1,2
20260912_215351_529_traffic_scan_env2025_seed0-499_48352cd1,42,11,11,1,2
20260912_215351_529_traffic_scan_env2025_seed0-499_48352cd1,42,11,12,0,1
20260912_215351_529_traffic_scan_env2025_seed0-499_48352cd1,42,11,12,1,2
20260912_215351_529_traffic_scan_env2025_seed0-499_48352cd1,42,11,13,0,1
20260912_215351_529_traffic_scan_env2025_seed0-499_48352cd1,42,11,13,1,2
20260912_215351_529_traffic_scan_env2025_seed0-499_48352cd1,42,11,14,0,3
20260912_215351_529_traffic_scan_env2025_seed0-499_48352cd1,42,11,14,1,3
20260912_215351_529_traffic_scan_env2025_seed0-499_48352cd1,42,11,15,0,1
20260912_215351_529_traffic_scan_env2025_seed0-499_48352cd1,42,11,15,1,1
20260912_215351_529_traffic_scan_env2025_seed0-499_48352cd1,42,11,16,0,2
20260912_215351_529_traffic_scan_env2025_seed0-499_48352cd1,42,11,18,0,1
20260912_215351_529_traffic_scan_env2025_seed0-499_48352cd1,42,11,21,0,4
20260912_215351_529_traffic_scan_env2025_seed0-499_48352cd1,42,11,21,1,1
20260912_215351_529_traffic_scan_env2025_seed0-499_48352cd1,42,11,22,1,1
20260912_215351_529_traffic_scan_env2025_seed0-499_48352cd1,42,11,23,0,2
20260912_215351_529_traffic_scan_env2025_seed0-499_48352cd1,42,11,26,0,2
20260912_215351_529_traffic_scan_env2025_seed0-499_48352cd1,42,11,27,2,2
20260912_215351_529_traffic_scan_env2025_seed0-499_48352cd1,42,11,29,0,4
20260912_215351_529_traffic_scan_env2025_seed0-499_48352cd1,42,11,29,1,1
20260912_215351_529_traffic_scan_env2025_seed0-499_48352cd1,42,11,31,0,3
20260912_215351_529_traffic_scan_env2025_seed0-499_48352cd1,42,11,32,0,1
20260912_215351_529_traffic_scan_env2025_seed0-499_48352cd1,42,11,32,1,1
20260912_215351_529_traffic_scan_env2025_seed0-499_48352cd1,42,11,34,2,1
20260912_215351_529_traffic_scan_env2025_seed0-499_48352cd1,42,11,38,0,1
20260912_215351_529_traffic_scan_env2025_seed0-499_48352cd1,42,11,42,0,3
20260912_215351_529_traffic_scan_env2025_seed0-499_48352cd1,42,11,43,1,2
20260912_215351_529_traffic_scan_env2025_seed0-499_48352cd1,42,11,47,0,2
20260912_215351_529_traffic_scan_env2025_seed0-499_48352cd1,42,11,48,0,1
20260912_215351_529_traffic_scan_env2025_seed0-499_48352cd1,42,11,48,1,1
20260912_215351_529_traffic_scan_env2025_seed0-499_48352cd1,42,11,50,0,3
20260912_215351_529_traffic_scan_env2025_seed0-499_48352cd1,42,11,55,0,1
20260912_215351_529_traffic_scan_env2025_seed0-499_48352cd1,42,11,56,0,1
20260912_215351_529_traffic_scan_env2025_seed0-499_48352cd1,42,11,58,0,1
20260912_215351_529_traffic_scan_env2025_seed0-499_48352cd1,42,12,1,0,4
20260912_215351_529_traffic_scan_env2025_seed0-499_48352cd1,42,12,2,0,1
20260912_215351_529_traffic_scan_env2025_seed0-499_48352cd1,42,12,3,0,1
20260912_215351_529_traffic_scan_env2025_seed0-499_48352cd1,42,12,4,0,3
20260912_215351_529_traffic_scan_env2025_seed0-499_48352cd1,42,12,4,1,1
20260912_215351_529_traffic_scan_env2025_seed0-499_48352cd1,42,12,5,0,2
20260912_215351_529_traffic_scan_env2025_seed0-499_48352cd1,42,12,6,0,1
20260912_215351_529_traffic_scan_env2025_seed0-499_48352cd1,42,12,6,1,1
20260912_215351_529_traffic_scan_env2025_seed0-499_48352cd1,42,12,7,0,4
20260912_215351_529_traffic_scan_env2025_seed0-499_48352cd1,42,12,8,0,1
20260912_215351_529_traffic_scan_env2025_seed0-499_48352cd1,42,12,9,0,1
20260912_215351_529_traffic_scan_env2025_seed0-499_48352cd1,42,12,10,0,1
20260912_215351_529_traffic_scan_env2025_seed0-499_48352cd1,42,12,11,0,1
20260912_215351_529_traffic_scan_env2025_seed0-499_48352cd1,42,12,12,0,1
20260912_215351_529_traffic_scan_env2025_seed0-499_48352cd1,42,12,13,0,2
20260912_215351_529_traffic_scan_env2025_seed0-499_48352cd1,42,12,13,1,1
20260912_215351_529_traffic_scan_env2025_seed0-499_48352cd1,42,12,15,0,4
20260912_215351_529_traffic_scan_env2025_seed0-499_48352cd1,42,12,15,1,4
20260912_215351_529_traffic_scan_env2025_seed0-499_48352cd1,42,12,16,0,2
20260912_215351_529_traffic_scan_env2025_seed0-499_48352cd1,42,12,16,1,1
20260912_215351_529_traffic_scan_env2025_seed0-499_48352cd1,42,12,17,0,2
20260912_215351_529_traffic_scan_env2025_seed0-499_48352cd1,42,12,17,1,1
20260912_215351_529_traffic_scan_env2025_seed0-499_48352cd1,42,12,18,0,2
20260912_215351_529_traffic_scan_env2025_seed0-499_48352cd1,42,12,21,0,2
20260912_215351_529_traffic_scan_env2025_seed0-499_48352cd1,42,12,21,1,1
20260912_215351_529_traffic_scan_env2025_seed0-499_48352cd1,42,12,22,0,4
20260912_215351_529_traffic_scan_env2025_seed0-499_48352cd1,42,12,22,1,1
20260912_215351_529_traffic_scan_env2025_seed0-499_48352cd1,42,12,23,0,1
20260912_215351_529_traffic_scan_env2025_seed0-499_48352cd1,42,12,23,1,2
20260912_215351_529_traffic_scan_env2025_seed0-499_48352cd1,42,12,26,0,1
20260912_215351_529_traffic_scan_env2025_seed0-499_48352cd1,42,12,27,0,1
20260912_215351_529_traffic_scan_env2025_seed0-499_48352cd1,42,12,28,0,1
20260912_215351_529_traffic_scan_env2025_seed0-499_48352cd1,42,12,28,1,3
20260912_215351_529_traffic_scan_env2025_seed0-499_48352cd1,42,12,29,0,1
20260912_215351_529_traffic_scan_env2025_seed0-499_48352cd1,42,12,30,0,3
20260912_215351_529_traffic_scan_env2025_seed0-499_48352cd1,42,12,31,0,2
20260912_215351_529_traffic_scan_env2025_seed0-499_48352cd1,42,12,32,0,2
20260912_215351_529_traffic_scan_env2025_seed0-499_48352cd1,42,12,32,1,1
20260912_215351_529_traffic_scan_env2025_seed0-499_48352cd1,42,12,33,2,1
20260912_215351_529_traffic_scan_env2025_seed0-499_48352cd1,42,12,38,0,1
20260912_215351_529_traffic_scan_env2025_seed0-499_48352cd1,42,12,41,0,1
20260912_215351_529_traffic_scan_env2025_seed0-499_48352cd1,42,12,43,0,2
20260912_215351_529_traffic_scan_env2025_seed0-499_48352cd1,42,12,43,1,2
20260912_215351_529_traffic_scan_env2025_seed0-499_48352cd1,42,12,46,0,1
20260912_215351_529_traffic_scan_env2025_seed0-499_48352cd1,42,12,47,0,1
20260912_215351_529_traffic_scan_env2025_seed0-499_48352cd1,42,12,48,0,1
20260912_215351_529_traffic_scan_env2025_seed0-499_48352cd1,42,12,48,1,1
20260912_215351_529_traffic_scan_env2025_seed0-499_48352cd1,42,12,49,1,3
20260912_215351_529_traffic_scan_env2025_seed0-499_48352cd1,42,12,56,0,2
20260912_215351_529_traffic_scan_env2025_seed0-499_48352cd1,42,12,58,0,2
20260912_215351_529_traffic_scan_env2025_seed0-499_48352cd1,42,13,1,0,2
20260912_215351_529_traffic_scan_env2025_seed0-499_48352cd1,42,13,1,1,1
20260912_215351_529_traffic_scan_env2025_seed0-499_48352cd1,42,13,3,1,1
20260912_215351_529_traffic_scan_env2025_seed0-499_48352cd1,42,13,4,1,1
20260912_215351_529_traffic_scan_env2025_seed0-499_48352cd1,42,13,5,0,2
20260912_215351_529_traffic_scan_env2025_seed0-499_48352cd1,42,13,6,0,3
20260912_215351_529_traffic_scan_env2025_seed0-499_48352cd1,42,13,7,1,1
20260912_215351_529_traffic_scan_env2025_seed0-499_48352cd1,42,13,8,0,3
20260912_215351_529_traffic_scan_env2025_seed0-499_48352cd1,42,13,11,0,1
20260912_215351_529_traffic_scan_env2025_seed0-499_48352cd1,42,13,13,1,1
20260912_215351_529_traffic_scan_env2025_seed0-499_48352cd1,42,13,14,0,2
20260912_215351_529_traffic_scan_env2025_seed0-499_48352cd1,42,13,16,0,3
20260912_215351_529_traffic_scan_env2025_seed0-499_48352cd1,42,13,16,1,3
20260912_215351_529_traffic_scan_env2025_seed0-499_48352cd1,42,13,18,0,2
20260912_215351_529_traffic_scan_env2025_seed0-499_48352cd1,42,13,18,1,1
20260912_215351_529_traffic_scan_env2025_seed0-499_48352cd1,42,13,19,0,1
20260912_215351_529_traffic_scan_env2025_seed0-499_48352cd1,42,13,19,1,1
20260912_215351_529_traffic_scan_env2025_seed0-499_48352cd1,42,13,20,0,1
20260912_215351_529_traffic_scan_env2025_seed0-499_48352cd1,42,13,20,1,1
20260912_215351_529_traffic_scan_env2025_seed0-499_48352cd1,42,13,21,0,1
20260912_215351_529_traffic_scan_env2025_seed0-499_48352cd1,42,13,23,0,5
20260912_215351_529_traffic_scan_env2025_seed0-499_48352cd1,42,13,23,1,2
20260912_215351_529_traffic_scan_env2025_seed0-499_48352cd1,42,13,24,0,1
20260912_215351_529_traffic_scan_env2025_seed0-499_48352cd1,42,13,24,1,2
20260912_215351_529_traffic_scan_env2025_seed0-499_48352cd1,42,13,25,1,1
20260912_215351_529_traffic_scan_env2025_seed0-499_48352cd1,42,13,26,0,1
20260912_215351_529_traffic_scan_env2025_seed0-499_48352cd1,42,13,26,1,1
20260912_215351_529_traffic_scan_env2025_seed0-499_48352cd1,42,13,27,2,2
20260912_215351_529_traffic_scan_env2025_seed0-499_48352cd1,42,13,28,2,1
20260912_215351_529_traffic_scan_env2025_seed0-499_48352cd1,42,13,29,0,2
20260912_215351_529_traffic_scan_env2025_seed0-499_48352cd1,42,13,29,1,3
20260912_215351_529_traffic_scan_env2025_seed0-499_48352cd1,42,13,30,1,1
20260912_215351_529_traffic_scan_env2025_seed0-499_48352cd1,42,13,31,0,5
20260912_215351_529_traffic_scan_env2025_seed0-499_48352cd1,42,13,31,1,1
20260912_215351_529_traffic_scan_env2025_seed0-499_48352cd1,42,13,32,0,1
20260912_215351_529_traffic_scan_env2025_seed0-499_48352cd1,42,13,32,1,3
20260912_215351_529_traffic_scan_env2025_seed0-499_48352cd1,42,13,33,0,1
20260912_215351_529_traffic_scan_env2025_seed0-499_48352cd1,42,13,33,1,1
20260912_215351_529_traffic_scan_env2025_seed0-499_48352cd1,42,13,34,1,1
20260912_215351_529_traffic_scan_env2025_seed0-499_48352cd1,42,13,35,2,1
20260912_215351_529_traffic_scan_env2025_seed0-499_48352cd1,42,13,36,2,1
20260912_215351_529_traffic_scan_env2025_seed0-499_48352cd1,42,13,39,1,1
20260912_215351_529_traffic_scan_env2025_seed0-499_48352cd1,42,13,40,0,1
20260912_215351_529_traffic_scan_env2025_seed0-499_48352cd1,42,13,43,1,2
20260912_215351_529_traffic_scan_env2025_seed0-499_48352cd1,42,13,44,0,2
20260912_215351_529_traffic_scan_env2025_seed0-499_48352cd1,42,13,45,0,1
20260912_215351_529_traffic_scan_env2025_seed0-499_48352cd1,42,13,46,0,1
20260912_215351_529_traffic_scan_env2025_seed0-499_48352cd1,42,13,48,0,2
20260912_215351_529_traffic_scan_env2025_seed0-499_48352cd1,42,13,48,1,2
20260912_215351_529_traffic_scan_env2025_seed0-499_48352cd1,42,13,49,0,1
20260912_215351_529_traffic_scan_env2025_seed0-499_48352cd1,42,13,56,0,1
20260912_215351_529_traffic_scan_env2025_seed0-499_48352cd1,42,13,57,0,1
20260912_215351_529_traffic_scan_env2025_seed0-499_48352cd1,42,13,58,0,2
20260912_215351_529_traffic_scan_env2025_seed0-499_48352cd1,42,14,1,0,2
20260912_215351_529_traffic_scan_env2025_seed0-499_48352cd1,42,14,1,1,1
20260912_215351_529_traffic_scan_env2025_seed0-499_48352cd1,42,14,3,1,1
20260912_215351_529_traffic_scan_env2025_seed0-499_48352cd1,42,14,4,0,1
20260912_215351_529_traffic_scan_env2025_seed0-499_48352cd1,42,14,4,1,1
20260912_215351_529_traffic_scan_env2025_seed0-499_48352cd1,42,14,7,0,3
20260912_215351_529_traffic_scan_env2025_seed0-499_48352cd1,42,14,8,0,3
20260912_215351_529_traffic_scan_env2025_seed0-499_48352cd1,42,14,8,1,1
20260912_215351_529_traffic_scan_env2025_seed0-499_48352cd1,42,14,9,0,6
20260912_215351_529_traffic_scan_env2025_seed0-499_48352cd1,42,14,9,1,1
20260912_215351_529_traffic_scan_env2025_seed0-499_48352cd1,42,14,10,0,1
20260912_215351_529_traffic_scan_env2025_seed0-499_48352cd1,42,14,12,0,1
20260912_215351_529_traffic_scan_env2025_seed0-499_48352cd1,42,14,13,0,2
20260912_215351_529_traffic_scan_env2025_seed0-499_48352cd1,42,14,13,1,1
20260912_215351_529_traffic_scan_env2025_seed0-499_48352cd1,42,14,16,0,1
20260912_215351_529_traffic_scan_env2025_seed0-499_48352cd1,42,14,17,0,2
20260912_215351_529_traffic_scan_env2025_seed0-499_48352cd1,42,14,17,1,4
20260912_215351_529_traffic_scan_env2025_seed0-499_48352cd1,42,14,19,0,1
20260912_215351_529_traffic_scan_env2025_seed0-499_48352cd1,42,14,22,1,1
20260912_215351_529_traffic_scan_env2025_seed0-499_48352cd1,42,14,23,0,1
20260912_215351_529_traffic_scan_env2025_seed0-499_48352cd1,42,14,23,1,1
20260912_215351_529_traffic_scan_env2025_seed0-499_48352cd1,42,14,24,0,3
20260912_215351_529_traffic_scan_env2025_seed0-499_48352cd1,42,14,25,0,2
20260912_215351_529_traffic_scan_env2025_seed0-499_48352cd1,42,14,25,1,1
20260912_215351_529_traffic_scan_env2025_seed0-499_48352cd1,42,14,26,0,1
20260912_215351_529_traffic_scan_env2025_seed0-499_48352cd1,42,14,26,1,1
20260912_215351_529_traffic_scan_env2025_seed0-499_48352cd1,42,14,29,0,1
20260912_215351_529_traffic_scan_env2025_seed0-499_48352cd1,42,14,30,0,1
20260912_215351_529_traffic_scan_env2025_seed0-499_48352cd1,42,14,30,1,2
20260912_215351_529_traffic_scan_env2025_seed0-499_48352cd1,42,14,31,0,2
20260912_215351_529_traffic_scan_env2025_seed0-499_48352cd1,42,14,31,1,1
20260912_215351_529_traffic_scan_env2025_seed0-499_48352cd1,42,14,32,0,4
20260912_215351_529_traffic_scan_env2025_seed0-499_48352cd1,42,14,32,1,1
20260912_215351_529_traffic_scan_env2025_seed0-499_48352cd1,42,14,33,0,1
20260912_215351_529_traffic_scan_env2025_seed0-499_48352cd1,42,14,37,1,1
20260912_215351_529_traffic_scan_env2025_seed0-499_48352cd1,42,14,38,0,1
20260912_215351_529_traffic_scan_env2025_seed0-499_48352cd1,42,14,39,0,1
20260912_215351_529_traffic_scan_env2025_seed0-499_48352cd1,42,14,39,1,1
20260912_215351_529_traffic_scan_env2025_seed0-499_48352cd1,42,14,43,1,2
20260912_215351_529_traffic_scan_env2025_seed0-499_48352cd1,42,14,44,0,1
20260912_215351_529_traffic_scan_env2025_seed0-499_48352cd1,42,14,45,0,3
20260912_215351_529_traffic_scan_env2025_seed0-499_48352cd1,42,14,46,0,2
20260912_215351_529_traffic_scan_env2025_seed0-499_48352cd1,42,14,47,0,2
20260912_215351_529_traffic_scan_env2025_seed0-499_48352cd1,42,14,47,1,1
20260912_215351_529_traffic_scan_env2025_seed0-499_48352cd1,42,14,48,1,1
20260912_215351_529_traffic_scan_env2025_seed0-499_48352cd1,42,14,50,0,1
20260912_215351_529_traffic_scan_env2025_seed0-499_48352cd1,42,14,55,0,1
20260912_215351_529_traffic_scan_env2025_seed0-499_48352cd1,42,14,56,0,1
20260912_215351_529_traffic_scan_env2025_seed0-499_48352cd1,42,14,58,0,3
20260912_215351_529_traffic_scan_env2025_seed0-499_48352cd1,42,15,1,0,1
20260912_215351_529_traffic_scan_env2025_seed0-499_48352cd1,42,15,1,1,2
20260912_215351_529_traffic_scan_env2025_seed0-499_48352cd1,42,15,3,1,1
20260912_215351_529_traffic_scan_env2025_seed0-499_48352cd1,42,15,4,1,1
20260912_215351_529_traffic_scan_env2025_seed0-499_48352cd1,42,15,10,0,6
20260912_215351_529_traffic_scan_env2025_seed0-499_48352cd1,42,15,10,1,1
20260912_215351_529_traffic_scan_env2025_seed0-499_48352cd1,42,15,11,0,2
20260912_215351_529_traffic_scan_env2025_seed0-499_48352cd1,42,15,13,0,3
20260912_215351_529_traffic_scan_env2025_seed0-499_48352cd1,42,15,13,1,1
20260912_215351_529_traffic_scan_env2025_seed0-499_48352cd1,42,15,16,0,1
20260912_215351_529_traffic_scan_env2025_seed0-499_48352cd1,42,15,18,0,3
20260912_215351_529_traffic_scan_env2025_seed0-499_48352cd1,42,15,18,1,4
20260912_215351_529_traffic_scan_env2025_seed0-499_48352cd1,42,15,22,1,1
20260912_215351_529_traffic_scan_env2025_seed0-499_48352cd1,42,15,23,1,2
20260912_215351_529_traffic_scan_env2025_seed0-499_48352cd1,42,15,25,0,4
20260912_215351_529_traffic_scan_env2025_seed0-499_48352cd1,42,15,25,1,1
20260912_215351_529_traffic_scan_env2025_seed0-499_48352cd1,42,15,26,0,1
20260912_215351_529_traffic_scan_env2025_seed0-499_48352cd1,42,15,26,1,1
20260912_215351_529_traffic_scan_env2025_seed0-499_48352cd1,42,15,27,0,1
20260912_215351_529_traffic_scan_env2025_seed0-499_48352cd1,42,15,29,0,1
20260912_215351_529_traffic_scan_env2025_seed0-499_48352cd1,42,15,30,1,1
20260912_215351_529_traffic_scan_env2025_seed0-499_48352cd1,42,15,31,0,2
20260912_215351_529_traffic_scan_env2025_seed0-499_48352cd1,42,15,31,1,2
20260912_215351_529_traffic_scan_env2025_seed0-499_48352cd1,42,15,32,0,2
20260912_215351_529_traffic_scan_env2025_seed0-499_48352cd1,42,15,32,1,1
20260912_215351_529_traffic_scan_env2025_seed0-499_48352cd1,42,15,33,0,3
20260912_215351_529_traffic_scan_env2025_seed0-499_48352cd1,42,15,34,0,1
20260912_215351_529_traffic_scan_env2025_seed0-499_48352cd1,42,15,38,0,1
20260912_215351_529_traffic_scan_env2025_seed0-499_48352cd1,42,15,39,0,1
20260912_215351_529_traffic_scan_env2025_seed0-499_48352cd1,42,15,39,1,1
20260912_215351_529_traffic_scan_env2025_seed0-499_48352cd1,42,15,43,0,1
20260912_215351_529_traffic_scan_env2025_seed0-499_48352cd1,42,15,43,1,2
20260912_215351_529_traffic_scan_env2025_seed0-499_48352cd1,42,15,44,0,2
20260912_215351_529_traffic_scan_env2025_seed0-499_48352cd1,42,15,45,0,1
20260912_215351_529_traffic_scan_env2025_seed0-499_48352cd1,42,15,45,1,2
20260912_215351_529_traffic_scan_env2025_seed0-499_48352cd1,42,15,46,0,3
20260912_215351_529_traffic_scan_env2025_seed0-499_48352cd1,42,15,46,1,1
20260912_215351_529_traffic_scan_env2025_seed0-499_48352cd1,42,15,47,0,1
20260912_215351_529_traffic_scan_env2025_seed0-499_48352cd1,42,15,48,1,1
20260912_215351_529_traffic_scan_env2025_seed0-499_48352cd1,42,15,50,0,2
20260912_215351_529_traffic_scan_env2025_seed0-499_48352cd1,42,15,51,0,3
20260912_215351_529_traffic_scan_env2025_seed0-499_48352cd1,42,15,54,0,1
20260912_215351_529_traffic_scan_env2025_seed0-499_48352cd1,42,15,55,0,1
20260912_215351_529_traffic_scan_env2025_seed0-499_48352cd1,42,15,57,0,1
20260912_215351_529_traffic_scan_env2025_seed0-499_48352cd1,42,15,58,0,3
20260912_215351_529_traffic_scan_env2025_seed0-499_48352cd1,42,16,1,0,1
20260912_215351_529_traffic_scan_env2025_seed0-499_48352cd1,42,16,1,1,2
20260912_215351_529_traffic_scan_env2025_seed0-499_48352cd1,42,16,3,1,1
20260912_215351_529_traffic_scan_env2025_seed0-499_48352cd1,42,16,4,1,1
20260912_215351_529_traffic_scan_env2025_seed0-499_48352cd1,42,16,7,0,1
20260912_215351_529_traffic_scan_env2025_seed0-499_48352cd1,42,16,11,0,5
20260912_215351_529_traffic_scan_env2025_seed0-499_48352cd1,42,16,11,1,1
20260912_215351_529_traffic_scan_env2025_seed0-499_48352cd1,42,16,12,0,4
20260912_215351_529_traffic_scan_env2025_seed0-499_48352cd1,42,16,13,0,2
20260912_215351_529_traffic_scan_env2025_seed0-499_48352cd1,42,16,13,1,1
20260912_215351_529_traffic_scan_env2025_seed0-499_48352cd1,42,16,14,0,3
20260912_215351_529_traffic_scan_env2025_seed0-499_48352cd1,42,16,15,0,1
20260912_215351_529_traffic_scan_env2025_seed0-499_48352cd1,42,16,16,0,1
20260912_215351_529_traffic_scan_env2025_seed0-499_48352cd1,42,16,17,0,2
20260912_215351_529_traffic_scan_env2025_seed0-499_48352cd1,42,16,18,0,1
20260912_215351_529_traffic_scan_env2025_seed0-499_48352cd1,42,16,19,0,4
20260912_215351_529_traffic_scan_env2025_seed0-499_48352cd1,42,16,19,1,5
20260912_215351_529_traffic_scan_env2025_seed0-499_48352cd1,42,16,20,0,1
20260912_215351_529_traffic_scan_env2025_seed0-499_48352cd1,42,16,20,1,1
20260912_215351_529_traffic_scan_env2025_seed0-499_48352cd1,42,16,21,0,1
20260912_215351_529_traffic_scan_env2025_seed0-499_48352cd1,42,16,21,1,1
20260912_215351_529_traffic_scan_env2025_seed0-499_48352cd1,42,16,22,0,1
20260912_215351_529_traffic_scan_env2025_seed0-499_48352cd1,42,16,22,1,2
20260912_215351_529_traffic_scan_env2025_seed0-499_48352cd1,42,16,23,0,1
20260912_215351_529_traffic_scan_env2025_seed0-499_48352cd1,42,16,23,1,3
20260912_215351_529_traffic_scan_env2025_seed0-499_48352cd1,42,16,24,0,1
20260912_215351_529_traffic_scan_env2025_seed0-499_48352cd1,42,16,24,1,2
20260912_215351_529_traffic_scan_env2025_seed0-499_48352cd1,42,16,25,1,3
20260912_215351_529_traffic_scan_env2025_seed0-499_48352cd1,42,16,26,1,5
20260912_215351_529_traffic_scan_env2025_seed0-499_48352cd1,42,16,27,0,1
20260912_215351_529_traffic_scan_env2025_seed0-499_48352cd1,42,16,27,1,4
20260912_215351_529_traffic_scan_env2025_seed0-499_48352cd1,42,16,28,1,2
20260912_215351_529_traffic_scan_env2025_seed0-499_48352cd1,42,16,29,0,1
20260912_215351_529_traffic_scan_env2025_seed0-499_48352cd1,42,16,29,1,3
20260912_215351_529_traffic_scan_env2025_seed0-499_48352cd1,42,16,30,1,2
20260912_215351_529_traffic_scan_env2025_seed0-499_48352cd1,42,16,31,0,1
20260912_215351_529_traffic_scan_env2025_seed0-499_48352cd1,42,16,31,1,2
20260912_215351_529_traffic_scan_env2025_seed0-499_48352cd1,42,16,32,0,3
20260912_215351_529_traffic_scan_env2025_seed0-499_48352cd1,42,16,32,1,5
20260912_215351_529_traffic_scan_env2025_seed0-499_48352cd1,42,16,33,1,2
20260912_215351_529_traffic_scan_env2025_seed0-499_48352cd1,42,16,34,0,4
20260912_215351_529_traffic_scan_env2025_seed0-499_48352cd1,42,16,34,1,2
20260912_215351_529_traffic_scan_env2025_seed0-499_48352cd1,42,16,35,0,2
20260912_215351_529_traffic_scan_env2025_seed0-499_48352cd1,42,16,35,1,2
20260912_215351_529_traffic_scan_env2025_seed0-499_48352cd1,42,16,36,0,1
20260912_215351_529_traffic_scan_env2025_seed0-499_48352cd1,42,16,36,1,2
20260912_215351_529_traffic_scan_env2025_seed0-499_48352cd1,42,16,37,0,2
20260912_215351_529_traffic_scan_env2025_seed0-499_48352cd1,42,16,37,1,2
20260912_215351_529_traffic_scan_env2025_seed0-499_48352cd1,42,16,38,0,1
20260912_215351_529_traffic_scan_env2025_seed0-499_48352cd1,42,16,38,1,2
20260912_215351_529_traffic_scan_env2025_seed0-499_48352cd1,42,16,39,0,1
20260912_215351_529_traffic_scan_env2025_seed0-499_48352cd1,42,16,39,1,3
20260912_215351_529_traffic_scan_env2025_seed0-499_48352cd1,42,16,40,0,2
20260912_215351_529_traffic_scan_env2025_seed0-499_48352cd1,42,16,40,1,2
20260912_215351_529_traffic_scan_env2025_seed0-499_48352cd1,42,16,41,0,2
20260912_215351_529_traffic_scan_env2025_seed0-499_48352cd1,42,16,41,1,2
20260912_215351_529_traffic_scan_env2025_seed0-499_48352cd1,42,16,42,0,2
20260912_215351_529_traffic_scan_env2025_seed0-499_48352cd1,42,16,42,1,2
20260912_215351_529_traffic_scan_env2025_seed0-499_48352cd1,42,16,43,0,2
20260912_215351_529_traffic_scan_env2025_seed0-499_48352cd1,42,16,43,1,4
20260912_215351_529_traffic_scan_env2025_seed0-499_48352cd1,42,16,44,2,4
20260912_215351_529_traffic_scan_env2025_seed0-499_48352cd1,42,16,45,2,3
20260912_215351_529_traffic_scan_env2025_seed0-499_48352cd1,42,16,46,1,2
20260912_215351_529_traffic_scan_env2025_seed0-499_48352cd1,42,16,47,0,2
20260912_215351_529_traffic_scan_env2025_seed0-499_48352cd1,42,16,47,1,2
20260912_215351_529_traffic_scan_env2025_seed0-499_48352cd1,42,16,48,0,1
20260912_215351_529_traffic_scan_env2025_seed0-499_48352cd1,42,16,48,1,3
20260912_215351_529_traffic_scan_env2025_seed0-499_48352cd1,42,16,49,0,2
20260912_215351_529_traffic_scan_env2025_seed0-499_48352cd1,42,16,49,1,1
20260912_215351_529_traffic_scan_env2025_seed0-499_48352cd1,42,16,50,2,1
20260912_215351_529_traffic_scan_env2025_seed0-499_48352cd1,42,16,51,2,1
20260912_215351_529_traffic_scan_env2025_seed0-499_48352cd1,42,16,52,1,4
20260912_215351_529_traffic_scan_env2025_seed0-499_48352cd1,42,16,53,1,4
20260912_215351_529_traffic_scan_env2025_seed0-499_48352cd1,42,16,54,0,3
20260912_215351_529_traffic_scan_env2025_seed0-499_48352cd1,42,16,55,0,3
20260912_215351_529_traffic_scan_env2025_seed0-499_48352cd1,42,16,56,0,3
20260912_215351_529_traffic_scan_env2025_seed0-499_48352cd1,42,16,58,0,4
20260912_215351_529_traffic_scan_env2025_seed0-499_48352cd1,42,16,59,0,1
20260912_215351_529_traffic_scan_env2025_seed0-499_48352cd1,42,17,1,0,1
20260912_215351_529_traffic_scan_env2025_seed0-499_48352cd1,42,17,1,1,2
20260912_215351_529_traffic_scan_env2025_seed0-499_48352cd1,42,17,3,1,1
20260912_215351_529_traffic_scan_env2025_seed0-499_48352cd1,42,17,4,1,1
20260912_215351_529_traffic_scan_env2025_seed0-499_48352cd1,42,17,7,0,1
20260912_215351_529_traffic_scan_env2025_seed0-499_48352cd1,42,17,11,0,1
20260912_215351_529_traffic_scan_env2025_seed0-499_48352cd1,42,17,11,1,1
20260912_215351_529_traffic_scan_env2025_seed0-499_48352cd1,42,17,12,0,4
20260912_215351_529_traffic_scan_env2025_seed0-499_48352cd1,42,17,12,1,2
20260912_215351_529_traffic_scan_env2025_seed0-499_48352cd1,42,17,13,0,1
20260912_215351_529_traffic_scan_env2025_seed0-499_48352cd1,42,17,13,1,2
20260912_215351_529_traffic_scan_env2025_seed0-499_48352cd1,42,17,14,0,1
20260912_215351_529_traffic_scan_env2025_seed0-499_48352cd1,42,17,14,1,1
20260912_215351_529_traffic_scan_env2025_seed0-499_48352cd1,42,17,15,0,3
20260912_215351_529_traffic_scan_env2025_seed0-499_48352cd1,42,17,15,1,1
20260912_215351_529_traffic_scan_env2025_seed0-499_48352cd1,42,17,16,0,1
20260912_215351_529_traffic_scan_env2025_seed0-499_48352cd1,42,17,16,1,1
20260912_215351_529_traffic_scan_env2025_seed0-499_48352cd1,42,17,17,0,2
20260912_215351_529_traffic_scan_env2025_seed0-499_48352cd1,42,17,17,1,1
20260912_215351_529_traffic_scan_env2025_seed0-499_48352cd1,42,17,18,0,1
20260912_215351_529_traffic_scan_env2025_seed0-499_48352cd1,42,17,18,1,1
20260912_215351_529_traffic_scan_env2025_seed0-499_48352cd1,42,17,20,0,3
20260912_215351_529_traffic_scan_env2025_seed0-499_48352cd1,42,17,20,1,4
20260912_215351_529_traffic_scan_env2025_seed0-499_48352cd1,42,17,22,1,1
20260912_215351_529_traffic_scan_env2025_seed0-499_48352cd1,42,17,23,2,3
20260912_215351_529_traffic_scan_env2025_seed0-499_48352cd1,42,17,26,1,1
20260912_215351_529_traffic_scan_env2025_seed0-499_48352cd1,42,17,27,0,1
20260912_215351_529_traffic_scan_env2025_seed0-499_48352cd1,42,17,27,1,3
20260912_215351_529_traffic_scan_env2025_seed0-499_48352cd1,42,17,28,0,2
20260912_215351_529_traffic_scan_env2025_seed0-499_48352cd1,42,17,28,1,3
20260912_215351_529_traffic_scan_env2025_seed0-499_48352cd1,42,17,29,0,2
20260912_215351_529_traffic_scan_env2025_seed0-499_48352cd1,42,17,30,0,1
20260912_215351_529_traffic_scan_env2025_seed0-499_48352cd1,42,17,31,0,2
20260912_215351_529_traffic_scan_env2025_seed0-499_48352cd1,42,17,32,0,3
20260912_215351_529_traffic_scan_env2025_seed0-499_48352cd1,42,17,32,1,1
20260912_215351_529_traffic_scan_env2025_seed0-499_48352cd1,42,17,33,0,2
20260912_215351_529_traffic_scan_env2025_seed0-499_48352cd1,42,17,33,1,2
20260912_215351_529_traffic_scan_env2025_seed0-499_48352cd1,42,17,35,0,3
20260912_215351_529_traffic_scan_env2025_seed0-499_48352cd1,42,17,36,0,2
20260912_215351_529_traffic_scan_env2025_seed0-499_48352cd1,42,17,39,1,1
20260912_215351_529_traffic_scan_env2025_seed0-499_48352cd1,42,17,41,0,1
20260912_215351_529_traffic_scan_env2025_seed0-499_48352cd1,42,17,42,0,2
20260912_215351_529_traffic_scan_env2025_seed0-499_48352cd1,42,17,43,1,4
20260912_215351_529_traffic_scan_env2025_seed0-499_48352cd1,42,17,44,2,1
20260912_215351_529_traffic_scan_env2025_seed0-499_48352cd1,42,17,46,0,1
20260912_215351_529_traffic_scan_env2025_seed0-499_48352cd1,42,17,47,0,2
20260912_215351_529_traffic_scan_env2025_seed0-499_48352cd1,42,17,48,2,1
20260912_215351_529_traffic_scan_env2025_seed0-499_48352cd1,42,17,52,1,2
20260912_215351_529_traffic_scan_env2025_seed0-499_48352cd1,42,17,56,0,2
20260912_215351_529_traffic_scan_env2025_seed0-499_48352cd1,42,17,58,0,2
20260912_215351_529_traffic_scan_env2025_seed0-499_48352cd1,42,17,59,0,1
20260912_215351_529_traffic_scan_env2025_seed0-499_48352cd1,42,18,1,0,1
20260912_215351_529_traffic_scan_env2025_seed0-499_48352cd1,42,18,1,1,2
20260912_215351_529_traffic_scan_env2025_seed0-499_48352cd1,42,18,3,0,1
20260912_215351_529_traffic_scan_env2025_seed0-499_48352cd1,42,18,3,1,1
20260912_215351_529_traffic_scan_env2025_seed0-499_48352cd1,42,18,4,0,1
20260912_215351_529_traffic_scan_env2025_seed0-499_48352cd1,42,18,5,0,1
20260912_215351_529_traffic_scan_env2025_seed0-499_48352cd1,42,18,5,1,1
20260912_215351_529_traffic_scan_env2025_seed0-499_48352cd1,42,18,6,0,1
20260912_215351_529_traffic_scan_env2025_seed0-499_48352cd1,42,18,7,0,2
20260912_215351_529_traffic_scan_env2025_seed0-499_48352cd1,42,18,8,1,1
20260912_215351_529_traffic_scan_env2025_seed0-499_48352cd1,42,18,9,1,1
20260912_215351_529_traffic_scan_env2025_seed0-499_48352cd1,42,18,10,0,1
20260912_215351_529_traffic_scan_env2025_seed0-499_48352cd1,42,18,10,1,1
20260912_215351_529_traffic_scan_env2025_seed0-499_48352cd1,42,18,13,0,4
20260912_215351_529_traffic_scan_env2025_seed0-499_48352cd1,42,18,13,1,2
20260912_215351_529_traffic_scan_env2025_seed0-499_48352cd1,42,18,14,0,1
20260912_215351_529_traffic_scan_env2025_seed0-499_48352cd1,42,18,16,0,2
20260912_215351_529_traffic_scan_env2025_seed0-499_48352cd1,42,18,17,0,1
20260912_215351_529_traffic_scan_env2025_seed0-499_48352cd1,42,18,19,0,1
20260912_215351_529_traffic_scan_env2025_seed0-499_48352cd1,42,18,20,0,2
20260912_215351_529_traffic_scan_env2025_seed0-499_48352cd1,42,18,20,1,1
20260912_215351_529_traffic_scan_env2025_seed0-499_48352cd1,42,18,21,1,6
20260912_215351_529_traffic_scan_env2025_seed0-499_48352cd1,42,18,22,1,3
20260912_215351_529_traffic_scan_env2025_seed0-499_48352cd1,42,18,23,2,3
20260912_215351_529_traffic_scan_env2025_seed0-499_48352cd1,42,18,26,0,2
20260912_215351_529_traffic_scan_env2025_seed0-499_48352cd1,42,18,27,2,4
20260912_215351_529_traffic_scan_env2025_seed0-499_48352cd1,42,18,29,0,2
20260912_215351_529_traffic_scan_env2025_seed0-499_48352cd1,42,18,29,1,2
20260912_215351_529_traffic_scan_env2025_seed0-499_48352cd1,42,18,32,0,2
20260912_215351_529_traffic_scan_env2025_seed0-499_48352cd1,42,18,32,1,2
20260912_215351_529_traffic_scan_env2025_seed0-499_48352cd1,42,18,34,0,1
20260912_215351_529_traffic_scan_env2025_seed0-499_48352cd1,42,18,34,1,2
20260912_215351_529_traffic_scan_env2025_seed0-499_48352cd1,42,18,35,0,1
20260912_215351_529_traffic_scan_env2025_seed0-499_48352cd1,42,18,35,1,2
20260912_215351_529_traffic_scan_env2025_seed0-499_48352cd1,42,18,36,0,4
20260912_215351_529_traffic_scan_env2025_seed0-499_48352cd1,42,18,40,2,2
20260912_215351_529_traffic_scan_env2025_seed0-499_48352cd1,42,18,41,0,2
20260912_215351_529_traffic_scan_env2025_seed0-499_48352cd1,42,18,41,1,1
20260912_215351_529_traffic_scan_env2025_seed0-499_48352cd1,42,18,42,1,1
20260912_215351_529_traffic_scan_env2025_seed0-499_48352cd1,42,18,43,0,5
20260912_215351_529_traffic_scan_env2025_seed0-499_48352cd1,42,18,43,1,2
20260912_215351_529_traffic_scan_env2025_seed0-499_48352cd1,42,18,45,0,1
20260912_215351_529_traffic_scan_env2025_seed0-499_48352cd1,42,18,47,0,3
20260912_215351_529_traffic_scan_env2025_seed0-499_48352cd1,42,18,48,2,1
20260912_215351_529_traffic_scan_env2025_seed0-499_48352cd1,42,18,50,0,1
20260912_215351_529_traffic_scan_env2025_seed0-499_48352cd1,42,18,51,1,1
20260912_215351_529_traffic_scan_env2025_seed0-499_48352cd1,42,18,52,0,1
20260912_215351_529_traffic_scan_env2025_seed0-499_48352cd1,42,18,52,1,1
20260912_215351_529_traffic_scan_env2025_seed0-499_48352cd1,42,18,55,0,2
20260912_215351_529_traffic_scan_env2025_seed0-499_48352cd1,42,18,56,0,2
20260912_215351_529_traffic_scan_env2025_seed0-499_48352cd1,42,18,57,0,1
20260912_215351_529_traffic_scan_env2025_seed0-499_48352cd1,42,18,58,0,3
20260912_215351_529_traffic_scan_env2025_seed0-499_48352cd1,42,18,59,0,3
20260912_215351_529_traffic_scan_env2025_seed0-499_48352cd1,42,19,0,0,1
20260912_215351_529_traffic_scan_env2025_seed0-499_48352cd1,42,19,1,0,2
20260912_215351_529_traffic_scan_env2025_seed0-499_48352cd1,42,19,1,1,2
20260912_215351_529_traffic_scan_env2025_seed0-499_48352cd1,42,19,2,0,2
20260912_215351_529_traffic_scan_env2025_seed0-499_48352cd1,42,19,3,0,1
20260912_215351_529_traffic_scan_env2025_seed0-499_48352cd1,42,19,3,1,1
20260912_215351_529_traffic_scan_env2025_seed0-499_48352cd1,42,19,4,0,1
20260912_215351_529_traffic_scan_env2025_seed0-499_48352cd1,42,19,5,0,1
20260912_215351_529_traffic_scan_env2025_seed0-499_48352cd1,42,19,5,1,1
20260912_215351_529_traffic_scan_env2025_seed0-499_48352cd1,42,19,6,0,1
20260912_215351_529_traffic_scan_env2025_seed0-499_48352cd1,42,19,7,0,1
20260912_215351_529_traffic_scan_env2025_seed0-499_48352cd1,42,19,7,1,1
20260912_215351_529_traffic_scan_env2025_seed0-499_48352cd1,42,19,8,1,1
20260912_215351_529_traffic_scan_env2025_seed0-499_48352cd1,42,19,9,1,2
20260912_215351_529_traffic_scan_env2025_seed0-499_48352cd1,42,19,10,1,1
20260912_215351_529_traffic_scan_env2025_seed0-499_48352cd1,42,19,11,2,1
20260912_215351_529_traffic_scan_env2025_seed0-499_48352cd1,42,19,12,2,1
20260912_215351_529_traffic_scan_env2025_seed0-499_48352cd1,42,19,13,1,2
20260912_215351_529_traffic_scan_env2025_seed0-499_48352cd1,42,19,14,0,4
20260912_215351_529_traffic_scan_env2025_seed0-499_48352cd1,42,19,14,1,2
20260912_215351_529_traffic_scan_env2025_seed0-499_48352cd1,42,19,15,0,1
20260912_215351_529_traffic_scan_env2025_seed0-499_48352cd1,42,19,17,0,3
20260912_215351_529_traffic_scan_env2025_seed0-499_48352cd1,42,19,21,1,3
20260912_215351_529_traffic_scan_env2025_seed0-499_48352cd1,42,19,22,0,3
20260912_215351_529_traffic_scan_env2025_seed0-499_48352cd1,42,19,22,1,3
20260912_215351_529_traffic_scan_env2025_seed0-499_48352cd1,42,19,23,0,1
20260912_215351_529_traffic_scan_env2025_seed0-499_48352cd1,42,19,23,1,2
20260912_215351_529_traffic_scan_env2025_seed0-499_48352cd1,42,19,24,0,1
20260912_215351_529_traffic_scan_env2025_seed0-499_48352cd1,42,19,24,1,1
20260912_215351_529_traffic_scan_env2025_seed0-499_48352cd1,42,19,25,0,2
20260912_215351_529_traffic_scan_env2025_seed0-499_48352cd1,42,19,25,1,1
20260912_215351_529_traffic_scan_env2025_seed0-499_48352cd1,42,19,26,1,2
20260912_215351_529_traffic_scan_env2025_seed0-499_48352cd1,42,19,27,1,1
20260912_215351_529_traffic_scan_env2025_seed0-499_48352cd1,42,19,28,0,1
20260912_215351_529_traffic_scan_env2025_seed0-499_48352cd1,42,19,28,1,5
20260912_215351_529_traffic_scan_env2025_seed0-499_48352cd1,42,19,29,0,1
20260912_215351_529_traffic_scan_env2025_seed0-499_48352cd1,42,19,29,1,2
20260912_215351_529_traffic_scan_env2025_seed0-499_48352cd1,42,19,30,1,4
20260912_215351_529_traffic_scan_env2025_seed0-499_48352cd1,42,19,31,1,2
20260912_215351_529_traffic_scan_env2025_seed0-499_48352cd1,42,19,32,0,2
20260912_215351_529_traffic_scan_env2025_seed0-499_48352cd1,42,19,32,1,4
20260912_215351_529_traffic_scan_env2025_seed0-499_48352cd1,42,19,33,1,2
20260912_215351_529_traffic_scan_env2025_seed0-499_48352cd1,42,19,34,1,2
20260912_215351_529_traffic_scan_env2025_seed0-499_48352cd1,42,19,35,0,2
20260912_215351_529_traffic_scan_env2025_seed0-499_48352cd1,42,19,35,1,2
20260912_215351_529_traffic_scan_env2025_seed0-499_48352cd1,42,19,36,1,4
20260912_215351_529_traffic_scan_env2025_seed0-499_48352cd1,42,19,37,0,4
20260912_215351_529_traffic_scan_env2025_seed0-499_48352cd1,42,19,37,1,2
20260912_215351_529_traffic_scan_env2025_seed0-499_48352cd1,42,19,38,0,2
20260912_215351_529_traffic_scan_env2025_seed0-499_48352cd1,42,19,38,1,2
20260912_215351_529_traffic_scan_env2025_seed0-499_48352cd1,42,19,39,0,1
20260912_215351_529_traffic_scan_env2025_seed0-499_48352cd1,42,19,39,1,3
20260912_215351_529_traffic_scan_env2025_seed0-499_48352cd1,42,19,41,0,3
20260912_215351_529_traffic_scan_env2025_seed0-499_48352cd1,42,19,42,0,2
20260912_215351_529_traffic_scan_env2025_seed0-499_48352cd1,42,19,42,1,1
20260912_215351_529_traffic_scan_env2025_seed0-499_48352cd1,42,19,43,0,2
20260912_215351_529_traffic_scan_env2025_seed0-499_48352cd1,42,19,44,0,2
20260912_215351_529_traffic_scan_env2025_seed0-499_48352cd1,42,19,44,1,1
20260912_215351_529_traffic_scan_env2025_seed0-499_48352cd1,42,19,45,0,1
20260912_215351_529_traffic_scan_env2025_seed0-499_48352cd1,42,19,45,1,1
20260912_215351_529_traffic_scan_env2025_seed0-499_48352cd1,42,19,46,0,1
20260912_215351_529_traffic_scan_env2025_seed0-499_48352cd1,42,19,46,1,1
20260912_215351_529_traffic_scan_env2025_seed0-499_48352cd1,42,19,47,0,1
20260912_215351_529_traffic_scan_env2025_seed0-499_48352cd1,42,19,47,1,1
20260912_215351_529_traffic_scan_env2025_seed0-499_48352cd1,42,19,48,0,4
20260912_215351_529_traffic_scan_env2025_seed0-499_48352cd1,42,19,48,1,2
20260912_215351_529_traffic_scan_env2025_seed0-499_48352cd1,42,19,49,0,2
20260912_215351_529_traffic_scan_env2025_seed0-499_48352cd1,42,19,49,1,1
20260912_215351_529_traffic_scan_env2025_seed0-499_48352cd1,42,19,50,0,1
20260912_215351_529_traffic_scan_env2025_seed0-499_48352cd1,42,19,50,1,2
20260912_215351_529_traffic_scan_env2025_seed0-499_48352cd1,42,19,51,0,2
20260912_215351_529_traffic_scan_env2025_seed0-499_48352cd1,42,19,51,1,1
20260912_215351_529_traffic_scan_env2025_seed0-499_48352cd1,42,19,53,0,1
20260912_215351_529_traffic_scan_env2025_seed0-499_48352cd1,42,19,53,1,1
20260912_215351_529_traffic_scan_env2025_seed0-499_48352cd1,42,19,54,0,1
20260912_215351_529_traffic_scan_env2025_seed0-499_48352cd1,42,19,55,0,1
20260912_215351_529_traffic_scan_env2025_seed0-499_48352cd1,42,19,56,0,1
20260912_215351_529_traffic_scan_env2025_seed0-499_48352cd1,42,19,58,0,2
20260912_215351_529_traffic_scan_env2025_seed0-499_48352cd1,42,19,58,1,1
20260912_215351_529_traffic_scan_env2025_seed0-499_48352cd1,42,19,59,0,1
20260912_215351_529_traffic_scan_env2025_seed0-499_48352cd1,42,20,1,0,3
20260912_215351_529_traffic_scan_env2025_seed0-499_48352cd1,42,20,1,1,2
20260912_215351_529_traffic_scan_env2025_seed0-499_48352cd1,42,20,2,0,1
20260912_215351_529_traffic_scan_env2025_seed0-499_48352cd1,42,20,3,1,1
20260912_215351_529_traffic_scan_env2025_seed0-499_48352cd1,42,20,4,0,1
20260912_215351_529_traffic_scan_env2025_seed0-499_48352cd1,42,20,5,1,1
20260912_215351_529_traffic_scan_env2025_seed0-499_48352cd1,42,20,7,0,1
20260912_215351_529_traffic_scan_env2025_seed0-499_48352cd1,42,20,8,1,1
20260912_215351_529_traffic_scan_env2025_seed0-499_48352cd1,42,20,10,0,1
20260912_215351_529_traffic_scan_env2025_seed0-499_48352cd1,42,20,13,1,1
20260912_215351_529_traffic_scan_env2025_seed0-499_48352cd1,42,20,15,0,4
20260912_215351_529_traffic_scan_env2025_seed0-499_48352cd1,42,20,15,1,2
20260912_215351_529_traffic_scan_env2025_seed0-499_48352cd1,42,20,16,0,1
20260912_215351_529_traffic_scan_env2025_seed0-499_48352cd1,42,20,16,1,1
20260912_215351_529_traffic_scan_env2025_seed0-499_48352cd1,42,20,17,0,1
20260912_215351_529_traffic_scan_env2025_seed0-499_48352cd1,42,20,17,1,1
20260912_215351_529_traffic_scan_env2025_seed0-499_48352cd1,42,20,18,0,1
20260912_215351_529_traffic_scan_env2025_seed0-499_48352cd1,42,20,18,1,2
20260912_215351_529_traffic_scan_env2025_seed0-499_48352cd1,42,20,20,1,1
20260912_215351_529_traffic_scan_env2025_seed0-499_48352cd1,42,20,22,0,1
20260912_215351_529_traffic_scan_env2025_seed0-499_48352cd1,42,20,22,1,3
20260912_215351_529_traffic_scan_env2025_seed0-499_48352cd1,42,20,23,0,3
20260912_215351_529_traffic_scan_env2025_seed0-499_48352cd1,42,20,23,1,4
20260912_215351_529_traffic_scan_env2025_seed0-499_48352cd1,42,20,25,0,1
20260912_215351_529_traffic_scan_env2025_seed0-499_48352cd1,42,20,25,1,2
20260912_215351_529_traffic_scan_env2025_seed0-499_48352cd1,42,20,26,1,1
20260912_215351_529_traffic_scan_env2025_seed0-499_48352cd1,42,20,27,1,1
20260912_215351_529_traffic_scan_env2025_seed0-499_48352cd1,42,20,29,0,2
20260912_215351_529_traffic_scan_env2025_seed0-499_48352cd1,42,20,29,1,3
20260912_215351_529_traffic_scan_env2025_seed0-499_48352cd1,42,20,31,1,2
20260912_215351_529_traffic_scan_env2025_seed0-499_48352cd1,42,20,32,0,2
20260912_215351_529_traffic_scan_env2025_seed0-499_48352cd1,42,20,32,1,2
20260912_215351_529_traffic_scan_env2025_seed0-499_48352cd1,42,20,35,0,1
20260912_215351_529_traffic_scan_env2025_seed0-499_48352cd1,42,20,36,0,1
20260912_215351_529_traffic_scan_env2025_seed0-499_48352cd1,42,20,37,0,2
20260912_215351_529_traffic_scan_env2025_seed0-499_48352cd1,42,20,37,1,2
20260912_215351_529_traffic_scan_env2025_seed0-499_48352cd1,42,20,39,0,2
20260912_215351_529_traffic_scan_env2025_seed0-499_48352cd1,42,20,40,0,3
20260912_215351_529_traffic_scan_env2025_seed0-499_48352cd1,42,20,40,1,1
20260912_215351_529_traffic_scan_env2025_seed0-499_48352cd1,42,20,41,0,2
20260912_215351_529_traffic_scan_env2025_seed0-499_48352cd1,42,20,41,1,2
20260912_215351_529_traffic_scan_env2025_seed0-499_48352cd1,42,20,42,0,1
20260912_215351_529_traffic_scan_env2025_seed0-499_48352cd1,42,20,42,1,1
20260912_215351_529_traffic_scan_env2025_seed0-499_48352cd1,42,20,43,0,2
20260912_215351_529_traffic_scan_env2025_seed0-499_48352cd1,42,20,43,1,1
20260912_215351_529_traffic_scan_env2025_seed0-499_48352cd1,42,20,44,0,1
20260912_215351_529_traffic_scan_env2025_seed0-499_48352cd1,42,20,48,0,2
20260912_215351_529_traffic_scan_env2025_seed0-499_48352cd1,42,20,48,1,1
20260912_215351_529_traffic_scan_env2025_seed0-499_48352cd1,42,20,49,2,1
20260912_215351_529_traffic_scan_env2025_seed0-499_48352cd1,42,20,53,1,1
20260912_215351_529_traffic_scan_env2025_seed0-499_48352cd1,42,20,55,0,2
20260912_215351_529_traffic_scan_env2025_seed0-499_48352cd1,42,20,56,0,1
20260912_215351_529_traffic_scan_env2025_seed0-499_48352cd1,42,20,57,0,1
20260912_215351_529_traffic_scan_env2025_seed0-499_48352cd1,42,20,58,0,1
20260912_215351_529_traffic_scan_env2025_seed0-499_48352cd1,42,20,58,1,1
20260912_215351_529_traffic_scan_env2025_seed0-499_48352cd1,42,20,59,0,1
20260912_215351_529_traffic_scan_env2025_seed0-499_48352cd1,42,21,0,0,1
20260912_215351_529_traffic_scan_env2025_seed0-499_48352cd1,42,21,1,0,1
20260912_215351_529_traffic_scan_env2025_seed0-499_48352cd1,42,21,1,1,2
20260912_215351_529_traffic_scan_env2025_seed0-499_48352cd1,42,21,3,0,1
20260912_215351_529_traffic_scan_env2025_seed0-499_48352cd1,42,21,3,1,1
20260912_215351_529_traffic_scan_env2025_seed0-499_48352cd1,42,21,5,0,1
20260912_215351_529_traffic_scan_env2025_seed0-499_48352cd1,42,21,5,1,1
20260912_215351_529_traffic_scan_env2025_seed0-499_48352cd1,42,21,7,0,1
20260912_215351_529_traffic_scan_env2025_seed0-499_48352cd1,42,21,7,1,1
20260912_215351_529_traffic_scan_env2025_seed0-499_48352cd1,42,21,11,0,1
20260912_215351_529_traffic_scan_env2025_seed0-499_48352cd1,42,21,13,1,1
20260912_215351_529_traffic_scan_env2025_seed0-499_48352cd1,42,21,16,0,4
20260912_215351_529_traffic_scan_env2025_seed0-499_48352cd1,42,21,16,1,1
20260912_215351_529_traffic_scan_env2025_seed0-499_48352cd1,42,21,17,0,2
20260912_215351_529_traffic_scan_env2025_seed0-499_48352cd1,42,21,19,0,1
20260912_215351_529_traffic_scan_env2025_seed0-499_48352cd1,42,21,19,1,3
20260912_215351_529_traffic_scan_env2025_seed0-499_48352cd1,42,21,21,0,1
20260912_215351_529_traffic_scan_env2025_seed0-499_48352cd1,42,21,23,1,6
20260912_215351_529_traffic_scan_env2025_seed0-499_48352cd1,42,21,24,0,3
20260912_215351_529_traffic_scan_env2025_seed0-499_48352cd1,42,21,24,1,3
20260912_215351_529_traffic_scan_env2025_seed0-499_48352cd1,42,21,25,0,4
20260912_215351_529_traffic_scan_env2025_seed0-499_48352cd1,42,21,29,0,2
20260912_215351_529_traffic_scan_env2025_seed0-499_48352cd1,42,21,29,1,3
20260912_215351_529_traffic_scan_env2025_seed0-499_48352cd1,42,21,32,0,4
20260912_215351_529_traffic_scan_env2025_seed0-499_48352cd1,42,21,32,1,2
20260912_215351_529_traffic_scan_env2025_seed0-499_48352cd1,42,21,35,0,1
20260912_215351_529_traffic_scan_env2025_seed0-499_48352cd1,42,21,37,0,1
20260912_215351_529_traffic_scan_env2025_seed0-499_48352cd1,42,21,38,0,2
20260912_215351_529_traffic_scan_env2025_seed0-499_48352cd1,42,21,38,1,2
20260912_215351_529_traffic_scan_env2025_seed0-499_48352cd1,42,21,39,0,3
20260912_215351_529_traffic_scan_env2025_seed0-499_48352cd1,42,21,40,0,3
20260912_215351_529_traffic_scan_env2025_seed0-499_48352cd1,42,21,40,1,1
20260912_215351_529_traffic_scan_env2025_seed0-499_48352cd1,42,21,41,0,1
20260912_215351_529_traffic_scan_env2025_seed0-499_48352cd1,42,21,43,0,3
20260912_215351_529_traffic_scan_env2025_seed0-499_48352cd1,42,21,44,0,1
20260912_215351_529_traffic_scan_env2025_seed0-499_48352cd1,42,21,48,0,2
20260912_215351_529_traffic_scan_env2025_seed0-499_48352cd1,42,21,48,1,2
20260912_215351_529_traffic_scan_env2025_seed0-499_48352cd1,42,21,53,1,1
20260912_215351_529_traffic_scan_env2025_seed0-499_48352cd1,42,21,54,0,1
20260912_215351_529_traffic_scan_env2025_seed0-499_48352cd1,42,21,55,0,2
20260912_215351_529_traffic_scan_env2025_seed0-499_48352cd1,42,21,58,0,1
20260912_215351_529_traffic_scan_env2025_seed0-499_48352cd1,42,21,58,1,1
20260912_215351_529_traffic_scan_env2025_seed0-499_48352cd1,42,21,59,0,1
20260912_215351_529_traffic_scan_env2025_seed0-499_48352cd1,42,22,1,0,1
20260912_215351_529_traffic_scan_env2025_seed0-499_48352cd1,42,22,1,1,2
20260912_215351_529_traffic_scan_env2025_seed0-499_48352cd1,42,22,3,1,1
20260912_215351_529_traffic_scan_env2025_seed0-499_48352cd1,42,22,4,0,1
20260912_215351_529_traffic_scan_env2025_seed0-499_48352cd1,42,22,5,1,1
20260912_215351_529_traffic_scan_env2025_seed0-499_48352cd1,42,22,6,0,1
20260912_215351_529_traffic_scan_env2025_seed0-499_48352cd1,42,22,6,1,1
20260912_215351_529_traffic_scan_env2025_seed0-499_48352cd1,42,22,7,0,1
20260912_215351_529_traffic_scan_env2025_seed0-499_48352cd1,42,22,8,0,1
20260912_215351_529_traffic_scan_env2025_seed0-499_48352cd1,42,22,9,0,1
20260912_215351_529_traffic_scan_env2025_seed0-499_48352cd1,42,22,10,0,1
20260912_215351_529_traffic_scan_env2025_seed0-499_48352cd1,42,22,11,0,1
20260912_215351_529_traffic_scan_env2025_seed0-499_48352cd1,42,22,12,0,2
20260912_215351_529_traffic_scan_env2025_seed0-499_48352cd1,42,22,13,0,1
20260912_215351_529_traffic_scan_env2025_seed0-499_48352cd1,42,22,13,1,1
20260912_215351_529_traffic_scan_env2025_seed0-499_48352cd1,42,22,16,0,4
20260912_215351_529_traffic_scan_env2025_seed0-499_48352cd1,42,22,17,0,2
20260912_215351_529_traffic_scan_env2025_seed0-499_48352cd1,42,22,17,1,1
20260912_215351_529_traffic_scan_env2025_seed0-499_48352cd1,42,22,18,0,1
20260912_215351_529_traffic_scan_env2025_seed0-499_48352cd1,42,22,18,1,1
20260912_215351_529_traffic_scan_env2025_seed0-499_48352cd1,42,22,19,0,1
20260912_215351_529_traffic_scan_env2025_seed0-499_48352cd1,42,22,20,0,2
20260912_215351_529_traffic_scan_env2025_seed0-499_48352cd1,42,22,20,1,2
20260912_215351_529_traffic_scan_env2025_seed0-499_48352cd1,42,22,22,0,1
20260912_215351_529_traffic_scan_env2025_seed0-499_48352cd1,42,22,23,1,5
20260912_215351_529_traffic_scan_env2025_seed0-499_48352cd1,42,22,24,1,3
20260912_215351_529_traffic_scan_env2025_seed0-499_48352cd1,42,22,25,1,2
20260912_215351_529_traffic_scan_env2025_seed0-499_48352cd1,42,22,26,0,3
20260912_215351_529_traffic_scan_env2025_seed0-499_48352cd1,42,22,26,1,1
20260912_215351_529_traffic_scan_env2025_seed0-499_48352cd1,42,22,29,0,1
20260912_215351_529_traffic_scan_env2025_seed0-499_48352cd1,42,22,30,0,1
20260912_215351_529_traffic_scan_env2025_seed0-499_48352cd1,42,22,30,1,3
20260912_215351_529_traffic_scan_env2025_seed0-499_48352cd1,42,22,32,0,4
20260912_215351_529_traffic_scan_env2025_seed0-499_48352cd1,42,22,32,1,2
20260912_215351_529_traffic_scan_env2025_seed0-499_48352cd1,42,22,36,0,1
20260912_215351_529_traffic_scan_env2025_seed0-499_48352cd1,42,22,38,0,3
20260912_215351_529_traffic_scan_env2025_seed0-499_48352cd1,42,22,39,0,5
20260912_215351_529_traffic_scan_env2025_seed0-499_48352cd1,42,22,39,1,3
20260912_215351_529_traffic_scan_env2025_seed0-499_48352cd1,42,22,42,0,1
20260912_215351_529_traffic_scan_env2025_seed0-499_48352cd1,42,22,43,0,3
20260912_215351_529_traffic_scan_env2025_seed0-499_48352cd1,42,22,43,1,1
20260912_215351_529_traffic_scan_env2025_seed0-499_48352cd1,42,22,44,0,1
20260912_215351_529_traffic_scan_env2025_seed0-499_48352cd1,42,22,47,2,1
20260912_215351_529_traffic_scan_env2025_seed0-499_48352cd1,42,22,48,1,1
20260912_215351_529_traffic_scan_env2025_seed0-499_48352cd1,42,22,49,0,2
20260912_215351_529_traffic_scan_env2025_seed0-499_48352cd1,42,22,53,0,1
20260912_215351_529_traffic_scan_env2025_seed0-499_48352cd1,42,22,53,1,1
20260912_215351_529_traffic_scan_env2025_seed0-499_48352cd1,42,22,54,0,1
20260912_215351_529_traffic_scan_env2025_seed0-499_48352cd1,42,22,55,0,1
20260912_215351_529_traffic_scan_env2025_seed0-499_48352cd1,42,22,58,0,1
20260912_215351_529_traffic_scan_env2025_seed0-499_48352cd1,42,22,58,1,1
20260912_215351_529_traffic_scan_env2025_seed0-499_48352cd1,42,22,59,0,1
20260912_215351_529_traffic_scan_env2025_seed0-499_48352cd1,42,23,1,0,1
20260912_215351_529_traffic_scan_env2025_seed0-499_48352cd1,42,23,1,1,2
20260912_215351_529_traffic_scan_env2025_seed0-499_48352cd1,42,23,3,1,1
20260912_215351_529_traffic_scan_env2025_seed0-499_48352cd1,42,23,5,0,1
20260912_215351_529_traffic_scan_env2025_seed0-499_48352cd1,42,23,5,1,2
20260912_215351_529_traffic_scan_env2025_seed0-499_48352cd1,42,23,7,0,2
20260912_215351_529_traffic_scan_env2025_seed0-499_48352cd1,42,23,13,0,1
20260912_215351_529_traffic_scan_env2025_seed0-499_48352cd1,42,23,13,1,1
20260912_215351_529_traffic_scan_env2025_seed0-499_48352cd1,42,23,14,0,2
20260912_215351_529_traffic_scan_env2025_seed0-499_48352cd1,42,23,15,0,1
20260912_215351_529_traffic_scan_env2025_seed0-499_48352cd1,42,23,17,0,4
20260912_215351_529_traffic_scan_env2025_seed0-499_48352cd1,42,23,17,1,2
20260912_215351_529_traffic_scan_env2025_seed0-499_48352cd1,42,23,18,0,2
20260912_215351_529_traffic_scan_env2025_seed0-499_48352cd1,42,23,18,1,2
20260912_215351_529_traffic_scan_env2025_seed0-499_48352cd1,42,23,19,0,1
20260912_215351_529_traffic_scan_env2025_seed0-499_48352cd1,42,23,19,1,1
20260912_215351_529_traffic_scan_env2025_seed0-499_48352cd1,42,23,20,0,1
20260912_215351_529_traffic_scan_env2025_seed0-499_48352cd1,42,23,20,1,1
20260912_215351_529_traffic_scan_env2025_seed0-499_48352cd1,42,23,21,0,1
20260912_215351_529_traffic_scan_env2025_seed0-499_48352cd1,42,23,21,1,2
20260912_215351_529_traffic_scan_env2025_seed0-499_48352cd1,42,23,21,2,2
20260912_215351_529_traffic_scan_env2025_seed0-499_48352cd1,42,23,22,2,3
20260912_215351_529_traffic_scan_env2025_seed0-499_48352cd1,42,23,23,0,1
20260912_215351_529_traffic_scan_env2025_seed0-499_48352cd1,42,23,23,1,4
20260912_215351_529_traffic_scan_env2025_seed0-499_48352cd1,42,23,24,0,1
20260912_215351_529_traffic_scan_env2025_seed0-499_48352cd1,42,23,24,1,1
20260912_215351_529_traffic_scan_env2025_seed0-499_48352cd1,42,23,25,0,2
20260912_215351_529_traffic_scan_env2025_seed0-499_48352cd1,42,23,25,1,4
20260912_215351_529_traffic_scan_env2025_seed0-499_48352cd1,42,23,27,0,3
20260912_215351_529_traffic_scan_env2025_seed0-499_48352cd1,42,23,27,1,1
20260912_215351_529_traffic_scan_env2025_seed0-499_48352cd1,42,23,29,1,1
20260912_215351_529_traffic_scan_env2025_seed0-499_48352cd1,42,23,30,1,1
20260912_215351_529_traffic_scan_env2025_seed0-499_48352cd1,42,23,31,0,2
20260912_215351_529_traffic_scan_env2025_seed0-499_48352cd1,42,23,31,1,3
20260912_215351_529_traffic_scan_env2025_seed0-499_48352cd1,42,23,33,0,3
20260912_215351_529_traffic_scan_env2025_seed0-499_48352cd1,42,23,33,1,1
20260912_215351_529_traffic_scan_env2025_seed0-499_48352cd1,42,23,34,0,2
20260912_215351_529_traffic_scan_env2025_seed0-499_48352cd1,42,23,35,0,3
20260912_215351_529_traffic_scan_env2025_seed0-499_48352cd1,42,23,37,0,2
20260912_215351_529_traffic_scan_env2025_seed0-499_48352cd1,42,23,38,0,2
20260912_215351_529_traffic_scan_env2025_seed0-499_48352cd1,42,23,38,1,1
20260912_215351_529_traffic_scan_env2025_seed0-499_48352cd1,42,23,39,0,2
20260912_215351_529_traffic_scan_env2025_seed0-499_48352cd1,42,23,40,0,2
20260912_215351_529_traffic_scan_env2025_seed0-499_48352cd1,42,23,40,1,2
20260912_215351_529_traffic_scan_env2025_seed0-499_48352cd1,42,23,42,2,1
20260912_215351_529_traffic_scan_env2025_seed0-499_48352cd1,42,23,44,0,3
20260912_215351_529_traffic_scan_env2025_seed0-499_48352cd1,42,23,45,0,2
20260912_215351_529_traffic_scan_env2025_seed0-499_48352cd1,42,23,46,0,1
20260912_215351_529_traffic_scan_env2025_seed0-499_48352cd1,42,23,46,1,1
20260912_215351_529_traffic_scan_env2025_seed0-499_48352cd1,42,23,47,1,1
20260912_215351_529_traffic_scan_env2025_seed0-499_48352cd1,42,23,48,0,1
20260912_215351_529_traffic_scan_env2025_seed0-499_48352cd1,42,23,48,1,1
20260912_215351_529_traffic_scan_env2025_seed0-499_48352cd1,42,23,49,0,1
20260912_215351_529_traffic_scan_env2025_seed0-499_48352cd1,42,23,50,0,3
20260912_215351_529_traffic_scan_env2025_seed0-499_48352cd1,42,23,51,0,1
20260912_215351_529_traffic_scan_env2025_seed0-499_48352cd1,42,23,52,0,2
20260912_215351_529_traffic_scan_env2025_seed0-499_48352cd1,42,23,53,0,2
20260912_215351_529_traffic_scan_env2025_seed0-499_48352cd1,42,23,53,1,1
20260912_215351_529_traffic_scan_env2025_seed0-499_48352cd1,42,23,54,0,1
20260912_215351_529_traffic_scan_env2025_seed0-499_48352cd1,42,23,55,0,2
20260912_215351_529_traffic_scan_env2025_seed0-499_48352cd1,42,23,56,0,1
20260912_215351_529_traffic_scan_env2025_seed0-499_48352cd1,42,23,57,0,1
20260912_215351_529_traffic_scan_env2025_seed0-499_48352cd1,42,23,58,0,1
20260912_215351_529_traffic_scan_env2025_seed0-499_48352cd1,42,23,58,1,1
20260912_215351_529_traffic_scan_env2025_seed0-499_48352cd1,42,23,59,0,1
20260912_215351_529_traffic_scan_env2025_seed0-499_48352cd1,42,24,1,0,1
20260912_215351_529_traffic_scan_env2025_seed0-499_48352cd1,42,24,1,1,2
20260912_215351_529_traffic_scan_env2025_seed0-499_48352cd1,42,24,3,2,1
20260912_215351_529_traffic_scan_env2025_seed0-499_48352cd1,42,24,4,2,1
20260912_215351_529_traffic_scan_env2025_seed0-499_48352cd1,42,24,5,1,1
20260912_215351_529_traffic_scan_env2025_seed0-499_48352cd1,42,24,6,0,1
20260912_215351_529_traffic_scan_env2025_seed0-499_48352cd1,42,24,8,0,2
20260912_215351_529_traffic_scan_env2025_seed0-499_48352cd1,42,24,13,1,1
20260912_215351_529_traffic_scan_env2025_seed0-499_48352cd1,42,24,15,0,1
20260912_215351_529_traffic_scan_env2025_seed0-499_48352cd1,42,24,17,0,2
20260912_215351_529_traffic_scan_env2025_seed0-499_48352cd1,42,24,17,1,1
20260912_215351_529_traffic_scan_env2025_seed0-499_48352cd1,42,24,18,0,3
20260912_215351_529_traffic_scan_env2025_seed0-499_48352cd1,42,24,19,0,2
20260912_215351_529_traffic_scan_env2025_seed0-499_48352cd1,42,24,19,1,1
20260912_215351_529_traffic_scan_env2025_seed0-499_48352cd1,42,24,20,2,1
20260912_215351_529_traffic_scan_env2025_seed0-499_48352cd1,42,24,21,3,2
20260912_215351_529_traffic_scan_env2025_seed0-499_48352cd1,42,24,22,3,2
20260912_215351_529_traffic_scan_env2025_seed0-499_48352cd1,42,24,23,1,3
20260912_215351_529_traffic_scan_env2025_seed0-499_48352cd1,42,24,26,1,6
20260912_215351_529_traffic_scan_env2025_seed0-499_48352cd1,42,24,27,1,1
20260912_215351_529_traffic_scan_env2025_seed0-499_48352cd1,42,24,28,0,3
20260912_215351_529_traffic_scan_env2025_seed0-499_48352cd1,42,24,28,1,2
20260912_215351_529_traffic_scan_env2025_seed0-499_48352cd1,42,24,29,1,2
20260912_215351_529_traffic_scan_env2025_seed0-499_48352cd1,42,24,30,1,2
20260912_215351_529_traffic_scan_env2025_seed0-499_48352cd1,42,24,31,0,1
20260912_215351_529_traffic_scan_env2025_seed0-499_48352cd1,42,24,31,1,2
20260912_215351_529_traffic_scan_env2025_seed0-499_48352cd1,42,24,32,0,1
20260912_215351_529_traffic_scan_env2025_seed0-499_48352cd1,42,24,32,1,3
20260912_215351_529_traffic_scan_env2025_seed0-499_48352cd1,42,24,33,0,1
20260912_215351_529_traffic_scan_env2025_seed0-499_48352cd1,42,24,33,1,1
20260912_215351_529_traffic_scan_env2025_seed0-499_48352cd1,42,24,34,1,2
20260912_215351_529_traffic_scan_env2025_seed0-499_48352cd1,42,24,35,0,1
20260912_215351_529_traffic_scan_env2025_seed0-499_48352cd1,42,24,35,1,1
20260912_215351_529_traffic_scan_env2025_seed0-499_48352cd1,42,24,36,0,4
20260912_215351_529_traffic_scan_env2025_seed0-499_48352cd1,42,24,36,1,1
20260912_215351_529_traffic_scan_env2025_seed0-499_48352cd1,42,24,37,0,2
20260912_215351_529_traffic_scan_env2025_seed0-499_48352cd1,42,24,37,1,2
20260912_215351_529_traffic_scan_env2025_seed0-499_48352cd1,42,24,38,1,1
20260912_215351_529_traffic_scan_env2025_seed0-499_48352cd1,42,24,39,0,1
20260912_215351_529_traffic_scan_env2025_seed0-499_48352cd1,42,24,39,1,1
20260912_215351_529_traffic_scan_env2025_seed0-499_48352cd1,42,24,40,0,1
20260912_215351_529_traffic_scan_env2025_seed0-499_48352cd1,42,24,40,1,1
20260912_215351_529_traffic_scan_env2025_seed0-499_48352cd1,42,24,41,0,3
20260912_215351_529_traffic_scan_env2025_seed0-499_48352cd1,42,24,41,1,4
20260912_215351_529_traffic_scan_env2025_seed0-499_48352cd1,42,24,42,2,1
20260912_215351_529_traffic_scan_env2025_seed0-499_48352cd1,42,24,43,2,1
20260912_215351_529_traffic_scan_env2025_seed0-499_48352cd1,42,24,44,0,3
20260912_215351_529_traffic_scan_env2025_seed0-499_48352cd1,42,24,44,1,1
20260912_215351_529_traffic_scan_env2025_seed0-499_48352cd1,42,24,45,0,1
20260912_215351_529_traffic_scan_env2025_seed0-499_48352cd1,42,24,45,1,2
20260912_215351_529_traffic_scan_env2025_seed0-499_48352cd1,42,24,46,0,1
20260912_215351_529_traffic_scan_env2025_seed0-499_48352cd1,42,24,46,1,1
20260912_215351_529_traffic_scan_env2025_seed0-499_48352cd1,42,24,47,1,1
20260912_215351_529_traffic_scan_env2025_seed0-499_48352cd1,42,24,48,1,2
20260912_215351_529_traffic_scan_env2025_seed0-499_48352cd1,42,24,49,1,1
20260912_215351_529_traffic_scan_env2025_seed0-499_48352cd1,42,24,51,0,3
20260912_215351_529_traffic_scan_env2025_seed0-499_48352cd1,42,24,52,0,1
20260912_215351_529_traffic_scan_env2025_seed0-499_48352cd1,42,24,53,1,1
20260912_215351_529_traffic_scan_env2025_seed0-499_48352cd1,42,24,55,0,1
20260912_215351_529_traffic_scan_env2025_seed0-499_48352cd1,42,24,58,0,1
20260912_215351_529_traffic_scan_env2025_seed0-499_48352cd1,42,24,58,1,1
20260912_215351_529_traffic_scan_env2025_seed0-499_48352cd1,42,24,59,0,1
20260912_215351_529_traffic_scan_env2025_seed0-499_48352cd1,42,25,1,0,2
20260912_215351_529_traffic_scan_env2025_seed0-499_48352cd1,42,25,2,2,2
20260912_215351_529_traffic_scan_env2025_seed0-499_48352cd1,42,25,3,2,2
20260912_215351_529_traffic_scan_env2025_seed0-499_48352cd1,42,25,5,1,1
20260912_215351_529_traffic_scan_env2025_seed0-499_48352cd1,42,25,7,0,1
20260912_215351_529_traffic_scan_env2025_seed0-499_48352cd1,42,25,9,0,1
20260912_215351_529_traffic_scan_env2025_seed0-499_48352cd1,42,25,9,1,1
20260912_215351_529_traffic_scan_env2025_seed0-499_48352cd1,42,25,13,1,1
20260912_215351_529_traffic_scan_env2025_seed0-499_48352cd1,42,25,16,0,2
20260912_215351_529_traffic_scan_env2025_seed0-499_48352cd1,42,25,16,1,1
20260912_215351_529_traffic_scan_env2025_seed0-499_48352cd1,42,25,17,0,1
20260912_215351_529_traffic_scan_env2025_seed0-499_48352cd1,42,25,19,0,4
20260912_215351_529_traffic_scan_env2025_seed0-499_48352cd1,42,25,20,2,3
20260912_215351_529_traffic_scan_env2025_seed0-499_48352cd1,42,25,21,3,1
20260912_215351_529_traffic_scan_env2025_seed0-499_48352cd1,42,25,23,2,6
20260912_215351_529_traffic_scan_env2025_seed0-499_48352cd1,42,25,26,0,4
20260912_215351_529_traffic_scan_env2025_seed0-499_48352cd1,42,25,26,1,1
20260912_215351_529_traffic_scan_env2025_seed0-499_48352cd1,42,25,27,0,1
20260912_215351_529_traffic_scan_env2025_seed0-499_48352cd1,42,25,27,1,1
20260912_215351_529_traffic_scan_env2025_seed0-499_48352cd1,42,25,29,0,3
20260912_215351_529_traffic_scan_env2025_seed0-499_48352cd1,42,25,29,1,2
20260912_215351_529_traffic_scan_env2025_seed0-499_48352cd1,42,25,30,1,1
20260912_215351_529_traffic_scan_env2025_seed0-499_48352cd1,42,25,31,0,1
20260912_215351_529_traffic_scan_env2025_seed0-499_48352cd1,42,25,31,1,1
20260912_215351_529_traffic_scan_env2025_seed0-499_48352cd1,42,25,33,0,2
20260912_215351_529_traffic_scan_env2025_seed0-499_48352cd1,42,25,33,1,2
20260912_215351_529_traffic_scan_env2025_seed0-499_48352cd1,42,25,35,0,3
20260912_215351_529_traffic_scan_env2025_seed0-499_48352cd1,42,25,35,1,1
20260912_215351_529_traffic_scan_env2025_seed0-499_48352cd1,42,25,36,0,2
20260912_215351_529_traffic_scan_env2025_seed0-499_48352cd1,42,25,36,1,1
20260912_215351_529_traffic_scan_env2025_seed0-499_48352cd1,42,25,37,0,2
20260912_215351_529_traffic_scan_env2025_seed0-499_48352cd1,42,25,39,0,1
20260912_215351_529_traffic_scan_env2025_seed0-499_48352cd1,42,25,40,0,2
20260912_215351_529_traffic_scan_env2025_seed0-499_48352cd1,42,25,41,0,1
20260912_215351_529_traffic_scan_env2025_seed0-499_48352cd1,42,25,42,0,3
20260912_215351_529_traffic_scan_env2025_seed0-499_48352cd1,42,25,42,1,2
20260912_215351_529_traffic_scan_env2025_seed0-499_48352cd1,42,25,43,0,3
20260912_215351_529_traffic_scan_env2025_seed0-499_48352cd1,42,25,44,1,1
20260912_215351_529_traffic_scan_env2025_seed0-499_48352cd1,42,25,46,0,1
20260912_215351_529_traffic_scan_env2025_seed0-499_48352cd1,42,25,47,0,1
20260912_215351_529_traffic_scan_env2025_seed0-499_48352cd1,42,25,48,1,1
20260912_215351_529_traffic_scan_env2025_seed0-499_48352cd1,42,25,50,1,1
20260912_215351_529_traffic_scan_env2025_seed0-499_48352cd1,42,25,51,0,3
20260912_215351_529_traffic_scan_env2025_seed0-499_48352cd1,42,25,53,1,1
20260912_215351_529_traffic_scan_env2025_seed0-499_48352cd1,42,25,55,0,1
20260912_215351_529_traffic_scan_env2025_seed0-499_48352cd1,42,25,57,1,1
20260912_215351_529_traffic_scan_env2025_seed0-499_48352cd1,42,25,58,0,1
20260912_215351_529_traffic_scan_env2025_seed0-499_48352cd1,42,25,59,0,1
20260912_215351_529_traffic_scan_env2025_seed0-499_48352cd1,42,26,1,0,2
20260912_215351_529_traffic_scan_env2025_seed0-499_48352cd1,42,26,2,2,3
20260912_215351_529_traffic_scan_env2025_seed0-499_48352cd1,42,26,3,2,1
20260912_215351_529_traffic_scan_env2025_seed0-499_48352cd1,42,26,5,1,1
20260912_215351_529_traffic_scan_env2025_seed0-499_48352cd1,42,26,8,0,1
20260912_215351_529_traffic_scan_env2025_seed0-499_48352cd1,42,26,9,0,1
20260912_215351_529_traffic_scan_env2025_seed0-499_48352cd1,42,26,10,2,1
20260912_215351_529_traffic_scan_env2025_seed0-499_48352cd1,42,26,13,1,1
20260912_215351_529_traffic_scan_env2025_seed0-499_48352cd1,42,26,15,0,1
20260912_215351_529_traffic_scan_env2025_seed0-499_48352cd1,42,26,15,1,1
20260912_215351_529_traffic_scan_env2025_seed0-499_48352cd1,42,26,17,0,2
20260912_215351_529_traffic_scan_env2025_seed0-499_48352cd1,42,26,18,0,1
20260912_215351_529_traffic_scan_env2025_seed0-499_48352cd1,42,26,19,1,3
20260912_215351_529_traffic_scan_env2025_seed0-499_48352cd1,42,26,20,0,4
20260912_215351_529_traffic_scan_env2025_seed0-499_48352cd1,42,26,21,0,3
20260912_215351_529_traffic_scan_env2025_seed0-499_48352cd1,42,26,21,1,2
20260912_215351_529_traffic_scan_env2025_seed0-499_48352cd1,42,26,22,0,2
20260912_215351_529_traffic_scan_env2025_seed0-499_48352cd1,42,26,22,1,3
20260912_215351_529_traffic_scan_env2025_seed0-499_48352cd1,42,26,22,2,1
20260912_215351_529_traffic_scan_env2025_seed0-499_48352cd1,42,26,23,2,1
20260912_215351_529_traffic_scan_env2025_seed0-499_48352cd1,42,26,24,2,3
20260912_215351_529_traffic_scan_env2025_seed0-499_48352cd1,42,26,25,0,4
20260912_215351_529_traffic_scan_env2025_seed0-499_48352cd1,42,26,25,1,3
20260912_215351_529_traffic_scan_env2025_seed0-499_48352cd1,42,26,28,0,1
20260912_215351_529_traffic_scan_env2025_seed0-499_48352cd1,42,26,28,1,1
20260912_215351_529_traffic_scan_env2025_seed0-499_48352cd1,42,26,29,1,1
20260912_215351_529_traffic_scan_env2025_seed0-499_48352cd1,42,26,30,0,3
20260912_215351_529_traffic_scan_env2025_seed0-499_48352cd1,42,26,30,1,2
20260912_215351_529_traffic_scan_env2025_seed0-499_48352cd1,42,26,32,0,1
20260912_215351_529_traffic_scan_env2025_seed0-499_48352cd1,42,26,32,1,1
20260912_215351_529_traffic_scan_env2025_seed0-499_48352cd1,42,26,33,0,1
20260912_215351_529_traffic_scan_env2025_seed0-499_48352cd1,42,26,34,0,3
20260912_215351_529_traffic_scan_env2025_seed0-499_48352cd1,42,26,34,1,2
20260912_215351_529_traffic_scan_env2025_seed0-499_48352cd1,42,26,35,0,3
20260912_215351_529_traffic_scan_env2025_seed0-499_48352cd1,42,26,35,1,1
20260912_215351_529_traffic_scan_env2025_seed0-499_48352cd1,42,26,36,1,1
20260912_215351_529_traffic_scan_env2025_seed0-499_48352cd1,42,26,38,0,2
20260912_215351_529_traffic_scan_env2025_seed0-499_48352cd1,42,26,39,0,3
20260912_215351_529_traffic_scan_env2025_seed0-499_48352cd1,42,26,42,0,1
20260912_215351_529_traffic_scan_env2025_seed0-499_48352cd1,42,26,43,0,4
20260912_215351_529_traffic_scan_env2025_seed0-499_48352cd1,42,26,43,1,3
20260912_215351_529_traffic_scan_env2025_seed0-499_48352cd1,42,26,47,0,1
20260912_215351_529_traffic_scan_env2025_seed0-499_48352cd1,42,26,48,0,1
20260912_215351_529_traffic_scan_env2025_seed0-499_48352cd1,42,26,48,1,1
20260912_215351_529_traffic_scan_env2025_seed0-499_48352cd1,42,26,49,1,1
20260912_215351_529_traffic_scan_env2025_seed0-499_48352cd1,42,26,50,0,1
20260912_215351_529_traffic_scan_env2025_seed0-499_48352cd1,42,26,52,0,2
20260912_215351_529_traffic_scan_env2025_seed0-499_48352cd1,42,26,53,1,1
20260912_215351_529_traffic_scan_env2025_seed0-499_48352cd1,42,26,55,0,1
20260912_215351_529_traffic_scan_env2025_seed0-499_48352cd1,42,26,57,1,1
20260912_215351_529_traffic_scan_env2025_seed0-499_48352cd1,42,26,58,0,1
20260912_215351_529_traffic_scan_env2025_seed0-499_48352cd1,42,26,59,0,1
20260912_215351_529_traffic_scan_env2025_seed0-499_48352cd1,42,27,1,0,2
20260912_215351_529_traffic_scan_env2025_seed0-499_48352cd1,42,27,2,0,2
20260912_215351_529_traffic_scan_env2025_seed0-499_48352cd1,42,27,2,1,3
20260912_215351_529_traffic_scan_env2025_seed0-499_48352cd1,42,27,3,0,1
20260912_215351_529_traffic_scan_env2025_seed0-499_48352cd1,42,27,3,1,1
20260912_215351_529_traffic_scan_env2025_seed0-499_48352cd1,42,27,4,0,1
20260912_215351_529_traffic_scan_env2025_seed0-499_48352cd1,42,27,5,0,1
20260912_215351_529_traffic_scan_env2025_seed0-499_48352cd1,42,27,5,1,1
20260912_215351_529_traffic_scan_env2025_seed0-499_48352cd1,42,27,6,0,1
20260912_215351_529_traffic_scan_env2025_seed0-499_48352cd1,42,27,7,0,1
20260912_215351_529_traffic_scan_env2025_seed0-499_48352cd1,42,27,8,0,1
20260912_215351_529_traffic_scan_env2025_seed0-499_48352cd1,42,27,9,0,2
20260912_215351_529_traffic_scan_env2025_seed0-499_48352cd1,42,27,10,0,1
20260912_215351_529_traffic_scan_env2025_seed0-499_48352cd1,42,27,11,1,1
20260912_215351_529_traffic_scan_env2025_seed0-499_48352cd1,42,27,13,0,1
20260912_215351_529_traffic_scan_env2025_seed0-499_48352cd1,42,27,14,0,1
20260912_215351_529_traffic_scan_env2025_seed0-499_48352cd1,42,27,14,1,1
20260912_215351_529_traffic_scan_env2025_seed0-499_48352cd1,42,27,15,1,1
20260912_215351_529_traffic_scan_env2025_seed0-499_48352cd1,42,27,16,0,1
20260912_215351_529_traffic_scan_env2025_seed0-499_48352cd1,42,27,18,2,2
20260912_215351_529_traffic_scan_env2025_seed0-499_48352cd1,42,27,20,1,2
20260912_215351_529_traffic_scan_env2025_seed0-499_48352cd1,42,27,21,0,1
20260912_215351_529_traffic_scan_env2025_seed0-499_48352cd1,42,27,22,0,1
20260912_215351_529_traffic_scan_env2025_seed0-499_48352cd1,42,27,22,1,1
20260912_215351_529_traffic_scan_env2025_seed0-499_48352cd1,42,27,23,0,4
20260912_215351_529_traffic_scan_env2025_seed0-499_48352cd1,42,27,23,1,2
20260912_215351_529_traffic_scan_env2025_seed0-499_48352cd1,42,27,24,0,5
20260912_215351_529_traffic_scan_env2025_seed0-499_48352cd1,42,27,25,0,1
20260912_215351_529_traffic_scan_env2025_seed0-499_48352cd1,42,27,26,1,2
20260912_215351_529_traffic_scan_env2025_seed0-499_48352cd1,42,27,29,0,1
20260912_215351_529_traffic_scan_env2025_seed0-499_48352cd1,42,27,29,1,2
20260912_215351_529_traffic_scan_env2025_seed0-499_48352cd1,42,27,30,1,1
20260912_215351_529_traffic_scan_env2025_seed0-499_48352cd1,42,27,31,0,3
20260912_215351_529_traffic_scan_env2025_seed0-499_48352cd1,42,27,31,1,1
20260912_215351_529_traffic_scan_env2025_seed0-499_48352cd1,42,27,32,0,1
20260912_215351_529_traffic_scan_env2025_seed0-499_48352cd1,42,27,32,1,1
20260912_215351_529_traffic_scan_env2025_seed0-499_48352cd1,42,27,33,0,3
20260912_215351_529_traffic_scan_env2025_seed0-499_48352cd1,42,27,34,0,2
20260912_215351_529_traffic_scan_env2025_seed0-499_48352cd1,42,27,34,1,2
20260912_215351_529_traffic_scan_env2025_seed0-499_48352cd1,42,27,35,0,2
20260912_215351_529_traffic_scan_env2025_seed0-499_48352cd1,42,27,35,1,1
20260912_215351_529_traffic_scan_env2025_seed0-499_48352cd1,42,27,37,1,1
20260912_215351_529_traffic_scan_env2025_seed0-499_48352cd1,42,27,38,0,2
20260912_215351_529_traffic_scan_env2025_seed0-499_48352cd1,42,27,39,0,3
20260912_215351_529_traffic_scan_env2025_seed0-499_48352cd1,42,27,42,2,1
20260912_215351_529_traffic_scan_env2025_seed0-499_48352cd1,42,27,43,0,4
20260912_215351_529_traffic_scan_env2025_seed0-499_48352cd1,42,27,44,1,3
20260912_215351_529_traffic_scan_env2025_seed0-499_48352cd1,42,27,48,0,1
20260912_215351_529_traffic_scan_env2025_seed0-499_48352cd1,42,27,48,1,2
20260912_215351_529_traffic_scan_env2025_seed0-499_48352cd1,42,27,49,0,2
20260912_215351_529_traffic_scan_env2025_seed0-499_48352cd1,42,27,53,0,2
20260912_215351_529_traffic_scan_env2025_seed0-499_48352cd1,42,27,53,1,1
20260912_215351_529_traffic_scan_env2025_seed0-499_48352cd1,42,27,55,0,1
20260912_215351_529_traffic_scan_env2025_seed0-499_48352cd1,42,27,56,2,1
20260912_215351_529_traffic_scan_env2025_seed0-499_48352cd1,42,27,59,0,2
20260912_215351_529_traffic_scan_env2025_seed0-499_48352cd1,42,28,1,0,1
20260912_215351_529_traffic_scan_env2025_seed0-499_48352cd1,42,28,2,1,3
20260912_215351_529_traffic_scan_env2025_seed0-499_48352cd1,42,28,3,0,1
20260912_215351_529_traffic_scan_env2025_seed0-499_48352cd1,42,28,3,1,1
20260912_215351_529_traffic_scan_env2025_seed0-499_48352cd1,42,28,5,1,1
20260912_215351_529_traffic_scan_env2025_seed0-499_48352cd1,42,28,10,0,1
20260912_215351_529_traffic_scan_env2025_seed0-499_48352cd1,42,28,10,1,1
20260912_215351_529_traffic_scan_env2025_seed0-499_48352cd1,42,28,11,0,2
20260912_215351_529_traffic_scan_env2025_seed0-499_48352cd1,42,28,11,1,1
20260912_215351_529_traffic_scan_env2025_seed0-499_48352cd1,42,28,12,0,2
20260912_215351_529_traffic_scan_env2025_seed0-499_48352cd1,42,28,12,1,1
20260912_215351_529_traffic_scan_env2025_seed0-499_48352cd1,42,28,12,2,1
20260912_215351_529_traffic_scan_env2025_seed0-499_48352cd1,42,28,13,0,1
20260912_215351_529_traffic_scan_env2025_seed0-499_48352cd1,42,28,13,1,1
20260912_215351_529_traffic_scan_env2025_seed0-499_48352cd1,42,28,14,1,2
20260912_215351_529_traffic_scan_env2025_seed0-499_48352cd1,42,28,15,1,2
20260912_215351_529_traffic_scan_env2025_seed0-499_48352cd1,42,28,16,0,1
20260912_215351_529_traffic_scan_env2025_seed0-499_48352cd1,42,28,16,1,1
20260912_215351_529_traffic_scan_env2025_seed0-499_48352cd1,42,28,17,2,2
20260912_215351_529_traffic_scan_env2025_seed0-499_48352cd1,42,28,18,2,1
20260912_215351_529_traffic_scan_env2025_seed0-499_48352cd1,42,28,19,1,1
20260912_215351_529_traffic_scan_env2025_seed0-499_48352cd1,42,28,21,1,1
20260912_215351_529_traffic_scan_env2025_seed0-499_48352cd1,42,28,22,0,1
20260912_215351_529_traffic_scan_env2025_seed0-499_48352cd1,42,28,23,0,3
20260912_215351_529_traffic_scan_env2025_seed0-499_48352cd1,42,28,23,1,3
20260912_215351_529_traffic_scan_env2025_seed0-499_48352cd1,42,28,25,0,6
20260912_215351_529_traffic_scan_env2025_seed0-499_48352cd1,42,28,27,1,2
20260912_215351_529_traffic_scan_env2025_seed0-499_48352cd1,42,28,29,1,1
20260912_215351_529_traffic_scan_env2025_seed0-499_48352cd1,42,28,30,0,1
20260912_215351_529_traffic_scan_env2025_seed0-499_48352cd1,42,28,30,1,2
20260912_215351_529_traffic_scan_env2025_seed0-499_48352cd1,42,28,31,1,1
20260912_215351_529_traffic_scan_env2025_seed0-499_48352cd1,42,28,32,0,6
20260912_215351_529_traffic_scan_env2025_seed0-499_48352cd1,42,28,32,1,3
20260912_215351_529_traffic_scan_env2025_seed0-499_48352cd1,42,28,33,0,3
20260912_215351_529_traffic_scan_env2025_seed0-499_48352cd1,42,28,33,1,2
20260912_215351_529_traffic_scan_env2025_seed0-499_48352cd1,42,28,34,2,2
20260912_215351_529_traffic_scan_env2025_seed0-499_48352cd1,42,28,35,2,1
20260912_215351_529_traffic_scan_env2025_seed0-499_48352cd1,42,28,36,0,2
20260912_215351_529_traffic_scan_env2025_seed0-499_48352cd1,42,28,36,1,2
20260912_215351_529_traffic_scan_env2025_seed0-499_48352cd1,42,28,37,0,2
20260912_215351_529_traffic_scan_env2025_seed0-499_48352cd1,42,28,37,1,1
20260912_215351_529_traffic_scan_env2025_seed0-499_48352cd1,42,28,38,1,2
20260912_215351_529_traffic_scan_env2025_seed0-499_48352cd1,42,28,39,0,1
20260912_215351_529_traffic_scan_env2025_seed0-499_48352cd1,42,28,39,1,1
20260912_215351_529_traffic_scan_env2025_seed0-499_48352cd1,42,28,40,0,2
20260912_215351_529_traffic_scan_env2025_seed0-499_48352cd1,42,28,40,1,1
20260912_215351_529_traffic_scan_env2025_seed0-499_48352cd1,42,28,41,2,1
20260912_215351_529_traffic_scan_env2025_seed0-499_48352cd1,42,28,43,0,4
20260912_215351_529_traffic_scan_env2025_seed0-499_48352cd1,42,28,44,0,1
20260912_215351_529_traffic_scan_env2025_seed0-499_48352cd1,42,28,45,0,2
20260912_215351_529_traffic_scan_env2025_seed0-499_48352cd1,42,28,45,1,1
20260912_215351_529_traffic_scan_env2025_seed0-499_48352cd1,42,28,47,1,2
20260912_215351_529_traffic_scan_env2025_seed0-499_48352cd1,42,28,48,0,1
20260912_215351_529_traffic_scan_env2025_seed0-499_48352cd1,42,28,49,0,2
20260912_215351_529_traffic_scan_env2025_seed0-499_48352cd1,42,28,53,1,1
20260912_215351_529_traffic_scan_env2025_seed0-499_48352cd1,42,28,54,0,2
20260912_215351_529_traffic_scan_env2025_seed0-499_48352cd1,42,28,55,0,1
20260912_215351_529_traffic_scan_env2025_seed0-499_48352cd1,42,28,55,1,1
20260912_215351_529_traffic_scan_env2025_seed0-499_48352cd1,42,28,59,0,2
20260912_215351_529_traffic_scan_env2025_seed0-499_48352cd1,42,29,1,0,1
20260912_215351_529_traffic_scan_env2025_seed0-499_48352cd1,42,29,2,1,3
20260912_215351_529_traffic_scan_env2025_seed0-499_48352cd1,42,29,3,1,1
20260912_215351_529_traffic_scan_env2025_seed0-499_48352cd1,42,29,4,0,2
20260912_215351_529_traffic_scan_env2025_seed0-499_48352cd1,42,29,5,1,1
20260912_215351_529_traffic_scan_env2025_seed0-499_48352cd1,42,29,8,0,1
20260912_215351_529_traffic_scan_env2025_seed0-499_48352cd1,42,29,10,0,2
20260912_215351_529_traffic_scan_env2025_seed0-499_48352cd1,42,29,13,3,1
20260912_215351_529_traffic_scan_env2025_seed0-499_48352cd1,42,29,14,0,1
20260912_215351_529_traffic_scan_env2025_seed0-499_48352cd1,42,29,14,1,1
20260912_215351_529_traffic_scan_env2025_seed0-499_48352cd1,42,29,15,1,1
20260912_215351_529_traffic_scan_env2025_seed0-499_48352cd1,42,29,16,0,1
20260912_215351_529_traffic_scan_env2025_seed0-499_48352cd1,42,29,16,1,2
20260912_215351_529_traffic_scan_env2025_seed0-499_48352cd1,42,29,17,1,3
20260912_215351_529_traffic_scan_env2025_seed0-499_48352cd1,42,29,18,0,1
20260912_215351_529_traffic_scan_env2025_seed0-499_48352cd1,42,29,22,1,1
20260912_215351_529_traffic_scan_env2025_seed0-499_48352cd1,42,29,23,0,3
20260912_215351_529_traffic_scan_env2025_seed0-499_48352cd1,42,29,23,1,1
20260912_215351_529_traffic_scan_env2025_seed0-499_48352cd1,42,29,24,0,1
20260912_215351_529_traffic_scan_env2025_seed0-499_48352cd1,42,29,24,1,3
20260912_215351_529_traffic_scan_env2025_seed0-499_48352cd1,42,29,25,0,6
20260912_215351_529_traffic_scan_env2025_seed0-499_48352cd1,42,29,28,1,3
20260912_215351_529_traffic_scan_env2025_seed0-499_48352cd1,42,29,30,1,1
20260912_215351_529_traffic_scan_env2025_seed0-499_48352cd1,42,29,31,0,3
20260912_215351_529_traffic_scan_env2025_seed0-499_48352cd1,42,29,32,0,1
20260912_215351_529_traffic_scan_env2025_seed0-499_48352cd1,42,29,32,1,2
20260912_215351_529_traffic_scan_env2025_seed0-499_48352cd1,42,29,33,0,7
20260912_215351_529_traffic_scan_env2025_seed0-499_48352cd1,42,29,33,1,1
20260912_215351_529_traffic_scan_env2025_seed0-499_48352cd1,42,29,34,2,1
20260912_215351_529_traffic_scan_env2025_seed0-499_48352cd1,42,29,36,0,4
20260912_215351_529_traffic_scan_env2025_seed0-499_48352cd1,42,29,37,1,1
20260912_215351_529_traffic_scan_env2025_seed0-499_48352cd1,42,29,39,0,1
20260912_215351_529_traffic_scan_env2025_seed0-499_48352cd1,42,29,39,1,1
20260912_215351_529_traffic_scan_env2025_seed0-499_48352cd1,42,29,40,1,1
20260912_215351_529_traffic_scan_env2025_seed0-499_48352cd1,42,29,41,0,3
20260912_215351_529_traffic_scan_env2025_seed0-499_48352cd1,42,29,42,0,3
20260912_215351_529_traffic_scan_env2025_seed0-499_48352cd1,42,29,44,0,2
20260912_215351_529_traffic_scan_env2025_seed0-499_48352cd1,42,29,45,0,2
20260912_215351_529_traffic_scan_env2025_seed0-499_48352cd1,42,29,46,0,4
20260912_215351_529_traffic_scan_env2025_seed0-499_48352cd1,42,29,46,1,3
20260912_215351_529_traffic_scan_env2025_seed0-499_48352cd1,42,29,47,0,4
20260912_215351_529_traffic_scan_env2025_seed0-499_48352cd1,42,29,48,0,1
20260912_215351_529_traffic_scan_env2025_seed0-499_48352cd1,42,29,50,0,2
20260912_215351_529_traffic_scan_env2025_seed0-499_48352cd1,42,29,51,0,1
20260912_215351_529_traffic_scan_env2025_seed0-499_48352cd1,42,29,53,1,1
20260912_215351_529_traffic_scan_env2025_seed0-499_48352cd1,42,29,54,2,1
20260912_215351_529_traffic_scan_env2025_seed0-499_48352cd1,42,29,55,0,3
20260912_215351_529_traffic_scan_env2025_seed0-499_48352cd1,42,29,58,0,1
20260912_215351_529_traffic_scan_env2025_seed0-499_48352cd1,42,29,59,0,1
20260912_215351_529_traffic_scan_env2025_seed0-499_48352cd1,42,30,1,0,1
20260912_215351_529_traffic_scan_env2025_seed0-499_48352cd1,42,30,2,1,3
20260912_215351_529_traffic_scan_env2025_seed0-499_48352cd1,42,30,3,0,1
20260912_215351_529_traffic_scan_env2025_seed0-499_48352cd1,42,30,3,1,1
20260912_215351_529_traffic_scan_env2025_seed0-499_48352cd1,42,30,5,0,2
20260912_215351_529_traffic_scan_env2025_seed0-499_48352cd1,42,30,5,1,1
20260912_215351_529_traffic_scan_env2025_seed0-499_48352cd1,42,30,6,0,1
20260912_215351_529_traffic_scan_env2025_seed0-499_48352cd1,42,30,7,0,1
20260912_215351_529_traffic_scan_env2025_seed0-499_48352cd1,42,30,9,0,2
20260912_215351_529_traffic_scan_env2025_seed0-499_48352cd1,42,30,10,0,1
20260912_215351_529_traffic_scan_env2025_seed0-499_48352cd1,42,30,11,0,2
20260912_215351_529_traffic_scan_env2025_seed0-499_48352cd1,42,30,14,2,2
20260912_215351_529_traffic_scan_env2025_seed0-499_48352cd1,42,30,15,0,2
20260912_215351_529_traffic_scan_env2025_seed0-499_48352cd1,42,30,15,1,3
20260912_215351_529_traffic_scan_env2025_seed0-499_48352cd1,42,30,17,1,1
20260912_215351_529_traffic_scan_env2025_seed0-499_48352cd1,42,30,19,0,1
20260912_215351_529_traffic_scan_env2025_seed0-499_48352cd1,42,30,23,0,2
20260912_215351_529_traffic_scan_env2025_seed0-499_48352cd1,42,30,23,1,2
20260912_215351_529_traffic_scan_env2025_seed0-499_48352cd1,42,30,24,0,1
20260912_215351_529_traffic_scan_env2025_seed0-499_48352cd1,42,30,24,1,1
20260912_215351_529_traffic_scan_env2025_seed0-499_48352cd1,42,30,25,1,2
20260912_215351_529_traffic_scan_env2025_seed0-499_48352cd1,42,30,26,0,6
20260912_215351_529_traffic_scan_env2025_seed0-499_48352cd1,42,30,28,1,1
20260912_215351_529_traffic_scan_env2025_seed0-499_48352cd1,42,30,29,1,2
20260912_215351_529_traffic_scan_env2025_seed0-499_48352cd1,42,30,30,2,1
20260912_215351_529_traffic_scan_env2025_seed0-499_48352cd1,42,30,31,0,2
20260912_215351_529_traffic_scan_env2025_seed0-499_48352cd1,42,30,31,1,1
20260912_215351_529_traffic_scan_env2025_seed0-499_48352cd1,42,30,32,0,5
20260912_215351_529_traffic_scan_env2025_seed0-499_48352cd1,42,30,32,1,1
20260912_215351_529_traffic_scan_env2025_seed0-499_48352cd1,42,30,33,0,1
20260912_215351_529_traffic_scan_env2025_seed0-499_48352cd1,42,30,34,0,4
20260912_215351_529_traffic_scan_env2025_seed0-499_48352cd1,42,30,34,1,2
20260912_215351_529_traffic_scan_env2025_seed0-499_48352cd1,42,30,35,0,6
20260912_215351_529_traffic_scan_env2025_seed0-499_48352cd1,42,30,37,0,1
20260912_215351_529_traffic_scan_env2025_seed0-499_48352cd1,42,30,38,1,1
20260912_215351_529_traffic_scan_env2025_seed0-499_48352cd1,42,30,39,0,1
20260912_215351_529_traffic_scan_env2025_seed0-499_48352cd1,42,30,39,1,2
20260912_215351_529_traffic_scan_env2025_seed0-499_48352cd1,42,30,42,0,2
20260912_215351_529_traffic_scan_env2025_seed0-499_48352cd1,42,30,43,0,2
20260912_215351_529_traffic_scan_env2025_seed0-499_48352cd1,42,30,44,0,2
20260912_215351_529_traffic_scan_env2025_seed0-499_48352cd1,42,30,45,0,2
20260912_215351_529_traffic_scan_env2025_seed0-499_48352cd1,42,30,45,1,3
20260912_215351_529_traffic_scan_env2025_seed0-499_48352cd1,42,30,48,0,2
20260912_215351_529_traffic_scan_env2025_seed0-499_48352cd1,42,30,51,0,1
20260912_215351_529_traffic_scan_env2025_seed0-499_48352cd1,42,30,53,1,2
20260912_215351_529_traffic_scan_env2025_seed0-499_48352cd1,42,30,55,0,1
20260912_215351_529_traffic_scan_env2025_seed0-499_48352cd1,42,30,56,0,2
20260912_215351_529_traffic_scan_env2025_seed0-499_48352cd1,42,30,58,0,1
20260912_215351_529_traffic_scan_env2025_seed0-499_48352cd1,42,30,59,0,1
20260912_215351_529_traffic_scan_env2025_seed0-499_48352cd1,42,31,1,0,1
20260912_215351_529_traffic_scan_env2025_seed0-499_48352cd1,42,31,1,1,1
20260912_215351_529_traffic_scan_env2025_seed0-499_48352cd1,42,31,2,2,2
20260912_215351_529_traffic_scan_env2025_seed0-499_48352cd1,42,31,3,2,1
20260912_215351_529_traffic_scan_env2025_seed0-499_48352cd1,42,31,5,1,1
20260912_215351_529_traffic_scan_env2025_seed0-499_48352cd1,42,31,6,0,1
20260912_215351_529_traffic_scan_env2025_seed0-499_48352cd1,42,31,7,0,1
20260912_215351_529_traffic_scan_env2025_seed0-499_48352cd1,42,31,8,0,1
20260912_215351_529_traffic_scan_env2025_seed0-499_48352cd1,42,31,10,0,1
20260912_215351_529_traffic_scan_env2025_seed0-499_48352cd1,42,31,11,0,1
20260912_215351_529_traffic_scan_env2025_seed0-499_48352cd1,42,31,12,0,3
20260912_215351_529_traffic_scan_env2025_seed0-499_48352cd1,42,31,13,0,2
20260912_215351_529_traffic_scan_env2025_seed0-499_48352cd1,42,31,13,1,1
20260912_215351_529_traffic_scan_env2025_seed0-499_48352cd1,42,31,14,0,2
20260912_215351_529_traffic_scan_env2025_seed0-499_48352cd1,42,31,14,1,2
20260912_215351_529_traffic_scan_env2025_seed0-499_48352cd1,42,31,15,0,1
20260912_215351_529_traffic_scan_env2025_seed0-499_48352cd1,42,31,15,1,2
20260912_215351_529_traffic_scan_env2025_seed0-499_48352cd1,42,31,16,0,2
20260912_215351_529_traffic_scan_env2025_seed0-499_48352cd1,42,31,17,0,1
20260912_215351_529_traffic_scan_env2025_seed0-499_48352cd1,42,31,17,1,1
20260912_215351_529_traffic_scan_env2025_seed0-499_48352cd1,42,31,18,0,1
20260912_215351_529_traffic_scan_env2025_seed0-499_48352cd1,42,31,19,0,1
20260912_215351_529_traffic_scan_env2025_seed0-499_48352cd1,42,31,20,0,2
20260912_215351_529_traffic_scan_env2025_seed0-499_48352cd1,42,31,23,0,3
20260912_215351_529_traffic_scan_env2025_seed0-499_48352cd1,42,31,23,1,1
20260912_215351_529_traffic_scan_env2025_seed0-499_48352cd1,42,31,24,0,1
20260912_215351_529_traffic_scan_env2025_seed0-499_48352cd1,42,31,24,1,2
20260912_215351_529_traffic_scan_env2025_seed0-499_48352cd1,42,31,25,0,2
20260912_215351_529_traffic_scan_env2025_seed0-499_48352cd1,42,31,25,1,1
20260912_215351_529_traffic_scan_env2025_seed0-499_48352cd1,42,31,26,0,1
20260912_215351_529_traffic_scan_env2025_seed0-499_48352cd1,42,31,26,1,1
20260912_215351_529_traffic_scan_env2025_seed0-499_48352cd1,42,31,27,0,7
20260912_215351_529_traffic_scan_env2025_seed0-499_48352cd1,42,31,28,0,1
20260912_215351_529_traffic_scan_env2025_seed0-499_48352cd1,42,31,28,1,1
20260912_215351_529_traffic_scan_env2025_seed0-499_48352cd1,42,31,29,0,1
20260912_215351_529_traffic_scan_env2025_seed0-499_48352cd1,42,31,30,0,3
20260912_215351_529_traffic_scan_env2025_seed0-499_48352cd1,42,31,30,1,4
20260912_215351_529_traffic_scan_env2025_seed0-499_48352cd1,42,31,31,0,4
20260912_215351_529_traffic_scan_env2025_seed0-499_48352cd1,42,31,32,0,1
20260912_215351_529_traffic_scan_env2025_seed0-499_48352cd1,42,31,32,1,1
20260912_215351_529_traffic_scan_env2025_seed0-499_48352cd1,42,31,33,0,4
20260912_215351_529_traffic_scan_env2025_seed0-499_48352cd1,42,31,34,0,1
20260912_215351_529_traffic_scan_env2025_seed0-499_48352cd1,42,31,34,1,1
20260912_215351_529_traffic_scan_env2025_seed0-499_48352cd1,42,31,35,0,1
20260912_215351_529_traffic_scan_env2025_seed0-499_48352cd1,42,31,35,1,1
20260912_215351_529_traffic_scan_env2025_seed0-499_48352cd1,42,31,36,0,3
20260912_215351_529_traffic_scan_env2025_seed0-499_48352cd1,42,31,38,0,1
20260912_215351_529_traffic_scan_env2025_seed0-499_48352cd1,42,31,38,1,1
20260912_215351_529_traffic_scan_env2025_seed0-499_48352cd1,42,31,39,0,1
20260912_215351_529_traffic_scan_env2025_seed0-499_48352cd1,42,31,39,1,1
20260912_215351_529_traffic_scan_env2025_seed0-499_48352cd1,42,31,40,1,1
20260912_215351_529_traffic_scan_env2025_seed0-499_48352cd1,42,31,41,0,1
20260912_215351_529_traffic_scan_env2025_seed0-499_48352cd1,42,31,42,0,1
20260912_215351_529_traffic_scan_env2025_seed0-499_48352cd1,42,31,43,0,6
20260912_215351_529_traffic_scan_env2025_seed0-499_48352cd1,42,31,44,2,2
20260912_215351_529_traffic_scan_env2025_seed0-499_48352cd1,42,31,45,0,1
20260912_215351_529_traffic_scan_env2025_seed0-499_48352cd1,42,31,45,1,1
20260912_215351_529_traffic_scan_env2025_seed0-499_48352cd1,42,31,48,0,2
20260912_215351_529_traffic_scan_env2025_seed0-499_48352cd1,42,31,52,0,1
20260912_215351_529_traffic_scan_env2025_seed0-499_48352cd1,42,31,52,1,1
20260912_215351_529_traffic_scan_env2025_seed0-499_48352cd1,42,31,53,0,1
20260912_215351_529_traffic_scan_env2025_seed0-499_48352cd1,42,31,53,2,1
20260912_215351_529_traffic_scan_env2025_seed0-499_48352cd1,42,31,54,0,1
20260912_215351_529_traffic_scan_env2025_seed0-499_48352cd1,42,31,55,0,1
20260912_215351_529_traffic_scan_env2025_seed0-499_48352cd1,42,31,57,0,2
20260912_215351_529_traffic_scan_env2025_seed0-499_48352cd1,42,31,58,0,1
20260912_215351_529_traffic_scan_env2025_seed0-499_48352cd1,42,31,59,0,1
20260912_215351_529_traffic_scan_env2025_seed0-499_48352cd1,42,32,1,0,1
20260912_215351_529_traffic_scan_env2025_seed0-499_48352cd1,42,32,1,1,1
20260912_215351_529_traffic_scan_env2025_seed0-499_48352cd1,42,32,2,2,2
20260912_215351_529_traffic_scan_env2025_seed0-499_48352cd1,42,32,3,2,1
20260912_215351_529_traffic_scan_env2025_seed0-499_48352cd1,42,32,5,1,1
20260912_215351_529_traffic_scan_env2025_seed0-499_48352cd1,42,32,6,0,1
20260912_215351_529_traffic_scan_env2025_seed0-499_48352cd1,42,32,7,0,1
20260912_215351_529_traffic_scan_env2025_seed0-499_48352cd1,42,32,9,0,1
20260912_215351_529_traffic_scan_env2025_seed0-499_48352cd1,42,32,13,0,1
20260912_215351_529_traffic_scan_env2025_seed0-499_48352cd1,42,32,13,1,3
20260912_215351_529_traffic_scan_env2025_seed0-499_48352cd1,42,32,15,1,1
20260912_215351_529_traffic_scan_env2025_seed0-499_48352cd1,42,32,16,1,1
20260912_215351_529_traffic_scan_env2025_seed0-499_48352cd1,42,32,17,0,1
20260912_215351_529_traffic_scan_env2025_seed0-499_48352cd1,42,32,17,1,1
20260912_215351_529_traffic_scan_env2025_seed0-499_48352cd1,42,32,21,0,2
20260912_215351_529_traffic_scan_env2025_seed0-499_48352cd1,42,32,22,0,2
20260912_215351_529_traffic_scan_env2025_seed0-499_48352cd1,42,32,23,0,3
20260912_215351_529_traffic_scan_env2025_seed0-499_48352cd1,42,32,23,1,1
20260912_215351_529_traffic_scan_env2025_seed0-499_48352cd1,42,32,24,1,1
20260912_215351_529_traffic_scan_env2025_seed0-499_48352cd1,42,32,25,1,2
20260912_215351_529_traffic_scan_env2025_seed0-499_48352cd1,42,32,26,0,1
20260912_215351_529_traffic_scan_env2025_seed0-499_48352cd1,42,32,27,1,1
20260912_215351_529_traffic_scan_env2025_seed0-499_48352cd1,42,32,28,0,6
20260912_215351_529_traffic_scan_env2025_seed0-499_48352cd1,42,32,28,1,1
20260912_215351_529_traffic_scan_env2025_seed0-499_48352cd1,42,32,29,0,2
20260912_215351_529_traffic_scan_env2025_seed0-499_48352cd1,42,32,29,1,1
20260912_215351_529_traffic_scan_env2025_seed0-499_48352cd1,42,32,30,0,3
20260912_215351_529_traffic_scan_env2025_seed0-499_48352cd1,42,32,30,1,1
20260912_215351_529_traffic_scan_env2025_seed0-499_48352cd1,42,32,31,1,2
20260912_215351_529_traffic_scan_env2025_seed0-499_48352cd1,42,32,32,1,1
20260912_215351_529_traffic_scan_env2025_seed0-499_48352cd1,42,32,33,0,2
20260912_215351_529_traffic_scan_env2025_seed0-499_48352cd1,42,32,34,0,3
20260912_215351_529_traffic_scan_env2025_seed0-499_48352cd1,42,32,34,1,1
20260912_215351_529_traffic_scan_env2025_seed0-499_48352cd1,42,32,35,0,1
20260912_215351_529_traffic_scan_env2025_seed0-499_48352cd1,42,32,36,1,1
20260912_215351_529_traffic_scan_env2025_seed0-499_48352cd1,42,32,37,0,3
20260912_215351_529_traffic_scan_env2025_seed0-499_48352cd1,42,32,37,1,1
20260912_215351_529_traffic_scan_env2025_seed0-499_48352cd1,42,32,39,0,2
20260912_215351_529_traffic_scan_env2025_seed0-499_48352cd1,42,32,40,0,1
20260912_215351_529_traffic_scan_env2025_seed0-499_48352cd1,42,32,40,1,1
20260912_215351_529_traffic_scan_env2025_seed0-499_48352cd1,42,32,41,2,1
20260912_215351_529_traffic_scan_env2025_seed0-499_48352cd1,42,32,43,0,3
20260912_215351_529_traffic_scan_env2025_seed0-499_48352cd1,42,32,43,1,2
20260912_215351_529_traffic_scan_env2025_seed0-499_48352cd1,42,32,44,0,2
20260912_215351_529_traffic_scan_env2025_seed0-499_48352cd1,42,32,45,0,1
20260912_215351_529_traffic_scan_env2025_seed0-499_48352cd1,42,32,46,0,1
20260912_215351_529_traffic_scan_env2025_seed0-499_48352cd1,42,32,46,1,1
20260912_215351_529_traffic_scan_env2025_seed0-499_48352cd1,42,32,49,0,2
20260912_215351_529_traffic_scan_env2025_seed0-499_48352cd1,42,32,51,1,1
20260912_215351_529_traffic_scan_env2025_seed0-499_48352cd1,42,32,53,3,1
20260912_215351_529_traffic_scan_env2025_seed0-499_48352cd1,42,32,55,0,2
20260912_215351_529_traffic_scan_env2025_seed0-499_48352cd1,42,32,58,0,3
20260912_215351_529_traffic_scan_env2025_seed0-499_48352cd1,42,32,59,0,1
20260912_215351_529_traffic_scan_env2025_seed0-499_48352cd1,42,33,1,0,1
20260912_215351_529_traffic_scan_env2025_seed0-499_48352cd1,42,33,1,1,1
20260912_215351_529_traffic_scan_env2025_seed0-499_48352cd1,42,33,2,1,2
20260912_215351_529_traffic_scan_env2025_seed0-499_48352cd1,42,33,3,1,1
20260912_215351_529_traffic_scan_env2025_seed0-499_48352cd1,42,33,5,0,1
20260912_215351_529_traffic_scan_env2025_seed0-499_48352cd1,42,33,5,1,1
20260912_215351_529_traffic_scan_env2025_seed0-499_48352cd1,42,33,7,0,1
20260912_215351_529_traffic_scan_env2025_seed0-499_48352cd1,42,33,8,0,2
20260912_215351_529_traffic_scan_env2025_seed0-499_48352cd1,42,33,12,1,2
20260912_215351_529_traffic_scan_env2025_seed0-499_48352cd1,42,33,13,0,1
20260912_215351_529_traffic_scan_env2025_seed0-499_48352cd1,42,33,13,1,1
20260912_215351_529_traffic_scan_env2025_seed0-499_48352cd1,42,33,15,1,1
20260912_215351_529_traffic_scan_env2025_seed0-499_48352cd1,42,33,17,1,2
20260912_215351_529_traffic_scan_env2025_seed0-499_48352cd1,42,33,18,1,1
20260912_215351_529_traffic_scan_env2025_seed0-499_48352cd1,42,33,23,0,2
20260912_215351_529_traffic_scan_env2025_seed0-499_48352cd1,42,33,23,1,1
20260912_215351_529_traffic_scan_env2025_seed0-499_48352cd1,42,33,24,0,1
20260912_215351_529_traffic_scan_env2025_seed0-499_48352cd1,42,33,24,1,1
20260912_215351_529_traffic_scan_env2025_seed0-499_48352cd1,42,33,25,0,1
20260912_215351_529_traffic_scan_env2025_seed0-499_48352cd1,42,33,25,1,1
20260912_215351_529_traffic_scan_env2025_seed0-499_48352cd1,42,33,26,2,1
20260912_215351_529_traffic_scan_env2025_seed0-499_48352cd1,42,33,28,0,2
20260912_215351_529_traffic_scan_env2025_seed0-499_48352cd1,42,33,28,1,3
20260912_215351_529_traffic_scan_env2025_seed0-499_48352cd1,42,33,29,0,9
20260912_215351_529_traffic_scan_env2025_seed0-499_48352cd1,42,33,30,1,1
20260912_215351_529_traffic_scan_env2025_seed0-499_48352cd1,42,33,32,0,1
20260912_215351_529_traffic_scan_env2025_seed0-499_48352cd1,42,33,32,1,3
20260912_215351_529_traffic_scan_env2025_seed0-499_48352cd1,42,33,34,0,1
20260912_215351_529_traffic_scan_env2025_seed0-499_48352cd1,42,33,34,1,1
20260912_215351_529_traffic_scan_env2025_seed0-499_48352cd1,42,33,35,0,4
20260912_215351_529_traffic_scan_env2025_seed0-499_48352cd1,42,33,36,1,1
20260912_215351_529_traffic_scan_env2025_seed0-499_48352cd1,42,33,37,1,1
20260912_215351_529_traffic_scan_env2025_seed0-499_48352cd1,42,33,38,0,3
20260912_215351_529_traffic_scan_env2025_seed0-499_48352cd1,42,33,39,0,2
20260912_215351_529_traffic_scan_env2025_seed0-499_48352cd1,42,33,40,0,1
20260912_215351_529_traffic_scan_env2025_seed0-499_48352cd1,42,33,40,1,1
20260912_215351_529_traffic_scan_env2025_seed0-499_48352cd1,42,33,42,2,3
20260912_215351_529_traffic_scan_env2025_seed0-499_48352cd1,42,33,43,0,3
20260912_215351_529_traffic_scan_env2025_seed0-499_48352cd1,42,33,45,0,1
20260912_215351_529_traffic_scan_env2025_seed0-499_48352cd1,42,33,46,0,2
20260912_215351_529_traffic_scan_env2025_seed0-499_48352cd1,42,33,47,2,1
20260912_215351_529_traffic_scan_env2025_seed0-499_48352cd1,42,33,49,0,2
20260912_215351_529_traffic_scan_env2025_seed0-499_48352cd1,42,33,51,1,1
20260912_215351_529_traffic_scan_env2025_seed0-499_48352cd1,42,33,53,3,1
20260912_215351_529_traffic_scan_env2025_seed0-499_48352cd1,42,33,55,0,2
20260912_215351_529_traffic_scan_env2025_seed0-499_48352cd1,42,33,58,0,3
20260912_215351_529_traffic_scan_env2025_seed0-499_48352cd1,42,33,59,0,1
20260912_215351_529_traffic_scan_env2025_seed0-499_48352cd1,42,34,1,0,1
20260912_215351_529_traffic_scan_env2025_seed0-499_48352cd1,42,34,1,1,1
20260912_215351_529_traffic_scan_env2025_seed0-499_48352cd1,42,34,2,1,2
20260912_215351_529_traffic_scan_env2025_seed0-499_48352cd1,42,34,3,0,1
20260912_215351_529_traffic_scan_env2025_seed0-499_48352cd1,42,34,3,1,1
20260912_215351_529_traffic_scan_env2025_seed0-499_48352cd1,42,34,4,0,2
20260912_215351_529_traffic_scan_env2025_seed0-499_48352cd1,42,34,5,0,1
20260912_215351_529_traffic_scan_env2025_seed0-499_48352cd1,42,34,5,1,1
20260912_215351_529_traffic_scan_env2025_seed0-499_48352cd1,42,34,6,0,3
20260912_215351_529_traffic_scan_env2025_seed0-499_48352cd1,42,34,7,0,1
20260912_215351_529_traffic_scan_env2025_seed0-499_48352cd1,42,34,8,0,1
20260912_215351_529_traffic_scan_env2025_seed0-499_48352cd1,42,34,9,0,2
20260912_215351_529_traffic_scan_env2025_seed0-499_48352cd1,42,34,10,0,1
20260912_215351_529_traffic_scan_env2025_seed0-499_48352cd1,42,34,11,1,2
20260912_215351_529_traffic_scan_env2025_seed0-499_48352cd1,42,34,13,1,1
20260912_215351_529_traffic_scan_env2025_seed0-499_48352cd1,42,34,14,0,1
20260912_215351_529_traffic_scan_env2025_seed0-499_48352cd1,42,34,15,1,1
20260912_215351_529_traffic_scan_env2025_seed0-499_48352cd1,42,34,17,2,1
20260912_215351_529_traffic_scan_env2025_seed0-499_48352cd1,42,34,18,1,1
20260912_215351_529_traffic_scan_env2025_seed0-499_48352cd1,42,34,19,1,1
20260912_215351_529_traffic_scan_env2025_seed0-499_48352cd1,42,34,23,0,2
20260912_215351_529_traffic_scan_env2025_seed0-499_48352cd1,42,34,23,1,2
20260912_215351_529_traffic_scan_env2025_seed0-499_48352cd1,42,34,25,0,2
20260912_215351_529_traffic_scan_env2025_seed0-499_48352cd1,42,34,25,1,1
20260912_215351_529_traffic_scan_env2025_seed0-499_48352cd1,42,34,27,2,2
20260912_215351_529_traffic_scan_env2025_seed0-499_48352cd1,42,34,28,0,5
20260912_215351_529_traffic_scan_env2025_seed0-499_48352cd1,42,34,28,1,1
20260912_215351_529_traffic_scan_env2025_seed0-499_48352cd1,42,34,29,1,1
20260912_215351_529_traffic_scan_env2025_seed0-499_48352cd1,42,34,30,0,6
20260912_215351_529_traffic_scan_env2025_seed0-499_48352cd1,42,34,30,1,2
20260912_215351_529_traffic_scan_env2025_seed0-499_48352cd1,42,34,31,0,1
20260912_215351_529_traffic_scan_env2025_seed0-499_48352cd1,42,34,31,1,1
20260912_215351_529_traffic_scan_env2025_seed0-499_48352cd1,42,34,33,1,3
20260912_215351_529_traffic_scan_env2025_seed0-499_48352cd1,42,34,34,1,1
20260912_215351_529_traffic_scan_env2025_seed0-499_48352cd1,42,34,35,0,2
20260912_215351_529_traffic_scan_env2025_seed0-499_48352cd1,42,34,35,1,1
20260912_215351_529_traffic_scan_env2025_seed0-499_48352cd1,42,34,36,0,3
20260912_215351_529_traffic_scan_env2025_seed0-499_48352cd1,42,34,38,0,1
20260912_215351_529_traffic_scan_env2025_seed0-499_48352cd1,42,34,38,1,1
20260912_215351_529_traffic_scan_env2025_seed0-499_48352cd1,42,34,39,0,4
20260912_215351_529_traffic_scan_env2025_seed0-499_48352cd1,42,34,41,0,2
20260912_215351_529_traffic_scan_env2025_seed0-499_48352cd1,42,34,41,1,2
20260912_215351_529_traffic_scan_env2025_seed0-499_48352cd1,42,34,42,0,2
20260912_215351_529_traffic_scan_env2025_seed0-499_48352cd1,42,34,43,1,1
20260912_215351_529_traffic_scan_env2025_seed0-499_48352cd1,42,34,44,0,1
20260912_215351_529_traffic_scan_env2025_seed0-499_48352cd1,42,34,46,0,1
20260912_215351_529_traffic_scan_env2025_seed0-499_48352cd1,42,34,47,0,2
20260912_215351_529_traffic_scan_env2025_seed0-499_48352cd1,42,34,48,0,1
20260912_215351_529_traffic_scan_env2025_seed0-499_48352cd1,42,34,48,1,1
20260912_215351_529_traffic_scan_env2025_seed0-499_48352cd1,42,34,50,0,2
20260912_215351_529_traffic_scan_env2025_seed0-499_48352cd1,42,34,50,1,1
20260912_215351_529_traffic_scan_env2025_seed0-499_48352cd1,42,34,53,3,1
20260912_215351_529_traffic_scan_env2025_seed0-499_48352cd1,42,34,56,0,2
20260912_215351_529_traffic_scan_env2025_seed0-499_48352cd1,42,34,57,0,1
20260912_215351_529_traffic_scan_env2025_seed0-499_48352cd1,42,34,58,0,4
20260912_215351_529_traffic_scan_env2025_seed0-499_48352cd1,42,34,59,0,2
20260912_215351_529_traffic_scan_env2025_seed0-499_48352cd1,42,35,1,0,1
20260912_215351_529_traffic_scan_env2025_seed0-499_48352cd1,42,35,1,1,1
20260912_215351_529_traffic_scan_env2025_seed0-499_48352cd1,42,35,2,1,2
20260912_215351_529_traffic_scan_env2025_seed0-499_48352cd1,42,35,3,1,1
20260912_215351_529_traffic_scan_env2025_seed0-499_48352cd1,42,35,5,0,1
20260912_215351_529_traffic_scan_env2025_seed0-499_48352cd1,42,35,5,1,1
20260912_215351_529_traffic_scan_env2025_seed0-499_48352cd1,42,35,6,0,1
20260912_215351_529_traffic_scan_env2025_seed0-499_48352cd1,42,35,7,0,2
20260912_215351_529_traffic_scan_env2025_seed0-499_48352cd1,42,35,10,0,1
20260912_215351_529_traffic_scan_env2025_seed0-499_48352cd1,42,35,10,1,2
20260912_215351_529_traffic_scan_env2025_seed0-499_48352cd1,42,35,11,0,1
20260912_215351_529_traffic_scan_env2025_seed0-499_48352cd1,42,35,12,0,1
20260912_215351_529_traffic_scan_env2025_seed0-499_48352cd1,42,35,13,0,1
20260912_215351_529_traffic_scan_env2025_seed0-499_48352cd1,42,35,13,1,1
20260912_215351_529_traffic_scan_env2025_seed0-499_48352cd1,42,35,14,0,1
20260912_215351_529_traffic_scan_env2025_seed0-499_48352cd1,42,35,15,0,2
20260912_215351_529_traffic_scan_env2025_seed0-499_48352cd1,42,35,15,1,1
20260912_215351_529_traffic_scan_env2025_seed0-499_48352cd1,42,35,16,0,1
20260912_215351_529_traffic_scan_env2025_seed0-499_48352cd1,42,35,17,0,1
20260912_215351_529_traffic_scan_env2025_seed0-499_48352cd1,42,35,17,1,1
20260912_215351_529_traffic_scan_env2025_seed0-499_48352cd1,42,35,18,0,1
20260912_215351_529_traffic_scan_env2025_seed0-499_48352cd1,42,35,19,0,1
20260912_215351_529_traffic_scan_env2025_seed0-499_48352cd1,42,35,19,1,1
20260912_215351_529_traffic_scan_env2025_seed0-499_48352cd1,42,35,20,0,1
20260912_215351_529_traffic_scan_env2025_seed0-499_48352cd1,42,35,20,1,1
20260912_215351_529_traffic_scan_env2025_seed0-499_48352cd1,42,35,21,0,1
20260912_215351_529_traffic_scan_env2025_seed0-499_48352cd1,42,35,22,0,1
20260912_215351_529_traffic_scan_env2025_seed0-499_48352cd1,42,35,22,1,1
20260912_215351_529_traffic_scan_env2025_seed0-499_48352cd1,42,35,23,0,3
20260912_215351_529_traffic_scan_env2025_seed0-499_48352cd1,42,35,23,1,1
20260912_215351_529_traffic_scan_env2025_seed0-499_48352cd1,42,35,24,0,1
20260912_215351_529_traffic_scan_env2025_seed0-499_48352cd1,42,35,25,0,1
20260912_215351_529_traffic_scan_env2025_seed0-499_48352cd1,42,35,25,1,1
20260912_215351_529_traffic_scan_env2025_seed0-499_48352cd1,42,35,26,0,6
20260912_215351_529_traffic_scan_env2025_seed0-499_48352cd1,42,35,26,1,1
20260912_215351_529_traffic_scan_env2025_seed0-499_48352cd1,42,35,27,0,5
20260912_215351_529_traffic_scan_env2025_seed0-499_48352cd1,42,35,28,1,2
20260912_215351_529_traffic_scan_env2025_seed0-499_48352cd1,42,35,30,1,1
20260912_215351_529_traffic_scan_env2025_seed0-499_48352cd1,42,35,31,0,7
20260912_215351_529_traffic_scan_env2025_seed0-499_48352cd1,42,35,32,1,1
20260912_215351_529_traffic_scan_env2025_seed0-499_48352cd1,42,35,33,1,1
20260912_215351_529_traffic_scan_env2025_seed0-499_48352cd1,42,35,34,1,6
20260912_215351_529_traffic_scan_env2025_seed0-499_48352cd1,42,35,35,0,1
20260912_215351_529_traffic_scan_env2025_seed0-499_48352cd1,42,35,35,1,1
20260912_215351_529_traffic_scan_env2025_seed0-499_48352cd1,42,35,36,0,1
20260912_215351_529_traffic_scan_env2025_seed0-499_48352cd1,42,35,36,1,1
20260912_215351_529_traffic_scan_env2025_seed0-499_48352cd1,42,35,37,0,4
20260912_215351_529_traffic_scan_env2025_seed0-499_48352cd1,42,35,37,1,1
20260912_215351_529_traffic_scan_env2025_seed0-499_48352cd1,42,35,38,1,1
20260912_215351_529_traffic_scan_env2025_seed0-499_48352cd1,42,35,39,0,2
20260912_215351_529_traffic_scan_env2025_seed0-499_48352cd1,42,35,39,1,1
20260912_215351_529_traffic_scan_env2025_seed0-499_48352cd1,42,35,40,0,4
20260912_215351_529_traffic_scan_env2025_seed0-499_48352cd1,42,35,40,1,2
20260912_215351_529_traffic_scan_env2025_seed0-499_48352cd1,42,35,41,0,6
20260912_215351_529_traffic_scan_env2025_seed0-499_48352cd1,42,35,42,0,3
20260912_215351_529_traffic_scan_env2025_seed0-499_48352cd1,42,35,43,0,1
20260912_215351_529_traffic_scan_env2025_seed0-499_48352cd1,42,35,44,0,2
20260912_215351_529_traffic_scan_env2025_seed0-499_48352cd1,42,35,44,1,1
20260912_215351_529_traffic_scan_env2025_seed0-499_48352cd1,42,35,45,0,1
20260912_215351_529_traffic_scan_env2025_seed0-499_48352cd1,42,35,46,0,1
20260912_215351_529_traffic_scan_env2025_seed0-499_48352cd1,42,35,47,0,1
20260912_215351_529_traffic_scan_env2025_seed0-499_48352cd1,42,35,48,0,1
20260912_215351_529_traffic_scan_env2025_seed0-499_48352cd1,42,35,49,0,1
20260912_215351_529_traffic_scan_env2025_seed0-499_48352cd1,42,35,49,1,2
20260912_215351_529_traffic_scan_env2025_seed0-499_48352cd1,42,35,51,0,2
20260912_215351_529_traffic_scan_env2025_seed0-499_48352cd1,42,35,52,0,2
20260912_215351_529_traffic_scan_env2025_seed0-499_48352cd1,42,35,53,0,1
20260912_215351_529_traffic_scan_env2025_seed0-499_48352cd1,42,35,53,2,1
20260912_215351_529_traffic_scan_env2025_seed0-499_48352cd1,42,35,54,0,1
20260912_215351_529_traffic_scan_env2025_seed0-499_48352cd1,42,35,55,0,1
20260912_215351_529_traffic_scan_env2025_seed0-499_48352cd1,42,35,56,0,2
20260912_215351_529_traffic_scan_env2025_seed0-499_48352cd1,42,35,57,0,1
20260912_215351_529_traffic_scan_env2025_seed0-499_48352cd1,42,35,58,0,3
20260912_215351_529_traffic_scan_env2025_seed0-499_48352cd1,42,35,59,0,1
20260912_215351_529_traffic_scan_env2025_seed0-499_48352cd1,42,36,1,0,3
20260912_215351_529_traffic_scan_env2025_seed0-499_48352cd1,42,36,2,1,2
20260912_215351_529_traffic_scan_env2025_seed0-499_48352cd1,42,36,3,1,1
20260912_215351_529_traffic_scan_env2025_seed0-499_48352cd1,42,36,4,0,1
20260912_215351_529_traffic_scan_env2025_seed0-499_48352cd1,42,36,5,0,1
20260912_215351_529_traffic_scan_env2025_seed0-499_48352cd1,42,36,5,1,1
20260912_215351_529_traffic_scan_env2025_seed0-499_48352cd1,42,36,8,0,2
20260912_215351_529_traffic_scan_env2025_seed0-499_48352cd1,42,36,9,0,1
20260912_215351_529_traffic_scan_env2025_seed0-499_48352cd1,42,36,9,1,2
20260912_215351_529_traffic_scan_env2025_seed0-499_48352cd1,42,36,10,0,1
20260912_215351_529_traffic_scan_env2025_seed0-499_48352cd1,42,36,11,0,2
20260912_215351_529_traffic_scan_env2025_seed0-499_48352cd1,42,36,12,0,1
20260912_215351_529_traffic_scan_env2025_seed0-499_48352cd1,42,36,13,0,1
20260912_215351_529_traffic_scan_env2025_seed0-499_48352cd1,42,36,13,1,1
20260912_215351_529_traffic_scan_env2025_seed0-499_48352cd1,42,36,14,0,1
20260912_215351_529_traffic_scan_env2025_seed0-499_48352cd1,42,36,15,0,1
20260912_215351_529_traffic_scan_env2025_seed0-499_48352cd1,42,36,15,1,1
20260912_215351_529_traffic_scan_env2025_seed0-499_48352cd1,42,36,16,0,2
20260912_215351_529_traffic_scan_env2025_seed0-499_48352cd1,42,36,17,1,1
20260912_215351_529_traffic_scan_env2025_seed0-499_48352cd1,42,36,19,0,1
20260912_215351_529_traffic_scan_env2025_seed0-499_48352cd1,42,36,20,0,1
20260912_215351_529_traffic_scan_env2025_seed0-499_48352cd1,42,36,20,1,1
20260912_215351_529_traffic_scan_env2025_seed0-499_48352cd1,42,36,21,0,1
20260912_215351_529_traffic_scan_env2025_seed0-499_48352cd1,42,36,21,1,2
20260912_215351_529_traffic_scan_env2025_seed0-499_48352cd1,42,36,22,0,1
20260912_215351_529_traffic_scan_env2025_seed0-499_48352cd1,42,36,22,1,1
20260912_215351_529_traffic_scan_env2025_seed0-499_48352cd1,42,36,23,0,2
20260912_215351_529_traffic_scan_env2025_seed0-499_48352cd1,42,36,23,1,1
20260912_215351_529_traffic_scan_env2025_seed0-499_48352cd1,42,36,25,0,3
20260912_215351_529_traffic_scan_env2025_seed0-499_48352cd1,42,36,25,1,2
20260912_215351_529_traffic_scan_env2025_seed0-499_48352cd1,42,36,26,0,2
20260912_215351_529_traffic_scan_env2025_seed0-499_48352cd1,42,36,27,0,3
20260912_215351_529_traffic_scan_env2025_seed0-499_48352cd1,42,36,28,2,1
20260912_215351_529_traffic_scan_env2025_seed0-499_48352cd1,42,36,29,0,1
20260912_215351_529_traffic_scan_env2025_seed0-499_48352cd1,42,36,29,1,1
20260912_215351_529_traffic_scan_env2025_seed0-499_48352cd1,42,36,30,0,2
20260912_215351_529_traffic_scan_env2025_seed0-499_48352cd1,42,36,30,1,1
20260912_215351_529_traffic_scan_env2025_seed0-499_48352cd1,42,36,31,0,1
20260912_215351_529_traffic_scan_env2025_seed0-499_48352cd1,42,36,32,0,7
20260912_215351_529_traffic_scan_env2025_seed0-499_48352cd1,42,36,33,0,1
20260912_215351_529_traffic_scan_env2025_seed0-499_48352cd1,42,36,33,1,1
20260912_215351_529_traffic_scan_env2025_seed0-499_48352cd1,42,36,34,0,1
20260912_215351_529_traffic_scan_env2025_seed0-499_48352cd1,42,36,35,0,6
20260912_215351_529_traffic_scan_env2025_seed0-499_48352cd1,42,36,36,0,1
20260912_215351_529_traffic_scan_env2025_seed0-499_48352cd1,42,36,37,0,1
20260912_215351_529_traffic_scan_env2025_seed0-499_48352cd1,42,36,38,0,3
20260912_215351_529_traffic_scan_env2025_seed0-499_48352cd1,42,36,39,0,1
20260912_215351_529_traffic_scan_env2025_seed0-499_48352cd1,42,36,39,1,2
20260912_215351_529_traffic_scan_env2025_seed0-499_48352cd1,42,36,40,1,1
20260912_215351_529_traffic_scan_env2025_seed0-499_48352cd1,42,36,41,0,1
20260912_215351_529_traffic_scan_env2025_seed0-499_48352cd1,42,36,42,0,6
20260912_215351_529_traffic_scan_env2025_seed0-499_48352cd1,42,36,44,0,1
20260912_215351_529_traffic_scan_env2025_seed0-499_48352cd1,42,36,45,1,1
20260912_215351_529_traffic_scan_env2025_seed0-499_48352cd1,42,36,46,0,1
20260912_215351_529_traffic_scan_env2025_seed0-499_48352cd1,42,36,47,0,1
20260912_215351_529_traffic_scan_env2025_seed0-499_48352cd1,42,36,48,0,2
20260912_215351_529_traffic_scan_env2025_seed0-499_48352cd1,42,36,48,1,1
20260912_215351_529_traffic_scan_env2025_seed0-499_48352cd1,42,36,49,1,3
20260912_215351_529_traffic_scan_env2025_seed0-499_48352cd1,42,36,50,0,1
20260912_215351_529_traffic_scan_env2025_seed0-499_48352cd1,42,36,50,1,1
20260912_215351_529_traffic_scan_env2025_seed0-499_48352cd1,42,36,51,0,1
20260912_215351_529_traffic_scan_env2025_seed0-499_48352cd1,42,36,52,0,1
20260912_215351_529_traffic_scan_env2025_seed0-499_48352cd1,42,36,53,0,3
20260912_215351_529_traffic_scan_env2025_seed0-499_48352cd1,42,36,53,1,1
20260912_215351_529_traffic_scan_env2025_seed0-499_48352cd1,42,36,54,0,1
20260912_215351_529_traffic_scan_env2025_seed0-499_48352cd1,42,36,55,0,4
20260912_215351_529_traffic_scan_env2025_seed0-499_48352cd1,42,36,58,0,4
20260912_215351_529_traffic_scan_env2025_seed0-499_48352cd1,42,36,59,0,1
20260912_215351_529_traffic_scan_env2025_seed0-499_48352cd1,42,37,0,0,1
20260912_215351_529_traffic_scan_env2025_seed0-499_48352cd1,42,37,1,0,3
20260912_215351_529_traffic_scan_env2025_seed0-499_48352cd1,42,37,2,0,2
20260912_215351_529_traffic_scan_env2025_seed0-499_48352cd1,42,37,2,1,2
20260912_215351_529_traffic_scan_env2025_seed0-499_48352cd1,42,37,3,0,1
20260912_215351_529_traffic_scan_env2025_seed0-499_48352cd1,42,37,3,1,1
20260912_215351_529_traffic_scan_env2025_seed0-499_48352cd1,42,37,4,0,1
20260912_215351_529_traffic_scan_env2025_seed0-499_48352cd1,42,37,5,1,1
20260912_215351_529_traffic_scan_env2025_seed0-499_48352cd1,42,37,8,1,2
20260912_215351_529_traffic_scan_env2025_seed0-499_48352cd1,42,37,9,0,1
20260912_215351_529_traffic_scan_env2025_seed0-499_48352cd1,42,37,12,0,1
20260912_215351_529_traffic_scan_env2025_seed0-499_48352cd1,42,37,13,1,1
20260912_215351_529_traffic_scan_env2025_seed0-499_48352cd1,42,37,15,1,1
20260912_215351_529_traffic_scan_env2025_seed0-499_48352cd1,42,37,17,0,2
20260912_215351_529_traffic_scan_env2025_seed0-499_48352cd1,42,37,17,1,1
20260912_215351_529_traffic_scan_env2025_seed0-499_48352cd1,42,37,18,0,1
20260912_215351_529_traffic_scan_env2025_seed0-499_48352cd1,42,37,20,2,1
20260912_215351_529_traffic_scan_env2025_seed0-499_48352cd1,42,37,21,1,1
20260912_215351_529_traffic_scan_env2025_seed0-499_48352cd1,42,37,23,0,3
20260912_215351_529_traffic_scan_env2025_seed0-499_48352cd1,42,37,23,1,2
20260912_215351_529_traffic_scan_env2025_seed0-499_48352cd1,42,37,24,0,4
20260912_215351_529_traffic_scan_env2025_seed0-499_48352cd1,42,37,24,1,1
20260912_215351_529_traffic_scan_env2025_seed0-499_48352cd1,42,37,25,0,3
20260912_215351_529_traffic_scan_env2025_seed0-499_48352cd1,42,37,25,1,2
20260912_215351_529_traffic_scan_env2025_seed0-499_48352cd1,42,37,26,0,1
20260912_215351_529_traffic_scan_env2025_seed0-499_48352cd1,42,37,26,1,1
20260912_215351_529_traffic_scan_env2025_seed0-499_48352cd1,42,37,27,0,1
20260912_215351_529_traffic_scan_env2025_seed0-499_48352cd1,42,37,27,1,1
20260912_215351_529_traffic_scan_env2025_seed0-499_48352cd1,42,37,28,0,4
20260912_215351_529_traffic_scan_env2025_seed0-499_48352cd1,42,37,28,1,2
20260912_215351_529_traffic_scan_env2025_seed0-499_48352cd1,42,37,29,0,1
20260912_215351_529_traffic_scan_env2025_seed0-499_48352cd1,42,37,29,1,1
20260912_215351_529_traffic_scan_env2025_seed0-499_48352cd1,42,37,30,1,3
20260912_215351_529_traffic_scan_env2025_seed0-499_48352cd1,42,37,31,1,3
20260912_215351_529_traffic_scan_env2025_seed0-499_48352cd1,42,37,32,1,3
20260912_215351_529_traffic_scan_env2025_seed0-499_48352cd1,42,37,33,0,6
20260912_215351_529_traffic_scan_env2025_seed0-499_48352cd1,42,37,33,1,1
20260912_215351_529_traffic_scan_env2025_seed0-499_48352cd1,42,37,34,1,1
20260912_215351_529_traffic_scan_env2025_seed0-499_48352cd1,42,37,35,0,2
20260912_215351_529_traffic_scan_env2025_seed0-499_48352cd1,42,37,35,1,1
20260912_215351_529_traffic_scan_env2025_seed0-499_48352cd1,42,37,36,0,3
20260912_215351_529_traffic_scan_env2025_seed0-499_48352cd1,42,37,36,1,1
20260912_215351_529_traffic_scan_env2025_seed0-499_48352cd1,42,37,37,2,1
20260912_215351_529_traffic_scan_env2025_seed0-499_48352cd1,42,37,38,0,1
20260912_215351_529_traffic_scan_env2025_seed0-499_48352cd1,42,37,38,1,3
20260912_215351_529_traffic_scan_env2025_seed0-499_48352cd1,42,37,39,0,4
20260912_215351_529_traffic_scan_env2025_seed0-499_48352cd1,42,37,39,1,1
20260912_215351_529_traffic_scan_env2025_seed0-499_48352cd1,42,37,40,1,1
20260912_215351_529_traffic_scan_env2025_seed0-499_48352cd1,42,37,41,0,1
20260912_215351_529_traffic_scan_env2025_seed0-499_48352cd1,42,37,41,1,2
20260912_215351_529_traffic_scan_env2025_seed0-499_48352cd1,42,37,42,0,2
20260912_215351_529_traffic_scan_env2025_seed0-499_48352cd1,42,37,42,1,1
20260912_215351_529_traffic_scan_env2025_seed0-499_48352cd1,42,37,43,0,4
20260912_215351_529_traffic_scan_env2025_seed0-499_48352cd1,42,37,43,1,1
20260912_215351_529_traffic_scan_env2025_seed0-499_48352cd1,42,37,44,0,1
20260912_215351_529_traffic_scan_env2025_seed0-499_48352cd1,42,37,44,1,1
20260912_215351_529_traffic_scan_env2025_seed0-499_48352cd1,42,37,45,1,1
20260912_215351_529_traffic_scan_env2025_seed0-499_48352cd1,42,37,46,2,1
20260912_215351_529_traffic_scan_env2025_seed0-499_48352cd1,42,37,47,1,1
20260912_215351_529_traffic_scan_env2025_seed0-499_48352cd1,42,37,49,0,1
20260912_215351_529_traffic_scan_env2025_seed0-499_48352cd1,42,37,49,1,1
20260912_215351_529_traffic_scan_env2025_seed0-499_48352cd1,42,37,50,1,1
20260912_215351_529_traffic_scan_env2025_seed0-499_48352cd1,42,37,51,0,1
20260912_215351_529_traffic_scan_env2025_seed0-499_48352cd1,42,37,52,0,1
20260912_215351_529_traffic_scan_env2025_seed0-499_48352cd1,42,37,53,2,1
20260912_215351_529_traffic_scan_env2025_seed0-499_48352cd1,42,37,54,0,2
20260912_215351_529_traffic_scan_env2025_seed0-499_48352cd1,42,37,55,0,2
20260912_215351_529_traffic_scan_env2025_seed0-499_48352cd1,42,37,56,0,1
20260912_215351_529_traffic_scan_env2025_seed0-499_48352cd1,42,37,58,0,3
20260912_215351_529_traffic_scan_env2025_seed0-499_48352cd1,42,37,59,0,1
20260912_215351_529_traffic_scan_env2025_seed0-499_48352cd1,42,38,1,0,2
20260912_215351_529_traffic_scan_env2025_seed0-499_48352cd1,42,38,2,1,2
20260912_215351_529_traffic_scan_env2025_seed0-499_48352cd1,42,38,3,0,1
20260912_215351_529_traffic_scan_env2025_seed0-499_48352cd1,42,38,3,1,1
20260912_215351_529_traffic_scan_env2025_seed0-499_48352cd1,42,38,5,0,1
20260912_215351_529_traffic_scan_env2025_seed0-499_48352cd1,42,38,5,1,1
20260912_215351_529_traffic_scan_env2025_seed0-499_48352cd1,42,38,6,1,1
20260912_215351_529_traffic_scan_env2025_seed0-499_48352cd1,42,38,7,1,2
20260912_215351_529_traffic_scan_env2025_seed0-499_48352cd1,42,38,10,0,1
20260912_215351_529_traffic_scan_env2025_seed0-499_48352cd1,42,38,13,0,1
20260912_215351_529_traffic_scan_env2025_seed0-499_48352cd1,42,38,13,1,1
20260912_215351_529_traffic_scan_env2025_seed0-499_48352cd1,42,38,15,1,1
20260912_215351_529_traffic_scan_env2025_seed0-499_48352cd1,42,38,17,0,1
20260912_215351_529_traffic_scan_env2025_seed0-499_48352cd1,42,38,17,1,1
20260912_215351_529_traffic_scan_env2025_seed0-499_48352cd1,42,38,19,2,1
20260912_215351_529_traffic_scan_env2025_seed0-499_48352cd1,42,38,22,0,2
20260912_215351_529_traffic_scan_env2025_seed0-499_48352cd1,42,38,22,1,1
20260912_215351_529_traffic_scan_env2025_seed0-499_48352cd1,42,38,23,0,3
20260912_215351_529_traffic_scan_env2025_seed0-499_48352cd1,42,38,23,1,2
20260912_215351_529_traffic_scan_env2025_seed0-499_48352cd1,42,38,24,0,2
20260912_215351_529_traffic_scan_env2025_seed0-499_48352cd1,42,38,24,1,2
20260912_215351_529_traffic_scan_env2025_seed0-499_48352cd1,42,38,25,1,1
20260912_215351_529_traffic_scan_env2025_seed0-499_48352cd1,42,38,28,0,1
20260912_215351_529_traffic_scan_env2025_seed0-499_48352cd1,42,38,28,1,1
20260912_215351_529_traffic_scan_env2025_seed0-499_48352cd1,42,38,29,0,3
20260912_215351_529_traffic_scan_env2025_seed0-499_48352cd1,42,38,30,1,2
20260912_215351_529_traffic_scan_env2025_seed0-499_48352cd1,42,38,33,1,1
20260912_215351_529_traffic_scan_env2025_seed0-499_48352cd1,42,38,34,0,6
20260912_215351_529_traffic_scan_env2025_seed0-499_48352cd1,42,38,35,0,2
20260912_215351_529_traffic_scan_env2025_seed0-499_48352cd1,42,38,37,0,3
20260912_215351_529_traffic_scan_env2025_seed0-499_48352cd1,42,38,37,1,2
20260912_215351_529_traffic_scan_env2025_seed0-499_48352cd1,42,38,39,0,1
20260912_215351_529_traffic_scan_env2025_seed0-499_48352cd1,42,38,40,0,4
20260912_215351_529_traffic_scan_env2025_seed0-499_48352cd1,42,38,41,0,1
20260912_215351_529_traffic_scan_env2025_seed0-499_48352cd1,42,38,42,0,2
20260912_215351_529_traffic_scan_env2025_seed0-499_48352cd1,42,38,42,1,1
20260912_215351_529_traffic_scan_env2025_seed0-499_48352cd1,42,38,44,0,5
20260912_215351_529_traffic_scan_env2025_seed0-499_48352cd1,42,38,46,1,1
20260912_215351_529_traffic_scan_env2025_seed0-499_48352cd1,42,38,47,1,1
20260912_215351_529_traffic_scan_env2025_seed0-499_48352cd1,42,38,49,1,1
20260912_215351_529_traffic_scan_env2025_seed0-499_48352cd1,42,38,50,0,1
20260912_215351_529_traffic_scan_env2025_seed0-499_48352cd1,42,38,51,0,1
20260912_215351_529_traffic_scan_env2025_seed0-499_48352cd1,42,38,51,1,1
20260912_215351_529_traffic_scan_env2025_seed0-499_48352cd1,42,38,52,0,1
20260912_215351_529_traffic_scan_env2025_seed0-499_48352cd1,42,38,53,2,1
20260912_215351_529_traffic_scan_env2025_seed0-499_48352cd1,42,38,54,0,1
20260912_215351_529_traffic_scan_env2025_seed0-499_48352cd1,42,38,55,0,2
20260912_215351_529_traffic_scan_env2025_seed0-499_48352cd1,42,38,57,0,2
20260912_215351_529_traffic_scan_env2025_seed0-499_48352cd1,42,38,58,0,2
20260912_215351_529_traffic_scan_env2025_seed0-499_48352cd1,42,38,59,0,1
20260912_215351_529_traffic_scan_env2025_seed0-499_48352cd1,42,39,1,0,3
20260912_215351_529_traffic_scan_env2025_seed0-499_48352cd1,42,39,2,0,1
20260912_215351_529_traffic_scan_env2025_seed0-499_48352cd1,42,39,2,1,1
20260912_215351_529_traffic_scan_env2025_seed0-499_48352cd1,42,39,3,0,1
20260912_215351_529_traffic_scan_env2025_seed0-499_48352cd1,42,39,3,1,2
20260912_215351_529_traffic_scan_env2025_seed0-499_48352cd1,42,39,4,0,4
20260912_215351_529_traffic_scan_env2025_seed0-499_48352cd1,42,39,5,0,2
20260912_215351_529_traffic_scan_env2025_seed0-499_48352cd1,42,39,5,1,1
20260912_215351_529_traffic_scan_env2025_seed0-499_48352cd1,42,39,6,0,2
20260912_215351_529_traffic_scan_env2025_seed0-499_48352cd1,42,39,7,0,2
20260912_215351_529_traffic_scan_env2025_seed0-499_48352cd1,42,39,8,0,1
20260912_215351_529_traffic_scan_env2025_seed0-499_48352cd1,42,39,11,0,1
20260912_215351_529_traffic_scan_env2025_seed0-499_48352cd1,42,39,13,1,1
20260912_215351_529_traffic_scan_env2025_seed0-499_48352cd1,42,39,14,1,1
20260912_215351_529_traffic_scan_env2025_seed0-499_48352cd1,42,39,15,1,1
20260912_215351_529_traffic_scan_env2025_seed0-499_48352cd1,42,39,17,1,1
20260912_215351_529_traffic_scan_env2025_seed0-499_48352cd1,42,39,18,0,1
20260912_215351_529_traffic_scan_env2025_seed0-499_48352cd1,42,39,18,1,1
20260912_215351_529_traffic_scan_env2025_seed0-499_48352cd1,42,39,19,0,1
20260912_215351_529_traffic_scan_env2025_seed0-499_48352cd1,42,39,20,0,1
20260912_215351_529_traffic_scan_env2025_seed0-499_48352cd1,42,39,21,0,1
20260912_215351_529_traffic_scan_env2025_seed0-499_48352cd1,42,39,22,0,5
20260912_215351_529_traffic_scan_env2025_seed0-499_48352cd1,42,39,22,1,1
20260912_215351_529_traffic_scan_env2025_seed0-499_48352cd1,42,39,23,0,2
20260912_215351_529_traffic_scan_env2025_seed0-499_48352cd1,42,39,23,1,3
20260912_215351_529_traffic_scan_env2025_seed0-499_48352cd1,42,39,25,1,2
20260912_215351_529_traffic_scan_env2025_seed0-499_48352cd1,42,39,27,0,1
20260912_215351_529_traffic_scan_env2025_seed0-499_48352cd1,42,39,28,1,1
20260912_215351_529_traffic_scan_env2025_seed0-499_48352cd1,42,39,29,1,1
20260912_215351_529_traffic_scan_env2025_seed0-499_48352cd1,42,39,30,0,3
20260912_215351_529_traffic_scan_env2025_seed0-499_48352cd1,42,39,30,1,1
20260912_215351_529_traffic_scan_env2025_seed0-499_48352cd1,42,39,33,0,1
20260912_215351_529_traffic_scan_env2025_seed0-499_48352cd1,42,39,34,1,1
20260912_215351_529_traffic_scan_env2025_seed0-499_48352cd1,42,39,35,0,8
20260912_215351_529_traffic_scan_env2025_seed0-499_48352cd1,42,39,35,1,1
20260912_215351_529_traffic_scan_env2025_seed0-499_48352cd1,42,39,36,1,3
20260912_215351_529_traffic_scan_env2025_seed0-499_48352cd1,42,39,37,1,1
20260912_215351_529_traffic_scan_env2025_seed0-499_48352cd1,42,39,38,0,3
20260912_215351_529_traffic_scan_env2025_seed0-499_48352cd1,42,39,38,1,1
20260912_215351_529_traffic_scan_env2025_seed0-499_48352cd1,42,39,39,1,1
20260912_215351_529_traffic_scan_env2025_seed0-499_48352cd1,42,39,40,0,1
20260912_215351_529_traffic_scan_env2025_seed0-499_48352cd1,42,39,40,1,1
20260912_215351_529_traffic_scan_env2025_seed0-499_48352cd1,42,39,41,0,5
20260912_215351_529_traffic_scan_env2025_seed0-499_48352cd1,42,39,41,1,1
20260912_215351_529_traffic_scan_env2025_seed0-499_48352cd1,42,39,42,0,1
20260912_215351_529_traffic_scan_env2025_seed0-499_48352cd1,42,39,42,1,1
20260912_215351_529_traffic_scan_env2025_seed0-499_48352cd1,42,39,43,0,1
20260912_215351_529_traffic_scan_env2025_seed0-499_48352cd1,42,39,43,1,2
20260912_215351_529_traffic_scan_env2025_seed0-499_48352cd1,42,39,44,0,1
20260912_215351_529_traffic_scan_env2025_seed0-499_48352cd1,42,39,44,1,1
20260912_215351_529_traffic_scan_env2025_seed0-499_48352cd1,42,39,45,0,4
20260912_215351_529_traffic_scan_env2025_seed0-499_48352cd1,42,39,45,1,2
20260912_215351_529_traffic_scan_env2025_seed0-499_48352cd1,42,39,47,1,1
20260912_215351_529_traffic_scan_env2025_seed0-499_48352cd1,42,39,48,1,4
20260912_215351_529_traffic_scan_env2025_seed0-499_48352cd1,42,39,49,0,1
20260912_215351_529_traffic_scan_env2025_seed0-499_48352cd1,42,39,49,1,2
20260912_215351_529_traffic_scan_env2025_seed0-499_48352cd1,42,39,50,0,2
20260912_215351_529_traffic_scan_env2025_seed0-499_48352cd1,42,39,50,1,1
20260912_215351_529_traffic_scan_env2025_seed0-499_48352cd1,42,39,51,0,2
20260912_215351_529_traffic_scan_env2025_seed0-499_48352cd1,42,39,52,0,1
20260912_215351_529_traffic_scan_env2025_seed0-499_48352cd1,42,39,52,1,1
20260912_215351_529_traffic_scan_env2025_seed0-499_48352cd1,42,39,53,0,2
20260912_215351_529_traffic_scan_env2025_seed0-499_48352cd1,42,39,53,1,1
20260912_215351_529_traffic_scan_env2025_seed0-499_48352cd1,42,39,54,0,1
20260912_215351_529_traffic_scan_env2025_seed0-499_48352cd1,42,39,55,0,1
20260912_215351_529_traffic_scan_env2025_seed0-499_48352cd1,42,39,57,0,1
20260912_215351_529_traffic_scan_env2025_seed0-499_48352cd1,42,39,58,0,3
20260912_215351_529_traffic_scan_env2025_seed0-499_48352cd1,42,39,59,0,2
20260912_215351_529_traffic_scan_env2025_seed0-499_48352cd1,42,40,1,0,2
20260912_215351_529_traffic_scan_env2025_seed0-499_48352cd1,42,40,2,0,1
20260912_215351_529_traffic_scan_env2025_seed0-499_48352cd1,42,40,2,1,1
20260912_215351_529_traffic_scan_env2025_seed0-499_48352cd1,42,40,3,0,2
20260912_215351_529_traffic_scan_env2025_seed0-499_48352cd1,42,40,3,1,1
20260912_215351_529_traffic_scan_env2025_seed0-499_48352cd1,42,40,4,2,1
20260912_215351_529_traffic_scan_env2025_seed0-499_48352cd1,42,40,5,0,3
20260912_215351_529_traffic_scan_env2025_seed0-499_48352cd1,42,40,5,1,1
20260912_215351_529_traffic_scan_env2025_seed0-499_48352cd1,42,40,6,0,2
20260912_215351_529_traffic_scan_env2025_seed0-499_48352cd1,42,40,8,0,1
20260912_215351_529_traffic_scan_env2025_seed0-499_48352cd1,42,40,9,0,1
20260912_215351_529_traffic_scan_env2025_seed0-499_48352cd1,42,40,9,1,1
20260912_215351_529_traffic_scan_env2025_seed0-499_48352cd1,42,40,10,1,2
20260912_215351_529_traffic_scan_env2025_seed0-499_48352cd1,42,40,11,1,2
20260912_215351_529_traffic_scan_env2025_seed0-499_48352cd1,42,40,12,0,2
20260912_215351_529_traffic_scan_env2025_seed0-499_48352cd1,42,40,12,1,2
20260912_215351_529_traffic_scan_env2025_seed0-499_48352cd1,42,40,13,1,5
20260912_215351_529_traffic_scan_env2025_seed0-499_48352cd1,42,40,14,2,1
20260912_215351_529_traffic_scan_env2025_seed0-499_48352cd1,42,40,15,1,3
20260912_215351_529_traffic_scan_env2025_seed0-499_48352cd1,42,40,16,1,1
20260912_215351_529_traffic_scan_env2025_seed0-499_48352cd1,42,40,17,1,3
20260912_215351_529_traffic_scan_env2025_seed0-499_48352cd1,42,40,18,1,1
20260912_215351_529_traffic_scan_env2025_seed0-499_48352cd1,42,40,19,1,1
20260912_215351_529_traffic_scan_env2025_seed0-499_48352cd1,42,40,20,1,1
20260912_215351_529_traffic_scan_env2025_seed0-499_48352cd1,42,40,21,0,3
20260912_215351_529_traffic_scan_env2025_seed0-499_48352cd1,42,40,21,1,2
20260912_215351_529_traffic_scan_env2025_seed0-499_48352cd1,42,40,22,0,5
20260912_215351_529_traffic_scan_env2025_seed0-499_48352cd1,42,40,22,1,2
20260912_215351_529_traffic_scan_env2025_seed0-499_48352cd1,42,40,23,1,2
20260912_215351_529_traffic_scan_env2025_seed0-499_48352cd1,42,40,24,1,2
20260912_215351_529_traffic_scan_env2025_seed0-499_48352cd1,42,40,25,0,1
20260912_215351_529_traffic_scan_env2025_seed0-499_48352cd1,42,40,25,1,1
20260912_215351_529_traffic_scan_env2025_seed0-499_48352cd1,42,40,26,0,2
20260912_215351_529_traffic_scan_env2025_seed0-499_48352cd1,42,40,26,1,1
20260912_215351_529_traffic_scan_env2025_seed0-499_48352cd1,42,40,27,0,1
20260912_215351_529_traffic_scan_env2025_seed0-499_48352cd1,42,40,28,0,1
20260912_215351_529_traffic_scan_env2025_seed0-499_48352cd1,42,40,28,1,2
20260912_215351_529_traffic_scan_env2025_seed0-499_48352cd1,42,40,29,0,1
20260912_215351_529_traffic_scan_env2025_seed0-499_48352cd1,42,40,30,0,1
20260912_215351_529_traffic_scan_env2025_seed0-499_48352cd1,42,40,30,1,1
20260912_215351_529_traffic_scan_env2025_seed0-499_48352cd1,42,40,31,0,4
20260912_215351_529_traffic_scan_env2025_seed0-499_48352cd1,42,40,32,0,3
20260912_215351_529_traffic_scan_env2025_seed0-499_48352cd1,42,40,34,0,1
20260912_215351_529_traffic_scan_env2025_seed0-499_48352cd1,42,40,35,0,3
20260912_215351_529_traffic_scan_env2025_seed0-499_48352cd1,42,40,35,1,2
20260912_215351_529_traffic_scan_env2025_seed0-499_48352cd1,42,40,36,0,7
20260912_215351_529_traffic_scan_env2025_seed0-499_48352cd1,42,40,37,0,1
20260912_215351_529_traffic_scan_env2025_seed0-499_48352cd1,42,40,38,0,1
20260912_215351_529_traffic_scan_env2025_seed0-499_48352cd1,42,40,39,0,4
20260912_215351_529_traffic_scan_env2025_seed0-499_48352cd1,42,40,40,0,1
20260912_215351_529_traffic_scan_env2025_seed0-499_48352cd1,42,40,41,0,3
20260912_215351_529_traffic_scan_env2025_seed0-499_48352cd1,42,40,42,0,6
20260912_215351_529_traffic_scan_env2025_seed0-499_48352cd1,42,40,43,0,1
20260912_215351_529_traffic_scan_env2025_seed0-499_48352cd1,42,40,44,0,1
20260912_215351_529_traffic_scan_env2025_seed0-499_48352cd1,42,40,44,1,2
20260912_215351_529_traffic_scan_env2025_seed0-499_48352cd1,42,40,46,0,5
20260912_215351_529_traffic_scan_env2025_seed0-499_48352cd1,42,40,46,1,1
20260912_215351_529_traffic_scan_env2025_seed0-499_48352cd1,42,40,47,1,2
20260912_215351_529_traffic_scan_env2025_seed0-499_48352cd1,42,40,49,0,2
20260912_215351_529_traffic_scan_env2025_seed0-499_48352cd1,42,40,49,1,1
20260912_215351_529_traffic_scan_env2025_seed0-499_48352cd1,42,40,50,0,1
20260912_215351_529_traffic_scan_env2025_seed0-499_48352cd1,42,40,51,0,2
20260912_215351_529_traffic_scan_env2025_seed0-499_48352cd1,42,40,52,0,3
20260912_215351_529_traffic_scan_env2025_seed0-499_48352cd1,42,40,52,1,1
20260912_215351_529_traffic_scan_env2025_seed0-499_48352cd1,42,40,53,0,2
20260912_215351_529_traffic_scan_env2025_seed0-499_48352cd1,42,40,53,1,1
20260912_215351_529_traffic_scan_env2025_seed0-499_48352cd1,42,40,54,0,3
20260912_215351_529_traffic_scan_env2025_seed0-499_48352cd1,42,40,55,0,2
20260912_215351_529_traffic_scan_env2025_seed0-499_48352cd1,42,40,56,0,1
20260912_215351_529_traffic_scan_env2025_seed0-499_48352cd1,42,40,57,0,3
20260912_215351_529_traffic_scan_env2025_seed0-499_48352cd1,42,40,58,0,1
20260912_215351_529_traffic_scan_env2025_seed0-499_48352cd1,42,40,59,0,5
20260912_215351_529_traffic_scan_env2025_seed0-499_48352cd1,42,41,1,0,2
20260912_215351_529_traffic_scan_env2025_seed0-499_48352cd1,42,41,2,0,1
20260912_215351_529_traffic_scan_env2025_seed0-499_48352cd1,42,41,3,1,2
20260912_215351_529_traffic_scan_env2025_seed0-499_48352cd1,42,41,4,0,1
20260912_215351_529_traffic_scan_env2025_seed0-499_48352cd1,42,41,5,1,2
20260912_215351_529_traffic_scan_env2025_seed0-499_48352cd1,42,41,6,0,1
20260912_215351_529_traffic_scan_env2025_seed0-499_48352cd1,42,41,7,0,1
20260912_215351_529_traffic_scan_env2025_seed0-499_48352cd1,42,41,11,0,1
20260912_215351_529_traffic_scan_env2025_seed0-499_48352cd1,42,41,14,0,1
20260912_215351_529_traffic_scan_env2025_seed0-499_48352cd1,42,41,14,1,3
20260912_215351_529_traffic_scan_env2025_seed0-499_48352cd1,42,41,15,1,2
20260912_215351_529_traffic_scan_env2025_seed0-499_48352cd1,42,41,16,0,1
20260912_215351_529_traffic_scan_env2025_seed0-499_48352cd1,42,41,16,1,3
20260912_215351_529_traffic_scan_env2025_seed0-499_48352cd1,42,41,17,0,1
20260912_215351_529_traffic_scan_env2025_seed0-499_48352cd1,42,41,17,1,1
20260912_215351_529_traffic_scan_env2025_seed0-499_48352cd1,42,41,18,0,2
20260912_215351_529_traffic_scan_env2025_seed0-499_48352cd1,42,41,18,1,1
20260912_215351_529_traffic_scan_env2025_seed0-499_48352cd1,42,41,19,0,1
20260912_215351_529_traffic_scan_env2025_seed0-499_48352cd1,42,41,19,1,1
20260912_215351_529_traffic_scan_env2025_seed0-499_48352cd1,42,41,20,0,5
20260912_215351_529_traffic_scan_env2025_seed0-499_48352cd1,42,41,20,1,1
20260912_215351_529_traffic_scan_env2025_seed0-499_48352cd1,42,41,21,0,3
20260912_215351_529_traffic_scan_env2025_seed0-499_48352cd1,42,41,21,1,2
20260912_215351_529_traffic_scan_env2025_seed0-499_48352cd1,42,41,22,0,3
20260912_215351_529_traffic_scan_env2025_seed0-499_48352cd1,42,41,22,1,1
20260912_215351_529_traffic_scan_env2025_seed0-499_48352cd1,42,41,23,0,2
20260912_215351_529_traffic_scan_env2025_seed0-499_48352cd1,42,41,23,1,2
20260912_215351_529_traffic_scan_env2025_seed0-499_48352cd1,42,41,24,0,1
20260912_215351_529_traffic_scan_env2025_seed0-499_48352cd1,42,41,24,1,1
20260912_215351_529_traffic_scan_env2025_seed0-499_48352cd1,42,41,25,0,3
20260912_215351_529_traffic_scan_env2025_seed0-499_48352cd1,42,41,25,1,2
20260912_215351_529_traffic_scan_env2025_seed0-499_48352cd1,42,41,26,0,1
20260912_215351_529_traffic_scan_env2025_seed0-499_48352cd1,42,41,26,1,1
20260912_215351_529_traffic_scan_env2025_seed0-499_48352cd1,42,41,27,0,1
20260912_215351_529_traffic_scan_env2025_seed0-499_48352cd1,42,41,27,1,3
20260912_215351_529_traffic_scan_env2025_seed0-499_48352cd1,42,41,28,0,1
20260912_215351_529_traffic_scan_env2025_seed0-499_48352cd1,42,41,28,1,2
20260912_215351_529_traffic_scan_env2025_seed0-499_48352cd1,42,41,29,0,1
20260912_215351_529_traffic_scan_env2025_seed0-499_48352cd1,42,41,29,1,1
20260912_215351_529_traffic_scan_env2025_seed0-499_48352cd1,42,41,30,0,1
20260912_215351_529_traffic_scan_env2025_seed0-499_48352cd1,42,41,30,1,2
20260912_215351_529_traffic_scan_env2025_seed0-499_48352cd1,42,41,31,0,1
20260912_215351_529_traffic_scan_env2025_seed0-499_48352cd1,42,41,31,1,1
20260912_215351_529_traffic_scan_env2025_seed0-499_48352cd1,42,41,32,0,2
20260912_215351_529_traffic_scan_env2025_seed0-499_48352cd1,42,41,32,1,1
20260912_215351_529_traffic_scan_env2025_seed0-499_48352cd1,42,41,33,0,3
20260912_215351_529_traffic_scan_env2025_seed0-499_48352cd1,42,41,33,1,1
20260912_215351_529_traffic_scan_env2025_seed0-499_48352cd1,42,41,34,0,1
20260912_215351_529_traffic_scan_env2025_seed0-499_48352cd1,42,41,34,1,3
20260912_215351_529_traffic_scan_env2025_seed0-499_48352cd1,42,41,35,0,3
20260912_215351_529_traffic_scan_env2025_seed0-499_48352cd1,42,41,35,1,1
20260912_215351_529_traffic_scan_env2025_seed0-499_48352cd1,42,41,36,0,1
20260912_215351_529_traffic_scan_env2025_seed0-499_48352cd1,42,41,36,1,1
20260912_215351_529_traffic_scan_env2025_seed0-499_48352cd1,42,41,37,0,7
20260912_215351_529_traffic_scan_env2025_seed0-499_48352cd1,42,41,37,1,1
20260912_215351_529_traffic_scan_env2025_seed0-499_48352cd1,42,41,38,0,1
20260912_215351_529_traffic_scan_env2025_seed0-499_48352cd1,42,41,38,1,1
20260912_215351_529_traffic_scan_env2025_seed0-499_48352cd1,42,41,39,0,1
20260912_215351_529_traffic_scan_env2025_seed0-499_48352cd1,42,41,39,1,1
20260912_215351_529_traffic_scan_env2025_seed0-499_48352cd1,42,41,40,0,4
20260912_215351_529_traffic_scan_env2025_seed0-499_48352cd1,42,41,40,1,1
20260912_215351_529_traffic_scan_env2025_seed0-499_48352cd1,42,41,41,0,2
20260912_215351_529_traffic_scan_env2025_seed0-499_48352cd1,42,41,41,1,1
20260912_215351_529_traffic_scan_env2025_seed0-499_48352cd1,42,41,42,0,3
20260912_215351_529_traffic_scan_env2025_seed0-499_48352cd1,42,41,42,1,1
20260912_215351_529_traffic_scan_env2025_seed0-499_48352cd1,42,41,43,0,7
20260912_215351_529_traffic_scan_env2025_seed0-499_48352cd1,42,41,43,1,1
20260912_215351_529_traffic_scan_env2025_seed0-499_48352cd1,42,41,44,0,2
20260912_215351_529_traffic_scan_env2025_seed0-499_48352cd1,42,41,44,1,2
20260912_215351_529_traffic_scan_env2025_seed0-499_48352cd1,42,41,45,0,2
20260912_215351_529_traffic_scan_env2025_seed0-499_48352cd1,42,41,45,1,1
20260912_215351_529_traffic_scan_env2025_seed0-499_48352cd1,42,41,46,0,2
20260912_215351_529_traffic_scan_env2025_seed0-499_48352cd1,42,41,46,1,1
20260912_215351_529_traffic_scan_env2025_seed0-499_48352cd1,42,41,47,0,4
20260912_215351_529_traffic_scan_env2025_seed0-499_48352cd1,42,41,49,0,2
20260912_215351_529_traffic_scan_env2025_seed0-499_48352cd1,42,41,49,1,1
20260912_215351_529_traffic_scan_env2025_seed0-499_48352cd1,42,41,52,1,1
20260912_215351_529_traffic_scan_env2025_seed0-499_48352cd1,42,41,53,0,1
20260912_215351_529_traffic_scan_env2025_seed0-499_48352cd1,42,41,53,1,1
20260912_215351_529_traffic_scan_env2025_seed0-499_48352cd1,42,41,56,0,2
20260912_215351_529_traffic_scan_env2025_seed0-499_48352cd1,42,41,57,0,1
20260912_215351_529_traffic_scan_env2025_seed0-499_48352cd1,42,41,59,0,3
20260912_215351_529_traffic_scan_env2025_seed0-499_48352cd1,42,42,1,0,3
20260912_215351_529_traffic_scan_env2025_seed0-499_48352cd1,42,42,3,1,1
20260912_215351_529_traffic_scan_env2025_seed0-499_48352cd1,42,42,4,1,1
20260912_215351_529_traffic_scan_env2025_seed0-499_48352cd1,42,42,5,1,1
20260912_215351_529_traffic_scan_env2025_seed0-499_48352cd1,42,42,6,1,1
20260912_215351_529_traffic_scan_env2025_seed0-499_48352cd1,42,42,7,0,1
20260912_215351_529_traffic_scan_env2025_seed0-499_48352cd1,42,42,8,0,1
20260912_215351_529_traffic_scan_env2025_seed0-499_48352cd1,42,42,9,0,1
20260912_215351_529_traffic_scan_env2025_seed0-499_48352cd1,42,42,10,0,1
20260912_215351_529_traffic_scan_env2025_seed0-499_48352cd1,42,42,14,0,1
20260912_215351_529_traffic_scan_env2025_seed0-499_48352cd1,42,42,15,0,1
20260912_215351_529_traffic_scan_env2025_seed0-499_48352cd1,42,42,15,1,4
20260912_215351_529_traffic_scan_env2025_seed0-499_48352cd1,42,42,16,2,2
20260912_215351_529_traffic_scan_env2025_seed0-499_48352cd1,42,42,17,1,2
20260912_215351_529_traffic_scan_env2025_seed0-499_48352cd1,42,42,18,0,1
20260912_215351_529_traffic_scan_env2025_seed0-499_48352cd1,42,42,18,1,1
20260912_215351_529_traffic_scan_env2025_seed0-499_48352cd1,42,42,19,0,4
20260912_215351_529_traffic_scan_env2025_seed0-499_48352cd1,42,42,19,1,1
20260912_215351_529_traffic_scan_env2025_seed0-499_48352cd1,42,42,20,0,2
20260912_215351_529_traffic_scan_env2025_seed0-499_48352cd1,42,42,20,1,2
20260912_215351_529_traffic_scan_env2025_seed0-499_48352cd1,42,42,21,1,1
20260912_215351_529_traffic_scan_env2025_seed0-499_48352cd1,42,42,22,0,2
20260912_215351_529_traffic_scan_env2025_seed0-499_48352cd1,42,42,22,1,1
20260912_215351_529_traffic_scan_env2025_seed0-499_48352cd1,42,42,23,1,2
20260912_215351_529_traffic_scan_env2025_seed0-499_48352cd1,42,42,24,0,2
20260912_215351_529_traffic_scan_env2025_seed0-499_48352cd1,42,42,24,1,1
20260912_215351_529_traffic_scan_env2025_seed0-499_48352cd1,42,42,25,1,2
20260912_215351_529_traffic_scan_env2025_seed0-499_48352cd1,42,42,26,0,1
20260912_215351_529_traffic_scan_env2025_seed0-499_48352cd1,42,42,26,1,2
20260912_215351_529_traffic_scan_env2025_seed0-499_48352cd1,42,42,27,1,1
20260912_215351_529_traffic_scan_env2025_seed0-499_48352cd1,42,42,28,1,3
20260912_215351_529_traffic_scan_env2025_seed0-499_48352cd1,42,42,29,1,1
20260912_215351_529_traffic_scan_env2025_seed0-499_48352cd1,42,42,30,1,2
20260912_215351_529_traffic_scan_env2025_seed0-499_48352cd1,42,42,31,1,1
20260912_215351_529_traffic_scan_env2025_seed0-499_48352cd1,42,42,32,1,1
20260912_215351_529_traffic_scan_env2025_seed0-499_48352cd1,42,42,33,1,4
20260912_215351_529_traffic_scan_env2025_seed0-499_48352cd1,42,42,34,0,2
20260912_215351_529_traffic_scan_env2025_seed0-499_48352cd1,42,42,34,1,1
20260912_215351_529_traffic_scan_env2025_seed0-499_48352cd1,42,42,35,0,2
20260912_215351_529_traffic_scan_env2025_seed0-499_48352cd1,42,42,35,1,1
20260912_215351_529_traffic_scan_env2025_seed0-499_48352cd1,42,42,36,1,1
20260912_215351_529_traffic_scan_env2025_seed0-499_48352cd1,42,42,37,1,1
20260912_215351_529_traffic_scan_env2025_seed0-499_48352cd1,42,42,38,0,6
20260912_215351_529_traffic_scan_env2025_seed0-499_48352cd1,42,42,38,1,1
20260912_215351_529_traffic_scan_env2025_seed0-499_48352cd1,42,42,39,1,1
20260912_215351_529_traffic_scan_env2025_seed0-499_48352cd1,42,42,40,1,1
20260912_215351_529_traffic_scan_env2025_seed0-499_48352cd1,42,42,41,0,4
20260912_215351_529_traffic_scan_env2025_seed0-499_48352cd1,42,42,41,1,1
20260912_215351_529_traffic_scan_env2025_seed0-499_48352cd1,42,42,42,0,1
20260912_215351_529_traffic_scan_env2025_seed0-499_48352cd1,42,42,42,1,1
20260912_215351_529_traffic_scan_env2025_seed0-499_48352cd1,42,42,43,0,1
20260912_215351_529_traffic_scan_env2025_seed0-499_48352cd1,42,42,43,1,2
20260912_215351_529_traffic_scan_env2025_seed0-499_48352cd1,42,42,44,0,6
20260912_215351_529_traffic_scan_env2025_seed0-499_48352cd1,42,42,44,1,1
20260912_215351_529_traffic_scan_env2025_seed0-499_48352cd1,42,42,45,1,2
20260912_215351_529_traffic_scan_env2025_seed0-499_48352cd1,42,42,46,0,1
20260912_215351_529_traffic_scan_env2025_seed0-499_48352cd1,42,42,46,1,1
20260912_215351_529_traffic_scan_env2025_seed0-499_48352cd1,42,42,47,0,1
20260912_215351_529_traffic_scan_env2025_seed0-499_48352cd1,42,42,47,1,1
20260912_215351_529_traffic_scan_env2025_seed0-499_48352cd1,42,42,48,0,3
20260912_215351_529_traffic_scan_env2025_seed0-499_48352cd1,42,42,48,1,1
20260912_215351_529_traffic_scan_env2025_seed0-499_48352cd1,42,42,49,0,1
20260912_215351_529_traffic_scan_env2025_seed0-499_48352cd1,42,42,49,1,2
20260912_215351_529_traffic_scan_env2025_seed0-499_48352cd1,42,42,50,0,1
20260912_215351_529_traffic_scan_env2025_seed0-499_48352cd1,42,42,52,0,1
20260912_215351_529_traffic_scan_env2025_seed0-499_48352cd1,42,42,52,1,1
20260912_215351_529_traffic_scan_env2025_seed0-499_48352cd1,42,42,53,1,1
20260912_215351_529_traffic_scan_env2025_seed0-499_48352cd1,42,42,55,0,1
20260912_215351_529_traffic_scan_env2025_seed0-499_48352cd1,42,42,56,0,1
20260912_215351_529_traffic_scan_env2025_seed0-499_48352cd1,42,42,57,0,2
20260912_215351_529_traffic_scan_env2025_seed0-499_48352cd1,42,42,59,0,3
20260912_215351_529_traffic_scan_env2025_seed0-499_48352cd1,42,43,0,0,1
20260912_215351_529_traffic_scan_env2025_seed0-499_48352cd1,42,43,1,0,1
20260912_215351_529_traffic_scan_env2025_seed0-499_48352cd1,42,43,4,1,1
20260912_215351_529_traffic_scan_env2025_seed0-499_48352cd1,42,43,5,1,2
20260912_215351_529_traffic_scan_env2025_seed0-499_48352cd1,42,43,7,1,1
20260912_215351_529_traffic_scan_env2025_seed0-499_48352cd1,42,43,8,0,1
20260912_215351_529_traffic_scan_env2025_seed0-499_48352cd1,42,43,14,0,2
20260912_215351_529_traffic_scan_env2025_seed0-499_48352cd1,42,43,14,1,2
20260912_215351_529_traffic_scan_env2025_seed0-499_48352cd1,42,43,17,1,1
20260912_215351_529_traffic_scan_env2025_seed0-499_48352cd1,42,43,18,0,5
20260912_215351_529_traffic_scan_env2025_seed0-499_48352cd1,42,43,18,1,1
20260912_215351_529_traffic_scan_env2025_seed0-499_48352cd1,42,43,19,0,2
20260912_215351_529_traffic_scan_env2025_seed0-499_48352cd1,42,43,19,1,1
20260912_215351_529_traffic_scan_env2025_seed0-499_48352cd1,42,43,22,0,2
20260912_215351_529_traffic_scan_env2025_seed0-499_48352cd1,42,43,23,0,1
20260912_215351_529_traffic_scan_env2025_seed0-499_48352cd1,42,43,23,1,1
20260912_215351_529_traffic_scan_env2025_seed0-499_48352cd1,42,43,25,0,1
20260912_215351_529_traffic_scan_env2025_seed0-499_48352cd1,42,43,25,1,2
20260912_215351_529_traffic_scan_env2025_seed0-499_48352cd1,42,43,27,0,1
20260912_215351_529_traffic_scan_env2025_seed0-499_48352cd1,42,43,28,1,1
20260912_215351_529_traffic_scan_env2025_seed0-499_48352cd1,42,43,29,1,1
20260912_215351_529_traffic_scan_env2025_seed0-499_48352cd1,42,43,30,1,1
20260912_215351_529_traffic_scan_env2025_seed0-499_48352cd1,42,43,32,0,2
20260912_215351_529_traffic_scan_env2025_seed0-499_48352cd1,42,43,34,1,1
20260912_215351_529_traffic_scan_env2025_seed0-499_48352cd1,42,43,35,0,4
20260912_215351_529_traffic_scan_env2025_seed0-499_48352cd1,42,43,39,0,6
20260912_215351_529_traffic_scan_env2025_seed0-499_48352cd1,42,43,41,0,1
20260912_215351_529_traffic_scan_env2025_seed0-499_48352cd1,42,43,42,0,4
20260912_215351_529_traffic_scan_env2025_seed0-499_48352cd1,42,43,42,1,1
20260912_215351_529_traffic_scan_env2025_seed0-499_48352cd1,42,43,44,0,1
20260912_215351_529_traffic_scan_env2025_seed0-499_48352cd1,42,43,44,1,1
20260912_215351_529_traffic_scan_env2025_seed0-499_48352cd1,42,43,45,0,6
20260912_215351_529_traffic_scan_env2025_seed0-499_48352cd1,42,43,47,0,1
20260912_215351_529_traffic_scan_env2025_seed0-499_48352cd1,42,43,48,0,1
20260912_215351_529_traffic_scan_env2025_seed0-499_48352cd1,42,43,49,0,1
20260912_215351_529_traffic_scan_env2025_seed0-499_48352cd1,42,43,49,1,1
20260912_215351_529_traffic_scan_env2025_seed0-499_48352cd1,42,43,50,0,2
20260912_215351_529_traffic_scan_env2025_seed0-499_48352cd1,42,43,51,0,3
20260912_215351_529_traffic_scan_env2025_seed0-499_48352cd1,42,43,52,0,1
20260912_215351_529_traffic_scan_env2025_seed0-499_48352cd1,42,43,52,1,1
20260912_215351_529_traffic_scan_env2025_seed0-499_48352cd1,42,43,53,0,1
20260912_215351_529_traffic_scan_env2025_seed0-499_48352cd1,42,43,53,1,1
20260912_215351_529_traffic_scan_env2025_seed0-499_48352cd1,42,43,54,0,2
20260912_215351_529_traffic_scan_env2025_seed0-499_48352cd1,42,43,55,0,1
20260912_215351_529_traffic_scan_env2025_seed0-499_48352cd1,42,43,57,0,2
20260912_215351_529_traffic_scan_env2025_seed0-499_48352cd1,42,43,58,0,1
20260912_215351_529_traffic_scan_env2025_seed0-499_48352cd1,42,43,59,0,3
20260912_215351_529_traffic_scan_env2025_seed0-499_48352cd1,42,44,1,0,1
20260912_215351_529_traffic_scan_env2025_seed0-499_48352cd1,42,44,4,1,1
20260912_215351_529_traffic_scan_env2025_seed0-499_48352cd1,42,44,5,0,1
20260912_215351_529_traffic_scan_env2025_seed0-499_48352cd1,42,44,6,0,1
20260912_215351_529_traffic_scan_env2025_seed0-499_48352cd1,42,44,8,1,1
20260912_215351_529_traffic_scan_env2025_seed0-499_48352cd1,42,44,9,0,1
20260912_215351_529_traffic_scan_env2025_seed0-499_48352cd1,42,44,10,0,1
20260912_215351_529_traffic_scan_env2025_seed0-499_48352cd1,42,44,13,0,2
20260912_215351_529_traffic_scan_env2025_seed0-499_48352cd1,42,44,13,1,1
20260912_215351_529_traffic_scan_env2025_seed0-499_48352cd1,42,44,14,1,1
20260912_215351_529_traffic_scan_env2025_seed0-499_48352cd1,42,44,17,0,4
20260912_215351_529_traffic_scan_env2025_seed0-499_48352cd1,42,44,18,0,3
20260912_215351_529_traffic_scan_env2025_seed0-499_48352cd1,42,44,18,1,2
20260912_215351_529_traffic_scan_env2025_seed0-499_48352cd1,42,44,19,1,1
20260912_215351_529_traffic_scan_env2025_seed0-499_48352cd1,42,44,22,0,3
20260912_215351_529_traffic_scan_env2025_seed0-499_48352cd1,42,44,23,2,2
20260912_215351_529_traffic_scan_env2025_seed0-499_48352cd1,42,44,24,2,1
20260912_215351_529_traffic_scan_env2025_seed0-499_48352cd1,42,44,25,1,1
20260912_215351_529_traffic_scan_env2025_seed0-499_48352cd1,42,44,26,0,1
20260912_215351_529_traffic_scan_env2025_seed0-499_48352cd1,42,44,28,0,1
20260912_215351_529_traffic_scan_env2025_seed0-499_48352cd1,42,44,28,1,1
20260912_215351_529_traffic_scan_env2025_seed0-499_48352cd1,42,44,30,1,2
20260912_215351_529_traffic_scan_env2025_seed0-499_48352cd1,42,44,31,0,2
20260912_215351_529_traffic_scan_env2025_seed0-499_48352cd1,42,44,32,1,1
20260912_215351_529_traffic_scan_env2025_seed0-499_48352cd1,42,44,33,1,1
20260912_215351_529_traffic_scan_env2025_seed0-499_48352cd1,42,44,35,0,1
20260912_215351_529_traffic_scan_env2025_seed0-499_48352cd1,42,44,35,1,1
20260912_215351_529_traffic_scan_env2025_seed0-499_48352cd1,42,44,36,0,2
20260912_215351_529_traffic_scan_env2025_seed0-499_48352cd1,42,44,40,0,6
20260912_215351_529_traffic_scan_env2025_seed0-499_48352cd1,42,44,41,0,1
20260912_215351_529_traffic_scan_env2025_seed0-499_48352cd1,42,44,41,1,1
20260912_215351_529_traffic_scan_env2025_seed0-499_48352cd1,42,44,42,0,1
20260912_215351_529_traffic_scan_env2025_seed0-499_48352cd1,42,44,43,0,3
20260912_215351_529_traffic_scan_env2025_seed0-499_48352cd1,42,44,43,1,1
20260912_215351_529_traffic_scan_env2025_seed0-499_48352cd1,42,44,45,0,1
20260912_215351_529_traffic_scan_env2025_seed0-499_48352cd1,42,44,46,0,6
20260912_215351_529_traffic_scan_env2025_seed0-499_48352cd1,42,44,47,0,1
20260912_215351_529_traffic_scan_env2025_seed0-499_48352cd1,42,44,49,0,1
20260912_215351_529_traffic_scan_env2025_seed0-499_48352cd1,42,44,49,1,1
20260912_215351_529_traffic_scan_env2025_seed0-499_48352cd1,42,44,50,0,2
20260912_215351_529_traffic_scan_env2025_seed0-499_48352cd1,42,44,51,0,1
20260912_215351_529_traffic_scan_env2025_seed0-499_48352cd1,42,44,52,0,1
20260912_215351_529_traffic_scan_env2025_seed0-499_48352cd1,42,44,52,1,1
20260912_215351_529_traffic_scan_env2025_seed0-499_48352cd1,42,44,53,0,1
20260912_215351_529_traffic_scan_env2025_seed0-499_48352cd1,42,44,53,1,1
20260912_215351_529_traffic_scan_env2025_seed0-499_48352cd1,42,44,57,0,1
20260912_215351_529_traffic_scan_env2025_seed0-499_48352cd1,42,44,59,0,3
20260912_215351_529_traffic_scan_env2025_seed0-499_48352cd1,42,45,1,0,1
20260912_215351_529_traffic_scan_env2025_seed0-499_48352cd1,42,45,3,1,1
20260912_215351_529_traffic_scan_env2025_seed0-499_48352cd1,42,45,5,0,1
20260912_215351_529_traffic_scan_env2025_seed0-499_48352cd1,42,45,7,0,1
20260912_215351_529_traffic_scan_env2025_seed0-499_48352cd1,42,45,9,0,1
20260912_215351_529_traffic_scan_env2025_seed0-499_48352cd1,42,45,9,1,1
20260912_215351_529_traffic_scan_env2025_seed0-499_48352cd1,42,45,10,0,1
20260912_215351_529_traffic_scan_env2025_seed0-499_48352cd1,42,45,11,0,1
20260912_215351_529_traffic_scan_env2025_seed0-499_48352cd1,42,45,12,0,2
20260912_215351_529_traffic_scan_env2025_seed0-499_48352cd1,42,45,12,1,1
20260912_215351_529_traffic_scan_env2025_seed0-499_48352cd1,42,45,14,0,1
20260912_215351_529_traffic_scan_env2025_seed0-499_48352cd1,42,45,14,1,1
20260912_215351_529_traffic_scan_env2025_seed0-499_48352cd1,42,45,15,0,3
20260912_215351_529_traffic_scan_env2025_seed0-499_48352cd1,42,45,16,0,4
20260912_215351_529_traffic_scan_env2025_seed0-499_48352cd1,42,45,17,0,3
20260912_215351_529_traffic_scan_env2025_seed0-499_48352cd1,42,45,17,1,1
20260912_215351_529_traffic_scan_env2025_seed0-499_48352cd1,42,45,18,0,2
20260912_215351_529_traffic_scan_env2025_seed0-499_48352cd1,42,45,19,0,1
20260912_215351_529_traffic_scan_env2025_seed0-499_48352cd1,42,45,19,1,1
20260912_215351_529_traffic_scan_env2025_seed0-499_48352cd1,42,45,20,0,1
20260912_215351_529_traffic_scan_env2025_seed0-499_48352cd1,42,45,20,1,1
20260912_215351_529_traffic_scan_env2025_seed0-499_48352cd1,42,45,21,0,3
20260912_215351_529_traffic_scan_env2025_seed0-499_48352cd1,42,45,21,1,2
20260912_215351_529_traffic_scan_env2025_seed0-499_48352cd1,42,45,22,0,1
20260912_215351_529_traffic_scan_env2025_seed0-499_48352cd1,42,45,22,1,3
20260912_215351_529_traffic_scan_env2025_seed0-499_48352cd1,42,45,23,2,1
20260912_215351_529_traffic_scan_env2025_seed0-499_48352cd1,42,45,25,1,1
20260912_215351_529_traffic_scan_env2025_seed0-499_48352cd1,42,45,27,0,1
20260912_215351_529_traffic_scan_env2025_seed0-499_48352cd1,42,45,28,1,1
20260912_215351_529_traffic_scan_env2025_seed0-499_48352cd1,42,45,29,0,1
20260912_215351_529_traffic_scan_env2025_seed0-499_48352cd1,42,45,30,0,2
20260912_215351_529_traffic_scan_env2025_seed0-499_48352cd1,42,45,30,1,1
20260912_215351_529_traffic_scan_env2025_seed0-499_48352cd1,42,45,31,1,1
20260912_215351_529_traffic_scan_env2025_seed0-499_48352cd1,42,45,34,1,1
20260912_215351_529_traffic_scan_env2025_seed0-499_48352cd1,42,45,35,0,1
20260912_215351_529_traffic_scan_env2025_seed0-499_48352cd1,42,45,36,1,1
20260912_215351_529_traffic_scan_env2025_seed0-499_48352cd1,42,45,37,0,2
20260912_215351_529_traffic_scan_env2025_seed0-499_48352cd1,42,45,40,0,6
20260912_215351_529_traffic_scan_env2025_seed0-499_48352cd1,42,45,40,1,1
20260912_215351_529_traffic_scan_env2025_seed0-499_48352cd1,42,45,41,0,1
20260912_215351_529_traffic_scan_env2025_seed0-499_48352cd1,42,45,42,0,1
20260912_215351_529_traffic_scan_env2025_seed0-499_48352cd1,42,45,42,1,1
20260912_215351_529_traffic_scan_env2025_seed0-499_48352cd1,42,45,44,0,3
20260912_215351_529_traffic_scan_env2025_seed0-499_48352cd1,42,45,46,0,1
20260912_215351_529_traffic_scan_env2025_seed0-499_48352cd1,42,45,47,0,7
20260912_215351_529_traffic_scan_env2025_seed0-499_48352cd1,42,45,49,0,3
20260912_215351_529_traffic_scan_env2025_seed0-499_48352cd1,42,45,49,1,1
20260912_215351_529_traffic_scan_env2025_seed0-499_48352cd1,42,45,52,0,3
20260912_215351_529_traffic_scan_env2025_seed0-499_48352cd1,42,45,52,1,1
20260912_215351_529_traffic_scan_env2025_seed0-499_48352cd1,42,45,53,0,1
20260912_215351_529_traffic_scan_env2025_seed0-499_48352cd1,42,45,53,1,1
20260912_215351_529_traffic_scan_env2025_seed0-499_48352cd1,42,45,57,0,1
20260912_215351_529_traffic_scan_env2025_seed0-499_48352cd1,42,45,59,0,3
20260912_215351_529_traffic_scan_env2025_seed0-499_48352cd1,42,46,1,0,1
20260912_215351_529_traffic_scan_env2025_seed0-499_48352cd1,42,46,3,1,1
20260912_215351_529_traffic_scan_env2025_seed0-499_48352cd1,42,46,5,0,1
20260912_215351_529_traffic_scan_env2025_seed0-499_48352cd1,42,46,7,0,1
20260912_215351_529_traffic_scan_env2025_seed0-499_48352cd1,42,46,8,0,1
20260912_215351_529_traffic_scan_env2025_seed0-499_48352cd1,42,46,10,1,1
20260912_215351_529_traffic_scan_env2025_seed0-499_48352cd1,42,46,11,1,2
20260912_215351_529_traffic_scan_env2025_seed0-499_48352cd1,42,46,12,0,1
20260912_215351_529_traffic_scan_env2025_seed0-499_48352cd1,42,46,14,0,2
20260912_215351_529_traffic_scan_env2025_seed0-499_48352cd1,42,46,14,1,1
20260912_215351_529_traffic_scan_env2025_seed0-499_48352cd1,42,46,15,0,1
20260912_215351_529_traffic_scan_env2025_seed0-499_48352cd1,42,46,16,0,2
20260912_215351_529_traffic_scan_env2025_seed0-499_48352cd1,42,46,16,1,1
20260912_215351_529_traffic_scan_env2025_seed0-499_48352cd1,42,46,18,0,1
20260912_215351_529_traffic_scan_env2025_seed0-499_48352cd1,42,46,20,0,2
20260912_215351_529_traffic_scan_env2025_seed0-499_48352cd1,42,46,20,1,1
20260912_215351_529_traffic_scan_env2025_seed0-499_48352cd1,42,46,23,0,1
20260912_215351_529_traffic_scan_env2025_seed0-499_48352cd1,42,46,23,1,3
20260912_215351_529_traffic_scan_env2025_seed0-499_48352cd1,42,46,25,1,1
20260912_215351_529_traffic_scan_env2025_seed0-499_48352cd1,42,46,28,0,1
20260912_215351_529_traffic_scan_env2025_seed0-499_48352cd1,42,46,28,1,1
20260912_215351_529_traffic_scan_env2025_seed0-499_48352cd1,42,46,29,0,2
20260912_215351_529_traffic_scan_env2025_seed0-499_48352cd1,42,46,30,0,1
20260912_215351_529_traffic_scan_env2025_seed0-499_48352cd1,42,46,30,1,1
20260912_215351_529_traffic_scan_env2025_seed0-499_48352cd1,42,46,34,1,1
20260912_215351_529_traffic_scan_env2025_seed0-499_48352cd1,42,46,35,0,1
20260912_215351_529_traffic_scan_env2025_seed0-499_48352cd1,42,46,35,1,2
20260912_215351_529_traffic_scan_env2025_seed0-499_48352cd1,42,46,36,1,1
20260912_215351_529_traffic_scan_env2025_seed0-499_48352cd1,42,46,37,0,1
20260912_215351_529_traffic_scan_env2025_seed0-499_48352cd1,42,46,37,1,1
20260912_215351_529_traffic_scan_env2025_seed0-499_48352cd1,42,46,38,0,3
20260912_215351_529_traffic_scan_env2025_seed0-499_48352cd1,42,46,38,1,1
20260912_215351_529_traffic_scan_env2025_seed0-499_48352cd1,42,46,39,0,3
20260912_215351_529_traffic_scan_env2025_seed0-499_48352cd1,42,46,39,1,1
20260912_215351_529_traffic_scan_env2025_seed0-499_48352cd1,42,46,40,0,9
20260912_215351_529_traffic_scan_env2025_seed0-499_48352cd1,42,46,41,0,2
20260912_215351_529_traffic_scan_env2025_seed0-499_48352cd1,42,46,41,1,1
20260912_215351_529_traffic_scan_env2025_seed0-499_48352cd1,42,46,42,0,1
20260912_215351_529_traffic_scan_env2025_seed0-499_48352cd1,42,46,43,0,2
20260912_215351_529_traffic_scan_env2025_seed0-499_48352cd1,42,46,44,0,2
20260912_215351_529_traffic_scan_env2025_seed0-499_48352cd1,42,46,45,0,3
20260912_215351_529_traffic_scan_env2025_seed0-499_48352cd1,42,46,46,0,1
20260912_215351_529_traffic_scan_env2025_seed0-499_48352cd1,42,46,47,0,3
20260912_215351_529_traffic_scan_env2025_seed0-499_48352cd1,42,46,48,0,10
20260912_215351_529_traffic_scan_env2025_seed0-499_48352cd1,42,46,49,0,4
20260912_215351_529_traffic_scan_env2025_seed0-499_48352cd1,42,46,49,1,1
20260912_215351_529_traffic_scan_env2025_seed0-499_48352cd1,42,46,50,0,4
20260912_215351_529_traffic_scan_env2025_seed0-499_48352cd1,42,46,51,0,2
20260912_215351_529_traffic_scan_env2025_seed0-499_48352cd1,42,46,53,0,3
20260912_215351_529_traffic_scan_env2025_seed0-499_48352cd1,42,46,53,1,1
20260912_215351_529_traffic_scan_env2025_seed0-499_48352cd1,42,46,54,0,2
20260912_215351_529_traffic_scan_env2025_seed0-499_48352cd1,42,46,57,0,1
20260912_215351_529_traffic_scan_env2025_seed0-499_48352cd1,42,46,59,0,3
20260912_215351_529_traffic_scan_env2025_seed0-499_48352cd1,42,47,1,0,1
20260912_215351_529_traffic_scan_env2025_seed0-499_48352cd1,42,47,3,1,1
20260912_215351_529_traffic_scan_env2025_seed0-499_48352cd1,42,47,5,0,1
20260912_215351_529_traffic_scan_env2025_seed0-499_48352cd1,42,47,7,0,1
20260912_215351_529_traffic_scan_env2025_seed0-499_48352cd1,42,47,8,0,2
20260912_215351_529_traffic_scan_env2025_seed0-499_48352cd1,42,47,9,0,1
20260912_215351_529_traffic_scan_env2025_seed0-499_48352cd1,42,47,10,0,2
20260912_215351_529_traffic_scan_env2025_seed0-499_48352cd1,42,47,11,0,1
20260912_215351_529_traffic_scan_env2025_seed0-499_48352cd1,42,47,11,1,1
20260912_215351_529_traffic_scan_env2025_seed0-499_48352cd1,42,47,12,0,2
20260912_215351_529_traffic_scan_env2025_seed0-499_48352cd1,42,47,12,1,1
20260912_215351_529_traffic_scan_env2025_seed0-499_48352cd1,42,47,13,0,4
20260912_215351_529_traffic_scan_env2025_seed0-499_48352cd1,42,47,14,0,3
20260912_215351_529_traffic_scan_env2025_seed0-499_48352cd1,42,47,14,1,1
20260912_215351_529_traffic_scan_env2025_seed0-499_48352cd1,42,47,15,0,3
20260912_215351_529_traffic_scan_env2025_seed0-499_48352cd1,42,47,15,1,1
20260912_215351_529_traffic_scan_env2025_seed0-499_48352cd1,42,47,16,0,3
20260912_215351_529_traffic_scan_env2025_seed0-499_48352cd1,42,47,17,0,1
20260912_215351_529_traffic_scan_env2025_seed0-499_48352cd1,42,47,18,0,2
20260912_215351_529_traffic_scan_env2025_seed0-499_48352cd1,42,47,19,0,1
20260912_215351_529_traffic_scan_env2025_seed0-499_48352cd1,42,47,20,0,3
20260912_215351_529_traffic_scan_env2025_seed0-499_48352cd1,42,47,23,0,2
20260912_215351_529_traffic_scan_env2025_seed0-499_48352cd1,42,47,23,1,2
20260912_215351_529_traffic_scan_env2025_seed0-499_48352cd1,42,47,24,0,1
20260912_215351_529_traffic_scan_env2025_seed0-499_48352cd1,42,47,24,1,3
20260912_215351_529_traffic_scan_env2025_seed0-499_48352cd1,42,47,25,0,1
20260912_215351_529_traffic_scan_env2025_seed0-499_48352cd1,42,47,25,1,2
20260912_215351_529_traffic_scan_env2025_seed0-499_48352cd1,42,47,26,0,1
20260912_215351_529_traffic_scan_env2025_seed0-499_48352cd1,42,47,26,1,1
20260912_215351_529_traffic_scan_env2025_seed0-499_48352cd1,42,47,27,1,2
20260912_215351_529_traffic_scan_env2025_seed0-499_48352cd1,42,47,28,0,2
20260912_215351_529_traffic_scan_env2025_seed0-499_48352cd1,42,47,28,1,3
20260912_215351_529_traffic_scan_env2025_seed0-499_48352cd1,42,47,29,0,1
20260912_215351_529_traffic_scan_env2025_seed0-499_48352cd1,42,47,29,1,2
20260912_215351_529_traffic_scan_env2025_seed0-499_48352cd1,42,47,30,1,2
20260912_215351_529_traffic_scan_env2025_seed0-499_48352cd1,42,47,31,0,2
20260912_215351_529_traffic_scan_env2025_seed0-499_48352cd1,42,47,31,1,2
20260912_215351_529_traffic_scan_env2025_seed0-499_48352cd1,42,47,32,1,2
20260912_215351_529_traffic_scan_env2025_seed0-499_48352cd1,42,47,33,1,2
20260912_215351_529_traffic_scan_env2025_seed0-499_48352cd1,42,47,34,1,1
20260912_215351_529_traffic_scan_env2025_seed0-499_48352cd1,42,47,35,0,1
20260912_215351_529_traffic_scan_env2025_seed0-499_48352cd1,42,47,35,1,1
20260912_215351_529_traffic_scan_env2025_seed0-499_48352cd1,42,47,36,1,2
20260912_215351_529_traffic_scan_env2025_seed0-499_48352cd1,42,47,37,1,5
20260912_215351_529_traffic_scan_env2025_seed0-499_48352cd1,42,47,37,2,1
20260912_215351_529_traffic_scan_env2025_seed0-499_48352cd1,42,47,38,1,3
20260912_215351_529_traffic_scan_env2025_seed0-499_48352cd1,42,47,38,2,1
20260912_215351_529_traffic_scan_env2025_seed0-499_48352cd1,42,47,39,2,4
20260912_215351_529_traffic_scan_env2025_seed0-499_48352cd1,42,47,40,2,2
20260912_215351_529_traffic_scan_env2025_seed0-499_48352cd1,42,47,41,0,9
20260912_215351_529_traffic_scan_env2025_seed0-499_48352cd1,42,47,41,1,1
20260912_215351_529_traffic_scan_env2025_seed0-499_48352cd1,42,47,42,1,1
20260912_215351_529_traffic_scan_env2025_seed0-499_48352cd1,42,47,43,0,1
20260912_215351_529_traffic_scan_env2025_seed0-499_48352cd1,42,47,43,1,1
20260912_215351_529_traffic_scan_env2025_seed0-499_48352cd1,42,47,44,1,1
20260912_215351_529_traffic_scan_env2025_seed0-499_48352cd1,42,47,45,0,1
20260912_215351_529_traffic_scan_env2025_seed0-499_48352cd1,42,47,45,1,1
20260912_215351_529_traffic_scan_env2025_seed0-499_48352cd1,42,47,46,0,1
20260912_215351_529_traffic_scan_env2025_seed0-499_48352cd1,42,47,46,1,1
20260912_215351_529_traffic_scan_env2025_seed0-499_48352cd1,42,47,47,0,1
20260912_215351_529_traffic_scan_env2025_seed0-499_48352cd1,42,47,48,0,1
20260912_215351_529_traffic_scan_env2025_seed0-499_48352cd1,42,47,49,0,4
20260912_215351_529_traffic_scan_env2025_seed0-499_48352cd1,42,47,49,1,1
20260912_215351_529_traffic_scan_env2025_seed0-499_48352cd1,42,47,50,0,2
20260912_215351_529_traffic_scan_env2025_seed0-499_48352cd1,42,47,51,0,1
20260912_215351_529_traffic_scan_env2025_seed0-499_48352cd1,42,47,53,0,1
20260912_215351_529_traffic_scan_env2025_seed0-499_48352cd1,42,47,53,1,1
20260912_215351_529_traffic_scan_env2025_seed0-499_48352cd1,42,47,55,0,1
20260912_215351_529_traffic_scan_env2025_seed0-499_48352cd1,42,47,57,0,1
20260912_215351_529_traffic_scan_env2025_seed0-499_48352cd1,42,47,59,0,2
20260912_215351_529_traffic_scan_env2025_seed0-499_48352cd1,42,48,1,0,1
20260912_215351_529_traffic_scan_env2025_seed0-499_48352cd1,42,48,3,1,1
20260912_215351_529_traffic_scan_env2025_seed0-499_48352cd1,42,48,5,0,1
20260912_215351_529_traffic_scan_env2025_seed0-499_48352cd1,42,48,6,0,1
20260912_215351_529_traffic_scan_env2025_seed0-499_48352cd1,42,48,9,0,2
20260912_215351_529_traffic_scan_env2025_seed0-499_48352cd1,42,48,12,0,4
20260912_215351_529_traffic_scan_env2025_seed0-499_48352cd1,42,48,12,1,1
20260912_215351_529_traffic_scan_env2025_seed0-499_48352cd1,42,48,13,1,1
20260912_215351_529_traffic_scan_env2025_seed0-499_48352cd1,42,48,14,0,2
20260912_215351_529_traffic_scan_env2025_seed0-499_48352cd1,42,48,14,1,3
20260912_215351_529_traffic_scan_env2025_seed0-499_48352cd1,42,48,15,1,1
20260912_215351_529_traffic_scan_env2025_seed0-499_48352cd1,42,48,16,2,1
20260912_215351_529_traffic_scan_env2025_seed0-499_48352cd1,42,48,17,0,1
20260912_215351_529_traffic_scan_env2025_seed0-499_48352cd1,42,48,17,1,1
20260912_215351_529_traffic_scan_env2025_seed0-499_48352cd1,42,48,17,2,1
20260912_215351_529_traffic_scan_env2025_seed0-499_48352cd1,42,48,18,0,1
20260912_215351_529_traffic_scan_env2025_seed0-499_48352cd1,42,48,18,1,1
20260912_215351_529_traffic_scan_env2025_seed0-499_48352cd1,42,48,18,2,1
20260912_215351_529_traffic_scan_env2025_seed0-499_48352cd1,42,48,19,0,1
20260912_215351_529_traffic_scan_env2025_seed0-499_48352cd1,42,48,19,1,1
20260912_215351_529_traffic_scan_env2025_seed0-499_48352cd1,42,48,19,2,1
20260912_215351_529_traffic_scan_env2025_seed0-499_48352cd1,42,48,20,1,1
20260912_215351_529_traffic_scan_env2025_seed0-499_48352cd1,42,48,20,2,1
20260912_215351_529_traffic_scan_env2025_seed0-499_48352cd1,42,48,21,0,2
20260912_215351_529_traffic_scan_env2025_seed0-499_48352cd1,42,48,21,1,1
20260912_215351_529_traffic_scan_env2025_seed0-499_48352cd1,42,48,21,2,1
20260912_215351_529_traffic_scan_env2025_seed0-499_48352cd1,42,48,22,0,2
20260912_215351_529_traffic_scan_env2025_seed0-499_48352cd1,42,48,22,1,1
20260912_215351_529_traffic_scan_env2025_seed0-499_48352cd1,42,48,22,2,1
20260912_215351_529_traffic_scan_env2025_seed0-499_48352cd1,42,48,23,1,1
20260912_215351_529_traffic_scan_env2025_seed0-499_48352cd1,42,48,23,2,1
20260912_215351_529_traffic_scan_env2025_seed0-499_48352cd1,42,48,24,2,1
20260912_215351_529_traffic_scan_env2025_seed0-499_48352cd1,42,48,25,1,2
20260912_215351_529_traffic_scan_env2025_seed0-499_48352cd1,42,48,25,2,1
20260912_215351_529_traffic_scan_env2025_seed0-499_48352cd1,42,48,26,0,1
20260912_215351_529_traffic_scan_env2025_seed0-499_48352cd1,42,48,26,2,1
20260912_215351_529_traffic_scan_env2025_seed0-499_48352cd1,42,48,27,0,2
20260912_215351_529_traffic_scan_env2025_seed0-499_48352cd1,42,48,27,1,1
20260912_215351_529_traffic_scan_env2025_seed0-499_48352cd1,42,48,28,1,2
20260912_215351_529_traffic_scan_env2025_seed0-499_48352cd1,42,48,29,1,1
20260912_215351_529_traffic_scan_env2025_seed0-499_48352cd1,42,48,30,0,1
20260912_215351_529_traffic_scan_env2025_seed0-499_48352cd1,42,48,30,1,1
20260912_215351_529_traffic_scan_env2025_seed0-499_48352cd1,42,48,31,0,1
20260912_215351_529_traffic_scan_env2025_seed0-499_48352cd1,42,48,31,1,1
20260912_215351_529_traffic_scan_env2025_seed0-499_48352cd1,42,48,32,0,1
20260912_215351_529_traffic_scan_env2025_seed0-499_48352cd1,42,48,32,1,1
20260912_215351_529_traffic_scan_env2025_seed0-499_48352cd1,42,48,33,1,1
20260912_215351_529_traffic_scan_env2025_seed0-499_48352cd1,42,48,34,2,1
20260912_215351_529_traffic_scan_env2025_seed0-499_48352cd1,42,48,35,0,1
20260912_215351_529_traffic_scan_env2025_seed0-499_48352cd1,42,48,35,1,1
20260912_215351_529_traffic_scan_env2025_seed0-499_48352cd1,42,48,36,0,1
20260912_215351_529_traffic_scan_env2025_seed0-499_48352cd1,42,48,36,1,3
20260912_215351_529_traffic_scan_env2025_seed0-499_48352cd1,42,48,40,2,2
20260912_215351_529_traffic_scan_env2025_seed0-499_48352cd1,42,48,41,0,6
20260912_215351_529_traffic_scan_env2025_seed0-499_48352cd1,42,48,41,1,1
20260912_215351_529_traffic_scan_env2025_seed0-499_48352cd1,42,48,42,0,2
20260912_215351_529_traffic_scan_env2025_seed0-499_48352cd1,42,48,42,1,1
20260912_215351_529_traffic_scan_env2025_seed0-499_48352cd1,42,48,43,0,1
20260912_215351_529_traffic_scan_env2025_seed0-499_48352cd1,42,48,43,1,1
20260912_215351_529_traffic_scan_env2025_seed0-499_48352cd1,42,48,44,1,1
20260912_215351_529_traffic_scan_env2025_seed0-499_48352cd1,42,48,45,1,1
20260912_215351_529_traffic_scan_env2025_seed0-499_48352cd1,42,48,46,0,2
20260912_215351_529_traffic_scan_env2025_seed0-499_48352cd1,42,48,46,1,1
20260912_215351_529_traffic_scan_env2025_seed0-499_48352cd1,42,48,47,0,1
20260912_215351_529_traffic_scan_env2025_seed0-499_48352cd1,42,48,47,1,1
20260912_215351_529_traffic_scan_env2025_seed0-499_48352cd1,42,48,48,1,1
20260912_215351_529_traffic_scan_env2025_seed0-499_48352cd1,42,48,49,0,1
20260912_215351_529_traffic_scan_env2025_seed0-499_48352cd1,42,48,49,1,2
20260912_215351_529_traffic_scan_env2025_seed0-499_48352cd1,42,48,50,0,4
20260912_215351_529_traffic_scan_env2025_seed0-499_48352cd1,42,48,50,1,1
20260912_215351_529_traffic_scan_env2025_seed0-499_48352cd1,42,48,51,0,2
20260912_215351_529_traffic_scan_env2025_seed0-499_48352cd1,42,48,51,1,1
20260912_215351_529_traffic_scan_env2025_seed0-499_48352cd1,42,48,52,0,1
20260912_215351_529_traffic_scan_env2025_seed0-499_48352cd1,42,48,53,0,1
20260912_215351_529_traffic_scan_env2025_seed0-499_48352cd1,42,48,53,1,1
20260912_215351_529_traffic_scan_env2025_seed0-499_48352cd1,42,48,56,0,1
20260912_215351_529_traffic_scan_env2025_seed0-499_48352cd1,42,48,57,0,1
20260912_215351_529_traffic_scan_env2025_seed0-499_48352cd1,42,48,59,0,1
20260912_215351_529_traffic_scan_env2025_seed0-499_48352cd1,42,49,1,0,1
20260912_215351_529_traffic_scan_env2025_seed0-499_48352cd1,42,49,3,1,1
20260912_215351_529_traffic_scan_env2025_seed0-499_48352cd1,42,49,5,0,2
20260912_215351_529_traffic_scan_env2025_seed0-499_48352cd1,42,49,8,0,1
20260912_215351_529_traffic_scan_env2025_seed0-499_48352cd1,42,49,9,0,1
20260912_215351_529_traffic_scan_env2025_seed0-499_48352cd1,42,49,11,0,3
20260912_215351_529_traffic_scan_env2025_seed0-499_48352cd1,42,49,12,0,1
20260912_215351_529_traffic_scan_env2025_seed0-499_48352cd1,42,49,13,1,3
20260912_215351_529_traffic_scan_env2025_seed0-499_48352cd1,42,49,15,0,2
20260912_215351_529_traffic_scan_env2025_seed0-499_48352cd1,42,49,16,0,1
20260912_215351_529_traffic_scan_env2025_seed0-499_48352cd1,42,49,18,0,2
20260912_215351_529_traffic_scan_env2025_seed0-499_48352cd1,42,49,20,0,1
20260912_215351_529_traffic_scan_env2025_seed0-499_48352cd1,42,49,22,0,1
20260912_215351_529_traffic_scan_env2025_seed0-499_48352cd1,42,49,23,1,1
20260912_215351_529_traffic_scan_env2025_seed0-499_48352cd1,42,49,26,0,3
20260912_215351_529_traffic_scan_env2025_seed0-499_48352cd1,42,49,26,1,2
20260912_215351_529_traffic_scan_env2025_seed0-499_48352cd1,42,49,28,1,1
20260912_215351_529_traffic_scan_env2025_seed0-499_48352cd1,42,49,31,0,2
20260912_215351_529_traffic_scan_env2025_seed0-499_48352cd1,42,49,33,0,1
20260912_215351_529_traffic_scan_env2025_seed0-499_48352cd1,42,49,35,0,1
20260912_215351_529_traffic_scan_env2025_seed0-499_48352cd1,42,49,35,1,1
20260912_215351_529_traffic_scan_env2025_seed0-499_48352cd1,42,49,36,0,1
20260912_215351_529_traffic_scan_env2025_seed0-499_48352cd1,42,49,36,1,1
20260912_215351_529_traffic_scan_env2025_seed0-499_48352cd1,42,49,41,0,5
20260912_215351_529_traffic_scan_env2025_seed0-499_48352cd1,42,49,41,1,1
20260912_215351_529_traffic_scan_env2025_seed0-499_48352cd1,42,49,42,0,1
20260912_215351_529_traffic_scan_env2025_seed0-499_48352cd1,42,49,43,0,3
20260912_215351_529_traffic_scan_env2025_seed0-499_48352cd1,42,49,45,0,1
20260912_215351_529_traffic_scan_env2025_seed0-499_48352cd1,42,49,47,0,1
20260912_215351_529_traffic_scan_env2025_seed0-499_48352cd1,42,49,48,0,1
20260912_215351_529_traffic_scan_env2025_seed0-499_48352cd1,42,49,50,0,2
20260912_215351_529_traffic_scan_env2025_seed0-499_48352cd1,42,49,51,0,4
20260912_215351_529_traffic_scan_env2025_seed0-499_48352cd1,42,49,52,0,4
20260912_215351_529_traffic_scan_env2025_seed0-499_48352cd1,42,49,53,0,4
20260912_215351_529_traffic_scan_env2025_seed0-499_48352cd1,42,49,53,1,1
20260912_215351_529_traffic_scan_env2025_seed0-499_48352cd1,42,49,54,0,1
20260912_215351_529_traffic_scan_env2025_seed0-499_48352cd1,42,49,55,0,1
20260912_215351_529_traffic_scan_env2025_seed0-499_48352cd1,42,49,56,0,1
20260912_215351_529_traffic_scan_env2025_seed0-499_48352cd1,42,49,57,0,3
20260912_215351_529_traffic_scan_env2025_seed0-499_48352cd1,42,49,58,0,1
20260912_215351_529_traffic_scan_env2025_seed0-499_48352cd1,42,49,59,0,2
20260912_215351_529_traffic_scan_env2025_seed0-499_48352cd1,42,50,1,0,1
20260912_215351_529_traffic_scan_env2025_seed0-499_48352cd1,42,50,3,0,1
20260912_215351_529_traffic_scan_env2025_seed0-499_48352cd1,42,50,3,1,1
20260912_215351_529_traffic_scan_env2025_seed0-499_48352cd1,42,50,4,0,1
20260912_215351_529_traffic_scan_env2025_seed0-499_48352cd1,42,50,5,0,1
20260912_215351_529_traffic_scan_env2025_seed0-499_48352cd1,42,50,7,0,1
20260912_215351_529_traffic_scan_env2025_seed0-499_48352cd1,42,50,10,0,4
20260912_215351_529_traffic_scan_env2025_seed0-499_48352cd1,42,50,12,0,3
20260912_215351_529_traffic_scan_env2025_seed0-499_48352cd1,42,50,14,0,2
20260912_215351_529_traffic_scan_env2025_seed0-499_48352cd1,42,50,15,0,1
20260912_215351_529_traffic_scan_env2025_seed0-499_48352cd1,42,50,16,0,1
20260912_215351_529_traffic_scan_env2025_seed0-499_48352cd1,42,50,17,0,1
20260912_215351_529_traffic_scan_env2025_seed0-499_48352cd1,42,50,19,0,1
20260912_215351_529_traffic_scan_env2025_seed0-499_48352cd1,42,50,22,0,1
20260912_215351_529_traffic_scan_env2025_seed0-499_48352cd1,42,50,23,1,1
20260912_215351_529_traffic_scan_env2025_seed0-499_48352cd1,42,50,25,0,2
20260912_215351_529_traffic_scan_env2025_seed0-499_48352cd1,42,50,26,0,1
20260912_215351_529_traffic_scan_env2025_seed0-499_48352cd1,42,50,27,1,2
20260912_215351_529_traffic_scan_env2025_seed0-499_48352cd1,42,50,28,1,1
20260912_215351_529_traffic_scan_env2025_seed0-499_48352cd1,42,50,31,0,2
20260912_215351_529_traffic_scan_env2025_seed0-499_48352cd1,42,50,34,0,2
20260912_215351_529_traffic_scan_env2025_seed0-499_48352cd1,42,50,34,1,1
20260912_215351_529_traffic_scan_env2025_seed0-499_48352cd1,42,50,35,1,1
20260912_215351_529_traffic_scan_env2025_seed0-499_48352cd1,42,50,37,0,1
20260912_215351_529_traffic_scan_env2025_seed0-499_48352cd1,42,50,41,0,1
20260912_215351_529_traffic_scan_env2025_seed0-499_48352cd1,42,50,42,0,4
20260912_215351_529_traffic_scan_env2025_seed0-499_48352cd1,42,50,42,1,1
20260912_215351_529_traffic_scan_env2025_seed0-499_48352cd1,42,50,43,0,2
20260912_215351_529_traffic_scan_env2025_seed0-499_48352cd1,42,50,43,1,1
20260912_215351_529_traffic_scan_env2025_seed0-499_48352cd1,42,50,44,0,3
20260912_215351_529_traffic_scan_env2025_seed0-499_48352cd1,42,50,44,1,1
20260912_215351_529_traffic_scan_env2025_seed0-499_48352cd1,42,50,48,0,1
20260912_215351_529_traffic_scan_env2025_seed0-499_48352cd1,42,50,49,0,1
20260912_215351_529_traffic_scan_env2025_seed0-499_48352cd1,42,50,50,0,1
20260912_215351_529_traffic_scan_env2025_seed0-499_48352cd1,42,50,51,0,2
20260912_215351_529_traffic_scan_env2025_seed0-499_48352cd1,42,50,52,0,3
20260912_215351_529_traffic_scan_env2025_seed0-499_48352cd1,42,50,53,0,2
20260912_215351_529_traffic_scan_env2025_seed0-499_48352cd1,42,50,53,1,1
20260912_215351_529_traffic_scan_env2025_seed0-499_48352cd1,42,50,54,0,1
20260912_215351_529_traffic_scan_env2025_seed0-499_48352cd1,42,50,57,0,1
20260912_215351_529_traffic_scan_env2025_seed0-499_48352cd1,42,50,58,0,1
20260912_215351_529_traffic_scan_env2025_seed0-499_48352cd1,42,50,59,0,1
20260912_215351_529_traffic_scan_env2025_seed0-499_48352cd1,42,51,1,0,1
20260912_215351_529_traffic_scan_env2025_seed0-499_48352cd1,42,51,2,0,2
20260912_215351_529_traffic_scan_env2025_seed0-499_48352cd1,42,51,5,0,1
20260912_215351_529_traffic_scan_env2025_seed0-499_48352cd1,42,51,6,0,1
20260912_215351_529_traffic_scan_env2025_seed0-499_48352cd1,42,51,9,0,3
20260912_215351_529_traffic_scan_env2025_seed0-499_48352cd1,42,51,11,0,3
20260912_215351_529_traffic_scan_env2025_seed0-499_48352cd1,42,51,12,0,1
20260912_215351_529_traffic_scan_env2025_seed0-499_48352cd1,42,51,14,0,1
20260912_215351_529_traffic_scan_env2025_seed0-499_48352cd1,42,51,15,0,1
20260912_215351_529_traffic_scan_env2025_seed0-499_48352cd1,42,51,16,0,2
20260912_215351_529_traffic_scan_env2025_seed0-499_48352cd1,42,51,18,0,1
20260912_215351_529_traffic_scan_env2025_seed0-499_48352cd1,42,51,22,0,1
20260912_215351_529_traffic_scan_env2025_seed0-499_48352cd1,42,51,24,0,3
20260912_215351_529_traffic_scan_env2025_seed0-499_48352cd1,42,51,26,0,1
20260912_215351_529_traffic_scan_env2025_seed0-499_48352cd1,42,51,28,0,1
20260912_215351_529_traffic_scan_env2025_seed0-499_48352cd1,42,51,28,1,2
20260912_215351_529_traffic_scan_env2025_seed0-499_48352cd1,42,51,29,1,1
20260912_215351_529_traffic_scan_env2025_seed0-499_48352cd1,42,51,30,1,1
20260912_215351_529_traffic_scan_env2025_seed0-499_48352cd1,42,51,31,0,1
20260912_215351_529_traffic_scan_env2025_seed0-499_48352cd1,42,51,31,1,1
20260912_215351_529_traffic_scan_env2025_seed0-499_48352cd1,42,51,32,0,1
20260912_215351_529_traffic_scan_env2025_seed0-499_48352cd1,42,51,32,1,1
20260912_215351_529_traffic_scan_env2025_seed0-499_48352cd1,42,51,33,1,2
20260912_215351_529_traffic_scan_env2025_seed0-499_48352cd1,42,51,34,0,2
20260912_215351_529_traffic_scan_env2025_seed0-499_48352cd1,42,51,34,1,1
20260912_215351_529_traffic_scan_env2025_seed0-499_48352cd1,42,51,35,0,1
20260912_215351_529_traffic_scan_env2025_seed0-499_48352cd1,42,51,35,1,1
20260912_215351_529_traffic_scan_env2025_seed0-499_48352cd1,42,51,36,1,1
20260912_215351_529_traffic_scan_env2025_seed0-499_48352cd1,42,51,37,1,1
20260912_215351_529_traffic_scan_env2025_seed0-499_48352cd1,42,51,38,0,1
20260912_215351_529_traffic_scan_env2025_seed0-499_48352cd1,42,51,38,1,1
20260912_215351_529_traffic_scan_env2025_seed0-499_48352cd1,42,51,39,1,1
20260912_215351_529_traffic_scan_env2025_seed0-499_48352cd1,42,51,40,1,1
20260912_215351_529_traffic_scan_env2025_seed0-499_48352cd1,42,51,41,0,1
20260912_215351_529_traffic_scan_env2025_seed0-499_48352cd1,42,51,41,1,1
20260912_215351_529_traffic_scan_env2025_seed0-499_48352cd1,42,51,42,1,1
20260912_215351_529_traffic_scan_env2025_seed0-499_48352cd1,42,51,43,0,6
20260912_215351_529_traffic_scan_env2025_seed0-499_48352cd1,42,51,43,1,1
20260912_215351_529_traffic_scan_env2025_seed0-499_48352cd1,42,51,44,0,1
20260912_215351_529_traffic_scan_env2025_seed0-499_48352cd1,42,51,44,1,1
20260912_215351_529_traffic_scan_env2025_seed0-499_48352cd1,42,51,45,0,3
20260912_215351_529_traffic_scan_env2025_seed0-499_48352cd1,42,51,45,1,1
20260912_215351_529_traffic_scan_env2025_seed0-499_48352cd1,42,51,48,0,1
20260912_215351_529_traffic_scan_env2025_seed0-499_48352cd1,42,51,49,0,2
20260912_215351_529_traffic_scan_env2025_seed0-499_48352cd1,42,51,50,0,3
20260912_215351_529_traffic_scan_env2025_seed0-499_48352cd1,42,51,52,0,2
20260912_215351_529_traffic_scan_env2025_seed0-499_48352cd1,42,51,53,0,4
20260912_215351_529_traffic_scan_env2025_seed0-499_48352cd1,42,51,53,1,1
20260912_215351_529_traffic_scan_env2025_seed0-499_48352cd1,42,51,54,0,1
20260912_215351_529_traffic_scan_env2025_seed0-499_48352cd1,42,51,55,0,2
20260912_215351_529_traffic_scan_env2025_seed0-499_48352cd1,42,51,56,0,1
20260912_215351_529_traffic_scan_env2025_seed0-499_48352cd1,42,51,57,0,1
20260912_215351_529_traffic_scan_env2025_seed0-499_48352cd1,42,51,59,0,1
20260912_215351_529_traffic_scan_env2025_seed0-499_48352cd1,42,52,1,0,1
20260912_215351_529_traffic_scan_env2025_seed0-499_48352cd1,42,52,2,0,1
20260912_215351_529_traffic_scan_env2025_seed0-499_48352cd1,42,52,6,0,2
20260912_215351_529_traffic_scan_env2025_seed0-499_48352cd1,42,52,8,0,3
20260912_215351_529_traffic_scan_env2025_seed0-499_48352cd1,42,52,10,0,2
20260912_215351_529_traffic_scan_env2025_seed0-499_48352cd1,42,52,12,0,2
20260912_215351_529_traffic_scan_env2025_seed0-499_48352cd1,42,52,14,0,1
20260912_215351_529_traffic_scan_env2025_seed0-499_48352cd1,42,52,15,0,1
20260912_215351_529_traffic_scan_env2025_seed0-499_48352cd1,42,52,16,0,2
20260912_215351_529_traffic_scan_env2025_seed0-499_48352cd1,42,52,17,0,1
20260912_215351_529_traffic_scan_env2025_seed0-499_48352cd1,42,52,22,0,1
20260912_215351_529_traffic_scan_env2025_seed0-499_48352cd1,42,52,23,0,3
20260912_215351_529_traffic_scan_env2025_seed0-499_48352cd1,42,52,27,0,1
20260912_215351_529_traffic_scan_env2025_seed0-499_48352cd1,42,52,28,0,1
20260912_215351_529_traffic_scan_env2025_seed0-499_48352cd1,42,52,29,1,1
20260912_215351_529_traffic_scan_env2025_seed0-499_48352cd1,42,52,31,0,1
20260912_215351_529_traffic_scan_env2025_seed0-499_48352cd1,42,52,32,1,1
20260912_215351_529_traffic_scan_env2025_seed0-499_48352cd1,42,52,33,0,2
20260912_215351_529_traffic_scan_env2025_seed0-499_48352cd1,42,52,34,0,1
20260912_215351_529_traffic_scan_env2025_seed0-499_48352cd1,42,52,36,0,1
20260912_215351_529_traffic_scan_env2025_seed0-499_48352cd1,42,52,38,1,1
20260912_215351_529_traffic_scan_env2025_seed0-499_48352cd1,42,52,42,0,2
20260912_215351_529_traffic_scan_env2025_seed0-499_48352cd1,42,52,43,0,1
20260912_215351_529_traffic_scan_env2025_seed0-499_48352cd1,42,52,44,0,4
20260912_215351_529_traffic_scan_env2025_seed0-499_48352cd1,42,52,46,0,3
20260912_215351_529_traffic_scan_env2025_seed0-499_48352cd1,42,52,46,1,1
20260912_215351_529_traffic_scan_env2025_seed0-499_48352cd1,42,52,47,0,1
20260912_215351_529_traffic_scan_env2025_seed0-499_48352cd1,42,52,47,1,1
20260912_215351_529_traffic_scan_env2025_seed0-499_48352cd1,42,52,48,1,1
20260912_215351_529_traffic_scan_env2025_seed0-499_48352cd1,42,52,49,1,1
20260912_215351_529_traffic_scan_env2025_seed0-499_48352cd1,42,52,50,0,2
20260912_215351_529_traffic_scan_env2025_seed0-499_48352cd1,42,52,50,1,1
20260912_215351_529_traffic_scan_env2025_seed0-499_48352cd1,42,52,51,0,2
20260912_215351_529_traffic_scan_env2025_seed0-499_48352cd1,42,52,52,0,2
20260912_215351_529_traffic_scan_env2025_seed0-499_48352cd1,42,52,53,0,2
20260912_215351_529_traffic_scan_env2025_seed0-499_48352cd1,42,52,54,0,5
20260912_215351_529_traffic_scan_env2025_seed0-499_48352cd1,42,52,56,0,1
20260912_215351_529_traffic_scan_env2025_seed0-499_48352cd1,42,52,57,0,2
20260912_215351_529_traffic_scan_env2025_seed0-499_48352cd1,42,53,1,0,1
20260912_215351_529_traffic_scan_env2025_seed0-499_48352cd1,42,53,5,0,1
20260912_215351_529_traffic_scan_env2025_seed0-499_48352cd1,42,53,7,0,4
20260912_215351_529_traffic_scan_env2025_seed0-499_48352cd1,42,53,9,0,2
20260912_215351_529_traffic_scan_env2025_seed0-499_48352cd1,42,53,12,0,1
20260912_215351_529_traffic_scan_env2025_seed0-499_48352cd1,42,53,13,0,1
20260912_215351_529_traffic_scan_env2025_seed0-499_48352cd1,42,53,14,0,2
20260912_215351_529_traffic_scan_env2025_seed0-499_48352cd1,42,53,16,0,2
20260912_215351_529_traffic_scan_env2025_seed0-499_48352cd1,42,53,17,0,1
20260912_215351_529_traffic_scan_env2025_seed0-499_48352cd1,42,53,22,0,2
20260912_215351_529_traffic_scan_env2025_seed0-499_48352cd1,42,53,23,0,1
20260912_215351_529_traffic_scan_env2025_seed0-499_48352cd1,42,53,24,0,1
20260912_215351_529_traffic_scan_env2025_seed0-499_48352cd1,42,53,27,0,1
20260912_215351_529_traffic_scan_env2025_seed0-499_48352cd1,42,53,28,0,1
20260912_215351_529_traffic_scan_env2025_seed0-499_48352cd1,42,53,30,1,1
20260912_215351_529_traffic_scan_env2025_seed0-499_48352cd1,42,53,31,0,1
20260912_215351_529_traffic_scan_env2025_seed0-499_48352cd1,42,53,31,1,1
20260912_215351_529_traffic_scan_env2025_seed0-499_48352cd1,42,53,32,0,1
20260912_215351_529_traffic_scan_env2025_seed0-499_48352cd1,42,53,34,0,2
20260912_215351_529_traffic_scan_env2025_seed0-499_48352cd1,42,53,37,0,1
20260912_215351_529_traffic_scan_env2025_seed0-499_48352cd1,42,53,38,0,1
20260912_215351_529_traffic_scan_env2025_seed0-499_48352cd1,42,53,41,0,1
20260912_215351_529_traffic_scan_env2025_seed0-499_48352cd1,42,53,42,0,1
20260912_215351_529_traffic_scan_env2025_seed0-499_48352cd1,42,53,43,0,1
20260912_215351_529_traffic_scan_env2025_seed0-499_48352cd1,42,53,45,0,4
20260912_215351_529_traffic_scan_env2025_seed0-499_48352cd1,42,53,47,0,2
20260912_215351_529_traffic_scan_env2025_seed0-499_48352cd1,42,53,50,0,1
20260912_215351_529_traffic_scan_env2025_seed0-499_48352cd1,42,53,51,0,1
20260912_215351_529_traffic_scan_env2025_seed0-499_48352cd1,42,53,52,0,1
20260912_215351_529_traffic_scan_env2025_seed0-499_48352cd1,42,53,53,0,1
20260912_215351_529_traffic_scan_env2025_seed0-499_48352cd1,42,53,54,0,1
20260912_215351_529_traffic_scan_env2025_seed0-499_48352cd1,42,53,55,0,3
20260912_215351_529_traffic_scan_env2025_seed0-499_48352cd1,42,53,57,0,1
20260912_215351_529_traffic_scan_env2025_seed0-499_48352cd1,42,54,1,0,2
20260912_215351_529_traffic_scan_env2025_seed0-499_48352cd1,42,54,4,0,1
20260912_215351_529_traffic_scan_env2025_seed0-499_48352cd1,42,54,6,0,3
20260912_215351_529_traffic_scan_env2025_seed0-499_48352cd1,42,54,8,0,3
20260912_215351_529_traffic_scan_env2025_seed0-499_48352cd1,42,54,12,0,1
20260912_215351_529_traffic_scan_env2025_seed0-499_48352cd1,42,54,13,0,1
20260912_215351_529_traffic_scan_env2025_seed0-499_48352cd1,42,54,14,0,2
20260912_215351_529_traffic_scan_env2025_seed0-499_48352cd1,42,54,15,0,1
20260912_215351_529_traffic_scan_env2025_seed0-499_48352cd1,42,54,18,0,1
20260912_215351_529_traffic_scan_env2025_seed0-499_48352cd1,42,54,21,0,1
20260912_215351_529_traffic_scan_env2025_seed0-499_48352cd1,42,54,22,0,1
20260912_215351_529_traffic_scan_env2025_seed0-499_48352cd1,42,54,24,0,1
20260912_215351_529_traffic_scan_env2025_seed0-499_48352cd1,42,54,26,0,1
20260912_215351_529_traffic_scan_env2025_seed0-499_48352cd1,42,54,28,0,1
20260912_215351_529_traffic_scan_env2025_seed0-499_48352cd1,42,54,30,1,1
20260912_215351_529_traffic_scan_env2025_seed0-499_48352cd1,42,54,31,0,2
20260912_215351_529_traffic_scan_env2025_seed0-499_48352cd1,42,54,31,1,1
20260912_215351_529_traffic_scan_env2025_seed0-499_48352cd1,42,54,34,0,1
20260912_215351_529_traffic_scan_env2025_seed0-499_48352cd1,42,54,35,0,1
20260912_215351_529_traffic_scan_env2025_seed0-499_48352cd1,42,54,38,0,2
20260912_215351_529_traffic_scan_env2025_seed0-499_48352cd1,42,54,40,0,1
20260912_215351_529_traffic_scan_env2025_seed0-499_48352cd1,42,54,43,0,2
20260912_215351_529_traffic_scan_env2025_seed0-499_48352cd1,42,54,46,0,4
20260912_215351_529_traffic_scan_env2025_seed0-499_48352cd1,42,54,48,0,2
20260912_215351_529_traffic_scan_env2025_seed0-499_48352cd1,42,54,49,0,2
20260912_215351_529_traffic_scan_env2025_seed0-499_48352cd1,42,54,52,0,1
20260912_215351_529_traffic_scan_env2025_seed0-499_48352cd1,42,54,53,0,1
20260912_215351_529_traffic_scan_env2025_seed0-499_48352cd1,42,54,54,0,1
20260912_215351_529_traffic_scan_env2025_seed0-499_48352cd1,42,54,56,0,3
20260912_215351_529_traffic_scan_env2025_seed0-499_48352cd1,42,54,57,0,1
20260912_215351_529_traffic_scan_env2025_seed0-499_48352cd1,42,55,2,0,2
20260912_215351_529_traffic_scan_env2025_seed0-499_48352cd1,42,55,4,0,4
20260912_215351_529_traffic_scan_env2025_seed0-499_48352cd1,42,55,5,0,3
20260912_215351_529_traffic_scan_env2025_seed0-499_48352cd1,42,55,7,0,2
20260912_215351_529_traffic_scan_env2025_seed0-499_48352cd1,42,55,10,1,1
20260912_215351_529_traffic_scan_env2025_seed0-499_48352cd1,42,55,11,1,1
20260912_215351_529_traffic_scan_env2025_seed0-499_48352cd1,42,55,12,0,2
20260912_215351_529_traffic_scan_env2025_seed0-499_48352cd1,42,55,12,1,1
20260912_215351_529_traffic_scan_env2025_seed0-499_48352cd1,42,55,13,1,1
20260912_215351_529_traffic_scan_env2025_seed0-499_48352cd1,42,55,14,0,2
20260912_215351_529_traffic_scan_env2025_seed0-499_48352cd1,42,55,14,1,1
20260912_215351_529_traffic_scan_env2025_seed0-499_48352cd1,42,55,15,0,1
20260912_215351_529_traffic_scan_env2025_seed0-499_48352cd1,42,55,15,1,1
20260912_215351_529_traffic_scan_env2025_seed0-499_48352cd1,42,55,16,1,1
20260912_215351_529_traffic_scan_env2025_seed0-499_48352cd1,42,55,17,1,1
20260912_215351_529_traffic_scan_env2025_seed0-499_48352cd1,42,55,18,0,1
20260912_215351_529_traffic_scan_env2025_seed0-499_48352cd1,42,55,18,1,1
20260912_215351_529_traffic_scan_env2025_seed0-499_48352cd1,42,55,19,1,1
20260912_215351_529_traffic_scan_env2025_seed0-499_48352cd1,42,55,20,0,1
20260912_215351_529_traffic_scan_env2025_seed0-499_48352cd1,42,55,20,1,1
20260912_215351_529_traffic_scan_env2025_seed0-499_48352cd1,42,55,21,1,1
20260912_215351_529_traffic_scan_env2025_seed0-499_48352cd1,42,55,22,0,1
20260912_215351_529_traffic_scan_env2025_seed0-499_48352cd1,42,55,22,1,1
20260912_215351_529_traffic_scan_env2025_seed0-499_48352cd1,42,55,23,1,1
20260912_215351_529_traffic_scan_env2025_seed0-499_48352cd1,42,55,24,0,1
20260912_215351_529_traffic_scan_env2025_seed0-499_48352cd1,42,55,24,1,1
20260912_215351_529_traffic_scan_env2025_seed0-499_48352cd1,42,55,25,2,1
20260912_215351_529_traffic_scan_env2025_seed0-499_48352cd1,42,55,26,0,1
20260912_215351_529_traffic_scan_env2025_seed0-499_48352cd1,42,55,26,1,1
20260912_215351_529_traffic_scan_env2025_seed0-499_48352cd1,42,55,27,1,1
20260912_215351_529_traffic_scan_env2025_seed0-499_48352cd1,42,55,28,0,1
20260912_215351_529_traffic_scan_env2025_seed0-499_48352cd1,42,55,28,1,1
20260912_215351_529_traffic_scan_env2025_seed0-499_48352cd1,42,55,29,1,1
20260912_215351_529_traffic_scan_env2025_seed0-499_48352cd1,42,55,31,0,2
20260912_215351_529_traffic_scan_env2025_seed0-499_48352cd1,42,55,32,1,1
20260912_215351_529_traffic_scan_env2025_seed0-499_48352cd1,42,55,34,0,1
20260912_215351_529_traffic_scan_env2025_seed0-499_48352cd1,42,55,36,0,1
20260912_215351_529_traffic_scan_env2025_seed0-499_48352cd1,42,55,38,0,1
20260912_215351_529_traffic_scan_env2025_seed0-499_48352cd1,42,55,39,0,1
20260912_215351_529_traffic_scan_env2025_seed0-499_48352cd1,42,55,44,0,1
20260912_215351_529_traffic_scan_env2025_seed0-499_48352cd1,42,55,46,0,1
20260912_215351_529_traffic_scan_env2025_seed0-499_48352cd1,42,55,47,0,2
20260912_215351_529_traffic_scan_env2025_seed0-499_48352cd1,42,55,50,0,2
20260912_215351_529_traffic_scan_env2025_seed0-499_48352cd1,42,55,51,0,1
20260912_215351_529_traffic_scan_env2025_seed0-499_48352cd1,42,55,53,0,1
20260912_215351_529_traffic_scan_env2025_seed0-499_48352cd1,42,55,54,0,1
20260912_215351_529_traffic_scan_env2025_seed0-499_48352cd1,42,55,57,0,4
20260912_215351_529_traffic_scan_env2025_seed0-499_48352cd1,42,56,2,0,3
20260912_215351_529_traffic_scan_env2025_seed0-499_48352cd1,42,56,3,0,5
20260912_215351_529_traffic_scan_env2025_seed0-499_48352cd1,42,56,4,0,1
20260912_215351_529_traffic_scan_env2025_seed0-499_48352cd1,42,56,5,0,1
20260912_215351_529_traffic_scan_env2025_seed0-499_48352cd1,42,56,6,0,3
20260912_215351_529_traffic_scan_env2025_seed0-499_48352cd1,42,56,7,0,1
20260912_215351_529_traffic_scan_env2025_seed0-499_48352cd1,42,56,8,0,1
20260912_215351_529_traffic_scan_env2025_seed0-499_48352cd1,42,56,9,0,1
20260912_215351_529_traffic_scan_env2025_seed0-499_48352cd1,42,56,11,0,2
20260912_215351_529_traffic_scan_env2025_seed0-499_48352cd1,42,56,13,0,2
20260912_215351_529_traffic_scan_env2025_seed0-499_48352cd1,42,56,16,0,1
20260912_215351_529_traffic_scan_env2025_seed0-499_48352cd1,42,56,19,0,2
20260912_215351_529_traffic_scan_env2025_seed0-499_48352cd1,42,56,22,0,1
20260912_215351_529_traffic_scan_env2025_seed0-499_48352cd1,42,56,23,0,1
20260912_215351_529_traffic_scan_env2025_seed0-499_48352cd1,42,56,28,0,1
20260912_215351_529_traffic_scan_env2025_seed0-499_48352cd1,42,56,30,0,1
20260912_215351_529_traffic_scan_env2025_seed0-499_48352cd1,42,56,33,1,1
20260912_215351_529_traffic_scan_env2025_seed0-499_48352cd1,42,56,34,0,1
20260912_215351_529_traffic_scan_env2025_seed0-499_48352cd1,42,56,34,1,1
20260912_215351_529_traffic_scan_env2025_seed0-499_48352cd1,42,56,35,1,1
20260912_215351_529_traffic_scan_env2025_seed0-499_48352cd1,42,56,36,1,1
20260912_215351_529_traffic_scan_env2025_seed0-499_48352cd1,42,56,37,0,1
20260912_215351_529_traffic_scan_env2025_seed0-499_48352cd1,42,56,37,1,1
20260912_215351_529_traffic_scan_env2025_seed0-499_48352cd1,42,56,38,0,3
20260912_215351_529_traffic_scan_env2025_seed0-499_48352cd1,42,56,38,1,1
20260912_215351_529_traffic_scan_env2025_seed0-499_48352cd1,42,56,39,2,1
20260912_215351_529_traffic_scan_env2025_seed0-499_48352cd1,42,56,40,1,1
20260912_215351_529_traffic_scan_env2025_seed0-499_48352cd1,42,56,43,0,2
20260912_215351_529_traffic_scan_env2025_seed0-499_48352cd1,42,56,44,0,2
20260912_215351_529_traffic_scan_env2025_seed0-499_48352cd1,42,56,45,0,3
20260912_215351_529_traffic_scan_env2025_seed0-499_48352cd1,42,56,47,0,1
20260912_215351_529_traffic_scan_env2025_seed0-499_48352cd1,42,56,48,0,2
20260912_215351_529_traffic_scan_env2025_seed0-499_48352cd1,42,56,49,0,1
20260912_215351_529_traffic_scan_env2025_seed0-499_48352cd1,42,56,50,0,1
20260912_215351_529_traffic_scan_env2025_seed0-499_48352cd1,42,56,52,0,1
20260912_215351_529_traffic_scan_env2025_seed0-499_48352cd1,42,56,54,0,1
20260912_215351_529_traffic_scan_env2025_seed0-499_48352cd1,42,56,56,0,1
20260912_215351_529_traffic_scan_env2025_seed0-499_48352cd1,42,56,57,0,3
20260912_215351_529_traffic_scan_env2025_seed0-499_48352cd1,42,57,1,0,2
20260912_215351_529_traffic_scan_env2025_seed0-499_48352cd1,42,57,2,0,2
20260912_215351_529_traffic_scan_env2025_seed0-499_48352cd1,42,57,5,0,1
20260912_215351_529_traffic_scan_env2025_seed0-499_48352cd1,42,57,6,0,1
20260912_215351_529_traffic_scan_env2025_seed0-499_48352cd1,42,57,10,0,2
20260912_215351_529_traffic_scan_env2025_seed0-499_48352cd1,42,57,13,0,2
20260912_215351_529_traffic_scan_env2025_seed0-499_48352cd1,42,57,16,0,1
20260912_215351_529_traffic_scan_env2025_seed0-499_48352cd1,42,57,16,1,1
20260912_215351_529_traffic_scan_env2025_seed0-499_48352cd1,42,57,17,1,1
20260912_215351_529_traffic_scan_env2025_seed0-499_48352cd1,42,57,18,0,1
20260912_215351_529_traffic_scan_env2025_seed0-499_48352cd1,42,57,18,1,1
20260912_215351_529_traffic_scan_env2025_seed0-499_48352cd1,42,57,19,1,1
20260912_215351_529_traffic_scan_env2025_seed0-499_48352cd1,42,57,20,0,1
20260912_215351_529_traffic_scan_env2025_seed0-499_48352cd1,42,57,20,1,1
20260912_215351_529_traffic_scan_env2025_seed0-499_48352cd1,42,57,21,0,1
20260912_215351_529_traffic_scan_env2025_seed0-499_48352cd1,42,57,21,1,1
20260912_215351_529_traffic_scan_env2025_seed0-499_48352cd1,42,57,22,1,1
20260912_215351_529_traffic_scan_env2025_seed0-499_48352cd1,42,57,23,1,1
20260912_215351_529_traffic_scan_env2025_seed0-499_48352cd1,42,57,24,1,2
20260912_215351_529_traffic_scan_env2025_seed0-499_48352cd1,42,57,25,1,1
20260912_215351_529_traffic_scan_env2025_seed0-499_48352cd1,42,57,26,0,1
20260912_215351_529_traffic_scan_env2025_seed0-499_48352cd1,42,57,27,0,1
20260912_215351_529_traffic_scan_env2025_seed0-499_48352cd1,42,57,28,0,2
20260912_215351_529_traffic_scan_env2025_seed0-499_48352cd1,42,57,29,0,2
20260912_215351_529_traffic_scan_env2025_seed0-499_48352cd1,42,57,30,0,1
20260912_215351_529_traffic_scan_env2025_seed0-499_48352cd1,42,57,31,0,1
20260912_215351_529_traffic_scan_env2025_seed0-499_48352cd1,42,57,32,0,1
20260912_215351_529_traffic_scan_env2025_seed0-499_48352cd1,42,57,33,0,1
20260912_215351_529_traffic_scan_env2025_seed0-499_48352cd1,42,57,34,0,2
20260912_215351_529_traffic_scan_env2025_seed0-499_48352cd1,42,57,35,0,1
20260912_215351_529_traffic_scan_env2025_seed0-499_48352cd1,42,57,36,0,1
20260912_215351_529_traffic_scan_env2025_seed0-499_48352cd1,42,57,37,0,1
20260912_215351_529_traffic_scan_env2025_seed0-499_48352cd1,42,57,38,0,3
20260912_215351_529_traffic_scan_env2025_seed0-499_48352cd1,42,57,39,0,2
20260912_215351_529_traffic_scan_env2025_seed0-499_48352cd1,42,57,40,0,2
20260912_215351_529_traffic_scan_env2025_seed0-499_48352cd1,42,57,41,0,1
20260912_215351_529_traffic_scan_env2025_seed0-499_48352cd1,42,57,41,1,1
20260912_215351_529_traffic_scan_env2025_seed0-499_48352cd1,42,57,42,0,1
20260912_215351_529_traffic_scan_env2025_seed0-499_48352cd1,42,57,42,1,1
20260912_215351_529_traffic_scan_env2025_seed0-499_48352cd1,42,57,46,0,3
20260912_215351_529_traffic_scan_env2025_seed0-499_48352cd1,42,57,47,0,2
20260912_215351_529_traffic_scan_env2025_seed0-499_48352cd1,42,57,48,0,2
20260912_215351_529_traffic_scan_env2025_seed0-499_48352cd1,42,57,49,0,3
20260912_215351_529_traffic_scan_env2025_seed0-499_48352cd1,42,57,50,0,3
20260912_215351_529_traffic_scan_env2025_seed0-499_48352cd1,42,57,51,0,2
20260912_215351_529_traffic_scan_env2025_seed0-499_48352cd1,42,57,52,0,2
20260912_215351_529_traffic_scan_env2025_seed0-499_48352cd1,42,57,53,0,2
20260912_215351_529_traffic_scan_env2025_seed0-499_48352cd1,42,57,54,0,2
20260912_215351_529_traffic_scan_env2025_seed0-499_48352cd1,42,57,55,0,1
20260912_215351_529_traffic_scan_env2025_seed0-499_48352cd1,42,57,56,0,1
20260912_215351_529_traffic_scan_env2025_seed0-499_48352cd1,42,57,58,0,2
20260912_215351_529_traffic_scan_env2025_seed0-499_48352cd1,42,58,1,0,1
20260912_215351_529_traffic_scan_env2025_seed0-499_48352cd1,42,58,2,0,1
20260912_215351_529_traffic_scan_env2025_seed0-499_48352cd1,42,58,3,0,1
20260912_215351_529_traffic_scan_env2025_seed0-499_48352cd1,42,58,4,0,1
20260912_215351_529_traffic_scan_env2025_seed0-499_48352cd1,42,58,5,0,1
20260912_215351_529_traffic_scan_env2025_seed0-499_48352cd1,42,58,6,0,1
20260912_215351_529_traffic_scan_env2025_seed0-499_48352cd1,42,58,7,0,1
20260912_215351_529_traffic_scan_env2025_seed0-499_48352cd1,42,58,8,0,1
20260912_215351_529_traffic_scan_env2025_seed0-499_48352cd1,42,58,9,0,2
20260912_215351_529_traffic_scan_env2025_seed0-499_48352cd1,42,58,10,0,1
20260912_215351_529_traffic_scan_env2025_seed0-499_48352cd1,42,58,10,1,1
20260912_215351_529_traffic_scan_env2025_seed0-499_48352cd1,42,58,11,1,1
20260912_215351_529_traffic_scan_env2025_seed0-499_48352cd1,42,58,12,0,1
20260912_215351_529_traffic_scan_env2025_seed0-499_48352cd1,42,58,12,1,1
20260912_215351_529_traffic_scan_env2025_seed0-499_48352cd1,42,58,13,1,1
20260912_215351_529_traffic_scan_env2025_seed0-499_48352cd1,42,58,14,0,1
20260912_215351_529_traffic_scan_env2025_seed0-499_48352cd1,42,58,14,1,1
20260912_215351_529_traffic_scan_env2025_seed0-499_48352cd1,42,58,15,0,1
20260912_215351_529_traffic_scan_env2025_seed0-499_48352cd1,42,58,15,1,1
20260912_215351_529_traffic_scan_env2025_seed0-499_48352cd1,42,58,17,0,1
20260912_215351_529_traffic_scan_env2025_seed0-499_48352cd1,42,58,21,0,2
20260912_215351_529_traffic_scan_env2025_seed0-499_48352cd1,42,58,24,0,1
20260912_215351_529_traffic_scan_env2025_seed0-499_48352cd1,42,58,28,0,1
20260912_215351_529_traffic_scan_env2025_seed0-499_48352cd1,42,58,34,0,1
20260912_215351_529_traffic_scan_env2025_seed0-499_48352cd1,42,58,37,0,1
20260912_215351_529_traffic_scan_env2025_seed0-499_48352cd1,42,58,38,0,1
20260912_215351_529_traffic_scan_env2025_seed0-499_48352cd1,42,58,47,0,1
20260912_215351_529_traffic_scan_env2025_seed0-499_48352cd1,42,58,50,0,1
20260912_215351_529_traffic_scan_env2025_seed0-499_48352cd1,42,58,51,0,1
20260912_215351_529_traffic_scan_env2025_seed0-499_48352cd1,42,58,54,0,2
20260912_215351_529_traffic_scan_env2025_seed0-499_48352cd1,42,58,55,0,1
20260912_215351_529_traffic_scan_env2025_seed0-499_48352cd1,42,58,59,0,1
20260912_215351_529_traffic_scan_env2025_seed0-499_48352cd1,42,59,0,0,1
20260912_215351_529_traffic_scan_env2025_seed0-499_48352cd1,42,59,8,0,1
20260912_215351_529_traffic_scan_env2025_seed0-499_48352cd1,42,59,9,0,1
20260912_215351_529_traffic_scan_env2025_seed0-499_48352cd1,42,59,16,0,1
20260912_215351_529_traffic_scan_env2025_seed0-499_48352cd1,42,59,24,0,1
20260912_215351_529_traffic_scan_env2025_seed0-499_48352cd1,42,59,51,0,1
20260912_215351_529_traffic_scan_env2025_seed0-499_48352cd1,42,59,52,0,1
20260912_215351_529_traffic_scan_env2025_seed0-499_48352cd1,42,59,54,0,2
20260912_215351_529_traffic_scan_env2025_seed0-499_48352cd1,42,59,55,0,1
