run_id,traffic_seed,grid_x,grid_y,grid_z,distinct_flight_count
20260912_215351_529_traffic_scan_env2025_seed0-499_48352cd1,58,0,3,0,1
20260912_215351_529_traffic_scan_env2025_seed0-499_48352cd1,58,0,4,0,1
20260912_215351_529_traffic_scan_env2025_seed0-499_48352cd1,58,0,6,0,1
20260912_215351_529_traffic_scan_env2025_seed0-499_48352cd1,58,0,7,0,1
20260912_215351_529_traffic_scan_env2025_seed0-499_48352cd1,58,0,8,0,1
20260912_215351_529_traffic_scan_env2025_seed0-499_48352cd1,58,0,9,0,1
20260912_215351_529_traffic_scan_env2025_seed0-499_48352cd1,58,0,10,0,1
20260912_215351_529_traffic_scan_env2025_seed0-499_48352cd1,58,0,11,0,1
20260912_215351_529_traffic_scan_env2025_seed0-499_48352cd1,58,0,12,0,1
20260912_215351_529_traffic_scan_env2025_seed0-499_48352cd1,58,0,13,0,2
20260912_215351_529_traffic_scan_env2025_seed0-499_48352cd1,58,0,25,0,1
20260912_215351_529_traffic_scan_env2025_seed0-499_48352cd1,58,0,31,0,1
20260912_215351_529_traffic_scan_env2025_seed0-499_48352cd1,58,0,33,0,1
20260912_215351_529_traffic_scan_env2025_seed0-499_48352cd1,58,0,37,0,1
20260912_215351_529_traffic_scan_env2025_seed0-499_48352cd1,58,0,54,0,1
20260912_215351_529_traffic_scan_env2025_seed0-499_48352cd1,58,1,4,0,1
20260912_215351_529_traffic_scan_env2025_seed0-499_48352cd1,58,1,5,0,1
20260912_215351_529_traffic_scan_env2025_seed0-499_48352cd1,58,1,10,0,1
20260912_215351_529_traffic_scan_env2025_seed0-499_48352cd1,58,1,13,0,1
20260912_215351_529_traffic_scan_env2025_seed0-499_48352cd1,58,1,14,1,1
20260912_215351_529_traffic_scan_env2025_seed0-499_48352cd1,58,1,15,1,1
20260912_215351_529_traffic_scan_env2025_seed0-499_48352cd1,58,1,16,1,1
20260912_215351_529_traffic_scan_env2025_seed0-499_48352cd1,58,1,17,1,1
20260912_215351_529_traffic_scan_env2025_seed0-499_48352cd1,58,1,26,0,1
20260912_215351_529_traffic_scan_env2025_seed0-499_48352cd1,58,1,31,0,1
20260912_215351_529_traffic_scan_env2025_seed0-499_48352cd1,58,1,33,0,2
20260912_215351_529_traffic_scan_env2025_seed0-499_48352cd1,58,1,36,0,1
20260912_215351_529_traffic_scan_env2025_seed0-499_48352cd1,58,1,54,0,1
20260912_215351_529_traffic_scan_env2025_seed0-499_48352cd1,58,2,0,0,1
20260912_215351_529_traffic_scan_env2025_seed0-499_48352cd1,58,2,3,0,1
20260912_215351_529_traffic_scan_env2025_seed0-499_48352cd1,58,2,5,0,1
20260912_215351_529_traffic_scan_env2025_seed0-499_48352cd1,58,2,6,1,1
20260912_215351_529_traffic_scan_env2025_seed0-499_48352cd1,58,2,7,0,1
20260912_215351_529_traffic_scan_env2025_seed0-499_48352cd1,58,2,8,0,1
20260912_215351_529_traffic_scan_env2025_seed0-499_48352cd1,58,2,11,0,2
20260912_215351_529_traffic_scan_env2025_seed0-499_48352cd1,58,2,12,0,1
20260912_215351_529_traffic_scan_env2025_seed0-499_48352cd1,58,2,13,0,2
20260912_215351_529_traffic_scan_env2025_seed0-499_48352cd1,58,2,18,1,1
20260912_215351_529_traffic_scan_env2025_seed0-499_48352cd1,58,2,22,0,1
20260912_215351_529_traffic_scan_env2025_seed0-499_48352cd1,58,2,27,0,1
20260912_215351_529_traffic_scan_env2025_seed0-499_48352cd1,58,2,31,0,1
20260912_215351_529_traffic_scan_env2025_seed0-499_48352cd1,58,2,33,0,2
20260912_215351_529_traffic_scan_env2025_seed0-499_48352cd1,58,2,34,0,1
20260912_215351_529_traffic_scan_env2025_seed0-499_48352cd1,58,2,35,0,1
20260912_215351_529_traffic_scan_env2025_seed0-499_48352cd1,58,2,43,0,1
20260912_215351_529_traffic_scan_env2025_seed0-499_48352cd1,58,2,54,0,1
20260912_215351_529_traffic_scan_env2025_seed0-499_48352cd1,58,3,0,0,1
20260912_215351_529_traffic_scan_env2025_seed0-499_48352cd1,58,3,1,0,4
20260912_215351_529_traffic_scan_env2025_seed0-499_48352cd1,58,3,2,0,1
20260912_215351_529_traffic_scan_env2025_seed0-499_48352cd1,58,3,3,0,1
20260912_215351_529_traffic_scan_env2025_seed0-499_48352cd1,58,3,4,0,2
20260912_215351_529_traffic_scan_env2025_seed0-499_48352cd1,58,3,5,0,1
20260912_215351_529_traffic_scan_env2025_seed0-499_48352cd1,58,3,6,0,3
20260912_215351_529_traffic_scan_env2025_seed0-499_48352cd1,58,3,7,2,1
20260912_215351_529_traffic_scan_env2025_seed0-499_48352cd1,58,3,8,0,1
20260912_215351_529_traffic_scan_env2025_seed0-499_48352cd1,58,3,9,0,1
20260912_215351_529_traffic_scan_env2025_seed0-499_48352cd1,58,3,11,0,1
20260912_215351_529_traffic_scan_env2025_seed0-499_48352cd1,58,3,14,0,2
20260912_215351_529_traffic_scan_env2025_seed0-499_48352cd1,58,3,19,1,1
20260912_215351_529_traffic_scan_env2025_seed0-499_48352cd1,58,3,22,0,2
20260912_215351_529_traffic_scan_env2025_seed0-499_48352cd1,58,3,28,0,1
20260912_215351_529_traffic_scan_env2025_seed0-499_48352cd1,58,3,31,0,1
20260912_215351_529_traffic_scan_env2025_seed0-499_48352cd1,58,3,32,0,2
20260912_215351_529_traffic_scan_env2025_seed0-499_48352cd1,58,3,33,0,3
20260912_215351_529_traffic_scan_env2025_seed0-499_48352cd1,58,3,34,0,2
20260912_215351_529_traffic_scan_env2025_seed0-499_48352cd1,58,3,42,0,1
20260912_215351_529_traffic_scan_env2025_seed0-499_48352cd1,58,3,54,0,1
20260912_215351_529_traffic_scan_env2025_seed0-499_48352cd1,58,4,1,0,1
20260912_215351_529_traffic_scan_env2025_seed0-499_48352cd1,58,4,2,0,3
20260912_215351_529_traffic_scan_env2025_seed0-499_48352cd1,58,4,3,0,1
20260912_215351_529_traffic_scan_env2025_seed0-499_48352cd1,58,4,5,0,1
20260912_215351_529_traffic_scan_env2025_seed0-499_48352cd1,58,4,6,1,2
20260912_215351_529_traffic_scan_env2025_seed0-499_48352cd1,58,4,8,0,1
20260912_215351_529_traffic_scan_env2025_seed0-499_48352cd1,58,4,8,1,1
20260912_215351_529_traffic_scan_env2025_seed0-499_48352cd1,58,4,9,1,1
20260912_215351_529_traffic_scan_env2025_seed0-499_48352cd1,58,4,10,0,1
20260912_215351_529_traffic_scan_env2025_seed0-499_48352cd1,58,4,10,1,1
20260912_215351_529_traffic_scan_env2025_seed0-499_48352cd1,58,4,11,0,2
20260912_215351_529_traffic_scan_env2025_seed0-499_48352cd1,58,4,11,1,1
20260912_215351_529_traffic_scan_env2025_seed0-499_48352cd1,58,4,12,2,1
20260912_215351_529_traffic_scan_env2025_seed0-499_48352cd1,58,4,13,2,1
20260912_215351_529_traffic_scan_env2025_seed0-499_48352cd1,58,4,14,0,1
20260912_215351_529_traffic_scan_env2025_seed0-499_48352cd1,58,4,14,1,1
20260912_215351_529_traffic_scan_env2025_seed0-499_48352cd1,58,4,15,0,1
20260912_215351_529_traffic_scan_env2025_seed0-499_48352cd1,58,4,15,1,1
20260912_215351_529_traffic_scan_env2025_seed0-499_48352cd1,58,4,16,1,1
20260912_215351_529_traffic_scan_env2025_seed0-499_48352cd1,58,4,17,1,1
20260912_215351_529_traffic_scan_env2025_seed0-499_48352cd1,58,4,18,1,1
20260912_215351_529_traffic_scan_env2025_seed0-499_48352cd1,58,4,19,1,1
20260912_215351_529_traffic_scan_env2025_seed0-499_48352cd1,58,4,20,1,2
20260912_215351_529_traffic_scan_env2025_seed0-499_48352cd1,58,4,21,1,1
20260912_215351_529_traffic_scan_env2025_seed0-499_48352cd1,58,4,22,0,1
20260912_215351_529_traffic_scan_env2025_seed0-499_48352cd1,58,4,22,1,1
20260912_215351_529_traffic_scan_env2025_seed0-499_48352cd1,58,4,23,0,1
20260912_215351_529_traffic_scan_env2025_seed0-499_48352cd1,58,4,23,1,1
20260912_215351_529_traffic_scan_env2025_seed0-499_48352cd1,58,4,24,1,1
20260912_215351_529_traffic_scan_env2025_seed0-499_48352cd1,58,4,25,1,1
20260912_215351_529_traffic_scan_env2025_seed0-499_48352cd1,58,4,26,1,1
20260912_215351_529_traffic_scan_env2025_seed0-499_48352cd1,58,4,27,1,1
20260912_215351_529_traffic_scan_env2025_seed0-499_48352cd1,58,4,28,1,1
20260912_215351_529_traffic_scan_env2025_seed0-499_48352cd1,58,4,29,0,1
20260912_215351_529_traffic_scan_env2025_seed0-499_48352cd1,58,4,29,1,1
20260912_215351_529_traffic_scan_env2025_seed0-499_48352cd1,58,4,30,1,1
20260912_215351_529_traffic_scan_env2025_seed0-499_48352cd1,58,4,31,0,3
20260912_215351_529_traffic_scan_env2025_seed0-499_48352cd1,58,4,31,1,1
20260912_215351_529_traffic_scan_env2025_seed0-499_48352cd1,58,4,32,2,1
20260912_215351_529_traffic_scan_env2025_seed0-499_48352cd1,58,4,33,2,1
20260912_215351_529_traffic_scan_env2025_seed0-499_48352cd1,58,4,34,1,4
20260912_215351_529_traffic_scan_env2025_seed0-499_48352cd1,58,4,35,0,1
20260912_215351_529_traffic_scan_env2025_seed0-499_48352cd1,58,4,36,0,2
20260912_215351_529_traffic_scan_env2025_seed0-499_48352cd1,58,4,37,0,1
20260912_215351_529_traffic_scan_env2025_seed0-499_48352cd1,58,4,38,0,1
20260912_215351_529_traffic_scan_env2025_seed0-499_48352cd1,58,4,39,0,1
20260912_215351_529_traffic_scan_env2025_seed0-499_48352cd1,58,4,40,0,1
20260912_215351_529_traffic_scan_env2025_seed0-499_48352cd1,58,4,41,0,2
20260912_215351_529_traffic_scan_env2025_seed0-499_48352cd1,58,4,42,0,1
20260912_215351_529_traffic_scan_env2025_seed0-499_48352cd1,58,4,43,0,1
20260912_215351_529_traffic_scan_env2025_seed0-499_48352cd1,58,4,44,0,1
20260912_215351_529_traffic_scan_env2025_seed0-499_48352cd1,58,4,45,0,1
20260912_215351_529_traffic_scan_env2025_seed0-499_48352cd1,58,4,46,0,1
20260912_215351_529_traffic_scan_env2025_seed0-499_48352cd1,58,4,47,0,1
20260912_215351_529_traffic_scan_env2025_seed0-499_48352cd1,58,4,48,0,1
20260912_215351_529_traffic_scan_env2025_seed0-499_48352cd1,58,4,49,0,1
20260912_215351_529_traffic_scan_env2025_seed0-499_48352cd1,58,4,50,0,1
20260912_215351_529_traffic_scan_env2025_seed0-499_48352cd1,58,4,54,0,1
20260912_215351_529_traffic_scan_env2025_seed0-499_48352cd1,58,5,1,0,1
20260912_215351_529_traffic_scan_env2025_seed0-499_48352cd1,58,5,2,0,1
20260912_215351_529_traffic_scan_env2025_seed0-499_48352cd1,58,5,3,0,3
20260912_215351_529_traffic_scan_env2025_seed0-499_48352cd1,58,5,4,0,1
20260912_215351_529_traffic_scan_env2025_seed0-499_48352cd1,58,5,5,0,1
20260912_215351_529_traffic_scan_env2025_seed0-499_48352cd1,58,5,6,0,2
20260912_215351_529_traffic_scan_env2025_seed0-499_48352cd1,58,5,7,0,1
20260912_215351_529_traffic_scan_env2025_seed0-499_48352cd1,58,5,7,1,1
20260912_215351_529_traffic_scan_env2025_seed0-499_48352cd1,58,5,9,1,1
20260912_215351_529_traffic_scan_env2025_seed0-499_48352cd1,58,5,12,0,2
20260912_215351_529_traffic_scan_env2025_seed0-499_48352cd1,58,5,13,0,1
20260912_215351_529_traffic_scan_env2025_seed0-499_48352cd1,58,5,16,0,1
20260912_215351_529_traffic_scan_env2025_seed0-499_48352cd1,58,5,19,0,1
20260912_215351_529_traffic_scan_env2025_seed0-499_48352cd1,58,5,20,0,1
20260912_215351_529_traffic_scan_env2025_seed0-499_48352cd1,58,5,21,1,1
20260912_215351_529_traffic_scan_env2025_seed0-499_48352cd1,58,5,22,0,1
20260912_215351_529_traffic_scan_env2025_seed0-499_48352cd1,58,5,24,0,1
20260912_215351_529_traffic_scan_env2025_seed0-499_48352cd1,58,5,30,0,3
20260912_215351_529_traffic_scan_env2025_seed0-499_48352cd1,58,5,31,0,1
20260912_215351_529_traffic_scan_env2025_seed0-499_48352cd1,58,5,34,0,3
20260912_215351_529_traffic_scan_env2025_seed0-499_48352cd1,58,5,35,0,1
20260912_215351_529_traffic_scan_env2025_seed0-499_48352cd1,58,5,40,0,1
20260912_215351_529_traffic_scan_env2025_seed0-499_48352cd1,58,5,51,0,1
20260912_215351_529_traffic_scan_env2025_seed0-499_48352cd1,58,5,53,0,1
20260912_215351_529_traffic_scan_env2025_seed0-499_48352cd1,58,6,2,0,1
20260912_215351_529_traffic_scan_env2025_seed0-499_48352cd1,58,6,3,0,1
20260912_215351_529_traffic_scan_env2025_seed0-499_48352cd1,58,6,4,0,4
20260912_215351_529_traffic_scan_env2025_seed0-499_48352cd1,58,6,5,0,1
20260912_215351_529_traffic_scan_env2025_seed0-499_48352cd1,58,6,6,0,2
20260912_215351_529_traffic_scan_env2025_seed0-499_48352cd1,58,6,7,0,1
20260912_215351_529_traffic_scan_env2025_seed0-499_48352cd1,58,6,8,0,1
20260912_215351_529_traffic_scan_env2025_seed0-499_48352cd1,58,6,8,1,1
20260912_215351_529_traffic_scan_env2025_seed0-499_48352cd1,58,6,9,0,1
20260912_215351_529_traffic_scan_env2025_seed0-499_48352cd1,58,6,10,1,1
20260912_215351_529_traffic_scan_env2025_seed0-499_48352cd1,58,6,13,0,2
20260912_215351_529_traffic_scan_env2025_seed0-499_48352cd1,58,6,13,1,1
20260912_215351_529_traffic_scan_env2025_seed0-499_48352cd1,58,6,17,0,1
20260912_215351_529_traffic_scan_env2025_seed0-499_48352cd1,58,6,18,0,1
20260912_215351_529_traffic_scan_env2025_seed0-499_48352cd1,58,6,19,0,2
20260912_215351_529_traffic_scan_env2025_seed0-499_48352cd1,58,6,20,0,1
20260912_215351_529_traffic_scan_env2025_seed0-499_48352cd1,58,6,22,1,1
20260912_215351_529_traffic_scan_env2025_seed0-499_48352cd1,58,6,23,0,1
20260912_215351_529_traffic_scan_env2025_seed0-499_48352cd1,58,6,25,0,1
20260912_215351_529_traffic_scan_env2025_seed0-499_48352cd1,58,6,27,0,1
20260912_215351_529_traffic_scan_env2025_seed0-499_48352cd1,58,6,29,0,2
20260912_215351_529_traffic_scan_env2025_seed0-499_48352cd1,58,6,31,0,3
20260912_215351_529_traffic_scan_env2025_seed0-499_48352cd1,58,6,33,0,2
20260912_215351_529_traffic_scan_env2025_seed0-499_48352cd1,58,6,34,1,2
20260912_215351_529_traffic_scan_env2025_seed0-499_48352cd1,58,6,35,0,1
20260912_215351_529_traffic_scan_env2025_seed0-499_48352cd1,58,6,39,0,1
20260912_215351_529_traffic_scan_env2025_seed0-499_48352cd1,58,6,44,0,1
20260912_215351_529_traffic_scan_env2025_seed0-499_48352cd1,58,6,47,0,1
20260912_215351_529_traffic_scan_env2025_seed0-499_48352cd1,58,6,48,0,1
20260912_215351_529_traffic_scan_env2025_seed0-499_48352cd1,58,6,52,0,2
20260912_215351_529_traffic_scan_env2025_seed0-499_48352cd1,58,6,53,0,1
20260912_215351_529_traffic_scan_env2025_seed0-499_48352cd1,58,6,54,0,1
20260912_215351_529_traffic_scan_env2025_seed0-499_48352cd1,58,7,3,0,2
20260912_215351_529_traffic_scan_env2025_seed0-499_48352cd1,58,7,5,0,4
20260912_215351_529_traffic_scan_env2025_seed0-499_48352cd1,58,7,6,0,2
20260912_215351_529_traffic_scan_env2025_seed0-499_48352cd1,58,7,7,0,1
20260912_215351_529_traffic_scan_env2025_seed0-499_48352cd1,58,7,8,0,3
20260912_215351_529_traffic_scan_env2025_seed0-499_48352cd1,58,7,9,1,1
20260912_215351_529_traffic_scan_env2025_seed0-499_48352cd1,58,7,10,0,2
20260912_215351_529_traffic_scan_env2025_seed0-499_48352cd1,58,7,11,1,1
20260912_215351_529_traffic_scan_env2025_seed0-499_48352cd1,58,7,13,2,1
20260912_215351_529_traffic_scan_env2025_seed0-499_48352cd1,58,7,14,0,2
20260912_215351_529_traffic_scan_env2025_seed0-499_48352cd1,58,7,19,0,4
20260912_215351_529_traffic_scan_env2025_seed0-499_48352cd1,58,7,23,2,1
20260912_215351_529_traffic_scan_env2025_seed0-499_48352cd1,58,7,24,0,1
20260912_215351_529_traffic_scan_env2025_seed0-499_48352cd1,58,7,25,0,1
20260912_215351_529_traffic_scan_env2025_seed0-499_48352cd1,58,7,26,0,1
20260912_215351_529_traffic_scan_env2025_seed0-499_48352cd1,58,7,27,0,1
20260912_215351_529_traffic_scan_env2025_seed0-499_48352cd1,58,7,28,1,2
20260912_215351_529_traffic_scan_env2025_seed0-499_48352cd1,58,7,30,0,1
20260912_215351_529_traffic_scan_env2025_seed0-499_48352cd1,58,7,31,0,3
20260912_215351_529_traffic_scan_env2025_seed0-499_48352cd1,58,7,33,0,2
20260912_215351_529_traffic_scan_env2025_seed0-499_48352cd1,58,7,33,1,1
20260912_215351_529_traffic_scan_env2025_seed0-499_48352cd1,58,7,34,0,1
20260912_215351_529_traffic_scan_env2025_seed0-499_48352cd1,58,7,35,0,1
20260912_215351_529_traffic_scan_env2025_seed0-499_48352cd1,58,7,39,0,1
20260912_215351_529_traffic_scan_env2025_seed0-499_48352cd1,58,7,44,0,1
20260912_215351_529_traffic_scan_env2025_seed0-499_48352cd1,58,7,45,0,1
20260912_215351_529_traffic_scan_env2025_seed0-499_48352cd1,58,7,46,0,1
20260912_215351_529_traffic_scan_env2025_seed0-499_48352cd1,58,7,47,0,1
20260912_215351_529_traffic_scan_env2025_seed0-499_48352cd1,58,7,50,0,1
20260912_215351_529_traffic_scan_env2025_seed0-499_48352cd1,58,7,51,0,1
20260912_215351_529_traffic_scan_env2025_seed0-499_48352cd1,58,7,54,0,2
20260912_215351_529_traffic_scan_env2025_seed0-499_48352cd1,58,7,58,0,1
20260912_215351_529_traffic_scan_env2025_seed0-499_48352cd1,58,8,4,0,2
20260912_215351_529_traffic_scan_env2025_seed0-499_48352cd1,58,8,6,0,5
20260912_215351_529_traffic_scan_env2025_seed0-499_48352cd1,58,8,7,0,1
20260912_215351_529_traffic_scan_env2025_seed0-499_48352cd1,58,8,8,0,2
20260912_215351_529_traffic_scan_env2025_seed0-499_48352cd1,58,8,9,0,2
20260912_215351_529_traffic_scan_env2025_seed0-499_48352cd1,58,8,9,1,1
20260912_215351_529_traffic_scan_env2025_seed0-499_48352cd1,58,8,11,0,2
20260912_215351_529_traffic_scan_env2025_seed0-499_48352cd1,58,8,12,1,1
20260912_215351_529_traffic_scan_env2025_seed0-499_48352cd1,58,8,13,2,1
20260912_215351_529_traffic_scan_env2025_seed0-499_48352cd1,58,8,15,0,2
20260912_215351_529_traffic_scan_env2025_seed0-499_48352cd1,58,8,18,0,1
20260912_215351_529_traffic_scan_env2025_seed0-499_48352cd1,58,8,19,0,3
20260912_215351_529_traffic_scan_env2025_seed0-499_48352cd1,58,8,24,0,1
20260912_215351_529_traffic_scan_env2025_seed0-499_48352cd1,58,8,24,1,1
20260912_215351_529_traffic_scan_env2025_seed0-499_48352cd1,58,8,25,0,1
20260912_215351_529_traffic_scan_env2025_seed0-499_48352cd1,58,8,27,0,2
20260912_215351_529_traffic_scan_env2025_seed0-499_48352cd1,58,8,27,1,2
20260912_215351_529_traffic_scan_env2025_seed0-499_48352cd1,58,8,30,0,1
20260912_215351_529_traffic_scan_env2025_seed0-499_48352cd1,58,8,32,0,4
20260912_215351_529_traffic_scan_env2025_seed0-499_48352cd1,58,8,33,1,2
20260912_215351_529_traffic_scan_env2025_seed0-499_48352cd1,58,8,34,1,2
20260912_215351_529_traffic_scan_env2025_seed0-499_48352cd1,58,8,39,0,1
20260912_215351_529_traffic_scan_env2025_seed0-499_48352cd1,58,8,44,0,2
20260912_215351_529_traffic_scan_env2025_seed0-499_48352cd1,58,8,46,0,1
20260912_215351_529_traffic_scan_env2025_seed0-499_48352cd1,58,8,50,0,2
20260912_215351_529_traffic_scan_env2025_seed0-499_48352cd1,58,8,53,0,2
20260912_215351_529_traffic_scan_env2025_seed0-499_48352cd1,58,8,55,0,1
20260912_215351_529_traffic_scan_env2025_seed0-499_48352cd1,58,8,58,0,1
20260912_215351_529_traffic_scan_env2025_seed0-499_48352cd1,58,9,4,0,2
20260912_215351_529_traffic_scan_env2025_seed0-499_48352cd1,58,9,6,0,1
20260912_215351_529_traffic_scan_env2025_seed0-499_48352cd1,58,9,7,0,5
20260912_215351_529_traffic_scan_env2025_seed0-499_48352cd1,58,9,8,0,2
20260912_215351_529_traffic_scan_env2025_seed0-499_48352cd1,58,9,9,0,1
20260912_215351_529_traffic_scan_env2025_seed0-499_48352cd1,58,9,10,0,3
20260912_215351_529_traffic_scan_env2025_seed0-499_48352cd1,58,9,10,1,1
20260912_215351_529_traffic_scan_env2025_seed0-499_48352cd1,58,9,11,0,1
20260912_215351_529_traffic_scan_env2025_seed0-499_48352cd1,58,9,12,0,2
20260912_215351_529_traffic_scan_env2025_seed0-499_48352cd1,58,9,12,1,1
20260912_215351_529_traffic_scan_env2025_seed0-499_48352cd1,58,9,13,2,3
20260912_215351_529_traffic_scan_env2025_seed0-499_48352cd1,58,9,14,1,1
20260912_215351_529_traffic_scan_env2025_seed0-499_48352cd1,58,9,15,0,1
20260912_215351_529_traffic_scan_env2025_seed0-499_48352cd1,58,9,16,0,3
20260912_215351_529_traffic_scan_env2025_seed0-499_48352cd1,58,9,17,0,2
20260912_215351_529_traffic_scan_env2025_seed0-499_48352cd1,58,9,18,0,1
20260912_215351_529_traffic_scan_env2025_seed0-499_48352cd1,58,9,19,0,2
20260912_215351_529_traffic_scan_env2025_seed0-499_48352cd1,58,9,20,0,3
20260912_215351_529_traffic_scan_env2025_seed0-499_48352cd1,58,9,21,0,2
20260912_215351_529_traffic_scan_env2025_seed0-499_48352cd1,58,9,22,0,2
20260912_215351_529_traffic_scan_env2025_seed0-499_48352cd1,58,9,23,0,1
20260912_215351_529_traffic_scan_env2025_seed0-499_48352cd1,58,9,25,0,1
20260912_215351_529_traffic_scan_env2025_seed0-499_48352cd1,58,9,25,1,1
20260912_215351_529_traffic_scan_env2025_seed0-499_48352cd1,58,9,26,1,2
20260912_215351_529_traffic_scan_env2025_seed0-499_48352cd1,58,9,27,0,2
20260912_215351_529_traffic_scan_env2025_seed0-499_48352cd1,58,9,30,0,2
20260912_215351_529_traffic_scan_env2025_seed0-499_48352cd1,58,9,31,0,4
20260912_215351_529_traffic_scan_env2025_seed0-499_48352cd1,58,9,33,2,2
20260912_215351_529_traffic_scan_env2025_seed0-499_48352cd1,58,9,34,2,1
20260912_215351_529_traffic_scan_env2025_seed0-499_48352cd1,58,9,35,2,1
20260912_215351_529_traffic_scan_env2025_seed0-499_48352cd1,58,9,38,0,1
20260912_215351_529_traffic_scan_env2025_seed0-499_48352cd1,58,9,38,1,1
20260912_215351_529_traffic_scan_env2025_seed0-499_48352cd1,58,9,39,1,1
20260912_215351_529_traffic_scan_env2025_seed0-499_48352cd1,58,9,40,1,1
20260912_215351_529_traffic_scan_env2025_seed0-499_48352cd1,58,9,41,2,1
20260912_215351_529_traffic_scan_env2025_seed0-499_48352cd1,58,9,42,1,1
20260912_215351_529_traffic_scan_env2025_seed0-499_48352cd1,58,9,43,0,1
20260912_215351_529_traffic_scan_env2025_seed0-499_48352cd1,58,9,43,1,1
20260912_215351_529_traffic_scan_env2025_seed0-499_48352cd1,58,9,44,0,2
20260912_215351_529_traffic_scan_env2025_seed0-499_48352cd1,58,9,44,1,1
20260912_215351_529_traffic_scan_env2025_seed0-499_48352cd1,58,9,45,0,3
20260912_215351_529_traffic_scan_env2025_seed0-499_48352cd1,58,9,45,1,1
20260912_215351_529_traffic_scan_env2025_seed0-499_48352cd1,58,9,46,1,1
20260912_215351_529_traffic_scan_env2025_seed0-499_48352cd1,58,9,47,0,1
20260912_215351_529_traffic_scan_env2025_seed0-499_48352cd1,58,9,47,1,1
20260912_215351_529_traffic_scan_env2025_seed0-499_48352cd1,58,9,48,1,1
20260912_215351_529_traffic_scan_env2025_seed0-499_48352cd1,58,9,49,0,1
20260912_215351_529_traffic_scan_env2025_seed0-499_48352cd1,58,9,50,0,1
20260912_215351_529_traffic_scan_env2025_seed0-499_48352cd1,58,9,52,0,1
20260912_215351_529_traffic_scan_env2025_seed0-499_48352cd1,58,9,53,0,1
20260912_215351_529_traffic_scan_env2025_seed0-499_48352cd1,58,9,56,0,1
20260912_215351_529_traffic_scan_env2025_seed0-499_48352cd1,58,9,58,0,1
20260912_215351_529_traffic_scan_env2025_seed0-499_48352cd1,58,10,4,0,2
20260912_215351_529_traffic_scan_env2025_seed0-499_48352cd1,58,10,6,1,1
20260912_215351_529_traffic_scan_env2025_seed0-499_48352cd1,58,10,7,0,2
20260912_215351_529_traffic_scan_env2025_seed0-499_48352cd1,58,10,8,0,5
20260912_215351_529_traffic_scan_env2025_seed0-499_48352cd1,58,10,9,0,1
20260912_215351_529_traffic_scan_env2025_seed0-499_48352cd1,58,10,10,0,1
20260912_215351_529_traffic_scan_env2025_seed0-499_48352cd1,58,10,11,0,2
20260912_215351_529_traffic_scan_env2025_seed0-499_48352cd1,58,10,11,1,1
20260912_215351_529_traffic_scan_env2025_seed0-499_48352cd1,58,10,13,0,2
20260912_215351_529_traffic_scan_env2025_seed0-499_48352cd1,58,10,13,1,1
20260912_215351_529_traffic_scan_env2025_seed0-499_48352cd1,58,10,14,1,1
20260912_215351_529_traffic_scan_env2025_seed0-499_48352cd1,58,10,16,0,1
20260912_215351_529_traffic_scan_env2025_seed0-499_48352cd1,58,10,17,0,2
20260912_215351_529_traffic_scan_env2025_seed0-499_48352cd1,58,10,19,0,2
20260912_215351_529_traffic_scan_env2025_seed0-499_48352cd1,58,10,20,0,2
20260912_215351_529_traffic_scan_env2025_seed0-499_48352cd1,58,10,23,0,3
20260912_215351_529_traffic_scan_env2025_seed0-499_48352cd1,58,10,25,0,1
20260912_215351_529_traffic_scan_env2025_seed0-499_48352cd1,58,10,25,1,2
20260912_215351_529_traffic_scan_env2025_seed0-499_48352cd1,58,10,26,1,1
20260912_215351_529_traffic_scan_env2025_seed0-499_48352cd1,58,10,28,0,1
20260912_215351_529_traffic_scan_env2025_seed0-499_48352cd1,58,10,28,1,1
20260912_215351_529_traffic_scan_env2025_seed0-499_48352cd1,58,10,29,0,1
20260912_215351_529_traffic_scan_env2025_seed0-499_48352cd1,58,10,30,0,1
20260912_215351_529_traffic_scan_env2025_seed0-499_48352cd1,58,10,32,0,3
20260912_215351_529_traffic_scan_env2025_seed0-499_48352cd1,58,10,32,1,2
20260912_215351_529_traffic_scan_env2025_seed0-499_48352cd1,58,10,33,0,1
20260912_215351_529_traffic_scan_env2025_seed0-499_48352cd1,58,10,33,1,1
20260912_215351_529_traffic_scan_env2025_seed0-499_48352cd1,58,10,34,1,1
20260912_215351_529_traffic_scan_env2025_seed0-499_48352cd1,58,10,35,2,2
20260912_215351_529_traffic_scan_env2025_seed0-499_48352cd1,58,10,36,2,1
20260912_215351_529_traffic_scan_env2025_seed0-499_48352cd1,58,10,37,0,1
20260912_215351_529_traffic_scan_env2025_seed0-499_48352cd1,58,10,37,1,1
20260912_215351_529_traffic_scan_env2025_seed0-499_48352cd1,58,10,40,0,1
20260912_215351_529_traffic_scan_env2025_seed0-499_48352cd1,58,10,41,0,1
20260912_215351_529_traffic_scan_env2025_seed0-499_48352cd1,58,10,42,0,1
20260912_215351_529_traffic_scan_env2025_seed0-499_48352cd1,58,10,43,0,1
20260912_215351_529_traffic_scan_env2025_seed0-499_48352cd1,58,10,44,0,3
20260912_215351_529_traffic_scan_env2025_seed0-499_48352cd1,58,10,46,0,1
20260912_215351_529_traffic_scan_env2025_seed0-499_48352cd1,58,10,48,0,1
20260912_215351_529_traffic_scan_env2025_seed0-499_48352cd1,58,10,49,0,2
20260912_215351_529_traffic_scan_env2025_seed0-499_48352cd1,58,10,50,0,1
20260912_215351_529_traffic_scan_env2025_seed0-499_48352cd1,58,10,51,0,2
20260912_215351_529_traffic_scan_env2025_seed0-499_48352cd1,58,10,52,0,2
20260912_215351_529_traffic_scan_env2025_seed0-499_48352cd1,58,10,53,0,1
20260912_215351_529_traffic_scan_env2025_seed0-499_48352cd1,58,10,54,0,1
20260912_215351_529_traffic_scan_env2025_seed0-499_48352cd1,58,10,55,0,1
20260912_215351_529_traffic_scan_env2025_seed0-499_48352cd1,58,10,56,0,1
20260912_215351_529_traffic_scan_env2025_seed0-499_48352cd1,58,10,58,0,1
20260912_215351_529_traffic_scan_env2025_seed0-499_48352cd1,58,11,5,1,3
20260912_215351_529_traffic_scan_env2025_seed0-499_48352cd1,58,11,7,0,1
20260912_215351_529_traffic_scan_env2025_seed0-499_48352cd1,58,11,8,0,2
20260912_215351_529_traffic_scan_env2025_seed0-499_48352cd1,58,11,9,0,4
20260912_215351_529_traffic_scan_env2025_seed0-499_48352cd1,58,11,10,0,1
20260912_215351_529_traffic_scan_env2025_seed0-499_48352cd1,58,11,11,0,1
20260912_215351_529_traffic_scan_env2025_seed0-499_48352cd1,58,11,12,0,2
20260912_215351_529_traffic_scan_env2025_seed0-499_48352cd1,58,11,12,1,1
20260912_215351_529_traffic_scan_env2025_seed0-499_48352cd1,58,11,13,1,1
20260912_215351_529_traffic_scan_env2025_seed0-499_48352cd1,58,11,14,0,2
20260912_215351_529_traffic_scan_env2025_seed0-499_48352cd1,58,11,15,0,1
20260912_215351_529_traffic_scan_env2025_seed0-499_48352cd1,58,11,15,1,1
20260912_215351_529_traffic_scan_env2025_seed0-499_48352cd1,58,11,18,0,3
20260912_215351_529_traffic_scan_env2025_seed0-499_48352cd1,58,11,21,0,2
20260912_215351_529_traffic_scan_env2025_seed0-499_48352cd1,58,11,22,0,1
20260912_215351_529_traffic_scan_env2025_seed0-499_48352cd1,58,11,23,0,1
20260912_215351_529_traffic_scan_env2025_seed0-499_48352cd1,58,11,23,1,1
20260912_215351_529_traffic_scan_env2025_seed0-499_48352cd1,58,11,24,0,2
20260912_215351_529_traffic_scan_env2025_seed0-499_48352cd1,58,11,24,1,3
20260912_215351_529_traffic_scan_env2025_seed0-499_48352cd1,58,11,25,0,3
20260912_215351_529_traffic_scan_env2025_seed0-499_48352cd1,58,11,26,0,1
20260912_215351_529_traffic_scan_env2025_seed0-499_48352cd1,58,11,27,2,2
20260912_215351_529_traffic_scan_env2025_seed0-499_48352cd1,58,11,28,0,3
20260912_215351_529_traffic_scan_env2025_seed0-499_48352cd1,58,11,29,0,2
20260912_215351_529_traffic_scan_env2025_seed0-499_48352cd1,58,11,30,0,2
20260912_215351_529_traffic_scan_env2025_seed0-499_48352cd1,58,11,31,0,1
20260912_215351_529_traffic_scan_env2025_seed0-499_48352cd1,58,11,32,0,5
20260912_215351_529_traffic_scan_env2025_seed0-499_48352cd1,58,11,32,1,2
20260912_215351_529_traffic_scan_env2025_seed0-499_48352cd1,58,11,35,2,1
20260912_215351_529_traffic_scan_env2025_seed0-499_48352cd1,58,11,36,0,1
20260912_215351_529_traffic_scan_env2025_seed0-499_48352cd1,58,11,39,0,1
20260912_215351_529_traffic_scan_env2025_seed0-499_48352cd1,58,11,42,0,1
20260912_215351_529_traffic_scan_env2025_seed0-499_48352cd1,58,11,43,0,2
20260912_215351_529_traffic_scan_env2025_seed0-499_48352cd1,58,11,44,0,1
20260912_215351_529_traffic_scan_env2025_seed0-499_48352cd1,58,11,45,0,1
20260912_215351_529_traffic_scan_env2025_seed0-499_48352cd1,58,11,47,0,1
20260912_215351_529_traffic_scan_env2025_seed0-499_48352cd1,58,11,48,0,1
20260912_215351_529_traffic_scan_env2025_seed0-499_48352cd1,58,11,50,0,1
20260912_215351_529_traffic_scan_env2025_seed0-499_48352cd1,58,11,51,0,1
20260912_215351_529_traffic_scan_env2025_seed0-499_48352cd1,58,11,58,0,1
20260912_215351_529_traffic_scan_env2025_seed0-499_48352cd1,58,12,5,1,1
20260912_215351_529_traffic_scan_env2025_seed0-499_48352cd1,58,12,6,1,2
20260912_215351_529_traffic_scan_env2025_seed0-499_48352cd1,58,12,7,0,1
20260912_215351_529_traffic_scan_env2025_seed0-499_48352cd1,58,12,9,0,2
20260912_215351_529_traffic_scan_env2025_seed0-499_48352cd1,58,12,10,0,4
20260912_215351_529_traffic_scan_env2025_seed0-499_48352cd1,58,12,11,0,1
20260912_215351_529_traffic_scan_env2025_seed0-499_48352cd1,58,12,12,0,1
20260912_215351_529_traffic_scan_env2025_seed0-499_48352cd1,58,12,13,0,2
20260912_215351_529_traffic_scan_env2025_seed0-499_48352cd1,58,12,13,1,2
20260912_215351_529_traffic_scan_env2025_seed0-499_48352cd1,58,12,15,0,3
20260912_215351_529_traffic_scan_env2025_seed0-499_48352cd1,58,12,16,1,1
20260912_215351_529_traffic_scan_env2025_seed0-499_48352cd1,58,12,17,0,1
20260912_215351_529_traffic_scan_env2025_seed0-499_48352cd1,58,12,18,0,2
20260912_215351_529_traffic_scan_env2025_seed0-499_48352cd1,58,12,21,0,1
20260912_215351_529_traffic_scan_env2025_seed0-499_48352cd1,58,12,22,0,2
20260912_215351_529_traffic_scan_env2025_seed0-499_48352cd1,58,12,23,1,3
20260912_215351_529_traffic_scan_env2025_seed0-499_48352cd1,58,12,25,2,1
20260912_215351_529_traffic_scan_env2025_seed0-499_48352cd1,58,12,26,0,2
20260912_215351_529_traffic_scan_env2025_seed0-499_48352cd1,58,12,27,0,4
20260912_215351_529_traffic_scan_env2025_seed0-499_48352cd1,58,12,27,1,1
20260912_215351_529_traffic_scan_env2025_seed0-499_48352cd1,58,12,28,0,1
20260912_215351_529_traffic_scan_env2025_seed0-499_48352cd1,58,12,28,1,1
20260912_215351_529_traffic_scan_env2025_seed0-499_48352cd1,58,12,30,0,2
20260912_215351_529_traffic_scan_env2025_seed0-499_48352cd1,58,12,32,0,4
20260912_215351_529_traffic_scan_env2025_seed0-499_48352cd1,58,12,32,1,2
20260912_215351_529_traffic_scan_env2025_seed0-499_48352cd1,58,12,35,0,2
20260912_215351_529_traffic_scan_env2025_seed0-499_48352cd1,58,12,35,1,1
20260912_215351_529_traffic_scan_env2025_seed0-499_48352cd1,58,12,36,0,1
20260912_215351_529_traffic_scan_env2025_seed0-499_48352cd1,58,12,37,0,1
20260912_215351_529_traffic_scan_env2025_seed0-499_48352cd1,58,12,38,0,1
20260912_215351_529_traffic_scan_env2025_seed0-499_48352cd1,58,12,40,0,1
20260912_215351_529_traffic_scan_env2025_seed0-499_48352cd1,58,12,41,0,1
20260912_215351_529_traffic_scan_env2025_seed0-499_48352cd1,58,12,42,0,2
20260912_215351_529_traffic_scan_env2025_seed0-499_48352cd1,58,12,44,0,2
20260912_215351_529_traffic_scan_env2025_seed0-499_48352cd1,58,12,46,0,1
20260912_215351_529_traffic_scan_env2025_seed0-499_48352cd1,58,12,47,0,1
20260912_215351_529_traffic_scan_env2025_seed0-499_48352cd1,58,12,49,1,1
20260912_215351_529_traffic_scan_env2025_seed0-499_48352cd1,58,12,51,0,1
20260912_215351_529_traffic_scan_env2025_seed0-499_48352cd1,58,12,56,0,1
20260912_215351_529_traffic_scan_env2025_seed0-499_48352cd1,58,12,57,0,1
20260912_215351_529_traffic_scan_env2025_seed0-499_48352cd1,58,12,58,0,1
20260912_215351_529_traffic_scan_env2025_seed0-499_48352cd1,58,13,1,0,1
20260912_215351_529_traffic_scan_env2025_seed0-499_48352cd1,58,13,3,0,2
20260912_215351_529_traffic_scan_env2025_seed0-499_48352cd1,58,13,4,0,1
20260912_215351_529_traffic_scan_env2025_seed0-499_48352cd1,58,13,5,0,2
20260912_215351_529_traffic_scan_env2025_seed0-499_48352cd1,58,13,5,1,1
20260912_215351_529_traffic_scan_env2025_seed0-499_48352cd1,58,13,6,0,2
20260912_215351_529_traffic_scan_env2025_seed0-499_48352cd1,58,13,7,0,2
20260912_215351_529_traffic_scan_env2025_seed0-499_48352cd1,58,13,7,1,2
20260912_215351_529_traffic_scan_env2025_seed0-499_48352cd1,58,13,8,0,1
20260912_215351_529_traffic_scan_env2025_seed0-499_48352cd1,58,13,9,0,2
20260912_215351_529_traffic_scan_env2025_seed0-499_48352cd1,58,13,10,0,2
20260912_215351_529_traffic_scan_env2025_seed0-499_48352cd1,58,13,11,0,5
20260912_215351_529_traffic_scan_env2025_seed0-499_48352cd1,58,13,12,0,2
20260912_215351_529_traffic_scan_env2025_seed0-499_48352cd1,58,13,13,0,2
20260912_215351_529_traffic_scan_env2025_seed0-499_48352cd1,58,13,13,1,1
20260912_215351_529_traffic_scan_env2025_seed0-499_48352cd1,58,13,14,0,5
20260912_215351_529_traffic_scan_env2025_seed0-499_48352cd1,58,13,14,1,1
20260912_215351_529_traffic_scan_env2025_seed0-499_48352cd1,58,13,15,0,3
20260912_215351_529_traffic_scan_env2025_seed0-499_48352cd1,58,13,16,0,3
20260912_215351_529_traffic_scan_env2025_seed0-499_48352cd1,58,13,16,1,1
20260912_215351_529_traffic_scan_env2025_seed0-499_48352cd1,58,13,18,0,2
20260912_215351_529_traffic_scan_env2025_seed0-499_48352cd1,58,13,19,0,3
20260912_215351_529_traffic_scan_env2025_seed0-499_48352cd1,58,13,20,0,2
20260912_215351_529_traffic_scan_env2025_seed0-499_48352cd1,58,13,21,0,1
20260912_215351_529_traffic_scan_env2025_seed0-499_48352cd1,58,13,23,0,2
20260912_215351_529_traffic_scan_env2025_seed0-499_48352cd1,58,13,23,1,3
20260912_215351_529_traffic_scan_env2025_seed0-499_48352cd1,58,13,25,0,1
20260912_215351_529_traffic_scan_env2025_seed0-499_48352cd1,58,13,26,0,2
20260912_215351_529_traffic_scan_env2025_seed0-499_48352cd1,58,13,26,1,1
20260912_215351_529_traffic_scan_env2025_seed0-499_48352cd1,58,13,27,2,1
20260912_215351_529_traffic_scan_env2025_seed0-499_48352cd1,58,13,29,0,1
20260912_215351_529_traffic_scan_env2025_seed0-499_48352cd1,58,13,29,1,1
20260912_215351_529_traffic_scan_env2025_seed0-499_48352cd1,58,13,30,0,1
20260912_215351_529_traffic_scan_env2025_seed0-499_48352cd1,58,13,31,0,1
20260912_215351_529_traffic_scan_env2025_seed0-499_48352cd1,58,13,32,0,2
20260912_215351_529_traffic_scan_env2025_seed0-499_48352cd1,58,13,32,1,2
20260912_215351_529_traffic_scan_env2025_seed0-499_48352cd1,58,13,33,0,2
20260912_215351_529_traffic_scan_env2025_seed0-499_48352cd1,58,13,34,0,2
20260912_215351_529_traffic_scan_env2025_seed0-499_48352cd1,58,13,36,2,1
20260912_215351_529_traffic_scan_env2025_seed0-499_48352cd1,58,13,39,0,1
20260912_215351_529_traffic_scan_env2025_seed0-499_48352cd1,58,13,41,0,2
20260912_215351_529_traffic_scan_env2025_seed0-499_48352cd1,58,13,43,0,1
20260912_215351_529_traffic_scan_env2025_seed0-499_48352cd1,58,13,44,0,1
20260912_215351_529_traffic_scan_env2025_seed0-499_48352cd1,58,13,45,0,1
20260912_215351_529_traffic_scan_env2025_seed0-499_48352cd1,58,13,46,0,1
20260912_215351_529_traffic_scan_env2025_seed0-499_48352cd1,58,13,49,1,1
20260912_215351_529_traffic_scan_env2025_seed0-499_48352cd1,58,13,50,0,1
20260912_215351_529_traffic_scan_env2025_seed0-499_48352cd1,58,13,52,0,2
20260912_215351_529_traffic_scan_env2025_seed0-499_48352cd1,58,13,53,0,1
20260912_215351_529_traffic_scan_env2025_seed0-499_48352cd1,58,13,54,0,1
20260912_215351_529_traffic_scan_env2025_seed0-499_48352cd1,58,13,55,0,1
20260912_215351_529_traffic_scan_env2025_seed0-499_48352cd1,58,13,56,0,2
20260912_215351_529_traffic_scan_env2025_seed0-499_48352cd1,58,13,57,0,2
20260912_215351_529_traffic_scan_env2025_seed0-499_48352cd1,58,13,58,0,2
20260912_215351_529_traffic_scan_env2025_seed0-499_48352cd1,58,13,59,0,1
20260912_215351_529_traffic_scan_env2025_seed0-499_48352cd1,58,14,1,0,1
20260912_215351_529_traffic_scan_env2025_seed0-499_48352cd1,58,14,2,0,1
20260912_215351_529_traffic_scan_env2025_seed0-499_48352cd1,58,14,3,0,2
20260912_215351_529_traffic_scan_env2025_seed0-499_48352cd1,58,14,4,0,1
20260912_215351_529_traffic_scan_env2025_seed0-499_48352cd1,58,14,5,2,1
20260912_215351_529_traffic_scan_env2025_seed0-499_48352cd1,58,14,7,0,2
20260912_215351_529_traffic_scan_env2025_seed0-499_48352cd1,58,14,7,1,1
20260912_215351_529_traffic_scan_env2025_seed0-499_48352cd1,58,14,8,0,1
20260912_215351_529_traffic_scan_env2025_seed0-499_48352cd1,58,14,8,1,1
20260912_215351_529_traffic_scan_env2025_seed0-499_48352cd1,58,14,9,0,2
20260912_215351_529_traffic_scan_env2025_seed0-499_48352cd1,58,14,9,1,1
20260912_215351_529_traffic_scan_env2025_seed0-499_48352cd1,58,14,10,0,1
20260912_215351_529_traffic_scan_env2025_seed0-499_48352cd1,58,14,11,0,2
20260912_215351_529_traffic_scan_env2025_seed0-499_48352cd1,58,14,12,0,6
20260912_215351_529_traffic_scan_env2025_seed0-499_48352cd1,58,14,13,0,3
20260912_215351_529_traffic_scan_env2025_seed0-499_48352cd1,58,14,13,1,2
20260912_215351_529_traffic_scan_env2025_seed0-499_48352cd1,58,14,16,0,2
20260912_215351_529_traffic_scan_env2025_seed0-499_48352cd1,58,14,17,0,3
20260912_215351_529_traffic_scan_env2025_seed0-499_48352cd1,58,14,17,1,1
20260912_215351_529_traffic_scan_env2025_seed0-499_48352cd1,58,14,19,0,3
20260912_215351_529_traffic_scan_env2025_seed0-499_48352cd1,58,14,20,0,2
20260912_215351_529_traffic_scan_env2025_seed0-499_48352cd1,58,14,22,0,1
20260912_215351_529_traffic_scan_env2025_seed0-499_48352cd1,58,14,22,1,2
20260912_215351_529_traffic_scan_env2025_seed0-499_48352cd1,58,14,23,0,2
20260912_215351_529_traffic_scan_env2025_seed0-499_48352cd1,58,14,23,1,1
20260912_215351_529_traffic_scan_env2025_seed0-499_48352cd1,58,14,24,0,2
20260912_215351_529_traffic_scan_env2025_seed0-499_48352cd1,58,14,25,0,4
20260912_215351_529_traffic_scan_env2025_seed0-499_48352cd1,58,14,26,0,1
20260912_215351_529_traffic_scan_env2025_seed0-499_48352cd1,58,14,27,2,2
20260912_215351_529_traffic_scan_env2025_seed0-499_48352cd1,58,14,30,0,3
20260912_215351_529_traffic_scan_env2025_seed0-499_48352cd1,58,14,30,1,1
20260912_215351_529_traffic_scan_env2025_seed0-499_48352cd1,58,14,32,0,3
20260912_215351_529_traffic_scan_env2025_seed0-499_48352cd1,58,14,32,1,2
20260912_215351_529_traffic_scan_env2025_seed0-499_48352cd1,58,14,33,0,4
20260912_215351_529_traffic_scan_env2025_seed0-499_48352cd1,58,14,36,2,1
20260912_215351_529_traffic_scan_env2025_seed0-499_48352cd1,58,14,37,1,2
20260912_215351_529_traffic_scan_env2025_seed0-499_48352cd1,58,14,38,0,2
20260912_215351_529_traffic_scan_env2025_seed0-499_48352cd1,58,14,39,0,1
20260912_215351_529_traffic_scan_env2025_seed0-499_48352cd1,58,14,40,0,4
20260912_215351_529_traffic_scan_env2025_seed0-499_48352cd1,58,14,41,0,2
20260912_215351_529_traffic_scan_env2025_seed0-499_48352cd1,58,14,42,0,3
20260912_215351_529_traffic_scan_env2025_seed0-499_48352cd1,58,14,43,0,2
20260912_215351_529_traffic_scan_env2025_seed0-499_48352cd1,58,14,44,0,4
20260912_215351_529_traffic_scan_env2025_seed0-499_48352cd1,58,14,45,0,2
20260912_215351_529_traffic_scan_env2025_seed0-499_48352cd1,58,14,46,0,3
20260912_215351_529_traffic_scan_env2025_seed0-499_48352cd1,58,14,47,0,2
20260912_215351_529_traffic_scan_env2025_seed0-499_48352cd1,58,14,48,0,2
20260912_215351_529_traffic_scan_env2025_seed0-499_48352cd1,58,14,49,0,2
20260912_215351_529_traffic_scan_env2025_seed0-499_48352cd1,58,14,49,1,1
20260912_215351_529_traffic_scan_env2025_seed0-499_48352cd1,58,14,50,0,3
20260912_215351_529_traffic_scan_env2025_seed0-499_48352cd1,58,14,51,0,2
20260912_215351_529_traffic_scan_env2025_seed0-499_48352cd1,58,14,53,0,1
20260912_215351_529_traffic_scan_env2025_seed0-499_48352cd1,58,14,54,0,1
20260912_215351_529_traffic_scan_env2025_seed0-499_48352cd1,58,14,55,0,1
20260912_215351_529_traffic_scan_env2025_seed0-499_48352cd1,58,14,56,0,3
20260912_215351_529_traffic_scan_env2025_seed0-499_48352cd1,58,14,57,0,2
20260912_215351_529_traffic_scan_env2025_seed0-499_48352cd1,58,14,58,0,1
20260912_215351_529_traffic_scan_env2025_seed0-499_48352cd1,58,14,58,1,1
20260912_215351_529_traffic_scan_env2025_seed0-499_48352cd1,58,14,59,0,2
20260912_215351_529_traffic_scan_env2025_seed0-499_48352cd1,58,15,1,0,1
20260912_215351_529_traffic_scan_env2025_seed0-499_48352cd1,58,15,3,0,1
20260912_215351_529_traffic_scan_env2025_seed0-499_48352cd1,58,15,4,1,1
20260912_215351_529_traffic_scan_env2025_seed0-499_48352cd1,58,15,7,0,1
20260912_215351_529_traffic_scan_env2025_seed0-499_48352cd1,58,15,7,1,1
20260912_215351_529_traffic_scan_env2025_seed0-499_48352cd1,58,15,10,1,2
20260912_215351_529_traffic_scan_env2025_seed0-499_48352cd1,58,15,13,0,7
20260912_215351_529_traffic_scan_env2025_seed0-499_48352cd1,58,15,13,1,4
20260912_215351_529_traffic_scan_env2025_seed0-499_48352cd1,58,15,16,1,1
20260912_215351_529_traffic_scan_env2025_seed0-499_48352cd1,58,15,17,0,3
20260912_215351_529_traffic_scan_env2025_seed0-499_48352cd1,58,15,17,1,1
20260912_215351_529_traffic_scan_env2025_seed0-499_48352cd1,58,15,18,0,4
20260912_215351_529_traffic_scan_env2025_seed0-499_48352cd1,58,15,18,1,2
20260912_215351_529_traffic_scan_env2025_seed0-499_48352cd1,58,15,19,2,1
20260912_215351_529_traffic_scan_env2025_seed0-499_48352cd1,58,15,20,2,1
20260912_215351_529_traffic_scan_env2025_seed0-499_48352cd1,58,15,21,0,2
20260912_215351_529_traffic_scan_env2025_seed0-499_48352cd1,58,15,21,1,3
20260912_215351_529_traffic_scan_env2025_seed0-499_48352cd1,58,15,22,1,1
20260912_215351_529_traffic_scan_env2025_seed0-499_48352cd1,58,15,23,0,1
20260912_215351_529_traffic_scan_env2025_seed0-499_48352cd1,58,15,23,1,2
20260912_215351_529_traffic_scan_env2025_seed0-499_48352cd1,58,15,24,0,2
20260912_215351_529_traffic_scan_env2025_seed0-499_48352cd1,58,15,24,1,1
20260912_215351_529_traffic_scan_env2025_seed0-499_48352cd1,58,15,25,0,2
20260912_215351_529_traffic_scan_env2025_seed0-499_48352cd1,58,15,25,1,1
20260912_215351_529_traffic_scan_env2025_seed0-499_48352cd1,58,15,26,1,1
20260912_215351_529_traffic_scan_env2025_seed0-499_48352cd1,58,15,27,0,1
20260912_215351_529_traffic_scan_env2025_seed0-499_48352cd1,58,15,27,1,2
20260912_215351_529_traffic_scan_env2025_seed0-499_48352cd1,58,15,28,0,1
20260912_215351_529_traffic_scan_env2025_seed0-499_48352cd1,58,15,28,1,2
20260912_215351_529_traffic_scan_env2025_seed0-499_48352cd1,58,15,29,0,1
20260912_215351_529_traffic_scan_env2025_seed0-499_48352cd1,58,15,29,1,2
20260912_215351_529_traffic_scan_env2025_seed0-499_48352cd1,58,15,30,0,3
20260912_215351_529_traffic_scan_env2025_seed0-499_48352cd1,58,15,30,1,1
20260912_215351_529_traffic_scan_env2025_seed0-499_48352cd1,58,15,31,0,2
20260912_215351_529_traffic_scan_env2025_seed0-499_48352cd1,58,15,31,1,2
20260912_215351_529_traffic_scan_env2025_seed0-499_48352cd1,58,15,32,0,5
20260912_215351_529_traffic_scan_env2025_seed0-499_48352cd1,58,15,32,1,3
20260912_215351_529_traffic_scan_env2025_seed0-499_48352cd1,58,15,33,0,3
20260912_215351_529_traffic_scan_env2025_seed0-499_48352cd1,58,15,33,1,1
20260912_215351_529_traffic_scan_env2025_seed0-499_48352cd1,58,15,34,0,2
20260912_215351_529_traffic_scan_env2025_seed0-499_48352cd1,58,15,34,1,1
20260912_215351_529_traffic_scan_env2025_seed0-499_48352cd1,58,15,35,0,1
20260912_215351_529_traffic_scan_env2025_seed0-499_48352cd1,58,15,35,1,1
20260912_215351_529_traffic_scan_env2025_seed0-499_48352cd1,58,15,36,0,2
20260912_215351_529_traffic_scan_env2025_seed0-499_48352cd1,58,15,37,0,2
20260912_215351_529_traffic_scan_env2025_seed0-499_48352cd1,58,15,38,0,1
20260912_215351_529_traffic_scan_env2025_seed0-499_48352cd1,58,15,39,0,3
20260912_215351_529_traffic_scan_env2025_seed0-499_48352cd1,58,15,41,0,1
20260912_215351_529_traffic_scan_env2025_seed0-499_48352cd1,58,15,43,0,1
20260912_215351_529_traffic_scan_env2025_seed0-499_48352cd1,58,15,43,1,1
20260912_215351_529_traffic_scan_env2025_seed0-499_48352cd1,58,15,45,1,1
20260912_215351_529_traffic_scan_env2025_seed0-499_48352cd1,58,15,49,0,1
20260912_215351_529_traffic_scan_env2025_seed0-499_48352cd1,58,15,49,1,1
20260912_215351_529_traffic_scan_env2025_seed0-499_48352cd1,58,15,50,0,1
20260912_215351_529_traffic_scan_env2025_seed0-499_48352cd1,58,15,51,0,1
20260912_215351_529_traffic_scan_env2025_seed0-499_48352cd1,58,15,52,0,1
20260912_215351_529_traffic_scan_env2025_seed0-499_48352cd1,58,15,53,0,1
20260912_215351_529_traffic_scan_env2025_seed0-499_48352cd1,58,15,54,0,2
20260912_215351_529_traffic_scan_env2025_seed0-499_48352cd1,58,15,55,0,2
20260912_215351_529_traffic_scan_env2025_seed0-499_48352cd1,58,15,57,0,3
20260912_215351_529_traffic_scan_env2025_seed0-499_48352cd1,58,15,58,0,2
20260912_215351_529_traffic_scan_env2025_seed0-499_48352cd1,58,15,58,1,1
20260912_215351_529_traffic_scan_env2025_seed0-499_48352cd1,58,15,59,0,2
20260912_215351_529_traffic_scan_env2025_seed0-499_48352cd1,58,16,1,0,1
20260912_215351_529_traffic_scan_env2025_seed0-499_48352cd1,58,16,3,0,1
20260912_215351_529_traffic_scan_env2025_seed0-499_48352cd1,58,16,4,1,1
20260912_215351_529_traffic_scan_env2025_seed0-499_48352cd1,58,16,7,1,2
20260912_215351_529_traffic_scan_env2025_seed0-499_48352cd1,58,16,10,1,1
20260912_215351_529_traffic_scan_env2025_seed0-499_48352cd1,58,16,11,1,1
20260912_215351_529_traffic_scan_env2025_seed0-499_48352cd1,58,16,12,0,1
20260912_215351_529_traffic_scan_env2025_seed0-499_48352cd1,58,16,13,1,1
20260912_215351_529_traffic_scan_env2025_seed0-499_48352cd1,58,16,14,0,6
20260912_215351_529_traffic_scan_env2025_seed0-499_48352cd1,58,16,14,1,3
20260912_215351_529_traffic_scan_env2025_seed0-499_48352cd1,58,16,15,1,1
20260912_215351_529_traffic_scan_env2025_seed0-499_48352cd1,58,16,16,0,1
20260912_215351_529_traffic_scan_env2025_seed0-499_48352cd1,58,16,18,0,3
20260912_215351_529_traffic_scan_env2025_seed0-499_48352cd1,58,16,19,0,2
20260912_215351_529_traffic_scan_env2025_seed0-499_48352cd1,58,16,19,1,1
20260912_215351_529_traffic_scan_env2025_seed0-499_48352cd1,58,16,20,1,2
20260912_215351_529_traffic_scan_env2025_seed0-499_48352cd1,58,16,22,0,3
20260912_215351_529_traffic_scan_env2025_seed0-499_48352cd1,58,16,23,0,2
20260912_215351_529_traffic_scan_env2025_seed0-499_48352cd1,58,16,23,1,2
20260912_215351_529_traffic_scan_env2025_seed0-499_48352cd1,58,16,26,1,2
20260912_215351_529_traffic_scan_env2025_seed0-499_48352cd1,58,16,27,1,1
20260912_215351_529_traffic_scan_env2025_seed0-499_48352cd1,58,16,29,0,1
20260912_215351_529_traffic_scan_env2025_seed0-499_48352cd1,58,16,30,0,1
20260912_215351_529_traffic_scan_env2025_seed0-499_48352cd1,58,16,30,1,1
20260912_215351_529_traffic_scan_env2025_seed0-499_48352cd1,58,16,31,0,2
20260912_215351_529_traffic_scan_env2025_seed0-499_48352cd1,58,16,32,0,3
20260912_215351_529_traffic_scan_env2025_seed0-499_48352cd1,58,16,32,1,3
20260912_215351_529_traffic_scan_env2025_seed0-499_48352cd1,58,16,33,0,1
20260912_215351_529_traffic_scan_env2025_seed0-499_48352cd1,58,16,34,0,1
20260912_215351_529_traffic_scan_env2025_seed0-499_48352cd1,58,16,35,0,1
20260912_215351_529_traffic_scan_env2025_seed0-499_48352cd1,58,16,36,0,1
20260912_215351_529_traffic_scan_env2025_seed0-499_48352cd1,58,16,36,1,1
20260912_215351_529_traffic_scan_env2025_seed0-499_48352cd1,58,16,37,0,2
20260912_215351_529_traffic_scan_env2025_seed0-499_48352cd1,58,16,38,0,3
20260912_215351_529_traffic_scan_env2025_seed0-499_48352cd1,58,16,40,0,1
20260912_215351_529_traffic_scan_env2025_seed0-499_48352cd1,58,16,42,0,1
20260912_215351_529_traffic_scan_env2025_seed0-499_48352cd1,58,16,42,1,1
20260912_215351_529_traffic_scan_env2025_seed0-499_48352cd1,58,16,43,1,2
20260912_215351_529_traffic_scan_env2025_seed0-499_48352cd1,58,16,44,2,2
20260912_215351_529_traffic_scan_env2025_seed0-499_48352cd1,58,16,45,2,1
20260912_215351_529_traffic_scan_env2025_seed0-499_48352cd1,58,16,46,1,1
20260912_215351_529_traffic_scan_env2025_seed0-499_48352cd1,58,16,47,1,1
20260912_215351_529_traffic_scan_env2025_seed0-499_48352cd1,58,16,48,0,1
20260912_215351_529_traffic_scan_env2025_seed0-499_48352cd1,58,16,48,1,1
20260912_215351_529_traffic_scan_env2025_seed0-499_48352cd1,58,16,49,1,2
20260912_215351_529_traffic_scan_env2025_seed0-499_48352cd1,58,16,53,1,2
20260912_215351_529_traffic_scan_env2025_seed0-499_48352cd1,58,16,54,0,1
20260912_215351_529_traffic_scan_env2025_seed0-499_48352cd1,58,16,56,0,4
20260912_215351_529_traffic_scan_env2025_seed0-499_48352cd1,58,16,58,0,2
20260912_215351_529_traffic_scan_env2025_seed0-499_48352cd1,58,16,58,1,1
20260912_215351_529_traffic_scan_env2025_seed0-499_48352cd1,58,16,59,0,1
20260912_215351_529_traffic_scan_env2025_seed0-499_48352cd1,58,17,1,0,2
20260912_215351_529_traffic_scan_env2025_seed0-499_48352cd1,58,17,3,0,1
20260912_215351_529_traffic_scan_env2025_seed0-499_48352cd1,58,17,5,2,1
20260912_215351_529_traffic_scan_env2025_seed0-499_48352cd1,58,17,7,0,1
20260912_215351_529_traffic_scan_env2025_seed0-499_48352cd1,58,17,7,1,2
20260912_215351_529_traffic_scan_env2025_seed0-499_48352cd1,58,17,9,1,1
20260912_215351_529_traffic_scan_env2025_seed0-499_48352cd1,58,17,11,0,1
20260912_215351_529_traffic_scan_env2025_seed0-499_48352cd1,58,17,12,1,1
20260912_215351_529_traffic_scan_env2025_seed0-499_48352cd1,58,17,13,1,1
20260912_215351_529_traffic_scan_env2025_seed0-499_48352cd1,58,17,15,0,7
20260912_215351_529_traffic_scan_env2025_seed0-499_48352cd1,58,17,15,1,2
20260912_215351_529_traffic_scan_env2025_seed0-499_48352cd1,58,17,18,0,3
20260912_215351_529_traffic_scan_env2025_seed0-499_48352cd1,58,17,20,0,2
20260912_215351_529_traffic_scan_env2025_seed0-499_48352cd1,58,17,20,1,3
20260912_215351_529_traffic_scan_env2025_seed0-499_48352cd1,58,17,22,1,6
20260912_215351_529_traffic_scan_env2025_seed0-499_48352cd1,58,17,23,2,1
20260912_215351_529_traffic_scan_env2025_seed0-499_48352cd1,58,17,26,1,1
20260912_215351_529_traffic_scan_env2025_seed0-499_48352cd1,58,17,27,1,2
20260912_215351_529_traffic_scan_env2025_seed0-499_48352cd1,58,17,28,1,1
20260912_215351_529_traffic_scan_env2025_seed0-499_48352cd1,58,17,29,0,1
20260912_215351_529_traffic_scan_env2025_seed0-499_48352cd1,58,17,30,0,3
20260912_215351_529_traffic_scan_env2025_seed0-499_48352cd1,58,17,31,1,1
20260912_215351_529_traffic_scan_env2025_seed0-499_48352cd1,58,17,32,0,2
20260912_215351_529_traffic_scan_env2025_seed0-499_48352cd1,58,17,32,1,2
20260912_215351_529_traffic_scan_env2025_seed0-499_48352cd1,58,17,33,0,2
20260912_215351_529_traffic_scan_env2025_seed0-499_48352cd1,58,17,33,1,1
20260912_215351_529_traffic_scan_env2025_seed0-499_48352cd1,58,17,35,0,1
20260912_215351_529_traffic_scan_env2025_seed0-499_48352cd1,58,17,35,1,1
20260912_215351_529_traffic_scan_env2025_seed0-499_48352cd1,58,17,36,0,4
20260912_215351_529_traffic_scan_env2025_seed0-499_48352cd1,58,17,39,0,1
20260912_215351_529_traffic_scan_env2025_seed0-499_48352cd1,58,17,39,1,2
20260912_215351_529_traffic_scan_env2025_seed0-499_48352cd1,58,17,39,2,1
20260912_215351_529_traffic_scan_env2025_seed0-499_48352cd1,58,17,40,0,1
20260912_215351_529_traffic_scan_env2025_seed0-499_48352cd1,58,17,41,0,1
20260912_215351_529_traffic_scan_env2025_seed0-499_48352cd1,58,17,41,1,1
20260912_215351_529_traffic_scan_env2025_seed0-499_48352cd1,58,17,43,1,2
20260912_215351_529_traffic_scan_env2025_seed0-499_48352cd1,58,17,47,0,1
20260912_215351_529_traffic_scan_env2025_seed0-499_48352cd1,58,17,49,2,1
20260912_215351_529_traffic_scan_env2025_seed0-499_48352cd1,58,17,52,1,2
20260912_215351_529_traffic_scan_env2025_seed0-499_48352cd1,58,17,55,0,2
20260912_215351_529_traffic_scan_env2025_seed0-499_48352cd1,58,17,56,0,1
20260912_215351_529_traffic_scan_env2025_seed0-499_48352cd1,58,17,57,0,3
20260912_215351_529_traffic_scan_env2025_seed0-499_48352cd1,58,17,58,0,1
20260912_215351_529_traffic_scan_env2025_seed0-499_48352cd1,58,17,58,1,1
20260912_215351_529_traffic_scan_env2025_seed0-499_48352cd1,58,18,2,0,2
20260912_215351_529_traffic_scan_env2025_seed0-499_48352cd1,58,18,3,0,1
20260912_215351_529_traffic_scan_env2025_seed0-499_48352cd1,58,18,5,1,1
20260912_215351_529_traffic_scan_env2025_seed0-499_48352cd1,58,18,7,1,2
20260912_215351_529_traffic_scan_env2025_seed0-499_48352cd1,58,18,8,1,1
20260912_215351_529_traffic_scan_env2025_seed0-499_48352cd1,58,18,9,1,1
20260912_215351_529_traffic_scan_env2025_seed0-499_48352cd1,58,18,10,0,1
20260912_215351_529_traffic_scan_env2025_seed0-499_48352cd1,58,18,13,1,2
20260912_215351_529_traffic_scan_env2025_seed0-499_48352cd1,58,18,14,0,1
20260912_215351_529_traffic_scan_env2025_seed0-499_48352cd1,58,18,15,0,1
20260912_215351_529_traffic_scan_env2025_seed0-499_48352cd1,58,18,16,0,5
20260912_215351_529_traffic_scan_env2025_seed0-499_48352cd1,58,18,16,1,2
20260912_215351_529_traffic_scan_env2025_seed0-499_48352cd1,58,18,18,0,1
20260912_215351_529_traffic_scan_env2025_seed0-499_48352cd1,58,18,19,0,4
20260912_215351_529_traffic_scan_env2025_seed0-499_48352cd1,58,18,19,1,2
20260912_215351_529_traffic_scan_env2025_seed0-499_48352cd1,58,18,20,0,1
20260912_215351_529_traffic_scan_env2025_seed0-499_48352cd1,58,18,21,1,6
20260912_215351_529_traffic_scan_env2025_seed0-499_48352cd1,58,18,22,1,2
20260912_215351_529_traffic_scan_env2025_seed0-499_48352cd1,58,18,23,2,5
20260912_215351_529_traffic_scan_env2025_seed0-499_48352cd1,58,18,26,0,1
20260912_215351_529_traffic_scan_env2025_seed0-499_48352cd1,58,18,27,2,1
20260912_215351_529_traffic_scan_env2025_seed0-499_48352cd1,58,18,29,0,3
20260912_215351_529_traffic_scan_env2025_seed0-499_48352cd1,58,18,29,1,1
20260912_215351_529_traffic_scan_env2025_seed0-499_48352cd1,58,18,30,1,1
20260912_215351_529_traffic_scan_env2025_seed0-499_48352cd1,58,18,32,0,2
20260912_215351_529_traffic_scan_env2025_seed0-499_48352cd1,58,18,32,1,3
20260912_215351_529_traffic_scan_env2025_seed0-499_48352cd1,58,18,33,0,1
20260912_215351_529_traffic_scan_env2025_seed0-499_48352cd1,58,18,33,1,1
20260912_215351_529_traffic_scan_env2025_seed0-499_48352cd1,58,18,34,0,1
20260912_215351_529_traffic_scan_env2025_seed0-499_48352cd1,58,18,34,1,2
20260912_215351_529_traffic_scan_env2025_seed0-499_48352cd1,58,18,35,0,2
20260912_215351_529_traffic_scan_env2025_seed0-499_48352cd1,58,18,35,1,1
20260912_215351_529_traffic_scan_env2025_seed0-499_48352cd1,58,18,36,0,3
20260912_215351_529_traffic_scan_env2025_seed0-499_48352cd1,58,18,39,3,1
20260912_215351_529_traffic_scan_env2025_seed0-499_48352cd1,58,18,40,2,3
20260912_215351_529_traffic_scan_env2025_seed0-499_48352cd1,58,18,41,1,1
20260912_215351_529_traffic_scan_env2025_seed0-499_48352cd1,58,18,42,1,1
20260912_215351_529_traffic_scan_env2025_seed0-499_48352cd1,58,18,43,0,1
20260912_215351_529_traffic_scan_env2025_seed0-499_48352cd1,58,18,43,1,2
20260912_215351_529_traffic_scan_env2025_seed0-499_48352cd1,58,18,47,0,1
20260912_215351_529_traffic_scan_env2025_seed0-499_48352cd1,58,18,49,2,1
20260912_215351_529_traffic_scan_env2025_seed0-499_48352cd1,58,18,50,0,1
20260912_215351_529_traffic_scan_env2025_seed0-499_48352cd1,58,18,51,0,1
20260912_215351_529_traffic_scan_env2025_seed0-499_48352cd1,58,18,51,1,2
20260912_215351_529_traffic_scan_env2025_seed0-499_48352cd1,58,18,52,0,1
20260912_215351_529_traffic_scan_env2025_seed0-499_48352cd1,58,18,55,0,3
20260912_215351_529_traffic_scan_env2025_seed0-499_48352cd1,58,18,56,0,4
20260912_215351_529_traffic_scan_env2025_seed0-499_48352cd1,58,18,57,0,3
20260912_215351_529_traffic_scan_env2025_seed0-499_48352cd1,58,18,58,1,1
20260912_215351_529_traffic_scan_env2025_seed0-499_48352cd1,58,19,3,0,3
20260912_215351_529_traffic_scan_env2025_seed0-499_48352cd1,58,19,5,1,1
20260912_215351_529_traffic_scan_env2025_seed0-499_48352cd1,58,19,6,0,1
20260912_215351_529_traffic_scan_env2025_seed0-499_48352cd1,58,19,7,1,2
20260912_215351_529_traffic_scan_env2025_seed0-499_48352cd1,58,19,9,1,3
20260912_215351_529_traffic_scan_env2025_seed0-499_48352cd1,58,19,13,0,2
20260912_215351_529_traffic_scan_env2025_seed0-499_48352cd1,58,19,13,1,1
20260912_215351_529_traffic_scan_env2025_seed0-499_48352cd1,58,19,14,0,1
20260912_215351_529_traffic_scan_env2025_seed0-499_48352cd1,58,19,14,1,2
20260912_215351_529_traffic_scan_env2025_seed0-499_48352cd1,58,19,15,0,2
20260912_215351_529_traffic_scan_env2025_seed0-499_48352cd1,58,19,16,0,1
20260912_215351_529_traffic_scan_env2025_seed0-499_48352cd1,58,19,17,0,6
20260912_215351_529_traffic_scan_env2025_seed0-499_48352cd1,58,19,17,1,2
20260912_215351_529_traffic_scan_env2025_seed0-499_48352cd1,58,19,18,2,2
20260912_215351_529_traffic_scan_env2025_seed0-499_48352cd1,58,19,19,0,1
20260912_215351_529_traffic_scan_env2025_seed0-499_48352cd1,58,19,20,0,3
20260912_215351_529_traffic_scan_env2025_seed0-499_48352cd1,58,19,20,1,1
20260912_215351_529_traffic_scan_env2025_seed0-499_48352cd1,58,19,22,1,4
20260912_215351_529_traffic_scan_env2025_seed0-499_48352cd1,58,19,23,1,1
20260912_215351_529_traffic_scan_env2025_seed0-499_48352cd1,58,19,24,1,4
20260912_215351_529_traffic_scan_env2025_seed0-499_48352cd1,58,19,25,1,2
20260912_215351_529_traffic_scan_env2025_seed0-499_48352cd1,58,19,26,1,1
20260912_215351_529_traffic_scan_env2025_seed0-499_48352cd1,58,19,27,1,2
20260912_215351_529_traffic_scan_env2025_seed0-499_48352cd1,58,19,28,0,2
20260912_215351_529_traffic_scan_env2025_seed0-499_48352cd1,58,19,28,1,1
20260912_215351_529_traffic_scan_env2025_seed0-499_48352cd1,58,19,29,0,1
20260912_215351_529_traffic_scan_env2025_seed0-499_48352cd1,58,19,29,1,1
20260912_215351_529_traffic_scan_env2025_seed0-499_48352cd1,58,19,30,1,3
20260912_215351_529_traffic_scan_env2025_seed0-499_48352cd1,58,19,31,1,1
20260912_215351_529_traffic_scan_env2025_seed0-499_48352cd1,58,19,32,0,1
20260912_215351_529_traffic_scan_env2025_seed0-499_48352cd1,58,19,32,1,4
20260912_215351_529_traffic_scan_env2025_seed0-499_48352cd1,58,19,33,0,2
20260912_215351_529_traffic_scan_env2025_seed0-499_48352cd1,58,19,33,1,2
20260912_215351_529_traffic_scan_env2025_seed0-499_48352cd1,58,19,34,0,2
20260912_215351_529_traffic_scan_env2025_seed0-499_48352cd1,58,19,34,1,1
20260912_215351_529_traffic_scan_env2025_seed0-499_48352cd1,58,19,35,0,1
20260912_215351_529_traffic_scan_env2025_seed0-499_48352cd1,58,19,35,1,1
20260912_215351_529_traffic_scan_env2025_seed0-499_48352cd1,58,19,36,0,1
20260912_215351_529_traffic_scan_env2025_seed0-499_48352cd1,58,19,36,1,2
20260912_215351_529_traffic_scan_env2025_seed0-499_48352cd1,58,19,37,0,2
20260912_215351_529_traffic_scan_env2025_seed0-499_48352cd1,58,19,37,1,1
20260912_215351_529_traffic_scan_env2025_seed0-499_48352cd1,58,19,38,1,3
20260912_215351_529_traffic_scan_env2025_seed0-499_48352cd1,58,19,38,2,1
20260912_215351_529_traffic_scan_env2025_seed0-499_48352cd1,58,19,39,1,4
20260912_215351_529_traffic_scan_env2025_seed0-499_48352cd1,58,19,42,0,1
20260912_215351_529_traffic_scan_env2025_seed0-499_48352cd1,58,19,43,1,1
20260912_215351_529_traffic_scan_env2025_seed0-499_48352cd1,58,19,44,0,1
20260912_215351_529_traffic_scan_env2025_seed0-499_48352cd1,58,19,44,1,1
20260912_215351_529_traffic_scan_env2025_seed0-499_48352cd1,58,19,45,0,1
20260912_215351_529_traffic_scan_env2025_seed0-499_48352cd1,58,19,45,1,1
20260912_215351_529_traffic_scan_env2025_seed0-499_48352cd1,58,19,46,0,1
20260912_215351_529_traffic_scan_env2025_seed0-499_48352cd1,58,19,46,1,1
20260912_215351_529_traffic_scan_env2025_seed0-499_48352cd1,58,19,47,0,1
20260912_215351_529_traffic_scan_env2025_seed0-499_48352cd1,58,19,47,1,1
20260912_215351_529_traffic_scan_env2025_seed0-499_48352cd1,58,19,48,0,2
20260912_215351_529_traffic_scan_env2025_seed0-499_48352cd1,58,19,48,1,1
20260912_215351_529_traffic_scan_env2025_seed0-499_48352cd1,58,19,49,0,1
20260912_215351_529_traffic_scan_env2025_seed0-499_48352cd1,58,19,49,1,3
20260912_215351_529_traffic_scan_env2025_seed0-499_48352cd1,58,19,50,0,1
20260912_215351_529_traffic_scan_env2025_seed0-499_48352cd1,58,19,50,1,2
20260912_215351_529_traffic_scan_env2025_seed0-499_48352cd1,58,19,51,0,1
20260912_215351_529_traffic_scan_env2025_seed0-499_48352cd1,58,19,53,0,1
20260912_215351_529_traffic_scan_env2025_seed0-499_48352cd1,58,19,54,0,3
20260912_215351_529_traffic_scan_env2025_seed0-499_48352cd1,58,19,55,0,2
20260912_215351_529_traffic_scan_env2025_seed0-499_48352cd1,58,19,56,0,3
20260912_215351_529_traffic_scan_env2025_seed0-499_48352cd1,58,19,58,1,1
20260912_215351_529_traffic_scan_env2025_seed0-499_48352cd1,58,20,3,0,1
20260912_215351_529_traffic_scan_env2025_seed0-499_48352cd1,58,20,4,0,2
20260912_215351_529_traffic_scan_env2025_seed0-499_48352cd1,58,20,5,1,1
20260912_215351_529_traffic_scan_env2025_seed0-499_48352cd1,58,20,7,0,1
20260912_215351_529_traffic_scan_env2025_seed0-499_48352cd1,58,20,7,1,2
20260912_215351_529_traffic_scan_env2025_seed0-499_48352cd1,58,20,8,1,1
20260912_215351_529_traffic_scan_env2025_seed0-499_48352cd1,58,20,9,1,2
20260912_215351_529_traffic_scan_env2025_seed0-499_48352cd1,58,20,10,1,2
20260912_215351_529_traffic_scan_env2025_seed0-499_48352cd1,58,20,11,0,2
20260912_215351_529_traffic_scan_env2025_seed0-499_48352cd1,58,20,11,1,1
20260912_215351_529_traffic_scan_env2025_seed0-499_48352cd1,58,20,12,0,2
20260912_215351_529_traffic_scan_env2025_seed0-499_48352cd1,58,20,12,1,1
20260912_215351_529_traffic_scan_env2025_seed0-499_48352cd1,58,20,13,1,2
20260912_215351_529_traffic_scan_env2025_seed0-499_48352cd1,58,20,15,0,1
20260912_215351_529_traffic_scan_env2025_seed0-499_48352cd1,58,20,15,1,2
20260912_215351_529_traffic_scan_env2025_seed0-499_48352cd1,58,20,16,1,1
20260912_215351_529_traffic_scan_env2025_seed0-499_48352cd1,58,20,17,1,3
20260912_215351_529_traffic_scan_env2025_seed0-499_48352cd1,58,20,18,0,5
20260912_215351_529_traffic_scan_env2025_seed0-499_48352cd1,58,20,18,1,3
20260912_215351_529_traffic_scan_env2025_seed0-499_48352cd1,58,20,19,0,2
20260912_215351_529_traffic_scan_env2025_seed0-499_48352cd1,58,20,19,1,2
20260912_215351_529_traffic_scan_env2025_seed0-499_48352cd1,58,20,20,1,1
20260912_215351_529_traffic_scan_env2025_seed0-499_48352cd1,58,20,21,0,2
20260912_215351_529_traffic_scan_env2025_seed0-499_48352cd1,58,20,22,1,1
20260912_215351_529_traffic_scan_env2025_seed0-499_48352cd1,58,20,23,1,4
20260912_215351_529_traffic_scan_env2025_seed0-499_48352cd1,58,20,25,1,4
20260912_215351_529_traffic_scan_env2025_seed0-499_48352cd1,58,20,27,0,2
20260912_215351_529_traffic_scan_env2025_seed0-499_48352cd1,58,20,27,1,1
20260912_215351_529_traffic_scan_env2025_seed0-499_48352cd1,58,20,29,0,1
20260912_215351_529_traffic_scan_env2025_seed0-499_48352cd1,58,20,29,1,1
20260912_215351_529_traffic_scan_env2025_seed0-499_48352cd1,58,20,30,1,2
20260912_215351_529_traffic_scan_env2025_seed0-499_48352cd1,58,20,31,1,2
20260912_215351_529_traffic_scan_env2025_seed0-499_48352cd1,58,20,31,2,1
20260912_215351_529_traffic_scan_env2025_seed0-499_48352cd1,58,20,32,0,1
20260912_215351_529_traffic_scan_env2025_seed0-499_48352cd1,58,20,32,1,3
20260912_215351_529_traffic_scan_env2025_seed0-499_48352cd1,58,20,33,0,3
20260912_215351_529_traffic_scan_env2025_seed0-499_48352cd1,58,20,33,1,2
20260912_215351_529_traffic_scan_env2025_seed0-499_48352cd1,58,20,34,0,1
20260912_215351_529_traffic_scan_env2025_seed0-499_48352cd1,58,20,34,1,3
20260912_215351_529_traffic_scan_env2025_seed0-499_48352cd1,58,20,36,0,2
20260912_215351_529_traffic_scan_env2025_seed0-499_48352cd1,58,20,37,0,2
20260912_215351_529_traffic_scan_env2025_seed0-499_48352cd1,58,20,37,1,4
20260912_215351_529_traffic_scan_env2025_seed0-499_48352cd1,58,20,39,0,1
20260912_215351_529_traffic_scan_env2025_seed0-499_48352cd1,58,20,39,1,2
20260912_215351_529_traffic_scan_env2025_seed0-499_48352cd1,58,20,40,0,1
20260912_215351_529_traffic_scan_env2025_seed0-499_48352cd1,58,20,40,1,2
20260912_215351_529_traffic_scan_env2025_seed0-499_48352cd1,58,20,41,0,2
20260912_215351_529_traffic_scan_env2025_seed0-499_48352cd1,58,20,41,1,2
20260912_215351_529_traffic_scan_env2025_seed0-499_48352cd1,58,20,42,0,1
20260912_215351_529_traffic_scan_env2025_seed0-499_48352cd1,58,20,42,1,2
20260912_215351_529_traffic_scan_env2025_seed0-499_48352cd1,58,20,43,1,3
20260912_215351_529_traffic_scan_env2025_seed0-499_48352cd1,58,20,44,1,1
20260912_215351_529_traffic_scan_env2025_seed0-499_48352cd1,58,20,45,1,1
20260912_215351_529_traffic_scan_env2025_seed0-499_48352cd1,58,20,46,1,1
20260912_215351_529_traffic_scan_env2025_seed0-499_48352cd1,58,20,47,0,1
20260912_215351_529_traffic_scan_env2025_seed0-499_48352cd1,58,20,47,1,1
20260912_215351_529_traffic_scan_env2025_seed0-499_48352cd1,58,20,48,1,1
20260912_215351_529_traffic_scan_env2025_seed0-499_48352cd1,58,20,49,2,2
20260912_215351_529_traffic_scan_env2025_seed0-499_48352cd1,58,20,53,0,2
20260912_215351_529_traffic_scan_env2025_seed0-499_48352cd1,58,20,54,0,2
20260912_215351_529_traffic_scan_env2025_seed0-499_48352cd1,58,20,55,0,2
20260912_215351_529_traffic_scan_env2025_seed0-499_48352cd1,58,20,56,0,1
20260912_215351_529_traffic_scan_env2025_seed0-499_48352cd1,58,20,58,1,1
20260912_215351_529_traffic_scan_env2025_seed0-499_48352cd1,58,21,1,0,1
20260912_215351_529_traffic_scan_env2025_seed0-499_48352cd1,58,21,2,0,1
20260912_215351_529_traffic_scan_env2025_seed0-499_48352cd1,58,21,3,0,2
20260912_215351_529_traffic_scan_env2025_seed0-499_48352cd1,58,21,4,0,1
20260912_215351_529_traffic_scan_env2025_seed0-499_48352cd1,58,21,5,0,3
20260912_215351_529_traffic_scan_env2025_seed0-499_48352cd1,58,21,5,1,1
20260912_215351_529_traffic_scan_env2025_seed0-499_48352cd1,58,21,6,0,1
20260912_215351_529_traffic_scan_env2025_seed0-499_48352cd1,58,21,7,0,1
20260912_215351_529_traffic_scan_env2025_seed0-499_48352cd1,58,21,7,1,3
20260912_215351_529_traffic_scan_env2025_seed0-499_48352cd1,58,21,8,0,2
20260912_215351_529_traffic_scan_env2025_seed0-499_48352cd1,58,21,9,1,1
20260912_215351_529_traffic_scan_env2025_seed0-499_48352cd1,58,21,10,0,2
20260912_215351_529_traffic_scan_env2025_seed0-499_48352cd1,58,21,11,1,1
20260912_215351_529_traffic_scan_env2025_seed0-499_48352cd1,58,21,13,1,1
20260912_215351_529_traffic_scan_env2025_seed0-499_48352cd1,58,21,16,0,1
20260912_215351_529_traffic_scan_env2025_seed0-499_48352cd1,58,21,16,1,3
20260912_215351_529_traffic_scan_env2025_seed0-499_48352cd1,58,21,18,0,1
20260912_215351_529_traffic_scan_env2025_seed0-499_48352cd1,58,21,18,1,1
20260912_215351_529_traffic_scan_env2025_seed0-499_48352cd1,58,21,19,0,6
20260912_215351_529_traffic_scan_env2025_seed0-499_48352cd1,58,21,19,1,2
20260912_215351_529_traffic_scan_env2025_seed0-499_48352cd1,58,21,21,1,1
20260912_215351_529_traffic_scan_env2025_seed0-499_48352cd1,58,21,22,0,2
20260912_215351_529_traffic_scan_env2025_seed0-499_48352cd1,58,21,22,1,2
20260912_215351_529_traffic_scan_env2025_seed0-499_48352cd1,58,21,23,1,2
20260912_215351_529_traffic_scan_env2025_seed0-499_48352cd1,58,21,24,1,4
20260912_215351_529_traffic_scan_env2025_seed0-499_48352cd1,58,21,25,1,2
20260912_215351_529_traffic_scan_env2025_seed0-499_48352cd1,58,21,26,0,2
20260912_215351_529_traffic_scan_env2025_seed0-499_48352cd1,58,21,26,1,4
20260912_215351_529_traffic_scan_env2025_seed0-499_48352cd1,58,21,27,1,2
20260912_215351_529_traffic_scan_env2025_seed0-499_48352cd1,58,21,28,1,1
20260912_215351_529_traffic_scan_env2025_seed0-499_48352cd1,58,21,29,0,2
20260912_215351_529_traffic_scan_env2025_seed0-499_48352cd1,58,21,30,3,1
20260912_215351_529_traffic_scan_env2025_seed0-499_48352cd1,58,21,32,0,4
20260912_215351_529_traffic_scan_env2025_seed0-499_48352cd1,58,21,32,1,3
20260912_215351_529_traffic_scan_env2025_seed0-499_48352cd1,58,21,35,0,1
20260912_215351_529_traffic_scan_env2025_seed0-499_48352cd1,58,21,35,1,3
20260912_215351_529_traffic_scan_env2025_seed0-499_48352cd1,58,21,36,0,1
20260912_215351_529_traffic_scan_env2025_seed0-499_48352cd1,58,21,36,1,4
20260912_215351_529_traffic_scan_env2025_seed0-499_48352cd1,58,21,37,0,3
20260912_215351_529_traffic_scan_env2025_seed0-499_48352cd1,58,21,37,1,1
20260912_215351_529_traffic_scan_env2025_seed0-499_48352cd1,58,21,38,0,2
20260912_215351_529_traffic_scan_env2025_seed0-499_48352cd1,58,21,38,1,3
20260912_215351_529_traffic_scan_env2025_seed0-499_48352cd1,58,21,40,0,1
20260912_215351_529_traffic_scan_env2025_seed0-499_48352cd1,58,21,43,1,1
20260912_215351_529_traffic_scan_env2025_seed0-499_48352cd1,58,21,46,0,1
20260912_215351_529_traffic_scan_env2025_seed0-499_48352cd1,58,21,48,1,1
20260912_215351_529_traffic_scan_env2025_seed0-499_48352cd1,58,21,49,2,1
20260912_215351_529_traffic_scan_env2025_seed0-499_48352cd1,58,21,52,0,2
20260912_215351_529_traffic_scan_env2025_seed0-499_48352cd1,58,21,53,0,2
20260912_215351_529_traffic_scan_env2025_seed0-499_48352cd1,58,21,54,0,2
20260912_215351_529_traffic_scan_env2025_seed0-499_48352cd1,58,21,55,0,1
20260912_215351_529_traffic_scan_env2025_seed0-499_48352cd1,58,21,58,1,1
20260912_215351_529_traffic_scan_env2025_seed0-499_48352cd1,58,22,4,0,1
20260912_215351_529_traffic_scan_env2025_seed0-499_48352cd1,58,22,5,1,1
20260912_215351_529_traffic_scan_env2025_seed0-499_48352cd1,58,22,6,0,1
20260912_215351_529_traffic_scan_env2025_seed0-499_48352cd1,58,22,6,1,2
20260912_215351_529_traffic_scan_env2025_seed0-499_48352cd1,58,22,7,0,1
20260912_215351_529_traffic_scan_env2025_seed0-499_48352cd1,58,22,7,1,2
20260912_215351_529_traffic_scan_env2025_seed0-499_48352cd1,58,22,8,0,1
20260912_215351_529_traffic_scan_env2025_seed0-499_48352cd1,58,22,9,0,4
20260912_215351_529_traffic_scan_env2025_seed0-499_48352cd1,58,22,9,1,1
20260912_215351_529_traffic_scan_env2025_seed0-499_48352cd1,58,22,10,0,2
20260912_215351_529_traffic_scan_env2025_seed0-499_48352cd1,58,22,11,0,2
20260912_215351_529_traffic_scan_env2025_seed0-499_48352cd1,58,22,12,0,1
20260912_215351_529_traffic_scan_env2025_seed0-499_48352cd1,58,22,12,1,1
20260912_215351_529_traffic_scan_env2025_seed0-499_48352cd1,58,22,13,0,1
20260912_215351_529_traffic_scan_env2025_seed0-499_48352cd1,58,22,13,1,1
20260912_215351_529_traffic_scan_env2025_seed0-499_48352cd1,58,22,16,0,1
20260912_215351_529_traffic_scan_env2025_seed0-499_48352cd1,58,22,16,1,2
20260912_215351_529_traffic_scan_env2025_seed0-499_48352cd1,58,22,17,0,1
20260912_215351_529_traffic_scan_env2025_seed0-499_48352cd1,58,22,17,1,2
20260912_215351_529_traffic_scan_env2025_seed0-499_48352cd1,58,22,19,0,1
20260912_215351_529_traffic_scan_env2025_seed0-499_48352cd1,58,22,20,0,5
20260912_215351_529_traffic_scan_env2025_seed0-499_48352cd1,58,22,20,1,2
20260912_215351_529_traffic_scan_env2025_seed0-499_48352cd1,58,22,22,1,1
20260912_215351_529_traffic_scan_env2025_seed0-499_48352cd1,58,22,23,0,2
20260912_215351_529_traffic_scan_env2025_seed0-499_48352cd1,58,22,24,1,1
20260912_215351_529_traffic_scan_env2025_seed0-499_48352cd1,58,22,25,1,6
20260912_215351_529_traffic_scan_env2025_seed0-499_48352cd1,58,22,27,1,4
20260912_215351_529_traffic_scan_env2025_seed0-499_48352cd1,58,22,29,1,2
20260912_215351_529_traffic_scan_env2025_seed0-499_48352cd1,58,22,30,0,3
20260912_215351_529_traffic_scan_env2025_seed0-499_48352cd1,58,22,30,1,1
20260912_215351_529_traffic_scan_env2025_seed0-499_48352cd1,58,22,30,2,1
20260912_215351_529_traffic_scan_env2025_seed0-499_48352cd1,58,22,32,0,5
20260912_215351_529_traffic_scan_env2025_seed0-499_48352cd1,58,22,32,1,4
20260912_215351_529_traffic_scan_env2025_seed0-499_48352cd1,58,22,35,2,4
20260912_215351_529_traffic_scan_env2025_seed0-499_48352cd1,58,22,36,0,3
20260912_215351_529_traffic_scan_env2025_seed0-499_48352cd1,58,22,36,1,1
20260912_215351_529_traffic_scan_env2025_seed0-499_48352cd1,58,22,37,0,1
20260912_215351_529_traffic_scan_env2025_seed0-499_48352cd1,58,22,37,1,1
20260912_215351_529_traffic_scan_env2025_seed0-499_48352cd1,58,22,38,0,1
20260912_215351_529_traffic_scan_env2025_seed0-499_48352cd1,58,22,39,0,2
20260912_215351_529_traffic_scan_env2025_seed0-499_48352cd1,58,22,39,1,1
20260912_215351_529_traffic_scan_env2025_seed0-499_48352cd1,58,22,43,1,1
20260912_215351_529_traffic_scan_env2025_seed0-499_48352cd1,58,22,46,0,1
20260912_215351_529_traffic_scan_env2025_seed0-499_48352cd1,58,22,47,2,1
20260912_215351_529_traffic_scan_env2025_seed0-499_48352cd1,58,22,49,1,1
20260912_215351_529_traffic_scan_env2025_seed0-499_48352cd1,58,22,51,0,2
20260912_215351_529_traffic_scan_env2025_seed0-499_48352cd1,58,22,52,0,2
20260912_215351_529_traffic_scan_env2025_seed0-499_48352cd1,58,22,53,0,2
20260912_215351_529_traffic_scan_env2025_seed0-499_48352cd1,58,22,55,0,1
20260912_215351_529_traffic_scan_env2025_seed0-499_48352cd1,58,22,58,1,1
20260912_215351_529_traffic_scan_env2025_seed0-499_48352cd1,58,23,2,0,1
20260912_215351_529_traffic_scan_env2025_seed0-499_48352cd1,58,23,3,0,1
20260912_215351_529_traffic_scan_env2025_seed0-499_48352cd1,58,23,4,0,3
20260912_215351_529_traffic_scan_env2025_seed0-499_48352cd1,58,23,5,0,1
20260912_215351_529_traffic_scan_env2025_seed0-499_48352cd1,58,23,5,1,2
20260912_215351_529_traffic_scan_env2025_seed0-499_48352cd1,58,23,6,0,2
20260912_215351_529_traffic_scan_env2025_seed0-499_48352cd1,58,23,7,0,2
20260912_215351_529_traffic_scan_env2025_seed0-499_48352cd1,58,23,7,1,3
20260912_215351_529_traffic_scan_env2025_seed0-499_48352cd1,58,23,8,0,3
20260912_215351_529_traffic_scan_env2025_seed0-499_48352cd1,58,23,9,1,2
20260912_215351_529_traffic_scan_env2025_seed0-499_48352cd1,58,23,10,1,2
20260912_215351_529_traffic_scan_env2025_seed0-499_48352cd1,58,23,11,2,1
20260912_215351_529_traffic_scan_env2025_seed0-499_48352cd1,58,23,12,0,1
20260912_215351_529_traffic_scan_env2025_seed0-499_48352cd1,58,23,12,1,1
20260912_215351_529_traffic_scan_env2025_seed0-499_48352cd1,58,23,13,1,3
20260912_215351_529_traffic_scan_env2025_seed0-499_48352cd1,58,23,14,1,4
20260912_215351_529_traffic_scan_env2025_seed0-499_48352cd1,58,23,15,1,4
20260912_215351_529_traffic_scan_env2025_seed0-499_48352cd1,58,23,16,0,2
20260912_215351_529_traffic_scan_env2025_seed0-499_48352cd1,58,23,16,1,3
20260912_215351_529_traffic_scan_env2025_seed0-499_48352cd1,58,23,17,1,2
20260912_215351_529_traffic_scan_env2025_seed0-499_48352cd1,58,23,18,1,3
20260912_215351_529_traffic_scan_env2025_seed0-499_48352cd1,58,23,19,0,1
20260912_215351_529_traffic_scan_env2025_seed0-499_48352cd1,58,23,19,1,2
20260912_215351_529_traffic_scan_env2025_seed0-499_48352cd1,58,23,20,1,2
20260912_215351_529_traffic_scan_env2025_seed0-499_48352cd1,58,23,21,1,8
20260912_215351_529_traffic_scan_env2025_seed0-499_48352cd1,58,23,21,2,1
20260912_215351_529_traffic_scan_env2025_seed0-499_48352cd1,58,23,22,2,5
20260912_215351_529_traffic_scan_env2025_seed0-499_48352cd1,58,23,23,1,2
20260912_215351_529_traffic_scan_env2025_seed0-499_48352cd1,58,23,24,0,2
20260912_215351_529_traffic_scan_env2025_seed0-499_48352cd1,58,23,24,1,4
20260912_215351_529_traffic_scan_env2025_seed0-499_48352cd1,58,23,25,0,3
20260912_215351_529_traffic_scan_env2025_seed0-499_48352cd1,58,23,25,1,6
20260912_215351_529_traffic_scan_env2025_seed0-499_48352cd1,58,23,27,0,1
20260912_215351_529_traffic_scan_env2025_seed0-499_48352cd1,58,23,28,2,5
20260912_215351_529_traffic_scan_env2025_seed0-499_48352cd1,58,23,29,1,1
20260912_215351_529_traffic_scan_env2025_seed0-499_48352cd1,58,23,31,0,5
20260912_215351_529_traffic_scan_env2025_seed0-499_48352cd1,58,23,31,1,2
20260912_215351_529_traffic_scan_env2025_seed0-499_48352cd1,58,23,32,0,1
20260912_215351_529_traffic_scan_env2025_seed0-499_48352cd1,58,23,33,0,2
20260912_215351_529_traffic_scan_env2025_seed0-499_48352cd1,58,23,33,1,4
20260912_215351_529_traffic_scan_env2025_seed0-499_48352cd1,58,23,34,0,1
20260912_215351_529_traffic_scan_env2025_seed0-499_48352cd1,58,23,34,1,3
20260912_215351_529_traffic_scan_env2025_seed0-499_48352cd1,58,23,35,0,2
20260912_215351_529_traffic_scan_env2025_seed0-499_48352cd1,58,23,36,0,1
20260912_215351_529_traffic_scan_env2025_seed0-499_48352cd1,58,23,36,1,2
20260912_215351_529_traffic_scan_env2025_seed0-499_48352cd1,58,23,37,0,1
20260912_215351_529_traffic_scan_env2025_seed0-499_48352cd1,58,23,37,1,1
20260912_215351_529_traffic_scan_env2025_seed0-499_48352cd1,58,23,38,0,1
20260912_215351_529_traffic_scan_env2025_seed0-499_48352cd1,58,23,39,0,1
20260912_215351_529_traffic_scan_env2025_seed0-499_48352cd1,58,23,40,0,1
20260912_215351_529_traffic_scan_env2025_seed0-499_48352cd1,58,23,40,1,1
20260912_215351_529_traffic_scan_env2025_seed0-499_48352cd1,58,23,43,2,1
20260912_215351_529_traffic_scan_env2025_seed0-499_48352cd1,58,23,45,0,1
20260912_215351_529_traffic_scan_env2025_seed0-499_48352cd1,58,23,46,1,1
20260912_215351_529_traffic_scan_env2025_seed0-499_48352cd1,58,23,49,1,1
20260912_215351_529_traffic_scan_env2025_seed0-499_48352cd1,58,23,50,0,2
20260912_215351_529_traffic_scan_env2025_seed0-499_48352cd1,58,23,51,0,2
20260912_215351_529_traffic_scan_env2025_seed0-499_48352cd1,58,23,52,0,2
20260912_215351_529_traffic_scan_env2025_seed0-499_48352cd1,58,23,56,0,1
20260912_215351_529_traffic_scan_env2025_seed0-499_48352cd1,58,23,57,0,1
20260912_215351_529_traffic_scan_env2025_seed0-499_48352cd1,58,23,57,1,1
20260912_215351_529_traffic_scan_env2025_seed0-499_48352cd1,58,23,58,0,1
20260912_215351_529_traffic_scan_env2025_seed0-499_48352cd1,58,24,5,0,2
20260912_215351_529_traffic_scan_env2025_seed0-499_48352cd1,58,24,5,1,2
20260912_215351_529_traffic_scan_env2025_seed0-499_48352cd1,58,24,7,0,3
20260912_215351_529_traffic_scan_env2025_seed0-499_48352cd1,58,24,7,1,2
20260912_215351_529_traffic_scan_env2025_seed0-499_48352cd1,58,24,8,0,2
20260912_215351_529_traffic_scan_env2025_seed0-499_48352cd1,58,24,8,1,1
20260912_215351_529_traffic_scan_env2025_seed0-499_48352cd1,58,24,9,1,1
20260912_215351_529_traffic_scan_env2025_seed0-499_48352cd1,58,24,10,1,1
20260912_215351_529_traffic_scan_env2025_seed0-499_48352cd1,58,24,11,1,1
20260912_215351_529_traffic_scan_env2025_seed0-499_48352cd1,58,24,13,0,1
20260912_215351_529_traffic_scan_env2025_seed0-499_48352cd1,58,24,13,1,2
20260912_215351_529_traffic_scan_env2025_seed0-499_48352cd1,58,24,15,0,2
20260912_215351_529_traffic_scan_env2025_seed0-499_48352cd1,58,24,15,1,3
20260912_215351_529_traffic_scan_env2025_seed0-499_48352cd1,58,24,19,0,1
20260912_215351_529_traffic_scan_env2025_seed0-499_48352cd1,58,24,19,1,1
20260912_215351_529_traffic_scan_env2025_seed0-499_48352cd1,58,24,20,2,5
20260912_215351_529_traffic_scan_env2025_seed0-499_48352cd1,58,24,21,3,1
20260912_215351_529_traffic_scan_env2025_seed0-499_48352cd1,58,24,22,3,2
20260912_215351_529_traffic_scan_env2025_seed0-499_48352cd1,58,24,23,1,3
20260912_215351_529_traffic_scan_env2025_seed0-499_48352cd1,58,24,26,1,9
20260912_215351_529_traffic_scan_env2025_seed0-499_48352cd1,58,24,27,0,1
20260912_215351_529_traffic_scan_env2025_seed0-499_48352cd1,58,24,27,1,3
20260912_215351_529_traffic_scan_env2025_seed0-499_48352cd1,58,24,28,0,2
20260912_215351_529_traffic_scan_env2025_seed0-499_48352cd1,58,24,28,1,1
20260912_215351_529_traffic_scan_env2025_seed0-499_48352cd1,58,24,29,1,4
20260912_215351_529_traffic_scan_env2025_seed0-499_48352cd1,58,24,30,0,2
20260912_215351_529_traffic_scan_env2025_seed0-499_48352cd1,58,24,30,1,2
20260912_215351_529_traffic_scan_env2025_seed0-499_48352cd1,58,24,31,0,2
20260912_215351_529_traffic_scan_env2025_seed0-499_48352cd1,58,24,31,1,1
20260912_215351_529_traffic_scan_env2025_seed0-499_48352cd1,58,24,32,0,2
20260912_215351_529_traffic_scan_env2025_seed0-499_48352cd1,58,24,32,1,2
20260912_215351_529_traffic_scan_env2025_seed0-499_48352cd1,58,24,33,1,4
20260912_215351_529_traffic_scan_env2025_seed0-499_48352cd1,58,24,34,1,1
20260912_215351_529_traffic_scan_env2025_seed0-499_48352cd1,58,24,35,1,2
20260912_215351_529_traffic_scan_env2025_seed0-499_48352cd1,58,24,36,0,2
20260912_215351_529_traffic_scan_env2025_seed0-499_48352cd1,58,24,36,1,1
20260912_215351_529_traffic_scan_env2025_seed0-499_48352cd1,58,24,37,0,2
20260912_215351_529_traffic_scan_env2025_seed0-499_48352cd1,58,24,37,1,2
20260912_215351_529_traffic_scan_env2025_seed0-499_48352cd1,58,24,38,1,2
20260912_215351_529_traffic_scan_env2025_seed0-499_48352cd1,58,24,39,1,2
20260912_215351_529_traffic_scan_env2025_seed0-499_48352cd1,58,24,40,0,1
20260912_215351_529_traffic_scan_env2025_seed0-499_48352cd1,58,24,40,1,2
20260912_215351_529_traffic_scan_env2025_seed0-499_48352cd1,58,24,41,0,2
20260912_215351_529_traffic_scan_env2025_seed0-499_48352cd1,58,24,41,1,2
20260912_215351_529_traffic_scan_env2025_seed0-499_48352cd1,58,24,43,2,1
20260912_215351_529_traffic_scan_env2025_seed0-499_48352cd1,58,24,44,0,2
20260912_215351_529_traffic_scan_env2025_seed0-499_48352cd1,58,24,45,0,1
20260912_215351_529_traffic_scan_env2025_seed0-499_48352cd1,58,24,45,1,1
20260912_215351_529_traffic_scan_env2025_seed0-499_48352cd1,58,24,46,0,1
20260912_215351_529_traffic_scan_env2025_seed0-499_48352cd1,58,24,47,0,1
20260912_215351_529_traffic_scan_env2025_seed0-499_48352cd1,58,24,49,0,2
20260912_215351_529_traffic_scan_env2025_seed0-499_48352cd1,58,24,49,1,1
20260912_215351_529_traffic_scan_env2025_seed0-499_48352cd1,58,24,50,0,2
20260912_215351_529_traffic_scan_env2025_seed0-499_48352cd1,58,24,51,0,2
20260912_215351_529_traffic_scan_env2025_seed0-499_48352cd1,58,24,56,0,2
20260912_215351_529_traffic_scan_env2025_seed0-499_48352cd1,58,24,57,2,1
20260912_215351_529_traffic_scan_env2025_seed0-499_48352cd1,58,25,4,2,1
20260912_215351_529_traffic_scan_env2025_seed0-499_48352cd1,58,25,5,0,1
20260912_215351_529_traffic_scan_env2025_seed0-499_48352cd1,58,25,5,1,1
20260912_215351_529_traffic_scan_env2025_seed0-499_48352cd1,58,25,6,0,3
20260912_215351_529_traffic_scan_env2025_seed0-499_48352cd1,58,25,7,1,2
20260912_215351_529_traffic_scan_env2025_seed0-499_48352cd1,58,25,9,0,2
20260912_215351_529_traffic_scan_env2025_seed0-499_48352cd1,58,25,9,1,2
20260912_215351_529_traffic_scan_env2025_seed0-499_48352cd1,58,25,11,2,1
20260912_215351_529_traffic_scan_env2025_seed0-499_48352cd1,58,25,12,1,2
20260912_215351_529_traffic_scan_env2025_seed0-499_48352cd1,58,25,13,1,1
20260912_215351_529_traffic_scan_env2025_seed0-499_48352cd1,58,25,14,0,2
20260912_215351_529_traffic_scan_env2025_seed0-499_48352cd1,58,25,14,1,2
20260912_215351_529_traffic_scan_env2025_seed0-499_48352cd1,58,25,15,0,1
20260912_215351_529_traffic_scan_env2025_seed0-499_48352cd1,58,25,16,1,1
20260912_215351_529_traffic_scan_env2025_seed0-499_48352cd1,58,25,19,0,1
20260912_215351_529_traffic_scan_env2025_seed0-499_48352cd1,58,25,20,2,2
20260912_215351_529_traffic_scan_env2025_seed0-499_48352cd1,58,25,21,3,5
20260912_215351_529_traffic_scan_env2025_seed0-499_48352cd1,58,25,22,3,1
20260912_215351_529_traffic_scan_env2025_seed0-499_48352cd1,58,25,23,2,3
20260912_215351_529_traffic_scan_env2025_seed0-499_48352cd1,58,25,26,0,3
20260912_215351_529_traffic_scan_env2025_seed0-499_48352cd1,58,25,26,1,3
20260912_215351_529_traffic_scan_env2025_seed0-499_48352cd1,58,25,27,0,1
20260912_215351_529_traffic_scan_env2025_seed0-499_48352cd1,58,25,27,1,4
20260912_215351_529_traffic_scan_env2025_seed0-499_48352cd1,58,25,28,0,1
20260912_215351_529_traffic_scan_env2025_seed0-499_48352cd1,58,25,29,0,2
20260912_215351_529_traffic_scan_env2025_seed0-499_48352cd1,58,25,29,1,2
20260912_215351_529_traffic_scan_env2025_seed0-499_48352cd1,58,25,30,1,4
20260912_215351_529_traffic_scan_env2025_seed0-499_48352cd1,58,25,31,0,3
20260912_215351_529_traffic_scan_env2025_seed0-499_48352cd1,58,25,31,1,1
20260912_215351_529_traffic_scan_env2025_seed0-499_48352cd1,58,25,33,0,1
20260912_215351_529_traffic_scan_env2025_seed0-499_48352cd1,58,25,33,1,4
20260912_215351_529_traffic_scan_env2025_seed0-499_48352cd1,58,25,34,1,1
20260912_215351_529_traffic_scan_env2025_seed0-499_48352cd1,58,25,36,0,2
20260912_215351_529_traffic_scan_env2025_seed0-499_48352cd1,58,25,37,0,2
20260912_215351_529_traffic_scan_env2025_seed0-499_48352cd1,58,25,38,1,1
20260912_215351_529_traffic_scan_env2025_seed0-499_48352cd1,58,25,41,0,1
20260912_215351_529_traffic_scan_env2025_seed0-499_48352cd1,58,25,42,0,4
20260912_215351_529_traffic_scan_env2025_seed0-499_48352cd1,58,25,42,1,1
20260912_215351_529_traffic_scan_env2025_seed0-499_48352cd1,58,25,43,0,3
20260912_215351_529_traffic_scan_env2025_seed0-499_48352cd1,58,25,43,1,1
20260912_215351_529_traffic_scan_env2025_seed0-499_48352cd1,58,25,44,0,1
20260912_215351_529_traffic_scan_env2025_seed0-499_48352cd1,58,25,44,1,1
20260912_215351_529_traffic_scan_env2025_seed0-499_48352cd1,58,25,45,0,1
20260912_215351_529_traffic_scan_env2025_seed0-499_48352cd1,58,25,46,0,1
20260912_215351_529_traffic_scan_env2025_seed0-499_48352cd1,58,25,47,0,1
20260912_215351_529_traffic_scan_env2025_seed0-499_48352cd1,58,25,48,0,3
20260912_215351_529_traffic_scan_env2025_seed0-499_48352cd1,58,25,49,0,3
20260912_215351_529_traffic_scan_env2025_seed0-499_48352cd1,58,25,49,1,1
20260912_215351_529_traffic_scan_env2025_seed0-499_48352cd1,58,25,50,0,3
20260912_215351_529_traffic_scan_env2025_seed0-499_48352cd1,58,25,51,0,1
20260912_215351_529_traffic_scan_env2025_seed0-499_48352cd1,58,25,55,0,1
20260912_215351_529_traffic_scan_env2025_seed0-499_48352cd1,58,25,56,0,1
20260912_215351_529_traffic_scan_env2025_seed0-499_48352cd1,58,25,57,1,1
20260912_215351_529_traffic_scan_env2025_seed0-499_48352cd1,58,25,58,0,1
20260912_215351_529_traffic_scan_env2025_seed0-499_48352cd1,58,26,4,0,1
20260912_215351_529_traffic_scan_env2025_seed0-499_48352cd1,58,26,4,1,1
20260912_215351_529_traffic_scan_env2025_seed0-499_48352cd1,58,26,5,0,2
20260912_215351_529_traffic_scan_env2025_seed0-499_48352cd1,58,26,5,1,1
20260912_215351_529_traffic_scan_env2025_seed0-499_48352cd1,58,26,7,0,1
20260912_215351_529_traffic_scan_env2025_seed0-499_48352cd1,58,26,7,1,2
20260912_215351_529_traffic_scan_env2025_seed0-499_48352cd1,58,26,9,0,1
20260912_215351_529_traffic_scan_env2025_seed0-499_48352cd1,58,26,9,1,1
20260912_215351_529_traffic_scan_env2025_seed0-499_48352cd1,58,26,10,2,1
20260912_215351_529_traffic_scan_env2025_seed0-499_48352cd1,58,26,11,2,1
20260912_215351_529_traffic_scan_env2025_seed0-499_48352cd1,58,26,12,1,1
20260912_215351_529_traffic_scan_env2025_seed0-499_48352cd1,58,26,13,0,1
20260912_215351_529_traffic_scan_env2025_seed0-499_48352cd1,58,26,13,1,4
20260912_215351_529_traffic_scan_env2025_seed0-499_48352cd1,58,26,15,0,2
20260912_215351_529_traffic_scan_env2025_seed0-499_48352cd1,58,26,17,0,1
20260912_215351_529_traffic_scan_env2025_seed0-499_48352cd1,58,26,17,1,1
20260912_215351_529_traffic_scan_env2025_seed0-499_48352cd1,58,26,18,0,1
20260912_215351_529_traffic_scan_env2025_seed0-499_48352cd1,58,26,19,1,2
20260912_215351_529_traffic_scan_env2025_seed0-499_48352cd1,58,26,20,0,1
20260912_215351_529_traffic_scan_env2025_seed0-499_48352cd1,58,26,21,1,1
20260912_215351_529_traffic_scan_env2025_seed0-499_48352cd1,58,26,22,1,1
20260912_215351_529_traffic_scan_env2025_seed0-499_48352cd1,58,26,22,2,6
20260912_215351_529_traffic_scan_env2025_seed0-499_48352cd1,58,26,23,2,2
20260912_215351_529_traffic_scan_env2025_seed0-499_48352cd1,58,26,24,2,5
20260912_215351_529_traffic_scan_env2025_seed0-499_48352cd1,58,26,25,0,1
20260912_215351_529_traffic_scan_env2025_seed0-499_48352cd1,58,26,25,1,4
20260912_215351_529_traffic_scan_env2025_seed0-499_48352cd1,58,26,26,1,1
20260912_215351_529_traffic_scan_env2025_seed0-499_48352cd1,58,26,27,0,1
20260912_215351_529_traffic_scan_env2025_seed0-499_48352cd1,58,26,28,0,4
20260912_215351_529_traffic_scan_env2025_seed0-499_48352cd1,58,26,28,1,6
20260912_215351_529_traffic_scan_env2025_seed0-499_48352cd1,58,26,31,0,3
20260912_215351_529_traffic_scan_env2025_seed0-499_48352cd1,58,26,31,1,3
20260912_215351_529_traffic_scan_env2025_seed0-499_48352cd1,58,26,32,1,2
20260912_215351_529_traffic_scan_env2025_seed0-499_48352cd1,58,26,33,0,1
20260912_215351_529_traffic_scan_env2025_seed0-499_48352cd1,58,26,33,1,2
20260912_215351_529_traffic_scan_env2025_seed0-499_48352cd1,58,26,34,1,1
20260912_215351_529_traffic_scan_env2025_seed0-499_48352cd1,58,26,35,0,1
20260912_215351_529_traffic_scan_env2025_seed0-499_48352cd1,58,26,36,0,1
20260912_215351_529_traffic_scan_env2025_seed0-499_48352cd1,58,26,37,0,1
20260912_215351_529_traffic_scan_env2025_seed0-499_48352cd1,58,26,38,0,1
20260912_215351_529_traffic_scan_env2025_seed0-499_48352cd1,58,26,39,1,1
20260912_215351_529_traffic_scan_env2025_seed0-499_48352cd1,58,26,41,0,1
20260912_215351_529_traffic_scan_env2025_seed0-499_48352cd1,58,26,42,0,1
20260912_215351_529_traffic_scan_env2025_seed0-499_48352cd1,58,26,43,0,1
20260912_215351_529_traffic_scan_env2025_seed0-499_48352cd1,58,26,43,1,3
20260912_215351_529_traffic_scan_env2025_seed0-499_48352cd1,58,26,46,0,2
20260912_215351_529_traffic_scan_env2025_seed0-499_48352cd1,58,26,47,0,2
20260912_215351_529_traffic_scan_env2025_seed0-499_48352cd1,58,26,48,0,2
20260912_215351_529_traffic_scan_env2025_seed0-499_48352cd1,58,26,49,0,3
20260912_215351_529_traffic_scan_env2025_seed0-499_48352cd1,58,26,49,1,1
20260912_215351_529_traffic_scan_env2025_seed0-499_48352cd1,58,26,50,0,1
20260912_215351_529_traffic_scan_env2025_seed0-499_48352cd1,58,26,51,0,1
20260912_215351_529_traffic_scan_env2025_seed0-499_48352cd1,58,26,52,0,1
20260912_215351_529_traffic_scan_env2025_seed0-499_48352cd1,58,26,53,0,1
20260912_215351_529_traffic_scan_env2025_seed0-499_48352cd1,58,26,54,1,2
20260912_215351_529_traffic_scan_env2025_seed0-499_48352cd1,58,26,55,0,1
20260912_215351_529_traffic_scan_env2025_seed0-499_48352cd1,58,26,56,0,2
20260912_215351_529_traffic_scan_env2025_seed0-499_48352cd1,58,26,57,0,1
20260912_215351_529_traffic_scan_env2025_seed0-499_48352cd1,58,26,57,1,1
20260912_215351_529_traffic_scan_env2025_seed0-499_48352cd1,58,27,1,0,1
20260912_215351_529_traffic_scan_env2025_seed0-499_48352cd1,58,27,4,0,3
20260912_215351_529_traffic_scan_env2025_seed0-499_48352cd1,58,27,4,1,1
20260912_215351_529_traffic_scan_env2025_seed0-499_48352cd1,58,27,5,1,1
20260912_215351_529_traffic_scan_env2025_seed0-499_48352cd1,58,27,7,1,2
20260912_215351_529_traffic_scan_env2025_seed0-499_48352cd1,58,27,8,0,1
20260912_215351_529_traffic_scan_env2025_seed0-499_48352cd1,58,27,9,0,1
20260912_215351_529_traffic_scan_env2025_seed0-499_48352cd1,58,27,9,1,1
20260912_215351_529_traffic_scan_env2025_seed0-499_48352cd1,58,27,10,0,1
20260912_215351_529_traffic_scan_env2025_seed0-499_48352cd1,58,27,10,1,1
20260912_215351_529_traffic_scan_env2025_seed0-499_48352cd1,58,27,11,1,1
20260912_215351_529_traffic_scan_env2025_seed0-499_48352cd1,58,27,12,2,2
20260912_215351_529_traffic_scan_env2025_seed0-499_48352cd1,58,27,13,0,1
20260912_215351_529_traffic_scan_env2025_seed0-499_48352cd1,58,27,13,1,2
20260912_215351_529_traffic_scan_env2025_seed0-499_48352cd1,58,27,14,1,3
20260912_215351_529_traffic_scan_env2025_seed0-499_48352cd1,58,27,15,0,1
20260912_215351_529_traffic_scan_env2025_seed0-499_48352cd1,58,27,15,1,1
20260912_215351_529_traffic_scan_env2025_seed0-499_48352cd1,58,27,16,0,1
20260912_215351_529_traffic_scan_env2025_seed0-499_48352cd1,58,27,16,1,1
20260912_215351_529_traffic_scan_env2025_seed0-499_48352cd1,58,27,17,2,1
20260912_215351_529_traffic_scan_env2025_seed0-499_48352cd1,58,27,18,2,2
20260912_215351_529_traffic_scan_env2025_seed0-499_48352cd1,58,27,20,0,1
20260912_215351_529_traffic_scan_env2025_seed0-499_48352cd1,58,27,20,1,1
20260912_215351_529_traffic_scan_env2025_seed0-499_48352cd1,58,27,21,1,1
20260912_215351_529_traffic_scan_env2025_seed0-499_48352cd1,58,27,22,1,5
20260912_215351_529_traffic_scan_env2025_seed0-499_48352cd1,58,27,23,1,5
20260912_215351_529_traffic_scan_env2025_seed0-499_48352cd1,58,27,25,0,1
20260912_215351_529_traffic_scan_env2025_seed0-499_48352cd1,58,27,25,1,1
20260912_215351_529_traffic_scan_env2025_seed0-499_48352cd1,58,27,26,1,2
20260912_215351_529_traffic_scan_env2025_seed0-499_48352cd1,58,27,27,0,2
20260912_215351_529_traffic_scan_env2025_seed0-499_48352cd1,58,27,27,1,2
20260912_215351_529_traffic_scan_env2025_seed0-499_48352cd1,58,27,28,0,2
20260912_215351_529_traffic_scan_env2025_seed0-499_48352cd1,58,27,29,0,1
20260912_215351_529_traffic_scan_env2025_seed0-499_48352cd1,58,27,29,1,4
20260912_215351_529_traffic_scan_env2025_seed0-499_48352cd1,58,27,30,0,1
20260912_215351_529_traffic_scan_env2025_seed0-499_48352cd1,58,27,31,0,2
20260912_215351_529_traffic_scan_env2025_seed0-499_48352cd1,58,27,31,1,1
20260912_215351_529_traffic_scan_env2025_seed0-499_48352cd1,58,27,32,1,5
20260912_215351_529_traffic_scan_env2025_seed0-499_48352cd1,58,27,33,0,1
20260912_215351_529_traffic_scan_env2025_seed0-499_48352cd1,58,27,33,1,1
20260912_215351_529_traffic_scan_env2025_seed0-499_48352cd1,58,27,34,0,1
20260912_215351_529_traffic_scan_env2025_seed0-499_48352cd1,58,27,35,1,1
20260912_215351_529_traffic_scan_env2025_seed0-499_48352cd1,58,27,36,0,1
20260912_215351_529_traffic_scan_env2025_seed0-499_48352cd1,58,27,37,0,1
20260912_215351_529_traffic_scan_env2025_seed0-499_48352cd1,58,27,39,0,1
20260912_215351_529_traffic_scan_env2025_seed0-499_48352cd1,58,27,40,0,1
20260912_215351_529_traffic_scan_env2025_seed0-499_48352cd1,58,27,40,1,1
20260912_215351_529_traffic_scan_env2025_seed0-499_48352cd1,58,27,42,2,1
20260912_215351_529_traffic_scan_env2025_seed0-499_48352cd1,58,27,43,0,1
20260912_215351_529_traffic_scan_env2025_seed0-499_48352cd1,58,27,43,1,1
20260912_215351_529_traffic_scan_env2025_seed0-499_48352cd1,58,27,44,1,2
20260912_215351_529_traffic_scan_env2025_seed0-499_48352cd1,58,27,45,0,2
20260912_215351_529_traffic_scan_env2025_seed0-499_48352cd1,58,27,47,0,2
20260912_215351_529_traffic_scan_env2025_seed0-499_48352cd1,58,27,48,0,4
20260912_215351_529_traffic_scan_env2025_seed0-499_48352cd1,58,27,49,0,1
20260912_215351_529_traffic_scan_env2025_seed0-499_48352cd1,58,27,49,1,1
20260912_215351_529_traffic_scan_env2025_seed0-499_48352cd1,58,27,50,0,1
20260912_215351_529_traffic_scan_env2025_seed0-499_48352cd1,58,27,51,0,1
20260912_215351_529_traffic_scan_env2025_seed0-499_48352cd1,58,27,52,0,1
20260912_215351_529_traffic_scan_env2025_seed0-499_48352cd1,58,27,53,1,1
20260912_215351_529_traffic_scan_env2025_seed0-499_48352cd1,58,27,55,0,2
20260912_215351_529_traffic_scan_env2025_seed0-499_48352cd1,58,27,57,2,1
20260912_215351_529_traffic_scan_env2025_seed0-499_48352cd1,58,28,1,0,1
20260912_215351_529_traffic_scan_env2025_seed0-499_48352cd1,58,28,2,0,2
20260912_215351_529_traffic_scan_env2025_seed0-499_48352cd1,58,28,3,0,3
20260912_215351_529_traffic_scan_env2025_seed0-499_48352cd1,58,28,4,0,1
20260912_215351_529_traffic_scan_env2025_seed0-499_48352cd1,58,28,4,1,1
20260912_215351_529_traffic_scan_env2025_seed0-499_48352cd1,58,28,5,0,2
20260912_215351_529_traffic_scan_env2025_seed0-499_48352cd1,58,28,5,1,1
20260912_215351_529_traffic_scan_env2025_seed0-499_48352cd1,58,28,6,0,1
20260912_215351_529_traffic_scan_env2025_seed0-499_48352cd1,58,28,7,1,3
20260912_215351_529_traffic_scan_env2025_seed0-499_48352cd1,58,28,8,2,1
20260912_215351_529_traffic_scan_env2025_seed0-499_48352cd1,58,28,9,2,3
20260912_215351_529_traffic_scan_env2025_seed0-499_48352cd1,58,28,10,0,1
20260912_215351_529_traffic_scan_env2025_seed0-499_48352cd1,58,28,10,1,1
20260912_215351_529_traffic_scan_env2025_seed0-499_48352cd1,58,28,11,0,3
20260912_215351_529_traffic_scan_env2025_seed0-499_48352cd1,58,28,11,1,3
20260912_215351_529_traffic_scan_env2025_seed0-499_48352cd1,58,28,12,0,4
20260912_215351_529_traffic_scan_env2025_seed0-499_48352cd1,58,28,12,1,1
20260912_215351_529_traffic_scan_env2025_seed0-499_48352cd1,58,28,12,2,1
20260912_215351_529_traffic_scan_env2025_seed0-499_48352cd1,58,28,13,0,3
20260912_215351_529_traffic_scan_env2025_seed0-499_48352cd1,58,28,14,1,2
20260912_215351_529_traffic_scan_env2025_seed0-499_48352cd1,58,28,15,0,1
20260912_215351_529_traffic_scan_env2025_seed0-499_48352cd1,58,28,15,1,1
20260912_215351_529_traffic_scan_env2025_seed0-499_48352cd1,58,28,19,1,1
20260912_215351_529_traffic_scan_env2025_seed0-499_48352cd1,58,28,20,0,1
20260912_215351_529_traffic_scan_env2025_seed0-499_48352cd1,58,28,20,1,1
20260912_215351_529_traffic_scan_env2025_seed0-499_48352cd1,58,28,21,1,3
20260912_215351_529_traffic_scan_env2025_seed0-499_48352cd1,58,28,22,1,3
20260912_215351_529_traffic_scan_env2025_seed0-499_48352cd1,58,28,23,1,5
20260912_215351_529_traffic_scan_env2025_seed0-499_48352cd1,58,28,25,0,1
20260912_215351_529_traffic_scan_env2025_seed0-499_48352cd1,58,28,26,0,2
20260912_215351_529_traffic_scan_env2025_seed0-499_48352cd1,58,28,26,1,4
20260912_215351_529_traffic_scan_env2025_seed0-499_48352cd1,58,28,27,1,1
20260912_215351_529_traffic_scan_env2025_seed0-499_48352cd1,58,28,28,0,1
20260912_215351_529_traffic_scan_env2025_seed0-499_48352cd1,58,28,29,0,2
20260912_215351_529_traffic_scan_env2025_seed0-499_48352cd1,58,28,30,0,1
20260912_215351_529_traffic_scan_env2025_seed0-499_48352cd1,58,28,30,1,5
20260912_215351_529_traffic_scan_env2025_seed0-499_48352cd1,58,28,31,0,2
20260912_215351_529_traffic_scan_env2025_seed0-499_48352cd1,58,28,31,1,1
20260912_215351_529_traffic_scan_env2025_seed0-499_48352cd1,58,28,32,1,1
20260912_215351_529_traffic_scan_env2025_seed0-499_48352cd1,58,28,33,0,2
20260912_215351_529_traffic_scan_env2025_seed0-499_48352cd1,58,28,33,1,4
20260912_215351_529_traffic_scan_env2025_seed0-499_48352cd1,58,28,36,0,1
20260912_215351_529_traffic_scan_env2025_seed0-499_48352cd1,58,28,36,1,1
20260912_215351_529_traffic_scan_env2025_seed0-499_48352cd1,58,28,37,0,1
20260912_215351_529_traffic_scan_env2025_seed0-499_48352cd1,58,28,40,0,2
20260912_215351_529_traffic_scan_env2025_seed0-499_48352cd1,58,28,41,2,2
20260912_215351_529_traffic_scan_env2025_seed0-499_48352cd1,58,28,43,0,2
20260912_215351_529_traffic_scan_env2025_seed0-499_48352cd1,58,28,43,1,1
20260912_215351_529_traffic_scan_env2025_seed0-499_48352cd1,58,28,44,0,3
20260912_215351_529_traffic_scan_env2025_seed0-499_48352cd1,58,28,45,0,2
20260912_215351_529_traffic_scan_env2025_seed0-499_48352cd1,58,28,45,1,1
20260912_215351_529_traffic_scan_env2025_seed0-499_48352cd1,58,28,47,0,6
20260912_215351_529_traffic_scan_env2025_seed0-499_48352cd1,58,28,49,1,1
20260912_215351_529_traffic_scan_env2025_seed0-499_48352cd1,58,28,52,1,1
20260912_215351_529_traffic_scan_env2025_seed0-499_48352cd1,58,28,54,0,1
20260912_215351_529_traffic_scan_env2025_seed0-499_48352cd1,58,28,55,0,1
20260912_215351_529_traffic_scan_env2025_seed0-499_48352cd1,58,28,57,2,1
20260912_215351_529_traffic_scan_env2025_seed0-499_48352cd1,58,29,2,0,2
20260912_215351_529_traffic_scan_env2025_seed0-499_48352cd1,58,29,3,0,2
20260912_215351_529_traffic_scan_env2025_seed0-499_48352cd1,58,29,4,0,2
20260912_215351_529_traffic_scan_env2025_seed0-499_48352cd1,58,29,4,1,1
20260912_215351_529_traffic_scan_env2025_seed0-499_48352cd1,58,29,5,0,2
20260912_215351_529_traffic_scan_env2025_seed0-499_48352cd1,58,29,5,1,1
20260912_215351_529_traffic_scan_env2025_seed0-499_48352cd1,58,29,6,0,3
20260912_215351_529_traffic_scan_env2025_seed0-499_48352cd1,58,29,7,0,2
20260912_215351_529_traffic_scan_env2025_seed0-499_48352cd1,58,29,7,1,2
20260912_215351_529_traffic_scan_env2025_seed0-499_48352cd1,58,29,8,0,2
20260912_215351_529_traffic_scan_env2025_seed0-499_48352cd1,58,29,8,1,1
20260912_215351_529_traffic_scan_env2025_seed0-499_48352cd1,58,29,9,2,1
20260912_215351_529_traffic_scan_env2025_seed0-499_48352cd1,58,29,10,0,2
20260912_215351_529_traffic_scan_env2025_seed0-499_48352cd1,58,29,10,1,2
20260912_215351_529_traffic_scan_env2025_seed0-499_48352cd1,58,29,11,0,1
20260912_215351_529_traffic_scan_env2025_seed0-499_48352cd1,58,29,13,3,1
20260912_215351_529_traffic_scan_env2025_seed0-499_48352cd1,58,29,14,0,2
20260912_215351_529_traffic_scan_env2025_seed0-499_48352cd1,58,29,14,1,2
20260912_215351_529_traffic_scan_env2025_seed0-499_48352cd1,58,29,15,0,1
20260912_215351_529_traffic_scan_env2025_seed0-499_48352cd1,58,29,15,1,2
20260912_215351_529_traffic_scan_env2025_seed0-499_48352cd1,58,29,16,1,2
20260912_215351_529_traffic_scan_env2025_seed0-499_48352cd1,58,29,17,1,1
20260912_215351_529_traffic_scan_env2025_seed0-499_48352cd1,58,29,18,1,1
20260912_215351_529_traffic_scan_env2025_seed0-499_48352cd1,58,29,19,1,2
20260912_215351_529_traffic_scan_env2025_seed0-499_48352cd1,58,29,20,0,1
20260912_215351_529_traffic_scan_env2025_seed0-499_48352cd1,58,29,20,1,4
20260912_215351_529_traffic_scan_env2025_seed0-499_48352cd1,58,29,21,1,3
20260912_215351_529_traffic_scan_env2025_seed0-499_48352cd1,58,29,22,0,1
20260912_215351_529_traffic_scan_env2025_seed0-499_48352cd1,58,29,22,1,4
20260912_215351_529_traffic_scan_env2025_seed0-499_48352cd1,58,29,23,1,1
20260912_215351_529_traffic_scan_env2025_seed0-499_48352cd1,58,29,24,1,4
20260912_215351_529_traffic_scan_env2025_seed0-499_48352cd1,58,29,25,0,3
20260912_215351_529_traffic_scan_env2025_seed0-499_48352cd1,58,29,25,1,2
20260912_215351_529_traffic_scan_env2025_seed0-499_48352cd1,58,29,26,1,1
20260912_215351_529_traffic_scan_env2025_seed0-499_48352cd1,58,29,27,2,1
20260912_215351_529_traffic_scan_env2025_seed0-499_48352cd1,58,29,28,0,2
20260912_215351_529_traffic_scan_env2025_seed0-499_48352cd1,58,29,28,1,1
20260912_215351_529_traffic_scan_env2025_seed0-499_48352cd1,58,29,30,0,2
20260912_215351_529_traffic_scan_env2025_seed0-499_48352cd1,58,29,30,1,2
20260912_215351_529_traffic_scan_env2025_seed0-499_48352cd1,58,29,31,0,4
20260912_215351_529_traffic_scan_env2025_seed0-499_48352cd1,58,29,31,1,3
20260912_215351_529_traffic_scan_env2025_seed0-499_48352cd1,58,29,32,1,1
20260912_215351_529_traffic_scan_env2025_seed0-499_48352cd1,58,29,33,0,2
20260912_215351_529_traffic_scan_env2025_seed0-499_48352cd1,58,29,33,1,1
20260912_215351_529_traffic_scan_env2025_seed0-499_48352cd1,58,29,34,2,3
20260912_215351_529_traffic_scan_env2025_seed0-499_48352cd1,58,29,36,0,1
20260912_215351_529_traffic_scan_env2025_seed0-499_48352cd1,58,29,37,0,1
20260912_215351_529_traffic_scan_env2025_seed0-499_48352cd1,58,29,37,1,1
20260912_215351_529_traffic_scan_env2025_seed0-499_48352cd1,58,29,39,0,1
20260912_215351_529_traffic_scan_env2025_seed0-499_48352cd1,58,29,40,1,1
20260912_215351_529_traffic_scan_env2025_seed0-499_48352cd1,58,29,41,0,1
20260912_215351_529_traffic_scan_env2025_seed0-499_48352cd1,58,29,42,0,2
20260912_215351_529_traffic_scan_env2025_seed0-499_48352cd1,58,29,42,1,1
20260912_215351_529_traffic_scan_env2025_seed0-499_48352cd1,58,29,43,2,1
20260912_215351_529_traffic_scan_env2025_seed0-499_48352cd1,58,29,44,0,1
20260912_215351_529_traffic_scan_env2025_seed0-499_48352cd1,58,29,45,0,1
20260912_215351_529_traffic_scan_env2025_seed0-499_48352cd1,58,29,46,0,9
20260912_215351_529_traffic_scan_env2025_seed0-499_48352cd1,58,29,46,1,1
20260912_215351_529_traffic_scan_env2025_seed0-499_48352cd1,58,29,47,0,3
20260912_215351_529_traffic_scan_env2025_seed0-499_48352cd1,58,29,48,1,1
20260912_215351_529_traffic_scan_env2025_seed0-499_48352cd1,58,29,51,1,1
20260912_215351_529_traffic_scan_env2025_seed0-499_48352cd1,58,29,53,0,1
20260912_215351_529_traffic_scan_env2025_seed0-499_48352cd1,58,29,56,0,1
20260912_215351_529_traffic_scan_env2025_seed0-499_48352cd1,58,29,56,1,1
20260912_215351_529_traffic_scan_env2025_seed0-499_48352cd1,58,30,1,0,1
20260912_215351_529_traffic_scan_env2025_seed0-499_48352cd1,58,30,3,1,1
20260912_215351_529_traffic_scan_env2025_seed0-499_48352cd1,58,30,5,1,1
20260912_215351_529_traffic_scan_env2025_seed0-499_48352cd1,58,30,7,0,2
20260912_215351_529_traffic_scan_env2025_seed0-499_48352cd1,58,30,7,1,2
20260912_215351_529_traffic_scan_env2025_seed0-499_48352cd1,58,30,9,0,3
20260912_215351_529_traffic_scan_env2025_seed0-499_48352cd1,58,30,9,1,3
20260912_215351_529_traffic_scan_env2025_seed0-499_48352cd1,58,30,10,0,1
20260912_215351_529_traffic_scan_env2025_seed0-499_48352cd1,58,30,11,0,1
20260912_215351_529_traffic_scan_env2025_seed0-499_48352cd1,58,30,14,2,2
20260912_215351_529_traffic_scan_env2025_seed0-499_48352cd1,58,30,15,0,3
20260912_215351_529_traffic_scan_env2025_seed0-499_48352cd1,58,30,16,1,1
20260912_215351_529_traffic_scan_env2025_seed0-499_48352cd1,58,30,17,1,1
20260912_215351_529_traffic_scan_env2025_seed0-499_48352cd1,58,30,18,1,1
20260912_215351_529_traffic_scan_env2025_seed0-499_48352cd1,58,30,19,1,2
20260912_215351_529_traffic_scan_env2025_seed0-499_48352cd1,58,30,20,0,2
20260912_215351_529_traffic_scan_env2025_seed0-499_48352cd1,58,30,23,0,1
20260912_215351_529_traffic_scan_env2025_seed0-499_48352cd1,58,30,23,1,5
20260912_215351_529_traffic_scan_env2025_seed0-499_48352cd1,58,30,24,0,3
20260912_215351_529_traffic_scan_env2025_seed0-499_48352cd1,58,30,24,1,3
20260912_215351_529_traffic_scan_env2025_seed0-499_48352cd1,58,30,25,0,2
20260912_215351_529_traffic_scan_env2025_seed0-499_48352cd1,58,30,25,1,3
20260912_215351_529_traffic_scan_env2025_seed0-499_48352cd1,58,30,26,0,1
20260912_215351_529_traffic_scan_env2025_seed0-499_48352cd1,58,30,26,1,1
20260912_215351_529_traffic_scan_env2025_seed0-499_48352cd1,58,30,27,0,1
20260912_215351_529_traffic_scan_env2025_seed0-499_48352cd1,58,30,28,0,3
20260912_215351_529_traffic_scan_env2025_seed0-499_48352cd1,58,30,28,1,1
20260912_215351_529_traffic_scan_env2025_seed0-499_48352cd1,58,30,29,0,1
20260912_215351_529_traffic_scan_env2025_seed0-499_48352cd1,58,30,29,1,3
20260912_215351_529_traffic_scan_env2025_seed0-499_48352cd1,58,30,31,0,4
20260912_215351_529_traffic_scan_env2025_seed0-499_48352cd1,58,30,31,1,1
20260912_215351_529_traffic_scan_env2025_seed0-499_48352cd1,58,30,32,0,4
20260912_215351_529_traffic_scan_env2025_seed0-499_48352cd1,58,30,32,1,3
20260912_215351_529_traffic_scan_env2025_seed0-499_48352cd1,58,30,33,0,2
20260912_215351_529_traffic_scan_env2025_seed0-499_48352cd1,58,30,33,1,1
20260912_215351_529_traffic_scan_env2025_seed0-499_48352cd1,58,30,34,0,1
20260912_215351_529_traffic_scan_env2025_seed0-499_48352cd1,58,30,35,0,1
20260912_215351_529_traffic_scan_env2025_seed0-499_48352cd1,58,30,35,1,3
20260912_215351_529_traffic_scan_env2025_seed0-499_48352cd1,58,30,36,0,2
20260912_215351_529_traffic_scan_env2025_seed0-499_48352cd1,58,30,37,0,2
20260912_215351_529_traffic_scan_env2025_seed0-499_48352cd1,58,30,38,0,2
20260912_215351_529_traffic_scan_env2025_seed0-499_48352cd1,58,30,38,1,1
20260912_215351_529_traffic_scan_env2025_seed0-499_48352cd1,58,30,39,0,1
20260912_215351_529_traffic_scan_env2025_seed0-499_48352cd1,58,30,39,1,2
20260912_215351_529_traffic_scan_env2025_seed0-499_48352cd1,58,30,40,0,1
20260912_215351_529_traffic_scan_env2025_seed0-499_48352cd1,58,30,41,0,3
20260912_215351_529_traffic_scan_env2025_seed0-499_48352cd1,58,30,42,0,3
20260912_215351_529_traffic_scan_env2025_seed0-499_48352cd1,58,30,43,0,1
20260912_215351_529_traffic_scan_env2025_seed0-499_48352cd1,58,30,43,1,2
20260912_215351_529_traffic_scan_env2025_seed0-499_48352cd1,58,30,44,0,5
20260912_215351_529_traffic_scan_env2025_seed0-499_48352cd1,58,30,45,0,7
20260912_215351_529_traffic_scan_env2025_seed0-499_48352cd1,58,30,45,1,1
20260912_215351_529_traffic_scan_env2025_seed0-499_48352cd1,58,30,48,0,3
20260912_215351_529_traffic_scan_env2025_seed0-499_48352cd1,58,30,48,1,1
20260912_215351_529_traffic_scan_env2025_seed0-499_48352cd1,58,30,49,0,1
20260912_215351_529_traffic_scan_env2025_seed0-499_48352cd1,58,30,50,0,1
20260912_215351_529_traffic_scan_env2025_seed0-499_48352cd1,58,30,50,1,1
20260912_215351_529_traffic_scan_env2025_seed0-499_48352cd1,58,30,51,0,1
20260912_215351_529_traffic_scan_env2025_seed0-499_48352cd1,58,30,52,0,3
20260912_215351_529_traffic_scan_env2025_seed0-499_48352cd1,58,30,53,0,1
20260912_215351_529_traffic_scan_env2025_seed0-499_48352cd1,58,30,54,0,1
20260912_215351_529_traffic_scan_env2025_seed0-499_48352cd1,58,30,55,1,1
20260912_215351_529_traffic_scan_env2025_seed0-499_48352cd1,58,30,56,0,1
20260912_215351_529_traffic_scan_env2025_seed0-499_48352cd1,58,31,0,0,1
20260912_215351_529_traffic_scan_env2025_seed0-499_48352cd1,58,31,3,2,1
20260912_215351_529_traffic_scan_env2025_seed0-499_48352cd1,58,31,5,1,1
20260912_215351_529_traffic_scan_env2025_seed0-499_48352cd1,58,31,6,0,1
20260912_215351_529_traffic_scan_env2025_seed0-499_48352cd1,58,31,7,1,1
20260912_215351_529_traffic_scan_env2025_seed0-499_48352cd1,58,31,8,0,2
20260912_215351_529_traffic_scan_env2025_seed0-499_48352cd1,58,31,8,1,3
20260912_215351_529_traffic_scan_env2025_seed0-499_48352cd1,58,31,9,1,1
20260912_215351_529_traffic_scan_env2025_seed0-499_48352cd1,58,31,12,0,1
20260912_215351_529_traffic_scan_env2025_seed0-499_48352cd1,58,31,13,0,1
20260912_215351_529_traffic_scan_env2025_seed0-499_48352cd1,58,31,14,0,1
20260912_215351_529_traffic_scan_env2025_seed0-499_48352cd1,58,31,14,1,1
20260912_215351_529_traffic_scan_env2025_seed0-499_48352cd1,58,31,15,0,2
20260912_215351_529_traffic_scan_env2025_seed0-499_48352cd1,58,31,15,1,1
20260912_215351_529_traffic_scan_env2025_seed0-499_48352cd1,58,31,16,0,3
20260912_215351_529_traffic_scan_env2025_seed0-499_48352cd1,58,31,17,0,1
20260912_215351_529_traffic_scan_env2025_seed0-499_48352cd1,58,31,17,1,2
20260912_215351_529_traffic_scan_env2025_seed0-499_48352cd1,58,31,18,0,1
20260912_215351_529_traffic_scan_env2025_seed0-499_48352cd1,58,31,18,1,3
20260912_215351_529_traffic_scan_env2025_seed0-499_48352cd1,58,31,19,0,2
20260912_215351_529_traffic_scan_env2025_seed0-499_48352cd1,58,31,20,0,2
20260912_215351_529_traffic_scan_env2025_seed0-499_48352cd1,58,31,23,0,3
20260912_215351_529_traffic_scan_env2025_seed0-499_48352cd1,58,31,23,1,5
20260912_215351_529_traffic_scan_env2025_seed0-499_48352cd1,58,31,24,0,1
20260912_215351_529_traffic_scan_env2025_seed0-499_48352cd1,58,31,24,1,3
20260912_215351_529_traffic_scan_env2025_seed0-499_48352cd1,58,31,25,0,2
20260912_215351_529_traffic_scan_env2025_seed0-499_48352cd1,58,31,26,0,1
20260912_215351_529_traffic_scan_env2025_seed0-499_48352cd1,58,31,26,1,4
20260912_215351_529_traffic_scan_env2025_seed0-499_48352cd1,58,31,27,0,2
20260912_215351_529_traffic_scan_env2025_seed0-499_48352cd1,58,31,28,0,2
20260912_215351_529_traffic_scan_env2025_seed0-499_48352cd1,58,31,28,1,2
20260912_215351_529_traffic_scan_env2025_seed0-499_48352cd1,58,31,29,0,1
20260912_215351_529_traffic_scan_env2025_seed0-499_48352cd1,58,31,29,1,1
20260912_215351_529_traffic_scan_env2025_seed0-499_48352cd1,58,31,30,0,1
20260912_215351_529_traffic_scan_env2025_seed0-499_48352cd1,58,31,30,1,1
20260912_215351_529_traffic_scan_env2025_seed0-499_48352cd1,58,31,31,0,4
20260912_215351_529_traffic_scan_env2025_seed0-499_48352cd1,58,31,31,1,2
20260912_215351_529_traffic_scan_env2025_seed0-499_48352cd1,58,31,32,0,2
20260912_215351_529_traffic_scan_env2025_seed0-499_48352cd1,58,31,33,0,4
20260912_215351_529_traffic_scan_env2025_seed0-499_48352cd1,58,31,33,1,3
20260912_215351_529_traffic_scan_env2025_seed0-499_48352cd1,58,31,34,0,1
20260912_215351_529_traffic_scan_env2025_seed0-499_48352cd1,58,31,35,0,1
20260912_215351_529_traffic_scan_env2025_seed0-499_48352cd1,58,31,36,0,2
20260912_215351_529_traffic_scan_env2025_seed0-499_48352cd1,58,31,36,1,3
20260912_215351_529_traffic_scan_env2025_seed0-499_48352cd1,58,31,37,0,3
20260912_215351_529_traffic_scan_env2025_seed0-499_48352cd1,58,31,38,0,1
20260912_215351_529_traffic_scan_env2025_seed0-499_48352cd1,58,31,38,1,1
20260912_215351_529_traffic_scan_env2025_seed0-499_48352cd1,58,31,39,0,1
20260912_215351_529_traffic_scan_env2025_seed0-499_48352cd1,58,31,40,0,3
20260912_215351_529_traffic_scan_env2025_seed0-499_48352cd1,58,31,40,1,1
20260912_215351_529_traffic_scan_env2025_seed0-499_48352cd1,58,31,41,0,6
20260912_215351_529_traffic_scan_env2025_seed0-499_48352cd1,58,31,42,0,5
20260912_215351_529_traffic_scan_env2025_seed0-499_48352cd1,58,31,43,0,7
20260912_215351_529_traffic_scan_env2025_seed0-499_48352cd1,58,31,43,1,1
20260912_215351_529_traffic_scan_env2025_seed0-499_48352cd1,58,31,44,2,1
20260912_215351_529_traffic_scan_env2025_seed0-499_48352cd1,58,31,45,0,3
20260912_215351_529_traffic_scan_env2025_seed0-499_48352cd1,58,31,45,1,1
20260912_215351_529_traffic_scan_env2025_seed0-499_48352cd1,58,31,48,0,1
20260912_215351_529_traffic_scan_env2025_seed0-499_48352cd1,58,31,48,1,1
20260912_215351_529_traffic_scan_env2025_seed0-499_48352cd1,58,31,49,0,1
20260912_215351_529_traffic_scan_env2025_seed0-499_48352cd1,58,31,49,1,1
20260912_215351_529_traffic_scan_env2025_seed0-499_48352cd1,58,31,51,0,2
20260912_215351_529_traffic_scan_env2025_seed0-499_48352cd1,58,31,54,2,1
20260912_215351_529_traffic_scan_env2025_seed0-499_48352cd1,58,31,56,0,1
20260912_215351_529_traffic_scan_env2025_seed0-499_48352cd1,58,32,3,2,1
20260912_215351_529_traffic_scan_env2025_seed0-499_48352cd1,58,32,5,0,1
20260912_215351_529_traffic_scan_env2025_seed0-499_48352cd1,58,32,5,1,1
20260912_215351_529_traffic_scan_env2025_seed0-499_48352cd1,58,32,7,0,1
20260912_215351_529_traffic_scan_env2025_seed0-499_48352cd1,58,32,7,1,3
20260912_215351_529_traffic_scan_env2025_seed0-499_48352cd1,58,32,8,2,1
20260912_215351_529_traffic_scan_env2025_seed0-499_48352cd1,58,32,9,0,1
20260912_215351_529_traffic_scan_env2025_seed0-499_48352cd1,58,32,9,1,1
20260912_215351_529_traffic_scan_env2025_seed0-499_48352cd1,58,32,14,1,1
20260912_215351_529_traffic_scan_env2025_seed0-499_48352cd1,58,32,15,0,1
20260912_215351_529_traffic_scan_env2025_seed0-499_48352cd1,58,32,16,1,2
20260912_215351_529_traffic_scan_env2025_seed0-499_48352cd1,58,32,17,0,2
20260912_215351_529_traffic_scan_env2025_seed0-499_48352cd1,58,32,17,1,2
20260912_215351_529_traffic_scan_env2025_seed0-499_48352cd1,58,32,18,0,1
20260912_215351_529_traffic_scan_env2025_seed0-499_48352cd1,58,32,18,1,1
20260912_215351_529_traffic_scan_env2025_seed0-499_48352cd1,58,32,19,1,1
20260912_215351_529_traffic_scan_env2025_seed0-499_48352cd1,58,32,20,1,2
20260912_215351_529_traffic_scan_env2025_seed0-499_48352cd1,58,32,21,0,2
20260912_215351_529_traffic_scan_env2025_seed0-499_48352cd1,58,32,21,1,2
20260912_215351_529_traffic_scan_env2025_seed0-499_48352cd1,58,32,22,0,3
20260912_215351_529_traffic_scan_env2025_seed0-499_48352cd1,58,32,22,1,2
20260912_215351_529_traffic_scan_env2025_seed0-499_48352cd1,58,32,23,1,3
20260912_215351_529_traffic_scan_env2025_seed0-499_48352cd1,58,32,24,1,1
20260912_215351_529_traffic_scan_env2025_seed0-499_48352cd1,58,32,25,0,1
20260912_215351_529_traffic_scan_env2025_seed0-499_48352cd1,58,32,25,1,2
20260912_215351_529_traffic_scan_env2025_seed0-499_48352cd1,58,32,26,0,1
20260912_215351_529_traffic_scan_env2025_seed0-499_48352cd1,58,32,26,1,2
20260912_215351_529_traffic_scan_env2025_seed0-499_48352cd1,58,32,27,1,4
20260912_215351_529_traffic_scan_env2025_seed0-499_48352cd1,58,32,28,0,1
20260912_215351_529_traffic_scan_env2025_seed0-499_48352cd1,58,32,30,0,1
20260912_215351_529_traffic_scan_env2025_seed0-499_48352cd1,58,32,30,1,2
20260912_215351_529_traffic_scan_env2025_seed0-499_48352cd1,58,32,31,0,2
20260912_215351_529_traffic_scan_env2025_seed0-499_48352cd1,58,32,31,1,2
20260912_215351_529_traffic_scan_env2025_seed0-499_48352cd1,58,32,33,0,2
20260912_215351_529_traffic_scan_env2025_seed0-499_48352cd1,58,32,33,1,1
20260912_215351_529_traffic_scan_env2025_seed0-499_48352cd1,58,32,34,0,2
20260912_215351_529_traffic_scan_env2025_seed0-499_48352cd1,58,32,34,1,2
20260912_215351_529_traffic_scan_env2025_seed0-499_48352cd1,58,32,36,0,2
20260912_215351_529_traffic_scan_env2025_seed0-499_48352cd1,58,32,37,0,1
20260912_215351_529_traffic_scan_env2025_seed0-499_48352cd1,58,32,37,1,4
20260912_215351_529_traffic_scan_env2025_seed0-499_48352cd1,58,32,39,0,2
20260912_215351_529_traffic_scan_env2025_seed0-499_48352cd1,58,32,40,0,5
20260912_215351_529_traffic_scan_env2025_seed0-499_48352cd1,58,32,41,2,1
20260912_215351_529_traffic_scan_env2025_seed0-499_48352cd1,58,32,43,1,1
20260912_215351_529_traffic_scan_env2025_seed0-499_48352cd1,58,32,44,0,4
20260912_215351_529_traffic_scan_env2025_seed0-499_48352cd1,58,32,45,0,1
20260912_215351_529_traffic_scan_env2025_seed0-499_48352cd1,58,32,45,1,1
20260912_215351_529_traffic_scan_env2025_seed0-499_48352cd1,58,32,46,0,1
20260912_215351_529_traffic_scan_env2025_seed0-499_48352cd1,58,32,46,1,1
20260912_215351_529_traffic_scan_env2025_seed0-499_48352cd1,58,32,48,2,2
20260912_215351_529_traffic_scan_env2025_seed0-499_48352cd1,58,32,49,0,1
20260912_215351_529_traffic_scan_env2025_seed0-499_48352cd1,58,32,50,0,3
20260912_215351_529_traffic_scan_env2025_seed0-499_48352cd1,58,32,53,3,1
20260912_215351_529_traffic_scan_env2025_seed0-499_48352cd1,58,32,55,0,1
20260912_215351_529_traffic_scan_env2025_seed0-499_48352cd1,58,33,3,1,1
20260912_215351_529_traffic_scan_env2025_seed0-499_48352cd1,58,33,4,0,1
20260912_215351_529_traffic_scan_env2025_seed0-499_48352cd1,58,33,5,1,1
20260912_215351_529_traffic_scan_env2025_seed0-499_48352cd1,58,33,6,1,1
20260912_215351_529_traffic_scan_env2025_seed0-499_48352cd1,58,33,7,0,1
20260912_215351_529_traffic_scan_env2025_seed0-499_48352cd1,58,33,7,1,2
20260912_215351_529_traffic_scan_env2025_seed0-499_48352cd1,58,33,8,1,1
20260912_215351_529_traffic_scan_env2025_seed0-499_48352cd1,58,33,9,1,1
20260912_215351_529_traffic_scan_env2025_seed0-499_48352cd1,58,33,10,0,1
20260912_215351_529_traffic_scan_env2025_seed0-499_48352cd1,58,33,14,1,1
20260912_215351_529_traffic_scan_env2025_seed0-499_48352cd1,58,33,15,0,1
20260912_215351_529_traffic_scan_env2025_seed0-499_48352cd1,58,33,15,1,1
20260912_215351_529_traffic_scan_env2025_seed0-499_48352cd1,58,33,16,1,2
20260912_215351_529_traffic_scan_env2025_seed0-499_48352cd1,58,33,17,0,1
20260912_215351_529_traffic_scan_env2025_seed0-499_48352cd1,58,33,17,1,1
20260912_215351_529_traffic_scan_env2025_seed0-499_48352cd1,58,33,18,1,2
20260912_215351_529_traffic_scan_env2025_seed0-499_48352cd1,58,33,19,1,3
20260912_215351_529_traffic_scan_env2025_seed0-499_48352cd1,58,33,20,1,1
20260912_215351_529_traffic_scan_env2025_seed0-499_48352cd1,58,33,21,0,2
20260912_215351_529_traffic_scan_env2025_seed0-499_48352cd1,58,33,22,0,1
20260912_215351_529_traffic_scan_env2025_seed0-499_48352cd1,58,33,23,1,3
20260912_215351_529_traffic_scan_env2025_seed0-499_48352cd1,58,33,24,1,1
20260912_215351_529_traffic_scan_env2025_seed0-499_48352cd1,58,33,25,0,2
20260912_215351_529_traffic_scan_env2025_seed0-499_48352cd1,58,33,26,2,5
20260912_215351_529_traffic_scan_env2025_seed0-499_48352cd1,58,33,27,2,1
20260912_215351_529_traffic_scan_env2025_seed0-499_48352cd1,58,33,28,1,2
20260912_215351_529_traffic_scan_env2025_seed0-499_48352cd1,58,33,29,0,2
20260912_215351_529_traffic_scan_env2025_seed0-499_48352cd1,58,33,29,1,1
20260912_215351_529_traffic_scan_env2025_seed0-499_48352cd1,58,33,31,0,2
20260912_215351_529_traffic_scan_env2025_seed0-499_48352cd1,58,33,31,1,2
20260912_215351_529_traffic_scan_env2025_seed0-499_48352cd1,58,33,32,1,1
20260912_215351_529_traffic_scan_env2025_seed0-499_48352cd1,58,33,33,1,2
20260912_215351_529_traffic_scan_env2025_seed0-499_48352cd1,58,33,34,0,1
20260912_215351_529_traffic_scan_env2025_seed0-499_48352cd1,58,33,35,0,3
20260912_215351_529_traffic_scan_env2025_seed0-499_48352cd1,58,33,35,1,2
20260912_215351_529_traffic_scan_env2025_seed0-499_48352cd1,58,33,36,0,1
20260912_215351_529_traffic_scan_env2025_seed0-499_48352cd1,58,33,36,1,1
20260912_215351_529_traffic_scan_env2025_seed0-499_48352cd1,58,33,37,0,1
20260912_215351_529_traffic_scan_env2025_seed0-499_48352cd1,58,33,38,0,2
20260912_215351_529_traffic_scan_env2025_seed0-499_48352cd1,58,33,38,1,3
20260912_215351_529_traffic_scan_env2025_seed0-499_48352cd1,58,33,39,0,5
20260912_215351_529_traffic_scan_env2025_seed0-499_48352cd1,58,33,42,2,1
20260912_215351_529_traffic_scan_env2025_seed0-499_48352cd1,58,33,43,0,2
20260912_215351_529_traffic_scan_env2025_seed0-499_48352cd1,58,33,43,1,1
20260912_215351_529_traffic_scan_env2025_seed0-499_48352cd1,58,33,45,0,1
20260912_215351_529_traffic_scan_env2025_seed0-499_48352cd1,58,33,46,0,2
20260912_215351_529_traffic_scan_env2025_seed0-499_48352cd1,58,33,46,1,1
20260912_215351_529_traffic_scan_env2025_seed0-499_48352cd1,58,33,47,2,2
20260912_215351_529_traffic_scan_env2025_seed0-499_48352cd1,58,33,48,2,1
20260912_215351_529_traffic_scan_env2025_seed0-499_48352cd1,58,33,49,0,3
20260912_215351_529_traffic_scan_env2025_seed0-499_48352cd1,58,33,51,1,1
20260912_215351_529_traffic_scan_env2025_seed0-499_48352cd1,58,33,52,3,1
20260912_215351_529_traffic_scan_env2025_seed0-499_48352cd1,58,33,55,0,1
20260912_215351_529_traffic_scan_env2025_seed0-499_48352cd1,58,34,3,0,1
20260912_215351_529_traffic_scan_env2025_seed0-499_48352cd1,58,34,3,1,1
20260912_215351_529_traffic_scan_env2025_seed0-499_48352cd1,58,34,5,1,2
20260912_215351_529_traffic_scan_env2025_seed0-499_48352cd1,58,34,6,0,1
20260912_215351_529_traffic_scan_env2025_seed0-499_48352cd1,58,34,7,0,1
20260912_215351_529_traffic_scan_env2025_seed0-499_48352cd1,58,34,7,1,2
20260912_215351_529_traffic_scan_env2025_seed0-499_48352cd1,58,34,8,0,1
20260912_215351_529_traffic_scan_env2025_seed0-499_48352cd1,58,34,8,1,1
20260912_215351_529_traffic_scan_env2025_seed0-499_48352cd1,58,34,9,0,1
20260912_215351_529_traffic_scan_env2025_seed0-499_48352cd1,58,34,9,1,1
20260912_215351_529_traffic_scan_env2025_seed0-499_48352cd1,58,34,10,0,1
20260912_215351_529_traffic_scan_env2025_seed0-499_48352cd1,58,34,11,0,2
20260912_215351_529_traffic_scan_env2025_seed0-499_48352cd1,58,34,12,0,1
20260912_215351_529_traffic_scan_env2025_seed0-499_48352cd1,58,34,13,0,1
20260912_215351_529_traffic_scan_env2025_seed0-499_48352cd1,58,34,14,0,2
20260912_215351_529_traffic_scan_env2025_seed0-499_48352cd1,58,34,14,1,1
20260912_215351_529_traffic_scan_env2025_seed0-499_48352cd1,58,34,15,0,2
20260912_215351_529_traffic_scan_env2025_seed0-499_48352cd1,58,34,15,1,2
20260912_215351_529_traffic_scan_env2025_seed0-499_48352cd1,58,34,16,0,1
20260912_215351_529_traffic_scan_env2025_seed0-499_48352cd1,58,34,18,1,3
20260912_215351_529_traffic_scan_env2025_seed0-499_48352cd1,58,34,19,1,2
20260912_215351_529_traffic_scan_env2025_seed0-499_48352cd1,58,34,20,0,2
20260912_215351_529_traffic_scan_env2025_seed0-499_48352cd1,58,34,20,1,1
20260912_215351_529_traffic_scan_env2025_seed0-499_48352cd1,58,34,21,1,1
20260912_215351_529_traffic_scan_env2025_seed0-499_48352cd1,58,34,23,0,1
20260912_215351_529_traffic_scan_env2025_seed0-499_48352cd1,58,34,23,1,3
20260912_215351_529_traffic_scan_env2025_seed0-499_48352cd1,58,34,24,1,1
20260912_215351_529_traffic_scan_env2025_seed0-499_48352cd1,58,34,25,0,2
20260912_215351_529_traffic_scan_env2025_seed0-499_48352cd1,58,34,25,1,1
20260912_215351_529_traffic_scan_env2025_seed0-499_48352cd1,58,34,26,2,2
20260912_215351_529_traffic_scan_env2025_seed0-499_48352cd1,58,34,27,2,3
20260912_215351_529_traffic_scan_env2025_seed0-499_48352cd1,58,34,28,0,1
20260912_215351_529_traffic_scan_env2025_seed0-499_48352cd1,58,34,28,1,1
20260912_215351_529_traffic_scan_env2025_seed0-499_48352cd1,58,34,29,1,2
20260912_215351_529_traffic_scan_env2025_seed0-499_48352cd1,58,34,30,0,1
20260912_215351_529_traffic_scan_env2025_seed0-499_48352cd1,58,34,31,0,2
20260912_215351_529_traffic_scan_env2025_seed0-499_48352cd1,58,34,31,1,2
20260912_215351_529_traffic_scan_env2025_seed0-499_48352cd1,58,34,33,0,1
20260912_215351_529_traffic_scan_env2025_seed0-499_48352cd1,58,34,33,1,2
20260912_215351_529_traffic_scan_env2025_seed0-499_48352cd1,58,34,34,0,1
20260912_215351_529_traffic_scan_env2025_seed0-499_48352cd1,58,34,35,0,1
20260912_215351_529_traffic_scan_env2025_seed0-499_48352cd1,58,34,35,1,1
20260912_215351_529_traffic_scan_env2025_seed0-499_48352cd1,58,34,36,0,3
20260912_215351_529_traffic_scan_env2025_seed0-499_48352cd1,58,34,36,1,2
20260912_215351_529_traffic_scan_env2025_seed0-499_48352cd1,58,34,37,0,3
20260912_215351_529_traffic_scan_env2025_seed0-499_48352cd1,58,34,38,0,5
20260912_215351_529_traffic_scan_env2025_seed0-499_48352cd1,58,34,39,1,3
20260912_215351_529_traffic_scan_env2025_seed0-499_48352cd1,58,34,41,0,1
20260912_215351_529_traffic_scan_env2025_seed0-499_48352cd1,58,34,42,0,2
20260912_215351_529_traffic_scan_env2025_seed0-499_48352cd1,58,34,43,1,2
20260912_215351_529_traffic_scan_env2025_seed0-499_48352cd1,58,34,46,0,2
20260912_215351_529_traffic_scan_env2025_seed0-499_48352cd1,58,34,46,1,1
20260912_215351_529_traffic_scan_env2025_seed0-499_48352cd1,58,34,47,0,1
20260912_215351_529_traffic_scan_env2025_seed0-499_48352cd1,58,34,47,1,2
20260912_215351_529_traffic_scan_env2025_seed0-499_48352cd1,58,34,48,0,3
20260912_215351_529_traffic_scan_env2025_seed0-499_48352cd1,58,34,48,1,1
20260912_215351_529_traffic_scan_env2025_seed0-499_48352cd1,58,34,50,0,1
20260912_215351_529_traffic_scan_env2025_seed0-499_48352cd1,58,34,51,2,2
20260912_215351_529_traffic_scan_env2025_seed0-499_48352cd1,58,34,56,0,1
20260912_215351_529_traffic_scan_env2025_seed0-499_48352cd1,58,35,2,0,1
20260912_215351_529_traffic_scan_env2025_seed0-499_48352cd1,58,35,3,1,1
20260912_215351_529_traffic_scan_env2025_seed0-499_48352cd1,58,35,4,1,1
20260912_215351_529_traffic_scan_env2025_seed0-499_48352cd1,58,35,5,0,1
20260912_215351_529_traffic_scan_env2025_seed0-499_48352cd1,58,35,5,1,1
20260912_215351_529_traffic_scan_env2025_seed0-499_48352cd1,58,35,7,1,2
20260912_215351_529_traffic_scan_env2025_seed0-499_48352cd1,58,35,8,1,1
20260912_215351_529_traffic_scan_env2025_seed0-499_48352cd1,58,35,10,1,1
20260912_215351_529_traffic_scan_env2025_seed0-499_48352cd1,58,35,12,0,1
20260912_215351_529_traffic_scan_env2025_seed0-499_48352cd1,58,35,13,0,1
20260912_215351_529_traffic_scan_env2025_seed0-499_48352cd1,58,35,13,1,1
20260912_215351_529_traffic_scan_env2025_seed0-499_48352cd1,58,35,14,0,2
20260912_215351_529_traffic_scan_env2025_seed0-499_48352cd1,58,35,14,1,2
20260912_215351_529_traffic_scan_env2025_seed0-499_48352cd1,58,35,15,0,3
20260912_215351_529_traffic_scan_env2025_seed0-499_48352cd1,58,35,16,0,1
20260912_215351_529_traffic_scan_env2025_seed0-499_48352cd1,58,35,16,1,1
20260912_215351_529_traffic_scan_env2025_seed0-499_48352cd1,58,35,17,0,1
20260912_215351_529_traffic_scan_env2025_seed0-499_48352cd1,58,35,17,1,3
20260912_215351_529_traffic_scan_env2025_seed0-499_48352cd1,58,35,18,0,3
20260912_215351_529_traffic_scan_env2025_seed0-499_48352cd1,58,35,18,1,1
20260912_215351_529_traffic_scan_env2025_seed0-499_48352cd1,58,35,19,0,3
20260912_215351_529_traffic_scan_env2025_seed0-499_48352cd1,58,35,19,1,2
20260912_215351_529_traffic_scan_env2025_seed0-499_48352cd1,58,35,20,0,1
20260912_215351_529_traffic_scan_env2025_seed0-499_48352cd1,58,35,20,1,3
20260912_215351_529_traffic_scan_env2025_seed0-499_48352cd1,58,35,21,0,1
20260912_215351_529_traffic_scan_env2025_seed0-499_48352cd1,58,35,21,1,2
20260912_215351_529_traffic_scan_env2025_seed0-499_48352cd1,58,35,22,0,1
20260912_215351_529_traffic_scan_env2025_seed0-499_48352cd1,58,35,22,1,2
20260912_215351_529_traffic_scan_env2025_seed0-499_48352cd1,58,35,23,0,1
20260912_215351_529_traffic_scan_env2025_seed0-499_48352cd1,58,35,23,1,5
20260912_215351_529_traffic_scan_env2025_seed0-499_48352cd1,58,35,24,0,2
20260912_215351_529_traffic_scan_env2025_seed0-499_48352cd1,58,35,24,1,4
20260912_215351_529_traffic_scan_env2025_seed0-499_48352cd1,58,35,25,0,2
20260912_215351_529_traffic_scan_env2025_seed0-499_48352cd1,58,35,25,1,2
20260912_215351_529_traffic_scan_env2025_seed0-499_48352cd1,58,35,26,0,3
20260912_215351_529_traffic_scan_env2025_seed0-499_48352cd1,58,35,26,1,4
20260912_215351_529_traffic_scan_env2025_seed0-499_48352cd1,58,35,27,0,2
20260912_215351_529_traffic_scan_env2025_seed0-499_48352cd1,58,35,27,1,4
20260912_215351_529_traffic_scan_env2025_seed0-499_48352cd1,58,35,28,0,1
20260912_215351_529_traffic_scan_env2025_seed0-499_48352cd1,58,35,28,1,4
20260912_215351_529_traffic_scan_env2025_seed0-499_48352cd1,58,35,29,1,2
20260912_215351_529_traffic_scan_env2025_seed0-499_48352cd1,58,35,30,1,4
20260912_215351_529_traffic_scan_env2025_seed0-499_48352cd1,58,35,31,0,3
20260912_215351_529_traffic_scan_env2025_seed0-499_48352cd1,58,35,31,1,3
20260912_215351_529_traffic_scan_env2025_seed0-499_48352cd1,58,35,32,0,1
20260912_215351_529_traffic_scan_env2025_seed0-499_48352cd1,58,35,32,1,3
20260912_215351_529_traffic_scan_env2025_seed0-499_48352cd1,58,35,33,0,1
20260912_215351_529_traffic_scan_env2025_seed0-499_48352cd1,58,35,33,1,3
20260912_215351_529_traffic_scan_env2025_seed0-499_48352cd1,58,35,34,1,4
20260912_215351_529_traffic_scan_env2025_seed0-499_48352cd1,58,35,35,0,1
20260912_215351_529_traffic_scan_env2025_seed0-499_48352cd1,58,35,35,1,1
20260912_215351_529_traffic_scan_env2025_seed0-499_48352cd1,58,35,36,0,5
20260912_215351_529_traffic_scan_env2025_seed0-499_48352cd1,58,35,36,1,1
20260912_215351_529_traffic_scan_env2025_seed0-499_48352cd1,58,35,37,0,9
20260912_215351_529_traffic_scan_env2025_seed0-499_48352cd1,58,35,37,1,3
20260912_215351_529_traffic_scan_env2025_seed0-499_48352cd1,58,35,38,0,1
20260912_215351_529_traffic_scan_env2025_seed0-499_48352cd1,58,35,38,1,1
20260912_215351_529_traffic_scan_env2025_seed0-499_48352cd1,58,35,39,0,1
20260912_215351_529_traffic_scan_env2025_seed0-499_48352cd1,58,35,39,1,1
20260912_215351_529_traffic_scan_env2025_seed0-499_48352cd1,58,35,40,0,1
20260912_215351_529_traffic_scan_env2025_seed0-499_48352cd1,58,35,40,1,5
20260912_215351_529_traffic_scan_env2025_seed0-499_48352cd1,58,35,41,0,2
20260912_215351_529_traffic_scan_env2025_seed0-499_48352cd1,58,35,41,1,1
20260912_215351_529_traffic_scan_env2025_seed0-499_48352cd1,58,35,42,0,1
20260912_215351_529_traffic_scan_env2025_seed0-499_48352cd1,58,35,42,1,1
20260912_215351_529_traffic_scan_env2025_seed0-499_48352cd1,58,35,43,0,1
20260912_215351_529_traffic_scan_env2025_seed0-499_48352cd1,58,35,43,1,1
20260912_215351_529_traffic_scan_env2025_seed0-499_48352cd1,58,35,44,0,1
20260912_215351_529_traffic_scan_env2025_seed0-499_48352cd1,58,35,44,1,1
20260912_215351_529_traffic_scan_env2025_seed0-499_48352cd1,58,35,45,0,2
20260912_215351_529_traffic_scan_env2025_seed0-499_48352cd1,58,35,45,1,1
20260912_215351_529_traffic_scan_env2025_seed0-499_48352cd1,58,35,46,0,2
20260912_215351_529_traffic_scan_env2025_seed0-499_48352cd1,58,35,47,0,3
20260912_215351_529_traffic_scan_env2025_seed0-499_48352cd1,58,35,47,1,1
20260912_215351_529_traffic_scan_env2025_seed0-499_48352cd1,58,35,48,0,1
20260912_215351_529_traffic_scan_env2025_seed0-499_48352cd1,58,35,48,1,2
20260912_215351_529_traffic_scan_env2025_seed0-499_48352cd1,58,35,49,0,2
20260912_215351_529_traffic_scan_env2025_seed0-499_48352cd1,58,35,50,0,1
20260912_215351_529_traffic_scan_env2025_seed0-499_48352cd1,58,35,51,0,2
20260912_215351_529_traffic_scan_env2025_seed0-499_48352cd1,58,35,52,0,2
20260912_215351_529_traffic_scan_env2025_seed0-499_48352cd1,58,35,52,1,2
20260912_215351_529_traffic_scan_env2025_seed0-499_48352cd1,58,35,53,0,2
20260912_215351_529_traffic_scan_env2025_seed0-499_48352cd1,58,35,54,0,2
20260912_215351_529_traffic_scan_env2025_seed0-499_48352cd1,58,35,56,0,1
20260912_215351_529_traffic_scan_env2025_seed0-499_48352cd1,58,36,1,0,1
20260912_215351_529_traffic_scan_env2025_seed0-499_48352cd1,58,36,3,1,2
20260912_215351_529_traffic_scan_env2025_seed0-499_48352cd1,58,36,4,0,1
20260912_215351_529_traffic_scan_env2025_seed0-499_48352cd1,58,36,5,1,1
20260912_215351_529_traffic_scan_env2025_seed0-499_48352cd1,58,36,8,1,3
20260912_215351_529_traffic_scan_env2025_seed0-499_48352cd1,58,36,11,1,1
20260912_215351_529_traffic_scan_env2025_seed0-499_48352cd1,58,36,12,1,1
20260912_215351_529_traffic_scan_env2025_seed0-499_48352cd1,58,36,13,0,1
20260912_215351_529_traffic_scan_env2025_seed0-499_48352cd1,58,36,13,1,2
20260912_215351_529_traffic_scan_env2025_seed0-499_48352cd1,58,36,14,0,2
20260912_215351_529_traffic_scan_env2025_seed0-499_48352cd1,58,36,15,0,1
20260912_215351_529_traffic_scan_env2025_seed0-499_48352cd1,58,36,16,0,3
20260912_215351_529_traffic_scan_env2025_seed0-499_48352cd1,58,36,16,1,2
20260912_215351_529_traffic_scan_env2025_seed0-499_48352cd1,58,36,17,0,2
20260912_215351_529_traffic_scan_env2025_seed0-499_48352cd1,58,36,19,0,1
20260912_215351_529_traffic_scan_env2025_seed0-499_48352cd1,58,36,20,0,1
20260912_215351_529_traffic_scan_env2025_seed0-499_48352cd1,58,36,20,1,1
20260912_215351_529_traffic_scan_env2025_seed0-499_48352cd1,58,36,21,0,1
20260912_215351_529_traffic_scan_env2025_seed0-499_48352cd1,58,36,21,1,2
20260912_215351_529_traffic_scan_env2025_seed0-499_48352cd1,58,36,22,0,1
20260912_215351_529_traffic_scan_env2025_seed0-499_48352cd1,58,36,22,1,3
20260912_215351_529_traffic_scan_env2025_seed0-499_48352cd1,58,36,23,1,4
20260912_215351_529_traffic_scan_env2025_seed0-499_48352cd1,58,36,24,1,1
20260912_215351_529_traffic_scan_env2025_seed0-499_48352cd1,58,36,25,0,4
20260912_215351_529_traffic_scan_env2025_seed0-499_48352cd1,58,36,26,1,3
20260912_215351_529_traffic_scan_env2025_seed0-499_48352cd1,58,36,27,1,1
20260912_215351_529_traffic_scan_env2025_seed0-499_48352cd1,58,36,29,0,1
20260912_215351_529_traffic_scan_env2025_seed0-499_48352cd1,58,36,29,1,2
20260912_215351_529_traffic_scan_env2025_seed0-499_48352cd1,58,36,30,0,1
20260912_215351_529_traffic_scan_env2025_seed0-499_48352cd1,58,36,30,1,2
20260912_215351_529_traffic_scan_env2025_seed0-499_48352cd1,58,36,31,0,1
20260912_215351_529_traffic_scan_env2025_seed0-499_48352cd1,58,36,31,1,1
20260912_215351_529_traffic_scan_env2025_seed0-499_48352cd1,58,36,32,0,6
20260912_215351_529_traffic_scan_env2025_seed0-499_48352cd1,58,36,33,0,1
20260912_215351_529_traffic_scan_env2025_seed0-499_48352cd1,58,36,33,1,3
20260912_215351_529_traffic_scan_env2025_seed0-499_48352cd1,58,36,34,0,1
20260912_215351_529_traffic_scan_env2025_seed0-499_48352cd1,58,36,35,0,4
20260912_215351_529_traffic_scan_env2025_seed0-499_48352cd1,58,36,36,0,6
20260912_215351_529_traffic_scan_env2025_seed0-499_48352cd1,58,36,37,0,2
20260912_215351_529_traffic_scan_env2025_seed0-499_48352cd1,58,36,38,0,2
20260912_215351_529_traffic_scan_env2025_seed0-499_48352cd1,58,36,38,1,2
20260912_215351_529_traffic_scan_env2025_seed0-499_48352cd1,58,36,39,1,1
20260912_215351_529_traffic_scan_env2025_seed0-499_48352cd1,58,36,40,0,1
20260912_215351_529_traffic_scan_env2025_seed0-499_48352cd1,58,36,40,1,1
20260912_215351_529_traffic_scan_env2025_seed0-499_48352cd1,58,36,41,1,2
20260912_215351_529_traffic_scan_env2025_seed0-499_48352cd1,58,36,43,0,1
20260912_215351_529_traffic_scan_env2025_seed0-499_48352cd1,58,36,43,1,1
20260912_215351_529_traffic_scan_env2025_seed0-499_48352cd1,58,36,44,0,2
20260912_215351_529_traffic_scan_env2025_seed0-499_48352cd1,58,36,44,1,1
20260912_215351_529_traffic_scan_env2025_seed0-499_48352cd1,58,36,45,0,1
20260912_215351_529_traffic_scan_env2025_seed0-499_48352cd1,58,36,45,1,1
20260912_215351_529_traffic_scan_env2025_seed0-499_48352cd1,58,36,46,0,3
20260912_215351_529_traffic_scan_env2025_seed0-499_48352cd1,58,36,47,0,2
20260912_215351_529_traffic_scan_env2025_seed0-499_48352cd1,58,36,47,1,1
20260912_215351_529_traffic_scan_env2025_seed0-499_48352cd1,58,36,48,0,1
20260912_215351_529_traffic_scan_env2025_seed0-499_48352cd1,58,36,48,1,1
20260912_215351_529_traffic_scan_env2025_seed0-499_48352cd1,58,36,49,1,2
20260912_215351_529_traffic_scan_env2025_seed0-499_48352cd1,58,36,50,0,2
20260912_215351_529_traffic_scan_env2025_seed0-499_48352cd1,58,36,51,0,1
20260912_215351_529_traffic_scan_env2025_seed0-499_48352cd1,58,36,51,1,1
20260912_215351_529_traffic_scan_env2025_seed0-499_48352cd1,58,36,53,0,1
20260912_215351_529_traffic_scan_env2025_seed0-499_48352cd1,58,36,55,0,3
20260912_215351_529_traffic_scan_env2025_seed0-499_48352cd1,58,37,2,1,1
20260912_215351_529_traffic_scan_env2025_seed0-499_48352cd1,58,37,3,0,1
20260912_215351_529_traffic_scan_env2025_seed0-499_48352cd1,58,37,3,1,1
20260912_215351_529_traffic_scan_env2025_seed0-499_48352cd1,58,37,5,1,1
20260912_215351_529_traffic_scan_env2025_seed0-499_48352cd1,58,37,8,1,3
20260912_215351_529_traffic_scan_env2025_seed0-499_48352cd1,58,37,12,0,1
20260912_215351_529_traffic_scan_env2025_seed0-499_48352cd1,58,37,12,1,4
20260912_215351_529_traffic_scan_env2025_seed0-499_48352cd1,58,37,13,0,3
20260912_215351_529_traffic_scan_env2025_seed0-499_48352cd1,58,37,14,0,4
20260912_215351_529_traffic_scan_env2025_seed0-499_48352cd1,58,37,15,0,4
20260912_215351_529_traffic_scan_env2025_seed0-499_48352cd1,58,37,15,1,2
20260912_215351_529_traffic_scan_env2025_seed0-499_48352cd1,58,37,17,0,1
20260912_215351_529_traffic_scan_env2025_seed0-499_48352cd1,58,37,18,0,1
20260912_215351_529_traffic_scan_env2025_seed0-499_48352cd1,58,37,21,1,1
20260912_215351_529_traffic_scan_env2025_seed0-499_48352cd1,58,37,23,0,2
20260912_215351_529_traffic_scan_env2025_seed0-499_48352cd1,58,37,23,1,7
20260912_215351_529_traffic_scan_env2025_seed0-499_48352cd1,58,37,24,0,4
20260912_215351_529_traffic_scan_env2025_seed0-499_48352cd1,58,37,24,1,2
20260912_215351_529_traffic_scan_env2025_seed0-499_48352cd1,58,37,25,0,3
20260912_215351_529_traffic_scan_env2025_seed0-499_48352cd1,58,37,25,1,2
20260912_215351_529_traffic_scan_env2025_seed0-499_48352cd1,58,37,26,0,3
20260912_215351_529_traffic_scan_env2025_seed0-499_48352cd1,58,37,26,1,3
20260912_215351_529_traffic_scan_env2025_seed0-499_48352cd1,58,37,27,0,2
20260912_215351_529_traffic_scan_env2025_seed0-499_48352cd1,58,37,27,1,2
20260912_215351_529_traffic_scan_env2025_seed0-499_48352cd1,58,37,28,0,2
20260912_215351_529_traffic_scan_env2025_seed0-499_48352cd1,58,37,28,1,1
20260912_215351_529_traffic_scan_env2025_seed0-499_48352cd1,58,37,29,0,2
20260912_215351_529_traffic_scan_env2025_seed0-499_48352cd1,58,37,29,1,1
20260912_215351_529_traffic_scan_env2025_seed0-499_48352cd1,58,37,30,0,2
20260912_215351_529_traffic_scan_env2025_seed0-499_48352cd1,58,37,30,1,5
20260912_215351_529_traffic_scan_env2025_seed0-499_48352cd1,58,37,31,0,4
20260912_215351_529_traffic_scan_env2025_seed0-499_48352cd1,58,37,31,1,4
20260912_215351_529_traffic_scan_env2025_seed0-499_48352cd1,58,37,32,0,2
20260912_215351_529_traffic_scan_env2025_seed0-499_48352cd1,58,37,32,1,3
20260912_215351_529_traffic_scan_env2025_seed0-499_48352cd1,58,37,33,0,5
20260912_215351_529_traffic_scan_env2025_seed0-499_48352cd1,58,37,33,1,2
20260912_215351_529_traffic_scan_env2025_seed0-499_48352cd1,58,37,34,0,3
20260912_215351_529_traffic_scan_env2025_seed0-499_48352cd1,58,37,34,1,2
20260912_215351_529_traffic_scan_env2025_seed0-499_48352cd1,58,37,35,0,6
20260912_215351_529_traffic_scan_env2025_seed0-499_48352cd1,58,37,35,1,1
20260912_215351_529_traffic_scan_env2025_seed0-499_48352cd1,58,37,36,0,4
20260912_215351_529_traffic_scan_env2025_seed0-499_48352cd1,58,37,36,1,1
20260912_215351_529_traffic_scan_env2025_seed0-499_48352cd1,58,37,37,2,1
20260912_215351_529_traffic_scan_env2025_seed0-499_48352cd1,58,37,38,0,2
20260912_215351_529_traffic_scan_env2025_seed0-499_48352cd1,58,37,38,1,2
20260912_215351_529_traffic_scan_env2025_seed0-499_48352cd1,58,37,39,0,3
20260912_215351_529_traffic_scan_env2025_seed0-499_48352cd1,58,37,39,1,3
20260912_215351_529_traffic_scan_env2025_seed0-499_48352cd1,58,37,40,1,2
20260912_215351_529_traffic_scan_env2025_seed0-499_48352cd1,58,37,41,1,1
20260912_215351_529_traffic_scan_env2025_seed0-499_48352cd1,58,37,42,1,3
20260912_215351_529_traffic_scan_env2025_seed0-499_48352cd1,58,37,43,0,1
20260912_215351_529_traffic_scan_env2025_seed0-499_48352cd1,58,37,43,1,3
20260912_215351_529_traffic_scan_env2025_seed0-499_48352cd1,58,37,44,1,1
20260912_215351_529_traffic_scan_env2025_seed0-499_48352cd1,58,37,45,0,2
20260912_215351_529_traffic_scan_env2025_seed0-499_48352cd1,58,37,45,1,1
20260912_215351_529_traffic_scan_env2025_seed0-499_48352cd1,58,37,46,2,1
20260912_215351_529_traffic_scan_env2025_seed0-499_48352cd1,58,37,47,1,1
20260912_215351_529_traffic_scan_env2025_seed0-499_48352cd1,58,37,48,0,1
20260912_215351_529_traffic_scan_env2025_seed0-499_48352cd1,58,37,48,1,1
20260912_215351_529_traffic_scan_env2025_seed0-499_48352cd1,58,37,50,0,1
20260912_215351_529_traffic_scan_env2025_seed0-499_48352cd1,58,37,50,1,1
20260912_215351_529_traffic_scan_env2025_seed0-499_48352cd1,58,37,51,0,1
20260912_215351_529_traffic_scan_env2025_seed0-499_48352cd1,58,37,54,0,1
20260912_215351_529_traffic_scan_env2025_seed0-499_48352cd1,58,37,56,0,3
20260912_215351_529_traffic_scan_env2025_seed0-499_48352cd1,58,38,1,1,1
20260912_215351_529_traffic_scan_env2025_seed0-499_48352cd1,58,38,2,0,2
20260912_215351_529_traffic_scan_env2025_seed0-499_48352cd1,58,38,3,0,1
20260912_215351_529_traffic_scan_env2025_seed0-499_48352cd1,58,38,3,1,1
20260912_215351_529_traffic_scan_env2025_seed0-499_48352cd1,58,38,4,0,1
20260912_215351_529_traffic_scan_env2025_seed0-499_48352cd1,58,38,5,0,1
20260912_215351_529_traffic_scan_env2025_seed0-499_48352cd1,58,38,5,1,1
20260912_215351_529_traffic_scan_env2025_seed0-499_48352cd1,58,38,6,1,1
20260912_215351_529_traffic_scan_env2025_seed0-499_48352cd1,58,38,7,1,2
20260912_215351_529_traffic_scan_env2025_seed0-499_48352cd1,58,38,8,0,1
20260912_215351_529_traffic_scan_env2025_seed0-499_48352cd1,58,38,8,1,2
20260912_215351_529_traffic_scan_env2025_seed0-499_48352cd1,58,38,9,0,1
20260912_215351_529_traffic_scan_env2025_seed0-499_48352cd1,58,38,10,0,1
20260912_215351_529_traffic_scan_env2025_seed0-499_48352cd1,58,38,11,0,1
20260912_215351_529_traffic_scan_env2025_seed0-499_48352cd1,58,38,11,1,4
20260912_215351_529_traffic_scan_env2025_seed0-499_48352cd1,58,38,12,0,2
20260912_215351_529_traffic_scan_env2025_seed0-499_48352cd1,58,38,13,0,1
20260912_215351_529_traffic_scan_env2025_seed0-499_48352cd1,58,38,14,0,2
20260912_215351_529_traffic_scan_env2025_seed0-499_48352cd1,58,38,14,1,2
20260912_215351_529_traffic_scan_env2025_seed0-499_48352cd1,58,38,15,0,4
20260912_215351_529_traffic_scan_env2025_seed0-499_48352cd1,58,38,16,0,1
20260912_215351_529_traffic_scan_env2025_seed0-499_48352cd1,58,38,17,0,1
20260912_215351_529_traffic_scan_env2025_seed0-499_48352cd1,58,38,21,0,1
20260912_215351_529_traffic_scan_env2025_seed0-499_48352cd1,58,38,22,0,1
20260912_215351_529_traffic_scan_env2025_seed0-499_48352cd1,58,38,22,1,2
20260912_215351_529_traffic_scan_env2025_seed0-499_48352cd1,58,38,23,0,2
20260912_215351_529_traffic_scan_env2025_seed0-499_48352cd1,58,38,23,1,3
20260912_215351_529_traffic_scan_env2025_seed0-499_48352cd1,58,38,24,1,3
20260912_215351_529_traffic_scan_env2025_seed0-499_48352cd1,58,38,25,0,2
20260912_215351_529_traffic_scan_env2025_seed0-499_48352cd1,58,38,26,2,1
20260912_215351_529_traffic_scan_env2025_seed0-499_48352cd1,58,38,27,0,2
20260912_215351_529_traffic_scan_env2025_seed0-499_48352cd1,58,38,27,1,1
20260912_215351_529_traffic_scan_env2025_seed0-499_48352cd1,58,38,30,0,2
20260912_215351_529_traffic_scan_env2025_seed0-499_48352cd1,58,38,30,1,5
20260912_215351_529_traffic_scan_env2025_seed0-499_48352cd1,58,38,33,0,1
20260912_215351_529_traffic_scan_env2025_seed0-499_48352cd1,58,38,33,1,2
20260912_215351_529_traffic_scan_env2025_seed0-499_48352cd1,58,38,34,0,8
20260912_215351_529_traffic_scan_env2025_seed0-499_48352cd1,58,38,35,1,1
20260912_215351_529_traffic_scan_env2025_seed0-499_48352cd1,58,38,37,0,4
20260912_215351_529_traffic_scan_env2025_seed0-499_48352cd1,58,38,37,1,1
20260912_215351_529_traffic_scan_env2025_seed0-499_48352cd1,58,38,38,0,3
20260912_215351_529_traffic_scan_env2025_seed0-499_48352cd1,58,38,39,0,1
20260912_215351_529_traffic_scan_env2025_seed0-499_48352cd1,58,38,40,0,1
20260912_215351_529_traffic_scan_env2025_seed0-499_48352cd1,58,38,40,1,3
20260912_215351_529_traffic_scan_env2025_seed0-499_48352cd1,58,38,42,0,1
20260912_215351_529_traffic_scan_env2025_seed0-499_48352cd1,58,38,42,1,1
20260912_215351_529_traffic_scan_env2025_seed0-499_48352cd1,58,38,43,2,3
20260912_215351_529_traffic_scan_env2025_seed0-499_48352cd1,58,38,44,0,2
20260912_215351_529_traffic_scan_env2025_seed0-499_48352cd1,58,38,46,0,1
20260912_215351_529_traffic_scan_env2025_seed0-499_48352cd1,58,38,47,0,1
20260912_215351_529_traffic_scan_env2025_seed0-499_48352cd1,58,38,47,1,2
20260912_215351_529_traffic_scan_env2025_seed0-499_48352cd1,58,38,48,0,1
20260912_215351_529_traffic_scan_env2025_seed0-499_48352cd1,58,38,48,1,1
20260912_215351_529_traffic_scan_env2025_seed0-499_48352cd1,58,38,49,0,2
20260912_215351_529_traffic_scan_env2025_seed0-499_48352cd1,58,38,49,1,1
20260912_215351_529_traffic_scan_env2025_seed0-499_48352cd1,58,38,50,0,1
20260912_215351_529_traffic_scan_env2025_seed0-499_48352cd1,58,38,51,0,1
20260912_215351_529_traffic_scan_env2025_seed0-499_48352cd1,58,38,52,0,2
20260912_215351_529_traffic_scan_env2025_seed0-499_48352cd1,58,38,54,0,2
20260912_215351_529_traffic_scan_env2025_seed0-499_48352cd1,58,38,55,0,1
20260912_215351_529_traffic_scan_env2025_seed0-499_48352cd1,58,38,56,0,2
20260912_215351_529_traffic_scan_env2025_seed0-499_48352cd1,58,38,57,0,3
20260912_215351_529_traffic_scan_env2025_seed0-499_48352cd1,58,38,58,0,1
20260912_215351_529_traffic_scan_env2025_seed0-499_48352cd1,58,39,1,1,1
20260912_215351_529_traffic_scan_env2025_seed0-499_48352cd1,58,39,3,1,1
20260912_215351_529_traffic_scan_env2025_seed0-499_48352cd1,58,39,5,1,1
20260912_215351_529_traffic_scan_env2025_seed0-499_48352cd1,58,39,7,0,1
20260912_215351_529_traffic_scan_env2025_seed0-499_48352cd1,58,39,7,1,1
20260912_215351_529_traffic_scan_env2025_seed0-499_48352cd1,58,39,8,1,2
20260912_215351_529_traffic_scan_env2025_seed0-499_48352cd1,58,39,10,1,3
20260912_215351_529_traffic_scan_env2025_seed0-499_48352cd1,58,39,11,0,1
20260912_215351_529_traffic_scan_env2025_seed0-499_48352cd1,58,39,12,1,1
20260912_215351_529_traffic_scan_env2025_seed0-499_48352cd1,58,39,13,1,3
20260912_215351_529_traffic_scan_env2025_seed0-499_48352cd1,58,39,15,0,1
20260912_215351_529_traffic_scan_env2025_seed0-499_48352cd1,58,39,16,0,2
20260912_215351_529_traffic_scan_env2025_seed0-499_48352cd1,58,39,18,0,1
20260912_215351_529_traffic_scan_env2025_seed0-499_48352cd1,58,39,19,0,1
20260912_215351_529_traffic_scan_env2025_seed0-499_48352cd1,58,39,20,0,1
20260912_215351_529_traffic_scan_env2025_seed0-499_48352cd1,58,39,21,1,1
20260912_215351_529_traffic_scan_env2025_seed0-499_48352cd1,58,39,22,0,2
20260912_215351_529_traffic_scan_env2025_seed0-499_48352cd1,58,39,23,1,5
20260912_215351_529_traffic_scan_env2025_seed0-499_48352cd1,58,39,25,0,2
20260912_215351_529_traffic_scan_env2025_seed0-499_48352cd1,58,39,25,1,3
20260912_215351_529_traffic_scan_env2025_seed0-499_48352cd1,58,39,26,1,2
20260912_215351_529_traffic_scan_env2025_seed0-499_48352cd1,58,39,27,0,1
20260912_215351_529_traffic_scan_env2025_seed0-499_48352cd1,58,39,27,1,2
20260912_215351_529_traffic_scan_env2025_seed0-499_48352cd1,58,39,28,0,1
20260912_215351_529_traffic_scan_env2025_seed0-499_48352cd1,58,39,28,1,1
20260912_215351_529_traffic_scan_env2025_seed0-499_48352cd1,58,39,29,1,1
20260912_215351_529_traffic_scan_env2025_seed0-499_48352cd1,58,39,30,0,2
20260912_215351_529_traffic_scan_env2025_seed0-499_48352cd1,58,39,30,1,4
20260912_215351_529_traffic_scan_env2025_seed0-499_48352cd1,58,39,33,0,6
20260912_215351_529_traffic_scan_env2025_seed0-499_48352cd1,58,39,33,1,1
20260912_215351_529_traffic_scan_env2025_seed0-499_48352cd1,58,39,34,1,1
20260912_215351_529_traffic_scan_env2025_seed0-499_48352cd1,58,39,35,0,3
20260912_215351_529_traffic_scan_env2025_seed0-499_48352cd1,58,39,35,1,2
20260912_215351_529_traffic_scan_env2025_seed0-499_48352cd1,58,39,36,1,3
20260912_215351_529_traffic_scan_env2025_seed0-499_48352cd1,58,39,37,0,1
20260912_215351_529_traffic_scan_env2025_seed0-499_48352cd1,58,39,37,1,1
20260912_215351_529_traffic_scan_env2025_seed0-499_48352cd1,58,39,38,0,5
20260912_215351_529_traffic_scan_env2025_seed0-499_48352cd1,58,39,38,1,1
20260912_215351_529_traffic_scan_env2025_seed0-499_48352cd1,58,39,39,0,2
20260912_215351_529_traffic_scan_env2025_seed0-499_48352cd1,58,39,39,1,1
20260912_215351_529_traffic_scan_env2025_seed0-499_48352cd1,58,39,40,1,2
20260912_215351_529_traffic_scan_env2025_seed0-499_48352cd1,58,39,41,0,1
20260912_215351_529_traffic_scan_env2025_seed0-499_48352cd1,58,39,41,1,4
20260912_215351_529_traffic_scan_env2025_seed0-499_48352cd1,58,39,42,0,1
20260912_215351_529_traffic_scan_env2025_seed0-499_48352cd1,58,39,42,1,1
20260912_215351_529_traffic_scan_env2025_seed0-499_48352cd1,58,39,43,0,2
20260912_215351_529_traffic_scan_env2025_seed0-499_48352cd1,58,39,43,1,2
20260912_215351_529_traffic_scan_env2025_seed0-499_48352cd1,58,39,44,1,3
20260912_215351_529_traffic_scan_env2025_seed0-499_48352cd1,58,39,45,1,1
20260912_215351_529_traffic_scan_env2025_seed0-499_48352cd1,58,39,47,1,1
20260912_215351_529_traffic_scan_env2025_seed0-499_48352cd1,58,39,48,1,4
20260912_215351_529_traffic_scan_env2025_seed0-499_48352cd1,58,39,49,1,1
20260912_215351_529_traffic_scan_env2025_seed0-499_48352cd1,58,39,50,0,1
20260912_215351_529_traffic_scan_env2025_seed0-499_48352cd1,58,39,50,1,1
20260912_215351_529_traffic_scan_env2025_seed0-499_48352cd1,58,39,53,0,2
20260912_215351_529_traffic_scan_env2025_seed0-499_48352cd1,58,39,54,0,1
20260912_215351_529_traffic_scan_env2025_seed0-499_48352cd1,58,39,55,0,1
20260912_215351_529_traffic_scan_env2025_seed0-499_48352cd1,58,39,58,0,1
20260912_215351_529_traffic_scan_env2025_seed0-499_48352cd1,58,40,1,1,1
20260912_215351_529_traffic_scan_env2025_seed0-499_48352cd1,58,40,3,1,1
20260912_215351_529_traffic_scan_env2025_seed0-499_48352cd1,58,40,5,1,1
20260912_215351_529_traffic_scan_env2025_seed0-499_48352cd1,58,40,6,0,1
20260912_215351_529_traffic_scan_env2025_seed0-499_48352cd1,58,40,7,2,1
20260912_215351_529_traffic_scan_env2025_seed0-499_48352cd1,58,40,8,0,1
20260912_215351_529_traffic_scan_env2025_seed0-499_48352cd1,58,40,8,1,5
20260912_215351_529_traffic_scan_env2025_seed0-499_48352cd1,58,40,9,0,1
20260912_215351_529_traffic_scan_env2025_seed0-499_48352cd1,58,40,9,1,4
20260912_215351_529_traffic_scan_env2025_seed0-499_48352cd1,58,40,10,0,2
20260912_215351_529_traffic_scan_env2025_seed0-499_48352cd1,58,40,10,1,1
20260912_215351_529_traffic_scan_env2025_seed0-499_48352cd1,58,40,11,0,2
20260912_215351_529_traffic_scan_env2025_seed0-499_48352cd1,58,40,11,1,1
20260912_215351_529_traffic_scan_env2025_seed0-499_48352cd1,58,40,12,0,4
20260912_215351_529_traffic_scan_env2025_seed0-499_48352cd1,58,40,12,1,1
20260912_215351_529_traffic_scan_env2025_seed0-499_48352cd1,58,40,13,1,4
20260912_215351_529_traffic_scan_env2025_seed0-499_48352cd1,58,40,14,2,1
20260912_215351_529_traffic_scan_env2025_seed0-499_48352cd1,58,40,15,1,2
20260912_215351_529_traffic_scan_env2025_seed0-499_48352cd1,58,40,16,1,1
20260912_215351_529_traffic_scan_env2025_seed0-499_48352cd1,58,40,17,0,2
20260912_215351_529_traffic_scan_env2025_seed0-499_48352cd1,58,40,17,1,1
20260912_215351_529_traffic_scan_env2025_seed0-499_48352cd1,58,40,18,1,1
20260912_215351_529_traffic_scan_env2025_seed0-499_48352cd1,58,40,19,1,1
20260912_215351_529_traffic_scan_env2025_seed0-499_48352cd1,58,40,20,1,2
20260912_215351_529_traffic_scan_env2025_seed0-499_48352cd1,58,40,21,0,2
20260912_215351_529_traffic_scan_env2025_seed0-499_48352cd1,58,40,21,1,1
20260912_215351_529_traffic_scan_env2025_seed0-499_48352cd1,58,40,22,1,2
20260912_215351_529_traffic_scan_env2025_seed0-499_48352cd1,58,40,23,1,3
20260912_215351_529_traffic_scan_env2025_seed0-499_48352cd1,58,40,24,1,3
20260912_215351_529_traffic_scan_env2025_seed0-499_48352cd1,58,40,25,0,2
20260912_215351_529_traffic_scan_env2025_seed0-499_48352cd1,58,40,26,1,3
20260912_215351_529_traffic_scan_env2025_seed0-499_48352cd1,58,40,27,0,1
20260912_215351_529_traffic_scan_env2025_seed0-499_48352cd1,58,40,27,1,1
20260912_215351_529_traffic_scan_env2025_seed0-499_48352cd1,58,40,29,0,1
20260912_215351_529_traffic_scan_env2025_seed0-499_48352cd1,58,40,30,0,3
20260912_215351_529_traffic_scan_env2025_seed0-499_48352cd1,58,40,30,1,2
20260912_215351_529_traffic_scan_env2025_seed0-499_48352cd1,58,40,31,0,1
20260912_215351_529_traffic_scan_env2025_seed0-499_48352cd1,58,40,31,1,2
20260912_215351_529_traffic_scan_env2025_seed0-499_48352cd1,58,40,32,0,7
20260912_215351_529_traffic_scan_env2025_seed0-499_48352cd1,58,40,34,0,1
20260912_215351_529_traffic_scan_env2025_seed0-499_48352cd1,58,40,34,1,1
20260912_215351_529_traffic_scan_env2025_seed0-499_48352cd1,58,40,35,0,1
20260912_215351_529_traffic_scan_env2025_seed0-499_48352cd1,58,40,36,0,5
20260912_215351_529_traffic_scan_env2025_seed0-499_48352cd1,58,40,37,0,1
20260912_215351_529_traffic_scan_env2025_seed0-499_48352cd1,58,40,37,1,1
20260912_215351_529_traffic_scan_env2025_seed0-499_48352cd1,58,40,38,0,2
20260912_215351_529_traffic_scan_env2025_seed0-499_48352cd1,58,40,39,0,5
20260912_215351_529_traffic_scan_env2025_seed0-499_48352cd1,58,40,40,0,2
20260912_215351_529_traffic_scan_env2025_seed0-499_48352cd1,58,40,40,1,2
20260912_215351_529_traffic_scan_env2025_seed0-499_48352cd1,58,40,41,0,2
20260912_215351_529_traffic_scan_env2025_seed0-499_48352cd1,58,40,42,0,3
20260912_215351_529_traffic_scan_env2025_seed0-499_48352cd1,58,40,42,1,2
20260912_215351_529_traffic_scan_env2025_seed0-499_48352cd1,58,40,43,1,1
20260912_215351_529_traffic_scan_env2025_seed0-499_48352cd1,58,40,44,1,2
20260912_215351_529_traffic_scan_env2025_seed0-499_48352cd1,58,40,46,0,1
20260912_215351_529_traffic_scan_env2025_seed0-499_48352cd1,58,40,47,1,3
20260912_215351_529_traffic_scan_env2025_seed0-499_48352cd1,58,40,49,0,1
20260912_215351_529_traffic_scan_env2025_seed0-499_48352cd1,58,40,49,1,1
20260912_215351_529_traffic_scan_env2025_seed0-499_48352cd1,58,40,51,0,2
20260912_215351_529_traffic_scan_env2025_seed0-499_48352cd1,58,40,52,0,1
20260912_215351_529_traffic_scan_env2025_seed0-499_48352cd1,58,40,53,0,1
20260912_215351_529_traffic_scan_env2025_seed0-499_48352cd1,58,40,54,0,2
20260912_215351_529_traffic_scan_env2025_seed0-499_48352cd1,58,40,55,0,1
20260912_215351_529_traffic_scan_env2025_seed0-499_48352cd1,58,40,56,0,1
20260912_215351_529_traffic_scan_env2025_seed0-499_48352cd1,58,40,57,0,1
20260912_215351_529_traffic_scan_env2025_seed0-499_48352cd1,58,40,58,0,1
20260912_215351_529_traffic_scan_env2025_seed0-499_48352cd1,58,40,59,0,1
20260912_215351_529_traffic_scan_env2025_seed0-499_48352cd1,58,41,0,0,1
20260912_215351_529_traffic_scan_env2025_seed0-499_48352cd1,58,41,1,0,1
20260912_215351_529_traffic_scan_env2025_seed0-499_48352cd1,58,41,1,1,1
20260912_215351_529_traffic_scan_env2025_seed0-499_48352cd1,58,41,2,0,1
20260912_215351_529_traffic_scan_env2025_seed0-499_48352cd1,58,41,3,0,2
20260912_215351_529_traffic_scan_env2025_seed0-499_48352cd1,58,41,3,1,1
20260912_215351_529_traffic_scan_env2025_seed0-499_48352cd1,58,41,4,0,2
20260912_215351_529_traffic_scan_env2025_seed0-499_48352cd1,58,41,5,0,2
20260912_215351_529_traffic_scan_env2025_seed0-499_48352cd1,58,41,5,1,1
20260912_215351_529_traffic_scan_env2025_seed0-499_48352cd1,58,41,6,0,2
20260912_215351_529_traffic_scan_env2025_seed0-499_48352cd1,58,41,7,0,2
20260912_215351_529_traffic_scan_env2025_seed0-499_48352cd1,58,41,7,1,3
20260912_215351_529_traffic_scan_env2025_seed0-499_48352cd1,58,41,8,0,2
20260912_215351_529_traffic_scan_env2025_seed0-499_48352cd1,58,41,8,1,2
20260912_215351_529_traffic_scan_env2025_seed0-499_48352cd1,58,41,9,0,2
20260912_215351_529_traffic_scan_env2025_seed0-499_48352cd1,58,41,10,0,1
20260912_215351_529_traffic_scan_env2025_seed0-499_48352cd1,58,41,10,1,1
20260912_215351_529_traffic_scan_env2025_seed0-499_48352cd1,58,41,11,0,2
20260912_215351_529_traffic_scan_env2025_seed0-499_48352cd1,58,41,11,1,1
20260912_215351_529_traffic_scan_env2025_seed0-499_48352cd1,58,41,12,2,1
20260912_215351_529_traffic_scan_env2025_seed0-499_48352cd1,58,41,14,0,3
20260912_215351_529_traffic_scan_env2025_seed0-499_48352cd1,58,41,15,0,2
20260912_215351_529_traffic_scan_env2025_seed0-499_48352cd1,58,41,15,1,1
20260912_215351_529_traffic_scan_env2025_seed0-499_48352cd1,58,41,16,0,2
20260912_215351_529_traffic_scan_env2025_seed0-499_48352cd1,58,41,17,0,2
20260912_215351_529_traffic_scan_env2025_seed0-499_48352cd1,58,41,18,0,4
20260912_215351_529_traffic_scan_env2025_seed0-499_48352cd1,58,41,19,0,2
20260912_215351_529_traffic_scan_env2025_seed0-499_48352cd1,58,41,19,1,1
20260912_215351_529_traffic_scan_env2025_seed0-499_48352cd1,58,41,20,0,4
20260912_215351_529_traffic_scan_env2025_seed0-499_48352cd1,58,41,21,0,2
20260912_215351_529_traffic_scan_env2025_seed0-499_48352cd1,58,41,21,1,1
20260912_215351_529_traffic_scan_env2025_seed0-499_48352cd1,58,41,22,0,2
20260912_215351_529_traffic_scan_env2025_seed0-499_48352cd1,58,41,23,0,2
20260912_215351_529_traffic_scan_env2025_seed0-499_48352cd1,58,41,23,1,2
20260912_215351_529_traffic_scan_env2025_seed0-499_48352cd1,58,41,24,0,2
20260912_215351_529_traffic_scan_env2025_seed0-499_48352cd1,58,41,24,1,1
20260912_215351_529_traffic_scan_env2025_seed0-499_48352cd1,58,41,25,0,5
20260912_215351_529_traffic_scan_env2025_seed0-499_48352cd1,58,41,26,0,2
20260912_215351_529_traffic_scan_env2025_seed0-499_48352cd1,58,41,26,1,1
20260912_215351_529_traffic_scan_env2025_seed0-499_48352cd1,58,41,27,0,3
20260912_215351_529_traffic_scan_env2025_seed0-499_48352cd1,58,41,27,1,3
20260912_215351_529_traffic_scan_env2025_seed0-499_48352cd1,58,41,28,0,2
20260912_215351_529_traffic_scan_env2025_seed0-499_48352cd1,58,41,29,0,5
20260912_215351_529_traffic_scan_env2025_seed0-499_48352cd1,58,41,30,0,3
20260912_215351_529_traffic_scan_env2025_seed0-499_48352cd1,58,41,30,1,2
20260912_215351_529_traffic_scan_env2025_seed0-499_48352cd1,58,41,31,0,6
20260912_215351_529_traffic_scan_env2025_seed0-499_48352cd1,58,41,31,1,1
20260912_215351_529_traffic_scan_env2025_seed0-499_48352cd1,58,41,32,0,2
20260912_215351_529_traffic_scan_env2025_seed0-499_48352cd1,58,41,32,1,1
20260912_215351_529_traffic_scan_env2025_seed0-499_48352cd1,58,41,33,0,1
20260912_215351_529_traffic_scan_env2025_seed0-499_48352cd1,58,41,33,1,1
20260912_215351_529_traffic_scan_env2025_seed0-499_48352cd1,58,41,35,0,1
20260912_215351_529_traffic_scan_env2025_seed0-499_48352cd1,58,41,37,0,3
20260912_215351_529_traffic_scan_env2025_seed0-499_48352cd1,58,41,38,0,1
20260912_215351_529_traffic_scan_env2025_seed0-499_48352cd1,58,41,38,1,1
20260912_215351_529_traffic_scan_env2025_seed0-499_48352cd1,58,41,39,1,1
20260912_215351_529_traffic_scan_env2025_seed0-499_48352cd1,58,41,40,0,5
20260912_215351_529_traffic_scan_env2025_seed0-499_48352cd1,58,41,40,1,1
20260912_215351_529_traffic_scan_env2025_seed0-499_48352cd1,58,41,41,0,2
20260912_215351_529_traffic_scan_env2025_seed0-499_48352cd1,58,41,42,1,1
20260912_215351_529_traffic_scan_env2025_seed0-499_48352cd1,58,41,43,0,1
20260912_215351_529_traffic_scan_env2025_seed0-499_48352cd1,58,41,43,1,2
20260912_215351_529_traffic_scan_env2025_seed0-499_48352cd1,58,41,45,1,2
20260912_215351_529_traffic_scan_env2025_seed0-499_48352cd1,58,41,47,1,2
20260912_215351_529_traffic_scan_env2025_seed0-499_48352cd1,58,41,49,1,1
20260912_215351_529_traffic_scan_env2025_seed0-499_48352cd1,58,41,50,0,1
20260912_215351_529_traffic_scan_env2025_seed0-499_48352cd1,58,41,52,0,1
20260912_215351_529_traffic_scan_env2025_seed0-499_48352cd1,58,41,53,0,1
20260912_215351_529_traffic_scan_env2025_seed0-499_48352cd1,58,42,1,1,1
20260912_215351_529_traffic_scan_env2025_seed0-499_48352cd1,58,42,2,0,1
20260912_215351_529_traffic_scan_env2025_seed0-499_48352cd1,58,42,3,0,1
20260912_215351_529_traffic_scan_env2025_seed0-499_48352cd1,58,42,3,1,1
20260912_215351_529_traffic_scan_env2025_seed0-499_48352cd1,58,42,4,0,1
20260912_215351_529_traffic_scan_env2025_seed0-499_48352cd1,58,42,5,1,2
20260912_215351_529_traffic_scan_env2025_seed0-499_48352cd1,58,42,6,1,3
20260912_215351_529_traffic_scan_env2025_seed0-499_48352cd1,58,42,7,0,2
20260912_215351_529_traffic_scan_env2025_seed0-499_48352cd1,58,42,7,1,1
20260912_215351_529_traffic_scan_env2025_seed0-499_48352cd1,58,42,8,0,2
20260912_215351_529_traffic_scan_env2025_seed0-499_48352cd1,58,42,8,1,2
20260912_215351_529_traffic_scan_env2025_seed0-499_48352cd1,58,42,9,0,1
20260912_215351_529_traffic_scan_env2025_seed0-499_48352cd1,58,42,10,0,2
20260912_215351_529_traffic_scan_env2025_seed0-499_48352cd1,58,42,14,0,1
20260912_215351_529_traffic_scan_env2025_seed0-499_48352cd1,58,42,15,1,1
20260912_215351_529_traffic_scan_env2025_seed0-499_48352cd1,58,42,18,1,1
20260912_215351_529_traffic_scan_env2025_seed0-499_48352cd1,58,42,19,0,4
20260912_215351_529_traffic_scan_env2025_seed0-499_48352cd1,58,42,20,1,1
20260912_215351_529_traffic_scan_env2025_seed0-499_48352cd1,58,42,23,1,2
20260912_215351_529_traffic_scan_env2025_seed0-499_48352cd1,58,42,24,0,1
20260912_215351_529_traffic_scan_env2025_seed0-499_48352cd1,58,42,25,0,2
20260912_215351_529_traffic_scan_env2025_seed0-499_48352cd1,58,42,26,0,1
20260912_215351_529_traffic_scan_env2025_seed0-499_48352cd1,58,42,26,1,1
20260912_215351_529_traffic_scan_env2025_seed0-499_48352cd1,58,42,27,0,1
20260912_215351_529_traffic_scan_env2025_seed0-499_48352cd1,58,42,27,1,1
20260912_215351_529_traffic_scan_env2025_seed0-499_48352cd1,58,42,28,0,3
20260912_215351_529_traffic_scan_env2025_seed0-499_48352cd1,58,42,28,1,2
20260912_215351_529_traffic_scan_env2025_seed0-499_48352cd1,58,42,30,0,4
20260912_215351_529_traffic_scan_env2025_seed0-499_48352cd1,58,42,30,1,2
20260912_215351_529_traffic_scan_env2025_seed0-499_48352cd1,58,42,31,0,1
20260912_215351_529_traffic_scan_env2025_seed0-499_48352cd1,58,42,31,1,1
20260912_215351_529_traffic_scan_env2025_seed0-499_48352cd1,58,42,32,0,1
20260912_215351_529_traffic_scan_env2025_seed0-499_48352cd1,58,42,32,1,1
20260912_215351_529_traffic_scan_env2025_seed0-499_48352cd1,58,42,33,1,1
20260912_215351_529_traffic_scan_env2025_seed0-499_48352cd1,58,42,35,0,1
20260912_215351_529_traffic_scan_env2025_seed0-499_48352cd1,58,42,38,0,4
20260912_215351_529_traffic_scan_env2025_seed0-499_48352cd1,58,42,38,1,1
20260912_215351_529_traffic_scan_env2025_seed0-499_48352cd1,58,42,39,0,1
20260912_215351_529_traffic_scan_env2025_seed0-499_48352cd1,58,42,39,1,1
20260912_215351_529_traffic_scan_env2025_seed0-499_48352cd1,58,42,40,0,1
20260912_215351_529_traffic_scan_env2025_seed0-499_48352cd1,58,42,40,1,1
20260912_215351_529_traffic_scan_env2025_seed0-499_48352cd1,58,42,41,0,4
20260912_215351_529_traffic_scan_env2025_seed0-499_48352cd1,58,42,42,0,1
20260912_215351_529_traffic_scan_env2025_seed0-499_48352cd1,58,42,42,1,1
20260912_215351_529_traffic_scan_env2025_seed0-499_48352cd1,58,42,43,1,1
20260912_215351_529_traffic_scan_env2025_seed0-499_48352cd1,58,42,44,0,1
20260912_215351_529_traffic_scan_env2025_seed0-499_48352cd1,58,42,44,1,1
20260912_215351_529_traffic_scan_env2025_seed0-499_48352cd1,58,42,46,1,3
20260912_215351_529_traffic_scan_env2025_seed0-499_48352cd1,58,42,47,1,1
20260912_215351_529_traffic_scan_env2025_seed0-499_48352cd1,58,42,49,1,1
20260912_215351_529_traffic_scan_env2025_seed0-499_48352cd1,58,42,51,0,1
20260912_215351_529_traffic_scan_env2025_seed0-499_48352cd1,58,42,52,0,1
20260912_215351_529_traffic_scan_env2025_seed0-499_48352cd1,58,42,53,0,1
20260912_215351_529_traffic_scan_env2025_seed0-499_48352cd1,58,43,1,1,1
20260912_215351_529_traffic_scan_env2025_seed0-499_48352cd1,58,43,4,1,1
20260912_215351_529_traffic_scan_env2025_seed0-499_48352cd1,58,43,5,1,3
20260912_215351_529_traffic_scan_env2025_seed0-499_48352cd1,58,43,6,1,1
20260912_215351_529_traffic_scan_env2025_seed0-499_48352cd1,58,43,7,1,1
20260912_215351_529_traffic_scan_env2025_seed0-499_48352cd1,58,43,8,1,2
20260912_215351_529_traffic_scan_env2025_seed0-499_48352cd1,58,43,10,0,2
20260912_215351_529_traffic_scan_env2025_seed0-499_48352cd1,58,43,14,0,2
20260912_215351_529_traffic_scan_env2025_seed0-499_48352cd1,58,43,17,1,1
20260912_215351_529_traffic_scan_env2025_seed0-499_48352cd1,58,43,18,0,2
20260912_215351_529_traffic_scan_env2025_seed0-499_48352cd1,58,43,19,1,1
20260912_215351_529_traffic_scan_env2025_seed0-499_48352cd1,58,43,20,0,2
20260912_215351_529_traffic_scan_env2025_seed0-499_48352cd1,58,43,23,0,1
20260912_215351_529_traffic_scan_env2025_seed0-499_48352cd1,58,43,23,1,1
20260912_215351_529_traffic_scan_env2025_seed0-499_48352cd1,58,43,24,0,1
20260912_215351_529_traffic_scan_env2025_seed0-499_48352cd1,58,43,25,0,2
20260912_215351_529_traffic_scan_env2025_seed0-499_48352cd1,58,43,26,1,1
20260912_215351_529_traffic_scan_env2025_seed0-499_48352cd1,58,43,27,0,5
20260912_215351_529_traffic_scan_env2025_seed0-499_48352cd1,58,43,27,1,1
20260912_215351_529_traffic_scan_env2025_seed0-499_48352cd1,58,43,29,0,4
20260912_215351_529_traffic_scan_env2025_seed0-499_48352cd1,58,43,29,1,2
20260912_215351_529_traffic_scan_env2025_seed0-499_48352cd1,58,43,30,1,1
20260912_215351_529_traffic_scan_env2025_seed0-499_48352cd1,58,43,31,0,1
20260912_215351_529_traffic_scan_env2025_seed0-499_48352cd1,58,43,31,1,2
20260912_215351_529_traffic_scan_env2025_seed0-499_48352cd1,58,43,32,0,1
20260912_215351_529_traffic_scan_env2025_seed0-499_48352cd1,58,43,33,0,1
20260912_215351_529_traffic_scan_env2025_seed0-499_48352cd1,58,43,34,1,1
20260912_215351_529_traffic_scan_env2025_seed0-499_48352cd1,58,43,35,0,1
20260912_215351_529_traffic_scan_env2025_seed0-499_48352cd1,58,43,37,1,1
20260912_215351_529_traffic_scan_env2025_seed0-499_48352cd1,58,43,38,0,3
20260912_215351_529_traffic_scan_env2025_seed0-499_48352cd1,58,43,39,0,4
20260912_215351_529_traffic_scan_env2025_seed0-499_48352cd1,58,43,40,1,2
20260912_215351_529_traffic_scan_env2025_seed0-499_48352cd1,58,43,42,0,4
20260912_215351_529_traffic_scan_env2025_seed0-499_48352cd1,58,43,42,1,1
20260912_215351_529_traffic_scan_env2025_seed0-499_48352cd1,58,43,43,0,1
20260912_215351_529_traffic_scan_env2025_seed0-499_48352cd1,58,43,43,1,1
20260912_215351_529_traffic_scan_env2025_seed0-499_48352cd1,58,43,45,0,2
20260912_215351_529_traffic_scan_env2025_seed0-499_48352cd1,58,43,45,1,1
20260912_215351_529_traffic_scan_env2025_seed0-499_48352cd1,58,43,46,2,1
20260912_215351_529_traffic_scan_env2025_seed0-499_48352cd1,58,43,47,1,2
20260912_215351_529_traffic_scan_env2025_seed0-499_48352cd1,58,43,48,0,1
20260912_215351_529_traffic_scan_env2025_seed0-499_48352cd1,58,43,49,1,1
20260912_215351_529_traffic_scan_env2025_seed0-499_48352cd1,58,43,51,0,1
20260912_215351_529_traffic_scan_env2025_seed0-499_48352cd1,58,43,52,0,1
20260912_215351_529_traffic_scan_env2025_seed0-499_48352cd1,58,43,54,0,1
20260912_215351_529_traffic_scan_env2025_seed0-499_48352cd1,58,44,1,1,1
20260912_215351_529_traffic_scan_env2025_seed0-499_48352cd1,58,44,4,0,2
20260912_215351_529_traffic_scan_env2025_seed0-499_48352cd1,58,44,4,1,1
20260912_215351_529_traffic_scan_env2025_seed0-499_48352cd1,58,44,5,0,1
20260912_215351_529_traffic_scan_env2025_seed0-499_48352cd1,58,44,6,1,1
20260912_215351_529_traffic_scan_env2025_seed0-499_48352cd1,58,44,7,1,1
20260912_215351_529_traffic_scan_env2025_seed0-499_48352cd1,58,44,8,0,2
20260912_215351_529_traffic_scan_env2025_seed0-499_48352cd1,58,44,8,1,1
20260912_215351_529_traffic_scan_env2025_seed0-499_48352cd1,58,44,9,0,1
20260912_215351_529_traffic_scan_env2025_seed0-499_48352cd1,58,44,10,0,1
20260912_215351_529_traffic_scan_env2025_seed0-499_48352cd1,58,44,13,0,1
20260912_215351_529_traffic_scan_env2025_seed0-499_48352cd1,58,44,14,0,1
20260912_215351_529_traffic_scan_env2025_seed0-499_48352cd1,58,44,17,0,2
20260912_215351_529_traffic_scan_env2025_seed0-499_48352cd1,58,44,17,1,1
20260912_215351_529_traffic_scan_env2025_seed0-499_48352cd1,58,44,18,1,1
20260912_215351_529_traffic_scan_env2025_seed0-499_48352cd1,58,44,21,0,2
20260912_215351_529_traffic_scan_env2025_seed0-499_48352cd1,58,44,22,0,1
20260912_215351_529_traffic_scan_env2025_seed0-499_48352cd1,58,44,23,2,1
20260912_215351_529_traffic_scan_env2025_seed0-499_48352cd1,58,44,25,0,3
20260912_215351_529_traffic_scan_env2025_seed0-499_48352cd1,58,44,26,0,3
20260912_215351_529_traffic_scan_env2025_seed0-499_48352cd1,58,44,26,1,1
20260912_215351_529_traffic_scan_env2025_seed0-499_48352cd1,58,44,27,0,1
20260912_215351_529_traffic_scan_env2025_seed0-499_48352cd1,58,44,27,1,1
20260912_215351_529_traffic_scan_env2025_seed0-499_48352cd1,58,44,28,0,5
20260912_215351_529_traffic_scan_env2025_seed0-499_48352cd1,58,44,30,1,4
20260912_215351_529_traffic_scan_env2025_seed0-499_48352cd1,58,44,31,0,1
20260912_215351_529_traffic_scan_env2025_seed0-499_48352cd1,58,44,32,0,1
20260912_215351_529_traffic_scan_env2025_seed0-499_48352cd1,58,44,32,1,2
20260912_215351_529_traffic_scan_env2025_seed0-499_48352cd1,58,44,33,0,2
20260912_215351_529_traffic_scan_env2025_seed0-499_48352cd1,58,44,33,1,2
20260912_215351_529_traffic_scan_env2025_seed0-499_48352cd1,58,44,35,0,1
20260912_215351_529_traffic_scan_env2025_seed0-499_48352cd1,58,44,35,1,1
20260912_215351_529_traffic_scan_env2025_seed0-499_48352cd1,58,44,36,1,1
20260912_215351_529_traffic_scan_env2025_seed0-499_48352cd1,58,44,37,0,3
20260912_215351_529_traffic_scan_env2025_seed0-499_48352cd1,58,44,40,0,3
20260912_215351_529_traffic_scan_env2025_seed0-499_48352cd1,58,44,40,1,1
20260912_215351_529_traffic_scan_env2025_seed0-499_48352cd1,58,44,41,1,1
20260912_215351_529_traffic_scan_env2025_seed0-499_48352cd1,58,44,42,1,1
20260912_215351_529_traffic_scan_env2025_seed0-499_48352cd1,58,44,43,0,4
20260912_215351_529_traffic_scan_env2025_seed0-499_48352cd1,58,44,43,1,1
20260912_215351_529_traffic_scan_env2025_seed0-499_48352cd1,58,44,44,0,1
20260912_215351_529_traffic_scan_env2025_seed0-499_48352cd1,58,44,44,1,1
20260912_215351_529_traffic_scan_env2025_seed0-499_48352cd1,58,44,46,0,2
20260912_215351_529_traffic_scan_env2025_seed0-499_48352cd1,58,44,46,1,1
20260912_215351_529_traffic_scan_env2025_seed0-499_48352cd1,58,44,47,0,1
20260912_215351_529_traffic_scan_env2025_seed0-499_48352cd1,58,44,47,1,2
20260912_215351_529_traffic_scan_env2025_seed0-499_48352cd1,58,44,49,1,1
20260912_215351_529_traffic_scan_env2025_seed0-499_48352cd1,58,44,50,0,1
20260912_215351_529_traffic_scan_env2025_seed0-499_48352cd1,58,44,53,0,1
20260912_215351_529_traffic_scan_env2025_seed0-499_48352cd1,58,44,55,0,1
20260912_215351_529_traffic_scan_env2025_seed0-499_48352cd1,58,45,1,0,1
20260912_215351_529_traffic_scan_env2025_seed0-499_48352cd1,58,45,1,1,1
20260912_215351_529_traffic_scan_env2025_seed0-499_48352cd1,58,45,2,0,2
20260912_215351_529_traffic_scan_env2025_seed0-499_48352cd1,58,45,3,0,2
20260912_215351_529_traffic_scan_env2025_seed0-499_48352cd1,58,45,4,1,1
20260912_215351_529_traffic_scan_env2025_seed0-499_48352cd1,58,45,5,0,2
20260912_215351_529_traffic_scan_env2025_seed0-499_48352cd1,58,45,7,0,1
20260912_215351_529_traffic_scan_env2025_seed0-499_48352cd1,58,45,7,1,1
20260912_215351_529_traffic_scan_env2025_seed0-499_48352cd1,58,45,8,0,1
20260912_215351_529_traffic_scan_env2025_seed0-499_48352cd1,58,45,9,0,1
20260912_215351_529_traffic_scan_env2025_seed0-499_48352cd1,58,45,9,1,1
20260912_215351_529_traffic_scan_env2025_seed0-499_48352cd1,58,45,14,0,1
20260912_215351_529_traffic_scan_env2025_seed0-499_48352cd1,58,45,15,0,2
20260912_215351_529_traffic_scan_env2025_seed0-499_48352cd1,58,45,16,0,2
20260912_215351_529_traffic_scan_env2025_seed0-499_48352cd1,58,45,16,1,1
20260912_215351_529_traffic_scan_env2025_seed0-499_48352cd1,58,45,17,1,1
20260912_215351_529_traffic_scan_env2025_seed0-499_48352cd1,58,45,22,0,3
20260912_215351_529_traffic_scan_env2025_seed0-499_48352cd1,58,45,23,2,1
20260912_215351_529_traffic_scan_env2025_seed0-499_48352cd1,58,45,25,0,6
20260912_215351_529_traffic_scan_env2025_seed0-499_48352cd1,58,45,27,0,6
20260912_215351_529_traffic_scan_env2025_seed0-499_48352cd1,58,45,27,1,1
20260912_215351_529_traffic_scan_env2025_seed0-499_48352cd1,58,45,29,0,1
20260912_215351_529_traffic_scan_env2025_seed0-499_48352cd1,58,45,29,1,1
20260912_215351_529_traffic_scan_env2025_seed0-499_48352cd1,58,45,30,1,1
20260912_215351_529_traffic_scan_env2025_seed0-499_48352cd1,58,45,31,0,2
20260912_215351_529_traffic_scan_env2025_seed0-499_48352cd1,58,45,31,1,2
20260912_215351_529_traffic_scan_env2025_seed0-499_48352cd1,58,45,34,0,2
20260912_215351_529_traffic_scan_env2025_seed0-499_48352cd1,58,45,34,1,2
20260912_215351_529_traffic_scan_env2025_seed0-499_48352cd1,58,45,35,0,1
20260912_215351_529_traffic_scan_env2025_seed0-499_48352cd1,58,45,35,1,3
20260912_215351_529_traffic_scan_env2025_seed0-499_48352cd1,58,45,36,0,2
20260912_215351_529_traffic_scan_env2025_seed0-499_48352cd1,58,45,36,1,3
20260912_215351_529_traffic_scan_env2025_seed0-499_48352cd1,58,45,37,0,1
20260912_215351_529_traffic_scan_env2025_seed0-499_48352cd1,58,45,37,1,2
20260912_215351_529_traffic_scan_env2025_seed0-499_48352cd1,58,45,40,0,3
20260912_215351_529_traffic_scan_env2025_seed0-499_48352cd1,58,45,40,1,1
20260912_215351_529_traffic_scan_env2025_seed0-499_48352cd1,58,45,42,1,2
20260912_215351_529_traffic_scan_env2025_seed0-499_48352cd1,58,45,43,2,2
20260912_215351_529_traffic_scan_env2025_seed0-499_48352cd1,58,45,44,0,4
20260912_215351_529_traffic_scan_env2025_seed0-499_48352cd1,58,45,45,0,1
20260912_215351_529_traffic_scan_env2025_seed0-499_48352cd1,58,45,46,0,1
20260912_215351_529_traffic_scan_env2025_seed0-499_48352cd1,58,45,46,1,1
20260912_215351_529_traffic_scan_env2025_seed0-499_48352cd1,58,45,47,0,2
20260912_215351_529_traffic_scan_env2025_seed0-499_48352cd1,58,45,47,1,1
20260912_215351_529_traffic_scan_env2025_seed0-499_48352cd1,58,45,48,2,1
20260912_215351_529_traffic_scan_env2025_seed0-499_48352cd1,58,45,49,0,1
20260912_215351_529_traffic_scan_env2025_seed0-499_48352cd1,58,45,49,1,1
20260912_215351_529_traffic_scan_env2025_seed0-499_48352cd1,58,45,52,0,1
20260912_215351_529_traffic_scan_env2025_seed0-499_48352cd1,58,45,56,0,1
20260912_215351_529_traffic_scan_env2025_seed0-499_48352cd1,58,46,1,0,1
20260912_215351_529_traffic_scan_env2025_seed0-499_48352cd1,58,46,1,1,1
20260912_215351_529_traffic_scan_env2025_seed0-499_48352cd1,58,46,4,1,1
20260912_215351_529_traffic_scan_env2025_seed0-499_48352cd1,58,46,5,0,2
20260912_215351_529_traffic_scan_env2025_seed0-499_48352cd1,58,46,6,0,1
20260912_215351_529_traffic_scan_env2025_seed0-499_48352cd1,58,46,7,1,1
20260912_215351_529_traffic_scan_env2025_seed0-499_48352cd1,58,46,8,0,2
20260912_215351_529_traffic_scan_env2025_seed0-499_48352cd1,58,46,10,1,1
20260912_215351_529_traffic_scan_env2025_seed0-499_48352cd1,58,46,14,0,1
20260912_215351_529_traffic_scan_env2025_seed0-499_48352cd1,58,46,15,0,3
20260912_215351_529_traffic_scan_env2025_seed0-499_48352cd1,58,46,15,1,1
20260912_215351_529_traffic_scan_env2025_seed0-499_48352cd1,58,46,16,1,1
20260912_215351_529_traffic_scan_env2025_seed0-499_48352cd1,58,46,23,0,3
20260912_215351_529_traffic_scan_env2025_seed0-499_48352cd1,58,46,23,1,1
20260912_215351_529_traffic_scan_env2025_seed0-499_48352cd1,58,46,24,0,5
20260912_215351_529_traffic_scan_env2025_seed0-499_48352cd1,58,46,25,0,1
20260912_215351_529_traffic_scan_env2025_seed0-499_48352cd1,58,46,26,0,4
20260912_215351_529_traffic_scan_env2025_seed0-499_48352cd1,58,46,27,0,2
20260912_215351_529_traffic_scan_env2025_seed0-499_48352cd1,58,46,27,1,1
20260912_215351_529_traffic_scan_env2025_seed0-499_48352cd1,58,46,28,1,1
20260912_215351_529_traffic_scan_env2025_seed0-499_48352cd1,58,46,30,0,1
20260912_215351_529_traffic_scan_env2025_seed0-499_48352cd1,58,46,30,1,1
20260912_215351_529_traffic_scan_env2025_seed0-499_48352cd1,58,46,31,0,2
20260912_215351_529_traffic_scan_env2025_seed0-499_48352cd1,58,46,34,0,2
20260912_215351_529_traffic_scan_env2025_seed0-499_48352cd1,58,46,34,1,1
20260912_215351_529_traffic_scan_env2025_seed0-499_48352cd1,58,46,35,0,3
20260912_215351_529_traffic_scan_env2025_seed0-499_48352cd1,58,46,37,0,1
20260912_215351_529_traffic_scan_env2025_seed0-499_48352cd1,58,46,37,1,1
20260912_215351_529_traffic_scan_env2025_seed0-499_48352cd1,58,46,38,1,2
20260912_215351_529_traffic_scan_env2025_seed0-499_48352cd1,58,46,39,1,2
20260912_215351_529_traffic_scan_env2025_seed0-499_48352cd1,58,46,40,0,3
20260912_215351_529_traffic_scan_env2025_seed0-499_48352cd1,58,46,40,1,2
20260912_215351_529_traffic_scan_env2025_seed0-499_48352cd1,58,46,41,0,1
20260912_215351_529_traffic_scan_env2025_seed0-499_48352cd1,58,46,41,1,2
20260912_215351_529_traffic_scan_env2025_seed0-499_48352cd1,58,46,42,1,5
20260912_215351_529_traffic_scan_env2025_seed0-499_48352cd1,58,46,43,1,3
20260912_215351_529_traffic_scan_env2025_seed0-499_48352cd1,58,46,44,0,2
20260912_215351_529_traffic_scan_env2025_seed0-499_48352cd1,58,46,44,1,1
20260912_215351_529_traffic_scan_env2025_seed0-499_48352cd1,58,46,45,0,5
20260912_215351_529_traffic_scan_env2025_seed0-499_48352cd1,58,46,45,1,1
20260912_215351_529_traffic_scan_env2025_seed0-499_48352cd1,58,46,46,0,1
20260912_215351_529_traffic_scan_env2025_seed0-499_48352cd1,58,46,46,1,2
20260912_215351_529_traffic_scan_env2025_seed0-499_48352cd1,58,46,47,0,2
20260912_215351_529_traffic_scan_env2025_seed0-499_48352cd1,58,46,48,0,6
20260912_215351_529_traffic_scan_env2025_seed0-499_48352cd1,58,46,49,0,2
20260912_215351_529_traffic_scan_env2025_seed0-499_48352cd1,58,46,49,1,2
20260912_215351_529_traffic_scan_env2025_seed0-499_48352cd1,58,46,50,0,2
20260912_215351_529_traffic_scan_env2025_seed0-499_48352cd1,58,46,51,0,1
20260912_215351_529_traffic_scan_env2025_seed0-499_48352cd1,58,46,53,0,1
20260912_215351_529_traffic_scan_env2025_seed0-499_48352cd1,58,46,57,0,1
20260912_215351_529_traffic_scan_env2025_seed0-499_48352cd1,58,47,1,1,1
20260912_215351_529_traffic_scan_env2025_seed0-499_48352cd1,58,47,4,1,1
20260912_215351_529_traffic_scan_env2025_seed0-499_48352cd1,58,47,5,0,3
20260912_215351_529_traffic_scan_env2025_seed0-499_48352cd1,58,47,7,0,2
20260912_215351_529_traffic_scan_env2025_seed0-499_48352cd1,58,47,7,1,1
20260912_215351_529_traffic_scan_env2025_seed0-499_48352cd1,58,47,8,0,2
20260912_215351_529_traffic_scan_env2025_seed0-499_48352cd1,58,47,9,0,1
20260912_215351_529_traffic_scan_env2025_seed0-499_48352cd1,58,47,10,0,1
20260912_215351_529_traffic_scan_env2025_seed0-499_48352cd1,58,47,11,0,1
20260912_215351_529_traffic_scan_env2025_seed0-499_48352cd1,58,47,11,1,1
20260912_215351_529_traffic_scan_env2025_seed0-499_48352cd1,58,47,12,0,1
20260912_215351_529_traffic_scan_env2025_seed0-499_48352cd1,58,47,13,0,2
20260912_215351_529_traffic_scan_env2025_seed0-499_48352cd1,58,47,14,0,2
20260912_215351_529_traffic_scan_env2025_seed0-499_48352cd1,58,47,14,1,1
20260912_215351_529_traffic_scan_env2025_seed0-499_48352cd1,58,47,15,0,2
20260912_215351_529_traffic_scan_env2025_seed0-499_48352cd1,58,47,15,1,1
20260912_215351_529_traffic_scan_env2025_seed0-499_48352cd1,58,47,16,0,2
20260912_215351_529_traffic_scan_env2025_seed0-499_48352cd1,58,47,23,0,5
20260912_215351_529_traffic_scan_env2025_seed0-499_48352cd1,58,47,23,1,2
20260912_215351_529_traffic_scan_env2025_seed0-499_48352cd1,58,47,24,0,3
20260912_215351_529_traffic_scan_env2025_seed0-499_48352cd1,58,47,24,1,1
20260912_215351_529_traffic_scan_env2025_seed0-499_48352cd1,58,47,25,0,4
20260912_215351_529_traffic_scan_env2025_seed0-499_48352cd1,58,47,25,1,1
20260912_215351_529_traffic_scan_env2025_seed0-499_48352cd1,58,47,26,1,1
20260912_215351_529_traffic_scan_env2025_seed0-499_48352cd1,58,47,27,1,5
20260912_215351_529_traffic_scan_env2025_seed0-499_48352cd1,58,47,28,1,1
20260912_215351_529_traffic_scan_env2025_seed0-499_48352cd1,58,47,29,1,1
20260912_215351_529_traffic_scan_env2025_seed0-499_48352cd1,58,47,30,1,2
20260912_215351_529_traffic_scan_env2025_seed0-499_48352cd1,58,47,31,0,2
20260912_215351_529_traffic_scan_env2025_seed0-499_48352cd1,58,47,31,1,1
20260912_215351_529_traffic_scan_env2025_seed0-499_48352cd1,58,47,32,0,1
20260912_215351_529_traffic_scan_env2025_seed0-499_48352cd1,58,47,32,1,1
20260912_215351_529_traffic_scan_env2025_seed0-499_48352cd1,58,47,33,0,1
20260912_215351_529_traffic_scan_env2025_seed0-499_48352cd1,58,47,33,1,1
20260912_215351_529_traffic_scan_env2025_seed0-499_48352cd1,58,47,34,0,3
20260912_215351_529_traffic_scan_env2025_seed0-499_48352cd1,58,47,35,0,1
20260912_215351_529_traffic_scan_env2025_seed0-499_48352cd1,58,47,37,0,1
20260912_215351_529_traffic_scan_env2025_seed0-499_48352cd1,58,47,38,1,1
20260912_215351_529_traffic_scan_env2025_seed0-499_48352cd1,58,47,39,2,1
20260912_215351_529_traffic_scan_env2025_seed0-499_48352cd1,58,47,41,0,4
20260912_215351_529_traffic_scan_env2025_seed0-499_48352cd1,58,47,41,1,2
20260912_215351_529_traffic_scan_env2025_seed0-499_48352cd1,58,47,42,1,1
20260912_215351_529_traffic_scan_env2025_seed0-499_48352cd1,58,47,44,0,1
20260912_215351_529_traffic_scan_env2025_seed0-499_48352cd1,58,47,44,1,1
20260912_215351_529_traffic_scan_env2025_seed0-499_48352cd1,58,47,45,0,1
20260912_215351_529_traffic_scan_env2025_seed0-499_48352cd1,58,47,46,0,3
20260912_215351_529_traffic_scan_env2025_seed0-499_48352cd1,58,47,46,1,1
20260912_215351_529_traffic_scan_env2025_seed0-499_48352cd1,58,47,47,0,1
20260912_215351_529_traffic_scan_env2025_seed0-499_48352cd1,58,47,48,0,1
20260912_215351_529_traffic_scan_env2025_seed0-499_48352cd1,58,47,49,0,2
20260912_215351_529_traffic_scan_env2025_seed0-499_48352cd1,58,47,49,1,1
20260912_215351_529_traffic_scan_env2025_seed0-499_48352cd1,58,47,50,1,1
20260912_215351_529_traffic_scan_env2025_seed0-499_48352cd1,58,47,58,0,1
20260912_215351_529_traffic_scan_env2025_seed0-499_48352cd1,58,48,1,1,1
20260912_215351_529_traffic_scan_env2025_seed0-499_48352cd1,58,48,4,0,1
20260912_215351_529_traffic_scan_env2025_seed0-499_48352cd1,58,48,4,1,1
20260912_215351_529_traffic_scan_env2025_seed0-499_48352cd1,58,48,5,0,2
20260912_215351_529_traffic_scan_env2025_seed0-499_48352cd1,58,48,6,0,1
20260912_215351_529_traffic_scan_env2025_seed0-499_48352cd1,58,48,7,0,1
20260912_215351_529_traffic_scan_env2025_seed0-499_48352cd1,58,48,7,1,1
20260912_215351_529_traffic_scan_env2025_seed0-499_48352cd1,58,48,12,0,1
20260912_215351_529_traffic_scan_env2025_seed0-499_48352cd1,58,48,12,1,1
20260912_215351_529_traffic_scan_env2025_seed0-499_48352cd1,58,48,13,0,1
20260912_215351_529_traffic_scan_env2025_seed0-499_48352cd1,58,48,13,1,1
20260912_215351_529_traffic_scan_env2025_seed0-499_48352cd1,58,48,14,1,1
20260912_215351_529_traffic_scan_env2025_seed0-499_48352cd1,58,48,15,0,1
20260912_215351_529_traffic_scan_env2025_seed0-499_48352cd1,58,48,17,0,1
20260912_215351_529_traffic_scan_env2025_seed0-499_48352cd1,58,48,17,1,1
20260912_215351_529_traffic_scan_env2025_seed0-499_48352cd1,58,48,18,1,1
20260912_215351_529_traffic_scan_env2025_seed0-499_48352cd1,58,48,19,1,1
20260912_215351_529_traffic_scan_env2025_seed0-499_48352cd1,58,48,20,1,1
20260912_215351_529_traffic_scan_env2025_seed0-499_48352cd1,58,48,21,0,1
20260912_215351_529_traffic_scan_env2025_seed0-499_48352cd1,58,48,21,1,1
20260912_215351_529_traffic_scan_env2025_seed0-499_48352cd1,58,48,22,0,3
20260912_215351_529_traffic_scan_env2025_seed0-499_48352cd1,58,48,22,1,1
20260912_215351_529_traffic_scan_env2025_seed0-499_48352cd1,58,48,23,0,2
20260912_215351_529_traffic_scan_env2025_seed0-499_48352cd1,58,48,23,1,1
20260912_215351_529_traffic_scan_env2025_seed0-499_48352cd1,58,48,24,0,6
20260912_215351_529_traffic_scan_env2025_seed0-499_48352cd1,58,48,25,0,1
20260912_215351_529_traffic_scan_env2025_seed0-499_48352cd1,58,48,26,0,2
20260912_215351_529_traffic_scan_env2025_seed0-499_48352cd1,58,48,27,0,2
20260912_215351_529_traffic_scan_env2025_seed0-499_48352cd1,58,48,31,0,2
20260912_215351_529_traffic_scan_env2025_seed0-499_48352cd1,58,48,32,0,2
20260912_215351_529_traffic_scan_env2025_seed0-499_48352cd1,58,48,33,0,3
20260912_215351_529_traffic_scan_env2025_seed0-499_48352cd1,58,48,35,0,2
20260912_215351_529_traffic_scan_env2025_seed0-499_48352cd1,58,48,36,0,1
20260912_215351_529_traffic_scan_env2025_seed0-499_48352cd1,58,48,40,2,3
20260912_215351_529_traffic_scan_env2025_seed0-499_48352cd1,58,48,41,0,4
20260912_215351_529_traffic_scan_env2025_seed0-499_48352cd1,58,48,42,1,1
20260912_215351_529_traffic_scan_env2025_seed0-499_48352cd1,58,48,43,0,1
20260912_215351_529_traffic_scan_env2025_seed0-499_48352cd1,58,48,45,1,1
20260912_215351_529_traffic_scan_env2025_seed0-499_48352cd1,58,48,46,0,2
20260912_215351_529_traffic_scan_env2025_seed0-499_48352cd1,58,48,46,1,1
20260912_215351_529_traffic_scan_env2025_seed0-499_48352cd1,58,48,47,0,3
20260912_215351_529_traffic_scan_env2025_seed0-499_48352cd1,58,48,48,0,1
20260912_215351_529_traffic_scan_env2025_seed0-499_48352cd1,58,48,49,1,1
20260912_215351_529_traffic_scan_env2025_seed0-499_48352cd1,58,48,50,0,2
20260912_215351_529_traffic_scan_env2025_seed0-499_48352cd1,58,48,51,0,1
20260912_215351_529_traffic_scan_env2025_seed0-499_48352cd1,58,49,1,1,1
20260912_215351_529_traffic_scan_env2025_seed0-499_48352cd1,58,49,3,0,2
20260912_215351_529_traffic_scan_env2025_seed0-499_48352cd1,58,49,5,0,3
20260912_215351_529_traffic_scan_env2025_seed0-499_48352cd1,58,49,7,1,1
20260912_215351_529_traffic_scan_env2025_seed0-499_48352cd1,58,49,8,0,1
20260912_215351_529_traffic_scan_env2025_seed0-499_48352cd1,58,49,12,0,1
20260912_215351_529_traffic_scan_env2025_seed0-499_48352cd1,58,49,12,1,1
20260912_215351_529_traffic_scan_env2025_seed0-499_48352cd1,58,49,13,1,2
20260912_215351_529_traffic_scan_env2025_seed0-499_48352cd1,58,49,16,0,1
20260912_215351_529_traffic_scan_env2025_seed0-499_48352cd1,58,49,18,0,1
20260912_215351_529_traffic_scan_env2025_seed0-499_48352cd1,58,49,20,0,1
20260912_215351_529_traffic_scan_env2025_seed0-499_48352cd1,58,49,21,0,2
20260912_215351_529_traffic_scan_env2025_seed0-499_48352cd1,58,49,23,0,5
20260912_215351_529_traffic_scan_env2025_seed0-499_48352cd1,58,49,23,1,1
20260912_215351_529_traffic_scan_env2025_seed0-499_48352cd1,58,49,24,0,2
20260912_215351_529_traffic_scan_env2025_seed0-499_48352cd1,58,49,25,0,1
20260912_215351_529_traffic_scan_env2025_seed0-499_48352cd1,58,49,26,0,2
20260912_215351_529_traffic_scan_env2025_seed0-499_48352cd1,58,49,27,0,1
20260912_215351_529_traffic_scan_env2025_seed0-499_48352cd1,58,49,31,0,3
20260912_215351_529_traffic_scan_env2025_seed0-499_48352cd1,58,49,32,0,3
20260912_215351_529_traffic_scan_env2025_seed0-499_48352cd1,58,49,33,0,2
20260912_215351_529_traffic_scan_env2025_seed0-499_48352cd1,58,49,34,0,1
20260912_215351_529_traffic_scan_env2025_seed0-499_48352cd1,58,49,36,0,2
20260912_215351_529_traffic_scan_env2025_seed0-499_48352cd1,58,49,39,2,2
20260912_215351_529_traffic_scan_env2025_seed0-499_48352cd1,58,49,41,0,3
20260912_215351_529_traffic_scan_env2025_seed0-499_48352cd1,58,49,41,1,1
20260912_215351_529_traffic_scan_env2025_seed0-499_48352cd1,58,49,42,0,2
20260912_215351_529_traffic_scan_env2025_seed0-499_48352cd1,58,49,42,1,1
20260912_215351_529_traffic_scan_env2025_seed0-499_48352cd1,58,49,45,0,2
20260912_215351_529_traffic_scan_env2025_seed0-499_48352cd1,58,49,46,0,1
20260912_215351_529_traffic_scan_env2025_seed0-499_48352cd1,58,49,46,2,1
20260912_215351_529_traffic_scan_env2025_seed0-499_48352cd1,58,49,47,0,3
20260912_215351_529_traffic_scan_env2025_seed0-499_48352cd1,58,49,48,0,4
20260912_215351_529_traffic_scan_env2025_seed0-499_48352cd1,58,49,49,1,1
20260912_215351_529_traffic_scan_env2025_seed0-499_48352cd1,58,49,51,0,1
20260912_215351_529_traffic_scan_env2025_seed0-499_48352cd1,58,49,52,0,1
20260912_215351_529_traffic_scan_env2025_seed0-499_48352cd1,58,50,0,0,1
20260912_215351_529_traffic_scan_env2025_seed0-499_48352cd1,58,50,1,0,1
20260912_215351_529_traffic_scan_env2025_seed0-499_48352cd1,58,50,2,0,3
20260912_215351_529_traffic_scan_env2025_seed0-499_48352cd1,58,50,3,0,3
20260912_215351_529_traffic_scan_env2025_seed0-499_48352cd1,58,50,4,0,3
20260912_215351_529_traffic_scan_env2025_seed0-499_48352cd1,58,50,5,0,4
20260912_215351_529_traffic_scan_env2025_seed0-499_48352cd1,58,50,6,0,2
20260912_215351_529_traffic_scan_env2025_seed0-499_48352cd1,58,50,7,0,2
20260912_215351_529_traffic_scan_env2025_seed0-499_48352cd1,58,50,7,1,1
20260912_215351_529_traffic_scan_env2025_seed0-499_48352cd1,58,50,8,1,3
20260912_215351_529_traffic_scan_env2025_seed0-499_48352cd1,58,50,9,0,1
20260912_215351_529_traffic_scan_env2025_seed0-499_48352cd1,58,50,9,1,1
20260912_215351_529_traffic_scan_env2025_seed0-499_48352cd1,58,50,10,0,1
20260912_215351_529_traffic_scan_env2025_seed0-499_48352cd1,58,50,10,1,1
20260912_215351_529_traffic_scan_env2025_seed0-499_48352cd1,58,50,11,0,3
20260912_215351_529_traffic_scan_env2025_seed0-499_48352cd1,58,50,11,1,1
20260912_215351_529_traffic_scan_env2025_seed0-499_48352cd1,58,50,12,0,1
20260912_215351_529_traffic_scan_env2025_seed0-499_48352cd1,58,50,12,1,1
20260912_215351_529_traffic_scan_env2025_seed0-499_48352cd1,58,50,13,0,2
20260912_215351_529_traffic_scan_env2025_seed0-499_48352cd1,58,50,13,1,1
20260912_215351_529_traffic_scan_env2025_seed0-499_48352cd1,58,50,14,0,2
20260912_215351_529_traffic_scan_env2025_seed0-499_48352cd1,58,50,14,1,1
20260912_215351_529_traffic_scan_env2025_seed0-499_48352cd1,58,50,15,0,1
20260912_215351_529_traffic_scan_env2025_seed0-499_48352cd1,58,50,15,1,1
20260912_215351_529_traffic_scan_env2025_seed0-499_48352cd1,58,50,16,0,2
20260912_215351_529_traffic_scan_env2025_seed0-499_48352cd1,58,50,16,1,1
20260912_215351_529_traffic_scan_env2025_seed0-499_48352cd1,58,50,17,0,1
20260912_215351_529_traffic_scan_env2025_seed0-499_48352cd1,58,50,17,1,1
20260912_215351_529_traffic_scan_env2025_seed0-499_48352cd1,58,50,18,0,1
20260912_215351_529_traffic_scan_env2025_seed0-499_48352cd1,58,50,18,1,1
20260912_215351_529_traffic_scan_env2025_seed0-499_48352cd1,58,50,19,0,3
20260912_215351_529_traffic_scan_env2025_seed0-499_48352cd1,58,50,19,1,1
20260912_215351_529_traffic_scan_env2025_seed0-499_48352cd1,58,50,20,0,2
20260912_215351_529_traffic_scan_env2025_seed0-499_48352cd1,58,50,20,1,1
20260912_215351_529_traffic_scan_env2025_seed0-499_48352cd1,58,50,21,0,1
20260912_215351_529_traffic_scan_env2025_seed0-499_48352cd1,58,50,21,1,1
20260912_215351_529_traffic_scan_env2025_seed0-499_48352cd1,58,50,22,0,5
20260912_215351_529_traffic_scan_env2025_seed0-499_48352cd1,58,50,22,1,1
20260912_215351_529_traffic_scan_env2025_seed0-499_48352cd1,58,50,23,0,2
20260912_215351_529_traffic_scan_env2025_seed0-499_48352cd1,58,50,23,1,2
20260912_215351_529_traffic_scan_env2025_seed0-499_48352cd1,58,50,24,0,3
20260912_215351_529_traffic_scan_env2025_seed0-499_48352cd1,58,50,24,1,1
20260912_215351_529_traffic_scan_env2025_seed0-499_48352cd1,58,50,25,0,2
20260912_215351_529_traffic_scan_env2025_seed0-499_48352cd1,58,50,25,1,1
20260912_215351_529_traffic_scan_env2025_seed0-499_48352cd1,58,50,26,0,2
20260912_215351_529_traffic_scan_env2025_seed0-499_48352cd1,58,50,26,1,1
20260912_215351_529_traffic_scan_env2025_seed0-499_48352cd1,58,50,27,0,3
20260912_215351_529_traffic_scan_env2025_seed0-499_48352cd1,58,50,27,1,1
20260912_215351_529_traffic_scan_env2025_seed0-499_48352cd1,58,50,28,0,1
20260912_215351_529_traffic_scan_env2025_seed0-499_48352cd1,58,50,28,1,1
20260912_215351_529_traffic_scan_env2025_seed0-499_48352cd1,58,50,29,0,1
20260912_215351_529_traffic_scan_env2025_seed0-499_48352cd1,58,50,29,1,1
20260912_215351_529_traffic_scan_env2025_seed0-499_48352cd1,58,50,30,0,1
20260912_215351_529_traffic_scan_env2025_seed0-499_48352cd1,58,50,30,1,1
20260912_215351_529_traffic_scan_env2025_seed0-499_48352cd1,58,50,31,0,3
20260912_215351_529_traffic_scan_env2025_seed0-499_48352cd1,58,50,31,1,1
20260912_215351_529_traffic_scan_env2025_seed0-499_48352cd1,58,50,32,0,1
20260912_215351_529_traffic_scan_env2025_seed0-499_48352cd1,58,50,32,1,1
20260912_215351_529_traffic_scan_env2025_seed0-499_48352cd1,58,50,33,1,1
20260912_215351_529_traffic_scan_env2025_seed0-499_48352cd1,58,50,34,0,2
20260912_215351_529_traffic_scan_env2025_seed0-499_48352cd1,58,50,34,1,1
20260912_215351_529_traffic_scan_env2025_seed0-499_48352cd1,58,50,35,1,1
20260912_215351_529_traffic_scan_env2025_seed0-499_48352cd1,58,50,36,1,1
20260912_215351_529_traffic_scan_env2025_seed0-499_48352cd1,58,50,37,0,2
20260912_215351_529_traffic_scan_env2025_seed0-499_48352cd1,58,50,37,1,1
20260912_215351_529_traffic_scan_env2025_seed0-499_48352cd1,58,50,38,0,1
20260912_215351_529_traffic_scan_env2025_seed0-499_48352cd1,58,50,38,1,3
20260912_215351_529_traffic_scan_env2025_seed0-499_48352cd1,58,50,39,2,1
20260912_215351_529_traffic_scan_env2025_seed0-499_48352cd1,58,50,40,2,1
20260912_215351_529_traffic_scan_env2025_seed0-499_48352cd1,58,50,41,0,2
20260912_215351_529_traffic_scan_env2025_seed0-499_48352cd1,58,50,41,1,1
20260912_215351_529_traffic_scan_env2025_seed0-499_48352cd1,58,50,42,0,2
20260912_215351_529_traffic_scan_env2025_seed0-499_48352cd1,58,50,42,1,3
20260912_215351_529_traffic_scan_env2025_seed0-499_48352cd1,58,50,43,0,1
20260912_215351_529_traffic_scan_env2025_seed0-499_48352cd1,58,50,43,1,1
20260912_215351_529_traffic_scan_env2025_seed0-499_48352cd1,58,50,44,0,2
20260912_215351_529_traffic_scan_env2025_seed0-499_48352cd1,58,50,46,3,1
20260912_215351_529_traffic_scan_env2025_seed0-499_48352cd1,58,50,48,0,5
20260912_215351_529_traffic_scan_env2025_seed0-499_48352cd1,58,50,49,0,4
20260912_215351_529_traffic_scan_env2025_seed0-499_48352cd1,58,50,50,0,1
20260912_215351_529_traffic_scan_env2025_seed0-499_48352cd1,58,50,51,0,1
20260912_215351_529_traffic_scan_env2025_seed0-499_48352cd1,58,50,53,0,1
20260912_215351_529_traffic_scan_env2025_seed0-499_48352cd1,58,51,0,0,1
20260912_215351_529_traffic_scan_env2025_seed0-499_48352cd1,58,51,1,0,1
20260912_215351_529_traffic_scan_env2025_seed0-499_48352cd1,58,51,3,0,2
20260912_215351_529_traffic_scan_env2025_seed0-499_48352cd1,58,51,5,0,2
20260912_215351_529_traffic_scan_env2025_seed0-499_48352cd1,58,51,6,0,1
20260912_215351_529_traffic_scan_env2025_seed0-499_48352cd1,58,51,8,0,1
20260912_215351_529_traffic_scan_env2025_seed0-499_48352cd1,58,51,10,0,2
20260912_215351_529_traffic_scan_env2025_seed0-499_48352cd1,58,51,12,0,1
20260912_215351_529_traffic_scan_env2025_seed0-499_48352cd1,58,51,15,0,1
20260912_215351_529_traffic_scan_env2025_seed0-499_48352cd1,58,51,16,0,1
20260912_215351_529_traffic_scan_env2025_seed0-499_48352cd1,58,51,18,0,1
20260912_215351_529_traffic_scan_env2025_seed0-499_48352cd1,58,51,20,0,1
20260912_215351_529_traffic_scan_env2025_seed0-499_48352cd1,58,51,21,1,4
20260912_215351_529_traffic_scan_env2025_seed0-499_48352cd1,58,51,23,0,2
20260912_215351_529_traffic_scan_env2025_seed0-499_48352cd1,58,51,23,1,1
20260912_215351_529_traffic_scan_env2025_seed0-499_48352cd1,58,51,26,0,2
20260912_215351_529_traffic_scan_env2025_seed0-499_48352cd1,58,51,27,0,1
20260912_215351_529_traffic_scan_env2025_seed0-499_48352cd1,58,51,28,0,1
20260912_215351_529_traffic_scan_env2025_seed0-499_48352cd1,58,51,30,0,1
20260912_215351_529_traffic_scan_env2025_seed0-499_48352cd1,58,51,31,0,1
20260912_215351_529_traffic_scan_env2025_seed0-499_48352cd1,58,51,32,0,1
20260912_215351_529_traffic_scan_env2025_seed0-499_48352cd1,58,51,34,0,1
20260912_215351_529_traffic_scan_env2025_seed0-499_48352cd1,58,51,35,0,1
20260912_215351_529_traffic_scan_env2025_seed0-499_48352cd1,58,51,37,0,1
20260912_215351_529_traffic_scan_env2025_seed0-499_48352cd1,58,51,38,0,2
20260912_215351_529_traffic_scan_env2025_seed0-499_48352cd1,58,51,39,0,2
20260912_215351_529_traffic_scan_env2025_seed0-499_48352cd1,58,51,40,0,1
20260912_215351_529_traffic_scan_env2025_seed0-499_48352cd1,58,51,41,0,1
20260912_215351_529_traffic_scan_env2025_seed0-499_48352cd1,58,51,42,1,1
20260912_215351_529_traffic_scan_env2025_seed0-499_48352cd1,58,51,43,0,2
20260912_215351_529_traffic_scan_env2025_seed0-499_48352cd1,58,51,43,1,1
20260912_215351_529_traffic_scan_env2025_seed0-499_48352cd1,58,51,44,0,2
20260912_215351_529_traffic_scan_env2025_seed0-499_48352cd1,58,51,46,3,1
20260912_215351_529_traffic_scan_env2025_seed0-499_48352cd1,58,51,48,0,4
20260912_215351_529_traffic_scan_env2025_seed0-499_48352cd1,58,51,50,0,4
20260912_215351_529_traffic_scan_env2025_seed0-499_48352cd1,58,51,54,0,1
20260912_215351_529_traffic_scan_env2025_seed0-499_48352cd1,58,52,0,0,1
20260912_215351_529_traffic_scan_env2025_seed0-499_48352cd1,58,52,2,0,2
20260912_215351_529_traffic_scan_env2025_seed0-499_48352cd1,58,52,3,0,2
20260912_215351_529_traffic_scan_env2025_seed0-499_48352cd1,58,52,4,0,1
20260912_215351_529_traffic_scan_env2025_seed0-499_48352cd1,58,52,5,0,1
20260912_215351_529_traffic_scan_env2025_seed0-499_48352cd1,58,52,6,0,1
20260912_215351_529_traffic_scan_env2025_seed0-499_48352cd1,58,52,9,0,1
20260912_215351_529_traffic_scan_env2025_seed0-499_48352cd1,58,52,10,1,1
20260912_215351_529_traffic_scan_env2025_seed0-499_48352cd1,58,52,11,0,1
20260912_215351_529_traffic_scan_env2025_seed0-499_48352cd1,58,52,11,1,1
20260912_215351_529_traffic_scan_env2025_seed0-499_48352cd1,58,52,12,1,1
20260912_215351_529_traffic_scan_env2025_seed0-499_48352cd1,58,52,13,1,1
20260912_215351_529_traffic_scan_env2025_seed0-499_48352cd1,58,52,14,1,1
20260912_215351_529_traffic_scan_env2025_seed0-499_48352cd1,58,52,15,1,1
20260912_215351_529_traffic_scan_env2025_seed0-499_48352cd1,58,52,16,0,2
20260912_215351_529_traffic_scan_env2025_seed0-499_48352cd1,58,52,16,1,1
20260912_215351_529_traffic_scan_env2025_seed0-499_48352cd1,58,52,17,0,1
20260912_215351_529_traffic_scan_env2025_seed0-499_48352cd1,58,52,17,1,1
20260912_215351_529_traffic_scan_env2025_seed0-499_48352cd1,58,52,18,2,1
20260912_215351_529_traffic_scan_env2025_seed0-499_48352cd1,58,52,19,1,1
20260912_215351_529_traffic_scan_env2025_seed0-499_48352cd1,58,52,20,1,4
20260912_215351_529_traffic_scan_env2025_seed0-499_48352cd1,58,52,21,0,1
20260912_215351_529_traffic_scan_env2025_seed0-499_48352cd1,58,52,22,0,2
20260912_215351_529_traffic_scan_env2025_seed0-499_48352cd1,58,52,23,1,1
20260912_215351_529_traffic_scan_env2025_seed0-499_48352cd1,58,52,27,0,3
20260912_215351_529_traffic_scan_env2025_seed0-499_48352cd1,58,52,29,0,2
20260912_215351_529_traffic_scan_env2025_seed0-499_48352cd1,58,52,31,0,1
20260912_215351_529_traffic_scan_env2025_seed0-499_48352cd1,58,52,34,0,1
20260912_215351_529_traffic_scan_env2025_seed0-499_48352cd1,58,52,36,0,2
20260912_215351_529_traffic_scan_env2025_seed0-499_48352cd1,58,52,37,0,1
20260912_215351_529_traffic_scan_env2025_seed0-499_48352cd1,58,52,38,1,2
20260912_215351_529_traffic_scan_env2025_seed0-499_48352cd1,58,52,40,0,2
20260912_215351_529_traffic_scan_env2025_seed0-499_48352cd1,58,52,43,0,2
20260912_215351_529_traffic_scan_env2025_seed0-499_48352cd1,58,52,44,0,2
20260912_215351_529_traffic_scan_env2025_seed0-499_48352cd1,58,52,44,1,1
20260912_215351_529_traffic_scan_env2025_seed0-499_48352cd1,58,52,45,0,1
20260912_215351_529_traffic_scan_env2025_seed0-499_48352cd1,58,52,47,0,1
20260912_215351_529_traffic_scan_env2025_seed0-499_48352cd1,58,52,47,2,1
20260912_215351_529_traffic_scan_env2025_seed0-499_48352cd1,58,52,48,0,3
20260912_215351_529_traffic_scan_env2025_seed0-499_48352cd1,58,52,51,0,3
20260912_215351_529_traffic_scan_env2025_seed0-499_48352cd1,58,52,52,0,1
20260912_215351_529_traffic_scan_env2025_seed0-499_48352cd1,58,52,54,0,1
20260912_215351_529_traffic_scan_env2025_seed0-499_48352cd1,58,53,0,0,1
20260912_215351_529_traffic_scan_env2025_seed0-499_48352cd1,58,53,1,0,1
20260912_215351_529_traffic_scan_env2025_seed0-499_48352cd1,58,53,4,0,2
20260912_215351_529_traffic_scan_env2025_seed0-499_48352cd1,58,53,5,0,2
20260912_215351_529_traffic_scan_env2025_seed0-499_48352cd1,58,53,6,0,2
20260912_215351_529_traffic_scan_env2025_seed0-499_48352cd1,58,53,7,0,1
20260912_215351_529_traffic_scan_env2025_seed0-499_48352cd1,58,53,8,0,2
20260912_215351_529_traffic_scan_env2025_seed0-499_48352cd1,58,53,9,0,1
20260912_215351_529_traffic_scan_env2025_seed0-499_48352cd1,58,53,10,0,1
20260912_215351_529_traffic_scan_env2025_seed0-499_48352cd1,58,53,10,1,1
20260912_215351_529_traffic_scan_env2025_seed0-499_48352cd1,58,53,11,1,1
20260912_215351_529_traffic_scan_env2025_seed0-499_48352cd1,58,53,12,1,1
20260912_215351_529_traffic_scan_env2025_seed0-499_48352cd1,58,53,13,1,1
20260912_215351_529_traffic_scan_env2025_seed0-499_48352cd1,58,53,14,1,1
20260912_215351_529_traffic_scan_env2025_seed0-499_48352cd1,58,53,15,1,1
20260912_215351_529_traffic_scan_env2025_seed0-499_48352cd1,58,53,16,0,2
20260912_215351_529_traffic_scan_env2025_seed0-499_48352cd1,58,53,16,1,1
20260912_215351_529_traffic_scan_env2025_seed0-499_48352cd1,58,53,17,0,1
20260912_215351_529_traffic_scan_env2025_seed0-499_48352cd1,58,53,17,1,1
20260912_215351_529_traffic_scan_env2025_seed0-499_48352cd1,58,53,18,1,1
20260912_215351_529_traffic_scan_env2025_seed0-499_48352cd1,58,53,19,0,1
20260912_215351_529_traffic_scan_env2025_seed0-499_48352cd1,58,53,19,1,3
20260912_215351_529_traffic_scan_env2025_seed0-499_48352cd1,58,53,20,1,1
20260912_215351_529_traffic_scan_env2025_seed0-499_48352cd1,58,53,21,0,2
20260912_215351_529_traffic_scan_env2025_seed0-499_48352cd1,58,53,21,1,1
20260912_215351_529_traffic_scan_env2025_seed0-499_48352cd1,58,53,22,1,1
20260912_215351_529_traffic_scan_env2025_seed0-499_48352cd1,58,53,23,0,1
20260912_215351_529_traffic_scan_env2025_seed0-499_48352cd1,58,53,23,1,1
20260912_215351_529_traffic_scan_env2025_seed0-499_48352cd1,58,53,24,1,1
20260912_215351_529_traffic_scan_env2025_seed0-499_48352cd1,58,53,25,2,1
20260912_215351_529_traffic_scan_env2025_seed0-499_48352cd1,58,53,26,2,1
20260912_215351_529_traffic_scan_env2025_seed0-499_48352cd1,58,53,27,0,2
20260912_215351_529_traffic_scan_env2025_seed0-499_48352cd1,58,53,27,1,1
20260912_215351_529_traffic_scan_env2025_seed0-499_48352cd1,58,53,28,0,2
20260912_215351_529_traffic_scan_env2025_seed0-499_48352cd1,58,53,28,1,1
20260912_215351_529_traffic_scan_env2025_seed0-499_48352cd1,58,53,29,1,1
20260912_215351_529_traffic_scan_env2025_seed0-499_48352cd1,58,53,30,0,1
20260912_215351_529_traffic_scan_env2025_seed0-499_48352cd1,58,53,30,1,1
20260912_215351_529_traffic_scan_env2025_seed0-499_48352cd1,58,53,31,0,1
20260912_215351_529_traffic_scan_env2025_seed0-499_48352cd1,58,53,31,1,1
20260912_215351_529_traffic_scan_env2025_seed0-499_48352cd1,58,53,32,1,1
20260912_215351_529_traffic_scan_env2025_seed0-499_48352cd1,58,53,33,1,1
20260912_215351_529_traffic_scan_env2025_seed0-499_48352cd1,58,53,34,0,1
20260912_215351_529_traffic_scan_env2025_seed0-499_48352cd1,58,53,34,1,1
20260912_215351_529_traffic_scan_env2025_seed0-499_48352cd1,58,53,35,0,1
20260912_215351_529_traffic_scan_env2025_seed0-499_48352cd1,58,53,35,1,1
20260912_215351_529_traffic_scan_env2025_seed0-499_48352cd1,58,53,36,0,1
20260912_215351_529_traffic_scan_env2025_seed0-499_48352cd1,58,53,36,1,1
20260912_215351_529_traffic_scan_env2025_seed0-499_48352cd1,58,53,37,0,1
20260912_215351_529_traffic_scan_env2025_seed0-499_48352cd1,58,53,37,1,1
20260912_215351_529_traffic_scan_env2025_seed0-499_48352cd1,58,53,38,0,1
20260912_215351_529_traffic_scan_env2025_seed0-499_48352cd1,58,53,40,0,1
20260912_215351_529_traffic_scan_env2025_seed0-499_48352cd1,58,53,41,0,1
20260912_215351_529_traffic_scan_env2025_seed0-499_48352cd1,58,53,42,0,1
20260912_215351_529_traffic_scan_env2025_seed0-499_48352cd1,58,53,43,0,1
20260912_215351_529_traffic_scan_env2025_seed0-499_48352cd1,58,53,45,0,3
20260912_215351_529_traffic_scan_env2025_seed0-499_48352cd1,58,53,46,0,1
20260912_215351_529_traffic_scan_env2025_seed0-499_48352cd1,58,53,47,0,2
20260912_215351_529_traffic_scan_env2025_seed0-499_48352cd1,58,53,47,1,1
20260912_215351_529_traffic_scan_env2025_seed0-499_48352cd1,58,53,49,0,1
20260912_215351_529_traffic_scan_env2025_seed0-499_48352cd1,58,53,52,0,1
20260912_215351_529_traffic_scan_env2025_seed0-499_48352cd1,58,53,53,0,1
20260912_215351_529_traffic_scan_env2025_seed0-499_48352cd1,58,53,55,0,1
20260912_215351_529_traffic_scan_env2025_seed0-499_48352cd1,58,54,0,0,1
20260912_215351_529_traffic_scan_env2025_seed0-499_48352cd1,58,54,1,0,1
20260912_215351_529_traffic_scan_env2025_seed0-499_48352cd1,58,54,1,1,1
20260912_215351_529_traffic_scan_env2025_seed0-499_48352cd1,58,54,2,2,1
20260912_215351_529_traffic_scan_env2025_seed0-499_48352cd1,58,54,3,2,1
20260912_215351_529_traffic_scan_env2025_seed0-499_48352cd1,58,54,4,0,1
20260912_215351_529_traffic_scan_env2025_seed0-499_48352cd1,58,54,4,1,1
20260912_215351_529_traffic_scan_env2025_seed0-499_48352cd1,58,54,6,0,2
20260912_215351_529_traffic_scan_env2025_seed0-499_48352cd1,58,54,7,0,2
20260912_215351_529_traffic_scan_env2025_seed0-499_48352cd1,58,54,8,0,1
20260912_215351_529_traffic_scan_env2025_seed0-499_48352cd1,58,54,9,0,2
20260912_215351_529_traffic_scan_env2025_seed0-499_48352cd1,58,54,15,0,1
20260912_215351_529_traffic_scan_env2025_seed0-499_48352cd1,58,54,16,0,1
20260912_215351_529_traffic_scan_env2025_seed0-499_48352cd1,58,54,18,0,2
20260912_215351_529_traffic_scan_env2025_seed0-499_48352cd1,58,54,18,1,2
20260912_215351_529_traffic_scan_env2025_seed0-499_48352cd1,58,54,20,0,2
20260912_215351_529_traffic_scan_env2025_seed0-499_48352cd1,58,54,23,0,1
20260912_215351_529_traffic_scan_env2025_seed0-499_48352cd1,58,54,26,0,1
20260912_215351_529_traffic_scan_env2025_seed0-499_48352cd1,58,54,27,0,1
20260912_215351_529_traffic_scan_env2025_seed0-499_48352cd1,58,54,29,0,1
20260912_215351_529_traffic_scan_env2025_seed0-499_48352cd1,58,54,31,0,1
20260912_215351_529_traffic_scan_env2025_seed0-499_48352cd1,58,54,34,0,2
20260912_215351_529_traffic_scan_env2025_seed0-499_48352cd1,58,54,38,0,2
20260912_215351_529_traffic_scan_env2025_seed0-499_48352cd1,58,54,41,0,3
20260912_215351_529_traffic_scan_env2025_seed0-499_48352cd1,58,54,43,0,1
20260912_215351_529_traffic_scan_env2025_seed0-499_48352cd1,58,54,46,0,2
20260912_215351_529_traffic_scan_env2025_seed0-499_48352cd1,58,54,47,0,2
20260912_215351_529_traffic_scan_env2025_seed0-499_48352cd1,58,54,48,0,1
20260912_215351_529_traffic_scan_env2025_seed0-499_48352cd1,58,54,49,0,1
20260912_215351_529_traffic_scan_env2025_seed0-499_48352cd1,58,54,53,0,1
20260912_215351_529_traffic_scan_env2025_seed0-499_48352cd1,58,54,54,0,1
20260912_215351_529_traffic_scan_env2025_seed0-499_48352cd1,58,54,56,0,1
20260912_215351_529_traffic_scan_env2025_seed0-499_48352cd1,58,55,0,0,1
20260912_215351_529_traffic_scan_env2025_seed0-499_48352cd1,58,55,4,0,1
20260912_215351_529_traffic_scan_env2025_seed0-499_48352cd1,58,55,6,0,2
20260912_215351_529_traffic_scan_env2025_seed0-499_48352cd1,58,55,8,0,1
20260912_215351_529_traffic_scan_env2025_seed0-499_48352cd1,58,55,9,0,1
20260912_215351_529_traffic_scan_env2025_seed0-499_48352cd1,58,55,10,0,1
20260912_215351_529_traffic_scan_env2025_seed0-499_48352cd1,58,55,11,0,1
20260912_215351_529_traffic_scan_env2025_seed0-499_48352cd1,58,55,12,0,1
20260912_215351_529_traffic_scan_env2025_seed0-499_48352cd1,58,55,13,0,1
20260912_215351_529_traffic_scan_env2025_seed0-499_48352cd1,58,55,14,0,3
20260912_215351_529_traffic_scan_env2025_seed0-499_48352cd1,58,55,15,0,2
20260912_215351_529_traffic_scan_env2025_seed0-499_48352cd1,58,55,16,0,2
20260912_215351_529_traffic_scan_env2025_seed0-499_48352cd1,58,55,17,0,2
20260912_215351_529_traffic_scan_env2025_seed0-499_48352cd1,58,55,17,1,1
20260912_215351_529_traffic_scan_env2025_seed0-499_48352cd1,58,55,18,0,2
20260912_215351_529_traffic_scan_env2025_seed0-499_48352cd1,58,55,19,0,2
20260912_215351_529_traffic_scan_env2025_seed0-499_48352cd1,58,55,23,0,1
20260912_215351_529_traffic_scan_env2025_seed0-499_48352cd1,58,55,26,0,2
20260912_215351_529_traffic_scan_env2025_seed0-499_48352cd1,58,55,30,0,1
20260912_215351_529_traffic_scan_env2025_seed0-499_48352cd1,58,55,31,0,1
20260912_215351_529_traffic_scan_env2025_seed0-499_48352cd1,58,55,34,0,1
20260912_215351_529_traffic_scan_env2025_seed0-499_48352cd1,58,55,38,0,1
20260912_215351_529_traffic_scan_env2025_seed0-499_48352cd1,58,55,39,0,1
20260912_215351_529_traffic_scan_env2025_seed0-499_48352cd1,58,55,40,0,1
20260912_215351_529_traffic_scan_env2025_seed0-499_48352cd1,58,55,43,0,1
20260912_215351_529_traffic_scan_env2025_seed0-499_48352cd1,58,55,47,0,5
20260912_215351_529_traffic_scan_env2025_seed0-499_48352cd1,58,55,50,0,1
20260912_215351_529_traffic_scan_env2025_seed0-499_48352cd1,58,55,54,0,1
20260912_215351_529_traffic_scan_env2025_seed0-499_48352cd1,58,55,55,0,1
20260912_215351_529_traffic_scan_env2025_seed0-499_48352cd1,58,55,57,0,1
20260912_215351_529_traffic_scan_env2025_seed0-499_48352cd1,58,56,0,0,1
20260912_215351_529_traffic_scan_env2025_seed0-499_48352cd1,58,56,3,0,1
20260912_215351_529_traffic_scan_env2025_seed0-499_48352cd1,58,56,5,0,1
20260912_215351_529_traffic_scan_env2025_seed0-499_48352cd1,58,56,6,0,1
20260912_215351_529_traffic_scan_env2025_seed0-499_48352cd1,58,56,11,0,1
20260912_215351_529_traffic_scan_env2025_seed0-499_48352cd1,58,56,13,0,2
20260912_215351_529_traffic_scan_env2025_seed0-499_48352cd1,58,56,16,0,2
20260912_215351_529_traffic_scan_env2025_seed0-499_48352cd1,58,56,16,1,1
20260912_215351_529_traffic_scan_env2025_seed0-499_48352cd1,58,56,17,0,1
20260912_215351_529_traffic_scan_env2025_seed0-499_48352cd1,58,56,18,0,1
20260912_215351_529_traffic_scan_env2025_seed0-499_48352cd1,58,56,19,0,1
20260912_215351_529_traffic_scan_env2025_seed0-499_48352cd1,58,56,23,0,1
20260912_215351_529_traffic_scan_env2025_seed0-499_48352cd1,58,56,26,0,1
20260912_215351_529_traffic_scan_env2025_seed0-499_48352cd1,58,56,31,0,1
20260912_215351_529_traffic_scan_env2025_seed0-499_48352cd1,58,56,34,0,1
20260912_215351_529_traffic_scan_env2025_seed0-499_48352cd1,58,56,38,0,1
20260912_215351_529_traffic_scan_env2025_seed0-499_48352cd1,58,56,40,0,2
20260912_215351_529_traffic_scan_env2025_seed0-499_48352cd1,58,56,43,0,1
20260912_215351_529_traffic_scan_env2025_seed0-499_48352cd1,58,56,47,0,2
20260912_215351_529_traffic_scan_env2025_seed0-499_48352cd1,58,56,48,0,3
20260912_215351_529_traffic_scan_env2025_seed0-499_48352cd1,58,56,49,0,1
20260912_215351_529_traffic_scan_env2025_seed0-499_48352cd1,58,56,55,0,1
20260912_215351_529_traffic_scan_env2025_seed0-499_48352cd1,58,56,56,0,1
20260912_215351_529_traffic_scan_env2025_seed0-499_48352cd1,58,57,0,0,1
20260912_215351_529_traffic_scan_env2025_seed0-499_48352cd1,58,57,3,0,1
20260912_215351_529_traffic_scan_env2025_seed0-499_48352cd1,58,57,4,0,1
20260912_215351_529_traffic_scan_env2025_seed0-499_48352cd1,58,57,6,0,1
20260912_215351_529_traffic_scan_env2025_seed0-499_48352cd1,58,57,8,0,1
20260912_215351_529_traffic_scan_env2025_seed0-499_48352cd1,58,57,9,0,1
20260912_215351_529_traffic_scan_env2025_seed0-499_48352cd1,58,57,10,0,1
20260912_215351_529_traffic_scan_env2025_seed0-499_48352cd1,58,57,12,0,2
20260912_215351_529_traffic_scan_env2025_seed0-499_48352cd1,58,57,12,1,1
20260912_215351_529_traffic_scan_env2025_seed0-499_48352cd1,58,57,13,1,1
20260912_215351_529_traffic_scan_env2025_seed0-499_48352cd1,58,57,14,2,1
20260912_215351_529_traffic_scan_env2025_seed0-499_48352cd1,58,57,15,2,1
20260912_215351_529_traffic_scan_env2025_seed0-499_48352cd1,58,57,16,0,1
20260912_215351_529_traffic_scan_env2025_seed0-499_48352cd1,58,57,17,0,1
20260912_215351_529_traffic_scan_env2025_seed0-499_48352cd1,58,57,20,0,1
20260912_215351_529_traffic_scan_env2025_seed0-499_48352cd1,58,57,23,1,1
20260912_215351_529_traffic_scan_env2025_seed0-499_48352cd1,58,57,32,0,1
20260912_215351_529_traffic_scan_env2025_seed0-499_48352cd1,58,57,40,0,2
20260912_215351_529_traffic_scan_env2025_seed0-499_48352cd1,58,57,42,0,1
20260912_215351_529_traffic_scan_env2025_seed0-499_48352cd1,58,57,47,0,2
20260912_215351_529_traffic_scan_env2025_seed0-499_48352cd1,58,57,48,0,1
20260912_215351_529_traffic_scan_env2025_seed0-499_48352cd1,58,57,49,0,2
20260912_215351_529_traffic_scan_env2025_seed0-499_48352cd1,58,57,50,0,1
20260912_215351_529_traffic_scan_env2025_seed0-499_48352cd1,58,57,56,0,1
20260912_215351_529_traffic_scan_env2025_seed0-499_48352cd1,58,57,57,0,1
20260912_215351_529_traffic_scan_env2025_seed0-499_48352cd1,58,58,3,0,3
20260912_215351_529_traffic_scan_env2025_seed0-499_48352cd1,58,58,4,0,1
20260912_215351_529_traffic_scan_env2025_seed0-499_48352cd1,58,58,5,0,1
20260912_215351_529_traffic_scan_env2025_seed0-499_48352cd1,58,58,6,0,2
20260912_215351_529_traffic_scan_env2025_seed0-499_48352cd1,58,58,7,0,1
20260912_215351_529_traffic_scan_env2025_seed0-499_48352cd1,58,58,8,0,1
20260912_215351_529_traffic_scan_env2025_seed0-499_48352cd1,58,58,9,0,1
20260912_215351_529_traffic_scan_env2025_seed0-499_48352cd1,58,58,10,0,1
20260912_215351_529_traffic_scan_env2025_seed0-499_48352cd1,58,58,11,0,2
20260912_215351_529_traffic_scan_env2025_seed0-499_48352cd1,58,58,13,0,1
20260912_215351_529_traffic_scan_env2025_seed0-499_48352cd1,58,58,14,0,1
20260912_215351_529_traffic_scan_env2025_seed0-499_48352cd1,58,58,15,0,1
20260912_215351_529_traffic_scan_env2025_seed0-499_48352cd1,58,58,21,0,1
20260912_215351_529_traffic_scan_env2025_seed0-499_48352cd1,58,58,23,1,1
20260912_215351_529_traffic_scan_env2025_seed0-499_48352cd1,58,58,39,0,1
20260912_215351_529_traffic_scan_env2025_seed0-499_48352cd1,58,58,41,0,1
20260912_215351_529_traffic_scan_env2025_seed0-499_48352cd1,58,58,43,0,1
20260912_215351_529_traffic_scan_env2025_seed0-499_48352cd1,58,58,47,0,1
20260912_215351_529_traffic_scan_env2025_seed0-499_48352cd1,58,58,48,0,1
20260912_215351_529_traffic_scan_env2025_seed0-499_48352cd1,58,58,50,0,2
20260912_215351_529_traffic_scan_env2025_seed0-499_48352cd1,58,58,57,0,1
20260912_215351_529_traffic_scan_env2025_seed0-499_48352cd1,58,58,58,0,1
20260912_215351_529_traffic_scan_env2025_seed0-499_48352cd1,58,59,10,0,1
20260912_215351_529_traffic_scan_env2025_seed0-499_48352cd1,58,59,22,0,1
20260912_215351_529_traffic_scan_env2025_seed0-499_48352cd1,58,59,23,0,1
20260912_215351_529_traffic_scan_env2025_seed0-499_48352cd1,58,59,42,0,1
20260912_215351_529_traffic_scan_env2025_seed0-499_48352cd1,58,59,43,0,1
20260912_215351_529_traffic_scan_env2025_seed0-499_48352cd1,58,59,47,0,1
20260912_215351_529_traffic_scan_env2025_seed0-499_48352cd1,58,59,51,0,2
20260912_215351_529_traffic_scan_env2025_seed0-499_48352cd1,58,59,59,0,1
