run_id,traffic_seed,grid_x,grid_y,grid_z,distinct_flight_count
20260912_215351_529_traffic_scan_env2025_seed0-499_48352cd1,461,0,5,0,1
20260912_215351_529_traffic_scan_env2025_seed0-499_48352cd1,461,0,6,0,1
20260912_215351_529_traffic_scan_env2025_seed0-499_48352cd1,461,0,7,0,2
20260912_215351_529_traffic_scan_env2025_seed0-499_48352cd1,461,0,8,0,3
20260912_215351_529_traffic_scan_env2025_seed0-499_48352cd1,461,0,9,0,3
20260912_215351_529_traffic_scan_env2025_seed0-499_48352cd1,461,0,10,0,3
20260912_215351_529_traffic_scan_env2025_seed0-499_48352cd1,461,0,11,0,3
20260912_215351_529_traffic_scan_env2025_seed0-499_48352cd1,461,0,12,0,2
20260912_215351_529_traffic_scan_env2025_seed0-499_48352cd1,461,0,13,0,1
20260912_215351_529_traffic_scan_env2025_seed0-499_48352cd1,461,0,14,0,1
20260912_215351_529_traffic_scan_env2025_seed0-499_48352cd1,461,0,15,0,1
20260912_215351_529_traffic_scan_env2025_seed0-499_48352cd1,461,0,16,0,1
20260912_215351_529_traffic_scan_env2025_seed0-499_48352cd1,461,0,17,0,2
20260912_215351_529_traffic_scan_env2025_seed0-499_48352cd1,461,0,18,0,1
20260912_215351_529_traffic_scan_env2025_seed0-499_48352cd1,461,0,19,0,1
20260912_215351_529_traffic_scan_env2025_seed0-499_48352cd1,461,0,20,0,2
20260912_215351_529_traffic_scan_env2025_seed0-499_48352cd1,461,0,21,0,2
20260912_215351_529_traffic_scan_env2025_seed0-499_48352cd1,461,0,22,0,1
20260912_215351_529_traffic_scan_env2025_seed0-499_48352cd1,461,0,23,0,1
20260912_215351_529_traffic_scan_env2025_seed0-499_48352cd1,461,0,24,0,1
20260912_215351_529_traffic_scan_env2025_seed0-499_48352cd1,461,0,25,0,1
20260912_215351_529_traffic_scan_env2025_seed0-499_48352cd1,461,0,26,0,1
20260912_215351_529_traffic_scan_env2025_seed0-499_48352cd1,461,0,27,0,1
20260912_215351_529_traffic_scan_env2025_seed0-499_48352cd1,461,0,28,0,1
20260912_215351_529_traffic_scan_env2025_seed0-499_48352cd1,461,0,29,0,2
20260912_215351_529_traffic_scan_env2025_seed0-499_48352cd1,461,0,30,0,1
20260912_215351_529_traffic_scan_env2025_seed0-499_48352cd1,461,0,31,0,1
20260912_215351_529_traffic_scan_env2025_seed0-499_48352cd1,461,0,32,0,1
20260912_215351_529_traffic_scan_env2025_seed0-499_48352cd1,461,0,33,0,1
20260912_215351_529_traffic_scan_env2025_seed0-499_48352cd1,461,0,34,0,2
20260912_215351_529_traffic_scan_env2025_seed0-499_48352cd1,461,0,35,0,1
20260912_215351_529_traffic_scan_env2025_seed0-499_48352cd1,461,0,36,0,2
20260912_215351_529_traffic_scan_env2025_seed0-499_48352cd1,461,0,37,0,1
20260912_215351_529_traffic_scan_env2025_seed0-499_48352cd1,461,0,38,0,1
20260912_215351_529_traffic_scan_env2025_seed0-499_48352cd1,461,0,39,0,1
20260912_215351_529_traffic_scan_env2025_seed0-499_48352cd1,461,0,40,0,1
20260912_215351_529_traffic_scan_env2025_seed0-499_48352cd1,461,0,41,0,1
20260912_215351_529_traffic_scan_env2025_seed0-499_48352cd1,461,0,42,0,1
20260912_215351_529_traffic_scan_env2025_seed0-499_48352cd1,461,0,43,0,2
20260912_215351_529_traffic_scan_env2025_seed0-499_48352cd1,461,0,44,0,2
20260912_215351_529_traffic_scan_env2025_seed0-499_48352cd1,461,0,45,0,2
20260912_215351_529_traffic_scan_env2025_seed0-499_48352cd1,461,0,46,0,2
20260912_215351_529_traffic_scan_env2025_seed0-499_48352cd1,461,0,47,0,3
20260912_215351_529_traffic_scan_env2025_seed0-499_48352cd1,461,0,48,0,2
20260912_215351_529_traffic_scan_env2025_seed0-499_48352cd1,461,0,49,0,2
20260912_215351_529_traffic_scan_env2025_seed0-499_48352cd1,461,0,50,0,2
20260912_215351_529_traffic_scan_env2025_seed0-499_48352cd1,461,0,51,0,2
20260912_215351_529_traffic_scan_env2025_seed0-499_48352cd1,461,0,52,0,2
20260912_215351_529_traffic_scan_env2025_seed0-499_48352cd1,461,0,53,0,1
20260912_215351_529_traffic_scan_env2025_seed0-499_48352cd1,461,0,54,0,2
20260912_215351_529_traffic_scan_env2025_seed0-499_48352cd1,461,0,55,0,1
20260912_215351_529_traffic_scan_env2025_seed0-499_48352cd1,461,0,56,0,1
20260912_215351_529_traffic_scan_env2025_seed0-499_48352cd1,461,0,57,0,1
20260912_215351_529_traffic_scan_env2025_seed0-499_48352cd1,461,0,58,0,1
20260912_215351_529_traffic_scan_env2025_seed0-499_48352cd1,461,1,1,0,1
20260912_215351_529_traffic_scan_env2025_seed0-499_48352cd1,461,1,2,0,1
20260912_215351_529_traffic_scan_env2025_seed0-499_48352cd1,461,1,3,0,1
20260912_215351_529_traffic_scan_env2025_seed0-499_48352cd1,461,1,4,0,1
20260912_215351_529_traffic_scan_env2025_seed0-499_48352cd1,461,1,5,0,1
20260912_215351_529_traffic_scan_env2025_seed0-499_48352cd1,461,1,6,0,1
20260912_215351_529_traffic_scan_env2025_seed0-499_48352cd1,461,1,7,0,1
20260912_215351_529_traffic_scan_env2025_seed0-499_48352cd1,461,1,8,0,1
20260912_215351_529_traffic_scan_env2025_seed0-499_48352cd1,461,1,12,0,2
20260912_215351_529_traffic_scan_env2025_seed0-499_48352cd1,461,1,13,0,1
20260912_215351_529_traffic_scan_env2025_seed0-499_48352cd1,461,1,14,0,1
20260912_215351_529_traffic_scan_env2025_seed0-499_48352cd1,461,1,15,0,1
20260912_215351_529_traffic_scan_env2025_seed0-499_48352cd1,461,1,16,0,1
20260912_215351_529_traffic_scan_env2025_seed0-499_48352cd1,461,1,17,0,2
20260912_215351_529_traffic_scan_env2025_seed0-499_48352cd1,461,1,18,0,1
20260912_215351_529_traffic_scan_env2025_seed0-499_48352cd1,461,1,19,0,1
20260912_215351_529_traffic_scan_env2025_seed0-499_48352cd1,461,1,20,0,1
20260912_215351_529_traffic_scan_env2025_seed0-499_48352cd1,461,1,21,0,2
20260912_215351_529_traffic_scan_env2025_seed0-499_48352cd1,461,1,22,0,2
20260912_215351_529_traffic_scan_env2025_seed0-499_48352cd1,461,1,23,0,1
20260912_215351_529_traffic_scan_env2025_seed0-499_48352cd1,461,1,24,0,1
20260912_215351_529_traffic_scan_env2025_seed0-499_48352cd1,461,1,25,0,2
20260912_215351_529_traffic_scan_env2025_seed0-499_48352cd1,461,1,26,0,1
20260912_215351_529_traffic_scan_env2025_seed0-499_48352cd1,461,1,27,0,1
20260912_215351_529_traffic_scan_env2025_seed0-499_48352cd1,461,1,28,0,1
20260912_215351_529_traffic_scan_env2025_seed0-499_48352cd1,461,1,29,0,1
20260912_215351_529_traffic_scan_env2025_seed0-499_48352cd1,461,1,30,0,2
20260912_215351_529_traffic_scan_env2025_seed0-499_48352cd1,461,1,31,0,1
20260912_215351_529_traffic_scan_env2025_seed0-499_48352cd1,461,1,32,0,2
20260912_215351_529_traffic_scan_env2025_seed0-499_48352cd1,461,1,33,0,2
20260912_215351_529_traffic_scan_env2025_seed0-499_48352cd1,461,1,34,0,3
20260912_215351_529_traffic_scan_env2025_seed0-499_48352cd1,461,1,35,0,3
20260912_215351_529_traffic_scan_env2025_seed0-499_48352cd1,461,1,36,0,2
20260912_215351_529_traffic_scan_env2025_seed0-499_48352cd1,461,1,37,0,2
20260912_215351_529_traffic_scan_env2025_seed0-499_48352cd1,461,1,38,0,2
20260912_215351_529_traffic_scan_env2025_seed0-499_48352cd1,461,1,39,0,2
20260912_215351_529_traffic_scan_env2025_seed0-499_48352cd1,461,1,40,0,2
20260912_215351_529_traffic_scan_env2025_seed0-499_48352cd1,461,1,41,0,2
20260912_215351_529_traffic_scan_env2025_seed0-499_48352cd1,461,1,42,0,2
20260912_215351_529_traffic_scan_env2025_seed0-499_48352cd1,461,1,43,0,1
20260912_215351_529_traffic_scan_env2025_seed0-499_48352cd1,461,1,44,0,1
20260912_215351_529_traffic_scan_env2025_seed0-499_48352cd1,461,1,45,0,2
20260912_215351_529_traffic_scan_env2025_seed0-499_48352cd1,461,1,46,0,1
20260912_215351_529_traffic_scan_env2025_seed0-499_48352cd1,461,1,47,0,1
20260912_215351_529_traffic_scan_env2025_seed0-499_48352cd1,461,1,48,0,1
20260912_215351_529_traffic_scan_env2025_seed0-499_48352cd1,461,1,50,0,1
20260912_215351_529_traffic_scan_env2025_seed0-499_48352cd1,461,1,52,0,1
20260912_215351_529_traffic_scan_env2025_seed0-499_48352cd1,461,1,54,0,1
20260912_215351_529_traffic_scan_env2025_seed0-499_48352cd1,461,1,59,0,1
20260912_215351_529_traffic_scan_env2025_seed0-499_48352cd1,461,2,1,0,2
20260912_215351_529_traffic_scan_env2025_seed0-499_48352cd1,461,2,8,0,1
20260912_215351_529_traffic_scan_env2025_seed0-499_48352cd1,461,2,9,0,1
20260912_215351_529_traffic_scan_env2025_seed0-499_48352cd1,461,2,9,1,1
20260912_215351_529_traffic_scan_env2025_seed0-499_48352cd1,461,2,10,0,1
20260912_215351_529_traffic_scan_env2025_seed0-499_48352cd1,461,2,10,1,1
20260912_215351_529_traffic_scan_env2025_seed0-499_48352cd1,461,2,11,0,1
20260912_215351_529_traffic_scan_env2025_seed0-499_48352cd1,461,2,11,1,1
20260912_215351_529_traffic_scan_env2025_seed0-499_48352cd1,461,2,12,0,2
20260912_215351_529_traffic_scan_env2025_seed0-499_48352cd1,461,2,12,1,1
20260912_215351_529_traffic_scan_env2025_seed0-499_48352cd1,461,2,13,0,2
20260912_215351_529_traffic_scan_env2025_seed0-499_48352cd1,461,2,13,1,1
20260912_215351_529_traffic_scan_env2025_seed0-499_48352cd1,461,2,14,0,1
20260912_215351_529_traffic_scan_env2025_seed0-499_48352cd1,461,2,14,1,1
20260912_215351_529_traffic_scan_env2025_seed0-499_48352cd1,461,2,15,0,2
20260912_215351_529_traffic_scan_env2025_seed0-499_48352cd1,461,2,15,1,1
20260912_215351_529_traffic_scan_env2025_seed0-499_48352cd1,461,2,16,0,1
20260912_215351_529_traffic_scan_env2025_seed0-499_48352cd1,461,2,16,1,1
20260912_215351_529_traffic_scan_env2025_seed0-499_48352cd1,461,2,17,0,1
20260912_215351_529_traffic_scan_env2025_seed0-499_48352cd1,461,2,17,1,1
20260912_215351_529_traffic_scan_env2025_seed0-499_48352cd1,461,2,18,1,1
20260912_215351_529_traffic_scan_env2025_seed0-499_48352cd1,461,2,19,2,1
20260912_215351_529_traffic_scan_env2025_seed0-499_48352cd1,461,2,20,1,1
20260912_215351_529_traffic_scan_env2025_seed0-499_48352cd1,461,2,21,1,1
20260912_215351_529_traffic_scan_env2025_seed0-499_48352cd1,461,2,22,0,2
20260912_215351_529_traffic_scan_env2025_seed0-499_48352cd1,461,2,22,1,1
20260912_215351_529_traffic_scan_env2025_seed0-499_48352cd1,461,2,26,0,1
20260912_215351_529_traffic_scan_env2025_seed0-499_48352cd1,461,2,31,0,1
20260912_215351_529_traffic_scan_env2025_seed0-499_48352cd1,461,2,32,0,2
20260912_215351_529_traffic_scan_env2025_seed0-499_48352cd1,461,2,34,0,2
20260912_215351_529_traffic_scan_env2025_seed0-499_48352cd1,461,2,40,0,1
20260912_215351_529_traffic_scan_env2025_seed0-499_48352cd1,461,2,45,1,1
20260912_215351_529_traffic_scan_env2025_seed0-499_48352cd1,461,2,46,0,1
20260912_215351_529_traffic_scan_env2025_seed0-499_48352cd1,461,2,48,0,1
20260912_215351_529_traffic_scan_env2025_seed0-499_48352cd1,461,2,49,0,2
20260912_215351_529_traffic_scan_env2025_seed0-499_48352cd1,461,2,52,0,1
20260912_215351_529_traffic_scan_env2025_seed0-499_48352cd1,461,2,54,0,1
20260912_215351_529_traffic_scan_env2025_seed0-499_48352cd1,461,2,58,0,1
20260912_215351_529_traffic_scan_env2025_seed0-499_48352cd1,461,3,2,0,3
20260912_215351_529_traffic_scan_env2025_seed0-499_48352cd1,461,3,11,0,1
20260912_215351_529_traffic_scan_env2025_seed0-499_48352cd1,461,3,14,0,2
20260912_215351_529_traffic_scan_env2025_seed0-499_48352cd1,461,3,15,0,1
20260912_215351_529_traffic_scan_env2025_seed0-499_48352cd1,461,3,17,0,1
20260912_215351_529_traffic_scan_env2025_seed0-499_48352cd1,461,3,17,1,1
20260912_215351_529_traffic_scan_env2025_seed0-499_48352cd1,461,3,18,1,1
20260912_215351_529_traffic_scan_env2025_seed0-499_48352cd1,461,3,19,1,1
20260912_215351_529_traffic_scan_env2025_seed0-499_48352cd1,461,3,20,1,1
20260912_215351_529_traffic_scan_env2025_seed0-499_48352cd1,461,3,21,1,1
20260912_215351_529_traffic_scan_env2025_seed0-499_48352cd1,461,3,22,0,1
20260912_215351_529_traffic_scan_env2025_seed0-499_48352cd1,461,3,22,1,1
20260912_215351_529_traffic_scan_env2025_seed0-499_48352cd1,461,3,23,0,1
20260912_215351_529_traffic_scan_env2025_seed0-499_48352cd1,461,3,23,1,2
20260912_215351_529_traffic_scan_env2025_seed0-499_48352cd1,461,3,26,0,1
20260912_215351_529_traffic_scan_env2025_seed0-499_48352cd1,461,3,26,1,1
20260912_215351_529_traffic_scan_env2025_seed0-499_48352cd1,461,3,27,1,1
20260912_215351_529_traffic_scan_env2025_seed0-499_48352cd1,461,3,28,1,1
20260912_215351_529_traffic_scan_env2025_seed0-499_48352cd1,461,3,29,1,1
20260912_215351_529_traffic_scan_env2025_seed0-499_48352cd1,461,3,30,1,1
20260912_215351_529_traffic_scan_env2025_seed0-499_48352cd1,461,3,31,0,1
20260912_215351_529_traffic_scan_env2025_seed0-499_48352cd1,461,3,31,1,1
20260912_215351_529_traffic_scan_env2025_seed0-499_48352cd1,461,3,32,0,2
20260912_215351_529_traffic_scan_env2025_seed0-499_48352cd1,461,3,32,1,1
20260912_215351_529_traffic_scan_env2025_seed0-499_48352cd1,461,3,33,0,3
20260912_215351_529_traffic_scan_env2025_seed0-499_48352cd1,461,3,33,1,1
20260912_215351_529_traffic_scan_env2025_seed0-499_48352cd1,461,3,34,0,1
20260912_215351_529_traffic_scan_env2025_seed0-499_48352cd1,461,3,34,1,1
20260912_215351_529_traffic_scan_env2025_seed0-499_48352cd1,461,3,35,1,1
20260912_215351_529_traffic_scan_env2025_seed0-499_48352cd1,461,3,36,1,1
20260912_215351_529_traffic_scan_env2025_seed0-499_48352cd1,461,3,37,1,1
20260912_215351_529_traffic_scan_env2025_seed0-499_48352cd1,461,3,38,1,1
20260912_215351_529_traffic_scan_env2025_seed0-499_48352cd1,461,3,39,1,1
20260912_215351_529_traffic_scan_env2025_seed0-499_48352cd1,461,3,40,1,1
20260912_215351_529_traffic_scan_env2025_seed0-499_48352cd1,461,3,41,0,1
20260912_215351_529_traffic_scan_env2025_seed0-499_48352cd1,461,3,41,1,1
20260912_215351_529_traffic_scan_env2025_seed0-499_48352cd1,461,3,42,1,1
20260912_215351_529_traffic_scan_env2025_seed0-499_48352cd1,461,3,43,1,1
20260912_215351_529_traffic_scan_env2025_seed0-499_48352cd1,461,3,44,1,1
20260912_215351_529_traffic_scan_env2025_seed0-499_48352cd1,461,3,45,1,3
20260912_215351_529_traffic_scan_env2025_seed0-499_48352cd1,461,3,46,1,1
20260912_215351_529_traffic_scan_env2025_seed0-499_48352cd1,461,3,47,0,1
20260912_215351_529_traffic_scan_env2025_seed0-499_48352cd1,461,3,48,0,2
20260912_215351_529_traffic_scan_env2025_seed0-499_48352cd1,461,3,49,0,2
20260912_215351_529_traffic_scan_env2025_seed0-499_48352cd1,461,3,50,0,3
20260912_215351_529_traffic_scan_env2025_seed0-499_48352cd1,461,3,51,0,1
20260912_215351_529_traffic_scan_env2025_seed0-499_48352cd1,461,3,52,0,2
20260912_215351_529_traffic_scan_env2025_seed0-499_48352cd1,461,3,53,0,1
20260912_215351_529_traffic_scan_env2025_seed0-499_48352cd1,461,3,54,0,2
20260912_215351_529_traffic_scan_env2025_seed0-499_48352cd1,461,3,57,0,1
20260912_215351_529_traffic_scan_env2025_seed0-499_48352cd1,461,4,2,0,2
20260912_215351_529_traffic_scan_env2025_seed0-499_48352cd1,461,4,3,0,2
20260912_215351_529_traffic_scan_env2025_seed0-499_48352cd1,461,4,11,0,1
20260912_215351_529_traffic_scan_env2025_seed0-499_48352cd1,461,4,14,0,2
20260912_215351_529_traffic_scan_env2025_seed0-499_48352cd1,461,4,15,0,1
20260912_215351_529_traffic_scan_env2025_seed0-499_48352cd1,461,4,17,0,1
20260912_215351_529_traffic_scan_env2025_seed0-499_48352cd1,461,4,19,0,1
20260912_215351_529_traffic_scan_env2025_seed0-499_48352cd1,461,4,22,0,1
20260912_215351_529_traffic_scan_env2025_seed0-499_48352cd1,461,4,24,0,1
20260912_215351_529_traffic_scan_env2025_seed0-499_48352cd1,461,4,24,1,2
20260912_215351_529_traffic_scan_env2025_seed0-499_48352cd1,461,4,25,0,1
20260912_215351_529_traffic_scan_env2025_seed0-499_48352cd1,461,4,25,1,2
20260912_215351_529_traffic_scan_env2025_seed0-499_48352cd1,461,4,26,1,1
20260912_215351_529_traffic_scan_env2025_seed0-499_48352cd1,461,4,30,0,1
20260912_215351_529_traffic_scan_env2025_seed0-499_48352cd1,461,4,31,0,2
20260912_215351_529_traffic_scan_env2025_seed0-499_48352cd1,461,4,34,1,3
20260912_215351_529_traffic_scan_env2025_seed0-499_48352cd1,461,4,42,0,1
20260912_215351_529_traffic_scan_env2025_seed0-499_48352cd1,461,4,44,1,1
20260912_215351_529_traffic_scan_env2025_seed0-499_48352cd1,461,4,45,0,1
20260912_215351_529_traffic_scan_env2025_seed0-499_48352cd1,461,4,47,0,1
20260912_215351_529_traffic_scan_env2025_seed0-499_48352cd1,461,4,50,0,2
20260912_215351_529_traffic_scan_env2025_seed0-499_48352cd1,461,4,51,0,1
20260912_215351_529_traffic_scan_env2025_seed0-499_48352cd1,461,4,52,0,1
20260912_215351_529_traffic_scan_env2025_seed0-499_48352cd1,461,4,54,0,2
20260912_215351_529_traffic_scan_env2025_seed0-499_48352cd1,461,4,55,0,1
20260912_215351_529_traffic_scan_env2025_seed0-499_48352cd1,461,4,56,0,3
20260912_215351_529_traffic_scan_env2025_seed0-499_48352cd1,461,4,57,0,2
20260912_215351_529_traffic_scan_env2025_seed0-499_48352cd1,461,4,58,0,1
20260912_215351_529_traffic_scan_env2025_seed0-499_48352cd1,461,4,59,0,1
20260912_215351_529_traffic_scan_env2025_seed0-499_48352cd1,461,5,2,0,1
20260912_215351_529_traffic_scan_env2025_seed0-499_48352cd1,461,5,3,0,1
20260912_215351_529_traffic_scan_env2025_seed0-499_48352cd1,461,5,4,0,2
20260912_215351_529_traffic_scan_env2025_seed0-499_48352cd1,461,5,12,0,1
20260912_215351_529_traffic_scan_env2025_seed0-499_48352cd1,461,5,14,0,1
20260912_215351_529_traffic_scan_env2025_seed0-499_48352cd1,461,5,15,0,2
20260912_215351_529_traffic_scan_env2025_seed0-499_48352cd1,461,5,17,0,2
20260912_215351_529_traffic_scan_env2025_seed0-499_48352cd1,461,5,19,0,1
20260912_215351_529_traffic_scan_env2025_seed0-499_48352cd1,461,5,22,0,1
20260912_215351_529_traffic_scan_env2025_seed0-499_48352cd1,461,5,25,0,3
20260912_215351_529_traffic_scan_env2025_seed0-499_48352cd1,461,5,27,1,1
20260912_215351_529_traffic_scan_env2025_seed0-499_48352cd1,461,5,29,0,1
20260912_215351_529_traffic_scan_env2025_seed0-499_48352cd1,461,5,30,0,1
20260912_215351_529_traffic_scan_env2025_seed0-499_48352cd1,461,5,31,0,1
20260912_215351_529_traffic_scan_env2025_seed0-499_48352cd1,461,5,33,2,1
20260912_215351_529_traffic_scan_env2025_seed0-499_48352cd1,461,5,34,0,3
20260912_215351_529_traffic_scan_env2025_seed0-499_48352cd1,461,5,41,2,1
20260912_215351_529_traffic_scan_env2025_seed0-499_48352cd1,461,5,42,2,1
20260912_215351_529_traffic_scan_env2025_seed0-499_48352cd1,461,5,43,0,1
20260912_215351_529_traffic_scan_env2025_seed0-499_48352cd1,461,5,43,1,2
20260912_215351_529_traffic_scan_env2025_seed0-499_48352cd1,461,5,44,1,1
20260912_215351_529_traffic_scan_env2025_seed0-499_48352cd1,461,5,45,0,1
20260912_215351_529_traffic_scan_env2025_seed0-499_48352cd1,461,5,45,1,1
20260912_215351_529_traffic_scan_env2025_seed0-499_48352cd1,461,5,46,0,2
20260912_215351_529_traffic_scan_env2025_seed0-499_48352cd1,461,5,46,1,1
20260912_215351_529_traffic_scan_env2025_seed0-499_48352cd1,461,5,47,1,1
20260912_215351_529_traffic_scan_env2025_seed0-499_48352cd1,461,5,48,1,1
20260912_215351_529_traffic_scan_env2025_seed0-499_48352cd1,461,5,49,1,1
20260912_215351_529_traffic_scan_env2025_seed0-499_48352cd1,461,5,50,0,2
20260912_215351_529_traffic_scan_env2025_seed0-499_48352cd1,461,5,50,1,1
20260912_215351_529_traffic_scan_env2025_seed0-499_48352cd1,461,5,51,0,2
20260912_215351_529_traffic_scan_env2025_seed0-499_48352cd1,461,5,51,1,1
20260912_215351_529_traffic_scan_env2025_seed0-499_48352cd1,461,5,53,0,3
20260912_215351_529_traffic_scan_env2025_seed0-499_48352cd1,461,5,55,0,2
20260912_215351_529_traffic_scan_env2025_seed0-499_48352cd1,461,5,58,0,1
20260912_215351_529_traffic_scan_env2025_seed0-499_48352cd1,461,6,2,0,1
20260912_215351_529_traffic_scan_env2025_seed0-499_48352cd1,461,6,4,0,1
20260912_215351_529_traffic_scan_env2025_seed0-499_48352cd1,461,6,5,0,2
20260912_215351_529_traffic_scan_env2025_seed0-499_48352cd1,461,6,7,0,1
20260912_215351_529_traffic_scan_env2025_seed0-499_48352cd1,461,6,12,0,3
20260912_215351_529_traffic_scan_env2025_seed0-499_48352cd1,461,6,13,0,2
20260912_215351_529_traffic_scan_env2025_seed0-499_48352cd1,461,6,14,0,2
20260912_215351_529_traffic_scan_env2025_seed0-499_48352cd1,461,6,15,0,2
20260912_215351_529_traffic_scan_env2025_seed0-499_48352cd1,461,6,16,0,2
20260912_215351_529_traffic_scan_env2025_seed0-499_48352cd1,461,6,17,0,2
20260912_215351_529_traffic_scan_env2025_seed0-499_48352cd1,461,6,18,0,2
20260912_215351_529_traffic_scan_env2025_seed0-499_48352cd1,461,6,19,0,2
20260912_215351_529_traffic_scan_env2025_seed0-499_48352cd1,461,6,20,0,1
20260912_215351_529_traffic_scan_env2025_seed0-499_48352cd1,461,6,21,0,1
20260912_215351_529_traffic_scan_env2025_seed0-499_48352cd1,461,6,22,0,1
20260912_215351_529_traffic_scan_env2025_seed0-499_48352cd1,461,6,22,1,1
20260912_215351_529_traffic_scan_env2025_seed0-499_48352cd1,461,6,23,0,2
20260912_215351_529_traffic_scan_env2025_seed0-499_48352cd1,461,6,24,0,1
20260912_215351_529_traffic_scan_env2025_seed0-499_48352cd1,461,6,25,0,3
20260912_215351_529_traffic_scan_env2025_seed0-499_48352cd1,461,6,26,0,2
20260912_215351_529_traffic_scan_env2025_seed0-499_48352cd1,461,6,27,0,2
20260912_215351_529_traffic_scan_env2025_seed0-499_48352cd1,461,6,28,0,2
20260912_215351_529_traffic_scan_env2025_seed0-499_48352cd1,461,6,28,1,1
20260912_215351_529_traffic_scan_env2025_seed0-499_48352cd1,461,6,29,0,2
20260912_215351_529_traffic_scan_env2025_seed0-499_48352cd1,461,6,30,0,1
20260912_215351_529_traffic_scan_env2025_seed0-499_48352cd1,461,6,31,0,1
20260912_215351_529_traffic_scan_env2025_seed0-499_48352cd1,461,6,31,1,1
20260912_215351_529_traffic_scan_env2025_seed0-499_48352cd1,461,6,32,2,2
20260912_215351_529_traffic_scan_env2025_seed0-499_48352cd1,461,6,33,0,2
20260912_215351_529_traffic_scan_env2025_seed0-499_48352cd1,461,6,33,1,1
20260912_215351_529_traffic_scan_env2025_seed0-499_48352cd1,461,6,34,1,3
20260912_215351_529_traffic_scan_env2025_seed0-499_48352cd1,461,6,35,1,1
20260912_215351_529_traffic_scan_env2025_seed0-499_48352cd1,461,6,36,1,1
20260912_215351_529_traffic_scan_env2025_seed0-499_48352cd1,461,6,37,2,1
20260912_215351_529_traffic_scan_env2025_seed0-499_48352cd1,461,6,38,2,1
20260912_215351_529_traffic_scan_env2025_seed0-499_48352cd1,461,6,39,1,1
20260912_215351_529_traffic_scan_env2025_seed0-499_48352cd1,461,6,40,1,1
20260912_215351_529_traffic_scan_env2025_seed0-499_48352cd1,461,6,43,1,1
20260912_215351_529_traffic_scan_env2025_seed0-499_48352cd1,461,6,44,0,1
20260912_215351_529_traffic_scan_env2025_seed0-499_48352cd1,461,6,45,0,2
20260912_215351_529_traffic_scan_env2025_seed0-499_48352cd1,461,6,46,0,1
20260912_215351_529_traffic_scan_env2025_seed0-499_48352cd1,461,6,49,0,1
20260912_215351_529_traffic_scan_env2025_seed0-499_48352cd1,461,6,50,0,1
20260912_215351_529_traffic_scan_env2025_seed0-499_48352cd1,461,6,52,0,3
20260912_215351_529_traffic_scan_env2025_seed0-499_48352cd1,461,6,53,0,5
20260912_215351_529_traffic_scan_env2025_seed0-499_48352cd1,461,6,54,0,3
20260912_215351_529_traffic_scan_env2025_seed0-499_48352cd1,461,6,55,0,1
20260912_215351_529_traffic_scan_env2025_seed0-499_48352cd1,461,6,56,0,1
20260912_215351_529_traffic_scan_env2025_seed0-499_48352cd1,461,6,57,0,1
20260912_215351_529_traffic_scan_env2025_seed0-499_48352cd1,461,6,58,0,1
20260912_215351_529_traffic_scan_env2025_seed0-499_48352cd1,461,6,59,0,3
20260912_215351_529_traffic_scan_env2025_seed0-499_48352cd1,461,7,2,0,1
20260912_215351_529_traffic_scan_env2025_seed0-499_48352cd1,461,7,5,0,1
20260912_215351_529_traffic_scan_env2025_seed0-499_48352cd1,461,7,6,0,2
20260912_215351_529_traffic_scan_env2025_seed0-499_48352cd1,461,7,8,0,1
20260912_215351_529_traffic_scan_env2025_seed0-499_48352cd1,461,7,10,0,1
20260912_215351_529_traffic_scan_env2025_seed0-499_48352cd1,461,7,11,0,2
20260912_215351_529_traffic_scan_env2025_seed0-499_48352cd1,461,7,14,0,2
20260912_215351_529_traffic_scan_env2025_seed0-499_48352cd1,461,7,15,0,1
20260912_215351_529_traffic_scan_env2025_seed0-499_48352cd1,461,7,17,0,2
20260912_215351_529_traffic_scan_env2025_seed0-499_48352cd1,461,7,19,0,2
20260912_215351_529_traffic_scan_env2025_seed0-499_48352cd1,461,7,23,2,1
20260912_215351_529_traffic_scan_env2025_seed0-499_48352cd1,461,7,24,0,1
20260912_215351_529_traffic_scan_env2025_seed0-499_48352cd1,461,7,25,0,2
20260912_215351_529_traffic_scan_env2025_seed0-499_48352cd1,461,7,26,0,1
20260912_215351_529_traffic_scan_env2025_seed0-499_48352cd1,461,7,27,0,2
20260912_215351_529_traffic_scan_env2025_seed0-499_48352cd1,461,7,28,1,1
20260912_215351_529_traffic_scan_env2025_seed0-499_48352cd1,461,7,29,1,1
20260912_215351_529_traffic_scan_env2025_seed0-499_48352cd1,461,7,30,0,1
20260912_215351_529_traffic_scan_env2025_seed0-499_48352cd1,461,7,31,0,1
20260912_215351_529_traffic_scan_env2025_seed0-499_48352cd1,461,7,31,1,1
20260912_215351_529_traffic_scan_env2025_seed0-499_48352cd1,461,7,33,0,2
20260912_215351_529_traffic_scan_env2025_seed0-499_48352cd1,461,7,34,0,2
20260912_215351_529_traffic_scan_env2025_seed0-499_48352cd1,461,7,43,1,1
20260912_215351_529_traffic_scan_env2025_seed0-499_48352cd1,461,7,44,0,1
20260912_215351_529_traffic_scan_env2025_seed0-499_48352cd1,461,7,45,0,2
20260912_215351_529_traffic_scan_env2025_seed0-499_48352cd1,461,7,46,0,1
20260912_215351_529_traffic_scan_env2025_seed0-499_48352cd1,461,7,47,0,1
20260912_215351_529_traffic_scan_env2025_seed0-499_48352cd1,461,7,48,0,1
20260912_215351_529_traffic_scan_env2025_seed0-499_48352cd1,461,7,50,0,2
20260912_215351_529_traffic_scan_env2025_seed0-499_48352cd1,461,7,53,0,6
20260912_215351_529_traffic_scan_env2025_seed0-499_48352cd1,461,7,54,0,1
20260912_215351_529_traffic_scan_env2025_seed0-499_48352cd1,461,7,58,0,1
20260912_215351_529_traffic_scan_env2025_seed0-499_48352cd1,461,8,1,0,1
20260912_215351_529_traffic_scan_env2025_seed0-499_48352cd1,461,8,2,0,2
20260912_215351_529_traffic_scan_env2025_seed0-499_48352cd1,461,8,3,0,1
20260912_215351_529_traffic_scan_env2025_seed0-499_48352cd1,461,8,4,0,2
20260912_215351_529_traffic_scan_env2025_seed0-499_48352cd1,461,8,5,0,2
20260912_215351_529_traffic_scan_env2025_seed0-499_48352cd1,461,8,6,0,3
20260912_215351_529_traffic_scan_env2025_seed0-499_48352cd1,461,8,7,0,4
20260912_215351_529_traffic_scan_env2025_seed0-499_48352cd1,461,8,8,0,2
20260912_215351_529_traffic_scan_env2025_seed0-499_48352cd1,461,8,9,0,2
20260912_215351_529_traffic_scan_env2025_seed0-499_48352cd1,461,8,12,0,2
20260912_215351_529_traffic_scan_env2025_seed0-499_48352cd1,461,8,14,1,1
20260912_215351_529_traffic_scan_env2025_seed0-499_48352cd1,461,8,15,0,2
20260912_215351_529_traffic_scan_env2025_seed0-499_48352cd1,461,8,16,0,1
20260912_215351_529_traffic_scan_env2025_seed0-499_48352cd1,461,8,18,0,2
20260912_215351_529_traffic_scan_env2025_seed0-499_48352cd1,461,8,19,0,3
20260912_215351_529_traffic_scan_env2025_seed0-499_48352cd1,461,8,23,2,1
20260912_215351_529_traffic_scan_env2025_seed0-499_48352cd1,461,8,24,0,1
20260912_215351_529_traffic_scan_env2025_seed0-499_48352cd1,461,8,25,0,3
20260912_215351_529_traffic_scan_env2025_seed0-499_48352cd1,461,8,26,0,1
20260912_215351_529_traffic_scan_env2025_seed0-499_48352cd1,461,8,27,0,1
20260912_215351_529_traffic_scan_env2025_seed0-499_48352cd1,461,8,27,1,1
20260912_215351_529_traffic_scan_env2025_seed0-499_48352cd1,461,8,30,0,1
20260912_215351_529_traffic_scan_env2025_seed0-499_48352cd1,461,8,30,1,2
20260912_215351_529_traffic_scan_env2025_seed0-499_48352cd1,461,8,32,0,2
20260912_215351_529_traffic_scan_env2025_seed0-499_48352cd1,461,8,33,1,2
20260912_215351_529_traffic_scan_env2025_seed0-499_48352cd1,461,8,34,1,1
20260912_215351_529_traffic_scan_env2025_seed0-499_48352cd1,461,8,42,1,1
20260912_215351_529_traffic_scan_env2025_seed0-499_48352cd1,461,8,43,0,1
20260912_215351_529_traffic_scan_env2025_seed0-499_48352cd1,461,8,44,0,1
20260912_215351_529_traffic_scan_env2025_seed0-499_48352cd1,461,8,46,0,3
20260912_215351_529_traffic_scan_env2025_seed0-499_48352cd1,461,8,49,0,1
20260912_215351_529_traffic_scan_env2025_seed0-499_48352cd1,461,8,50,0,3
20260912_215351_529_traffic_scan_env2025_seed0-499_48352cd1,461,8,52,0,1
20260912_215351_529_traffic_scan_env2025_seed0-499_48352cd1,461,8,52,1,1
20260912_215351_529_traffic_scan_env2025_seed0-499_48352cd1,461,8,53,0,3
20260912_215351_529_traffic_scan_env2025_seed0-499_48352cd1,461,8,54,0,1
20260912_215351_529_traffic_scan_env2025_seed0-499_48352cd1,461,8,55,0,1
20260912_215351_529_traffic_scan_env2025_seed0-499_48352cd1,461,8,58,0,1
20260912_215351_529_traffic_scan_env2025_seed0-499_48352cd1,461,9,2,0,1
20260912_215351_529_traffic_scan_env2025_seed0-499_48352cd1,461,9,3,0,1
20260912_215351_529_traffic_scan_env2025_seed0-499_48352cd1,461,9,7,0,1
20260912_215351_529_traffic_scan_env2025_seed0-499_48352cd1,461,9,8,0,2
20260912_215351_529_traffic_scan_env2025_seed0-499_48352cd1,461,9,9,0,1
20260912_215351_529_traffic_scan_env2025_seed0-499_48352cd1,461,9,10,0,2
20260912_215351_529_traffic_scan_env2025_seed0-499_48352cd1,461,9,12,0,2
20260912_215351_529_traffic_scan_env2025_seed0-499_48352cd1,461,9,14,1,1
20260912_215351_529_traffic_scan_env2025_seed0-499_48352cd1,461,9,15,0,1
20260912_215351_529_traffic_scan_env2025_seed0-499_48352cd1,461,9,16,0,2
20260912_215351_529_traffic_scan_env2025_seed0-499_48352cd1,461,9,18,0,2
20260912_215351_529_traffic_scan_env2025_seed0-499_48352cd1,461,9,19,0,3
20260912_215351_529_traffic_scan_env2025_seed0-499_48352cd1,461,9,20,0,2
20260912_215351_529_traffic_scan_env2025_seed0-499_48352cd1,461,9,21,0,1
20260912_215351_529_traffic_scan_env2025_seed0-499_48352cd1,461,9,22,0,1
20260912_215351_529_traffic_scan_env2025_seed0-499_48352cd1,461,9,23,0,2
20260912_215351_529_traffic_scan_env2025_seed0-499_48352cd1,461,9,23,1,1
20260912_215351_529_traffic_scan_env2025_seed0-499_48352cd1,461,9,25,0,4
20260912_215351_529_traffic_scan_env2025_seed0-499_48352cd1,461,9,26,1,1
20260912_215351_529_traffic_scan_env2025_seed0-499_48352cd1,461,9,27,0,1
20260912_215351_529_traffic_scan_env2025_seed0-499_48352cd1,461,9,29,1,1
20260912_215351_529_traffic_scan_env2025_seed0-499_48352cd1,461,9,30,0,1
20260912_215351_529_traffic_scan_env2025_seed0-499_48352cd1,461,9,31,0,1
20260912_215351_529_traffic_scan_env2025_seed0-499_48352cd1,461,9,31,1,2
20260912_215351_529_traffic_scan_env2025_seed0-499_48352cd1,461,9,33,2,2
20260912_215351_529_traffic_scan_env2025_seed0-499_48352cd1,461,9,34,2,1
20260912_215351_529_traffic_scan_env2025_seed0-499_48352cd1,461,9,41,2,1
20260912_215351_529_traffic_scan_env2025_seed0-499_48352cd1,461,9,42,0,1
20260912_215351_529_traffic_scan_env2025_seed0-499_48352cd1,461,9,45,0,2
20260912_215351_529_traffic_scan_env2025_seed0-499_48352cd1,461,9,46,1,1
20260912_215351_529_traffic_scan_env2025_seed0-499_48352cd1,461,9,47,0,1
20260912_215351_529_traffic_scan_env2025_seed0-499_48352cd1,461,9,48,0,1
20260912_215351_529_traffic_scan_env2025_seed0-499_48352cd1,461,9,50,0,3
20260912_215351_529_traffic_scan_env2025_seed0-499_48352cd1,461,9,51,2,1
20260912_215351_529_traffic_scan_env2025_seed0-499_48352cd1,461,9,52,0,1
20260912_215351_529_traffic_scan_env2025_seed0-499_48352cd1,461,9,53,0,3
20260912_215351_529_traffic_scan_env2025_seed0-499_48352cd1,461,9,55,0,1
20260912_215351_529_traffic_scan_env2025_seed0-499_48352cd1,461,9,56,0,1
20260912_215351_529_traffic_scan_env2025_seed0-499_48352cd1,461,9,57,0,2
20260912_215351_529_traffic_scan_env2025_seed0-499_48352cd1,461,10,2,0,2
20260912_215351_529_traffic_scan_env2025_seed0-499_48352cd1,461,10,8,0,1
20260912_215351_529_traffic_scan_env2025_seed0-499_48352cd1,461,10,9,0,3
20260912_215351_529_traffic_scan_env2025_seed0-499_48352cd1,461,10,11,0,2
20260912_215351_529_traffic_scan_env2025_seed0-499_48352cd1,461,10,11,1,1
20260912_215351_529_traffic_scan_env2025_seed0-499_48352cd1,461,10,12,0,2
20260912_215351_529_traffic_scan_env2025_seed0-499_48352cd1,461,10,14,0,1
20260912_215351_529_traffic_scan_env2025_seed0-499_48352cd1,461,10,16,0,3
20260912_215351_529_traffic_scan_env2025_seed0-499_48352cd1,461,10,17,0,1
20260912_215351_529_traffic_scan_env2025_seed0-499_48352cd1,461,10,18,0,2
20260912_215351_529_traffic_scan_env2025_seed0-499_48352cd1,461,10,19,0,1
20260912_215351_529_traffic_scan_env2025_seed0-499_48352cd1,461,10,19,1,1
20260912_215351_529_traffic_scan_env2025_seed0-499_48352cd1,461,10,20,0,2
20260912_215351_529_traffic_scan_env2025_seed0-499_48352cd1,461,10,23,0,2
20260912_215351_529_traffic_scan_env2025_seed0-499_48352cd1,461,10,23,1,1
20260912_215351_529_traffic_scan_env2025_seed0-499_48352cd1,461,10,24,0,3
20260912_215351_529_traffic_scan_env2025_seed0-499_48352cd1,461,10,24,1,1
20260912_215351_529_traffic_scan_env2025_seed0-499_48352cd1,461,10,25,0,2
20260912_215351_529_traffic_scan_env2025_seed0-499_48352cd1,461,10,25,1,1
20260912_215351_529_traffic_scan_env2025_seed0-499_48352cd1,461,10,28,0,1
20260912_215351_529_traffic_scan_env2025_seed0-499_48352cd1,461,10,28,1,1
20260912_215351_529_traffic_scan_env2025_seed0-499_48352cd1,461,10,30,0,1
20260912_215351_529_traffic_scan_env2025_seed0-499_48352cd1,461,10,31,1,1
20260912_215351_529_traffic_scan_env2025_seed0-499_48352cd1,461,10,32,0,1
20260912_215351_529_traffic_scan_env2025_seed0-499_48352cd1,461,10,32,1,1
20260912_215351_529_traffic_scan_env2025_seed0-499_48352cd1,461,10,33,1,4
20260912_215351_529_traffic_scan_env2025_seed0-499_48352cd1,461,10,40,0,1
20260912_215351_529_traffic_scan_env2025_seed0-499_48352cd1,461,10,40,1,1
20260912_215351_529_traffic_scan_env2025_seed0-499_48352cd1,461,10,41,0,1
20260912_215351_529_traffic_scan_env2025_seed0-499_48352cd1,461,10,44,0,1
20260912_215351_529_traffic_scan_env2025_seed0-499_48352cd1,461,10,46,0,2
20260912_215351_529_traffic_scan_env2025_seed0-499_48352cd1,461,10,47,0,1
20260912_215351_529_traffic_scan_env2025_seed0-499_48352cd1,461,10,48,0,1
20260912_215351_529_traffic_scan_env2025_seed0-499_48352cd1,461,10,50,0,3
20260912_215351_529_traffic_scan_env2025_seed0-499_48352cd1,461,10,50,1,1
20260912_215351_529_traffic_scan_env2025_seed0-499_48352cd1,461,10,51,0,1
20260912_215351_529_traffic_scan_env2025_seed0-499_48352cd1,461,10,53,0,3
20260912_215351_529_traffic_scan_env2025_seed0-499_48352cd1,461,10,56,0,3
20260912_215351_529_traffic_scan_env2025_seed0-499_48352cd1,461,11,2,0,1
20260912_215351_529_traffic_scan_env2025_seed0-499_48352cd1,461,11,9,0,1
20260912_215351_529_traffic_scan_env2025_seed0-499_48352cd1,461,11,10,0,3
20260912_215351_529_traffic_scan_env2025_seed0-499_48352cd1,461,11,11,1,1
20260912_215351_529_traffic_scan_env2025_seed0-499_48352cd1,461,11,12,0,3
20260912_215351_529_traffic_scan_env2025_seed0-499_48352cd1,461,11,12,1,1
20260912_215351_529_traffic_scan_env2025_seed0-499_48352cd1,461,11,15,0,1
20260912_215351_529_traffic_scan_env2025_seed0-499_48352cd1,461,11,16,0,3
20260912_215351_529_traffic_scan_env2025_seed0-499_48352cd1,461,11,17,0,1
20260912_215351_529_traffic_scan_env2025_seed0-499_48352cd1,461,11,18,0,4
20260912_215351_529_traffic_scan_env2025_seed0-499_48352cd1,461,11,19,2,1
20260912_215351_529_traffic_scan_env2025_seed0-499_48352cd1,461,11,21,0,2
20260912_215351_529_traffic_scan_env2025_seed0-499_48352cd1,461,11,22,0,1
20260912_215351_529_traffic_scan_env2025_seed0-499_48352cd1,461,11,23,0,2
20260912_215351_529_traffic_scan_env2025_seed0-499_48352cd1,461,11,23,1,1
20260912_215351_529_traffic_scan_env2025_seed0-499_48352cd1,461,11,24,1,2
20260912_215351_529_traffic_scan_env2025_seed0-499_48352cd1,461,11,25,0,1
20260912_215351_529_traffic_scan_env2025_seed0-499_48352cd1,461,11,26,0,1
20260912_215351_529_traffic_scan_env2025_seed0-499_48352cd1,461,11,27,2,1
20260912_215351_529_traffic_scan_env2025_seed0-499_48352cd1,461,11,28,0,1
20260912_215351_529_traffic_scan_env2025_seed0-499_48352cd1,461,11,30,0,1
20260912_215351_529_traffic_scan_env2025_seed0-499_48352cd1,461,11,31,1,1
20260912_215351_529_traffic_scan_env2025_seed0-499_48352cd1,461,11,32,0,3
20260912_215351_529_traffic_scan_env2025_seed0-499_48352cd1,461,11,33,2,1
20260912_215351_529_traffic_scan_env2025_seed0-499_48352cd1,461,11,34,2,1
20260912_215351_529_traffic_scan_env2025_seed0-499_48352cd1,461,11,39,0,1
20260912_215351_529_traffic_scan_env2025_seed0-499_48352cd1,461,11,39,1,1
20260912_215351_529_traffic_scan_env2025_seed0-499_48352cd1,461,11,42,0,1
20260912_215351_529_traffic_scan_env2025_seed0-499_48352cd1,461,11,43,0,2
20260912_215351_529_traffic_scan_env2025_seed0-499_48352cd1,461,11,44,0,1
20260912_215351_529_traffic_scan_env2025_seed0-499_48352cd1,461,11,45,0,1
20260912_215351_529_traffic_scan_env2025_seed0-499_48352cd1,461,11,46,0,4
20260912_215351_529_traffic_scan_env2025_seed0-499_48352cd1,461,11,47,0,1
20260912_215351_529_traffic_scan_env2025_seed0-499_48352cd1,461,11,48,0,1
20260912_215351_529_traffic_scan_env2025_seed0-499_48352cd1,461,11,49,0,2
20260912_215351_529_traffic_scan_env2025_seed0-499_48352cd1,461,11,49,1,1
20260912_215351_529_traffic_scan_env2025_seed0-499_48352cd1,461,11,50,0,4
20260912_215351_529_traffic_scan_env2025_seed0-499_48352cd1,461,11,53,0,3
20260912_215351_529_traffic_scan_env2025_seed0-499_48352cd1,461,11,55,0,2
20260912_215351_529_traffic_scan_env2025_seed0-499_48352cd1,461,11,57,0,1
20260912_215351_529_traffic_scan_env2025_seed0-499_48352cd1,461,12,3,1,1
20260912_215351_529_traffic_scan_env2025_seed0-499_48352cd1,461,12,10,0,1
20260912_215351_529_traffic_scan_env2025_seed0-499_48352cd1,461,12,11,0,3
20260912_215351_529_traffic_scan_env2025_seed0-499_48352cd1,461,12,11,1,1
20260912_215351_529_traffic_scan_env2025_seed0-499_48352cd1,461,12,12,0,2
20260912_215351_529_traffic_scan_env2025_seed0-499_48352cd1,461,12,13,0,1
20260912_215351_529_traffic_scan_env2025_seed0-499_48352cd1,461,12,13,1,1
20260912_215351_529_traffic_scan_env2025_seed0-499_48352cd1,461,12,15,0,1
20260912_215351_529_traffic_scan_env2025_seed0-499_48352cd1,461,12,16,0,4
20260912_215351_529_traffic_scan_env2025_seed0-499_48352cd1,461,12,17,0,1
20260912_215351_529_traffic_scan_env2025_seed0-499_48352cd1,461,12,18,0,4
20260912_215351_529_traffic_scan_env2025_seed0-499_48352cd1,461,12,19,2,1
20260912_215351_529_traffic_scan_env2025_seed0-499_48352cd1,461,12,21,0,2
20260912_215351_529_traffic_scan_env2025_seed0-499_48352cd1,461,12,22,0,2
20260912_215351_529_traffic_scan_env2025_seed0-499_48352cd1,461,12,23,0,1
20260912_215351_529_traffic_scan_env2025_seed0-499_48352cd1,461,12,23,1,2
20260912_215351_529_traffic_scan_env2025_seed0-499_48352cd1,461,12,24,1,1
20260912_215351_529_traffic_scan_env2025_seed0-499_48352cd1,461,12,26,0,1
20260912_215351_529_traffic_scan_env2025_seed0-499_48352cd1,461,12,26,1,1
20260912_215351_529_traffic_scan_env2025_seed0-499_48352cd1,461,12,27,0,1
20260912_215351_529_traffic_scan_env2025_seed0-499_48352cd1,461,12,28,0,2
20260912_215351_529_traffic_scan_env2025_seed0-499_48352cd1,461,12,30,0,1
20260912_215351_529_traffic_scan_env2025_seed0-499_48352cd1,461,12,31,1,1
20260912_215351_529_traffic_scan_env2025_seed0-499_48352cd1,461,12,32,0,3
20260912_215351_529_traffic_scan_env2025_seed0-499_48352cd1,461,12,33,2,1
20260912_215351_529_traffic_scan_env2025_seed0-499_48352cd1,461,12,35,0,1
20260912_215351_529_traffic_scan_env2025_seed0-499_48352cd1,461,12,35,1,1
20260912_215351_529_traffic_scan_env2025_seed0-499_48352cd1,461,12,36,0,1
20260912_215351_529_traffic_scan_env2025_seed0-499_48352cd1,461,12,37,0,1
20260912_215351_529_traffic_scan_env2025_seed0-499_48352cd1,461,12,38,0,1
20260912_215351_529_traffic_scan_env2025_seed0-499_48352cd1,461,12,38,1,1
20260912_215351_529_traffic_scan_env2025_seed0-499_48352cd1,461,12,41,0,1
20260912_215351_529_traffic_scan_env2025_seed0-499_48352cd1,461,12,42,0,1
20260912_215351_529_traffic_scan_env2025_seed0-499_48352cd1,461,12,45,0,1
20260912_215351_529_traffic_scan_env2025_seed0-499_48352cd1,461,12,46,0,1
20260912_215351_529_traffic_scan_env2025_seed0-499_48352cd1,461,12,46,1,1
20260912_215351_529_traffic_scan_env2025_seed0-499_48352cd1,461,12,47,1,1
20260912_215351_529_traffic_scan_env2025_seed0-499_48352cd1,461,12,48,1,2
20260912_215351_529_traffic_scan_env2025_seed0-499_48352cd1,461,12,49,1,2
20260912_215351_529_traffic_scan_env2025_seed0-499_48352cd1,461,12,50,0,4
20260912_215351_529_traffic_scan_env2025_seed0-499_48352cd1,461,12,50,1,1
20260912_215351_529_traffic_scan_env2025_seed0-499_48352cd1,461,12,51,1,1
20260912_215351_529_traffic_scan_env2025_seed0-499_48352cd1,461,12,52,0,1
20260912_215351_529_traffic_scan_env2025_seed0-499_48352cd1,461,12,53,0,4
20260912_215351_529_traffic_scan_env2025_seed0-499_48352cd1,461,12,54,0,3
20260912_215351_529_traffic_scan_env2025_seed0-499_48352cd1,461,12,55,0,1
20260912_215351_529_traffic_scan_env2025_seed0-499_48352cd1,461,12,56,0,1
20260912_215351_529_traffic_scan_env2025_seed0-499_48352cd1,461,12,57,0,3
20260912_215351_529_traffic_scan_env2025_seed0-499_48352cd1,461,12,58,0,2
20260912_215351_529_traffic_scan_env2025_seed0-499_48352cd1,461,13,1,0,1
20260912_215351_529_traffic_scan_env2025_seed0-499_48352cd1,461,13,2,0,1
20260912_215351_529_traffic_scan_env2025_seed0-499_48352cd1,461,13,3,0,1
20260912_215351_529_traffic_scan_env2025_seed0-499_48352cd1,461,13,3,1,1
20260912_215351_529_traffic_scan_env2025_seed0-499_48352cd1,461,13,4,0,1
20260912_215351_529_traffic_scan_env2025_seed0-499_48352cd1,461,13,5,0,2
20260912_215351_529_traffic_scan_env2025_seed0-499_48352cd1,461,13,6,0,2
20260912_215351_529_traffic_scan_env2025_seed0-499_48352cd1,461,13,7,0,1
20260912_215351_529_traffic_scan_env2025_seed0-499_48352cd1,461,13,8,0,1
20260912_215351_529_traffic_scan_env2025_seed0-499_48352cd1,461,13,11,0,1
20260912_215351_529_traffic_scan_env2025_seed0-499_48352cd1,461,13,11,1,1
20260912_215351_529_traffic_scan_env2025_seed0-499_48352cd1,461,13,12,0,5
20260912_215351_529_traffic_scan_env2025_seed0-499_48352cd1,461,13,14,0,2
20260912_215351_529_traffic_scan_env2025_seed0-499_48352cd1,461,13,14,1,2
20260912_215351_529_traffic_scan_env2025_seed0-499_48352cd1,461,13,15,0,4
20260912_215351_529_traffic_scan_env2025_seed0-499_48352cd1,461,13,15,1,2
20260912_215351_529_traffic_scan_env2025_seed0-499_48352cd1,461,13,16,0,5
20260912_215351_529_traffic_scan_env2025_seed0-499_48352cd1,461,13,16,1,1
20260912_215351_529_traffic_scan_env2025_seed0-499_48352cd1,461,13,18,0,1
20260912_215351_529_traffic_scan_env2025_seed0-499_48352cd1,461,13,19,0,3
20260912_215351_529_traffic_scan_env2025_seed0-499_48352cd1,461,13,20,0,1
20260912_215351_529_traffic_scan_env2025_seed0-499_48352cd1,461,13,20,1,1
20260912_215351_529_traffic_scan_env2025_seed0-499_48352cd1,461,13,21,0,2
20260912_215351_529_traffic_scan_env2025_seed0-499_48352cd1,461,13,23,0,2
20260912_215351_529_traffic_scan_env2025_seed0-499_48352cd1,461,13,23,1,2
20260912_215351_529_traffic_scan_env2025_seed0-499_48352cd1,461,13,24,1,1
20260912_215351_529_traffic_scan_env2025_seed0-499_48352cd1,461,13,25,0,1
20260912_215351_529_traffic_scan_env2025_seed0-499_48352cd1,461,13,25,1,1
20260912_215351_529_traffic_scan_env2025_seed0-499_48352cd1,461,13,29,0,2
20260912_215351_529_traffic_scan_env2025_seed0-499_48352cd1,461,13,30,0,1
20260912_215351_529_traffic_scan_env2025_seed0-499_48352cd1,461,13,31,1,1
20260912_215351_529_traffic_scan_env2025_seed0-499_48352cd1,461,13,33,0,3
20260912_215351_529_traffic_scan_env2025_seed0-499_48352cd1,461,13,33,1,1
20260912_215351_529_traffic_scan_env2025_seed0-499_48352cd1,461,13,34,0,1
20260912_215351_529_traffic_scan_env2025_seed0-499_48352cd1,461,13,36,2,1
20260912_215351_529_traffic_scan_env2025_seed0-499_48352cd1,461,13,38,2,1
20260912_215351_529_traffic_scan_env2025_seed0-499_48352cd1,461,13,40,0,1
20260912_215351_529_traffic_scan_env2025_seed0-499_48352cd1,461,13,41,0,1
20260912_215351_529_traffic_scan_env2025_seed0-499_48352cd1,461,13,44,0,1
20260912_215351_529_traffic_scan_env2025_seed0-499_48352cd1,461,13,45,1,1
20260912_215351_529_traffic_scan_env2025_seed0-499_48352cd1,461,13,46,0,1
20260912_215351_529_traffic_scan_env2025_seed0-499_48352cd1,461,13,46,1,2
20260912_215351_529_traffic_scan_env2025_seed0-499_48352cd1,461,13,47,2,1
20260912_215351_529_traffic_scan_env2025_seed0-499_48352cd1,461,13,48,1,1
20260912_215351_529_traffic_scan_env2025_seed0-499_48352cd1,461,13,50,0,4
20260912_215351_529_traffic_scan_env2025_seed0-499_48352cd1,461,13,52,0,3
20260912_215351_529_traffic_scan_env2025_seed0-499_48352cd1,461,13,53,0,5
20260912_215351_529_traffic_scan_env2025_seed0-499_48352cd1,461,13,56,0,2
20260912_215351_529_traffic_scan_env2025_seed0-499_48352cd1,461,13,58,0,1
20260912_215351_529_traffic_scan_env2025_seed0-499_48352cd1,461,14,0,0,1
20260912_215351_529_traffic_scan_env2025_seed0-499_48352cd1,461,14,1,0,1
20260912_215351_529_traffic_scan_env2025_seed0-499_48352cd1,461,14,3,1,1
20260912_215351_529_traffic_scan_env2025_seed0-499_48352cd1,461,14,4,0,1
20260912_215351_529_traffic_scan_env2025_seed0-499_48352cd1,461,14,7,0,1
20260912_215351_529_traffic_scan_env2025_seed0-499_48352cd1,461,14,8,0,1
20260912_215351_529_traffic_scan_env2025_seed0-499_48352cd1,461,14,9,0,1
20260912_215351_529_traffic_scan_env2025_seed0-499_48352cd1,461,14,9,1,1
20260912_215351_529_traffic_scan_env2025_seed0-499_48352cd1,461,14,10,1,1
20260912_215351_529_traffic_scan_env2025_seed0-499_48352cd1,461,14,11,1,2
20260912_215351_529_traffic_scan_env2025_seed0-499_48352cd1,461,14,12,0,3
20260912_215351_529_traffic_scan_env2025_seed0-499_48352cd1,461,14,12,1,2
20260912_215351_529_traffic_scan_env2025_seed0-499_48352cd1,461,14,13,0,3
20260912_215351_529_traffic_scan_env2025_seed0-499_48352cd1,461,14,13,1,1
20260912_215351_529_traffic_scan_env2025_seed0-499_48352cd1,461,14,16,0,5
20260912_215351_529_traffic_scan_env2025_seed0-499_48352cd1,461,14,16,1,1
20260912_215351_529_traffic_scan_env2025_seed0-499_48352cd1,461,14,17,0,5
20260912_215351_529_traffic_scan_env2025_seed0-499_48352cd1,461,14,17,1,1
20260912_215351_529_traffic_scan_env2025_seed0-499_48352cd1,461,14,18,2,1
20260912_215351_529_traffic_scan_env2025_seed0-499_48352cd1,461,14,19,0,2
20260912_215351_529_traffic_scan_env2025_seed0-499_48352cd1,461,14,19,1,1
20260912_215351_529_traffic_scan_env2025_seed0-499_48352cd1,461,14,20,0,3
20260912_215351_529_traffic_scan_env2025_seed0-499_48352cd1,461,14,20,1,2
20260912_215351_529_traffic_scan_env2025_seed0-499_48352cd1,461,14,21,1,1
20260912_215351_529_traffic_scan_env2025_seed0-499_48352cd1,461,14,22,0,1
20260912_215351_529_traffic_scan_env2025_seed0-499_48352cd1,461,14,22,1,2
20260912_215351_529_traffic_scan_env2025_seed0-499_48352cd1,461,14,23,0,2
20260912_215351_529_traffic_scan_env2025_seed0-499_48352cd1,461,14,23,1,2
20260912_215351_529_traffic_scan_env2025_seed0-499_48352cd1,461,14,24,0,1
20260912_215351_529_traffic_scan_env2025_seed0-499_48352cd1,461,14,24,1,3
20260912_215351_529_traffic_scan_env2025_seed0-499_48352cd1,461,14,25,1,1
20260912_215351_529_traffic_scan_env2025_seed0-499_48352cd1,461,14,26,1,2
20260912_215351_529_traffic_scan_env2025_seed0-499_48352cd1,461,14,27,2,1
20260912_215351_529_traffic_scan_env2025_seed0-499_48352cd1,461,14,29,0,1
20260912_215351_529_traffic_scan_env2025_seed0-499_48352cd1,461,14,30,0,2
20260912_215351_529_traffic_scan_env2025_seed0-499_48352cd1,461,14,31,1,1
20260912_215351_529_traffic_scan_env2025_seed0-499_48352cd1,461,14,33,0,4
20260912_215351_529_traffic_scan_env2025_seed0-499_48352cd1,461,14,33,1,1
20260912_215351_529_traffic_scan_env2025_seed0-499_48352cd1,461,14,37,1,2
20260912_215351_529_traffic_scan_env2025_seed0-499_48352cd1,461,14,38,0,1
20260912_215351_529_traffic_scan_env2025_seed0-499_48352cd1,461,14,39,1,1
20260912_215351_529_traffic_scan_env2025_seed0-499_48352cd1,461,14,40,0,1
20260912_215351_529_traffic_scan_env2025_seed0-499_48352cd1,461,14,43,0,1
20260912_215351_529_traffic_scan_env2025_seed0-499_48352cd1,461,14,44,1,1
20260912_215351_529_traffic_scan_env2025_seed0-499_48352cd1,461,14,46,0,1
20260912_215351_529_traffic_scan_env2025_seed0-499_48352cd1,461,14,46,1,2
20260912_215351_529_traffic_scan_env2025_seed0-499_48352cd1,461,14,47,1,1
20260912_215351_529_traffic_scan_env2025_seed0-499_48352cd1,461,14,50,0,2
20260912_215351_529_traffic_scan_env2025_seed0-499_48352cd1,461,14,51,0,5
20260912_215351_529_traffic_scan_env2025_seed0-499_48352cd1,461,14,51,1,1
20260912_215351_529_traffic_scan_env2025_seed0-499_48352cd1,461,14,53,0,4
20260912_215351_529_traffic_scan_env2025_seed0-499_48352cd1,461,14,54,0,1
20260912_215351_529_traffic_scan_env2025_seed0-499_48352cd1,461,14,55,0,3
20260912_215351_529_traffic_scan_env2025_seed0-499_48352cd1,461,14,56,0,2
20260912_215351_529_traffic_scan_env2025_seed0-499_48352cd1,461,14,57,0,1
20260912_215351_529_traffic_scan_env2025_seed0-499_48352cd1,461,14,58,0,2
20260912_215351_529_traffic_scan_env2025_seed0-499_48352cd1,461,15,2,0,1
20260912_215351_529_traffic_scan_env2025_seed0-499_48352cd1,461,15,3,1,1
20260912_215351_529_traffic_scan_env2025_seed0-499_48352cd1,461,15,10,0,1
20260912_215351_529_traffic_scan_env2025_seed0-499_48352cd1,461,15,11,0,1
20260912_215351_529_traffic_scan_env2025_seed0-499_48352cd1,461,15,11,1,2
20260912_215351_529_traffic_scan_env2025_seed0-499_48352cd1,461,15,13,0,3
20260912_215351_529_traffic_scan_env2025_seed0-499_48352cd1,461,15,13,1,2
20260912_215351_529_traffic_scan_env2025_seed0-499_48352cd1,461,15,16,0,2
20260912_215351_529_traffic_scan_env2025_seed0-499_48352cd1,461,15,16,1,2
20260912_215351_529_traffic_scan_env2025_seed0-499_48352cd1,461,15,17,0,5
20260912_215351_529_traffic_scan_env2025_seed0-499_48352cd1,461,15,18,0,6
20260912_215351_529_traffic_scan_env2025_seed0-499_48352cd1,461,15,20,2,1
20260912_215351_529_traffic_scan_env2025_seed0-499_48352cd1,461,15,21,0,3
20260912_215351_529_traffic_scan_env2025_seed0-499_48352cd1,461,15,21,1,1
20260912_215351_529_traffic_scan_env2025_seed0-499_48352cd1,461,15,23,1,3
20260912_215351_529_traffic_scan_env2025_seed0-499_48352cd1,461,15,24,0,1
20260912_215351_529_traffic_scan_env2025_seed0-499_48352cd1,461,15,24,1,1
20260912_215351_529_traffic_scan_env2025_seed0-499_48352cd1,461,15,25,0,1
20260912_215351_529_traffic_scan_env2025_seed0-499_48352cd1,461,15,26,1,1
20260912_215351_529_traffic_scan_env2025_seed0-499_48352cd1,461,15,28,1,1
20260912_215351_529_traffic_scan_env2025_seed0-499_48352cd1,461,15,29,0,2
20260912_215351_529_traffic_scan_env2025_seed0-499_48352cd1,461,15,29,1,1
20260912_215351_529_traffic_scan_env2025_seed0-499_48352cd1,461,15,30,1,1
20260912_215351_529_traffic_scan_env2025_seed0-499_48352cd1,461,15,31,0,1
20260912_215351_529_traffic_scan_env2025_seed0-499_48352cd1,461,15,31,1,2
20260912_215351_529_traffic_scan_env2025_seed0-499_48352cd1,461,15,32,0,1
20260912_215351_529_traffic_scan_env2025_seed0-499_48352cd1,461,15,32,1,2
20260912_215351_529_traffic_scan_env2025_seed0-499_48352cd1,461,15,33,0,2
20260912_215351_529_traffic_scan_env2025_seed0-499_48352cd1,461,15,33,1,1
20260912_215351_529_traffic_scan_env2025_seed0-499_48352cd1,461,15,34,0,1
20260912_215351_529_traffic_scan_env2025_seed0-499_48352cd1,461,15,34,1,1
20260912_215351_529_traffic_scan_env2025_seed0-499_48352cd1,461,15,35,1,1
20260912_215351_529_traffic_scan_env2025_seed0-499_48352cd1,461,15,36,1,2
20260912_215351_529_traffic_scan_env2025_seed0-499_48352cd1,461,15,37,1,1
20260912_215351_529_traffic_scan_env2025_seed0-499_48352cd1,461,15,38,1,2
20260912_215351_529_traffic_scan_env2025_seed0-499_48352cd1,461,15,39,0,2
20260912_215351_529_traffic_scan_env2025_seed0-499_48352cd1,461,15,39,1,1
20260912_215351_529_traffic_scan_env2025_seed0-499_48352cd1,461,15,40,2,1
20260912_215351_529_traffic_scan_env2025_seed0-499_48352cd1,461,15,41,1,1
20260912_215351_529_traffic_scan_env2025_seed0-499_48352cd1,461,15,42,0,1
20260912_215351_529_traffic_scan_env2025_seed0-499_48352cd1,461,15,42,1,1
20260912_215351_529_traffic_scan_env2025_seed0-499_48352cd1,461,15,43,1,2
20260912_215351_529_traffic_scan_env2025_seed0-499_48352cd1,461,15,44,1,2
20260912_215351_529_traffic_scan_env2025_seed0-499_48352cd1,461,15,45,1,3
20260912_215351_529_traffic_scan_env2025_seed0-499_48352cd1,461,15,46,0,1
20260912_215351_529_traffic_scan_env2025_seed0-499_48352cd1,461,15,46,1,3
20260912_215351_529_traffic_scan_env2025_seed0-499_48352cd1,461,15,47,1,3
20260912_215351_529_traffic_scan_env2025_seed0-499_48352cd1,461,15,48,1,2
20260912_215351_529_traffic_scan_env2025_seed0-499_48352cd1,461,15,49,0,1
20260912_215351_529_traffic_scan_env2025_seed0-499_48352cd1,461,15,49,1,2
20260912_215351_529_traffic_scan_env2025_seed0-499_48352cd1,461,15,50,0,4
20260912_215351_529_traffic_scan_env2025_seed0-499_48352cd1,461,15,50,1,2
20260912_215351_529_traffic_scan_env2025_seed0-499_48352cd1,461,15,51,0,2
20260912_215351_529_traffic_scan_env2025_seed0-499_48352cd1,461,15,51,1,1
20260912_215351_529_traffic_scan_env2025_seed0-499_48352cd1,461,15,52,0,1
20260912_215351_529_traffic_scan_env2025_seed0-499_48352cd1,461,15,53,0,4
20260912_215351_529_traffic_scan_env2025_seed0-499_48352cd1,461,15,54,0,3
20260912_215351_529_traffic_scan_env2025_seed0-499_48352cd1,461,15,55,0,2
20260912_215351_529_traffic_scan_env2025_seed0-499_48352cd1,461,15,58,0,1
20260912_215351_529_traffic_scan_env2025_seed0-499_48352cd1,461,16,3,0,1
20260912_215351_529_traffic_scan_env2025_seed0-499_48352cd1,461,16,3,1,1
20260912_215351_529_traffic_scan_env2025_seed0-499_48352cd1,461,16,7,1,1
20260912_215351_529_traffic_scan_env2025_seed0-499_48352cd1,461,16,10,1,1
20260912_215351_529_traffic_scan_env2025_seed0-499_48352cd1,461,16,11,0,1
20260912_215351_529_traffic_scan_env2025_seed0-499_48352cd1,461,16,12,0,1
20260912_215351_529_traffic_scan_env2025_seed0-499_48352cd1,461,16,12,1,1
20260912_215351_529_traffic_scan_env2025_seed0-499_48352cd1,461,16,13,1,1
20260912_215351_529_traffic_scan_env2025_seed0-499_48352cd1,461,16,14,0,3
20260912_215351_529_traffic_scan_env2025_seed0-499_48352cd1,461,16,14,1,1
20260912_215351_529_traffic_scan_env2025_seed0-499_48352cd1,461,16,15,0,1
20260912_215351_529_traffic_scan_env2025_seed0-499_48352cd1,461,16,15,1,1
20260912_215351_529_traffic_scan_env2025_seed0-499_48352cd1,461,16,16,0,2
20260912_215351_529_traffic_scan_env2025_seed0-499_48352cd1,461,16,17,0,1
20260912_215351_529_traffic_scan_env2025_seed0-499_48352cd1,461,16,17,1,2
20260912_215351_529_traffic_scan_env2025_seed0-499_48352cd1,461,16,18,0,3
20260912_215351_529_traffic_scan_env2025_seed0-499_48352cd1,461,16,19,0,6
20260912_215351_529_traffic_scan_env2025_seed0-499_48352cd1,461,16,20,0,4
20260912_215351_529_traffic_scan_env2025_seed0-499_48352cd1,461,16,20,1,2
20260912_215351_529_traffic_scan_env2025_seed0-499_48352cd1,461,16,22,0,2
20260912_215351_529_traffic_scan_env2025_seed0-499_48352cd1,461,16,22,1,1
20260912_215351_529_traffic_scan_env2025_seed0-499_48352cd1,461,16,23,1,2
20260912_215351_529_traffic_scan_env2025_seed0-499_48352cd1,461,16,24,1,1
20260912_215351_529_traffic_scan_env2025_seed0-499_48352cd1,461,16,25,1,1
20260912_215351_529_traffic_scan_env2025_seed0-499_48352cd1,461,16,26,1,2
20260912_215351_529_traffic_scan_env2025_seed0-499_48352cd1,461,16,29,0,2
20260912_215351_529_traffic_scan_env2025_seed0-499_48352cd1,461,16,31,0,1
20260912_215351_529_traffic_scan_env2025_seed0-499_48352cd1,461,16,31,1,2
20260912_215351_529_traffic_scan_env2025_seed0-499_48352cd1,461,16,32,0,1
20260912_215351_529_traffic_scan_env2025_seed0-499_48352cd1,461,16,33,0,2
20260912_215351_529_traffic_scan_env2025_seed0-499_48352cd1,461,16,35,0,1
20260912_215351_529_traffic_scan_env2025_seed0-499_48352cd1,461,16,35,1,1
20260912_215351_529_traffic_scan_env2025_seed0-499_48352cd1,461,16,37,0,2
20260912_215351_529_traffic_scan_env2025_seed0-499_48352cd1,461,16,37,1,1
20260912_215351_529_traffic_scan_env2025_seed0-499_48352cd1,461,16,38,0,2
20260912_215351_529_traffic_scan_env2025_seed0-499_48352cd1,461,16,40,0,1
20260912_215351_529_traffic_scan_env2025_seed0-499_48352cd1,461,16,41,0,2
20260912_215351_529_traffic_scan_env2025_seed0-499_48352cd1,461,16,42,1,2
20260912_215351_529_traffic_scan_env2025_seed0-499_48352cd1,461,16,43,1,1
20260912_215351_529_traffic_scan_env2025_seed0-499_48352cd1,461,16,44,2,1
20260912_215351_529_traffic_scan_env2025_seed0-499_48352cd1,461,16,46,0,1
20260912_215351_529_traffic_scan_env2025_seed0-499_48352cd1,461,16,46,1,1
20260912_215351_529_traffic_scan_env2025_seed0-499_48352cd1,461,16,47,1,1
20260912_215351_529_traffic_scan_env2025_seed0-499_48352cd1,461,16,48,0,3
20260912_215351_529_traffic_scan_env2025_seed0-499_48352cd1,461,16,49,0,3
20260912_215351_529_traffic_scan_env2025_seed0-499_48352cd1,461,16,49,1,1
20260912_215351_529_traffic_scan_env2025_seed0-499_48352cd1,461,16,50,2,1
20260912_215351_529_traffic_scan_env2025_seed0-499_48352cd1,461,16,51,2,1
20260912_215351_529_traffic_scan_env2025_seed0-499_48352cd1,461,16,52,1,1
20260912_215351_529_traffic_scan_env2025_seed0-499_48352cd1,461,16,53,1,6
20260912_215351_529_traffic_scan_env2025_seed0-499_48352cd1,461,16,54,0,1
20260912_215351_529_traffic_scan_env2025_seed0-499_48352cd1,461,16,58,0,1
20260912_215351_529_traffic_scan_env2025_seed0-499_48352cd1,461,17,3,1,1
20260912_215351_529_traffic_scan_env2025_seed0-499_48352cd1,461,17,4,0,2
20260912_215351_529_traffic_scan_env2025_seed0-499_48352cd1,461,17,6,0,1
20260912_215351_529_traffic_scan_env2025_seed0-499_48352cd1,461,17,8,2,1
20260912_215351_529_traffic_scan_env2025_seed0-499_48352cd1,461,17,9,2,1
20260912_215351_529_traffic_scan_env2025_seed0-499_48352cd1,461,17,12,0,2
20260912_215351_529_traffic_scan_env2025_seed0-499_48352cd1,461,17,12,1,1
20260912_215351_529_traffic_scan_env2025_seed0-499_48352cd1,461,17,13,1,1
20260912_215351_529_traffic_scan_env2025_seed0-499_48352cd1,461,17,15,0,5
20260912_215351_529_traffic_scan_env2025_seed0-499_48352cd1,461,17,16,0,1
20260912_215351_529_traffic_scan_env2025_seed0-499_48352cd1,461,17,17,0,1
20260912_215351_529_traffic_scan_env2025_seed0-499_48352cd1,461,17,18,0,3
20260912_215351_529_traffic_scan_env2025_seed0-499_48352cd1,461,17,18,1,2
20260912_215351_529_traffic_scan_env2025_seed0-499_48352cd1,461,17,20,0,3
20260912_215351_529_traffic_scan_env2025_seed0-499_48352cd1,461,17,20,1,2
20260912_215351_529_traffic_scan_env2025_seed0-499_48352cd1,461,17,21,1,4
20260912_215351_529_traffic_scan_env2025_seed0-499_48352cd1,461,17,22,1,2
20260912_215351_529_traffic_scan_env2025_seed0-499_48352cd1,461,17,23,2,3
20260912_215351_529_traffic_scan_env2025_seed0-499_48352cd1,461,17,26,1,2
20260912_215351_529_traffic_scan_env2025_seed0-499_48352cd1,461,17,27,1,1
20260912_215351_529_traffic_scan_env2025_seed0-499_48352cd1,461,17,29,0,2
20260912_215351_529_traffic_scan_env2025_seed0-499_48352cd1,461,17,30,0,1
20260912_215351_529_traffic_scan_env2025_seed0-499_48352cd1,461,17,30,1,2
20260912_215351_529_traffic_scan_env2025_seed0-499_48352cd1,461,17,31,0,1
20260912_215351_529_traffic_scan_env2025_seed0-499_48352cd1,461,17,33,0,3
20260912_215351_529_traffic_scan_env2025_seed0-499_48352cd1,461,17,35,1,1
20260912_215351_529_traffic_scan_env2025_seed0-499_48352cd1,461,17,36,0,3
20260912_215351_529_traffic_scan_env2025_seed0-499_48352cd1,461,17,36,1,1
20260912_215351_529_traffic_scan_env2025_seed0-499_48352cd1,461,17,39,0,1
20260912_215351_529_traffic_scan_env2025_seed0-499_48352cd1,461,17,40,0,1
20260912_215351_529_traffic_scan_env2025_seed0-499_48352cd1,461,17,41,1,2
20260912_215351_529_traffic_scan_env2025_seed0-499_48352cd1,461,17,42,0,1
20260912_215351_529_traffic_scan_env2025_seed0-499_48352cd1,461,17,43,1,1
20260912_215351_529_traffic_scan_env2025_seed0-499_48352cd1,461,17,46,0,2
20260912_215351_529_traffic_scan_env2025_seed0-499_48352cd1,461,17,46,1,1
20260912_215351_529_traffic_scan_env2025_seed0-499_48352cd1,461,17,47,0,3
20260912_215351_529_traffic_scan_env2025_seed0-499_48352cd1,461,17,47,1,1
20260912_215351_529_traffic_scan_env2025_seed0-499_48352cd1,461,17,48,2,1
20260912_215351_529_traffic_scan_env2025_seed0-499_48352cd1,461,17,50,2,1
20260912_215351_529_traffic_scan_env2025_seed0-499_48352cd1,461,17,52,1,5
20260912_215351_529_traffic_scan_env2025_seed0-499_48352cd1,461,17,53,2,3
20260912_215351_529_traffic_scan_env2025_seed0-499_48352cd1,461,17,58,0,1
20260912_215351_529_traffic_scan_env2025_seed0-499_48352cd1,461,18,3,1,1
20260912_215351_529_traffic_scan_env2025_seed0-499_48352cd1,461,18,5,0,2
20260912_215351_529_traffic_scan_env2025_seed0-499_48352cd1,461,18,12,2,1
20260912_215351_529_traffic_scan_env2025_seed0-499_48352cd1,461,18,13,0,1
20260912_215351_529_traffic_scan_env2025_seed0-499_48352cd1,461,18,13,1,2
20260912_215351_529_traffic_scan_env2025_seed0-499_48352cd1,461,18,14,0,1
20260912_215351_529_traffic_scan_env2025_seed0-499_48352cd1,461,18,15,0,1
20260912_215351_529_traffic_scan_env2025_seed0-499_48352cd1,461,18,16,0,4
20260912_215351_529_traffic_scan_env2025_seed0-499_48352cd1,461,18,17,0,1
20260912_215351_529_traffic_scan_env2025_seed0-499_48352cd1,461,18,19,0,4
20260912_215351_529_traffic_scan_env2025_seed0-499_48352cd1,461,18,19,1,3
20260912_215351_529_traffic_scan_env2025_seed0-499_48352cd1,461,18,20,0,1
20260912_215351_529_traffic_scan_env2025_seed0-499_48352cd1,461,18,20,1,4
20260912_215351_529_traffic_scan_env2025_seed0-499_48352cd1,461,18,21,1,1
20260912_215351_529_traffic_scan_env2025_seed0-499_48352cd1,461,18,22,1,3
20260912_215351_529_traffic_scan_env2025_seed0-499_48352cd1,461,18,23,2,5
20260912_215351_529_traffic_scan_env2025_seed0-499_48352cd1,461,18,26,0,2
20260912_215351_529_traffic_scan_env2025_seed0-499_48352cd1,461,18,27,2,1
20260912_215351_529_traffic_scan_env2025_seed0-499_48352cd1,461,18,29,0,3
20260912_215351_529_traffic_scan_env2025_seed0-499_48352cd1,461,18,29,1,2
20260912_215351_529_traffic_scan_env2025_seed0-499_48352cd1,461,18,32,0,1
20260912_215351_529_traffic_scan_env2025_seed0-499_48352cd1,461,18,33,0,1
20260912_215351_529_traffic_scan_env2025_seed0-499_48352cd1,461,18,34,0,1
20260912_215351_529_traffic_scan_env2025_seed0-499_48352cd1,461,18,34,1,2
20260912_215351_529_traffic_scan_env2025_seed0-499_48352cd1,461,18,35,0,2
20260912_215351_529_traffic_scan_env2025_seed0-499_48352cd1,461,18,35,1,1
20260912_215351_529_traffic_scan_env2025_seed0-499_48352cd1,461,18,36,0,1
20260912_215351_529_traffic_scan_env2025_seed0-499_48352cd1,461,18,40,2,2
20260912_215351_529_traffic_scan_env2025_seed0-499_48352cd1,461,18,43,0,2
20260912_215351_529_traffic_scan_env2025_seed0-499_48352cd1,461,18,45,0,2
20260912_215351_529_traffic_scan_env2025_seed0-499_48352cd1,461,18,45,1,1
20260912_215351_529_traffic_scan_env2025_seed0-499_48352cd1,461,18,46,0,3
20260912_215351_529_traffic_scan_env2025_seed0-499_48352cd1,461,18,47,0,1
20260912_215351_529_traffic_scan_env2025_seed0-499_48352cd1,461,18,47,1,2
20260912_215351_529_traffic_scan_env2025_seed0-499_48352cd1,461,18,50,0,1
20260912_215351_529_traffic_scan_env2025_seed0-499_48352cd1,461,18,50,1,1
20260912_215351_529_traffic_scan_env2025_seed0-499_48352cd1,461,18,51,0,2
20260912_215351_529_traffic_scan_env2025_seed0-499_48352cd1,461,18,51,1,3
20260912_215351_529_traffic_scan_env2025_seed0-499_48352cd1,461,18,52,0,1
20260912_215351_529_traffic_scan_env2025_seed0-499_48352cd1,461,18,52,1,1
20260912_215351_529_traffic_scan_env2025_seed0-499_48352cd1,461,18,53,2,3
20260912_215351_529_traffic_scan_env2025_seed0-499_48352cd1,461,18,55,0,2
20260912_215351_529_traffic_scan_env2025_seed0-499_48352cd1,461,18,58,0,1
20260912_215351_529_traffic_scan_env2025_seed0-499_48352cd1,461,19,1,0,1
20260912_215351_529_traffic_scan_env2025_seed0-499_48352cd1,461,19,3,1,1
20260912_215351_529_traffic_scan_env2025_seed0-499_48352cd1,461,19,6,0,1
20260912_215351_529_traffic_scan_env2025_seed0-499_48352cd1,461,19,12,2,1
20260912_215351_529_traffic_scan_env2025_seed0-499_48352cd1,461,19,13,0,1
20260912_215351_529_traffic_scan_env2025_seed0-499_48352cd1,461,19,13,1,2
20260912_215351_529_traffic_scan_env2025_seed0-499_48352cd1,461,19,14,0,1
20260912_215351_529_traffic_scan_env2025_seed0-499_48352cd1,461,19,15,0,1
20260912_215351_529_traffic_scan_env2025_seed0-499_48352cd1,461,19,16,0,1
20260912_215351_529_traffic_scan_env2025_seed0-499_48352cd1,461,19,17,0,4
20260912_215351_529_traffic_scan_env2025_seed0-499_48352cd1,461,19,18,2,1
20260912_215351_529_traffic_scan_env2025_seed0-499_48352cd1,461,19,19,0,2
20260912_215351_529_traffic_scan_env2025_seed0-499_48352cd1,461,19,19,1,1
20260912_215351_529_traffic_scan_env2025_seed0-499_48352cd1,461,19,20,0,2
20260912_215351_529_traffic_scan_env2025_seed0-499_48352cd1,461,19,21,0,1
20260912_215351_529_traffic_scan_env2025_seed0-499_48352cd1,461,19,21,1,3
20260912_215351_529_traffic_scan_env2025_seed0-499_48352cd1,461,19,22,1,1
20260912_215351_529_traffic_scan_env2025_seed0-499_48352cd1,461,19,23,0,3
20260912_215351_529_traffic_scan_env2025_seed0-499_48352cd1,461,19,23,1,1
20260912_215351_529_traffic_scan_env2025_seed0-499_48352cd1,461,19,24,0,3
20260912_215351_529_traffic_scan_env2025_seed0-499_48352cd1,461,19,24,1,4
20260912_215351_529_traffic_scan_env2025_seed0-499_48352cd1,461,19,25,1,1
20260912_215351_529_traffic_scan_env2025_seed0-499_48352cd1,461,19,27,0,1
20260912_215351_529_traffic_scan_env2025_seed0-499_48352cd1,461,19,28,0,2
20260912_215351_529_traffic_scan_env2025_seed0-499_48352cd1,461,19,28,1,3
20260912_215351_529_traffic_scan_env2025_seed0-499_48352cd1,461,19,29,0,2
20260912_215351_529_traffic_scan_env2025_seed0-499_48352cd1,461,19,33,0,2
20260912_215351_529_traffic_scan_env2025_seed0-499_48352cd1,461,19,33,1,1
20260912_215351_529_traffic_scan_env2025_seed0-499_48352cd1,461,19,34,0,2
20260912_215351_529_traffic_scan_env2025_seed0-499_48352cd1,461,19,34,1,2
20260912_215351_529_traffic_scan_env2025_seed0-499_48352cd1,461,19,35,0,1
20260912_215351_529_traffic_scan_env2025_seed0-499_48352cd1,461,19,37,0,1
20260912_215351_529_traffic_scan_env2025_seed0-499_48352cd1,461,19,38,1,2
20260912_215351_529_traffic_scan_env2025_seed0-499_48352cd1,461,19,39,1,2
20260912_215351_529_traffic_scan_env2025_seed0-499_48352cd1,461,19,42,0,1
20260912_215351_529_traffic_scan_env2025_seed0-499_48352cd1,461,19,44,0,1
20260912_215351_529_traffic_scan_env2025_seed0-499_48352cd1,461,19,45,0,4
20260912_215351_529_traffic_scan_env2025_seed0-499_48352cd1,461,19,45,1,1
20260912_215351_529_traffic_scan_env2025_seed0-499_48352cd1,461,19,46,1,1
20260912_215351_529_traffic_scan_env2025_seed0-499_48352cd1,461,19,47,1,1
20260912_215351_529_traffic_scan_env2025_seed0-499_48352cd1,461,19,48,0,1
20260912_215351_529_traffic_scan_env2025_seed0-499_48352cd1,461,19,49,0,1
20260912_215351_529_traffic_scan_env2025_seed0-499_48352cd1,461,19,50,1,4
20260912_215351_529_traffic_scan_env2025_seed0-499_48352cd1,461,19,51,0,1
20260912_215351_529_traffic_scan_env2025_seed0-499_48352cd1,461,19,52,1,1
20260912_215351_529_traffic_scan_env2025_seed0-499_48352cd1,461,19,53,0,2
20260912_215351_529_traffic_scan_env2025_seed0-499_48352cd1,461,19,53,1,2
20260912_215351_529_traffic_scan_env2025_seed0-499_48352cd1,461,19,53,2,1
20260912_215351_529_traffic_scan_env2025_seed0-499_48352cd1,461,19,54,0,2
20260912_215351_529_traffic_scan_env2025_seed0-499_48352cd1,461,19,56,0,1
20260912_215351_529_traffic_scan_env2025_seed0-499_48352cd1,461,19,58,0,1
20260912_215351_529_traffic_scan_env2025_seed0-499_48352cd1,461,20,2,0,1
20260912_215351_529_traffic_scan_env2025_seed0-499_48352cd1,461,20,3,1,1
20260912_215351_529_traffic_scan_env2025_seed0-499_48352cd1,461,20,7,0,1
20260912_215351_529_traffic_scan_env2025_seed0-499_48352cd1,461,20,11,0,1
20260912_215351_529_traffic_scan_env2025_seed0-499_48352cd1,461,20,12,0,1
20260912_215351_529_traffic_scan_env2025_seed0-499_48352cd1,461,20,12,1,1
20260912_215351_529_traffic_scan_env2025_seed0-499_48352cd1,461,20,13,1,2
20260912_215351_529_traffic_scan_env2025_seed0-499_48352cd1,461,20,15,0,2
20260912_215351_529_traffic_scan_env2025_seed0-499_48352cd1,461,20,16,0,1
20260912_215351_529_traffic_scan_env2025_seed0-499_48352cd1,461,20,17,0,1
20260912_215351_529_traffic_scan_env2025_seed0-499_48352cd1,461,20,17,1,1
20260912_215351_529_traffic_scan_env2025_seed0-499_48352cd1,461,20,18,0,4
20260912_215351_529_traffic_scan_env2025_seed0-499_48352cd1,461,20,18,1,1
20260912_215351_529_traffic_scan_env2025_seed0-499_48352cd1,461,20,19,0,1
20260912_215351_529_traffic_scan_env2025_seed0-499_48352cd1,461,20,21,0,2
20260912_215351_529_traffic_scan_env2025_seed0-499_48352cd1,461,20,22,0,1
20260912_215351_529_traffic_scan_env2025_seed0-499_48352cd1,461,20,22,1,3
20260912_215351_529_traffic_scan_env2025_seed0-499_48352cd1,461,20,23,1,2
20260912_215351_529_traffic_scan_env2025_seed0-499_48352cd1,461,20,24,2,3
20260912_215351_529_traffic_scan_env2025_seed0-499_48352cd1,461,20,25,0,3
20260912_215351_529_traffic_scan_env2025_seed0-499_48352cd1,461,20,25,1,4
20260912_215351_529_traffic_scan_env2025_seed0-499_48352cd1,461,20,26,1,1
20260912_215351_529_traffic_scan_env2025_seed0-499_48352cd1,461,20,27,0,1
20260912_215351_529_traffic_scan_env2025_seed0-499_48352cd1,461,20,27,1,3
20260912_215351_529_traffic_scan_env2025_seed0-499_48352cd1,461,20,29,0,2
20260912_215351_529_traffic_scan_env2025_seed0-499_48352cd1,461,20,29,1,2
20260912_215351_529_traffic_scan_env2025_seed0-499_48352cd1,461,20,30,1,2
20260912_215351_529_traffic_scan_env2025_seed0-499_48352cd1,461,20,31,1,2
20260912_215351_529_traffic_scan_env2025_seed0-499_48352cd1,461,20,32,1,2
20260912_215351_529_traffic_scan_env2025_seed0-499_48352cd1,461,20,33,0,3
20260912_215351_529_traffic_scan_env2025_seed0-499_48352cd1,461,20,33,1,2
20260912_215351_529_traffic_scan_env2025_seed0-499_48352cd1,461,20,34,0,1
20260912_215351_529_traffic_scan_env2025_seed0-499_48352cd1,461,20,34,1,2
20260912_215351_529_traffic_scan_env2025_seed0-499_48352cd1,461,20,35,1,1
20260912_215351_529_traffic_scan_env2025_seed0-499_48352cd1,461,20,36,0,1
20260912_215351_529_traffic_scan_env2025_seed0-499_48352cd1,461,20,36,1,1
20260912_215351_529_traffic_scan_env2025_seed0-499_48352cd1,461,20,37,0,1
20260912_215351_529_traffic_scan_env2025_seed0-499_48352cd1,461,20,37,1,3
20260912_215351_529_traffic_scan_env2025_seed0-499_48352cd1,461,20,41,0,1
20260912_215351_529_traffic_scan_env2025_seed0-499_48352cd1,461,20,44,0,3
20260912_215351_529_traffic_scan_env2025_seed0-499_48352cd1,461,20,45,0,1
20260912_215351_529_traffic_scan_env2025_seed0-499_48352cd1,461,20,45,1,2
20260912_215351_529_traffic_scan_env2025_seed0-499_48352cd1,461,20,47,0,2
20260912_215351_529_traffic_scan_env2025_seed0-499_48352cd1,461,20,47,1,1
20260912_215351_529_traffic_scan_env2025_seed0-499_48352cd1,461,20,49,2,3
20260912_215351_529_traffic_scan_env2025_seed0-499_48352cd1,461,20,50,2,1
20260912_215351_529_traffic_scan_env2025_seed0-499_48352cd1,461,20,51,0,1
20260912_215351_529_traffic_scan_env2025_seed0-499_48352cd1,461,20,52,0,1
20260912_215351_529_traffic_scan_env2025_seed0-499_48352cd1,461,20,52,1,1
20260912_215351_529_traffic_scan_env2025_seed0-499_48352cd1,461,20,53,1,2
20260912_215351_529_traffic_scan_env2025_seed0-499_48352cd1,461,20,53,2,1
20260912_215351_529_traffic_scan_env2025_seed0-499_48352cd1,461,20,56,0,1
20260912_215351_529_traffic_scan_env2025_seed0-499_48352cd1,461,20,57,0,1
20260912_215351_529_traffic_scan_env2025_seed0-499_48352cd1,461,20,58,0,1
20260912_215351_529_traffic_scan_env2025_seed0-499_48352cd1,461,21,3,0,2
20260912_215351_529_traffic_scan_env2025_seed0-499_48352cd1,461,21,3,1,1
20260912_215351_529_traffic_scan_env2025_seed0-499_48352cd1,461,21,6,0,1
20260912_215351_529_traffic_scan_env2025_seed0-499_48352cd1,461,21,8,1,1
20260912_215351_529_traffic_scan_env2025_seed0-499_48352cd1,461,21,10,0,1
20260912_215351_529_traffic_scan_env2025_seed0-499_48352cd1,461,21,12,1,1
20260912_215351_529_traffic_scan_env2025_seed0-499_48352cd1,461,21,13,1,2
20260912_215351_529_traffic_scan_env2025_seed0-499_48352cd1,461,21,16,0,3
20260912_215351_529_traffic_scan_env2025_seed0-499_48352cd1,461,21,16,1,1
20260912_215351_529_traffic_scan_env2025_seed0-499_48352cd1,461,21,17,0,2
20260912_215351_529_traffic_scan_env2025_seed0-499_48352cd1,461,21,17,1,1
20260912_215351_529_traffic_scan_env2025_seed0-499_48352cd1,461,21,19,0,4
20260912_215351_529_traffic_scan_env2025_seed0-499_48352cd1,461,21,22,0,2
20260912_215351_529_traffic_scan_env2025_seed0-499_48352cd1,461,21,23,0,1
20260912_215351_529_traffic_scan_env2025_seed0-499_48352cd1,461,21,23,1,4
20260912_215351_529_traffic_scan_env2025_seed0-499_48352cd1,461,21,24,1,2
20260912_215351_529_traffic_scan_env2025_seed0-499_48352cd1,461,21,25,0,3
20260912_215351_529_traffic_scan_env2025_seed0-499_48352cd1,461,21,25,1,1
20260912_215351_529_traffic_scan_env2025_seed0-499_48352cd1,461,21,26,0,1
20260912_215351_529_traffic_scan_env2025_seed0-499_48352cd1,461,21,26,1,4
20260912_215351_529_traffic_scan_env2025_seed0-499_48352cd1,461,21,28,1,1
20260912_215351_529_traffic_scan_env2025_seed0-499_48352cd1,461,21,29,0,2
20260912_215351_529_traffic_scan_env2025_seed0-499_48352cd1,461,21,29,1,4
20260912_215351_529_traffic_scan_env2025_seed0-499_48352cd1,461,21,32,0,3
20260912_215351_529_traffic_scan_env2025_seed0-499_48352cd1,461,21,32,1,2
20260912_215351_529_traffic_scan_env2025_seed0-499_48352cd1,461,21,35,0,1
20260912_215351_529_traffic_scan_env2025_seed0-499_48352cd1,461,21,35,1,1
20260912_215351_529_traffic_scan_env2025_seed0-499_48352cd1,461,21,36,1,2
20260912_215351_529_traffic_scan_env2025_seed0-499_48352cd1,461,21,37,0,1
20260912_215351_529_traffic_scan_env2025_seed0-499_48352cd1,461,21,38,0,2
20260912_215351_529_traffic_scan_env2025_seed0-499_48352cd1,461,21,39,0,1
20260912_215351_529_traffic_scan_env2025_seed0-499_48352cd1,461,21,40,0,4
20260912_215351_529_traffic_scan_env2025_seed0-499_48352cd1,461,21,40,1,1
20260912_215351_529_traffic_scan_env2025_seed0-499_48352cd1,461,21,41,0,3
20260912_215351_529_traffic_scan_env2025_seed0-499_48352cd1,461,21,41,1,1
20260912_215351_529_traffic_scan_env2025_seed0-499_48352cd1,461,21,42,0,1
20260912_215351_529_traffic_scan_env2025_seed0-499_48352cd1,461,21,42,1,1
20260912_215351_529_traffic_scan_env2025_seed0-499_48352cd1,461,21,43,0,4
20260912_215351_529_traffic_scan_env2025_seed0-499_48352cd1,461,21,43,1,1
20260912_215351_529_traffic_scan_env2025_seed0-499_48352cd1,461,21,44,0,1
20260912_215351_529_traffic_scan_env2025_seed0-499_48352cd1,461,21,44,1,2
20260912_215351_529_traffic_scan_env2025_seed0-499_48352cd1,461,21,45,0,3
20260912_215351_529_traffic_scan_env2025_seed0-499_48352cd1,461,21,45,1,1
20260912_215351_529_traffic_scan_env2025_seed0-499_48352cd1,461,21,46,0,2
20260912_215351_529_traffic_scan_env2025_seed0-499_48352cd1,461,21,47,2,1
20260912_215351_529_traffic_scan_env2025_seed0-499_48352cd1,461,21,48,0,2
20260912_215351_529_traffic_scan_env2025_seed0-499_48352cd1,461,21,48,1,3
20260912_215351_529_traffic_scan_env2025_seed0-499_48352cd1,461,21,50,2,1
20260912_215351_529_traffic_scan_env2025_seed0-499_48352cd1,461,21,51,0,3
20260912_215351_529_traffic_scan_env2025_seed0-499_48352cd1,461,21,52,0,1
20260912_215351_529_traffic_scan_env2025_seed0-499_48352cd1,461,21,52,1,1
20260912_215351_529_traffic_scan_env2025_seed0-499_48352cd1,461,21,53,0,1
20260912_215351_529_traffic_scan_env2025_seed0-499_48352cd1,461,21,53,1,3
20260912_215351_529_traffic_scan_env2025_seed0-499_48352cd1,461,21,54,0,1
20260912_215351_529_traffic_scan_env2025_seed0-499_48352cd1,461,21,55,0,1
20260912_215351_529_traffic_scan_env2025_seed0-499_48352cd1,461,21,58,0,2
20260912_215351_529_traffic_scan_env2025_seed0-499_48352cd1,461,21,59,0,1
20260912_215351_529_traffic_scan_env2025_seed0-499_48352cd1,461,22,3,0,1
20260912_215351_529_traffic_scan_env2025_seed0-499_48352cd1,461,22,3,1,1
20260912_215351_529_traffic_scan_env2025_seed0-499_48352cd1,461,22,4,0,3
20260912_215351_529_traffic_scan_env2025_seed0-499_48352cd1,461,22,5,0,1
20260912_215351_529_traffic_scan_env2025_seed0-499_48352cd1,461,22,6,0,1
20260912_215351_529_traffic_scan_env2025_seed0-499_48352cd1,461,22,7,0,2
20260912_215351_529_traffic_scan_env2025_seed0-499_48352cd1,461,22,8,0,1
20260912_215351_529_traffic_scan_env2025_seed0-499_48352cd1,461,22,9,0,2
20260912_215351_529_traffic_scan_env2025_seed0-499_48352cd1,461,22,9,1,1
20260912_215351_529_traffic_scan_env2025_seed0-499_48352cd1,461,22,10,0,1
20260912_215351_529_traffic_scan_env2025_seed0-499_48352cd1,461,22,11,0,1
20260912_215351_529_traffic_scan_env2025_seed0-499_48352cd1,461,22,12,0,1
20260912_215351_529_traffic_scan_env2025_seed0-499_48352cd1,461,22,12,1,1
20260912_215351_529_traffic_scan_env2025_seed0-499_48352cd1,461,22,13,0,1
20260912_215351_529_traffic_scan_env2025_seed0-499_48352cd1,461,22,13,1,2
20260912_215351_529_traffic_scan_env2025_seed0-499_48352cd1,461,22,16,0,5
20260912_215351_529_traffic_scan_env2025_seed0-499_48352cd1,461,22,16,1,2
20260912_215351_529_traffic_scan_env2025_seed0-499_48352cd1,461,22,17,0,2
20260912_215351_529_traffic_scan_env2025_seed0-499_48352cd1,461,22,18,0,1
20260912_215351_529_traffic_scan_env2025_seed0-499_48352cd1,461,22,19,0,2
20260912_215351_529_traffic_scan_env2025_seed0-499_48352cd1,461,22,20,0,3
20260912_215351_529_traffic_scan_env2025_seed0-499_48352cd1,461,22,20,1,1
20260912_215351_529_traffic_scan_env2025_seed0-499_48352cd1,461,22,21,0,1
20260912_215351_529_traffic_scan_env2025_seed0-499_48352cd1,461,22,22,0,3
20260912_215351_529_traffic_scan_env2025_seed0-499_48352cd1,461,22,23,0,3
20260912_215351_529_traffic_scan_env2025_seed0-499_48352cd1,461,22,23,1,1
20260912_215351_529_traffic_scan_env2025_seed0-499_48352cd1,461,22,24,0,2
20260912_215351_529_traffic_scan_env2025_seed0-499_48352cd1,461,22,24,1,5
20260912_215351_529_traffic_scan_env2025_seed0-499_48352cd1,461,22,25,1,5
20260912_215351_529_traffic_scan_env2025_seed0-499_48352cd1,461,22,26,0,3
20260912_215351_529_traffic_scan_env2025_seed0-499_48352cd1,461,22,26,1,1
20260912_215351_529_traffic_scan_env2025_seed0-499_48352cd1,461,22,27,1,3
20260912_215351_529_traffic_scan_env2025_seed0-499_48352cd1,461,22,28,1,2
20260912_215351_529_traffic_scan_env2025_seed0-499_48352cd1,461,22,29,0,1
20260912_215351_529_traffic_scan_env2025_seed0-499_48352cd1,461,22,29,1,3
20260912_215351_529_traffic_scan_env2025_seed0-499_48352cd1,461,22,30,0,1
20260912_215351_529_traffic_scan_env2025_seed0-499_48352cd1,461,22,30,1,6
20260912_215351_529_traffic_scan_env2025_seed0-499_48352cd1,461,22,32,0,2
20260912_215351_529_traffic_scan_env2025_seed0-499_48352cd1,461,22,32,1,6
20260912_215351_529_traffic_scan_env2025_seed0-499_48352cd1,461,22,35,2,5
20260912_215351_529_traffic_scan_env2025_seed0-499_48352cd1,461,22,36,0,1
20260912_215351_529_traffic_scan_env2025_seed0-499_48352cd1,461,22,36,1,2
20260912_215351_529_traffic_scan_env2025_seed0-499_48352cd1,461,22,37,1,2
20260912_215351_529_traffic_scan_env2025_seed0-499_48352cd1,461,22,38,0,1
20260912_215351_529_traffic_scan_env2025_seed0-499_48352cd1,461,22,38,1,2
20260912_215351_529_traffic_scan_env2025_seed0-499_48352cd1,461,22,39,0,4
20260912_215351_529_traffic_scan_env2025_seed0-499_48352cd1,461,22,39,1,2
20260912_215351_529_traffic_scan_env2025_seed0-499_48352cd1,461,22,40,2,1
20260912_215351_529_traffic_scan_env2025_seed0-499_48352cd1,461,22,41,2,3
20260912_215351_529_traffic_scan_env2025_seed0-499_48352cd1,461,22,42,0,2
20260912_215351_529_traffic_scan_env2025_seed0-499_48352cd1,461,22,42,1,3
20260912_215351_529_traffic_scan_env2025_seed0-499_48352cd1,461,22,43,0,1
20260912_215351_529_traffic_scan_env2025_seed0-499_48352cd1,461,22,43,1,2
20260912_215351_529_traffic_scan_env2025_seed0-499_48352cd1,461,22,44,0,1
20260912_215351_529_traffic_scan_env2025_seed0-499_48352cd1,461,22,44,1,1
20260912_215351_529_traffic_scan_env2025_seed0-499_48352cd1,461,22,45,0,1
20260912_215351_529_traffic_scan_env2025_seed0-499_48352cd1,461,22,45,1,2
20260912_215351_529_traffic_scan_env2025_seed0-499_48352cd1,461,22,46,0,1
20260912_215351_529_traffic_scan_env2025_seed0-499_48352cd1,461,22,46,1,1
20260912_215351_529_traffic_scan_env2025_seed0-499_48352cd1,461,22,47,2,5
20260912_215351_529_traffic_scan_env2025_seed0-499_48352cd1,461,22,48,0,1
20260912_215351_529_traffic_scan_env2025_seed0-499_48352cd1,461,22,48,1,1
20260912_215351_529_traffic_scan_env2025_seed0-499_48352cd1,461,22,49,0,2
20260912_215351_529_traffic_scan_env2025_seed0-499_48352cd1,461,22,49,1,1
20260912_215351_529_traffic_scan_env2025_seed0-499_48352cd1,461,22,50,0,3
20260912_215351_529_traffic_scan_env2025_seed0-499_48352cd1,461,22,50,1,2
20260912_215351_529_traffic_scan_env2025_seed0-499_48352cd1,461,22,51,1,1
20260912_215351_529_traffic_scan_env2025_seed0-499_48352cd1,461,22,52,1,1
20260912_215351_529_traffic_scan_env2025_seed0-499_48352cd1,461,22,53,1,3
20260912_215351_529_traffic_scan_env2025_seed0-499_48352cd1,461,22,55,0,1
20260912_215351_529_traffic_scan_env2025_seed0-499_48352cd1,461,22,58,0,1
20260912_215351_529_traffic_scan_env2025_seed0-499_48352cd1,461,23,2,0,1
20260912_215351_529_traffic_scan_env2025_seed0-499_48352cd1,461,23,3,0,1
20260912_215351_529_traffic_scan_env2025_seed0-499_48352cd1,461,23,3,1,1
20260912_215351_529_traffic_scan_env2025_seed0-499_48352cd1,461,23,4,0,1
20260912_215351_529_traffic_scan_env2025_seed0-499_48352cd1,461,23,5,0,2
20260912_215351_529_traffic_scan_env2025_seed0-499_48352cd1,461,23,8,0,2
20260912_215351_529_traffic_scan_env2025_seed0-499_48352cd1,461,23,10,1,1
20260912_215351_529_traffic_scan_env2025_seed0-499_48352cd1,461,23,12,1,1
20260912_215351_529_traffic_scan_env2025_seed0-499_48352cd1,461,23,13,1,2
20260912_215351_529_traffic_scan_env2025_seed0-499_48352cd1,461,23,14,0,1
20260912_215351_529_traffic_scan_env2025_seed0-499_48352cd1,461,23,15,0,4
20260912_215351_529_traffic_scan_env2025_seed0-499_48352cd1,461,23,15,1,2
20260912_215351_529_traffic_scan_env2025_seed0-499_48352cd1,461,23,17,0,2
20260912_215351_529_traffic_scan_env2025_seed0-499_48352cd1,461,23,19,0,1
20260912_215351_529_traffic_scan_env2025_seed0-499_48352cd1,461,23,20,1,1
20260912_215351_529_traffic_scan_env2025_seed0-499_48352cd1,461,23,21,0,2
20260912_215351_529_traffic_scan_env2025_seed0-499_48352cd1,461,23,22,2,1
20260912_215351_529_traffic_scan_env2025_seed0-499_48352cd1,461,23,23,0,2
20260912_215351_529_traffic_scan_env2025_seed0-499_48352cd1,461,23,23,1,1
20260912_215351_529_traffic_scan_env2025_seed0-499_48352cd1,461,23,24,0,4
20260912_215351_529_traffic_scan_env2025_seed0-499_48352cd1,461,23,24,1,5
20260912_215351_529_traffic_scan_env2025_seed0-499_48352cd1,461,23,25,0,5
20260912_215351_529_traffic_scan_env2025_seed0-499_48352cd1,461,23,25,1,6
20260912_215351_529_traffic_scan_env2025_seed0-499_48352cd1,461,23,27,0,3
20260912_215351_529_traffic_scan_env2025_seed0-499_48352cd1,461,23,27,1,1
20260912_215351_529_traffic_scan_env2025_seed0-499_48352cd1,461,23,28,2,4
20260912_215351_529_traffic_scan_env2025_seed0-499_48352cd1,461,23,29,1,2
20260912_215351_529_traffic_scan_env2025_seed0-499_48352cd1,461,23,30,0,1
20260912_215351_529_traffic_scan_env2025_seed0-499_48352cd1,461,23,31,0,1
20260912_215351_529_traffic_scan_env2025_seed0-499_48352cd1,461,23,31,1,8
20260912_215351_529_traffic_scan_env2025_seed0-499_48352cd1,461,23,33,0,1
20260912_215351_529_traffic_scan_env2025_seed0-499_48352cd1,461,23,33,1,4
20260912_215351_529_traffic_scan_env2025_seed0-499_48352cd1,461,23,34,1,5
20260912_215351_529_traffic_scan_env2025_seed0-499_48352cd1,461,23,37,0,1
20260912_215351_529_traffic_scan_env2025_seed0-499_48352cd1,461,23,38,0,3
20260912_215351_529_traffic_scan_env2025_seed0-499_48352cd1,461,23,39,0,1
20260912_215351_529_traffic_scan_env2025_seed0-499_48352cd1,461,23,40,0,1
20260912_215351_529_traffic_scan_env2025_seed0-499_48352cd1,461,23,40,1,2
20260912_215351_529_traffic_scan_env2025_seed0-499_48352cd1,461,23,42,2,1
20260912_215351_529_traffic_scan_env2025_seed0-499_48352cd1,461,23,45,0,2
20260912_215351_529_traffic_scan_env2025_seed0-499_48352cd1,461,23,45,1,1
20260912_215351_529_traffic_scan_env2025_seed0-499_48352cd1,461,23,46,0,1
20260912_215351_529_traffic_scan_env2025_seed0-499_48352cd1,461,23,46,1,3
20260912_215351_529_traffic_scan_env2025_seed0-499_48352cd1,461,23,47,1,2
20260912_215351_529_traffic_scan_env2025_seed0-499_48352cd1,461,23,49,0,1
20260912_215351_529_traffic_scan_env2025_seed0-499_48352cd1,461,23,50,0,1
20260912_215351_529_traffic_scan_env2025_seed0-499_48352cd1,461,23,50,1,1
20260912_215351_529_traffic_scan_env2025_seed0-499_48352cd1,461,23,52,1,1
20260912_215351_529_traffic_scan_env2025_seed0-499_48352cd1,461,23,53,1,3
20260912_215351_529_traffic_scan_env2025_seed0-499_48352cd1,461,23,54,0,1
20260912_215351_529_traffic_scan_env2025_seed0-499_48352cd1,461,23,58,0,1
20260912_215351_529_traffic_scan_env2025_seed0-499_48352cd1,461,24,1,0,1
20260912_215351_529_traffic_scan_env2025_seed0-499_48352cd1,461,24,3,2,1
20260912_215351_529_traffic_scan_env2025_seed0-499_48352cd1,461,24,5,0,1
20260912_215351_529_traffic_scan_env2025_seed0-499_48352cd1,461,24,6,0,2
20260912_215351_529_traffic_scan_env2025_seed0-499_48352cd1,461,24,7,0,1
20260912_215351_529_traffic_scan_env2025_seed0-499_48352cd1,461,24,9,1,1
20260912_215351_529_traffic_scan_env2025_seed0-499_48352cd1,461,24,11,0,1
20260912_215351_529_traffic_scan_env2025_seed0-499_48352cd1,461,24,12,1,1
20260912_215351_529_traffic_scan_env2025_seed0-499_48352cd1,461,24,13,1,2
20260912_215351_529_traffic_scan_env2025_seed0-499_48352cd1,461,24,15,0,3
20260912_215351_529_traffic_scan_env2025_seed0-499_48352cd1,461,24,15,1,2
20260912_215351_529_traffic_scan_env2025_seed0-499_48352cd1,461,24,17,0,1
20260912_215351_529_traffic_scan_env2025_seed0-499_48352cd1,461,24,18,0,1
20260912_215351_529_traffic_scan_env2025_seed0-499_48352cd1,461,24,19,0,1
20260912_215351_529_traffic_scan_env2025_seed0-499_48352cd1,461,24,20,2,1
20260912_215351_529_traffic_scan_env2025_seed0-499_48352cd1,461,24,21,3,1
20260912_215351_529_traffic_scan_env2025_seed0-499_48352cd1,461,24,23,1,6
20260912_215351_529_traffic_scan_env2025_seed0-499_48352cd1,461,24,26,1,11
20260912_215351_529_traffic_scan_env2025_seed0-499_48352cd1,461,24,27,0,1
20260912_215351_529_traffic_scan_env2025_seed0-499_48352cd1,461,24,27,1,2
20260912_215351_529_traffic_scan_env2025_seed0-499_48352cd1,461,24,28,0,4
20260912_215351_529_traffic_scan_env2025_seed0-499_48352cd1,461,24,29,1,3
20260912_215351_529_traffic_scan_env2025_seed0-499_48352cd1,461,24,30,0,2
20260912_215351_529_traffic_scan_env2025_seed0-499_48352cd1,461,24,30,1,2
20260912_215351_529_traffic_scan_env2025_seed0-499_48352cd1,461,24,32,1,2
20260912_215351_529_traffic_scan_env2025_seed0-499_48352cd1,461,24,33,0,1
20260912_215351_529_traffic_scan_env2025_seed0-499_48352cd1,461,24,34,1,1
20260912_215351_529_traffic_scan_env2025_seed0-499_48352cd1,461,24,37,0,3
20260912_215351_529_traffic_scan_env2025_seed0-499_48352cd1,461,24,38,0,1
20260912_215351_529_traffic_scan_env2025_seed0-499_48352cd1,461,24,39,1,2
20260912_215351_529_traffic_scan_env2025_seed0-499_48352cd1,461,24,40,0,1
20260912_215351_529_traffic_scan_env2025_seed0-499_48352cd1,461,24,41,0,2
20260912_215351_529_traffic_scan_env2025_seed0-499_48352cd1,461,24,41,1,1
20260912_215351_529_traffic_scan_env2025_seed0-499_48352cd1,461,24,44,0,1
20260912_215351_529_traffic_scan_env2025_seed0-499_48352cd1,461,24,45,0,2
20260912_215351_529_traffic_scan_env2025_seed0-499_48352cd1,461,24,45,1,4
20260912_215351_529_traffic_scan_env2025_seed0-499_48352cd1,461,24,47,1,1
20260912_215351_529_traffic_scan_env2025_seed0-499_48352cd1,461,24,48,0,1
20260912_215351_529_traffic_scan_env2025_seed0-499_48352cd1,461,24,50,0,1
20260912_215351_529_traffic_scan_env2025_seed0-499_48352cd1,461,24,50,1,1
20260912_215351_529_traffic_scan_env2025_seed0-499_48352cd1,461,24,52,0,1
20260912_215351_529_traffic_scan_env2025_seed0-499_48352cd1,461,24,52,1,1
20260912_215351_529_traffic_scan_env2025_seed0-499_48352cd1,461,24,53,0,1
20260912_215351_529_traffic_scan_env2025_seed0-499_48352cd1,461,24,53,1,3
20260912_215351_529_traffic_scan_env2025_seed0-499_48352cd1,461,24,55,0,1
20260912_215351_529_traffic_scan_env2025_seed0-499_48352cd1,461,24,58,0,1
20260912_215351_529_traffic_scan_env2025_seed0-499_48352cd1,461,25,3,2,1
20260912_215351_529_traffic_scan_env2025_seed0-499_48352cd1,461,25,6,0,2
20260912_215351_529_traffic_scan_env2025_seed0-499_48352cd1,461,25,7,0,2
20260912_215351_529_traffic_scan_env2025_seed0-499_48352cd1,461,25,10,2,1
20260912_215351_529_traffic_scan_env2025_seed0-499_48352cd1,461,25,12,0,2
20260912_215351_529_traffic_scan_env2025_seed0-499_48352cd1,461,25,13,1,2
20260912_215351_529_traffic_scan_env2025_seed0-499_48352cd1,461,25,14,0,2
20260912_215351_529_traffic_scan_env2025_seed0-499_48352cd1,461,25,14,1,1
20260912_215351_529_traffic_scan_env2025_seed0-499_48352cd1,461,25,15,0,3
20260912_215351_529_traffic_scan_env2025_seed0-499_48352cd1,461,25,15,1,1
20260912_215351_529_traffic_scan_env2025_seed0-499_48352cd1,461,25,16,0,2
20260912_215351_529_traffic_scan_env2025_seed0-499_48352cd1,461,25,17,0,1
20260912_215351_529_traffic_scan_env2025_seed0-499_48352cd1,461,25,18,0,1
20260912_215351_529_traffic_scan_env2025_seed0-499_48352cd1,461,25,19,0,3
20260912_215351_529_traffic_scan_env2025_seed0-499_48352cd1,461,25,20,2,2
20260912_215351_529_traffic_scan_env2025_seed0-499_48352cd1,461,25,23,2,5
20260912_215351_529_traffic_scan_env2025_seed0-499_48352cd1,461,25,26,0,3
20260912_215351_529_traffic_scan_env2025_seed0-499_48352cd1,461,25,26,1,4
20260912_215351_529_traffic_scan_env2025_seed0-499_48352cd1,461,25,27,0,2
20260912_215351_529_traffic_scan_env2025_seed0-499_48352cd1,461,25,27,1,4
20260912_215351_529_traffic_scan_env2025_seed0-499_48352cd1,461,25,29,0,4
20260912_215351_529_traffic_scan_env2025_seed0-499_48352cd1,461,25,29,1,3
20260912_215351_529_traffic_scan_env2025_seed0-499_48352cd1,461,25,30,0,1
20260912_215351_529_traffic_scan_env2025_seed0-499_48352cd1,461,25,30,1,2
20260912_215351_529_traffic_scan_env2025_seed0-499_48352cd1,461,25,33,0,1
20260912_215351_529_traffic_scan_env2025_seed0-499_48352cd1,461,25,33,1,2
20260912_215351_529_traffic_scan_env2025_seed0-499_48352cd1,461,25,34,1,1
20260912_215351_529_traffic_scan_env2025_seed0-499_48352cd1,461,25,36,0,3
20260912_215351_529_traffic_scan_env2025_seed0-499_48352cd1,461,25,38,1,2
20260912_215351_529_traffic_scan_env2025_seed0-499_48352cd1,461,25,39,0,1
20260912_215351_529_traffic_scan_env2025_seed0-499_48352cd1,461,25,40,0,1
20260912_215351_529_traffic_scan_env2025_seed0-499_48352cd1,461,25,40,1,1
20260912_215351_529_traffic_scan_env2025_seed0-499_48352cd1,461,25,41,0,1
20260912_215351_529_traffic_scan_env2025_seed0-499_48352cd1,461,25,42,0,2
20260912_215351_529_traffic_scan_env2025_seed0-499_48352cd1,461,25,43,0,1
20260912_215351_529_traffic_scan_env2025_seed0-499_48352cd1,461,25,44,0,1
20260912_215351_529_traffic_scan_env2025_seed0-499_48352cd1,461,25,44,1,3
20260912_215351_529_traffic_scan_env2025_seed0-499_48352cd1,461,25,45,0,1
20260912_215351_529_traffic_scan_env2025_seed0-499_48352cd1,461,25,45,1,1
20260912_215351_529_traffic_scan_env2025_seed0-499_48352cd1,461,25,47,0,1
20260912_215351_529_traffic_scan_env2025_seed0-499_48352cd1,461,25,47,1,1
20260912_215351_529_traffic_scan_env2025_seed0-499_48352cd1,461,25,50,0,1
20260912_215351_529_traffic_scan_env2025_seed0-499_48352cd1,461,25,50,1,1
20260912_215351_529_traffic_scan_env2025_seed0-499_48352cd1,461,25,51,0,1
20260912_215351_529_traffic_scan_env2025_seed0-499_48352cd1,461,25,52,2,1
20260912_215351_529_traffic_scan_env2025_seed0-499_48352cd1,461,25,53,1,3
20260912_215351_529_traffic_scan_env2025_seed0-499_48352cd1,461,25,54,0,1
20260912_215351_529_traffic_scan_env2025_seed0-499_48352cd1,461,25,58,0,1
20260912_215351_529_traffic_scan_env2025_seed0-499_48352cd1,461,26,0,0,1
20260912_215351_529_traffic_scan_env2025_seed0-499_48352cd1,461,26,1,0,1
20260912_215351_529_traffic_scan_env2025_seed0-499_48352cd1,461,26,3,2,1
20260912_215351_529_traffic_scan_env2025_seed0-499_48352cd1,461,26,4,0,2
20260912_215351_529_traffic_scan_env2025_seed0-499_48352cd1,461,26,5,0,3
20260912_215351_529_traffic_scan_env2025_seed0-499_48352cd1,461,26,6,0,2
20260912_215351_529_traffic_scan_env2025_seed0-499_48352cd1,461,26,7,0,2
20260912_215351_529_traffic_scan_env2025_seed0-499_48352cd1,461,26,7,1,1
20260912_215351_529_traffic_scan_env2025_seed0-499_48352cd1,461,26,8,0,3
20260912_215351_529_traffic_scan_env2025_seed0-499_48352cd1,461,26,8,1,1
20260912_215351_529_traffic_scan_env2025_seed0-499_48352cd1,461,26,9,0,1
20260912_215351_529_traffic_scan_env2025_seed0-499_48352cd1,461,26,9,1,1
20260912_215351_529_traffic_scan_env2025_seed0-499_48352cd1,461,26,10,2,1
20260912_215351_529_traffic_scan_env2025_seed0-499_48352cd1,461,26,11,2,2
20260912_215351_529_traffic_scan_env2025_seed0-499_48352cd1,461,26,12,0,3
20260912_215351_529_traffic_scan_env2025_seed0-499_48352cd1,461,26,12,1,1
20260912_215351_529_traffic_scan_env2025_seed0-499_48352cd1,461,26,13,0,2
20260912_215351_529_traffic_scan_env2025_seed0-499_48352cd1,461,26,13,1,3
20260912_215351_529_traffic_scan_env2025_seed0-499_48352cd1,461,26,15,0,2
20260912_215351_529_traffic_scan_env2025_seed0-499_48352cd1,461,26,15,1,1
20260912_215351_529_traffic_scan_env2025_seed0-499_48352cd1,461,26,16,0,1
20260912_215351_529_traffic_scan_env2025_seed0-499_48352cd1,461,26,19,1,2
20260912_215351_529_traffic_scan_env2025_seed0-499_48352cd1,461,26,20,0,2
20260912_215351_529_traffic_scan_env2025_seed0-499_48352cd1,461,26,20,1,1
20260912_215351_529_traffic_scan_env2025_seed0-499_48352cd1,461,26,21,0,2
20260912_215351_529_traffic_scan_env2025_seed0-499_48352cd1,461,26,22,0,2
20260912_215351_529_traffic_scan_env2025_seed0-499_48352cd1,461,26,22,1,1
20260912_215351_529_traffic_scan_env2025_seed0-499_48352cd1,461,26,23,2,4
20260912_215351_529_traffic_scan_env2025_seed0-499_48352cd1,461,26,24,2,4
20260912_215351_529_traffic_scan_env2025_seed0-499_48352cd1,461,26,25,0,3
20260912_215351_529_traffic_scan_env2025_seed0-499_48352cd1,461,26,25,1,4
20260912_215351_529_traffic_scan_env2025_seed0-499_48352cd1,461,26,28,0,3
20260912_215351_529_traffic_scan_env2025_seed0-499_48352cd1,461,26,28,1,6
20260912_215351_529_traffic_scan_env2025_seed0-499_48352cd1,461,26,29,1,1
20260912_215351_529_traffic_scan_env2025_seed0-499_48352cd1,461,26,30,0,4
20260912_215351_529_traffic_scan_env2025_seed0-499_48352cd1,461,26,31,1,2
20260912_215351_529_traffic_scan_env2025_seed0-499_48352cd1,461,26,33,0,1
20260912_215351_529_traffic_scan_env2025_seed0-499_48352cd1,461,26,34,1,3
20260912_215351_529_traffic_scan_env2025_seed0-499_48352cd1,461,26,35,0,3
20260912_215351_529_traffic_scan_env2025_seed0-499_48352cd1,461,26,37,1,2
20260912_215351_529_traffic_scan_env2025_seed0-499_48352cd1,461,26,39,1,2
20260912_215351_529_traffic_scan_env2025_seed0-499_48352cd1,461,26,40,0,1
20260912_215351_529_traffic_scan_env2025_seed0-499_48352cd1,461,26,41,0,1
20260912_215351_529_traffic_scan_env2025_seed0-499_48352cd1,461,26,42,0,2
20260912_215351_529_traffic_scan_env2025_seed0-499_48352cd1,461,26,43,0,2
20260912_215351_529_traffic_scan_env2025_seed0-499_48352cd1,461,26,43,1,3
20260912_215351_529_traffic_scan_env2025_seed0-499_48352cd1,461,26,45,0,1
20260912_215351_529_traffic_scan_env2025_seed0-499_48352cd1,461,26,45,1,1
20260912_215351_529_traffic_scan_env2025_seed0-499_48352cd1,461,26,46,0,2
20260912_215351_529_traffic_scan_env2025_seed0-499_48352cd1,461,26,47,0,1
20260912_215351_529_traffic_scan_env2025_seed0-499_48352cd1,461,26,47,1,1
20260912_215351_529_traffic_scan_env2025_seed0-499_48352cd1,461,26,48,0,2
20260912_215351_529_traffic_scan_env2025_seed0-499_48352cd1,461,26,49,0,1
20260912_215351_529_traffic_scan_env2025_seed0-499_48352cd1,461,26,50,0,3
20260912_215351_529_traffic_scan_env2025_seed0-499_48352cd1,461,26,50,1,1
20260912_215351_529_traffic_scan_env2025_seed0-499_48352cd1,461,26,51,0,1
20260912_215351_529_traffic_scan_env2025_seed0-499_48352cd1,461,26,52,0,2
20260912_215351_529_traffic_scan_env2025_seed0-499_48352cd1,461,26,52,1,1
20260912_215351_529_traffic_scan_env2025_seed0-499_48352cd1,461,26,53,0,3
20260912_215351_529_traffic_scan_env2025_seed0-499_48352cd1,461,26,53,1,3
20260912_215351_529_traffic_scan_env2025_seed0-499_48352cd1,461,26,54,1,2
20260912_215351_529_traffic_scan_env2025_seed0-499_48352cd1,461,26,55,0,2
20260912_215351_529_traffic_scan_env2025_seed0-499_48352cd1,461,26,56,0,2
20260912_215351_529_traffic_scan_env2025_seed0-499_48352cd1,461,26,57,0,1
20260912_215351_529_traffic_scan_env2025_seed0-499_48352cd1,461,26,58,0,2
20260912_215351_529_traffic_scan_env2025_seed0-499_48352cd1,461,26,59,0,1
20260912_215351_529_traffic_scan_env2025_seed0-499_48352cd1,461,27,2,0,1
20260912_215351_529_traffic_scan_env2025_seed0-499_48352cd1,461,27,3,0,1
20260912_215351_529_traffic_scan_env2025_seed0-499_48352cd1,461,27,3,1,1
20260912_215351_529_traffic_scan_env2025_seed0-499_48352cd1,461,27,8,0,1
20260912_215351_529_traffic_scan_env2025_seed0-499_48352cd1,461,27,9,0,3
20260912_215351_529_traffic_scan_env2025_seed0-499_48352cd1,461,27,10,0,1
20260912_215351_529_traffic_scan_env2025_seed0-499_48352cd1,461,27,11,0,2
20260912_215351_529_traffic_scan_env2025_seed0-499_48352cd1,461,27,12,2,2
20260912_215351_529_traffic_scan_env2025_seed0-499_48352cd1,461,27,13,0,2
20260912_215351_529_traffic_scan_env2025_seed0-499_48352cd1,461,27,13,1,4
20260912_215351_529_traffic_scan_env2025_seed0-499_48352cd1,461,27,14,0,1
20260912_215351_529_traffic_scan_env2025_seed0-499_48352cd1,461,27,14,1,2
20260912_215351_529_traffic_scan_env2025_seed0-499_48352cd1,461,27,15,0,2
20260912_215351_529_traffic_scan_env2025_seed0-499_48352cd1,461,27,15,1,3
20260912_215351_529_traffic_scan_env2025_seed0-499_48352cd1,461,27,16,0,1
20260912_215351_529_traffic_scan_env2025_seed0-499_48352cd1,461,27,16,1,1
20260912_215351_529_traffic_scan_env2025_seed0-499_48352cd1,461,27,17,2,1
20260912_215351_529_traffic_scan_env2025_seed0-499_48352cd1,461,27,18,2,1
20260912_215351_529_traffic_scan_env2025_seed0-499_48352cd1,461,27,20,1,2
20260912_215351_529_traffic_scan_env2025_seed0-499_48352cd1,461,27,21,0,1
20260912_215351_529_traffic_scan_env2025_seed0-499_48352cd1,461,27,21,1,1
20260912_215351_529_traffic_scan_env2025_seed0-499_48352cd1,461,27,22,0,2
20260912_215351_529_traffic_scan_env2025_seed0-499_48352cd1,461,27,22,1,3
20260912_215351_529_traffic_scan_env2025_seed0-499_48352cd1,461,27,23,0,4
20260912_215351_529_traffic_scan_env2025_seed0-499_48352cd1,461,27,23,1,4
20260912_215351_529_traffic_scan_env2025_seed0-499_48352cd1,461,27,24,0,5
20260912_215351_529_traffic_scan_env2025_seed0-499_48352cd1,461,27,24,1,1
20260912_215351_529_traffic_scan_env2025_seed0-499_48352cd1,461,27,25,0,3
20260912_215351_529_traffic_scan_env2025_seed0-499_48352cd1,461,27,25,1,1
20260912_215351_529_traffic_scan_env2025_seed0-499_48352cd1,461,27,26,1,5
20260912_215351_529_traffic_scan_env2025_seed0-499_48352cd1,461,27,27,0,1
20260912_215351_529_traffic_scan_env2025_seed0-499_48352cd1,461,27,27,1,4
20260912_215351_529_traffic_scan_env2025_seed0-499_48352cd1,461,27,28,1,2
20260912_215351_529_traffic_scan_env2025_seed0-499_48352cd1,461,27,29,0,2
20260912_215351_529_traffic_scan_env2025_seed0-499_48352cd1,461,27,29,1,7
20260912_215351_529_traffic_scan_env2025_seed0-499_48352cd1,461,27,30,0,1
20260912_215351_529_traffic_scan_env2025_seed0-499_48352cd1,461,27,30,1,2
20260912_215351_529_traffic_scan_env2025_seed0-499_48352cd1,461,27,31,0,3
20260912_215351_529_traffic_scan_env2025_seed0-499_48352cd1,461,27,31,1,2
20260912_215351_529_traffic_scan_env2025_seed0-499_48352cd1,461,27,32,1,4
20260912_215351_529_traffic_scan_env2025_seed0-499_48352cd1,461,27,33,0,1
20260912_215351_529_traffic_scan_env2025_seed0-499_48352cd1,461,27,33,1,2
20260912_215351_529_traffic_scan_env2025_seed0-499_48352cd1,461,27,34,0,3
20260912_215351_529_traffic_scan_env2025_seed0-499_48352cd1,461,27,34,1,4
20260912_215351_529_traffic_scan_env2025_seed0-499_48352cd1,461,27,35,1,3
20260912_215351_529_traffic_scan_env2025_seed0-499_48352cd1,461,27,36,1,4
20260912_215351_529_traffic_scan_env2025_seed0-499_48352cd1,461,27,37,1,2
20260912_215351_529_traffic_scan_env2025_seed0-499_48352cd1,461,27,38,1,4
20260912_215351_529_traffic_scan_env2025_seed0-499_48352cd1,461,27,39,1,2
20260912_215351_529_traffic_scan_env2025_seed0-499_48352cd1,461,27,40,0,2
20260912_215351_529_traffic_scan_env2025_seed0-499_48352cd1,461,27,40,1,2
20260912_215351_529_traffic_scan_env2025_seed0-499_48352cd1,461,27,41,2,2
20260912_215351_529_traffic_scan_env2025_seed0-499_48352cd1,461,27,42,2,5
20260912_215351_529_traffic_scan_env2025_seed0-499_48352cd1,461,27,43,0,1
20260912_215351_529_traffic_scan_env2025_seed0-499_48352cd1,461,27,43,1,2
20260912_215351_529_traffic_scan_env2025_seed0-499_48352cd1,461,27,44,1,4
20260912_215351_529_traffic_scan_env2025_seed0-499_48352cd1,461,27,45,0,2
20260912_215351_529_traffic_scan_env2025_seed0-499_48352cd1,461,27,45,1,2
20260912_215351_529_traffic_scan_env2025_seed0-499_48352cd1,461,27,46,2,1
20260912_215351_529_traffic_scan_env2025_seed0-499_48352cd1,461,27,47,0,1
20260912_215351_529_traffic_scan_env2025_seed0-499_48352cd1,461,27,47,1,2
20260912_215351_529_traffic_scan_env2025_seed0-499_48352cd1,461,27,48,1,1
20260912_215351_529_traffic_scan_env2025_seed0-499_48352cd1,461,27,49,0,1
20260912_215351_529_traffic_scan_env2025_seed0-499_48352cd1,461,27,49,1,1
20260912_215351_529_traffic_scan_env2025_seed0-499_48352cd1,461,27,50,0,1
20260912_215351_529_traffic_scan_env2025_seed0-499_48352cd1,461,27,50,1,2
20260912_215351_529_traffic_scan_env2025_seed0-499_48352cd1,461,27,51,1,1
20260912_215351_529_traffic_scan_env2025_seed0-499_48352cd1,461,27,52,0,1
20260912_215351_529_traffic_scan_env2025_seed0-499_48352cd1,461,27,52,1,1
20260912_215351_529_traffic_scan_env2025_seed0-499_48352cd1,461,27,53,1,3
20260912_215351_529_traffic_scan_env2025_seed0-499_48352cd1,461,27,59,0,1
20260912_215351_529_traffic_scan_env2025_seed0-499_48352cd1,461,28,1,0,1
20260912_215351_529_traffic_scan_env2025_seed0-499_48352cd1,461,28,2,0,1
20260912_215351_529_traffic_scan_env2025_seed0-499_48352cd1,461,28,3,0,1
20260912_215351_529_traffic_scan_env2025_seed0-499_48352cd1,461,28,3,1,1
20260912_215351_529_traffic_scan_env2025_seed0-499_48352cd1,461,28,4,0,1
20260912_215351_529_traffic_scan_env2025_seed0-499_48352cd1,461,28,5,0,1
20260912_215351_529_traffic_scan_env2025_seed0-499_48352cd1,461,28,6,0,1
20260912_215351_529_traffic_scan_env2025_seed0-499_48352cd1,461,28,7,1,1
20260912_215351_529_traffic_scan_env2025_seed0-499_48352cd1,461,28,8,2,1
20260912_215351_529_traffic_scan_env2025_seed0-499_48352cd1,461,28,9,2,1
20260912_215351_529_traffic_scan_env2025_seed0-499_48352cd1,461,28,10,0,3
20260912_215351_529_traffic_scan_env2025_seed0-499_48352cd1,461,28,10,1,1
20260912_215351_529_traffic_scan_env2025_seed0-499_48352cd1,461,28,11,0,1
20260912_215351_529_traffic_scan_env2025_seed0-499_48352cd1,461,28,11,1,2
20260912_215351_529_traffic_scan_env2025_seed0-499_48352cd1,461,28,12,0,6
20260912_215351_529_traffic_scan_env2025_seed0-499_48352cd1,461,28,12,1,1
20260912_215351_529_traffic_scan_env2025_seed0-499_48352cd1,461,28,13,0,6
20260912_215351_529_traffic_scan_env2025_seed0-499_48352cd1,461,28,13,1,1
20260912_215351_529_traffic_scan_env2025_seed0-499_48352cd1,461,28,13,2,1
20260912_215351_529_traffic_scan_env2025_seed0-499_48352cd1,461,28,14,0,2
20260912_215351_529_traffic_scan_env2025_seed0-499_48352cd1,461,28,14,1,1
20260912_215351_529_traffic_scan_env2025_seed0-499_48352cd1,461,28,15,0,5
20260912_215351_529_traffic_scan_env2025_seed0-499_48352cd1,461,28,15,1,1
20260912_215351_529_traffic_scan_env2025_seed0-499_48352cd1,461,28,16,0,3
20260912_215351_529_traffic_scan_env2025_seed0-499_48352cd1,461,28,16,1,1
20260912_215351_529_traffic_scan_env2025_seed0-499_48352cd1,461,28,19,0,1
20260912_215351_529_traffic_scan_env2025_seed0-499_48352cd1,461,28,19,1,1
20260912_215351_529_traffic_scan_env2025_seed0-499_48352cd1,461,28,20,1,2
20260912_215351_529_traffic_scan_env2025_seed0-499_48352cd1,461,28,21,0,1
20260912_215351_529_traffic_scan_env2025_seed0-499_48352cd1,461,28,21,1,3
20260912_215351_529_traffic_scan_env2025_seed0-499_48352cd1,461,28,22,1,3
20260912_215351_529_traffic_scan_env2025_seed0-499_48352cd1,461,28,23,1,1
20260912_215351_529_traffic_scan_env2025_seed0-499_48352cd1,461,28,25,0,3
20260912_215351_529_traffic_scan_env2025_seed0-499_48352cd1,461,28,26,0,1
20260912_215351_529_traffic_scan_env2025_seed0-499_48352cd1,461,28,26,1,2
20260912_215351_529_traffic_scan_env2025_seed0-499_48352cd1,461,28,27,0,1
20260912_215351_529_traffic_scan_env2025_seed0-499_48352cd1,461,28,27,1,2
20260912_215351_529_traffic_scan_env2025_seed0-499_48352cd1,461,28,29,1,2
20260912_215351_529_traffic_scan_env2025_seed0-499_48352cd1,461,28,30,0,3
20260912_215351_529_traffic_scan_env2025_seed0-499_48352cd1,461,28,30,1,5
20260912_215351_529_traffic_scan_env2025_seed0-499_48352cd1,461,28,31,1,1
20260912_215351_529_traffic_scan_env2025_seed0-499_48352cd1,461,28,32,0,3
20260912_215351_529_traffic_scan_env2025_seed0-499_48352cd1,461,28,32,1,1
20260912_215351_529_traffic_scan_env2025_seed0-499_48352cd1,461,28,33,0,4
20260912_215351_529_traffic_scan_env2025_seed0-499_48352cd1,461,28,33,1,3
20260912_215351_529_traffic_scan_env2025_seed0-499_48352cd1,461,28,34,2,3
20260912_215351_529_traffic_scan_env2025_seed0-499_48352cd1,461,28,35,2,3
20260912_215351_529_traffic_scan_env2025_seed0-499_48352cd1,461,28,36,1,2
20260912_215351_529_traffic_scan_env2025_seed0-499_48352cd1,461,28,37,1,3
20260912_215351_529_traffic_scan_env2025_seed0-499_48352cd1,461,28,38,0,1
20260912_215351_529_traffic_scan_env2025_seed0-499_48352cd1,461,28,38,1,1
20260912_215351_529_traffic_scan_env2025_seed0-499_48352cd1,461,28,39,0,1
20260912_215351_529_traffic_scan_env2025_seed0-499_48352cd1,461,28,39,1,1
20260912_215351_529_traffic_scan_env2025_seed0-499_48352cd1,461,28,40,0,1
20260912_215351_529_traffic_scan_env2025_seed0-499_48352cd1,461,28,40,1,1
20260912_215351_529_traffic_scan_env2025_seed0-499_48352cd1,461,28,41,2,4
20260912_215351_529_traffic_scan_env2025_seed0-499_48352cd1,461,28,42,2,1
20260912_215351_529_traffic_scan_env2025_seed0-499_48352cd1,461,28,43,0,2
20260912_215351_529_traffic_scan_env2025_seed0-499_48352cd1,461,28,43,1,1
20260912_215351_529_traffic_scan_env2025_seed0-499_48352cd1,461,28,44,0,1
20260912_215351_529_traffic_scan_env2025_seed0-499_48352cd1,461,28,45,0,3
20260912_215351_529_traffic_scan_env2025_seed0-499_48352cd1,461,28,45,1,1
20260912_215351_529_traffic_scan_env2025_seed0-499_48352cd1,461,28,47,0,2
20260912_215351_529_traffic_scan_env2025_seed0-499_48352cd1,461,28,47,1,1
20260912_215351_529_traffic_scan_env2025_seed0-499_48352cd1,461,28,48,0,2
20260912_215351_529_traffic_scan_env2025_seed0-499_48352cd1,461,28,49,0,1
20260912_215351_529_traffic_scan_env2025_seed0-499_48352cd1,461,28,50,0,2
20260912_215351_529_traffic_scan_env2025_seed0-499_48352cd1,461,28,50,1,1
20260912_215351_529_traffic_scan_env2025_seed0-499_48352cd1,461,28,51,0,2
20260912_215351_529_traffic_scan_env2025_seed0-499_48352cd1,461,28,52,1,1
20260912_215351_529_traffic_scan_env2025_seed0-499_48352cd1,461,28,53,1,3
20260912_215351_529_traffic_scan_env2025_seed0-499_48352cd1,461,28,59,0,1
20260912_215351_529_traffic_scan_env2025_seed0-499_48352cd1,461,29,0,0,1
20260912_215351_529_traffic_scan_env2025_seed0-499_48352cd1,461,29,1,0,1
20260912_215351_529_traffic_scan_env2025_seed0-499_48352cd1,461,29,2,0,1
20260912_215351_529_traffic_scan_env2025_seed0-499_48352cd1,461,29,3,0,1
20260912_215351_529_traffic_scan_env2025_seed0-499_48352cd1,461,29,3,1,1
20260912_215351_529_traffic_scan_env2025_seed0-499_48352cd1,461,29,4,0,1
20260912_215351_529_traffic_scan_env2025_seed0-499_48352cd1,461,29,5,0,1
20260912_215351_529_traffic_scan_env2025_seed0-499_48352cd1,461,29,6,0,1
20260912_215351_529_traffic_scan_env2025_seed0-499_48352cd1,461,29,7,0,1
20260912_215351_529_traffic_scan_env2025_seed0-499_48352cd1,461,29,8,0,2
20260912_215351_529_traffic_scan_env2025_seed0-499_48352cd1,461,29,10,0,3
20260912_215351_529_traffic_scan_env2025_seed0-499_48352cd1,461,29,10,1,1
20260912_215351_529_traffic_scan_env2025_seed0-499_48352cd1,461,29,11,0,6
20260912_215351_529_traffic_scan_env2025_seed0-499_48352cd1,461,29,13,3,1
20260912_215351_529_traffic_scan_env2025_seed0-499_48352cd1,461,29,14,0,4
20260912_215351_529_traffic_scan_env2025_seed0-499_48352cd1,461,29,14,1,1
20260912_215351_529_traffic_scan_env2025_seed0-499_48352cd1,461,29,15,0,2
20260912_215351_529_traffic_scan_env2025_seed0-499_48352cd1,461,29,15,1,3
20260912_215351_529_traffic_scan_env2025_seed0-499_48352cd1,461,29,16,0,2
20260912_215351_529_traffic_scan_env2025_seed0-499_48352cd1,461,29,16,1,1
20260912_215351_529_traffic_scan_env2025_seed0-499_48352cd1,461,29,17,1,4
20260912_215351_529_traffic_scan_env2025_seed0-499_48352cd1,461,29,18,0,2
20260912_215351_529_traffic_scan_env2025_seed0-499_48352cd1,461,29,18,1,2
20260912_215351_529_traffic_scan_env2025_seed0-499_48352cd1,461,29,19,1,4
20260912_215351_529_traffic_scan_env2025_seed0-499_48352cd1,461,29,20,0,1
20260912_215351_529_traffic_scan_env2025_seed0-499_48352cd1,461,29,20,1,7
20260912_215351_529_traffic_scan_env2025_seed0-499_48352cd1,461,29,21,1,6
20260912_215351_529_traffic_scan_env2025_seed0-499_48352cd1,461,29,22,0,1
20260912_215351_529_traffic_scan_env2025_seed0-499_48352cd1,461,29,22,1,2
20260912_215351_529_traffic_scan_env2025_seed0-499_48352cd1,461,29,23,1,3
20260912_215351_529_traffic_scan_env2025_seed0-499_48352cd1,461,29,24,0,1
20260912_215351_529_traffic_scan_env2025_seed0-499_48352cd1,461,29,24,1,2
20260912_215351_529_traffic_scan_env2025_seed0-499_48352cd1,461,29,25,0,2
20260912_215351_529_traffic_scan_env2025_seed0-499_48352cd1,461,29,25,1,4
20260912_215351_529_traffic_scan_env2025_seed0-499_48352cd1,461,29,26,0,1
20260912_215351_529_traffic_scan_env2025_seed0-499_48352cd1,461,29,26,1,2
20260912_215351_529_traffic_scan_env2025_seed0-499_48352cd1,461,29,27,2,2
20260912_215351_529_traffic_scan_env2025_seed0-499_48352cd1,461,29,28,0,1
20260912_215351_529_traffic_scan_env2025_seed0-499_48352cd1,461,29,28,1,5
20260912_215351_529_traffic_scan_env2025_seed0-499_48352cd1,461,29,30,0,2
20260912_215351_529_traffic_scan_env2025_seed0-499_48352cd1,461,29,31,0,2
20260912_215351_529_traffic_scan_env2025_seed0-499_48352cd1,461,29,31,1,4
20260912_215351_529_traffic_scan_env2025_seed0-499_48352cd1,461,29,32,0,2
20260912_215351_529_traffic_scan_env2025_seed0-499_48352cd1,461,29,33,0,5
20260912_215351_529_traffic_scan_env2025_seed0-499_48352cd1,461,29,34,2,6
20260912_215351_529_traffic_scan_env2025_seed0-499_48352cd1,461,29,36,1,2
20260912_215351_529_traffic_scan_env2025_seed0-499_48352cd1,461,29,37,0,1
20260912_215351_529_traffic_scan_env2025_seed0-499_48352cd1,461,29,37,1,1
20260912_215351_529_traffic_scan_env2025_seed0-499_48352cd1,461,29,40,1,3
20260912_215351_529_traffic_scan_env2025_seed0-499_48352cd1,461,29,41,0,1
20260912_215351_529_traffic_scan_env2025_seed0-499_48352cd1,461,29,42,0,1
20260912_215351_529_traffic_scan_env2025_seed0-499_48352cd1,461,29,44,0,2
20260912_215351_529_traffic_scan_env2025_seed0-499_48352cd1,461,29,45,0,1
20260912_215351_529_traffic_scan_env2025_seed0-499_48352cd1,461,29,46,0,3
20260912_215351_529_traffic_scan_env2025_seed0-499_48352cd1,461,29,46,1,1
20260912_215351_529_traffic_scan_env2025_seed0-499_48352cd1,461,29,47,0,1
20260912_215351_529_traffic_scan_env2025_seed0-499_48352cd1,461,29,47,1,1
20260912_215351_529_traffic_scan_env2025_seed0-499_48352cd1,461,29,50,0,2
20260912_215351_529_traffic_scan_env2025_seed0-499_48352cd1,461,29,50,1,1
20260912_215351_529_traffic_scan_env2025_seed0-499_48352cd1,461,29,52,1,1
20260912_215351_529_traffic_scan_env2025_seed0-499_48352cd1,461,29,53,1,3
20260912_215351_529_traffic_scan_env2025_seed0-499_48352cd1,461,29,59,0,1
20260912_215351_529_traffic_scan_env2025_seed0-499_48352cd1,461,30,3,1,1
20260912_215351_529_traffic_scan_env2025_seed0-499_48352cd1,461,30,9,0,2
20260912_215351_529_traffic_scan_env2025_seed0-499_48352cd1,461,30,9,1,1
20260912_215351_529_traffic_scan_env2025_seed0-499_48352cd1,461,30,11,0,3
20260912_215351_529_traffic_scan_env2025_seed0-499_48352cd1,461,30,14,2,1
20260912_215351_529_traffic_scan_env2025_seed0-499_48352cd1,461,30,15,0,5
20260912_215351_529_traffic_scan_env2025_seed0-499_48352cd1,461,30,15,1,2
20260912_215351_529_traffic_scan_env2025_seed0-499_48352cd1,461,30,16,0,1
20260912_215351_529_traffic_scan_env2025_seed0-499_48352cd1,461,30,16,1,1
20260912_215351_529_traffic_scan_env2025_seed0-499_48352cd1,461,30,17,0,1
20260912_215351_529_traffic_scan_env2025_seed0-499_48352cd1,461,30,18,1,1
20260912_215351_529_traffic_scan_env2025_seed0-499_48352cd1,461,30,19,0,2
20260912_215351_529_traffic_scan_env2025_seed0-499_48352cd1,461,30,19,1,4
20260912_215351_529_traffic_scan_env2025_seed0-499_48352cd1,461,30,20,0,2
20260912_215351_529_traffic_scan_env2025_seed0-499_48352cd1,461,30,20,1,2
20260912_215351_529_traffic_scan_env2025_seed0-499_48352cd1,461,30,23,0,1
20260912_215351_529_traffic_scan_env2025_seed0-499_48352cd1,461,30,23,1,1
20260912_215351_529_traffic_scan_env2025_seed0-499_48352cd1,461,30,24,0,3
20260912_215351_529_traffic_scan_env2025_seed0-499_48352cd1,461,30,24,1,2
20260912_215351_529_traffic_scan_env2025_seed0-499_48352cd1,461,30,25,0,1
20260912_215351_529_traffic_scan_env2025_seed0-499_48352cd1,461,30,26,0,2
20260912_215351_529_traffic_scan_env2025_seed0-499_48352cd1,461,30,27,0,2
20260912_215351_529_traffic_scan_env2025_seed0-499_48352cd1,461,30,28,0,1
20260912_215351_529_traffic_scan_env2025_seed0-499_48352cd1,461,30,28,1,1
20260912_215351_529_traffic_scan_env2025_seed0-499_48352cd1,461,30,29,0,3
20260912_215351_529_traffic_scan_env2025_seed0-499_48352cd1,461,30,29,1,3
20260912_215351_529_traffic_scan_env2025_seed0-499_48352cd1,461,30,31,0,3
20260912_215351_529_traffic_scan_env2025_seed0-499_48352cd1,461,30,32,0,4
20260912_215351_529_traffic_scan_env2025_seed0-499_48352cd1,461,30,32,1,4
20260912_215351_529_traffic_scan_env2025_seed0-499_48352cd1,461,30,33,0,2
20260912_215351_529_traffic_scan_env2025_seed0-499_48352cd1,461,30,33,1,2
20260912_215351_529_traffic_scan_env2025_seed0-499_48352cd1,461,30,34,0,4
20260912_215351_529_traffic_scan_env2025_seed0-499_48352cd1,461,30,34,1,2
20260912_215351_529_traffic_scan_env2025_seed0-499_48352cd1,461,30,35,0,3
20260912_215351_529_traffic_scan_env2025_seed0-499_48352cd1,461,30,35,1,4
20260912_215351_529_traffic_scan_env2025_seed0-499_48352cd1,461,30,36,0,2
20260912_215351_529_traffic_scan_env2025_seed0-499_48352cd1,461,30,37,0,1
20260912_215351_529_traffic_scan_env2025_seed0-499_48352cd1,461,30,38,0,1
20260912_215351_529_traffic_scan_env2025_seed0-499_48352cd1,461,30,38,1,1
20260912_215351_529_traffic_scan_env2025_seed0-499_48352cd1,461,30,39,0,1
20260912_215351_529_traffic_scan_env2025_seed0-499_48352cd1,461,30,39,1,4
20260912_215351_529_traffic_scan_env2025_seed0-499_48352cd1,461,30,40,0,1
20260912_215351_529_traffic_scan_env2025_seed0-499_48352cd1,461,30,41,0,1
20260912_215351_529_traffic_scan_env2025_seed0-499_48352cd1,461,30,42,0,4
20260912_215351_529_traffic_scan_env2025_seed0-499_48352cd1,461,30,43,0,1
20260912_215351_529_traffic_scan_env2025_seed0-499_48352cd1,461,30,44,0,2
20260912_215351_529_traffic_scan_env2025_seed0-499_48352cd1,461,30,45,0,4
20260912_215351_529_traffic_scan_env2025_seed0-499_48352cd1,461,30,45,1,1
20260912_215351_529_traffic_scan_env2025_seed0-499_48352cd1,461,30,48,1,1
20260912_215351_529_traffic_scan_env2025_seed0-499_48352cd1,461,30,49,0,1
20260912_215351_529_traffic_scan_env2025_seed0-499_48352cd1,461,30,49,1,1
20260912_215351_529_traffic_scan_env2025_seed0-499_48352cd1,461,30,50,0,1
20260912_215351_529_traffic_scan_env2025_seed0-499_48352cd1,461,30,52,1,1
20260912_215351_529_traffic_scan_env2025_seed0-499_48352cd1,461,30,53,1,3
20260912_215351_529_traffic_scan_env2025_seed0-499_48352cd1,461,30,59,0,1
20260912_215351_529_traffic_scan_env2025_seed0-499_48352cd1,461,31,3,2,1
20260912_215351_529_traffic_scan_env2025_seed0-499_48352cd1,461,31,8,1,1
20260912_215351_529_traffic_scan_env2025_seed0-499_48352cd1,461,31,11,0,2
20260912_215351_529_traffic_scan_env2025_seed0-499_48352cd1,461,31,12,0,1
20260912_215351_529_traffic_scan_env2025_seed0-499_48352cd1,461,31,13,0,1
20260912_215351_529_traffic_scan_env2025_seed0-499_48352cd1,461,31,13,1,1
20260912_215351_529_traffic_scan_env2025_seed0-499_48352cd1,461,31,14,0,1
20260912_215351_529_traffic_scan_env2025_seed0-499_48352cd1,461,31,15,0,4
20260912_215351_529_traffic_scan_env2025_seed0-499_48352cd1,461,31,15,1,1
20260912_215351_529_traffic_scan_env2025_seed0-499_48352cd1,461,31,16,0,3
20260912_215351_529_traffic_scan_env2025_seed0-499_48352cd1,461,31,16,1,1
20260912_215351_529_traffic_scan_env2025_seed0-499_48352cd1,461,31,17,0,1
20260912_215351_529_traffic_scan_env2025_seed0-499_48352cd1,461,31,17,1,1
20260912_215351_529_traffic_scan_env2025_seed0-499_48352cd1,461,31,18,0,2
20260912_215351_529_traffic_scan_env2025_seed0-499_48352cd1,461,31,18,1,3
20260912_215351_529_traffic_scan_env2025_seed0-499_48352cd1,461,31,19,0,2
20260912_215351_529_traffic_scan_env2025_seed0-499_48352cd1,461,31,19,1,1
20260912_215351_529_traffic_scan_env2025_seed0-499_48352cd1,461,31,20,0,1
20260912_215351_529_traffic_scan_env2025_seed0-499_48352cd1,461,31,20,1,2
20260912_215351_529_traffic_scan_env2025_seed0-499_48352cd1,461,31,23,0,1
20260912_215351_529_traffic_scan_env2025_seed0-499_48352cd1,461,31,23,1,3
20260912_215351_529_traffic_scan_env2025_seed0-499_48352cd1,461,31,24,0,1
20260912_215351_529_traffic_scan_env2025_seed0-499_48352cd1,461,31,27,0,1
20260912_215351_529_traffic_scan_env2025_seed0-499_48352cd1,461,31,28,0,1
20260912_215351_529_traffic_scan_env2025_seed0-499_48352cd1,461,31,28,1,1
20260912_215351_529_traffic_scan_env2025_seed0-499_48352cd1,461,31,29,0,1
20260912_215351_529_traffic_scan_env2025_seed0-499_48352cd1,461,31,30,0,3
20260912_215351_529_traffic_scan_env2025_seed0-499_48352cd1,461,31,30,1,3
20260912_215351_529_traffic_scan_env2025_seed0-499_48352cd1,461,31,31,0,1
20260912_215351_529_traffic_scan_env2025_seed0-499_48352cd1,461,31,32,1,2
20260912_215351_529_traffic_scan_env2025_seed0-499_48352cd1,461,31,33,0,3
20260912_215351_529_traffic_scan_env2025_seed0-499_48352cd1,461,31,33,1,4
20260912_215351_529_traffic_scan_env2025_seed0-499_48352cd1,461,31,34,1,4
20260912_215351_529_traffic_scan_env2025_seed0-499_48352cd1,461,31,35,0,2
20260912_215351_529_traffic_scan_env2025_seed0-499_48352cd1,461,31,36,0,2
20260912_215351_529_traffic_scan_env2025_seed0-499_48352cd1,461,31,36,1,2
20260912_215351_529_traffic_scan_env2025_seed0-499_48352cd1,461,31,38,1,3
20260912_215351_529_traffic_scan_env2025_seed0-499_48352cd1,461,31,40,1,1
20260912_215351_529_traffic_scan_env2025_seed0-499_48352cd1,461,31,41,0,4
20260912_215351_529_traffic_scan_env2025_seed0-499_48352cd1,461,31,42,0,2
20260912_215351_529_traffic_scan_env2025_seed0-499_48352cd1,461,31,43,0,4
20260912_215351_529_traffic_scan_env2025_seed0-499_48352cd1,461,31,45,0,1
20260912_215351_529_traffic_scan_env2025_seed0-499_48352cd1,461,31,45,1,1
20260912_215351_529_traffic_scan_env2025_seed0-499_48352cd1,461,31,48,1,2
20260912_215351_529_traffic_scan_env2025_seed0-499_48352cd1,461,31,49,1,1
20260912_215351_529_traffic_scan_env2025_seed0-499_48352cd1,461,31,50,0,1
20260912_215351_529_traffic_scan_env2025_seed0-499_48352cd1,461,31,52,1,1
20260912_215351_529_traffic_scan_env2025_seed0-499_48352cd1,461,31,53,2,3
20260912_215351_529_traffic_scan_env2025_seed0-499_48352cd1,461,31,59,0,1
20260912_215351_529_traffic_scan_env2025_seed0-499_48352cd1,461,32,1,0,1
20260912_215351_529_traffic_scan_env2025_seed0-499_48352cd1,461,32,3,2,1
20260912_215351_529_traffic_scan_env2025_seed0-499_48352cd1,461,32,7,1,1
20260912_215351_529_traffic_scan_env2025_seed0-499_48352cd1,461,32,11,0,2
20260912_215351_529_traffic_scan_env2025_seed0-499_48352cd1,461,32,13,1,1
20260912_215351_529_traffic_scan_env2025_seed0-499_48352cd1,461,32,15,0,2
20260912_215351_529_traffic_scan_env2025_seed0-499_48352cd1,461,32,15,1,1
20260912_215351_529_traffic_scan_env2025_seed0-499_48352cd1,461,32,16,0,4
20260912_215351_529_traffic_scan_env2025_seed0-499_48352cd1,461,32,17,0,3
20260912_215351_529_traffic_scan_env2025_seed0-499_48352cd1,461,32,17,1,4
20260912_215351_529_traffic_scan_env2025_seed0-499_48352cd1,461,32,18,0,2
20260912_215351_529_traffic_scan_env2025_seed0-499_48352cd1,461,32,18,1,1
20260912_215351_529_traffic_scan_env2025_seed0-499_48352cd1,461,32,19,0,1
20260912_215351_529_traffic_scan_env2025_seed0-499_48352cd1,461,32,19,1,1
20260912_215351_529_traffic_scan_env2025_seed0-499_48352cd1,461,32,20,0,1
20260912_215351_529_traffic_scan_env2025_seed0-499_48352cd1,461,32,20,1,3
20260912_215351_529_traffic_scan_env2025_seed0-499_48352cd1,461,32,21,0,2
20260912_215351_529_traffic_scan_env2025_seed0-499_48352cd1,461,32,21,1,1
20260912_215351_529_traffic_scan_env2025_seed0-499_48352cd1,461,32,22,0,3
20260912_215351_529_traffic_scan_env2025_seed0-499_48352cd1,461,32,22,1,2
20260912_215351_529_traffic_scan_env2025_seed0-499_48352cd1,461,32,23,0,2
20260912_215351_529_traffic_scan_env2025_seed0-499_48352cd1,461,32,23,1,1
20260912_215351_529_traffic_scan_env2025_seed0-499_48352cd1,461,32,24,0,2
20260912_215351_529_traffic_scan_env2025_seed0-499_48352cd1,461,32,25,0,1
20260912_215351_529_traffic_scan_env2025_seed0-499_48352cd1,461,32,26,0,1
20260912_215351_529_traffic_scan_env2025_seed0-499_48352cd1,461,32,27,0,1
20260912_215351_529_traffic_scan_env2025_seed0-499_48352cd1,461,32,28,0,2
20260912_215351_529_traffic_scan_env2025_seed0-499_48352cd1,461,32,28,1,1
20260912_215351_529_traffic_scan_env2025_seed0-499_48352cd1,461,32,29,0,4
20260912_215351_529_traffic_scan_env2025_seed0-499_48352cd1,461,32,30,0,1
20260912_215351_529_traffic_scan_env2025_seed0-499_48352cd1,461,32,31,0,1
20260912_215351_529_traffic_scan_env2025_seed0-499_48352cd1,461,32,31,1,5
20260912_215351_529_traffic_scan_env2025_seed0-499_48352cd1,461,32,33,0,1
20260912_215351_529_traffic_scan_env2025_seed0-499_48352cd1,461,32,33,1,2
20260912_215351_529_traffic_scan_env2025_seed0-499_48352cd1,461,32,34,0,3
20260912_215351_529_traffic_scan_env2025_seed0-499_48352cd1,461,32,34,1,6
20260912_215351_529_traffic_scan_env2025_seed0-499_48352cd1,461,32,36,0,1
20260912_215351_529_traffic_scan_env2025_seed0-499_48352cd1,461,32,37,0,2
20260912_215351_529_traffic_scan_env2025_seed0-499_48352cd1,461,32,37,1,5
20260912_215351_529_traffic_scan_env2025_seed0-499_48352cd1,461,32,40,0,4
20260912_215351_529_traffic_scan_env2025_seed0-499_48352cd1,461,32,41,2,1
20260912_215351_529_traffic_scan_env2025_seed0-499_48352cd1,461,32,44,0,3
20260912_215351_529_traffic_scan_env2025_seed0-499_48352cd1,461,32,45,0,1
20260912_215351_529_traffic_scan_env2025_seed0-499_48352cd1,461,32,46,1,1
20260912_215351_529_traffic_scan_env2025_seed0-499_48352cd1,461,32,47,2,2
20260912_215351_529_traffic_scan_env2025_seed0-499_48352cd1,461,32,49,1,1
20260912_215351_529_traffic_scan_env2025_seed0-499_48352cd1,461,32,50,0,1
20260912_215351_529_traffic_scan_env2025_seed0-499_48352cd1,461,32,51,1,1
20260912_215351_529_traffic_scan_env2025_seed0-499_48352cd1,461,32,53,3,3
20260912_215351_529_traffic_scan_env2025_seed0-499_48352cd1,461,32,59,0,1
20260912_215351_529_traffic_scan_env2025_seed0-499_48352cd1,461,33,2,1,1
20260912_215351_529_traffic_scan_env2025_seed0-499_48352cd1,461,33,3,1,1
20260912_215351_529_traffic_scan_env2025_seed0-499_48352cd1,461,33,6,1,1
20260912_215351_529_traffic_scan_env2025_seed0-499_48352cd1,461,33,7,0,1
20260912_215351_529_traffic_scan_env2025_seed0-499_48352cd1,461,33,8,0,1
20260912_215351_529_traffic_scan_env2025_seed0-499_48352cd1,461,33,9,0,1
20260912_215351_529_traffic_scan_env2025_seed0-499_48352cd1,461,33,10,0,1
20260912_215351_529_traffic_scan_env2025_seed0-499_48352cd1,461,33,11,0,3
20260912_215351_529_traffic_scan_env2025_seed0-499_48352cd1,461,33,12,0,3
20260912_215351_529_traffic_scan_env2025_seed0-499_48352cd1,461,33,13,0,2
20260912_215351_529_traffic_scan_env2025_seed0-499_48352cd1,461,33,13,1,1
20260912_215351_529_traffic_scan_env2025_seed0-499_48352cd1,461,33,14,1,2
20260912_215351_529_traffic_scan_env2025_seed0-499_48352cd1,461,33,15,0,4
20260912_215351_529_traffic_scan_env2025_seed0-499_48352cd1,461,33,15,1,2
20260912_215351_529_traffic_scan_env2025_seed0-499_48352cd1,461,33,16,0,3
20260912_215351_529_traffic_scan_env2025_seed0-499_48352cd1,461,33,16,1,4
20260912_215351_529_traffic_scan_env2025_seed0-499_48352cd1,461,33,17,0,5
20260912_215351_529_traffic_scan_env2025_seed0-499_48352cd1,461,33,17,1,1
20260912_215351_529_traffic_scan_env2025_seed0-499_48352cd1,461,33,18,1,5
20260912_215351_529_traffic_scan_env2025_seed0-499_48352cd1,461,33,19,0,1
20260912_215351_529_traffic_scan_env2025_seed0-499_48352cd1,461,33,19,1,5
20260912_215351_529_traffic_scan_env2025_seed0-499_48352cd1,461,33,20,0,1
20260912_215351_529_traffic_scan_env2025_seed0-499_48352cd1,461,33,20,1,2
20260912_215351_529_traffic_scan_env2025_seed0-499_48352cd1,461,33,21,0,1
20260912_215351_529_traffic_scan_env2025_seed0-499_48352cd1,461,33,21,1,2
20260912_215351_529_traffic_scan_env2025_seed0-499_48352cd1,461,33,22,1,1
20260912_215351_529_traffic_scan_env2025_seed0-499_48352cd1,461,33,23,1,2
20260912_215351_529_traffic_scan_env2025_seed0-499_48352cd1,461,33,24,0,2
20260912_215351_529_traffic_scan_env2025_seed0-499_48352cd1,461,33,24,1,1
20260912_215351_529_traffic_scan_env2025_seed0-499_48352cd1,461,33,25,1,1
20260912_215351_529_traffic_scan_env2025_seed0-499_48352cd1,461,33,26,2,1
20260912_215351_529_traffic_scan_env2025_seed0-499_48352cd1,461,33,27,2,1
20260912_215351_529_traffic_scan_env2025_seed0-499_48352cd1,461,33,28,0,1
20260912_215351_529_traffic_scan_env2025_seed0-499_48352cd1,461,33,28,1,2
20260912_215351_529_traffic_scan_env2025_seed0-499_48352cd1,461,33,29,0,3
20260912_215351_529_traffic_scan_env2025_seed0-499_48352cd1,461,33,29,1,1
20260912_215351_529_traffic_scan_env2025_seed0-499_48352cd1,461,33,30,0,1
20260912_215351_529_traffic_scan_env2025_seed0-499_48352cd1,461,33,30,1,3
20260912_215351_529_traffic_scan_env2025_seed0-499_48352cd1,461,33,31,1,1
20260912_215351_529_traffic_scan_env2025_seed0-499_48352cd1,461,33,32,0,1
20260912_215351_529_traffic_scan_env2025_seed0-499_48352cd1,461,33,32,1,8
20260912_215351_529_traffic_scan_env2025_seed0-499_48352cd1,461,33,33,1,2
20260912_215351_529_traffic_scan_env2025_seed0-499_48352cd1,461,33,34,0,1
20260912_215351_529_traffic_scan_env2025_seed0-499_48352cd1,461,33,34,1,2
20260912_215351_529_traffic_scan_env2025_seed0-499_48352cd1,461,33,35,0,3
20260912_215351_529_traffic_scan_env2025_seed0-499_48352cd1,461,33,35,1,4
20260912_215351_529_traffic_scan_env2025_seed0-499_48352cd1,461,33,36,0,1
20260912_215351_529_traffic_scan_env2025_seed0-499_48352cd1,461,33,36,1,4
20260912_215351_529_traffic_scan_env2025_seed0-499_48352cd1,461,33,37,0,2
20260912_215351_529_traffic_scan_env2025_seed0-499_48352cd1,461,33,37,1,1
20260912_215351_529_traffic_scan_env2025_seed0-499_48352cd1,461,33,38,0,3
20260912_215351_529_traffic_scan_env2025_seed0-499_48352cd1,461,33,38,1,3
20260912_215351_529_traffic_scan_env2025_seed0-499_48352cd1,461,33,39,0,5
20260912_215351_529_traffic_scan_env2025_seed0-499_48352cd1,461,33,39,1,1
20260912_215351_529_traffic_scan_env2025_seed0-499_48352cd1,461,33,40,0,1
20260912_215351_529_traffic_scan_env2025_seed0-499_48352cd1,461,33,40,1,1
20260912_215351_529_traffic_scan_env2025_seed0-499_48352cd1,461,33,42,2,1
20260912_215351_529_traffic_scan_env2025_seed0-499_48352cd1,461,33,43,0,1
20260912_215351_529_traffic_scan_env2025_seed0-499_48352cd1,461,33,44,0,2
20260912_215351_529_traffic_scan_env2025_seed0-499_48352cd1,461,33,45,0,3
20260912_215351_529_traffic_scan_env2025_seed0-499_48352cd1,461,33,45,1,1
20260912_215351_529_traffic_scan_env2025_seed0-499_48352cd1,461,33,46,0,1
20260912_215351_529_traffic_scan_env2025_seed0-499_48352cd1,461,33,46,1,1
20260912_215351_529_traffic_scan_env2025_seed0-499_48352cd1,461,33,47,2,2
20260912_215351_529_traffic_scan_env2025_seed0-499_48352cd1,461,33,49,0,1
20260912_215351_529_traffic_scan_env2025_seed0-499_48352cd1,461,33,49,1,1
20260912_215351_529_traffic_scan_env2025_seed0-499_48352cd1,461,33,50,0,1
20260912_215351_529_traffic_scan_env2025_seed0-499_48352cd1,461,33,51,1,1
20260912_215351_529_traffic_scan_env2025_seed0-499_48352cd1,461,33,53,3,3
20260912_215351_529_traffic_scan_env2025_seed0-499_48352cd1,461,33,55,0,2
20260912_215351_529_traffic_scan_env2025_seed0-499_48352cd1,461,33,59,0,1
20260912_215351_529_traffic_scan_env2025_seed0-499_48352cd1,461,34,3,1,2
20260912_215351_529_traffic_scan_env2025_seed0-499_48352cd1,461,34,5,1,1
20260912_215351_529_traffic_scan_env2025_seed0-499_48352cd1,461,34,11,0,1
20260912_215351_529_traffic_scan_env2025_seed0-499_48352cd1,461,34,12,0,1
20260912_215351_529_traffic_scan_env2025_seed0-499_48352cd1,461,34,13,1,1
20260912_215351_529_traffic_scan_env2025_seed0-499_48352cd1,461,34,14,0,1
20260912_215351_529_traffic_scan_env2025_seed0-499_48352cd1,461,34,15,0,3
20260912_215351_529_traffic_scan_env2025_seed0-499_48352cd1,461,34,15,1,4
20260912_215351_529_traffic_scan_env2025_seed0-499_48352cd1,461,34,16,0,3
20260912_215351_529_traffic_scan_env2025_seed0-499_48352cd1,461,34,18,0,2
20260912_215351_529_traffic_scan_env2025_seed0-499_48352cd1,461,34,18,1,2
20260912_215351_529_traffic_scan_env2025_seed0-499_48352cd1,461,34,19,1,4
20260912_215351_529_traffic_scan_env2025_seed0-499_48352cd1,461,34,20,0,1
20260912_215351_529_traffic_scan_env2025_seed0-499_48352cd1,461,34,20,1,3
20260912_215351_529_traffic_scan_env2025_seed0-499_48352cd1,461,34,21,0,1
20260912_215351_529_traffic_scan_env2025_seed0-499_48352cd1,461,34,23,1,1
20260912_215351_529_traffic_scan_env2025_seed0-499_48352cd1,461,34,24,0,1
20260912_215351_529_traffic_scan_env2025_seed0-499_48352cd1,461,34,25,0,1
20260912_215351_529_traffic_scan_env2025_seed0-499_48352cd1,461,34,28,0,2
20260912_215351_529_traffic_scan_env2025_seed0-499_48352cd1,461,34,28,1,1
20260912_215351_529_traffic_scan_env2025_seed0-499_48352cd1,461,34,29,0,2
20260912_215351_529_traffic_scan_env2025_seed0-499_48352cd1,461,34,29,1,1
20260912_215351_529_traffic_scan_env2025_seed0-499_48352cd1,461,34,30,0,1
20260912_215351_529_traffic_scan_env2025_seed0-499_48352cd1,461,34,31,0,2
20260912_215351_529_traffic_scan_env2025_seed0-499_48352cd1,461,34,31,1,3
20260912_215351_529_traffic_scan_env2025_seed0-499_48352cd1,461,34,33,1,4
20260912_215351_529_traffic_scan_env2025_seed0-499_48352cd1,461,34,34,1,2
20260912_215351_529_traffic_scan_env2025_seed0-499_48352cd1,461,34,35,1,3
20260912_215351_529_traffic_scan_env2025_seed0-499_48352cd1,461,34,36,0,2
20260912_215351_529_traffic_scan_env2025_seed0-499_48352cd1,461,34,36,1,3
20260912_215351_529_traffic_scan_env2025_seed0-499_48352cd1,461,34,38,0,5
20260912_215351_529_traffic_scan_env2025_seed0-499_48352cd1,461,34,39,0,2
20260912_215351_529_traffic_scan_env2025_seed0-499_48352cd1,461,34,39,1,2
20260912_215351_529_traffic_scan_env2025_seed0-499_48352cd1,461,34,41,0,2
20260912_215351_529_traffic_scan_env2025_seed0-499_48352cd1,461,34,42,0,2
20260912_215351_529_traffic_scan_env2025_seed0-499_48352cd1,461,34,43,0,1
20260912_215351_529_traffic_scan_env2025_seed0-499_48352cd1,461,34,43,1,1
20260912_215351_529_traffic_scan_env2025_seed0-499_48352cd1,461,34,44,0,2
20260912_215351_529_traffic_scan_env2025_seed0-499_48352cd1,461,34,44,1,1
20260912_215351_529_traffic_scan_env2025_seed0-499_48352cd1,461,34,46,0,3
20260912_215351_529_traffic_scan_env2025_seed0-499_48352cd1,461,34,47,0,3
20260912_215351_529_traffic_scan_env2025_seed0-499_48352cd1,461,34,47,1,1
20260912_215351_529_traffic_scan_env2025_seed0-499_48352cd1,461,34,48,0,3
20260912_215351_529_traffic_scan_env2025_seed0-499_48352cd1,461,34,48,1,1
20260912_215351_529_traffic_scan_env2025_seed0-499_48352cd1,461,34,49,0,2
20260912_215351_529_traffic_scan_env2025_seed0-499_48352cd1,461,34,49,1,1
20260912_215351_529_traffic_scan_env2025_seed0-499_48352cd1,461,34,50,0,3
20260912_215351_529_traffic_scan_env2025_seed0-499_48352cd1,461,34,51,2,1
20260912_215351_529_traffic_scan_env2025_seed0-499_48352cd1,461,34,53,3,3
20260912_215351_529_traffic_scan_env2025_seed0-499_48352cd1,461,34,54,0,2
20260912_215351_529_traffic_scan_env2025_seed0-499_48352cd1,461,34,56,0,2
20260912_215351_529_traffic_scan_env2025_seed0-499_48352cd1,461,34,57,0,1
20260912_215351_529_traffic_scan_env2025_seed0-499_48352cd1,461,34,58,0,1
20260912_215351_529_traffic_scan_env2025_seed0-499_48352cd1,461,34,59,0,1
20260912_215351_529_traffic_scan_env2025_seed0-499_48352cd1,461,35,3,1,1
20260912_215351_529_traffic_scan_env2025_seed0-499_48352cd1,461,35,4,1,2
20260912_215351_529_traffic_scan_env2025_seed0-499_48352cd1,461,35,6,1,1
20260912_215351_529_traffic_scan_env2025_seed0-499_48352cd1,461,35,7,1,1
20260912_215351_529_traffic_scan_env2025_seed0-499_48352cd1,461,35,11,0,1
20260912_215351_529_traffic_scan_env2025_seed0-499_48352cd1,461,35,12,0,1
20260912_215351_529_traffic_scan_env2025_seed0-499_48352cd1,461,35,13,0,1
20260912_215351_529_traffic_scan_env2025_seed0-499_48352cd1,461,35,13,1,1
20260912_215351_529_traffic_scan_env2025_seed0-499_48352cd1,461,35,14,0,1
20260912_215351_529_traffic_scan_env2025_seed0-499_48352cd1,461,35,14,1,3
20260912_215351_529_traffic_scan_env2025_seed0-499_48352cd1,461,35,15,0,3
20260912_215351_529_traffic_scan_env2025_seed0-499_48352cd1,461,35,15,1,1
20260912_215351_529_traffic_scan_env2025_seed0-499_48352cd1,461,35,16,0,1
20260912_215351_529_traffic_scan_env2025_seed0-499_48352cd1,461,35,17,0,1
20260912_215351_529_traffic_scan_env2025_seed0-499_48352cd1,461,35,17,1,2
20260912_215351_529_traffic_scan_env2025_seed0-499_48352cd1,461,35,19,0,2
20260912_215351_529_traffic_scan_env2025_seed0-499_48352cd1,461,35,19,1,2
20260912_215351_529_traffic_scan_env2025_seed0-499_48352cd1,461,35,20,0,1
20260912_215351_529_traffic_scan_env2025_seed0-499_48352cd1,461,35,20,1,4
20260912_215351_529_traffic_scan_env2025_seed0-499_48352cd1,461,35,21,1,2
20260912_215351_529_traffic_scan_env2025_seed0-499_48352cd1,461,35,22,0,1
20260912_215351_529_traffic_scan_env2025_seed0-499_48352cd1,461,35,22,1,1
20260912_215351_529_traffic_scan_env2025_seed0-499_48352cd1,461,35,23,1,2
20260912_215351_529_traffic_scan_env2025_seed0-499_48352cd1,461,35,24,0,1
20260912_215351_529_traffic_scan_env2025_seed0-499_48352cd1,461,35,24,1,1
20260912_215351_529_traffic_scan_env2025_seed0-499_48352cd1,461,35,25,0,1
20260912_215351_529_traffic_scan_env2025_seed0-499_48352cd1,461,35,25,1,1
20260912_215351_529_traffic_scan_env2025_seed0-499_48352cd1,461,35,26,0,2
20260912_215351_529_traffic_scan_env2025_seed0-499_48352cd1,461,35,26,1,1
20260912_215351_529_traffic_scan_env2025_seed0-499_48352cd1,461,35,27,0,2
20260912_215351_529_traffic_scan_env2025_seed0-499_48352cd1,461,35,27,1,1
20260912_215351_529_traffic_scan_env2025_seed0-499_48352cd1,461,35,28,0,1
20260912_215351_529_traffic_scan_env2025_seed0-499_48352cd1,461,35,28,1,3
20260912_215351_529_traffic_scan_env2025_seed0-499_48352cd1,461,35,29,0,1
20260912_215351_529_traffic_scan_env2025_seed0-499_48352cd1,461,35,29,1,1
20260912_215351_529_traffic_scan_env2025_seed0-499_48352cd1,461,35,30,1,4
20260912_215351_529_traffic_scan_env2025_seed0-499_48352cd1,461,35,31,0,2
20260912_215351_529_traffic_scan_env2025_seed0-499_48352cd1,461,35,31,1,1
20260912_215351_529_traffic_scan_env2025_seed0-499_48352cd1,461,35,32,0,1
20260912_215351_529_traffic_scan_env2025_seed0-499_48352cd1,461,35,32,1,1
20260912_215351_529_traffic_scan_env2025_seed0-499_48352cd1,461,35,33,1,1
20260912_215351_529_traffic_scan_env2025_seed0-499_48352cd1,461,35,34,1,10
20260912_215351_529_traffic_scan_env2025_seed0-499_48352cd1,461,35,35,1,1
20260912_215351_529_traffic_scan_env2025_seed0-499_48352cd1,461,35,36,1,1
20260912_215351_529_traffic_scan_env2025_seed0-499_48352cd1,461,35,37,0,6
20260912_215351_529_traffic_scan_env2025_seed0-499_48352cd1,461,35,37,1,4
20260912_215351_529_traffic_scan_env2025_seed0-499_48352cd1,461,35,38,1,1
20260912_215351_529_traffic_scan_env2025_seed0-499_48352cd1,461,35,39,0,1
20260912_215351_529_traffic_scan_env2025_seed0-499_48352cd1,461,35,39,1,1
20260912_215351_529_traffic_scan_env2025_seed0-499_48352cd1,461,35,40,0,2
20260912_215351_529_traffic_scan_env2025_seed0-499_48352cd1,461,35,40,1,3
20260912_215351_529_traffic_scan_env2025_seed0-499_48352cd1,461,35,41,0,2
20260912_215351_529_traffic_scan_env2025_seed0-499_48352cd1,461,35,41,1,1
20260912_215351_529_traffic_scan_env2025_seed0-499_48352cd1,461,35,42,1,1
20260912_215351_529_traffic_scan_env2025_seed0-499_48352cd1,461,35,43,1,2
20260912_215351_529_traffic_scan_env2025_seed0-499_48352cd1,461,35,44,0,1
20260912_215351_529_traffic_scan_env2025_seed0-499_48352cd1,461,35,44,1,2
20260912_215351_529_traffic_scan_env2025_seed0-499_48352cd1,461,35,47,0,1
20260912_215351_529_traffic_scan_env2025_seed0-499_48352cd1,461,35,47,1,1
20260912_215351_529_traffic_scan_env2025_seed0-499_48352cd1,461,35,49,0,1
20260912_215351_529_traffic_scan_env2025_seed0-499_48352cd1,461,35,49,1,1
20260912_215351_529_traffic_scan_env2025_seed0-499_48352cd1,461,35,50,0,1
20260912_215351_529_traffic_scan_env2025_seed0-499_48352cd1,461,35,51,0,2
20260912_215351_529_traffic_scan_env2025_seed0-499_48352cd1,461,35,51,1,1
20260912_215351_529_traffic_scan_env2025_seed0-499_48352cd1,461,35,52,0,2
20260912_215351_529_traffic_scan_env2025_seed0-499_48352cd1,461,35,53,0,2
20260912_215351_529_traffic_scan_env2025_seed0-499_48352cd1,461,35,53,2,3
20260912_215351_529_traffic_scan_env2025_seed0-499_48352cd1,461,35,59,0,2
20260912_215351_529_traffic_scan_env2025_seed0-499_48352cd1,461,36,4,1,2
20260912_215351_529_traffic_scan_env2025_seed0-499_48352cd1,461,36,5,1,1
20260912_215351_529_traffic_scan_env2025_seed0-499_48352cd1,461,36,8,1,1
20260912_215351_529_traffic_scan_env2025_seed0-499_48352cd1,461,36,10,0,1
20260912_215351_529_traffic_scan_env2025_seed0-499_48352cd1,461,36,11,0,2
20260912_215351_529_traffic_scan_env2025_seed0-499_48352cd1,461,36,12,0,2
20260912_215351_529_traffic_scan_env2025_seed0-499_48352cd1,461,36,13,0,1
20260912_215351_529_traffic_scan_env2025_seed0-499_48352cd1,461,36,13,1,4
20260912_215351_529_traffic_scan_env2025_seed0-499_48352cd1,461,36,14,0,1
20260912_215351_529_traffic_scan_env2025_seed0-499_48352cd1,461,36,15,0,3
20260912_215351_529_traffic_scan_env2025_seed0-499_48352cd1,461,36,15,1,1
20260912_215351_529_traffic_scan_env2025_seed0-499_48352cd1,461,36,16,1,2
20260912_215351_529_traffic_scan_env2025_seed0-499_48352cd1,461,36,17,0,1
20260912_215351_529_traffic_scan_env2025_seed0-499_48352cd1,461,36,18,2,1
20260912_215351_529_traffic_scan_env2025_seed0-499_48352cd1,461,36,19,1,1
20260912_215351_529_traffic_scan_env2025_seed0-499_48352cd1,461,36,20,0,3
20260912_215351_529_traffic_scan_env2025_seed0-499_48352cd1,461,36,20,1,1
20260912_215351_529_traffic_scan_env2025_seed0-499_48352cd1,461,36,21,1,2
20260912_215351_529_traffic_scan_env2025_seed0-499_48352cd1,461,36,22,1,3
20260912_215351_529_traffic_scan_env2025_seed0-499_48352cd1,461,36,23,0,1
20260912_215351_529_traffic_scan_env2025_seed0-499_48352cd1,461,36,23,1,1
20260912_215351_529_traffic_scan_env2025_seed0-499_48352cd1,461,36,24,0,2
20260912_215351_529_traffic_scan_env2025_seed0-499_48352cd1,461,36,26,0,1
20260912_215351_529_traffic_scan_env2025_seed0-499_48352cd1,461,36,27,0,2
20260912_215351_529_traffic_scan_env2025_seed0-499_48352cd1,461,36,27,1,1
20260912_215351_529_traffic_scan_env2025_seed0-499_48352cd1,461,36,28,2,1
20260912_215351_529_traffic_scan_env2025_seed0-499_48352cd1,461,36,29,0,1
20260912_215351_529_traffic_scan_env2025_seed0-499_48352cd1,461,36,29,1,3
20260912_215351_529_traffic_scan_env2025_seed0-499_48352cd1,461,36,30,0,1
20260912_215351_529_traffic_scan_env2025_seed0-499_48352cd1,461,36,32,0,1
20260912_215351_529_traffic_scan_env2025_seed0-499_48352cd1,461,36,33,0,1
20260912_215351_529_traffic_scan_env2025_seed0-499_48352cd1,461,36,33,1,3
20260912_215351_529_traffic_scan_env2025_seed0-499_48352cd1,461,36,34,0,1
20260912_215351_529_traffic_scan_env2025_seed0-499_48352cd1,461,36,34,1,1
20260912_215351_529_traffic_scan_env2025_seed0-499_48352cd1,461,36,35,0,4
20260912_215351_529_traffic_scan_env2025_seed0-499_48352cd1,461,36,36,0,4
20260912_215351_529_traffic_scan_env2025_seed0-499_48352cd1,461,36,38,0,2
20260912_215351_529_traffic_scan_env2025_seed0-499_48352cd1,461,36,38,1,3
20260912_215351_529_traffic_scan_env2025_seed0-499_48352cd1,461,36,40,0,1
20260912_215351_529_traffic_scan_env2025_seed0-499_48352cd1,461,36,41,0,1
20260912_215351_529_traffic_scan_env2025_seed0-499_48352cd1,461,36,41,1,1
20260912_215351_529_traffic_scan_env2025_seed0-499_48352cd1,461,36,42,0,2
20260912_215351_529_traffic_scan_env2025_seed0-499_48352cd1,461,36,42,1,1
20260912_215351_529_traffic_scan_env2025_seed0-499_48352cd1,461,36,44,0,1
20260912_215351_529_traffic_scan_env2025_seed0-499_48352cd1,461,36,45,0,1
20260912_215351_529_traffic_scan_env2025_seed0-499_48352cd1,461,36,45,1,1
20260912_215351_529_traffic_scan_env2025_seed0-499_48352cd1,461,36,46,0,1
20260912_215351_529_traffic_scan_env2025_seed0-499_48352cd1,461,36,47,0,1
20260912_215351_529_traffic_scan_env2025_seed0-499_48352cd1,461,36,47,1,1
20260912_215351_529_traffic_scan_env2025_seed0-499_48352cd1,461,36,48,0,2
20260912_215351_529_traffic_scan_env2025_seed0-499_48352cd1,461,36,49,1,3
20260912_215351_529_traffic_scan_env2025_seed0-499_48352cd1,461,36,50,0,2
20260912_215351_529_traffic_scan_env2025_seed0-499_48352cd1,461,36,51,0,1
20260912_215351_529_traffic_scan_env2025_seed0-499_48352cd1,461,36,51,1,1
20260912_215351_529_traffic_scan_env2025_seed0-499_48352cd1,461,36,52,0,1
20260912_215351_529_traffic_scan_env2025_seed0-499_48352cd1,461,36,53,0,1
20260912_215351_529_traffic_scan_env2025_seed0-499_48352cd1,461,36,53,1,3
20260912_215351_529_traffic_scan_env2025_seed0-499_48352cd1,461,36,59,0,1
20260912_215351_529_traffic_scan_env2025_seed0-499_48352cd1,461,37,4,1,1
20260912_215351_529_traffic_scan_env2025_seed0-499_48352cd1,461,37,5,1,1
20260912_215351_529_traffic_scan_env2025_seed0-499_48352cd1,461,37,9,0,1
20260912_215351_529_traffic_scan_env2025_seed0-499_48352cd1,461,37,9,1,1
20260912_215351_529_traffic_scan_env2025_seed0-499_48352cd1,461,37,12,0,3
20260912_215351_529_traffic_scan_env2025_seed0-499_48352cd1,461,37,12,1,3
20260912_215351_529_traffic_scan_env2025_seed0-499_48352cd1,461,37,13,0,1
20260912_215351_529_traffic_scan_env2025_seed0-499_48352cd1,461,37,13,1,1
20260912_215351_529_traffic_scan_env2025_seed0-499_48352cd1,461,37,14,0,1
20260912_215351_529_traffic_scan_env2025_seed0-499_48352cd1,461,37,15,0,2
20260912_215351_529_traffic_scan_env2025_seed0-499_48352cd1,461,37,15,1,3
20260912_215351_529_traffic_scan_env2025_seed0-499_48352cd1,461,37,17,0,1
20260912_215351_529_traffic_scan_env2025_seed0-499_48352cd1,461,37,17,1,1
20260912_215351_529_traffic_scan_env2025_seed0-499_48352cd1,461,37,19,2,1
20260912_215351_529_traffic_scan_env2025_seed0-499_48352cd1,461,37,20,2,1
20260912_215351_529_traffic_scan_env2025_seed0-499_48352cd1,461,37,21,0,3
20260912_215351_529_traffic_scan_env2025_seed0-499_48352cd1,461,37,23,0,1
20260912_215351_529_traffic_scan_env2025_seed0-499_48352cd1,461,37,23,1,4
20260912_215351_529_traffic_scan_env2025_seed0-499_48352cd1,461,37,24,0,2
20260912_215351_529_traffic_scan_env2025_seed0-499_48352cd1,461,37,25,0,1
20260912_215351_529_traffic_scan_env2025_seed0-499_48352cd1,461,37,26,0,1
20260912_215351_529_traffic_scan_env2025_seed0-499_48352cd1,461,37,26,1,1
20260912_215351_529_traffic_scan_env2025_seed0-499_48352cd1,461,37,28,0,1
20260912_215351_529_traffic_scan_env2025_seed0-499_48352cd1,461,37,28,1,4
20260912_215351_529_traffic_scan_env2025_seed0-499_48352cd1,461,37,29,0,2
20260912_215351_529_traffic_scan_env2025_seed0-499_48352cd1,461,37,31,1,2
20260912_215351_529_traffic_scan_env2025_seed0-499_48352cd1,461,37,32,1,3
20260912_215351_529_traffic_scan_env2025_seed0-499_48352cd1,461,37,33,0,1
20260912_215351_529_traffic_scan_env2025_seed0-499_48352cd1,461,37,34,0,2
20260912_215351_529_traffic_scan_env2025_seed0-499_48352cd1,461,37,34,1,1
20260912_215351_529_traffic_scan_env2025_seed0-499_48352cd1,461,37,35,0,4
20260912_215351_529_traffic_scan_env2025_seed0-499_48352cd1,461,37,36,0,4
20260912_215351_529_traffic_scan_env2025_seed0-499_48352cd1,461,37,39,0,3
20260912_215351_529_traffic_scan_env2025_seed0-499_48352cd1,461,37,39,1,2
20260912_215351_529_traffic_scan_env2025_seed0-499_48352cd1,461,37,40,1,1
20260912_215351_529_traffic_scan_env2025_seed0-499_48352cd1,461,37,41,0,1
20260912_215351_529_traffic_scan_env2025_seed0-499_48352cd1,461,37,41,1,2
20260912_215351_529_traffic_scan_env2025_seed0-499_48352cd1,461,37,42,0,1
20260912_215351_529_traffic_scan_env2025_seed0-499_48352cd1,461,37,42,1,2
20260912_215351_529_traffic_scan_env2025_seed0-499_48352cd1,461,37,43,0,2
20260912_215351_529_traffic_scan_env2025_seed0-499_48352cd1,461,37,43,1,1
20260912_215351_529_traffic_scan_env2025_seed0-499_48352cd1,461,37,44,0,1
20260912_215351_529_traffic_scan_env2025_seed0-499_48352cd1,461,37,44,1,1
20260912_215351_529_traffic_scan_env2025_seed0-499_48352cd1,461,37,45,1,1
20260912_215351_529_traffic_scan_env2025_seed0-499_48352cd1,461,37,46,2,1
20260912_215351_529_traffic_scan_env2025_seed0-499_48352cd1,461,37,47,1,1
20260912_215351_529_traffic_scan_env2025_seed0-499_48352cd1,461,37,49,0,2
20260912_215351_529_traffic_scan_env2025_seed0-499_48352cd1,461,37,49,1,1
20260912_215351_529_traffic_scan_env2025_seed0-499_48352cd1,461,37,50,0,1
20260912_215351_529_traffic_scan_env2025_seed0-499_48352cd1,461,37,51,1,1
20260912_215351_529_traffic_scan_env2025_seed0-499_48352cd1,461,37,53,2,3
20260912_215351_529_traffic_scan_env2025_seed0-499_48352cd1,461,37,59,0,1
20260912_215351_529_traffic_scan_env2025_seed0-499_48352cd1,461,38,4,1,1
20260912_215351_529_traffic_scan_env2025_seed0-499_48352cd1,461,38,6,1,1
20260912_215351_529_traffic_scan_env2025_seed0-499_48352cd1,461,38,9,0,2
20260912_215351_529_traffic_scan_env2025_seed0-499_48352cd1,461,38,9,1,1
20260912_215351_529_traffic_scan_env2025_seed0-499_48352cd1,461,38,10,1,2
20260912_215351_529_traffic_scan_env2025_seed0-499_48352cd1,461,38,11,0,3
20260912_215351_529_traffic_scan_env2025_seed0-499_48352cd1,461,38,11,1,3
20260912_215351_529_traffic_scan_env2025_seed0-499_48352cd1,461,38,12,0,1
20260912_215351_529_traffic_scan_env2025_seed0-499_48352cd1,461,38,13,0,1
20260912_215351_529_traffic_scan_env2025_seed0-499_48352cd1,461,38,13,1,1
20260912_215351_529_traffic_scan_env2025_seed0-499_48352cd1,461,38,14,1,2
20260912_215351_529_traffic_scan_env2025_seed0-499_48352cd1,461,38,15,0,1
20260912_215351_529_traffic_scan_env2025_seed0-499_48352cd1,461,38,15,1,1
20260912_215351_529_traffic_scan_env2025_seed0-499_48352cd1,461,38,16,0,1
20260912_215351_529_traffic_scan_env2025_seed0-499_48352cd1,461,38,16,1,1
20260912_215351_529_traffic_scan_env2025_seed0-499_48352cd1,461,38,17,0,1
20260912_215351_529_traffic_scan_env2025_seed0-499_48352cd1,461,38,19,2,1
20260912_215351_529_traffic_scan_env2025_seed0-499_48352cd1,461,38,20,2,1
20260912_215351_529_traffic_scan_env2025_seed0-499_48352cd1,461,38,21,0,3
20260912_215351_529_traffic_scan_env2025_seed0-499_48352cd1,461,38,22,0,1
20260912_215351_529_traffic_scan_env2025_seed0-499_48352cd1,461,38,23,0,1
20260912_215351_529_traffic_scan_env2025_seed0-499_48352cd1,461,38,23,1,1
20260912_215351_529_traffic_scan_env2025_seed0-499_48352cd1,461,38,24,0,2
20260912_215351_529_traffic_scan_env2025_seed0-499_48352cd1,461,38,24,1,4
20260912_215351_529_traffic_scan_env2025_seed0-499_48352cd1,461,38,25,0,2
20260912_215351_529_traffic_scan_env2025_seed0-499_48352cd1,461,38,25,1,1
20260912_215351_529_traffic_scan_env2025_seed0-499_48352cd1,461,38,27,1,3
20260912_215351_529_traffic_scan_env2025_seed0-499_48352cd1,461,38,28,0,2
20260912_215351_529_traffic_scan_env2025_seed0-499_48352cd1,461,38,28,1,1
20260912_215351_529_traffic_scan_env2025_seed0-499_48352cd1,461,38,29,0,1
20260912_215351_529_traffic_scan_env2025_seed0-499_48352cd1,461,38,30,1,2
20260912_215351_529_traffic_scan_env2025_seed0-499_48352cd1,461,38,33,1,1
20260912_215351_529_traffic_scan_env2025_seed0-499_48352cd1,461,38,34,0,6
20260912_215351_529_traffic_scan_env2025_seed0-499_48352cd1,461,38,34,1,1
20260912_215351_529_traffic_scan_env2025_seed0-499_48352cd1,461,38,35,0,1
20260912_215351_529_traffic_scan_env2025_seed0-499_48352cd1,461,38,37,0,4
20260912_215351_529_traffic_scan_env2025_seed0-499_48352cd1,461,38,40,0,3
20260912_215351_529_traffic_scan_env2025_seed0-499_48352cd1,461,38,40,1,2
20260912_215351_529_traffic_scan_env2025_seed0-499_48352cd1,461,38,42,0,2
20260912_215351_529_traffic_scan_env2025_seed0-499_48352cd1,461,38,43,2,1
20260912_215351_529_traffic_scan_env2025_seed0-499_48352cd1,461,38,44,0,3
20260912_215351_529_traffic_scan_env2025_seed0-499_48352cd1,461,38,46,0,1
20260912_215351_529_traffic_scan_env2025_seed0-499_48352cd1,461,38,47,0,1
20260912_215351_529_traffic_scan_env2025_seed0-499_48352cd1,461,38,47,1,2
20260912_215351_529_traffic_scan_env2025_seed0-499_48352cd1,461,38,48,0,1
20260912_215351_529_traffic_scan_env2025_seed0-499_48352cd1,461,38,49,0,2
20260912_215351_529_traffic_scan_env2025_seed0-499_48352cd1,461,38,49,1,1
20260912_215351_529_traffic_scan_env2025_seed0-499_48352cd1,461,38,50,0,3
20260912_215351_529_traffic_scan_env2025_seed0-499_48352cd1,461,38,51,0,1
20260912_215351_529_traffic_scan_env2025_seed0-499_48352cd1,461,38,51,1,1
20260912_215351_529_traffic_scan_env2025_seed0-499_48352cd1,461,38,52,0,1
20260912_215351_529_traffic_scan_env2025_seed0-499_48352cd1,461,38,53,2,3
20260912_215351_529_traffic_scan_env2025_seed0-499_48352cd1,461,38,54,0,1
20260912_215351_529_traffic_scan_env2025_seed0-499_48352cd1,461,38,55,0,1
20260912_215351_529_traffic_scan_env2025_seed0-499_48352cd1,461,38,59,0,1
20260912_215351_529_traffic_scan_env2025_seed0-499_48352cd1,461,39,4,1,1
20260912_215351_529_traffic_scan_env2025_seed0-499_48352cd1,461,39,6,0,1
20260912_215351_529_traffic_scan_env2025_seed0-499_48352cd1,461,39,7,0,2
20260912_215351_529_traffic_scan_env2025_seed0-499_48352cd1,461,39,8,0,1
20260912_215351_529_traffic_scan_env2025_seed0-499_48352cd1,461,39,8,1,1
20260912_215351_529_traffic_scan_env2025_seed0-499_48352cd1,461,39,10,0,2
20260912_215351_529_traffic_scan_env2025_seed0-499_48352cd1,461,39,10,1,2
20260912_215351_529_traffic_scan_env2025_seed0-499_48352cd1,461,39,11,0,4
20260912_215351_529_traffic_scan_env2025_seed0-499_48352cd1,461,39,11,1,1
20260912_215351_529_traffic_scan_env2025_seed0-499_48352cd1,461,39,12,0,2
20260912_215351_529_traffic_scan_env2025_seed0-499_48352cd1,461,39,13,1,3
20260912_215351_529_traffic_scan_env2025_seed0-499_48352cd1,461,39,14,1,2
20260912_215351_529_traffic_scan_env2025_seed0-499_48352cd1,461,39,15,1,2
20260912_215351_529_traffic_scan_env2025_seed0-499_48352cd1,461,39,16,0,2
20260912_215351_529_traffic_scan_env2025_seed0-499_48352cd1,461,39,18,0,1
20260912_215351_529_traffic_scan_env2025_seed0-499_48352cd1,461,39,19,1,1
20260912_215351_529_traffic_scan_env2025_seed0-499_48352cd1,461,39,20,0,1
20260912_215351_529_traffic_scan_env2025_seed0-499_48352cd1,461,39,20,1,1
20260912_215351_529_traffic_scan_env2025_seed0-499_48352cd1,461,39,21,0,3
20260912_215351_529_traffic_scan_env2025_seed0-499_48352cd1,461,39,22,0,3
20260912_215351_529_traffic_scan_env2025_seed0-499_48352cd1,461,39,23,0,2
20260912_215351_529_traffic_scan_env2025_seed0-499_48352cd1,461,39,23,1,2
20260912_215351_529_traffic_scan_env2025_seed0-499_48352cd1,461,39,25,1,3
20260912_215351_529_traffic_scan_env2025_seed0-499_48352cd1,461,39,26,0,1
20260912_215351_529_traffic_scan_env2025_seed0-499_48352cd1,461,39,26,1,3
20260912_215351_529_traffic_scan_env2025_seed0-499_48352cd1,461,39,27,0,2
20260912_215351_529_traffic_scan_env2025_seed0-499_48352cd1,461,39,28,1,1
20260912_215351_529_traffic_scan_env2025_seed0-499_48352cd1,461,39,29,1,2
20260912_215351_529_traffic_scan_env2025_seed0-499_48352cd1,461,39,30,0,1
20260912_215351_529_traffic_scan_env2025_seed0-499_48352cd1,461,39,33,0,4
20260912_215351_529_traffic_scan_env2025_seed0-499_48352cd1,461,39,33,1,2
20260912_215351_529_traffic_scan_env2025_seed0-499_48352cd1,461,39,34,0,1
20260912_215351_529_traffic_scan_env2025_seed0-499_48352cd1,461,39,34,1,2
20260912_215351_529_traffic_scan_env2025_seed0-499_48352cd1,461,39,35,0,1
20260912_215351_529_traffic_scan_env2025_seed0-499_48352cd1,461,39,35,1,1
20260912_215351_529_traffic_scan_env2025_seed0-499_48352cd1,461,39,36,0,1
20260912_215351_529_traffic_scan_env2025_seed0-499_48352cd1,461,39,36,1,1
20260912_215351_529_traffic_scan_env2025_seed0-499_48352cd1,461,39,37,1,1
20260912_215351_529_traffic_scan_env2025_seed0-499_48352cd1,461,39,38,0,4
20260912_215351_529_traffic_scan_env2025_seed0-499_48352cd1,461,39,38,1,1
20260912_215351_529_traffic_scan_env2025_seed0-499_48352cd1,461,39,39,1,2
20260912_215351_529_traffic_scan_env2025_seed0-499_48352cd1,461,39,40,1,1
20260912_215351_529_traffic_scan_env2025_seed0-499_48352cd1,461,39,41,0,3
20260912_215351_529_traffic_scan_env2025_seed0-499_48352cd1,461,39,41,1,2
20260912_215351_529_traffic_scan_env2025_seed0-499_48352cd1,461,39,42,1,1
20260912_215351_529_traffic_scan_env2025_seed0-499_48352cd1,461,39,43,0,2
20260912_215351_529_traffic_scan_env2025_seed0-499_48352cd1,461,39,43,1,1
20260912_215351_529_traffic_scan_env2025_seed0-499_48352cd1,461,39,44,0,1
20260912_215351_529_traffic_scan_env2025_seed0-499_48352cd1,461,39,44,1,2
20260912_215351_529_traffic_scan_env2025_seed0-499_48352cd1,461,39,45,0,2
20260912_215351_529_traffic_scan_env2025_seed0-499_48352cd1,461,39,45,1,1
20260912_215351_529_traffic_scan_env2025_seed0-499_48352cd1,461,39,47,1,2
20260912_215351_529_traffic_scan_env2025_seed0-499_48352cd1,461,39,48,1,2
20260912_215351_529_traffic_scan_env2025_seed0-499_48352cd1,461,39,49,0,1
20260912_215351_529_traffic_scan_env2025_seed0-499_48352cd1,461,39,49,1,1
20260912_215351_529_traffic_scan_env2025_seed0-499_48352cd1,461,39,50,0,1
20260912_215351_529_traffic_scan_env2025_seed0-499_48352cd1,461,39,51,0,1
20260912_215351_529_traffic_scan_env2025_seed0-499_48352cd1,461,39,51,1,1
20260912_215351_529_traffic_scan_env2025_seed0-499_48352cd1,461,39,53,0,1
20260912_215351_529_traffic_scan_env2025_seed0-499_48352cd1,461,39,53,1,3
20260912_215351_529_traffic_scan_env2025_seed0-499_48352cd1,461,39,59,0,1
20260912_215351_529_traffic_scan_env2025_seed0-499_48352cd1,461,40,3,0,1
20260912_215351_529_traffic_scan_env2025_seed0-499_48352cd1,461,40,7,2,1
20260912_215351_529_traffic_scan_env2025_seed0-499_48352cd1,461,40,8,0,2
20260912_215351_529_traffic_scan_env2025_seed0-499_48352cd1,461,40,8,1,1
20260912_215351_529_traffic_scan_env2025_seed0-499_48352cd1,461,40,9,0,1
20260912_215351_529_traffic_scan_env2025_seed0-499_48352cd1,461,40,9,1,2
20260912_215351_529_traffic_scan_env2025_seed0-499_48352cd1,461,40,10,0,1
20260912_215351_529_traffic_scan_env2025_seed0-499_48352cd1,461,40,11,0,3
20260912_215351_529_traffic_scan_env2025_seed0-499_48352cd1,461,40,12,0,2
20260912_215351_529_traffic_scan_env2025_seed0-499_48352cd1,461,40,12,1,1
20260912_215351_529_traffic_scan_env2025_seed0-499_48352cd1,461,40,14,2,1
20260912_215351_529_traffic_scan_env2025_seed0-499_48352cd1,461,40,15,1,3
20260912_215351_529_traffic_scan_env2025_seed0-499_48352cd1,461,40,16,1,1
20260912_215351_529_traffic_scan_env2025_seed0-499_48352cd1,461,40,17,0,2
20260912_215351_529_traffic_scan_env2025_seed0-499_48352cd1,461,40,17,1,1
20260912_215351_529_traffic_scan_env2025_seed0-499_48352cd1,461,40,18,0,1
20260912_215351_529_traffic_scan_env2025_seed0-499_48352cd1,461,40,18,1,1
20260912_215351_529_traffic_scan_env2025_seed0-499_48352cd1,461,40,19,0,1
20260912_215351_529_traffic_scan_env2025_seed0-499_48352cd1,461,40,19,1,1
20260912_215351_529_traffic_scan_env2025_seed0-499_48352cd1,461,40,20,0,1
20260912_215351_529_traffic_scan_env2025_seed0-499_48352cd1,461,40,20,1,2
20260912_215351_529_traffic_scan_env2025_seed0-499_48352cd1,461,40,21,0,1
20260912_215351_529_traffic_scan_env2025_seed0-499_48352cd1,461,40,21,1,1
20260912_215351_529_traffic_scan_env2025_seed0-499_48352cd1,461,40,22,0,2
20260912_215351_529_traffic_scan_env2025_seed0-499_48352cd1,461,40,22,1,2
20260912_215351_529_traffic_scan_env2025_seed0-499_48352cd1,461,40,23,0,1
20260912_215351_529_traffic_scan_env2025_seed0-499_48352cd1,461,40,23,1,2
20260912_215351_529_traffic_scan_env2025_seed0-499_48352cd1,461,40,24,1,1
20260912_215351_529_traffic_scan_env2025_seed0-499_48352cd1,461,40,25,1,5
20260912_215351_529_traffic_scan_env2025_seed0-499_48352cd1,461,40,26,0,2
20260912_215351_529_traffic_scan_env2025_seed0-499_48352cd1,461,40,26,1,3
20260912_215351_529_traffic_scan_env2025_seed0-499_48352cd1,461,40,27,0,1
20260912_215351_529_traffic_scan_env2025_seed0-499_48352cd1,461,40,27,1,1
20260912_215351_529_traffic_scan_env2025_seed0-499_48352cd1,461,40,28,1,4
20260912_215351_529_traffic_scan_env2025_seed0-499_48352cd1,461,40,29,1,1
20260912_215351_529_traffic_scan_env2025_seed0-499_48352cd1,461,40,30,0,1
20260912_215351_529_traffic_scan_env2025_seed0-499_48352cd1,461,40,30,1,1
20260912_215351_529_traffic_scan_env2025_seed0-499_48352cd1,461,40,31,0,2
20260912_215351_529_traffic_scan_env2025_seed0-499_48352cd1,461,40,31,1,1
20260912_215351_529_traffic_scan_env2025_seed0-499_48352cd1,461,40,32,0,5
20260912_215351_529_traffic_scan_env2025_seed0-499_48352cd1,461,40,32,1,2
20260912_215351_529_traffic_scan_env2025_seed0-499_48352cd1,461,40,34,0,1
20260912_215351_529_traffic_scan_env2025_seed0-499_48352cd1,461,40,34,1,1
20260912_215351_529_traffic_scan_env2025_seed0-499_48352cd1,461,40,36,0,1
20260912_215351_529_traffic_scan_env2025_seed0-499_48352cd1,461,40,37,0,1
20260912_215351_529_traffic_scan_env2025_seed0-499_48352cd1,461,40,38,1,1
20260912_215351_529_traffic_scan_env2025_seed0-499_48352cd1,461,40,39,0,4
20260912_215351_529_traffic_scan_env2025_seed0-499_48352cd1,461,40,42,0,3
20260912_215351_529_traffic_scan_env2025_seed0-499_48352cd1,461,40,42,1,1
20260912_215351_529_traffic_scan_env2025_seed0-499_48352cd1,461,40,44,0,3
20260912_215351_529_traffic_scan_env2025_seed0-499_48352cd1,461,40,44,1,1
20260912_215351_529_traffic_scan_env2025_seed0-499_48352cd1,461,40,46,0,2
20260912_215351_529_traffic_scan_env2025_seed0-499_48352cd1,461,40,46,1,1
20260912_215351_529_traffic_scan_env2025_seed0-499_48352cd1,461,40,47,1,1
20260912_215351_529_traffic_scan_env2025_seed0-499_48352cd1,461,40,49,0,3
20260912_215351_529_traffic_scan_env2025_seed0-499_48352cd1,461,40,50,0,3
20260912_215351_529_traffic_scan_env2025_seed0-499_48352cd1,461,40,51,0,1
20260912_215351_529_traffic_scan_env2025_seed0-499_48352cd1,461,40,51,1,1
20260912_215351_529_traffic_scan_env2025_seed0-499_48352cd1,461,40,52,0,2
20260912_215351_529_traffic_scan_env2025_seed0-499_48352cd1,461,40,53,0,1
20260912_215351_529_traffic_scan_env2025_seed0-499_48352cd1,461,40,53,1,3
20260912_215351_529_traffic_scan_env2025_seed0-499_48352cd1,461,40,54,0,1
20260912_215351_529_traffic_scan_env2025_seed0-499_48352cd1,461,40,59,0,1
20260912_215351_529_traffic_scan_env2025_seed0-499_48352cd1,461,41,3,0,1
20260912_215351_529_traffic_scan_env2025_seed0-499_48352cd1,461,41,6,1,1
20260912_215351_529_traffic_scan_env2025_seed0-499_48352cd1,461,41,7,0,1
20260912_215351_529_traffic_scan_env2025_seed0-499_48352cd1,461,41,7,1,1
20260912_215351_529_traffic_scan_env2025_seed0-499_48352cd1,461,41,8,0,1
20260912_215351_529_traffic_scan_env2025_seed0-499_48352cd1,461,41,8,1,1
20260912_215351_529_traffic_scan_env2025_seed0-499_48352cd1,461,41,9,0,1
20260912_215351_529_traffic_scan_env2025_seed0-499_48352cd1,461,41,10,0,2
20260912_215351_529_traffic_scan_env2025_seed0-499_48352cd1,461,41,11,0,3
20260912_215351_529_traffic_scan_env2025_seed0-499_48352cd1,461,41,11,1,1
20260912_215351_529_traffic_scan_env2025_seed0-499_48352cd1,461,41,12,2,1
20260912_215351_529_traffic_scan_env2025_seed0-499_48352cd1,461,41,13,2,2
20260912_215351_529_traffic_scan_env2025_seed0-499_48352cd1,461,41,15,1,1
20260912_215351_529_traffic_scan_env2025_seed0-499_48352cd1,461,41,16,1,1
20260912_215351_529_traffic_scan_env2025_seed0-499_48352cd1,461,41,18,0,3
20260912_215351_529_traffic_scan_env2025_seed0-499_48352cd1,461,41,19,0,1
20260912_215351_529_traffic_scan_env2025_seed0-499_48352cd1,461,41,20,0,2
20260912_215351_529_traffic_scan_env2025_seed0-499_48352cd1,461,41,20,1,1
20260912_215351_529_traffic_scan_env2025_seed0-499_48352cd1,461,41,21,0,1
20260912_215351_529_traffic_scan_env2025_seed0-499_48352cd1,461,41,21,1,1
20260912_215351_529_traffic_scan_env2025_seed0-499_48352cd1,461,41,23,0,1
20260912_215351_529_traffic_scan_env2025_seed0-499_48352cd1,461,41,23,1,1
20260912_215351_529_traffic_scan_env2025_seed0-499_48352cd1,461,41,24,0,1
20260912_215351_529_traffic_scan_env2025_seed0-499_48352cd1,461,41,24,1,3
20260912_215351_529_traffic_scan_env2025_seed0-499_48352cd1,461,41,25,0,2
20260912_215351_529_traffic_scan_env2025_seed0-499_48352cd1,461,41,26,1,1
20260912_215351_529_traffic_scan_env2025_seed0-499_48352cd1,461,41,27,1,4
20260912_215351_529_traffic_scan_env2025_seed0-499_48352cd1,461,41,28,0,1
20260912_215351_529_traffic_scan_env2025_seed0-499_48352cd1,461,41,28,1,1
20260912_215351_529_traffic_scan_env2025_seed0-499_48352cd1,461,41,29,0,1
20260912_215351_529_traffic_scan_env2025_seed0-499_48352cd1,461,41,31,0,2
20260912_215351_529_traffic_scan_env2025_seed0-499_48352cd1,461,41,31,1,1
20260912_215351_529_traffic_scan_env2025_seed0-499_48352cd1,461,41,32,0,1
20260912_215351_529_traffic_scan_env2025_seed0-499_48352cd1,461,41,33,0,1
20260912_215351_529_traffic_scan_env2025_seed0-499_48352cd1,461,41,34,0,1
20260912_215351_529_traffic_scan_env2025_seed0-499_48352cd1,461,41,34,1,1
20260912_215351_529_traffic_scan_env2025_seed0-499_48352cd1,461,41,37,0,1
20260912_215351_529_traffic_scan_env2025_seed0-499_48352cd1,461,41,37,1,1
20260912_215351_529_traffic_scan_env2025_seed0-499_48352cd1,461,41,38,0,1
20260912_215351_529_traffic_scan_env2025_seed0-499_48352cd1,461,41,40,0,4
20260912_215351_529_traffic_scan_env2025_seed0-499_48352cd1,461,41,43,0,3
20260912_215351_529_traffic_scan_env2025_seed0-499_48352cd1,461,41,43,1,1
20260912_215351_529_traffic_scan_env2025_seed0-499_48352cd1,461,41,44,0,1
20260912_215351_529_traffic_scan_env2025_seed0-499_48352cd1,461,41,45,0,2
20260912_215351_529_traffic_scan_env2025_seed0-499_48352cd1,461,41,45,1,1
20260912_215351_529_traffic_scan_env2025_seed0-499_48352cd1,461,41,46,0,1
20260912_215351_529_traffic_scan_env2025_seed0-499_48352cd1,461,41,47,0,2
20260912_215351_529_traffic_scan_env2025_seed0-499_48352cd1,461,41,47,1,1
20260912_215351_529_traffic_scan_env2025_seed0-499_48352cd1,461,41,49,0,2
20260912_215351_529_traffic_scan_env2025_seed0-499_48352cd1,461,41,50,0,2
20260912_215351_529_traffic_scan_env2025_seed0-499_48352cd1,461,41,51,2,1
20260912_215351_529_traffic_scan_env2025_seed0-499_48352cd1,461,41,53,0,1
20260912_215351_529_traffic_scan_env2025_seed0-499_48352cd1,461,41,53,1,3
20260912_215351_529_traffic_scan_env2025_seed0-499_48352cd1,461,41,55,0,1
20260912_215351_529_traffic_scan_env2025_seed0-499_48352cd1,461,41,59,0,1
20260912_215351_529_traffic_scan_env2025_seed0-499_48352cd1,461,42,3,0,1
20260912_215351_529_traffic_scan_env2025_seed0-499_48352cd1,461,42,5,1,1
20260912_215351_529_traffic_scan_env2025_seed0-499_48352cd1,461,42,6,1,1
20260912_215351_529_traffic_scan_env2025_seed0-499_48352cd1,461,42,7,1,1
20260912_215351_529_traffic_scan_env2025_seed0-499_48352cd1,461,42,8,0,1
20260912_215351_529_traffic_scan_env2025_seed0-499_48352cd1,461,42,9,0,3
20260912_215351_529_traffic_scan_env2025_seed0-499_48352cd1,461,42,10,0,4
20260912_215351_529_traffic_scan_env2025_seed0-499_48352cd1,461,42,14,1,1
20260912_215351_529_traffic_scan_env2025_seed0-499_48352cd1,461,42,15,1,2
20260912_215351_529_traffic_scan_env2025_seed0-499_48352cd1,461,42,16,2,1
20260912_215351_529_traffic_scan_env2025_seed0-499_48352cd1,461,42,17,1,1
20260912_215351_529_traffic_scan_env2025_seed0-499_48352cd1,461,42,19,0,5
20260912_215351_529_traffic_scan_env2025_seed0-499_48352cd1,461,42,20,0,2
20260912_215351_529_traffic_scan_env2025_seed0-499_48352cd1,461,42,20,1,2
20260912_215351_529_traffic_scan_env2025_seed0-499_48352cd1,461,42,23,1,4
20260912_215351_529_traffic_scan_env2025_seed0-499_48352cd1,461,42,24,0,3
20260912_215351_529_traffic_scan_env2025_seed0-499_48352cd1,461,42,25,0,1
20260912_215351_529_traffic_scan_env2025_seed0-499_48352cd1,461,42,26,1,2
20260912_215351_529_traffic_scan_env2025_seed0-499_48352cd1,461,42,27,1,1
20260912_215351_529_traffic_scan_env2025_seed0-499_48352cd1,461,42,28,0,1
20260912_215351_529_traffic_scan_env2025_seed0-499_48352cd1,461,42,28,1,3
20260912_215351_529_traffic_scan_env2025_seed0-499_48352cd1,461,42,29,0,1
20260912_215351_529_traffic_scan_env2025_seed0-499_48352cd1,461,42,30,0,2
20260912_215351_529_traffic_scan_env2025_seed0-499_48352cd1,461,42,30,1,1
20260912_215351_529_traffic_scan_env2025_seed0-499_48352cd1,461,42,31,0,1
20260912_215351_529_traffic_scan_env2025_seed0-499_48352cd1,461,42,34,0,2
20260912_215351_529_traffic_scan_env2025_seed0-499_48352cd1,461,42,34,1,1
20260912_215351_529_traffic_scan_env2025_seed0-499_48352cd1,461,42,36,1,1
20260912_215351_529_traffic_scan_env2025_seed0-499_48352cd1,461,42,38,0,1
20260912_215351_529_traffic_scan_env2025_seed0-499_48352cd1,461,42,39,0,1
20260912_215351_529_traffic_scan_env2025_seed0-499_48352cd1,461,42,41,0,4
20260912_215351_529_traffic_scan_env2025_seed0-499_48352cd1,461,42,44,0,3
20260912_215351_529_traffic_scan_env2025_seed0-499_48352cd1,461,42,44,1,1
20260912_215351_529_traffic_scan_env2025_seed0-499_48352cd1,461,42,46,0,1
20260912_215351_529_traffic_scan_env2025_seed0-499_48352cd1,461,42,46,1,1
20260912_215351_529_traffic_scan_env2025_seed0-499_48352cd1,461,42,47,0,1
20260912_215351_529_traffic_scan_env2025_seed0-499_48352cd1,461,42,47,1,1
20260912_215351_529_traffic_scan_env2025_seed0-499_48352cd1,461,42,48,0,2
20260912_215351_529_traffic_scan_env2025_seed0-499_48352cd1,461,42,49,0,3
20260912_215351_529_traffic_scan_env2025_seed0-499_48352cd1,461,42,50,0,3
20260912_215351_529_traffic_scan_env2025_seed0-499_48352cd1,461,42,51,1,1
20260912_215351_529_traffic_scan_env2025_seed0-499_48352cd1,461,42,53,1,3
20260912_215351_529_traffic_scan_env2025_seed0-499_48352cd1,461,42,54,0,1
20260912_215351_529_traffic_scan_env2025_seed0-499_48352cd1,461,42,59,0,1
20260912_215351_529_traffic_scan_env2025_seed0-499_48352cd1,461,43,4,0,2
20260912_215351_529_traffic_scan_env2025_seed0-499_48352cd1,461,43,5,1,1
20260912_215351_529_traffic_scan_env2025_seed0-499_48352cd1,461,43,6,1,1
20260912_215351_529_traffic_scan_env2025_seed0-499_48352cd1,461,43,7,0,1
20260912_215351_529_traffic_scan_env2025_seed0-499_48352cd1,461,43,8,0,2
20260912_215351_529_traffic_scan_env2025_seed0-499_48352cd1,461,43,10,0,5
20260912_215351_529_traffic_scan_env2025_seed0-499_48352cd1,461,43,14,1,1
20260912_215351_529_traffic_scan_env2025_seed0-499_48352cd1,461,43,17,0,1
20260912_215351_529_traffic_scan_env2025_seed0-499_48352cd1,461,43,17,1,1
20260912_215351_529_traffic_scan_env2025_seed0-499_48352cd1,461,43,18,0,1
20260912_215351_529_traffic_scan_env2025_seed0-499_48352cd1,461,43,19,0,2
20260912_215351_529_traffic_scan_env2025_seed0-499_48352cd1,461,43,19,1,1
20260912_215351_529_traffic_scan_env2025_seed0-499_48352cd1,461,43,20,0,5
20260912_215351_529_traffic_scan_env2025_seed0-499_48352cd1,461,43,22,0,2
20260912_215351_529_traffic_scan_env2025_seed0-499_48352cd1,461,43,22,1,1
20260912_215351_529_traffic_scan_env2025_seed0-499_48352cd1,461,43,23,0,2
20260912_215351_529_traffic_scan_env2025_seed0-499_48352cd1,461,43,23,1,1
20260912_215351_529_traffic_scan_env2025_seed0-499_48352cd1,461,43,25,0,1
20260912_215351_529_traffic_scan_env2025_seed0-499_48352cd1,461,43,25,1,2
20260912_215351_529_traffic_scan_env2025_seed0-499_48352cd1,461,43,26,0,1
20260912_215351_529_traffic_scan_env2025_seed0-499_48352cd1,461,43,27,0,1
20260912_215351_529_traffic_scan_env2025_seed0-499_48352cd1,461,43,28,1,2
20260912_215351_529_traffic_scan_env2025_seed0-499_48352cd1,461,43,29,0,2
20260912_215351_529_traffic_scan_env2025_seed0-499_48352cd1,461,43,29,1,2
20260912_215351_529_traffic_scan_env2025_seed0-499_48352cd1,461,43,30,0,2
20260912_215351_529_traffic_scan_env2025_seed0-499_48352cd1,461,43,30,1,2
20260912_215351_529_traffic_scan_env2025_seed0-499_48352cd1,461,43,31,1,1
20260912_215351_529_traffic_scan_env2025_seed0-499_48352cd1,461,43,32,1,1
20260912_215351_529_traffic_scan_env2025_seed0-499_48352cd1,461,43,33,1,1
20260912_215351_529_traffic_scan_env2025_seed0-499_48352cd1,461,43,34,0,1
20260912_215351_529_traffic_scan_env2025_seed0-499_48352cd1,461,43,34,1,2
20260912_215351_529_traffic_scan_env2025_seed0-499_48352cd1,461,43,35,0,1
20260912_215351_529_traffic_scan_env2025_seed0-499_48352cd1,461,43,35,1,2
20260912_215351_529_traffic_scan_env2025_seed0-499_48352cd1,461,43,36,1,1
20260912_215351_529_traffic_scan_env2025_seed0-499_48352cd1,461,43,37,1,1
20260912_215351_529_traffic_scan_env2025_seed0-499_48352cd1,461,43,38,1,2
20260912_215351_529_traffic_scan_env2025_seed0-499_48352cd1,461,43,39,0,1
20260912_215351_529_traffic_scan_env2025_seed0-499_48352cd1,461,43,39,1,2
20260912_215351_529_traffic_scan_env2025_seed0-499_48352cd1,461,43,40,0,1
20260912_215351_529_traffic_scan_env2025_seed0-499_48352cd1,461,43,40,1,1
20260912_215351_529_traffic_scan_env2025_seed0-499_48352cd1,461,43,41,1,1
20260912_215351_529_traffic_scan_env2025_seed0-499_48352cd1,461,43,42,0,4
20260912_215351_529_traffic_scan_env2025_seed0-499_48352cd1,461,43,42,1,1
20260912_215351_529_traffic_scan_env2025_seed0-499_48352cd1,461,43,43,1,1
20260912_215351_529_traffic_scan_env2025_seed0-499_48352cd1,461,43,44,0,1
20260912_215351_529_traffic_scan_env2025_seed0-499_48352cd1,461,43,44,1,2
20260912_215351_529_traffic_scan_env2025_seed0-499_48352cd1,461,43,45,0,2
20260912_215351_529_traffic_scan_env2025_seed0-499_48352cd1,461,43,45,1,1
20260912_215351_529_traffic_scan_env2025_seed0-499_48352cd1,461,43,47,0,1
20260912_215351_529_traffic_scan_env2025_seed0-499_48352cd1,461,43,47,1,2
20260912_215351_529_traffic_scan_env2025_seed0-499_48352cd1,461,43,48,0,2
20260912_215351_529_traffic_scan_env2025_seed0-499_48352cd1,461,43,49,0,2
20260912_215351_529_traffic_scan_env2025_seed0-499_48352cd1,461,43,50,0,4
20260912_215351_529_traffic_scan_env2025_seed0-499_48352cd1,461,43,51,0,1
20260912_215351_529_traffic_scan_env2025_seed0-499_48352cd1,461,43,51,1,1
20260912_215351_529_traffic_scan_env2025_seed0-499_48352cd1,461,43,53,1,3
20260912_215351_529_traffic_scan_env2025_seed0-499_48352cd1,461,43,54,0,1
20260912_215351_529_traffic_scan_env2025_seed0-499_48352cd1,461,43,55,0,1
20260912_215351_529_traffic_scan_env2025_seed0-499_48352cd1,461,43,59,0,1
20260912_215351_529_traffic_scan_env2025_seed0-499_48352cd1,461,44,4,0,2
20260912_215351_529_traffic_scan_env2025_seed0-499_48352cd1,461,44,5,0,1
20260912_215351_529_traffic_scan_env2025_seed0-499_48352cd1,461,44,6,0,1
20260912_215351_529_traffic_scan_env2025_seed0-499_48352cd1,461,44,8,0,2
20260912_215351_529_traffic_scan_env2025_seed0-499_48352cd1,461,44,9,0,1
20260912_215351_529_traffic_scan_env2025_seed0-499_48352cd1,461,44,10,0,4
20260912_215351_529_traffic_scan_env2025_seed0-499_48352cd1,461,44,14,1,1
20260912_215351_529_traffic_scan_env2025_seed0-499_48352cd1,461,44,17,0,2
20260912_215351_529_traffic_scan_env2025_seed0-499_48352cd1,461,44,18,0,2
20260912_215351_529_traffic_scan_env2025_seed0-499_48352cd1,461,44,18,1,1
20260912_215351_529_traffic_scan_env2025_seed0-499_48352cd1,461,44,19,0,1
20260912_215351_529_traffic_scan_env2025_seed0-499_48352cd1,461,44,20,0,2
20260912_215351_529_traffic_scan_env2025_seed0-499_48352cd1,461,44,21,0,5
20260912_215351_529_traffic_scan_env2025_seed0-499_48352cd1,461,44,21,1,1
20260912_215351_529_traffic_scan_env2025_seed0-499_48352cd1,461,44,22,0,2
20260912_215351_529_traffic_scan_env2025_seed0-499_48352cd1,461,44,23,2,1
20260912_215351_529_traffic_scan_env2025_seed0-499_48352cd1,461,44,24,2,2
20260912_215351_529_traffic_scan_env2025_seed0-499_48352cd1,461,44,26,0,2
20260912_215351_529_traffic_scan_env2025_seed0-499_48352cd1,461,44,27,0,1
20260912_215351_529_traffic_scan_env2025_seed0-499_48352cd1,461,44,28,0,2
20260912_215351_529_traffic_scan_env2025_seed0-499_48352cd1,461,44,28,1,1
20260912_215351_529_traffic_scan_env2025_seed0-499_48352cd1,461,44,29,0,1
20260912_215351_529_traffic_scan_env2025_seed0-499_48352cd1,461,44,29,1,1
20260912_215351_529_traffic_scan_env2025_seed0-499_48352cd1,461,44,30,1,2
20260912_215351_529_traffic_scan_env2025_seed0-499_48352cd1,461,44,31,0,1
20260912_215351_529_traffic_scan_env2025_seed0-499_48352cd1,461,44,31,1,1
20260912_215351_529_traffic_scan_env2025_seed0-499_48352cd1,461,44,32,0,1
20260912_215351_529_traffic_scan_env2025_seed0-499_48352cd1,461,44,32,1,2
20260912_215351_529_traffic_scan_env2025_seed0-499_48352cd1,461,44,33,0,1
20260912_215351_529_traffic_scan_env2025_seed0-499_48352cd1,461,44,33,1,2
20260912_215351_529_traffic_scan_env2025_seed0-499_48352cd1,461,44,34,0,1
20260912_215351_529_traffic_scan_env2025_seed0-499_48352cd1,461,44,34,1,3
20260912_215351_529_traffic_scan_env2025_seed0-499_48352cd1,461,44,35,1,1
20260912_215351_529_traffic_scan_env2025_seed0-499_48352cd1,461,44,36,0,1
20260912_215351_529_traffic_scan_env2025_seed0-499_48352cd1,461,44,36,1,1
20260912_215351_529_traffic_scan_env2025_seed0-499_48352cd1,461,44,37,1,1
20260912_215351_529_traffic_scan_env2025_seed0-499_48352cd1,461,44,40,0,1
20260912_215351_529_traffic_scan_env2025_seed0-499_48352cd1,461,44,40,1,1
20260912_215351_529_traffic_scan_env2025_seed0-499_48352cd1,461,44,41,0,1
20260912_215351_529_traffic_scan_env2025_seed0-499_48352cd1,461,44,41,1,1
20260912_215351_529_traffic_scan_env2025_seed0-499_48352cd1,461,44,42,1,1
20260912_215351_529_traffic_scan_env2025_seed0-499_48352cd1,461,44,43,0,4
20260912_215351_529_traffic_scan_env2025_seed0-499_48352cd1,461,44,43,1,1
20260912_215351_529_traffic_scan_env2025_seed0-499_48352cd1,461,44,44,0,1
20260912_215351_529_traffic_scan_env2025_seed0-499_48352cd1,461,44,44,1,2
20260912_215351_529_traffic_scan_env2025_seed0-499_48352cd1,461,44,45,1,1
20260912_215351_529_traffic_scan_env2025_seed0-499_48352cd1,461,44,46,0,2
20260912_215351_529_traffic_scan_env2025_seed0-499_48352cd1,461,44,46,1,1
20260912_215351_529_traffic_scan_env2025_seed0-499_48352cd1,461,44,47,0,1
20260912_215351_529_traffic_scan_env2025_seed0-499_48352cd1,461,44,47,1,3
20260912_215351_529_traffic_scan_env2025_seed0-499_48352cd1,461,44,49,0,2
20260912_215351_529_traffic_scan_env2025_seed0-499_48352cd1,461,44,50,0,3
20260912_215351_529_traffic_scan_env2025_seed0-499_48352cd1,461,44,51,0,3
20260912_215351_529_traffic_scan_env2025_seed0-499_48352cd1,461,44,51,1,1
20260912_215351_529_traffic_scan_env2025_seed0-499_48352cd1,461,44,52,0,2
20260912_215351_529_traffic_scan_env2025_seed0-499_48352cd1,461,44,53,0,1
20260912_215351_529_traffic_scan_env2025_seed0-499_48352cd1,461,44,53,1,3
20260912_215351_529_traffic_scan_env2025_seed0-499_48352cd1,461,44,55,0,1
20260912_215351_529_traffic_scan_env2025_seed0-499_48352cd1,461,44,56,1,2
20260912_215351_529_traffic_scan_env2025_seed0-499_48352cd1,461,44,57,0,1
20260912_215351_529_traffic_scan_env2025_seed0-499_48352cd1,461,44,59,0,1
20260912_215351_529_traffic_scan_env2025_seed0-499_48352cd1,461,45,3,0,2
20260912_215351_529_traffic_scan_env2025_seed0-499_48352cd1,461,45,4,0,1
20260912_215351_529_traffic_scan_env2025_seed0-499_48352cd1,461,45,5,0,1
20260912_215351_529_traffic_scan_env2025_seed0-499_48352cd1,461,45,7,0,2
20260912_215351_529_traffic_scan_env2025_seed0-499_48352cd1,461,45,8,0,1
20260912_215351_529_traffic_scan_env2025_seed0-499_48352cd1,461,45,9,0,2
20260912_215351_529_traffic_scan_env2025_seed0-499_48352cd1,461,45,10,0,1
20260912_215351_529_traffic_scan_env2025_seed0-499_48352cd1,461,45,11,0,1
20260912_215351_529_traffic_scan_env2025_seed0-499_48352cd1,461,45,14,1,1
20260912_215351_529_traffic_scan_env2025_seed0-499_48352cd1,461,45,16,0,2
20260912_215351_529_traffic_scan_env2025_seed0-499_48352cd1,461,45,17,0,2
20260912_215351_529_traffic_scan_env2025_seed0-499_48352cd1,461,45,19,0,1
20260912_215351_529_traffic_scan_env2025_seed0-499_48352cd1,461,45,19,1,1
20260912_215351_529_traffic_scan_env2025_seed0-499_48352cd1,461,45,20,0,4
20260912_215351_529_traffic_scan_env2025_seed0-499_48352cd1,461,45,20,1,1
20260912_215351_529_traffic_scan_env2025_seed0-499_48352cd1,461,45,21,0,2
20260912_215351_529_traffic_scan_env2025_seed0-499_48352cd1,461,45,21,1,2
20260912_215351_529_traffic_scan_env2025_seed0-499_48352cd1,461,45,22,0,3
20260912_215351_529_traffic_scan_env2025_seed0-499_48352cd1,461,45,22,1,2
20260912_215351_529_traffic_scan_env2025_seed0-499_48352cd1,461,45,23,2,3
20260912_215351_529_traffic_scan_env2025_seed0-499_48352cd1,461,45,25,0,1
20260912_215351_529_traffic_scan_env2025_seed0-499_48352cd1,461,45,27,0,3
20260912_215351_529_traffic_scan_env2025_seed0-499_48352cd1,461,45,28,0,2
20260912_215351_529_traffic_scan_env2025_seed0-499_48352cd1,461,45,28,1,1
20260912_215351_529_traffic_scan_env2025_seed0-499_48352cd1,461,45,30,1,2
20260912_215351_529_traffic_scan_env2025_seed0-499_48352cd1,461,45,31,1,1
20260912_215351_529_traffic_scan_env2025_seed0-499_48352cd1,461,45,34,0,2
20260912_215351_529_traffic_scan_env2025_seed0-499_48352cd1,461,45,35,0,1
20260912_215351_529_traffic_scan_env2025_seed0-499_48352cd1,461,45,37,0,1
20260912_215351_529_traffic_scan_env2025_seed0-499_48352cd1,461,45,40,0,1
20260912_215351_529_traffic_scan_env2025_seed0-499_48352cd1,461,45,42,0,1
20260912_215351_529_traffic_scan_env2025_seed0-499_48352cd1,461,45,44,0,5
20260912_215351_529_traffic_scan_env2025_seed0-499_48352cd1,461,45,44,1,1
20260912_215351_529_traffic_scan_env2025_seed0-499_48352cd1,461,45,46,0,1
20260912_215351_529_traffic_scan_env2025_seed0-499_48352cd1,461,45,47,0,4
20260912_215351_529_traffic_scan_env2025_seed0-499_48352cd1,461,45,47,1,1
20260912_215351_529_traffic_scan_env2025_seed0-499_48352cd1,461,45,48,2,1
20260912_215351_529_traffic_scan_env2025_seed0-499_48352cd1,461,45,49,0,3
20260912_215351_529_traffic_scan_env2025_seed0-499_48352cd1,461,45,50,0,3
20260912_215351_529_traffic_scan_env2025_seed0-499_48352cd1,461,45,51,0,1
20260912_215351_529_traffic_scan_env2025_seed0-499_48352cd1,461,45,51,1,1
20260912_215351_529_traffic_scan_env2025_seed0-499_48352cd1,461,45,52,0,3
20260912_215351_529_traffic_scan_env2025_seed0-499_48352cd1,461,45,53,0,2
20260912_215351_529_traffic_scan_env2025_seed0-499_48352cd1,461,45,53,1,3
20260912_215351_529_traffic_scan_env2025_seed0-499_48352cd1,461,45,57,1,1
20260912_215351_529_traffic_scan_env2025_seed0-499_48352cd1,461,45,59,0,1
20260912_215351_529_traffic_scan_env2025_seed0-499_48352cd1,461,46,3,0,2
20260912_215351_529_traffic_scan_env2025_seed0-499_48352cd1,461,46,6,0,2
20260912_215351_529_traffic_scan_env2025_seed0-499_48352cd1,461,46,7,0,1
20260912_215351_529_traffic_scan_env2025_seed0-499_48352cd1,461,46,8,0,2
20260912_215351_529_traffic_scan_env2025_seed0-499_48352cd1,461,46,10,0,1
20260912_215351_529_traffic_scan_env2025_seed0-499_48352cd1,461,46,12,0,1
20260912_215351_529_traffic_scan_env2025_seed0-499_48352cd1,461,46,14,1,1
20260912_215351_529_traffic_scan_env2025_seed0-499_48352cd1,461,46,15,0,1
20260912_215351_529_traffic_scan_env2025_seed0-499_48352cd1,461,46,16,0,2
20260912_215351_529_traffic_scan_env2025_seed0-499_48352cd1,461,46,17,0,2
20260912_215351_529_traffic_scan_env2025_seed0-499_48352cd1,461,46,18,0,1
20260912_215351_529_traffic_scan_env2025_seed0-499_48352cd1,461,46,19,0,4
20260912_215351_529_traffic_scan_env2025_seed0-499_48352cd1,461,46,19,1,1
20260912_215351_529_traffic_scan_env2025_seed0-499_48352cd1,461,46,20,0,5
20260912_215351_529_traffic_scan_env2025_seed0-499_48352cd1,461,46,20,1,1
20260912_215351_529_traffic_scan_env2025_seed0-499_48352cd1,461,46,22,3,2
20260912_215351_529_traffic_scan_env2025_seed0-499_48352cd1,461,46,23,0,3
20260912_215351_529_traffic_scan_env2025_seed0-499_48352cd1,461,46,23,1,3
20260912_215351_529_traffic_scan_env2025_seed0-499_48352cd1,461,46,24,0,1
20260912_215351_529_traffic_scan_env2025_seed0-499_48352cd1,461,46,24,1,1
20260912_215351_529_traffic_scan_env2025_seed0-499_48352cd1,461,46,25,1,1
20260912_215351_529_traffic_scan_env2025_seed0-499_48352cd1,461,46,26,0,2
20260912_215351_529_traffic_scan_env2025_seed0-499_48352cd1,461,46,26,1,1
20260912_215351_529_traffic_scan_env2025_seed0-499_48352cd1,461,46,27,0,1
20260912_215351_529_traffic_scan_env2025_seed0-499_48352cd1,461,46,27,1,1
20260912_215351_529_traffic_scan_env2025_seed0-499_48352cd1,461,46,28,0,1
20260912_215351_529_traffic_scan_env2025_seed0-499_48352cd1,461,46,28,1,2
20260912_215351_529_traffic_scan_env2025_seed0-499_48352cd1,461,46,29,0,1
20260912_215351_529_traffic_scan_env2025_seed0-499_48352cd1,461,46,29,1,1
20260912_215351_529_traffic_scan_env2025_seed0-499_48352cd1,461,46,30,1,2
20260912_215351_529_traffic_scan_env2025_seed0-499_48352cd1,461,46,31,1,1
20260912_215351_529_traffic_scan_env2025_seed0-499_48352cd1,461,46,34,0,1
20260912_215351_529_traffic_scan_env2025_seed0-499_48352cd1,461,46,35,0,2
20260912_215351_529_traffic_scan_env2025_seed0-499_48352cd1,461,46,38,0,1
20260912_215351_529_traffic_scan_env2025_seed0-499_48352cd1,461,46,39,0,2
20260912_215351_529_traffic_scan_env2025_seed0-499_48352cd1,461,46,40,0,3
20260912_215351_529_traffic_scan_env2025_seed0-499_48352cd1,461,46,43,0,1
20260912_215351_529_traffic_scan_env2025_seed0-499_48352cd1,461,46,44,0,3
20260912_215351_529_traffic_scan_env2025_seed0-499_48352cd1,461,46,44,1,1
20260912_215351_529_traffic_scan_env2025_seed0-499_48352cd1,461,46,45,0,3
20260912_215351_529_traffic_scan_env2025_seed0-499_48352cd1,461,46,47,0,1
20260912_215351_529_traffic_scan_env2025_seed0-499_48352cd1,461,46,47,1,1
20260912_215351_529_traffic_scan_env2025_seed0-499_48352cd1,461,46,48,0,3
20260912_215351_529_traffic_scan_env2025_seed0-499_48352cd1,461,46,49,0,2
20260912_215351_529_traffic_scan_env2025_seed0-499_48352cd1,461,46,49,1,1
20260912_215351_529_traffic_scan_env2025_seed0-499_48352cd1,461,46,50,0,3
20260912_215351_529_traffic_scan_env2025_seed0-499_48352cd1,461,46,51,1,1
20260912_215351_529_traffic_scan_env2025_seed0-499_48352cd1,461,46,53,0,2
20260912_215351_529_traffic_scan_env2025_seed0-499_48352cd1,461,46,53,1,3
20260912_215351_529_traffic_scan_env2025_seed0-499_48352cd1,461,46,58,1,1
20260912_215351_529_traffic_scan_env2025_seed0-499_48352cd1,461,46,59,0,1
20260912_215351_529_traffic_scan_env2025_seed0-499_48352cd1,461,47,2,0,1
20260912_215351_529_traffic_scan_env2025_seed0-499_48352cd1,461,47,3,0,1
20260912_215351_529_traffic_scan_env2025_seed0-499_48352cd1,461,47,5,0,2
20260912_215351_529_traffic_scan_env2025_seed0-499_48352cd1,461,47,6,0,1
20260912_215351_529_traffic_scan_env2025_seed0-499_48352cd1,461,47,7,0,2
20260912_215351_529_traffic_scan_env2025_seed0-499_48352cd1,461,47,9,0,1
20260912_215351_529_traffic_scan_env2025_seed0-499_48352cd1,461,47,10,0,2
20260912_215351_529_traffic_scan_env2025_seed0-499_48352cd1,461,47,11,0,1
20260912_215351_529_traffic_scan_env2025_seed0-499_48352cd1,461,47,12,0,1
20260912_215351_529_traffic_scan_env2025_seed0-499_48352cd1,461,47,13,0,2
20260912_215351_529_traffic_scan_env2025_seed0-499_48352cd1,461,47,14,0,2
20260912_215351_529_traffic_scan_env2025_seed0-499_48352cd1,461,47,14,1,1
20260912_215351_529_traffic_scan_env2025_seed0-499_48352cd1,461,47,15,0,3
20260912_215351_529_traffic_scan_env2025_seed0-499_48352cd1,461,47,16,0,1
20260912_215351_529_traffic_scan_env2025_seed0-499_48352cd1,461,47,18,0,3
20260912_215351_529_traffic_scan_env2025_seed0-499_48352cd1,461,47,18,1,1
20260912_215351_529_traffic_scan_env2025_seed0-499_48352cd1,461,47,19,0,1
20260912_215351_529_traffic_scan_env2025_seed0-499_48352cd1,461,47,20,0,4
20260912_215351_529_traffic_scan_env2025_seed0-499_48352cd1,461,47,21,3,2
20260912_215351_529_traffic_scan_env2025_seed0-499_48352cd1,461,47,23,0,3
20260912_215351_529_traffic_scan_env2025_seed0-499_48352cd1,461,47,24,0,2
20260912_215351_529_traffic_scan_env2025_seed0-499_48352cd1,461,47,24,1,1
20260912_215351_529_traffic_scan_env2025_seed0-499_48352cd1,461,47,25,0,2
20260912_215351_529_traffic_scan_env2025_seed0-499_48352cd1,461,47,26,0,1
20260912_215351_529_traffic_scan_env2025_seed0-499_48352cd1,461,47,28,1,1
20260912_215351_529_traffic_scan_env2025_seed0-499_48352cd1,461,47,29,0,1
20260912_215351_529_traffic_scan_env2025_seed0-499_48352cd1,461,47,30,0,1
20260912_215351_529_traffic_scan_env2025_seed0-499_48352cd1,461,47,30,1,1
20260912_215351_529_traffic_scan_env2025_seed0-499_48352cd1,461,47,32,1,1
20260912_215351_529_traffic_scan_env2025_seed0-499_48352cd1,461,47,33,0,1
20260912_215351_529_traffic_scan_env2025_seed0-499_48352cd1,461,47,33,1,1
20260912_215351_529_traffic_scan_env2025_seed0-499_48352cd1,461,47,35,0,1
20260912_215351_529_traffic_scan_env2025_seed0-499_48352cd1,461,47,36,0,1
20260912_215351_529_traffic_scan_env2025_seed0-499_48352cd1,461,47,37,0,1
20260912_215351_529_traffic_scan_env2025_seed0-499_48352cd1,461,47,37,1,1
20260912_215351_529_traffic_scan_env2025_seed0-499_48352cd1,461,47,38,0,1
20260912_215351_529_traffic_scan_env2025_seed0-499_48352cd1,461,47,38,1,1
20260912_215351_529_traffic_scan_env2025_seed0-499_48352cd1,461,47,39,2,1
20260912_215351_529_traffic_scan_env2025_seed0-499_48352cd1,461,47,41,0,3
20260912_215351_529_traffic_scan_env2025_seed0-499_48352cd1,461,47,44,0,1
20260912_215351_529_traffic_scan_env2025_seed0-499_48352cd1,461,47,44,1,1
20260912_215351_529_traffic_scan_env2025_seed0-499_48352cd1,461,47,45,0,2
20260912_215351_529_traffic_scan_env2025_seed0-499_48352cd1,461,47,46,0,3
20260912_215351_529_traffic_scan_env2025_seed0-499_48352cd1,461,47,47,1,1
20260912_215351_529_traffic_scan_env2025_seed0-499_48352cd1,461,47,48,0,1
20260912_215351_529_traffic_scan_env2025_seed0-499_48352cd1,461,47,49,0,1
20260912_215351_529_traffic_scan_env2025_seed0-499_48352cd1,461,47,50,0,3
20260912_215351_529_traffic_scan_env2025_seed0-499_48352cd1,461,47,50,1,1
20260912_215351_529_traffic_scan_env2025_seed0-499_48352cd1,461,47,51,0,1
20260912_215351_529_traffic_scan_env2025_seed0-499_48352cd1,461,47,51,1,1
20260912_215351_529_traffic_scan_env2025_seed0-499_48352cd1,461,47,53,0,1
20260912_215351_529_traffic_scan_env2025_seed0-499_48352cd1,461,47,53,1,3
20260912_215351_529_traffic_scan_env2025_seed0-499_48352cd1,461,47,54,0,1
20260912_215351_529_traffic_scan_env2025_seed0-499_48352cd1,461,47,58,1,1
20260912_215351_529_traffic_scan_env2025_seed0-499_48352cd1,461,47,59,0,1
20260912_215351_529_traffic_scan_env2025_seed0-499_48352cd1,461,48,1,0,1
20260912_215351_529_traffic_scan_env2025_seed0-499_48352cd1,461,48,4,0,4
20260912_215351_529_traffic_scan_env2025_seed0-499_48352cd1,461,48,5,0,1
20260912_215351_529_traffic_scan_env2025_seed0-499_48352cd1,461,48,10,0,1
20260912_215351_529_traffic_scan_env2025_seed0-499_48352cd1,461,48,12,0,1
20260912_215351_529_traffic_scan_env2025_seed0-499_48352cd1,461,48,13,0,2
20260912_215351_529_traffic_scan_env2025_seed0-499_48352cd1,461,48,14,0,4
20260912_215351_529_traffic_scan_env2025_seed0-499_48352cd1,461,48,14,1,1
20260912_215351_529_traffic_scan_env2025_seed0-499_48352cd1,461,48,15,0,1
20260912_215351_529_traffic_scan_env2025_seed0-499_48352cd1,461,48,17,0,4
20260912_215351_529_traffic_scan_env2025_seed0-499_48352cd1,461,48,17,1,1
20260912_215351_529_traffic_scan_env2025_seed0-499_48352cd1,461,48,18,0,2
20260912_215351_529_traffic_scan_env2025_seed0-499_48352cd1,461,48,19,0,4
20260912_215351_529_traffic_scan_env2025_seed0-499_48352cd1,461,48,19,1,1
20260912_215351_529_traffic_scan_env2025_seed0-499_48352cd1,461,48,20,0,3
20260912_215351_529_traffic_scan_env2025_seed0-499_48352cd1,461,48,20,2,2
20260912_215351_529_traffic_scan_env2025_seed0-499_48352cd1,461,48,21,0,3
20260912_215351_529_traffic_scan_env2025_seed0-499_48352cd1,461,48,22,0,2
20260912_215351_529_traffic_scan_env2025_seed0-499_48352cd1,461,48,23,0,3
20260912_215351_529_traffic_scan_env2025_seed0-499_48352cd1,461,48,24,0,2
20260912_215351_529_traffic_scan_env2025_seed0-499_48352cd1,461,48,25,0,3
20260912_215351_529_traffic_scan_env2025_seed0-499_48352cd1,461,48,25,1,1
20260912_215351_529_traffic_scan_env2025_seed0-499_48352cd1,461,48,26,1,1
20260912_215351_529_traffic_scan_env2025_seed0-499_48352cd1,461,48,27,1,1
20260912_215351_529_traffic_scan_env2025_seed0-499_48352cd1,461,48,28,1,2
20260912_215351_529_traffic_scan_env2025_seed0-499_48352cd1,461,48,29,1,1
20260912_215351_529_traffic_scan_env2025_seed0-499_48352cd1,461,48,30,0,1
20260912_215351_529_traffic_scan_env2025_seed0-499_48352cd1,461,48,30,1,2
20260912_215351_529_traffic_scan_env2025_seed0-499_48352cd1,461,48,31,0,1
20260912_215351_529_traffic_scan_env2025_seed0-499_48352cd1,461,48,31,1,1
20260912_215351_529_traffic_scan_env2025_seed0-499_48352cd1,461,48,32,1,1
20260912_215351_529_traffic_scan_env2025_seed0-499_48352cd1,461,48,33,0,1
20260912_215351_529_traffic_scan_env2025_seed0-499_48352cd1,461,48,33,1,1
20260912_215351_529_traffic_scan_env2025_seed0-499_48352cd1,461,48,34,2,2
20260912_215351_529_traffic_scan_env2025_seed0-499_48352cd1,461,48,35,0,1
20260912_215351_529_traffic_scan_env2025_seed0-499_48352cd1,461,48,35,1,1
20260912_215351_529_traffic_scan_env2025_seed0-499_48352cd1,461,48,36,1,1
20260912_215351_529_traffic_scan_env2025_seed0-499_48352cd1,461,48,40,2,1
20260912_215351_529_traffic_scan_env2025_seed0-499_48352cd1,461,48,41,0,2
20260912_215351_529_traffic_scan_env2025_seed0-499_48352cd1,461,48,41,1,1
20260912_215351_529_traffic_scan_env2025_seed0-499_48352cd1,461,48,42,0,1
20260912_215351_529_traffic_scan_env2025_seed0-499_48352cd1,461,48,42,1,1
20260912_215351_529_traffic_scan_env2025_seed0-499_48352cd1,461,48,43,1,1
20260912_215351_529_traffic_scan_env2025_seed0-499_48352cd1,461,48,44,0,1
20260912_215351_529_traffic_scan_env2025_seed0-499_48352cd1,461,48,44,1,2
20260912_215351_529_traffic_scan_env2025_seed0-499_48352cd1,461,48,45,1,1
20260912_215351_529_traffic_scan_env2025_seed0-499_48352cd1,461,48,46,0,2
20260912_215351_529_traffic_scan_env2025_seed0-499_48352cd1,461,48,46,1,1
20260912_215351_529_traffic_scan_env2025_seed0-499_48352cd1,461,48,47,0,3
20260912_215351_529_traffic_scan_env2025_seed0-499_48352cd1,461,48,47,1,2
20260912_215351_529_traffic_scan_env2025_seed0-499_48352cd1,461,48,48,1,1
20260912_215351_529_traffic_scan_env2025_seed0-499_48352cd1,461,48,49,0,1
20260912_215351_529_traffic_scan_env2025_seed0-499_48352cd1,461,48,49,1,1
20260912_215351_529_traffic_scan_env2025_seed0-499_48352cd1,461,48,50,0,2
20260912_215351_529_traffic_scan_env2025_seed0-499_48352cd1,461,48,51,1,2
20260912_215351_529_traffic_scan_env2025_seed0-499_48352cd1,461,48,52,0,2
20260912_215351_529_traffic_scan_env2025_seed0-499_48352cd1,461,48,53,0,2
20260912_215351_529_traffic_scan_env2025_seed0-499_48352cd1,461,48,53,1,1
20260912_215351_529_traffic_scan_env2025_seed0-499_48352cd1,461,48,55,0,1
20260912_215351_529_traffic_scan_env2025_seed0-499_48352cd1,461,48,58,1,1
20260912_215351_529_traffic_scan_env2025_seed0-499_48352cd1,461,48,59,0,1
20260912_215351_529_traffic_scan_env2025_seed0-499_48352cd1,461,49,0,0,1
20260912_215351_529_traffic_scan_env2025_seed0-499_48352cd1,461,49,2,0,1
20260912_215351_529_traffic_scan_env2025_seed0-499_48352cd1,461,49,3,0,4
20260912_215351_529_traffic_scan_env2025_seed0-499_48352cd1,461,49,5,0,3
20260912_215351_529_traffic_scan_env2025_seed0-499_48352cd1,461,49,6,0,2
20260912_215351_529_traffic_scan_env2025_seed0-499_48352cd1,461,49,7,0,2
20260912_215351_529_traffic_scan_env2025_seed0-499_48352cd1,461,49,8,0,2
20260912_215351_529_traffic_scan_env2025_seed0-499_48352cd1,461,49,9,0,2
20260912_215351_529_traffic_scan_env2025_seed0-499_48352cd1,461,49,10,0,2
20260912_215351_529_traffic_scan_env2025_seed0-499_48352cd1,461,49,11,0,1
20260912_215351_529_traffic_scan_env2025_seed0-499_48352cd1,461,49,12,0,1
20260912_215351_529_traffic_scan_env2025_seed0-499_48352cd1,461,49,13,1,1
20260912_215351_529_traffic_scan_env2025_seed0-499_48352cd1,461,49,15,0,3
20260912_215351_529_traffic_scan_env2025_seed0-499_48352cd1,461,49,15,1,1
20260912_215351_529_traffic_scan_env2025_seed0-499_48352cd1,461,49,16,0,4
20260912_215351_529_traffic_scan_env2025_seed0-499_48352cd1,461,49,16,1,2
20260912_215351_529_traffic_scan_env2025_seed0-499_48352cd1,461,49,17,1,1
20260912_215351_529_traffic_scan_env2025_seed0-499_48352cd1,461,49,18,1,1
20260912_215351_529_traffic_scan_env2025_seed0-499_48352cd1,461,49,19,0,3
20260912_215351_529_traffic_scan_env2025_seed0-499_48352cd1,461,49,19,1,1
20260912_215351_529_traffic_scan_env2025_seed0-499_48352cd1,461,49,20,0,4
20260912_215351_529_traffic_scan_env2025_seed0-499_48352cd1,461,49,23,0,2
20260912_215351_529_traffic_scan_env2025_seed0-499_48352cd1,461,49,24,0,2
20260912_215351_529_traffic_scan_env2025_seed0-499_48352cd1,461,49,26,0,2
20260912_215351_529_traffic_scan_env2025_seed0-499_48352cd1,461,49,28,0,1
20260912_215351_529_traffic_scan_env2025_seed0-499_48352cd1,461,49,29,0,1
20260912_215351_529_traffic_scan_env2025_seed0-499_48352cd1,461,49,31,0,1
20260912_215351_529_traffic_scan_env2025_seed0-499_48352cd1,461,49,32,0,1
20260912_215351_529_traffic_scan_env2025_seed0-499_48352cd1,461,49,34,0,1
20260912_215351_529_traffic_scan_env2025_seed0-499_48352cd1,461,49,35,0,1
20260912_215351_529_traffic_scan_env2025_seed0-499_48352cd1,461,49,35,1,1
20260912_215351_529_traffic_scan_env2025_seed0-499_48352cd1,461,49,41,0,2
20260912_215351_529_traffic_scan_env2025_seed0-499_48352cd1,461,49,43,0,1
20260912_215351_529_traffic_scan_env2025_seed0-499_48352cd1,461,49,44,0,1
20260912_215351_529_traffic_scan_env2025_seed0-499_48352cd1,461,49,44,1,1
20260912_215351_529_traffic_scan_env2025_seed0-499_48352cd1,461,49,47,0,1
20260912_215351_529_traffic_scan_env2025_seed0-499_48352cd1,461,49,47,1,1
20260912_215351_529_traffic_scan_env2025_seed0-499_48352cd1,461,49,48,0,3
20260912_215351_529_traffic_scan_env2025_seed0-499_48352cd1,461,49,49,0,1
20260912_215351_529_traffic_scan_env2025_seed0-499_48352cd1,461,49,50,0,2
20260912_215351_529_traffic_scan_env2025_seed0-499_48352cd1,461,49,51,0,1
20260912_215351_529_traffic_scan_env2025_seed0-499_48352cd1,461,49,51,1,2
20260912_215351_529_traffic_scan_env2025_seed0-499_48352cd1,461,49,52,0,2
20260912_215351_529_traffic_scan_env2025_seed0-499_48352cd1,461,49,53,0,3
20260912_215351_529_traffic_scan_env2025_seed0-499_48352cd1,461,49,54,0,3
20260912_215351_529_traffic_scan_env2025_seed0-499_48352cd1,461,49,55,0,1
20260912_215351_529_traffic_scan_env2025_seed0-499_48352cd1,461,49,56,0,2
20260912_215351_529_traffic_scan_env2025_seed0-499_48352cd1,461,49,57,0,1
20260912_215351_529_traffic_scan_env2025_seed0-499_48352cd1,461,49,58,1,1
20260912_215351_529_traffic_scan_env2025_seed0-499_48352cd1,461,50,2,0,2
20260912_215351_529_traffic_scan_env2025_seed0-499_48352cd1,461,50,3,0,1
20260912_215351_529_traffic_scan_env2025_seed0-499_48352cd1,461,50,4,0,2
20260912_215351_529_traffic_scan_env2025_seed0-499_48352cd1,461,50,5,0,1
20260912_215351_529_traffic_scan_env2025_seed0-499_48352cd1,461,50,6,0,1
20260912_215351_529_traffic_scan_env2025_seed0-499_48352cd1,461,50,7,0,1
20260912_215351_529_traffic_scan_env2025_seed0-499_48352cd1,461,50,8,1,1
20260912_215351_529_traffic_scan_env2025_seed0-499_48352cd1,461,50,9,0,1
20260912_215351_529_traffic_scan_env2025_seed0-499_48352cd1,461,50,10,0,3
20260912_215351_529_traffic_scan_env2025_seed0-499_48352cd1,461,50,11,0,3
20260912_215351_529_traffic_scan_env2025_seed0-499_48352cd1,461,50,12,0,3
20260912_215351_529_traffic_scan_env2025_seed0-499_48352cd1,461,50,13,0,2
20260912_215351_529_traffic_scan_env2025_seed0-499_48352cd1,461,50,14,0,2
20260912_215351_529_traffic_scan_env2025_seed0-499_48352cd1,461,50,15,0,4
20260912_215351_529_traffic_scan_env2025_seed0-499_48352cd1,461,50,15,1,1
20260912_215351_529_traffic_scan_env2025_seed0-499_48352cd1,461,50,18,0,1
20260912_215351_529_traffic_scan_env2025_seed0-499_48352cd1,461,50,19,0,4
20260912_215351_529_traffic_scan_env2025_seed0-499_48352cd1,461,50,20,0,1
20260912_215351_529_traffic_scan_env2025_seed0-499_48352cd1,461,50,21,0,1
20260912_215351_529_traffic_scan_env2025_seed0-499_48352cd1,461,50,22,0,1
20260912_215351_529_traffic_scan_env2025_seed0-499_48352cd1,461,50,23,0,2
20260912_215351_529_traffic_scan_env2025_seed0-499_48352cd1,461,50,25,0,1
20260912_215351_529_traffic_scan_env2025_seed0-499_48352cd1,461,50,27,0,2
20260912_215351_529_traffic_scan_env2025_seed0-499_48352cd1,461,50,28,0,1
20260912_215351_529_traffic_scan_env2025_seed0-499_48352cd1,461,50,29,0,1
20260912_215351_529_traffic_scan_env2025_seed0-499_48352cd1,461,50,31,0,1
20260912_215351_529_traffic_scan_env2025_seed0-499_48352cd1,461,50,33,0,1
20260912_215351_529_traffic_scan_env2025_seed0-499_48352cd1,461,50,34,0,1
20260912_215351_529_traffic_scan_env2025_seed0-499_48352cd1,461,50,35,1,1
20260912_215351_529_traffic_scan_env2025_seed0-499_48352cd1,461,50,36,1,1
20260912_215351_529_traffic_scan_env2025_seed0-499_48352cd1,461,50,42,0,2
20260912_215351_529_traffic_scan_env2025_seed0-499_48352cd1,461,50,44,0,1
20260912_215351_529_traffic_scan_env2025_seed0-499_48352cd1,461,50,44,1,1
20260912_215351_529_traffic_scan_env2025_seed0-499_48352cd1,461,50,48,0,2
20260912_215351_529_traffic_scan_env2025_seed0-499_48352cd1,461,50,49,0,4
20260912_215351_529_traffic_scan_env2025_seed0-499_48352cd1,461,50,50,0,1
20260912_215351_529_traffic_scan_env2025_seed0-499_48352cd1,461,50,51,1,2
20260912_215351_529_traffic_scan_env2025_seed0-499_48352cd1,461,50,52,0,1
20260912_215351_529_traffic_scan_env2025_seed0-499_48352cd1,461,50,53,0,1
20260912_215351_529_traffic_scan_env2025_seed0-499_48352cd1,461,50,54,0,2
20260912_215351_529_traffic_scan_env2025_seed0-499_48352cd1,461,50,57,0,1
20260912_215351_529_traffic_scan_env2025_seed0-499_48352cd1,461,50,59,0,1
20260912_215351_529_traffic_scan_env2025_seed0-499_48352cd1,461,51,1,0,1
20260912_215351_529_traffic_scan_env2025_seed0-499_48352cd1,461,51,4,0,1
20260912_215351_529_traffic_scan_env2025_seed0-499_48352cd1,461,51,8,1,1
20260912_215351_529_traffic_scan_env2025_seed0-499_48352cd1,461,51,9,1,1
20260912_215351_529_traffic_scan_env2025_seed0-499_48352cd1,461,51,10,0,2
20260912_215351_529_traffic_scan_env2025_seed0-499_48352cd1,461,51,10,1,1
20260912_215351_529_traffic_scan_env2025_seed0-499_48352cd1,461,51,11,0,1
20260912_215351_529_traffic_scan_env2025_seed0-499_48352cd1,461,51,11,1,1
20260912_215351_529_traffic_scan_env2025_seed0-499_48352cd1,461,51,12,1,1
20260912_215351_529_traffic_scan_env2025_seed0-499_48352cd1,461,51,13,1,1
20260912_215351_529_traffic_scan_env2025_seed0-499_48352cd1,461,51,14,0,2
20260912_215351_529_traffic_scan_env2025_seed0-499_48352cd1,461,51,14,1,2
20260912_215351_529_traffic_scan_env2025_seed0-499_48352cd1,461,51,15,0,1
20260912_215351_529_traffic_scan_env2025_seed0-499_48352cd1,461,51,15,1,1
20260912_215351_529_traffic_scan_env2025_seed0-499_48352cd1,461,51,16,0,1
20260912_215351_529_traffic_scan_env2025_seed0-499_48352cd1,461,51,16,1,1
20260912_215351_529_traffic_scan_env2025_seed0-499_48352cd1,461,51,17,0,1
20260912_215351_529_traffic_scan_env2025_seed0-499_48352cd1,461,51,17,1,1
20260912_215351_529_traffic_scan_env2025_seed0-499_48352cd1,461,51,18,0,2
20260912_215351_529_traffic_scan_env2025_seed0-499_48352cd1,461,51,18,1,1
20260912_215351_529_traffic_scan_env2025_seed0-499_48352cd1,461,51,19,0,2
20260912_215351_529_traffic_scan_env2025_seed0-499_48352cd1,461,51,19,1,1
20260912_215351_529_traffic_scan_env2025_seed0-499_48352cd1,461,51,20,1,1
20260912_215351_529_traffic_scan_env2025_seed0-499_48352cd1,461,51,21,1,1
20260912_215351_529_traffic_scan_env2025_seed0-499_48352cd1,461,51,22,0,2
20260912_215351_529_traffic_scan_env2025_seed0-499_48352cd1,461,51,23,0,1
20260912_215351_529_traffic_scan_env2025_seed0-499_48352cd1,461,51,26,0,1
20260912_215351_529_traffic_scan_env2025_seed0-499_48352cd1,461,51,28,0,3
20260912_215351_529_traffic_scan_env2025_seed0-499_48352cd1,461,51,29,0,1
20260912_215351_529_traffic_scan_env2025_seed0-499_48352cd1,461,51,32,0,1
20260912_215351_529_traffic_scan_env2025_seed0-499_48352cd1,461,51,34,0,2
20260912_215351_529_traffic_scan_env2025_seed0-499_48352cd1,461,51,35,0,1
20260912_215351_529_traffic_scan_env2025_seed0-499_48352cd1,461,51,37,1,1
20260912_215351_529_traffic_scan_env2025_seed0-499_48352cd1,461,51,43,0,2
20260912_215351_529_traffic_scan_env2025_seed0-499_48352cd1,461,51,44,1,1
20260912_215351_529_traffic_scan_env2025_seed0-499_48352cd1,461,51,45,0,1
20260912_215351_529_traffic_scan_env2025_seed0-499_48352cd1,461,51,48,0,1
20260912_215351_529_traffic_scan_env2025_seed0-499_48352cd1,461,51,49,0,2
20260912_215351_529_traffic_scan_env2025_seed0-499_48352cd1,461,51,50,0,4
20260912_215351_529_traffic_scan_env2025_seed0-499_48352cd1,461,51,52,0,3
20260912_215351_529_traffic_scan_env2025_seed0-499_48352cd1,461,51,53,0,1
20260912_215351_529_traffic_scan_env2025_seed0-499_48352cd1,461,51,54,0,1
20260912_215351_529_traffic_scan_env2025_seed0-499_48352cd1,461,51,55,0,1
20260912_215351_529_traffic_scan_env2025_seed0-499_48352cd1,461,51,57,0,1
20260912_215351_529_traffic_scan_env2025_seed0-499_48352cd1,461,51,59,0,1
20260912_215351_529_traffic_scan_env2025_seed0-499_48352cd1,461,52,0,0,2
20260912_215351_529_traffic_scan_env2025_seed0-499_48352cd1,461,52,1,0,1
20260912_215351_529_traffic_scan_env2025_seed0-499_48352cd1,461,52,2,0,1
20260912_215351_529_traffic_scan_env2025_seed0-499_48352cd1,461,52,3,0,1
20260912_215351_529_traffic_scan_env2025_seed0-499_48352cd1,461,52,4,0,2
20260912_215351_529_traffic_scan_env2025_seed0-499_48352cd1,461,52,5,0,1
20260912_215351_529_traffic_scan_env2025_seed0-499_48352cd1,461,52,6,1,1
20260912_215351_529_traffic_scan_env2025_seed0-499_48352cd1,461,52,7,2,1
20260912_215351_529_traffic_scan_env2025_seed0-499_48352cd1,461,52,9,0,1
20260912_215351_529_traffic_scan_env2025_seed0-499_48352cd1,461,52,10,0,2
20260912_215351_529_traffic_scan_env2025_seed0-499_48352cd1,461,52,13,0,2
20260912_215351_529_traffic_scan_env2025_seed0-499_48352cd1,461,52,13,1,1
20260912_215351_529_traffic_scan_env2025_seed0-499_48352cd1,461,52,14,0,1
20260912_215351_529_traffic_scan_env2025_seed0-499_48352cd1,461,52,16,0,1
20260912_215351_529_traffic_scan_env2025_seed0-499_48352cd1,461,52,17,0,2
20260912_215351_529_traffic_scan_env2025_seed0-499_48352cd1,461,52,19,0,2
20260912_215351_529_traffic_scan_env2025_seed0-499_48352cd1,461,52,21,0,1
20260912_215351_529_traffic_scan_env2025_seed0-499_48352cd1,461,52,23,0,2
20260912_215351_529_traffic_scan_env2025_seed0-499_48352cd1,461,52,27,0,1
20260912_215351_529_traffic_scan_env2025_seed0-499_48352cd1,461,52,28,0,1
20260912_215351_529_traffic_scan_env2025_seed0-499_48352cd1,461,52,29,0,3
20260912_215351_529_traffic_scan_env2025_seed0-499_48352cd1,461,52,33,0,1
20260912_215351_529_traffic_scan_env2025_seed0-499_48352cd1,461,52,35,0,3
20260912_215351_529_traffic_scan_env2025_seed0-499_48352cd1,461,52,38,1,1
20260912_215351_529_traffic_scan_env2025_seed0-499_48352cd1,461,52,44,0,2
20260912_215351_529_traffic_scan_env2025_seed0-499_48352cd1,461,52,45,0,1
20260912_215351_529_traffic_scan_env2025_seed0-499_48352cd1,461,52,46,0,1
20260912_215351_529_traffic_scan_env2025_seed0-499_48352cd1,461,52,47,0,1
20260912_215351_529_traffic_scan_env2025_seed0-499_48352cd1,461,52,48,0,1
20260912_215351_529_traffic_scan_env2025_seed0-499_48352cd1,461,52,49,0,1
20260912_215351_529_traffic_scan_env2025_seed0-499_48352cd1,461,52,50,0,1
20260912_215351_529_traffic_scan_env2025_seed0-499_48352cd1,461,52,51,0,4
20260912_215351_529_traffic_scan_env2025_seed0-499_48352cd1,461,52,52,0,5
20260912_215351_529_traffic_scan_env2025_seed0-499_48352cd1,461,52,53,0,1
20260912_215351_529_traffic_scan_env2025_seed0-499_48352cd1,461,52,54,0,1
20260912_215351_529_traffic_scan_env2025_seed0-499_48352cd1,461,52,56,0,1
20260912_215351_529_traffic_scan_env2025_seed0-499_48352cd1,461,52,58,0,1
20260912_215351_529_traffic_scan_env2025_seed0-499_48352cd1,461,52,59,0,1
20260912_215351_529_traffic_scan_env2025_seed0-499_48352cd1,461,53,8,0,1
20260912_215351_529_traffic_scan_env2025_seed0-499_48352cd1,461,53,9,0,1
20260912_215351_529_traffic_scan_env2025_seed0-499_48352cd1,461,53,10,0,1
20260912_215351_529_traffic_scan_env2025_seed0-499_48352cd1,461,53,12,0,2
20260912_215351_529_traffic_scan_env2025_seed0-499_48352cd1,461,53,12,1,1
20260912_215351_529_traffic_scan_env2025_seed0-499_48352cd1,461,53,14,0,1
20260912_215351_529_traffic_scan_env2025_seed0-499_48352cd1,461,53,15,0,1
20260912_215351_529_traffic_scan_env2025_seed0-499_48352cd1,461,53,16,0,1
20260912_215351_529_traffic_scan_env2025_seed0-499_48352cd1,461,53,17,0,1
20260912_215351_529_traffic_scan_env2025_seed0-499_48352cd1,461,53,18,0,2
20260912_215351_529_traffic_scan_env2025_seed0-499_48352cd1,461,53,19,0,2
20260912_215351_529_traffic_scan_env2025_seed0-499_48352cd1,461,53,20,0,2
20260912_215351_529_traffic_scan_env2025_seed0-499_48352cd1,461,53,21,0,1
20260912_215351_529_traffic_scan_env2025_seed0-499_48352cd1,461,53,22,0,1
20260912_215351_529_traffic_scan_env2025_seed0-499_48352cd1,461,53,23,0,2
20260912_215351_529_traffic_scan_env2025_seed0-499_48352cd1,461,53,24,0,2
20260912_215351_529_traffic_scan_env2025_seed0-499_48352cd1,461,53,28,0,2
20260912_215351_529_traffic_scan_env2025_seed0-499_48352cd1,461,53,29,0,1
20260912_215351_529_traffic_scan_env2025_seed0-499_48352cd1,461,53,30,0,2
20260912_215351_529_traffic_scan_env2025_seed0-499_48352cd1,461,53,32,0,1
20260912_215351_529_traffic_scan_env2025_seed0-499_48352cd1,461,53,33,0,1
20260912_215351_529_traffic_scan_env2025_seed0-499_48352cd1,461,53,34,0,1
20260912_215351_529_traffic_scan_env2025_seed0-499_48352cd1,461,53,35,0,2
20260912_215351_529_traffic_scan_env2025_seed0-499_48352cd1,461,53,36,0,3
20260912_215351_529_traffic_scan_env2025_seed0-499_48352cd1,461,53,37,0,1
20260912_215351_529_traffic_scan_env2025_seed0-499_48352cd1,461,53,38,0,1
20260912_215351_529_traffic_scan_env2025_seed0-499_48352cd1,461,53,39,0,2
20260912_215351_529_traffic_scan_env2025_seed0-499_48352cd1,461,53,40,0,1
20260912_215351_529_traffic_scan_env2025_seed0-499_48352cd1,461,53,41,0,1
20260912_215351_529_traffic_scan_env2025_seed0-499_48352cd1,461,53,42,0,1
20260912_215351_529_traffic_scan_env2025_seed0-499_48352cd1,461,53,43,0,1
20260912_215351_529_traffic_scan_env2025_seed0-499_48352cd1,461,53,44,0,1
20260912_215351_529_traffic_scan_env2025_seed0-499_48352cd1,461,53,45,0,4
20260912_215351_529_traffic_scan_env2025_seed0-499_48352cd1,461,53,46,0,2
20260912_215351_529_traffic_scan_env2025_seed0-499_48352cd1,461,53,47,0,2
20260912_215351_529_traffic_scan_env2025_seed0-499_48352cd1,461,53,49,0,2
20260912_215351_529_traffic_scan_env2025_seed0-499_48352cd1,461,53,50,0,1
20260912_215351_529_traffic_scan_env2025_seed0-499_48352cd1,461,53,51,0,1
20260912_215351_529_traffic_scan_env2025_seed0-499_48352cd1,461,53,52,0,4
20260912_215351_529_traffic_scan_env2025_seed0-499_48352cd1,461,53,53,0,3
20260912_215351_529_traffic_scan_env2025_seed0-499_48352cd1,461,53,54,0,1
20260912_215351_529_traffic_scan_env2025_seed0-499_48352cd1,461,53,57,0,1
20260912_215351_529_traffic_scan_env2025_seed0-499_48352cd1,461,53,59,0,1
20260912_215351_529_traffic_scan_env2025_seed0-499_48352cd1,461,54,6,0,1
20260912_215351_529_traffic_scan_env2025_seed0-499_48352cd1,461,54,7,0,2
20260912_215351_529_traffic_scan_env2025_seed0-499_48352cd1,461,54,8,0,2
20260912_215351_529_traffic_scan_env2025_seed0-499_48352cd1,461,54,8,1,1
20260912_215351_529_traffic_scan_env2025_seed0-499_48352cd1,461,54,9,0,1
20260912_215351_529_traffic_scan_env2025_seed0-499_48352cd1,461,54,9,1,1
20260912_215351_529_traffic_scan_env2025_seed0-499_48352cd1,461,54,10,0,2
20260912_215351_529_traffic_scan_env2025_seed0-499_48352cd1,461,54,10,1,1
20260912_215351_529_traffic_scan_env2025_seed0-499_48352cd1,461,54,11,0,3
20260912_215351_529_traffic_scan_env2025_seed0-499_48352cd1,461,54,11,1,1
20260912_215351_529_traffic_scan_env2025_seed0-499_48352cd1,461,54,12,0,1
20260912_215351_529_traffic_scan_env2025_seed0-499_48352cd1,461,54,13,0,1
20260912_215351_529_traffic_scan_env2025_seed0-499_48352cd1,461,54,14,0,3
20260912_215351_529_traffic_scan_env2025_seed0-499_48352cd1,461,54,15,0,2
20260912_215351_529_traffic_scan_env2025_seed0-499_48352cd1,461,54,16,0,1
20260912_215351_529_traffic_scan_env2025_seed0-499_48352cd1,461,54,18,0,2
20260912_215351_529_traffic_scan_env2025_seed0-499_48352cd1,461,54,25,0,2
20260912_215351_529_traffic_scan_env2025_seed0-499_48352cd1,461,54,26,0,1
20260912_215351_529_traffic_scan_env2025_seed0-499_48352cd1,461,54,27,0,1
20260912_215351_529_traffic_scan_env2025_seed0-499_48352cd1,461,54,28,0,2
20260912_215351_529_traffic_scan_env2025_seed0-499_48352cd1,461,54,29,0,3
20260912_215351_529_traffic_scan_env2025_seed0-499_48352cd1,461,54,30,0,1
20260912_215351_529_traffic_scan_env2025_seed0-499_48352cd1,461,54,31,0,3
20260912_215351_529_traffic_scan_env2025_seed0-499_48352cd1,461,54,37,0,2
20260912_215351_529_traffic_scan_env2025_seed0-499_48352cd1,461,54,40,0,1
20260912_215351_529_traffic_scan_env2025_seed0-499_48352cd1,461,54,44,0,1
20260912_215351_529_traffic_scan_env2025_seed0-499_48352cd1,461,54,46,0,3
20260912_215351_529_traffic_scan_env2025_seed0-499_48352cd1,461,54,48,0,1
20260912_215351_529_traffic_scan_env2025_seed0-499_48352cd1,461,54,49,0,2
20260912_215351_529_traffic_scan_env2025_seed0-499_48352cd1,461,54,51,0,2
20260912_215351_529_traffic_scan_env2025_seed0-499_48352cd1,461,54,52,0,4
20260912_215351_529_traffic_scan_env2025_seed0-499_48352cd1,461,54,53,0,3
20260912_215351_529_traffic_scan_env2025_seed0-499_48352cd1,461,54,54,0,4
20260912_215351_529_traffic_scan_env2025_seed0-499_48352cd1,461,54,55,0,1
20260912_215351_529_traffic_scan_env2025_seed0-499_48352cd1,461,54,56,0,1
20260912_215351_529_traffic_scan_env2025_seed0-499_48352cd1,461,54,57,0,1
20260912_215351_529_traffic_scan_env2025_seed0-499_48352cd1,461,54,58,0,2
20260912_215351_529_traffic_scan_env2025_seed0-499_48352cd1,461,54,59,0,1
20260912_215351_529_traffic_scan_env2025_seed0-499_48352cd1,461,55,0,0,1
20260912_215351_529_traffic_scan_env2025_seed0-499_48352cd1,461,55,1,0,1
20260912_215351_529_traffic_scan_env2025_seed0-499_48352cd1,461,55,2,0,1
20260912_215351_529_traffic_scan_env2025_seed0-499_48352cd1,461,55,4,0,2
20260912_215351_529_traffic_scan_env2025_seed0-499_48352cd1,461,55,5,0,2
20260912_215351_529_traffic_scan_env2025_seed0-499_48352cd1,461,55,6,0,2
20260912_215351_529_traffic_scan_env2025_seed0-499_48352cd1,461,55,7,0,1
20260912_215351_529_traffic_scan_env2025_seed0-499_48352cd1,461,55,8,0,1
20260912_215351_529_traffic_scan_env2025_seed0-499_48352cd1,461,55,10,0,2
20260912_215351_529_traffic_scan_env2025_seed0-499_48352cd1,461,55,14,0,2
20260912_215351_529_traffic_scan_env2025_seed0-499_48352cd1,461,55,18,0,1
20260912_215351_529_traffic_scan_env2025_seed0-499_48352cd1,461,55,19,0,1
20260912_215351_529_traffic_scan_env2025_seed0-499_48352cd1,461,55,26,0,1
20260912_215351_529_traffic_scan_env2025_seed0-499_48352cd1,461,55,28,0,1
20260912_215351_529_traffic_scan_env2025_seed0-499_48352cd1,461,55,29,0,1
20260912_215351_529_traffic_scan_env2025_seed0-499_48352cd1,461,55,30,0,1
20260912_215351_529_traffic_scan_env2025_seed0-499_48352cd1,461,55,32,0,2
20260912_215351_529_traffic_scan_env2025_seed0-499_48352cd1,461,55,38,0,2
20260912_215351_529_traffic_scan_env2025_seed0-499_48352cd1,461,55,45,0,1
20260912_215351_529_traffic_scan_env2025_seed0-499_48352cd1,461,55,46,0,2
20260912_215351_529_traffic_scan_env2025_seed0-499_48352cd1,461,55,47,0,1
20260912_215351_529_traffic_scan_env2025_seed0-499_48352cd1,461,55,50,0,1
20260912_215351_529_traffic_scan_env2025_seed0-499_48352cd1,461,55,52,0,4
20260912_215351_529_traffic_scan_env2025_seed0-499_48352cd1,461,55,54,0,2
20260912_215351_529_traffic_scan_env2025_seed0-499_48352cd1,461,55,55,0,2
20260912_215351_529_traffic_scan_env2025_seed0-499_48352cd1,461,55,59,0,2
20260912_215351_529_traffic_scan_env2025_seed0-499_48352cd1,461,56,2,0,1
20260912_215351_529_traffic_scan_env2025_seed0-499_48352cd1,461,56,3,0,2
20260912_215351_529_traffic_scan_env2025_seed0-499_48352cd1,461,56,5,0,1
20260912_215351_529_traffic_scan_env2025_seed0-499_48352cd1,461,56,9,0,2
20260912_215351_529_traffic_scan_env2025_seed0-499_48352cd1,461,56,13,0,2
20260912_215351_529_traffic_scan_env2025_seed0-499_48352cd1,461,56,17,0,1
20260912_215351_529_traffic_scan_env2025_seed0-499_48352cd1,461,56,26,0,1
20260912_215351_529_traffic_scan_env2025_seed0-499_48352cd1,461,56,29,0,1
20260912_215351_529_traffic_scan_env2025_seed0-499_48352cd1,461,56,33,0,1
20260912_215351_529_traffic_scan_env2025_seed0-499_48352cd1,461,56,38,0,2
20260912_215351_529_traffic_scan_env2025_seed0-499_48352cd1,461,56,45,0,1
20260912_215351_529_traffic_scan_env2025_seed0-499_48352cd1,461,56,46,0,1
20260912_215351_529_traffic_scan_env2025_seed0-499_48352cd1,461,56,47,0,1
20260912_215351_529_traffic_scan_env2025_seed0-499_48352cd1,461,56,50,0,1
20260912_215351_529_traffic_scan_env2025_seed0-499_48352cd1,461,56,52,0,2
20260912_215351_529_traffic_scan_env2025_seed0-499_48352cd1,461,56,54,0,1
20260912_215351_529_traffic_scan_env2025_seed0-499_48352cd1,461,56,55,0,1
20260912_215351_529_traffic_scan_env2025_seed0-499_48352cd1,461,56,56,0,2
20260912_215351_529_traffic_scan_env2025_seed0-499_48352cd1,461,56,59,0,1
20260912_215351_529_traffic_scan_env2025_seed0-499_48352cd1,461,57,1,0,1
20260912_215351_529_traffic_scan_env2025_seed0-499_48352cd1,461,57,9,0,1
20260912_215351_529_traffic_scan_env2025_seed0-499_48352cd1,461,57,10,0,1
20260912_215351_529_traffic_scan_env2025_seed0-499_48352cd1,461,57,12,0,1
20260912_215351_529_traffic_scan_env2025_seed0-499_48352cd1,461,57,13,0,1
20260912_215351_529_traffic_scan_env2025_seed0-499_48352cd1,461,57,16,0,1
20260912_215351_529_traffic_scan_env2025_seed0-499_48352cd1,461,57,27,0,1
20260912_215351_529_traffic_scan_env2025_seed0-499_48352cd1,461,57,29,0,1
20260912_215351_529_traffic_scan_env2025_seed0-499_48352cd1,461,57,34,0,1
20260912_215351_529_traffic_scan_env2025_seed0-499_48352cd1,461,57,39,0,2
20260912_215351_529_traffic_scan_env2025_seed0-499_48352cd1,461,57,40,0,1
20260912_215351_529_traffic_scan_env2025_seed0-499_48352cd1,461,57,46,0,1
20260912_215351_529_traffic_scan_env2025_seed0-499_48352cd1,461,57,48,0,1
20260912_215351_529_traffic_scan_env2025_seed0-499_48352cd1,461,57,50,0,1
20260912_215351_529_traffic_scan_env2025_seed0-499_48352cd1,461,57,52,0,2
20260912_215351_529_traffic_scan_env2025_seed0-499_48352cd1,461,57,56,0,1
20260912_215351_529_traffic_scan_env2025_seed0-499_48352cd1,461,57,57,0,2
20260912_215351_529_traffic_scan_env2025_seed0-499_48352cd1,461,57,59,0,1
20260912_215351_529_traffic_scan_env2025_seed0-499_48352cd1,461,58,10,0,1
20260912_215351_529_traffic_scan_env2025_seed0-499_48352cd1,461,58,11,0,1
20260912_215351_529_traffic_scan_env2025_seed0-499_48352cd1,461,58,14,0,1
20260912_215351_529_traffic_scan_env2025_seed0-499_48352cd1,461,58,15,0,1
20260912_215351_529_traffic_scan_env2025_seed0-499_48352cd1,461,58,28,0,1
20260912_215351_529_traffic_scan_env2025_seed0-499_48352cd1,461,58,29,0,1
20260912_215351_529_traffic_scan_env2025_seed0-499_48352cd1,461,58,35,0,1
20260912_215351_529_traffic_scan_env2025_seed0-499_48352cd1,461,58,40,0,1
20260912_215351_529_traffic_scan_env2025_seed0-499_48352cd1,461,58,46,0,1
20260912_215351_529_traffic_scan_env2025_seed0-499_48352cd1,461,58,50,0,1
20260912_215351_529_traffic_scan_env2025_seed0-499_48352cd1,461,58,52,0,2
20260912_215351_529_traffic_scan_env2025_seed0-499_48352cd1,461,58,57,0,1
20260912_215351_529_traffic_scan_env2025_seed0-499_48352cd1,461,58,58,0,2
20260912_215351_529_traffic_scan_env2025_seed0-499_48352cd1,461,58,59,0,1
20260912_215351_529_traffic_scan_env2025_seed0-499_48352cd1,461,59,10,0,2
20260912_215351_529_traffic_scan_env2025_seed0-499_48352cd1,461,59,14,0,2
20260912_215351_529_traffic_scan_env2025_seed0-499_48352cd1,461,59,29,0,1
20260912_215351_529_traffic_scan_env2025_seed0-499_48352cd1,461,59,36,0,1
20260912_215351_529_traffic_scan_env2025_seed0-499_48352cd1,461,59,41,0,1
20260912_215351_529_traffic_scan_env2025_seed0-499_48352cd1,461,59,45,0,1
20260912_215351_529_traffic_scan_env2025_seed0-499_48352cd1,461,59,52,0,2
20260912_215351_529_traffic_scan_env2025_seed0-499_48352cd1,461,59,58,0,1
20260912_215351_529_traffic_scan_env2025_seed0-499_48352cd1,461,59,59,0,1
