run_id,traffic_seed,grid_x,grid_y,grid_z,distinct_flight_count
20260912_215351_529_traffic_scan_env2025_seed0-499_48352cd1,387,0,6,0,2
20260912_215351_529_traffic_scan_env2025_seed0-499_48352cd1,387,0,9,0,1
20260912_215351_529_traffic_scan_env2025_seed0-499_48352cd1,387,0,10,0,2
20260912_215351_529_traffic_scan_env2025_seed0-499_48352cd1,387,0,11,0,1
20260912_215351_529_traffic_scan_env2025_seed0-499_48352cd1,387,0,12,0,1
20260912_215351_529_traffic_scan_env2025_seed0-499_48352cd1,387,0,13,0,1
20260912_215351_529_traffic_scan_env2025_seed0-499_48352cd1,387,0,14,0,1
20260912_215351_529_traffic_scan_env2025_seed0-499_48352cd1,387,0,15,0,1
20260912_215351_529_traffic_scan_env2025_seed0-499_48352cd1,387,0,16,0,2
20260912_215351_529_traffic_scan_env2025_seed0-499_48352cd1,387,0,36,0,1
20260912_215351_529_traffic_scan_env2025_seed0-499_48352cd1,387,0,42,0,1
20260912_215351_529_traffic_scan_env2025_seed0-499_48352cd1,387,0,50,0,1
20260912_215351_529_traffic_scan_env2025_seed0-499_48352cd1,387,0,56,0,1
20260912_215351_529_traffic_scan_env2025_seed0-499_48352cd1,387,0,57,0,1
20260912_215351_529_traffic_scan_env2025_seed0-499_48352cd1,387,1,4,0,1
20260912_215351_529_traffic_scan_env2025_seed0-499_48352cd1,387,1,6,0,2
20260912_215351_529_traffic_scan_env2025_seed0-499_48352cd1,387,1,7,0,1
20260912_215351_529_traffic_scan_env2025_seed0-499_48352cd1,387,1,8,0,1
20260912_215351_529_traffic_scan_env2025_seed0-499_48352cd1,387,1,11,0,1
20260912_215351_529_traffic_scan_env2025_seed0-499_48352cd1,387,1,17,0,2
20260912_215351_529_traffic_scan_env2025_seed0-499_48352cd1,387,1,18,0,1
20260912_215351_529_traffic_scan_env2025_seed0-499_48352cd1,387,1,19,0,1
20260912_215351_529_traffic_scan_env2025_seed0-499_48352cd1,387,1,20,0,1
20260912_215351_529_traffic_scan_env2025_seed0-499_48352cd1,387,1,21,0,1
20260912_215351_529_traffic_scan_env2025_seed0-499_48352cd1,387,1,22,0,1
20260912_215351_529_traffic_scan_env2025_seed0-499_48352cd1,387,1,23,0,1
20260912_215351_529_traffic_scan_env2025_seed0-499_48352cd1,387,1,24,0,1
20260912_215351_529_traffic_scan_env2025_seed0-499_48352cd1,387,1,25,0,1
20260912_215351_529_traffic_scan_env2025_seed0-499_48352cd1,387,1,26,0,1
20260912_215351_529_traffic_scan_env2025_seed0-499_48352cd1,387,1,27,0,1
20260912_215351_529_traffic_scan_env2025_seed0-499_48352cd1,387,1,28,0,1
20260912_215351_529_traffic_scan_env2025_seed0-499_48352cd1,387,1,29,0,1
20260912_215351_529_traffic_scan_env2025_seed0-499_48352cd1,387,1,30,0,1
20260912_215351_529_traffic_scan_env2025_seed0-499_48352cd1,387,1,31,0,1
20260912_215351_529_traffic_scan_env2025_seed0-499_48352cd1,387,1,32,0,1
20260912_215351_529_traffic_scan_env2025_seed0-499_48352cd1,387,1,33,0,1
20260912_215351_529_traffic_scan_env2025_seed0-499_48352cd1,387,1,34,0,1
20260912_215351_529_traffic_scan_env2025_seed0-499_48352cd1,387,1,35,0,1
20260912_215351_529_traffic_scan_env2025_seed0-499_48352cd1,387,1,36,0,2
20260912_215351_529_traffic_scan_env2025_seed0-499_48352cd1,387,1,37,0,1
20260912_215351_529_traffic_scan_env2025_seed0-499_48352cd1,387,1,38,0,1
20260912_215351_529_traffic_scan_env2025_seed0-499_48352cd1,387,1,39,0,1
20260912_215351_529_traffic_scan_env2025_seed0-499_48352cd1,387,1,41,0,1
20260912_215351_529_traffic_scan_env2025_seed0-499_48352cd1,387,1,50,0,1
20260912_215351_529_traffic_scan_env2025_seed0-499_48352cd1,387,1,55,0,1
20260912_215351_529_traffic_scan_env2025_seed0-499_48352cd1,387,1,57,0,1
20260912_215351_529_traffic_scan_env2025_seed0-499_48352cd1,387,1,59,0,2
20260912_215351_529_traffic_scan_env2025_seed0-499_48352cd1,387,2,2,0,1
20260912_215351_529_traffic_scan_env2025_seed0-499_48352cd1,387,2,3,0,1
20260912_215351_529_traffic_scan_env2025_seed0-499_48352cd1,387,2,5,0,1
20260912_215351_529_traffic_scan_env2025_seed0-499_48352cd1,387,2,6,1,2
20260912_215351_529_traffic_scan_env2025_seed0-499_48352cd1,387,2,7,0,3
20260912_215351_529_traffic_scan_env2025_seed0-499_48352cd1,387,2,8,0,2
20260912_215351_529_traffic_scan_env2025_seed0-499_48352cd1,387,2,9,0,2
20260912_215351_529_traffic_scan_env2025_seed0-499_48352cd1,387,2,10,1,1
20260912_215351_529_traffic_scan_env2025_seed0-499_48352cd1,387,2,11,1,1
20260912_215351_529_traffic_scan_env2025_seed0-499_48352cd1,387,2,12,0,1
20260912_215351_529_traffic_scan_env2025_seed0-499_48352cd1,387,2,12,1,1
20260912_215351_529_traffic_scan_env2025_seed0-499_48352cd1,387,2,13,0,1
20260912_215351_529_traffic_scan_env2025_seed0-499_48352cd1,387,2,13,1,1
20260912_215351_529_traffic_scan_env2025_seed0-499_48352cd1,387,2,17,0,1
20260912_215351_529_traffic_scan_env2025_seed0-499_48352cd1,387,2,18,0,1
20260912_215351_529_traffic_scan_env2025_seed0-499_48352cd1,387,2,36,0,1
20260912_215351_529_traffic_scan_env2025_seed0-499_48352cd1,387,2,37,0,1
20260912_215351_529_traffic_scan_env2025_seed0-499_48352cd1,387,2,40,0,2
20260912_215351_529_traffic_scan_env2025_seed0-499_48352cd1,387,2,43,0,1
20260912_215351_529_traffic_scan_env2025_seed0-499_48352cd1,387,2,50,0,1
20260912_215351_529_traffic_scan_env2025_seed0-499_48352cd1,387,2,54,0,1
20260912_215351_529_traffic_scan_env2025_seed0-499_48352cd1,387,2,57,0,1
20260912_215351_529_traffic_scan_env2025_seed0-499_48352cd1,387,2,58,0,1
20260912_215351_529_traffic_scan_env2025_seed0-499_48352cd1,387,2,59,0,1
20260912_215351_529_traffic_scan_env2025_seed0-499_48352cd1,387,3,2,0,1
20260912_215351_529_traffic_scan_env2025_seed0-499_48352cd1,387,3,6,0,1
20260912_215351_529_traffic_scan_env2025_seed0-499_48352cd1,387,3,8,0,2
20260912_215351_529_traffic_scan_env2025_seed0-499_48352cd1,387,3,9,0,1
20260912_215351_529_traffic_scan_env2025_seed0-499_48352cd1,387,3,10,0,1
20260912_215351_529_traffic_scan_env2025_seed0-499_48352cd1,387,3,14,0,1
20260912_215351_529_traffic_scan_env2025_seed0-499_48352cd1,387,3,14,1,1
20260912_215351_529_traffic_scan_env2025_seed0-499_48352cd1,387,3,15,1,1
20260912_215351_529_traffic_scan_env2025_seed0-499_48352cd1,387,3,16,1,1
20260912_215351_529_traffic_scan_env2025_seed0-499_48352cd1,387,3,17,1,1
20260912_215351_529_traffic_scan_env2025_seed0-499_48352cd1,387,3,18,0,2
20260912_215351_529_traffic_scan_env2025_seed0-499_48352cd1,387,3,18,1,1
20260912_215351_529_traffic_scan_env2025_seed0-499_48352cd1,387,3,19,0,1
20260912_215351_529_traffic_scan_env2025_seed0-499_48352cd1,387,3,19,1,1
20260912_215351_529_traffic_scan_env2025_seed0-499_48352cd1,387,3,20,1,1
20260912_215351_529_traffic_scan_env2025_seed0-499_48352cd1,387,3,21,1,1
20260912_215351_529_traffic_scan_env2025_seed0-499_48352cd1,387,3,22,1,1
20260912_215351_529_traffic_scan_env2025_seed0-499_48352cd1,387,3,23,1,1
20260912_215351_529_traffic_scan_env2025_seed0-499_48352cd1,387,3,36,0,2
20260912_215351_529_traffic_scan_env2025_seed0-499_48352cd1,387,3,37,0,1
20260912_215351_529_traffic_scan_env2025_seed0-499_48352cd1,387,3,39,0,1
20260912_215351_529_traffic_scan_env2025_seed0-499_48352cd1,387,3,40,0,1
20260912_215351_529_traffic_scan_env2025_seed0-499_48352cd1,387,3,41,0,2
20260912_215351_529_traffic_scan_env2025_seed0-499_48352cd1,387,3,42,0,1
20260912_215351_529_traffic_scan_env2025_seed0-499_48352cd1,387,3,50,0,2
20260912_215351_529_traffic_scan_env2025_seed0-499_48352cd1,387,3,54,0,1
20260912_215351_529_traffic_scan_env2025_seed0-499_48352cd1,387,3,57,0,3
20260912_215351_529_traffic_scan_env2025_seed0-499_48352cd1,387,3,58,0,1
20260912_215351_529_traffic_scan_env2025_seed0-499_48352cd1,387,3,59,0,1
20260912_215351_529_traffic_scan_env2025_seed0-499_48352cd1,387,4,2,0,1
20260912_215351_529_traffic_scan_env2025_seed0-499_48352cd1,387,4,6,1,1
20260912_215351_529_traffic_scan_env2025_seed0-499_48352cd1,387,4,8,0,1
20260912_215351_529_traffic_scan_env2025_seed0-499_48352cd1,387,4,9,1,1
20260912_215351_529_traffic_scan_env2025_seed0-499_48352cd1,387,4,10,0,2
20260912_215351_529_traffic_scan_env2025_seed0-499_48352cd1,387,4,11,0,2
20260912_215351_529_traffic_scan_env2025_seed0-499_48352cd1,387,4,15,0,2
20260912_215351_529_traffic_scan_env2025_seed0-499_48352cd1,387,4,19,0,3
20260912_215351_529_traffic_scan_env2025_seed0-499_48352cd1,387,4,24,1,1
20260912_215351_529_traffic_scan_env2025_seed0-499_48352cd1,387,4,25,1,1
20260912_215351_529_traffic_scan_env2025_seed0-499_48352cd1,387,4,26,1,1
20260912_215351_529_traffic_scan_env2025_seed0-499_48352cd1,387,4,36,0,2
20260912_215351_529_traffic_scan_env2025_seed0-499_48352cd1,387,4,37,0,2
20260912_215351_529_traffic_scan_env2025_seed0-499_48352cd1,387,4,38,0,1
20260912_215351_529_traffic_scan_env2025_seed0-499_48352cd1,387,4,39,0,1
20260912_215351_529_traffic_scan_env2025_seed0-499_48352cd1,387,4,41,0,1
20260912_215351_529_traffic_scan_env2025_seed0-499_48352cd1,387,4,42,0,3
20260912_215351_529_traffic_scan_env2025_seed0-499_48352cd1,387,4,48,0,1
20260912_215351_529_traffic_scan_env2025_seed0-499_48352cd1,387,4,49,0,1
20260912_215351_529_traffic_scan_env2025_seed0-499_48352cd1,387,4,50,0,1
20260912_215351_529_traffic_scan_env2025_seed0-499_48352cd1,387,4,54,0,1
20260912_215351_529_traffic_scan_env2025_seed0-499_48352cd1,387,4,56,0,3
20260912_215351_529_traffic_scan_env2025_seed0-499_48352cd1,387,4,57,0,1
20260912_215351_529_traffic_scan_env2025_seed0-499_48352cd1,387,4,59,0,1
20260912_215351_529_traffic_scan_env2025_seed0-499_48352cd1,387,5,3,0,1
20260912_215351_529_traffic_scan_env2025_seed0-499_48352cd1,387,5,5,0,1
20260912_215351_529_traffic_scan_env2025_seed0-499_48352cd1,387,5,6,0,1
20260912_215351_529_traffic_scan_env2025_seed0-499_48352cd1,387,5,7,0,1
20260912_215351_529_traffic_scan_env2025_seed0-499_48352cd1,387,5,10,0,1
20260912_215351_529_traffic_scan_env2025_seed0-499_48352cd1,387,5,10,1,1
20260912_215351_529_traffic_scan_env2025_seed0-499_48352cd1,387,5,12,0,2
20260912_215351_529_traffic_scan_env2025_seed0-499_48352cd1,387,5,13,0,1
20260912_215351_529_traffic_scan_env2025_seed0-499_48352cd1,387,5,14,0,1
20260912_215351_529_traffic_scan_env2025_seed0-499_48352cd1,387,5,15,0,1
20260912_215351_529_traffic_scan_env2025_seed0-499_48352cd1,387,5,16,0,3
20260912_215351_529_traffic_scan_env2025_seed0-499_48352cd1,387,5,17,0,1
20260912_215351_529_traffic_scan_env2025_seed0-499_48352cd1,387,5,18,0,1
20260912_215351_529_traffic_scan_env2025_seed0-499_48352cd1,387,5,19,0,2
20260912_215351_529_traffic_scan_env2025_seed0-499_48352cd1,387,5,20,0,3
20260912_215351_529_traffic_scan_env2025_seed0-499_48352cd1,387,5,21,0,1
20260912_215351_529_traffic_scan_env2025_seed0-499_48352cd1,387,5,22,0,1
20260912_215351_529_traffic_scan_env2025_seed0-499_48352cd1,387,5,23,0,1
20260912_215351_529_traffic_scan_env2025_seed0-499_48352cd1,387,5,24,0,1
20260912_215351_529_traffic_scan_env2025_seed0-499_48352cd1,387,5,25,0,1
20260912_215351_529_traffic_scan_env2025_seed0-499_48352cd1,387,5,26,0,1
20260912_215351_529_traffic_scan_env2025_seed0-499_48352cd1,387,5,27,0,1
20260912_215351_529_traffic_scan_env2025_seed0-499_48352cd1,387,5,27,1,1
20260912_215351_529_traffic_scan_env2025_seed0-499_48352cd1,387,5,28,0,1
20260912_215351_529_traffic_scan_env2025_seed0-499_48352cd1,387,5,29,0,2
20260912_215351_529_traffic_scan_env2025_seed0-499_48352cd1,387,5,30,0,1
20260912_215351_529_traffic_scan_env2025_seed0-499_48352cd1,387,5,31,1,1
20260912_215351_529_traffic_scan_env2025_seed0-499_48352cd1,387,5,32,2,1
20260912_215351_529_traffic_scan_env2025_seed0-499_48352cd1,387,5,33,2,1
20260912_215351_529_traffic_scan_env2025_seed0-499_48352cd1,387,5,34,1,1
20260912_215351_529_traffic_scan_env2025_seed0-499_48352cd1,387,5,35,1,1
20260912_215351_529_traffic_scan_env2025_seed0-499_48352cd1,387,5,36,0,4
20260912_215351_529_traffic_scan_env2025_seed0-499_48352cd1,387,5,36,1,1
20260912_215351_529_traffic_scan_env2025_seed0-499_48352cd1,387,5,37,2,1
20260912_215351_529_traffic_scan_env2025_seed0-499_48352cd1,387,5,38,2,1
20260912_215351_529_traffic_scan_env2025_seed0-499_48352cd1,387,5,39,1,2
20260912_215351_529_traffic_scan_env2025_seed0-499_48352cd1,387,5,40,0,1
20260912_215351_529_traffic_scan_env2025_seed0-499_48352cd1,387,5,40,1,1
20260912_215351_529_traffic_scan_env2025_seed0-499_48352cd1,387,5,41,2,1
20260912_215351_529_traffic_scan_env2025_seed0-499_48352cd1,387,5,42,2,1
20260912_215351_529_traffic_scan_env2025_seed0-499_48352cd1,387,5,43,0,3
20260912_215351_529_traffic_scan_env2025_seed0-499_48352cd1,387,5,43,1,1
20260912_215351_529_traffic_scan_env2025_seed0-499_48352cd1,387,5,44,1,1
20260912_215351_529_traffic_scan_env2025_seed0-499_48352cd1,387,5,45,1,1
20260912_215351_529_traffic_scan_env2025_seed0-499_48352cd1,387,5,46,1,1
20260912_215351_529_traffic_scan_env2025_seed0-499_48352cd1,387,5,47,0,1
20260912_215351_529_traffic_scan_env2025_seed0-499_48352cd1,387,5,47,1,1
20260912_215351_529_traffic_scan_env2025_seed0-499_48352cd1,387,5,48,0,1
20260912_215351_529_traffic_scan_env2025_seed0-499_48352cd1,387,5,48,1,1
20260912_215351_529_traffic_scan_env2025_seed0-499_48352cd1,387,5,49,1,1
20260912_215351_529_traffic_scan_env2025_seed0-499_48352cd1,387,5,50,0,1
20260912_215351_529_traffic_scan_env2025_seed0-499_48352cd1,387,5,50,1,1
20260912_215351_529_traffic_scan_env2025_seed0-499_48352cd1,387,5,51,1,1
20260912_215351_529_traffic_scan_env2025_seed0-499_48352cd1,387,5,52,2,1
20260912_215351_529_traffic_scan_env2025_seed0-499_48352cd1,387,5,53,0,1
20260912_215351_529_traffic_scan_env2025_seed0-499_48352cd1,387,5,53,1,1
20260912_215351_529_traffic_scan_env2025_seed0-499_48352cd1,387,5,54,2,1
20260912_215351_529_traffic_scan_env2025_seed0-499_48352cd1,387,5,55,0,3
20260912_215351_529_traffic_scan_env2025_seed0-499_48352cd1,387,5,55,1,1
20260912_215351_529_traffic_scan_env2025_seed0-499_48352cd1,387,5,56,0,1
20260912_215351_529_traffic_scan_env2025_seed0-499_48352cd1,387,5,57,0,2
20260912_215351_529_traffic_scan_env2025_seed0-499_48352cd1,387,5,58,0,1
20260912_215351_529_traffic_scan_env2025_seed0-499_48352cd1,387,5,59,0,1
20260912_215351_529_traffic_scan_env2025_seed0-499_48352cd1,387,6,4,0,1
20260912_215351_529_traffic_scan_env2025_seed0-499_48352cd1,387,6,6,0,2
20260912_215351_529_traffic_scan_env2025_seed0-499_48352cd1,387,6,7,0,1
20260912_215351_529_traffic_scan_env2025_seed0-499_48352cd1,387,6,8,0,1
20260912_215351_529_traffic_scan_env2025_seed0-499_48352cd1,387,6,11,0,2
20260912_215351_529_traffic_scan_env2025_seed0-499_48352cd1,387,6,11,1,1
20260912_215351_529_traffic_scan_env2025_seed0-499_48352cd1,387,6,12,1,1
20260912_215351_529_traffic_scan_env2025_seed0-499_48352cd1,387,6,13,0,1
20260912_215351_529_traffic_scan_env2025_seed0-499_48352cd1,387,6,15,0,1
20260912_215351_529_traffic_scan_env2025_seed0-499_48352cd1,387,6,17,0,2
20260912_215351_529_traffic_scan_env2025_seed0-499_48352cd1,387,6,18,0,1
20260912_215351_529_traffic_scan_env2025_seed0-499_48352cd1,387,6,19,0,1
20260912_215351_529_traffic_scan_env2025_seed0-499_48352cd1,387,6,21,0,2
20260912_215351_529_traffic_scan_env2025_seed0-499_48352cd1,387,6,22,0,2
20260912_215351_529_traffic_scan_env2025_seed0-499_48352cd1,387,6,23,0,2
20260912_215351_529_traffic_scan_env2025_seed0-499_48352cd1,387,6,28,1,1
20260912_215351_529_traffic_scan_env2025_seed0-499_48352cd1,387,6,29,0,1
20260912_215351_529_traffic_scan_env2025_seed0-499_48352cd1,387,6,35,0,1
20260912_215351_529_traffic_scan_env2025_seed0-499_48352cd1,387,6,36,0,3
20260912_215351_529_traffic_scan_env2025_seed0-499_48352cd1,387,6,38,2,1
20260912_215351_529_traffic_scan_env2025_seed0-499_48352cd1,387,6,39,0,1
20260912_215351_529_traffic_scan_env2025_seed0-499_48352cd1,387,6,44,0,3
20260912_215351_529_traffic_scan_env2025_seed0-499_48352cd1,387,6,46,0,1
20260912_215351_529_traffic_scan_env2025_seed0-499_48352cd1,387,6,47,0,1
20260912_215351_529_traffic_scan_env2025_seed0-499_48352cd1,387,6,48,0,1
20260912_215351_529_traffic_scan_env2025_seed0-499_48352cd1,387,6,50,0,1
20260912_215351_529_traffic_scan_env2025_seed0-499_48352cd1,387,6,52,0,1
20260912_215351_529_traffic_scan_env2025_seed0-499_48352cd1,387,6,53,0,1
20260912_215351_529_traffic_scan_env2025_seed0-499_48352cd1,387,6,54,0,3
20260912_215351_529_traffic_scan_env2025_seed0-499_48352cd1,387,6,57,1,1
20260912_215351_529_traffic_scan_env2025_seed0-499_48352cd1,387,6,59,0,1
20260912_215351_529_traffic_scan_env2025_seed0-499_48352cd1,387,7,5,0,1
20260912_215351_529_traffic_scan_env2025_seed0-499_48352cd1,387,7,6,0,1
20260912_215351_529_traffic_scan_env2025_seed0-499_48352cd1,387,7,7,0,2
20260912_215351_529_traffic_scan_env2025_seed0-499_48352cd1,387,7,8,0,2
20260912_215351_529_traffic_scan_env2025_seed0-499_48352cd1,387,7,9,0,1
20260912_215351_529_traffic_scan_env2025_seed0-499_48352cd1,387,7,10,0,2
20260912_215351_529_traffic_scan_env2025_seed0-499_48352cd1,387,7,11,0,2
20260912_215351_529_traffic_scan_env2025_seed0-499_48352cd1,387,7,13,2,1
20260912_215351_529_traffic_scan_env2025_seed0-499_48352cd1,387,7,14,0,3
20260912_215351_529_traffic_scan_env2025_seed0-499_48352cd1,387,7,17,0,1
20260912_215351_529_traffic_scan_env2025_seed0-499_48352cd1,387,7,19,0,2
20260912_215351_529_traffic_scan_env2025_seed0-499_48352cd1,387,7,24,0,2
20260912_215351_529_traffic_scan_env2025_seed0-499_48352cd1,387,7,29,0,1
20260912_215351_529_traffic_scan_env2025_seed0-499_48352cd1,387,7,29,1,1
20260912_215351_529_traffic_scan_env2025_seed0-499_48352cd1,387,7,34,0,1
20260912_215351_529_traffic_scan_env2025_seed0-499_48352cd1,387,7,36,0,2
20260912_215351_529_traffic_scan_env2025_seed0-499_48352cd1,387,7,36,1,1
20260912_215351_529_traffic_scan_env2025_seed0-499_48352cd1,387,7,37,2,1
20260912_215351_529_traffic_scan_env2025_seed0-499_48352cd1,387,7,39,0,1
20260912_215351_529_traffic_scan_env2025_seed0-499_48352cd1,387,7,45,0,4
20260912_215351_529_traffic_scan_env2025_seed0-499_48352cd1,387,7,46,0,1
20260912_215351_529_traffic_scan_env2025_seed0-499_48352cd1,387,7,49,0,1
20260912_215351_529_traffic_scan_env2025_seed0-499_48352cd1,387,7,50,0,1
20260912_215351_529_traffic_scan_env2025_seed0-499_48352cd1,387,7,51,0,1
20260912_215351_529_traffic_scan_env2025_seed0-499_48352cd1,387,7,52,0,1
20260912_215351_529_traffic_scan_env2025_seed0-499_48352cd1,387,7,53,0,2
20260912_215351_529_traffic_scan_env2025_seed0-499_48352cd1,387,7,54,0,1
20260912_215351_529_traffic_scan_env2025_seed0-499_48352cd1,387,7,55,0,1
20260912_215351_529_traffic_scan_env2025_seed0-499_48352cd1,387,7,57,2,1
20260912_215351_529_traffic_scan_env2025_seed0-499_48352cd1,387,7,59,0,1
20260912_215351_529_traffic_scan_env2025_seed0-499_48352cd1,387,8,4,0,1
20260912_215351_529_traffic_scan_env2025_seed0-499_48352cd1,387,8,5,0,3
20260912_215351_529_traffic_scan_env2025_seed0-499_48352cd1,387,8,6,0,1
20260912_215351_529_traffic_scan_env2025_seed0-499_48352cd1,387,8,7,0,2
20260912_215351_529_traffic_scan_env2025_seed0-499_48352cd1,387,8,7,1,1
20260912_215351_529_traffic_scan_env2025_seed0-499_48352cd1,387,8,8,0,3
20260912_215351_529_traffic_scan_env2025_seed0-499_48352cd1,387,8,9,0,1
20260912_215351_529_traffic_scan_env2025_seed0-499_48352cd1,387,8,11,0,4
20260912_215351_529_traffic_scan_env2025_seed0-499_48352cd1,387,8,12,0,1
20260912_215351_529_traffic_scan_env2025_seed0-499_48352cd1,387,8,14,1,3
20260912_215351_529_traffic_scan_env2025_seed0-499_48352cd1,387,8,15,0,1
20260912_215351_529_traffic_scan_env2025_seed0-499_48352cd1,387,8,18,0,1
20260912_215351_529_traffic_scan_env2025_seed0-499_48352cd1,387,8,19,0,2
20260912_215351_529_traffic_scan_env2025_seed0-499_48352cd1,387,8,24,0,1
20260912_215351_529_traffic_scan_env2025_seed0-499_48352cd1,387,8,25,0,2
20260912_215351_529_traffic_scan_env2025_seed0-499_48352cd1,387,8,28,0,1
20260912_215351_529_traffic_scan_env2025_seed0-499_48352cd1,387,8,30,0,1
20260912_215351_529_traffic_scan_env2025_seed0-499_48352cd1,387,8,30,1,1
20260912_215351_529_traffic_scan_env2025_seed0-499_48352cd1,387,8,32,0,1
20260912_215351_529_traffic_scan_env2025_seed0-499_48352cd1,387,8,33,0,2
20260912_215351_529_traffic_scan_env2025_seed0-499_48352cd1,387,8,33,1,1
20260912_215351_529_traffic_scan_env2025_seed0-499_48352cd1,387,8,36,0,2
20260912_215351_529_traffic_scan_env2025_seed0-499_48352cd1,387,8,36,1,4
20260912_215351_529_traffic_scan_env2025_seed0-499_48352cd1,387,8,39,0,1
20260912_215351_529_traffic_scan_env2025_seed0-499_48352cd1,387,8,42,0,1
20260912_215351_529_traffic_scan_env2025_seed0-499_48352cd1,387,8,44,0,1
20260912_215351_529_traffic_scan_env2025_seed0-499_48352cd1,387,8,46,0,4
20260912_215351_529_traffic_scan_env2025_seed0-499_48352cd1,387,8,49,0,1
20260912_215351_529_traffic_scan_env2025_seed0-499_48352cd1,387,8,50,0,3
20260912_215351_529_traffic_scan_env2025_seed0-499_48352cd1,387,8,51,0,2
20260912_215351_529_traffic_scan_env2025_seed0-499_48352cd1,387,8,52,0,1
20260912_215351_529_traffic_scan_env2025_seed0-499_48352cd1,387,8,52,1,1
20260912_215351_529_traffic_scan_env2025_seed0-499_48352cd1,387,8,54,0,1
20260912_215351_529_traffic_scan_env2025_seed0-499_48352cd1,387,8,55,0,1
20260912_215351_529_traffic_scan_env2025_seed0-499_48352cd1,387,8,57,2,1
20260912_215351_529_traffic_scan_env2025_seed0-499_48352cd1,387,8,58,0,1
20260912_215351_529_traffic_scan_env2025_seed0-499_48352cd1,387,8,59,0,2
20260912_215351_529_traffic_scan_env2025_seed0-499_48352cd1,387,9,6,0,1
20260912_215351_529_traffic_scan_env2025_seed0-499_48352cd1,387,9,6,1,1
20260912_215351_529_traffic_scan_env2025_seed0-499_48352cd1,387,9,7,1,2
20260912_215351_529_traffic_scan_env2025_seed0-499_48352cd1,387,9,8,0,1
20260912_215351_529_traffic_scan_env2025_seed0-499_48352cd1,387,9,9,0,1
20260912_215351_529_traffic_scan_env2025_seed0-499_48352cd1,387,9,12,0,4
20260912_215351_529_traffic_scan_env2025_seed0-499_48352cd1,387,9,12,1,1
20260912_215351_529_traffic_scan_env2025_seed0-499_48352cd1,387,9,13,2,2
20260912_215351_529_traffic_scan_env2025_seed0-499_48352cd1,387,9,14,1,2
20260912_215351_529_traffic_scan_env2025_seed0-499_48352cd1,387,9,15,1,1
20260912_215351_529_traffic_scan_env2025_seed0-499_48352cd1,387,9,16,0,1
20260912_215351_529_traffic_scan_env2025_seed0-499_48352cd1,387,9,19,0,2
20260912_215351_529_traffic_scan_env2025_seed0-499_48352cd1,387,9,20,0,1
20260912_215351_529_traffic_scan_env2025_seed0-499_48352cd1,387,9,21,0,1
20260912_215351_529_traffic_scan_env2025_seed0-499_48352cd1,387,9,22,0,1
20260912_215351_529_traffic_scan_env2025_seed0-499_48352cd1,387,9,23,0,1
20260912_215351_529_traffic_scan_env2025_seed0-499_48352cd1,387,9,26,0,2
20260912_215351_529_traffic_scan_env2025_seed0-499_48352cd1,387,9,29,0,2
20260912_215351_529_traffic_scan_env2025_seed0-499_48352cd1,387,9,31,0,1
20260912_215351_529_traffic_scan_env2025_seed0-499_48352cd1,387,9,31,1,1
20260912_215351_529_traffic_scan_env2025_seed0-499_48352cd1,387,9,33,2,1
20260912_215351_529_traffic_scan_env2025_seed0-499_48352cd1,387,9,35,2,2
20260912_215351_529_traffic_scan_env2025_seed0-499_48352cd1,387,9,36,2,2
20260912_215351_529_traffic_scan_env2025_seed0-499_48352cd1,387,9,37,0,2
20260912_215351_529_traffic_scan_env2025_seed0-499_48352cd1,387,9,38,0,1
20260912_215351_529_traffic_scan_env2025_seed0-499_48352cd1,387,9,43,0,2
20260912_215351_529_traffic_scan_env2025_seed0-499_48352cd1,387,9,45,0,1
20260912_215351_529_traffic_scan_env2025_seed0-499_48352cd1,387,9,46,1,1
20260912_215351_529_traffic_scan_env2025_seed0-499_48352cd1,387,9,47,0,2
20260912_215351_529_traffic_scan_env2025_seed0-499_48352cd1,387,9,48,0,3
20260912_215351_529_traffic_scan_env2025_seed0-499_48352cd1,387,9,49,1,1
20260912_215351_529_traffic_scan_env2025_seed0-499_48352cd1,387,9,50,0,4
20260912_215351_529_traffic_scan_env2025_seed0-499_48352cd1,387,9,51,2,1
20260912_215351_529_traffic_scan_env2025_seed0-499_48352cd1,387,9,52,0,1
20260912_215351_529_traffic_scan_env2025_seed0-499_48352cd1,387,9,53,0,1
20260912_215351_529_traffic_scan_env2025_seed0-499_48352cd1,387,9,54,0,2
20260912_215351_529_traffic_scan_env2025_seed0-499_48352cd1,387,9,55,0,2
20260912_215351_529_traffic_scan_env2025_seed0-499_48352cd1,387,9,56,0,1
20260912_215351_529_traffic_scan_env2025_seed0-499_48352cd1,387,9,56,1,1
20260912_215351_529_traffic_scan_env2025_seed0-499_48352cd1,387,9,57,0,3
20260912_215351_529_traffic_scan_env2025_seed0-499_48352cd1,387,9,58,0,1
20260912_215351_529_traffic_scan_env2025_seed0-499_48352cd1,387,9,58,1,1
20260912_215351_529_traffic_scan_env2025_seed0-499_48352cd1,387,10,0,0,2
20260912_215351_529_traffic_scan_env2025_seed0-499_48352cd1,387,10,6,1,1
20260912_215351_529_traffic_scan_env2025_seed0-499_48352cd1,387,10,7,0,1
20260912_215351_529_traffic_scan_env2025_seed0-499_48352cd1,387,10,7,1,2
20260912_215351_529_traffic_scan_env2025_seed0-499_48352cd1,387,10,8,0,1
20260912_215351_529_traffic_scan_env2025_seed0-499_48352cd1,387,10,10,0,1
20260912_215351_529_traffic_scan_env2025_seed0-499_48352cd1,387,10,12,1,1
20260912_215351_529_traffic_scan_env2025_seed0-499_48352cd1,387,10,13,0,4
20260912_215351_529_traffic_scan_env2025_seed0-499_48352cd1,387,10,14,0,1
20260912_215351_529_traffic_scan_env2025_seed0-499_48352cd1,387,10,15,1,1
20260912_215351_529_traffic_scan_env2025_seed0-499_48352cd1,387,10,16,1,1
20260912_215351_529_traffic_scan_env2025_seed0-499_48352cd1,387,10,17,0,1
20260912_215351_529_traffic_scan_env2025_seed0-499_48352cd1,387,10,19,0,3
20260912_215351_529_traffic_scan_env2025_seed0-499_48352cd1,387,10,20,0,3
20260912_215351_529_traffic_scan_env2025_seed0-499_48352cd1,387,10,23,0,1
20260912_215351_529_traffic_scan_env2025_seed0-499_48352cd1,387,10,24,0,1
20260912_215351_529_traffic_scan_env2025_seed0-499_48352cd1,387,10,26,0,2
20260912_215351_529_traffic_scan_env2025_seed0-499_48352cd1,387,10,28,0,1
20260912_215351_529_traffic_scan_env2025_seed0-499_48352cd1,387,10,29,0,1
20260912_215351_529_traffic_scan_env2025_seed0-499_48352cd1,387,10,30,0,1
20260912_215351_529_traffic_scan_env2025_seed0-499_48352cd1,387,10,32,1,1
20260912_215351_529_traffic_scan_env2025_seed0-499_48352cd1,387,10,33,0,1
20260912_215351_529_traffic_scan_env2025_seed0-499_48352cd1,387,10,33,1,2
20260912_215351_529_traffic_scan_env2025_seed0-499_48352cd1,387,10,34,1,2
20260912_215351_529_traffic_scan_env2025_seed0-499_48352cd1,387,10,36,2,2
20260912_215351_529_traffic_scan_env2025_seed0-499_48352cd1,387,10,37,0,3
20260912_215351_529_traffic_scan_env2025_seed0-499_48352cd1,387,10,39,0,1
20260912_215351_529_traffic_scan_env2025_seed0-499_48352cd1,387,10,40,0,1
20260912_215351_529_traffic_scan_env2025_seed0-499_48352cd1,387,10,41,0,1
20260912_215351_529_traffic_scan_env2025_seed0-499_48352cd1,387,10,42,0,2
20260912_215351_529_traffic_scan_env2025_seed0-499_48352cd1,387,10,43,0,1
20260912_215351_529_traffic_scan_env2025_seed0-499_48352cd1,387,10,44,0,3
20260912_215351_529_traffic_scan_env2025_seed0-499_48352cd1,387,10,45,0,1
20260912_215351_529_traffic_scan_env2025_seed0-499_48352cd1,387,10,46,1,1
20260912_215351_529_traffic_scan_env2025_seed0-499_48352cd1,387,10,47,0,1
20260912_215351_529_traffic_scan_env2025_seed0-499_48352cd1,387,10,48,0,2
20260912_215351_529_traffic_scan_env2025_seed0-499_48352cd1,387,10,48,1,1
20260912_215351_529_traffic_scan_env2025_seed0-499_48352cd1,387,10,49,0,3
20260912_215351_529_traffic_scan_env2025_seed0-499_48352cd1,387,10,50,0,4
20260912_215351_529_traffic_scan_env2025_seed0-499_48352cd1,387,10,50,1,1
20260912_215351_529_traffic_scan_env2025_seed0-499_48352cd1,387,10,51,0,3
20260912_215351_529_traffic_scan_env2025_seed0-499_48352cd1,387,10,52,0,3
20260912_215351_529_traffic_scan_env2025_seed0-499_48352cd1,387,10,53,0,1
20260912_215351_529_traffic_scan_env2025_seed0-499_48352cd1,387,10,54,0,2
20260912_215351_529_traffic_scan_env2025_seed0-499_48352cd1,387,10,55,0,2
20260912_215351_529_traffic_scan_env2025_seed0-499_48352cd1,387,10,56,0,3
20260912_215351_529_traffic_scan_env2025_seed0-499_48352cd1,387,10,56,1,1
20260912_215351_529_traffic_scan_env2025_seed0-499_48352cd1,387,10,57,0,1
20260912_215351_529_traffic_scan_env2025_seed0-499_48352cd1,387,10,58,1,1
20260912_215351_529_traffic_scan_env2025_seed0-499_48352cd1,387,11,1,0,2
20260912_215351_529_traffic_scan_env2025_seed0-499_48352cd1,387,11,6,1,1
20260912_215351_529_traffic_scan_env2025_seed0-499_48352cd1,387,11,7,1,2
20260912_215351_529_traffic_scan_env2025_seed0-499_48352cd1,387,11,8,0,2
20260912_215351_529_traffic_scan_env2025_seed0-499_48352cd1,387,11,11,0,1
20260912_215351_529_traffic_scan_env2025_seed0-499_48352cd1,387,11,11,1,1
20260912_215351_529_traffic_scan_env2025_seed0-499_48352cd1,387,11,14,0,6
20260912_215351_529_traffic_scan_env2025_seed0-499_48352cd1,387,11,15,0,1
20260912_215351_529_traffic_scan_env2025_seed0-499_48352cd1,387,11,16,0,1
20260912_215351_529_traffic_scan_env2025_seed0-499_48352cd1,387,11,16,1,1
20260912_215351_529_traffic_scan_env2025_seed0-499_48352cd1,387,11,17,0,1
20260912_215351_529_traffic_scan_env2025_seed0-499_48352cd1,387,11,17,1,1
20260912_215351_529_traffic_scan_env2025_seed0-499_48352cd1,387,11,18,0,3
20260912_215351_529_traffic_scan_env2025_seed0-499_48352cd1,387,11,21,0,3
20260912_215351_529_traffic_scan_env2025_seed0-499_48352cd1,387,11,22,0,1
20260912_215351_529_traffic_scan_env2025_seed0-499_48352cd1,387,11,23,0,1
20260912_215351_529_traffic_scan_env2025_seed0-499_48352cd1,387,11,24,0,3
20260912_215351_529_traffic_scan_env2025_seed0-499_48352cd1,387,11,25,0,1
20260912_215351_529_traffic_scan_env2025_seed0-499_48352cd1,387,11,26,0,3
20260912_215351_529_traffic_scan_env2025_seed0-499_48352cd1,387,11,28,0,1
20260912_215351_529_traffic_scan_env2025_seed0-499_48352cd1,387,11,29,0,2
20260912_215351_529_traffic_scan_env2025_seed0-499_48352cd1,387,11,32,0,2
20260912_215351_529_traffic_scan_env2025_seed0-499_48352cd1,387,11,33,2,1
20260912_215351_529_traffic_scan_env2025_seed0-499_48352cd1,387,11,34,2,1
20260912_215351_529_traffic_scan_env2025_seed0-499_48352cd1,387,11,36,0,1
20260912_215351_529_traffic_scan_env2025_seed0-499_48352cd1,387,11,36,1,3
20260912_215351_529_traffic_scan_env2025_seed0-499_48352cd1,387,11,37,0,1
20260912_215351_529_traffic_scan_env2025_seed0-499_48352cd1,387,11,38,0,1
20260912_215351_529_traffic_scan_env2025_seed0-499_48352cd1,387,11,39,0,1
20260912_215351_529_traffic_scan_env2025_seed0-499_48352cd1,387,11,42,0,2
20260912_215351_529_traffic_scan_env2025_seed0-499_48352cd1,387,11,43,0,2
20260912_215351_529_traffic_scan_env2025_seed0-499_48352cd1,387,11,44,0,2
20260912_215351_529_traffic_scan_env2025_seed0-499_48352cd1,387,11,45,0,3
20260912_215351_529_traffic_scan_env2025_seed0-499_48352cd1,387,11,46,0,3
20260912_215351_529_traffic_scan_env2025_seed0-499_48352cd1,387,11,46,1,1
20260912_215351_529_traffic_scan_env2025_seed0-499_48352cd1,387,11,47,0,2
20260912_215351_529_traffic_scan_env2025_seed0-499_48352cd1,387,11,47,1,1
20260912_215351_529_traffic_scan_env2025_seed0-499_48352cd1,387,11,48,0,4
20260912_215351_529_traffic_scan_env2025_seed0-499_48352cd1,387,11,49,0,3
20260912_215351_529_traffic_scan_env2025_seed0-499_48352cd1,387,11,49,1,2
20260912_215351_529_traffic_scan_env2025_seed0-499_48352cd1,387,11,50,0,3
20260912_215351_529_traffic_scan_env2025_seed0-499_48352cd1,387,11,51,0,3
20260912_215351_529_traffic_scan_env2025_seed0-499_48352cd1,387,11,53,0,1
20260912_215351_529_traffic_scan_env2025_seed0-499_48352cd1,387,11,54,0,1
20260912_215351_529_traffic_scan_env2025_seed0-499_48352cd1,387,11,55,0,3
20260912_215351_529_traffic_scan_env2025_seed0-499_48352cd1,387,11,56,0,1
20260912_215351_529_traffic_scan_env2025_seed0-499_48352cd1,387,11,56,1,1
20260912_215351_529_traffic_scan_env2025_seed0-499_48352cd1,387,11,58,1,1
20260912_215351_529_traffic_scan_env2025_seed0-499_48352cd1,387,12,2,0,2
20260912_215351_529_traffic_scan_env2025_seed0-499_48352cd1,387,12,7,0,1
20260912_215351_529_traffic_scan_env2025_seed0-499_48352cd1,387,12,7,1,2
20260912_215351_529_traffic_scan_env2025_seed0-499_48352cd1,387,12,8,0,1
20260912_215351_529_traffic_scan_env2025_seed0-499_48352cd1,387,12,9,0,1
20260912_215351_529_traffic_scan_env2025_seed0-499_48352cd1,387,12,10,0,1
20260912_215351_529_traffic_scan_env2025_seed0-499_48352cd1,387,12,10,1,1
20260912_215351_529_traffic_scan_env2025_seed0-499_48352cd1,387,12,11,0,1
20260912_215351_529_traffic_scan_env2025_seed0-499_48352cd1,387,12,12,0,2
20260912_215351_529_traffic_scan_env2025_seed0-499_48352cd1,387,12,13,0,1
20260912_215351_529_traffic_scan_env2025_seed0-499_48352cd1,387,12,15,0,5
20260912_215351_529_traffic_scan_env2025_seed0-499_48352cd1,387,12,17,1,1
20260912_215351_529_traffic_scan_env2025_seed0-499_48352cd1,387,12,18,0,1
20260912_215351_529_traffic_scan_env2025_seed0-499_48352cd1,387,12,18,1,1
20260912_215351_529_traffic_scan_env2025_seed0-499_48352cd1,387,12,22,0,2
20260912_215351_529_traffic_scan_env2025_seed0-499_48352cd1,387,12,24,0,2
20260912_215351_529_traffic_scan_env2025_seed0-499_48352cd1,387,12,27,0,4
20260912_215351_529_traffic_scan_env2025_seed0-499_48352cd1,387,12,28,0,4
20260912_215351_529_traffic_scan_env2025_seed0-499_48352cd1,387,12,29,0,2
20260912_215351_529_traffic_scan_env2025_seed0-499_48352cd1,387,12,30,0,1
20260912_215351_529_traffic_scan_env2025_seed0-499_48352cd1,387,12,31,0,1
20260912_215351_529_traffic_scan_env2025_seed0-499_48352cd1,387,12,32,0,3
20260912_215351_529_traffic_scan_env2025_seed0-499_48352cd1,387,12,32,1,1
20260912_215351_529_traffic_scan_env2025_seed0-499_48352cd1,387,12,35,0,3
20260912_215351_529_traffic_scan_env2025_seed0-499_48352cd1,387,12,35,1,1
20260912_215351_529_traffic_scan_env2025_seed0-499_48352cd1,387,12,36,0,2
20260912_215351_529_traffic_scan_env2025_seed0-499_48352cd1,387,12,36,1,3
20260912_215351_529_traffic_scan_env2025_seed0-499_48352cd1,387,12,37,0,2
20260912_215351_529_traffic_scan_env2025_seed0-499_48352cd1,387,12,37,1,1
20260912_215351_529_traffic_scan_env2025_seed0-499_48352cd1,387,12,38,0,1
20260912_215351_529_traffic_scan_env2025_seed0-499_48352cd1,387,12,41,0,2
20260912_215351_529_traffic_scan_env2025_seed0-499_48352cd1,387,12,42,0,1
20260912_215351_529_traffic_scan_env2025_seed0-499_48352cd1,387,12,43,0,1
20260912_215351_529_traffic_scan_env2025_seed0-499_48352cd1,387,12,45,0,3
20260912_215351_529_traffic_scan_env2025_seed0-499_48352cd1,387,12,46,0,1
20260912_215351_529_traffic_scan_env2025_seed0-499_48352cd1,387,12,46,1,2
20260912_215351_529_traffic_scan_env2025_seed0-499_48352cd1,387,12,47,0,1
20260912_215351_529_traffic_scan_env2025_seed0-499_48352cd1,387,12,48,0,1
20260912_215351_529_traffic_scan_env2025_seed0-499_48352cd1,387,12,48,1,3
20260912_215351_529_traffic_scan_env2025_seed0-499_48352cd1,387,12,50,0,3
20260912_215351_529_traffic_scan_env2025_seed0-499_48352cd1,387,12,51,0,1
20260912_215351_529_traffic_scan_env2025_seed0-499_48352cd1,387,12,52,0,1
20260912_215351_529_traffic_scan_env2025_seed0-499_48352cd1,387,12,54,0,3
20260912_215351_529_traffic_scan_env2025_seed0-499_48352cd1,387,12,55,0,2
20260912_215351_529_traffic_scan_env2025_seed0-499_48352cd1,387,12,56,1,1
20260912_215351_529_traffic_scan_env2025_seed0-499_48352cd1,387,12,58,1,1
20260912_215351_529_traffic_scan_env2025_seed0-499_48352cd1,387,13,0,0,1
20260912_215351_529_traffic_scan_env2025_seed0-499_48352cd1,387,13,3,0,2
20260912_215351_529_traffic_scan_env2025_seed0-499_48352cd1,387,13,7,1,2
20260912_215351_529_traffic_scan_env2025_seed0-499_48352cd1,387,13,8,0,2
20260912_215351_529_traffic_scan_env2025_seed0-499_48352cd1,387,13,9,0,2
20260912_215351_529_traffic_scan_env2025_seed0-499_48352cd1,387,13,9,1,1
20260912_215351_529_traffic_scan_env2025_seed0-499_48352cd1,387,13,10,0,1
20260912_215351_529_traffic_scan_env2025_seed0-499_48352cd1,387,13,13,0,1
20260912_215351_529_traffic_scan_env2025_seed0-499_48352cd1,387,13,14,1,1
20260912_215351_529_traffic_scan_env2025_seed0-499_48352cd1,387,13,15,1,1
20260912_215351_529_traffic_scan_env2025_seed0-499_48352cd1,387,13,16,0,5
20260912_215351_529_traffic_scan_env2025_seed0-499_48352cd1,387,13,16,1,1
20260912_215351_529_traffic_scan_env2025_seed0-499_48352cd1,387,13,18,1,1
20260912_215351_529_traffic_scan_env2025_seed0-499_48352cd1,387,13,19,0,1
20260912_215351_529_traffic_scan_env2025_seed0-499_48352cd1,387,13,19,1,1
20260912_215351_529_traffic_scan_env2025_seed0-499_48352cd1,387,13,23,0,2
20260912_215351_529_traffic_scan_env2025_seed0-499_48352cd1,387,13,24,0,1
20260912_215351_529_traffic_scan_env2025_seed0-499_48352cd1,387,13,25,0,1
20260912_215351_529_traffic_scan_env2025_seed0-499_48352cd1,387,13,26,0,2
20260912_215351_529_traffic_scan_env2025_seed0-499_48352cd1,387,13,29,0,3
20260912_215351_529_traffic_scan_env2025_seed0-499_48352cd1,387,13,31,0,1
20260912_215351_529_traffic_scan_env2025_seed0-499_48352cd1,387,13,31,1,1
20260912_215351_529_traffic_scan_env2025_seed0-499_48352cd1,387,13,33,0,2
20260912_215351_529_traffic_scan_env2025_seed0-499_48352cd1,387,13,34,0,3
20260912_215351_529_traffic_scan_env2025_seed0-499_48352cd1,387,13,36,2,5
20260912_215351_529_traffic_scan_env2025_seed0-499_48352cd1,387,13,40,0,2
20260912_215351_529_traffic_scan_env2025_seed0-499_48352cd1,387,13,41,0,1
20260912_215351_529_traffic_scan_env2025_seed0-499_48352cd1,387,13,42,0,1
20260912_215351_529_traffic_scan_env2025_seed0-499_48352cd1,387,13,44,0,2
20260912_215351_529_traffic_scan_env2025_seed0-499_48352cd1,387,13,45,0,1
20260912_215351_529_traffic_scan_env2025_seed0-499_48352cd1,387,13,45,1,1
20260912_215351_529_traffic_scan_env2025_seed0-499_48352cd1,387,13,46,0,2
20260912_215351_529_traffic_scan_env2025_seed0-499_48352cd1,387,13,46,1,1
20260912_215351_529_traffic_scan_env2025_seed0-499_48352cd1,387,13,47,2,3
20260912_215351_529_traffic_scan_env2025_seed0-499_48352cd1,387,13,48,0,1
20260912_215351_529_traffic_scan_env2025_seed0-499_48352cd1,387,13,49,0,1
20260912_215351_529_traffic_scan_env2025_seed0-499_48352cd1,387,13,50,0,2
20260912_215351_529_traffic_scan_env2025_seed0-499_48352cd1,387,13,52,0,2
20260912_215351_529_traffic_scan_env2025_seed0-499_48352cd1,387,13,53,0,3
20260912_215351_529_traffic_scan_env2025_seed0-499_48352cd1,387,13,54,0,2
20260912_215351_529_traffic_scan_env2025_seed0-499_48352cd1,387,13,55,0,1
20260912_215351_529_traffic_scan_env2025_seed0-499_48352cd1,387,13,56,1,1
20260912_215351_529_traffic_scan_env2025_seed0-499_48352cd1,387,13,57,1,1
20260912_215351_529_traffic_scan_env2025_seed0-499_48352cd1,387,14,1,0,1
20260912_215351_529_traffic_scan_env2025_seed0-499_48352cd1,387,14,4,0,2
20260912_215351_529_traffic_scan_env2025_seed0-499_48352cd1,387,14,7,0,1
20260912_215351_529_traffic_scan_env2025_seed0-499_48352cd1,387,14,7,1,3
20260912_215351_529_traffic_scan_env2025_seed0-499_48352cd1,387,14,8,0,2
20260912_215351_529_traffic_scan_env2025_seed0-499_48352cd1,387,14,9,0,3
20260912_215351_529_traffic_scan_env2025_seed0-499_48352cd1,387,14,9,1,1
20260912_215351_529_traffic_scan_env2025_seed0-499_48352cd1,387,14,11,0,2
20260912_215351_529_traffic_scan_env2025_seed0-499_48352cd1,387,14,12,0,1
20260912_215351_529_traffic_scan_env2025_seed0-499_48352cd1,387,14,12,1,1
20260912_215351_529_traffic_scan_env2025_seed0-499_48352cd1,387,14,13,0,1
20260912_215351_529_traffic_scan_env2025_seed0-499_48352cd1,387,14,13,1,1
20260912_215351_529_traffic_scan_env2025_seed0-499_48352cd1,387,14,17,0,5
20260912_215351_529_traffic_scan_env2025_seed0-499_48352cd1,387,14,17,1,1
20260912_215351_529_traffic_scan_env2025_seed0-499_48352cd1,387,14,18,2,1
20260912_215351_529_traffic_scan_env2025_seed0-499_48352cd1,387,14,19,0,2
20260912_215351_529_traffic_scan_env2025_seed0-499_48352cd1,387,14,19,1,2
20260912_215351_529_traffic_scan_env2025_seed0-499_48352cd1,387,14,20,0,1
20260912_215351_529_traffic_scan_env2025_seed0-499_48352cd1,387,14,20,1,2
20260912_215351_529_traffic_scan_env2025_seed0-499_48352cd1,387,14,21,0,1
20260912_215351_529_traffic_scan_env2025_seed0-499_48352cd1,387,14,21,1,1
20260912_215351_529_traffic_scan_env2025_seed0-499_48352cd1,387,14,22,0,1
20260912_215351_529_traffic_scan_env2025_seed0-499_48352cd1,387,14,22,1,1
20260912_215351_529_traffic_scan_env2025_seed0-499_48352cd1,387,14,23,0,1
20260912_215351_529_traffic_scan_env2025_seed0-499_48352cd1,387,14,23,1,1
20260912_215351_529_traffic_scan_env2025_seed0-499_48352cd1,387,14,24,0,3
20260912_215351_529_traffic_scan_env2025_seed0-499_48352cd1,387,14,24,1,1
20260912_215351_529_traffic_scan_env2025_seed0-499_48352cd1,387,14,25,0,3
20260912_215351_529_traffic_scan_env2025_seed0-499_48352cd1,387,14,25,1,1
20260912_215351_529_traffic_scan_env2025_seed0-499_48352cd1,387,14,26,0,2
20260912_215351_529_traffic_scan_env2025_seed0-499_48352cd1,387,14,26,1,1
20260912_215351_529_traffic_scan_env2025_seed0-499_48352cd1,387,14,27,2,1
20260912_215351_529_traffic_scan_env2025_seed0-499_48352cd1,387,14,29,0,1
20260912_215351_529_traffic_scan_env2025_seed0-499_48352cd1,387,14,30,0,2
20260912_215351_529_traffic_scan_env2025_seed0-499_48352cd1,387,14,30,1,2
20260912_215351_529_traffic_scan_env2025_seed0-499_48352cd1,387,14,33,0,3
20260912_215351_529_traffic_scan_env2025_seed0-499_48352cd1,387,14,36,2,1
20260912_215351_529_traffic_scan_env2025_seed0-499_48352cd1,387,14,37,1,4
20260912_215351_529_traffic_scan_env2025_seed0-499_48352cd1,387,14,38,1,1
20260912_215351_529_traffic_scan_env2025_seed0-499_48352cd1,387,14,39,0,2
20260912_215351_529_traffic_scan_env2025_seed0-499_48352cd1,387,14,40,0,2
20260912_215351_529_traffic_scan_env2025_seed0-499_48352cd1,387,14,41,0,1
20260912_215351_529_traffic_scan_env2025_seed0-499_48352cd1,387,14,43,0,2
20260912_215351_529_traffic_scan_env2025_seed0-499_48352cd1,387,14,44,1,1
20260912_215351_529_traffic_scan_env2025_seed0-499_48352cd1,387,14,45,0,2
20260912_215351_529_traffic_scan_env2025_seed0-499_48352cd1,387,14,46,0,1
20260912_215351_529_traffic_scan_env2025_seed0-499_48352cd1,387,14,46,1,4
20260912_215351_529_traffic_scan_env2025_seed0-499_48352cd1,387,14,47,0,1
20260912_215351_529_traffic_scan_env2025_seed0-499_48352cd1,387,14,48,0,3
20260912_215351_529_traffic_scan_env2025_seed0-499_48352cd1,387,14,49,0,1
20260912_215351_529_traffic_scan_env2025_seed0-499_48352cd1,387,14,50,0,2
20260912_215351_529_traffic_scan_env2025_seed0-499_48352cd1,387,14,51,0,2
20260912_215351_529_traffic_scan_env2025_seed0-499_48352cd1,387,14,53,0,5
20260912_215351_529_traffic_scan_env2025_seed0-499_48352cd1,387,14,54,0,3
20260912_215351_529_traffic_scan_env2025_seed0-499_48352cd1,387,14,55,0,2
20260912_215351_529_traffic_scan_env2025_seed0-499_48352cd1,387,14,55,1,1
20260912_215351_529_traffic_scan_env2025_seed0-499_48352cd1,387,14,56,0,1
20260912_215351_529_traffic_scan_env2025_seed0-499_48352cd1,387,14,56,1,1
20260912_215351_529_traffic_scan_env2025_seed0-499_48352cd1,387,14,57,0,1
20260912_215351_529_traffic_scan_env2025_seed0-499_48352cd1,387,15,2,0,1
20260912_215351_529_traffic_scan_env2025_seed0-499_48352cd1,387,15,4,0,2
20260912_215351_529_traffic_scan_env2025_seed0-499_48352cd1,387,15,7,0,1
20260912_215351_529_traffic_scan_env2025_seed0-499_48352cd1,387,15,7,1,3
20260912_215351_529_traffic_scan_env2025_seed0-499_48352cd1,387,15,10,0,4
20260912_215351_529_traffic_scan_env2025_seed0-499_48352cd1,387,15,10,1,1
20260912_215351_529_traffic_scan_env2025_seed0-499_48352cd1,387,15,11,0,2
20260912_215351_529_traffic_scan_env2025_seed0-499_48352cd1,387,15,11,1,1
20260912_215351_529_traffic_scan_env2025_seed0-499_48352cd1,387,15,13,0,2
20260912_215351_529_traffic_scan_env2025_seed0-499_48352cd1,387,15,18,0,5
20260912_215351_529_traffic_scan_env2025_seed0-499_48352cd1,387,15,18,1,1
20260912_215351_529_traffic_scan_env2025_seed0-499_48352cd1,387,15,20,2,1
20260912_215351_529_traffic_scan_env2025_seed0-499_48352cd1,387,15,21,1,1
20260912_215351_529_traffic_scan_env2025_seed0-499_48352cd1,387,15,24,0,1
20260912_215351_529_traffic_scan_env2025_seed0-499_48352cd1,387,15,25,0,2
20260912_215351_529_traffic_scan_env2025_seed0-499_48352cd1,387,15,26,0,2
20260912_215351_529_traffic_scan_env2025_seed0-499_48352cd1,387,15,27,0,2
20260912_215351_529_traffic_scan_env2025_seed0-499_48352cd1,387,15,28,0,1
20260912_215351_529_traffic_scan_env2025_seed0-499_48352cd1,387,15,28,1,1
20260912_215351_529_traffic_scan_env2025_seed0-499_48352cd1,387,15,29,0,1
20260912_215351_529_traffic_scan_env2025_seed0-499_48352cd1,387,15,29,1,2
20260912_215351_529_traffic_scan_env2025_seed0-499_48352cd1,387,15,30,0,1
20260912_215351_529_traffic_scan_env2025_seed0-499_48352cd1,387,15,30,1,2
20260912_215351_529_traffic_scan_env2025_seed0-499_48352cd1,387,15,31,0,1
20260912_215351_529_traffic_scan_env2025_seed0-499_48352cd1,387,15,31,1,1
20260912_215351_529_traffic_scan_env2025_seed0-499_48352cd1,387,15,32,0,2
20260912_215351_529_traffic_scan_env2025_seed0-499_48352cd1,387,15,32,1,1
20260912_215351_529_traffic_scan_env2025_seed0-499_48352cd1,387,15,33,0,1
20260912_215351_529_traffic_scan_env2025_seed0-499_48352cd1,387,15,33,1,1
20260912_215351_529_traffic_scan_env2025_seed0-499_48352cd1,387,15,34,1,1
20260912_215351_529_traffic_scan_env2025_seed0-499_48352cd1,387,15,35,0,1
20260912_215351_529_traffic_scan_env2025_seed0-499_48352cd1,387,15,35,1,2
20260912_215351_529_traffic_scan_env2025_seed0-499_48352cd1,387,15,36,0,2
20260912_215351_529_traffic_scan_env2025_seed0-499_48352cd1,387,15,36,1,2
20260912_215351_529_traffic_scan_env2025_seed0-499_48352cd1,387,15,37,1,1
20260912_215351_529_traffic_scan_env2025_seed0-499_48352cd1,387,15,38,0,2
20260912_215351_529_traffic_scan_env2025_seed0-499_48352cd1,387,15,38,1,1
20260912_215351_529_traffic_scan_env2025_seed0-499_48352cd1,387,15,39,0,2
20260912_215351_529_traffic_scan_env2025_seed0-499_48352cd1,387,15,39,1,2
20260912_215351_529_traffic_scan_env2025_seed0-499_48352cd1,387,15,40,2,1
20260912_215351_529_traffic_scan_env2025_seed0-499_48352cd1,387,15,41,1,1
20260912_215351_529_traffic_scan_env2025_seed0-499_48352cd1,387,15,42,0,2
20260912_215351_529_traffic_scan_env2025_seed0-499_48352cd1,387,15,42,1,1
20260912_215351_529_traffic_scan_env2025_seed0-499_48352cd1,387,15,43,1,2
20260912_215351_529_traffic_scan_env2025_seed0-499_48352cd1,387,15,44,0,2
20260912_215351_529_traffic_scan_env2025_seed0-499_48352cd1,387,15,44,1,1
20260912_215351_529_traffic_scan_env2025_seed0-499_48352cd1,387,15,45,0,2
20260912_215351_529_traffic_scan_env2025_seed0-499_48352cd1,387,15,45,1,4
20260912_215351_529_traffic_scan_env2025_seed0-499_48352cd1,387,15,46,0,1
20260912_215351_529_traffic_scan_env2025_seed0-499_48352cd1,387,15,46,1,2
20260912_215351_529_traffic_scan_env2025_seed0-499_48352cd1,387,15,47,0,1
20260912_215351_529_traffic_scan_env2025_seed0-499_48352cd1,387,15,48,0,1
20260912_215351_529_traffic_scan_env2025_seed0-499_48352cd1,387,15,50,0,2
20260912_215351_529_traffic_scan_env2025_seed0-499_48352cd1,387,15,51,0,1
20260912_215351_529_traffic_scan_env2025_seed0-499_48352cd1,387,15,52,0,4
20260912_215351_529_traffic_scan_env2025_seed0-499_48352cd1,387,15,54,0,2
20260912_215351_529_traffic_scan_env2025_seed0-499_48352cd1,387,15,54,1,1
20260912_215351_529_traffic_scan_env2025_seed0-499_48352cd1,387,15,55,0,4
20260912_215351_529_traffic_scan_env2025_seed0-499_48352cd1,387,15,55,1,1
20260912_215351_529_traffic_scan_env2025_seed0-499_48352cd1,387,16,3,0,1
20260912_215351_529_traffic_scan_env2025_seed0-499_48352cd1,387,16,4,0,2
20260912_215351_529_traffic_scan_env2025_seed0-499_48352cd1,387,16,7,0,1
20260912_215351_529_traffic_scan_env2025_seed0-499_48352cd1,387,16,7,1,4
20260912_215351_529_traffic_scan_env2025_seed0-499_48352cd1,387,16,10,0,1
20260912_215351_529_traffic_scan_env2025_seed0-499_48352cd1,387,16,10,1,2
20260912_215351_529_traffic_scan_env2025_seed0-499_48352cd1,387,16,11,0,3
20260912_215351_529_traffic_scan_env2025_seed0-499_48352cd1,387,16,12,0,2
20260912_215351_529_traffic_scan_env2025_seed0-499_48352cd1,387,16,14,0,2
20260912_215351_529_traffic_scan_env2025_seed0-499_48352cd1,387,16,15,0,1
20260912_215351_529_traffic_scan_env2025_seed0-499_48352cd1,387,16,19,0,5
20260912_215351_529_traffic_scan_env2025_seed0-499_48352cd1,387,16,19,1,1
20260912_215351_529_traffic_scan_env2025_seed0-499_48352cd1,387,16,21,1,1
20260912_215351_529_traffic_scan_env2025_seed0-499_48352cd1,387,16,22,1,1
20260912_215351_529_traffic_scan_env2025_seed0-499_48352cd1,387,16,23,0,1
20260912_215351_529_traffic_scan_env2025_seed0-499_48352cd1,387,16,24,1,1
20260912_215351_529_traffic_scan_env2025_seed0-499_48352cd1,387,16,25,1,1
20260912_215351_529_traffic_scan_env2025_seed0-499_48352cd1,387,16,26,1,2
20260912_215351_529_traffic_scan_env2025_seed0-499_48352cd1,387,16,27,0,2
20260912_215351_529_traffic_scan_env2025_seed0-499_48352cd1,387,16,28,0,4
20260912_215351_529_traffic_scan_env2025_seed0-499_48352cd1,387,16,28,1,1
20260912_215351_529_traffic_scan_env2025_seed0-499_48352cd1,387,16,29,0,1
20260912_215351_529_traffic_scan_env2025_seed0-499_48352cd1,387,16,30,1,1
20260912_215351_529_traffic_scan_env2025_seed0-499_48352cd1,387,16,31,0,2
20260912_215351_529_traffic_scan_env2025_seed0-499_48352cd1,387,16,32,0,1
20260912_215351_529_traffic_scan_env2025_seed0-499_48352cd1,387,16,33,0,1
20260912_215351_529_traffic_scan_env2025_seed0-499_48352cd1,387,16,34,0,1
20260912_215351_529_traffic_scan_env2025_seed0-499_48352cd1,387,16,35,0,1
20260912_215351_529_traffic_scan_env2025_seed0-499_48352cd1,387,16,36,0,1
20260912_215351_529_traffic_scan_env2025_seed0-499_48352cd1,387,16,36,1,1
20260912_215351_529_traffic_scan_env2025_seed0-499_48352cd1,387,16,37,0,6
20260912_215351_529_traffic_scan_env2025_seed0-499_48352cd1,387,16,38,0,4
20260912_215351_529_traffic_scan_env2025_seed0-499_48352cd1,387,16,40,1,1
20260912_215351_529_traffic_scan_env2025_seed0-499_48352cd1,387,16,41,0,2
20260912_215351_529_traffic_scan_env2025_seed0-499_48352cd1,387,16,42,1,1
20260912_215351_529_traffic_scan_env2025_seed0-499_48352cd1,387,16,43,0,2
20260912_215351_529_traffic_scan_env2025_seed0-499_48352cd1,387,16,44,2,3
20260912_215351_529_traffic_scan_env2025_seed0-499_48352cd1,387,16,46,0,3
20260912_215351_529_traffic_scan_env2025_seed0-499_48352cd1,387,16,46,1,1
20260912_215351_529_traffic_scan_env2025_seed0-499_48352cd1,387,16,48,0,1
20260912_215351_529_traffic_scan_env2025_seed0-499_48352cd1,387,16,48,1,1
20260912_215351_529_traffic_scan_env2025_seed0-499_48352cd1,387,16,49,0,1
20260912_215351_529_traffic_scan_env2025_seed0-499_48352cd1,387,16,49,1,1
20260912_215351_529_traffic_scan_env2025_seed0-499_48352cd1,387,16,52,1,3
20260912_215351_529_traffic_scan_env2025_seed0-499_48352cd1,387,16,53,1,3
20260912_215351_529_traffic_scan_env2025_seed0-499_48352cd1,387,16,54,0,1
20260912_215351_529_traffic_scan_env2025_seed0-499_48352cd1,387,16,55,0,3
20260912_215351_529_traffic_scan_env2025_seed0-499_48352cd1,387,16,55,1,1
20260912_215351_529_traffic_scan_env2025_seed0-499_48352cd1,387,16,56,0,1
20260912_215351_529_traffic_scan_env2025_seed0-499_48352cd1,387,17,0,0,1
20260912_215351_529_traffic_scan_env2025_seed0-499_48352cd1,387,17,4,0,3
20260912_215351_529_traffic_scan_env2025_seed0-499_48352cd1,387,17,6,0,2
20260912_215351_529_traffic_scan_env2025_seed0-499_48352cd1,387,17,7,1,3
20260912_215351_529_traffic_scan_env2025_seed0-499_48352cd1,387,17,8,2,1
20260912_215351_529_traffic_scan_env2025_seed0-499_48352cd1,387,17,9,0,1
20260912_215351_529_traffic_scan_env2025_seed0-499_48352cd1,387,17,9,1,1
20260912_215351_529_traffic_scan_env2025_seed0-499_48352cd1,387,17,9,2,1
20260912_215351_529_traffic_scan_env2025_seed0-499_48352cd1,387,17,12,0,3
20260912_215351_529_traffic_scan_env2025_seed0-499_48352cd1,387,17,13,0,2
20260912_215351_529_traffic_scan_env2025_seed0-499_48352cd1,387,17,15,0,2
20260912_215351_529_traffic_scan_env2025_seed0-499_48352cd1,387,17,16,0,1
20260912_215351_529_traffic_scan_env2025_seed0-499_48352cd1,387,17,20,0,4
20260912_215351_529_traffic_scan_env2025_seed0-499_48352cd1,387,17,20,1,2
20260912_215351_529_traffic_scan_env2025_seed0-499_48352cd1,387,17,22,1,2
20260912_215351_529_traffic_scan_env2025_seed0-499_48352cd1,387,17,23,2,1
20260912_215351_529_traffic_scan_env2025_seed0-499_48352cd1,387,17,26,1,1
20260912_215351_529_traffic_scan_env2025_seed0-499_48352cd1,387,17,27,0,2
20260912_215351_529_traffic_scan_env2025_seed0-499_48352cd1,387,17,27,1,4
20260912_215351_529_traffic_scan_env2025_seed0-499_48352cd1,387,17,28,0,3
20260912_215351_529_traffic_scan_env2025_seed0-499_48352cd1,387,17,28,1,1
20260912_215351_529_traffic_scan_env2025_seed0-499_48352cd1,387,17,29,0,2
20260912_215351_529_traffic_scan_env2025_seed0-499_48352cd1,387,17,30,0,2
20260912_215351_529_traffic_scan_env2025_seed0-499_48352cd1,387,17,30,1,1
20260912_215351_529_traffic_scan_env2025_seed0-499_48352cd1,387,17,33,0,3
20260912_215351_529_traffic_scan_env2025_seed0-499_48352cd1,387,17,35,0,1
20260912_215351_529_traffic_scan_env2025_seed0-499_48352cd1,387,17,36,0,7
20260912_215351_529_traffic_scan_env2025_seed0-499_48352cd1,387,17,36,1,1
20260912_215351_529_traffic_scan_env2025_seed0-499_48352cd1,387,17,39,0,2
20260912_215351_529_traffic_scan_env2025_seed0-499_48352cd1,387,17,40,0,3
20260912_215351_529_traffic_scan_env2025_seed0-499_48352cd1,387,17,41,1,2
20260912_215351_529_traffic_scan_env2025_seed0-499_48352cd1,387,17,42,0,2
20260912_215351_529_traffic_scan_env2025_seed0-499_48352cd1,387,17,43,1,3
20260912_215351_529_traffic_scan_env2025_seed0-499_48352cd1,387,17,46,0,2
20260912_215351_529_traffic_scan_env2025_seed0-499_48352cd1,387,17,46,1,1
20260912_215351_529_traffic_scan_env2025_seed0-499_48352cd1,387,17,47,0,1
20260912_215351_529_traffic_scan_env2025_seed0-499_48352cd1,387,17,48,2,1
20260912_215351_529_traffic_scan_env2025_seed0-499_48352cd1,387,17,49,2,1
20260912_215351_529_traffic_scan_env2025_seed0-499_48352cd1,387,17,51,2,2
20260912_215351_529_traffic_scan_env2025_seed0-499_48352cd1,387,17,52,1,4
20260912_215351_529_traffic_scan_env2025_seed0-499_48352cd1,387,17,54,2,1
20260912_215351_529_traffic_scan_env2025_seed0-499_48352cd1,387,17,55,0,2
20260912_215351_529_traffic_scan_env2025_seed0-499_48352cd1,387,17,56,0,1
20260912_215351_529_traffic_scan_env2025_seed0-499_48352cd1,387,17,57,0,1
20260912_215351_529_traffic_scan_env2025_seed0-499_48352cd1,387,18,1,0,1
20260912_215351_529_traffic_scan_env2025_seed0-499_48352cd1,387,18,4,0,2
20260912_215351_529_traffic_scan_env2025_seed0-499_48352cd1,387,18,5,0,5
20260912_215351_529_traffic_scan_env2025_seed0-499_48352cd1,387,18,7,1,3
20260912_215351_529_traffic_scan_env2025_seed0-499_48352cd1,387,18,9,1,2
20260912_215351_529_traffic_scan_env2025_seed0-499_48352cd1,387,18,13,0,3
20260912_215351_529_traffic_scan_env2025_seed0-499_48352cd1,387,18,14,0,2
20260912_215351_529_traffic_scan_env2025_seed0-499_48352cd1,387,18,16,0,2
20260912_215351_529_traffic_scan_env2025_seed0-499_48352cd1,387,18,17,0,1
20260912_215351_529_traffic_scan_env2025_seed0-499_48352cd1,387,18,18,0,1
20260912_215351_529_traffic_scan_env2025_seed0-499_48352cd1,387,18,20,0,4
20260912_215351_529_traffic_scan_env2025_seed0-499_48352cd1,387,18,20,1,1
20260912_215351_529_traffic_scan_env2025_seed0-499_48352cd1,387,18,21,1,2
20260912_215351_529_traffic_scan_env2025_seed0-499_48352cd1,387,18,23,2,1
20260912_215351_529_traffic_scan_env2025_seed0-499_48352cd1,387,18,26,0,2
20260912_215351_529_traffic_scan_env2025_seed0-499_48352cd1,387,18,26,1,1
20260912_215351_529_traffic_scan_env2025_seed0-499_48352cd1,387,18,27,2,3
20260912_215351_529_traffic_scan_env2025_seed0-499_48352cd1,387,18,29,0,4
20260912_215351_529_traffic_scan_env2025_seed0-499_48352cd1,387,18,29,1,1
20260912_215351_529_traffic_scan_env2025_seed0-499_48352cd1,387,18,30,1,3
20260912_215351_529_traffic_scan_env2025_seed0-499_48352cd1,387,18,32,0,1
20260912_215351_529_traffic_scan_env2025_seed0-499_48352cd1,387,18,34,0,1
20260912_215351_529_traffic_scan_env2025_seed0-499_48352cd1,387,18,34,1,1
20260912_215351_529_traffic_scan_env2025_seed0-499_48352cd1,387,18,35,0,7
20260912_215351_529_traffic_scan_env2025_seed0-499_48352cd1,387,18,36,0,1
20260912_215351_529_traffic_scan_env2025_seed0-499_48352cd1,387,18,36,1,1
20260912_215351_529_traffic_scan_env2025_seed0-499_48352cd1,387,18,40,2,1
20260912_215351_529_traffic_scan_env2025_seed0-499_48352cd1,387,18,41,0,3
20260912_215351_529_traffic_scan_env2025_seed0-499_48352cd1,387,18,42,0,1
20260912_215351_529_traffic_scan_env2025_seed0-499_48352cd1,387,18,42,1,1
20260912_215351_529_traffic_scan_env2025_seed0-499_48352cd1,387,18,43,0,2
20260912_215351_529_traffic_scan_env2025_seed0-499_48352cd1,387,18,45,0,1
20260912_215351_529_traffic_scan_env2025_seed0-499_48352cd1,387,18,46,0,2
20260912_215351_529_traffic_scan_env2025_seed0-499_48352cd1,387,18,46,1,1
20260912_215351_529_traffic_scan_env2025_seed0-499_48352cd1,387,18,48,2,1
20260912_215351_529_traffic_scan_env2025_seed0-499_48352cd1,387,18,49,2,1
20260912_215351_529_traffic_scan_env2025_seed0-499_48352cd1,387,18,50,0,1
20260912_215351_529_traffic_scan_env2025_seed0-499_48352cd1,387,18,50,1,2
20260912_215351_529_traffic_scan_env2025_seed0-499_48352cd1,387,18,51,0,1
20260912_215351_529_traffic_scan_env2025_seed0-499_48352cd1,387,18,51,1,2
20260912_215351_529_traffic_scan_env2025_seed0-499_48352cd1,387,18,52,1,1
20260912_215351_529_traffic_scan_env2025_seed0-499_48352cd1,387,18,53,2,1
20260912_215351_529_traffic_scan_env2025_seed0-499_48352cd1,387,18,55,0,2
20260912_215351_529_traffic_scan_env2025_seed0-499_48352cd1,387,18,57,0,1
20260912_215351_529_traffic_scan_env2025_seed0-499_48352cd1,387,18,58,0,1
20260912_215351_529_traffic_scan_env2025_seed0-499_48352cd1,387,19,2,0,1
20260912_215351_529_traffic_scan_env2025_seed0-499_48352cd1,387,19,3,0,2
20260912_215351_529_traffic_scan_env2025_seed0-499_48352cd1,387,19,6,0,3
20260912_215351_529_traffic_scan_env2025_seed0-499_48352cd1,387,19,7,1,3
20260912_215351_529_traffic_scan_env2025_seed0-499_48352cd1,387,19,9,1,2
20260912_215351_529_traffic_scan_env2025_seed0-499_48352cd1,387,19,14,0,3
20260912_215351_529_traffic_scan_env2025_seed0-499_48352cd1,387,19,15,0,2
20260912_215351_529_traffic_scan_env2025_seed0-499_48352cd1,387,19,16,0,1
20260912_215351_529_traffic_scan_env2025_seed0-499_48352cd1,387,19,17,0,2
20260912_215351_529_traffic_scan_env2025_seed0-499_48352cd1,387,19,19,0,1
20260912_215351_529_traffic_scan_env2025_seed0-499_48352cd1,387,19,20,0,3
20260912_215351_529_traffic_scan_env2025_seed0-499_48352cd1,387,19,20,1,1
20260912_215351_529_traffic_scan_env2025_seed0-499_48352cd1,387,19,21,1,2
20260912_215351_529_traffic_scan_env2025_seed0-499_48352cd1,387,19,22,0,1
20260912_215351_529_traffic_scan_env2025_seed0-499_48352cd1,387,19,23,0,1
20260912_215351_529_traffic_scan_env2025_seed0-499_48352cd1,387,19,24,0,1
20260912_215351_529_traffic_scan_env2025_seed0-499_48352cd1,387,19,24,1,1
20260912_215351_529_traffic_scan_env2025_seed0-499_48352cd1,387,19,25,0,2
20260912_215351_529_traffic_scan_env2025_seed0-499_48352cd1,387,19,25,1,2
20260912_215351_529_traffic_scan_env2025_seed0-499_48352cd1,387,19,26,1,1
20260912_215351_529_traffic_scan_env2025_seed0-499_48352cd1,387,19,27,1,1
20260912_215351_529_traffic_scan_env2025_seed0-499_48352cd1,387,19,28,0,3
20260912_215351_529_traffic_scan_env2025_seed0-499_48352cd1,387,19,28,1,2
20260912_215351_529_traffic_scan_env2025_seed0-499_48352cd1,387,19,30,1,3
20260912_215351_529_traffic_scan_env2025_seed0-499_48352cd1,387,19,31,1,4
20260912_215351_529_traffic_scan_env2025_seed0-499_48352cd1,387,19,32,1,1
20260912_215351_529_traffic_scan_env2025_seed0-499_48352cd1,387,19,33,1,1
20260912_215351_529_traffic_scan_env2025_seed0-499_48352cd1,387,19,34,0,7
20260912_215351_529_traffic_scan_env2025_seed0-499_48352cd1,387,19,34,1,2
20260912_215351_529_traffic_scan_env2025_seed0-499_48352cd1,387,19,35,0,1
20260912_215351_529_traffic_scan_env2025_seed0-499_48352cd1,387,19,35,1,1
20260912_215351_529_traffic_scan_env2025_seed0-499_48352cd1,387,19,36,0,1
20260912_215351_529_traffic_scan_env2025_seed0-499_48352cd1,387,19,36,1,2
20260912_215351_529_traffic_scan_env2025_seed0-499_48352cd1,387,19,37,1,1
20260912_215351_529_traffic_scan_env2025_seed0-499_48352cd1,387,19,38,0,1
20260912_215351_529_traffic_scan_env2025_seed0-499_48352cd1,387,19,38,1,1
20260912_215351_529_traffic_scan_env2025_seed0-499_48352cd1,387,19,39,1,2
20260912_215351_529_traffic_scan_env2025_seed0-499_48352cd1,387,19,41,0,3
20260912_215351_529_traffic_scan_env2025_seed0-499_48352cd1,387,19,42,0,2
20260912_215351_529_traffic_scan_env2025_seed0-499_48352cd1,387,19,43,1,1
20260912_215351_529_traffic_scan_env2025_seed0-499_48352cd1,387,19,45,0,2
20260912_215351_529_traffic_scan_env2025_seed0-499_48352cd1,387,19,46,0,1
20260912_215351_529_traffic_scan_env2025_seed0-499_48352cd1,387,19,46,1,1
20260912_215351_529_traffic_scan_env2025_seed0-499_48352cd1,387,19,48,0,1
20260912_215351_529_traffic_scan_env2025_seed0-499_48352cd1,387,19,48,1,1
20260912_215351_529_traffic_scan_env2025_seed0-499_48352cd1,387,19,49,0,1
20260912_215351_529_traffic_scan_env2025_seed0-499_48352cd1,387,19,49,1,2
20260912_215351_529_traffic_scan_env2025_seed0-499_48352cd1,387,19,49,2,1
20260912_215351_529_traffic_scan_env2025_seed0-499_48352cd1,387,19,50,1,2
20260912_215351_529_traffic_scan_env2025_seed0-499_48352cd1,387,19,52,1,2
20260912_215351_529_traffic_scan_env2025_seed0-499_48352cd1,387,19,55,0,2
20260912_215351_529_traffic_scan_env2025_seed0-499_48352cd1,387,19,58,0,1
20260912_215351_529_traffic_scan_env2025_seed0-499_48352cd1,387,20,2,0,2
20260912_215351_529_traffic_scan_env2025_seed0-499_48352cd1,387,20,3,0,1
20260912_215351_529_traffic_scan_env2025_seed0-499_48352cd1,387,20,7,0,3
20260912_215351_529_traffic_scan_env2025_seed0-499_48352cd1,387,20,7,1,3
20260912_215351_529_traffic_scan_env2025_seed0-499_48352cd1,387,20,9,1,2
20260912_215351_529_traffic_scan_env2025_seed0-499_48352cd1,387,20,12,0,1
20260912_215351_529_traffic_scan_env2025_seed0-499_48352cd1,387,20,15,0,3
20260912_215351_529_traffic_scan_env2025_seed0-499_48352cd1,387,20,16,0,2
20260912_215351_529_traffic_scan_env2025_seed0-499_48352cd1,387,20,17,0,1
20260912_215351_529_traffic_scan_env2025_seed0-499_48352cd1,387,20,18,0,2
20260912_215351_529_traffic_scan_env2025_seed0-499_48352cd1,387,20,19,1,1
20260912_215351_529_traffic_scan_env2025_seed0-499_48352cd1,387,20,20,0,4
20260912_215351_529_traffic_scan_env2025_seed0-499_48352cd1,387,20,22,0,1
20260912_215351_529_traffic_scan_env2025_seed0-499_48352cd1,387,20,22,1,2
20260912_215351_529_traffic_scan_env2025_seed0-499_48352cd1,387,20,23,0,1
20260912_215351_529_traffic_scan_env2025_seed0-499_48352cd1,387,20,24,2,1
20260912_215351_529_traffic_scan_env2025_seed0-499_48352cd1,387,20,25,0,1
20260912_215351_529_traffic_scan_env2025_seed0-499_48352cd1,387,20,27,0,2
20260912_215351_529_traffic_scan_env2025_seed0-499_48352cd1,387,20,27,1,2
20260912_215351_529_traffic_scan_env2025_seed0-499_48352cd1,387,20,29,0,1
20260912_215351_529_traffic_scan_env2025_seed0-499_48352cd1,387,20,29,1,2
20260912_215351_529_traffic_scan_env2025_seed0-499_48352cd1,387,20,30,1,3
20260912_215351_529_traffic_scan_env2025_seed0-499_48352cd1,387,20,31,1,4
20260912_215351_529_traffic_scan_env2025_seed0-499_48352cd1,387,20,32,1,2
20260912_215351_529_traffic_scan_env2025_seed0-499_48352cd1,387,20,33,0,7
20260912_215351_529_traffic_scan_env2025_seed0-499_48352cd1,387,20,33,1,1
20260912_215351_529_traffic_scan_env2025_seed0-499_48352cd1,387,20,34,1,2
20260912_215351_529_traffic_scan_env2025_seed0-499_48352cd1,387,20,36,0,2
20260912_215351_529_traffic_scan_env2025_seed0-499_48352cd1,387,20,36,1,1
20260912_215351_529_traffic_scan_env2025_seed0-499_48352cd1,387,20,37,0,1
20260912_215351_529_traffic_scan_env2025_seed0-499_48352cd1,387,20,39,0,1
20260912_215351_529_traffic_scan_env2025_seed0-499_48352cd1,387,20,40,0,3
20260912_215351_529_traffic_scan_env2025_seed0-499_48352cd1,387,20,40,1,1
20260912_215351_529_traffic_scan_env2025_seed0-499_48352cd1,387,20,41,0,2
20260912_215351_529_traffic_scan_env2025_seed0-499_48352cd1,387,20,41,1,1
20260912_215351_529_traffic_scan_env2025_seed0-499_48352cd1,387,20,42,1,1
20260912_215351_529_traffic_scan_env2025_seed0-499_48352cd1,387,20,43,1,1
20260912_215351_529_traffic_scan_env2025_seed0-499_48352cd1,387,20,44,0,1
20260912_215351_529_traffic_scan_env2025_seed0-499_48352cd1,387,20,44,1,2
20260912_215351_529_traffic_scan_env2025_seed0-499_48352cd1,387,20,45,0,1
20260912_215351_529_traffic_scan_env2025_seed0-499_48352cd1,387,20,45,1,1
20260912_215351_529_traffic_scan_env2025_seed0-499_48352cd1,387,20,46,0,1
20260912_215351_529_traffic_scan_env2025_seed0-499_48352cd1,387,20,46,1,2
20260912_215351_529_traffic_scan_env2025_seed0-499_48352cd1,387,20,47,0,1
20260912_215351_529_traffic_scan_env2025_seed0-499_48352cd1,387,20,47,1,1
20260912_215351_529_traffic_scan_env2025_seed0-499_48352cd1,387,20,48,1,4
20260912_215351_529_traffic_scan_env2025_seed0-499_48352cd1,387,20,49,2,4
20260912_215351_529_traffic_scan_env2025_seed0-499_48352cd1,387,20,50,2,1
20260912_215351_529_traffic_scan_env2025_seed0-499_48352cd1,387,20,51,1,2
20260912_215351_529_traffic_scan_env2025_seed0-499_48352cd1,387,20,52,0,1
20260912_215351_529_traffic_scan_env2025_seed0-499_48352cd1,387,20,52,1,1
20260912_215351_529_traffic_scan_env2025_seed0-499_48352cd1,387,20,53,0,1
20260912_215351_529_traffic_scan_env2025_seed0-499_48352cd1,387,20,54,0,1
20260912_215351_529_traffic_scan_env2025_seed0-499_48352cd1,387,20,55,0,3
20260912_215351_529_traffic_scan_env2025_seed0-499_48352cd1,387,20,56,0,1
20260912_215351_529_traffic_scan_env2025_seed0-499_48352cd1,387,20,58,0,1
20260912_215351_529_traffic_scan_env2025_seed0-499_48352cd1,387,21,1,0,1
20260912_215351_529_traffic_scan_env2025_seed0-499_48352cd1,387,21,3,0,1
20260912_215351_529_traffic_scan_env2025_seed0-499_48352cd1,387,21,4,0,1
20260912_215351_529_traffic_scan_env2025_seed0-499_48352cd1,387,21,7,1,3
20260912_215351_529_traffic_scan_env2025_seed0-499_48352cd1,387,21,8,0,3
20260912_215351_529_traffic_scan_env2025_seed0-499_48352cd1,387,21,9,1,2
20260912_215351_529_traffic_scan_env2025_seed0-499_48352cd1,387,21,13,0,1
20260912_215351_529_traffic_scan_env2025_seed0-499_48352cd1,387,21,16,0,3
20260912_215351_529_traffic_scan_env2025_seed0-499_48352cd1,387,21,17,0,2
20260912_215351_529_traffic_scan_env2025_seed0-499_48352cd1,387,21,18,0,1
20260912_215351_529_traffic_scan_env2025_seed0-499_48352cd1,387,21,18,1,1
20260912_215351_529_traffic_scan_env2025_seed0-499_48352cd1,387,21,19,0,3
20260912_215351_529_traffic_scan_env2025_seed0-499_48352cd1,387,21,21,0,4
20260912_215351_529_traffic_scan_env2025_seed0-499_48352cd1,387,21,23,1,3
20260912_215351_529_traffic_scan_env2025_seed0-499_48352cd1,387,21,24,0,2
20260912_215351_529_traffic_scan_env2025_seed0-499_48352cd1,387,21,25,0,1
20260912_215351_529_traffic_scan_env2025_seed0-499_48352cd1,387,21,26,0,2
20260912_215351_529_traffic_scan_env2025_seed0-499_48352cd1,387,21,27,1,1
20260912_215351_529_traffic_scan_env2025_seed0-499_48352cd1,387,21,28,1,1
20260912_215351_529_traffic_scan_env2025_seed0-499_48352cd1,387,21,29,0,1
20260912_215351_529_traffic_scan_env2025_seed0-499_48352cd1,387,21,29,1,4
20260912_215351_529_traffic_scan_env2025_seed0-499_48352cd1,387,21,32,0,7
20260912_215351_529_traffic_scan_env2025_seed0-499_48352cd1,387,21,32,1,5
20260912_215351_529_traffic_scan_env2025_seed0-499_48352cd1,387,21,35,1,2
20260912_215351_529_traffic_scan_env2025_seed0-499_48352cd1,387,21,36,0,1
20260912_215351_529_traffic_scan_env2025_seed0-499_48352cd1,387,21,36,1,1
20260912_215351_529_traffic_scan_env2025_seed0-499_48352cd1,387,21,37,0,3
20260912_215351_529_traffic_scan_env2025_seed0-499_48352cd1,387,21,38,0,1
20260912_215351_529_traffic_scan_env2025_seed0-499_48352cd1,387,21,39,0,2
20260912_215351_529_traffic_scan_env2025_seed0-499_48352cd1,387,21,40,0,3
20260912_215351_529_traffic_scan_env2025_seed0-499_48352cd1,387,21,41,0,1
20260912_215351_529_traffic_scan_env2025_seed0-499_48352cd1,387,21,43,0,1
20260912_215351_529_traffic_scan_env2025_seed0-499_48352cd1,387,21,45,0,1
20260912_215351_529_traffic_scan_env2025_seed0-499_48352cd1,387,21,45,1,1
20260912_215351_529_traffic_scan_env2025_seed0-499_48352cd1,387,21,46,0,2
20260912_215351_529_traffic_scan_env2025_seed0-499_48352cd1,387,21,46,1,1
20260912_215351_529_traffic_scan_env2025_seed0-499_48352cd1,387,21,47,2,2
20260912_215351_529_traffic_scan_env2025_seed0-499_48352cd1,387,21,48,1,3
20260912_215351_529_traffic_scan_env2025_seed0-499_48352cd1,387,21,49,2,1
20260912_215351_529_traffic_scan_env2025_seed0-499_48352cd1,387,21,50,2,1
20260912_215351_529_traffic_scan_env2025_seed0-499_48352cd1,387,21,52,1,1
20260912_215351_529_traffic_scan_env2025_seed0-499_48352cd1,387,21,55,0,2
20260912_215351_529_traffic_scan_env2025_seed0-499_48352cd1,387,21,58,0,1
20260912_215351_529_traffic_scan_env2025_seed0-499_48352cd1,387,22,0,0,1
20260912_215351_529_traffic_scan_env2025_seed0-499_48352cd1,387,22,4,0,1
20260912_215351_529_traffic_scan_env2025_seed0-499_48352cd1,387,22,5,0,1
20260912_215351_529_traffic_scan_env2025_seed0-499_48352cd1,387,22,7,1,3
20260912_215351_529_traffic_scan_env2025_seed0-499_48352cd1,387,22,9,0,3
20260912_215351_529_traffic_scan_env2025_seed0-499_48352cd1,387,22,9,1,2
20260912_215351_529_traffic_scan_env2025_seed0-499_48352cd1,387,22,13,0,1
20260912_215351_529_traffic_scan_env2025_seed0-499_48352cd1,387,22,16,0,1
20260912_215351_529_traffic_scan_env2025_seed0-499_48352cd1,387,22,17,0,2
20260912_215351_529_traffic_scan_env2025_seed0-499_48352cd1,387,22,17,1,1
20260912_215351_529_traffic_scan_env2025_seed0-499_48352cd1,387,22,18,0,2
20260912_215351_529_traffic_scan_env2025_seed0-499_48352cd1,387,22,19,0,3
20260912_215351_529_traffic_scan_env2025_seed0-499_48352cd1,387,22,20,0,3
20260912_215351_529_traffic_scan_env2025_seed0-499_48352cd1,387,22,21,0,2
20260912_215351_529_traffic_scan_env2025_seed0-499_48352cd1,387,22,22,0,2
20260912_215351_529_traffic_scan_env2025_seed0-499_48352cd1,387,22,22,1,1
20260912_215351_529_traffic_scan_env2025_seed0-499_48352cd1,387,22,23,0,1
20260912_215351_529_traffic_scan_env2025_seed0-499_48352cd1,387,22,24,1,2
20260912_215351_529_traffic_scan_env2025_seed0-499_48352cd1,387,22,25,1,2
20260912_215351_529_traffic_scan_env2025_seed0-499_48352cd1,387,22,26,0,1
20260912_215351_529_traffic_scan_env2025_seed0-499_48352cd1,387,22,26,1,1
20260912_215351_529_traffic_scan_env2025_seed0-499_48352cd1,387,22,27,1,2
20260912_215351_529_traffic_scan_env2025_seed0-499_48352cd1,387,22,28,1,2
20260912_215351_529_traffic_scan_env2025_seed0-499_48352cd1,387,22,29,1,2
20260912_215351_529_traffic_scan_env2025_seed0-499_48352cd1,387,22,30,0,1
20260912_215351_529_traffic_scan_env2025_seed0-499_48352cd1,387,22,30,1,3
20260912_215351_529_traffic_scan_env2025_seed0-499_48352cd1,387,22,32,0,6
20260912_215351_529_traffic_scan_env2025_seed0-499_48352cd1,387,22,32,1,4
20260912_215351_529_traffic_scan_env2025_seed0-499_48352cd1,387,22,35,2,1
20260912_215351_529_traffic_scan_env2025_seed0-499_48352cd1,387,22,36,0,3
20260912_215351_529_traffic_scan_env2025_seed0-499_48352cd1,387,22,36,1,2
20260912_215351_529_traffic_scan_env2025_seed0-499_48352cd1,387,22,38,0,3
20260912_215351_529_traffic_scan_env2025_seed0-499_48352cd1,387,22,39,0,3
20260912_215351_529_traffic_scan_env2025_seed0-499_48352cd1,387,22,42,0,1
20260912_215351_529_traffic_scan_env2025_seed0-499_48352cd1,387,22,45,0,1
20260912_215351_529_traffic_scan_env2025_seed0-499_48352cd1,387,22,46,0,2
20260912_215351_529_traffic_scan_env2025_seed0-499_48352cd1,387,22,46,1,4
20260912_215351_529_traffic_scan_env2025_seed0-499_48352cd1,387,22,47,2,2
20260912_215351_529_traffic_scan_env2025_seed0-499_48352cd1,387,22,48,0,1
20260912_215351_529_traffic_scan_env2025_seed0-499_48352cd1,387,22,48,1,1
20260912_215351_529_traffic_scan_env2025_seed0-499_48352cd1,387,22,49,1,1
20260912_215351_529_traffic_scan_env2025_seed0-499_48352cd1,387,22,49,2,1
20260912_215351_529_traffic_scan_env2025_seed0-499_48352cd1,387,22,52,1,1
20260912_215351_529_traffic_scan_env2025_seed0-499_48352cd1,387,22,55,0,2
20260912_215351_529_traffic_scan_env2025_seed0-499_48352cd1,387,22,58,0,1
20260912_215351_529_traffic_scan_env2025_seed0-499_48352cd1,387,23,2,0,1
20260912_215351_529_traffic_scan_env2025_seed0-499_48352cd1,387,23,3,0,1
20260912_215351_529_traffic_scan_env2025_seed0-499_48352cd1,387,23,4,0,1
20260912_215351_529_traffic_scan_env2025_seed0-499_48352cd1,387,23,5,0,2
20260912_215351_529_traffic_scan_env2025_seed0-499_48352cd1,387,23,6,0,3
20260912_215351_529_traffic_scan_env2025_seed0-499_48352cd1,387,23,7,0,1
20260912_215351_529_traffic_scan_env2025_seed0-499_48352cd1,387,23,7,1,3
20260912_215351_529_traffic_scan_env2025_seed0-499_48352cd1,387,23,8,0,1
20260912_215351_529_traffic_scan_env2025_seed0-499_48352cd1,387,23,9,1,3
20260912_215351_529_traffic_scan_env2025_seed0-499_48352cd1,387,23,10,1,4
20260912_215351_529_traffic_scan_env2025_seed0-499_48352cd1,387,23,11,2,1
20260912_215351_529_traffic_scan_env2025_seed0-499_48352cd1,387,23,12,2,1
20260912_215351_529_traffic_scan_env2025_seed0-499_48352cd1,387,23,13,2,1
20260912_215351_529_traffic_scan_env2025_seed0-499_48352cd1,387,23,14,0,1
20260912_215351_529_traffic_scan_env2025_seed0-499_48352cd1,387,23,14,2,1
20260912_215351_529_traffic_scan_env2025_seed0-499_48352cd1,387,23,15,2,1
20260912_215351_529_traffic_scan_env2025_seed0-499_48352cd1,387,23,16,1,1
20260912_215351_529_traffic_scan_env2025_seed0-499_48352cd1,387,23,16,2,1
20260912_215351_529_traffic_scan_env2025_seed0-499_48352cd1,387,23,17,0,1
20260912_215351_529_traffic_scan_env2025_seed0-499_48352cd1,387,23,17,2,1
20260912_215351_529_traffic_scan_env2025_seed0-499_48352cd1,387,23,18,0,3
20260912_215351_529_traffic_scan_env2025_seed0-499_48352cd1,387,23,18,1,1
20260912_215351_529_traffic_scan_env2025_seed0-499_48352cd1,387,23,19,0,3
20260912_215351_529_traffic_scan_env2025_seed0-499_48352cd1,387,23,19,1,1
20260912_215351_529_traffic_scan_env2025_seed0-499_48352cd1,387,23,20,0,2
20260912_215351_529_traffic_scan_env2025_seed0-499_48352cd1,387,23,20,1,1
20260912_215351_529_traffic_scan_env2025_seed0-499_48352cd1,387,23,21,0,1
20260912_215351_529_traffic_scan_env2025_seed0-499_48352cd1,387,23,21,1,7
20260912_215351_529_traffic_scan_env2025_seed0-499_48352cd1,387,23,22,2,5
20260912_215351_529_traffic_scan_env2025_seed0-499_48352cd1,387,23,23,0,3
20260912_215351_529_traffic_scan_env2025_seed0-499_48352cd1,387,23,23,1,1
20260912_215351_529_traffic_scan_env2025_seed0-499_48352cd1,387,23,24,0,2
20260912_215351_529_traffic_scan_env2025_seed0-499_48352cd1,387,23,24,1,4
20260912_215351_529_traffic_scan_env2025_seed0-499_48352cd1,387,23,25,0,2
20260912_215351_529_traffic_scan_env2025_seed0-499_48352cd1,387,23,25,1,4
20260912_215351_529_traffic_scan_env2025_seed0-499_48352cd1,387,23,27,0,2
20260912_215351_529_traffic_scan_env2025_seed0-499_48352cd1,387,23,27,1,1
20260912_215351_529_traffic_scan_env2025_seed0-499_48352cd1,387,23,28,2,1
20260912_215351_529_traffic_scan_env2025_seed0-499_48352cd1,387,23,31,0,6
20260912_215351_529_traffic_scan_env2025_seed0-499_48352cd1,387,23,31,1,3
20260912_215351_529_traffic_scan_env2025_seed0-499_48352cd1,387,23,32,0,1
20260912_215351_529_traffic_scan_env2025_seed0-499_48352cd1,387,23,32,1,1
20260912_215351_529_traffic_scan_env2025_seed0-499_48352cd1,387,23,33,0,2
20260912_215351_529_traffic_scan_env2025_seed0-499_48352cd1,387,23,33,1,5
20260912_215351_529_traffic_scan_env2025_seed0-499_48352cd1,387,23,34,0,1
20260912_215351_529_traffic_scan_env2025_seed0-499_48352cd1,387,23,34,1,3
20260912_215351_529_traffic_scan_env2025_seed0-499_48352cd1,387,23,35,0,2
20260912_215351_529_traffic_scan_env2025_seed0-499_48352cd1,387,23,35,1,2
20260912_215351_529_traffic_scan_env2025_seed0-499_48352cd1,387,23,36,0,1
20260912_215351_529_traffic_scan_env2025_seed0-499_48352cd1,387,23,36,1,2
20260912_215351_529_traffic_scan_env2025_seed0-499_48352cd1,387,23,37,0,2
20260912_215351_529_traffic_scan_env2025_seed0-499_48352cd1,387,23,37,1,2
20260912_215351_529_traffic_scan_env2025_seed0-499_48352cd1,387,23,38,0,3
20260912_215351_529_traffic_scan_env2025_seed0-499_48352cd1,387,23,38,1,1
20260912_215351_529_traffic_scan_env2025_seed0-499_48352cd1,387,23,39,0,1
20260912_215351_529_traffic_scan_env2025_seed0-499_48352cd1,387,23,39,1,1
20260912_215351_529_traffic_scan_env2025_seed0-499_48352cd1,387,23,40,1,1
20260912_215351_529_traffic_scan_env2025_seed0-499_48352cd1,387,23,45,0,2
20260912_215351_529_traffic_scan_env2025_seed0-499_48352cd1,387,23,45,1,2
20260912_215351_529_traffic_scan_env2025_seed0-499_48352cd1,387,23,46,0,1
20260912_215351_529_traffic_scan_env2025_seed0-499_48352cd1,387,23,46,1,3
20260912_215351_529_traffic_scan_env2025_seed0-499_48352cd1,387,23,47,1,1
20260912_215351_529_traffic_scan_env2025_seed0-499_48352cd1,387,23,48,1,2
20260912_215351_529_traffic_scan_env2025_seed0-499_48352cd1,387,23,49,0,1
20260912_215351_529_traffic_scan_env2025_seed0-499_48352cd1,387,23,49,2,1
20260912_215351_529_traffic_scan_env2025_seed0-499_48352cd1,387,23,51,0,1
20260912_215351_529_traffic_scan_env2025_seed0-499_48352cd1,387,23,52,0,1
20260912_215351_529_traffic_scan_env2025_seed0-499_48352cd1,387,23,52,1,1
20260912_215351_529_traffic_scan_env2025_seed0-499_48352cd1,387,23,53,0,1
20260912_215351_529_traffic_scan_env2025_seed0-499_48352cd1,387,23,54,0,1
20260912_215351_529_traffic_scan_env2025_seed0-499_48352cd1,387,23,55,0,3
20260912_215351_529_traffic_scan_env2025_seed0-499_48352cd1,387,23,56,0,2
20260912_215351_529_traffic_scan_env2025_seed0-499_48352cd1,387,23,57,0,1
20260912_215351_529_traffic_scan_env2025_seed0-499_48352cd1,387,23,58,0,2
20260912_215351_529_traffic_scan_env2025_seed0-499_48352cd1,387,24,1,0,1
20260912_215351_529_traffic_scan_env2025_seed0-499_48352cd1,387,24,6,0,1
20260912_215351_529_traffic_scan_env2025_seed0-499_48352cd1,387,24,7,0,2
20260912_215351_529_traffic_scan_env2025_seed0-499_48352cd1,387,24,7,1,2
20260912_215351_529_traffic_scan_env2025_seed0-499_48352cd1,387,24,8,0,2
20260912_215351_529_traffic_scan_env2025_seed0-499_48352cd1,387,24,8,1,1
20260912_215351_529_traffic_scan_env2025_seed0-499_48352cd1,387,24,9,1,2
20260912_215351_529_traffic_scan_env2025_seed0-499_48352cd1,387,24,11,1,3
20260912_215351_529_traffic_scan_env2025_seed0-499_48352cd1,387,24,15,0,2
20260912_215351_529_traffic_scan_env2025_seed0-499_48352cd1,387,24,15,1,1
20260912_215351_529_traffic_scan_env2025_seed0-499_48352cd1,387,24,17,0,1
20260912_215351_529_traffic_scan_env2025_seed0-499_48352cd1,387,24,18,0,1
20260912_215351_529_traffic_scan_env2025_seed0-499_48352cd1,387,24,19,0,4
20260912_215351_529_traffic_scan_env2025_seed0-499_48352cd1,387,24,20,2,3
20260912_215351_529_traffic_scan_env2025_seed0-499_48352cd1,387,24,21,3,1
20260912_215351_529_traffic_scan_env2025_seed0-499_48352cd1,387,24,23,1,7
20260912_215351_529_traffic_scan_env2025_seed0-499_48352cd1,387,24,26,1,5
20260912_215351_529_traffic_scan_env2025_seed0-499_48352cd1,387,24,27,1,1
20260912_215351_529_traffic_scan_env2025_seed0-499_48352cd1,387,24,28,0,2
20260912_215351_529_traffic_scan_env2025_seed0-499_48352cd1,387,24,30,0,5
20260912_215351_529_traffic_scan_env2025_seed0-499_48352cd1,387,24,31,0,1
20260912_215351_529_traffic_scan_env2025_seed0-499_48352cd1,387,24,32,0,2
20260912_215351_529_traffic_scan_env2025_seed0-499_48352cd1,387,24,32,1,2
20260912_215351_529_traffic_scan_env2025_seed0-499_48352cd1,387,24,34,0,2
20260912_215351_529_traffic_scan_env2025_seed0-499_48352cd1,387,24,34,1,3
20260912_215351_529_traffic_scan_env2025_seed0-499_48352cd1,387,24,36,0,3
20260912_215351_529_traffic_scan_env2025_seed0-499_48352cd1,387,24,36,1,2
20260912_215351_529_traffic_scan_env2025_seed0-499_48352cd1,387,24,37,0,3
20260912_215351_529_traffic_scan_env2025_seed0-499_48352cd1,387,24,38,1,1
20260912_215351_529_traffic_scan_env2025_seed0-499_48352cd1,387,24,40,0,1
20260912_215351_529_traffic_scan_env2025_seed0-499_48352cd1,387,24,41,1,1
20260912_215351_529_traffic_scan_env2025_seed0-499_48352cd1,387,24,42,2,1
20260912_215351_529_traffic_scan_env2025_seed0-499_48352cd1,387,24,43,2,1
20260912_215351_529_traffic_scan_env2025_seed0-499_48352cd1,387,24,44,0,1
20260912_215351_529_traffic_scan_env2025_seed0-499_48352cd1,387,24,44,1,3
20260912_215351_529_traffic_scan_env2025_seed0-499_48352cd1,387,24,45,0,1
20260912_215351_529_traffic_scan_env2025_seed0-499_48352cd1,387,24,45,1,3
20260912_215351_529_traffic_scan_env2025_seed0-499_48352cd1,387,24,46,0,1
20260912_215351_529_traffic_scan_env2025_seed0-499_48352cd1,387,24,46,1,2
20260912_215351_529_traffic_scan_env2025_seed0-499_48352cd1,387,24,47,1,2
20260912_215351_529_traffic_scan_env2025_seed0-499_48352cd1,387,24,48,1,2
20260912_215351_529_traffic_scan_env2025_seed0-499_48352cd1,387,24,49,1,1
20260912_215351_529_traffic_scan_env2025_seed0-499_48352cd1,387,24,49,2,1
20260912_215351_529_traffic_scan_env2025_seed0-499_48352cd1,387,24,50,0,1
20260912_215351_529_traffic_scan_env2025_seed0-499_48352cd1,387,24,50,1,1
20260912_215351_529_traffic_scan_env2025_seed0-499_48352cd1,387,24,52,0,1
20260912_215351_529_traffic_scan_env2025_seed0-499_48352cd1,387,24,52,1,1
20260912_215351_529_traffic_scan_env2025_seed0-499_48352cd1,387,24,55,0,3
20260912_215351_529_traffic_scan_env2025_seed0-499_48352cd1,387,24,58,0,1
20260912_215351_529_traffic_scan_env2025_seed0-499_48352cd1,387,24,59,0,1
20260912_215351_529_traffic_scan_env2025_seed0-499_48352cd1,387,25,0,0,1
20260912_215351_529_traffic_scan_env2025_seed0-499_48352cd1,387,25,7,0,1
20260912_215351_529_traffic_scan_env2025_seed0-499_48352cd1,387,25,7,1,2
20260912_215351_529_traffic_scan_env2025_seed0-499_48352cd1,387,25,9,0,3
20260912_215351_529_traffic_scan_env2025_seed0-499_48352cd1,387,25,9,1,2
20260912_215351_529_traffic_scan_env2025_seed0-499_48352cd1,387,25,12,1,3
20260912_215351_529_traffic_scan_env2025_seed0-499_48352cd1,387,25,14,1,1
20260912_215351_529_traffic_scan_env2025_seed0-499_48352cd1,387,25,15,0,1
20260912_215351_529_traffic_scan_env2025_seed0-499_48352cd1,387,25,16,0,2
20260912_215351_529_traffic_scan_env2025_seed0-499_48352cd1,387,25,19,0,5
20260912_215351_529_traffic_scan_env2025_seed0-499_48352cd1,387,25,19,1,1
20260912_215351_529_traffic_scan_env2025_seed0-499_48352cd1,387,25,20,2,3
20260912_215351_529_traffic_scan_env2025_seed0-499_48352cd1,387,25,23,2,6
20260912_215351_529_traffic_scan_env2025_seed0-499_48352cd1,387,25,26,0,1
20260912_215351_529_traffic_scan_env2025_seed0-499_48352cd1,387,25,26,1,1
20260912_215351_529_traffic_scan_env2025_seed0-499_48352cd1,387,25,27,0,1
20260912_215351_529_traffic_scan_env2025_seed0-499_48352cd1,387,25,27,1,2
20260912_215351_529_traffic_scan_env2025_seed0-499_48352cd1,387,25,28,0,1
20260912_215351_529_traffic_scan_env2025_seed0-499_48352cd1,387,25,29,0,6
20260912_215351_529_traffic_scan_env2025_seed0-499_48352cd1,387,25,30,0,1
20260912_215351_529_traffic_scan_env2025_seed0-499_48352cd1,387,25,31,0,1
20260912_215351_529_traffic_scan_env2025_seed0-499_48352cd1,387,25,33,0,2
20260912_215351_529_traffic_scan_env2025_seed0-499_48352cd1,387,25,33,1,2
20260912_215351_529_traffic_scan_env2025_seed0-499_48352cd1,387,25,34,0,1
20260912_215351_529_traffic_scan_env2025_seed0-499_48352cd1,387,25,35,0,2
20260912_215351_529_traffic_scan_env2025_seed0-499_48352cd1,387,25,35,1,3
20260912_215351_529_traffic_scan_env2025_seed0-499_48352cd1,387,25,36,0,4
20260912_215351_529_traffic_scan_env2025_seed0-499_48352cd1,387,25,36,1,1
20260912_215351_529_traffic_scan_env2025_seed0-499_48352cd1,387,25,37,1,1
20260912_215351_529_traffic_scan_env2025_seed0-499_48352cd1,387,25,39,1,1
20260912_215351_529_traffic_scan_env2025_seed0-499_48352cd1,387,25,41,0,1
20260912_215351_529_traffic_scan_env2025_seed0-499_48352cd1,387,25,42,0,1
20260912_215351_529_traffic_scan_env2025_seed0-499_48352cd1,387,25,43,0,1
20260912_215351_529_traffic_scan_env2025_seed0-499_48352cd1,387,25,43,1,2
20260912_215351_529_traffic_scan_env2025_seed0-499_48352cd1,387,25,44,1,2
20260912_215351_529_traffic_scan_env2025_seed0-499_48352cd1,387,25,45,0,1
20260912_215351_529_traffic_scan_env2025_seed0-499_48352cd1,387,25,46,0,1
20260912_215351_529_traffic_scan_env2025_seed0-499_48352cd1,387,25,46,1,2
20260912_215351_529_traffic_scan_env2025_seed0-499_48352cd1,387,25,48,1,1
20260912_215351_529_traffic_scan_env2025_seed0-499_48352cd1,387,25,49,2,1
20260912_215351_529_traffic_scan_env2025_seed0-499_48352cd1,387,25,51,0,2
20260912_215351_529_traffic_scan_env2025_seed0-499_48352cd1,387,25,52,2,1
20260912_215351_529_traffic_scan_env2025_seed0-499_48352cd1,387,25,54,0,1
20260912_215351_529_traffic_scan_env2025_seed0-499_48352cd1,387,25,55,0,2
20260912_215351_529_traffic_scan_env2025_seed0-499_48352cd1,387,25,58,0,2
20260912_215351_529_traffic_scan_env2025_seed0-499_48352cd1,387,26,7,1,2
20260912_215351_529_traffic_scan_env2025_seed0-499_48352cd1,387,26,8,0,1
20260912_215351_529_traffic_scan_env2025_seed0-499_48352cd1,387,26,9,0,3
20260912_215351_529_traffic_scan_env2025_seed0-499_48352cd1,387,26,9,1,1
20260912_215351_529_traffic_scan_env2025_seed0-499_48352cd1,387,26,10,2,1
20260912_215351_529_traffic_scan_env2025_seed0-499_48352cd1,387,26,13,1,4
20260912_215351_529_traffic_scan_env2025_seed0-499_48352cd1,387,26,15,0,2
20260912_215351_529_traffic_scan_env2025_seed0-499_48352cd1,387,26,17,0,1
20260912_215351_529_traffic_scan_env2025_seed0-499_48352cd1,387,26,18,0,1
20260912_215351_529_traffic_scan_env2025_seed0-499_48352cd1,387,26,18,1,1
20260912_215351_529_traffic_scan_env2025_seed0-499_48352cd1,387,26,19,1,3
20260912_215351_529_traffic_scan_env2025_seed0-499_48352cd1,387,26,20,0,4
20260912_215351_529_traffic_scan_env2025_seed0-499_48352cd1,387,26,20,1,2
20260912_215351_529_traffic_scan_env2025_seed0-499_48352cd1,387,26,21,0,1
20260912_215351_529_traffic_scan_env2025_seed0-499_48352cd1,387,26,22,0,1
20260912_215351_529_traffic_scan_env2025_seed0-499_48352cd1,387,26,22,1,3
20260912_215351_529_traffic_scan_env2025_seed0-499_48352cd1,387,26,24,2,4
20260912_215351_529_traffic_scan_env2025_seed0-499_48352cd1,387,26,25,1,1
20260912_215351_529_traffic_scan_env2025_seed0-499_48352cd1,387,26,27,0,1
20260912_215351_529_traffic_scan_env2025_seed0-499_48352cd1,387,26,28,0,7
20260912_215351_529_traffic_scan_env2025_seed0-499_48352cd1,387,26,28,1,2
20260912_215351_529_traffic_scan_env2025_seed0-499_48352cd1,387,26,29,0,1
20260912_215351_529_traffic_scan_env2025_seed0-499_48352cd1,387,26,30,0,1
20260912_215351_529_traffic_scan_env2025_seed0-499_48352cd1,387,26,31,0,2
20260912_215351_529_traffic_scan_env2025_seed0-499_48352cd1,387,26,32,0,1
20260912_215351_529_traffic_scan_env2025_seed0-499_48352cd1,387,26,34,0,4
20260912_215351_529_traffic_scan_env2025_seed0-499_48352cd1,387,26,34,1,2
20260912_215351_529_traffic_scan_env2025_seed0-499_48352cd1,387,26,35,0,3
20260912_215351_529_traffic_scan_env2025_seed0-499_48352cd1,387,26,36,0,1
20260912_215351_529_traffic_scan_env2025_seed0-499_48352cd1,387,26,36,1,4
20260912_215351_529_traffic_scan_env2025_seed0-499_48352cd1,387,26,38,1,1
20260912_215351_529_traffic_scan_env2025_seed0-499_48352cd1,387,26,40,1,1
20260912_215351_529_traffic_scan_env2025_seed0-499_48352cd1,387,26,41,0,1
20260912_215351_529_traffic_scan_env2025_seed0-499_48352cd1,387,26,42,0,1
20260912_215351_529_traffic_scan_env2025_seed0-499_48352cd1,387,26,42,1,2
20260912_215351_529_traffic_scan_env2025_seed0-499_48352cd1,387,26,43,1,2
20260912_215351_529_traffic_scan_env2025_seed0-499_48352cd1,387,26,45,0,1
20260912_215351_529_traffic_scan_env2025_seed0-499_48352cd1,387,26,45,1,1
20260912_215351_529_traffic_scan_env2025_seed0-499_48352cd1,387,26,46,0,1
20260912_215351_529_traffic_scan_env2025_seed0-499_48352cd1,387,26,46,1,1
20260912_215351_529_traffic_scan_env2025_seed0-499_48352cd1,387,26,48,1,1
20260912_215351_529_traffic_scan_env2025_seed0-499_48352cd1,387,26,49,1,1
20260912_215351_529_traffic_scan_env2025_seed0-499_48352cd1,387,26,50,0,2
20260912_215351_529_traffic_scan_env2025_seed0-499_48352cd1,387,26,51,0,2
20260912_215351_529_traffic_scan_env2025_seed0-499_48352cd1,387,26,52,0,2
20260912_215351_529_traffic_scan_env2025_seed0-499_48352cd1,387,26,52,1,1
20260912_215351_529_traffic_scan_env2025_seed0-499_48352cd1,387,26,53,0,3
20260912_215351_529_traffic_scan_env2025_seed0-499_48352cd1,387,26,54,1,1
20260912_215351_529_traffic_scan_env2025_seed0-499_48352cd1,387,26,55,0,3
20260912_215351_529_traffic_scan_env2025_seed0-499_48352cd1,387,26,56,0,2
20260912_215351_529_traffic_scan_env2025_seed0-499_48352cd1,387,26,57,0,2
20260912_215351_529_traffic_scan_env2025_seed0-499_48352cd1,387,26,58,0,2
20260912_215351_529_traffic_scan_env2025_seed0-499_48352cd1,387,27,4,0,1
20260912_215351_529_traffic_scan_env2025_seed0-499_48352cd1,387,27,5,0,1
20260912_215351_529_traffic_scan_env2025_seed0-499_48352cd1,387,27,6,0,2
20260912_215351_529_traffic_scan_env2025_seed0-499_48352cd1,387,27,7,0,1
20260912_215351_529_traffic_scan_env2025_seed0-499_48352cd1,387,27,7,1,2
20260912_215351_529_traffic_scan_env2025_seed0-499_48352cd1,387,27,8,0,1
20260912_215351_529_traffic_scan_env2025_seed0-499_48352cd1,387,27,9,0,2
20260912_215351_529_traffic_scan_env2025_seed0-499_48352cd1,387,27,9,1,1
20260912_215351_529_traffic_scan_env2025_seed0-499_48352cd1,387,27,10,0,4
20260912_215351_529_traffic_scan_env2025_seed0-499_48352cd1,387,27,11,0,1
20260912_215351_529_traffic_scan_env2025_seed0-499_48352cd1,387,27,11,1,1
20260912_215351_529_traffic_scan_env2025_seed0-499_48352cd1,387,27,12,2,1
20260912_215351_529_traffic_scan_env2025_seed0-499_48352cd1,387,27,13,0,1
20260912_215351_529_traffic_scan_env2025_seed0-499_48352cd1,387,27,14,0,1
20260912_215351_529_traffic_scan_env2025_seed0-499_48352cd1,387,27,14,1,3
20260912_215351_529_traffic_scan_env2025_seed0-499_48352cd1,387,27,15,0,1
20260912_215351_529_traffic_scan_env2025_seed0-499_48352cd1,387,27,17,2,1
20260912_215351_529_traffic_scan_env2025_seed0-499_48352cd1,387,27,18,2,1
20260912_215351_529_traffic_scan_env2025_seed0-499_48352cd1,387,27,20,0,1
20260912_215351_529_traffic_scan_env2025_seed0-499_48352cd1,387,27,20,1,4
20260912_215351_529_traffic_scan_env2025_seed0-499_48352cd1,387,27,21,0,4
20260912_215351_529_traffic_scan_env2025_seed0-499_48352cd1,387,27,21,1,3
20260912_215351_529_traffic_scan_env2025_seed0-499_48352cd1,387,27,22,0,1
20260912_215351_529_traffic_scan_env2025_seed0-499_48352cd1,387,27,23,0,2
20260912_215351_529_traffic_scan_env2025_seed0-499_48352cd1,387,27,23,1,1
20260912_215351_529_traffic_scan_env2025_seed0-499_48352cd1,387,27,24,0,2
20260912_215351_529_traffic_scan_env2025_seed0-499_48352cd1,387,27,25,1,3
20260912_215351_529_traffic_scan_env2025_seed0-499_48352cd1,387,27,27,0,5
20260912_215351_529_traffic_scan_env2025_seed0-499_48352cd1,387,27,28,0,3
20260912_215351_529_traffic_scan_env2025_seed0-499_48352cd1,387,27,29,0,1
20260912_215351_529_traffic_scan_env2025_seed0-499_48352cd1,387,27,29,1,2
20260912_215351_529_traffic_scan_env2025_seed0-499_48352cd1,387,27,30,0,2
20260912_215351_529_traffic_scan_env2025_seed0-499_48352cd1,387,27,31,0,1
20260912_215351_529_traffic_scan_env2025_seed0-499_48352cd1,387,27,33,0,2
20260912_215351_529_traffic_scan_env2025_seed0-499_48352cd1,387,27,34,0,3
20260912_215351_529_traffic_scan_env2025_seed0-499_48352cd1,387,27,35,0,2
20260912_215351_529_traffic_scan_env2025_seed0-499_48352cd1,387,27,35,1,2
20260912_215351_529_traffic_scan_env2025_seed0-499_48352cd1,387,27,36,0,1
20260912_215351_529_traffic_scan_env2025_seed0-499_48352cd1,387,27,36,1,1
20260912_215351_529_traffic_scan_env2025_seed0-499_48352cd1,387,27,37,1,3
20260912_215351_529_traffic_scan_env2025_seed0-499_48352cd1,387,27,39,1,1
20260912_215351_529_traffic_scan_env2025_seed0-499_48352cd1,387,27,40,0,1
20260912_215351_529_traffic_scan_env2025_seed0-499_48352cd1,387,27,41,2,3
20260912_215351_529_traffic_scan_env2025_seed0-499_48352cd1,387,27,42,2,2
20260912_215351_529_traffic_scan_env2025_seed0-499_48352cd1,387,27,43,0,1
20260912_215351_529_traffic_scan_env2025_seed0-499_48352cd1,387,27,44,1,1
20260912_215351_529_traffic_scan_env2025_seed0-499_48352cd1,387,27,45,0,1
20260912_215351_529_traffic_scan_env2025_seed0-499_48352cd1,387,27,46,2,1
20260912_215351_529_traffic_scan_env2025_seed0-499_48352cd1,387,27,47,0,1
20260912_215351_529_traffic_scan_env2025_seed0-499_48352cd1,387,27,48,0,1
20260912_215351_529_traffic_scan_env2025_seed0-499_48352cd1,387,27,48,1,1
20260912_215351_529_traffic_scan_env2025_seed0-499_48352cd1,387,27,49,0,2
20260912_215351_529_traffic_scan_env2025_seed0-499_48352cd1,387,27,49,1,1
20260912_215351_529_traffic_scan_env2025_seed0-499_48352cd1,387,27,50,0,1
20260912_215351_529_traffic_scan_env2025_seed0-499_48352cd1,387,27,52,0,1
20260912_215351_529_traffic_scan_env2025_seed0-499_48352cd1,387,27,52,1,1
20260912_215351_529_traffic_scan_env2025_seed0-499_48352cd1,387,27,54,0,1
20260912_215351_529_traffic_scan_env2025_seed0-499_48352cd1,387,27,55,0,3
20260912_215351_529_traffic_scan_env2025_seed0-499_48352cd1,387,27,59,0,1
20260912_215351_529_traffic_scan_env2025_seed0-499_48352cd1,387,28,6,0,1
20260912_215351_529_traffic_scan_env2025_seed0-499_48352cd1,387,28,7,0,1
20260912_215351_529_traffic_scan_env2025_seed0-499_48352cd1,387,28,7,1,2
20260912_215351_529_traffic_scan_env2025_seed0-499_48352cd1,387,28,9,2,1
20260912_215351_529_traffic_scan_env2025_seed0-499_48352cd1,387,28,10,0,2
20260912_215351_529_traffic_scan_env2025_seed0-499_48352cd1,387,28,11,0,2
20260912_215351_529_traffic_scan_env2025_seed0-499_48352cd1,387,28,11,1,1
20260912_215351_529_traffic_scan_env2025_seed0-499_48352cd1,387,28,12,0,6
20260912_215351_529_traffic_scan_env2025_seed0-499_48352cd1,387,28,12,2,1
20260912_215351_529_traffic_scan_env2025_seed0-499_48352cd1,387,28,13,0,5
20260912_215351_529_traffic_scan_env2025_seed0-499_48352cd1,387,28,14,0,1
20260912_215351_529_traffic_scan_env2025_seed0-499_48352cd1,387,28,15,0,1
20260912_215351_529_traffic_scan_env2025_seed0-499_48352cd1,387,28,15,1,3
20260912_215351_529_traffic_scan_env2025_seed0-499_48352cd1,387,28,16,0,2
20260912_215351_529_traffic_scan_env2025_seed0-499_48352cd1,387,28,16,1,2
20260912_215351_529_traffic_scan_env2025_seed0-499_48352cd1,387,28,17,2,1
20260912_215351_529_traffic_scan_env2025_seed0-499_48352cd1,387,28,19,0,1
20260912_215351_529_traffic_scan_env2025_seed0-499_48352cd1,387,28,20,1,6
20260912_215351_529_traffic_scan_env2025_seed0-499_48352cd1,387,28,21,1,1
20260912_215351_529_traffic_scan_env2025_seed0-499_48352cd1,387,28,22,0,3
20260912_215351_529_traffic_scan_env2025_seed0-499_48352cd1,387,28,22,1,1
20260912_215351_529_traffic_scan_env2025_seed0-499_48352cd1,387,28,25,0,2
20260912_215351_529_traffic_scan_env2025_seed0-499_48352cd1,387,28,26,0,6
20260912_215351_529_traffic_scan_env2025_seed0-499_48352cd1,387,28,26,1,3
20260912_215351_529_traffic_scan_env2025_seed0-499_48352cd1,387,28,27,0,2
20260912_215351_529_traffic_scan_env2025_seed0-499_48352cd1,387,28,28,0,2
20260912_215351_529_traffic_scan_env2025_seed0-499_48352cd1,387,28,29,0,4
20260912_215351_529_traffic_scan_env2025_seed0-499_48352cd1,387,28,30,0,2
20260912_215351_529_traffic_scan_env2025_seed0-499_48352cd1,387,28,30,1,2
20260912_215351_529_traffic_scan_env2025_seed0-499_48352cd1,387,28,31,0,1
20260912_215351_529_traffic_scan_env2025_seed0-499_48352cd1,387,28,31,1,1
20260912_215351_529_traffic_scan_env2025_seed0-499_48352cd1,387,28,32,0,4
20260912_215351_529_traffic_scan_env2025_seed0-499_48352cd1,387,28,32,1,1
20260912_215351_529_traffic_scan_env2025_seed0-499_48352cd1,387,28,33,0,3
20260912_215351_529_traffic_scan_env2025_seed0-499_48352cd1,387,28,33,1,1
20260912_215351_529_traffic_scan_env2025_seed0-499_48352cd1,387,28,34,2,1
20260912_215351_529_traffic_scan_env2025_seed0-499_48352cd1,387,28,35,2,1
20260912_215351_529_traffic_scan_env2025_seed0-499_48352cd1,387,28,36,0,3
20260912_215351_529_traffic_scan_env2025_seed0-499_48352cd1,387,28,36,1,4
20260912_215351_529_traffic_scan_env2025_seed0-499_48352cd1,387,28,37,1,2
20260912_215351_529_traffic_scan_env2025_seed0-499_48352cd1,387,28,38,1,4
20260912_215351_529_traffic_scan_env2025_seed0-499_48352cd1,387,28,39,1,2
20260912_215351_529_traffic_scan_env2025_seed0-499_48352cd1,387,28,40,0,1
20260912_215351_529_traffic_scan_env2025_seed0-499_48352cd1,387,28,40,1,5
20260912_215351_529_traffic_scan_env2025_seed0-499_48352cd1,387,28,41,2,4
20260912_215351_529_traffic_scan_env2025_seed0-499_48352cd1,387,28,42,2,3
20260912_215351_529_traffic_scan_env2025_seed0-499_48352cd1,387,28,43,0,2
20260912_215351_529_traffic_scan_env2025_seed0-499_48352cd1,387,28,43,1,2
20260912_215351_529_traffic_scan_env2025_seed0-499_48352cd1,387,28,44,1,2
20260912_215351_529_traffic_scan_env2025_seed0-499_48352cd1,387,28,45,0,1
20260912_215351_529_traffic_scan_env2025_seed0-499_48352cd1,387,28,45,1,2
20260912_215351_529_traffic_scan_env2025_seed0-499_48352cd1,387,28,46,3,1
20260912_215351_529_traffic_scan_env2025_seed0-499_48352cd1,387,28,47,0,2
20260912_215351_529_traffic_scan_env2025_seed0-499_48352cd1,387,28,48,0,1
20260912_215351_529_traffic_scan_env2025_seed0-499_48352cd1,387,28,48,1,1
20260912_215351_529_traffic_scan_env2025_seed0-499_48352cd1,387,28,49,0,3
20260912_215351_529_traffic_scan_env2025_seed0-499_48352cd1,387,28,49,1,1
20260912_215351_529_traffic_scan_env2025_seed0-499_48352cd1,387,28,50,0,2
20260912_215351_529_traffic_scan_env2025_seed0-499_48352cd1,387,28,51,0,3
20260912_215351_529_traffic_scan_env2025_seed0-499_48352cd1,387,28,52,0,1
20260912_215351_529_traffic_scan_env2025_seed0-499_48352cd1,387,28,52,1,1
20260912_215351_529_traffic_scan_env2025_seed0-499_48352cd1,387,28,53,0,1
20260912_215351_529_traffic_scan_env2025_seed0-499_48352cd1,387,28,54,0,3
20260912_215351_529_traffic_scan_env2025_seed0-499_48352cd1,387,28,55,0,4
20260912_215351_529_traffic_scan_env2025_seed0-499_48352cd1,387,28,59,0,2
20260912_215351_529_traffic_scan_env2025_seed0-499_48352cd1,387,29,7,0,2
20260912_215351_529_traffic_scan_env2025_seed0-499_48352cd1,387,29,7,1,2
20260912_215351_529_traffic_scan_env2025_seed0-499_48352cd1,387,29,8,0,3
20260912_215351_529_traffic_scan_env2025_seed0-499_48352cd1,387,29,9,2,1
20260912_215351_529_traffic_scan_env2025_seed0-499_48352cd1,387,29,10,0,2
20260912_215351_529_traffic_scan_env2025_seed0-499_48352cd1,387,29,10,1,1
20260912_215351_529_traffic_scan_env2025_seed0-499_48352cd1,387,29,11,0,3
20260912_215351_529_traffic_scan_env2025_seed0-499_48352cd1,387,29,13,3,1
20260912_215351_529_traffic_scan_env2025_seed0-499_48352cd1,387,29,14,0,4
20260912_215351_529_traffic_scan_env2025_seed0-499_48352cd1,387,29,15,0,1
20260912_215351_529_traffic_scan_env2025_seed0-499_48352cd1,387,29,15,1,1
20260912_215351_529_traffic_scan_env2025_seed0-499_48352cd1,387,29,16,1,3
20260912_215351_529_traffic_scan_env2025_seed0-499_48352cd1,387,29,17,1,2
20260912_215351_529_traffic_scan_env2025_seed0-499_48352cd1,387,29,18,0,2
20260912_215351_529_traffic_scan_env2025_seed0-499_48352cd1,387,29,19,1,3
20260912_215351_529_traffic_scan_env2025_seed0-499_48352cd1,387,29,20,1,3
20260912_215351_529_traffic_scan_env2025_seed0-499_48352cd1,387,29,21,1,1
20260912_215351_529_traffic_scan_env2025_seed0-499_48352cd1,387,29,22,1,1
20260912_215351_529_traffic_scan_env2025_seed0-499_48352cd1,387,29,23,0,3
20260912_215351_529_traffic_scan_env2025_seed0-499_48352cd1,387,29,25,0,5
20260912_215351_529_traffic_scan_env2025_seed0-499_48352cd1,387,29,26,0,2
20260912_215351_529_traffic_scan_env2025_seed0-499_48352cd1,387,29,27,2,3
20260912_215351_529_traffic_scan_env2025_seed0-499_48352cd1,387,29,28,0,3
20260912_215351_529_traffic_scan_env2025_seed0-499_48352cd1,387,29,30,0,2
20260912_215351_529_traffic_scan_env2025_seed0-499_48352cd1,387,29,31,0,3
20260912_215351_529_traffic_scan_env2025_seed0-499_48352cd1,387,29,31,1,1
20260912_215351_529_traffic_scan_env2025_seed0-499_48352cd1,387,29,32,0,1
20260912_215351_529_traffic_scan_env2025_seed0-499_48352cd1,387,29,33,0,4
20260912_215351_529_traffic_scan_env2025_seed0-499_48352cd1,387,29,36,0,3
20260912_215351_529_traffic_scan_env2025_seed0-499_48352cd1,387,29,36,1,2
20260912_215351_529_traffic_scan_env2025_seed0-499_48352cd1,387,29,37,1,4
20260912_215351_529_traffic_scan_env2025_seed0-499_48352cd1,387,29,39,0,1
20260912_215351_529_traffic_scan_env2025_seed0-499_48352cd1,387,29,39,1,4
20260912_215351_529_traffic_scan_env2025_seed0-499_48352cd1,387,29,40,1,2
20260912_215351_529_traffic_scan_env2025_seed0-499_48352cd1,387,29,41,1,1
20260912_215351_529_traffic_scan_env2025_seed0-499_48352cd1,387,29,42,0,1
20260912_215351_529_traffic_scan_env2025_seed0-499_48352cd1,387,29,43,2,1
20260912_215351_529_traffic_scan_env2025_seed0-499_48352cd1,387,29,44,0,1
20260912_215351_529_traffic_scan_env2025_seed0-499_48352cd1,387,29,44,1,1
20260912_215351_529_traffic_scan_env2025_seed0-499_48352cd1,387,29,45,0,1
20260912_215351_529_traffic_scan_env2025_seed0-499_48352cd1,387,29,45,1,1
20260912_215351_529_traffic_scan_env2025_seed0-499_48352cd1,387,29,46,0,5
20260912_215351_529_traffic_scan_env2025_seed0-499_48352cd1,387,29,46,1,2
20260912_215351_529_traffic_scan_env2025_seed0-499_48352cd1,387,29,46,2,1
20260912_215351_529_traffic_scan_env2025_seed0-499_48352cd1,387,29,47,0,5
20260912_215351_529_traffic_scan_env2025_seed0-499_48352cd1,387,29,47,1,2
20260912_215351_529_traffic_scan_env2025_seed0-499_48352cd1,387,29,48,0,2
20260912_215351_529_traffic_scan_env2025_seed0-499_48352cd1,387,29,48,1,3
20260912_215351_529_traffic_scan_env2025_seed0-499_48352cd1,387,29,50,0,1
20260912_215351_529_traffic_scan_env2025_seed0-499_48352cd1,387,29,50,1,1
20260912_215351_529_traffic_scan_env2025_seed0-499_48352cd1,387,29,52,0,1
20260912_215351_529_traffic_scan_env2025_seed0-499_48352cd1,387,29,52,1,1
20260912_215351_529_traffic_scan_env2025_seed0-499_48352cd1,387,29,53,0,2
20260912_215351_529_traffic_scan_env2025_seed0-499_48352cd1,387,29,55,0,3
20260912_215351_529_traffic_scan_env2025_seed0-499_48352cd1,387,29,56,0,3
20260912_215351_529_traffic_scan_env2025_seed0-499_48352cd1,387,29,58,0,2
20260912_215351_529_traffic_scan_env2025_seed0-499_48352cd1,387,29,59,0,2
20260912_215351_529_traffic_scan_env2025_seed0-499_48352cd1,387,30,7,1,2
20260912_215351_529_traffic_scan_env2025_seed0-499_48352cd1,387,30,9,0,3
20260912_215351_529_traffic_scan_env2025_seed0-499_48352cd1,387,30,9,1,1
20260912_215351_529_traffic_scan_env2025_seed0-499_48352cd1,387,30,10,0,1
20260912_215351_529_traffic_scan_env2025_seed0-499_48352cd1,387,30,10,1,1
20260912_215351_529_traffic_scan_env2025_seed0-499_48352cd1,387,30,11,0,1
20260912_215351_529_traffic_scan_env2025_seed0-499_48352cd1,387,30,14,2,2
20260912_215351_529_traffic_scan_env2025_seed0-499_48352cd1,387,30,15,0,3
20260912_215351_529_traffic_scan_env2025_seed0-499_48352cd1,387,30,17,1,3
20260912_215351_529_traffic_scan_env2025_seed0-499_48352cd1,387,30,18,1,3
20260912_215351_529_traffic_scan_env2025_seed0-499_48352cd1,387,30,19,0,1
20260912_215351_529_traffic_scan_env2025_seed0-499_48352cd1,387,30,20,1,4
20260912_215351_529_traffic_scan_env2025_seed0-499_48352cd1,387,30,23,1,1
20260912_215351_529_traffic_scan_env2025_seed0-499_48352cd1,387,30,24,0,8
20260912_215351_529_traffic_scan_env2025_seed0-499_48352cd1,387,30,25,0,1
20260912_215351_529_traffic_scan_env2025_seed0-499_48352cd1,387,30,27,0,1
20260912_215351_529_traffic_scan_env2025_seed0-499_48352cd1,387,30,28,0,2
20260912_215351_529_traffic_scan_env2025_seed0-499_48352cd1,387,30,28,1,3
20260912_215351_529_traffic_scan_env2025_seed0-499_48352cd1,387,30,29,0,2
20260912_215351_529_traffic_scan_env2025_seed0-499_48352cd1,387,30,31,0,4
20260912_215351_529_traffic_scan_env2025_seed0-499_48352cd1,387,30,32,0,4
20260912_215351_529_traffic_scan_env2025_seed0-499_48352cd1,387,30,32,1,1
20260912_215351_529_traffic_scan_env2025_seed0-499_48352cd1,387,30,33,0,1
20260912_215351_529_traffic_scan_env2025_seed0-499_48352cd1,387,30,34,0,3
20260912_215351_529_traffic_scan_env2025_seed0-499_48352cd1,387,30,35,0,3
20260912_215351_529_traffic_scan_env2025_seed0-499_48352cd1,387,30,35,1,1
20260912_215351_529_traffic_scan_env2025_seed0-499_48352cd1,387,30,36,0,1
20260912_215351_529_traffic_scan_env2025_seed0-499_48352cd1,387,30,36,1,1
20260912_215351_529_traffic_scan_env2025_seed0-499_48352cd1,387,30,37,0,3
20260912_215351_529_traffic_scan_env2025_seed0-499_48352cd1,387,30,37,1,1
20260912_215351_529_traffic_scan_env2025_seed0-499_48352cd1,387,30,38,0,2
20260912_215351_529_traffic_scan_env2025_seed0-499_48352cd1,387,30,38,1,4
20260912_215351_529_traffic_scan_env2025_seed0-499_48352cd1,387,30,39,0,1
20260912_215351_529_traffic_scan_env2025_seed0-499_48352cd1,387,30,39,1,4
20260912_215351_529_traffic_scan_env2025_seed0-499_48352cd1,387,30,40,0,1
20260912_215351_529_traffic_scan_env2025_seed0-499_48352cd1,387,30,40,1,1
20260912_215351_529_traffic_scan_env2025_seed0-499_48352cd1,387,30,41,0,1
20260912_215351_529_traffic_scan_env2025_seed0-499_48352cd1,387,30,42,0,2
20260912_215351_529_traffic_scan_env2025_seed0-499_48352cd1,387,30,42,1,1
20260912_215351_529_traffic_scan_env2025_seed0-499_48352cd1,387,30,43,0,1
20260912_215351_529_traffic_scan_env2025_seed0-499_48352cd1,387,30,44,0,4
20260912_215351_529_traffic_scan_env2025_seed0-499_48352cd1,387,30,45,0,4
20260912_215351_529_traffic_scan_env2025_seed0-499_48352cd1,387,30,45,1,2
20260912_215351_529_traffic_scan_env2025_seed0-499_48352cd1,387,30,48,0,2
20260912_215351_529_traffic_scan_env2025_seed0-499_48352cd1,387,30,48,1,1
20260912_215351_529_traffic_scan_env2025_seed0-499_48352cd1,387,30,49,0,3
20260912_215351_529_traffic_scan_env2025_seed0-499_48352cd1,387,30,50,0,2
20260912_215351_529_traffic_scan_env2025_seed0-499_48352cd1,387,30,50,1,1
20260912_215351_529_traffic_scan_env2025_seed0-499_48352cd1,387,30,51,0,2
20260912_215351_529_traffic_scan_env2025_seed0-499_48352cd1,387,30,52,0,3
20260912_215351_529_traffic_scan_env2025_seed0-499_48352cd1,387,30,52,1,1
20260912_215351_529_traffic_scan_env2025_seed0-499_48352cd1,387,30,53,0,2
20260912_215351_529_traffic_scan_env2025_seed0-499_48352cd1,387,30,54,0,2
20260912_215351_529_traffic_scan_env2025_seed0-499_48352cd1,387,30,55,0,4
20260912_215351_529_traffic_scan_env2025_seed0-499_48352cd1,387,30,56,0,2
20260912_215351_529_traffic_scan_env2025_seed0-499_48352cd1,387,30,57,0,4
20260912_215351_529_traffic_scan_env2025_seed0-499_48352cd1,387,30,58,0,1
20260912_215351_529_traffic_scan_env2025_seed0-499_48352cd1,387,30,59,0,2
20260912_215351_529_traffic_scan_env2025_seed0-499_48352cd1,387,31,6,0,1
20260912_215351_529_traffic_scan_env2025_seed0-499_48352cd1,387,31,7,0,1
20260912_215351_529_traffic_scan_env2025_seed0-499_48352cd1,387,31,8,0,1
20260912_215351_529_traffic_scan_env2025_seed0-499_48352cd1,387,31,8,1,2
20260912_215351_529_traffic_scan_env2025_seed0-499_48352cd1,387,31,9,0,2
20260912_215351_529_traffic_scan_env2025_seed0-499_48352cd1,387,31,9,1,1
20260912_215351_529_traffic_scan_env2025_seed0-499_48352cd1,387,31,10,0,5
20260912_215351_529_traffic_scan_env2025_seed0-499_48352cd1,387,31,10,1,1
20260912_215351_529_traffic_scan_env2025_seed0-499_48352cd1,387,31,11,0,1
20260912_215351_529_traffic_scan_env2025_seed0-499_48352cd1,387,31,12,0,1
20260912_215351_529_traffic_scan_env2025_seed0-499_48352cd1,387,31,13,0,1
20260912_215351_529_traffic_scan_env2025_seed0-499_48352cd1,387,31,13,1,1
20260912_215351_529_traffic_scan_env2025_seed0-499_48352cd1,387,31,15,1,1
20260912_215351_529_traffic_scan_env2025_seed0-499_48352cd1,387,31,16,0,3
20260912_215351_529_traffic_scan_env2025_seed0-499_48352cd1,387,31,17,1,3
20260912_215351_529_traffic_scan_env2025_seed0-499_48352cd1,387,31,18,1,3
20260912_215351_529_traffic_scan_env2025_seed0-499_48352cd1,387,31,20,0,1
20260912_215351_529_traffic_scan_env2025_seed0-499_48352cd1,387,31,20,1,4
20260912_215351_529_traffic_scan_env2025_seed0-499_48352cd1,387,31,23,0,6
20260912_215351_529_traffic_scan_env2025_seed0-499_48352cd1,387,31,24,0,2
20260912_215351_529_traffic_scan_env2025_seed0-499_48352cd1,387,31,24,1,1
20260912_215351_529_traffic_scan_env2025_seed0-499_48352cd1,387,31,25,0,4
20260912_215351_529_traffic_scan_env2025_seed0-499_48352cd1,387,31,26,0,1
20260912_215351_529_traffic_scan_env2025_seed0-499_48352cd1,387,31,27,0,3
20260912_215351_529_traffic_scan_env2025_seed0-499_48352cd1,387,31,28,0,3
20260912_215351_529_traffic_scan_env2025_seed0-499_48352cd1,387,31,29,0,2
20260912_215351_529_traffic_scan_env2025_seed0-499_48352cd1,387,31,29,1,3
20260912_215351_529_traffic_scan_env2025_seed0-499_48352cd1,387,31,30,0,3
20260912_215351_529_traffic_scan_env2025_seed0-499_48352cd1,387,31,31,0,2
20260912_215351_529_traffic_scan_env2025_seed0-499_48352cd1,387,31,32,0,1
20260912_215351_529_traffic_scan_env2025_seed0-499_48352cd1,387,31,33,0,1
20260912_215351_529_traffic_scan_env2025_seed0-499_48352cd1,387,31,33,1,1
20260912_215351_529_traffic_scan_env2025_seed0-499_48352cd1,387,31,34,1,1
20260912_215351_529_traffic_scan_env2025_seed0-499_48352cd1,387,31,35,0,2
20260912_215351_529_traffic_scan_env2025_seed0-499_48352cd1,387,31,36,0,1
20260912_215351_529_traffic_scan_env2025_seed0-499_48352cd1,387,31,36,1,1
20260912_215351_529_traffic_scan_env2025_seed0-499_48352cd1,387,31,37,0,1
20260912_215351_529_traffic_scan_env2025_seed0-499_48352cd1,387,31,37,1,3
20260912_215351_529_traffic_scan_env2025_seed0-499_48352cd1,387,31,38,0,2
20260912_215351_529_traffic_scan_env2025_seed0-499_48352cd1,387,31,38,1,2
20260912_215351_529_traffic_scan_env2025_seed0-499_48352cd1,387,31,39,1,1
20260912_215351_529_traffic_scan_env2025_seed0-499_48352cd1,387,31,40,1,2
20260912_215351_529_traffic_scan_env2025_seed0-499_48352cd1,387,31,41,0,3
20260912_215351_529_traffic_scan_env2025_seed0-499_48352cd1,387,31,41,1,1
20260912_215351_529_traffic_scan_env2025_seed0-499_48352cd1,387,31,42,0,2
20260912_215351_529_traffic_scan_env2025_seed0-499_48352cd1,387,31,43,0,3
20260912_215351_529_traffic_scan_env2025_seed0-499_48352cd1,387,31,43,1,1
20260912_215351_529_traffic_scan_env2025_seed0-499_48352cd1,387,31,44,2,1
20260912_215351_529_traffic_scan_env2025_seed0-499_48352cd1,387,31,45,0,1
20260912_215351_529_traffic_scan_env2025_seed0-499_48352cd1,387,31,45,1,1
20260912_215351_529_traffic_scan_env2025_seed0-499_48352cd1,387,31,48,0,1
20260912_215351_529_traffic_scan_env2025_seed0-499_48352cd1,387,31,48,1,2
20260912_215351_529_traffic_scan_env2025_seed0-499_48352cd1,387,31,50,1,1
20260912_215351_529_traffic_scan_env2025_seed0-499_48352cd1,387,31,51,0,1
20260912_215351_529_traffic_scan_env2025_seed0-499_48352cd1,387,31,52,1,1
20260912_215351_529_traffic_scan_env2025_seed0-499_48352cd1,387,31,55,0,2
20260912_215351_529_traffic_scan_env2025_seed0-499_48352cd1,387,31,58,0,1
20260912_215351_529_traffic_scan_env2025_seed0-499_48352cd1,387,31,59,0,1
20260912_215351_529_traffic_scan_env2025_seed0-499_48352cd1,387,32,8,2,2
20260912_215351_529_traffic_scan_env2025_seed0-499_48352cd1,387,32,9,0,1
20260912_215351_529_traffic_scan_env2025_seed0-499_48352cd1,387,32,9,1,1
20260912_215351_529_traffic_scan_env2025_seed0-499_48352cd1,387,32,10,0,2
20260912_215351_529_traffic_scan_env2025_seed0-499_48352cd1,387,32,10,1,1
20260912_215351_529_traffic_scan_env2025_seed0-499_48352cd1,387,32,11,0,2
20260912_215351_529_traffic_scan_env2025_seed0-499_48352cd1,387,32,12,2,1
20260912_215351_529_traffic_scan_env2025_seed0-499_48352cd1,387,32,14,0,1
20260912_215351_529_traffic_scan_env2025_seed0-499_48352cd1,387,32,15,0,1
20260912_215351_529_traffic_scan_env2025_seed0-499_48352cd1,387,32,16,0,1
20260912_215351_529_traffic_scan_env2025_seed0-499_48352cd1,387,32,16,1,4
20260912_215351_529_traffic_scan_env2025_seed0-499_48352cd1,387,32,17,0,4
20260912_215351_529_traffic_scan_env2025_seed0-499_48352cd1,387,32,18,0,1
20260912_215351_529_traffic_scan_env2025_seed0-499_48352cd1,387,32,19,0,1
20260912_215351_529_traffic_scan_env2025_seed0-499_48352cd1,387,32,19,1,3
20260912_215351_529_traffic_scan_env2025_seed0-499_48352cd1,387,32,20,0,2
20260912_215351_529_traffic_scan_env2025_seed0-499_48352cd1,387,32,20,1,4
20260912_215351_529_traffic_scan_env2025_seed0-499_48352cd1,387,32,21,0,3
20260912_215351_529_traffic_scan_env2025_seed0-499_48352cd1,387,32,22,0,7
20260912_215351_529_traffic_scan_env2025_seed0-499_48352cd1,387,32,23,0,2
20260912_215351_529_traffic_scan_env2025_seed0-499_48352cd1,387,32,25,1,1
20260912_215351_529_traffic_scan_env2025_seed0-499_48352cd1,387,32,26,0,6
20260912_215351_529_traffic_scan_env2025_seed0-499_48352cd1,387,32,27,0,4
20260912_215351_529_traffic_scan_env2025_seed0-499_48352cd1,387,32,29,0,4
20260912_215351_529_traffic_scan_env2025_seed0-499_48352cd1,387,32,30,0,2
20260912_215351_529_traffic_scan_env2025_seed0-499_48352cd1,387,32,30,1,3
20260912_215351_529_traffic_scan_env2025_seed0-499_48352cd1,387,32,33,0,1
20260912_215351_529_traffic_scan_env2025_seed0-499_48352cd1,387,32,33,1,1
20260912_215351_529_traffic_scan_env2025_seed0-499_48352cd1,387,32,34,0,1
20260912_215351_529_traffic_scan_env2025_seed0-499_48352cd1,387,32,34,1,1
20260912_215351_529_traffic_scan_env2025_seed0-499_48352cd1,387,32,35,0,1
20260912_215351_529_traffic_scan_env2025_seed0-499_48352cd1,387,32,36,0,2
20260912_215351_529_traffic_scan_env2025_seed0-499_48352cd1,387,32,36,1,3
20260912_215351_529_traffic_scan_env2025_seed0-499_48352cd1,387,32,37,0,1
20260912_215351_529_traffic_scan_env2025_seed0-499_48352cd1,387,32,37,1,3
20260912_215351_529_traffic_scan_env2025_seed0-499_48352cd1,387,32,39,0,2
20260912_215351_529_traffic_scan_env2025_seed0-499_48352cd1,387,32,40,0,3
20260912_215351_529_traffic_scan_env2025_seed0-499_48352cd1,387,32,40,1,1
20260912_215351_529_traffic_scan_env2025_seed0-499_48352cd1,387,32,41,2,2
20260912_215351_529_traffic_scan_env2025_seed0-499_48352cd1,387,32,42,2,1
20260912_215351_529_traffic_scan_env2025_seed0-499_48352cd1,387,32,43,0,1
20260912_215351_529_traffic_scan_env2025_seed0-499_48352cd1,387,32,43,1,1
20260912_215351_529_traffic_scan_env2025_seed0-499_48352cd1,387,32,44,1,1
20260912_215351_529_traffic_scan_env2025_seed0-499_48352cd1,387,32,45,1,1
20260912_215351_529_traffic_scan_env2025_seed0-499_48352cd1,387,32,46,0,1
20260912_215351_529_traffic_scan_env2025_seed0-499_48352cd1,387,32,47,2,2
20260912_215351_529_traffic_scan_env2025_seed0-499_48352cd1,387,32,49,0,1
20260912_215351_529_traffic_scan_env2025_seed0-499_48352cd1,387,32,50,0,1
20260912_215351_529_traffic_scan_env2025_seed0-499_48352cd1,387,32,50,1,1
20260912_215351_529_traffic_scan_env2025_seed0-499_48352cd1,387,32,51,1,1
20260912_215351_529_traffic_scan_env2025_seed0-499_48352cd1,387,32,55,0,2
20260912_215351_529_traffic_scan_env2025_seed0-499_48352cd1,387,32,59,0,1
20260912_215351_529_traffic_scan_env2025_seed0-499_48352cd1,387,33,8,0,1
20260912_215351_529_traffic_scan_env2025_seed0-499_48352cd1,387,33,8,1,2
20260912_215351_529_traffic_scan_env2025_seed0-499_48352cd1,387,33,9,1,1
20260912_215351_529_traffic_scan_env2025_seed0-499_48352cd1,387,33,10,0,1
20260912_215351_529_traffic_scan_env2025_seed0-499_48352cd1,387,33,10,1,1
20260912_215351_529_traffic_scan_env2025_seed0-499_48352cd1,387,33,11,0,1
20260912_215351_529_traffic_scan_env2025_seed0-499_48352cd1,387,33,11,1,1
20260912_215351_529_traffic_scan_env2025_seed0-499_48352cd1,387,33,12,0,2
20260912_215351_529_traffic_scan_env2025_seed0-499_48352cd1,387,33,15,0,1
20260912_215351_529_traffic_scan_env2025_seed0-499_48352cd1,387,33,15,1,2
20260912_215351_529_traffic_scan_env2025_seed0-499_48352cd1,387,33,17,1,1
20260912_215351_529_traffic_scan_env2025_seed0-499_48352cd1,387,33,18,1,3
20260912_215351_529_traffic_scan_env2025_seed0-499_48352cd1,387,33,19,0,1
20260912_215351_529_traffic_scan_env2025_seed0-499_48352cd1,387,33,19,1,1
20260912_215351_529_traffic_scan_env2025_seed0-499_48352cd1,387,33,20,1,6
20260912_215351_529_traffic_scan_env2025_seed0-499_48352cd1,387,33,21,0,4
20260912_215351_529_traffic_scan_env2025_seed0-499_48352cd1,387,33,22,0,1
20260912_215351_529_traffic_scan_env2025_seed0-499_48352cd1,387,33,24,0,1
20260912_215351_529_traffic_scan_env2025_seed0-499_48352cd1,387,33,25,0,3
20260912_215351_529_traffic_scan_env2025_seed0-499_48352cd1,387,33,26,2,1
20260912_215351_529_traffic_scan_env2025_seed0-499_48352cd1,387,33,28,0,5
20260912_215351_529_traffic_scan_env2025_seed0-499_48352cd1,387,33,29,0,3
20260912_215351_529_traffic_scan_env2025_seed0-499_48352cd1,387,33,30,0,1
20260912_215351_529_traffic_scan_env2025_seed0-499_48352cd1,387,33,31,1,3
20260912_215351_529_traffic_scan_env2025_seed0-499_48352cd1,387,33,32,1,2
20260912_215351_529_traffic_scan_env2025_seed0-499_48352cd1,387,33,34,0,1
20260912_215351_529_traffic_scan_env2025_seed0-499_48352cd1,387,33,35,0,3
20260912_215351_529_traffic_scan_env2025_seed0-499_48352cd1,387,33,35,1,3
20260912_215351_529_traffic_scan_env2025_seed0-499_48352cd1,387,33,36,1,3
20260912_215351_529_traffic_scan_env2025_seed0-499_48352cd1,387,33,37,0,1
20260912_215351_529_traffic_scan_env2025_seed0-499_48352cd1,387,33,37,1,1
20260912_215351_529_traffic_scan_env2025_seed0-499_48352cd1,387,33,38,0,1
20260912_215351_529_traffic_scan_env2025_seed0-499_48352cd1,387,33,39,0,3
20260912_215351_529_traffic_scan_env2025_seed0-499_48352cd1,387,33,40,0,2
20260912_215351_529_traffic_scan_env2025_seed0-499_48352cd1,387,33,41,2,1
20260912_215351_529_traffic_scan_env2025_seed0-499_48352cd1,387,33,42,2,3
20260912_215351_529_traffic_scan_env2025_seed0-499_48352cd1,387,33,43,0,1
20260912_215351_529_traffic_scan_env2025_seed0-499_48352cd1,387,33,43,1,1
20260912_215351_529_traffic_scan_env2025_seed0-499_48352cd1,387,33,45,1,3
20260912_215351_529_traffic_scan_env2025_seed0-499_48352cd1,387,33,46,0,1
20260912_215351_529_traffic_scan_env2025_seed0-499_48352cd1,387,33,46,1,1
20260912_215351_529_traffic_scan_env2025_seed0-499_48352cd1,387,33,47,2,1
20260912_215351_529_traffic_scan_env2025_seed0-499_48352cd1,387,33,49,0,2
20260912_215351_529_traffic_scan_env2025_seed0-499_48352cd1,387,33,50,1,1
20260912_215351_529_traffic_scan_env2025_seed0-499_48352cd1,387,33,51,1,1
20260912_215351_529_traffic_scan_env2025_seed0-499_48352cd1,387,33,55,0,2
20260912_215351_529_traffic_scan_env2025_seed0-499_48352cd1,387,33,59,0,1
20260912_215351_529_traffic_scan_env2025_seed0-499_48352cd1,387,34,7,0,1
20260912_215351_529_traffic_scan_env2025_seed0-499_48352cd1,387,34,8,1,2
20260912_215351_529_traffic_scan_env2025_seed0-499_48352cd1,387,34,9,1,1
20260912_215351_529_traffic_scan_env2025_seed0-499_48352cd1,387,34,10,1,2
20260912_215351_529_traffic_scan_env2025_seed0-499_48352cd1,387,34,11,0,1
20260912_215351_529_traffic_scan_env2025_seed0-499_48352cd1,387,34,12,0,1
20260912_215351_529_traffic_scan_env2025_seed0-499_48352cd1,387,34,13,0,3
20260912_215351_529_traffic_scan_env2025_seed0-499_48352cd1,387,34,14,0,1
20260912_215351_529_traffic_scan_env2025_seed0-499_48352cd1,387,34,14,1,2
20260912_215351_529_traffic_scan_env2025_seed0-499_48352cd1,387,34,18,0,1
20260912_215351_529_traffic_scan_env2025_seed0-499_48352cd1,387,34,18,1,2
20260912_215351_529_traffic_scan_env2025_seed0-499_48352cd1,387,34,19,1,3
20260912_215351_529_traffic_scan_env2025_seed0-499_48352cd1,387,34,20,0,4
20260912_215351_529_traffic_scan_env2025_seed0-499_48352cd1,387,34,20,1,3
20260912_215351_529_traffic_scan_env2025_seed0-499_48352cd1,387,34,21,0,1
20260912_215351_529_traffic_scan_env2025_seed0-499_48352cd1,387,34,21,1,3
20260912_215351_529_traffic_scan_env2025_seed0-499_48352cd1,387,34,24,0,1
20260912_215351_529_traffic_scan_env2025_seed0-499_48352cd1,387,34,25,0,3
20260912_215351_529_traffic_scan_env2025_seed0-499_48352cd1,387,34,27,2,1
20260912_215351_529_traffic_scan_env2025_seed0-499_48352cd1,387,34,28,0,4
20260912_215351_529_traffic_scan_env2025_seed0-499_48352cd1,387,34,29,0,4
20260912_215351_529_traffic_scan_env2025_seed0-499_48352cd1,387,34,31,0,1
20260912_215351_529_traffic_scan_env2025_seed0-499_48352cd1,387,34,31,1,3
20260912_215351_529_traffic_scan_env2025_seed0-499_48352cd1,387,34,33,1,1
20260912_215351_529_traffic_scan_env2025_seed0-499_48352cd1,387,34,34,0,1
20260912_215351_529_traffic_scan_env2025_seed0-499_48352cd1,387,34,34,1,2
20260912_215351_529_traffic_scan_env2025_seed0-499_48352cd1,387,34,35,0,2
20260912_215351_529_traffic_scan_env2025_seed0-499_48352cd1,387,34,35,1,2
20260912_215351_529_traffic_scan_env2025_seed0-499_48352cd1,387,34,36,0,1
20260912_215351_529_traffic_scan_env2025_seed0-499_48352cd1,387,34,36,1,2
20260912_215351_529_traffic_scan_env2025_seed0-499_48352cd1,387,34,37,1,1
20260912_215351_529_traffic_scan_env2025_seed0-499_48352cd1,387,34,38,0,4
20260912_215351_529_traffic_scan_env2025_seed0-499_48352cd1,387,34,39,0,1
20260912_215351_529_traffic_scan_env2025_seed0-499_48352cd1,387,34,41,0,2
20260912_215351_529_traffic_scan_env2025_seed0-499_48352cd1,387,34,41,1,1
20260912_215351_529_traffic_scan_env2025_seed0-499_48352cd1,387,34,42,1,1
20260912_215351_529_traffic_scan_env2025_seed0-499_48352cd1,387,34,43,0,1
20260912_215351_529_traffic_scan_env2025_seed0-499_48352cd1,387,34,43,1,2
20260912_215351_529_traffic_scan_env2025_seed0-499_48352cd1,387,34,44,0,1
20260912_215351_529_traffic_scan_env2025_seed0-499_48352cd1,387,34,44,1,1
20260912_215351_529_traffic_scan_env2025_seed0-499_48352cd1,387,34,46,0,1
20260912_215351_529_traffic_scan_env2025_seed0-499_48352cd1,387,34,46,1,2
20260912_215351_529_traffic_scan_env2025_seed0-499_48352cd1,387,34,47,1,1
20260912_215351_529_traffic_scan_env2025_seed0-499_48352cd1,387,34,48,0,2
20260912_215351_529_traffic_scan_env2025_seed0-499_48352cd1,387,34,50,1,1
20260912_215351_529_traffic_scan_env2025_seed0-499_48352cd1,387,34,51,2,1
20260912_215351_529_traffic_scan_env2025_seed0-499_48352cd1,387,34,54,0,1
20260912_215351_529_traffic_scan_env2025_seed0-499_48352cd1,387,34,56,0,1
20260912_215351_529_traffic_scan_env2025_seed0-499_48352cd1,387,34,59,0,1
20260912_215351_529_traffic_scan_env2025_seed0-499_48352cd1,387,35,5,0,1
20260912_215351_529_traffic_scan_env2025_seed0-499_48352cd1,387,35,6,0,2
20260912_215351_529_traffic_scan_env2025_seed0-499_48352cd1,387,35,7,0,1
20260912_215351_529_traffic_scan_env2025_seed0-499_48352cd1,387,35,8,0,1
20260912_215351_529_traffic_scan_env2025_seed0-499_48352cd1,387,35,8,1,2
20260912_215351_529_traffic_scan_env2025_seed0-499_48352cd1,387,35,9,0,2
20260912_215351_529_traffic_scan_env2025_seed0-499_48352cd1,387,35,9,1,2
20260912_215351_529_traffic_scan_env2025_seed0-499_48352cd1,387,35,10,0,1
20260912_215351_529_traffic_scan_env2025_seed0-499_48352cd1,387,35,11,0,1
20260912_215351_529_traffic_scan_env2025_seed0-499_48352cd1,387,35,12,0,2
20260912_215351_529_traffic_scan_env2025_seed0-499_48352cd1,387,35,13,0,1
20260912_215351_529_traffic_scan_env2025_seed0-499_48352cd1,387,35,13,1,2
20260912_215351_529_traffic_scan_env2025_seed0-499_48352cd1,387,35,14,0,2
20260912_215351_529_traffic_scan_env2025_seed0-499_48352cd1,387,35,16,0,1
20260912_215351_529_traffic_scan_env2025_seed0-499_48352cd1,387,35,17,0,1
20260912_215351_529_traffic_scan_env2025_seed0-499_48352cd1,387,35,17,1,1
20260912_215351_529_traffic_scan_env2025_seed0-499_48352cd1,387,35,18,0,2
20260912_215351_529_traffic_scan_env2025_seed0-499_48352cd1,387,35,19,0,4
20260912_215351_529_traffic_scan_env2025_seed0-499_48352cd1,387,35,19,1,1
20260912_215351_529_traffic_scan_env2025_seed0-499_48352cd1,387,35,20,0,1
20260912_215351_529_traffic_scan_env2025_seed0-499_48352cd1,387,35,20,1,6
20260912_215351_529_traffic_scan_env2025_seed0-499_48352cd1,387,35,22,1,3
20260912_215351_529_traffic_scan_env2025_seed0-499_48352cd1,387,35,23,0,1
20260912_215351_529_traffic_scan_env2025_seed0-499_48352cd1,387,35,24,0,1
20260912_215351_529_traffic_scan_env2025_seed0-499_48352cd1,387,35,26,0,2
20260912_215351_529_traffic_scan_env2025_seed0-499_48352cd1,387,35,27,0,4
20260912_215351_529_traffic_scan_env2025_seed0-499_48352cd1,387,35,28,1,1
20260912_215351_529_traffic_scan_env2025_seed0-499_48352cd1,387,35,29,0,1
20260912_215351_529_traffic_scan_env2025_seed0-499_48352cd1,387,35,30,0,3
20260912_215351_529_traffic_scan_env2025_seed0-499_48352cd1,387,35,30,1,1
20260912_215351_529_traffic_scan_env2025_seed0-499_48352cd1,387,35,32,0,1
20260912_215351_529_traffic_scan_env2025_seed0-499_48352cd1,387,35,32,1,2
20260912_215351_529_traffic_scan_env2025_seed0-499_48352cd1,387,35,33,0,1
20260912_215351_529_traffic_scan_env2025_seed0-499_48352cd1,387,35,33,1,2
20260912_215351_529_traffic_scan_env2025_seed0-499_48352cd1,387,35,34,1,3
20260912_215351_529_traffic_scan_env2025_seed0-499_48352cd1,387,35,35,0,1
20260912_215351_529_traffic_scan_env2025_seed0-499_48352cd1,387,35,36,0,1
20260912_215351_529_traffic_scan_env2025_seed0-499_48352cd1,387,35,36,1,1
20260912_215351_529_traffic_scan_env2025_seed0-499_48352cd1,387,35,37,0,4
20260912_215351_529_traffic_scan_env2025_seed0-499_48352cd1,387,35,37,1,2
20260912_215351_529_traffic_scan_env2025_seed0-499_48352cd1,387,35,39,0,1
20260912_215351_529_traffic_scan_env2025_seed0-499_48352cd1,387,35,40,0,1
20260912_215351_529_traffic_scan_env2025_seed0-499_48352cd1,387,35,40,1,1
20260912_215351_529_traffic_scan_env2025_seed0-499_48352cd1,387,35,41,0,3
20260912_215351_529_traffic_scan_env2025_seed0-499_48352cd1,387,35,43,0,1
20260912_215351_529_traffic_scan_env2025_seed0-499_48352cd1,387,35,43,1,2
20260912_215351_529_traffic_scan_env2025_seed0-499_48352cd1,387,35,44,1,2
20260912_215351_529_traffic_scan_env2025_seed0-499_48352cd1,387,35,45,0,3
20260912_215351_529_traffic_scan_env2025_seed0-499_48352cd1,387,35,46,0,1
20260912_215351_529_traffic_scan_env2025_seed0-499_48352cd1,387,35,46,1,1
20260912_215351_529_traffic_scan_env2025_seed0-499_48352cd1,387,35,47,0,2
20260912_215351_529_traffic_scan_env2025_seed0-499_48352cd1,387,35,47,1,2
20260912_215351_529_traffic_scan_env2025_seed0-499_48352cd1,387,35,48,0,2
20260912_215351_529_traffic_scan_env2025_seed0-499_48352cd1,387,35,49,0,1
20260912_215351_529_traffic_scan_env2025_seed0-499_48352cd1,387,35,50,0,1
20260912_215351_529_traffic_scan_env2025_seed0-499_48352cd1,387,35,50,1,1
20260912_215351_529_traffic_scan_env2025_seed0-499_48352cd1,387,35,51,0,1
20260912_215351_529_traffic_scan_env2025_seed0-499_48352cd1,387,35,52,0,1
20260912_215351_529_traffic_scan_env2025_seed0-499_48352cd1,387,35,52,1,1
20260912_215351_529_traffic_scan_env2025_seed0-499_48352cd1,387,35,53,0,1
20260912_215351_529_traffic_scan_env2025_seed0-499_48352cd1,387,35,54,0,1
20260912_215351_529_traffic_scan_env2025_seed0-499_48352cd1,387,35,55,0,1
20260912_215351_529_traffic_scan_env2025_seed0-499_48352cd1,387,35,59,0,1
20260912_215351_529_traffic_scan_env2025_seed0-499_48352cd1,387,36,5,0,1
20260912_215351_529_traffic_scan_env2025_seed0-499_48352cd1,387,36,8,1,3
20260912_215351_529_traffic_scan_env2025_seed0-499_48352cd1,387,36,9,0,1
20260912_215351_529_traffic_scan_env2025_seed0-499_48352cd1,387,36,9,1,1
20260912_215351_529_traffic_scan_env2025_seed0-499_48352cd1,387,36,11,0,1
20260912_215351_529_traffic_scan_env2025_seed0-499_48352cd1,387,36,12,1,2
20260912_215351_529_traffic_scan_env2025_seed0-499_48352cd1,387,36,13,0,1
20260912_215351_529_traffic_scan_env2025_seed0-499_48352cd1,387,36,14,0,1
20260912_215351_529_traffic_scan_env2025_seed0-499_48352cd1,387,36,15,0,3
20260912_215351_529_traffic_scan_env2025_seed0-499_48352cd1,387,36,16,0,3
20260912_215351_529_traffic_scan_env2025_seed0-499_48352cd1,387,36,16,1,1
20260912_215351_529_traffic_scan_env2025_seed0-499_48352cd1,387,36,17,0,2
20260912_215351_529_traffic_scan_env2025_seed0-499_48352cd1,387,36,19,0,6
20260912_215351_529_traffic_scan_env2025_seed0-499_48352cd1,387,36,20,0,3
20260912_215351_529_traffic_scan_env2025_seed0-499_48352cd1,387,36,20,1,4
20260912_215351_529_traffic_scan_env2025_seed0-499_48352cd1,387,36,21,1,4
20260912_215351_529_traffic_scan_env2025_seed0-499_48352cd1,387,36,22,0,1
20260912_215351_529_traffic_scan_env2025_seed0-499_48352cd1,387,36,22,1,4
20260912_215351_529_traffic_scan_env2025_seed0-499_48352cd1,387,36,23,1,4
20260912_215351_529_traffic_scan_env2025_seed0-499_48352cd1,387,36,24,1,2
20260912_215351_529_traffic_scan_env2025_seed0-499_48352cd1,387,36,25,0,1
20260912_215351_529_traffic_scan_env2025_seed0-499_48352cd1,387,36,25,1,2
20260912_215351_529_traffic_scan_env2025_seed0-499_48352cd1,387,36,26,0,3
20260912_215351_529_traffic_scan_env2025_seed0-499_48352cd1,387,36,26,1,2
20260912_215351_529_traffic_scan_env2025_seed0-499_48352cd1,387,36,27,0,2
20260912_215351_529_traffic_scan_env2025_seed0-499_48352cd1,387,36,27,1,2
20260912_215351_529_traffic_scan_env2025_seed0-499_48352cd1,387,36,28,2,2
20260912_215351_529_traffic_scan_env2025_seed0-499_48352cd1,387,36,29,0,1
20260912_215351_529_traffic_scan_env2025_seed0-499_48352cd1,387,36,29,1,4
20260912_215351_529_traffic_scan_env2025_seed0-499_48352cd1,387,36,30,1,2
20260912_215351_529_traffic_scan_env2025_seed0-499_48352cd1,387,36,31,0,3
20260912_215351_529_traffic_scan_env2025_seed0-499_48352cd1,387,36,31,1,2
20260912_215351_529_traffic_scan_env2025_seed0-499_48352cd1,387,36,32,0,1
20260912_215351_529_traffic_scan_env2025_seed0-499_48352cd1,387,36,32,1,4
20260912_215351_529_traffic_scan_env2025_seed0-499_48352cd1,387,36,33,0,1
20260912_215351_529_traffic_scan_env2025_seed0-499_48352cd1,387,36,33,1,6
20260912_215351_529_traffic_scan_env2025_seed0-499_48352cd1,387,36,34,1,2
20260912_215351_529_traffic_scan_env2025_seed0-499_48352cd1,387,36,35,0,1
20260912_215351_529_traffic_scan_env2025_seed0-499_48352cd1,387,36,35,1,3
20260912_215351_529_traffic_scan_env2025_seed0-499_48352cd1,387,36,36,0,3
20260912_215351_529_traffic_scan_env2025_seed0-499_48352cd1,387,36,36,1,3
20260912_215351_529_traffic_scan_env2025_seed0-499_48352cd1,387,36,37,0,1
20260912_215351_529_traffic_scan_env2025_seed0-499_48352cd1,387,36,37,1,3
20260912_215351_529_traffic_scan_env2025_seed0-499_48352cd1,387,36,38,0,1
20260912_215351_529_traffic_scan_env2025_seed0-499_48352cd1,387,36,38,1,3
20260912_215351_529_traffic_scan_env2025_seed0-499_48352cd1,387,36,39,1,3
20260912_215351_529_traffic_scan_env2025_seed0-499_48352cd1,387,36,40,0,1
20260912_215351_529_traffic_scan_env2025_seed0-499_48352cd1,387,36,40,1,2
20260912_215351_529_traffic_scan_env2025_seed0-499_48352cd1,387,36,41,1,2
20260912_215351_529_traffic_scan_env2025_seed0-499_48352cd1,387,36,42,0,3
20260912_215351_529_traffic_scan_env2025_seed0-499_48352cd1,387,36,42,1,3
20260912_215351_529_traffic_scan_env2025_seed0-499_48352cd1,387,36,43,0,1
20260912_215351_529_traffic_scan_env2025_seed0-499_48352cd1,387,36,43,1,2
20260912_215351_529_traffic_scan_env2025_seed0-499_48352cd1,387,36,44,1,3
20260912_215351_529_traffic_scan_env2025_seed0-499_48352cd1,387,36,45,0,1
20260912_215351_529_traffic_scan_env2025_seed0-499_48352cd1,387,36,45,1,3
20260912_215351_529_traffic_scan_env2025_seed0-499_48352cd1,387,36,46,0,2
20260912_215351_529_traffic_scan_env2025_seed0-499_48352cd1,387,36,46,1,2
20260912_215351_529_traffic_scan_env2025_seed0-499_48352cd1,387,36,47,1,2
20260912_215351_529_traffic_scan_env2025_seed0-499_48352cd1,387,36,48,0,1
20260912_215351_529_traffic_scan_env2025_seed0-499_48352cd1,387,36,48,1,1
20260912_215351_529_traffic_scan_env2025_seed0-499_48352cd1,387,36,50,1,1
20260912_215351_529_traffic_scan_env2025_seed0-499_48352cd1,387,36,52,1,1
20260912_215351_529_traffic_scan_env2025_seed0-499_48352cd1,387,36,53,0,1
20260912_215351_529_traffic_scan_env2025_seed0-499_48352cd1,387,36,54,0,1
20260912_215351_529_traffic_scan_env2025_seed0-499_48352cd1,387,36,55,0,1
20260912_215351_529_traffic_scan_env2025_seed0-499_48352cd1,387,36,59,0,1
20260912_215351_529_traffic_scan_env2025_seed0-499_48352cd1,387,37,5,0,1
20260912_215351_529_traffic_scan_env2025_seed0-499_48352cd1,387,37,8,1,3
20260912_215351_529_traffic_scan_env2025_seed0-499_48352cd1,387,37,9,0,1
20260912_215351_529_traffic_scan_env2025_seed0-499_48352cd1,387,37,9,1,1
20260912_215351_529_traffic_scan_env2025_seed0-499_48352cd1,387,37,12,0,1
20260912_215351_529_traffic_scan_env2025_seed0-499_48352cd1,387,37,12,1,2
20260912_215351_529_traffic_scan_env2025_seed0-499_48352cd1,387,37,14,0,2
20260912_215351_529_traffic_scan_env2025_seed0-499_48352cd1,387,37,15,0,2
20260912_215351_529_traffic_scan_env2025_seed0-499_48352cd1,387,37,15,1,1
20260912_215351_529_traffic_scan_env2025_seed0-499_48352cd1,387,37,17,0,4
20260912_215351_529_traffic_scan_env2025_seed0-499_48352cd1,387,37,18,0,6
20260912_215351_529_traffic_scan_env2025_seed0-499_48352cd1,387,37,20,2,4
20260912_215351_529_traffic_scan_env2025_seed0-499_48352cd1,387,37,21,0,3
20260912_215351_529_traffic_scan_env2025_seed0-499_48352cd1,387,37,21,1,1
20260912_215351_529_traffic_scan_env2025_seed0-499_48352cd1,387,37,23,1,3
20260912_215351_529_traffic_scan_env2025_seed0-499_48352cd1,387,37,24,0,1
20260912_215351_529_traffic_scan_env2025_seed0-499_48352cd1,387,37,24,1,2
20260912_215351_529_traffic_scan_env2025_seed0-499_48352cd1,387,37,25,0,3
20260912_215351_529_traffic_scan_env2025_seed0-499_48352cd1,387,37,27,0,1
20260912_215351_529_traffic_scan_env2025_seed0-499_48352cd1,387,37,28,0,1
20260912_215351_529_traffic_scan_env2025_seed0-499_48352cd1,387,37,28,1,1
20260912_215351_529_traffic_scan_env2025_seed0-499_48352cd1,387,37,29,0,1
20260912_215351_529_traffic_scan_env2025_seed0-499_48352cd1,387,37,30,1,1
20260912_215351_529_traffic_scan_env2025_seed0-499_48352cd1,387,37,31,0,1
20260912_215351_529_traffic_scan_env2025_seed0-499_48352cd1,387,37,31,1,5
20260912_215351_529_traffic_scan_env2025_seed0-499_48352cd1,387,37,32,0,3
20260912_215351_529_traffic_scan_env2025_seed0-499_48352cd1,387,37,32,1,3
20260912_215351_529_traffic_scan_env2025_seed0-499_48352cd1,387,37,34,0,1
20260912_215351_529_traffic_scan_env2025_seed0-499_48352cd1,387,37,34,1,2
20260912_215351_529_traffic_scan_env2025_seed0-499_48352cd1,387,37,35,0,4
20260912_215351_529_traffic_scan_env2025_seed0-499_48352cd1,387,37,36,1,2
20260912_215351_529_traffic_scan_env2025_seed0-499_48352cd1,387,37,37,2,1
20260912_215351_529_traffic_scan_env2025_seed0-499_48352cd1,387,37,38,0,1
20260912_215351_529_traffic_scan_env2025_seed0-499_48352cd1,387,37,38,1,1
20260912_215351_529_traffic_scan_env2025_seed0-499_48352cd1,387,37,39,0,1
20260912_215351_529_traffic_scan_env2025_seed0-499_48352cd1,387,37,39,1,1
20260912_215351_529_traffic_scan_env2025_seed0-499_48352cd1,387,37,41,0,1
20260912_215351_529_traffic_scan_env2025_seed0-499_48352cd1,387,37,41,1,1
20260912_215351_529_traffic_scan_env2025_seed0-499_48352cd1,387,37,43,0,4
20260912_215351_529_traffic_scan_env2025_seed0-499_48352cd1,387,37,45,0,2
20260912_215351_529_traffic_scan_env2025_seed0-499_48352cd1,387,37,45,1,1
20260912_215351_529_traffic_scan_env2025_seed0-499_48352cd1,387,37,46,2,3
20260912_215351_529_traffic_scan_env2025_seed0-499_48352cd1,387,37,47,0,1
20260912_215351_529_traffic_scan_env2025_seed0-499_48352cd1,387,37,47,1,1
20260912_215351_529_traffic_scan_env2025_seed0-499_48352cd1,387,37,48,0,2
20260912_215351_529_traffic_scan_env2025_seed0-499_48352cd1,387,37,49,0,1
20260912_215351_529_traffic_scan_env2025_seed0-499_48352cd1,387,37,49,1,1
20260912_215351_529_traffic_scan_env2025_seed0-499_48352cd1,387,37,50,0,1
20260912_215351_529_traffic_scan_env2025_seed0-499_48352cd1,387,37,50,1,1
20260912_215351_529_traffic_scan_env2025_seed0-499_48352cd1,387,37,51,0,1
20260912_215351_529_traffic_scan_env2025_seed0-499_48352cd1,387,37,52,0,1
20260912_215351_529_traffic_scan_env2025_seed0-499_48352cd1,387,37,52,1,1
20260912_215351_529_traffic_scan_env2025_seed0-499_48352cd1,387,37,54,0,2
20260912_215351_529_traffic_scan_env2025_seed0-499_48352cd1,387,37,55,0,2
20260912_215351_529_traffic_scan_env2025_seed0-499_48352cd1,387,37,59,0,1
20260912_215351_529_traffic_scan_env2025_seed0-499_48352cd1,387,38,4,0,1
20260912_215351_529_traffic_scan_env2025_seed0-499_48352cd1,387,38,7,1,2
20260912_215351_529_traffic_scan_env2025_seed0-499_48352cd1,387,38,8,1,1
20260912_215351_529_traffic_scan_env2025_seed0-499_48352cd1,387,38,9,0,1
20260912_215351_529_traffic_scan_env2025_seed0-499_48352cd1,387,38,9,1,1
20260912_215351_529_traffic_scan_env2025_seed0-499_48352cd1,387,38,11,1,2
20260912_215351_529_traffic_scan_env2025_seed0-499_48352cd1,387,38,13,0,2
20260912_215351_529_traffic_scan_env2025_seed0-499_48352cd1,387,38,14,0,1
20260912_215351_529_traffic_scan_env2025_seed0-499_48352cd1,387,38,14,1,1
20260912_215351_529_traffic_scan_env2025_seed0-499_48352cd1,387,38,15,0,1
20260912_215351_529_traffic_scan_env2025_seed0-499_48352cd1,387,38,16,0,2
20260912_215351_529_traffic_scan_env2025_seed0-499_48352cd1,387,38,17,0,3
20260912_215351_529_traffic_scan_env2025_seed0-499_48352cd1,387,38,19,2,1
20260912_215351_529_traffic_scan_env2025_seed0-499_48352cd1,387,38,20,2,3
20260912_215351_529_traffic_scan_env2025_seed0-499_48352cd1,387,38,22,0,2
20260912_215351_529_traffic_scan_env2025_seed0-499_48352cd1,387,38,22,1,1
20260912_215351_529_traffic_scan_env2025_seed0-499_48352cd1,387,38,23,0,1
20260912_215351_529_traffic_scan_env2025_seed0-499_48352cd1,387,38,24,0,3
20260912_215351_529_traffic_scan_env2025_seed0-499_48352cd1,387,38,24,1,3
20260912_215351_529_traffic_scan_env2025_seed0-499_48352cd1,387,38,25,1,2
20260912_215351_529_traffic_scan_env2025_seed0-499_48352cd1,387,38,27,0,1
20260912_215351_529_traffic_scan_env2025_seed0-499_48352cd1,387,38,27,1,1
20260912_215351_529_traffic_scan_env2025_seed0-499_48352cd1,387,38,29,0,2
20260912_215351_529_traffic_scan_env2025_seed0-499_48352cd1,387,38,30,0,1
20260912_215351_529_traffic_scan_env2025_seed0-499_48352cd1,387,38,30,1,4
20260912_215351_529_traffic_scan_env2025_seed0-499_48352cd1,387,38,33,0,3
20260912_215351_529_traffic_scan_env2025_seed0-499_48352cd1,387,38,33,1,1
20260912_215351_529_traffic_scan_env2025_seed0-499_48352cd1,387,38,34,0,3
20260912_215351_529_traffic_scan_env2025_seed0-499_48352cd1,387,38,35,0,2
20260912_215351_529_traffic_scan_env2025_seed0-499_48352cd1,387,38,35,1,3
20260912_215351_529_traffic_scan_env2025_seed0-499_48352cd1,387,38,37,1,3
20260912_215351_529_traffic_scan_env2025_seed0-499_48352cd1,387,38,39,0,1
20260912_215351_529_traffic_scan_env2025_seed0-499_48352cd1,387,38,40,0,1
20260912_215351_529_traffic_scan_env2025_seed0-499_48352cd1,387,38,40,1,2
20260912_215351_529_traffic_scan_env2025_seed0-499_48352cd1,387,38,42,0,1
20260912_215351_529_traffic_scan_env2025_seed0-499_48352cd1,387,38,44,0,5
20260912_215351_529_traffic_scan_env2025_seed0-499_48352cd1,387,38,45,0,1
20260912_215351_529_traffic_scan_env2025_seed0-499_48352cd1,387,38,46,1,2
20260912_215351_529_traffic_scan_env2025_seed0-499_48352cd1,387,38,47,1,3
20260912_215351_529_traffic_scan_env2025_seed0-499_48352cd1,387,38,48,0,2
20260912_215351_529_traffic_scan_env2025_seed0-499_48352cd1,387,38,50,1,2
20260912_215351_529_traffic_scan_env2025_seed0-499_48352cd1,387,38,52,1,1
20260912_215351_529_traffic_scan_env2025_seed0-499_48352cd1,387,38,54,0,1
20260912_215351_529_traffic_scan_env2025_seed0-499_48352cd1,387,38,55,0,1
20260912_215351_529_traffic_scan_env2025_seed0-499_48352cd1,387,38,59,0,1
20260912_215351_529_traffic_scan_env2025_seed0-499_48352cd1,387,39,3,0,1
20260912_215351_529_traffic_scan_env2025_seed0-499_48352cd1,387,39,6,1,1
20260912_215351_529_traffic_scan_env2025_seed0-499_48352cd1,387,39,7,1,1
20260912_215351_529_traffic_scan_env2025_seed0-499_48352cd1,387,39,8,0,1
20260912_215351_529_traffic_scan_env2025_seed0-499_48352cd1,387,39,8,1,2
20260912_215351_529_traffic_scan_env2025_seed0-499_48352cd1,387,39,10,1,1
20260912_215351_529_traffic_scan_env2025_seed0-499_48352cd1,387,39,11,1,1
20260912_215351_529_traffic_scan_env2025_seed0-499_48352cd1,387,39,12,0,1
20260912_215351_529_traffic_scan_env2025_seed0-499_48352cd1,387,39,13,1,2
20260912_215351_529_traffic_scan_env2025_seed0-499_48352cd1,387,39,14,1,2
20260912_215351_529_traffic_scan_env2025_seed0-499_48352cd1,387,39,15,0,1
20260912_215351_529_traffic_scan_env2025_seed0-499_48352cd1,387,39,16,0,3
20260912_215351_529_traffic_scan_env2025_seed0-499_48352cd1,387,39,17,0,2
20260912_215351_529_traffic_scan_env2025_seed0-499_48352cd1,387,39,18,1,1
20260912_215351_529_traffic_scan_env2025_seed0-499_48352cd1,387,39,20,1,3
20260912_215351_529_traffic_scan_env2025_seed0-499_48352cd1,387,39,22,0,1
20260912_215351_529_traffic_scan_env2025_seed0-499_48352cd1,387,39,23,0,5
20260912_215351_529_traffic_scan_env2025_seed0-499_48352cd1,387,39,23,1,1
20260912_215351_529_traffic_scan_env2025_seed0-499_48352cd1,387,39,25,1,3
20260912_215351_529_traffic_scan_env2025_seed0-499_48352cd1,387,39,26,1,3
20260912_215351_529_traffic_scan_env2025_seed0-499_48352cd1,387,39,27,0,1
20260912_215351_529_traffic_scan_env2025_seed0-499_48352cd1,387,39,27,1,1
20260912_215351_529_traffic_scan_env2025_seed0-499_48352cd1,387,39,28,1,1
20260912_215351_529_traffic_scan_env2025_seed0-499_48352cd1,387,39,29,0,1
20260912_215351_529_traffic_scan_env2025_seed0-499_48352cd1,387,39,29,1,5
20260912_215351_529_traffic_scan_env2025_seed0-499_48352cd1,387,39,30,0,2
20260912_215351_529_traffic_scan_env2025_seed0-499_48352cd1,387,39,30,1,1
20260912_215351_529_traffic_scan_env2025_seed0-499_48352cd1,387,39,33,0,3
20260912_215351_529_traffic_scan_env2025_seed0-499_48352cd1,387,39,33,1,1
20260912_215351_529_traffic_scan_env2025_seed0-499_48352cd1,387,39,34,0,3
20260912_215351_529_traffic_scan_env2025_seed0-499_48352cd1,387,39,34,1,2
20260912_215351_529_traffic_scan_env2025_seed0-499_48352cd1,387,39,35,0,1
20260912_215351_529_traffic_scan_env2025_seed0-499_48352cd1,387,39,35,1,3
20260912_215351_529_traffic_scan_env2025_seed0-499_48352cd1,387,39,36,0,2
20260912_215351_529_traffic_scan_env2025_seed0-499_48352cd1,387,39,36,1,3
20260912_215351_529_traffic_scan_env2025_seed0-499_48352cd1,387,39,37,1,2
20260912_215351_529_traffic_scan_env2025_seed0-499_48352cd1,387,39,38,1,2
20260912_215351_529_traffic_scan_env2025_seed0-499_48352cd1,387,39,39,1,1
20260912_215351_529_traffic_scan_env2025_seed0-499_48352cd1,387,39,40,0,1
20260912_215351_529_traffic_scan_env2025_seed0-499_48352cd1,387,39,41,0,1
20260912_215351_529_traffic_scan_env2025_seed0-499_48352cd1,387,39,41,1,1
20260912_215351_529_traffic_scan_env2025_seed0-499_48352cd1,387,39,43,0,2
20260912_215351_529_traffic_scan_env2025_seed0-499_48352cd1,387,39,44,0,1
20260912_215351_529_traffic_scan_env2025_seed0-499_48352cd1,387,39,45,0,4
20260912_215351_529_traffic_scan_env2025_seed0-499_48352cd1,387,39,47,1,3
20260912_215351_529_traffic_scan_env2025_seed0-499_48352cd1,387,39,48,1,3
20260912_215351_529_traffic_scan_env2025_seed0-499_48352cd1,387,39,49,0,1
20260912_215351_529_traffic_scan_env2025_seed0-499_48352cd1,387,39,50,1,1
20260912_215351_529_traffic_scan_env2025_seed0-499_48352cd1,387,39,51,1,1
20260912_215351_529_traffic_scan_env2025_seed0-499_48352cd1,387,39,52,1,1
20260912_215351_529_traffic_scan_env2025_seed0-499_48352cd1,387,39,53,0,1
20260912_215351_529_traffic_scan_env2025_seed0-499_48352cd1,387,39,55,0,1
20260912_215351_529_traffic_scan_env2025_seed0-499_48352cd1,387,39,59,0,1
20260912_215351_529_traffic_scan_env2025_seed0-499_48352cd1,387,40,2,0,1
20260912_215351_529_traffic_scan_env2025_seed0-499_48352cd1,387,40,5,1,1
20260912_215351_529_traffic_scan_env2025_seed0-499_48352cd1,387,40,7,2,1
20260912_215351_529_traffic_scan_env2025_seed0-499_48352cd1,387,40,8,0,1
20260912_215351_529_traffic_scan_env2025_seed0-499_48352cd1,387,40,8,1,1
20260912_215351_529_traffic_scan_env2025_seed0-499_48352cd1,387,40,9,0,2
20260912_215351_529_traffic_scan_env2025_seed0-499_48352cd1,387,40,9,1,2
20260912_215351_529_traffic_scan_env2025_seed0-499_48352cd1,387,40,10,0,1
20260912_215351_529_traffic_scan_env2025_seed0-499_48352cd1,387,40,10,1,1
20260912_215351_529_traffic_scan_env2025_seed0-499_48352cd1,387,40,11,0,2
20260912_215351_529_traffic_scan_env2025_seed0-499_48352cd1,387,40,11,1,3
20260912_215351_529_traffic_scan_env2025_seed0-499_48352cd1,387,40,12,0,3
20260912_215351_529_traffic_scan_env2025_seed0-499_48352cd1,387,40,12,1,2
20260912_215351_529_traffic_scan_env2025_seed0-499_48352cd1,387,40,13,1,4
20260912_215351_529_traffic_scan_env2025_seed0-499_48352cd1,387,40,15,1,3
20260912_215351_529_traffic_scan_env2025_seed0-499_48352cd1,387,40,17,0,2
20260912_215351_529_traffic_scan_env2025_seed0-499_48352cd1,387,40,17,1,1
20260912_215351_529_traffic_scan_env2025_seed0-499_48352cd1,387,40,18,0,1
20260912_215351_529_traffic_scan_env2025_seed0-499_48352cd1,387,40,20,1,3
20260912_215351_529_traffic_scan_env2025_seed0-499_48352cd1,387,40,21,0,1
20260912_215351_529_traffic_scan_env2025_seed0-499_48352cd1,387,40,22,0,1
20260912_215351_529_traffic_scan_env2025_seed0-499_48352cd1,387,40,23,0,2
20260912_215351_529_traffic_scan_env2025_seed0-499_48352cd1,387,40,24,1,4
20260912_215351_529_traffic_scan_env2025_seed0-499_48352cd1,387,40,25,1,2
20260912_215351_529_traffic_scan_env2025_seed0-499_48352cd1,387,40,26,1,4
20260912_215351_529_traffic_scan_env2025_seed0-499_48352cd1,387,40,27,0,1
20260912_215351_529_traffic_scan_env2025_seed0-499_48352cd1,387,40,27,1,2
20260912_215351_529_traffic_scan_env2025_seed0-499_48352cd1,387,40,28,1,4
20260912_215351_529_traffic_scan_env2025_seed0-499_48352cd1,387,40,29,0,1
20260912_215351_529_traffic_scan_env2025_seed0-499_48352cd1,387,40,30,0,1
20260912_215351_529_traffic_scan_env2025_seed0-499_48352cd1,387,40,31,0,1
20260912_215351_529_traffic_scan_env2025_seed0-499_48352cd1,387,40,31,1,1
20260912_215351_529_traffic_scan_env2025_seed0-499_48352cd1,387,40,32,0,4
20260912_215351_529_traffic_scan_env2025_seed0-499_48352cd1,387,40,32,1,1
20260912_215351_529_traffic_scan_env2025_seed0-499_48352cd1,387,40,34,0,1
20260912_215351_529_traffic_scan_env2025_seed0-499_48352cd1,387,40,34,1,2
20260912_215351_529_traffic_scan_env2025_seed0-499_48352cd1,387,40,35,0,5
20260912_215351_529_traffic_scan_env2025_seed0-499_48352cd1,387,40,35,1,1
20260912_215351_529_traffic_scan_env2025_seed0-499_48352cd1,387,40,36,0,2
20260912_215351_529_traffic_scan_env2025_seed0-499_48352cd1,387,40,37,0,2
20260912_215351_529_traffic_scan_env2025_seed0-499_48352cd1,387,40,37,1,2
20260912_215351_529_traffic_scan_env2025_seed0-499_48352cd1,387,40,38,0,1
20260912_215351_529_traffic_scan_env2025_seed0-499_48352cd1,387,40,38,1,1
20260912_215351_529_traffic_scan_env2025_seed0-499_48352cd1,387,40,39,0,2
20260912_215351_529_traffic_scan_env2025_seed0-499_48352cd1,387,40,39,1,1
20260912_215351_529_traffic_scan_env2025_seed0-499_48352cd1,387,40,40,0,2
20260912_215351_529_traffic_scan_env2025_seed0-499_48352cd1,387,40,41,0,3
20260912_215351_529_traffic_scan_env2025_seed0-499_48352cd1,387,40,42,0,3
20260912_215351_529_traffic_scan_env2025_seed0-499_48352cd1,387,40,42,1,1
20260912_215351_529_traffic_scan_env2025_seed0-499_48352cd1,387,40,43,0,1
20260912_215351_529_traffic_scan_env2025_seed0-499_48352cd1,387,40,44,0,3
20260912_215351_529_traffic_scan_env2025_seed0-499_48352cd1,387,40,46,0,5
20260912_215351_529_traffic_scan_env2025_seed0-499_48352cd1,387,40,47,1,4
20260912_215351_529_traffic_scan_env2025_seed0-499_48352cd1,387,40,49,0,2
20260912_215351_529_traffic_scan_env2025_seed0-499_48352cd1,387,40,50,0,1
20260912_215351_529_traffic_scan_env2025_seed0-499_48352cd1,387,40,50,1,1
20260912_215351_529_traffic_scan_env2025_seed0-499_48352cd1,387,40,51,0,1
20260912_215351_529_traffic_scan_env2025_seed0-499_48352cd1,387,40,52,1,2
20260912_215351_529_traffic_scan_env2025_seed0-499_48352cd1,387,40,53,0,1
20260912_215351_529_traffic_scan_env2025_seed0-499_48352cd1,387,40,55,0,1
20260912_215351_529_traffic_scan_env2025_seed0-499_48352cd1,387,40,59,0,1
20260912_215351_529_traffic_scan_env2025_seed0-499_48352cd1,387,41,1,0,1
20260912_215351_529_traffic_scan_env2025_seed0-499_48352cd1,387,41,2,0,1
20260912_215351_529_traffic_scan_env2025_seed0-499_48352cd1,387,41,3,0,2
20260912_215351_529_traffic_scan_env2025_seed0-499_48352cd1,387,41,4,0,3
20260912_215351_529_traffic_scan_env2025_seed0-499_48352cd1,387,41,5,0,2
20260912_215351_529_traffic_scan_env2025_seed0-499_48352cd1,387,41,6,0,2
20260912_215351_529_traffic_scan_env2025_seed0-499_48352cd1,387,41,7,0,2
20260912_215351_529_traffic_scan_env2025_seed0-499_48352cd1,387,41,7,1,1
20260912_215351_529_traffic_scan_env2025_seed0-499_48352cd1,387,41,8,0,3
20260912_215351_529_traffic_scan_env2025_seed0-499_48352cd1,387,41,8,1,2
20260912_215351_529_traffic_scan_env2025_seed0-499_48352cd1,387,41,9,0,4
20260912_215351_529_traffic_scan_env2025_seed0-499_48352cd1,387,41,9,1,1
20260912_215351_529_traffic_scan_env2025_seed0-499_48352cd1,387,41,10,0,3
20260912_215351_529_traffic_scan_env2025_seed0-499_48352cd1,387,41,11,0,2
20260912_215351_529_traffic_scan_env2025_seed0-499_48352cd1,387,41,11,1,2
20260912_215351_529_traffic_scan_env2025_seed0-499_48352cd1,387,41,12,2,1
20260912_215351_529_traffic_scan_env2025_seed0-499_48352cd1,387,41,14,0,4
20260912_215351_529_traffic_scan_env2025_seed0-499_48352cd1,387,41,15,0,3
20260912_215351_529_traffic_scan_env2025_seed0-499_48352cd1,387,41,16,0,3
20260912_215351_529_traffic_scan_env2025_seed0-499_48352cd1,387,41,16,1,2
20260912_215351_529_traffic_scan_env2025_seed0-499_48352cd1,387,41,17,0,4
20260912_215351_529_traffic_scan_env2025_seed0-499_48352cd1,387,41,18,0,4
20260912_215351_529_traffic_scan_env2025_seed0-499_48352cd1,387,41,19,0,4
20260912_215351_529_traffic_scan_env2025_seed0-499_48352cd1,387,41,20,0,4
20260912_215351_529_traffic_scan_env2025_seed0-499_48352cd1,387,41,20,1,3
20260912_215351_529_traffic_scan_env2025_seed0-499_48352cd1,387,41,21,0,4
20260912_215351_529_traffic_scan_env2025_seed0-499_48352cd1,387,41,22,0,5
20260912_215351_529_traffic_scan_env2025_seed0-499_48352cd1,387,41,23,0,3
20260912_215351_529_traffic_scan_env2025_seed0-499_48352cd1,387,41,24,0,2
20260912_215351_529_traffic_scan_env2025_seed0-499_48352cd1,387,41,24,1,1
20260912_215351_529_traffic_scan_env2025_seed0-499_48352cd1,387,41,25,0,3
20260912_215351_529_traffic_scan_env2025_seed0-499_48352cd1,387,41,25,1,2
20260912_215351_529_traffic_scan_env2025_seed0-499_48352cd1,387,41,26,0,2
20260912_215351_529_traffic_scan_env2025_seed0-499_48352cd1,387,41,27,0,4
20260912_215351_529_traffic_scan_env2025_seed0-499_48352cd1,387,41,27,1,5
20260912_215351_529_traffic_scan_env2025_seed0-499_48352cd1,387,41,28,0,2
20260912_215351_529_traffic_scan_env2025_seed0-499_48352cd1,387,41,28,1,1
20260912_215351_529_traffic_scan_env2025_seed0-499_48352cd1,387,41,29,0,4
20260912_215351_529_traffic_scan_env2025_seed0-499_48352cd1,387,41,30,0,2
20260912_215351_529_traffic_scan_env2025_seed0-499_48352cd1,387,41,31,0,5
20260912_215351_529_traffic_scan_env2025_seed0-499_48352cd1,387,41,32,0,2
20260912_215351_529_traffic_scan_env2025_seed0-499_48352cd1,387,41,33,0,3
20260912_215351_529_traffic_scan_env2025_seed0-499_48352cd1,387,41,33,1,2
20260912_215351_529_traffic_scan_env2025_seed0-499_48352cd1,387,41,34,0,1
20260912_215351_529_traffic_scan_env2025_seed0-499_48352cd1,387,41,35,0,2
20260912_215351_529_traffic_scan_env2025_seed0-499_48352cd1,387,41,36,0,5
20260912_215351_529_traffic_scan_env2025_seed0-499_48352cd1,387,41,36,1,1
20260912_215351_529_traffic_scan_env2025_seed0-499_48352cd1,387,41,37,0,1
20260912_215351_529_traffic_scan_env2025_seed0-499_48352cd1,387,41,37,1,2
20260912_215351_529_traffic_scan_env2025_seed0-499_48352cd1,387,41,38,0,2
20260912_215351_529_traffic_scan_env2025_seed0-499_48352cd1,387,41,38,1,1
20260912_215351_529_traffic_scan_env2025_seed0-499_48352cd1,387,41,39,0,1
20260912_215351_529_traffic_scan_env2025_seed0-499_48352cd1,387,41,40,0,2
20260912_215351_529_traffic_scan_env2025_seed0-499_48352cd1,387,41,41,0,1
20260912_215351_529_traffic_scan_env2025_seed0-499_48352cd1,387,41,42,0,2
20260912_215351_529_traffic_scan_env2025_seed0-499_48352cd1,387,41,43,0,2
20260912_215351_529_traffic_scan_env2025_seed0-499_48352cd1,387,41,43,1,1
20260912_215351_529_traffic_scan_env2025_seed0-499_48352cd1,387,41,44,0,2
20260912_215351_529_traffic_scan_env2025_seed0-499_48352cd1,387,41,45,0,4
20260912_215351_529_traffic_scan_env2025_seed0-499_48352cd1,387,41,46,0,4
20260912_215351_529_traffic_scan_env2025_seed0-499_48352cd1,387,41,47,0,3
20260912_215351_529_traffic_scan_env2025_seed0-499_48352cd1,387,41,47,1,3
20260912_215351_529_traffic_scan_env2025_seed0-499_48352cd1,387,41,49,0,2
20260912_215351_529_traffic_scan_env2025_seed0-499_48352cd1,387,41,50,0,3
20260912_215351_529_traffic_scan_env2025_seed0-499_48352cd1,387,41,50,1,1
20260912_215351_529_traffic_scan_env2025_seed0-499_48352cd1,387,41,52,0,1
20260912_215351_529_traffic_scan_env2025_seed0-499_48352cd1,387,41,52,1,1
20260912_215351_529_traffic_scan_env2025_seed0-499_48352cd1,387,41,53,0,1
20260912_215351_529_traffic_scan_env2025_seed0-499_48352cd1,387,41,53,1,1
20260912_215351_529_traffic_scan_env2025_seed0-499_48352cd1,387,41,55,0,1
20260912_215351_529_traffic_scan_env2025_seed0-499_48352cd1,387,41,59,0,1
20260912_215351_529_traffic_scan_env2025_seed0-499_48352cd1,387,42,0,0,1
20260912_215351_529_traffic_scan_env2025_seed0-499_48352cd1,387,42,1,0,1
20260912_215351_529_traffic_scan_env2025_seed0-499_48352cd1,387,42,2,0,1
20260912_215351_529_traffic_scan_env2025_seed0-499_48352cd1,387,42,3,0,2
20260912_215351_529_traffic_scan_env2025_seed0-499_48352cd1,387,42,4,0,1
20260912_215351_529_traffic_scan_env2025_seed0-499_48352cd1,387,42,5,1,1
20260912_215351_529_traffic_scan_env2025_seed0-499_48352cd1,387,42,6,1,1
20260912_215351_529_traffic_scan_env2025_seed0-499_48352cd1,387,42,7,0,1
20260912_215351_529_traffic_scan_env2025_seed0-499_48352cd1,387,42,7,1,2
20260912_215351_529_traffic_scan_env2025_seed0-499_48352cd1,387,42,8,1,1
20260912_215351_529_traffic_scan_env2025_seed0-499_48352cd1,387,42,9,0,2
20260912_215351_529_traffic_scan_env2025_seed0-499_48352cd1,387,42,9,1,1
20260912_215351_529_traffic_scan_env2025_seed0-499_48352cd1,387,42,10,0,3
20260912_215351_529_traffic_scan_env2025_seed0-499_48352cd1,387,42,14,0,1
20260912_215351_529_traffic_scan_env2025_seed0-499_48352cd1,387,42,15,1,2
20260912_215351_529_traffic_scan_env2025_seed0-499_48352cd1,387,42,16,2,1
20260912_215351_529_traffic_scan_env2025_seed0-499_48352cd1,387,42,17,1,3
20260912_215351_529_traffic_scan_env2025_seed0-499_48352cd1,387,42,18,0,1
20260912_215351_529_traffic_scan_env2025_seed0-499_48352cd1,387,42,19,0,3
20260912_215351_529_traffic_scan_env2025_seed0-499_48352cd1,387,42,20,0,2
20260912_215351_529_traffic_scan_env2025_seed0-499_48352cd1,387,42,20,1,3
20260912_215351_529_traffic_scan_env2025_seed0-499_48352cd1,387,42,21,0,2
20260912_215351_529_traffic_scan_env2025_seed0-499_48352cd1,387,42,23,1,1
20260912_215351_529_traffic_scan_env2025_seed0-499_48352cd1,387,42,26,0,2
20260912_215351_529_traffic_scan_env2025_seed0-499_48352cd1,387,42,26,1,4
20260912_215351_529_traffic_scan_env2025_seed0-499_48352cd1,387,42,27,0,1
20260912_215351_529_traffic_scan_env2025_seed0-499_48352cd1,387,42,28,0,1
20260912_215351_529_traffic_scan_env2025_seed0-499_48352cd1,387,42,28,1,3
20260912_215351_529_traffic_scan_env2025_seed0-499_48352cd1,387,42,29,0,1
20260912_215351_529_traffic_scan_env2025_seed0-499_48352cd1,387,42,29,1,1
20260912_215351_529_traffic_scan_env2025_seed0-499_48352cd1,387,42,30,0,3
20260912_215351_529_traffic_scan_env2025_seed0-499_48352cd1,387,42,32,1,2
20260912_215351_529_traffic_scan_env2025_seed0-499_48352cd1,387,42,34,0,1
20260912_215351_529_traffic_scan_env2025_seed0-499_48352cd1,387,42,35,0,1
20260912_215351_529_traffic_scan_env2025_seed0-499_48352cd1,387,42,36,0,1
20260912_215351_529_traffic_scan_env2025_seed0-499_48352cd1,387,42,36,1,1
20260912_215351_529_traffic_scan_env2025_seed0-499_48352cd1,387,42,37,0,3
20260912_215351_529_traffic_scan_env2025_seed0-499_48352cd1,387,42,37,1,2
20260912_215351_529_traffic_scan_env2025_seed0-499_48352cd1,387,42,39,0,1
20260912_215351_529_traffic_scan_env2025_seed0-499_48352cd1,387,42,39,1,1
20260912_215351_529_traffic_scan_env2025_seed0-499_48352cd1,387,42,41,0,1
20260912_215351_529_traffic_scan_env2025_seed0-499_48352cd1,387,42,43,0,1
20260912_215351_529_traffic_scan_env2025_seed0-499_48352cd1,387,42,44,0,2
20260912_215351_529_traffic_scan_env2025_seed0-499_48352cd1,387,42,44,1,1
20260912_215351_529_traffic_scan_env2025_seed0-499_48352cd1,387,42,45,0,1
20260912_215351_529_traffic_scan_env2025_seed0-499_48352cd1,387,42,47,0,4
20260912_215351_529_traffic_scan_env2025_seed0-499_48352cd1,387,42,47,1,2
20260912_215351_529_traffic_scan_env2025_seed0-499_48352cd1,387,42,48,0,3
20260912_215351_529_traffic_scan_env2025_seed0-499_48352cd1,387,42,50,0,1
20260912_215351_529_traffic_scan_env2025_seed0-499_48352cd1,387,42,50,1,1
20260912_215351_529_traffic_scan_env2025_seed0-499_48352cd1,387,42,51,0,3
20260912_215351_529_traffic_scan_env2025_seed0-499_48352cd1,387,42,52,0,1
20260912_215351_529_traffic_scan_env2025_seed0-499_48352cd1,387,42,52,1,1
20260912_215351_529_traffic_scan_env2025_seed0-499_48352cd1,387,42,53,0,1
20260912_215351_529_traffic_scan_env2025_seed0-499_48352cd1,387,42,54,1,1
20260912_215351_529_traffic_scan_env2025_seed0-499_48352cd1,387,42,55,0,1
20260912_215351_529_traffic_scan_env2025_seed0-499_48352cd1,387,42,59,0,1
20260912_215351_529_traffic_scan_env2025_seed0-499_48352cd1,387,43,4,0,1
20260912_215351_529_traffic_scan_env2025_seed0-499_48352cd1,387,43,6,1,1
20260912_215351_529_traffic_scan_env2025_seed0-499_48352cd1,387,43,7,0,1
20260912_215351_529_traffic_scan_env2025_seed0-499_48352cd1,387,43,7,1,1
20260912_215351_529_traffic_scan_env2025_seed0-499_48352cd1,387,43,8,0,1
20260912_215351_529_traffic_scan_env2025_seed0-499_48352cd1,387,43,8,1,1
20260912_215351_529_traffic_scan_env2025_seed0-499_48352cd1,387,43,9,2,1
20260912_215351_529_traffic_scan_env2025_seed0-499_48352cd1,387,43,10,0,3
20260912_215351_529_traffic_scan_env2025_seed0-499_48352cd1,387,43,14,0,2
20260912_215351_529_traffic_scan_env2025_seed0-499_48352cd1,387,43,14,1,1
20260912_215351_529_traffic_scan_env2025_seed0-499_48352cd1,387,43,17,1,1
20260912_215351_529_traffic_scan_env2025_seed0-499_48352cd1,387,43,18,0,1
20260912_215351_529_traffic_scan_env2025_seed0-499_48352cd1,387,43,18,1,1
20260912_215351_529_traffic_scan_env2025_seed0-499_48352cd1,387,43,20,0,3
20260912_215351_529_traffic_scan_env2025_seed0-499_48352cd1,387,43,20,1,3
20260912_215351_529_traffic_scan_env2025_seed0-499_48352cd1,387,43,21,0,1
20260912_215351_529_traffic_scan_env2025_seed0-499_48352cd1,387,43,22,0,1
20260912_215351_529_traffic_scan_env2025_seed0-499_48352cd1,387,43,25,0,1
20260912_215351_529_traffic_scan_env2025_seed0-499_48352cd1,387,43,25,1,1
20260912_215351_529_traffic_scan_env2025_seed0-499_48352cd1,387,43,26,1,1
20260912_215351_529_traffic_scan_env2025_seed0-499_48352cd1,387,43,27,0,3
20260912_215351_529_traffic_scan_env2025_seed0-499_48352cd1,387,43,27,1,2
20260912_215351_529_traffic_scan_env2025_seed0-499_48352cd1,387,43,29,0,4
20260912_215351_529_traffic_scan_env2025_seed0-499_48352cd1,387,43,29,1,3
20260912_215351_529_traffic_scan_env2025_seed0-499_48352cd1,387,43,30,1,1
20260912_215351_529_traffic_scan_env2025_seed0-499_48352cd1,387,43,31,1,2
20260912_215351_529_traffic_scan_env2025_seed0-499_48352cd1,387,43,35,0,2
20260912_215351_529_traffic_scan_env2025_seed0-499_48352cd1,387,43,35,1,1
20260912_215351_529_traffic_scan_env2025_seed0-499_48352cd1,387,43,37,0,1
20260912_215351_529_traffic_scan_env2025_seed0-499_48352cd1,387,43,37,1,1
20260912_215351_529_traffic_scan_env2025_seed0-499_48352cd1,387,43,38,0,3
20260912_215351_529_traffic_scan_env2025_seed0-499_48352cd1,387,43,38,1,1
20260912_215351_529_traffic_scan_env2025_seed0-499_48352cd1,387,43,39,0,2
20260912_215351_529_traffic_scan_env2025_seed0-499_48352cd1,387,43,39,1,1
20260912_215351_529_traffic_scan_env2025_seed0-499_48352cd1,387,43,40,0,1
20260912_215351_529_traffic_scan_env2025_seed0-499_48352cd1,387,43,40,1,1
20260912_215351_529_traffic_scan_env2025_seed0-499_48352cd1,387,43,42,0,1
20260912_215351_529_traffic_scan_env2025_seed0-499_48352cd1,387,43,44,0,2
20260912_215351_529_traffic_scan_env2025_seed0-499_48352cd1,387,43,45,0,2
20260912_215351_529_traffic_scan_env2025_seed0-499_48352cd1,387,43,45,1,1
20260912_215351_529_traffic_scan_env2025_seed0-499_48352cd1,387,43,47,0,1
20260912_215351_529_traffic_scan_env2025_seed0-499_48352cd1,387,43,47,1,2
20260912_215351_529_traffic_scan_env2025_seed0-499_48352cd1,387,43,48,0,3
20260912_215351_529_traffic_scan_env2025_seed0-499_48352cd1,387,43,49,0,1
20260912_215351_529_traffic_scan_env2025_seed0-499_48352cd1,387,43,50,1,1
20260912_215351_529_traffic_scan_env2025_seed0-499_48352cd1,387,43,51,0,2
20260912_215351_529_traffic_scan_env2025_seed0-499_48352cd1,387,43,52,0,3
20260912_215351_529_traffic_scan_env2025_seed0-499_48352cd1,387,43,52,1,1
20260912_215351_529_traffic_scan_env2025_seed0-499_48352cd1,387,43,55,0,1
20260912_215351_529_traffic_scan_env2025_seed0-499_48352cd1,387,43,55,1,1
20260912_215351_529_traffic_scan_env2025_seed0-499_48352cd1,387,43,59,0,1
20260912_215351_529_traffic_scan_env2025_seed0-499_48352cd1,387,44,4,0,1
20260912_215351_529_traffic_scan_env2025_seed0-499_48352cd1,387,44,5,1,1
20260912_215351_529_traffic_scan_env2025_seed0-499_48352cd1,387,44,7,1,1
20260912_215351_529_traffic_scan_env2025_seed0-499_48352cd1,387,44,8,1,1
20260912_215351_529_traffic_scan_env2025_seed0-499_48352cd1,387,44,9,0,2
20260912_215351_529_traffic_scan_env2025_seed0-499_48352cd1,387,44,9,1,1
20260912_215351_529_traffic_scan_env2025_seed0-499_48352cd1,387,44,10,0,3
20260912_215351_529_traffic_scan_env2025_seed0-499_48352cd1,387,44,13,0,2
20260912_215351_529_traffic_scan_env2025_seed0-499_48352cd1,387,44,13,1,1
20260912_215351_529_traffic_scan_env2025_seed0-499_48352cd1,387,44,17,0,1
20260912_215351_529_traffic_scan_env2025_seed0-499_48352cd1,387,44,17,1,2
20260912_215351_529_traffic_scan_env2025_seed0-499_48352cd1,387,44,18,1,1
20260912_215351_529_traffic_scan_env2025_seed0-499_48352cd1,387,44,19,0,2
20260912_215351_529_traffic_scan_env2025_seed0-499_48352cd1,387,44,19,1,2
20260912_215351_529_traffic_scan_env2025_seed0-499_48352cd1,387,44,20,1,4
20260912_215351_529_traffic_scan_env2025_seed0-499_48352cd1,387,44,21,0,2
20260912_215351_529_traffic_scan_env2025_seed0-499_48352cd1,387,44,21,1,1
20260912_215351_529_traffic_scan_env2025_seed0-499_48352cd1,387,44,22,0,1
20260912_215351_529_traffic_scan_env2025_seed0-499_48352cd1,387,44,22,1,1
20260912_215351_529_traffic_scan_env2025_seed0-499_48352cd1,387,44,23,2,1
20260912_215351_529_traffic_scan_env2025_seed0-499_48352cd1,387,44,24,2,2
20260912_215351_529_traffic_scan_env2025_seed0-499_48352cd1,387,44,25,0,1
20260912_215351_529_traffic_scan_env2025_seed0-499_48352cd1,387,44,25,1,1
20260912_215351_529_traffic_scan_env2025_seed0-499_48352cd1,387,44,26,0,1
20260912_215351_529_traffic_scan_env2025_seed0-499_48352cd1,387,44,26,1,2
20260912_215351_529_traffic_scan_env2025_seed0-499_48352cd1,387,44,27,0,1
20260912_215351_529_traffic_scan_env2025_seed0-499_48352cd1,387,44,27,1,1
20260912_215351_529_traffic_scan_env2025_seed0-499_48352cd1,387,44,28,0,4
20260912_215351_529_traffic_scan_env2025_seed0-499_48352cd1,387,44,28,1,3
20260912_215351_529_traffic_scan_env2025_seed0-499_48352cd1,387,44,29,0,1
20260912_215351_529_traffic_scan_env2025_seed0-499_48352cd1,387,44,29,1,1
20260912_215351_529_traffic_scan_env2025_seed0-499_48352cd1,387,44,30,1,6
20260912_215351_529_traffic_scan_env2025_seed0-499_48352cd1,387,44,31,1,2
20260912_215351_529_traffic_scan_env2025_seed0-499_48352cd1,387,44,32,1,3
20260912_215351_529_traffic_scan_env2025_seed0-499_48352cd1,387,44,33,1,3
20260912_215351_529_traffic_scan_env2025_seed0-499_48352cd1,387,44,34,1,1
20260912_215351_529_traffic_scan_env2025_seed0-499_48352cd1,387,44,35,0,1
20260912_215351_529_traffic_scan_env2025_seed0-499_48352cd1,387,44,36,0,1
20260912_215351_529_traffic_scan_env2025_seed0-499_48352cd1,387,44,37,0,2
20260912_215351_529_traffic_scan_env2025_seed0-499_48352cd1,387,44,37,1,1
20260912_215351_529_traffic_scan_env2025_seed0-499_48352cd1,387,44,40,0,2
20260912_215351_529_traffic_scan_env2025_seed0-499_48352cd1,387,44,40,1,1
20260912_215351_529_traffic_scan_env2025_seed0-499_48352cd1,387,44,41,0,1
20260912_215351_529_traffic_scan_env2025_seed0-499_48352cd1,387,44,41,1,1
20260912_215351_529_traffic_scan_env2025_seed0-499_48352cd1,387,44,43,0,1
20260912_215351_529_traffic_scan_env2025_seed0-499_48352cd1,387,44,44,0,1
20260912_215351_529_traffic_scan_env2025_seed0-499_48352cd1,387,44,45,0,1
20260912_215351_529_traffic_scan_env2025_seed0-499_48352cd1,387,44,46,0,2
20260912_215351_529_traffic_scan_env2025_seed0-499_48352cd1,387,44,46,1,1
20260912_215351_529_traffic_scan_env2025_seed0-499_48352cd1,387,44,47,0,1
20260912_215351_529_traffic_scan_env2025_seed0-499_48352cd1,387,44,47,1,2
20260912_215351_529_traffic_scan_env2025_seed0-499_48352cd1,387,44,49,0,3
20260912_215351_529_traffic_scan_env2025_seed0-499_48352cd1,387,44,50,0,2
20260912_215351_529_traffic_scan_env2025_seed0-499_48352cd1,387,44,50,1,1
20260912_215351_529_traffic_scan_env2025_seed0-499_48352cd1,387,44,52,0,1
20260912_215351_529_traffic_scan_env2025_seed0-499_48352cd1,387,44,53,0,4
20260912_215351_529_traffic_scan_env2025_seed0-499_48352cd1,387,44,55,0,1
20260912_215351_529_traffic_scan_env2025_seed0-499_48352cd1,387,44,56,1,1
20260912_215351_529_traffic_scan_env2025_seed0-499_48352cd1,387,44,57,0,1
20260912_215351_529_traffic_scan_env2025_seed0-499_48352cd1,387,44,59,0,1
20260912_215351_529_traffic_scan_env2025_seed0-499_48352cd1,387,45,2,0,1
20260912_215351_529_traffic_scan_env2025_seed0-499_48352cd1,387,45,3,0,2
20260912_215351_529_traffic_scan_env2025_seed0-499_48352cd1,387,45,4,0,1
20260912_215351_529_traffic_scan_env2025_seed0-499_48352cd1,387,45,4,1,1
20260912_215351_529_traffic_scan_env2025_seed0-499_48352cd1,387,45,5,0,1
20260912_215351_529_traffic_scan_env2025_seed0-499_48352cd1,387,45,7,0,1
20260912_215351_529_traffic_scan_env2025_seed0-499_48352cd1,387,45,7,1,1
20260912_215351_529_traffic_scan_env2025_seed0-499_48352cd1,387,45,8,0,2
20260912_215351_529_traffic_scan_env2025_seed0-499_48352cd1,387,45,8,1,1
20260912_215351_529_traffic_scan_env2025_seed0-499_48352cd1,387,45,9,0,2
20260912_215351_529_traffic_scan_env2025_seed0-499_48352cd1,387,45,9,1,1
20260912_215351_529_traffic_scan_env2025_seed0-499_48352cd1,387,45,10,0,3
20260912_215351_529_traffic_scan_env2025_seed0-499_48352cd1,387,45,11,0,3
20260912_215351_529_traffic_scan_env2025_seed0-499_48352cd1,387,45,12,0,4
20260912_215351_529_traffic_scan_env2025_seed0-499_48352cd1,387,45,12,1,1
20260912_215351_529_traffic_scan_env2025_seed0-499_48352cd1,387,45,13,0,2
20260912_215351_529_traffic_scan_env2025_seed0-499_48352cd1,387,45,14,0,2
20260912_215351_529_traffic_scan_env2025_seed0-499_48352cd1,387,45,15,0,3
20260912_215351_529_traffic_scan_env2025_seed0-499_48352cd1,387,45,16,0,3
20260912_215351_529_traffic_scan_env2025_seed0-499_48352cd1,387,45,17,0,1
20260912_215351_529_traffic_scan_env2025_seed0-499_48352cd1,387,45,17,1,1
20260912_215351_529_traffic_scan_env2025_seed0-499_48352cd1,387,45,18,0,3
20260912_215351_529_traffic_scan_env2025_seed0-499_48352cd1,387,45,19,0,1
20260912_215351_529_traffic_scan_env2025_seed0-499_48352cd1,387,45,20,0,3
20260912_215351_529_traffic_scan_env2025_seed0-499_48352cd1,387,45,20,1,3
20260912_215351_529_traffic_scan_env2025_seed0-499_48352cd1,387,45,21,0,1
20260912_215351_529_traffic_scan_env2025_seed0-499_48352cd1,387,45,21,1,1
20260912_215351_529_traffic_scan_env2025_seed0-499_48352cd1,387,45,22,0,3
20260912_215351_529_traffic_scan_env2025_seed0-499_48352cd1,387,45,22,1,1
20260912_215351_529_traffic_scan_env2025_seed0-499_48352cd1,387,45,23,2,1
20260912_215351_529_traffic_scan_env2025_seed0-499_48352cd1,387,45,25,0,3
20260912_215351_529_traffic_scan_env2025_seed0-499_48352cd1,387,45,26,0,1
20260912_215351_529_traffic_scan_env2025_seed0-499_48352cd1,387,45,26,1,1
20260912_215351_529_traffic_scan_env2025_seed0-499_48352cd1,387,45,27,0,4
20260912_215351_529_traffic_scan_env2025_seed0-499_48352cd1,387,45,29,0,2
20260912_215351_529_traffic_scan_env2025_seed0-499_48352cd1,387,45,29,1,4
20260912_215351_529_traffic_scan_env2025_seed0-499_48352cd1,387,45,31,1,4
20260912_215351_529_traffic_scan_env2025_seed0-499_48352cd1,387,45,34,1,2
20260912_215351_529_traffic_scan_env2025_seed0-499_48352cd1,387,45,35,0,1
20260912_215351_529_traffic_scan_env2025_seed0-499_48352cd1,387,45,37,0,3
20260912_215351_529_traffic_scan_env2025_seed0-499_48352cd1,387,45,37,1,1
20260912_215351_529_traffic_scan_env2025_seed0-499_48352cd1,387,45,41,0,2
20260912_215351_529_traffic_scan_env2025_seed0-499_48352cd1,387,45,41,1,1
20260912_215351_529_traffic_scan_env2025_seed0-499_48352cd1,387,45,42,0,2
20260912_215351_529_traffic_scan_env2025_seed0-499_48352cd1,387,45,42,1,1
20260912_215351_529_traffic_scan_env2025_seed0-499_48352cd1,387,45,44,0,2
20260912_215351_529_traffic_scan_env2025_seed0-499_48352cd1,387,45,46,0,2
20260912_215351_529_traffic_scan_env2025_seed0-499_48352cd1,387,45,47,0,2
20260912_215351_529_traffic_scan_env2025_seed0-499_48352cd1,387,45,47,1,3
20260912_215351_529_traffic_scan_env2025_seed0-499_48352cd1,387,45,49,0,4
20260912_215351_529_traffic_scan_env2025_seed0-499_48352cd1,387,45,50,1,1
20260912_215351_529_traffic_scan_env2025_seed0-499_48352cd1,387,45,51,0,1
20260912_215351_529_traffic_scan_env2025_seed0-499_48352cd1,387,45,53,0,1
20260912_215351_529_traffic_scan_env2025_seed0-499_48352cd1,387,45,54,0,4
20260912_215351_529_traffic_scan_env2025_seed0-499_48352cd1,387,45,55,0,1
20260912_215351_529_traffic_scan_env2025_seed0-499_48352cd1,387,45,59,0,1
20260912_215351_529_traffic_scan_env2025_seed0-499_48352cd1,387,46,2,0,2
20260912_215351_529_traffic_scan_env2025_seed0-499_48352cd1,387,46,3,0,2
20260912_215351_529_traffic_scan_env2025_seed0-499_48352cd1,387,46,4,0,1
20260912_215351_529_traffic_scan_env2025_seed0-499_48352cd1,387,46,5,0,1
20260912_215351_529_traffic_scan_env2025_seed0-499_48352cd1,387,46,6,0,2
20260912_215351_529_traffic_scan_env2025_seed0-499_48352cd1,387,46,7,0,2
20260912_215351_529_traffic_scan_env2025_seed0-499_48352cd1,387,46,7,1,1
20260912_215351_529_traffic_scan_env2025_seed0-499_48352cd1,387,46,8,0,2
20260912_215351_529_traffic_scan_env2025_seed0-499_48352cd1,387,46,8,1,1
20260912_215351_529_traffic_scan_env2025_seed0-499_48352cd1,387,46,9,0,1
20260912_215351_529_traffic_scan_env2025_seed0-499_48352cd1,387,46,10,0,1
20260912_215351_529_traffic_scan_env2025_seed0-499_48352cd1,387,46,10,1,1
20260912_215351_529_traffic_scan_env2025_seed0-499_48352cd1,387,46,11,1,1
20260912_215351_529_traffic_scan_env2025_seed0-499_48352cd1,387,46,12,0,1
20260912_215351_529_traffic_scan_env2025_seed0-499_48352cd1,387,46,14,0,1
20260912_215351_529_traffic_scan_env2025_seed0-499_48352cd1,387,46,17,0,2
20260912_215351_529_traffic_scan_env2025_seed0-499_48352cd1,387,46,17,1,1
20260912_215351_529_traffic_scan_env2025_seed0-499_48352cd1,387,46,19,0,1
20260912_215351_529_traffic_scan_env2025_seed0-499_48352cd1,387,46,20,0,1
20260912_215351_529_traffic_scan_env2025_seed0-499_48352cd1,387,46,20,1,2
20260912_215351_529_traffic_scan_env2025_seed0-499_48352cd1,387,46,22,3,1
20260912_215351_529_traffic_scan_env2025_seed0-499_48352cd1,387,46,23,0,3
20260912_215351_529_traffic_scan_env2025_seed0-499_48352cd1,387,46,23,1,1
20260912_215351_529_traffic_scan_env2025_seed0-499_48352cd1,387,46,24,0,3
20260912_215351_529_traffic_scan_env2025_seed0-499_48352cd1,387,46,26,0,2
20260912_215351_529_traffic_scan_env2025_seed0-499_48352cd1,387,46,26,1,1
20260912_215351_529_traffic_scan_env2025_seed0-499_48352cd1,387,46,27,0,1
20260912_215351_529_traffic_scan_env2025_seed0-499_48352cd1,387,46,28,1,2
20260912_215351_529_traffic_scan_env2025_seed0-499_48352cd1,387,46,30,0,2
20260912_215351_529_traffic_scan_env2025_seed0-499_48352cd1,387,46,30,1,2
20260912_215351_529_traffic_scan_env2025_seed0-499_48352cd1,387,46,31,1,2
20260912_215351_529_traffic_scan_env2025_seed0-499_48352cd1,387,46,34,0,1
20260912_215351_529_traffic_scan_env2025_seed0-499_48352cd1,387,46,35,1,2
20260912_215351_529_traffic_scan_env2025_seed0-499_48352cd1,387,46,37,0,1
20260912_215351_529_traffic_scan_env2025_seed0-499_48352cd1,387,46,37,1,1
20260912_215351_529_traffic_scan_env2025_seed0-499_48352cd1,387,46,38,0,2
20260912_215351_529_traffic_scan_env2025_seed0-499_48352cd1,387,46,39,0,1
20260912_215351_529_traffic_scan_env2025_seed0-499_48352cd1,387,46,40,0,1
20260912_215351_529_traffic_scan_env2025_seed0-499_48352cd1,387,46,42,0,1
20260912_215351_529_traffic_scan_env2025_seed0-499_48352cd1,387,46,42,1,1
20260912_215351_529_traffic_scan_env2025_seed0-499_48352cd1,387,46,43,0,2
20260912_215351_529_traffic_scan_env2025_seed0-499_48352cd1,387,46,43,1,1
20260912_215351_529_traffic_scan_env2025_seed0-499_48352cd1,387,46,44,0,2
20260912_215351_529_traffic_scan_env2025_seed0-499_48352cd1,387,46,45,0,2
20260912_215351_529_traffic_scan_env2025_seed0-499_48352cd1,387,46,46,0,3
20260912_215351_529_traffic_scan_env2025_seed0-499_48352cd1,387,46,47,0,3
20260912_215351_529_traffic_scan_env2025_seed0-499_48352cd1,387,46,47,1,1
20260912_215351_529_traffic_scan_env2025_seed0-499_48352cd1,387,46,48,0,3
20260912_215351_529_traffic_scan_env2025_seed0-499_48352cd1,387,46,48,1,1
20260912_215351_529_traffic_scan_env2025_seed0-499_48352cd1,387,46,49,0,1
20260912_215351_529_traffic_scan_env2025_seed0-499_48352cd1,387,46,50,0,4
20260912_215351_529_traffic_scan_env2025_seed0-499_48352cd1,387,46,50,1,1
20260912_215351_529_traffic_scan_env2025_seed0-499_48352cd1,387,46,51,0,2
20260912_215351_529_traffic_scan_env2025_seed0-499_48352cd1,387,46,53,0,1
20260912_215351_529_traffic_scan_env2025_seed0-499_48352cd1,387,46,54,0,1
20260912_215351_529_traffic_scan_env2025_seed0-499_48352cd1,387,46,55,0,2
20260912_215351_529_traffic_scan_env2025_seed0-499_48352cd1,387,46,59,0,1
20260912_215351_529_traffic_scan_env2025_seed0-499_48352cd1,387,47,2,0,2
20260912_215351_529_traffic_scan_env2025_seed0-499_48352cd1,387,47,6,0,1
20260912_215351_529_traffic_scan_env2025_seed0-499_48352cd1,387,47,7,0,1
20260912_215351_529_traffic_scan_env2025_seed0-499_48352cd1,387,47,7,1,1
20260912_215351_529_traffic_scan_env2025_seed0-499_48352cd1,387,47,8,1,1
20260912_215351_529_traffic_scan_env2025_seed0-499_48352cd1,387,47,10,0,2
20260912_215351_529_traffic_scan_env2025_seed0-499_48352cd1,387,47,11,1,1
20260912_215351_529_traffic_scan_env2025_seed0-499_48352cd1,387,47,12,0,1
20260912_215351_529_traffic_scan_env2025_seed0-499_48352cd1,387,47,13,0,1
20260912_215351_529_traffic_scan_env2025_seed0-499_48352cd1,387,47,16,0,1
20260912_215351_529_traffic_scan_env2025_seed0-499_48352cd1,387,47,17,1,1
20260912_215351_529_traffic_scan_env2025_seed0-499_48352cd1,387,47,18,0,1
20260912_215351_529_traffic_scan_env2025_seed0-499_48352cd1,387,47,20,0,1
20260912_215351_529_traffic_scan_env2025_seed0-499_48352cd1,387,47,20,1,2
20260912_215351_529_traffic_scan_env2025_seed0-499_48352cd1,387,47,21,3,1
20260912_215351_529_traffic_scan_env2025_seed0-499_48352cd1,387,47,23,0,2
20260912_215351_529_traffic_scan_env2025_seed0-499_48352cd1,387,47,24,0,1
20260912_215351_529_traffic_scan_env2025_seed0-499_48352cd1,387,47,24,1,1
20260912_215351_529_traffic_scan_env2025_seed0-499_48352cd1,387,47,25,0,2
20260912_215351_529_traffic_scan_env2025_seed0-499_48352cd1,387,47,26,0,1
20260912_215351_529_traffic_scan_env2025_seed0-499_48352cd1,387,47,27,1,2
20260912_215351_529_traffic_scan_env2025_seed0-499_48352cd1,387,47,31,0,2
20260912_215351_529_traffic_scan_env2025_seed0-499_48352cd1,387,47,31,1,2
20260912_215351_529_traffic_scan_env2025_seed0-499_48352cd1,387,47,32,1,2
20260912_215351_529_traffic_scan_env2025_seed0-499_48352cd1,387,47,33,0,1
20260912_215351_529_traffic_scan_env2025_seed0-499_48352cd1,387,47,36,1,2
20260912_215351_529_traffic_scan_env2025_seed0-499_48352cd1,387,47,37,0,1
20260912_215351_529_traffic_scan_env2025_seed0-499_48352cd1,387,47,37,1,4
20260912_215351_529_traffic_scan_env2025_seed0-499_48352cd1,387,47,38,1,4
20260912_215351_529_traffic_scan_env2025_seed0-499_48352cd1,387,47,39,2,4
20260912_215351_529_traffic_scan_env2025_seed0-499_48352cd1,387,47,40,2,2
20260912_215351_529_traffic_scan_env2025_seed0-499_48352cd1,387,47,41,0,1
20260912_215351_529_traffic_scan_env2025_seed0-499_48352cd1,387,47,41,1,2
20260912_215351_529_traffic_scan_env2025_seed0-499_48352cd1,387,47,42,1,2
20260912_215351_529_traffic_scan_env2025_seed0-499_48352cd1,387,47,43,0,1
20260912_215351_529_traffic_scan_env2025_seed0-499_48352cd1,387,47,43,1,3
20260912_215351_529_traffic_scan_env2025_seed0-499_48352cd1,387,47,44,0,1
20260912_215351_529_traffic_scan_env2025_seed0-499_48352cd1,387,47,44,1,3
20260912_215351_529_traffic_scan_env2025_seed0-499_48352cd1,387,47,45,1,2
20260912_215351_529_traffic_scan_env2025_seed0-499_48352cd1,387,47,46,0,3
20260912_215351_529_traffic_scan_env2025_seed0-499_48352cd1,387,47,46,1,2
20260912_215351_529_traffic_scan_env2025_seed0-499_48352cd1,387,47,47,0,3
20260912_215351_529_traffic_scan_env2025_seed0-499_48352cd1,387,47,47,1,2
20260912_215351_529_traffic_scan_env2025_seed0-499_48352cd1,387,47,48,0,2
20260912_215351_529_traffic_scan_env2025_seed0-499_48352cd1,387,47,48,1,1
20260912_215351_529_traffic_scan_env2025_seed0-499_48352cd1,387,47,49,0,2
20260912_215351_529_traffic_scan_env2025_seed0-499_48352cd1,387,47,49,1,1
20260912_215351_529_traffic_scan_env2025_seed0-499_48352cd1,387,47,50,0,1
20260912_215351_529_traffic_scan_env2025_seed0-499_48352cd1,387,47,50,1,1
20260912_215351_529_traffic_scan_env2025_seed0-499_48352cd1,387,47,51,0,4
20260912_215351_529_traffic_scan_env2025_seed0-499_48352cd1,387,47,53,0,1
20260912_215351_529_traffic_scan_env2025_seed0-499_48352cd1,387,47,54,0,1
20260912_215351_529_traffic_scan_env2025_seed0-499_48352cd1,387,47,56,0,2
20260912_215351_529_traffic_scan_env2025_seed0-499_48352cd1,387,47,59,0,1
20260912_215351_529_traffic_scan_env2025_seed0-499_48352cd1,387,48,1,0,1
20260912_215351_529_traffic_scan_env2025_seed0-499_48352cd1,387,48,2,0,1
20260912_215351_529_traffic_scan_env2025_seed0-499_48352cd1,387,48,5,0,1
20260912_215351_529_traffic_scan_env2025_seed0-499_48352cd1,387,48,6,0,1
20260912_215351_529_traffic_scan_env2025_seed0-499_48352cd1,387,48,7,0,1
20260912_215351_529_traffic_scan_env2025_seed0-499_48352cd1,387,48,7,1,1
20260912_215351_529_traffic_scan_env2025_seed0-499_48352cd1,387,48,9,0,1
20260912_215351_529_traffic_scan_env2025_seed0-499_48352cd1,387,48,10,0,1
20260912_215351_529_traffic_scan_env2025_seed0-499_48352cd1,387,48,12,0,2
20260912_215351_529_traffic_scan_env2025_seed0-499_48352cd1,387,48,12,1,1
20260912_215351_529_traffic_scan_env2025_seed0-499_48352cd1,387,48,14,1,1
20260912_215351_529_traffic_scan_env2025_seed0-499_48352cd1,387,48,15,0,1
20260912_215351_529_traffic_scan_env2025_seed0-499_48352cd1,387,48,15,1,1
20260912_215351_529_traffic_scan_env2025_seed0-499_48352cd1,387,48,16,2,1
20260912_215351_529_traffic_scan_env2025_seed0-499_48352cd1,387,48,17,0,1
20260912_215351_529_traffic_scan_env2025_seed0-499_48352cd1,387,48,17,1,2
20260912_215351_529_traffic_scan_env2025_seed0-499_48352cd1,387,48,18,1,1
20260912_215351_529_traffic_scan_env2025_seed0-499_48352cd1,387,48,19,1,1
20260912_215351_529_traffic_scan_env2025_seed0-499_48352cd1,387,48,20,0,2
20260912_215351_529_traffic_scan_env2025_seed0-499_48352cd1,387,48,20,1,2
20260912_215351_529_traffic_scan_env2025_seed0-499_48352cd1,387,48,20,2,1
20260912_215351_529_traffic_scan_env2025_seed0-499_48352cd1,387,48,21,0,2
20260912_215351_529_traffic_scan_env2025_seed0-499_48352cd1,387,48,21,1,1
20260912_215351_529_traffic_scan_env2025_seed0-499_48352cd1,387,48,22,0,1
20260912_215351_529_traffic_scan_env2025_seed0-499_48352cd1,387,48,22,1,1
20260912_215351_529_traffic_scan_env2025_seed0-499_48352cd1,387,48,23,1,1
20260912_215351_529_traffic_scan_env2025_seed0-499_48352cd1,387,48,24,0,2
20260912_215351_529_traffic_scan_env2025_seed0-499_48352cd1,387,48,24,1,1
20260912_215351_529_traffic_scan_env2025_seed0-499_48352cd1,387,48,25,0,2
20260912_215351_529_traffic_scan_env2025_seed0-499_48352cd1,387,48,25,1,2
20260912_215351_529_traffic_scan_env2025_seed0-499_48352cd1,387,48,26,0,3
20260912_215351_529_traffic_scan_env2025_seed0-499_48352cd1,387,48,26,1,1
20260912_215351_529_traffic_scan_env2025_seed0-499_48352cd1,387,48,27,1,1
20260912_215351_529_traffic_scan_env2025_seed0-499_48352cd1,387,48,28,1,1
20260912_215351_529_traffic_scan_env2025_seed0-499_48352cd1,387,48,29,1,1
20260912_215351_529_traffic_scan_env2025_seed0-499_48352cd1,387,48,30,1,1
20260912_215351_529_traffic_scan_env2025_seed0-499_48352cd1,387,48,31,1,1
20260912_215351_529_traffic_scan_env2025_seed0-499_48352cd1,387,48,32,0,3
20260912_215351_529_traffic_scan_env2025_seed0-499_48352cd1,387,48,32,1,3
20260912_215351_529_traffic_scan_env2025_seed0-499_48352cd1,387,48,33,1,3
20260912_215351_529_traffic_scan_env2025_seed0-499_48352cd1,387,48,34,2,1
20260912_215351_529_traffic_scan_env2025_seed0-499_48352cd1,387,48,35,1,1
20260912_215351_529_traffic_scan_env2025_seed0-499_48352cd1,387,48,36,0,2
20260912_215351_529_traffic_scan_env2025_seed0-499_48352cd1,387,48,36,1,1
20260912_215351_529_traffic_scan_env2025_seed0-499_48352cd1,387,48,40,2,2
20260912_215351_529_traffic_scan_env2025_seed0-499_48352cd1,387,48,41,0,1
20260912_215351_529_traffic_scan_env2025_seed0-499_48352cd1,387,48,44,0,1
20260912_215351_529_traffic_scan_env2025_seed0-499_48352cd1,387,48,44,1,1
20260912_215351_529_traffic_scan_env2025_seed0-499_48352cd1,387,48,45,0,1
20260912_215351_529_traffic_scan_env2025_seed0-499_48352cd1,387,48,45,1,1
20260912_215351_529_traffic_scan_env2025_seed0-499_48352cd1,387,48,46,0,3
20260912_215351_529_traffic_scan_env2025_seed0-499_48352cd1,387,48,47,0,2
20260912_215351_529_traffic_scan_env2025_seed0-499_48352cd1,387,48,47,1,1
20260912_215351_529_traffic_scan_env2025_seed0-499_48352cd1,387,48,48,0,1
20260912_215351_529_traffic_scan_env2025_seed0-499_48352cd1,387,48,49,0,3
20260912_215351_529_traffic_scan_env2025_seed0-499_48352cd1,387,48,50,0,4
20260912_215351_529_traffic_scan_env2025_seed0-499_48352cd1,387,48,50,1,1
20260912_215351_529_traffic_scan_env2025_seed0-499_48352cd1,387,48,51,0,2
20260912_215351_529_traffic_scan_env2025_seed0-499_48352cd1,387,48,52,0,6
20260912_215351_529_traffic_scan_env2025_seed0-499_48352cd1,387,48,53,0,3
20260912_215351_529_traffic_scan_env2025_seed0-499_48352cd1,387,48,54,0,3
20260912_215351_529_traffic_scan_env2025_seed0-499_48352cd1,387,48,55,0,1
20260912_215351_529_traffic_scan_env2025_seed0-499_48352cd1,387,48,56,0,1
20260912_215351_529_traffic_scan_env2025_seed0-499_48352cd1,387,48,57,0,3
20260912_215351_529_traffic_scan_env2025_seed0-499_48352cd1,387,48,59,0,1
20260912_215351_529_traffic_scan_env2025_seed0-499_48352cd1,387,49,0,0,1
20260912_215351_529_traffic_scan_env2025_seed0-499_48352cd1,387,49,2,0,1
20260912_215351_529_traffic_scan_env2025_seed0-499_48352cd1,387,49,5,0,2
20260912_215351_529_traffic_scan_env2025_seed0-499_48352cd1,387,49,7,0,1
20260912_215351_529_traffic_scan_env2025_seed0-499_48352cd1,387,49,8,0,1
20260912_215351_529_traffic_scan_env2025_seed0-499_48352cd1,387,49,8,1,1
20260912_215351_529_traffic_scan_env2025_seed0-499_48352cd1,387,49,10,0,1
20260912_215351_529_traffic_scan_env2025_seed0-499_48352cd1,387,49,11,0,1
20260912_215351_529_traffic_scan_env2025_seed0-499_48352cd1,387,49,12,0,2
20260912_215351_529_traffic_scan_env2025_seed0-499_48352cd1,387,49,13,1,2
20260912_215351_529_traffic_scan_env2025_seed0-499_48352cd1,387,49,16,0,1
20260912_215351_529_traffic_scan_env2025_seed0-499_48352cd1,387,49,17,0,1
20260912_215351_529_traffic_scan_env2025_seed0-499_48352cd1,387,49,19,1,1
20260912_215351_529_traffic_scan_env2025_seed0-499_48352cd1,387,49,20,0,1
20260912_215351_529_traffic_scan_env2025_seed0-499_48352cd1,387,49,21,0,2
20260912_215351_529_traffic_scan_env2025_seed0-499_48352cd1,387,49,23,0,1
20260912_215351_529_traffic_scan_env2025_seed0-499_48352cd1,387,49,25,0,4
20260912_215351_529_traffic_scan_env2025_seed0-499_48352cd1,387,49,26,0,2
20260912_215351_529_traffic_scan_env2025_seed0-499_48352cd1,387,49,26,1,1
20260912_215351_529_traffic_scan_env2025_seed0-499_48352cd1,387,49,31,0,1
20260912_215351_529_traffic_scan_env2025_seed0-499_48352cd1,387,49,33,0,2
20260912_215351_529_traffic_scan_env2025_seed0-499_48352cd1,387,49,33,1,2
20260912_215351_529_traffic_scan_env2025_seed0-499_48352cd1,387,49,34,0,1
20260912_215351_529_traffic_scan_env2025_seed0-499_48352cd1,387,49,34,1,1
20260912_215351_529_traffic_scan_env2025_seed0-499_48352cd1,387,49,36,0,2
20260912_215351_529_traffic_scan_env2025_seed0-499_48352cd1,387,49,40,2,1
20260912_215351_529_traffic_scan_env2025_seed0-499_48352cd1,387,49,41,0,1
20260912_215351_529_traffic_scan_env2025_seed0-499_48352cd1,387,49,41,1,1
20260912_215351_529_traffic_scan_env2025_seed0-499_48352cd1,387,49,45,0,3
20260912_215351_529_traffic_scan_env2025_seed0-499_48352cd1,387,49,45,1,1
20260912_215351_529_traffic_scan_env2025_seed0-499_48352cd1,387,49,46,0,2
20260912_215351_529_traffic_scan_env2025_seed0-499_48352cd1,387,49,46,1,2
20260912_215351_529_traffic_scan_env2025_seed0-499_48352cd1,387,49,46,2,1
20260912_215351_529_traffic_scan_env2025_seed0-499_48352cd1,387,49,47,0,1
20260912_215351_529_traffic_scan_env2025_seed0-499_48352cd1,387,49,47,1,2
20260912_215351_529_traffic_scan_env2025_seed0-499_48352cd1,387,49,48,0,1
20260912_215351_529_traffic_scan_env2025_seed0-499_48352cd1,387,49,50,0,1
20260912_215351_529_traffic_scan_env2025_seed0-499_48352cd1,387,49,50,1,1
20260912_215351_529_traffic_scan_env2025_seed0-499_48352cd1,387,49,51,0,2
20260912_215351_529_traffic_scan_env2025_seed0-499_48352cd1,387,49,53,0,5
20260912_215351_529_traffic_scan_env2025_seed0-499_48352cd1,387,49,54,0,1
20260912_215351_529_traffic_scan_env2025_seed0-499_48352cd1,387,49,58,0,2
20260912_215351_529_traffic_scan_env2025_seed0-499_48352cd1,387,49,59,0,1
20260912_215351_529_traffic_scan_env2025_seed0-499_48352cd1,387,50,0,0,1
20260912_215351_529_traffic_scan_env2025_seed0-499_48352cd1,387,50,2,0,1
20260912_215351_529_traffic_scan_env2025_seed0-499_48352cd1,387,50,4,0,1
20260912_215351_529_traffic_scan_env2025_seed0-499_48352cd1,387,50,7,0,2
20260912_215351_529_traffic_scan_env2025_seed0-499_48352cd1,387,50,8,1,1
20260912_215351_529_traffic_scan_env2025_seed0-499_48352cd1,387,50,10,0,2
20260912_215351_529_traffic_scan_env2025_seed0-499_48352cd1,387,50,12,0,1
20260912_215351_529_traffic_scan_env2025_seed0-499_48352cd1,387,50,14,0,1
20260912_215351_529_traffic_scan_env2025_seed0-499_48352cd1,387,50,15,0,1
20260912_215351_529_traffic_scan_env2025_seed0-499_48352cd1,387,50,17,0,1
20260912_215351_529_traffic_scan_env2025_seed0-499_48352cd1,387,50,18,1,1
20260912_215351_529_traffic_scan_env2025_seed0-499_48352cd1,387,50,20,0,1
20260912_215351_529_traffic_scan_env2025_seed0-499_48352cd1,387,50,21,0,2
20260912_215351_529_traffic_scan_env2025_seed0-499_48352cd1,387,50,22,0,1
20260912_215351_529_traffic_scan_env2025_seed0-499_48352cd1,387,50,24,0,2
20260912_215351_529_traffic_scan_env2025_seed0-499_48352cd1,387,50,25,0,1
20260912_215351_529_traffic_scan_env2025_seed0-499_48352cd1,387,50,26,0,2
20260912_215351_529_traffic_scan_env2025_seed0-499_48352cd1,387,50,27,0,1
20260912_215351_529_traffic_scan_env2025_seed0-499_48352cd1,387,50,27,1,1
20260912_215351_529_traffic_scan_env2025_seed0-499_48352cd1,387,50,30,0,1
20260912_215351_529_traffic_scan_env2025_seed0-499_48352cd1,387,50,34,0,2
20260912_215351_529_traffic_scan_env2025_seed0-499_48352cd1,387,50,34,1,2
20260912_215351_529_traffic_scan_env2025_seed0-499_48352cd1,387,50,35,1,2
20260912_215351_529_traffic_scan_env2025_seed0-499_48352cd1,387,50,37,0,2
20260912_215351_529_traffic_scan_env2025_seed0-499_48352cd1,387,50,40,2,1
20260912_215351_529_traffic_scan_env2025_seed0-499_48352cd1,387,50,42,0,1
20260912_215351_529_traffic_scan_env2025_seed0-499_48352cd1,387,50,42,1,1
20260912_215351_529_traffic_scan_env2025_seed0-499_48352cd1,387,50,44,0,3
20260912_215351_529_traffic_scan_env2025_seed0-499_48352cd1,387,50,46,3,1
20260912_215351_529_traffic_scan_env2025_seed0-499_48352cd1,387,50,48,0,3
20260912_215351_529_traffic_scan_env2025_seed0-499_48352cd1,387,50,49,0,1
20260912_215351_529_traffic_scan_env2025_seed0-499_48352cd1,387,50,50,1,1
20260912_215351_529_traffic_scan_env2025_seed0-499_48352cd1,387,50,51,0,1
20260912_215351_529_traffic_scan_env2025_seed0-499_48352cd1,387,50,52,0,2
20260912_215351_529_traffic_scan_env2025_seed0-499_48352cd1,387,50,53,0,1
20260912_215351_529_traffic_scan_env2025_seed0-499_48352cd1,387,50,54,0,4
20260912_215351_529_traffic_scan_env2025_seed0-499_48352cd1,387,50,59,0,1
20260912_215351_529_traffic_scan_env2025_seed0-499_48352cd1,387,51,0,0,1
20260912_215351_529_traffic_scan_env2025_seed0-499_48352cd1,387,51,6,0,1
20260912_215351_529_traffic_scan_env2025_seed0-499_48352cd1,387,51,8,0,2
20260912_215351_529_traffic_scan_env2025_seed0-499_48352cd1,387,51,9,0,1
20260912_215351_529_traffic_scan_env2025_seed0-499_48352cd1,387,51,10,0,1
20260912_215351_529_traffic_scan_env2025_seed0-499_48352cd1,387,51,12,0,1
20260912_215351_529_traffic_scan_env2025_seed0-499_48352cd1,387,51,14,0,1
20260912_215351_529_traffic_scan_env2025_seed0-499_48352cd1,387,51,15,0,1
20260912_215351_529_traffic_scan_env2025_seed0-499_48352cd1,387,51,17,0,1
20260912_215351_529_traffic_scan_env2025_seed0-499_48352cd1,387,51,17,1,1
20260912_215351_529_traffic_scan_env2025_seed0-499_48352cd1,387,51,20,0,1
20260912_215351_529_traffic_scan_env2025_seed0-499_48352cd1,387,51,21,1,3
20260912_215351_529_traffic_scan_env2025_seed0-499_48352cd1,387,51,23,0,2
20260912_215351_529_traffic_scan_env2025_seed0-499_48352cd1,387,51,25,1,1
20260912_215351_529_traffic_scan_env2025_seed0-499_48352cd1,387,51,26,0,1
20260912_215351_529_traffic_scan_env2025_seed0-499_48352cd1,387,51,27,0,1
20260912_215351_529_traffic_scan_env2025_seed0-499_48352cd1,387,51,28,0,1
20260912_215351_529_traffic_scan_env2025_seed0-499_48352cd1,387,51,28,1,1
20260912_215351_529_traffic_scan_env2025_seed0-499_48352cd1,387,51,29,0,1
20260912_215351_529_traffic_scan_env2025_seed0-499_48352cd1,387,51,35,0,2
20260912_215351_529_traffic_scan_env2025_seed0-499_48352cd1,387,51,35,1,2
20260912_215351_529_traffic_scan_env2025_seed0-499_48352cd1,387,51,36,0,2
20260912_215351_529_traffic_scan_env2025_seed0-499_48352cd1,387,51,38,0,1
20260912_215351_529_traffic_scan_env2025_seed0-499_48352cd1,387,51,40,1,1
20260912_215351_529_traffic_scan_env2025_seed0-499_48352cd1,387,51,43,0,2
20260912_215351_529_traffic_scan_env2025_seed0-499_48352cd1,387,51,43,1,1
20260912_215351_529_traffic_scan_env2025_seed0-499_48352cd1,387,51,44,0,1
20260912_215351_529_traffic_scan_env2025_seed0-499_48352cd1,387,51,45,0,1
20260912_215351_529_traffic_scan_env2025_seed0-499_48352cd1,387,51,46,3,1
20260912_215351_529_traffic_scan_env2025_seed0-499_48352cd1,387,51,48,0,1
20260912_215351_529_traffic_scan_env2025_seed0-499_48352cd1,387,51,49,0,2
20260912_215351_529_traffic_scan_env2025_seed0-499_48352cd1,387,51,50,0,1
20260912_215351_529_traffic_scan_env2025_seed0-499_48352cd1,387,51,50,1,1
20260912_215351_529_traffic_scan_env2025_seed0-499_48352cd1,387,51,52,0,1
20260912_215351_529_traffic_scan_env2025_seed0-499_48352cd1,387,51,53,0,2
20260912_215351_529_traffic_scan_env2025_seed0-499_48352cd1,387,51,54,0,2
20260912_215351_529_traffic_scan_env2025_seed0-499_48352cd1,387,51,55,0,2
20260912_215351_529_traffic_scan_env2025_seed0-499_48352cd1,387,51,56,0,1
20260912_215351_529_traffic_scan_env2025_seed0-499_48352cd1,387,51,59,0,1
20260912_215351_529_traffic_scan_env2025_seed0-499_48352cd1,387,52,0,0,1
20260912_215351_529_traffic_scan_env2025_seed0-499_48352cd1,387,52,8,0,1
20260912_215351_529_traffic_scan_env2025_seed0-499_48352cd1,387,52,9,0,1
20260912_215351_529_traffic_scan_env2025_seed0-499_48352cd1,387,52,10,0,1
20260912_215351_529_traffic_scan_env2025_seed0-499_48352cd1,387,52,12,0,1
20260912_215351_529_traffic_scan_env2025_seed0-499_48352cd1,387,52,13,0,1
20260912_215351_529_traffic_scan_env2025_seed0-499_48352cd1,387,52,16,0,1
20260912_215351_529_traffic_scan_env2025_seed0-499_48352cd1,387,52,16,1,1
20260912_215351_529_traffic_scan_env2025_seed0-499_48352cd1,387,52,17,0,1
20260912_215351_529_traffic_scan_env2025_seed0-499_48352cd1,387,52,20,0,1
20260912_215351_529_traffic_scan_env2025_seed0-499_48352cd1,387,52,20,1,1
20260912_215351_529_traffic_scan_env2025_seed0-499_48352cd1,387,52,21,0,2
20260912_215351_529_traffic_scan_env2025_seed0-499_48352cd1,387,52,22,0,2
20260912_215351_529_traffic_scan_env2025_seed0-499_48352cd1,387,52,25,2,1
20260912_215351_529_traffic_scan_env2025_seed0-499_48352cd1,387,52,27,0,1
20260912_215351_529_traffic_scan_env2025_seed0-499_48352cd1,387,52,28,0,1
20260912_215351_529_traffic_scan_env2025_seed0-499_48352cd1,387,52,29,0,1
20260912_215351_529_traffic_scan_env2025_seed0-499_48352cd1,387,52,29,1,1
20260912_215351_529_traffic_scan_env2025_seed0-499_48352cd1,387,52,36,0,2
20260912_215351_529_traffic_scan_env2025_seed0-499_48352cd1,387,52,36,1,2
20260912_215351_529_traffic_scan_env2025_seed0-499_48352cd1,387,52,37,0,2
20260912_215351_529_traffic_scan_env2025_seed0-499_48352cd1,387,52,37,1,1
20260912_215351_529_traffic_scan_env2025_seed0-499_48352cd1,387,52,38,1,2
20260912_215351_529_traffic_scan_env2025_seed0-499_48352cd1,387,52,40,1,1
20260912_215351_529_traffic_scan_env2025_seed0-499_48352cd1,387,52,42,0,1
20260912_215351_529_traffic_scan_env2025_seed0-499_48352cd1,387,52,43,0,1
20260912_215351_529_traffic_scan_env2025_seed0-499_48352cd1,387,52,44,0,1
20260912_215351_529_traffic_scan_env2025_seed0-499_48352cd1,387,52,44,1,1
20260912_215351_529_traffic_scan_env2025_seed0-499_48352cd1,387,52,46,0,1
20260912_215351_529_traffic_scan_env2025_seed0-499_48352cd1,387,52,46,2,1
20260912_215351_529_traffic_scan_env2025_seed0-499_48352cd1,387,52,47,0,1
20260912_215351_529_traffic_scan_env2025_seed0-499_48352cd1,387,52,48,0,1
20260912_215351_529_traffic_scan_env2025_seed0-499_48352cd1,387,52,49,0,1
20260912_215351_529_traffic_scan_env2025_seed0-499_48352cd1,387,52,50,0,2
20260912_215351_529_traffic_scan_env2025_seed0-499_48352cd1,387,52,50,1,1
20260912_215351_529_traffic_scan_env2025_seed0-499_48352cd1,387,52,51,0,1
20260912_215351_529_traffic_scan_env2025_seed0-499_48352cd1,387,52,52,0,1
20260912_215351_529_traffic_scan_env2025_seed0-499_48352cd1,387,52,53,0,1
20260912_215351_529_traffic_scan_env2025_seed0-499_48352cd1,387,52,54,0,2
20260912_215351_529_traffic_scan_env2025_seed0-499_48352cd1,387,52,56,0,1
20260912_215351_529_traffic_scan_env2025_seed0-499_48352cd1,387,52,57,0,1
20260912_215351_529_traffic_scan_env2025_seed0-499_48352cd1,387,52,59,0,1
20260912_215351_529_traffic_scan_env2025_seed0-499_48352cd1,387,53,0,0,1
20260912_215351_529_traffic_scan_env2025_seed0-499_48352cd1,387,53,5,0,1
20260912_215351_529_traffic_scan_env2025_seed0-499_48352cd1,387,53,8,0,1
20260912_215351_529_traffic_scan_env2025_seed0-499_48352cd1,387,53,9,0,1
20260912_215351_529_traffic_scan_env2025_seed0-499_48352cd1,387,53,9,1,1
20260912_215351_529_traffic_scan_env2025_seed0-499_48352cd1,387,53,10,0,1
20260912_215351_529_traffic_scan_env2025_seed0-499_48352cd1,387,53,10,1,1
20260912_215351_529_traffic_scan_env2025_seed0-499_48352cd1,387,53,11,1,1
20260912_215351_529_traffic_scan_env2025_seed0-499_48352cd1,387,53,12,1,1
20260912_215351_529_traffic_scan_env2025_seed0-499_48352cd1,387,53,13,1,1
20260912_215351_529_traffic_scan_env2025_seed0-499_48352cd1,387,53,14,1,1
20260912_215351_529_traffic_scan_env2025_seed0-499_48352cd1,387,53,15,1,1
20260912_215351_529_traffic_scan_env2025_seed0-499_48352cd1,387,53,17,0,3
20260912_215351_529_traffic_scan_env2025_seed0-499_48352cd1,387,53,18,0,1
20260912_215351_529_traffic_scan_env2025_seed0-499_48352cd1,387,53,19,0,1
20260912_215351_529_traffic_scan_env2025_seed0-499_48352cd1,387,53,19,1,1
20260912_215351_529_traffic_scan_env2025_seed0-499_48352cd1,387,53,20,0,1
20260912_215351_529_traffic_scan_env2025_seed0-499_48352cd1,387,53,21,0,5
20260912_215351_529_traffic_scan_env2025_seed0-499_48352cd1,387,53,22,0,1
20260912_215351_529_traffic_scan_env2025_seed0-499_48352cd1,387,53,23,0,1
20260912_215351_529_traffic_scan_env2025_seed0-499_48352cd1,387,53,24,0,1
20260912_215351_529_traffic_scan_env2025_seed0-499_48352cd1,387,53,25,2,1
20260912_215351_529_traffic_scan_env2025_seed0-499_48352cd1,387,53,27,0,1
20260912_215351_529_traffic_scan_env2025_seed0-499_48352cd1,387,53,29,0,1
20260912_215351_529_traffic_scan_env2025_seed0-499_48352cd1,387,53,30,0,1
20260912_215351_529_traffic_scan_env2025_seed0-499_48352cd1,387,53,30,1,1
20260912_215351_529_traffic_scan_env2025_seed0-499_48352cd1,387,53,32,0,1
20260912_215351_529_traffic_scan_env2025_seed0-499_48352cd1,387,53,33,0,1
20260912_215351_529_traffic_scan_env2025_seed0-499_48352cd1,387,53,34,0,1
20260912_215351_529_traffic_scan_env2025_seed0-499_48352cd1,387,53,35,0,1
20260912_215351_529_traffic_scan_env2025_seed0-499_48352cd1,387,53,36,0,1
20260912_215351_529_traffic_scan_env2025_seed0-499_48352cd1,387,53,37,0,4
20260912_215351_529_traffic_scan_env2025_seed0-499_48352cd1,387,53,37,1,1
20260912_215351_529_traffic_scan_env2025_seed0-499_48352cd1,387,53,38,0,3
20260912_215351_529_traffic_scan_env2025_seed0-499_48352cd1,387,53,39,0,2
20260912_215351_529_traffic_scan_env2025_seed0-499_48352cd1,387,53,40,0,3
20260912_215351_529_traffic_scan_env2025_seed0-499_48352cd1,387,53,41,0,3
20260912_215351_529_traffic_scan_env2025_seed0-499_48352cd1,387,53,42,0,3
20260912_215351_529_traffic_scan_env2025_seed0-499_48352cd1,387,53,43,0,2
20260912_215351_529_traffic_scan_env2025_seed0-499_48352cd1,387,53,44,0,2
20260912_215351_529_traffic_scan_env2025_seed0-499_48352cd1,387,53,45,0,3
20260912_215351_529_traffic_scan_env2025_seed0-499_48352cd1,387,53,45,1,1
20260912_215351_529_traffic_scan_env2025_seed0-499_48352cd1,387,53,46,0,3
20260912_215351_529_traffic_scan_env2025_seed0-499_48352cd1,387,53,46,1,2
20260912_215351_529_traffic_scan_env2025_seed0-499_48352cd1,387,53,47,0,3
20260912_215351_529_traffic_scan_env2025_seed0-499_48352cd1,387,53,47,1,1
20260912_215351_529_traffic_scan_env2025_seed0-499_48352cd1,387,53,50,0,3
20260912_215351_529_traffic_scan_env2025_seed0-499_48352cd1,387,53,51,0,3
20260912_215351_529_traffic_scan_env2025_seed0-499_48352cd1,387,53,52,0,2
20260912_215351_529_traffic_scan_env2025_seed0-499_48352cd1,387,53,53,0,2
20260912_215351_529_traffic_scan_env2025_seed0-499_48352cd1,387,53,54,0,2
20260912_215351_529_traffic_scan_env2025_seed0-499_48352cd1,387,53,55,0,2
20260912_215351_529_traffic_scan_env2025_seed0-499_48352cd1,387,53,56,0,1
20260912_215351_529_traffic_scan_env2025_seed0-499_48352cd1,387,53,57,0,2
20260912_215351_529_traffic_scan_env2025_seed0-499_48352cd1,387,53,59,0,1
20260912_215351_529_traffic_scan_env2025_seed0-499_48352cd1,387,54,0,0,1
20260912_215351_529_traffic_scan_env2025_seed0-499_48352cd1,387,54,1,0,1
20260912_215351_529_traffic_scan_env2025_seed0-499_48352cd1,387,54,1,1,1
20260912_215351_529_traffic_scan_env2025_seed0-499_48352cd1,387,54,2,2,1
20260912_215351_529_traffic_scan_env2025_seed0-499_48352cd1,387,54,3,2,1
20260912_215351_529_traffic_scan_env2025_seed0-499_48352cd1,387,54,4,1,1
20260912_215351_529_traffic_scan_env2025_seed0-499_48352cd1,387,54,6,0,1
20260912_215351_529_traffic_scan_env2025_seed0-499_48352cd1,387,54,7,0,2
20260912_215351_529_traffic_scan_env2025_seed0-499_48352cd1,387,54,8,0,3
20260912_215351_529_traffic_scan_env2025_seed0-499_48352cd1,387,54,9,0,2
20260912_215351_529_traffic_scan_env2025_seed0-499_48352cd1,387,54,10,0,1
20260912_215351_529_traffic_scan_env2025_seed0-499_48352cd1,387,54,11,0,1
20260912_215351_529_traffic_scan_env2025_seed0-499_48352cd1,387,54,12,0,1
20260912_215351_529_traffic_scan_env2025_seed0-499_48352cd1,387,54,13,0,1
20260912_215351_529_traffic_scan_env2025_seed0-499_48352cd1,387,54,14,0,1
20260912_215351_529_traffic_scan_env2025_seed0-499_48352cd1,387,54,15,0,1
20260912_215351_529_traffic_scan_env2025_seed0-499_48352cd1,387,54,16,0,1
20260912_215351_529_traffic_scan_env2025_seed0-499_48352cd1,387,54,18,0,2
20260912_215351_529_traffic_scan_env2025_seed0-499_48352cd1,387,54,18,1,1
20260912_215351_529_traffic_scan_env2025_seed0-499_48352cd1,387,54,20,0,1
20260912_215351_529_traffic_scan_env2025_seed0-499_48352cd1,387,54,21,0,2
20260912_215351_529_traffic_scan_env2025_seed0-499_48352cd1,387,54,25,0,2
20260912_215351_529_traffic_scan_env2025_seed0-499_48352cd1,387,54,25,1,1
20260912_215351_529_traffic_scan_env2025_seed0-499_48352cd1,387,54,26,0,2
20260912_215351_529_traffic_scan_env2025_seed0-499_48352cd1,387,54,27,0,1
20260912_215351_529_traffic_scan_env2025_seed0-499_48352cd1,387,54,28,0,1
20260912_215351_529_traffic_scan_env2025_seed0-499_48352cd1,387,54,29,0,1
20260912_215351_529_traffic_scan_env2025_seed0-499_48352cd1,387,54,30,0,2
20260912_215351_529_traffic_scan_env2025_seed0-499_48352cd1,387,54,31,0,2
20260912_215351_529_traffic_scan_env2025_seed0-499_48352cd1,387,54,31,1,1
20260912_215351_529_traffic_scan_env2025_seed0-499_48352cd1,387,54,37,0,1
20260912_215351_529_traffic_scan_env2025_seed0-499_48352cd1,387,54,38,0,3
20260912_215351_529_traffic_scan_env2025_seed0-499_48352cd1,387,54,38,1,1
20260912_215351_529_traffic_scan_env2025_seed0-499_48352cd1,387,54,39,0,1
20260912_215351_529_traffic_scan_env2025_seed0-499_48352cd1,387,54,40,0,2
20260912_215351_529_traffic_scan_env2025_seed0-499_48352cd1,387,54,41,0,1
20260912_215351_529_traffic_scan_env2025_seed0-499_48352cd1,387,54,46,0,2
20260912_215351_529_traffic_scan_env2025_seed0-499_48352cd1,387,54,47,0,1
20260912_215351_529_traffic_scan_env2025_seed0-499_48352cd1,387,54,48,0,1
20260912_215351_529_traffic_scan_env2025_seed0-499_48352cd1,387,54,49,0,2
20260912_215351_529_traffic_scan_env2025_seed0-499_48352cd1,387,54,51,0,2
20260912_215351_529_traffic_scan_env2025_seed0-499_48352cd1,387,54,52,0,2
20260912_215351_529_traffic_scan_env2025_seed0-499_48352cd1,387,54,53,0,3
20260912_215351_529_traffic_scan_env2025_seed0-499_48352cd1,387,54,54,0,2
20260912_215351_529_traffic_scan_env2025_seed0-499_48352cd1,387,54,55,0,1
20260912_215351_529_traffic_scan_env2025_seed0-499_48352cd1,387,54,56,0,2
20260912_215351_529_traffic_scan_env2025_seed0-499_48352cd1,387,54,57,0,2
20260912_215351_529_traffic_scan_env2025_seed0-499_48352cd1,387,54,58,0,1
20260912_215351_529_traffic_scan_env2025_seed0-499_48352cd1,387,55,0,0,1
20260912_215351_529_traffic_scan_env2025_seed0-499_48352cd1,387,55,5,0,1
20260912_215351_529_traffic_scan_env2025_seed0-499_48352cd1,387,55,6,0,1
20260912_215351_529_traffic_scan_env2025_seed0-499_48352cd1,387,55,8,0,1
20260912_215351_529_traffic_scan_env2025_seed0-499_48352cd1,387,55,9,0,1
20260912_215351_529_traffic_scan_env2025_seed0-499_48352cd1,387,55,17,0,1
20260912_215351_529_traffic_scan_env2025_seed0-499_48352cd1,387,55,17,1,1
20260912_215351_529_traffic_scan_env2025_seed0-499_48352cd1,387,55,18,0,1
20260912_215351_529_traffic_scan_env2025_seed0-499_48352cd1,387,55,19,0,1
20260912_215351_529_traffic_scan_env2025_seed0-499_48352cd1,387,55,21,0,2
20260912_215351_529_traffic_scan_env2025_seed0-499_48352cd1,387,55,26,0,1
20260912_215351_529_traffic_scan_env2025_seed0-499_48352cd1,387,55,31,0,1
20260912_215351_529_traffic_scan_env2025_seed0-499_48352cd1,387,55,32,0,1
20260912_215351_529_traffic_scan_env2025_seed0-499_48352cd1,387,55,32,1,1
20260912_215351_529_traffic_scan_env2025_seed0-499_48352cd1,387,55,36,0,1
20260912_215351_529_traffic_scan_env2025_seed0-499_48352cd1,387,55,38,0,1
20260912_215351_529_traffic_scan_env2025_seed0-499_48352cd1,387,55,39,0,4
20260912_215351_529_traffic_scan_env2025_seed0-499_48352cd1,387,55,40,0,3
20260912_215351_529_traffic_scan_env2025_seed0-499_48352cd1,387,55,47,0,2
20260912_215351_529_traffic_scan_env2025_seed0-499_48352cd1,387,55,50,0,1
20260912_215351_529_traffic_scan_env2025_seed0-499_48352cd1,387,55,51,0,1
20260912_215351_529_traffic_scan_env2025_seed0-499_48352cd1,387,55,52,0,1
20260912_215351_529_traffic_scan_env2025_seed0-499_48352cd1,387,55,53,0,1
20260912_215351_529_traffic_scan_env2025_seed0-499_48352cd1,387,55,54,0,1
20260912_215351_529_traffic_scan_env2025_seed0-499_48352cd1,387,55,55,0,1
20260912_215351_529_traffic_scan_env2025_seed0-499_48352cd1,387,56,0,0,1
20260912_215351_529_traffic_scan_env2025_seed0-499_48352cd1,387,56,4,0,1
20260912_215351_529_traffic_scan_env2025_seed0-499_48352cd1,387,56,8,0,1
20260912_215351_529_traffic_scan_env2025_seed0-499_48352cd1,387,56,9,0,1
20260912_215351_529_traffic_scan_env2025_seed0-499_48352cd1,387,56,16,1,1
20260912_215351_529_traffic_scan_env2025_seed0-499_48352cd1,387,56,17,0,1
20260912_215351_529_traffic_scan_env2025_seed0-499_48352cd1,387,56,18,0,1
20260912_215351_529_traffic_scan_env2025_seed0-499_48352cd1,387,56,19,0,1
20260912_215351_529_traffic_scan_env2025_seed0-499_48352cd1,387,56,21,0,2
20260912_215351_529_traffic_scan_env2025_seed0-499_48352cd1,387,56,26,0,1
20260912_215351_529_traffic_scan_env2025_seed0-499_48352cd1,387,56,32,0,1
20260912_215351_529_traffic_scan_env2025_seed0-499_48352cd1,387,56,33,0,1
20260912_215351_529_traffic_scan_env2025_seed0-499_48352cd1,387,56,33,1,1
20260912_215351_529_traffic_scan_env2025_seed0-499_48352cd1,387,56,34,1,1
20260912_215351_529_traffic_scan_env2025_seed0-499_48352cd1,387,56,35,1,1
20260912_215351_529_traffic_scan_env2025_seed0-499_48352cd1,387,56,36,1,1
20260912_215351_529_traffic_scan_env2025_seed0-499_48352cd1,387,56,37,0,1
20260912_215351_529_traffic_scan_env2025_seed0-499_48352cd1,387,56,37,1,1
20260912_215351_529_traffic_scan_env2025_seed0-499_48352cd1,387,56,38,0,1
20260912_215351_529_traffic_scan_env2025_seed0-499_48352cd1,387,56,38,1,1
20260912_215351_529_traffic_scan_env2025_seed0-499_48352cd1,387,56,39,2,1
20260912_215351_529_traffic_scan_env2025_seed0-499_48352cd1,387,56,40,0,6
20260912_215351_529_traffic_scan_env2025_seed0-499_48352cd1,387,56,40,1,1
20260912_215351_529_traffic_scan_env2025_seed0-499_48352cd1,387,56,43,0,1
20260912_215351_529_traffic_scan_env2025_seed0-499_48352cd1,387,56,43,1,1
20260912_215351_529_traffic_scan_env2025_seed0-499_48352cd1,387,56,44,0,1
20260912_215351_529_traffic_scan_env2025_seed0-499_48352cd1,387,56,44,1,1
20260912_215351_529_traffic_scan_env2025_seed0-499_48352cd1,387,56,45,0,1
20260912_215351_529_traffic_scan_env2025_seed0-499_48352cd1,387,56,45,1,1
20260912_215351_529_traffic_scan_env2025_seed0-499_48352cd1,387,56,46,1,1
20260912_215351_529_traffic_scan_env2025_seed0-499_48352cd1,387,56,47,0,1
20260912_215351_529_traffic_scan_env2025_seed0-499_48352cd1,387,56,47,1,1
20260912_215351_529_traffic_scan_env2025_seed0-499_48352cd1,387,56,48,0,1
20260912_215351_529_traffic_scan_env2025_seed0-499_48352cd1,387,56,48,1,1
20260912_215351_529_traffic_scan_env2025_seed0-499_48352cd1,387,56,49,0,1
20260912_215351_529_traffic_scan_env2025_seed0-499_48352cd1,387,56,50,0,2
20260912_215351_529_traffic_scan_env2025_seed0-499_48352cd1,387,56,51,0,2
20260912_215351_529_traffic_scan_env2025_seed0-499_48352cd1,387,56,54,0,1
20260912_215351_529_traffic_scan_env2025_seed0-499_48352cd1,387,56,55,0,1
20260912_215351_529_traffic_scan_env2025_seed0-499_48352cd1,387,57,3,0,1
20260912_215351_529_traffic_scan_env2025_seed0-499_48352cd1,387,57,8,0,1
20260912_215351_529_traffic_scan_env2025_seed0-499_48352cd1,387,57,10,0,1
20260912_215351_529_traffic_scan_env2025_seed0-499_48352cd1,387,57,12,1,1
20260912_215351_529_traffic_scan_env2025_seed0-499_48352cd1,387,57,13,1,1
20260912_215351_529_traffic_scan_env2025_seed0-499_48352cd1,387,57,14,2,1
20260912_215351_529_traffic_scan_env2025_seed0-499_48352cd1,387,57,15,2,1
20260912_215351_529_traffic_scan_env2025_seed0-499_48352cd1,387,57,20,0,1
20260912_215351_529_traffic_scan_env2025_seed0-499_48352cd1,387,57,33,0,1
20260912_215351_529_traffic_scan_env2025_seed0-499_48352cd1,387,57,34,0,1
20260912_215351_529_traffic_scan_env2025_seed0-499_48352cd1,387,57,37,0,2
20260912_215351_529_traffic_scan_env2025_seed0-499_48352cd1,387,57,39,0,1
20260912_215351_529_traffic_scan_env2025_seed0-499_48352cd1,387,57,40,0,1
20260912_215351_529_traffic_scan_env2025_seed0-499_48352cd1,387,57,41,0,4
20260912_215351_529_traffic_scan_env2025_seed0-499_48352cd1,387,57,41,1,1
20260912_215351_529_traffic_scan_env2025_seed0-499_48352cd1,387,57,42,0,2
20260912_215351_529_traffic_scan_env2025_seed0-499_48352cd1,387,57,42,1,1
20260912_215351_529_traffic_scan_env2025_seed0-499_48352cd1,387,57,46,0,1
20260912_215351_529_traffic_scan_env2025_seed0-499_48352cd1,387,57,47,0,1
20260912_215351_529_traffic_scan_env2025_seed0-499_48352cd1,387,57,48,0,1
20260912_215351_529_traffic_scan_env2025_seed0-499_48352cd1,387,57,49,0,1
20260912_215351_529_traffic_scan_env2025_seed0-499_48352cd1,387,57,50,0,2
20260912_215351_529_traffic_scan_env2025_seed0-499_48352cd1,387,57,51,0,3
20260912_215351_529_traffic_scan_env2025_seed0-499_48352cd1,387,57,52,0,1
20260912_215351_529_traffic_scan_env2025_seed0-499_48352cd1,387,57,53,0,1
20260912_215351_529_traffic_scan_env2025_seed0-499_48352cd1,387,57,54,0,2
20260912_215351_529_traffic_scan_env2025_seed0-499_48352cd1,387,57,55,0,1
20260912_215351_529_traffic_scan_env2025_seed0-499_48352cd1,387,57,56,0,2
20260912_215351_529_traffic_scan_env2025_seed0-499_48352cd1,387,57,57,0,1
20260912_215351_529_traffic_scan_env2025_seed0-499_48352cd1,387,58,2,0,1
20260912_215351_529_traffic_scan_env2025_seed0-499_48352cd1,387,58,4,0,1
20260912_215351_529_traffic_scan_env2025_seed0-499_48352cd1,387,58,5,0,1
20260912_215351_529_traffic_scan_env2025_seed0-499_48352cd1,387,58,6,0,1
20260912_215351_529_traffic_scan_env2025_seed0-499_48352cd1,387,58,7,0,1
20260912_215351_529_traffic_scan_env2025_seed0-499_48352cd1,387,58,8,0,2
20260912_215351_529_traffic_scan_env2025_seed0-499_48352cd1,387,58,9,0,1
20260912_215351_529_traffic_scan_env2025_seed0-499_48352cd1,387,58,10,0,1
20260912_215351_529_traffic_scan_env2025_seed0-499_48352cd1,387,58,11,0,2
20260912_215351_529_traffic_scan_env2025_seed0-499_48352cd1,387,58,34,0,1
20260912_215351_529_traffic_scan_env2025_seed0-499_48352cd1,387,58,35,0,1
20260912_215351_529_traffic_scan_env2025_seed0-499_48352cd1,387,58,36,0,1
20260912_215351_529_traffic_scan_env2025_seed0-499_48352cd1,387,58,37,0,2
20260912_215351_529_traffic_scan_env2025_seed0-499_48352cd1,387,58,38,0,2
20260912_215351_529_traffic_scan_env2025_seed0-499_48352cd1,387,58,39,0,1
20260912_215351_529_traffic_scan_env2025_seed0-499_48352cd1,387,58,40,0,2
20260912_215351_529_traffic_scan_env2025_seed0-499_48352cd1,387,58,41,0,1
20260912_215351_529_traffic_scan_env2025_seed0-499_48352cd1,387,58,42,0,2
20260912_215351_529_traffic_scan_env2025_seed0-499_48352cd1,387,58,43,0,1
20260912_215351_529_traffic_scan_env2025_seed0-499_48352cd1,387,58,50,0,1
20260912_215351_529_traffic_scan_env2025_seed0-499_48352cd1,387,58,51,0,1
20260912_215351_529_traffic_scan_env2025_seed0-499_48352cd1,387,58,52,0,1
20260912_215351_529_traffic_scan_env2025_seed0-499_48352cd1,387,58,57,0,1
20260912_215351_529_traffic_scan_env2025_seed0-499_48352cd1,387,59,1,0,1
20260912_215351_529_traffic_scan_env2025_seed0-499_48352cd1,387,59,12,0,1
20260912_215351_529_traffic_scan_env2025_seed0-499_48352cd1,387,59,35,0,1
20260912_215351_529_traffic_scan_env2025_seed0-499_48352cd1,387,59,37,0,1
20260912_215351_529_traffic_scan_env2025_seed0-499_48352cd1,387,59,40,0,1
20260912_215351_529_traffic_scan_env2025_seed0-499_48352cd1,387,59,44,0,1
20260912_215351_529_traffic_scan_env2025_seed0-499_48352cd1,387,59,45,0,1
20260912_215351_529_traffic_scan_env2025_seed0-499_48352cd1,387,59,46,0,1
20260912_215351_529_traffic_scan_env2025_seed0-499_48352cd1,387,59,47,0,1
20260912_215351_529_traffic_scan_env2025_seed0-499_48352cd1,387,59,48,0,1
20260912_215351_529_traffic_scan_env2025_seed0-499_48352cd1,387,59,49,0,1
20260912_215351_529_traffic_scan_env2025_seed0-499_48352cd1,387,59,50,0,2
20260912_215351_529_traffic_scan_env2025_seed0-499_48352cd1,387,59,51,0,1
20260912_215351_529_traffic_scan_env2025_seed0-499_48352cd1,387,59,52,0,1
20260912_215351_529_traffic_scan_env2025_seed0-499_48352cd1,387,59,53,0,2
