run_id,traffic_seed,grid_x,grid_y,grid_z,distinct_flight_count
20260912_215351_529_traffic_scan_env2025_seed0-499_48352cd1,392,0,0,0,1
20260912_215351_529_traffic_scan_env2025_seed0-499_48352cd1,392,0,1,0,1
20260912_215351_529_traffic_scan_env2025_seed0-499_48352cd1,392,0,5,0,1
20260912_215351_529_traffic_scan_env2025_seed0-499_48352cd1,392,0,9,0,2
20260912_215351_529_traffic_scan_env2025_seed0-499_48352cd1,392,0,19,0,1
20260912_215351_529_traffic_scan_env2025_seed0-499_48352cd1,392,0,21,0,1
20260912_215351_529_traffic_scan_env2025_seed0-499_48352cd1,392,0,22,0,2
20260912_215351_529_traffic_scan_env2025_seed0-499_48352cd1,392,0,29,0,1
20260912_215351_529_traffic_scan_env2025_seed0-499_48352cd1,392,0,35,0,2
20260912_215351_529_traffic_scan_env2025_seed0-499_48352cd1,392,0,36,0,1
20260912_215351_529_traffic_scan_env2025_seed0-499_48352cd1,392,0,37,0,1
20260912_215351_529_traffic_scan_env2025_seed0-499_48352cd1,392,0,38,0,1
20260912_215351_529_traffic_scan_env2025_seed0-499_48352cd1,392,0,39,0,2
20260912_215351_529_traffic_scan_env2025_seed0-499_48352cd1,392,0,40,0,1
20260912_215351_529_traffic_scan_env2025_seed0-499_48352cd1,392,0,41,0,1
20260912_215351_529_traffic_scan_env2025_seed0-499_48352cd1,392,0,42,0,1
20260912_215351_529_traffic_scan_env2025_seed0-499_48352cd1,392,0,43,0,1
20260912_215351_529_traffic_scan_env2025_seed0-499_48352cd1,392,0,44,0,1
20260912_215351_529_traffic_scan_env2025_seed0-499_48352cd1,392,0,45,0,1
20260912_215351_529_traffic_scan_env2025_seed0-499_48352cd1,392,0,46,0,1
20260912_215351_529_traffic_scan_env2025_seed0-499_48352cd1,392,0,47,0,1
20260912_215351_529_traffic_scan_env2025_seed0-499_48352cd1,392,0,48,0,1
20260912_215351_529_traffic_scan_env2025_seed0-499_48352cd1,392,1,1,0,1
20260912_215351_529_traffic_scan_env2025_seed0-499_48352cd1,392,1,2,0,1
20260912_215351_529_traffic_scan_env2025_seed0-499_48352cd1,392,1,5,0,1
20260912_215351_529_traffic_scan_env2025_seed0-499_48352cd1,392,1,10,0,2
20260912_215351_529_traffic_scan_env2025_seed0-499_48352cd1,392,1,11,0,1
20260912_215351_529_traffic_scan_env2025_seed0-499_48352cd1,392,1,15,0,1
20260912_215351_529_traffic_scan_env2025_seed0-499_48352cd1,392,1,19,0,2
20260912_215351_529_traffic_scan_env2025_seed0-499_48352cd1,392,1,20,0,1
20260912_215351_529_traffic_scan_env2025_seed0-499_48352cd1,392,1,21,0,3
20260912_215351_529_traffic_scan_env2025_seed0-499_48352cd1,392,1,22,0,3
20260912_215351_529_traffic_scan_env2025_seed0-499_48352cd1,392,1,23,0,1
20260912_215351_529_traffic_scan_env2025_seed0-499_48352cd1,392,1,24,0,1
20260912_215351_529_traffic_scan_env2025_seed0-499_48352cd1,392,1,25,0,2
20260912_215351_529_traffic_scan_env2025_seed0-499_48352cd1,392,1,26,0,1
20260912_215351_529_traffic_scan_env2025_seed0-499_48352cd1,392,1,27,0,1
20260912_215351_529_traffic_scan_env2025_seed0-499_48352cd1,392,1,28,0,2
20260912_215351_529_traffic_scan_env2025_seed0-499_48352cd1,392,1,28,1,1
20260912_215351_529_traffic_scan_env2025_seed0-499_48352cd1,392,1,29,0,1
20260912_215351_529_traffic_scan_env2025_seed0-499_48352cd1,392,1,29,1,1
20260912_215351_529_traffic_scan_env2025_seed0-499_48352cd1,392,1,30,0,2
20260912_215351_529_traffic_scan_env2025_seed0-499_48352cd1,392,1,30,1,1
20260912_215351_529_traffic_scan_env2025_seed0-499_48352cd1,392,1,31,0,1
20260912_215351_529_traffic_scan_env2025_seed0-499_48352cd1,392,1,31,1,1
20260912_215351_529_traffic_scan_env2025_seed0-499_48352cd1,392,1,32,0,1
20260912_215351_529_traffic_scan_env2025_seed0-499_48352cd1,392,1,32,1,1
20260912_215351_529_traffic_scan_env2025_seed0-499_48352cd1,392,1,33,0,1
20260912_215351_529_traffic_scan_env2025_seed0-499_48352cd1,392,1,33,1,1
20260912_215351_529_traffic_scan_env2025_seed0-499_48352cd1,392,1,34,0,4
20260912_215351_529_traffic_scan_env2025_seed0-499_48352cd1,392,1,34,1,1
20260912_215351_529_traffic_scan_env2025_seed0-499_48352cd1,392,1,35,0,1
20260912_215351_529_traffic_scan_env2025_seed0-499_48352cd1,392,1,35,1,1
20260912_215351_529_traffic_scan_env2025_seed0-499_48352cd1,392,1,36,0,2
20260912_215351_529_traffic_scan_env2025_seed0-499_48352cd1,392,1,36,1,1
20260912_215351_529_traffic_scan_env2025_seed0-499_48352cd1,392,1,37,0,2
20260912_215351_529_traffic_scan_env2025_seed0-499_48352cd1,392,1,37,1,1
20260912_215351_529_traffic_scan_env2025_seed0-499_48352cd1,392,1,38,0,1
20260912_215351_529_traffic_scan_env2025_seed0-499_48352cd1,392,1,38,1,1
20260912_215351_529_traffic_scan_env2025_seed0-499_48352cd1,392,1,39,0,2
20260912_215351_529_traffic_scan_env2025_seed0-499_48352cd1,392,1,40,0,1
20260912_215351_529_traffic_scan_env2025_seed0-499_48352cd1,392,1,41,0,1
20260912_215351_529_traffic_scan_env2025_seed0-499_48352cd1,392,1,42,0,1
20260912_215351_529_traffic_scan_env2025_seed0-499_48352cd1,392,1,43,0,2
20260912_215351_529_traffic_scan_env2025_seed0-499_48352cd1,392,1,44,0,1
20260912_215351_529_traffic_scan_env2025_seed0-499_48352cd1,392,1,45,0,1
20260912_215351_529_traffic_scan_env2025_seed0-499_48352cd1,392,1,46,0,1
20260912_215351_529_traffic_scan_env2025_seed0-499_48352cd1,392,1,47,0,2
20260912_215351_529_traffic_scan_env2025_seed0-499_48352cd1,392,1,48,0,1
20260912_215351_529_traffic_scan_env2025_seed0-499_48352cd1,392,1,49,0,2
20260912_215351_529_traffic_scan_env2025_seed0-499_48352cd1,392,1,55,0,2
20260912_215351_529_traffic_scan_env2025_seed0-499_48352cd1,392,1,56,0,1
20260912_215351_529_traffic_scan_env2025_seed0-499_48352cd1,392,2,2,0,1
20260912_215351_529_traffic_scan_env2025_seed0-499_48352cd1,392,2,3,0,1
20260912_215351_529_traffic_scan_env2025_seed0-499_48352cd1,392,2,5,0,1
20260912_215351_529_traffic_scan_env2025_seed0-499_48352cd1,392,2,11,0,3
20260912_215351_529_traffic_scan_env2025_seed0-499_48352cd1,392,2,12,0,2
20260912_215351_529_traffic_scan_env2025_seed0-499_48352cd1,392,2,13,0,2
20260912_215351_529_traffic_scan_env2025_seed0-499_48352cd1,392,2,14,0,2
20260912_215351_529_traffic_scan_env2025_seed0-499_48352cd1,392,2,15,0,1
20260912_215351_529_traffic_scan_env2025_seed0-499_48352cd1,392,2,16,0,1
20260912_215351_529_traffic_scan_env2025_seed0-499_48352cd1,392,2,17,0,1
20260912_215351_529_traffic_scan_env2025_seed0-499_48352cd1,392,2,18,0,2
20260912_215351_529_traffic_scan_env2025_seed0-499_48352cd1,392,2,21,0,2
20260912_215351_529_traffic_scan_env2025_seed0-499_48352cd1,392,2,22,0,2
20260912_215351_529_traffic_scan_env2025_seed0-499_48352cd1,392,2,26,0,1
20260912_215351_529_traffic_scan_env2025_seed0-499_48352cd1,392,2,27,0,3
20260912_215351_529_traffic_scan_env2025_seed0-499_48352cd1,392,2,27,1,1
20260912_215351_529_traffic_scan_env2025_seed0-499_48352cd1,392,2,28,0,1
20260912_215351_529_traffic_scan_env2025_seed0-499_48352cd1,392,2,31,0,1
20260912_215351_529_traffic_scan_env2025_seed0-499_48352cd1,392,2,33,0,2
20260912_215351_529_traffic_scan_env2025_seed0-499_48352cd1,392,2,35,0,1
20260912_215351_529_traffic_scan_env2025_seed0-499_48352cd1,392,2,36,0,2
20260912_215351_529_traffic_scan_env2025_seed0-499_48352cd1,392,2,37,0,1
20260912_215351_529_traffic_scan_env2025_seed0-499_48352cd1,392,2,39,0,1
20260912_215351_529_traffic_scan_env2025_seed0-499_48352cd1,392,2,42,0,1
20260912_215351_529_traffic_scan_env2025_seed0-499_48352cd1,392,2,46,0,1
20260912_215351_529_traffic_scan_env2025_seed0-499_48352cd1,392,2,49,0,1
20260912_215351_529_traffic_scan_env2025_seed0-499_48352cd1,392,2,50,0,1
20260912_215351_529_traffic_scan_env2025_seed0-499_48352cd1,392,2,51,0,1
20260912_215351_529_traffic_scan_env2025_seed0-499_48352cd1,392,2,52,0,1
20260912_215351_529_traffic_scan_env2025_seed0-499_48352cd1,392,2,53,0,2
20260912_215351_529_traffic_scan_env2025_seed0-499_48352cd1,392,2,54,0,3
20260912_215351_529_traffic_scan_env2025_seed0-499_48352cd1,392,2,57,0,1
20260912_215351_529_traffic_scan_env2025_seed0-499_48352cd1,392,3,3,0,1
20260912_215351_529_traffic_scan_env2025_seed0-499_48352cd1,392,3,4,0,1
20260912_215351_529_traffic_scan_env2025_seed0-499_48352cd1,392,3,5,0,1
20260912_215351_529_traffic_scan_env2025_seed0-499_48352cd1,392,3,9,0,1
20260912_215351_529_traffic_scan_env2025_seed0-499_48352cd1,392,3,10,0,1
20260912_215351_529_traffic_scan_env2025_seed0-499_48352cd1,392,3,11,0,3
20260912_215351_529_traffic_scan_env2025_seed0-499_48352cd1,392,3,14,0,3
20260912_215351_529_traffic_scan_env2025_seed0-499_48352cd1,392,3,19,0,1
20260912_215351_529_traffic_scan_env2025_seed0-499_48352cd1,392,3,21,0,2
20260912_215351_529_traffic_scan_env2025_seed0-499_48352cd1,392,3,22,0,2
20260912_215351_529_traffic_scan_env2025_seed0-499_48352cd1,392,3,26,0,2
20260912_215351_529_traffic_scan_env2025_seed0-499_48352cd1,392,3,26,1,1
20260912_215351_529_traffic_scan_env2025_seed0-499_48352cd1,392,3,27,0,2
20260912_215351_529_traffic_scan_env2025_seed0-499_48352cd1,392,3,28,0,1
20260912_215351_529_traffic_scan_env2025_seed0-499_48352cd1,392,3,32,0,3
20260912_215351_529_traffic_scan_env2025_seed0-499_48352cd1,392,3,36,0,2
20260912_215351_529_traffic_scan_env2025_seed0-499_48352cd1,392,3,37,0,2
20260912_215351_529_traffic_scan_env2025_seed0-499_48352cd1,392,3,39,0,1
20260912_215351_529_traffic_scan_env2025_seed0-499_48352cd1,392,3,40,0,1
20260912_215351_529_traffic_scan_env2025_seed0-499_48352cd1,392,3,41,0,1
20260912_215351_529_traffic_scan_env2025_seed0-499_48352cd1,392,3,43,0,1
20260912_215351_529_traffic_scan_env2025_seed0-499_48352cd1,392,3,45,1,1
20260912_215351_529_traffic_scan_env2025_seed0-499_48352cd1,392,3,47,0,1
20260912_215351_529_traffic_scan_env2025_seed0-499_48352cd1,392,3,49,0,1
20260912_215351_529_traffic_scan_env2025_seed0-499_48352cd1,392,3,52,0,1
20260912_215351_529_traffic_scan_env2025_seed0-499_48352cd1,392,3,53,0,1
20260912_215351_529_traffic_scan_env2025_seed0-499_48352cd1,392,3,54,0,1
20260912_215351_529_traffic_scan_env2025_seed0-499_48352cd1,392,4,4,0,1
20260912_215351_529_traffic_scan_env2025_seed0-499_48352cd1,392,4,5,0,2
20260912_215351_529_traffic_scan_env2025_seed0-499_48352cd1,392,4,8,0,1
20260912_215351_529_traffic_scan_env2025_seed0-499_48352cd1,392,4,8,1,1
20260912_215351_529_traffic_scan_env2025_seed0-499_48352cd1,392,4,9,1,1
20260912_215351_529_traffic_scan_env2025_seed0-499_48352cd1,392,4,10,1,1
20260912_215351_529_traffic_scan_env2025_seed0-499_48352cd1,392,4,11,0,2
20260912_215351_529_traffic_scan_env2025_seed0-499_48352cd1,392,4,11,1,1
20260912_215351_529_traffic_scan_env2025_seed0-499_48352cd1,392,4,12,2,1
20260912_215351_529_traffic_scan_env2025_seed0-499_48352cd1,392,4,13,2,1
20260912_215351_529_traffic_scan_env2025_seed0-499_48352cd1,392,4,14,0,1
20260912_215351_529_traffic_scan_env2025_seed0-499_48352cd1,392,4,14,1,1
20260912_215351_529_traffic_scan_env2025_seed0-499_48352cd1,392,4,15,0,2
20260912_215351_529_traffic_scan_env2025_seed0-499_48352cd1,392,4,15,1,1
20260912_215351_529_traffic_scan_env2025_seed0-499_48352cd1,392,4,16,1,1
20260912_215351_529_traffic_scan_env2025_seed0-499_48352cd1,392,4,17,1,1
20260912_215351_529_traffic_scan_env2025_seed0-499_48352cd1,392,4,18,1,1
20260912_215351_529_traffic_scan_env2025_seed0-499_48352cd1,392,4,19,0,1
20260912_215351_529_traffic_scan_env2025_seed0-499_48352cd1,392,4,19,1,1
20260912_215351_529_traffic_scan_env2025_seed0-499_48352cd1,392,4,20,1,1
20260912_215351_529_traffic_scan_env2025_seed0-499_48352cd1,392,4,21,0,2
20260912_215351_529_traffic_scan_env2025_seed0-499_48352cd1,392,4,21,1,1
20260912_215351_529_traffic_scan_env2025_seed0-499_48352cd1,392,4,22,0,2
20260912_215351_529_traffic_scan_env2025_seed0-499_48352cd1,392,4,22,1,1
20260912_215351_529_traffic_scan_env2025_seed0-499_48352cd1,392,4,23,1,2
20260912_215351_529_traffic_scan_env2025_seed0-499_48352cd1,392,4,24,1,2
20260912_215351_529_traffic_scan_env2025_seed0-499_48352cd1,392,4,25,0,1
20260912_215351_529_traffic_scan_env2025_seed0-499_48352cd1,392,4,25,1,2
20260912_215351_529_traffic_scan_env2025_seed0-499_48352cd1,392,4,26,0,1
20260912_215351_529_traffic_scan_env2025_seed0-499_48352cd1,392,4,26,1,1
20260912_215351_529_traffic_scan_env2025_seed0-499_48352cd1,392,4,27,0,1
20260912_215351_529_traffic_scan_env2025_seed0-499_48352cd1,392,4,27,1,1
20260912_215351_529_traffic_scan_env2025_seed0-499_48352cd1,392,4,28,0,1
20260912_215351_529_traffic_scan_env2025_seed0-499_48352cd1,392,4,28,1,1
20260912_215351_529_traffic_scan_env2025_seed0-499_48352cd1,392,4,29,0,1
20260912_215351_529_traffic_scan_env2025_seed0-499_48352cd1,392,4,29,1,1
20260912_215351_529_traffic_scan_env2025_seed0-499_48352cd1,392,4,30,1,1
20260912_215351_529_traffic_scan_env2025_seed0-499_48352cd1,392,4,31,0,3
20260912_215351_529_traffic_scan_env2025_seed0-499_48352cd1,392,4,31,1,1
20260912_215351_529_traffic_scan_env2025_seed0-499_48352cd1,392,4,32,2,1
20260912_215351_529_traffic_scan_env2025_seed0-499_48352cd1,392,4,33,2,1
20260912_215351_529_traffic_scan_env2025_seed0-499_48352cd1,392,4,34,1,1
20260912_215351_529_traffic_scan_env2025_seed0-499_48352cd1,392,4,35,0,1
20260912_215351_529_traffic_scan_env2025_seed0-499_48352cd1,392,4,36,0,2
20260912_215351_529_traffic_scan_env2025_seed0-499_48352cd1,392,4,37,0,3
20260912_215351_529_traffic_scan_env2025_seed0-499_48352cd1,392,4,38,0,2
20260912_215351_529_traffic_scan_env2025_seed0-499_48352cd1,392,4,39,0,3
20260912_215351_529_traffic_scan_env2025_seed0-499_48352cd1,392,4,40,0,2
20260912_215351_529_traffic_scan_env2025_seed0-499_48352cd1,392,4,41,0,2
20260912_215351_529_traffic_scan_env2025_seed0-499_48352cd1,392,4,42,0,1
20260912_215351_529_traffic_scan_env2025_seed0-499_48352cd1,392,4,43,0,2
20260912_215351_529_traffic_scan_env2025_seed0-499_48352cd1,392,4,44,0,1
20260912_215351_529_traffic_scan_env2025_seed0-499_48352cd1,392,4,44,1,1
20260912_215351_529_traffic_scan_env2025_seed0-499_48352cd1,392,4,45,0,1
20260912_215351_529_traffic_scan_env2025_seed0-499_48352cd1,392,4,46,0,1
20260912_215351_529_traffic_scan_env2025_seed0-499_48352cd1,392,4,47,0,2
20260912_215351_529_traffic_scan_env2025_seed0-499_48352cd1,392,4,48,0,1
20260912_215351_529_traffic_scan_env2025_seed0-499_48352cd1,392,4,49,0,3
20260912_215351_529_traffic_scan_env2025_seed0-499_48352cd1,392,4,50,0,1
20260912_215351_529_traffic_scan_env2025_seed0-499_48352cd1,392,4,51,0,2
20260912_215351_529_traffic_scan_env2025_seed0-499_48352cd1,392,4,52,0,1
20260912_215351_529_traffic_scan_env2025_seed0-499_48352cd1,392,4,55,0,1
20260912_215351_529_traffic_scan_env2025_seed0-499_48352cd1,392,5,0,0,1
20260912_215351_529_traffic_scan_env2025_seed0-499_48352cd1,392,5,1,0,1
20260912_215351_529_traffic_scan_env2025_seed0-499_48352cd1,392,5,2,0,1
20260912_215351_529_traffic_scan_env2025_seed0-499_48352cd1,392,5,3,0,1
20260912_215351_529_traffic_scan_env2025_seed0-499_48352cd1,392,5,4,0,2
20260912_215351_529_traffic_scan_env2025_seed0-499_48352cd1,392,5,5,0,3
20260912_215351_529_traffic_scan_env2025_seed0-499_48352cd1,392,5,6,0,3
20260912_215351_529_traffic_scan_env2025_seed0-499_48352cd1,392,5,7,0,2
20260912_215351_529_traffic_scan_env2025_seed0-499_48352cd1,392,5,10,0,1
20260912_215351_529_traffic_scan_env2025_seed0-499_48352cd1,392,5,12,0,1
20260912_215351_529_traffic_scan_env2025_seed0-499_48352cd1,392,5,13,0,1
20260912_215351_529_traffic_scan_env2025_seed0-499_48352cd1,392,5,16,0,2
20260912_215351_529_traffic_scan_env2025_seed0-499_48352cd1,392,5,19,0,1
20260912_215351_529_traffic_scan_env2025_seed0-499_48352cd1,392,5,21,0,2
20260912_215351_529_traffic_scan_env2025_seed0-499_48352cd1,392,5,22,0,2
20260912_215351_529_traffic_scan_env2025_seed0-499_48352cd1,392,5,22,1,1
20260912_215351_529_traffic_scan_env2025_seed0-499_48352cd1,392,5,24,0,1
20260912_215351_529_traffic_scan_env2025_seed0-499_48352cd1,392,5,26,0,1
20260912_215351_529_traffic_scan_env2025_seed0-499_48352cd1,392,5,27,0,1
20260912_215351_529_traffic_scan_env2025_seed0-499_48352cd1,392,5,29,0,1
20260912_215351_529_traffic_scan_env2025_seed0-499_48352cd1,392,5,30,0,2
20260912_215351_529_traffic_scan_env2025_seed0-499_48352cd1,392,5,31,0,2
20260912_215351_529_traffic_scan_env2025_seed0-499_48352cd1,392,5,34,0,1
20260912_215351_529_traffic_scan_env2025_seed0-499_48352cd1,392,5,36,0,3
20260912_215351_529_traffic_scan_env2025_seed0-499_48352cd1,392,5,39,1,4
20260912_215351_529_traffic_scan_env2025_seed0-499_48352cd1,392,5,40,0,1
20260912_215351_529_traffic_scan_env2025_seed0-499_48352cd1,392,5,43,0,2
20260912_215351_529_traffic_scan_env2025_seed0-499_48352cd1,392,5,43,1,1
20260912_215351_529_traffic_scan_env2025_seed0-499_48352cd1,392,5,47,0,1
20260912_215351_529_traffic_scan_env2025_seed0-499_48352cd1,392,5,48,0,1
20260912_215351_529_traffic_scan_env2025_seed0-499_48352cd1,392,5,49,0,2
20260912_215351_529_traffic_scan_env2025_seed0-499_48352cd1,392,5,50,0,1
20260912_215351_529_traffic_scan_env2025_seed0-499_48352cd1,392,5,55,0,1
20260912_215351_529_traffic_scan_env2025_seed0-499_48352cd1,392,6,4,0,1
20260912_215351_529_traffic_scan_env2025_seed0-499_48352cd1,392,6,5,0,1
20260912_215351_529_traffic_scan_env2025_seed0-499_48352cd1,392,6,6,0,1
20260912_215351_529_traffic_scan_env2025_seed0-499_48352cd1,392,6,7,0,1
20260912_215351_529_traffic_scan_env2025_seed0-499_48352cd1,392,6,11,0,2
20260912_215351_529_traffic_scan_env2025_seed0-499_48352cd1,392,6,12,0,1
20260912_215351_529_traffic_scan_env2025_seed0-499_48352cd1,392,6,13,0,1
20260912_215351_529_traffic_scan_env2025_seed0-499_48352cd1,392,6,17,0,2
20260912_215351_529_traffic_scan_env2025_seed0-499_48352cd1,392,6,18,0,1
20260912_215351_529_traffic_scan_env2025_seed0-499_48352cd1,392,6,19,0,1
20260912_215351_529_traffic_scan_env2025_seed0-499_48352cd1,392,6,20,0,1
20260912_215351_529_traffic_scan_env2025_seed0-499_48352cd1,392,6,21,0,2
20260912_215351_529_traffic_scan_env2025_seed0-499_48352cd1,392,6,21,1,4
20260912_215351_529_traffic_scan_env2025_seed0-499_48352cd1,392,6,21,2,2
20260912_215351_529_traffic_scan_env2025_seed0-499_48352cd1,392,6,22,1,2
20260912_215351_529_traffic_scan_env2025_seed0-499_48352cd1,392,6,23,0,1
20260912_215351_529_traffic_scan_env2025_seed0-499_48352cd1,392,6,26,0,1
20260912_215351_529_traffic_scan_env2025_seed0-499_48352cd1,392,6,27,0,1
20260912_215351_529_traffic_scan_env2025_seed0-499_48352cd1,392,6,29,0,1
20260912_215351_529_traffic_scan_env2025_seed0-499_48352cd1,392,6,30,0,1
20260912_215351_529_traffic_scan_env2025_seed0-499_48352cd1,392,6,31,0,3
20260912_215351_529_traffic_scan_env2025_seed0-499_48352cd1,392,6,34,1,1
20260912_215351_529_traffic_scan_env2025_seed0-499_48352cd1,392,6,36,0,3
20260912_215351_529_traffic_scan_env2025_seed0-499_48352cd1,392,6,38,2,2
20260912_215351_529_traffic_scan_env2025_seed0-499_48352cd1,392,6,39,0,3
20260912_215351_529_traffic_scan_env2025_seed0-499_48352cd1,392,6,40,1,1
20260912_215351_529_traffic_scan_env2025_seed0-499_48352cd1,392,6,43,0,3
20260912_215351_529_traffic_scan_env2025_seed0-499_48352cd1,392,6,43,1,1
20260912_215351_529_traffic_scan_env2025_seed0-499_48352cd1,392,6,47,0,2
20260912_215351_529_traffic_scan_env2025_seed0-499_48352cd1,392,6,48,0,1
20260912_215351_529_traffic_scan_env2025_seed0-499_48352cd1,392,6,49,0,3
20260912_215351_529_traffic_scan_env2025_seed0-499_48352cd1,392,6,55,0,1
20260912_215351_529_traffic_scan_env2025_seed0-499_48352cd1,392,6,56,0,1
20260912_215351_529_traffic_scan_env2025_seed0-499_48352cd1,392,7,3,0,1
20260912_215351_529_traffic_scan_env2025_seed0-499_48352cd1,392,7,5,0,1
20260912_215351_529_traffic_scan_env2025_seed0-499_48352cd1,392,7,6,0,1
20260912_215351_529_traffic_scan_env2025_seed0-499_48352cd1,392,7,7,0,1
20260912_215351_529_traffic_scan_env2025_seed0-499_48352cd1,392,7,8,0,1
20260912_215351_529_traffic_scan_env2025_seed0-499_48352cd1,392,7,10,0,1
20260912_215351_529_traffic_scan_env2025_seed0-499_48352cd1,392,7,11,0,3
20260912_215351_529_traffic_scan_env2025_seed0-499_48352cd1,392,7,14,0,1
20260912_215351_529_traffic_scan_env2025_seed0-499_48352cd1,392,7,17,0,1
20260912_215351_529_traffic_scan_env2025_seed0-499_48352cd1,392,7,19,0,3
20260912_215351_529_traffic_scan_env2025_seed0-499_48352cd1,392,7,20,2,2
20260912_215351_529_traffic_scan_env2025_seed0-499_48352cd1,392,7,21,3,2
20260912_215351_529_traffic_scan_env2025_seed0-499_48352cd1,392,7,23,2,2
20260912_215351_529_traffic_scan_env2025_seed0-499_48352cd1,392,7,24,0,1
20260912_215351_529_traffic_scan_env2025_seed0-499_48352cd1,392,7,26,0,1
20260912_215351_529_traffic_scan_env2025_seed0-499_48352cd1,392,7,27,0,1
20260912_215351_529_traffic_scan_env2025_seed0-499_48352cd1,392,7,28,1,1
20260912_215351_529_traffic_scan_env2025_seed0-499_48352cd1,392,7,31,0,4
20260912_215351_529_traffic_scan_env2025_seed0-499_48352cd1,392,7,34,0,1
20260912_215351_529_traffic_scan_env2025_seed0-499_48352cd1,392,7,35,0,1
20260912_215351_529_traffic_scan_env2025_seed0-499_48352cd1,392,7,36,0,3
20260912_215351_529_traffic_scan_env2025_seed0-499_48352cd1,392,7,37,2,2
20260912_215351_529_traffic_scan_env2025_seed0-499_48352cd1,392,7,39,0,5
20260912_215351_529_traffic_scan_env2025_seed0-499_48352cd1,392,7,39,1,1
20260912_215351_529_traffic_scan_env2025_seed0-499_48352cd1,392,7,43,0,3
20260912_215351_529_traffic_scan_env2025_seed0-499_48352cd1,392,7,43,1,1
20260912_215351_529_traffic_scan_env2025_seed0-499_48352cd1,392,7,46,0,1
20260912_215351_529_traffic_scan_env2025_seed0-499_48352cd1,392,7,47,0,4
20260912_215351_529_traffic_scan_env2025_seed0-499_48352cd1,392,7,48,0,2
20260912_215351_529_traffic_scan_env2025_seed0-499_48352cd1,392,7,49,0,1
20260912_215351_529_traffic_scan_env2025_seed0-499_48352cd1,392,7,55,0,2
20260912_215351_529_traffic_scan_env2025_seed0-499_48352cd1,392,8,4,0,1
20260912_215351_529_traffic_scan_env2025_seed0-499_48352cd1,392,8,5,0,1
20260912_215351_529_traffic_scan_env2025_seed0-499_48352cd1,392,8,6,0,1
20260912_215351_529_traffic_scan_env2025_seed0-499_48352cd1,392,8,6,1,1
20260912_215351_529_traffic_scan_env2025_seed0-499_48352cd1,392,8,7,0,2
20260912_215351_529_traffic_scan_env2025_seed0-499_48352cd1,392,8,8,0,3
20260912_215351_529_traffic_scan_env2025_seed0-499_48352cd1,392,8,9,0,2
20260912_215351_529_traffic_scan_env2025_seed0-499_48352cd1,392,8,11,0,3
20260912_215351_529_traffic_scan_env2025_seed0-499_48352cd1,392,8,12,1,2
20260912_215351_529_traffic_scan_env2025_seed0-499_48352cd1,392,8,13,2,1
20260912_215351_529_traffic_scan_env2025_seed0-499_48352cd1,392,8,15,0,1
20260912_215351_529_traffic_scan_env2025_seed0-499_48352cd1,392,8,18,0,2
20260912_215351_529_traffic_scan_env2025_seed0-499_48352cd1,392,8,19,0,2
20260912_215351_529_traffic_scan_env2025_seed0-499_48352cd1,392,8,19,1,1
20260912_215351_529_traffic_scan_env2025_seed0-499_48352cd1,392,8,20,2,1
20260912_215351_529_traffic_scan_env2025_seed0-499_48352cd1,392,8,21,2,2
20260912_215351_529_traffic_scan_env2025_seed0-499_48352cd1,392,8,22,2,1
20260912_215351_529_traffic_scan_env2025_seed0-499_48352cd1,392,8,23,2,1
20260912_215351_529_traffic_scan_env2025_seed0-499_48352cd1,392,8,24,0,2
20260912_215351_529_traffic_scan_env2025_seed0-499_48352cd1,392,8,25,0,1
20260912_215351_529_traffic_scan_env2025_seed0-499_48352cd1,392,8,26,0,2
20260912_215351_529_traffic_scan_env2025_seed0-499_48352cd1,392,8,27,0,2
20260912_215351_529_traffic_scan_env2025_seed0-499_48352cd1,392,8,27,1,1
20260912_215351_529_traffic_scan_env2025_seed0-499_48352cd1,392,8,28,0,1
20260912_215351_529_traffic_scan_env2025_seed0-499_48352cd1,392,8,30,0,1
20260912_215351_529_traffic_scan_env2025_seed0-499_48352cd1,392,8,32,0,3
20260912_215351_529_traffic_scan_env2025_seed0-499_48352cd1,392,8,32,1,1
20260912_215351_529_traffic_scan_env2025_seed0-499_48352cd1,392,8,33,0,1
20260912_215351_529_traffic_scan_env2025_seed0-499_48352cd1,392,8,34,0,1
20260912_215351_529_traffic_scan_env2025_seed0-499_48352cd1,392,8,34,1,1
20260912_215351_529_traffic_scan_env2025_seed0-499_48352cd1,392,8,36,0,3
20260912_215351_529_traffic_scan_env2025_seed0-499_48352cd1,392,8,36,1,3
20260912_215351_529_traffic_scan_env2025_seed0-499_48352cd1,392,8,39,0,5
20260912_215351_529_traffic_scan_env2025_seed0-499_48352cd1,392,8,40,1,1
20260912_215351_529_traffic_scan_env2025_seed0-499_48352cd1,392,8,41,0,2
20260912_215351_529_traffic_scan_env2025_seed0-499_48352cd1,392,8,42,0,2
20260912_215351_529_traffic_scan_env2025_seed0-499_48352cd1,392,8,42,1,1
20260912_215351_529_traffic_scan_env2025_seed0-499_48352cd1,392,8,43,0,3
20260912_215351_529_traffic_scan_env2025_seed0-499_48352cd1,392,8,44,0,1
20260912_215351_529_traffic_scan_env2025_seed0-499_48352cd1,392,8,46,0,5
20260912_215351_529_traffic_scan_env2025_seed0-499_48352cd1,392,8,49,0,1
20260912_215351_529_traffic_scan_env2025_seed0-499_48352cd1,392,8,51,0,1
20260912_215351_529_traffic_scan_env2025_seed0-499_48352cd1,392,8,54,0,2
20260912_215351_529_traffic_scan_env2025_seed0-499_48352cd1,392,9,2,0,1
20260912_215351_529_traffic_scan_env2025_seed0-499_48352cd1,392,9,3,0,1
20260912_215351_529_traffic_scan_env2025_seed0-499_48352cd1,392,9,4,0,1
20260912_215351_529_traffic_scan_env2025_seed0-499_48352cd1,392,9,6,1,1
20260912_215351_529_traffic_scan_env2025_seed0-499_48352cd1,392,9,8,0,2
20260912_215351_529_traffic_scan_env2025_seed0-499_48352cd1,392,9,9,0,1
20260912_215351_529_traffic_scan_env2025_seed0-499_48352cd1,392,9,10,0,1
20260912_215351_529_traffic_scan_env2025_seed0-499_48352cd1,392,9,11,0,1
20260912_215351_529_traffic_scan_env2025_seed0-499_48352cd1,392,9,12,0,1
20260912_215351_529_traffic_scan_env2025_seed0-499_48352cd1,392,9,13,2,1
20260912_215351_529_traffic_scan_env2025_seed0-499_48352cd1,392,9,14,1,2
20260912_215351_529_traffic_scan_env2025_seed0-499_48352cd1,392,9,15,1,1
20260912_215351_529_traffic_scan_env2025_seed0-499_48352cd1,392,9,16,0,1
20260912_215351_529_traffic_scan_env2025_seed0-499_48352cd1,392,9,16,1,1
20260912_215351_529_traffic_scan_env2025_seed0-499_48352cd1,392,9,17,1,1
20260912_215351_529_traffic_scan_env2025_seed0-499_48352cd1,392,9,18,0,1
20260912_215351_529_traffic_scan_env2025_seed0-499_48352cd1,392,9,18,1,2
20260912_215351_529_traffic_scan_env2025_seed0-499_48352cd1,392,9,19,0,1
20260912_215351_529_traffic_scan_env2025_seed0-499_48352cd1,392,9,19,1,1
20260912_215351_529_traffic_scan_env2025_seed0-499_48352cd1,392,9,20,0,2
20260912_215351_529_traffic_scan_env2025_seed0-499_48352cd1,392,9,20,1,1
20260912_215351_529_traffic_scan_env2025_seed0-499_48352cd1,392,9,20,2,1
20260912_215351_529_traffic_scan_env2025_seed0-499_48352cd1,392,9,21,0,2
20260912_215351_529_traffic_scan_env2025_seed0-499_48352cd1,392,9,21,1,3
20260912_215351_529_traffic_scan_env2025_seed0-499_48352cd1,392,9,22,0,2
20260912_215351_529_traffic_scan_env2025_seed0-499_48352cd1,392,9,22,1,1
20260912_215351_529_traffic_scan_env2025_seed0-499_48352cd1,392,9,23,0,2
20260912_215351_529_traffic_scan_env2025_seed0-499_48352cd1,392,9,23,1,3
20260912_215351_529_traffic_scan_env2025_seed0-499_48352cd1,392,9,24,2,1
20260912_215351_529_traffic_scan_env2025_seed0-499_48352cd1,392,9,25,1,1
20260912_215351_529_traffic_scan_env2025_seed0-499_48352cd1,392,9,26,0,1
20260912_215351_529_traffic_scan_env2025_seed0-499_48352cd1,392,9,26,1,1
20260912_215351_529_traffic_scan_env2025_seed0-499_48352cd1,392,9,27,0,1
20260912_215351_529_traffic_scan_env2025_seed0-499_48352cd1,392,9,29,0,1
20260912_215351_529_traffic_scan_env2025_seed0-499_48352cd1,392,9,30,0,2
20260912_215351_529_traffic_scan_env2025_seed0-499_48352cd1,392,9,31,0,3
20260912_215351_529_traffic_scan_env2025_seed0-499_48352cd1,392,9,33,2,1
20260912_215351_529_traffic_scan_env2025_seed0-499_48352cd1,392,9,34,2,1
20260912_215351_529_traffic_scan_env2025_seed0-499_48352cd1,392,9,35,2,2
20260912_215351_529_traffic_scan_env2025_seed0-499_48352cd1,392,9,36,2,1
20260912_215351_529_traffic_scan_env2025_seed0-499_48352cd1,392,9,37,0,3
20260912_215351_529_traffic_scan_env2025_seed0-499_48352cd1,392,9,38,0,3
20260912_215351_529_traffic_scan_env2025_seed0-499_48352cd1,392,9,39,0,4
20260912_215351_529_traffic_scan_env2025_seed0-499_48352cd1,392,9,40,0,2
20260912_215351_529_traffic_scan_env2025_seed0-499_48352cd1,392,9,41,2,2
20260912_215351_529_traffic_scan_env2025_seed0-499_48352cd1,392,9,43,0,2
20260912_215351_529_traffic_scan_env2025_seed0-499_48352cd1,392,9,45,0,5
20260912_215351_529_traffic_scan_env2025_seed0-499_48352cd1,392,9,46,1,1
20260912_215351_529_traffic_scan_env2025_seed0-499_48352cd1,392,9,47,0,2
20260912_215351_529_traffic_scan_env2025_seed0-499_48352cd1,392,9,48,0,2
20260912_215351_529_traffic_scan_env2025_seed0-499_48352cd1,392,9,49,0,1
20260912_215351_529_traffic_scan_env2025_seed0-499_48352cd1,392,9,50,0,3
20260912_215351_529_traffic_scan_env2025_seed0-499_48352cd1,392,9,52,0,2
20260912_215351_529_traffic_scan_env2025_seed0-499_48352cd1,392,9,53,0,3
20260912_215351_529_traffic_scan_env2025_seed0-499_48352cd1,392,10,4,0,2
20260912_215351_529_traffic_scan_env2025_seed0-499_48352cd1,392,10,6,1,1
20260912_215351_529_traffic_scan_env2025_seed0-499_48352cd1,392,10,8,0,1
20260912_215351_529_traffic_scan_env2025_seed0-499_48352cd1,392,10,9,0,1
20260912_215351_529_traffic_scan_env2025_seed0-499_48352cd1,392,10,10,0,1
20260912_215351_529_traffic_scan_env2025_seed0-499_48352cd1,392,10,11,0,2
20260912_215351_529_traffic_scan_env2025_seed0-499_48352cd1,392,10,12,0,1
20260912_215351_529_traffic_scan_env2025_seed0-499_48352cd1,392,10,13,0,2
20260912_215351_529_traffic_scan_env2025_seed0-499_48352cd1,392,10,14,0,1
20260912_215351_529_traffic_scan_env2025_seed0-499_48352cd1,392,10,15,0,2
20260912_215351_529_traffic_scan_env2025_seed0-499_48352cd1,392,10,16,0,1
20260912_215351_529_traffic_scan_env2025_seed0-499_48352cd1,392,10,17,0,2
20260912_215351_529_traffic_scan_env2025_seed0-499_48352cd1,392,10,17,1,1
20260912_215351_529_traffic_scan_env2025_seed0-499_48352cd1,392,10,18,0,2
20260912_215351_529_traffic_scan_env2025_seed0-499_48352cd1,392,10,19,0,1
20260912_215351_529_traffic_scan_env2025_seed0-499_48352cd1,392,10,20,0,6
20260912_215351_529_traffic_scan_env2025_seed0-499_48352cd1,392,10,20,1,1
20260912_215351_529_traffic_scan_env2025_seed0-499_48352cd1,392,10,23,0,2
20260912_215351_529_traffic_scan_env2025_seed0-499_48352cd1,392,10,23,1,2
20260912_215351_529_traffic_scan_env2025_seed0-499_48352cd1,392,10,25,1,1
20260912_215351_529_traffic_scan_env2025_seed0-499_48352cd1,392,10,26,0,2
20260912_215351_529_traffic_scan_env2025_seed0-499_48352cd1,392,10,26,1,1
20260912_215351_529_traffic_scan_env2025_seed0-499_48352cd1,392,10,29,1,1
20260912_215351_529_traffic_scan_env2025_seed0-499_48352cd1,392,10,30,0,1
20260912_215351_529_traffic_scan_env2025_seed0-499_48352cd1,392,10,32,0,2
20260912_215351_529_traffic_scan_env2025_seed0-499_48352cd1,392,10,33,1,1
20260912_215351_529_traffic_scan_env2025_seed0-499_48352cd1,392,10,34,1,3
20260912_215351_529_traffic_scan_env2025_seed0-499_48352cd1,392,10,36,2,1
20260912_215351_529_traffic_scan_env2025_seed0-499_48352cd1,392,10,37,0,4
20260912_215351_529_traffic_scan_env2025_seed0-499_48352cd1,392,10,39,0,4
20260912_215351_529_traffic_scan_env2025_seed0-499_48352cd1,392,10,40,1,2
20260912_215351_529_traffic_scan_env2025_seed0-499_48352cd1,392,10,41,1,1
20260912_215351_529_traffic_scan_env2025_seed0-499_48352cd1,392,10,42,1,2
20260912_215351_529_traffic_scan_env2025_seed0-499_48352cd1,392,10,43,0,3
20260912_215351_529_traffic_scan_env2025_seed0-499_48352cd1,392,10,43,1,1
20260912_215351_529_traffic_scan_env2025_seed0-499_48352cd1,392,10,44,0,5
20260912_215351_529_traffic_scan_env2025_seed0-499_48352cd1,392,10,44,1,1
20260912_215351_529_traffic_scan_env2025_seed0-499_48352cd1,392,10,45,0,1
20260912_215351_529_traffic_scan_env2025_seed0-499_48352cd1,392,10,45,1,1
20260912_215351_529_traffic_scan_env2025_seed0-499_48352cd1,392,10,46,0,1
20260912_215351_529_traffic_scan_env2025_seed0-499_48352cd1,392,10,46,1,1
20260912_215351_529_traffic_scan_env2025_seed0-499_48352cd1,392,10,47,0,1
20260912_215351_529_traffic_scan_env2025_seed0-499_48352cd1,392,10,47,1,2
20260912_215351_529_traffic_scan_env2025_seed0-499_48352cd1,392,10,48,0,3
20260912_215351_529_traffic_scan_env2025_seed0-499_48352cd1,392,10,49,0,4
20260912_215351_529_traffic_scan_env2025_seed0-499_48352cd1,392,10,50,0,2
20260912_215351_529_traffic_scan_env2025_seed0-499_48352cd1,392,10,51,0,2
20260912_215351_529_traffic_scan_env2025_seed0-499_48352cd1,392,10,52,0,3
20260912_215351_529_traffic_scan_env2025_seed0-499_48352cd1,392,10,53,0,1
20260912_215351_529_traffic_scan_env2025_seed0-499_48352cd1,392,10,54,0,1
20260912_215351_529_traffic_scan_env2025_seed0-499_48352cd1,392,11,0,0,1
20260912_215351_529_traffic_scan_env2025_seed0-499_48352cd1,392,11,1,0,1
20260912_215351_529_traffic_scan_env2025_seed0-499_48352cd1,392,11,2,0,1
20260912_215351_529_traffic_scan_env2025_seed0-499_48352cd1,392,11,3,0,1
20260912_215351_529_traffic_scan_env2025_seed0-499_48352cd1,392,11,4,0,2
20260912_215351_529_traffic_scan_env2025_seed0-499_48352cd1,392,11,5,1,2
20260912_215351_529_traffic_scan_env2025_seed0-499_48352cd1,392,11,6,1,3
20260912_215351_529_traffic_scan_env2025_seed0-499_48352cd1,392,11,7,0,1
20260912_215351_529_traffic_scan_env2025_seed0-499_48352cd1,392,11,8,0,1
20260912_215351_529_traffic_scan_env2025_seed0-499_48352cd1,392,11,10,0,1
20260912_215351_529_traffic_scan_env2025_seed0-499_48352cd1,392,11,11,0,3
20260912_215351_529_traffic_scan_env2025_seed0-499_48352cd1,392,11,12,0,1
20260912_215351_529_traffic_scan_env2025_seed0-499_48352cd1,392,11,14,1,1
20260912_215351_529_traffic_scan_env2025_seed0-499_48352cd1,392,11,16,0,1
20260912_215351_529_traffic_scan_env2025_seed0-499_48352cd1,392,11,16,1,1
20260912_215351_529_traffic_scan_env2025_seed0-499_48352cd1,392,11,18,0,2
20260912_215351_529_traffic_scan_env2025_seed0-499_48352cd1,392,11,20,2,1
20260912_215351_529_traffic_scan_env2025_seed0-499_48352cd1,392,11,21,0,5
20260912_215351_529_traffic_scan_env2025_seed0-499_48352cd1,392,11,21,1,1
20260912_215351_529_traffic_scan_env2025_seed0-499_48352cd1,392,11,22,0,2
20260912_215351_529_traffic_scan_env2025_seed0-499_48352cd1,392,11,22,1,1
20260912_215351_529_traffic_scan_env2025_seed0-499_48352cd1,392,11,23,1,3
20260912_215351_529_traffic_scan_env2025_seed0-499_48352cd1,392,11,24,0,1
20260912_215351_529_traffic_scan_env2025_seed0-499_48352cd1,392,11,24,1,2
20260912_215351_529_traffic_scan_env2025_seed0-499_48352cd1,392,11,25,0,1
20260912_215351_529_traffic_scan_env2025_seed0-499_48352cd1,392,11,25,1,1
20260912_215351_529_traffic_scan_env2025_seed0-499_48352cd1,392,11,26,0,2
20260912_215351_529_traffic_scan_env2025_seed0-499_48352cd1,392,11,26,1,1
20260912_215351_529_traffic_scan_env2025_seed0-499_48352cd1,392,11,27,2,2
20260912_215351_529_traffic_scan_env2025_seed0-499_48352cd1,392,11,28,1,2
20260912_215351_529_traffic_scan_env2025_seed0-499_48352cd1,392,11,29,0,1
20260912_215351_529_traffic_scan_env2025_seed0-499_48352cd1,392,11,29,1,1
20260912_215351_529_traffic_scan_env2025_seed0-499_48352cd1,392,11,30,1,1
20260912_215351_529_traffic_scan_env2025_seed0-499_48352cd1,392,11,31,1,1
20260912_215351_529_traffic_scan_env2025_seed0-499_48352cd1,392,11,32,0,2
20260912_215351_529_traffic_scan_env2025_seed0-499_48352cd1,392,11,32,1,1
20260912_215351_529_traffic_scan_env2025_seed0-499_48352cd1,392,11,33,2,3
20260912_215351_529_traffic_scan_env2025_seed0-499_48352cd1,392,11,34,2,3
20260912_215351_529_traffic_scan_env2025_seed0-499_48352cd1,392,11,35,2,1
20260912_215351_529_traffic_scan_env2025_seed0-499_48352cd1,392,11,36,0,2
20260912_215351_529_traffic_scan_env2025_seed0-499_48352cd1,392,11,36,1,3
20260912_215351_529_traffic_scan_env2025_seed0-499_48352cd1,392,11,37,1,1
20260912_215351_529_traffic_scan_env2025_seed0-499_48352cd1,392,11,38,0,2
20260912_215351_529_traffic_scan_env2025_seed0-499_48352cd1,392,11,38,1,2
20260912_215351_529_traffic_scan_env2025_seed0-499_48352cd1,392,11,39,0,2
20260912_215351_529_traffic_scan_env2025_seed0-499_48352cd1,392,11,39,1,2
20260912_215351_529_traffic_scan_env2025_seed0-499_48352cd1,392,11,42,0,2
20260912_215351_529_traffic_scan_env2025_seed0-499_48352cd1,392,11,43,0,5
20260912_215351_529_traffic_scan_env2025_seed0-499_48352cd1,392,11,43,1,1
20260912_215351_529_traffic_scan_env2025_seed0-499_48352cd1,392,11,47,1,2
20260912_215351_529_traffic_scan_env2025_seed0-499_48352cd1,392,11,48,0,2
20260912_215351_529_traffic_scan_env2025_seed0-499_48352cd1,392,11,50,0,1
20260912_215351_529_traffic_scan_env2025_seed0-499_48352cd1,392,11,51,0,2
20260912_215351_529_traffic_scan_env2025_seed0-499_48352cd1,392,11,57,0,1
20260912_215351_529_traffic_scan_env2025_seed0-499_48352cd1,392,12,4,0,1
20260912_215351_529_traffic_scan_env2025_seed0-499_48352cd1,392,12,7,0,2
20260912_215351_529_traffic_scan_env2025_seed0-499_48352cd1,392,12,8,0,1
20260912_215351_529_traffic_scan_env2025_seed0-499_48352cd1,392,12,8,1,1
20260912_215351_529_traffic_scan_env2025_seed0-499_48352cd1,392,12,9,1,1
20260912_215351_529_traffic_scan_env2025_seed0-499_48352cd1,392,12,10,0,1
20260912_215351_529_traffic_scan_env2025_seed0-499_48352cd1,392,12,10,1,1
20260912_215351_529_traffic_scan_env2025_seed0-499_48352cd1,392,12,11,0,2
20260912_215351_529_traffic_scan_env2025_seed0-499_48352cd1,392,12,12,0,1
20260912_215351_529_traffic_scan_env2025_seed0-499_48352cd1,392,12,13,0,1
20260912_215351_529_traffic_scan_env2025_seed0-499_48352cd1,392,12,15,1,2
20260912_215351_529_traffic_scan_env2025_seed0-499_48352cd1,392,12,17,0,1
20260912_215351_529_traffic_scan_env2025_seed0-499_48352cd1,392,12,18,0,2
20260912_215351_529_traffic_scan_env2025_seed0-499_48352cd1,392,12,21,0,3
20260912_215351_529_traffic_scan_env2025_seed0-499_48352cd1,392,12,21,1,3
20260912_215351_529_traffic_scan_env2025_seed0-499_48352cd1,392,12,22,0,2
20260912_215351_529_traffic_scan_env2025_seed0-499_48352cd1,392,12,23,0,1
20260912_215351_529_traffic_scan_env2025_seed0-499_48352cd1,392,12,23,1,2
20260912_215351_529_traffic_scan_env2025_seed0-499_48352cd1,392,12,24,1,1
20260912_215351_529_traffic_scan_env2025_seed0-499_48352cd1,392,12,26,0,3
20260912_215351_529_traffic_scan_env2025_seed0-499_48352cd1,392,12,27,0,1
20260912_215351_529_traffic_scan_env2025_seed0-499_48352cd1,392,12,27,1,1
20260912_215351_529_traffic_scan_env2025_seed0-499_48352cd1,392,12,28,0,2
20260912_215351_529_traffic_scan_env2025_seed0-499_48352cd1,392,12,28,1,1
20260912_215351_529_traffic_scan_env2025_seed0-499_48352cd1,392,12,29,0,1
20260912_215351_529_traffic_scan_env2025_seed0-499_48352cd1,392,12,32,0,2
20260912_215351_529_traffic_scan_env2025_seed0-499_48352cd1,392,12,32,1,2
20260912_215351_529_traffic_scan_env2025_seed0-499_48352cd1,392,12,35,0,2
20260912_215351_529_traffic_scan_env2025_seed0-499_48352cd1,392,12,35,1,2
20260912_215351_529_traffic_scan_env2025_seed0-499_48352cd1,392,12,36,1,2
20260912_215351_529_traffic_scan_env2025_seed0-499_48352cd1,392,12,37,1,2
20260912_215351_529_traffic_scan_env2025_seed0-499_48352cd1,392,12,38,0,3
20260912_215351_529_traffic_scan_env2025_seed0-499_48352cd1,392,12,38,1,1
20260912_215351_529_traffic_scan_env2025_seed0-499_48352cd1,392,12,41,0,1
20260912_215351_529_traffic_scan_env2025_seed0-499_48352cd1,392,12,42,0,5
20260912_215351_529_traffic_scan_env2025_seed0-499_48352cd1,392,12,43,0,1
20260912_215351_529_traffic_scan_env2025_seed0-499_48352cd1,392,12,44,1,1
20260912_215351_529_traffic_scan_env2025_seed0-499_48352cd1,392,12,46,1,1
20260912_215351_529_traffic_scan_env2025_seed0-499_48352cd1,392,12,47,0,2
20260912_215351_529_traffic_scan_env2025_seed0-499_48352cd1,392,12,47,1,1
20260912_215351_529_traffic_scan_env2025_seed0-499_48352cd1,392,12,49,1,1
20260912_215351_529_traffic_scan_env2025_seed0-499_48352cd1,392,12,50,0,1
20260912_215351_529_traffic_scan_env2025_seed0-499_48352cd1,392,12,51,0,2
20260912_215351_529_traffic_scan_env2025_seed0-499_48352cd1,392,12,56,0,1
20260912_215351_529_traffic_scan_env2025_seed0-499_48352cd1,392,12,59,0,1
20260912_215351_529_traffic_scan_env2025_seed0-499_48352cd1,392,13,4,0,1
20260912_215351_529_traffic_scan_env2025_seed0-499_48352cd1,392,13,5,0,2
20260912_215351_529_traffic_scan_env2025_seed0-499_48352cd1,392,13,6,0,2
20260912_215351_529_traffic_scan_env2025_seed0-499_48352cd1,392,13,8,0,3
20260912_215351_529_traffic_scan_env2025_seed0-499_48352cd1,392,13,9,0,1
20260912_215351_529_traffic_scan_env2025_seed0-499_48352cd1,392,13,11,0,1
20260912_215351_529_traffic_scan_env2025_seed0-499_48352cd1,392,13,11,1,1
20260912_215351_529_traffic_scan_env2025_seed0-499_48352cd1,392,13,12,0,1
20260912_215351_529_traffic_scan_env2025_seed0-499_48352cd1,392,13,13,0,1
20260912_215351_529_traffic_scan_env2025_seed0-499_48352cd1,392,13,13,1,1
20260912_215351_529_traffic_scan_env2025_seed0-499_48352cd1,392,13,14,0,1
20260912_215351_529_traffic_scan_env2025_seed0-499_48352cd1,392,13,14,1,1
20260912_215351_529_traffic_scan_env2025_seed0-499_48352cd1,392,13,15,0,1
20260912_215351_529_traffic_scan_env2025_seed0-499_48352cd1,392,13,16,1,1
20260912_215351_529_traffic_scan_env2025_seed0-499_48352cd1,392,13,18,0,1
20260912_215351_529_traffic_scan_env2025_seed0-499_48352cd1,392,13,19,0,2
20260912_215351_529_traffic_scan_env2025_seed0-499_48352cd1,392,13,19,1,1
20260912_215351_529_traffic_scan_env2025_seed0-499_48352cd1,392,13,20,0,1
20260912_215351_529_traffic_scan_env2025_seed0-499_48352cd1,392,13,20,1,1
20260912_215351_529_traffic_scan_env2025_seed0-499_48352cd1,392,13,21,0,2
20260912_215351_529_traffic_scan_env2025_seed0-499_48352cd1,392,13,21,1,2
20260912_215351_529_traffic_scan_env2025_seed0-499_48352cd1,392,13,23,0,2
20260912_215351_529_traffic_scan_env2025_seed0-499_48352cd1,392,13,23,1,2
20260912_215351_529_traffic_scan_env2025_seed0-499_48352cd1,392,13,24,0,1
20260912_215351_529_traffic_scan_env2025_seed0-499_48352cd1,392,13,24,1,1
20260912_215351_529_traffic_scan_env2025_seed0-499_48352cd1,392,13,26,0,2
20260912_215351_529_traffic_scan_env2025_seed0-499_48352cd1,392,13,26,1,1
20260912_215351_529_traffic_scan_env2025_seed0-499_48352cd1,392,13,29,0,3
20260912_215351_529_traffic_scan_env2025_seed0-499_48352cd1,392,13,29,1,1
20260912_215351_529_traffic_scan_env2025_seed0-499_48352cd1,392,13,31,1,2
20260912_215351_529_traffic_scan_env2025_seed0-499_48352cd1,392,13,33,0,2
20260912_215351_529_traffic_scan_env2025_seed0-499_48352cd1,392,13,34,0,2
20260912_215351_529_traffic_scan_env2025_seed0-499_48352cd1,392,13,35,2,1
20260912_215351_529_traffic_scan_env2025_seed0-499_48352cd1,392,13,36,2,5
20260912_215351_529_traffic_scan_env2025_seed0-499_48352cd1,392,13,38,2,1
20260912_215351_529_traffic_scan_env2025_seed0-499_48352cd1,392,13,39,0,3
20260912_215351_529_traffic_scan_env2025_seed0-499_48352cd1,392,13,40,1,1
20260912_215351_529_traffic_scan_env2025_seed0-499_48352cd1,392,13,41,0,4
20260912_215351_529_traffic_scan_env2025_seed0-499_48352cd1,392,13,42,0,1
20260912_215351_529_traffic_scan_env2025_seed0-499_48352cd1,392,13,43,1,1
20260912_215351_529_traffic_scan_env2025_seed0-499_48352cd1,392,13,45,0,1
20260912_215351_529_traffic_scan_env2025_seed0-499_48352cd1,392,13,45,1,2
20260912_215351_529_traffic_scan_env2025_seed0-499_48352cd1,392,13,46,0,3
20260912_215351_529_traffic_scan_env2025_seed0-499_48352cd1,392,13,47,2,1
20260912_215351_529_traffic_scan_env2025_seed0-499_48352cd1,392,13,48,0,1
20260912_215351_529_traffic_scan_env2025_seed0-499_48352cd1,392,13,48,1,1
20260912_215351_529_traffic_scan_env2025_seed0-499_48352cd1,392,13,49,0,1
20260912_215351_529_traffic_scan_env2025_seed0-499_48352cd1,392,13,50,0,2
20260912_215351_529_traffic_scan_env2025_seed0-499_48352cd1,392,13,55,0,1
20260912_215351_529_traffic_scan_env2025_seed0-499_48352cd1,392,13,58,0,1
20260912_215351_529_traffic_scan_env2025_seed0-499_48352cd1,392,14,1,0,1
20260912_215351_529_traffic_scan_env2025_seed0-499_48352cd1,392,14,2,0,1
20260912_215351_529_traffic_scan_env2025_seed0-499_48352cd1,392,14,3,0,1
20260912_215351_529_traffic_scan_env2025_seed0-499_48352cd1,392,14,4,0,3
20260912_215351_529_traffic_scan_env2025_seed0-499_48352cd1,392,14,7,0,2
20260912_215351_529_traffic_scan_env2025_seed0-499_48352cd1,392,14,8,0,2
20260912_215351_529_traffic_scan_env2025_seed0-499_48352cd1,392,14,8,1,1
20260912_215351_529_traffic_scan_env2025_seed0-499_48352cd1,392,14,9,0,4
20260912_215351_529_traffic_scan_env2025_seed0-499_48352cd1,392,14,9,1,1
20260912_215351_529_traffic_scan_env2025_seed0-499_48352cd1,392,14,10,0,1
20260912_215351_529_traffic_scan_env2025_seed0-499_48352cd1,392,14,10,1,1
20260912_215351_529_traffic_scan_env2025_seed0-499_48352cd1,392,14,11,0,2
20260912_215351_529_traffic_scan_env2025_seed0-499_48352cd1,392,14,11,1,1
20260912_215351_529_traffic_scan_env2025_seed0-499_48352cd1,392,14,12,0,1
20260912_215351_529_traffic_scan_env2025_seed0-499_48352cd1,392,14,12,1,3
20260912_215351_529_traffic_scan_env2025_seed0-499_48352cd1,392,14,13,0,2
20260912_215351_529_traffic_scan_env2025_seed0-499_48352cd1,392,14,16,0,1
20260912_215351_529_traffic_scan_env2025_seed0-499_48352cd1,392,14,17,1,1
20260912_215351_529_traffic_scan_env2025_seed0-499_48352cd1,392,14,18,2,1
20260912_215351_529_traffic_scan_env2025_seed0-499_48352cd1,392,14,19,0,2
20260912_215351_529_traffic_scan_env2025_seed0-499_48352cd1,392,14,19,1,1
20260912_215351_529_traffic_scan_env2025_seed0-499_48352cd1,392,14,20,0,1
20260912_215351_529_traffic_scan_env2025_seed0-499_48352cd1,392,14,21,0,1
20260912_215351_529_traffic_scan_env2025_seed0-499_48352cd1,392,14,21,1,2
20260912_215351_529_traffic_scan_env2025_seed0-499_48352cd1,392,14,22,0,1
20260912_215351_529_traffic_scan_env2025_seed0-499_48352cd1,392,14,23,1,2
20260912_215351_529_traffic_scan_env2025_seed0-499_48352cd1,392,14,24,0,2
20260912_215351_529_traffic_scan_env2025_seed0-499_48352cd1,392,14,24,1,1
20260912_215351_529_traffic_scan_env2025_seed0-499_48352cd1,392,14,25,0,1
20260912_215351_529_traffic_scan_env2025_seed0-499_48352cd1,392,14,25,1,1
20260912_215351_529_traffic_scan_env2025_seed0-499_48352cd1,392,14,26,0,2
20260912_215351_529_traffic_scan_env2025_seed0-499_48352cd1,392,14,29,0,2
20260912_215351_529_traffic_scan_env2025_seed0-499_48352cd1,392,14,30,0,1
20260912_215351_529_traffic_scan_env2025_seed0-499_48352cd1,392,14,30,1,3
20260912_215351_529_traffic_scan_env2025_seed0-499_48352cd1,392,14,33,0,4
20260912_215351_529_traffic_scan_env2025_seed0-499_48352cd1,392,14,36,2,4
20260912_215351_529_traffic_scan_env2025_seed0-499_48352cd1,392,14,37,1,3
20260912_215351_529_traffic_scan_env2025_seed0-499_48352cd1,392,14,39,0,2
20260912_215351_529_traffic_scan_env2025_seed0-499_48352cd1,392,14,39,1,1
20260912_215351_529_traffic_scan_env2025_seed0-499_48352cd1,392,14,40,0,5
20260912_215351_529_traffic_scan_env2025_seed0-499_48352cd1,392,14,42,0,1
20260912_215351_529_traffic_scan_env2025_seed0-499_48352cd1,392,14,43,1,1
20260912_215351_529_traffic_scan_env2025_seed0-499_48352cd1,392,14,44,0,1
20260912_215351_529_traffic_scan_env2025_seed0-499_48352cd1,392,14,44,1,1
20260912_215351_529_traffic_scan_env2025_seed0-499_48352cd1,392,14,45,0,3
20260912_215351_529_traffic_scan_env2025_seed0-499_48352cd1,392,14,46,1,1
20260912_215351_529_traffic_scan_env2025_seed0-499_48352cd1,392,14,47,0,1
20260912_215351_529_traffic_scan_env2025_seed0-499_48352cd1,392,14,47,1,2
20260912_215351_529_traffic_scan_env2025_seed0-499_48352cd1,392,14,48,0,1
20260912_215351_529_traffic_scan_env2025_seed0-499_48352cd1,392,14,49,0,1
20260912_215351_529_traffic_scan_env2025_seed0-499_48352cd1,392,14,50,0,1
20260912_215351_529_traffic_scan_env2025_seed0-499_48352cd1,392,14,53,0,1
20260912_215351_529_traffic_scan_env2025_seed0-499_48352cd1,392,14,54,0,2
20260912_215351_529_traffic_scan_env2025_seed0-499_48352cd1,392,14,55,0,1
20260912_215351_529_traffic_scan_env2025_seed0-499_48352cd1,392,14,56,0,2
20260912_215351_529_traffic_scan_env2025_seed0-499_48352cd1,392,14,57,0,2
20260912_215351_529_traffic_scan_env2025_seed0-499_48352cd1,392,14,58,0,2
20260912_215351_529_traffic_scan_env2025_seed0-499_48352cd1,392,14,59,0,1
20260912_215351_529_traffic_scan_env2025_seed0-499_48352cd1,392,15,4,0,1
20260912_215351_529_traffic_scan_env2025_seed0-499_48352cd1,392,15,7,0,1
20260912_215351_529_traffic_scan_env2025_seed0-499_48352cd1,392,15,10,0,3
20260912_215351_529_traffic_scan_env2025_seed0-499_48352cd1,392,15,11,0,1
20260912_215351_529_traffic_scan_env2025_seed0-499_48352cd1,392,15,11,1,1
20260912_215351_529_traffic_scan_env2025_seed0-499_48352cd1,392,15,13,0,3
20260912_215351_529_traffic_scan_env2025_seed0-499_48352cd1,392,15,13,1,2
20260912_215351_529_traffic_scan_env2025_seed0-499_48352cd1,392,15,16,1,2
20260912_215351_529_traffic_scan_env2025_seed0-499_48352cd1,392,15,17,0,1
20260912_215351_529_traffic_scan_env2025_seed0-499_48352cd1,392,15,17,1,3
20260912_215351_529_traffic_scan_env2025_seed0-499_48352cd1,392,15,18,0,2
20260912_215351_529_traffic_scan_env2025_seed0-499_48352cd1,392,15,18,1,3
20260912_215351_529_traffic_scan_env2025_seed0-499_48352cd1,392,15,19,2,1
20260912_215351_529_traffic_scan_env2025_seed0-499_48352cd1,392,15,20,2,1
20260912_215351_529_traffic_scan_env2025_seed0-499_48352cd1,392,15,21,0,1
20260912_215351_529_traffic_scan_env2025_seed0-499_48352cd1,392,15,21,1,2
20260912_215351_529_traffic_scan_env2025_seed0-499_48352cd1,392,15,22,1,2
20260912_215351_529_traffic_scan_env2025_seed0-499_48352cd1,392,15,23,1,2
20260912_215351_529_traffic_scan_env2025_seed0-499_48352cd1,392,15,24,1,2
20260912_215351_529_traffic_scan_env2025_seed0-499_48352cd1,392,15,25,0,2
20260912_215351_529_traffic_scan_env2025_seed0-499_48352cd1,392,15,26,0,3
20260912_215351_529_traffic_scan_env2025_seed0-499_48352cd1,392,15,27,0,1
20260912_215351_529_traffic_scan_env2025_seed0-499_48352cd1,392,15,28,0,1
20260912_215351_529_traffic_scan_env2025_seed0-499_48352cd1,392,15,29,0,1
20260912_215351_529_traffic_scan_env2025_seed0-499_48352cd1,392,15,29,1,2
20260912_215351_529_traffic_scan_env2025_seed0-499_48352cd1,392,15,31,0,1
20260912_215351_529_traffic_scan_env2025_seed0-499_48352cd1,392,15,31,1,1
20260912_215351_529_traffic_scan_env2025_seed0-499_48352cd1,392,15,32,0,2
20260912_215351_529_traffic_scan_env2025_seed0-499_48352cd1,392,15,34,0,2
20260912_215351_529_traffic_scan_env2025_seed0-499_48352cd1,392,15,35,1,3
20260912_215351_529_traffic_scan_env2025_seed0-499_48352cd1,392,15,36,0,1
20260912_215351_529_traffic_scan_env2025_seed0-499_48352cd1,392,15,36,1,2
20260912_215351_529_traffic_scan_env2025_seed0-499_48352cd1,392,15,38,0,1
20260912_215351_529_traffic_scan_env2025_seed0-499_48352cd1,392,15,38,1,1
20260912_215351_529_traffic_scan_env2025_seed0-499_48352cd1,392,15,39,0,6
20260912_215351_529_traffic_scan_env2025_seed0-499_48352cd1,392,15,41,0,1
20260912_215351_529_traffic_scan_env2025_seed0-499_48352cd1,392,15,42,0,1
20260912_215351_529_traffic_scan_env2025_seed0-499_48352cd1,392,15,43,0,1
20260912_215351_529_traffic_scan_env2025_seed0-499_48352cd1,392,15,43,1,2
20260912_215351_529_traffic_scan_env2025_seed0-499_48352cd1,392,15,44,0,6
20260912_215351_529_traffic_scan_env2025_seed0-499_48352cd1,392,15,45,0,3
20260912_215351_529_traffic_scan_env2025_seed0-499_48352cd1,392,15,46,0,1
20260912_215351_529_traffic_scan_env2025_seed0-499_48352cd1,392,15,46,1,1
20260912_215351_529_traffic_scan_env2025_seed0-499_48352cd1,392,15,47,0,1
20260912_215351_529_traffic_scan_env2025_seed0-499_48352cd1,392,15,47,1,2
20260912_215351_529_traffic_scan_env2025_seed0-499_48352cd1,392,15,48,0,1
20260912_215351_529_traffic_scan_env2025_seed0-499_48352cd1,392,15,49,0,1
20260912_215351_529_traffic_scan_env2025_seed0-499_48352cd1,392,15,50,0,2
20260912_215351_529_traffic_scan_env2025_seed0-499_48352cd1,392,15,51,0,2
20260912_215351_529_traffic_scan_env2025_seed0-499_48352cd1,392,15,52,0,2
20260912_215351_529_traffic_scan_env2025_seed0-499_48352cd1,392,15,53,0,3
20260912_215351_529_traffic_scan_env2025_seed0-499_48352cd1,392,15,54,0,1
20260912_215351_529_traffic_scan_env2025_seed0-499_48352cd1,392,15,55,0,1
20260912_215351_529_traffic_scan_env2025_seed0-499_48352cd1,392,15,57,0,1
20260912_215351_529_traffic_scan_env2025_seed0-499_48352cd1,392,16,4,0,1
20260912_215351_529_traffic_scan_env2025_seed0-499_48352cd1,392,16,7,0,1
20260912_215351_529_traffic_scan_env2025_seed0-499_48352cd1,392,16,10,0,1
20260912_215351_529_traffic_scan_env2025_seed0-499_48352cd1,392,16,10,1,2
20260912_215351_529_traffic_scan_env2025_seed0-499_48352cd1,392,16,11,0,3
20260912_215351_529_traffic_scan_env2025_seed0-499_48352cd1,392,16,11,1,1
20260912_215351_529_traffic_scan_env2025_seed0-499_48352cd1,392,16,12,1,1
20260912_215351_529_traffic_scan_env2025_seed0-499_48352cd1,392,16,13,1,1
20260912_215351_529_traffic_scan_env2025_seed0-499_48352cd1,392,16,14,0,2
20260912_215351_529_traffic_scan_env2025_seed0-499_48352cd1,392,16,14,1,4
20260912_215351_529_traffic_scan_env2025_seed0-499_48352cd1,392,16,15,1,3
20260912_215351_529_traffic_scan_env2025_seed0-499_48352cd1,392,16,16,1,2
20260912_215351_529_traffic_scan_env2025_seed0-499_48352cd1,392,16,17,0,1
20260912_215351_529_traffic_scan_env2025_seed0-499_48352cd1,392,16,17,1,1
20260912_215351_529_traffic_scan_env2025_seed0-499_48352cd1,392,16,18,0,2
20260912_215351_529_traffic_scan_env2025_seed0-499_48352cd1,392,16,18,1,1
20260912_215351_529_traffic_scan_env2025_seed0-499_48352cd1,392,16,19,1,3
20260912_215351_529_traffic_scan_env2025_seed0-499_48352cd1,392,16,20,1,2
20260912_215351_529_traffic_scan_env2025_seed0-499_48352cd1,392,16,21,1,4
20260912_215351_529_traffic_scan_env2025_seed0-499_48352cd1,392,16,22,0,1
20260912_215351_529_traffic_scan_env2025_seed0-499_48352cd1,392,16,22,1,3
20260912_215351_529_traffic_scan_env2025_seed0-499_48352cd1,392,16,23,1,4
20260912_215351_529_traffic_scan_env2025_seed0-499_48352cd1,392,16,24,1,2
20260912_215351_529_traffic_scan_env2025_seed0-499_48352cd1,392,16,25,1,1
20260912_215351_529_traffic_scan_env2025_seed0-499_48352cd1,392,16,26,1,5
20260912_215351_529_traffic_scan_env2025_seed0-499_48352cd1,392,16,27,0,4
20260912_215351_529_traffic_scan_env2025_seed0-499_48352cd1,392,16,28,0,1
20260912_215351_529_traffic_scan_env2025_seed0-499_48352cd1,392,16,28,1,2
20260912_215351_529_traffic_scan_env2025_seed0-499_48352cd1,392,16,29,0,2
20260912_215351_529_traffic_scan_env2025_seed0-499_48352cd1,392,16,30,0,1
20260912_215351_529_traffic_scan_env2025_seed0-499_48352cd1,392,16,31,0,3
20260912_215351_529_traffic_scan_env2025_seed0-499_48352cd1,392,16,32,0,2
20260912_215351_529_traffic_scan_env2025_seed0-499_48352cd1,392,16,32,1,1
20260912_215351_529_traffic_scan_env2025_seed0-499_48352cd1,392,16,33,0,1
20260912_215351_529_traffic_scan_env2025_seed0-499_48352cd1,392,16,34,0,1
20260912_215351_529_traffic_scan_env2025_seed0-499_48352cd1,392,16,34,1,2
20260912_215351_529_traffic_scan_env2025_seed0-499_48352cd1,392,16,35,0,3
20260912_215351_529_traffic_scan_env2025_seed0-499_48352cd1,392,16,35,1,2
20260912_215351_529_traffic_scan_env2025_seed0-499_48352cd1,392,16,36,0,2
20260912_215351_529_traffic_scan_env2025_seed0-499_48352cd1,392,16,36,1,1
20260912_215351_529_traffic_scan_env2025_seed0-499_48352cd1,392,16,37,0,6
20260912_215351_529_traffic_scan_env2025_seed0-499_48352cd1,392,16,37,1,1
20260912_215351_529_traffic_scan_env2025_seed0-499_48352cd1,392,16,38,0,7
20260912_215351_529_traffic_scan_env2025_seed0-499_48352cd1,392,16,39,0,2
20260912_215351_529_traffic_scan_env2025_seed0-499_48352cd1,392,16,40,0,1
20260912_215351_529_traffic_scan_env2025_seed0-499_48352cd1,392,16,40,1,2
20260912_215351_529_traffic_scan_env2025_seed0-499_48352cd1,392,16,41,0,2
20260912_215351_529_traffic_scan_env2025_seed0-499_48352cd1,392,16,42,0,3
20260912_215351_529_traffic_scan_env2025_seed0-499_48352cd1,392,16,42,1,1
20260912_215351_529_traffic_scan_env2025_seed0-499_48352cd1,392,16,43,0,6
20260912_215351_529_traffic_scan_env2025_seed0-499_48352cd1,392,16,43,1,1
20260912_215351_529_traffic_scan_env2025_seed0-499_48352cd1,392,16,45,2,1
20260912_215351_529_traffic_scan_env2025_seed0-499_48352cd1,392,16,46,0,2
20260912_215351_529_traffic_scan_env2025_seed0-499_48352cd1,392,16,47,0,2
20260912_215351_529_traffic_scan_env2025_seed0-499_48352cd1,392,16,47,1,1
20260912_215351_529_traffic_scan_env2025_seed0-499_48352cd1,392,16,48,0,2
20260912_215351_529_traffic_scan_env2025_seed0-499_48352cd1,392,16,48,1,1
20260912_215351_529_traffic_scan_env2025_seed0-499_48352cd1,392,16,49,0,1
20260912_215351_529_traffic_scan_env2025_seed0-499_48352cd1,392,16,49,1,1
20260912_215351_529_traffic_scan_env2025_seed0-499_48352cd1,392,16,52,1,2
20260912_215351_529_traffic_scan_env2025_seed0-499_48352cd1,392,16,56,0,1
20260912_215351_529_traffic_scan_env2025_seed0-499_48352cd1,392,17,2,0,1
20260912_215351_529_traffic_scan_env2025_seed0-499_48352cd1,392,17,3,0,1
20260912_215351_529_traffic_scan_env2025_seed0-499_48352cd1,392,17,4,0,2
20260912_215351_529_traffic_scan_env2025_seed0-499_48352cd1,392,17,6,0,3
20260912_215351_529_traffic_scan_env2025_seed0-499_48352cd1,392,17,7,0,1
20260912_215351_529_traffic_scan_env2025_seed0-499_48352cd1,392,17,9,0,1
20260912_215351_529_traffic_scan_env2025_seed0-499_48352cd1,392,17,9,1,2
20260912_215351_529_traffic_scan_env2025_seed0-499_48352cd1,392,17,11,0,1
20260912_215351_529_traffic_scan_env2025_seed0-499_48352cd1,392,17,12,0,2
20260912_215351_529_traffic_scan_env2025_seed0-499_48352cd1,392,17,15,0,2
20260912_215351_529_traffic_scan_env2025_seed0-499_48352cd1,392,17,15,1,2
20260912_215351_529_traffic_scan_env2025_seed0-499_48352cd1,392,17,16,0,1
20260912_215351_529_traffic_scan_env2025_seed0-499_48352cd1,392,17,18,0,2
20260912_215351_529_traffic_scan_env2025_seed0-499_48352cd1,392,17,20,1,2
20260912_215351_529_traffic_scan_env2025_seed0-499_48352cd1,392,17,21,1,3
20260912_215351_529_traffic_scan_env2025_seed0-499_48352cd1,392,17,22,1,5
20260912_215351_529_traffic_scan_env2025_seed0-499_48352cd1,392,17,23,2,3
20260912_215351_529_traffic_scan_env2025_seed0-499_48352cd1,392,17,26,1,3
20260912_215351_529_traffic_scan_env2025_seed0-499_48352cd1,392,17,27,0,1
20260912_215351_529_traffic_scan_env2025_seed0-499_48352cd1,392,17,27,1,4
20260912_215351_529_traffic_scan_env2025_seed0-499_48352cd1,392,17,28,0,1
20260912_215351_529_traffic_scan_env2025_seed0-499_48352cd1,392,17,29,0,1
20260912_215351_529_traffic_scan_env2025_seed0-499_48352cd1,392,17,30,0,2
20260912_215351_529_traffic_scan_env2025_seed0-499_48352cd1,392,17,33,0,1
20260912_215351_529_traffic_scan_env2025_seed0-499_48352cd1,392,17,33,1,3
20260912_215351_529_traffic_scan_env2025_seed0-499_48352cd1,392,17,35,1,2
20260912_215351_529_traffic_scan_env2025_seed0-499_48352cd1,392,17,36,0,8
20260912_215351_529_traffic_scan_env2025_seed0-499_48352cd1,392,17,36,1,2
20260912_215351_529_traffic_scan_env2025_seed0-499_48352cd1,392,17,39,0,2
20260912_215351_529_traffic_scan_env2025_seed0-499_48352cd1,392,17,39,1,1
20260912_215351_529_traffic_scan_env2025_seed0-499_48352cd1,392,17,40,0,3
20260912_215351_529_traffic_scan_env2025_seed0-499_48352cd1,392,17,40,1,2
20260912_215351_529_traffic_scan_env2025_seed0-499_48352cd1,392,17,41,0,1
20260912_215351_529_traffic_scan_env2025_seed0-499_48352cd1,392,17,41,1,2
20260912_215351_529_traffic_scan_env2025_seed0-499_48352cd1,392,17,42,0,6
20260912_215351_529_traffic_scan_env2025_seed0-499_48352cd1,392,17,43,1,1
20260912_215351_529_traffic_scan_env2025_seed0-499_48352cd1,392,17,44,2,1
20260912_215351_529_traffic_scan_env2025_seed0-499_48352cd1,392,17,46,0,1
20260912_215351_529_traffic_scan_env2025_seed0-499_48352cd1,392,17,47,0,1
20260912_215351_529_traffic_scan_env2025_seed0-499_48352cd1,392,17,47,1,1
20260912_215351_529_traffic_scan_env2025_seed0-499_48352cd1,392,17,48,2,1
20260912_215351_529_traffic_scan_env2025_seed0-499_48352cd1,392,17,49,2,1
20260912_215351_529_traffic_scan_env2025_seed0-499_48352cd1,392,17,51,2,2
20260912_215351_529_traffic_scan_env2025_seed0-499_48352cd1,392,17,55,0,1
20260912_215351_529_traffic_scan_env2025_seed0-499_48352cd1,392,18,4,0,1
20260912_215351_529_traffic_scan_env2025_seed0-499_48352cd1,392,18,5,0,3
20260912_215351_529_traffic_scan_env2025_seed0-499_48352cd1,392,18,7,0,2
20260912_215351_529_traffic_scan_env2025_seed0-499_48352cd1,392,18,8,1,2
20260912_215351_529_traffic_scan_env2025_seed0-499_48352cd1,392,18,9,1,1
20260912_215351_529_traffic_scan_env2025_seed0-499_48352cd1,392,18,10,0,1
20260912_215351_529_traffic_scan_env2025_seed0-499_48352cd1,392,18,13,0,2
20260912_215351_529_traffic_scan_env2025_seed0-499_48352cd1,392,18,14,1,1
20260912_215351_529_traffic_scan_env2025_seed0-499_48352cd1,392,18,15,0,1
20260912_215351_529_traffic_scan_env2025_seed0-499_48352cd1,392,18,16,0,2
20260912_215351_529_traffic_scan_env2025_seed0-499_48352cd1,392,18,16,1,1
20260912_215351_529_traffic_scan_env2025_seed0-499_48352cd1,392,18,19,0,2
20260912_215351_529_traffic_scan_env2025_seed0-499_48352cd1,392,18,20,1,1
20260912_215351_529_traffic_scan_env2025_seed0-499_48352cd1,392,18,21,1,4
20260912_215351_529_traffic_scan_env2025_seed0-499_48352cd1,392,18,22,1,3
20260912_215351_529_traffic_scan_env2025_seed0-499_48352cd1,392,18,23,2,5
20260912_215351_529_traffic_scan_env2025_seed0-499_48352cd1,392,18,26,0,1
20260912_215351_529_traffic_scan_env2025_seed0-499_48352cd1,392,18,26,1,5
20260912_215351_529_traffic_scan_env2025_seed0-499_48352cd1,392,18,27,2,2
20260912_215351_529_traffic_scan_env2025_seed0-499_48352cd1,392,18,29,0,4
20260912_215351_529_traffic_scan_env2025_seed0-499_48352cd1,392,18,32,1,2
20260912_215351_529_traffic_scan_env2025_seed0-499_48352cd1,392,18,34,0,1
20260912_215351_529_traffic_scan_env2025_seed0-499_48352cd1,392,18,34,1,2
20260912_215351_529_traffic_scan_env2025_seed0-499_48352cd1,392,18,35,0,5
20260912_215351_529_traffic_scan_env2025_seed0-499_48352cd1,392,18,35,1,3
20260912_215351_529_traffic_scan_env2025_seed0-499_48352cd1,392,18,36,0,3
20260912_215351_529_traffic_scan_env2025_seed0-499_48352cd1,392,18,36,1,1
20260912_215351_529_traffic_scan_env2025_seed0-499_48352cd1,392,18,40,2,5
20260912_215351_529_traffic_scan_env2025_seed0-499_48352cd1,392,18,41,0,7
20260912_215351_529_traffic_scan_env2025_seed0-499_48352cd1,392,18,42,0,1
20260912_215351_529_traffic_scan_env2025_seed0-499_48352cd1,392,18,43,0,1
20260912_215351_529_traffic_scan_env2025_seed0-499_48352cd1,392,18,43,1,1
20260912_215351_529_traffic_scan_env2025_seed0-499_48352cd1,392,18,45,0,1
20260912_215351_529_traffic_scan_env2025_seed0-499_48352cd1,392,18,47,0,1
20260912_215351_529_traffic_scan_env2025_seed0-499_48352cd1,392,18,47,1,2
20260912_215351_529_traffic_scan_env2025_seed0-499_48352cd1,392,18,50,1,3
20260912_215351_529_traffic_scan_env2025_seed0-499_48352cd1,392,18,55,0,1
20260912_215351_529_traffic_scan_env2025_seed0-499_48352cd1,392,19,1,0,1
20260912_215351_529_traffic_scan_env2025_seed0-499_48352cd1,392,19,2,0,1
20260912_215351_529_traffic_scan_env2025_seed0-499_48352cd1,392,19,3,0,2
20260912_215351_529_traffic_scan_env2025_seed0-499_48352cd1,392,19,4,0,1
20260912_215351_529_traffic_scan_env2025_seed0-499_48352cd1,392,19,5,0,2
20260912_215351_529_traffic_scan_env2025_seed0-499_48352cd1,392,19,6,0,2
20260912_215351_529_traffic_scan_env2025_seed0-499_48352cd1,392,19,8,1,1
20260912_215351_529_traffic_scan_env2025_seed0-499_48352cd1,392,19,9,1,1
20260912_215351_529_traffic_scan_env2025_seed0-499_48352cd1,392,19,10,0,1
20260912_215351_529_traffic_scan_env2025_seed0-499_48352cd1,392,19,13,1,1
20260912_215351_529_traffic_scan_env2025_seed0-499_48352cd1,392,19,14,0,3
20260912_215351_529_traffic_scan_env2025_seed0-499_48352cd1,392,19,16,0,1
20260912_215351_529_traffic_scan_env2025_seed0-499_48352cd1,392,19,17,0,3
20260912_215351_529_traffic_scan_env2025_seed0-499_48352cd1,392,19,17,1,1
20260912_215351_529_traffic_scan_env2025_seed0-499_48352cd1,392,19,19,0,1
20260912_215351_529_traffic_scan_env2025_seed0-499_48352cd1,392,19,20,0,2
20260912_215351_529_traffic_scan_env2025_seed0-499_48352cd1,392,19,21,0,1
20260912_215351_529_traffic_scan_env2025_seed0-499_48352cd1,392,19,21,1,2
20260912_215351_529_traffic_scan_env2025_seed0-499_48352cd1,392,19,22,0,2
20260912_215351_529_traffic_scan_env2025_seed0-499_48352cd1,392,19,22,1,1
20260912_215351_529_traffic_scan_env2025_seed0-499_48352cd1,392,19,23,0,1
20260912_215351_529_traffic_scan_env2025_seed0-499_48352cd1,392,19,23,1,3
20260912_215351_529_traffic_scan_env2025_seed0-499_48352cd1,392,19,24,0,1
20260912_215351_529_traffic_scan_env2025_seed0-499_48352cd1,392,19,24,1,2
20260912_215351_529_traffic_scan_env2025_seed0-499_48352cd1,392,19,25,0,1
20260912_215351_529_traffic_scan_env2025_seed0-499_48352cd1,392,19,25,1,4
20260912_215351_529_traffic_scan_env2025_seed0-499_48352cd1,392,19,26,0,1
20260912_215351_529_traffic_scan_env2025_seed0-499_48352cd1,392,19,26,1,3
20260912_215351_529_traffic_scan_env2025_seed0-499_48352cd1,392,19,27,0,1
20260912_215351_529_traffic_scan_env2025_seed0-499_48352cd1,392,19,28,0,2
20260912_215351_529_traffic_scan_env2025_seed0-499_48352cd1,392,19,28,1,2
20260912_215351_529_traffic_scan_env2025_seed0-499_48352cd1,392,19,29,0,1
20260912_215351_529_traffic_scan_env2025_seed0-499_48352cd1,392,19,30,1,1
20260912_215351_529_traffic_scan_env2025_seed0-499_48352cd1,392,19,31,1,2
20260912_215351_529_traffic_scan_env2025_seed0-499_48352cd1,392,19,33,1,1
20260912_215351_529_traffic_scan_env2025_seed0-499_48352cd1,392,19,34,0,5
20260912_215351_529_traffic_scan_env2025_seed0-499_48352cd1,392,19,34,1,1
20260912_215351_529_traffic_scan_env2025_seed0-499_48352cd1,392,19,35,0,1
20260912_215351_529_traffic_scan_env2025_seed0-499_48352cd1,392,19,35,1,1
20260912_215351_529_traffic_scan_env2025_seed0-499_48352cd1,392,19,36,0,1
20260912_215351_529_traffic_scan_env2025_seed0-499_48352cd1,392,19,36,1,2
20260912_215351_529_traffic_scan_env2025_seed0-499_48352cd1,392,19,37,0,2
20260912_215351_529_traffic_scan_env2025_seed0-499_48352cd1,392,19,38,0,2
20260912_215351_529_traffic_scan_env2025_seed0-499_48352cd1,392,19,39,1,5
20260912_215351_529_traffic_scan_env2025_seed0-499_48352cd1,392,19,41,0,5
20260912_215351_529_traffic_scan_env2025_seed0-499_48352cd1,392,19,42,0,1
20260912_215351_529_traffic_scan_env2025_seed0-499_48352cd1,392,19,42,1,1
20260912_215351_529_traffic_scan_env2025_seed0-499_48352cd1,392,19,44,0,2
20260912_215351_529_traffic_scan_env2025_seed0-499_48352cd1,392,19,46,1,1
20260912_215351_529_traffic_scan_env2025_seed0-499_48352cd1,392,19,47,1,1
20260912_215351_529_traffic_scan_env2025_seed0-499_48352cd1,392,19,48,0,1
20260912_215351_529_traffic_scan_env2025_seed0-499_48352cd1,392,19,49,1,2
20260912_215351_529_traffic_scan_env2025_seed0-499_48352cd1,392,19,51,1,1
20260912_215351_529_traffic_scan_env2025_seed0-499_48352cd1,392,19,54,0,1
20260912_215351_529_traffic_scan_env2025_seed0-499_48352cd1,392,20,2,0,1
20260912_215351_529_traffic_scan_env2025_seed0-499_48352cd1,392,20,5,0,2
20260912_215351_529_traffic_scan_env2025_seed0-499_48352cd1,392,20,7,0,1
20260912_215351_529_traffic_scan_env2025_seed0-499_48352cd1,392,20,9,1,2
20260912_215351_529_traffic_scan_env2025_seed0-499_48352cd1,392,20,10,0,1
20260912_215351_529_traffic_scan_env2025_seed0-499_48352cd1,392,20,12,1,1
20260912_215351_529_traffic_scan_env2025_seed0-499_48352cd1,392,20,13,0,2
20260912_215351_529_traffic_scan_env2025_seed0-499_48352cd1,392,20,15,0,2
20260912_215351_529_traffic_scan_env2025_seed0-499_48352cd1,392,20,18,0,3
20260912_215351_529_traffic_scan_env2025_seed0-499_48352cd1,392,20,18,1,1
20260912_215351_529_traffic_scan_env2025_seed0-499_48352cd1,392,20,19,0,2
20260912_215351_529_traffic_scan_env2025_seed0-499_48352cd1,392,20,21,0,2
20260912_215351_529_traffic_scan_env2025_seed0-499_48352cd1,392,20,21,1,1
20260912_215351_529_traffic_scan_env2025_seed0-499_48352cd1,392,20,22,0,1
20260912_215351_529_traffic_scan_env2025_seed0-499_48352cd1,392,20,22,1,2
20260912_215351_529_traffic_scan_env2025_seed0-499_48352cd1,392,20,23,0,1
20260912_215351_529_traffic_scan_env2025_seed0-499_48352cd1,392,20,23,1,3
20260912_215351_529_traffic_scan_env2025_seed0-499_48352cd1,392,20,24,2,3
20260912_215351_529_traffic_scan_env2025_seed0-499_48352cd1,392,20,25,1,1
20260912_215351_529_traffic_scan_env2025_seed0-499_48352cd1,392,20,26,1,2
20260912_215351_529_traffic_scan_env2025_seed0-499_48352cd1,392,20,27,0,4
20260912_215351_529_traffic_scan_env2025_seed0-499_48352cd1,392,20,27,1,1
20260912_215351_529_traffic_scan_env2025_seed0-499_48352cd1,392,20,29,1,3
20260912_215351_529_traffic_scan_env2025_seed0-499_48352cd1,392,20,30,1,4
20260912_215351_529_traffic_scan_env2025_seed0-499_48352cd1,392,20,31,1,3
20260912_215351_529_traffic_scan_env2025_seed0-499_48352cd1,392,20,32,1,1
20260912_215351_529_traffic_scan_env2025_seed0-499_48352cd1,392,20,33,0,5
20260912_215351_529_traffic_scan_env2025_seed0-499_48352cd1,392,20,33,1,1
20260912_215351_529_traffic_scan_env2025_seed0-499_48352cd1,392,20,35,1,1
20260912_215351_529_traffic_scan_env2025_seed0-499_48352cd1,392,20,36,0,2
20260912_215351_529_traffic_scan_env2025_seed0-499_48352cd1,392,20,36,1,1
20260912_215351_529_traffic_scan_env2025_seed0-499_48352cd1,392,20,37,0,3
20260912_215351_529_traffic_scan_env2025_seed0-499_48352cd1,392,20,37,1,2
20260912_215351_529_traffic_scan_env2025_seed0-499_48352cd1,392,20,39,0,2
20260912_215351_529_traffic_scan_env2025_seed0-499_48352cd1,392,20,39,1,1
20260912_215351_529_traffic_scan_env2025_seed0-499_48352cd1,392,20,40,0,3
20260912_215351_529_traffic_scan_env2025_seed0-499_48352cd1,392,20,41,0,3
20260912_215351_529_traffic_scan_env2025_seed0-499_48352cd1,392,20,41,1,1
20260912_215351_529_traffic_scan_env2025_seed0-499_48352cd1,392,20,43,0,1
20260912_215351_529_traffic_scan_env2025_seed0-499_48352cd1,392,20,44,0,1
20260912_215351_529_traffic_scan_env2025_seed0-499_48352cd1,392,20,45,1,1
20260912_215351_529_traffic_scan_env2025_seed0-499_48352cd1,392,20,47,0,1
20260912_215351_529_traffic_scan_env2025_seed0-499_48352cd1,392,20,47,1,1
20260912_215351_529_traffic_scan_env2025_seed0-499_48352cd1,392,20,48,1,2
20260912_215351_529_traffic_scan_env2025_seed0-499_48352cd1,392,20,51,1,1
20260912_215351_529_traffic_scan_env2025_seed0-499_48352cd1,392,20,53,0,1
20260912_215351_529_traffic_scan_env2025_seed0-499_48352cd1,392,21,1,0,1
20260912_215351_529_traffic_scan_env2025_seed0-499_48352cd1,392,21,4,0,1
20260912_215351_529_traffic_scan_env2025_seed0-499_48352cd1,392,21,5,0,1
20260912_215351_529_traffic_scan_env2025_seed0-499_48352cd1,392,21,8,0,1
20260912_215351_529_traffic_scan_env2025_seed0-499_48352cd1,392,21,10,0,1
20260912_215351_529_traffic_scan_env2025_seed0-499_48352cd1,392,21,10,1,2
20260912_215351_529_traffic_scan_env2025_seed0-499_48352cd1,392,21,11,1,1
20260912_215351_529_traffic_scan_env2025_seed0-499_48352cd1,392,21,12,0,1
20260912_215351_529_traffic_scan_env2025_seed0-499_48352cd1,392,21,13,0,1
20260912_215351_529_traffic_scan_env2025_seed0-499_48352cd1,392,21,16,0,2
20260912_215351_529_traffic_scan_env2025_seed0-499_48352cd1,392,21,18,0,2
20260912_215351_529_traffic_scan_env2025_seed0-499_48352cd1,392,21,19,0,3
20260912_215351_529_traffic_scan_env2025_seed0-499_48352cd1,392,21,19,1,1
20260912_215351_529_traffic_scan_env2025_seed0-499_48352cd1,392,21,21,0,1
20260912_215351_529_traffic_scan_env2025_seed0-499_48352cd1,392,21,21,1,1
20260912_215351_529_traffic_scan_env2025_seed0-499_48352cd1,392,21,22,0,1
20260912_215351_529_traffic_scan_env2025_seed0-499_48352cd1,392,21,23,0,1
20260912_215351_529_traffic_scan_env2025_seed0-499_48352cd1,392,21,23,1,8
20260912_215351_529_traffic_scan_env2025_seed0-499_48352cd1,392,21,24,0,1
20260912_215351_529_traffic_scan_env2025_seed0-499_48352cd1,392,21,25,0,1
20260912_215351_529_traffic_scan_env2025_seed0-499_48352cd1,392,21,26,0,2
20260912_215351_529_traffic_scan_env2025_seed0-499_48352cd1,392,21,26,1,3
20260912_215351_529_traffic_scan_env2025_seed0-499_48352cd1,392,21,27,0,1
20260912_215351_529_traffic_scan_env2025_seed0-499_48352cd1,392,21,28,0,1
20260912_215351_529_traffic_scan_env2025_seed0-499_48352cd1,392,21,28,1,1
20260912_215351_529_traffic_scan_env2025_seed0-499_48352cd1,392,21,29,0,1
20260912_215351_529_traffic_scan_env2025_seed0-499_48352cd1,392,21,29,1,8
20260912_215351_529_traffic_scan_env2025_seed0-499_48352cd1,392,21,32,0,5
20260912_215351_529_traffic_scan_env2025_seed0-499_48352cd1,392,21,32,1,3
20260912_215351_529_traffic_scan_env2025_seed0-499_48352cd1,392,21,35,1,1
20260912_215351_529_traffic_scan_env2025_seed0-499_48352cd1,392,21,36,0,1
20260912_215351_529_traffic_scan_env2025_seed0-499_48352cd1,392,21,36,1,1
20260912_215351_529_traffic_scan_env2025_seed0-499_48352cd1,392,21,37,0,3
20260912_215351_529_traffic_scan_env2025_seed0-499_48352cd1,392,21,37,1,1
20260912_215351_529_traffic_scan_env2025_seed0-499_48352cd1,392,21,38,0,3
20260912_215351_529_traffic_scan_env2025_seed0-499_48352cd1,392,21,38,1,2
20260912_215351_529_traffic_scan_env2025_seed0-499_48352cd1,392,21,39,0,3
20260912_215351_529_traffic_scan_env2025_seed0-499_48352cd1,392,21,40,0,2
20260912_215351_529_traffic_scan_env2025_seed0-499_48352cd1,392,21,40,1,1
20260912_215351_529_traffic_scan_env2025_seed0-499_48352cd1,392,21,41,0,2
20260912_215351_529_traffic_scan_env2025_seed0-499_48352cd1,392,21,42,0,2
20260912_215351_529_traffic_scan_env2025_seed0-499_48352cd1,392,21,44,0,1
20260912_215351_529_traffic_scan_env2025_seed0-499_48352cd1,392,21,44,1,1
20260912_215351_529_traffic_scan_env2025_seed0-499_48352cd1,392,21,46,0,1
20260912_215351_529_traffic_scan_env2025_seed0-499_48352cd1,392,21,47,2,3
20260912_215351_529_traffic_scan_env2025_seed0-499_48352cd1,392,21,51,1,1
20260912_215351_529_traffic_scan_env2025_seed0-499_48352cd1,392,21,52,0,1
20260912_215351_529_traffic_scan_env2025_seed0-499_48352cd1,392,21,53,0,1
20260912_215351_529_traffic_scan_env2025_seed0-499_48352cd1,392,22,0,0,1
20260912_215351_529_traffic_scan_env2025_seed0-499_48352cd1,392,22,1,0,1
20260912_215351_529_traffic_scan_env2025_seed0-499_48352cd1,392,22,3,0,1
20260912_215351_529_traffic_scan_env2025_seed0-499_48352cd1,392,22,5,0,1
20260912_215351_529_traffic_scan_env2025_seed0-499_48352cd1,392,22,9,0,1
20260912_215351_529_traffic_scan_env2025_seed0-499_48352cd1,392,22,10,0,1
20260912_215351_529_traffic_scan_env2025_seed0-499_48352cd1,392,22,10,1,1
20260912_215351_529_traffic_scan_env2025_seed0-499_48352cd1,392,22,11,0,2
20260912_215351_529_traffic_scan_env2025_seed0-499_48352cd1,392,22,11,1,2
20260912_215351_529_traffic_scan_env2025_seed0-499_48352cd1,392,22,13,0,1
20260912_215351_529_traffic_scan_env2025_seed0-499_48352cd1,392,22,16,0,2
20260912_215351_529_traffic_scan_env2025_seed0-499_48352cd1,392,22,16,1,1
20260912_215351_529_traffic_scan_env2025_seed0-499_48352cd1,392,22,17,0,1
20260912_215351_529_traffic_scan_env2025_seed0-499_48352cd1,392,22,17,1,1
20260912_215351_529_traffic_scan_env2025_seed0-499_48352cd1,392,22,18,0,1
20260912_215351_529_traffic_scan_env2025_seed0-499_48352cd1,392,22,18,1,1
20260912_215351_529_traffic_scan_env2025_seed0-499_48352cd1,392,22,19,0,1
20260912_215351_529_traffic_scan_env2025_seed0-499_48352cd1,392,22,19,1,1
20260912_215351_529_traffic_scan_env2025_seed0-499_48352cd1,392,22,20,0,2
20260912_215351_529_traffic_scan_env2025_seed0-499_48352cd1,392,22,20,1,3
20260912_215351_529_traffic_scan_env2025_seed0-499_48352cd1,392,22,21,1,2
20260912_215351_529_traffic_scan_env2025_seed0-499_48352cd1,392,22,22,0,1
20260912_215351_529_traffic_scan_env2025_seed0-499_48352cd1,392,22,22,1,4
20260912_215351_529_traffic_scan_env2025_seed0-499_48352cd1,392,22,23,0,1
20260912_215351_529_traffic_scan_env2025_seed0-499_48352cd1,392,22,23,1,4
20260912_215351_529_traffic_scan_env2025_seed0-499_48352cd1,392,22,24,1,4
20260912_215351_529_traffic_scan_env2025_seed0-499_48352cd1,392,22,25,1,3
20260912_215351_529_traffic_scan_env2025_seed0-499_48352cd1,392,22,26,0,1
20260912_215351_529_traffic_scan_env2025_seed0-499_48352cd1,392,22,26,1,3
20260912_215351_529_traffic_scan_env2025_seed0-499_48352cd1,392,22,27,1,3
20260912_215351_529_traffic_scan_env2025_seed0-499_48352cd1,392,22,28,1,2
20260912_215351_529_traffic_scan_env2025_seed0-499_48352cd1,392,22,29,1,3
20260912_215351_529_traffic_scan_env2025_seed0-499_48352cd1,392,22,30,0,1
20260912_215351_529_traffic_scan_env2025_seed0-499_48352cd1,392,22,30,1,3
20260912_215351_529_traffic_scan_env2025_seed0-499_48352cd1,392,22,32,0,4
20260912_215351_529_traffic_scan_env2025_seed0-499_48352cd1,392,22,32,1,3
20260912_215351_529_traffic_scan_env2025_seed0-499_48352cd1,392,22,35,2,1
20260912_215351_529_traffic_scan_env2025_seed0-499_48352cd1,392,22,36,0,2
20260912_215351_529_traffic_scan_env2025_seed0-499_48352cd1,392,22,36,1,2
20260912_215351_529_traffic_scan_env2025_seed0-499_48352cd1,392,22,37,0,1
20260912_215351_529_traffic_scan_env2025_seed0-499_48352cd1,392,22,37,1,1
20260912_215351_529_traffic_scan_env2025_seed0-499_48352cd1,392,22,38,0,6
20260912_215351_529_traffic_scan_env2025_seed0-499_48352cd1,392,22,39,0,3
20260912_215351_529_traffic_scan_env2025_seed0-499_48352cd1,392,22,39,1,2
20260912_215351_529_traffic_scan_env2025_seed0-499_48352cd1,392,22,41,2,1
20260912_215351_529_traffic_scan_env2025_seed0-499_48352cd1,392,22,42,1,2
20260912_215351_529_traffic_scan_env2025_seed0-499_48352cd1,392,22,43,0,1
20260912_215351_529_traffic_scan_env2025_seed0-499_48352cd1,392,22,43,1,2
20260912_215351_529_traffic_scan_env2025_seed0-499_48352cd1,392,22,44,0,1
20260912_215351_529_traffic_scan_env2025_seed0-499_48352cd1,392,22,44,1,1
20260912_215351_529_traffic_scan_env2025_seed0-499_48352cd1,392,22,45,0,1
20260912_215351_529_traffic_scan_env2025_seed0-499_48352cd1,392,22,46,0,2
20260912_215351_529_traffic_scan_env2025_seed0-499_48352cd1,392,22,46,1,2
20260912_215351_529_traffic_scan_env2025_seed0-499_48352cd1,392,22,47,2,1
20260912_215351_529_traffic_scan_env2025_seed0-499_48352cd1,392,22,48,0,1
20260912_215351_529_traffic_scan_env2025_seed0-499_48352cd1,392,22,49,0,1
20260912_215351_529_traffic_scan_env2025_seed0-499_48352cd1,392,22,50,0,1
20260912_215351_529_traffic_scan_env2025_seed0-499_48352cd1,392,22,51,0,2
20260912_215351_529_traffic_scan_env2025_seed0-499_48352cd1,392,22,51,1,1
20260912_215351_529_traffic_scan_env2025_seed0-499_48352cd1,392,22,52,0,1
20260912_215351_529_traffic_scan_env2025_seed0-499_48352cd1,392,23,2,0,2
20260912_215351_529_traffic_scan_env2025_seed0-499_48352cd1,392,23,3,0,1
20260912_215351_529_traffic_scan_env2025_seed0-499_48352cd1,392,23,4,0,2
20260912_215351_529_traffic_scan_env2025_seed0-499_48352cd1,392,23,5,0,2
20260912_215351_529_traffic_scan_env2025_seed0-499_48352cd1,392,23,6,0,1
20260912_215351_529_traffic_scan_env2025_seed0-499_48352cd1,392,23,7,0,2
20260912_215351_529_traffic_scan_env2025_seed0-499_48352cd1,392,23,8,0,2
20260912_215351_529_traffic_scan_env2025_seed0-499_48352cd1,392,23,9,1,3
20260912_215351_529_traffic_scan_env2025_seed0-499_48352cd1,392,23,10,1,5
20260912_215351_529_traffic_scan_env2025_seed0-499_48352cd1,392,23,11,2,1
20260912_215351_529_traffic_scan_env2025_seed0-499_48352cd1,392,23,12,0,1
20260912_215351_529_traffic_scan_env2025_seed0-499_48352cd1,392,23,12,1,3
20260912_215351_529_traffic_scan_env2025_seed0-499_48352cd1,392,23,13,0,1
20260912_215351_529_traffic_scan_env2025_seed0-499_48352cd1,392,23,13,1,1
20260912_215351_529_traffic_scan_env2025_seed0-499_48352cd1,392,23,14,0,2
20260912_215351_529_traffic_scan_env2025_seed0-499_48352cd1,392,23,14,1,1
20260912_215351_529_traffic_scan_env2025_seed0-499_48352cd1,392,23,15,0,1
20260912_215351_529_traffic_scan_env2025_seed0-499_48352cd1,392,23,15,1,1
20260912_215351_529_traffic_scan_env2025_seed0-499_48352cd1,392,23,16,0,1
20260912_215351_529_traffic_scan_env2025_seed0-499_48352cd1,392,23,16,1,1
20260912_215351_529_traffic_scan_env2025_seed0-499_48352cd1,392,23,17,0,2
20260912_215351_529_traffic_scan_env2025_seed0-499_48352cd1,392,23,18,0,1
20260912_215351_529_traffic_scan_env2025_seed0-499_48352cd1,392,23,19,0,1
20260912_215351_529_traffic_scan_env2025_seed0-499_48352cd1,392,23,20,0,1
20260912_215351_529_traffic_scan_env2025_seed0-499_48352cd1,392,23,21,0,1
20260912_215351_529_traffic_scan_env2025_seed0-499_48352cd1,392,23,21,1,4
20260912_215351_529_traffic_scan_env2025_seed0-499_48352cd1,392,23,21,2,2
20260912_215351_529_traffic_scan_env2025_seed0-499_48352cd1,392,23,22,2,1
20260912_215351_529_traffic_scan_env2025_seed0-499_48352cd1,392,23,23,0,1
20260912_215351_529_traffic_scan_env2025_seed0-499_48352cd1,392,23,23,1,3
20260912_215351_529_traffic_scan_env2025_seed0-499_48352cd1,392,23,24,0,2
20260912_215351_529_traffic_scan_env2025_seed0-499_48352cd1,392,23,24,1,3
20260912_215351_529_traffic_scan_env2025_seed0-499_48352cd1,392,23,25,0,2
20260912_215351_529_traffic_scan_env2025_seed0-499_48352cd1,392,23,25,1,5
20260912_215351_529_traffic_scan_env2025_seed0-499_48352cd1,392,23,27,0,2
20260912_215351_529_traffic_scan_env2025_seed0-499_48352cd1,392,23,27,1,2
20260912_215351_529_traffic_scan_env2025_seed0-499_48352cd1,392,23,28,2,4
20260912_215351_529_traffic_scan_env2025_seed0-499_48352cd1,392,23,29,1,2
20260912_215351_529_traffic_scan_env2025_seed0-499_48352cd1,392,23,30,1,1
20260912_215351_529_traffic_scan_env2025_seed0-499_48352cd1,392,23,31,0,4
20260912_215351_529_traffic_scan_env2025_seed0-499_48352cd1,392,23,31,1,6
20260912_215351_529_traffic_scan_env2025_seed0-499_48352cd1,392,23,32,1,1
20260912_215351_529_traffic_scan_env2025_seed0-499_48352cd1,392,23,33,0,2
20260912_215351_529_traffic_scan_env2025_seed0-499_48352cd1,392,23,33,1,2
20260912_215351_529_traffic_scan_env2025_seed0-499_48352cd1,392,23,34,0,2
20260912_215351_529_traffic_scan_env2025_seed0-499_48352cd1,392,23,34,1,2
20260912_215351_529_traffic_scan_env2025_seed0-499_48352cd1,392,23,35,0,2
20260912_215351_529_traffic_scan_env2025_seed0-499_48352cd1,392,23,35,1,2
20260912_215351_529_traffic_scan_env2025_seed0-499_48352cd1,392,23,36,0,1
20260912_215351_529_traffic_scan_env2025_seed0-499_48352cd1,392,23,36,1,3
20260912_215351_529_traffic_scan_env2025_seed0-499_48352cd1,392,23,37,0,4
20260912_215351_529_traffic_scan_env2025_seed0-499_48352cd1,392,23,37,1,1
20260912_215351_529_traffic_scan_env2025_seed0-499_48352cd1,392,23,38,0,3
20260912_215351_529_traffic_scan_env2025_seed0-499_48352cd1,392,23,38,1,2
20260912_215351_529_traffic_scan_env2025_seed0-499_48352cd1,392,23,39,0,1
20260912_215351_529_traffic_scan_env2025_seed0-499_48352cd1,392,23,39,1,1
20260912_215351_529_traffic_scan_env2025_seed0-499_48352cd1,392,23,40,0,3
20260912_215351_529_traffic_scan_env2025_seed0-499_48352cd1,392,23,40,1,2
20260912_215351_529_traffic_scan_env2025_seed0-499_48352cd1,392,23,42,2,2
20260912_215351_529_traffic_scan_env2025_seed0-499_48352cd1,392,23,44,0,2
20260912_215351_529_traffic_scan_env2025_seed0-499_48352cd1,392,23,45,0,1
20260912_215351_529_traffic_scan_env2025_seed0-499_48352cd1,392,23,45,1,2
20260912_215351_529_traffic_scan_env2025_seed0-499_48352cd1,392,23,47,1,2
20260912_215351_529_traffic_scan_env2025_seed0-499_48352cd1,392,23,50,0,1
20260912_215351_529_traffic_scan_env2025_seed0-499_48352cd1,392,23,51,0,1
20260912_215351_529_traffic_scan_env2025_seed0-499_48352cd1,392,23,51,1,1
20260912_215351_529_traffic_scan_env2025_seed0-499_48352cd1,392,24,5,0,2
20260912_215351_529_traffic_scan_env2025_seed0-499_48352cd1,392,24,8,0,1
20260912_215351_529_traffic_scan_env2025_seed0-499_48352cd1,392,24,9,1,1
20260912_215351_529_traffic_scan_env2025_seed0-499_48352cd1,392,24,10,1,1
20260912_215351_529_traffic_scan_env2025_seed0-499_48352cd1,392,24,11,1,1
20260912_215351_529_traffic_scan_env2025_seed0-499_48352cd1,392,24,13,1,2
20260912_215351_529_traffic_scan_env2025_seed0-499_48352cd1,392,24,15,0,2
20260912_215351_529_traffic_scan_env2025_seed0-499_48352cd1,392,24,17,1,1
20260912_215351_529_traffic_scan_env2025_seed0-499_48352cd1,392,24,18,0,3
20260912_215351_529_traffic_scan_env2025_seed0-499_48352cd1,392,24,18,1,1
20260912_215351_529_traffic_scan_env2025_seed0-499_48352cd1,392,24,19,0,2
20260912_215351_529_traffic_scan_env2025_seed0-499_48352cd1,392,24,19,1,1
20260912_215351_529_traffic_scan_env2025_seed0-499_48352cd1,392,24,20,2,5
20260912_215351_529_traffic_scan_env2025_seed0-499_48352cd1,392,24,21,3,2
20260912_215351_529_traffic_scan_env2025_seed0-499_48352cd1,392,24,22,3,3
20260912_215351_529_traffic_scan_env2025_seed0-499_48352cd1,392,24,23,1,6
20260912_215351_529_traffic_scan_env2025_seed0-499_48352cd1,392,24,26,1,7
20260912_215351_529_traffic_scan_env2025_seed0-499_48352cd1,392,24,27,1,4
20260912_215351_529_traffic_scan_env2025_seed0-499_48352cd1,392,24,28,0,3
20260912_215351_529_traffic_scan_env2025_seed0-499_48352cd1,392,24,29,1,1
20260912_215351_529_traffic_scan_env2025_seed0-499_48352cd1,392,24,30,0,3
20260912_215351_529_traffic_scan_env2025_seed0-499_48352cd1,392,24,30,1,2
20260912_215351_529_traffic_scan_env2025_seed0-499_48352cd1,392,24,32,0,1
20260912_215351_529_traffic_scan_env2025_seed0-499_48352cd1,392,24,32,1,3
20260912_215351_529_traffic_scan_env2025_seed0-499_48352cd1,392,24,34,1,3
20260912_215351_529_traffic_scan_env2025_seed0-499_48352cd1,392,24,35,1,1
20260912_215351_529_traffic_scan_env2025_seed0-499_48352cd1,392,24,36,0,5
20260912_215351_529_traffic_scan_env2025_seed0-499_48352cd1,392,24,36,1,1
20260912_215351_529_traffic_scan_env2025_seed0-499_48352cd1,392,24,37,0,3
20260912_215351_529_traffic_scan_env2025_seed0-499_48352cd1,392,24,37,1,1
20260912_215351_529_traffic_scan_env2025_seed0-499_48352cd1,392,24,38,0,1
20260912_215351_529_traffic_scan_env2025_seed0-499_48352cd1,392,24,40,1,1
20260912_215351_529_traffic_scan_env2025_seed0-499_48352cd1,392,24,41,0,3
20260912_215351_529_traffic_scan_env2025_seed0-499_48352cd1,392,24,41,1,2
20260912_215351_529_traffic_scan_env2025_seed0-499_48352cd1,392,24,42,2,1
20260912_215351_529_traffic_scan_env2025_seed0-499_48352cd1,392,24,44,0,4
20260912_215351_529_traffic_scan_env2025_seed0-499_48352cd1,392,24,44,1,2
20260912_215351_529_traffic_scan_env2025_seed0-499_48352cd1,392,24,45,0,1
20260912_215351_529_traffic_scan_env2025_seed0-499_48352cd1,392,24,46,0,1
20260912_215351_529_traffic_scan_env2025_seed0-499_48352cd1,392,24,47,0,3
20260912_215351_529_traffic_scan_env2025_seed0-499_48352cd1,392,24,48,0,2
20260912_215351_529_traffic_scan_env2025_seed0-499_48352cd1,392,24,49,0,3
20260912_215351_529_traffic_scan_env2025_seed0-499_48352cd1,392,24,50,0,2
20260912_215351_529_traffic_scan_env2025_seed0-499_48352cd1,392,24,51,0,1
20260912_215351_529_traffic_scan_env2025_seed0-499_48352cd1,392,24,51,1,1
20260912_215351_529_traffic_scan_env2025_seed0-499_48352cd1,392,24,52,0,1
20260912_215351_529_traffic_scan_env2025_seed0-499_48352cd1,392,24,53,0,1
20260912_215351_529_traffic_scan_env2025_seed0-499_48352cd1,392,24,54,0,1
20260912_215351_529_traffic_scan_env2025_seed0-499_48352cd1,392,25,5,0,1
20260912_215351_529_traffic_scan_env2025_seed0-499_48352cd1,392,25,6,0,1
20260912_215351_529_traffic_scan_env2025_seed0-499_48352cd1,392,25,7,0,1
20260912_215351_529_traffic_scan_env2025_seed0-499_48352cd1,392,25,9,1,1
20260912_215351_529_traffic_scan_env2025_seed0-499_48352cd1,392,25,10,2,1
20260912_215351_529_traffic_scan_env2025_seed0-499_48352cd1,392,25,12,1,1
20260912_215351_529_traffic_scan_env2025_seed0-499_48352cd1,392,25,14,0,1
20260912_215351_529_traffic_scan_env2025_seed0-499_48352cd1,392,25,14,1,2
20260912_215351_529_traffic_scan_env2025_seed0-499_48352cd1,392,25,16,0,1
20260912_215351_529_traffic_scan_env2025_seed0-499_48352cd1,392,25,18,0,1
20260912_215351_529_traffic_scan_env2025_seed0-499_48352cd1,392,25,19,0,4
20260912_215351_529_traffic_scan_env2025_seed0-499_48352cd1,392,25,19,1,1
20260912_215351_529_traffic_scan_env2025_seed0-499_48352cd1,392,25,20,2,4
20260912_215351_529_traffic_scan_env2025_seed0-499_48352cd1,392,25,23,2,9
20260912_215351_529_traffic_scan_env2025_seed0-499_48352cd1,392,25,26,1,5
20260912_215351_529_traffic_scan_env2025_seed0-499_48352cd1,392,25,27,0,2
20260912_215351_529_traffic_scan_env2025_seed0-499_48352cd1,392,25,27,1,3
20260912_215351_529_traffic_scan_env2025_seed0-499_48352cd1,392,25,28,0,2
20260912_215351_529_traffic_scan_env2025_seed0-499_48352cd1,392,25,29,0,4
20260912_215351_529_traffic_scan_env2025_seed0-499_48352cd1,392,25,29,1,2
20260912_215351_529_traffic_scan_env2025_seed0-499_48352cd1,392,25,30,1,1
20260912_215351_529_traffic_scan_env2025_seed0-499_48352cd1,392,25,31,0,1
20260912_215351_529_traffic_scan_env2025_seed0-499_48352cd1,392,25,33,1,4
20260912_215351_529_traffic_scan_env2025_seed0-499_48352cd1,392,25,34,1,2
20260912_215351_529_traffic_scan_env2025_seed0-499_48352cd1,392,25,35,0,3
20260912_215351_529_traffic_scan_env2025_seed0-499_48352cd1,392,25,35,1,1
20260912_215351_529_traffic_scan_env2025_seed0-499_48352cd1,392,25,36,0,3
20260912_215351_529_traffic_scan_env2025_seed0-499_48352cd1,392,25,36,1,2
20260912_215351_529_traffic_scan_env2025_seed0-499_48352cd1,392,25,37,0,2
20260912_215351_529_traffic_scan_env2025_seed0-499_48352cd1,392,25,38,0,1
20260912_215351_529_traffic_scan_env2025_seed0-499_48352cd1,392,25,39,1,1
20260912_215351_529_traffic_scan_env2025_seed0-499_48352cd1,392,25,40,0,1
20260912_215351_529_traffic_scan_env2025_seed0-499_48352cd1,392,25,41,0,1
20260912_215351_529_traffic_scan_env2025_seed0-499_48352cd1,392,25,42,0,5
20260912_215351_529_traffic_scan_env2025_seed0-499_48352cd1,392,25,42,1,2
20260912_215351_529_traffic_scan_env2025_seed0-499_48352cd1,392,25,43,0,4
20260912_215351_529_traffic_scan_env2025_seed0-499_48352cd1,392,25,43,1,2
20260912_215351_529_traffic_scan_env2025_seed0-499_48352cd1,392,25,44,0,1
20260912_215351_529_traffic_scan_env2025_seed0-499_48352cd1,392,25,45,0,2
20260912_215351_529_traffic_scan_env2025_seed0-499_48352cd1,392,25,46,0,1
20260912_215351_529_traffic_scan_env2025_seed0-499_48352cd1,392,25,47,0,1
20260912_215351_529_traffic_scan_env2025_seed0-499_48352cd1,392,25,48,0,1
20260912_215351_529_traffic_scan_env2025_seed0-499_48352cd1,392,25,49,0,1
20260912_215351_529_traffic_scan_env2025_seed0-499_48352cd1,392,25,51,1,1
20260912_215351_529_traffic_scan_env2025_seed0-499_48352cd1,392,26,5,0,1
20260912_215351_529_traffic_scan_env2025_seed0-499_48352cd1,392,26,6,0,1
20260912_215351_529_traffic_scan_env2025_seed0-499_48352cd1,392,26,7,0,1
20260912_215351_529_traffic_scan_env2025_seed0-499_48352cd1,392,26,8,1,1
20260912_215351_529_traffic_scan_env2025_seed0-499_48352cd1,392,26,10,2,1
20260912_215351_529_traffic_scan_env2025_seed0-499_48352cd1,392,26,13,0,1
20260912_215351_529_traffic_scan_env2025_seed0-499_48352cd1,392,26,13,1,1
20260912_215351_529_traffic_scan_env2025_seed0-499_48352cd1,392,26,15,1,2
20260912_215351_529_traffic_scan_env2025_seed0-499_48352cd1,392,26,17,0,1
20260912_215351_529_traffic_scan_env2025_seed0-499_48352cd1,392,26,18,0,1
20260912_215351_529_traffic_scan_env2025_seed0-499_48352cd1,392,26,18,1,2
20260912_215351_529_traffic_scan_env2025_seed0-499_48352cd1,392,26,19,1,2
20260912_215351_529_traffic_scan_env2025_seed0-499_48352cd1,392,26,20,0,4
20260912_215351_529_traffic_scan_env2025_seed0-499_48352cd1,392,26,20,1,3
20260912_215351_529_traffic_scan_env2025_seed0-499_48352cd1,392,26,21,0,2
20260912_215351_529_traffic_scan_env2025_seed0-499_48352cd1,392,26,21,1,1
20260912_215351_529_traffic_scan_env2025_seed0-499_48352cd1,392,26,22,0,2
20260912_215351_529_traffic_scan_env2025_seed0-499_48352cd1,392,26,22,1,3
20260912_215351_529_traffic_scan_env2025_seed0-499_48352cd1,392,26,23,2,3
20260912_215351_529_traffic_scan_env2025_seed0-499_48352cd1,392,26,24,2,6
20260912_215351_529_traffic_scan_env2025_seed0-499_48352cd1,392,26,25,1,7
20260912_215351_529_traffic_scan_env2025_seed0-499_48352cd1,392,26,26,1,1
20260912_215351_529_traffic_scan_env2025_seed0-499_48352cd1,392,26,27,1,1
20260912_215351_529_traffic_scan_env2025_seed0-499_48352cd1,392,26,28,0,7
20260912_215351_529_traffic_scan_env2025_seed0-499_48352cd1,392,26,28,1,4
20260912_215351_529_traffic_scan_env2025_seed0-499_48352cd1,392,26,30,0,1
20260912_215351_529_traffic_scan_env2025_seed0-499_48352cd1,392,26,31,0,1
20260912_215351_529_traffic_scan_env2025_seed0-499_48352cd1,392,26,31,1,2
20260912_215351_529_traffic_scan_env2025_seed0-499_48352cd1,392,26,32,1,1
20260912_215351_529_traffic_scan_env2025_seed0-499_48352cd1,392,26,33,1,1
20260912_215351_529_traffic_scan_env2025_seed0-499_48352cd1,392,26,34,0,3
20260912_215351_529_traffic_scan_env2025_seed0-499_48352cd1,392,26,34,1,4
20260912_215351_529_traffic_scan_env2025_seed0-499_48352cd1,392,26,35,0,2
20260912_215351_529_traffic_scan_env2025_seed0-499_48352cd1,392,26,35,1,1
20260912_215351_529_traffic_scan_env2025_seed0-499_48352cd1,392,26,36,0,1
20260912_215351_529_traffic_scan_env2025_seed0-499_48352cd1,392,26,36,1,2
20260912_215351_529_traffic_scan_env2025_seed0-499_48352cd1,392,26,37,0,1
20260912_215351_529_traffic_scan_env2025_seed0-499_48352cd1,392,26,38,0,2
20260912_215351_529_traffic_scan_env2025_seed0-499_48352cd1,392,26,38,1,1
20260912_215351_529_traffic_scan_env2025_seed0-499_48352cd1,392,26,39,0,1
20260912_215351_529_traffic_scan_env2025_seed0-499_48352cd1,392,26,41,0,2
20260912_215351_529_traffic_scan_env2025_seed0-499_48352cd1,392,26,42,1,3
20260912_215351_529_traffic_scan_env2025_seed0-499_48352cd1,392,26,43,0,2
20260912_215351_529_traffic_scan_env2025_seed0-499_48352cd1,392,26,43,1,1
20260912_215351_529_traffic_scan_env2025_seed0-499_48352cd1,392,26,46,0,2
20260912_215351_529_traffic_scan_env2025_seed0-499_48352cd1,392,26,47,0,2
20260912_215351_529_traffic_scan_env2025_seed0-499_48352cd1,392,26,48,0,1
20260912_215351_529_traffic_scan_env2025_seed0-499_48352cd1,392,26,51,1,1
20260912_215351_529_traffic_scan_env2025_seed0-499_48352cd1,392,26,53,0,1
20260912_215351_529_traffic_scan_env2025_seed0-499_48352cd1,392,27,3,0,1
20260912_215351_529_traffic_scan_env2025_seed0-499_48352cd1,392,27,4,0,1
20260912_215351_529_traffic_scan_env2025_seed0-499_48352cd1,392,27,5,0,3
20260912_215351_529_traffic_scan_env2025_seed0-499_48352cd1,392,27,6,0,1
20260912_215351_529_traffic_scan_env2025_seed0-499_48352cd1,392,27,7,0,1
20260912_215351_529_traffic_scan_env2025_seed0-499_48352cd1,392,27,7,1,1
20260912_215351_529_traffic_scan_env2025_seed0-499_48352cd1,392,27,8,0,2
20260912_215351_529_traffic_scan_env2025_seed0-499_48352cd1,392,27,9,0,2
20260912_215351_529_traffic_scan_env2025_seed0-499_48352cd1,392,27,10,0,1
20260912_215351_529_traffic_scan_env2025_seed0-499_48352cd1,392,27,10,1,1
20260912_215351_529_traffic_scan_env2025_seed0-499_48352cd1,392,27,11,0,1
20260912_215351_529_traffic_scan_env2025_seed0-499_48352cd1,392,27,13,0,1
20260912_215351_529_traffic_scan_env2025_seed0-499_48352cd1,392,27,14,1,1
20260912_215351_529_traffic_scan_env2025_seed0-499_48352cd1,392,27,15,1,2
20260912_215351_529_traffic_scan_env2025_seed0-499_48352cd1,392,27,16,1,1
20260912_215351_529_traffic_scan_env2025_seed0-499_48352cd1,392,27,17,2,1
20260912_215351_529_traffic_scan_env2025_seed0-499_48352cd1,392,27,18,2,2
20260912_215351_529_traffic_scan_env2025_seed0-499_48352cd1,392,27,20,0,3
20260912_215351_529_traffic_scan_env2025_seed0-499_48352cd1,392,27,20,1,5
20260912_215351_529_traffic_scan_env2025_seed0-499_48352cd1,392,27,21,0,1
20260912_215351_529_traffic_scan_env2025_seed0-499_48352cd1,392,27,21,1,1
20260912_215351_529_traffic_scan_env2025_seed0-499_48352cd1,392,27,22,0,1
20260912_215351_529_traffic_scan_env2025_seed0-499_48352cd1,392,27,22,1,1
20260912_215351_529_traffic_scan_env2025_seed0-499_48352cd1,392,27,23,0,3
20260912_215351_529_traffic_scan_env2025_seed0-499_48352cd1,392,27,23,1,5
20260912_215351_529_traffic_scan_env2025_seed0-499_48352cd1,392,27,24,0,3
20260912_215351_529_traffic_scan_env2025_seed0-499_48352cd1,392,27,26,1,5
20260912_215351_529_traffic_scan_env2025_seed0-499_48352cd1,392,27,27,0,3
20260912_215351_529_traffic_scan_env2025_seed0-499_48352cd1,392,27,27,1,3
20260912_215351_529_traffic_scan_env2025_seed0-499_48352cd1,392,27,28,0,2
20260912_215351_529_traffic_scan_env2025_seed0-499_48352cd1,392,27,29,0,2
20260912_215351_529_traffic_scan_env2025_seed0-499_48352cd1,392,27,29,1,2
20260912_215351_529_traffic_scan_env2025_seed0-499_48352cd1,392,27,30,0,1
20260912_215351_529_traffic_scan_env2025_seed0-499_48352cd1,392,27,30,1,1
20260912_215351_529_traffic_scan_env2025_seed0-499_48352cd1,392,27,31,0,1
20260912_215351_529_traffic_scan_env2025_seed0-499_48352cd1,392,27,32,1,2
20260912_215351_529_traffic_scan_env2025_seed0-499_48352cd1,392,27,33,0,3
20260912_215351_529_traffic_scan_env2025_seed0-499_48352cd1,392,27,34,0,2
20260912_215351_529_traffic_scan_env2025_seed0-499_48352cd1,392,27,34,1,2
20260912_215351_529_traffic_scan_env2025_seed0-499_48352cd1,392,27,35,1,3
20260912_215351_529_traffic_scan_env2025_seed0-499_48352cd1,392,27,36,0,1
20260912_215351_529_traffic_scan_env2025_seed0-499_48352cd1,392,27,36,1,1
20260912_215351_529_traffic_scan_env2025_seed0-499_48352cd1,392,27,37,0,1
20260912_215351_529_traffic_scan_env2025_seed0-499_48352cd1,392,27,37,1,2
20260912_215351_529_traffic_scan_env2025_seed0-499_48352cd1,392,27,38,0,1
20260912_215351_529_traffic_scan_env2025_seed0-499_48352cd1,392,27,38,1,1
20260912_215351_529_traffic_scan_env2025_seed0-499_48352cd1,392,27,39,0,1
20260912_215351_529_traffic_scan_env2025_seed0-499_48352cd1,392,27,40,0,2
20260912_215351_529_traffic_scan_env2025_seed0-499_48352cd1,392,27,41,2,1
20260912_215351_529_traffic_scan_env2025_seed0-499_48352cd1,392,27,42,2,2
20260912_215351_529_traffic_scan_env2025_seed0-499_48352cd1,392,27,43,0,1
20260912_215351_529_traffic_scan_env2025_seed0-499_48352cd1,392,27,44,1,2
20260912_215351_529_traffic_scan_env2025_seed0-499_48352cd1,392,27,45,0,1
20260912_215351_529_traffic_scan_env2025_seed0-499_48352cd1,392,27,47,0,3
20260912_215351_529_traffic_scan_env2025_seed0-499_48352cd1,392,27,51,1,1
20260912_215351_529_traffic_scan_env2025_seed0-499_48352cd1,392,27,52,0,1
20260912_215351_529_traffic_scan_env2025_seed0-499_48352cd1,392,28,4,0,1
20260912_215351_529_traffic_scan_env2025_seed0-499_48352cd1,392,28,5,0,1
20260912_215351_529_traffic_scan_env2025_seed0-499_48352cd1,392,28,6,1,1
20260912_215351_529_traffic_scan_env2025_seed0-499_48352cd1,392,28,10,0,1
20260912_215351_529_traffic_scan_env2025_seed0-499_48352cd1,392,28,10,1,1
20260912_215351_529_traffic_scan_env2025_seed0-499_48352cd1,392,28,12,0,2
20260912_215351_529_traffic_scan_env2025_seed0-499_48352cd1,392,28,12,1,1
20260912_215351_529_traffic_scan_env2025_seed0-499_48352cd1,392,28,13,0,1
20260912_215351_529_traffic_scan_env2025_seed0-499_48352cd1,392,28,13,1,1
20260912_215351_529_traffic_scan_env2025_seed0-499_48352cd1,392,28,14,1,1
20260912_215351_529_traffic_scan_env2025_seed0-499_48352cd1,392,28,15,1,1
20260912_215351_529_traffic_scan_env2025_seed0-499_48352cd1,392,28,16,1,4
20260912_215351_529_traffic_scan_env2025_seed0-499_48352cd1,392,28,17,2,2
20260912_215351_529_traffic_scan_env2025_seed0-499_48352cd1,392,28,18,2,2
20260912_215351_529_traffic_scan_env2025_seed0-499_48352cd1,392,28,19,0,1
20260912_215351_529_traffic_scan_env2025_seed0-499_48352cd1,392,28,19,1,1
20260912_215351_529_traffic_scan_env2025_seed0-499_48352cd1,392,28,20,0,2
20260912_215351_529_traffic_scan_env2025_seed0-499_48352cd1,392,28,20,1,4
20260912_215351_529_traffic_scan_env2025_seed0-499_48352cd1,392,28,21,1,1
20260912_215351_529_traffic_scan_env2025_seed0-499_48352cd1,392,28,22,1,3
20260912_215351_529_traffic_scan_env2025_seed0-499_48352cd1,392,28,23,1,3
20260912_215351_529_traffic_scan_env2025_seed0-499_48352cd1,392,28,25,0,3
20260912_215351_529_traffic_scan_env2025_seed0-499_48352cd1,392,28,26,0,3
20260912_215351_529_traffic_scan_env2025_seed0-499_48352cd1,392,28,26,1,3
20260912_215351_529_traffic_scan_env2025_seed0-499_48352cd1,392,28,27,0,1
20260912_215351_529_traffic_scan_env2025_seed0-499_48352cd1,392,28,27,1,4
20260912_215351_529_traffic_scan_env2025_seed0-499_48352cd1,392,28,28,0,2
20260912_215351_529_traffic_scan_env2025_seed0-499_48352cd1,392,28,29,0,1
20260912_215351_529_traffic_scan_env2025_seed0-499_48352cd1,392,28,29,1,1
20260912_215351_529_traffic_scan_env2025_seed0-499_48352cd1,392,28,30,0,2
20260912_215351_529_traffic_scan_env2025_seed0-499_48352cd1,392,28,30,1,2
20260912_215351_529_traffic_scan_env2025_seed0-499_48352cd1,392,28,31,1,1
20260912_215351_529_traffic_scan_env2025_seed0-499_48352cd1,392,28,32,0,4
20260912_215351_529_traffic_scan_env2025_seed0-499_48352cd1,392,28,33,0,2
20260912_215351_529_traffic_scan_env2025_seed0-499_48352cd1,392,28,33,1,2
20260912_215351_529_traffic_scan_env2025_seed0-499_48352cd1,392,28,34,2,1
20260912_215351_529_traffic_scan_env2025_seed0-499_48352cd1,392,28,36,0,1
20260912_215351_529_traffic_scan_env2025_seed0-499_48352cd1,392,28,36,1,5
20260912_215351_529_traffic_scan_env2025_seed0-499_48352cd1,392,28,37,0,2
20260912_215351_529_traffic_scan_env2025_seed0-499_48352cd1,392,28,37,1,1
20260912_215351_529_traffic_scan_env2025_seed0-499_48352cd1,392,28,38,1,1
20260912_215351_529_traffic_scan_env2025_seed0-499_48352cd1,392,28,40,0,3
20260912_215351_529_traffic_scan_env2025_seed0-499_48352cd1,392,28,40,1,1
20260912_215351_529_traffic_scan_env2025_seed0-499_48352cd1,392,28,42,2,2
20260912_215351_529_traffic_scan_env2025_seed0-499_48352cd1,392,28,43,0,2
20260912_215351_529_traffic_scan_env2025_seed0-499_48352cd1,392,28,44,0,1
20260912_215351_529_traffic_scan_env2025_seed0-499_48352cd1,392,28,45,0,1
20260912_215351_529_traffic_scan_env2025_seed0-499_48352cd1,392,28,45,1,1
20260912_215351_529_traffic_scan_env2025_seed0-499_48352cd1,392,28,47,0,3
20260912_215351_529_traffic_scan_env2025_seed0-499_48352cd1,392,28,51,0,1
20260912_215351_529_traffic_scan_env2025_seed0-499_48352cd1,392,28,51,1,1
20260912_215351_529_traffic_scan_env2025_seed0-499_48352cd1,392,29,3,0,1
20260912_215351_529_traffic_scan_env2025_seed0-499_48352cd1,392,29,6,0,1
20260912_215351_529_traffic_scan_env2025_seed0-499_48352cd1,392,29,6,1,1
20260912_215351_529_traffic_scan_env2025_seed0-499_48352cd1,392,29,8,0,1
20260912_215351_529_traffic_scan_env2025_seed0-499_48352cd1,392,29,10,1,1
20260912_215351_529_traffic_scan_env2025_seed0-499_48352cd1,392,29,11,0,3
20260912_215351_529_traffic_scan_env2025_seed0-499_48352cd1,392,29,14,1,1
20260912_215351_529_traffic_scan_env2025_seed0-499_48352cd1,392,29,15,1,2
20260912_215351_529_traffic_scan_env2025_seed0-499_48352cd1,392,29,16,0,1
20260912_215351_529_traffic_scan_env2025_seed0-499_48352cd1,392,29,16,1,2
20260912_215351_529_traffic_scan_env2025_seed0-499_48352cd1,392,29,17,1,5
20260912_215351_529_traffic_scan_env2025_seed0-499_48352cd1,392,29,18,0,3
20260912_215351_529_traffic_scan_env2025_seed0-499_48352cd1,392,29,18,1,3
20260912_215351_529_traffic_scan_env2025_seed0-499_48352cd1,392,29,19,1,3
20260912_215351_529_traffic_scan_env2025_seed0-499_48352cd1,392,29,20,0,2
20260912_215351_529_traffic_scan_env2025_seed0-499_48352cd1,392,29,20,1,5
20260912_215351_529_traffic_scan_env2025_seed0-499_48352cd1,392,29,21,1,4
20260912_215351_529_traffic_scan_env2025_seed0-499_48352cd1,392,29,22,1,4
20260912_215351_529_traffic_scan_env2025_seed0-499_48352cd1,392,29,23,1,4
20260912_215351_529_traffic_scan_env2025_seed0-499_48352cd1,392,29,24,1,1
20260912_215351_529_traffic_scan_env2025_seed0-499_48352cd1,392,29,25,0,4
20260912_215351_529_traffic_scan_env2025_seed0-499_48352cd1,392,29,25,1,3
20260912_215351_529_traffic_scan_env2025_seed0-499_48352cd1,392,29,26,0,2
20260912_215351_529_traffic_scan_env2025_seed0-499_48352cd1,392,29,26,1,2
20260912_215351_529_traffic_scan_env2025_seed0-499_48352cd1,392,29,27,2,2
20260912_215351_529_traffic_scan_env2025_seed0-499_48352cd1,392,29,28,0,3
20260912_215351_529_traffic_scan_env2025_seed0-499_48352cd1,392,29,28,1,6
20260912_215351_529_traffic_scan_env2025_seed0-499_48352cd1,392,29,30,0,1
20260912_215351_529_traffic_scan_env2025_seed0-499_48352cd1,392,29,30,1,2
20260912_215351_529_traffic_scan_env2025_seed0-499_48352cd1,392,29,31,0,5
20260912_215351_529_traffic_scan_env2025_seed0-499_48352cd1,392,29,31,1,3
20260912_215351_529_traffic_scan_env2025_seed0-499_48352cd1,392,29,32,0,1
20260912_215351_529_traffic_scan_env2025_seed0-499_48352cd1,392,29,32,1,1
20260912_215351_529_traffic_scan_env2025_seed0-499_48352cd1,392,29,33,0,2
20260912_215351_529_traffic_scan_env2025_seed0-499_48352cd1,392,29,34,2,2
20260912_215351_529_traffic_scan_env2025_seed0-499_48352cd1,392,29,35,2,1
20260912_215351_529_traffic_scan_env2025_seed0-499_48352cd1,392,29,36,0,2
20260912_215351_529_traffic_scan_env2025_seed0-499_48352cd1,392,29,36,1,2
20260912_215351_529_traffic_scan_env2025_seed0-499_48352cd1,392,29,37,0,1
20260912_215351_529_traffic_scan_env2025_seed0-499_48352cd1,392,29,37,1,3
20260912_215351_529_traffic_scan_env2025_seed0-499_48352cd1,392,29,39,0,2
20260912_215351_529_traffic_scan_env2025_seed0-499_48352cd1,392,29,39,1,2
20260912_215351_529_traffic_scan_env2025_seed0-499_48352cd1,392,29,41,0,1
20260912_215351_529_traffic_scan_env2025_seed0-499_48352cd1,392,29,42,0,2
20260912_215351_529_traffic_scan_env2025_seed0-499_48352cd1,392,29,42,1,2
20260912_215351_529_traffic_scan_env2025_seed0-499_48352cd1,392,29,46,0,4
20260912_215351_529_traffic_scan_env2025_seed0-499_48352cd1,392,29,46,1,1
20260912_215351_529_traffic_scan_env2025_seed0-499_48352cd1,392,29,47,0,3
20260912_215351_529_traffic_scan_env2025_seed0-499_48352cd1,392,29,48,0,1
20260912_215351_529_traffic_scan_env2025_seed0-499_48352cd1,392,29,50,0,1
20260912_215351_529_traffic_scan_env2025_seed0-499_48352cd1,392,29,51,1,1
20260912_215351_529_traffic_scan_env2025_seed0-499_48352cd1,392,30,2,0,1
20260912_215351_529_traffic_scan_env2025_seed0-499_48352cd1,392,30,6,0,1
20260912_215351_529_traffic_scan_env2025_seed0-499_48352cd1,392,30,6,1,1
20260912_215351_529_traffic_scan_env2025_seed0-499_48352cd1,392,30,7,0,2
20260912_215351_529_traffic_scan_env2025_seed0-499_48352cd1,392,30,9,0,1
20260912_215351_529_traffic_scan_env2025_seed0-499_48352cd1,392,30,10,0,1
20260912_215351_529_traffic_scan_env2025_seed0-499_48352cd1,392,30,10,1,1
20260912_215351_529_traffic_scan_env2025_seed0-499_48352cd1,392,30,11,0,3
20260912_215351_529_traffic_scan_env2025_seed0-499_48352cd1,392,30,14,2,1
20260912_215351_529_traffic_scan_env2025_seed0-499_48352cd1,392,30,15,0,1
20260912_215351_529_traffic_scan_env2025_seed0-499_48352cd1,392,30,15,1,1
20260912_215351_529_traffic_scan_env2025_seed0-499_48352cd1,392,30,18,1,2
20260912_215351_529_traffic_scan_env2025_seed0-499_48352cd1,392,30,19,0,2
20260912_215351_529_traffic_scan_env2025_seed0-499_48352cd1,392,30,20,0,3
20260912_215351_529_traffic_scan_env2025_seed0-499_48352cd1,392,30,20,1,4
20260912_215351_529_traffic_scan_env2025_seed0-499_48352cd1,392,30,23,1,6
20260912_215351_529_traffic_scan_env2025_seed0-499_48352cd1,392,30,24,0,3
20260912_215351_529_traffic_scan_env2025_seed0-499_48352cd1,392,30,24,1,3
20260912_215351_529_traffic_scan_env2025_seed0-499_48352cd1,392,30,25,1,1
20260912_215351_529_traffic_scan_env2025_seed0-499_48352cd1,392,30,26,0,1
20260912_215351_529_traffic_scan_env2025_seed0-499_48352cd1,392,30,26,1,2
20260912_215351_529_traffic_scan_env2025_seed0-499_48352cd1,392,30,27,0,2
20260912_215351_529_traffic_scan_env2025_seed0-499_48352cd1,392,30,27,1,3
20260912_215351_529_traffic_scan_env2025_seed0-499_48352cd1,392,30,28,0,2
20260912_215351_529_traffic_scan_env2025_seed0-499_48352cd1,392,30,28,1,1
20260912_215351_529_traffic_scan_env2025_seed0-499_48352cd1,392,30,29,0,1
20260912_215351_529_traffic_scan_env2025_seed0-499_48352cd1,392,30,29,1,8
20260912_215351_529_traffic_scan_env2025_seed0-499_48352cd1,392,30,30,2,1
20260912_215351_529_traffic_scan_env2025_seed0-499_48352cd1,392,30,31,0,3
20260912_215351_529_traffic_scan_env2025_seed0-499_48352cd1,392,30,31,1,1
20260912_215351_529_traffic_scan_env2025_seed0-499_48352cd1,392,30,32,0,3
20260912_215351_529_traffic_scan_env2025_seed0-499_48352cd1,392,30,32,1,3
20260912_215351_529_traffic_scan_env2025_seed0-499_48352cd1,392,30,33,1,1
20260912_215351_529_traffic_scan_env2025_seed0-499_48352cd1,392,30,34,0,1
20260912_215351_529_traffic_scan_env2025_seed0-499_48352cd1,392,30,34,1,3
20260912_215351_529_traffic_scan_env2025_seed0-499_48352cd1,392,30,35,0,1
20260912_215351_529_traffic_scan_env2025_seed0-499_48352cd1,392,30,35,1,3
20260912_215351_529_traffic_scan_env2025_seed0-499_48352cd1,392,30,36,0,1
20260912_215351_529_traffic_scan_env2025_seed0-499_48352cd1,392,30,36,1,2
20260912_215351_529_traffic_scan_env2025_seed0-499_48352cd1,392,30,37,0,1
20260912_215351_529_traffic_scan_env2025_seed0-499_48352cd1,392,30,37,1,1
20260912_215351_529_traffic_scan_env2025_seed0-499_48352cd1,392,30,38,0,2
20260912_215351_529_traffic_scan_env2025_seed0-499_48352cd1,392,30,38,1,5
20260912_215351_529_traffic_scan_env2025_seed0-499_48352cd1,392,30,39,1,3
20260912_215351_529_traffic_scan_env2025_seed0-499_48352cd1,392,30,40,1,1
20260912_215351_529_traffic_scan_env2025_seed0-499_48352cd1,392,30,41,0,1
20260912_215351_529_traffic_scan_env2025_seed0-499_48352cd1,392,30,41,1,1
20260912_215351_529_traffic_scan_env2025_seed0-499_48352cd1,392,30,42,0,1
20260912_215351_529_traffic_scan_env2025_seed0-499_48352cd1,392,30,42,1,3
20260912_215351_529_traffic_scan_env2025_seed0-499_48352cd1,392,30,43,0,1
20260912_215351_529_traffic_scan_env2025_seed0-499_48352cd1,392,30,43,1,1
20260912_215351_529_traffic_scan_env2025_seed0-499_48352cd1,392,30,44,0,2
20260912_215351_529_traffic_scan_env2025_seed0-499_48352cd1,392,30,44,1,1
20260912_215351_529_traffic_scan_env2025_seed0-499_48352cd1,392,30,45,0,2
20260912_215351_529_traffic_scan_env2025_seed0-499_48352cd1,392,30,45,1,2
20260912_215351_529_traffic_scan_env2025_seed0-499_48352cd1,392,30,48,0,2
20260912_215351_529_traffic_scan_env2025_seed0-499_48352cd1,392,30,49,0,2
20260912_215351_529_traffic_scan_env2025_seed0-499_48352cd1,392,30,50,0,1
20260912_215351_529_traffic_scan_env2025_seed0-499_48352cd1,392,30,51,0,1
20260912_215351_529_traffic_scan_env2025_seed0-499_48352cd1,392,30,51,1,1
20260912_215351_529_traffic_scan_env2025_seed0-499_48352cd1,392,30,52,0,1
20260912_215351_529_traffic_scan_env2025_seed0-499_48352cd1,392,30,53,0,1
20260912_215351_529_traffic_scan_env2025_seed0-499_48352cd1,392,30,54,0,1
20260912_215351_529_traffic_scan_env2025_seed0-499_48352cd1,392,30,55,0,1
20260912_215351_529_traffic_scan_env2025_seed0-499_48352cd1,392,30,56,0,1
20260912_215351_529_traffic_scan_env2025_seed0-499_48352cd1,392,30,57,0,1
20260912_215351_529_traffic_scan_env2025_seed0-499_48352cd1,392,30,58,0,1
20260912_215351_529_traffic_scan_env2025_seed0-499_48352cd1,392,31,1,0,1
20260912_215351_529_traffic_scan_env2025_seed0-499_48352cd1,392,31,6,1,1
20260912_215351_529_traffic_scan_env2025_seed0-499_48352cd1,392,31,8,0,2
20260912_215351_529_traffic_scan_env2025_seed0-499_48352cd1,392,31,10,0,2
20260912_215351_529_traffic_scan_env2025_seed0-499_48352cd1,392,31,10,1,1
20260912_215351_529_traffic_scan_env2025_seed0-499_48352cd1,392,31,12,0,3
20260912_215351_529_traffic_scan_env2025_seed0-499_48352cd1,392,31,13,0,2
20260912_215351_529_traffic_scan_env2025_seed0-499_48352cd1,392,31,13,1,1
20260912_215351_529_traffic_scan_env2025_seed0-499_48352cd1,392,31,14,0,2
20260912_215351_529_traffic_scan_env2025_seed0-499_48352cd1,392,31,17,1,1
20260912_215351_529_traffic_scan_env2025_seed0-499_48352cd1,392,31,18,1,1
20260912_215351_529_traffic_scan_env2025_seed0-499_48352cd1,392,31,19,0,1
20260912_215351_529_traffic_scan_env2025_seed0-499_48352cd1,392,31,20,0,4
20260912_215351_529_traffic_scan_env2025_seed0-499_48352cd1,392,31,20,1,4
20260912_215351_529_traffic_scan_env2025_seed0-499_48352cd1,392,31,23,0,3
20260912_215351_529_traffic_scan_env2025_seed0-499_48352cd1,392,31,23,1,6
20260912_215351_529_traffic_scan_env2025_seed0-499_48352cd1,392,31,24,1,1
20260912_215351_529_traffic_scan_env2025_seed0-499_48352cd1,392,31,26,1,2
20260912_215351_529_traffic_scan_env2025_seed0-499_48352cd1,392,31,27,0,3
20260912_215351_529_traffic_scan_env2025_seed0-499_48352cd1,392,31,27,1,1
20260912_215351_529_traffic_scan_env2025_seed0-499_48352cd1,392,31,28,0,3
20260912_215351_529_traffic_scan_env2025_seed0-499_48352cd1,392,31,28,1,1
20260912_215351_529_traffic_scan_env2025_seed0-499_48352cd1,392,31,30,0,3
20260912_215351_529_traffic_scan_env2025_seed0-499_48352cd1,392,31,30,1,5
20260912_215351_529_traffic_scan_env2025_seed0-499_48352cd1,392,31,31,0,1
20260912_215351_529_traffic_scan_env2025_seed0-499_48352cd1,392,31,33,0,2
20260912_215351_529_traffic_scan_env2025_seed0-499_48352cd1,392,31,33,1,3
20260912_215351_529_traffic_scan_env2025_seed0-499_48352cd1,392,31,34,0,1
20260912_215351_529_traffic_scan_env2025_seed0-499_48352cd1,392,31,34,1,2
20260912_215351_529_traffic_scan_env2025_seed0-499_48352cd1,392,31,35,0,1
20260912_215351_529_traffic_scan_env2025_seed0-499_48352cd1,392,31,36,0,1
20260912_215351_529_traffic_scan_env2025_seed0-499_48352cd1,392,31,36,1,2
20260912_215351_529_traffic_scan_env2025_seed0-499_48352cd1,392,31,37,0,4
20260912_215351_529_traffic_scan_env2025_seed0-499_48352cd1,392,31,37,1,1
20260912_215351_529_traffic_scan_env2025_seed0-499_48352cd1,392,31,38,0,1
20260912_215351_529_traffic_scan_env2025_seed0-499_48352cd1,392,31,39,0,1
20260912_215351_529_traffic_scan_env2025_seed0-499_48352cd1,392,31,39,1,2
20260912_215351_529_traffic_scan_env2025_seed0-499_48352cd1,392,31,40,0,2
20260912_215351_529_traffic_scan_env2025_seed0-499_48352cd1,392,31,40,1,2
20260912_215351_529_traffic_scan_env2025_seed0-499_48352cd1,392,31,41,0,2
20260912_215351_529_traffic_scan_env2025_seed0-499_48352cd1,392,31,42,0,2
20260912_215351_529_traffic_scan_env2025_seed0-499_48352cd1,392,31,42,1,2
20260912_215351_529_traffic_scan_env2025_seed0-499_48352cd1,392,31,43,0,4
20260912_215351_529_traffic_scan_env2025_seed0-499_48352cd1,392,31,45,0,2
20260912_215351_529_traffic_scan_env2025_seed0-499_48352cd1,392,31,45,1,1
20260912_215351_529_traffic_scan_env2025_seed0-499_48352cd1,392,31,48,0,2
20260912_215351_529_traffic_scan_env2025_seed0-499_48352cd1,392,31,48,1,1
20260912_215351_529_traffic_scan_env2025_seed0-499_48352cd1,392,31,51,1,1
20260912_215351_529_traffic_scan_env2025_seed0-499_48352cd1,392,31,52,0,1
20260912_215351_529_traffic_scan_env2025_seed0-499_48352cd1,392,31,53,0,1
20260912_215351_529_traffic_scan_env2025_seed0-499_48352cd1,392,31,54,0,1
20260912_215351_529_traffic_scan_env2025_seed0-499_48352cd1,392,31,56,0,1
20260912_215351_529_traffic_scan_env2025_seed0-499_48352cd1,392,31,59,0,1
20260912_215351_529_traffic_scan_env2025_seed0-499_48352cd1,392,32,4,0,1
20260912_215351_529_traffic_scan_env2025_seed0-499_48352cd1,392,32,5,0,1
20260912_215351_529_traffic_scan_env2025_seed0-499_48352cd1,392,32,6,0,1
20260912_215351_529_traffic_scan_env2025_seed0-499_48352cd1,392,32,6,1,1
20260912_215351_529_traffic_scan_env2025_seed0-499_48352cd1,392,32,7,0,1
20260912_215351_529_traffic_scan_env2025_seed0-499_48352cd1,392,32,9,0,4
20260912_215351_529_traffic_scan_env2025_seed0-499_48352cd1,392,32,10,0,1
20260912_215351_529_traffic_scan_env2025_seed0-499_48352cd1,392,32,10,1,1
20260912_215351_529_traffic_scan_env2025_seed0-499_48352cd1,392,32,11,0,1
20260912_215351_529_traffic_scan_env2025_seed0-499_48352cd1,392,32,12,2,1
20260912_215351_529_traffic_scan_env2025_seed0-499_48352cd1,392,32,13,0,1
20260912_215351_529_traffic_scan_env2025_seed0-499_48352cd1,392,32,16,1,1
20260912_215351_529_traffic_scan_env2025_seed0-499_48352cd1,392,32,18,0,1
20260912_215351_529_traffic_scan_env2025_seed0-499_48352cd1,392,32,18,1,1
20260912_215351_529_traffic_scan_env2025_seed0-499_48352cd1,392,32,20,0,1
20260912_215351_529_traffic_scan_env2025_seed0-499_48352cd1,392,32,20,1,6
20260912_215351_529_traffic_scan_env2025_seed0-499_48352cd1,392,32,21,0,3
20260912_215351_529_traffic_scan_env2025_seed0-499_48352cd1,392,32,21,1,2
20260912_215351_529_traffic_scan_env2025_seed0-499_48352cd1,392,32,22,0,4
20260912_215351_529_traffic_scan_env2025_seed0-499_48352cd1,392,32,22,1,4
20260912_215351_529_traffic_scan_env2025_seed0-499_48352cd1,392,32,23,0,1
20260912_215351_529_traffic_scan_env2025_seed0-499_48352cd1,392,32,23,1,4
20260912_215351_529_traffic_scan_env2025_seed0-499_48352cd1,392,32,24,1,1
20260912_215351_529_traffic_scan_env2025_seed0-499_48352cd1,392,32,25,1,3
20260912_215351_529_traffic_scan_env2025_seed0-499_48352cd1,392,32,26,0,4
20260912_215351_529_traffic_scan_env2025_seed0-499_48352cd1,392,32,26,1,2
20260912_215351_529_traffic_scan_env2025_seed0-499_48352cd1,392,32,27,0,2
20260912_215351_529_traffic_scan_env2025_seed0-499_48352cd1,392,32,27,1,3
20260912_215351_529_traffic_scan_env2025_seed0-499_48352cd1,392,32,28,0,1
20260912_215351_529_traffic_scan_env2025_seed0-499_48352cd1,392,32,28,1,1
20260912_215351_529_traffic_scan_env2025_seed0-499_48352cd1,392,32,29,0,5
20260912_215351_529_traffic_scan_env2025_seed0-499_48352cd1,392,32,29,1,1
20260912_215351_529_traffic_scan_env2025_seed0-499_48352cd1,392,32,30,0,1
20260912_215351_529_traffic_scan_env2025_seed0-499_48352cd1,392,32,30,1,1
20260912_215351_529_traffic_scan_env2025_seed0-499_48352cd1,392,32,31,1,6
20260912_215351_529_traffic_scan_env2025_seed0-499_48352cd1,392,32,32,1,2
20260912_215351_529_traffic_scan_env2025_seed0-499_48352cd1,392,32,33,0,1
20260912_215351_529_traffic_scan_env2025_seed0-499_48352cd1,392,32,33,1,2
20260912_215351_529_traffic_scan_env2025_seed0-499_48352cd1,392,32,34,0,2
20260912_215351_529_traffic_scan_env2025_seed0-499_48352cd1,392,32,34,1,4
20260912_215351_529_traffic_scan_env2025_seed0-499_48352cd1,392,32,35,1,1
20260912_215351_529_traffic_scan_env2025_seed0-499_48352cd1,392,32,36,0,4
20260912_215351_529_traffic_scan_env2025_seed0-499_48352cd1,392,32,36,1,3
20260912_215351_529_traffic_scan_env2025_seed0-499_48352cd1,392,32,37,0,1
20260912_215351_529_traffic_scan_env2025_seed0-499_48352cd1,392,32,37,1,1
20260912_215351_529_traffic_scan_env2025_seed0-499_48352cd1,392,32,39,0,1
20260912_215351_529_traffic_scan_env2025_seed0-499_48352cd1,392,32,40,0,1
20260912_215351_529_traffic_scan_env2025_seed0-499_48352cd1,392,32,40,1,2
20260912_215351_529_traffic_scan_env2025_seed0-499_48352cd1,392,32,41,2,2
20260912_215351_529_traffic_scan_env2025_seed0-499_48352cd1,392,32,42,2,2
20260912_215351_529_traffic_scan_env2025_seed0-499_48352cd1,392,32,43,0,1
20260912_215351_529_traffic_scan_env2025_seed0-499_48352cd1,392,32,44,0,1
20260912_215351_529_traffic_scan_env2025_seed0-499_48352cd1,392,32,45,0,1
20260912_215351_529_traffic_scan_env2025_seed0-499_48352cd1,392,32,46,0,1
20260912_215351_529_traffic_scan_env2025_seed0-499_48352cd1,392,32,46,1,1
20260912_215351_529_traffic_scan_env2025_seed0-499_48352cd1,392,32,47,2,1
20260912_215351_529_traffic_scan_env2025_seed0-499_48352cd1,392,32,49,0,2
20260912_215351_529_traffic_scan_env2025_seed0-499_48352cd1,392,32,51,0,1
20260912_215351_529_traffic_scan_env2025_seed0-499_48352cd1,392,32,51,1,1
20260912_215351_529_traffic_scan_env2025_seed0-499_48352cd1,392,32,55,0,1
20260912_215351_529_traffic_scan_env2025_seed0-499_48352cd1,392,32,58,0,2
20260912_215351_529_traffic_scan_env2025_seed0-499_48352cd1,392,33,6,1,1
20260912_215351_529_traffic_scan_env2025_seed0-499_48352cd1,392,33,8,0,2
20260912_215351_529_traffic_scan_env2025_seed0-499_48352cd1,392,33,10,0,1
20260912_215351_529_traffic_scan_env2025_seed0-499_48352cd1,392,33,10,1,1
20260912_215351_529_traffic_scan_env2025_seed0-499_48352cd1,392,33,11,1,1
20260912_215351_529_traffic_scan_env2025_seed0-499_48352cd1,392,33,14,1,1
20260912_215351_529_traffic_scan_env2025_seed0-499_48352cd1,392,33,15,1,1
20260912_215351_529_traffic_scan_env2025_seed0-499_48352cd1,392,33,17,0,1
20260912_215351_529_traffic_scan_env2025_seed0-499_48352cd1,392,33,18,1,1
20260912_215351_529_traffic_scan_env2025_seed0-499_48352cd1,392,33,19,1,3
20260912_215351_529_traffic_scan_env2025_seed0-499_48352cd1,392,33,20,0,1
20260912_215351_529_traffic_scan_env2025_seed0-499_48352cd1,392,33,20,1,3
20260912_215351_529_traffic_scan_env2025_seed0-499_48352cd1,392,33,21,0,4
20260912_215351_529_traffic_scan_env2025_seed0-499_48352cd1,392,33,21,1,1
20260912_215351_529_traffic_scan_env2025_seed0-499_48352cd1,392,33,22,0,1
20260912_215351_529_traffic_scan_env2025_seed0-499_48352cd1,392,33,22,1,1
20260912_215351_529_traffic_scan_env2025_seed0-499_48352cd1,392,33,23,1,3
20260912_215351_529_traffic_scan_env2025_seed0-499_48352cd1,392,33,24,0,1
20260912_215351_529_traffic_scan_env2025_seed0-499_48352cd1,392,33,24,1,1
20260912_215351_529_traffic_scan_env2025_seed0-499_48352cd1,392,33,25,0,4
20260912_215351_529_traffic_scan_env2025_seed0-499_48352cd1,392,33,26,2,3
20260912_215351_529_traffic_scan_env2025_seed0-499_48352cd1,392,33,27,2,1
20260912_215351_529_traffic_scan_env2025_seed0-499_48352cd1,392,33,28,0,3
20260912_215351_529_traffic_scan_env2025_seed0-499_48352cd1,392,33,29,0,2
20260912_215351_529_traffic_scan_env2025_seed0-499_48352cd1,392,33,30,0,2
20260912_215351_529_traffic_scan_env2025_seed0-499_48352cd1,392,33,31,1,1
20260912_215351_529_traffic_scan_env2025_seed0-499_48352cd1,392,33,32,0,1
20260912_215351_529_traffic_scan_env2025_seed0-499_48352cd1,392,33,32,1,6
20260912_215351_529_traffic_scan_env2025_seed0-499_48352cd1,392,33,34,1,1
20260912_215351_529_traffic_scan_env2025_seed0-499_48352cd1,392,33,35,0,4
20260912_215351_529_traffic_scan_env2025_seed0-499_48352cd1,392,33,35,1,3
20260912_215351_529_traffic_scan_env2025_seed0-499_48352cd1,392,33,36,0,1
20260912_215351_529_traffic_scan_env2025_seed0-499_48352cd1,392,33,36,1,1
20260912_215351_529_traffic_scan_env2025_seed0-499_48352cd1,392,33,37,0,2
20260912_215351_529_traffic_scan_env2025_seed0-499_48352cd1,392,33,38,0,1
20260912_215351_529_traffic_scan_env2025_seed0-499_48352cd1,392,33,38,1,1
20260912_215351_529_traffic_scan_env2025_seed0-499_48352cd1,392,33,39,0,1
20260912_215351_529_traffic_scan_env2025_seed0-499_48352cd1,392,33,41,2,2
20260912_215351_529_traffic_scan_env2025_seed0-499_48352cd1,392,33,42,2,4
20260912_215351_529_traffic_scan_env2025_seed0-499_48352cd1,392,33,43,0,2
20260912_215351_529_traffic_scan_env2025_seed0-499_48352cd1,392,33,45,1,1
20260912_215351_529_traffic_scan_env2025_seed0-499_48352cd1,392,33,46,0,2
20260912_215351_529_traffic_scan_env2025_seed0-499_48352cd1,392,33,46,1,1
20260912_215351_529_traffic_scan_env2025_seed0-499_48352cd1,392,33,47,2,1
20260912_215351_529_traffic_scan_env2025_seed0-499_48352cd1,392,33,49,0,2
20260912_215351_529_traffic_scan_env2025_seed0-499_48352cd1,392,33,50,0,1
20260912_215351_529_traffic_scan_env2025_seed0-499_48352cd1,392,33,51,1,1
20260912_215351_529_traffic_scan_env2025_seed0-499_48352cd1,392,33,58,0,2
20260912_215351_529_traffic_scan_env2025_seed0-499_48352cd1,392,34,2,0,1
20260912_215351_529_traffic_scan_env2025_seed0-499_48352cd1,392,34,3,0,1
20260912_215351_529_traffic_scan_env2025_seed0-499_48352cd1,392,34,4,0,1
20260912_215351_529_traffic_scan_env2025_seed0-499_48352cd1,392,34,5,0,1
20260912_215351_529_traffic_scan_env2025_seed0-499_48352cd1,392,34,6,0,1
20260912_215351_529_traffic_scan_env2025_seed0-499_48352cd1,392,34,6,1,1
20260912_215351_529_traffic_scan_env2025_seed0-499_48352cd1,392,34,7,0,3
20260912_215351_529_traffic_scan_env2025_seed0-499_48352cd1,392,34,8,0,1
20260912_215351_529_traffic_scan_env2025_seed0-499_48352cd1,392,34,9,0,1
20260912_215351_529_traffic_scan_env2025_seed0-499_48352cd1,392,34,10,0,1
20260912_215351_529_traffic_scan_env2025_seed0-499_48352cd1,392,34,10,1,1
20260912_215351_529_traffic_scan_env2025_seed0-499_48352cd1,392,34,11,0,1
20260912_215351_529_traffic_scan_env2025_seed0-499_48352cd1,392,34,14,1,1
20260912_215351_529_traffic_scan_env2025_seed0-499_48352cd1,392,34,15,1,1
20260912_215351_529_traffic_scan_env2025_seed0-499_48352cd1,392,34,16,0,1
20260912_215351_529_traffic_scan_env2025_seed0-499_48352cd1,392,34,18,1,4
20260912_215351_529_traffic_scan_env2025_seed0-499_48352cd1,392,34,20,0,4
20260912_215351_529_traffic_scan_env2025_seed0-499_48352cd1,392,34,20,1,3
20260912_215351_529_traffic_scan_env2025_seed0-499_48352cd1,392,34,21,0,1
20260912_215351_529_traffic_scan_env2025_seed0-499_48352cd1,392,34,21,1,1
20260912_215351_529_traffic_scan_env2025_seed0-499_48352cd1,392,34,22,1,1
20260912_215351_529_traffic_scan_env2025_seed0-499_48352cd1,392,34,23,0,1
20260912_215351_529_traffic_scan_env2025_seed0-499_48352cd1,392,34,23,1,4
20260912_215351_529_traffic_scan_env2025_seed0-499_48352cd1,392,34,24,0,3
20260912_215351_529_traffic_scan_env2025_seed0-499_48352cd1,392,34,25,0,2
20260912_215351_529_traffic_scan_env2025_seed0-499_48352cd1,392,34,25,1,1
20260912_215351_529_traffic_scan_env2025_seed0-499_48352cd1,392,34,26,2,1
20260912_215351_529_traffic_scan_env2025_seed0-499_48352cd1,392,34,27,2,2
20260912_215351_529_traffic_scan_env2025_seed0-499_48352cd1,392,34,28,0,3
20260912_215351_529_traffic_scan_env2025_seed0-499_48352cd1,392,34,30,0,1
20260912_215351_529_traffic_scan_env2025_seed0-499_48352cd1,392,34,30,1,1
20260912_215351_529_traffic_scan_env2025_seed0-499_48352cd1,392,34,31,0,3
20260912_215351_529_traffic_scan_env2025_seed0-499_48352cd1,392,34,31,1,1
20260912_215351_529_traffic_scan_env2025_seed0-499_48352cd1,392,34,33,1,5
20260912_215351_529_traffic_scan_env2025_seed0-499_48352cd1,392,34,34,0,2
20260912_215351_529_traffic_scan_env2025_seed0-499_48352cd1,392,34,34,1,2
20260912_215351_529_traffic_scan_env2025_seed0-499_48352cd1,392,34,36,0,3
20260912_215351_529_traffic_scan_env2025_seed0-499_48352cd1,392,34,36,1,3
20260912_215351_529_traffic_scan_env2025_seed0-499_48352cd1,392,34,37,0,2
20260912_215351_529_traffic_scan_env2025_seed0-499_48352cd1,392,34,38,0,2
20260912_215351_529_traffic_scan_env2025_seed0-499_48352cd1,392,34,39,1,1
20260912_215351_529_traffic_scan_env2025_seed0-499_48352cd1,392,34,42,0,2
20260912_215351_529_traffic_scan_env2025_seed0-499_48352cd1,392,34,42,1,4
20260912_215351_529_traffic_scan_env2025_seed0-499_48352cd1,392,34,43,1,2
20260912_215351_529_traffic_scan_env2025_seed0-499_48352cd1,392,34,44,1,1
20260912_215351_529_traffic_scan_env2025_seed0-499_48352cd1,392,34,46,0,1
20260912_215351_529_traffic_scan_env2025_seed0-499_48352cd1,392,34,47,0,1
20260912_215351_529_traffic_scan_env2025_seed0-499_48352cd1,392,34,48,0,1
20260912_215351_529_traffic_scan_env2025_seed0-499_48352cd1,392,34,48,1,1
20260912_215351_529_traffic_scan_env2025_seed0-499_48352cd1,392,34,49,0,1
20260912_215351_529_traffic_scan_env2025_seed0-499_48352cd1,392,34,50,0,3
20260912_215351_529_traffic_scan_env2025_seed0-499_48352cd1,392,34,51,2,1
20260912_215351_529_traffic_scan_env2025_seed0-499_48352cd1,392,34,57,0,2
20260912_215351_529_traffic_scan_env2025_seed0-499_48352cd1,392,35,6,0,2
20260912_215351_529_traffic_scan_env2025_seed0-499_48352cd1,392,35,6,1,1
20260912_215351_529_traffic_scan_env2025_seed0-499_48352cd1,392,35,9,0,1
20260912_215351_529_traffic_scan_env2025_seed0-499_48352cd1,392,35,10,1,2
20260912_215351_529_traffic_scan_env2025_seed0-499_48352cd1,392,35,11,1,1
20260912_215351_529_traffic_scan_env2025_seed0-499_48352cd1,392,35,12,0,1
20260912_215351_529_traffic_scan_env2025_seed0-499_48352cd1,392,35,12,1,1
20260912_215351_529_traffic_scan_env2025_seed0-499_48352cd1,392,35,13,1,2
20260912_215351_529_traffic_scan_env2025_seed0-499_48352cd1,392,35,14,1,1
20260912_215351_529_traffic_scan_env2025_seed0-499_48352cd1,392,35,15,0,1
20260912_215351_529_traffic_scan_env2025_seed0-499_48352cd1,392,35,15,1,1
20260912_215351_529_traffic_scan_env2025_seed0-499_48352cd1,392,35,16,1,2
20260912_215351_529_traffic_scan_env2025_seed0-499_48352cd1,392,35,17,1,4
20260912_215351_529_traffic_scan_env2025_seed0-499_48352cd1,392,35,18,1,2
20260912_215351_529_traffic_scan_env2025_seed0-499_48352cd1,392,35,19,0,3
20260912_215351_529_traffic_scan_env2025_seed0-499_48352cd1,392,35,19,1,1
20260912_215351_529_traffic_scan_env2025_seed0-499_48352cd1,392,35,20,0,1
20260912_215351_529_traffic_scan_env2025_seed0-499_48352cd1,392,35,20,1,4
20260912_215351_529_traffic_scan_env2025_seed0-499_48352cd1,392,35,21,0,1
20260912_215351_529_traffic_scan_env2025_seed0-499_48352cd1,392,35,21,1,2
20260912_215351_529_traffic_scan_env2025_seed0-499_48352cd1,392,35,22,1,3
20260912_215351_529_traffic_scan_env2025_seed0-499_48352cd1,392,35,23,0,3
20260912_215351_529_traffic_scan_env2025_seed0-499_48352cd1,392,35,23,1,4
20260912_215351_529_traffic_scan_env2025_seed0-499_48352cd1,392,35,24,0,1
20260912_215351_529_traffic_scan_env2025_seed0-499_48352cd1,392,35,24,1,2
20260912_215351_529_traffic_scan_env2025_seed0-499_48352cd1,392,35,25,1,1
20260912_215351_529_traffic_scan_env2025_seed0-499_48352cd1,392,35,26,0,2
20260912_215351_529_traffic_scan_env2025_seed0-499_48352cd1,392,35,26,1,2
20260912_215351_529_traffic_scan_env2025_seed0-499_48352cd1,392,35,27,0,3
20260912_215351_529_traffic_scan_env2025_seed0-499_48352cd1,392,35,27,1,2
20260912_215351_529_traffic_scan_env2025_seed0-499_48352cd1,392,35,28,1,2
20260912_215351_529_traffic_scan_env2025_seed0-499_48352cd1,392,35,29,1,2
20260912_215351_529_traffic_scan_env2025_seed0-499_48352cd1,392,35,30,1,2
20260912_215351_529_traffic_scan_env2025_seed0-499_48352cd1,392,35,31,0,2
20260912_215351_529_traffic_scan_env2025_seed0-499_48352cd1,392,35,31,1,1
20260912_215351_529_traffic_scan_env2025_seed0-499_48352cd1,392,35,32,0,2
20260912_215351_529_traffic_scan_env2025_seed0-499_48352cd1,392,35,32,1,1
20260912_215351_529_traffic_scan_env2025_seed0-499_48352cd1,392,35,33,0,2
20260912_215351_529_traffic_scan_env2025_seed0-499_48352cd1,392,35,33,1,2
20260912_215351_529_traffic_scan_env2025_seed0-499_48352cd1,392,35,34,1,7
20260912_215351_529_traffic_scan_env2025_seed0-499_48352cd1,392,35,36,0,2
20260912_215351_529_traffic_scan_env2025_seed0-499_48352cd1,392,35,36,1,1
20260912_215351_529_traffic_scan_env2025_seed0-499_48352cd1,392,35,37,0,4
20260912_215351_529_traffic_scan_env2025_seed0-499_48352cd1,392,35,37,1,2
20260912_215351_529_traffic_scan_env2025_seed0-499_48352cd1,392,35,39,0,1
20260912_215351_529_traffic_scan_env2025_seed0-499_48352cd1,392,35,40,1,1
20260912_215351_529_traffic_scan_env2025_seed0-499_48352cd1,392,35,41,0,1
20260912_215351_529_traffic_scan_env2025_seed0-499_48352cd1,392,35,42,0,1
20260912_215351_529_traffic_scan_env2025_seed0-499_48352cd1,392,35,42,1,2
20260912_215351_529_traffic_scan_env2025_seed0-499_48352cd1,392,35,43,1,3
20260912_215351_529_traffic_scan_env2025_seed0-499_48352cd1,392,35,44,1,2
20260912_215351_529_traffic_scan_env2025_seed0-499_48352cd1,392,35,45,0,1
20260912_215351_529_traffic_scan_env2025_seed0-499_48352cd1,392,35,48,0,1
20260912_215351_529_traffic_scan_env2025_seed0-499_48352cd1,392,35,48,1,1
20260912_215351_529_traffic_scan_env2025_seed0-499_48352cd1,392,35,49,0,2
20260912_215351_529_traffic_scan_env2025_seed0-499_48352cd1,392,35,51,0,2
20260912_215351_529_traffic_scan_env2025_seed0-499_48352cd1,392,35,51,1,1
20260912_215351_529_traffic_scan_env2025_seed0-499_48352cd1,392,35,52,0,2
20260912_215351_529_traffic_scan_env2025_seed0-499_48352cd1,392,35,56,0,2
20260912_215351_529_traffic_scan_env2025_seed0-499_48352cd1,392,36,5,0,2
20260912_215351_529_traffic_scan_env2025_seed0-499_48352cd1,392,36,5,1,1
20260912_215351_529_traffic_scan_env2025_seed0-499_48352cd1,392,36,8,0,1
20260912_215351_529_traffic_scan_env2025_seed0-499_48352cd1,392,36,10,1,1
20260912_215351_529_traffic_scan_env2025_seed0-499_48352cd1,392,36,12,1,1
20260912_215351_529_traffic_scan_env2025_seed0-499_48352cd1,392,36,13,0,1
20260912_215351_529_traffic_scan_env2025_seed0-499_48352cd1,392,36,14,0,1
20260912_215351_529_traffic_scan_env2025_seed0-499_48352cd1,392,36,16,1,3
20260912_215351_529_traffic_scan_env2025_seed0-499_48352cd1,392,36,17,1,1
20260912_215351_529_traffic_scan_env2025_seed0-499_48352cd1,392,36,18,2,1
20260912_215351_529_traffic_scan_env2025_seed0-499_48352cd1,392,36,19,0,5
20260912_215351_529_traffic_scan_env2025_seed0-499_48352cd1,392,36,20,0,3
20260912_215351_529_traffic_scan_env2025_seed0-499_48352cd1,392,36,20,1,3
20260912_215351_529_traffic_scan_env2025_seed0-499_48352cd1,392,36,21,0,1
20260912_215351_529_traffic_scan_env2025_seed0-499_48352cd1,392,36,21,1,2
20260912_215351_529_traffic_scan_env2025_seed0-499_48352cd1,392,36,22,0,3
20260912_215351_529_traffic_scan_env2025_seed0-499_48352cd1,392,36,22,1,1
20260912_215351_529_traffic_scan_env2025_seed0-499_48352cd1,392,36,23,1,3
20260912_215351_529_traffic_scan_env2025_seed0-499_48352cd1,392,36,24,1,1
20260912_215351_529_traffic_scan_env2025_seed0-499_48352cd1,392,36,25,0,2
20260912_215351_529_traffic_scan_env2025_seed0-499_48352cd1,392,36,26,0,3
20260912_215351_529_traffic_scan_env2025_seed0-499_48352cd1,392,36,26,1,1
20260912_215351_529_traffic_scan_env2025_seed0-499_48352cd1,392,36,27,0,1
20260912_215351_529_traffic_scan_env2025_seed0-499_48352cd1,392,36,27,1,1
20260912_215351_529_traffic_scan_env2025_seed0-499_48352cd1,392,36,28,2,1
20260912_215351_529_traffic_scan_env2025_seed0-499_48352cd1,392,36,29,1,2
20260912_215351_529_traffic_scan_env2025_seed0-499_48352cd1,392,36,30,0,1
20260912_215351_529_traffic_scan_env2025_seed0-499_48352cd1,392,36,32,0,3
20260912_215351_529_traffic_scan_env2025_seed0-499_48352cd1,392,36,32,1,1
20260912_215351_529_traffic_scan_env2025_seed0-499_48352cd1,392,36,33,0,2
20260912_215351_529_traffic_scan_env2025_seed0-499_48352cd1,392,36,34,1,1
20260912_215351_529_traffic_scan_env2025_seed0-499_48352cd1,392,36,35,0,7
20260912_215351_529_traffic_scan_env2025_seed0-499_48352cd1,392,36,36,0,2
20260912_215351_529_traffic_scan_env2025_seed0-499_48352cd1,392,36,36,1,1
20260912_215351_529_traffic_scan_env2025_seed0-499_48352cd1,392,36,37,0,1
20260912_215351_529_traffic_scan_env2025_seed0-499_48352cd1,392,36,38,0,2
20260912_215351_529_traffic_scan_env2025_seed0-499_48352cd1,392,36,38,1,2
20260912_215351_529_traffic_scan_env2025_seed0-499_48352cd1,392,36,39,1,1
20260912_215351_529_traffic_scan_env2025_seed0-499_48352cd1,392,36,40,0,2
20260912_215351_529_traffic_scan_env2025_seed0-499_48352cd1,392,36,40,1,1
20260912_215351_529_traffic_scan_env2025_seed0-499_48352cd1,392,36,41,1,2
20260912_215351_529_traffic_scan_env2025_seed0-499_48352cd1,392,36,42,0,1
20260912_215351_529_traffic_scan_env2025_seed0-499_48352cd1,392,36,42,1,4
20260912_215351_529_traffic_scan_env2025_seed0-499_48352cd1,392,36,43,1,2
20260912_215351_529_traffic_scan_env2025_seed0-499_48352cd1,392,36,44,0,1
20260912_215351_529_traffic_scan_env2025_seed0-499_48352cd1,392,36,44,1,2
20260912_215351_529_traffic_scan_env2025_seed0-499_48352cd1,392,36,45,1,3
20260912_215351_529_traffic_scan_env2025_seed0-499_48352cd1,392,36,46,0,1
20260912_215351_529_traffic_scan_env2025_seed0-499_48352cd1,392,36,46,1,1
20260912_215351_529_traffic_scan_env2025_seed0-499_48352cd1,392,36,47,0,1
20260912_215351_529_traffic_scan_env2025_seed0-499_48352cd1,392,36,47,1,1
20260912_215351_529_traffic_scan_env2025_seed0-499_48352cd1,392,36,48,0,1
20260912_215351_529_traffic_scan_env2025_seed0-499_48352cd1,392,36,48,1,2
20260912_215351_529_traffic_scan_env2025_seed0-499_48352cd1,392,36,49,1,1
20260912_215351_529_traffic_scan_env2025_seed0-499_48352cd1,392,36,50,0,1
20260912_215351_529_traffic_scan_env2025_seed0-499_48352cd1,392,36,50,1,1
20260912_215351_529_traffic_scan_env2025_seed0-499_48352cd1,392,36,51,1,1
20260912_215351_529_traffic_scan_env2025_seed0-499_48352cd1,392,36,53,0,4
20260912_215351_529_traffic_scan_env2025_seed0-499_48352cd1,392,36,55,0,2
20260912_215351_529_traffic_scan_env2025_seed0-499_48352cd1,392,37,4,0,2
20260912_215351_529_traffic_scan_env2025_seed0-499_48352cd1,392,37,5,1,1
20260912_215351_529_traffic_scan_env2025_seed0-499_48352cd1,392,37,8,0,1
20260912_215351_529_traffic_scan_env2025_seed0-499_48352cd1,392,37,9,1,1
20260912_215351_529_traffic_scan_env2025_seed0-499_48352cd1,392,37,12,1,1
20260912_215351_529_traffic_scan_env2025_seed0-499_48352cd1,392,37,13,0,1
20260912_215351_529_traffic_scan_env2025_seed0-499_48352cd1,392,37,14,0,1
20260912_215351_529_traffic_scan_env2025_seed0-499_48352cd1,392,37,15,1,3
20260912_215351_529_traffic_scan_env2025_seed0-499_48352cd1,392,37,18,0,5
20260912_215351_529_traffic_scan_env2025_seed0-499_48352cd1,392,37,18,1,2
20260912_215351_529_traffic_scan_env2025_seed0-499_48352cd1,392,37,20,2,4
20260912_215351_529_traffic_scan_env2025_seed0-499_48352cd1,392,37,21,0,5
20260912_215351_529_traffic_scan_env2025_seed0-499_48352cd1,392,37,21,1,2
20260912_215351_529_traffic_scan_env2025_seed0-499_48352cd1,392,37,23,1,3
20260912_215351_529_traffic_scan_env2025_seed0-499_48352cd1,392,37,24,0,1
20260912_215351_529_traffic_scan_env2025_seed0-499_48352cd1,392,37,24,1,1
20260912_215351_529_traffic_scan_env2025_seed0-499_48352cd1,392,37,25,0,3
20260912_215351_529_traffic_scan_env2025_seed0-499_48352cd1,392,37,26,0,1
20260912_215351_529_traffic_scan_env2025_seed0-499_48352cd1,392,37,26,1,1
20260912_215351_529_traffic_scan_env2025_seed0-499_48352cd1,392,37,27,1,2
20260912_215351_529_traffic_scan_env2025_seed0-499_48352cd1,392,37,28,0,1
20260912_215351_529_traffic_scan_env2025_seed0-499_48352cd1,392,37,28,1,1
20260912_215351_529_traffic_scan_env2025_seed0-499_48352cd1,392,37,29,0,1
20260912_215351_529_traffic_scan_env2025_seed0-499_48352cd1,392,37,30,1,1
20260912_215351_529_traffic_scan_env2025_seed0-499_48352cd1,392,37,31,0,2
20260912_215351_529_traffic_scan_env2025_seed0-499_48352cd1,392,37,31,1,1
20260912_215351_529_traffic_scan_env2025_seed0-499_48352cd1,392,37,33,0,1
20260912_215351_529_traffic_scan_env2025_seed0-499_48352cd1,392,37,34,0,3
20260912_215351_529_traffic_scan_env2025_seed0-499_48352cd1,392,37,34,1,1
20260912_215351_529_traffic_scan_env2025_seed0-499_48352cd1,392,37,35,0,1
20260912_215351_529_traffic_scan_env2025_seed0-499_48352cd1,392,37,36,0,7
20260912_215351_529_traffic_scan_env2025_seed0-499_48352cd1,392,37,36,1,1
20260912_215351_529_traffic_scan_env2025_seed0-499_48352cd1,392,37,38,0,1
20260912_215351_529_traffic_scan_env2025_seed0-499_48352cd1,392,37,39,0,3
20260912_215351_529_traffic_scan_env2025_seed0-499_48352cd1,392,37,39,1,1
20260912_215351_529_traffic_scan_env2025_seed0-499_48352cd1,392,37,41,0,1
20260912_215351_529_traffic_scan_env2025_seed0-499_48352cd1,392,37,41,1,1
20260912_215351_529_traffic_scan_env2025_seed0-499_48352cd1,392,37,42,0,1
20260912_215351_529_traffic_scan_env2025_seed0-499_48352cd1,392,37,42,1,3
20260912_215351_529_traffic_scan_env2025_seed0-499_48352cd1,392,37,43,0,1
20260912_215351_529_traffic_scan_env2025_seed0-499_48352cd1,392,37,43,1,1
20260912_215351_529_traffic_scan_env2025_seed0-499_48352cd1,392,37,45,0,1
20260912_215351_529_traffic_scan_env2025_seed0-499_48352cd1,392,37,45,1,1
20260912_215351_529_traffic_scan_env2025_seed0-499_48352cd1,392,37,46,2,2
20260912_215351_529_traffic_scan_env2025_seed0-499_48352cd1,392,37,47,0,1
20260912_215351_529_traffic_scan_env2025_seed0-499_48352cd1,392,37,48,1,1
20260912_215351_529_traffic_scan_env2025_seed0-499_48352cd1,392,37,51,0,2
20260912_215351_529_traffic_scan_env2025_seed0-499_48352cd1,392,37,51,1,1
20260912_215351_529_traffic_scan_env2025_seed0-499_48352cd1,392,37,52,0,2
20260912_215351_529_traffic_scan_env2025_seed0-499_48352cd1,392,37,54,0,5
20260912_215351_529_traffic_scan_env2025_seed0-499_48352cd1,392,37,55,0,1
20260912_215351_529_traffic_scan_env2025_seed0-499_48352cd1,392,37,56,0,1
20260912_215351_529_traffic_scan_env2025_seed0-499_48352cd1,392,37,58,0,1
20260912_215351_529_traffic_scan_env2025_seed0-499_48352cd1,392,38,3,0,1
20260912_215351_529_traffic_scan_env2025_seed0-499_48352cd1,392,38,5,1,1
20260912_215351_529_traffic_scan_env2025_seed0-499_48352cd1,392,38,7,1,1
20260912_215351_529_traffic_scan_env2025_seed0-499_48352cd1,392,38,9,0,1
20260912_215351_529_traffic_scan_env2025_seed0-499_48352cd1,392,38,10,1,1
20260912_215351_529_traffic_scan_env2025_seed0-499_48352cd1,392,38,12,0,1
20260912_215351_529_traffic_scan_env2025_seed0-499_48352cd1,392,38,12,1,1
20260912_215351_529_traffic_scan_env2025_seed0-499_48352cd1,392,38,13,0,1
20260912_215351_529_traffic_scan_env2025_seed0-499_48352cd1,392,38,14,0,1
20260912_215351_529_traffic_scan_env2025_seed0-499_48352cd1,392,38,14,1,3
20260912_215351_529_traffic_scan_env2025_seed0-499_48352cd1,392,38,15,0,2
20260912_215351_529_traffic_scan_env2025_seed0-499_48352cd1,392,38,16,0,1
20260912_215351_529_traffic_scan_env2025_seed0-499_48352cd1,392,38,17,0,5
20260912_215351_529_traffic_scan_env2025_seed0-499_48352cd1,392,38,19,2,3
20260912_215351_529_traffic_scan_env2025_seed0-499_48352cd1,392,38,20,2,3
20260912_215351_529_traffic_scan_env2025_seed0-499_48352cd1,392,38,21,0,3
20260912_215351_529_traffic_scan_env2025_seed0-499_48352cd1,392,38,21,1,2
20260912_215351_529_traffic_scan_env2025_seed0-499_48352cd1,392,38,23,0,1
20260912_215351_529_traffic_scan_env2025_seed0-499_48352cd1,392,38,23,1,3
20260912_215351_529_traffic_scan_env2025_seed0-499_48352cd1,392,38,24,0,3
20260912_215351_529_traffic_scan_env2025_seed0-499_48352cd1,392,38,24,1,1
20260912_215351_529_traffic_scan_env2025_seed0-499_48352cd1,392,38,26,2,2
20260912_215351_529_traffic_scan_env2025_seed0-499_48352cd1,392,38,27,0,1
20260912_215351_529_traffic_scan_env2025_seed0-499_48352cd1,392,38,27,1,2
20260912_215351_529_traffic_scan_env2025_seed0-499_48352cd1,392,38,28,0,1
20260912_215351_529_traffic_scan_env2025_seed0-499_48352cd1,392,38,29,0,1
20260912_215351_529_traffic_scan_env2025_seed0-499_48352cd1,392,38,30,0,2
20260912_215351_529_traffic_scan_env2025_seed0-499_48352cd1,392,38,30,1,2
20260912_215351_529_traffic_scan_env2025_seed0-499_48352cd1,392,38,33,0,1
20260912_215351_529_traffic_scan_env2025_seed0-499_48352cd1,392,38,34,0,2
20260912_215351_529_traffic_scan_env2025_seed0-499_48352cd1,392,38,34,1,1
20260912_215351_529_traffic_scan_env2025_seed0-499_48352cd1,392,38,35,0,2
20260912_215351_529_traffic_scan_env2025_seed0-499_48352cd1,392,38,35,1,1
20260912_215351_529_traffic_scan_env2025_seed0-499_48352cd1,392,38,37,0,7
20260912_215351_529_traffic_scan_env2025_seed0-499_48352cd1,392,38,38,0,2
20260912_215351_529_traffic_scan_env2025_seed0-499_48352cd1,392,38,40,0,2
20260912_215351_529_traffic_scan_env2025_seed0-499_48352cd1,392,38,40,1,2
20260912_215351_529_traffic_scan_env2025_seed0-499_48352cd1,392,38,42,0,3
20260912_215351_529_traffic_scan_env2025_seed0-499_48352cd1,392,38,42,1,2
20260912_215351_529_traffic_scan_env2025_seed0-499_48352cd1,392,38,43,2,2
20260912_215351_529_traffic_scan_env2025_seed0-499_48352cd1,392,38,44,0,1
20260912_215351_529_traffic_scan_env2025_seed0-499_48352cd1,392,38,46,0,1
20260912_215351_529_traffic_scan_env2025_seed0-499_48352cd1,392,38,46,1,1
20260912_215351_529_traffic_scan_env2025_seed0-499_48352cd1,392,38,47,1,2
20260912_215351_529_traffic_scan_env2025_seed0-499_48352cd1,392,38,48,1,1
20260912_215351_529_traffic_scan_env2025_seed0-499_48352cd1,392,38,51,0,1
20260912_215351_529_traffic_scan_env2025_seed0-499_48352cd1,392,38,51,1,1
20260912_215351_529_traffic_scan_env2025_seed0-499_48352cd1,392,38,52,0,1
20260912_215351_529_traffic_scan_env2025_seed0-499_48352cd1,392,38,54,0,2
20260912_215351_529_traffic_scan_env2025_seed0-499_48352cd1,392,38,55,0,1
20260912_215351_529_traffic_scan_env2025_seed0-499_48352cd1,392,38,57,0,1
20260912_215351_529_traffic_scan_env2025_seed0-499_48352cd1,392,39,2,0,1
20260912_215351_529_traffic_scan_env2025_seed0-499_48352cd1,392,39,5,1,1
20260912_215351_529_traffic_scan_env2025_seed0-499_48352cd1,392,39,6,0,1
20260912_215351_529_traffic_scan_env2025_seed0-499_48352cd1,392,39,7,0,3
20260912_215351_529_traffic_scan_env2025_seed0-499_48352cd1,392,39,8,0,1
20260912_215351_529_traffic_scan_env2025_seed0-499_48352cd1,392,39,10,0,1
20260912_215351_529_traffic_scan_env2025_seed0-499_48352cd1,392,39,10,1,1
20260912_215351_529_traffic_scan_env2025_seed0-499_48352cd1,392,39,11,0,2
20260912_215351_529_traffic_scan_env2025_seed0-499_48352cd1,392,39,12,0,1
20260912_215351_529_traffic_scan_env2025_seed0-499_48352cd1,392,39,12,1,1
20260912_215351_529_traffic_scan_env2025_seed0-499_48352cd1,392,39,13,1,3
20260912_215351_529_traffic_scan_env2025_seed0-499_48352cd1,392,39,14,1,1
20260912_215351_529_traffic_scan_env2025_seed0-499_48352cd1,392,39,15,0,1
20260912_215351_529_traffic_scan_env2025_seed0-499_48352cd1,392,39,16,0,5
20260912_215351_529_traffic_scan_env2025_seed0-499_48352cd1,392,39,18,0,1
20260912_215351_529_traffic_scan_env2025_seed0-499_48352cd1,392,39,18,1,1
20260912_215351_529_traffic_scan_env2025_seed0-499_48352cd1,392,39,19,0,1
20260912_215351_529_traffic_scan_env2025_seed0-499_48352cd1,392,39,19,1,2
20260912_215351_529_traffic_scan_env2025_seed0-499_48352cd1,392,39,20,0,3
20260912_215351_529_traffic_scan_env2025_seed0-499_48352cd1,392,39,20,1,3
20260912_215351_529_traffic_scan_env2025_seed0-499_48352cd1,392,39,21,1,2
20260912_215351_529_traffic_scan_env2025_seed0-499_48352cd1,392,39,22,0,1
20260912_215351_529_traffic_scan_env2025_seed0-499_48352cd1,392,39,23,0,3
20260912_215351_529_traffic_scan_env2025_seed0-499_48352cd1,392,39,23,1,4
20260912_215351_529_traffic_scan_env2025_seed0-499_48352cd1,392,39,25,1,1
20260912_215351_529_traffic_scan_env2025_seed0-499_48352cd1,392,39,26,1,2
20260912_215351_529_traffic_scan_env2025_seed0-499_48352cd1,392,39,27,0,1
20260912_215351_529_traffic_scan_env2025_seed0-499_48352cd1,392,39,27,1,1
20260912_215351_529_traffic_scan_env2025_seed0-499_48352cd1,392,39,28,0,1
20260912_215351_529_traffic_scan_env2025_seed0-499_48352cd1,392,39,29,0,1
20260912_215351_529_traffic_scan_env2025_seed0-499_48352cd1,392,39,29,1,1
20260912_215351_529_traffic_scan_env2025_seed0-499_48352cd1,392,39,30,0,2
20260912_215351_529_traffic_scan_env2025_seed0-499_48352cd1,392,39,30,1,1
20260912_215351_529_traffic_scan_env2025_seed0-499_48352cd1,392,39,33,0,2
20260912_215351_529_traffic_scan_env2025_seed0-499_48352cd1,392,39,34,1,1
20260912_215351_529_traffic_scan_env2025_seed0-499_48352cd1,392,39,35,0,1
20260912_215351_529_traffic_scan_env2025_seed0-499_48352cd1,392,39,35,1,1
20260912_215351_529_traffic_scan_env2025_seed0-499_48352cd1,392,39,36,0,2
20260912_215351_529_traffic_scan_env2025_seed0-499_48352cd1,392,39,37,0,1
20260912_215351_529_traffic_scan_env2025_seed0-499_48352cd1,392,39,38,0,8
20260912_215351_529_traffic_scan_env2025_seed0-499_48352cd1,392,39,39,1,1
20260912_215351_529_traffic_scan_env2025_seed0-499_48352cd1,392,39,40,1,1
20260912_215351_529_traffic_scan_env2025_seed0-499_48352cd1,392,39,41,0,2
20260912_215351_529_traffic_scan_env2025_seed0-499_48352cd1,392,39,42,0,2
20260912_215351_529_traffic_scan_env2025_seed0-499_48352cd1,392,39,42,1,2
20260912_215351_529_traffic_scan_env2025_seed0-499_48352cd1,392,39,43,0,2
20260912_215351_529_traffic_scan_env2025_seed0-499_48352cd1,392,39,43,1,1
20260912_215351_529_traffic_scan_env2025_seed0-499_48352cd1,392,39,44,1,1
20260912_215351_529_traffic_scan_env2025_seed0-499_48352cd1,392,39,45,0,1
20260912_215351_529_traffic_scan_env2025_seed0-499_48352cd1,392,39,47,1,1
20260912_215351_529_traffic_scan_env2025_seed0-499_48352cd1,392,39,48,1,4
20260912_215351_529_traffic_scan_env2025_seed0-499_48352cd1,392,39,50,0,1
20260912_215351_529_traffic_scan_env2025_seed0-499_48352cd1,392,39,51,1,1
20260912_215351_529_traffic_scan_env2025_seed0-499_48352cd1,392,39,53,0,2
20260912_215351_529_traffic_scan_env2025_seed0-499_48352cd1,392,39,54,0,1
20260912_215351_529_traffic_scan_env2025_seed0-499_48352cd1,392,39,55,0,1
20260912_215351_529_traffic_scan_env2025_seed0-499_48352cd1,392,39,56,0,1
20260912_215351_529_traffic_scan_env2025_seed0-499_48352cd1,392,40,1,0,1
20260912_215351_529_traffic_scan_env2025_seed0-499_48352cd1,392,40,5,1,1
20260912_215351_529_traffic_scan_env2025_seed0-499_48352cd1,392,40,6,0,2
20260912_215351_529_traffic_scan_env2025_seed0-499_48352cd1,392,40,8,0,1
20260912_215351_529_traffic_scan_env2025_seed0-499_48352cd1,392,40,9,0,1
20260912_215351_529_traffic_scan_env2025_seed0-499_48352cd1,392,40,10,0,2
20260912_215351_529_traffic_scan_env2025_seed0-499_48352cd1,392,40,10,1,1
20260912_215351_529_traffic_scan_env2025_seed0-499_48352cd1,392,40,11,0,1
20260912_215351_529_traffic_scan_env2025_seed0-499_48352cd1,392,40,12,0,4
20260912_215351_529_traffic_scan_env2025_seed0-499_48352cd1,392,40,12,1,1
20260912_215351_529_traffic_scan_env2025_seed0-499_48352cd1,392,40,13,1,1
20260912_215351_529_traffic_scan_env2025_seed0-499_48352cd1,392,40,15,1,3
20260912_215351_529_traffic_scan_env2025_seed0-499_48352cd1,392,40,17,0,2
20260912_215351_529_traffic_scan_env2025_seed0-499_48352cd1,392,40,17,1,1
20260912_215351_529_traffic_scan_env2025_seed0-499_48352cd1,392,40,19,0,1
20260912_215351_529_traffic_scan_env2025_seed0-499_48352cd1,392,40,19,1,1
20260912_215351_529_traffic_scan_env2025_seed0-499_48352cd1,392,40,20,0,2
20260912_215351_529_traffic_scan_env2025_seed0-499_48352cd1,392,40,20,1,2
20260912_215351_529_traffic_scan_env2025_seed0-499_48352cd1,392,40,21,0,1
20260912_215351_529_traffic_scan_env2025_seed0-499_48352cd1,392,40,21,1,3
20260912_215351_529_traffic_scan_env2025_seed0-499_48352cd1,392,40,22,0,2
20260912_215351_529_traffic_scan_env2025_seed0-499_48352cd1,392,40,23,0,3
20260912_215351_529_traffic_scan_env2025_seed0-499_48352cd1,392,40,23,1,3
20260912_215351_529_traffic_scan_env2025_seed0-499_48352cd1,392,40,24,1,1
20260912_215351_529_traffic_scan_env2025_seed0-499_48352cd1,392,40,25,1,1
20260912_215351_529_traffic_scan_env2025_seed0-499_48352cd1,392,40,26,0,1
20260912_215351_529_traffic_scan_env2025_seed0-499_48352cd1,392,40,26,1,1
20260912_215351_529_traffic_scan_env2025_seed0-499_48352cd1,392,40,27,1,1
20260912_215351_529_traffic_scan_env2025_seed0-499_48352cd1,392,40,28,0,1
20260912_215351_529_traffic_scan_env2025_seed0-499_48352cd1,392,40,28,1,1
20260912_215351_529_traffic_scan_env2025_seed0-499_48352cd1,392,40,29,0,1
20260912_215351_529_traffic_scan_env2025_seed0-499_48352cd1,392,40,30,0,1
20260912_215351_529_traffic_scan_env2025_seed0-499_48352cd1,392,40,31,0,1
20260912_215351_529_traffic_scan_env2025_seed0-499_48352cd1,392,40,31,1,1
20260912_215351_529_traffic_scan_env2025_seed0-499_48352cd1,392,40,32,0,3
20260912_215351_529_traffic_scan_env2025_seed0-499_48352cd1,392,40,34,1,2
20260912_215351_529_traffic_scan_env2025_seed0-499_48352cd1,392,40,36,0,2
20260912_215351_529_traffic_scan_env2025_seed0-499_48352cd1,392,40,37,0,2
20260912_215351_529_traffic_scan_env2025_seed0-499_48352cd1,392,40,38,0,1
20260912_215351_529_traffic_scan_env2025_seed0-499_48352cd1,392,40,38,1,1
20260912_215351_529_traffic_scan_env2025_seed0-499_48352cd1,392,40,39,0,7
20260912_215351_529_traffic_scan_env2025_seed0-499_48352cd1,392,40,40,1,1
20260912_215351_529_traffic_scan_env2025_seed0-499_48352cd1,392,40,41,0,1
20260912_215351_529_traffic_scan_env2025_seed0-499_48352cd1,392,40,42,0,4
20260912_215351_529_traffic_scan_env2025_seed0-499_48352cd1,392,40,42,1,2
20260912_215351_529_traffic_scan_env2025_seed0-499_48352cd1,392,40,43,1,1
20260912_215351_529_traffic_scan_env2025_seed0-499_48352cd1,392,40,44,0,2
20260912_215351_529_traffic_scan_env2025_seed0-499_48352cd1,392,40,44,1,1
20260912_215351_529_traffic_scan_env2025_seed0-499_48352cd1,392,40,47,1,2
20260912_215351_529_traffic_scan_env2025_seed0-499_48352cd1,392,40,49,0,4
20260912_215351_529_traffic_scan_env2025_seed0-499_48352cd1,392,40,51,0,1
20260912_215351_529_traffic_scan_env2025_seed0-499_48352cd1,392,40,51,1,1
20260912_215351_529_traffic_scan_env2025_seed0-499_48352cd1,392,40,52,0,1
20260912_215351_529_traffic_scan_env2025_seed0-499_48352cd1,392,40,55,0,1
20260912_215351_529_traffic_scan_env2025_seed0-499_48352cd1,392,40,57,0,1
20260912_215351_529_traffic_scan_env2025_seed0-499_48352cd1,392,41,0,0,1
20260912_215351_529_traffic_scan_env2025_seed0-499_48352cd1,392,41,5,1,1
20260912_215351_529_traffic_scan_env2025_seed0-499_48352cd1,392,41,7,0,1
20260912_215351_529_traffic_scan_env2025_seed0-499_48352cd1,392,41,9,0,1
20260912_215351_529_traffic_scan_env2025_seed0-499_48352cd1,392,41,10,1,1
20260912_215351_529_traffic_scan_env2025_seed0-499_48352cd1,392,41,11,0,3
20260912_215351_529_traffic_scan_env2025_seed0-499_48352cd1,392,41,11,1,1
20260912_215351_529_traffic_scan_env2025_seed0-499_48352cd1,392,41,14,0,3
20260912_215351_529_traffic_scan_env2025_seed0-499_48352cd1,392,41,16,0,1
20260912_215351_529_traffic_scan_env2025_seed0-499_48352cd1,392,41,16,1,1
20260912_215351_529_traffic_scan_env2025_seed0-499_48352cd1,392,41,18,0,1
20260912_215351_529_traffic_scan_env2025_seed0-499_48352cd1,392,41,19,0,1
20260912_215351_529_traffic_scan_env2025_seed0-499_48352cd1,392,41,19,1,1
20260912_215351_529_traffic_scan_env2025_seed0-499_48352cd1,392,41,20,0,3
20260912_215351_529_traffic_scan_env2025_seed0-499_48352cd1,392,41,20,1,2
20260912_215351_529_traffic_scan_env2025_seed0-499_48352cd1,392,41,21,0,2
20260912_215351_529_traffic_scan_env2025_seed0-499_48352cd1,392,41,21,1,2
20260912_215351_529_traffic_scan_env2025_seed0-499_48352cd1,392,41,22,0,2
20260912_215351_529_traffic_scan_env2025_seed0-499_48352cd1,392,41,22,1,1
20260912_215351_529_traffic_scan_env2025_seed0-499_48352cd1,392,41,23,0,1
20260912_215351_529_traffic_scan_env2025_seed0-499_48352cd1,392,41,23,1,3
20260912_215351_529_traffic_scan_env2025_seed0-499_48352cd1,392,41,24,1,1
20260912_215351_529_traffic_scan_env2025_seed0-499_48352cd1,392,41,25,0,1
20260912_215351_529_traffic_scan_env2025_seed0-499_48352cd1,392,41,26,1,1
20260912_215351_529_traffic_scan_env2025_seed0-499_48352cd1,392,41,27,0,1
20260912_215351_529_traffic_scan_env2025_seed0-499_48352cd1,392,41,27,1,2
20260912_215351_529_traffic_scan_env2025_seed0-499_48352cd1,392,41,29,0,1
20260912_215351_529_traffic_scan_env2025_seed0-499_48352cd1,392,41,30,0,1
20260912_215351_529_traffic_scan_env2025_seed0-499_48352cd1,392,41,31,0,2
20260912_215351_529_traffic_scan_env2025_seed0-499_48352cd1,392,41,32,1,1
20260912_215351_529_traffic_scan_env2025_seed0-499_48352cd1,392,41,33,0,1
20260912_215351_529_traffic_scan_env2025_seed0-499_48352cd1,392,41,33,1,2
20260912_215351_529_traffic_scan_env2025_seed0-499_48352cd1,392,41,35,0,1
20260912_215351_529_traffic_scan_env2025_seed0-499_48352cd1,392,41,37,0,1
20260912_215351_529_traffic_scan_env2025_seed0-499_48352cd1,392,41,37,1,1
20260912_215351_529_traffic_scan_env2025_seed0-499_48352cd1,392,41,38,0,3
20260912_215351_529_traffic_scan_env2025_seed0-499_48352cd1,392,41,40,0,8
20260912_215351_529_traffic_scan_env2025_seed0-499_48352cd1,392,41,40,1,1
20260912_215351_529_traffic_scan_env2025_seed0-499_48352cd1,392,41,41,0,1
20260912_215351_529_traffic_scan_env2025_seed0-499_48352cd1,392,41,42,0,1
20260912_215351_529_traffic_scan_env2025_seed0-499_48352cd1,392,41,42,1,2
20260912_215351_529_traffic_scan_env2025_seed0-499_48352cd1,392,41,43,0,3
20260912_215351_529_traffic_scan_env2025_seed0-499_48352cd1,392,41,43,1,1
20260912_215351_529_traffic_scan_env2025_seed0-499_48352cd1,392,41,45,0,2
20260912_215351_529_traffic_scan_env2025_seed0-499_48352cd1,392,41,46,0,1
20260912_215351_529_traffic_scan_env2025_seed0-499_48352cd1,392,41,46,1,1
20260912_215351_529_traffic_scan_env2025_seed0-499_48352cd1,392,41,47,1,1
20260912_215351_529_traffic_scan_env2025_seed0-499_48352cd1,392,41,49,0,3
20260912_215351_529_traffic_scan_env2025_seed0-499_48352cd1,392,41,50,0,1
20260912_215351_529_traffic_scan_env2025_seed0-499_48352cd1,392,41,51,2,1
20260912_215351_529_traffic_scan_env2025_seed0-499_48352cd1,392,41,56,0,1
20260912_215351_529_traffic_scan_env2025_seed0-499_48352cd1,392,41,58,0,1
20260912_215351_529_traffic_scan_env2025_seed0-499_48352cd1,392,42,5,1,1
20260912_215351_529_traffic_scan_env2025_seed0-499_48352cd1,392,42,7,0,1
20260912_215351_529_traffic_scan_env2025_seed0-499_48352cd1,392,42,8,0,1
20260912_215351_529_traffic_scan_env2025_seed0-499_48352cd1,392,42,10,0,2
20260912_215351_529_traffic_scan_env2025_seed0-499_48352cd1,392,42,10,1,2
20260912_215351_529_traffic_scan_env2025_seed0-499_48352cd1,392,42,14,0,3
20260912_215351_529_traffic_scan_env2025_seed0-499_48352cd1,392,42,15,0,1
20260912_215351_529_traffic_scan_env2025_seed0-499_48352cd1,392,42,15,1,1
20260912_215351_529_traffic_scan_env2025_seed0-499_48352cd1,392,42,19,0,3
20260912_215351_529_traffic_scan_env2025_seed0-499_48352cd1,392,42,19,1,1
20260912_215351_529_traffic_scan_env2025_seed0-499_48352cd1,392,42,20,0,4
20260912_215351_529_traffic_scan_env2025_seed0-499_48352cd1,392,42,20,1,2
20260912_215351_529_traffic_scan_env2025_seed0-499_48352cd1,392,42,21,0,2
20260912_215351_529_traffic_scan_env2025_seed0-499_48352cd1,392,42,21,1,2
20260912_215351_529_traffic_scan_env2025_seed0-499_48352cd1,392,42,23,1,6
20260912_215351_529_traffic_scan_env2025_seed0-499_48352cd1,392,42,24,0,1
20260912_215351_529_traffic_scan_env2025_seed0-499_48352cd1,392,42,26,0,1
20260912_215351_529_traffic_scan_env2025_seed0-499_48352cd1,392,42,26,1,2
20260912_215351_529_traffic_scan_env2025_seed0-499_48352cd1,392,42,27,1,1
20260912_215351_529_traffic_scan_env2025_seed0-499_48352cd1,392,42,28,0,1
20260912_215351_529_traffic_scan_env2025_seed0-499_48352cd1,392,42,30,0,2
20260912_215351_529_traffic_scan_env2025_seed0-499_48352cd1,392,42,31,0,1
20260912_215351_529_traffic_scan_env2025_seed0-499_48352cd1,392,42,32,1,1
20260912_215351_529_traffic_scan_env2025_seed0-499_48352cd1,392,42,33,1,2
20260912_215351_529_traffic_scan_env2025_seed0-499_48352cd1,392,42,34,0,2
20260912_215351_529_traffic_scan_env2025_seed0-499_48352cd1,392,42,36,1,1
20260912_215351_529_traffic_scan_env2025_seed0-499_48352cd1,392,42,38,0,2
20260912_215351_529_traffic_scan_env2025_seed0-499_48352cd1,392,42,39,0,3
20260912_215351_529_traffic_scan_env2025_seed0-499_48352cd1,392,42,40,0,1
20260912_215351_529_traffic_scan_env2025_seed0-499_48352cd1,392,42,40,1,1
20260912_215351_529_traffic_scan_env2025_seed0-499_48352cd1,392,42,41,0,7
20260912_215351_529_traffic_scan_env2025_seed0-499_48352cd1,392,42,42,0,2
20260912_215351_529_traffic_scan_env2025_seed0-499_48352cd1,392,42,42,1,2
20260912_215351_529_traffic_scan_env2025_seed0-499_48352cd1,392,42,43,1,1
20260912_215351_529_traffic_scan_env2025_seed0-499_48352cd1,392,42,44,0,2
20260912_215351_529_traffic_scan_env2025_seed0-499_48352cd1,392,42,45,1,1
20260912_215351_529_traffic_scan_env2025_seed0-499_48352cd1,392,42,46,0,1
20260912_215351_529_traffic_scan_env2025_seed0-499_48352cd1,392,42,47,0,1
20260912_215351_529_traffic_scan_env2025_seed0-499_48352cd1,392,42,48,1,1
20260912_215351_529_traffic_scan_env2025_seed0-499_48352cd1,392,42,49,0,2
20260912_215351_529_traffic_scan_env2025_seed0-499_48352cd1,392,42,50,0,3
20260912_215351_529_traffic_scan_env2025_seed0-499_48352cd1,392,42,51,1,1
20260912_215351_529_traffic_scan_env2025_seed0-499_48352cd1,392,42,57,0,1
20260912_215351_529_traffic_scan_env2025_seed0-499_48352cd1,392,42,59,0,1
20260912_215351_529_traffic_scan_env2025_seed0-499_48352cd1,392,43,5,1,1
20260912_215351_529_traffic_scan_env2025_seed0-499_48352cd1,392,43,7,0,2
20260912_215351_529_traffic_scan_env2025_seed0-499_48352cd1,392,43,10,0,2
20260912_215351_529_traffic_scan_env2025_seed0-499_48352cd1,392,43,10,1,2
20260912_215351_529_traffic_scan_env2025_seed0-499_48352cd1,392,43,14,0,4
20260912_215351_529_traffic_scan_env2025_seed0-499_48352cd1,392,43,14,1,1
20260912_215351_529_traffic_scan_env2025_seed0-499_48352cd1,392,43,18,0,2
20260912_215351_529_traffic_scan_env2025_seed0-499_48352cd1,392,43,19,0,5
20260912_215351_529_traffic_scan_env2025_seed0-499_48352cd1,392,43,20,0,6
20260912_215351_529_traffic_scan_env2025_seed0-499_48352cd1,392,43,20,1,2
20260912_215351_529_traffic_scan_env2025_seed0-499_48352cd1,392,43,21,0,1
20260912_215351_529_traffic_scan_env2025_seed0-499_48352cd1,392,43,21,1,2
20260912_215351_529_traffic_scan_env2025_seed0-499_48352cd1,392,43,22,0,2
20260912_215351_529_traffic_scan_env2025_seed0-499_48352cd1,392,43,23,0,3
20260912_215351_529_traffic_scan_env2025_seed0-499_48352cd1,392,43,23,1,3
20260912_215351_529_traffic_scan_env2025_seed0-499_48352cd1,392,43,24,0,1
20260912_215351_529_traffic_scan_env2025_seed0-499_48352cd1,392,43,24,1,1
20260912_215351_529_traffic_scan_env2025_seed0-499_48352cd1,392,43,25,0,2
20260912_215351_529_traffic_scan_env2025_seed0-499_48352cd1,392,43,25,1,1
20260912_215351_529_traffic_scan_env2025_seed0-499_48352cd1,392,43,26,0,1
20260912_215351_529_traffic_scan_env2025_seed0-499_48352cd1,392,43,26,1,1
20260912_215351_529_traffic_scan_env2025_seed0-499_48352cd1,392,43,27,0,2
20260912_215351_529_traffic_scan_env2025_seed0-499_48352cd1,392,43,27,1,1
20260912_215351_529_traffic_scan_env2025_seed0-499_48352cd1,392,43,28,0,1
20260912_215351_529_traffic_scan_env2025_seed0-499_48352cd1,392,43,29,0,3
20260912_215351_529_traffic_scan_env2025_seed0-499_48352cd1,392,43,30,0,1
20260912_215351_529_traffic_scan_env2025_seed0-499_48352cd1,392,43,31,0,1
20260912_215351_529_traffic_scan_env2025_seed0-499_48352cd1,392,43,31,1,1
20260912_215351_529_traffic_scan_env2025_seed0-499_48352cd1,392,43,32,0,3
20260912_215351_529_traffic_scan_env2025_seed0-499_48352cd1,392,43,33,0,2
20260912_215351_529_traffic_scan_env2025_seed0-499_48352cd1,392,43,34,0,1
20260912_215351_529_traffic_scan_env2025_seed0-499_48352cd1,392,43,34,1,1
20260912_215351_529_traffic_scan_env2025_seed0-499_48352cd1,392,43,35,0,2
20260912_215351_529_traffic_scan_env2025_seed0-499_48352cd1,392,43,35,1,1
20260912_215351_529_traffic_scan_env2025_seed0-499_48352cd1,392,43,36,0,1
20260912_215351_529_traffic_scan_env2025_seed0-499_48352cd1,392,43,37,0,1
20260912_215351_529_traffic_scan_env2025_seed0-499_48352cd1,392,43,38,0,5
20260912_215351_529_traffic_scan_env2025_seed0-499_48352cd1,392,43,39,0,4
20260912_215351_529_traffic_scan_env2025_seed0-499_48352cd1,392,43,40,0,2
20260912_215351_529_traffic_scan_env2025_seed0-499_48352cd1,392,43,40,1,1
20260912_215351_529_traffic_scan_env2025_seed0-499_48352cd1,392,43,41,0,1
20260912_215351_529_traffic_scan_env2025_seed0-499_48352cd1,392,43,42,0,8
20260912_215351_529_traffic_scan_env2025_seed0-499_48352cd1,392,43,42,1,2
20260912_215351_529_traffic_scan_env2025_seed0-499_48352cd1,392,43,43,1,1
20260912_215351_529_traffic_scan_env2025_seed0-499_48352cd1,392,43,44,1,1
20260912_215351_529_traffic_scan_env2025_seed0-499_48352cd1,392,43,45,0,2
20260912_215351_529_traffic_scan_env2025_seed0-499_48352cd1,392,43,47,0,1
20260912_215351_529_traffic_scan_env2025_seed0-499_48352cd1,392,43,48,0,4
20260912_215351_529_traffic_scan_env2025_seed0-499_48352cd1,392,43,48,1,1
20260912_215351_529_traffic_scan_env2025_seed0-499_48352cd1,392,43,49,0,2
20260912_215351_529_traffic_scan_env2025_seed0-499_48352cd1,392,43,51,0,2
20260912_215351_529_traffic_scan_env2025_seed0-499_48352cd1,392,43,51,1,1
20260912_215351_529_traffic_scan_env2025_seed0-499_48352cd1,392,43,58,0,1
20260912_215351_529_traffic_scan_env2025_seed0-499_48352cd1,392,44,5,0,1
20260912_215351_529_traffic_scan_env2025_seed0-499_48352cd1,392,44,6,0,1
20260912_215351_529_traffic_scan_env2025_seed0-499_48352cd1,392,44,7,0,1
20260912_215351_529_traffic_scan_env2025_seed0-499_48352cd1,392,44,8,0,3
20260912_215351_529_traffic_scan_env2025_seed0-499_48352cd1,392,44,9,0,3
20260912_215351_529_traffic_scan_env2025_seed0-499_48352cd1,392,44,10,0,1
20260912_215351_529_traffic_scan_env2025_seed0-499_48352cd1,392,44,10,1,2
20260912_215351_529_traffic_scan_env2025_seed0-499_48352cd1,392,44,13,0,3
20260912_215351_529_traffic_scan_env2025_seed0-499_48352cd1,392,44,13,1,1
20260912_215351_529_traffic_scan_env2025_seed0-499_48352cd1,392,44,14,0,3
20260912_215351_529_traffic_scan_env2025_seed0-499_48352cd1,392,44,17,0,2
20260912_215351_529_traffic_scan_env2025_seed0-499_48352cd1,392,44,18,0,2
20260912_215351_529_traffic_scan_env2025_seed0-499_48352cd1,392,44,19,0,4
20260912_215351_529_traffic_scan_env2025_seed0-499_48352cd1,392,44,20,0,1
20260912_215351_529_traffic_scan_env2025_seed0-499_48352cd1,392,44,20,1,2
20260912_215351_529_traffic_scan_env2025_seed0-499_48352cd1,392,44,21,0,3
20260912_215351_529_traffic_scan_env2025_seed0-499_48352cd1,392,44,21,1,2
20260912_215351_529_traffic_scan_env2025_seed0-499_48352cd1,392,44,22,0,2
20260912_215351_529_traffic_scan_env2025_seed0-499_48352cd1,392,44,23,2,1
20260912_215351_529_traffic_scan_env2025_seed0-499_48352cd1,392,44,24,2,3
20260912_215351_529_traffic_scan_env2025_seed0-499_48352cd1,392,44,25,1,1
20260912_215351_529_traffic_scan_env2025_seed0-499_48352cd1,392,44,26,0,1
20260912_215351_529_traffic_scan_env2025_seed0-499_48352cd1,392,44,26,1,1
20260912_215351_529_traffic_scan_env2025_seed0-499_48352cd1,392,44,27,1,1
20260912_215351_529_traffic_scan_env2025_seed0-499_48352cd1,392,44,28,0,2
20260912_215351_529_traffic_scan_env2025_seed0-499_48352cd1,392,44,30,1,1
20260912_215351_529_traffic_scan_env2025_seed0-499_48352cd1,392,44,31,0,1
20260912_215351_529_traffic_scan_env2025_seed0-499_48352cd1,392,44,32,0,1
20260912_215351_529_traffic_scan_env2025_seed0-499_48352cd1,392,44,32,1,1
20260912_215351_529_traffic_scan_env2025_seed0-499_48352cd1,392,44,33,0,1
20260912_215351_529_traffic_scan_env2025_seed0-499_48352cd1,392,44,33,1,1
20260912_215351_529_traffic_scan_env2025_seed0-499_48352cd1,392,44,34,1,1
20260912_215351_529_traffic_scan_env2025_seed0-499_48352cd1,392,44,35,1,1
20260912_215351_529_traffic_scan_env2025_seed0-499_48352cd1,392,44,36,0,1
20260912_215351_529_traffic_scan_env2025_seed0-499_48352cd1,392,44,37,0,4
20260912_215351_529_traffic_scan_env2025_seed0-499_48352cd1,392,44,40,0,3
20260912_215351_529_traffic_scan_env2025_seed0-499_48352cd1,392,44,40,1,1
20260912_215351_529_traffic_scan_env2025_seed0-499_48352cd1,392,44,41,0,3
20260912_215351_529_traffic_scan_env2025_seed0-499_48352cd1,392,44,42,0,2
20260912_215351_529_traffic_scan_env2025_seed0-499_48352cd1,392,44,42,1,2
20260912_215351_529_traffic_scan_env2025_seed0-499_48352cd1,392,44,43,0,8
20260912_215351_529_traffic_scan_env2025_seed0-499_48352cd1,392,44,43,1,2
20260912_215351_529_traffic_scan_env2025_seed0-499_48352cd1,392,44,46,0,2
20260912_215351_529_traffic_scan_env2025_seed0-499_48352cd1,392,44,47,0,2
20260912_215351_529_traffic_scan_env2025_seed0-499_48352cd1,392,44,49,0,4
20260912_215351_529_traffic_scan_env2025_seed0-499_48352cd1,392,44,51,1,1
20260912_215351_529_traffic_scan_env2025_seed0-499_48352cd1,392,44,52,0,2
20260912_215351_529_traffic_scan_env2025_seed0-499_48352cd1,392,44,59,0,1
20260912_215351_529_traffic_scan_env2025_seed0-499_48352cd1,392,45,5,0,2
20260912_215351_529_traffic_scan_env2025_seed0-499_48352cd1,392,45,7,0,2
20260912_215351_529_traffic_scan_env2025_seed0-499_48352cd1,392,45,10,1,2
20260912_215351_529_traffic_scan_env2025_seed0-499_48352cd1,392,45,11,0,2
20260912_215351_529_traffic_scan_env2025_seed0-499_48352cd1,392,45,12,0,3
20260912_215351_529_traffic_scan_env2025_seed0-499_48352cd1,392,45,12,1,1
20260912_215351_529_traffic_scan_env2025_seed0-499_48352cd1,392,45,14,0,2
20260912_215351_529_traffic_scan_env2025_seed0-499_48352cd1,392,45,15,0,1
20260912_215351_529_traffic_scan_env2025_seed0-499_48352cd1,392,45,16,0,2
20260912_215351_529_traffic_scan_env2025_seed0-499_48352cd1,392,45,17,0,2
20260912_215351_529_traffic_scan_env2025_seed0-499_48352cd1,392,45,18,0,2
20260912_215351_529_traffic_scan_env2025_seed0-499_48352cd1,392,45,19,0,2
20260912_215351_529_traffic_scan_env2025_seed0-499_48352cd1,392,45,20,0,2
20260912_215351_529_traffic_scan_env2025_seed0-499_48352cd1,392,45,20,1,2
20260912_215351_529_traffic_scan_env2025_seed0-499_48352cd1,392,45,21,0,1
20260912_215351_529_traffic_scan_env2025_seed0-499_48352cd1,392,45,21,1,2
20260912_215351_529_traffic_scan_env2025_seed0-499_48352cd1,392,45,22,0,3
20260912_215351_529_traffic_scan_env2025_seed0-499_48352cd1,392,45,23,2,2
20260912_215351_529_traffic_scan_env2025_seed0-499_48352cd1,392,45,25,0,1
20260912_215351_529_traffic_scan_env2025_seed0-499_48352cd1,392,45,25,1,2
20260912_215351_529_traffic_scan_env2025_seed0-499_48352cd1,392,45,26,1,2
20260912_215351_529_traffic_scan_env2025_seed0-499_48352cd1,392,45,27,0,2
20260912_215351_529_traffic_scan_env2025_seed0-499_48352cd1,392,45,27,1,1
20260912_215351_529_traffic_scan_env2025_seed0-499_48352cd1,392,45,29,1,1
20260912_215351_529_traffic_scan_env2025_seed0-499_48352cd1,392,45,30,0,1
20260912_215351_529_traffic_scan_env2025_seed0-499_48352cd1,392,45,31,0,1
20260912_215351_529_traffic_scan_env2025_seed0-499_48352cd1,392,45,31,1,1
20260912_215351_529_traffic_scan_env2025_seed0-499_48352cd1,392,45,34,0,1
20260912_215351_529_traffic_scan_env2025_seed0-499_48352cd1,392,45,36,0,2
20260912_215351_529_traffic_scan_env2025_seed0-499_48352cd1,392,45,36,1,1
20260912_215351_529_traffic_scan_env2025_seed0-499_48352cd1,392,45,37,0,3
20260912_215351_529_traffic_scan_env2025_seed0-499_48352cd1,392,45,40,0,1
20260912_215351_529_traffic_scan_env2025_seed0-499_48352cd1,392,45,40,1,1
20260912_215351_529_traffic_scan_env2025_seed0-499_48352cd1,392,45,42,0,3
20260912_215351_529_traffic_scan_env2025_seed0-499_48352cd1,392,45,42,1,3
20260912_215351_529_traffic_scan_env2025_seed0-499_48352cd1,392,45,43,2,1
20260912_215351_529_traffic_scan_env2025_seed0-499_48352cd1,392,45,44,0,8
20260912_215351_529_traffic_scan_env2025_seed0-499_48352cd1,392,45,46,0,2
20260912_215351_529_traffic_scan_env2025_seed0-499_48352cd1,392,45,47,0,1
20260912_215351_529_traffic_scan_env2025_seed0-499_48352cd1,392,45,49,0,3
20260912_215351_529_traffic_scan_env2025_seed0-499_48352cd1,392,45,50,0,1
20260912_215351_529_traffic_scan_env2025_seed0-499_48352cd1,392,45,51,1,1
20260912_215351_529_traffic_scan_env2025_seed0-499_48352cd1,392,45,53,0,2
20260912_215351_529_traffic_scan_env2025_seed0-499_48352cd1,392,46,4,0,1
20260912_215351_529_traffic_scan_env2025_seed0-499_48352cd1,392,46,5,0,2
20260912_215351_529_traffic_scan_env2025_seed0-499_48352cd1,392,46,6,0,2
20260912_215351_529_traffic_scan_env2025_seed0-499_48352cd1,392,46,10,1,2
20260912_215351_529_traffic_scan_env2025_seed0-499_48352cd1,392,46,11,1,1
20260912_215351_529_traffic_scan_env2025_seed0-499_48352cd1,392,46,12,0,1
20260912_215351_529_traffic_scan_env2025_seed0-499_48352cd1,392,46,13,0,1
20260912_215351_529_traffic_scan_env2025_seed0-499_48352cd1,392,46,14,0,1
20260912_215351_529_traffic_scan_env2025_seed0-499_48352cd1,392,46,15,0,1
20260912_215351_529_traffic_scan_env2025_seed0-499_48352cd1,392,46,16,0,2
20260912_215351_529_traffic_scan_env2025_seed0-499_48352cd1,392,46,17,0,2
20260912_215351_529_traffic_scan_env2025_seed0-499_48352cd1,392,46,19,0,3
20260912_215351_529_traffic_scan_env2025_seed0-499_48352cd1,392,46,20,0,4
20260912_215351_529_traffic_scan_env2025_seed0-499_48352cd1,392,46,20,1,2
20260912_215351_529_traffic_scan_env2025_seed0-499_48352cd1,392,46,22,3,1
20260912_215351_529_traffic_scan_env2025_seed0-499_48352cd1,392,46,23,0,3
20260912_215351_529_traffic_scan_env2025_seed0-499_48352cd1,392,46,23,1,1
20260912_215351_529_traffic_scan_env2025_seed0-499_48352cd1,392,46,24,0,2
20260912_215351_529_traffic_scan_env2025_seed0-499_48352cd1,392,46,25,0,1
20260912_215351_529_traffic_scan_env2025_seed0-499_48352cd1,392,46,26,0,2
20260912_215351_529_traffic_scan_env2025_seed0-499_48352cd1,392,46,26,1,3
20260912_215351_529_traffic_scan_env2025_seed0-499_48352cd1,392,46,27,1,2
20260912_215351_529_traffic_scan_env2025_seed0-499_48352cd1,392,46,28,1,1
20260912_215351_529_traffic_scan_env2025_seed0-499_48352cd1,392,46,29,0,1
20260912_215351_529_traffic_scan_env2025_seed0-499_48352cd1,392,46,30,0,1
20260912_215351_529_traffic_scan_env2025_seed0-499_48352cd1,392,46,30,1,1
20260912_215351_529_traffic_scan_env2025_seed0-499_48352cd1,392,46,34,0,2
20260912_215351_529_traffic_scan_env2025_seed0-499_48352cd1,392,46,35,0,2
20260912_215351_529_traffic_scan_env2025_seed0-499_48352cd1,392,46,37,0,2
20260912_215351_529_traffic_scan_env2025_seed0-499_48352cd1,392,46,37,1,1
20260912_215351_529_traffic_scan_env2025_seed0-499_48352cd1,392,46,38,0,1
20260912_215351_529_traffic_scan_env2025_seed0-499_48352cd1,392,46,39,0,2
20260912_215351_529_traffic_scan_env2025_seed0-499_48352cd1,392,46,40,0,3
20260912_215351_529_traffic_scan_env2025_seed0-499_48352cd1,392,46,40,1,1
20260912_215351_529_traffic_scan_env2025_seed0-499_48352cd1,392,46,41,1,1
20260912_215351_529_traffic_scan_env2025_seed0-499_48352cd1,392,46,42,1,2
20260912_215351_529_traffic_scan_env2025_seed0-499_48352cd1,392,46,43,0,3
20260912_215351_529_traffic_scan_env2025_seed0-499_48352cd1,392,46,43,1,1
20260912_215351_529_traffic_scan_env2025_seed0-499_48352cd1,392,46,44,0,3
20260912_215351_529_traffic_scan_env2025_seed0-499_48352cd1,392,46,45,0,8
20260912_215351_529_traffic_scan_env2025_seed0-499_48352cd1,392,46,48,0,1
20260912_215351_529_traffic_scan_env2025_seed0-499_48352cd1,392,46,49,0,2
20260912_215351_529_traffic_scan_env2025_seed0-499_48352cd1,392,46,50,0,1
20260912_215351_529_traffic_scan_env2025_seed0-499_48352cd1,392,46,51,0,1
20260912_215351_529_traffic_scan_env2025_seed0-499_48352cd1,392,46,51,1,1
20260912_215351_529_traffic_scan_env2025_seed0-499_48352cd1,392,46,54,0,2
20260912_215351_529_traffic_scan_env2025_seed0-499_48352cd1,392,47,3,0,1
20260912_215351_529_traffic_scan_env2025_seed0-499_48352cd1,392,47,5,0,2
20260912_215351_529_traffic_scan_env2025_seed0-499_48352cd1,392,47,6,0,1
20260912_215351_529_traffic_scan_env2025_seed0-499_48352cd1,392,47,7,0,1
20260912_215351_529_traffic_scan_env2025_seed0-499_48352cd1,392,47,8,0,1
20260912_215351_529_traffic_scan_env2025_seed0-499_48352cd1,392,47,9,0,1
20260912_215351_529_traffic_scan_env2025_seed0-499_48352cd1,392,47,10,0,2
20260912_215351_529_traffic_scan_env2025_seed0-499_48352cd1,392,47,10,1,1
20260912_215351_529_traffic_scan_env2025_seed0-499_48352cd1,392,47,11,0,2
20260912_215351_529_traffic_scan_env2025_seed0-499_48352cd1,392,47,12,0,3
20260912_215351_529_traffic_scan_env2025_seed0-499_48352cd1,392,47,13,0,2
20260912_215351_529_traffic_scan_env2025_seed0-499_48352cd1,392,47,14,0,2
20260912_215351_529_traffic_scan_env2025_seed0-499_48352cd1,392,47,15,0,3
20260912_215351_529_traffic_scan_env2025_seed0-499_48352cd1,392,47,16,0,4
20260912_215351_529_traffic_scan_env2025_seed0-499_48352cd1,392,47,17,0,1
20260912_215351_529_traffic_scan_env2025_seed0-499_48352cd1,392,47,18,0,2
20260912_215351_529_traffic_scan_env2025_seed0-499_48352cd1,392,47,19,0,3
20260912_215351_529_traffic_scan_env2025_seed0-499_48352cd1,392,47,20,0,6
20260912_215351_529_traffic_scan_env2025_seed0-499_48352cd1,392,47,20,1,1
20260912_215351_529_traffic_scan_env2025_seed0-499_48352cd1,392,47,21,3,1
20260912_215351_529_traffic_scan_env2025_seed0-499_48352cd1,392,47,23,0,4
20260912_215351_529_traffic_scan_env2025_seed0-499_48352cd1,392,47,23,1,3
20260912_215351_529_traffic_scan_env2025_seed0-499_48352cd1,392,47,24,0,1
20260912_215351_529_traffic_scan_env2025_seed0-499_48352cd1,392,47,24,1,2
20260912_215351_529_traffic_scan_env2025_seed0-499_48352cd1,392,47,25,0,1
20260912_215351_529_traffic_scan_env2025_seed0-499_48352cd1,392,47,25,1,2
20260912_215351_529_traffic_scan_env2025_seed0-499_48352cd1,392,47,26,1,3
20260912_215351_529_traffic_scan_env2025_seed0-499_48352cd1,392,47,27,1,6
20260912_215351_529_traffic_scan_env2025_seed0-499_48352cd1,392,47,28,0,3
20260912_215351_529_traffic_scan_env2025_seed0-499_48352cd1,392,47,28,1,1
20260912_215351_529_traffic_scan_env2025_seed0-499_48352cd1,392,47,29,0,3
20260912_215351_529_traffic_scan_env2025_seed0-499_48352cd1,392,47,29,1,1
20260912_215351_529_traffic_scan_env2025_seed0-499_48352cd1,392,47,30,0,2
20260912_215351_529_traffic_scan_env2025_seed0-499_48352cd1,392,47,31,0,2
20260912_215351_529_traffic_scan_env2025_seed0-499_48352cd1,392,47,32,0,2
20260912_215351_529_traffic_scan_env2025_seed0-499_48352cd1,392,47,33,0,2
20260912_215351_529_traffic_scan_env2025_seed0-499_48352cd1,392,47,34,0,3
20260912_215351_529_traffic_scan_env2025_seed0-499_48352cd1,392,47,35,0,1
20260912_215351_529_traffic_scan_env2025_seed0-499_48352cd1,392,47,36,0,2
20260912_215351_529_traffic_scan_env2025_seed0-499_48352cd1,392,47,37,0,2
20260912_215351_529_traffic_scan_env2025_seed0-499_48352cd1,392,47,37,1,1
20260912_215351_529_traffic_scan_env2025_seed0-499_48352cd1,392,47,38,0,1
20260912_215351_529_traffic_scan_env2025_seed0-499_48352cd1,392,47,38,1,2
20260912_215351_529_traffic_scan_env2025_seed0-499_48352cd1,392,47,39,2,2
20260912_215351_529_traffic_scan_env2025_seed0-499_48352cd1,392,47,40,2,1
20260912_215351_529_traffic_scan_env2025_seed0-499_48352cd1,392,47,41,0,4
20260912_215351_529_traffic_scan_env2025_seed0-499_48352cd1,392,47,42,0,1
20260912_215351_529_traffic_scan_env2025_seed0-499_48352cd1,392,47,42,1,2
20260912_215351_529_traffic_scan_env2025_seed0-499_48352cd1,392,47,43,0,2
20260912_215351_529_traffic_scan_env2025_seed0-499_48352cd1,392,47,43,1,1
20260912_215351_529_traffic_scan_env2025_seed0-499_48352cd1,392,47,44,0,2
20260912_215351_529_traffic_scan_env2025_seed0-499_48352cd1,392,47,45,0,3
20260912_215351_529_traffic_scan_env2025_seed0-499_48352cd1,392,47,46,0,6
20260912_215351_529_traffic_scan_env2025_seed0-499_48352cd1,392,47,49,0,3
20260912_215351_529_traffic_scan_env2025_seed0-499_48352cd1,392,47,51,0,2
20260912_215351_529_traffic_scan_env2025_seed0-499_48352cd1,392,47,51,1,1
20260912_215351_529_traffic_scan_env2025_seed0-499_48352cd1,392,47,55,0,2
20260912_215351_529_traffic_scan_env2025_seed0-499_48352cd1,392,48,2,0,1
20260912_215351_529_traffic_scan_env2025_seed0-499_48352cd1,392,48,3,0,1
20260912_215351_529_traffic_scan_env2025_seed0-499_48352cd1,392,48,4,0,2
20260912_215351_529_traffic_scan_env2025_seed0-499_48352cd1,392,48,5,0,2
20260912_215351_529_traffic_scan_env2025_seed0-499_48352cd1,392,48,6,0,1
20260912_215351_529_traffic_scan_env2025_seed0-499_48352cd1,392,48,7,0,2
20260912_215351_529_traffic_scan_env2025_seed0-499_48352cd1,392,48,9,0,2
20260912_215351_529_traffic_scan_env2025_seed0-499_48352cd1,392,48,10,1,2
20260912_215351_529_traffic_scan_env2025_seed0-499_48352cd1,392,48,11,1,2
20260912_215351_529_traffic_scan_env2025_seed0-499_48352cd1,392,48,12,0,1
20260912_215351_529_traffic_scan_env2025_seed0-499_48352cd1,392,48,12,1,1
20260912_215351_529_traffic_scan_env2025_seed0-499_48352cd1,392,48,13,0,2
20260912_215351_529_traffic_scan_env2025_seed0-499_48352cd1,392,48,13,1,1
20260912_215351_529_traffic_scan_env2025_seed0-499_48352cd1,392,48,14,0,2
20260912_215351_529_traffic_scan_env2025_seed0-499_48352cd1,392,48,14,1,1
20260912_215351_529_traffic_scan_env2025_seed0-499_48352cd1,392,48,15,0,1
20260912_215351_529_traffic_scan_env2025_seed0-499_48352cd1,392,48,15,1,1
20260912_215351_529_traffic_scan_env2025_seed0-499_48352cd1,392,48,16,2,1
20260912_215351_529_traffic_scan_env2025_seed0-499_48352cd1,392,48,17,0,1
20260912_215351_529_traffic_scan_env2025_seed0-499_48352cd1,392,48,17,1,2
20260912_215351_529_traffic_scan_env2025_seed0-499_48352cd1,392,48,18,1,2
20260912_215351_529_traffic_scan_env2025_seed0-499_48352cd1,392,48,19,0,2
20260912_215351_529_traffic_scan_env2025_seed0-499_48352cd1,392,48,19,1,2
20260912_215351_529_traffic_scan_env2025_seed0-499_48352cd1,392,48,20,0,3
20260912_215351_529_traffic_scan_env2025_seed0-499_48352cd1,392,48,20,1,3
20260912_215351_529_traffic_scan_env2025_seed0-499_48352cd1,392,48,20,2,1
20260912_215351_529_traffic_scan_env2025_seed0-499_48352cd1,392,48,21,0,2
20260912_215351_529_traffic_scan_env2025_seed0-499_48352cd1,392,48,21,1,2
20260912_215351_529_traffic_scan_env2025_seed0-499_48352cd1,392,48,22,0,2
20260912_215351_529_traffic_scan_env2025_seed0-499_48352cd1,392,48,22,1,2
20260912_215351_529_traffic_scan_env2025_seed0-499_48352cd1,392,48,23,0,1
20260912_215351_529_traffic_scan_env2025_seed0-499_48352cd1,392,48,23,1,1
20260912_215351_529_traffic_scan_env2025_seed0-499_48352cd1,392,48,24,0,1
20260912_215351_529_traffic_scan_env2025_seed0-499_48352cd1,392,48,25,0,1
20260912_215351_529_traffic_scan_env2025_seed0-499_48352cd1,392,48,26,0,1
20260912_215351_529_traffic_scan_env2025_seed0-499_48352cd1,392,48,26,1,1
20260912_215351_529_traffic_scan_env2025_seed0-499_48352cd1,392,48,27,0,2
20260912_215351_529_traffic_scan_env2025_seed0-499_48352cd1,392,48,28,0,3
20260912_215351_529_traffic_scan_env2025_seed0-499_48352cd1,392,48,28,1,1
20260912_215351_529_traffic_scan_env2025_seed0-499_48352cd1,392,48,29,1,1
20260912_215351_529_traffic_scan_env2025_seed0-499_48352cd1,392,48,30,1,1
20260912_215351_529_traffic_scan_env2025_seed0-499_48352cd1,392,48,33,0,1
20260912_215351_529_traffic_scan_env2025_seed0-499_48352cd1,392,48,35,0,2
20260912_215351_529_traffic_scan_env2025_seed0-499_48352cd1,392,48,36,0,1
20260912_215351_529_traffic_scan_env2025_seed0-499_48352cd1,392,48,36,1,1
20260912_215351_529_traffic_scan_env2025_seed0-499_48352cd1,392,48,40,2,1
20260912_215351_529_traffic_scan_env2025_seed0-499_48352cd1,392,48,41,0,3
20260912_215351_529_traffic_scan_env2025_seed0-499_48352cd1,392,48,42,1,2
20260912_215351_529_traffic_scan_env2025_seed0-499_48352cd1,392,48,43,0,2
20260912_215351_529_traffic_scan_env2025_seed0-499_48352cd1,392,48,43,1,1
20260912_215351_529_traffic_scan_env2025_seed0-499_48352cd1,392,48,46,0,3
20260912_215351_529_traffic_scan_env2025_seed0-499_48352cd1,392,48,47,0,6
20260912_215351_529_traffic_scan_env2025_seed0-499_48352cd1,392,48,49,0,2
20260912_215351_529_traffic_scan_env2025_seed0-499_48352cd1,392,48,50,0,1
20260912_215351_529_traffic_scan_env2025_seed0-499_48352cd1,392,48,51,1,1
20260912_215351_529_traffic_scan_env2025_seed0-499_48352cd1,392,48,52,0,2
20260912_215351_529_traffic_scan_env2025_seed0-499_48352cd1,392,48,53,0,1
20260912_215351_529_traffic_scan_env2025_seed0-499_48352cd1,392,48,56,0,2
20260912_215351_529_traffic_scan_env2025_seed0-499_48352cd1,392,49,3,0,1
20260912_215351_529_traffic_scan_env2025_seed0-499_48352cd1,392,49,5,0,1
20260912_215351_529_traffic_scan_env2025_seed0-499_48352cd1,392,49,7,0,1
20260912_215351_529_traffic_scan_env2025_seed0-499_48352cd1,392,49,8,0,3
20260912_215351_529_traffic_scan_env2025_seed0-499_48352cd1,392,49,10,1,1
20260912_215351_529_traffic_scan_env2025_seed0-499_48352cd1,392,49,11,0,1
20260912_215351_529_traffic_scan_env2025_seed0-499_48352cd1,392,49,12,0,1
20260912_215351_529_traffic_scan_env2025_seed0-499_48352cd1,392,49,13,1,3
20260912_215351_529_traffic_scan_env2025_seed0-499_48352cd1,392,49,15,0,2
20260912_215351_529_traffic_scan_env2025_seed0-499_48352cd1,392,49,16,0,1
20260912_215351_529_traffic_scan_env2025_seed0-499_48352cd1,392,49,18,0,1
20260912_215351_529_traffic_scan_env2025_seed0-499_48352cd1,392,49,19,0,1
20260912_215351_529_traffic_scan_env2025_seed0-499_48352cd1,392,49,19,1,1
20260912_215351_529_traffic_scan_env2025_seed0-499_48352cd1,392,49,20,0,3
20260912_215351_529_traffic_scan_env2025_seed0-499_48352cd1,392,49,20,1,1
20260912_215351_529_traffic_scan_env2025_seed0-499_48352cd1,392,49,21,0,2
20260912_215351_529_traffic_scan_env2025_seed0-499_48352cd1,392,49,23,0,2
20260912_215351_529_traffic_scan_env2025_seed0-499_48352cd1,392,49,24,0,1
20260912_215351_529_traffic_scan_env2025_seed0-499_48352cd1,392,49,25,0,1
20260912_215351_529_traffic_scan_env2025_seed0-499_48352cd1,392,49,26,0,2
20260912_215351_529_traffic_scan_env2025_seed0-499_48352cd1,392,49,26,1,1
20260912_215351_529_traffic_scan_env2025_seed0-499_48352cd1,392,49,27,0,2
20260912_215351_529_traffic_scan_env2025_seed0-499_48352cd1,392,49,27,1,1
20260912_215351_529_traffic_scan_env2025_seed0-499_48352cd1,392,49,29,0,2
20260912_215351_529_traffic_scan_env2025_seed0-499_48352cd1,392,49,31,1,1
20260912_215351_529_traffic_scan_env2025_seed0-499_48352cd1,392,49,32,0,1
20260912_215351_529_traffic_scan_env2025_seed0-499_48352cd1,392,49,34,0,1
20260912_215351_529_traffic_scan_env2025_seed0-499_48352cd1,392,49,35,1,1
20260912_215351_529_traffic_scan_env2025_seed0-499_48352cd1,392,49,36,0,2
20260912_215351_529_traffic_scan_env2025_seed0-499_48352cd1,392,49,41,0,2
20260912_215351_529_traffic_scan_env2025_seed0-499_48352cd1,392,49,41,1,1
20260912_215351_529_traffic_scan_env2025_seed0-499_48352cd1,392,49,42,0,1
20260912_215351_529_traffic_scan_env2025_seed0-499_48352cd1,392,49,42,1,2
20260912_215351_529_traffic_scan_env2025_seed0-499_48352cd1,392,49,43,0,1
20260912_215351_529_traffic_scan_env2025_seed0-499_48352cd1,392,49,43,1,1
20260912_215351_529_traffic_scan_env2025_seed0-499_48352cd1,392,49,47,0,3
20260912_215351_529_traffic_scan_env2025_seed0-499_48352cd1,392,49,48,0,6
20260912_215351_529_traffic_scan_env2025_seed0-499_48352cd1,392,49,49,0,2
20260912_215351_529_traffic_scan_env2025_seed0-499_48352cd1,392,49,51,0,1
20260912_215351_529_traffic_scan_env2025_seed0-499_48352cd1,392,49,51,1,1
20260912_215351_529_traffic_scan_env2025_seed0-499_48352cd1,392,49,53,0,1
20260912_215351_529_traffic_scan_env2025_seed0-499_48352cd1,392,49,57,0,1
20260912_215351_529_traffic_scan_env2025_seed0-499_48352cd1,392,50,2,0,1
20260912_215351_529_traffic_scan_env2025_seed0-499_48352cd1,392,50,6,0,1
20260912_215351_529_traffic_scan_env2025_seed0-499_48352cd1,392,50,9,0,1
20260912_215351_529_traffic_scan_env2025_seed0-499_48352cd1,392,50,10,1,1
20260912_215351_529_traffic_scan_env2025_seed0-499_48352cd1,392,50,11,0,2
20260912_215351_529_traffic_scan_env2025_seed0-499_48352cd1,392,50,12,0,2
20260912_215351_529_traffic_scan_env2025_seed0-499_48352cd1,392,50,13,0,1
20260912_215351_529_traffic_scan_env2025_seed0-499_48352cd1,392,50,14,0,3
20260912_215351_529_traffic_scan_env2025_seed0-499_48352cd1,392,50,15,0,1
20260912_215351_529_traffic_scan_env2025_seed0-499_48352cd1,392,50,16,0,1
20260912_215351_529_traffic_scan_env2025_seed0-499_48352cd1,392,50,17,0,2
20260912_215351_529_traffic_scan_env2025_seed0-499_48352cd1,392,50,18,0,1
20260912_215351_529_traffic_scan_env2025_seed0-499_48352cd1,392,50,19,0,1
20260912_215351_529_traffic_scan_env2025_seed0-499_48352cd1,392,50,20,0,5
20260912_215351_529_traffic_scan_env2025_seed0-499_48352cd1,392,50,21,0,1
20260912_215351_529_traffic_scan_env2025_seed0-499_48352cd1,392,50,22,0,1
20260912_215351_529_traffic_scan_env2025_seed0-499_48352cd1,392,50,23,0,1
20260912_215351_529_traffic_scan_env2025_seed0-499_48352cd1,392,50,24,0,1
20260912_215351_529_traffic_scan_env2025_seed0-499_48352cd1,392,50,25,0,2
20260912_215351_529_traffic_scan_env2025_seed0-499_48352cd1,392,50,26,0,1
20260912_215351_529_traffic_scan_env2025_seed0-499_48352cd1,392,50,26,1,2
20260912_215351_529_traffic_scan_env2025_seed0-499_48352cd1,392,50,27,0,2
20260912_215351_529_traffic_scan_env2025_seed0-499_48352cd1,392,50,30,0,2
20260912_215351_529_traffic_scan_env2025_seed0-499_48352cd1,392,50,31,0,1
20260912_215351_529_traffic_scan_env2025_seed0-499_48352cd1,392,50,32,1,1
20260912_215351_529_traffic_scan_env2025_seed0-499_48352cd1,392,50,33,0,1
20260912_215351_529_traffic_scan_env2025_seed0-499_48352cd1,392,50,34,1,1
20260912_215351_529_traffic_scan_env2025_seed0-499_48352cd1,392,50,37,0,2
20260912_215351_529_traffic_scan_env2025_seed0-499_48352cd1,392,50,38,0,1
20260912_215351_529_traffic_scan_env2025_seed0-499_48352cd1,392,50,41,0,4
20260912_215351_529_traffic_scan_env2025_seed0-499_48352cd1,392,50,42,0,2
20260912_215351_529_traffic_scan_env2025_seed0-499_48352cd1,392,50,43,0,1
20260912_215351_529_traffic_scan_env2025_seed0-499_48352cd1,392,50,43,1,1
20260912_215351_529_traffic_scan_env2025_seed0-499_48352cd1,392,50,48,0,3
20260912_215351_529_traffic_scan_env2025_seed0-499_48352cd1,392,50,49,0,7
20260912_215351_529_traffic_scan_env2025_seed0-499_48352cd1,392,50,52,0,1
20260912_215351_529_traffic_scan_env2025_seed0-499_48352cd1,392,50,54,0,1
20260912_215351_529_traffic_scan_env2025_seed0-499_48352cd1,392,50,58,0,1
20260912_215351_529_traffic_scan_env2025_seed0-499_48352cd1,392,51,1,0,1
20260912_215351_529_traffic_scan_env2025_seed0-499_48352cd1,392,51,10,0,2
20260912_215351_529_traffic_scan_env2025_seed0-499_48352cd1,392,51,11,0,4
20260912_215351_529_traffic_scan_env2025_seed0-499_48352cd1,392,51,13,0,3
20260912_215351_529_traffic_scan_env2025_seed0-499_48352cd1,392,51,16,0,1
20260912_215351_529_traffic_scan_env2025_seed0-499_48352cd1,392,51,19,0,1
20260912_215351_529_traffic_scan_env2025_seed0-499_48352cd1,392,51,20,0,4
20260912_215351_529_traffic_scan_env2025_seed0-499_48352cd1,392,51,21,1,2
20260912_215351_529_traffic_scan_env2025_seed0-499_48352cd1,392,51,23,0,2
20260912_215351_529_traffic_scan_env2025_seed0-499_48352cd1,392,51,24,0,2
20260912_215351_529_traffic_scan_env2025_seed0-499_48352cd1,392,51,24,1,1
20260912_215351_529_traffic_scan_env2025_seed0-499_48352cd1,392,51,25,0,1
20260912_215351_529_traffic_scan_env2025_seed0-499_48352cd1,392,51,25,1,1
20260912_215351_529_traffic_scan_env2025_seed0-499_48352cd1,392,51,26,0,1
20260912_215351_529_traffic_scan_env2025_seed0-499_48352cd1,392,51,26,1,1
20260912_215351_529_traffic_scan_env2025_seed0-499_48352cd1,392,51,27,0,1
20260912_215351_529_traffic_scan_env2025_seed0-499_48352cd1,392,51,28,0,1
20260912_215351_529_traffic_scan_env2025_seed0-499_48352cd1,392,51,30,0,1
20260912_215351_529_traffic_scan_env2025_seed0-499_48352cd1,392,51,31,0,2
20260912_215351_529_traffic_scan_env2025_seed0-499_48352cd1,392,51,32,0,1
20260912_215351_529_traffic_scan_env2025_seed0-499_48352cd1,392,51,33,1,2
20260912_215351_529_traffic_scan_env2025_seed0-499_48352cd1,392,51,38,0,1
20260912_215351_529_traffic_scan_env2025_seed0-499_48352cd1,392,51,39,0,2
20260912_215351_529_traffic_scan_env2025_seed0-499_48352cd1,392,51,40,0,1
20260912_215351_529_traffic_scan_env2025_seed0-499_48352cd1,392,51,41,0,3
20260912_215351_529_traffic_scan_env2025_seed0-499_48352cd1,392,51,43,0,3
20260912_215351_529_traffic_scan_env2025_seed0-499_48352cd1,392,51,43,1,1
20260912_215351_529_traffic_scan_env2025_seed0-499_48352cd1,392,51,48,0,3
20260912_215351_529_traffic_scan_env2025_seed0-499_48352cd1,392,51,49,0,2
20260912_215351_529_traffic_scan_env2025_seed0-499_48352cd1,392,51,50,0,5
20260912_215351_529_traffic_scan_env2025_seed0-499_48352cd1,392,51,52,0,1
20260912_215351_529_traffic_scan_env2025_seed0-499_48352cd1,392,51,55,0,1
20260912_215351_529_traffic_scan_env2025_seed0-499_48352cd1,392,52,9,0,1
20260912_215351_529_traffic_scan_env2025_seed0-499_48352cd1,392,52,10,0,2
20260912_215351_529_traffic_scan_env2025_seed0-499_48352cd1,392,52,11,0,3
20260912_215351_529_traffic_scan_env2025_seed0-499_48352cd1,392,52,12,0,2
20260912_215351_529_traffic_scan_env2025_seed0-499_48352cd1,392,52,13,0,1
20260912_215351_529_traffic_scan_env2025_seed0-499_48352cd1,392,52,15,0,1
20260912_215351_529_traffic_scan_env2025_seed0-499_48352cd1,392,52,20,0,4
20260912_215351_529_traffic_scan_env2025_seed0-499_48352cd1,392,52,20,1,1
20260912_215351_529_traffic_scan_env2025_seed0-499_48352cd1,392,52,21,0,1
20260912_215351_529_traffic_scan_env2025_seed0-499_48352cd1,392,52,21,1,1
20260912_215351_529_traffic_scan_env2025_seed0-499_48352cd1,392,52,22,0,1
20260912_215351_529_traffic_scan_env2025_seed0-499_48352cd1,392,52,22,1,1
20260912_215351_529_traffic_scan_env2025_seed0-499_48352cd1,392,52,23,0,3
20260912_215351_529_traffic_scan_env2025_seed0-499_48352cd1,392,52,23,1,1
20260912_215351_529_traffic_scan_env2025_seed0-499_48352cd1,392,52,25,2,1
20260912_215351_529_traffic_scan_env2025_seed0-499_48352cd1,392,52,27,0,2
20260912_215351_529_traffic_scan_env2025_seed0-499_48352cd1,392,52,29,0,2
20260912_215351_529_traffic_scan_env2025_seed0-499_48352cd1,392,52,31,0,1
20260912_215351_529_traffic_scan_env2025_seed0-499_48352cd1,392,52,32,0,1
20260912_215351_529_traffic_scan_env2025_seed0-499_48352cd1,392,52,32,1,1
20260912_215351_529_traffic_scan_env2025_seed0-499_48352cd1,392,52,34,0,1
20260912_215351_529_traffic_scan_env2025_seed0-499_48352cd1,392,52,38,1,2
20260912_215351_529_traffic_scan_env2025_seed0-499_48352cd1,392,52,40,0,4
20260912_215351_529_traffic_scan_env2025_seed0-499_48352cd1,392,52,43,0,1
20260912_215351_529_traffic_scan_env2025_seed0-499_48352cd1,392,52,44,0,2
20260912_215351_529_traffic_scan_env2025_seed0-499_48352cd1,392,52,48,0,1
20260912_215351_529_traffic_scan_env2025_seed0-499_48352cd1,392,52,49,0,3
20260912_215351_529_traffic_scan_env2025_seed0-499_48352cd1,392,52,51,0,5
20260912_215351_529_traffic_scan_env2025_seed0-499_48352cd1,392,52,52,0,5
20260912_215351_529_traffic_scan_env2025_seed0-499_48352cd1,392,52,56,0,1
20260912_215351_529_traffic_scan_env2025_seed0-499_48352cd1,392,53,8,0,1
20260912_215351_529_traffic_scan_env2025_seed0-499_48352cd1,392,53,9,0,2
20260912_215351_529_traffic_scan_env2025_seed0-499_48352cd1,392,53,11,0,3
20260912_215351_529_traffic_scan_env2025_seed0-499_48352cd1,392,53,12,0,2
20260912_215351_529_traffic_scan_env2025_seed0-499_48352cd1,392,53,13,0,2
20260912_215351_529_traffic_scan_env2025_seed0-499_48352cd1,392,53,14,0,2
20260912_215351_529_traffic_scan_env2025_seed0-499_48352cd1,392,53,15,0,1
20260912_215351_529_traffic_scan_env2025_seed0-499_48352cd1,392,53,16,0,1
20260912_215351_529_traffic_scan_env2025_seed0-499_48352cd1,392,53,17,0,1
20260912_215351_529_traffic_scan_env2025_seed0-499_48352cd1,392,53,18,0,1
20260912_215351_529_traffic_scan_env2025_seed0-499_48352cd1,392,53,19,0,1
20260912_215351_529_traffic_scan_env2025_seed0-499_48352cd1,392,53,19,1,1
20260912_215351_529_traffic_scan_env2025_seed0-499_48352cd1,392,53,20,0,5
20260912_215351_529_traffic_scan_env2025_seed0-499_48352cd1,392,53,21,0,2
20260912_215351_529_traffic_scan_env2025_seed0-499_48352cd1,392,53,22,0,1
20260912_215351_529_traffic_scan_env2025_seed0-499_48352cd1,392,53,23,0,1
20260912_215351_529_traffic_scan_env2025_seed0-499_48352cd1,392,53,24,0,1
20260912_215351_529_traffic_scan_env2025_seed0-499_48352cd1,392,53,25,2,1
20260912_215351_529_traffic_scan_env2025_seed0-499_48352cd1,392,53,27,0,1
20260912_215351_529_traffic_scan_env2025_seed0-499_48352cd1,392,53,28,0,1
20260912_215351_529_traffic_scan_env2025_seed0-499_48352cd1,392,53,30,0,2
20260912_215351_529_traffic_scan_env2025_seed0-499_48352cd1,392,53,31,1,1
20260912_215351_529_traffic_scan_env2025_seed0-499_48352cd1,392,53,33,0,1
20260912_215351_529_traffic_scan_env2025_seed0-499_48352cd1,392,53,35,0,1
20260912_215351_529_traffic_scan_env2025_seed0-499_48352cd1,392,53,37,1,1
20260912_215351_529_traffic_scan_env2025_seed0-499_48352cd1,392,53,38,0,1
20260912_215351_529_traffic_scan_env2025_seed0-499_48352cd1,392,53,41,0,4
20260912_215351_529_traffic_scan_env2025_seed0-499_48352cd1,392,53,43,0,1
20260912_215351_529_traffic_scan_env2025_seed0-499_48352cd1,392,53,44,0,1
20260912_215351_529_traffic_scan_env2025_seed0-499_48352cd1,392,53,45,0,1
20260912_215351_529_traffic_scan_env2025_seed0-499_48352cd1,392,53,49,0,2
20260912_215351_529_traffic_scan_env2025_seed0-499_48352cd1,392,53,50,0,1
20260912_215351_529_traffic_scan_env2025_seed0-499_48352cd1,392,53,52,0,2
20260912_215351_529_traffic_scan_env2025_seed0-499_48352cd1,392,53,53,0,4
20260912_215351_529_traffic_scan_env2025_seed0-499_48352cd1,392,53,57,0,1
20260912_215351_529_traffic_scan_env2025_seed0-499_48352cd1,392,54,7,0,1
20260912_215351_529_traffic_scan_env2025_seed0-499_48352cd1,392,54,8,0,2
20260912_215351_529_traffic_scan_env2025_seed0-499_48352cd1,392,54,9,1,1
20260912_215351_529_traffic_scan_env2025_seed0-499_48352cd1,392,54,10,0,1
20260912_215351_529_traffic_scan_env2025_seed0-499_48352cd1,392,54,10,1,1
20260912_215351_529_traffic_scan_env2025_seed0-499_48352cd1,392,54,11,0,2
20260912_215351_529_traffic_scan_env2025_seed0-499_48352cd1,392,54,11,1,1
20260912_215351_529_traffic_scan_env2025_seed0-499_48352cd1,392,54,12,1,1
20260912_215351_529_traffic_scan_env2025_seed0-499_48352cd1,392,54,13,0,3
20260912_215351_529_traffic_scan_env2025_seed0-499_48352cd1,392,54,13,1,1
20260912_215351_529_traffic_scan_env2025_seed0-499_48352cd1,392,54,14,1,1
20260912_215351_529_traffic_scan_env2025_seed0-499_48352cd1,392,54,15,1,1
20260912_215351_529_traffic_scan_env2025_seed0-499_48352cd1,392,54,16,1,1
20260912_215351_529_traffic_scan_env2025_seed0-499_48352cd1,392,54,17,2,1
20260912_215351_529_traffic_scan_env2025_seed0-499_48352cd1,392,54,18,1,1
20260912_215351_529_traffic_scan_env2025_seed0-499_48352cd1,392,54,20,0,4
20260912_215351_529_traffic_scan_env2025_seed0-499_48352cd1,392,54,21,0,2
20260912_215351_529_traffic_scan_env2025_seed0-499_48352cd1,392,54,23,0,2
20260912_215351_529_traffic_scan_env2025_seed0-499_48352cd1,392,54,25,1,1
20260912_215351_529_traffic_scan_env2025_seed0-499_48352cd1,392,54,27,0,1
20260912_215351_529_traffic_scan_env2025_seed0-499_48352cd1,392,54,29,0,1
20260912_215351_529_traffic_scan_env2025_seed0-499_48352cd1,392,54,30,1,1
20260912_215351_529_traffic_scan_env2025_seed0-499_48352cd1,392,54,31,0,1
20260912_215351_529_traffic_scan_env2025_seed0-499_48352cd1,392,54,34,0,1
20260912_215351_529_traffic_scan_env2025_seed0-499_48352cd1,392,54,36,0,1
20260912_215351_529_traffic_scan_env2025_seed0-499_48352cd1,392,54,36,1,1
20260912_215351_529_traffic_scan_env2025_seed0-499_48352cd1,392,54,37,0,1
20260912_215351_529_traffic_scan_env2025_seed0-499_48352cd1,392,54,38,0,1
20260912_215351_529_traffic_scan_env2025_seed0-499_48352cd1,392,54,41,0,4
20260912_215351_529_traffic_scan_env2025_seed0-499_48352cd1,392,54,42,0,2
20260912_215351_529_traffic_scan_env2025_seed0-499_48352cd1,392,54,43,0,1
20260912_215351_529_traffic_scan_env2025_seed0-499_48352cd1,392,54,44,0,1
20260912_215351_529_traffic_scan_env2025_seed0-499_48352cd1,392,54,46,0,1
20260912_215351_529_traffic_scan_env2025_seed0-499_48352cd1,392,54,49,0,2
20260912_215351_529_traffic_scan_env2025_seed0-499_48352cd1,392,54,51,0,1
20260912_215351_529_traffic_scan_env2025_seed0-499_48352cd1,392,54,52,0,1
20260912_215351_529_traffic_scan_env2025_seed0-499_48352cd1,392,54,53,0,1
20260912_215351_529_traffic_scan_env2025_seed0-499_48352cd1,392,54,54,0,4
20260912_215351_529_traffic_scan_env2025_seed0-499_48352cd1,392,55,1,0,1
20260912_215351_529_traffic_scan_env2025_seed0-499_48352cd1,392,55,2,0,1
20260912_215351_529_traffic_scan_env2025_seed0-499_48352cd1,392,55,4,0,1
20260912_215351_529_traffic_scan_env2025_seed0-499_48352cd1,392,55,5,0,1
20260912_215351_529_traffic_scan_env2025_seed0-499_48352cd1,392,55,6,0,2
20260912_215351_529_traffic_scan_env2025_seed0-499_48352cd1,392,55,7,0,2
20260912_215351_529_traffic_scan_env2025_seed0-499_48352cd1,392,55,8,0,2
20260912_215351_529_traffic_scan_env2025_seed0-499_48352cd1,392,55,9,0,1
20260912_215351_529_traffic_scan_env2025_seed0-499_48352cd1,392,55,11,0,1
20260912_215351_529_traffic_scan_env2025_seed0-499_48352cd1,392,55,12,0,1
20260912_215351_529_traffic_scan_env2025_seed0-499_48352cd1,392,55,14,0,2
20260912_215351_529_traffic_scan_env2025_seed0-499_48352cd1,392,55,15,0,2
20260912_215351_529_traffic_scan_env2025_seed0-499_48352cd1,392,55,19,0,1
20260912_215351_529_traffic_scan_env2025_seed0-499_48352cd1,392,55,19,1,1
20260912_215351_529_traffic_scan_env2025_seed0-499_48352cd1,392,55,20,0,2
20260912_215351_529_traffic_scan_env2025_seed0-499_48352cd1,392,55,20,1,1
20260912_215351_529_traffic_scan_env2025_seed0-499_48352cd1,392,55,21,1,1
20260912_215351_529_traffic_scan_env2025_seed0-499_48352cd1,392,55,22,1,1
20260912_215351_529_traffic_scan_env2025_seed0-499_48352cd1,392,55,23,0,1
20260912_215351_529_traffic_scan_env2025_seed0-499_48352cd1,392,55,23,1,1
20260912_215351_529_traffic_scan_env2025_seed0-499_48352cd1,392,55,24,1,1
20260912_215351_529_traffic_scan_env2025_seed0-499_48352cd1,392,55,25,2,2
20260912_215351_529_traffic_scan_env2025_seed0-499_48352cd1,392,55,26,0,1
20260912_215351_529_traffic_scan_env2025_seed0-499_48352cd1,392,55,26,1,1
20260912_215351_529_traffic_scan_env2025_seed0-499_48352cd1,392,55,27,1,1
20260912_215351_529_traffic_scan_env2025_seed0-499_48352cd1,392,55,28,0,1
20260912_215351_529_traffic_scan_env2025_seed0-499_48352cd1,392,55,28,1,1
20260912_215351_529_traffic_scan_env2025_seed0-499_48352cd1,392,55,29,1,1
20260912_215351_529_traffic_scan_env2025_seed0-499_48352cd1,392,55,35,0,1
20260912_215351_529_traffic_scan_env2025_seed0-499_48352cd1,392,55,35,1,1
20260912_215351_529_traffic_scan_env2025_seed0-499_48352cd1,392,55,38,0,2
20260912_215351_529_traffic_scan_env2025_seed0-499_48352cd1,392,55,39,0,1
20260912_215351_529_traffic_scan_env2025_seed0-499_48352cd1,392,55,40,0,3
20260912_215351_529_traffic_scan_env2025_seed0-499_48352cd1,392,55,43,0,2
20260912_215351_529_traffic_scan_env2025_seed0-499_48352cd1,392,55,44,0,1
20260912_215351_529_traffic_scan_env2025_seed0-499_48352cd1,392,55,47,0,1
20260912_215351_529_traffic_scan_env2025_seed0-499_48352cd1,392,55,50,0,1
20260912_215351_529_traffic_scan_env2025_seed0-499_48352cd1,392,55,51,0,1
20260912_215351_529_traffic_scan_env2025_seed0-499_48352cd1,392,55,52,0,1
20260912_215351_529_traffic_scan_env2025_seed0-499_48352cd1,392,55,54,0,1
20260912_215351_529_traffic_scan_env2025_seed0-499_48352cd1,392,55,55,0,4
20260912_215351_529_traffic_scan_env2025_seed0-499_48352cd1,392,56,3,0,1
20260912_215351_529_traffic_scan_env2025_seed0-499_48352cd1,392,56,4,0,1
20260912_215351_529_traffic_scan_env2025_seed0-499_48352cd1,392,56,5,0,2
20260912_215351_529_traffic_scan_env2025_seed0-499_48352cd1,392,56,6,0,1
20260912_215351_529_traffic_scan_env2025_seed0-499_48352cd1,392,56,8,0,2
20260912_215351_529_traffic_scan_env2025_seed0-499_48352cd1,392,56,11,0,3
20260912_215351_529_traffic_scan_env2025_seed0-499_48352cd1,392,56,12,0,1
20260912_215351_529_traffic_scan_env2025_seed0-499_48352cd1,392,56,13,0,1
20260912_215351_529_traffic_scan_env2025_seed0-499_48352cd1,392,56,16,0,2
20260912_215351_529_traffic_scan_env2025_seed0-499_48352cd1,392,56,17,0,1
20260912_215351_529_traffic_scan_env2025_seed0-499_48352cd1,392,56,18,0,1
20260912_215351_529_traffic_scan_env2025_seed0-499_48352cd1,392,56,19,0,2
20260912_215351_529_traffic_scan_env2025_seed0-499_48352cd1,392,56,20,0,1
20260912_215351_529_traffic_scan_env2025_seed0-499_48352cd1,392,56,25,1,2
20260912_215351_529_traffic_scan_env2025_seed0-499_48352cd1,392,56,27,0,1
20260912_215351_529_traffic_scan_env2025_seed0-499_48352cd1,392,56,34,1,1
20260912_215351_529_traffic_scan_env2025_seed0-499_48352cd1,392,56,36,0,1
20260912_215351_529_traffic_scan_env2025_seed0-499_48352cd1,392,56,40,0,2
20260912_215351_529_traffic_scan_env2025_seed0-499_48352cd1,392,56,43,0,1
20260912_215351_529_traffic_scan_env2025_seed0-499_48352cd1,392,56,44,1,1
20260912_215351_529_traffic_scan_env2025_seed0-499_48352cd1,392,56,44,2,1
20260912_215351_529_traffic_scan_env2025_seed0-499_48352cd1,392,56,48,0,1
20260912_215351_529_traffic_scan_env2025_seed0-499_48352cd1,392,56,51,0,1
20260912_215351_529_traffic_scan_env2025_seed0-499_48352cd1,392,56,52,0,2
20260912_215351_529_traffic_scan_env2025_seed0-499_48352cd1,392,56,55,0,1
20260912_215351_529_traffic_scan_env2025_seed0-499_48352cd1,392,56,56,0,3
20260912_215351_529_traffic_scan_env2025_seed0-499_48352cd1,392,56,57,0,1
20260912_215351_529_traffic_scan_env2025_seed0-499_48352cd1,392,57,1,0,1
20260912_215351_529_traffic_scan_env2025_seed0-499_48352cd1,392,57,2,0,1
20260912_215351_529_traffic_scan_env2025_seed0-499_48352cd1,392,57,3,0,1
20260912_215351_529_traffic_scan_env2025_seed0-499_48352cd1,392,57,4,0,2
20260912_215351_529_traffic_scan_env2025_seed0-499_48352cd1,392,57,5,0,1
20260912_215351_529_traffic_scan_env2025_seed0-499_48352cd1,392,57,6,0,1
20260912_215351_529_traffic_scan_env2025_seed0-499_48352cd1,392,57,7,0,2
20260912_215351_529_traffic_scan_env2025_seed0-499_48352cd1,392,57,8,0,2
20260912_215351_529_traffic_scan_env2025_seed0-499_48352cd1,392,57,9,0,1
20260912_215351_529_traffic_scan_env2025_seed0-499_48352cd1,392,57,10,0,2
20260912_215351_529_traffic_scan_env2025_seed0-499_48352cd1,392,57,12,1,1
20260912_215351_529_traffic_scan_env2025_seed0-499_48352cd1,392,57,13,1,1
20260912_215351_529_traffic_scan_env2025_seed0-499_48352cd1,392,57,14,2,1
20260912_215351_529_traffic_scan_env2025_seed0-499_48352cd1,392,57,15,2,1
20260912_215351_529_traffic_scan_env2025_seed0-499_48352cd1,392,57,16,0,1
20260912_215351_529_traffic_scan_env2025_seed0-499_48352cd1,392,57,16,1,1
20260912_215351_529_traffic_scan_env2025_seed0-499_48352cd1,392,57,17,0,2
20260912_215351_529_traffic_scan_env2025_seed0-499_48352cd1,392,57,17,1,1
20260912_215351_529_traffic_scan_env2025_seed0-499_48352cd1,392,57,18,0,2
20260912_215351_529_traffic_scan_env2025_seed0-499_48352cd1,392,57,18,1,1
20260912_215351_529_traffic_scan_env2025_seed0-499_48352cd1,392,57,19,0,2
20260912_215351_529_traffic_scan_env2025_seed0-499_48352cd1,392,57,19,1,1
20260912_215351_529_traffic_scan_env2025_seed0-499_48352cd1,392,57,20,0,2
20260912_215351_529_traffic_scan_env2025_seed0-499_48352cd1,392,57,20,1,1
20260912_215351_529_traffic_scan_env2025_seed0-499_48352cd1,392,57,21,0,1
20260912_215351_529_traffic_scan_env2025_seed0-499_48352cd1,392,57,21,1,1
20260912_215351_529_traffic_scan_env2025_seed0-499_48352cd1,392,57,22,1,2
20260912_215351_529_traffic_scan_env2025_seed0-499_48352cd1,392,57,23,1,2
20260912_215351_529_traffic_scan_env2025_seed0-499_48352cd1,392,57,24,1,2
20260912_215351_529_traffic_scan_env2025_seed0-499_48352cd1,392,57,25,1,2
20260912_215351_529_traffic_scan_env2025_seed0-499_48352cd1,392,57,26,0,1
20260912_215351_529_traffic_scan_env2025_seed0-499_48352cd1,392,57,26,1,1
20260912_215351_529_traffic_scan_env2025_seed0-499_48352cd1,392,57,27,1,1
20260912_215351_529_traffic_scan_env2025_seed0-499_48352cd1,392,57,28,1,1
20260912_215351_529_traffic_scan_env2025_seed0-499_48352cd1,392,57,29,1,1
20260912_215351_529_traffic_scan_env2025_seed0-499_48352cd1,392,57,30,1,1
20260912_215351_529_traffic_scan_env2025_seed0-499_48352cd1,392,57,31,1,1
20260912_215351_529_traffic_scan_env2025_seed0-499_48352cd1,392,57,32,1,1
20260912_215351_529_traffic_scan_env2025_seed0-499_48352cd1,392,57,33,1,2
20260912_215351_529_traffic_scan_env2025_seed0-499_48352cd1,392,57,34,1,1
20260912_215351_529_traffic_scan_env2025_seed0-499_48352cd1,392,57,35,1,1
20260912_215351_529_traffic_scan_env2025_seed0-499_48352cd1,392,57,36,1,1
20260912_215351_529_traffic_scan_env2025_seed0-499_48352cd1,392,57,37,0,1
20260912_215351_529_traffic_scan_env2025_seed0-499_48352cd1,392,57,37,1,1
20260912_215351_529_traffic_scan_env2025_seed0-499_48352cd1,392,57,38,1,1
20260912_215351_529_traffic_scan_env2025_seed0-499_48352cd1,392,57,39,1,1
20260912_215351_529_traffic_scan_env2025_seed0-499_48352cd1,392,57,40,1,1
20260912_215351_529_traffic_scan_env2025_seed0-499_48352cd1,392,57,41,0,2
20260912_215351_529_traffic_scan_env2025_seed0-499_48352cd1,392,57,41,1,1
20260912_215351_529_traffic_scan_env2025_seed0-499_48352cd1,392,57,42,0,1
20260912_215351_529_traffic_scan_env2025_seed0-499_48352cd1,392,57,42,1,1
20260912_215351_529_traffic_scan_env2025_seed0-499_48352cd1,392,57,44,3,1
20260912_215351_529_traffic_scan_env2025_seed0-499_48352cd1,392,57,49,0,1
20260912_215351_529_traffic_scan_env2025_seed0-499_48352cd1,392,57,52,0,2
20260912_215351_529_traffic_scan_env2025_seed0-499_48352cd1,392,57,56,0,1
20260912_215351_529_traffic_scan_env2025_seed0-499_48352cd1,392,57,57,0,1
20260912_215351_529_traffic_scan_env2025_seed0-499_48352cd1,392,58,1,0,1
20260912_215351_529_traffic_scan_env2025_seed0-499_48352cd1,392,58,2,0,1
20260912_215351_529_traffic_scan_env2025_seed0-499_48352cd1,392,58,3,0,2
20260912_215351_529_traffic_scan_env2025_seed0-499_48352cd1,392,58,4,0,1
20260912_215351_529_traffic_scan_env2025_seed0-499_48352cd1,392,58,5,0,1
20260912_215351_529_traffic_scan_env2025_seed0-499_48352cd1,392,58,6,0,1
20260912_215351_529_traffic_scan_env2025_seed0-499_48352cd1,392,58,7,0,1
20260912_215351_529_traffic_scan_env2025_seed0-499_48352cd1,392,58,8,0,2
20260912_215351_529_traffic_scan_env2025_seed0-499_48352cd1,392,58,9,0,1
20260912_215351_529_traffic_scan_env2025_seed0-499_48352cd1,392,58,10,0,1
20260912_215351_529_traffic_scan_env2025_seed0-499_48352cd1,392,58,11,0,2
20260912_215351_529_traffic_scan_env2025_seed0-499_48352cd1,392,58,12,0,1
20260912_215351_529_traffic_scan_env2025_seed0-499_48352cd1,392,58,13,0,1
20260912_215351_529_traffic_scan_env2025_seed0-499_48352cd1,392,58,14,0,1
20260912_215351_529_traffic_scan_env2025_seed0-499_48352cd1,392,58,15,0,1
20260912_215351_529_traffic_scan_env2025_seed0-499_48352cd1,392,58,20,1,1
20260912_215351_529_traffic_scan_env2025_seed0-499_48352cd1,392,58,21,1,1
20260912_215351_529_traffic_scan_env2025_seed0-499_48352cd1,392,58,22,1,1
20260912_215351_529_traffic_scan_env2025_seed0-499_48352cd1,392,58,23,1,1
20260912_215351_529_traffic_scan_env2025_seed0-499_48352cd1,392,58,24,1,1
20260912_215351_529_traffic_scan_env2025_seed0-499_48352cd1,392,58,25,0,2
20260912_215351_529_traffic_scan_env2025_seed0-499_48352cd1,392,58,25,1,1
20260912_215351_529_traffic_scan_env2025_seed0-499_48352cd1,392,58,26,1,1
20260912_215351_529_traffic_scan_env2025_seed0-499_48352cd1,392,58,27,1,1
20260912_215351_529_traffic_scan_env2025_seed0-499_48352cd1,392,58,28,1,1
20260912_215351_529_traffic_scan_env2025_seed0-499_48352cd1,392,58,29,1,1
20260912_215351_529_traffic_scan_env2025_seed0-499_48352cd1,392,58,30,1,1
20260912_215351_529_traffic_scan_env2025_seed0-499_48352cd1,392,58,31,1,1
20260912_215351_529_traffic_scan_env2025_seed0-499_48352cd1,392,58,32,1,1
20260912_215351_529_traffic_scan_env2025_seed0-499_48352cd1,392,58,38,0,1
20260912_215351_529_traffic_scan_env2025_seed0-499_48352cd1,392,58,41,0,2
20260912_215351_529_traffic_scan_env2025_seed0-499_48352cd1,392,58,43,1,1
20260912_215351_529_traffic_scan_env2025_seed0-499_48352cd1,392,58,44,3,1
20260912_215351_529_traffic_scan_env2025_seed0-499_48352cd1,392,58,51,0,1
20260912_215351_529_traffic_scan_env2025_seed0-499_48352cd1,392,58,52,0,1
20260912_215351_529_traffic_scan_env2025_seed0-499_48352cd1,392,58,53,0,2
20260912_215351_529_traffic_scan_env2025_seed0-499_48352cd1,392,58,54,0,1
20260912_215351_529_traffic_scan_env2025_seed0-499_48352cd1,392,58,55,0,1
20260912_215351_529_traffic_scan_env2025_seed0-499_48352cd1,392,58,56,0,1
20260912_215351_529_traffic_scan_env2025_seed0-499_48352cd1,392,58,57,0,2
20260912_215351_529_traffic_scan_env2025_seed0-499_48352cd1,392,58,58,0,2
20260912_215351_529_traffic_scan_env2025_seed0-499_48352cd1,392,59,2,0,1
20260912_215351_529_traffic_scan_env2025_seed0-499_48352cd1,392,59,12,0,1
20260912_215351_529_traffic_scan_env2025_seed0-499_48352cd1,392,59,13,0,1
20260912_215351_529_traffic_scan_env2025_seed0-499_48352cd1,392,59,14,0,1
20260912_215351_529_traffic_scan_env2025_seed0-499_48352cd1,392,59,15,0,1
20260912_215351_529_traffic_scan_env2025_seed0-499_48352cd1,392,59,16,0,1
20260912_215351_529_traffic_scan_env2025_seed0-499_48352cd1,392,59,17,0,1
20260912_215351_529_traffic_scan_env2025_seed0-499_48352cd1,392,59,18,0,1
20260912_215351_529_traffic_scan_env2025_seed0-499_48352cd1,392,59,19,0,1
20260912_215351_529_traffic_scan_env2025_seed0-499_48352cd1,392,59,25,0,1
20260912_215351_529_traffic_scan_env2025_seed0-499_48352cd1,392,59,44,0,1
20260912_215351_529_traffic_scan_env2025_seed0-499_48352cd1,392,59,44,1,2
20260912_215351_529_traffic_scan_env2025_seed0-499_48352cd1,392,59,44,2,1
20260912_215351_529_traffic_scan_env2025_seed0-499_48352cd1,392,59,45,1,1
20260912_215351_529_traffic_scan_env2025_seed0-499_48352cd1,392,59,46,1,1
20260912_215351_529_traffic_scan_env2025_seed0-499_48352cd1,392,59,47,1,1
20260912_215351_529_traffic_scan_env2025_seed0-499_48352cd1,392,59,48,1,1
20260912_215351_529_traffic_scan_env2025_seed0-499_48352cd1,392,59,49,1,1
20260912_215351_529_traffic_scan_env2025_seed0-499_48352cd1,392,59,50,1,1
20260912_215351_529_traffic_scan_env2025_seed0-499_48352cd1,392,59,54,0,1
20260912_215351_529_traffic_scan_env2025_seed0-499_48352cd1,392,59,59,0,1
