run_id,traffic_seed,grid_x,grid_y,grid_z,distinct_flight_count
20260912_215351_529_traffic_scan_env2025_seed0-499_48352cd1,12,0,8,0,1
20260912_215351_529_traffic_scan_env2025_seed0-499_48352cd1,12,0,10,0,1
20260912_215351_529_traffic_scan_env2025_seed0-499_48352cd1,12,0,12,0,1
20260912_215351_529_traffic_scan_env2025_seed0-499_48352cd1,12,0,34,0,2
20260912_215351_529_traffic_scan_env2025_seed0-499_48352cd1,12,0,46,0,1
20260912_215351_529_traffic_scan_env2025_seed0-499_48352cd1,12,1,7,0,1
20260912_215351_529_traffic_scan_env2025_seed0-499_48352cd1,12,1,8,0,1
20260912_215351_529_traffic_scan_env2025_seed0-499_48352cd1,12,1,9,0,2
20260912_215351_529_traffic_scan_env2025_seed0-499_48352cd1,12,1,10,0,1
20260912_215351_529_traffic_scan_env2025_seed0-499_48352cd1,12,1,11,0,2
20260912_215351_529_traffic_scan_env2025_seed0-499_48352cd1,12,1,12,0,2
20260912_215351_529_traffic_scan_env2025_seed0-499_48352cd1,12,1,13,0,2
20260912_215351_529_traffic_scan_env2025_seed0-499_48352cd1,12,1,14,1,1
20260912_215351_529_traffic_scan_env2025_seed0-499_48352cd1,12,1,15,0,1
20260912_215351_529_traffic_scan_env2025_seed0-499_48352cd1,12,1,15,1,1
20260912_215351_529_traffic_scan_env2025_seed0-499_48352cd1,12,1,16,0,1
20260912_215351_529_traffic_scan_env2025_seed0-499_48352cd1,12,1,16,1,1
20260912_215351_529_traffic_scan_env2025_seed0-499_48352cd1,12,1,17,1,1
20260912_215351_529_traffic_scan_env2025_seed0-499_48352cd1,12,1,18,1,1
20260912_215351_529_traffic_scan_env2025_seed0-499_48352cd1,12,1,19,0,1
20260912_215351_529_traffic_scan_env2025_seed0-499_48352cd1,12,1,19,1,1
20260912_215351_529_traffic_scan_env2025_seed0-499_48352cd1,12,1,20,0,2
20260912_215351_529_traffic_scan_env2025_seed0-499_48352cd1,12,1,20,1,1
20260912_215351_529_traffic_scan_env2025_seed0-499_48352cd1,12,1,21,0,1
20260912_215351_529_traffic_scan_env2025_seed0-499_48352cd1,12,1,21,1,1
20260912_215351_529_traffic_scan_env2025_seed0-499_48352cd1,12,1,22,0,1
20260912_215351_529_traffic_scan_env2025_seed0-499_48352cd1,12,1,22,1,1
20260912_215351_529_traffic_scan_env2025_seed0-499_48352cd1,12,1,23,0,1
20260912_215351_529_traffic_scan_env2025_seed0-499_48352cd1,12,1,23,1,1
20260912_215351_529_traffic_scan_env2025_seed0-499_48352cd1,12,1,24,0,1
20260912_215351_529_traffic_scan_env2025_seed0-499_48352cd1,12,1,24,1,1
20260912_215351_529_traffic_scan_env2025_seed0-499_48352cd1,12,1,25,0,1
20260912_215351_529_traffic_scan_env2025_seed0-499_48352cd1,12,1,25,1,1
20260912_215351_529_traffic_scan_env2025_seed0-499_48352cd1,12,1,26,0,1
20260912_215351_529_traffic_scan_env2025_seed0-499_48352cd1,12,1,26,1,1
20260912_215351_529_traffic_scan_env2025_seed0-499_48352cd1,12,1,27,0,1
20260912_215351_529_traffic_scan_env2025_seed0-499_48352cd1,12,1,27,1,1
20260912_215351_529_traffic_scan_env2025_seed0-499_48352cd1,12,1,28,0,1
20260912_215351_529_traffic_scan_env2025_seed0-499_48352cd1,12,1,28,1,1
20260912_215351_529_traffic_scan_env2025_seed0-499_48352cd1,12,1,29,0,1
20260912_215351_529_traffic_scan_env2025_seed0-499_48352cd1,12,1,29,1,1
20260912_215351_529_traffic_scan_env2025_seed0-499_48352cd1,12,1,30,0,1
20260912_215351_529_traffic_scan_env2025_seed0-499_48352cd1,12,1,30,1,1
20260912_215351_529_traffic_scan_env2025_seed0-499_48352cd1,12,1,31,0,1
20260912_215351_529_traffic_scan_env2025_seed0-499_48352cd1,12,1,31,1,1
20260912_215351_529_traffic_scan_env2025_seed0-499_48352cd1,12,1,32,0,1
20260912_215351_529_traffic_scan_env2025_seed0-499_48352cd1,12,1,32,1,1
20260912_215351_529_traffic_scan_env2025_seed0-499_48352cd1,12,1,33,0,1
20260912_215351_529_traffic_scan_env2025_seed0-499_48352cd1,12,1,33,1,1
20260912_215351_529_traffic_scan_env2025_seed0-499_48352cd1,12,1,34,0,2
20260912_215351_529_traffic_scan_env2025_seed0-499_48352cd1,12,1,34,1,1
20260912_215351_529_traffic_scan_env2025_seed0-499_48352cd1,12,1,35,0,2
20260912_215351_529_traffic_scan_env2025_seed0-499_48352cd1,12,1,35,1,1
20260912_215351_529_traffic_scan_env2025_seed0-499_48352cd1,12,1,36,0,1
20260912_215351_529_traffic_scan_env2025_seed0-499_48352cd1,12,1,36,1,1
20260912_215351_529_traffic_scan_env2025_seed0-499_48352cd1,12,1,37,0,1
20260912_215351_529_traffic_scan_env2025_seed0-499_48352cd1,12,1,37,1,1
20260912_215351_529_traffic_scan_env2025_seed0-499_48352cd1,12,1,38,0,1
20260912_215351_529_traffic_scan_env2025_seed0-499_48352cd1,12,1,38,1,1
20260912_215351_529_traffic_scan_env2025_seed0-499_48352cd1,12,1,39,0,1
20260912_215351_529_traffic_scan_env2025_seed0-499_48352cd1,12,1,39,1,1
20260912_215351_529_traffic_scan_env2025_seed0-499_48352cd1,12,1,40,0,1
20260912_215351_529_traffic_scan_env2025_seed0-499_48352cd1,12,1,40,1,1
20260912_215351_529_traffic_scan_env2025_seed0-499_48352cd1,12,1,41,0,1
20260912_215351_529_traffic_scan_env2025_seed0-499_48352cd1,12,1,41,1,1
20260912_215351_529_traffic_scan_env2025_seed0-499_48352cd1,12,1,42,0,2
20260912_215351_529_traffic_scan_env2025_seed0-499_48352cd1,12,1,43,0,1
20260912_215351_529_traffic_scan_env2025_seed0-499_48352cd1,12,1,44,0,2
20260912_215351_529_traffic_scan_env2025_seed0-499_48352cd1,12,1,45,0,2
20260912_215351_529_traffic_scan_env2025_seed0-499_48352cd1,12,1,46,0,3
20260912_215351_529_traffic_scan_env2025_seed0-499_48352cd1,12,1,47,0,4
20260912_215351_529_traffic_scan_env2025_seed0-499_48352cd1,12,1,48,0,2
20260912_215351_529_traffic_scan_env2025_seed0-499_48352cd1,12,1,49,0,2
20260912_215351_529_traffic_scan_env2025_seed0-499_48352cd1,12,1,50,0,3
20260912_215351_529_traffic_scan_env2025_seed0-499_48352cd1,12,1,51,0,1
20260912_215351_529_traffic_scan_env2025_seed0-499_48352cd1,12,1,52,0,1
20260912_215351_529_traffic_scan_env2025_seed0-499_48352cd1,12,1,55,0,2
20260912_215351_529_traffic_scan_env2025_seed0-499_48352cd1,12,1,56,0,2
20260912_215351_529_traffic_scan_env2025_seed0-499_48352cd1,12,2,7,0,1
20260912_215351_529_traffic_scan_env2025_seed0-499_48352cd1,12,2,8,0,2
20260912_215351_529_traffic_scan_env2025_seed0-499_48352cd1,12,2,9,0,1
20260912_215351_529_traffic_scan_env2025_seed0-499_48352cd1,12,2,10,0,2
20260912_215351_529_traffic_scan_env2025_seed0-499_48352cd1,12,2,11,0,1
20260912_215351_529_traffic_scan_env2025_seed0-499_48352cd1,12,2,12,0,3
20260912_215351_529_traffic_scan_env2025_seed0-499_48352cd1,12,2,13,0,2
20260912_215351_529_traffic_scan_env2025_seed0-499_48352cd1,12,2,14,0,3
20260912_215351_529_traffic_scan_env2025_seed0-499_48352cd1,12,2,15,0,2
20260912_215351_529_traffic_scan_env2025_seed0-499_48352cd1,12,2,16,0,1
20260912_215351_529_traffic_scan_env2025_seed0-499_48352cd1,12,2,17,0,2
20260912_215351_529_traffic_scan_env2025_seed0-499_48352cd1,12,2,18,0,1
20260912_215351_529_traffic_scan_env2025_seed0-499_48352cd1,12,2,20,0,1
20260912_215351_529_traffic_scan_env2025_seed0-499_48352cd1,12,2,34,0,1
20260912_215351_529_traffic_scan_env2025_seed0-499_48352cd1,12,2,36,0,1
20260912_215351_529_traffic_scan_env2025_seed0-499_48352cd1,12,2,40,0,1
20260912_215351_529_traffic_scan_env2025_seed0-499_48352cd1,12,2,42,0,1
20260912_215351_529_traffic_scan_env2025_seed0-499_48352cd1,12,2,42,1,1
20260912_215351_529_traffic_scan_env2025_seed0-499_48352cd1,12,2,43,0,2
20260912_215351_529_traffic_scan_env2025_seed0-499_48352cd1,12,2,43,1,1
20260912_215351_529_traffic_scan_env2025_seed0-499_48352cd1,12,2,46,0,2
20260912_215351_529_traffic_scan_env2025_seed0-499_48352cd1,12,2,47,1,1
20260912_215351_529_traffic_scan_env2025_seed0-499_48352cd1,12,2,49,0,1
20260912_215351_529_traffic_scan_env2025_seed0-499_48352cd1,12,2,51,0,2
20260912_215351_529_traffic_scan_env2025_seed0-499_48352cd1,12,2,52,0,2
20260912_215351_529_traffic_scan_env2025_seed0-499_48352cd1,12,2,53,0,2
20260912_215351_529_traffic_scan_env2025_seed0-499_48352cd1,12,2,54,0,2
20260912_215351_529_traffic_scan_env2025_seed0-499_48352cd1,12,2,57,0,2
20260912_215351_529_traffic_scan_env2025_seed0-499_48352cd1,12,2,58,0,2
20260912_215351_529_traffic_scan_env2025_seed0-499_48352cd1,12,2,59,0,1
20260912_215351_529_traffic_scan_env2025_seed0-499_48352cd1,12,3,5,0,1
20260912_215351_529_traffic_scan_env2025_seed0-499_48352cd1,12,3,6,0,1
20260912_215351_529_traffic_scan_env2025_seed0-499_48352cd1,12,3,8,0,1
20260912_215351_529_traffic_scan_env2025_seed0-499_48352cd1,12,3,9,0,1
20260912_215351_529_traffic_scan_env2025_seed0-499_48352cd1,12,3,11,0,2
20260912_215351_529_traffic_scan_env2025_seed0-499_48352cd1,12,3,14,0,1
20260912_215351_529_traffic_scan_env2025_seed0-499_48352cd1,12,3,15,0,3
20260912_215351_529_traffic_scan_env2025_seed0-499_48352cd1,12,3,18,0,1
20260912_215351_529_traffic_scan_env2025_seed0-499_48352cd1,12,3,20,0,1
20260912_215351_529_traffic_scan_env2025_seed0-499_48352cd1,12,3,32,0,1
20260912_215351_529_traffic_scan_env2025_seed0-499_48352cd1,12,3,33,0,2
20260912_215351_529_traffic_scan_env2025_seed0-499_48352cd1,12,3,34,0,1
20260912_215351_529_traffic_scan_env2025_seed0-499_48352cd1,12,3,37,0,1
20260912_215351_529_traffic_scan_env2025_seed0-499_48352cd1,12,3,40,0,1
20260912_215351_529_traffic_scan_env2025_seed0-499_48352cd1,12,3,41,0,1
20260912_215351_529_traffic_scan_env2025_seed0-499_48352cd1,12,3,41,1,1
20260912_215351_529_traffic_scan_env2025_seed0-499_48352cd1,12,3,44,1,2
20260912_215351_529_traffic_scan_env2025_seed0-499_48352cd1,12,3,45,1,1
20260912_215351_529_traffic_scan_env2025_seed0-499_48352cd1,12,3,46,1,1
20260912_215351_529_traffic_scan_env2025_seed0-499_48352cd1,12,3,47,0,1
20260912_215351_529_traffic_scan_env2025_seed0-499_48352cd1,12,3,47,1,1
20260912_215351_529_traffic_scan_env2025_seed0-499_48352cd1,12,3,48,0,1
20260912_215351_529_traffic_scan_env2025_seed0-499_48352cd1,12,3,48,1,1
20260912_215351_529_traffic_scan_env2025_seed0-499_48352cd1,12,3,49,1,1
20260912_215351_529_traffic_scan_env2025_seed0-499_48352cd1,12,3,50,0,1
20260912_215351_529_traffic_scan_env2025_seed0-499_48352cd1,12,3,50,1,1
20260912_215351_529_traffic_scan_env2025_seed0-499_48352cd1,12,3,51,1,1
20260912_215351_529_traffic_scan_env2025_seed0-499_48352cd1,12,3,54,0,1
20260912_215351_529_traffic_scan_env2025_seed0-499_48352cd1,12,3,57,0,1
20260912_215351_529_traffic_scan_env2025_seed0-499_48352cd1,12,4,4,0,1
20260912_215351_529_traffic_scan_env2025_seed0-499_48352cd1,12,4,5,0,1
20260912_215351_529_traffic_scan_env2025_seed0-499_48352cd1,12,4,6,1,1
20260912_215351_529_traffic_scan_env2025_seed0-499_48352cd1,12,4,8,0,2
20260912_215351_529_traffic_scan_env2025_seed0-499_48352cd1,12,4,9,1,2
20260912_215351_529_traffic_scan_env2025_seed0-499_48352cd1,12,4,10,0,1
20260912_215351_529_traffic_scan_env2025_seed0-499_48352cd1,12,4,11,0,3
20260912_215351_529_traffic_scan_env2025_seed0-499_48352cd1,12,4,11,1,1
20260912_215351_529_traffic_scan_env2025_seed0-499_48352cd1,12,4,12,2,1
20260912_215351_529_traffic_scan_env2025_seed0-499_48352cd1,12,4,13,2,1
20260912_215351_529_traffic_scan_env2025_seed0-499_48352cd1,12,4,14,1,1
20260912_215351_529_traffic_scan_env2025_seed0-499_48352cd1,12,4,15,0,2
20260912_215351_529_traffic_scan_env2025_seed0-499_48352cd1,12,4,15,1,1
20260912_215351_529_traffic_scan_env2025_seed0-499_48352cd1,12,4,16,0,2
20260912_215351_529_traffic_scan_env2025_seed0-499_48352cd1,12,4,16,1,1
20260912_215351_529_traffic_scan_env2025_seed0-499_48352cd1,12,4,17,1,1
20260912_215351_529_traffic_scan_env2025_seed0-499_48352cd1,12,4,18,1,1
20260912_215351_529_traffic_scan_env2025_seed0-499_48352cd1,12,4,19,0,1
20260912_215351_529_traffic_scan_env2025_seed0-499_48352cd1,12,4,19,1,1
20260912_215351_529_traffic_scan_env2025_seed0-499_48352cd1,12,4,20,0,1
20260912_215351_529_traffic_scan_env2025_seed0-499_48352cd1,12,4,20,1,1
20260912_215351_529_traffic_scan_env2025_seed0-499_48352cd1,12,4,21,1,1
20260912_215351_529_traffic_scan_env2025_seed0-499_48352cd1,12,4,22,1,1
20260912_215351_529_traffic_scan_env2025_seed0-499_48352cd1,12,4,23,1,1
20260912_215351_529_traffic_scan_env2025_seed0-499_48352cd1,12,4,24,1,1
20260912_215351_529_traffic_scan_env2025_seed0-499_48352cd1,12,4,25,1,1
20260912_215351_529_traffic_scan_env2025_seed0-499_48352cd1,12,4,26,1,1
20260912_215351_529_traffic_scan_env2025_seed0-499_48352cd1,12,4,27,1,1
20260912_215351_529_traffic_scan_env2025_seed0-499_48352cd1,12,4,28,1,1
20260912_215351_529_traffic_scan_env2025_seed0-499_48352cd1,12,4,29,0,1
20260912_215351_529_traffic_scan_env2025_seed0-499_48352cd1,12,4,29,1,1
20260912_215351_529_traffic_scan_env2025_seed0-499_48352cd1,12,4,30,1,1
20260912_215351_529_traffic_scan_env2025_seed0-499_48352cd1,12,4,31,0,1
20260912_215351_529_traffic_scan_env2025_seed0-499_48352cd1,12,4,31,1,1
20260912_215351_529_traffic_scan_env2025_seed0-499_48352cd1,12,4,32,2,1
20260912_215351_529_traffic_scan_env2025_seed0-499_48352cd1,12,4,33,2,1
20260912_215351_529_traffic_scan_env2025_seed0-499_48352cd1,12,4,34,1,4
20260912_215351_529_traffic_scan_env2025_seed0-499_48352cd1,12,4,35,0,1
20260912_215351_529_traffic_scan_env2025_seed0-499_48352cd1,12,4,36,0,1
20260912_215351_529_traffic_scan_env2025_seed0-499_48352cd1,12,4,37,0,1
20260912_215351_529_traffic_scan_env2025_seed0-499_48352cd1,12,4,38,0,2
20260912_215351_529_traffic_scan_env2025_seed0-499_48352cd1,12,4,39,0,1
20260912_215351_529_traffic_scan_env2025_seed0-499_48352cd1,12,4,40,0,3
20260912_215351_529_traffic_scan_env2025_seed0-499_48352cd1,12,4,40,1,1
20260912_215351_529_traffic_scan_env2025_seed0-499_48352cd1,12,4,41,0,2
20260912_215351_529_traffic_scan_env2025_seed0-499_48352cd1,12,4,42,0,1
20260912_215351_529_traffic_scan_env2025_seed0-499_48352cd1,12,4,43,0,1
20260912_215351_529_traffic_scan_env2025_seed0-499_48352cd1,12,4,44,0,1
20260912_215351_529_traffic_scan_env2025_seed0-499_48352cd1,12,4,44,1,1
20260912_215351_529_traffic_scan_env2025_seed0-499_48352cd1,12,4,45,0,2
20260912_215351_529_traffic_scan_env2025_seed0-499_48352cd1,12,4,45,1,1
20260912_215351_529_traffic_scan_env2025_seed0-499_48352cd1,12,4,46,0,2
20260912_215351_529_traffic_scan_env2025_seed0-499_48352cd1,12,4,46,1,1
20260912_215351_529_traffic_scan_env2025_seed0-499_48352cd1,12,4,47,0,4
20260912_215351_529_traffic_scan_env2025_seed0-499_48352cd1,12,4,48,0,1
20260912_215351_529_traffic_scan_env2025_seed0-499_48352cd1,12,4,49,0,2
20260912_215351_529_traffic_scan_env2025_seed0-499_48352cd1,12,4,50,0,2
20260912_215351_529_traffic_scan_env2025_seed0-499_48352cd1,12,4,51,0,1
20260912_215351_529_traffic_scan_env2025_seed0-499_48352cd1,12,4,52,0,1
20260912_215351_529_traffic_scan_env2025_seed0-499_48352cd1,12,4,53,0,2
20260912_215351_529_traffic_scan_env2025_seed0-499_48352cd1,12,4,54,0,1
20260912_215351_529_traffic_scan_env2025_seed0-499_48352cd1,12,4,55,0,1
20260912_215351_529_traffic_scan_env2025_seed0-499_48352cd1,12,4,56,0,1
20260912_215351_529_traffic_scan_env2025_seed0-499_48352cd1,12,4,57,0,1
20260912_215351_529_traffic_scan_env2025_seed0-499_48352cd1,12,5,7,0,2
20260912_215351_529_traffic_scan_env2025_seed0-499_48352cd1,12,5,9,0,2
20260912_215351_529_traffic_scan_env2025_seed0-499_48352cd1,12,5,12,0,3
20260912_215351_529_traffic_scan_env2025_seed0-499_48352cd1,12,5,15,0,1
20260912_215351_529_traffic_scan_env2025_seed0-499_48352cd1,12,5,16,0,1
20260912_215351_529_traffic_scan_env2025_seed0-499_48352cd1,12,5,17,0,2
20260912_215351_529_traffic_scan_env2025_seed0-499_48352cd1,12,5,20,0,2
20260912_215351_529_traffic_scan_env2025_seed0-499_48352cd1,12,5,24,0,1
20260912_215351_529_traffic_scan_env2025_seed0-499_48352cd1,12,5,27,0,1
20260912_215351_529_traffic_scan_env2025_seed0-499_48352cd1,12,5,29,0,1
20260912_215351_529_traffic_scan_env2025_seed0-499_48352cd1,12,5,31,0,1
20260912_215351_529_traffic_scan_env2025_seed0-499_48352cd1,12,5,34,0,3
20260912_215351_529_traffic_scan_env2025_seed0-499_48352cd1,12,5,39,1,3
20260912_215351_529_traffic_scan_env2025_seed0-499_48352cd1,12,5,40,0,2
20260912_215351_529_traffic_scan_env2025_seed0-499_48352cd1,12,5,43,1,1
20260912_215351_529_traffic_scan_env2025_seed0-499_48352cd1,12,5,45,1,1
20260912_215351_529_traffic_scan_env2025_seed0-499_48352cd1,12,5,46,0,5
20260912_215351_529_traffic_scan_env2025_seed0-499_48352cd1,12,5,46,1,1
20260912_215351_529_traffic_scan_env2025_seed0-499_48352cd1,12,5,47,0,1
20260912_215351_529_traffic_scan_env2025_seed0-499_48352cd1,12,5,48,0,1
20260912_215351_529_traffic_scan_env2025_seed0-499_48352cd1,12,5,50,0,1
20260912_215351_529_traffic_scan_env2025_seed0-499_48352cd1,12,5,53,0,1
20260912_215351_529_traffic_scan_env2025_seed0-499_48352cd1,12,5,55,0,2
20260912_215351_529_traffic_scan_env2025_seed0-499_48352cd1,12,5,57,0,1
20260912_215351_529_traffic_scan_env2025_seed0-499_48352cd1,12,6,0,0,1
20260912_215351_529_traffic_scan_env2025_seed0-499_48352cd1,12,6,1,0,1
20260912_215351_529_traffic_scan_env2025_seed0-499_48352cd1,12,6,2,0,1
20260912_215351_529_traffic_scan_env2025_seed0-499_48352cd1,12,6,3,0,1
20260912_215351_529_traffic_scan_env2025_seed0-499_48352cd1,12,6,4,0,1
20260912_215351_529_traffic_scan_env2025_seed0-499_48352cd1,12,6,5,0,1
20260912_215351_529_traffic_scan_env2025_seed0-499_48352cd1,12,6,6,0,2
20260912_215351_529_traffic_scan_env2025_seed0-499_48352cd1,12,6,7,1,1
20260912_215351_529_traffic_scan_env2025_seed0-499_48352cd1,12,6,8,0,1
20260912_215351_529_traffic_scan_env2025_seed0-499_48352cd1,12,6,8,1,1
20260912_215351_529_traffic_scan_env2025_seed0-499_48352cd1,12,6,9,0,1
20260912_215351_529_traffic_scan_env2025_seed0-499_48352cd1,12,6,9,1,1
20260912_215351_529_traffic_scan_env2025_seed0-499_48352cd1,12,6,10,0,1
20260912_215351_529_traffic_scan_env2025_seed0-499_48352cd1,12,6,10,1,1
20260912_215351_529_traffic_scan_env2025_seed0-499_48352cd1,12,6,11,1,1
20260912_215351_529_traffic_scan_env2025_seed0-499_48352cd1,12,6,12,0,1
20260912_215351_529_traffic_scan_env2025_seed0-499_48352cd1,12,6,12,1,1
20260912_215351_529_traffic_scan_env2025_seed0-499_48352cd1,12,6,13,0,2
20260912_215351_529_traffic_scan_env2025_seed0-499_48352cd1,12,6,13,1,1
20260912_215351_529_traffic_scan_env2025_seed0-499_48352cd1,12,6,14,1,1
20260912_215351_529_traffic_scan_env2025_seed0-499_48352cd1,12,6,15,0,1
20260912_215351_529_traffic_scan_env2025_seed0-499_48352cd1,12,6,15,1,1
20260912_215351_529_traffic_scan_env2025_seed0-499_48352cd1,12,6,16,1,1
20260912_215351_529_traffic_scan_env2025_seed0-499_48352cd1,12,6,17,0,1
20260912_215351_529_traffic_scan_env2025_seed0-499_48352cd1,12,6,17,1,1
20260912_215351_529_traffic_scan_env2025_seed0-499_48352cd1,12,6,18,0,3
20260912_215351_529_traffic_scan_env2025_seed0-499_48352cd1,12,6,18,1,1
20260912_215351_529_traffic_scan_env2025_seed0-499_48352cd1,12,6,19,1,1
20260912_215351_529_traffic_scan_env2025_seed0-499_48352cd1,12,6,20,0,1
20260912_215351_529_traffic_scan_env2025_seed0-499_48352cd1,12,6,20,1,1
20260912_215351_529_traffic_scan_env2025_seed0-499_48352cd1,12,6,21,0,1
20260912_215351_529_traffic_scan_env2025_seed0-499_48352cd1,12,6,21,1,1
20260912_215351_529_traffic_scan_env2025_seed0-499_48352cd1,12,6,22,0,1
20260912_215351_529_traffic_scan_env2025_seed0-499_48352cd1,12,6,22,1,1
20260912_215351_529_traffic_scan_env2025_seed0-499_48352cd1,12,6,23,0,1
20260912_215351_529_traffic_scan_env2025_seed0-499_48352cd1,12,6,25,0,1
20260912_215351_529_traffic_scan_env2025_seed0-499_48352cd1,12,6,27,0,1
20260912_215351_529_traffic_scan_env2025_seed0-499_48352cd1,12,6,29,0,1
20260912_215351_529_traffic_scan_env2025_seed0-499_48352cd1,12,6,31,0,1
20260912_215351_529_traffic_scan_env2025_seed0-499_48352cd1,12,6,33,0,2
20260912_215351_529_traffic_scan_env2025_seed0-499_48352cd1,12,6,34,1,1
20260912_215351_529_traffic_scan_env2025_seed0-499_48352cd1,12,6,38,2,2
20260912_215351_529_traffic_scan_env2025_seed0-499_48352cd1,12,6,40,0,3
20260912_215351_529_traffic_scan_env2025_seed0-499_48352cd1,12,6,40,1,1
20260912_215351_529_traffic_scan_env2025_seed0-499_48352cd1,12,6,43,1,1
20260912_215351_529_traffic_scan_env2025_seed0-499_48352cd1,12,6,44,1,1
20260912_215351_529_traffic_scan_env2025_seed0-499_48352cd1,12,6,45,0,3
20260912_215351_529_traffic_scan_env2025_seed0-499_48352cd1,12,6,46,0,2
20260912_215351_529_traffic_scan_env2025_seed0-499_48352cd1,12,6,47,0,3
20260912_215351_529_traffic_scan_env2025_seed0-499_48352cd1,12,6,47,1,1
20260912_215351_529_traffic_scan_env2025_seed0-499_48352cd1,12,6,50,0,1
20260912_215351_529_traffic_scan_env2025_seed0-499_48352cd1,12,6,52,0,1
20260912_215351_529_traffic_scan_env2025_seed0-499_48352cd1,12,6,54,0,1
20260912_215351_529_traffic_scan_env2025_seed0-499_48352cd1,12,6,55,0,2
20260912_215351_529_traffic_scan_env2025_seed0-499_48352cd1,12,6,57,0,1
20260912_215351_529_traffic_scan_env2025_seed0-499_48352cd1,12,7,6,0,1
20260912_215351_529_traffic_scan_env2025_seed0-499_48352cd1,12,7,7,0,1
20260912_215351_529_traffic_scan_env2025_seed0-499_48352cd1,12,7,8,0,1
20260912_215351_529_traffic_scan_env2025_seed0-499_48352cd1,12,7,9,0,1
20260912_215351_529_traffic_scan_env2025_seed0-499_48352cd1,12,7,11,0,2
20260912_215351_529_traffic_scan_env2025_seed0-499_48352cd1,12,7,14,0,2
20260912_215351_529_traffic_scan_env2025_seed0-499_48352cd1,12,7,15,0,1
20260912_215351_529_traffic_scan_env2025_seed0-499_48352cd1,12,7,19,0,4
20260912_215351_529_traffic_scan_env2025_seed0-499_48352cd1,12,7,23,2,1
20260912_215351_529_traffic_scan_env2025_seed0-499_48352cd1,12,7,24,0,1
20260912_215351_529_traffic_scan_env2025_seed0-499_48352cd1,12,7,24,1,1
20260912_215351_529_traffic_scan_env2025_seed0-499_48352cd1,12,7,25,1,1
20260912_215351_529_traffic_scan_env2025_seed0-499_48352cd1,12,7,26,0,1
20260912_215351_529_traffic_scan_env2025_seed0-499_48352cd1,12,7,26,1,1
20260912_215351_529_traffic_scan_env2025_seed0-499_48352cd1,12,7,27,0,1
20260912_215351_529_traffic_scan_env2025_seed0-499_48352cd1,12,7,27,1,1
20260912_215351_529_traffic_scan_env2025_seed0-499_48352cd1,12,7,28,1,1
20260912_215351_529_traffic_scan_env2025_seed0-499_48352cd1,12,7,29,0,1
20260912_215351_529_traffic_scan_env2025_seed0-499_48352cd1,12,7,29,1,1
20260912_215351_529_traffic_scan_env2025_seed0-499_48352cd1,12,7,31,0,1
20260912_215351_529_traffic_scan_env2025_seed0-499_48352cd1,12,7,33,0,2
20260912_215351_529_traffic_scan_env2025_seed0-499_48352cd1,12,7,34,0,1
20260912_215351_529_traffic_scan_env2025_seed0-499_48352cd1,12,7,35,0,1
20260912_215351_529_traffic_scan_env2025_seed0-499_48352cd1,12,7,37,2,2
20260912_215351_529_traffic_scan_env2025_seed0-499_48352cd1,12,7,39,0,3
20260912_215351_529_traffic_scan_env2025_seed0-499_48352cd1,12,7,39,1,1
20260912_215351_529_traffic_scan_env2025_seed0-499_48352cd1,12,7,43,1,2
20260912_215351_529_traffic_scan_env2025_seed0-499_48352cd1,12,7,44,0,3
20260912_215351_529_traffic_scan_env2025_seed0-499_48352cd1,12,7,46,0,4
20260912_215351_529_traffic_scan_env2025_seed0-499_48352cd1,12,7,47,0,1
20260912_215351_529_traffic_scan_env2025_seed0-499_48352cd1,12,7,48,0,1
20260912_215351_529_traffic_scan_env2025_seed0-499_48352cd1,12,7,48,1,1
20260912_215351_529_traffic_scan_env2025_seed0-499_48352cd1,12,7,50,0,1
20260912_215351_529_traffic_scan_env2025_seed0-499_48352cd1,12,7,51,0,1
20260912_215351_529_traffic_scan_env2025_seed0-499_48352cd1,12,7,53,0,1
20260912_215351_529_traffic_scan_env2025_seed0-499_48352cd1,12,7,54,0,1
20260912_215351_529_traffic_scan_env2025_seed0-499_48352cd1,12,7,55,0,1
20260912_215351_529_traffic_scan_env2025_seed0-499_48352cd1,12,7,58,0,1
20260912_215351_529_traffic_scan_env2025_seed0-499_48352cd1,12,8,1,0,1
20260912_215351_529_traffic_scan_env2025_seed0-499_48352cd1,12,8,2,0,1
20260912_215351_529_traffic_scan_env2025_seed0-499_48352cd1,12,8,3,0,1
20260912_215351_529_traffic_scan_env2025_seed0-499_48352cd1,12,8,4,0,1
20260912_215351_529_traffic_scan_env2025_seed0-499_48352cd1,12,8,5,0,1
20260912_215351_529_traffic_scan_env2025_seed0-499_48352cd1,12,8,6,0,3
20260912_215351_529_traffic_scan_env2025_seed0-499_48352cd1,12,8,7,0,1
20260912_215351_529_traffic_scan_env2025_seed0-499_48352cd1,12,8,8,0,2
20260912_215351_529_traffic_scan_env2025_seed0-499_48352cd1,12,8,9,0,1
20260912_215351_529_traffic_scan_env2025_seed0-499_48352cd1,12,8,12,0,3
20260912_215351_529_traffic_scan_env2025_seed0-499_48352cd1,12,8,15,0,3
20260912_215351_529_traffic_scan_env2025_seed0-499_48352cd1,12,8,16,0,1
20260912_215351_529_traffic_scan_env2025_seed0-499_48352cd1,12,8,17,0,1
20260912_215351_529_traffic_scan_env2025_seed0-499_48352cd1,12,8,18,0,1
20260912_215351_529_traffic_scan_env2025_seed0-499_48352cd1,12,8,19,0,5
20260912_215351_529_traffic_scan_env2025_seed0-499_48352cd1,12,8,24,0,1
20260912_215351_529_traffic_scan_env2025_seed0-499_48352cd1,12,8,25,0,2
20260912_215351_529_traffic_scan_env2025_seed0-499_48352cd1,12,8,26,0,1
20260912_215351_529_traffic_scan_env2025_seed0-499_48352cd1,12,8,27,0,3
20260912_215351_529_traffic_scan_env2025_seed0-499_48352cd1,12,8,28,0,1
20260912_215351_529_traffic_scan_env2025_seed0-499_48352cd1,12,8,30,0,1
20260912_215351_529_traffic_scan_env2025_seed0-499_48352cd1,12,8,30,1,1
20260912_215351_529_traffic_scan_env2025_seed0-499_48352cd1,12,8,32,0,3
20260912_215351_529_traffic_scan_env2025_seed0-499_48352cd1,12,8,33,0,1
20260912_215351_529_traffic_scan_env2025_seed0-499_48352cd1,12,8,33,1,2
20260912_215351_529_traffic_scan_env2025_seed0-499_48352cd1,12,8,34,0,1
20260912_215351_529_traffic_scan_env2025_seed0-499_48352cd1,12,8,36,0,1
20260912_215351_529_traffic_scan_env2025_seed0-499_48352cd1,12,8,36,1,2
20260912_215351_529_traffic_scan_env2025_seed0-499_48352cd1,12,8,39,0,1
20260912_215351_529_traffic_scan_env2025_seed0-499_48352cd1,12,8,39,1,1
20260912_215351_529_traffic_scan_env2025_seed0-499_48352cd1,12,8,40,0,2
20260912_215351_529_traffic_scan_env2025_seed0-499_48352cd1,12,8,40,1,2
20260912_215351_529_traffic_scan_env2025_seed0-499_48352cd1,12,8,41,0,1
20260912_215351_529_traffic_scan_env2025_seed0-499_48352cd1,12,8,41,1,1
20260912_215351_529_traffic_scan_env2025_seed0-499_48352cd1,12,8,42,0,1
20260912_215351_529_traffic_scan_env2025_seed0-499_48352cd1,12,8,42,1,2
20260912_215351_529_traffic_scan_env2025_seed0-499_48352cd1,12,8,43,0,4
20260912_215351_529_traffic_scan_env2025_seed0-499_48352cd1,12,8,44,0,1
20260912_215351_529_traffic_scan_env2025_seed0-499_48352cd1,12,8,46,0,4
20260912_215351_529_traffic_scan_env2025_seed0-499_48352cd1,12,8,46,1,1
20260912_215351_529_traffic_scan_env2025_seed0-499_48352cd1,12,8,49,0,1
20260912_215351_529_traffic_scan_env2025_seed0-499_48352cd1,12,8,49,1,1
20260912_215351_529_traffic_scan_env2025_seed0-499_48352cd1,12,8,50,0,2
20260912_215351_529_traffic_scan_env2025_seed0-499_48352cd1,12,8,51,0,1
20260912_215351_529_traffic_scan_env2025_seed0-499_48352cd1,12,8,52,0,1
20260912_215351_529_traffic_scan_env2025_seed0-499_48352cd1,12,8,53,0,1
20260912_215351_529_traffic_scan_env2025_seed0-499_48352cd1,12,8,55,0,1
20260912_215351_529_traffic_scan_env2025_seed0-499_48352cd1,12,8,58,0,1
20260912_215351_529_traffic_scan_env2025_seed0-499_48352cd1,12,9,6,0,2
20260912_215351_529_traffic_scan_env2025_seed0-499_48352cd1,12,9,8,0,1
20260912_215351_529_traffic_scan_env2025_seed0-499_48352cd1,12,9,9,0,1
20260912_215351_529_traffic_scan_env2025_seed0-499_48352cd1,12,9,9,1,1
20260912_215351_529_traffic_scan_env2025_seed0-499_48352cd1,12,9,10,0,1
20260912_215351_529_traffic_scan_env2025_seed0-499_48352cd1,12,9,10,1,1
20260912_215351_529_traffic_scan_env2025_seed0-499_48352cd1,12,9,11,0,1
20260912_215351_529_traffic_scan_env2025_seed0-499_48352cd1,12,9,11,1,1
20260912_215351_529_traffic_scan_env2025_seed0-499_48352cd1,12,9,12,0,3
20260912_215351_529_traffic_scan_env2025_seed0-499_48352cd1,12,9,12,1,2
20260912_215351_529_traffic_scan_env2025_seed0-499_48352cd1,12,9,13,2,1
20260912_215351_529_traffic_scan_env2025_seed0-499_48352cd1,12,9,14,1,1
20260912_215351_529_traffic_scan_env2025_seed0-499_48352cd1,12,9,15,0,1
20260912_215351_529_traffic_scan_env2025_seed0-499_48352cd1,12,9,16,0,2
20260912_215351_529_traffic_scan_env2025_seed0-499_48352cd1,12,9,16,1,1
20260912_215351_529_traffic_scan_env2025_seed0-499_48352cd1,12,9,17,0,1
20260912_215351_529_traffic_scan_env2025_seed0-499_48352cd1,12,9,17,1,1
20260912_215351_529_traffic_scan_env2025_seed0-499_48352cd1,12,9,18,1,1
20260912_215351_529_traffic_scan_env2025_seed0-499_48352cd1,12,9,19,1,1
20260912_215351_529_traffic_scan_env2025_seed0-499_48352cd1,12,9,20,0,5
20260912_215351_529_traffic_scan_env2025_seed0-499_48352cd1,12,9,20,1,1
20260912_215351_529_traffic_scan_env2025_seed0-499_48352cd1,12,9,21,0,2
20260912_215351_529_traffic_scan_env2025_seed0-499_48352cd1,12,9,21,1,1
20260912_215351_529_traffic_scan_env2025_seed0-499_48352cd1,12,9,22,0,2
20260912_215351_529_traffic_scan_env2025_seed0-499_48352cd1,12,9,22,1,1
20260912_215351_529_traffic_scan_env2025_seed0-499_48352cd1,12,9,23,0,1
20260912_215351_529_traffic_scan_env2025_seed0-499_48352cd1,12,9,23,1,1
20260912_215351_529_traffic_scan_env2025_seed0-499_48352cd1,12,9,24,2,1
20260912_215351_529_traffic_scan_env2025_seed0-499_48352cd1,12,9,25,1,1
20260912_215351_529_traffic_scan_env2025_seed0-499_48352cd1,12,9,26,0,1
20260912_215351_529_traffic_scan_env2025_seed0-499_48352cd1,12,9,26,1,1
20260912_215351_529_traffic_scan_env2025_seed0-499_48352cd1,12,9,27,0,2
20260912_215351_529_traffic_scan_env2025_seed0-499_48352cd1,12,9,27,1,1
20260912_215351_529_traffic_scan_env2025_seed0-499_48352cd1,12,9,29,0,2
20260912_215351_529_traffic_scan_env2025_seed0-499_48352cd1,12,9,30,0,1
20260912_215351_529_traffic_scan_env2025_seed0-499_48352cd1,12,9,31,0,3
20260912_215351_529_traffic_scan_env2025_seed0-499_48352cd1,12,9,31,1,1
20260912_215351_529_traffic_scan_env2025_seed0-499_48352cd1,12,9,33,2,3
20260912_215351_529_traffic_scan_env2025_seed0-499_48352cd1,12,9,34,2,1
20260912_215351_529_traffic_scan_env2025_seed0-499_48352cd1,12,9,35,2,3
20260912_215351_529_traffic_scan_env2025_seed0-499_48352cd1,12,9,36,2,1
20260912_215351_529_traffic_scan_env2025_seed0-499_48352cd1,12,9,37,0,1
20260912_215351_529_traffic_scan_env2025_seed0-499_48352cd1,12,9,37,1,1
20260912_215351_529_traffic_scan_env2025_seed0-499_48352cd1,12,9,38,0,2
20260912_215351_529_traffic_scan_env2025_seed0-499_48352cd1,12,9,38,1,2
20260912_215351_529_traffic_scan_env2025_seed0-499_48352cd1,12,9,39,0,1
20260912_215351_529_traffic_scan_env2025_seed0-499_48352cd1,12,9,39,1,1
20260912_215351_529_traffic_scan_env2025_seed0-499_48352cd1,12,9,40,0,3
20260912_215351_529_traffic_scan_env2025_seed0-499_48352cd1,12,9,40,1,1
20260912_215351_529_traffic_scan_env2025_seed0-499_48352cd1,12,9,41,2,3
20260912_215351_529_traffic_scan_env2025_seed0-499_48352cd1,12,9,42,0,2
20260912_215351_529_traffic_scan_env2025_seed0-499_48352cd1,12,9,42,1,1
20260912_215351_529_traffic_scan_env2025_seed0-499_48352cd1,12,9,43,0,1
20260912_215351_529_traffic_scan_env2025_seed0-499_48352cd1,12,9,43,1,1
20260912_215351_529_traffic_scan_env2025_seed0-499_48352cd1,12,9,44,1,1
20260912_215351_529_traffic_scan_env2025_seed0-499_48352cd1,12,9,45,0,2
20260912_215351_529_traffic_scan_env2025_seed0-499_48352cd1,12,9,45,1,2
20260912_215351_529_traffic_scan_env2025_seed0-499_48352cd1,12,9,46,1,5
20260912_215351_529_traffic_scan_env2025_seed0-499_48352cd1,12,9,47,0,1
20260912_215351_529_traffic_scan_env2025_seed0-499_48352cd1,12,9,47,1,1
20260912_215351_529_traffic_scan_env2025_seed0-499_48352cd1,12,9,48,0,1
20260912_215351_529_traffic_scan_env2025_seed0-499_48352cd1,12,9,48,1,1
20260912_215351_529_traffic_scan_env2025_seed0-499_48352cd1,12,9,49,0,2
20260912_215351_529_traffic_scan_env2025_seed0-499_48352cd1,12,9,49,1,1
20260912_215351_529_traffic_scan_env2025_seed0-499_48352cd1,12,9,50,0,3
20260912_215351_529_traffic_scan_env2025_seed0-499_48352cd1,12,9,50,1,2
20260912_215351_529_traffic_scan_env2025_seed0-499_48352cd1,12,9,51,2,1
20260912_215351_529_traffic_scan_env2025_seed0-499_48352cd1,12,9,52,0,1
20260912_215351_529_traffic_scan_env2025_seed0-499_48352cd1,12,9,52,1,1
20260912_215351_529_traffic_scan_env2025_seed0-499_48352cd1,12,9,53,0,1
20260912_215351_529_traffic_scan_env2025_seed0-499_48352cd1,12,9,54,0,1
20260912_215351_529_traffic_scan_env2025_seed0-499_48352cd1,12,9,55,0,3
20260912_215351_529_traffic_scan_env2025_seed0-499_48352cd1,12,9,56,0,1
20260912_215351_529_traffic_scan_env2025_seed0-499_48352cd1,12,9,57,0,2
20260912_215351_529_traffic_scan_env2025_seed0-499_48352cd1,12,9,58,0,1
20260912_215351_529_traffic_scan_env2025_seed0-499_48352cd1,12,9,59,0,1
20260912_215351_529_traffic_scan_env2025_seed0-499_48352cd1,12,10,0,0,1
20260912_215351_529_traffic_scan_env2025_seed0-499_48352cd1,12,10,1,0,1
20260912_215351_529_traffic_scan_env2025_seed0-499_48352cd1,12,10,2,0,1
20260912_215351_529_traffic_scan_env2025_seed0-499_48352cd1,12,10,3,0,1
20260912_215351_529_traffic_scan_env2025_seed0-499_48352cd1,12,10,4,0,1
20260912_215351_529_traffic_scan_env2025_seed0-499_48352cd1,12,10,6,1,3
20260912_215351_529_traffic_scan_env2025_seed0-499_48352cd1,12,10,7,0,1
20260912_215351_529_traffic_scan_env2025_seed0-499_48352cd1,12,10,8,0,1
20260912_215351_529_traffic_scan_env2025_seed0-499_48352cd1,12,10,9,0,3
20260912_215351_529_traffic_scan_env2025_seed0-499_48352cd1,12,10,10,0,1
20260912_215351_529_traffic_scan_env2025_seed0-499_48352cd1,12,10,11,0,1
20260912_215351_529_traffic_scan_env2025_seed0-499_48352cd1,12,10,12,0,2
20260912_215351_529_traffic_scan_env2025_seed0-499_48352cd1,12,10,13,0,2
20260912_215351_529_traffic_scan_env2025_seed0-499_48352cd1,12,10,13,1,2
20260912_215351_529_traffic_scan_env2025_seed0-499_48352cd1,12,10,14,0,1
20260912_215351_529_traffic_scan_env2025_seed0-499_48352cd1,12,10,15,0,1
20260912_215351_529_traffic_scan_env2025_seed0-499_48352cd1,12,10,16,0,1
20260912_215351_529_traffic_scan_env2025_seed0-499_48352cd1,12,10,16,1,1
20260912_215351_529_traffic_scan_env2025_seed0-499_48352cd1,12,10,17,0,2
20260912_215351_529_traffic_scan_env2025_seed0-499_48352cd1,12,10,18,0,1
20260912_215351_529_traffic_scan_env2025_seed0-499_48352cd1,12,10,19,0,1
20260912_215351_529_traffic_scan_env2025_seed0-499_48352cd1,12,10,20,0,4
20260912_215351_529_traffic_scan_env2025_seed0-499_48352cd1,12,10,23,0,1
20260912_215351_529_traffic_scan_env2025_seed0-499_48352cd1,12,10,26,0,1
20260912_215351_529_traffic_scan_env2025_seed0-499_48352cd1,12,10,28,0,2
20260912_215351_529_traffic_scan_env2025_seed0-499_48352cd1,12,10,28,1,1
20260912_215351_529_traffic_scan_env2025_seed0-499_48352cd1,12,10,29,0,1
20260912_215351_529_traffic_scan_env2025_seed0-499_48352cd1,12,10,29,1,1
20260912_215351_529_traffic_scan_env2025_seed0-499_48352cd1,12,10,30,1,1
20260912_215351_529_traffic_scan_env2025_seed0-499_48352cd1,12,10,31,0,1
20260912_215351_529_traffic_scan_env2025_seed0-499_48352cd1,12,10,31,1,1
20260912_215351_529_traffic_scan_env2025_seed0-499_48352cd1,12,10,32,0,1
20260912_215351_529_traffic_scan_env2025_seed0-499_48352cd1,12,10,32,1,2
20260912_215351_529_traffic_scan_env2025_seed0-499_48352cd1,12,10,33,0,1
20260912_215351_529_traffic_scan_env2025_seed0-499_48352cd1,12,10,33,1,3
20260912_215351_529_traffic_scan_env2025_seed0-499_48352cd1,12,10,34,1,2
20260912_215351_529_traffic_scan_env2025_seed0-499_48352cd1,12,10,37,0,1
20260912_215351_529_traffic_scan_env2025_seed0-499_48352cd1,12,10,37,1,1
20260912_215351_529_traffic_scan_env2025_seed0-499_48352cd1,12,10,39,0,1
20260912_215351_529_traffic_scan_env2025_seed0-499_48352cd1,12,10,40,0,3
20260912_215351_529_traffic_scan_env2025_seed0-499_48352cd1,12,10,40,1,1
20260912_215351_529_traffic_scan_env2025_seed0-499_48352cd1,12,10,41,0,2
20260912_215351_529_traffic_scan_env2025_seed0-499_48352cd1,12,10,42,1,1
20260912_215351_529_traffic_scan_env2025_seed0-499_48352cd1,12,10,43,0,1
20260912_215351_529_traffic_scan_env2025_seed0-499_48352cd1,12,10,44,0,2
20260912_215351_529_traffic_scan_env2025_seed0-499_48352cd1,12,10,45,1,1
20260912_215351_529_traffic_scan_env2025_seed0-499_48352cd1,12,10,46,0,2
20260912_215351_529_traffic_scan_env2025_seed0-499_48352cd1,12,10,46,1,1
20260912_215351_529_traffic_scan_env2025_seed0-499_48352cd1,12,10,48,0,1
20260912_215351_529_traffic_scan_env2025_seed0-499_48352cd1,12,10,50,0,1
20260912_215351_529_traffic_scan_env2025_seed0-499_48352cd1,12,10,51,0,3
20260912_215351_529_traffic_scan_env2025_seed0-499_48352cd1,12,10,51,1,1
20260912_215351_529_traffic_scan_env2025_seed0-499_48352cd1,12,10,52,0,2
20260912_215351_529_traffic_scan_env2025_seed0-499_48352cd1,12,10,55,0,2
20260912_215351_529_traffic_scan_env2025_seed0-499_48352cd1,12,10,57,1,1
20260912_215351_529_traffic_scan_env2025_seed0-499_48352cd1,12,10,58,0,1
20260912_215351_529_traffic_scan_env2025_seed0-499_48352cd1,12,11,5,1,2
20260912_215351_529_traffic_scan_env2025_seed0-499_48352cd1,12,11,6,1,1
20260912_215351_529_traffic_scan_env2025_seed0-499_48352cd1,12,11,7,0,1
20260912_215351_529_traffic_scan_env2025_seed0-499_48352cd1,12,11,8,1,1
20260912_215351_529_traffic_scan_env2025_seed0-499_48352cd1,12,11,9,0,1
20260912_215351_529_traffic_scan_env2025_seed0-499_48352cd1,12,11,9,1,1
20260912_215351_529_traffic_scan_env2025_seed0-499_48352cd1,12,11,10,1,2
20260912_215351_529_traffic_scan_env2025_seed0-499_48352cd1,12,11,11,1,1
20260912_215351_529_traffic_scan_env2025_seed0-499_48352cd1,12,11,12,0,1
20260912_215351_529_traffic_scan_env2025_seed0-499_48352cd1,12,11,12,1,1
20260912_215351_529_traffic_scan_env2025_seed0-499_48352cd1,12,11,13,1,2
20260912_215351_529_traffic_scan_env2025_seed0-499_48352cd1,12,11,14,0,1
20260912_215351_529_traffic_scan_env2025_seed0-499_48352cd1,12,11,14,1,2
20260912_215351_529_traffic_scan_env2025_seed0-499_48352cd1,12,11,16,1,1
20260912_215351_529_traffic_scan_env2025_seed0-499_48352cd1,12,11,18,0,2
20260912_215351_529_traffic_scan_env2025_seed0-499_48352cd1,12,11,21,0,3
20260912_215351_529_traffic_scan_env2025_seed0-499_48352cd1,12,11,21,1,1
20260912_215351_529_traffic_scan_env2025_seed0-499_48352cd1,12,11,22,0,1
20260912_215351_529_traffic_scan_env2025_seed0-499_48352cd1,12,11,24,0,1
20260912_215351_529_traffic_scan_env2025_seed0-499_48352cd1,12,11,26,0,1
20260912_215351_529_traffic_scan_env2025_seed0-499_48352cd1,12,11,28,0,1
20260912_215351_529_traffic_scan_env2025_seed0-499_48352cd1,12,11,29,0,2
20260912_215351_529_traffic_scan_env2025_seed0-499_48352cd1,12,11,31,0,1
20260912_215351_529_traffic_scan_env2025_seed0-499_48352cd1,12,11,32,0,2
20260912_215351_529_traffic_scan_env2025_seed0-499_48352cd1,12,11,32,1,1
20260912_215351_529_traffic_scan_env2025_seed0-499_48352cd1,12,11,33,2,2
20260912_215351_529_traffic_scan_env2025_seed0-499_48352cd1,12,11,34,2,1
20260912_215351_529_traffic_scan_env2025_seed0-499_48352cd1,12,11,36,0,1
20260912_215351_529_traffic_scan_env2025_seed0-499_48352cd1,12,11,36,1,1
20260912_215351_529_traffic_scan_env2025_seed0-499_48352cd1,12,11,38,0,1
20260912_215351_529_traffic_scan_env2025_seed0-499_48352cd1,12,11,39,0,4
20260912_215351_529_traffic_scan_env2025_seed0-499_48352cd1,12,11,39,1,1
20260912_215351_529_traffic_scan_env2025_seed0-499_48352cd1,12,11,43,0,2
20260912_215351_529_traffic_scan_env2025_seed0-499_48352cd1,12,11,43,1,1
20260912_215351_529_traffic_scan_env2025_seed0-499_48352cd1,12,11,45,0,1
20260912_215351_529_traffic_scan_env2025_seed0-499_48352cd1,12,11,45,1,1
20260912_215351_529_traffic_scan_env2025_seed0-499_48352cd1,12,11,46,0,2
20260912_215351_529_traffic_scan_env2025_seed0-499_48352cd1,12,11,46,1,1
20260912_215351_529_traffic_scan_env2025_seed0-499_48352cd1,12,11,47,0,1
20260912_215351_529_traffic_scan_env2025_seed0-499_48352cd1,12,11,50,0,4
20260912_215351_529_traffic_scan_env2025_seed0-499_48352cd1,12,11,51,1,1
20260912_215351_529_traffic_scan_env2025_seed0-499_48352cd1,12,11,53,0,1
20260912_215351_529_traffic_scan_env2025_seed0-499_48352cd1,12,11,55,0,1
20260912_215351_529_traffic_scan_env2025_seed0-499_48352cd1,12,11,55,1,1
20260912_215351_529_traffic_scan_env2025_seed0-499_48352cd1,12,11,57,0,1
20260912_215351_529_traffic_scan_env2025_seed0-499_48352cd1,12,11,57,1,1
20260912_215351_529_traffic_scan_env2025_seed0-499_48352cd1,12,12,4,1,1
20260912_215351_529_traffic_scan_env2025_seed0-499_48352cd1,12,12,6,0,1
20260912_215351_529_traffic_scan_env2025_seed0-499_48352cd1,12,12,8,0,1
20260912_215351_529_traffic_scan_env2025_seed0-499_48352cd1,12,12,9,0,1
20260912_215351_529_traffic_scan_env2025_seed0-499_48352cd1,12,12,10,0,1
20260912_215351_529_traffic_scan_env2025_seed0-499_48352cd1,12,12,10,1,1
20260912_215351_529_traffic_scan_env2025_seed0-499_48352cd1,12,12,12,0,1
20260912_215351_529_traffic_scan_env2025_seed0-499_48352cd1,12,12,13,1,1
20260912_215351_529_traffic_scan_env2025_seed0-499_48352cd1,12,12,15,0,1
20260912_215351_529_traffic_scan_env2025_seed0-499_48352cd1,12,12,15,1,2
20260912_215351_529_traffic_scan_env2025_seed0-499_48352cd1,12,12,16,1,1
20260912_215351_529_traffic_scan_env2025_seed0-499_48352cd1,12,12,18,0,2
20260912_215351_529_traffic_scan_env2025_seed0-499_48352cd1,12,12,21,1,1
20260912_215351_529_traffic_scan_env2025_seed0-499_48352cd1,12,12,22,0,2
20260912_215351_529_traffic_scan_env2025_seed0-499_48352cd1,12,12,23,0,1
20260912_215351_529_traffic_scan_env2025_seed0-499_48352cd1,12,12,24,0,1
20260912_215351_529_traffic_scan_env2025_seed0-499_48352cd1,12,12,27,0,2
20260912_215351_529_traffic_scan_env2025_seed0-499_48352cd1,12,12,29,0,1
20260912_215351_529_traffic_scan_env2025_seed0-499_48352cd1,12,12,30,0,1
20260912_215351_529_traffic_scan_env2025_seed0-499_48352cd1,12,12,32,0,3
20260912_215351_529_traffic_scan_env2025_seed0-499_48352cd1,12,12,32,1,2
20260912_215351_529_traffic_scan_env2025_seed0-499_48352cd1,12,12,33,2,1
20260912_215351_529_traffic_scan_env2025_seed0-499_48352cd1,12,12,35,0,3
20260912_215351_529_traffic_scan_env2025_seed0-499_48352cd1,12,12,35,1,2
20260912_215351_529_traffic_scan_env2025_seed0-499_48352cd1,12,12,36,0,2
20260912_215351_529_traffic_scan_env2025_seed0-499_48352cd1,12,12,37,0,2
20260912_215351_529_traffic_scan_env2025_seed0-499_48352cd1,12,12,38,0,2
20260912_215351_529_traffic_scan_env2025_seed0-499_48352cd1,12,12,38,1,1
20260912_215351_529_traffic_scan_env2025_seed0-499_48352cd1,12,12,40,0,1
20260912_215351_529_traffic_scan_env2025_seed0-499_48352cd1,12,12,40,1,1
20260912_215351_529_traffic_scan_env2025_seed0-499_48352cd1,12,12,42,0,1
20260912_215351_529_traffic_scan_env2025_seed0-499_48352cd1,12,12,43,0,1
20260912_215351_529_traffic_scan_env2025_seed0-499_48352cd1,12,12,44,1,1
20260912_215351_529_traffic_scan_env2025_seed0-499_48352cd1,12,12,45,1,1
20260912_215351_529_traffic_scan_env2025_seed0-499_48352cd1,12,12,46,0,3
20260912_215351_529_traffic_scan_env2025_seed0-499_48352cd1,12,12,46,1,2
20260912_215351_529_traffic_scan_env2025_seed0-499_48352cd1,12,12,49,1,3
20260912_215351_529_traffic_scan_env2025_seed0-499_48352cd1,12,12,50,0,1
20260912_215351_529_traffic_scan_env2025_seed0-499_48352cd1,12,12,51,0,2
20260912_215351_529_traffic_scan_env2025_seed0-499_48352cd1,12,12,52,0,2
20260912_215351_529_traffic_scan_env2025_seed0-499_48352cd1,12,12,52,1,1
20260912_215351_529_traffic_scan_env2025_seed0-499_48352cd1,12,12,53,0,2
20260912_215351_529_traffic_scan_env2025_seed0-499_48352cd1,12,12,54,0,2
20260912_215351_529_traffic_scan_env2025_seed0-499_48352cd1,12,12,55,0,2
20260912_215351_529_traffic_scan_env2025_seed0-499_48352cd1,12,12,55,1,1
20260912_215351_529_traffic_scan_env2025_seed0-499_48352cd1,12,12,56,0,2
20260912_215351_529_traffic_scan_env2025_seed0-499_48352cd1,12,12,57,0,1
20260912_215351_529_traffic_scan_env2025_seed0-499_48352cd1,12,12,57,1,1
20260912_215351_529_traffic_scan_env2025_seed0-499_48352cd1,12,12,58,0,1
20260912_215351_529_traffic_scan_env2025_seed0-499_48352cd1,12,12,59,0,1
20260912_215351_529_traffic_scan_env2025_seed0-499_48352cd1,12,13,3,1,1
20260912_215351_529_traffic_scan_env2025_seed0-499_48352cd1,12,13,5,0,2
20260912_215351_529_traffic_scan_env2025_seed0-499_48352cd1,12,13,6,0,3
20260912_215351_529_traffic_scan_env2025_seed0-499_48352cd1,12,13,9,0,2
20260912_215351_529_traffic_scan_env2025_seed0-499_48352cd1,12,13,10,0,1
20260912_215351_529_traffic_scan_env2025_seed0-499_48352cd1,12,13,10,1,1
20260912_215351_529_traffic_scan_env2025_seed0-499_48352cd1,12,13,12,0,1
20260912_215351_529_traffic_scan_env2025_seed0-499_48352cd1,12,13,13,1,1
20260912_215351_529_traffic_scan_env2025_seed0-499_48352cd1,12,13,16,0,1
20260912_215351_529_traffic_scan_env2025_seed0-499_48352cd1,12,13,16,1,3
20260912_215351_529_traffic_scan_env2025_seed0-499_48352cd1,12,13,19,0,2
20260912_215351_529_traffic_scan_env2025_seed0-499_48352cd1,12,13,21,1,1
20260912_215351_529_traffic_scan_env2025_seed0-499_48352cd1,12,13,23,0,3
20260912_215351_529_traffic_scan_env2025_seed0-499_48352cd1,12,13,24,0,1
20260912_215351_529_traffic_scan_env2025_seed0-499_48352cd1,12,13,25,0,1
20260912_215351_529_traffic_scan_env2025_seed0-499_48352cd1,12,13,26,0,2
20260912_215351_529_traffic_scan_env2025_seed0-499_48352cd1,12,13,29,0,1
20260912_215351_529_traffic_scan_env2025_seed0-499_48352cd1,12,13,31,0,2
20260912_215351_529_traffic_scan_env2025_seed0-499_48352cd1,12,13,31,1,1
20260912_215351_529_traffic_scan_env2025_seed0-499_48352cd1,12,13,32,0,1
20260912_215351_529_traffic_scan_env2025_seed0-499_48352cd1,12,13,32,1,1
20260912_215351_529_traffic_scan_env2025_seed0-499_48352cd1,12,13,33,0,1
20260912_215351_529_traffic_scan_env2025_seed0-499_48352cd1,12,13,33,1,1
20260912_215351_529_traffic_scan_env2025_seed0-499_48352cd1,12,13,34,0,3
20260912_215351_529_traffic_scan_env2025_seed0-499_48352cd1,12,13,34,1,1
20260912_215351_529_traffic_scan_env2025_seed0-499_48352cd1,12,13,36,2,1
20260912_215351_529_traffic_scan_env2025_seed0-499_48352cd1,12,13,38,2,1
20260912_215351_529_traffic_scan_env2025_seed0-499_48352cd1,12,13,39,0,1
20260912_215351_529_traffic_scan_env2025_seed0-499_48352cd1,12,13,40,0,1
20260912_215351_529_traffic_scan_env2025_seed0-499_48352cd1,12,13,40,1,1
20260912_215351_529_traffic_scan_env2025_seed0-499_48352cd1,12,13,41,0,1
20260912_215351_529_traffic_scan_env2025_seed0-499_48352cd1,12,13,43,0,2
20260912_215351_529_traffic_scan_env2025_seed0-499_48352cd1,12,13,45,0,2
20260912_215351_529_traffic_scan_env2025_seed0-499_48352cd1,12,13,45,1,3
20260912_215351_529_traffic_scan_env2025_seed0-499_48352cd1,12,13,46,0,1
20260912_215351_529_traffic_scan_env2025_seed0-499_48352cd1,12,13,46,1,3
20260912_215351_529_traffic_scan_env2025_seed0-499_48352cd1,12,13,47,2,1
20260912_215351_529_traffic_scan_env2025_seed0-499_48352cd1,12,13,48,0,2
20260912_215351_529_traffic_scan_env2025_seed0-499_48352cd1,12,13,48,1,2
20260912_215351_529_traffic_scan_env2025_seed0-499_48352cd1,12,13,49,1,1
20260912_215351_529_traffic_scan_env2025_seed0-499_48352cd1,12,13,50,0,2
20260912_215351_529_traffic_scan_env2025_seed0-499_48352cd1,12,13,50,1,1
20260912_215351_529_traffic_scan_env2025_seed0-499_48352cd1,12,13,52,0,1
20260912_215351_529_traffic_scan_env2025_seed0-499_48352cd1,12,13,53,1,1
20260912_215351_529_traffic_scan_env2025_seed0-499_48352cd1,12,13,55,0,3
20260912_215351_529_traffic_scan_env2025_seed0-499_48352cd1,12,13,55,1,1
20260912_215351_529_traffic_scan_env2025_seed0-499_48352cd1,12,13,57,1,1
20260912_215351_529_traffic_scan_env2025_seed0-499_48352cd1,12,14,2,0,1
20260912_215351_529_traffic_scan_env2025_seed0-499_48352cd1,12,14,2,1,1
20260912_215351_529_traffic_scan_env2025_seed0-499_48352cd1,12,14,3,0,1
20260912_215351_529_traffic_scan_env2025_seed0-499_48352cd1,12,14,4,0,1
20260912_215351_529_traffic_scan_env2025_seed0-499_48352cd1,12,14,7,0,2
20260912_215351_529_traffic_scan_env2025_seed0-499_48352cd1,12,14,7,1,1
20260912_215351_529_traffic_scan_env2025_seed0-499_48352cd1,12,14,8,0,2
20260912_215351_529_traffic_scan_env2025_seed0-499_48352cd1,12,14,9,0,3
20260912_215351_529_traffic_scan_env2025_seed0-499_48352cd1,12,14,10,0,3
20260912_215351_529_traffic_scan_env2025_seed0-499_48352cd1,12,14,10,1,1
20260912_215351_529_traffic_scan_env2025_seed0-499_48352cd1,12,14,11,0,1
20260912_215351_529_traffic_scan_env2025_seed0-499_48352cd1,12,14,12,0,3
20260912_215351_529_traffic_scan_env2025_seed0-499_48352cd1,12,14,13,1,1
20260912_215351_529_traffic_scan_env2025_seed0-499_48352cd1,12,14,16,1,1
20260912_215351_529_traffic_scan_env2025_seed0-499_48352cd1,12,14,17,0,1
20260912_215351_529_traffic_scan_env2025_seed0-499_48352cd1,12,14,17,1,2
20260912_215351_529_traffic_scan_env2025_seed0-499_48352cd1,12,14,18,2,2
20260912_215351_529_traffic_scan_env2025_seed0-499_48352cd1,12,14,19,0,1
20260912_215351_529_traffic_scan_env2025_seed0-499_48352cd1,12,14,20,0,2
20260912_215351_529_traffic_scan_env2025_seed0-499_48352cd1,12,14,21,1,1
20260912_215351_529_traffic_scan_env2025_seed0-499_48352cd1,12,14,24,0,3
20260912_215351_529_traffic_scan_env2025_seed0-499_48352cd1,12,14,25,0,1
20260912_215351_529_traffic_scan_env2025_seed0-499_48352cd1,12,14,26,0,2
20260912_215351_529_traffic_scan_env2025_seed0-499_48352cd1,12,14,26,1,1
20260912_215351_529_traffic_scan_env2025_seed0-499_48352cd1,12,14,29,0,1
20260912_215351_529_traffic_scan_env2025_seed0-499_48352cd1,12,14,30,0,1
20260912_215351_529_traffic_scan_env2025_seed0-499_48352cd1,12,14,30,1,1
20260912_215351_529_traffic_scan_env2025_seed0-499_48352cd1,12,14,32,0,2
20260912_215351_529_traffic_scan_env2025_seed0-499_48352cd1,12,14,32,1,1
20260912_215351_529_traffic_scan_env2025_seed0-499_48352cd1,12,14,33,0,4
20260912_215351_529_traffic_scan_env2025_seed0-499_48352cd1,12,14,33,1,2
20260912_215351_529_traffic_scan_env2025_seed0-499_48352cd1,12,14,37,1,2
20260912_215351_529_traffic_scan_env2025_seed0-499_48352cd1,12,14,38,0,2
20260912_215351_529_traffic_scan_env2025_seed0-499_48352cd1,12,14,39,0,1
20260912_215351_529_traffic_scan_env2025_seed0-499_48352cd1,12,14,40,0,1
20260912_215351_529_traffic_scan_env2025_seed0-499_48352cd1,12,14,40,1,1
20260912_215351_529_traffic_scan_env2025_seed0-499_48352cd1,12,14,42,0,1
20260912_215351_529_traffic_scan_env2025_seed0-499_48352cd1,12,14,43,0,1
20260912_215351_529_traffic_scan_env2025_seed0-499_48352cd1,12,14,44,0,2
20260912_215351_529_traffic_scan_env2025_seed0-499_48352cd1,12,14,44,1,1
20260912_215351_529_traffic_scan_env2025_seed0-499_48352cd1,12,14,45,1,1
20260912_215351_529_traffic_scan_env2025_seed0-499_48352cd1,12,14,46,0,1
20260912_215351_529_traffic_scan_env2025_seed0-499_48352cd1,12,14,46,1,3
20260912_215351_529_traffic_scan_env2025_seed0-499_48352cd1,12,14,47,0,3
20260912_215351_529_traffic_scan_env2025_seed0-499_48352cd1,12,14,47,1,1
20260912_215351_529_traffic_scan_env2025_seed0-499_48352cd1,12,14,49,0,1
20260912_215351_529_traffic_scan_env2025_seed0-499_48352cd1,12,14,51,0,1
20260912_215351_529_traffic_scan_env2025_seed0-499_48352cd1,12,14,51,1,1
20260912_215351_529_traffic_scan_env2025_seed0-499_48352cd1,12,14,54,0,1
20260912_215351_529_traffic_scan_env2025_seed0-499_48352cd1,12,14,54,1,1
20260912_215351_529_traffic_scan_env2025_seed0-499_48352cd1,12,14,55,0,1
20260912_215351_529_traffic_scan_env2025_seed0-499_48352cd1,12,14,55,1,1
20260912_215351_529_traffic_scan_env2025_seed0-499_48352cd1,12,14,56,0,1
20260912_215351_529_traffic_scan_env2025_seed0-499_48352cd1,12,14,57,1,1
20260912_215351_529_traffic_scan_env2025_seed0-499_48352cd1,12,15,2,1,1
20260912_215351_529_traffic_scan_env2025_seed0-499_48352cd1,12,15,3,0,1
20260912_215351_529_traffic_scan_env2025_seed0-499_48352cd1,12,15,7,0,2
20260912_215351_529_traffic_scan_env2025_seed0-499_48352cd1,12,15,7,1,1
20260912_215351_529_traffic_scan_env2025_seed0-499_48352cd1,12,15,10,0,3
20260912_215351_529_traffic_scan_env2025_seed0-499_48352cd1,12,15,10,1,1
20260912_215351_529_traffic_scan_env2025_seed0-499_48352cd1,12,15,11,0,3
20260912_215351_529_traffic_scan_env2025_seed0-499_48352cd1,12,15,13,0,1
20260912_215351_529_traffic_scan_env2025_seed0-499_48352cd1,12,15,13,1,2
20260912_215351_529_traffic_scan_env2025_seed0-499_48352cd1,12,15,16,0,1
20260912_215351_529_traffic_scan_env2025_seed0-499_48352cd1,12,15,16,1,2
20260912_215351_529_traffic_scan_env2025_seed0-499_48352cd1,12,15,17,0,1
20260912_215351_529_traffic_scan_env2025_seed0-499_48352cd1,12,15,17,1,1
20260912_215351_529_traffic_scan_env2025_seed0-499_48352cd1,12,15,18,0,3
20260912_215351_529_traffic_scan_env2025_seed0-499_48352cd1,12,15,18,1,1
20260912_215351_529_traffic_scan_env2025_seed0-499_48352cd1,12,15,19,2,3
20260912_215351_529_traffic_scan_env2025_seed0-499_48352cd1,12,15,21,0,2
20260912_215351_529_traffic_scan_env2025_seed0-499_48352cd1,12,15,21,1,1
20260912_215351_529_traffic_scan_env2025_seed0-499_48352cd1,12,15,25,0,3
20260912_215351_529_traffic_scan_env2025_seed0-499_48352cd1,12,15,26,1,2
20260912_215351_529_traffic_scan_env2025_seed0-499_48352cd1,12,15,27,0,2
20260912_215351_529_traffic_scan_env2025_seed0-499_48352cd1,12,15,29,0,2
20260912_215351_529_traffic_scan_env2025_seed0-499_48352cd1,12,15,29,1,1
20260912_215351_529_traffic_scan_env2025_seed0-499_48352cd1,12,15,32,0,4
20260912_215351_529_traffic_scan_env2025_seed0-499_48352cd1,12,15,32,1,2
20260912_215351_529_traffic_scan_env2025_seed0-499_48352cd1,12,15,33,0,2
20260912_215351_529_traffic_scan_env2025_seed0-499_48352cd1,12,15,33,1,1
20260912_215351_529_traffic_scan_env2025_seed0-499_48352cd1,12,15,36,1,1
20260912_215351_529_traffic_scan_env2025_seed0-499_48352cd1,12,15,37,0,1
20260912_215351_529_traffic_scan_env2025_seed0-499_48352cd1,12,15,38,0,1
20260912_215351_529_traffic_scan_env2025_seed0-499_48352cd1,12,15,39,0,2
20260912_215351_529_traffic_scan_env2025_seed0-499_48352cd1,12,15,40,2,1
20260912_215351_529_traffic_scan_env2025_seed0-499_48352cd1,12,15,41,0,2
20260912_215351_529_traffic_scan_env2025_seed0-499_48352cd1,12,15,42,0,1
20260912_215351_529_traffic_scan_env2025_seed0-499_48352cd1,12,15,43,0,3
20260912_215351_529_traffic_scan_env2025_seed0-499_48352cd1,12,15,43,1,1
20260912_215351_529_traffic_scan_env2025_seed0-499_48352cd1,12,15,45,1,2
20260912_215351_529_traffic_scan_env2025_seed0-499_48352cd1,12,15,46,1,4
20260912_215351_529_traffic_scan_env2025_seed0-499_48352cd1,12,15,47,1,1
20260912_215351_529_traffic_scan_env2025_seed0-499_48352cd1,12,15,48,0,2
20260912_215351_529_traffic_scan_env2025_seed0-499_48352cd1,12,15,50,0,1
20260912_215351_529_traffic_scan_env2025_seed0-499_48352cd1,12,15,51,1,1
20260912_215351_529_traffic_scan_env2025_seed0-499_48352cd1,12,15,53,0,1
20260912_215351_529_traffic_scan_env2025_seed0-499_48352cd1,12,15,54,0,2
20260912_215351_529_traffic_scan_env2025_seed0-499_48352cd1,12,15,55,0,2
20260912_215351_529_traffic_scan_env2025_seed0-499_48352cd1,12,15,55,1,2
20260912_215351_529_traffic_scan_env2025_seed0-499_48352cd1,12,15,57,1,1
20260912_215351_529_traffic_scan_env2025_seed0-499_48352cd1,12,16,2,1,1
20260912_215351_529_traffic_scan_env2025_seed0-499_48352cd1,12,16,4,0,2
20260912_215351_529_traffic_scan_env2025_seed0-499_48352cd1,12,16,7,0,1
20260912_215351_529_traffic_scan_env2025_seed0-499_48352cd1,12,16,7,1,1
20260912_215351_529_traffic_scan_env2025_seed0-499_48352cd1,12,16,10,0,1
20260912_215351_529_traffic_scan_env2025_seed0-499_48352cd1,12,16,11,0,2
20260912_215351_529_traffic_scan_env2025_seed0-499_48352cd1,12,16,11,1,1
20260912_215351_529_traffic_scan_env2025_seed0-499_48352cd1,12,16,12,0,2
20260912_215351_529_traffic_scan_env2025_seed0-499_48352cd1,12,16,14,0,1
20260912_215351_529_traffic_scan_env2025_seed0-499_48352cd1,12,16,14,1,2
20260912_215351_529_traffic_scan_env2025_seed0-499_48352cd1,12,16,15,0,1
20260912_215351_529_traffic_scan_env2025_seed0-499_48352cd1,12,16,15,1,1
20260912_215351_529_traffic_scan_env2025_seed0-499_48352cd1,12,16,16,1,1
20260912_215351_529_traffic_scan_env2025_seed0-499_48352cd1,12,16,19,0,3
20260912_215351_529_traffic_scan_env2025_seed0-499_48352cd1,12,16,20,1,3
20260912_215351_529_traffic_scan_env2025_seed0-499_48352cd1,12,16,21,1,1
20260912_215351_529_traffic_scan_env2025_seed0-499_48352cd1,12,16,22,0,2
20260912_215351_529_traffic_scan_env2025_seed0-499_48352cd1,12,16,23,0,1
20260912_215351_529_traffic_scan_env2025_seed0-499_48352cd1,12,16,24,0,1
20260912_215351_529_traffic_scan_env2025_seed0-499_48352cd1,12,16,25,1,1
20260912_215351_529_traffic_scan_env2025_seed0-499_48352cd1,12,16,26,1,4
20260912_215351_529_traffic_scan_env2025_seed0-499_48352cd1,12,16,27,1,1
20260912_215351_529_traffic_scan_env2025_seed0-499_48352cd1,12,16,28,0,3
20260912_215351_529_traffic_scan_env2025_seed0-499_48352cd1,12,16,28,1,1
20260912_215351_529_traffic_scan_env2025_seed0-499_48352cd1,12,16,29,0,1
20260912_215351_529_traffic_scan_env2025_seed0-499_48352cd1,12,16,31,0,3
20260912_215351_529_traffic_scan_env2025_seed0-499_48352cd1,12,16,31,1,1
20260912_215351_529_traffic_scan_env2025_seed0-499_48352cd1,12,16,32,0,1
20260912_215351_529_traffic_scan_env2025_seed0-499_48352cd1,12,16,32,1,1
20260912_215351_529_traffic_scan_env2025_seed0-499_48352cd1,12,16,33,0,1
20260912_215351_529_traffic_scan_env2025_seed0-499_48352cd1,12,16,33,1,1
20260912_215351_529_traffic_scan_env2025_seed0-499_48352cd1,12,16,34,0,1
20260912_215351_529_traffic_scan_env2025_seed0-499_48352cd1,12,16,35,1,1
20260912_215351_529_traffic_scan_env2025_seed0-499_48352cd1,12,16,36,0,1
20260912_215351_529_traffic_scan_env2025_seed0-499_48352cd1,12,16,37,0,2
20260912_215351_529_traffic_scan_env2025_seed0-499_48352cd1,12,16,38,0,1
20260912_215351_529_traffic_scan_env2025_seed0-499_48352cd1,12,16,40,0,2
20260912_215351_529_traffic_scan_env2025_seed0-499_48352cd1,12,16,40,1,1
20260912_215351_529_traffic_scan_env2025_seed0-499_48352cd1,12,16,41,0,2
20260912_215351_529_traffic_scan_env2025_seed0-499_48352cd1,12,16,42,0,3
20260912_215351_529_traffic_scan_env2025_seed0-499_48352cd1,12,16,42,1,1
20260912_215351_529_traffic_scan_env2025_seed0-499_48352cd1,12,16,43,0,1
20260912_215351_529_traffic_scan_env2025_seed0-499_48352cd1,12,16,44,2,1
20260912_215351_529_traffic_scan_env2025_seed0-499_48352cd1,12,16,45,2,4
20260912_215351_529_traffic_scan_env2025_seed0-499_48352cd1,12,16,46,1,1
20260912_215351_529_traffic_scan_env2025_seed0-499_48352cd1,12,16,47,0,1
20260912_215351_529_traffic_scan_env2025_seed0-499_48352cd1,12,16,48,0,1
20260912_215351_529_traffic_scan_env2025_seed0-499_48352cd1,12,16,48,1,1
20260912_215351_529_traffic_scan_env2025_seed0-499_48352cd1,12,16,49,0,1
20260912_215351_529_traffic_scan_env2025_seed0-499_48352cd1,12,16,49,1,1
20260912_215351_529_traffic_scan_env2025_seed0-499_48352cd1,12,16,51,2,1
20260912_215351_529_traffic_scan_env2025_seed0-499_48352cd1,12,16,52,1,1
20260912_215351_529_traffic_scan_env2025_seed0-499_48352cd1,12,16,53,1,3
20260912_215351_529_traffic_scan_env2025_seed0-499_48352cd1,12,16,54,0,1
20260912_215351_529_traffic_scan_env2025_seed0-499_48352cd1,12,16,55,1,1
20260912_215351_529_traffic_scan_env2025_seed0-499_48352cd1,12,16,56,1,2
20260912_215351_529_traffic_scan_env2025_seed0-499_48352cd1,12,17,2,1,1
20260912_215351_529_traffic_scan_env2025_seed0-499_48352cd1,12,17,4,0,2
20260912_215351_529_traffic_scan_env2025_seed0-499_48352cd1,12,17,7,0,2
20260912_215351_529_traffic_scan_env2025_seed0-499_48352cd1,12,17,7,1,1
20260912_215351_529_traffic_scan_env2025_seed0-499_48352cd1,12,17,10,0,1
20260912_215351_529_traffic_scan_env2025_seed0-499_48352cd1,12,17,11,1,1
20260912_215351_529_traffic_scan_env2025_seed0-499_48352cd1,12,17,12,0,2
20260912_215351_529_traffic_scan_env2025_seed0-499_48352cd1,12,17,12,1,1
20260912_215351_529_traffic_scan_env2025_seed0-499_48352cd1,12,17,13,0,2
20260912_215351_529_traffic_scan_env2025_seed0-499_48352cd1,12,17,15,1,1
20260912_215351_529_traffic_scan_env2025_seed0-499_48352cd1,12,17,16,1,1
20260912_215351_529_traffic_scan_env2025_seed0-499_48352cd1,12,17,20,0,3
20260912_215351_529_traffic_scan_env2025_seed0-499_48352cd1,12,17,21,1,4
20260912_215351_529_traffic_scan_env2025_seed0-499_48352cd1,12,17,22,1,1
20260912_215351_529_traffic_scan_env2025_seed0-499_48352cd1,12,17,26,1,2
20260912_215351_529_traffic_scan_env2025_seed0-499_48352cd1,12,17,27,0,1
20260912_215351_529_traffic_scan_env2025_seed0-499_48352cd1,12,17,27,1,4
20260912_215351_529_traffic_scan_env2025_seed0-499_48352cd1,12,17,28,1,2
20260912_215351_529_traffic_scan_env2025_seed0-499_48352cd1,12,17,29,0,3
20260912_215351_529_traffic_scan_env2025_seed0-499_48352cd1,12,17,30,0,3
20260912_215351_529_traffic_scan_env2025_seed0-499_48352cd1,12,17,30,1,1
20260912_215351_529_traffic_scan_env2025_seed0-499_48352cd1,12,17,32,0,1
20260912_215351_529_traffic_scan_env2025_seed0-499_48352cd1,12,17,32,1,1
20260912_215351_529_traffic_scan_env2025_seed0-499_48352cd1,12,17,33,0,1
20260912_215351_529_traffic_scan_env2025_seed0-499_48352cd1,12,17,33,1,1
20260912_215351_529_traffic_scan_env2025_seed0-499_48352cd1,12,17,35,0,2
20260912_215351_529_traffic_scan_env2025_seed0-499_48352cd1,12,17,35,1,1
20260912_215351_529_traffic_scan_env2025_seed0-499_48352cd1,12,17,36,0,2
20260912_215351_529_traffic_scan_env2025_seed0-499_48352cd1,12,17,39,1,1
20260912_215351_529_traffic_scan_env2025_seed0-499_48352cd1,12,17,40,1,1
20260912_215351_529_traffic_scan_env2025_seed0-499_48352cd1,12,17,41,0,2
20260912_215351_529_traffic_scan_env2025_seed0-499_48352cd1,12,17,41,1,2
20260912_215351_529_traffic_scan_env2025_seed0-499_48352cd1,12,17,42,0,2
20260912_215351_529_traffic_scan_env2025_seed0-499_48352cd1,12,17,43,1,2
20260912_215351_529_traffic_scan_env2025_seed0-499_48352cd1,12,17,44,2,3
20260912_215351_529_traffic_scan_env2025_seed0-499_48352cd1,12,17,45,2,1
20260912_215351_529_traffic_scan_env2025_seed0-499_48352cd1,12,17,46,0,2
20260912_215351_529_traffic_scan_env2025_seed0-499_48352cd1,12,17,46,1,1
20260912_215351_529_traffic_scan_env2025_seed0-499_48352cd1,12,17,47,0,1
20260912_215351_529_traffic_scan_env2025_seed0-499_48352cd1,12,17,49,2,1
20260912_215351_529_traffic_scan_env2025_seed0-499_48352cd1,12,17,50,2,1
20260912_215351_529_traffic_scan_env2025_seed0-499_48352cd1,12,17,51,2,1
20260912_215351_529_traffic_scan_env2025_seed0-499_48352cd1,12,17,52,1,4
20260912_215351_529_traffic_scan_env2025_seed0-499_48352cd1,12,17,55,0,1
20260912_215351_529_traffic_scan_env2025_seed0-499_48352cd1,12,17,55,1,1
20260912_215351_529_traffic_scan_env2025_seed0-499_48352cd1,12,17,56,1,1
20260912_215351_529_traffic_scan_env2025_seed0-499_48352cd1,12,17,57,1,1
20260912_215351_529_traffic_scan_env2025_seed0-499_48352cd1,12,18,2,1,1
20260912_215351_529_traffic_scan_env2025_seed0-499_48352cd1,12,18,5,0,2
20260912_215351_529_traffic_scan_env2025_seed0-499_48352cd1,12,18,7,0,1
20260912_215351_529_traffic_scan_env2025_seed0-499_48352cd1,12,18,7,1,1
20260912_215351_529_traffic_scan_env2025_seed0-499_48352cd1,12,18,8,1,1
20260912_215351_529_traffic_scan_env2025_seed0-499_48352cd1,12,18,10,0,1
20260912_215351_529_traffic_scan_env2025_seed0-499_48352cd1,12,18,11,2,1
20260912_215351_529_traffic_scan_env2025_seed0-499_48352cd1,12,18,13,0,2
20260912_215351_529_traffic_scan_env2025_seed0-499_48352cd1,12,18,13,1,1
20260912_215351_529_traffic_scan_env2025_seed0-499_48352cd1,12,18,14,0,2
20260912_215351_529_traffic_scan_env2025_seed0-499_48352cd1,12,18,16,1,2
20260912_215351_529_traffic_scan_env2025_seed0-499_48352cd1,12,18,17,0,1
20260912_215351_529_traffic_scan_env2025_seed0-499_48352cd1,12,18,21,1,4
20260912_215351_529_traffic_scan_env2025_seed0-499_48352cd1,12,18,22,1,3
20260912_215351_529_traffic_scan_env2025_seed0-499_48352cd1,12,18,23,2,1
20260912_215351_529_traffic_scan_env2025_seed0-499_48352cd1,12,18,26,0,1
20260912_215351_529_traffic_scan_env2025_seed0-499_48352cd1,12,18,26,1,2
20260912_215351_529_traffic_scan_env2025_seed0-499_48352cd1,12,18,27,2,3
20260912_215351_529_traffic_scan_env2025_seed0-499_48352cd1,12,18,29,0,4
20260912_215351_529_traffic_scan_env2025_seed0-499_48352cd1,12,18,29,1,3
20260912_215351_529_traffic_scan_env2025_seed0-499_48352cd1,12,18,30,1,2
20260912_215351_529_traffic_scan_env2025_seed0-499_48352cd1,12,18,32,0,1
20260912_215351_529_traffic_scan_env2025_seed0-499_48352cd1,12,18,32,1,1
20260912_215351_529_traffic_scan_env2025_seed0-499_48352cd1,12,18,33,0,1
20260912_215351_529_traffic_scan_env2025_seed0-499_48352cd1,12,18,34,0,1
20260912_215351_529_traffic_scan_env2025_seed0-499_48352cd1,12,18,34,1,2
20260912_215351_529_traffic_scan_env2025_seed0-499_48352cd1,12,18,35,0,2
20260912_215351_529_traffic_scan_env2025_seed0-499_48352cd1,12,18,36,0,1
20260912_215351_529_traffic_scan_env2025_seed0-499_48352cd1,12,18,40,2,4
20260912_215351_529_traffic_scan_env2025_seed0-499_48352cd1,12,18,41,0,2
20260912_215351_529_traffic_scan_env2025_seed0-499_48352cd1,12,18,42,0,1
20260912_215351_529_traffic_scan_env2025_seed0-499_48352cd1,12,18,43,0,2
20260912_215351_529_traffic_scan_env2025_seed0-499_48352cd1,12,18,43,1,4
20260912_215351_529_traffic_scan_env2025_seed0-499_48352cd1,12,18,45,0,2
20260912_215351_529_traffic_scan_env2025_seed0-499_48352cd1,12,18,45,1,2
20260912_215351_529_traffic_scan_env2025_seed0-499_48352cd1,12,18,46,0,1
20260912_215351_529_traffic_scan_env2025_seed0-499_48352cd1,12,18,47,0,2
20260912_215351_529_traffic_scan_env2025_seed0-499_48352cd1,12,18,50,0,3
20260912_215351_529_traffic_scan_env2025_seed0-499_48352cd1,12,18,50,1,2
20260912_215351_529_traffic_scan_env2025_seed0-499_48352cd1,12,18,51,0,3
20260912_215351_529_traffic_scan_env2025_seed0-499_48352cd1,12,18,51,1,2
20260912_215351_529_traffic_scan_env2025_seed0-499_48352cd1,12,18,55,0,1
20260912_215351_529_traffic_scan_env2025_seed0-499_48352cd1,12,18,55,1,1
20260912_215351_529_traffic_scan_env2025_seed0-499_48352cd1,12,18,56,1,1
20260912_215351_529_traffic_scan_env2025_seed0-499_48352cd1,12,18,57,1,1
20260912_215351_529_traffic_scan_env2025_seed0-499_48352cd1,12,19,2,1,1
20260912_215351_529_traffic_scan_env2025_seed0-499_48352cd1,12,19,6,0,2
20260912_215351_529_traffic_scan_env2025_seed0-499_48352cd1,12,19,7,1,1
20260912_215351_529_traffic_scan_env2025_seed0-499_48352cd1,12,19,8,1,1
20260912_215351_529_traffic_scan_env2025_seed0-499_48352cd1,12,19,9,1,1
20260912_215351_529_traffic_scan_env2025_seed0-499_48352cd1,12,19,10,1,1
20260912_215351_529_traffic_scan_env2025_seed0-499_48352cd1,12,19,11,2,1
20260912_215351_529_traffic_scan_env2025_seed0-499_48352cd1,12,19,14,0,2
20260912_215351_529_traffic_scan_env2025_seed0-499_48352cd1,12,19,14,1,1
20260912_215351_529_traffic_scan_env2025_seed0-499_48352cd1,12,19,15,0,2
20260912_215351_529_traffic_scan_env2025_seed0-499_48352cd1,12,19,16,1,1
20260912_215351_529_traffic_scan_env2025_seed0-499_48352cd1,12,19,17,0,1
20260912_215351_529_traffic_scan_env2025_seed0-499_48352cd1,12,19,17,1,1
20260912_215351_529_traffic_scan_env2025_seed0-499_48352cd1,12,19,21,1,1
20260912_215351_529_traffic_scan_env2025_seed0-499_48352cd1,12,19,22,0,1
20260912_215351_529_traffic_scan_env2025_seed0-499_48352cd1,12,19,22,1,2
20260912_215351_529_traffic_scan_env2025_seed0-499_48352cd1,12,19,23,0,4
20260912_215351_529_traffic_scan_env2025_seed0-499_48352cd1,12,19,24,0,4
20260912_215351_529_traffic_scan_env2025_seed0-499_48352cd1,12,19,24,1,1
20260912_215351_529_traffic_scan_env2025_seed0-499_48352cd1,12,19,25,0,4
20260912_215351_529_traffic_scan_env2025_seed0-499_48352cd1,12,19,25,1,1
20260912_215351_529_traffic_scan_env2025_seed0-499_48352cd1,12,19,26,0,3
20260912_215351_529_traffic_scan_env2025_seed0-499_48352cd1,12,19,26,1,1
20260912_215351_529_traffic_scan_env2025_seed0-499_48352cd1,12,19,28,0,3
20260912_215351_529_traffic_scan_env2025_seed0-499_48352cd1,12,19,28,1,4
20260912_215351_529_traffic_scan_env2025_seed0-499_48352cd1,12,19,29,0,1
20260912_215351_529_traffic_scan_env2025_seed0-499_48352cd1,12,19,30,1,2
20260912_215351_529_traffic_scan_env2025_seed0-499_48352cd1,12,19,31,1,2
20260912_215351_529_traffic_scan_env2025_seed0-499_48352cd1,12,19,32,0,1
20260912_215351_529_traffic_scan_env2025_seed0-499_48352cd1,12,19,32,1,1
20260912_215351_529_traffic_scan_env2025_seed0-499_48352cd1,12,19,33,0,2
20260912_215351_529_traffic_scan_env2025_seed0-499_48352cd1,12,19,33,1,1
20260912_215351_529_traffic_scan_env2025_seed0-499_48352cd1,12,19,34,0,2
20260912_215351_529_traffic_scan_env2025_seed0-499_48352cd1,12,19,34,1,1
20260912_215351_529_traffic_scan_env2025_seed0-499_48352cd1,12,19,37,0,1
20260912_215351_529_traffic_scan_env2025_seed0-499_48352cd1,12,19,38,0,1
20260912_215351_529_traffic_scan_env2025_seed0-499_48352cd1,12,19,38,1,1
20260912_215351_529_traffic_scan_env2025_seed0-499_48352cd1,12,19,39,1,4
20260912_215351_529_traffic_scan_env2025_seed0-499_48352cd1,12,19,41,0,2
20260912_215351_529_traffic_scan_env2025_seed0-499_48352cd1,12,19,42,0,2
20260912_215351_529_traffic_scan_env2025_seed0-499_48352cd1,12,19,42,1,1
20260912_215351_529_traffic_scan_env2025_seed0-499_48352cd1,12,19,43,1,3
20260912_215351_529_traffic_scan_env2025_seed0-499_48352cd1,12,19,44,0,2
20260912_215351_529_traffic_scan_env2025_seed0-499_48352cd1,12,19,45,0,1
20260912_215351_529_traffic_scan_env2025_seed0-499_48352cd1,12,19,45,1,2
20260912_215351_529_traffic_scan_env2025_seed0-499_48352cd1,12,19,46,0,1
20260912_215351_529_traffic_scan_env2025_seed0-499_48352cd1,12,19,48,0,4
20260912_215351_529_traffic_scan_env2025_seed0-499_48352cd1,12,19,49,0,4
20260912_215351_529_traffic_scan_env2025_seed0-499_48352cd1,12,19,49,1,1
20260912_215351_529_traffic_scan_env2025_seed0-499_48352cd1,12,19,50,0,1
20260912_215351_529_traffic_scan_env2025_seed0-499_48352cd1,12,19,50,1,2
20260912_215351_529_traffic_scan_env2025_seed0-499_48352cd1,12,19,51,0,3
20260912_215351_529_traffic_scan_env2025_seed0-499_48352cd1,12,19,52,0,1
20260912_215351_529_traffic_scan_env2025_seed0-499_48352cd1,12,19,52,1,1
20260912_215351_529_traffic_scan_env2025_seed0-499_48352cd1,12,19,53,0,1
20260912_215351_529_traffic_scan_env2025_seed0-499_48352cd1,12,19,54,0,2
20260912_215351_529_traffic_scan_env2025_seed0-499_48352cd1,12,19,55,0,1
20260912_215351_529_traffic_scan_env2025_seed0-499_48352cd1,12,19,55,1,1
20260912_215351_529_traffic_scan_env2025_seed0-499_48352cd1,12,19,56,0,1
20260912_215351_529_traffic_scan_env2025_seed0-499_48352cd1,12,19,56,1,1
20260912_215351_529_traffic_scan_env2025_seed0-499_48352cd1,12,19,58,0,1
20260912_215351_529_traffic_scan_env2025_seed0-499_48352cd1,12,19,58,1,1
20260912_215351_529_traffic_scan_env2025_seed0-499_48352cd1,12,20,2,1,1
20260912_215351_529_traffic_scan_env2025_seed0-499_48352cd1,12,20,7,0,3
20260912_215351_529_traffic_scan_env2025_seed0-499_48352cd1,12,20,7,1,1
20260912_215351_529_traffic_scan_env2025_seed0-499_48352cd1,12,20,8,0,1
20260912_215351_529_traffic_scan_env2025_seed0-499_48352cd1,12,20,9,0,2
20260912_215351_529_traffic_scan_env2025_seed0-499_48352cd1,12,20,10,0,1
20260912_215351_529_traffic_scan_env2025_seed0-499_48352cd1,12,20,10,1,2
20260912_215351_529_traffic_scan_env2025_seed0-499_48352cd1,12,20,11,0,1
20260912_215351_529_traffic_scan_env2025_seed0-499_48352cd1,12,20,11,1,1
20260912_215351_529_traffic_scan_env2025_seed0-499_48352cd1,12,20,15,0,2
20260912_215351_529_traffic_scan_env2025_seed0-499_48352cd1,12,20,15,1,1
20260912_215351_529_traffic_scan_env2025_seed0-499_48352cd1,12,20,16,0,2
20260912_215351_529_traffic_scan_env2025_seed0-499_48352cd1,12,20,16,1,1
20260912_215351_529_traffic_scan_env2025_seed0-499_48352cd1,12,20,18,0,1
20260912_215351_529_traffic_scan_env2025_seed0-499_48352cd1,12,20,18,1,1
20260912_215351_529_traffic_scan_env2025_seed0-499_48352cd1,12,20,22,0,1
20260912_215351_529_traffic_scan_env2025_seed0-499_48352cd1,12,20,22,1,1
20260912_215351_529_traffic_scan_env2025_seed0-499_48352cd1,12,20,23,0,1
20260912_215351_529_traffic_scan_env2025_seed0-499_48352cd1,12,20,23,1,2
20260912_215351_529_traffic_scan_env2025_seed0-499_48352cd1,12,20,24,2,1
20260912_215351_529_traffic_scan_env2025_seed0-499_48352cd1,12,20,25,1,1
20260912_215351_529_traffic_scan_env2025_seed0-499_48352cd1,12,20,26,1,1
20260912_215351_529_traffic_scan_env2025_seed0-499_48352cd1,12,20,27,0,6
20260912_215351_529_traffic_scan_env2025_seed0-499_48352cd1,12,20,27,1,1
20260912_215351_529_traffic_scan_env2025_seed0-499_48352cd1,12,20,29,0,1
20260912_215351_529_traffic_scan_env2025_seed0-499_48352cd1,12,20,29,1,3
20260912_215351_529_traffic_scan_env2025_seed0-499_48352cd1,12,20,31,1,2
20260912_215351_529_traffic_scan_env2025_seed0-499_48352cd1,12,20,32,0,2
20260912_215351_529_traffic_scan_env2025_seed0-499_48352cd1,12,20,32,1,4
20260912_215351_529_traffic_scan_env2025_seed0-499_48352cd1,12,20,33,0,3
20260912_215351_529_traffic_scan_env2025_seed0-499_48352cd1,12,20,33,1,1
20260912_215351_529_traffic_scan_env2025_seed0-499_48352cd1,12,20,34,1,2
20260912_215351_529_traffic_scan_env2025_seed0-499_48352cd1,12,20,36,0,1
20260912_215351_529_traffic_scan_env2025_seed0-499_48352cd1,12,20,37,0,2
20260912_215351_529_traffic_scan_env2025_seed0-499_48352cd1,12,20,37,1,1
20260912_215351_529_traffic_scan_env2025_seed0-499_48352cd1,12,20,39,0,2
20260912_215351_529_traffic_scan_env2025_seed0-499_48352cd1,12,20,39,1,1
20260912_215351_529_traffic_scan_env2025_seed0-499_48352cd1,12,20,40,0,2
20260912_215351_529_traffic_scan_env2025_seed0-499_48352cd1,12,20,41,0,4
20260912_215351_529_traffic_scan_env2025_seed0-499_48352cd1,12,20,41,1,1
20260912_215351_529_traffic_scan_env2025_seed0-499_48352cd1,12,20,42,0,1
20260912_215351_529_traffic_scan_env2025_seed0-499_48352cd1,12,20,42,1,2
20260912_215351_529_traffic_scan_env2025_seed0-499_48352cd1,12,20,43,0,2
20260912_215351_529_traffic_scan_env2025_seed0-499_48352cd1,12,20,43,1,1
20260912_215351_529_traffic_scan_env2025_seed0-499_48352cd1,12,20,44,0,2
20260912_215351_529_traffic_scan_env2025_seed0-499_48352cd1,12,20,45,0,2
20260912_215351_529_traffic_scan_env2025_seed0-499_48352cd1,12,20,45,1,3
20260912_215351_529_traffic_scan_env2025_seed0-499_48352cd1,12,20,46,0,2
20260912_215351_529_traffic_scan_env2025_seed0-499_48352cd1,12,20,47,0,2
20260912_215351_529_traffic_scan_env2025_seed0-499_48352cd1,12,20,48,1,1
20260912_215351_529_traffic_scan_env2025_seed0-499_48352cd1,12,20,49,2,1
20260912_215351_529_traffic_scan_env2025_seed0-499_48352cd1,12,20,50,2,1
20260912_215351_529_traffic_scan_env2025_seed0-499_48352cd1,12,20,51,0,1
20260912_215351_529_traffic_scan_env2025_seed0-499_48352cd1,12,20,52,0,1
20260912_215351_529_traffic_scan_env2025_seed0-499_48352cd1,12,20,53,0,1
20260912_215351_529_traffic_scan_env2025_seed0-499_48352cd1,12,20,53,1,1
20260912_215351_529_traffic_scan_env2025_seed0-499_48352cd1,12,20,55,0,1
20260912_215351_529_traffic_scan_env2025_seed0-499_48352cd1,12,20,55,1,1
20260912_215351_529_traffic_scan_env2025_seed0-499_48352cd1,12,20,56,0,1
20260912_215351_529_traffic_scan_env2025_seed0-499_48352cd1,12,20,56,1,1
20260912_215351_529_traffic_scan_env2025_seed0-499_48352cd1,12,20,57,0,1
20260912_215351_529_traffic_scan_env2025_seed0-499_48352cd1,12,20,58,1,1
20260912_215351_529_traffic_scan_env2025_seed0-499_48352cd1,12,21,2,1,1
20260912_215351_529_traffic_scan_env2025_seed0-499_48352cd1,12,21,7,1,1
20260912_215351_529_traffic_scan_env2025_seed0-499_48352cd1,12,21,8,0,2
20260912_215351_529_traffic_scan_env2025_seed0-499_48352cd1,12,21,10,0,1
20260912_215351_529_traffic_scan_env2025_seed0-499_48352cd1,12,21,10,1,1
20260912_215351_529_traffic_scan_env2025_seed0-499_48352cd1,12,21,11,1,2
20260912_215351_529_traffic_scan_env2025_seed0-499_48352cd1,12,21,12,0,1
20260912_215351_529_traffic_scan_env2025_seed0-499_48352cd1,12,21,16,0,2
20260912_215351_529_traffic_scan_env2025_seed0-499_48352cd1,12,21,16,1,2
20260912_215351_529_traffic_scan_env2025_seed0-499_48352cd1,12,21,17,0,2
20260912_215351_529_traffic_scan_env2025_seed0-499_48352cd1,12,21,19,0,1
20260912_215351_529_traffic_scan_env2025_seed0-499_48352cd1,12,21,19,1,1
20260912_215351_529_traffic_scan_env2025_seed0-499_48352cd1,12,21,21,0,1
20260912_215351_529_traffic_scan_env2025_seed0-499_48352cd1,12,21,23,1,2
20260912_215351_529_traffic_scan_env2025_seed0-499_48352cd1,12,21,24,0,1
20260912_215351_529_traffic_scan_env2025_seed0-499_48352cd1,12,21,24,1,2
20260912_215351_529_traffic_scan_env2025_seed0-499_48352cd1,12,21,25,0,1
20260912_215351_529_traffic_scan_env2025_seed0-499_48352cd1,12,21,26,0,3
20260912_215351_529_traffic_scan_env2025_seed0-499_48352cd1,12,21,26,1,3
20260912_215351_529_traffic_scan_env2025_seed0-499_48352cd1,12,21,28,0,3
20260912_215351_529_traffic_scan_env2025_seed0-499_48352cd1,12,21,29,0,4
20260912_215351_529_traffic_scan_env2025_seed0-499_48352cd1,12,21,29,1,3
20260912_215351_529_traffic_scan_env2025_seed0-499_48352cd1,12,21,32,0,6
20260912_215351_529_traffic_scan_env2025_seed0-499_48352cd1,12,21,32,1,4
20260912_215351_529_traffic_scan_env2025_seed0-499_48352cd1,12,21,35,1,3
20260912_215351_529_traffic_scan_env2025_seed0-499_48352cd1,12,21,36,1,1
20260912_215351_529_traffic_scan_env2025_seed0-499_48352cd1,12,21,37,0,2
20260912_215351_529_traffic_scan_env2025_seed0-499_48352cd1,12,21,38,0,2
20260912_215351_529_traffic_scan_env2025_seed0-499_48352cd1,12,21,38,1,1
20260912_215351_529_traffic_scan_env2025_seed0-499_48352cd1,12,21,39,0,1
20260912_215351_529_traffic_scan_env2025_seed0-499_48352cd1,12,21,40,0,5
20260912_215351_529_traffic_scan_env2025_seed0-499_48352cd1,12,21,40,1,1
20260912_215351_529_traffic_scan_env2025_seed0-499_48352cd1,12,21,41,0,1
20260912_215351_529_traffic_scan_env2025_seed0-499_48352cd1,12,21,41,1,2
20260912_215351_529_traffic_scan_env2025_seed0-499_48352cd1,12,21,42,0,1
20260912_215351_529_traffic_scan_env2025_seed0-499_48352cd1,12,21,43,0,1
20260912_215351_529_traffic_scan_env2025_seed0-499_48352cd1,12,21,43,1,1
20260912_215351_529_traffic_scan_env2025_seed0-499_48352cd1,12,21,44,0,1
20260912_215351_529_traffic_scan_env2025_seed0-499_48352cd1,12,21,44,1,1
20260912_215351_529_traffic_scan_env2025_seed0-499_48352cd1,12,21,45,1,2
20260912_215351_529_traffic_scan_env2025_seed0-499_48352cd1,12,21,46,0,1
20260912_215351_529_traffic_scan_env2025_seed0-499_48352cd1,12,21,47,2,1
20260912_215351_529_traffic_scan_env2025_seed0-499_48352cd1,12,21,48,0,1
20260912_215351_529_traffic_scan_env2025_seed0-499_48352cd1,12,21,48,1,1
20260912_215351_529_traffic_scan_env2025_seed0-499_48352cd1,12,21,50,2,1
20260912_215351_529_traffic_scan_env2025_seed0-499_48352cd1,12,21,51,0,1
20260912_215351_529_traffic_scan_env2025_seed0-499_48352cd1,12,21,52,0,1
20260912_215351_529_traffic_scan_env2025_seed0-499_48352cd1,12,21,53,0,1
20260912_215351_529_traffic_scan_env2025_seed0-499_48352cd1,12,21,54,0,1
20260912_215351_529_traffic_scan_env2025_seed0-499_48352cd1,12,21,54,1,1
20260912_215351_529_traffic_scan_env2025_seed0-499_48352cd1,12,21,55,0,1
20260912_215351_529_traffic_scan_env2025_seed0-499_48352cd1,12,21,55,1,2
20260912_215351_529_traffic_scan_env2025_seed0-499_48352cd1,12,21,58,1,1
20260912_215351_529_traffic_scan_env2025_seed0-499_48352cd1,12,22,2,1,1
20260912_215351_529_traffic_scan_env2025_seed0-499_48352cd1,12,22,7,1,1
20260912_215351_529_traffic_scan_env2025_seed0-499_48352cd1,12,22,9,0,2
20260912_215351_529_traffic_scan_env2025_seed0-499_48352cd1,12,22,10,1,1
20260912_215351_529_traffic_scan_env2025_seed0-499_48352cd1,12,22,11,0,1
20260912_215351_529_traffic_scan_env2025_seed0-499_48352cd1,12,22,11,1,1
20260912_215351_529_traffic_scan_env2025_seed0-499_48352cd1,12,22,12,1,1
20260912_215351_529_traffic_scan_env2025_seed0-499_48352cd1,12,22,13,0,1
20260912_215351_529_traffic_scan_env2025_seed0-499_48352cd1,12,22,16,0,2
20260912_215351_529_traffic_scan_env2025_seed0-499_48352cd1,12,22,16,1,2
20260912_215351_529_traffic_scan_env2025_seed0-499_48352cd1,12,22,17,0,1
20260912_215351_529_traffic_scan_env2025_seed0-499_48352cd1,12,22,18,0,2
20260912_215351_529_traffic_scan_env2025_seed0-499_48352cd1,12,22,19,0,1
20260912_215351_529_traffic_scan_env2025_seed0-499_48352cd1,12,22,20,0,2
20260912_215351_529_traffic_scan_env2025_seed0-499_48352cd1,12,22,20,1,1
20260912_215351_529_traffic_scan_env2025_seed0-499_48352cd1,12,22,22,0,2
20260912_215351_529_traffic_scan_env2025_seed0-499_48352cd1,12,22,22,1,1
20260912_215351_529_traffic_scan_env2025_seed0-499_48352cd1,12,22,24,1,1
20260912_215351_529_traffic_scan_env2025_seed0-499_48352cd1,12,22,25,1,7
20260912_215351_529_traffic_scan_env2025_seed0-499_48352cd1,12,22,26,0,1
20260912_215351_529_traffic_scan_env2025_seed0-499_48352cd1,12,22,26,1,1
20260912_215351_529_traffic_scan_env2025_seed0-499_48352cd1,12,22,27,1,1
20260912_215351_529_traffic_scan_env2025_seed0-499_48352cd1,12,22,29,1,1
20260912_215351_529_traffic_scan_env2025_seed0-499_48352cd1,12,22,30,0,4
20260912_215351_529_traffic_scan_env2025_seed0-499_48352cd1,12,22,30,1,4
20260912_215351_529_traffic_scan_env2025_seed0-499_48352cd1,12,22,32,0,10
20260912_215351_529_traffic_scan_env2025_seed0-499_48352cd1,12,22,32,1,5
20260912_215351_529_traffic_scan_env2025_seed0-499_48352cd1,12,22,35,2,3
20260912_215351_529_traffic_scan_env2025_seed0-499_48352cd1,12,22,36,0,2
20260912_215351_529_traffic_scan_env2025_seed0-499_48352cd1,12,22,36,1,1
20260912_215351_529_traffic_scan_env2025_seed0-499_48352cd1,12,22,37,1,1
20260912_215351_529_traffic_scan_env2025_seed0-499_48352cd1,12,22,39,0,7
20260912_215351_529_traffic_scan_env2025_seed0-499_48352cd1,12,22,39,1,1
20260912_215351_529_traffic_scan_env2025_seed0-499_48352cd1,12,22,40,2,2
20260912_215351_529_traffic_scan_env2025_seed0-499_48352cd1,12,22,42,1,1
20260912_215351_529_traffic_scan_env2025_seed0-499_48352cd1,12,22,43,1,3
20260912_215351_529_traffic_scan_env2025_seed0-499_48352cd1,12,22,45,1,2
20260912_215351_529_traffic_scan_env2025_seed0-499_48352cd1,12,22,46,0,1
20260912_215351_529_traffic_scan_env2025_seed0-499_48352cd1,12,22,46,1,1
20260912_215351_529_traffic_scan_env2025_seed0-499_48352cd1,12,22,47,2,1
20260912_215351_529_traffic_scan_env2025_seed0-499_48352cd1,12,22,48,0,1
20260912_215351_529_traffic_scan_env2025_seed0-499_48352cd1,12,22,50,0,1
20260912_215351_529_traffic_scan_env2025_seed0-499_48352cd1,12,22,50,2,1
20260912_215351_529_traffic_scan_env2025_seed0-499_48352cd1,12,22,51,0,1
20260912_215351_529_traffic_scan_env2025_seed0-499_48352cd1,12,22,53,0,2
20260912_215351_529_traffic_scan_env2025_seed0-499_48352cd1,12,22,54,0,3
20260912_215351_529_traffic_scan_env2025_seed0-499_48352cd1,12,22,55,1,3
20260912_215351_529_traffic_scan_env2025_seed0-499_48352cd1,12,22,58,1,1
20260912_215351_529_traffic_scan_env2025_seed0-499_48352cd1,12,23,2,1,1
20260912_215351_529_traffic_scan_env2025_seed0-499_48352cd1,12,23,7,1,1
20260912_215351_529_traffic_scan_env2025_seed0-499_48352cd1,12,23,10,1,3
20260912_215351_529_traffic_scan_env2025_seed0-499_48352cd1,12,23,11,2,1
20260912_215351_529_traffic_scan_env2025_seed0-499_48352cd1,12,23,12,0,1
20260912_215351_529_traffic_scan_env2025_seed0-499_48352cd1,12,23,13,1,1
20260912_215351_529_traffic_scan_env2025_seed0-499_48352cd1,12,23,14,0,1
20260912_215351_529_traffic_scan_env2025_seed0-499_48352cd1,12,23,15,0,1
20260912_215351_529_traffic_scan_env2025_seed0-499_48352cd1,12,23,15,1,1
20260912_215351_529_traffic_scan_env2025_seed0-499_48352cd1,12,23,16,1,1
20260912_215351_529_traffic_scan_env2025_seed0-499_48352cd1,12,23,17,0,2
20260912_215351_529_traffic_scan_env2025_seed0-499_48352cd1,12,23,18,0,2
20260912_215351_529_traffic_scan_env2025_seed0-499_48352cd1,12,23,19,0,2
20260912_215351_529_traffic_scan_env2025_seed0-499_48352cd1,12,23,20,0,3
20260912_215351_529_traffic_scan_env2025_seed0-499_48352cd1,12,23,21,0,2
20260912_215351_529_traffic_scan_env2025_seed0-499_48352cd1,12,23,21,1,3
20260912_215351_529_traffic_scan_env2025_seed0-499_48352cd1,12,23,21,2,1
20260912_215351_529_traffic_scan_env2025_seed0-499_48352cd1,12,23,22,2,2
20260912_215351_529_traffic_scan_env2025_seed0-499_48352cd1,12,23,23,0,2
20260912_215351_529_traffic_scan_env2025_seed0-499_48352cd1,12,23,24,0,2
20260912_215351_529_traffic_scan_env2025_seed0-499_48352cd1,12,23,24,1,5
20260912_215351_529_traffic_scan_env2025_seed0-499_48352cd1,12,23,25,0,2
20260912_215351_529_traffic_scan_env2025_seed0-499_48352cd1,12,23,25,1,2
20260912_215351_529_traffic_scan_env2025_seed0-499_48352cd1,12,23,27,0,1
20260912_215351_529_traffic_scan_env2025_seed0-499_48352cd1,12,23,27,1,1
20260912_215351_529_traffic_scan_env2025_seed0-499_48352cd1,12,23,28,2,2
20260912_215351_529_traffic_scan_env2025_seed0-499_48352cd1,12,23,30,0,1
20260912_215351_529_traffic_scan_env2025_seed0-499_48352cd1,12,23,31,0,7
20260912_215351_529_traffic_scan_env2025_seed0-499_48352cd1,12,23,31,1,5
20260912_215351_529_traffic_scan_env2025_seed0-499_48352cd1,12,23,33,0,8
20260912_215351_529_traffic_scan_env2025_seed0-499_48352cd1,12,23,33,1,4
20260912_215351_529_traffic_scan_env2025_seed0-499_48352cd1,12,23,34,0,6
20260912_215351_529_traffic_scan_env2025_seed0-499_48352cd1,12,23,34,1,3
20260912_215351_529_traffic_scan_env2025_seed0-499_48352cd1,12,23,35,0,6
20260912_215351_529_traffic_scan_env2025_seed0-499_48352cd1,12,23,36,1,1
20260912_215351_529_traffic_scan_env2025_seed0-499_48352cd1,12,23,37,1,1
20260912_215351_529_traffic_scan_env2025_seed0-499_48352cd1,12,23,38,0,3
20260912_215351_529_traffic_scan_env2025_seed0-499_48352cd1,12,23,38,1,1
20260912_215351_529_traffic_scan_env2025_seed0-499_48352cd1,12,23,39,0,2
20260912_215351_529_traffic_scan_env2025_seed0-499_48352cd1,12,23,39,1,2
20260912_215351_529_traffic_scan_env2025_seed0-499_48352cd1,12,23,40,0,2
20260912_215351_529_traffic_scan_env2025_seed0-499_48352cd1,12,23,42,2,3
20260912_215351_529_traffic_scan_env2025_seed0-499_48352cd1,12,23,43,2,1
20260912_215351_529_traffic_scan_env2025_seed0-499_48352cd1,12,23,45,0,1
20260912_215351_529_traffic_scan_env2025_seed0-499_48352cd1,12,23,45,1,3
20260912_215351_529_traffic_scan_env2025_seed0-499_48352cd1,12,23,46,1,1
20260912_215351_529_traffic_scan_env2025_seed0-499_48352cd1,12,23,47,1,1
20260912_215351_529_traffic_scan_env2025_seed0-499_48352cd1,12,23,50,0,2
20260912_215351_529_traffic_scan_env2025_seed0-499_48352cd1,12,23,50,2,1
20260912_215351_529_traffic_scan_env2025_seed0-499_48352cd1,12,23,52,0,2
20260912_215351_529_traffic_scan_env2025_seed0-499_48352cd1,12,23,53,0,1
20260912_215351_529_traffic_scan_env2025_seed0-499_48352cd1,12,23,55,0,1
20260912_215351_529_traffic_scan_env2025_seed0-499_48352cd1,12,23,55,1,1
20260912_215351_529_traffic_scan_env2025_seed0-499_48352cd1,12,23,56,1,2
20260912_215351_529_traffic_scan_env2025_seed0-499_48352cd1,12,23,57,0,1
20260912_215351_529_traffic_scan_env2025_seed0-499_48352cd1,12,23,58,0,1
20260912_215351_529_traffic_scan_env2025_seed0-499_48352cd1,12,23,58,1,1
20260912_215351_529_traffic_scan_env2025_seed0-499_48352cd1,12,24,1,1,1
20260912_215351_529_traffic_scan_env2025_seed0-499_48352cd1,12,24,7,1,1
20260912_215351_529_traffic_scan_env2025_seed0-499_48352cd1,12,24,11,0,1
20260912_215351_529_traffic_scan_env2025_seed0-499_48352cd1,12,24,11,1,3
20260912_215351_529_traffic_scan_env2025_seed0-499_48352cd1,12,24,13,0,1
20260912_215351_529_traffic_scan_env2025_seed0-499_48352cd1,12,24,13,1,1
20260912_215351_529_traffic_scan_env2025_seed0-499_48352cd1,12,24,15,1,1
20260912_215351_529_traffic_scan_env2025_seed0-499_48352cd1,12,24,17,0,1
20260912_215351_529_traffic_scan_env2025_seed0-499_48352cd1,12,24,17,1,1
20260912_215351_529_traffic_scan_env2025_seed0-499_48352cd1,12,24,18,0,2
20260912_215351_529_traffic_scan_env2025_seed0-499_48352cd1,12,24,19,0,1
20260912_215351_529_traffic_scan_env2025_seed0-499_48352cd1,12,24,20,2,1
20260912_215351_529_traffic_scan_env2025_seed0-499_48352cd1,12,24,22,3,1
20260912_215351_529_traffic_scan_env2025_seed0-499_48352cd1,12,24,23,1,7
20260912_215351_529_traffic_scan_env2025_seed0-499_48352cd1,12,24,26,1,4
20260912_215351_529_traffic_scan_env2025_seed0-499_48352cd1,12,24,27,1,1
20260912_215351_529_traffic_scan_env2025_seed0-499_48352cd1,12,24,28,0,1
20260912_215351_529_traffic_scan_env2025_seed0-499_48352cd1,12,24,28,1,1
20260912_215351_529_traffic_scan_env2025_seed0-499_48352cd1,12,24,29,1,1
20260912_215351_529_traffic_scan_env2025_seed0-499_48352cd1,12,24,30,0,4
20260912_215351_529_traffic_scan_env2025_seed0-499_48352cd1,12,24,30,1,1
20260912_215351_529_traffic_scan_env2025_seed0-499_48352cd1,12,24,31,0,1
20260912_215351_529_traffic_scan_env2025_seed0-499_48352cd1,12,24,32,0,2
20260912_215351_529_traffic_scan_env2025_seed0-499_48352cd1,12,24,32,1,3
20260912_215351_529_traffic_scan_env2025_seed0-499_48352cd1,12,24,33,0,1
20260912_215351_529_traffic_scan_env2025_seed0-499_48352cd1,12,24,33,1,2
20260912_215351_529_traffic_scan_env2025_seed0-499_48352cd1,12,24,34,1,3
20260912_215351_529_traffic_scan_env2025_seed0-499_48352cd1,12,24,35,1,1
20260912_215351_529_traffic_scan_env2025_seed0-499_48352cd1,12,24,36,0,4
20260912_215351_529_traffic_scan_env2025_seed0-499_48352cd1,12,24,37,0,3
20260912_215351_529_traffic_scan_env2025_seed0-499_48352cd1,12,24,37,1,1
20260912_215351_529_traffic_scan_env2025_seed0-499_48352cd1,12,24,38,1,3
20260912_215351_529_traffic_scan_env2025_seed0-499_48352cd1,12,24,39,0,2
20260912_215351_529_traffic_scan_env2025_seed0-499_48352cd1,12,24,40,1,1
20260912_215351_529_traffic_scan_env2025_seed0-499_48352cd1,12,24,41,0,2
20260912_215351_529_traffic_scan_env2025_seed0-499_48352cd1,12,24,41,1,3
20260912_215351_529_traffic_scan_env2025_seed0-499_48352cd1,12,24,43,2,1
20260912_215351_529_traffic_scan_env2025_seed0-499_48352cd1,12,24,44,0,1
20260912_215351_529_traffic_scan_env2025_seed0-499_48352cd1,12,24,44,1,1
20260912_215351_529_traffic_scan_env2025_seed0-499_48352cd1,12,24,45,1,3
20260912_215351_529_traffic_scan_env2025_seed0-499_48352cd1,12,24,46,1,1
20260912_215351_529_traffic_scan_env2025_seed0-499_48352cd1,12,24,49,0,1
20260912_215351_529_traffic_scan_env2025_seed0-499_48352cd1,12,24,50,0,1
20260912_215351_529_traffic_scan_env2025_seed0-499_48352cd1,12,24,50,2,1
20260912_215351_529_traffic_scan_env2025_seed0-499_48352cd1,12,24,51,0,2
20260912_215351_529_traffic_scan_env2025_seed0-499_48352cd1,12,24,52,0,1
20260912_215351_529_traffic_scan_env2025_seed0-499_48352cd1,12,24,55,1,1
20260912_215351_529_traffic_scan_env2025_seed0-499_48352cd1,12,24,56,0,2
20260912_215351_529_traffic_scan_env2025_seed0-499_48352cd1,12,24,56,1,1
20260912_215351_529_traffic_scan_env2025_seed0-499_48352cd1,12,24,57,2,1
20260912_215351_529_traffic_scan_env2025_seed0-499_48352cd1,12,24,58,1,1
20260912_215351_529_traffic_scan_env2025_seed0-499_48352cd1,12,25,1,1,1
20260912_215351_529_traffic_scan_env2025_seed0-499_48352cd1,12,25,7,1,1
20260912_215351_529_traffic_scan_env2025_seed0-499_48352cd1,12,25,11,2,1
20260912_215351_529_traffic_scan_env2025_seed0-499_48352cd1,12,25,12,0,1
20260912_215351_529_traffic_scan_env2025_seed0-499_48352cd1,12,25,12,1,2
20260912_215351_529_traffic_scan_env2025_seed0-499_48352cd1,12,25,14,1,2
20260912_215351_529_traffic_scan_env2025_seed0-499_48352cd1,12,25,15,1,1
20260912_215351_529_traffic_scan_env2025_seed0-499_48352cd1,12,25,16,0,1
20260912_215351_529_traffic_scan_env2025_seed0-499_48352cd1,12,25,18,1,1
20260912_215351_529_traffic_scan_env2025_seed0-499_48352cd1,12,25,19,0,2
20260912_215351_529_traffic_scan_env2025_seed0-499_48352cd1,12,25,19,1,1
20260912_215351_529_traffic_scan_env2025_seed0-499_48352cd1,12,25,23,2,8
20260912_215351_529_traffic_scan_env2025_seed0-499_48352cd1,12,25,26,0,1
20260912_215351_529_traffic_scan_env2025_seed0-499_48352cd1,12,25,26,1,2
20260912_215351_529_traffic_scan_env2025_seed0-499_48352cd1,12,25,27,1,3
20260912_215351_529_traffic_scan_env2025_seed0-499_48352cd1,12,25,29,0,4
20260912_215351_529_traffic_scan_env2025_seed0-499_48352cd1,12,25,29,1,2
20260912_215351_529_traffic_scan_env2025_seed0-499_48352cd1,12,25,30,0,1
20260912_215351_529_traffic_scan_env2025_seed0-499_48352cd1,12,25,30,1,1
20260912_215351_529_traffic_scan_env2025_seed0-499_48352cd1,12,25,31,0,3
20260912_215351_529_traffic_scan_env2025_seed0-499_48352cd1,12,25,33,0,1
20260912_215351_529_traffic_scan_env2025_seed0-499_48352cd1,12,25,33,1,5
20260912_215351_529_traffic_scan_env2025_seed0-499_48352cd1,12,25,34,1,2
20260912_215351_529_traffic_scan_env2025_seed0-499_48352cd1,12,25,35,1,2
20260912_215351_529_traffic_scan_env2025_seed0-499_48352cd1,12,25,36,0,3
20260912_215351_529_traffic_scan_env2025_seed0-499_48352cd1,12,25,36,1,1
20260912_215351_529_traffic_scan_env2025_seed0-499_48352cd1,12,25,37,0,4
20260912_215351_529_traffic_scan_env2025_seed0-499_48352cd1,12,25,37,1,2
20260912_215351_529_traffic_scan_env2025_seed0-499_48352cd1,12,25,39,0,2
20260912_215351_529_traffic_scan_env2025_seed0-499_48352cd1,12,25,39,1,2
20260912_215351_529_traffic_scan_env2025_seed0-499_48352cd1,12,25,40,0,2
20260912_215351_529_traffic_scan_env2025_seed0-499_48352cd1,12,25,40,1,1
20260912_215351_529_traffic_scan_env2025_seed0-499_48352cd1,12,25,42,0,2
20260912_215351_529_traffic_scan_env2025_seed0-499_48352cd1,12,25,43,0,1
20260912_215351_529_traffic_scan_env2025_seed0-499_48352cd1,12,25,43,1,2
20260912_215351_529_traffic_scan_env2025_seed0-499_48352cd1,12,25,44,1,1
20260912_215351_529_traffic_scan_env2025_seed0-499_48352cd1,12,25,45,1,3
20260912_215351_529_traffic_scan_env2025_seed0-499_48352cd1,12,25,48,0,1
20260912_215351_529_traffic_scan_env2025_seed0-499_48352cd1,12,25,50,0,3
20260912_215351_529_traffic_scan_env2025_seed0-499_48352cd1,12,25,50,2,1
20260912_215351_529_traffic_scan_env2025_seed0-499_48352cd1,12,25,51,0,1
20260912_215351_529_traffic_scan_env2025_seed0-499_48352cd1,12,25,55,0,1
20260912_215351_529_traffic_scan_env2025_seed0-499_48352cd1,12,25,55,1,1
20260912_215351_529_traffic_scan_env2025_seed0-499_48352cd1,12,25,56,1,1
20260912_215351_529_traffic_scan_env2025_seed0-499_48352cd1,12,25,57,0,1
20260912_215351_529_traffic_scan_env2025_seed0-499_48352cd1,12,25,57,1,1
20260912_215351_529_traffic_scan_env2025_seed0-499_48352cd1,12,25,58,0,1
20260912_215351_529_traffic_scan_env2025_seed0-499_48352cd1,12,25,58,1,1
20260912_215351_529_traffic_scan_env2025_seed0-499_48352cd1,12,26,1,1,1
20260912_215351_529_traffic_scan_env2025_seed0-499_48352cd1,12,26,7,1,1
20260912_215351_529_traffic_scan_env2025_seed0-499_48352cd1,12,26,11,2,1
20260912_215351_529_traffic_scan_env2025_seed0-499_48352cd1,12,26,12,0,1
20260912_215351_529_traffic_scan_env2025_seed0-499_48352cd1,12,26,13,1,2
20260912_215351_529_traffic_scan_env2025_seed0-499_48352cd1,12,26,15,0,1
20260912_215351_529_traffic_scan_env2025_seed0-499_48352cd1,12,26,15,1,3
20260912_215351_529_traffic_scan_env2025_seed0-499_48352cd1,12,26,18,1,1
20260912_215351_529_traffic_scan_env2025_seed0-499_48352cd1,12,26,19,1,1
20260912_215351_529_traffic_scan_env2025_seed0-499_48352cd1,12,26,20,0,2
20260912_215351_529_traffic_scan_env2025_seed0-499_48352cd1,12,26,21,0,2
20260912_215351_529_traffic_scan_env2025_seed0-499_48352cd1,12,26,21,1,1
20260912_215351_529_traffic_scan_env2025_seed0-499_48352cd1,12,26,22,0,2
20260912_215351_529_traffic_scan_env2025_seed0-499_48352cd1,12,26,22,1,4
20260912_215351_529_traffic_scan_env2025_seed0-499_48352cd1,12,26,24,2,5
20260912_215351_529_traffic_scan_env2025_seed0-499_48352cd1,12,26,25,0,1
20260912_215351_529_traffic_scan_env2025_seed0-499_48352cd1,12,26,25,1,3
20260912_215351_529_traffic_scan_env2025_seed0-499_48352cd1,12,26,27,0,1
20260912_215351_529_traffic_scan_env2025_seed0-499_48352cd1,12,26,28,0,3
20260912_215351_529_traffic_scan_env2025_seed0-499_48352cd1,12,26,28,1,4
20260912_215351_529_traffic_scan_env2025_seed0-499_48352cd1,12,26,30,0,2
20260912_215351_529_traffic_scan_env2025_seed0-499_48352cd1,12,26,30,1,1
20260912_215351_529_traffic_scan_env2025_seed0-499_48352cd1,12,26,31,0,3
20260912_215351_529_traffic_scan_env2025_seed0-499_48352cd1,12,26,31,1,1
20260912_215351_529_traffic_scan_env2025_seed0-499_48352cd1,12,26,32,1,1
20260912_215351_529_traffic_scan_env2025_seed0-499_48352cd1,12,26,33,0,1
20260912_215351_529_traffic_scan_env2025_seed0-499_48352cd1,12,26,33,1,2
20260912_215351_529_traffic_scan_env2025_seed0-499_48352cd1,12,26,34,1,4
20260912_215351_529_traffic_scan_env2025_seed0-499_48352cd1,12,26,35,0,3
20260912_215351_529_traffic_scan_env2025_seed0-499_48352cd1,12,26,35,1,1
20260912_215351_529_traffic_scan_env2025_seed0-499_48352cd1,12,26,36,1,4
20260912_215351_529_traffic_scan_env2025_seed0-499_48352cd1,12,26,38,0,4
20260912_215351_529_traffic_scan_env2025_seed0-499_48352cd1,12,26,38,1,1
20260912_215351_529_traffic_scan_env2025_seed0-499_48352cd1,12,26,39,0,3
20260912_215351_529_traffic_scan_env2025_seed0-499_48352cd1,12,26,39,1,2
20260912_215351_529_traffic_scan_env2025_seed0-499_48352cd1,12,26,40,1,1
20260912_215351_529_traffic_scan_env2025_seed0-499_48352cd1,12,26,41,0,1
20260912_215351_529_traffic_scan_env2025_seed0-499_48352cd1,12,26,42,1,1
20260912_215351_529_traffic_scan_env2025_seed0-499_48352cd1,12,26,43,0,1
20260912_215351_529_traffic_scan_env2025_seed0-499_48352cd1,12,26,43,1,2
20260912_215351_529_traffic_scan_env2025_seed0-499_48352cd1,12,26,44,1,1
20260912_215351_529_traffic_scan_env2025_seed0-499_48352cd1,12,26,45,1,2
20260912_215351_529_traffic_scan_env2025_seed0-499_48352cd1,12,26,46,0,1
20260912_215351_529_traffic_scan_env2025_seed0-499_48352cd1,12,26,47,0,1
20260912_215351_529_traffic_scan_env2025_seed0-499_48352cd1,12,26,49,0,2
20260912_215351_529_traffic_scan_env2025_seed0-499_48352cd1,12,26,50,0,2
20260912_215351_529_traffic_scan_env2025_seed0-499_48352cd1,12,26,50,2,1
20260912_215351_529_traffic_scan_env2025_seed0-499_48352cd1,12,26,54,1,1
20260912_215351_529_traffic_scan_env2025_seed0-499_48352cd1,12,26,55,1,1
20260912_215351_529_traffic_scan_env2025_seed0-499_48352cd1,12,26,56,1,1
20260912_215351_529_traffic_scan_env2025_seed0-499_48352cd1,12,26,57,1,1
20260912_215351_529_traffic_scan_env2025_seed0-499_48352cd1,12,26,58,1,1
20260912_215351_529_traffic_scan_env2025_seed0-499_48352cd1,12,26,59,0,1
20260912_215351_529_traffic_scan_env2025_seed0-499_48352cd1,12,27,1,1,1
20260912_215351_529_traffic_scan_env2025_seed0-499_48352cd1,12,27,8,1,1
20260912_215351_529_traffic_scan_env2025_seed0-499_48352cd1,12,27,11,0,1
20260912_215351_529_traffic_scan_env2025_seed0-499_48352cd1,12,27,11,1,1
20260912_215351_529_traffic_scan_env2025_seed0-499_48352cd1,12,27,13,0,1
20260912_215351_529_traffic_scan_env2025_seed0-499_48352cd1,12,27,14,0,1
20260912_215351_529_traffic_scan_env2025_seed0-499_48352cd1,12,27,14,1,2
20260912_215351_529_traffic_scan_env2025_seed0-499_48352cd1,12,27,15,1,2
20260912_215351_529_traffic_scan_env2025_seed0-499_48352cd1,12,27,16,1,1
20260912_215351_529_traffic_scan_env2025_seed0-499_48352cd1,12,27,18,2,1
20260912_215351_529_traffic_scan_env2025_seed0-499_48352cd1,12,27,20,0,1
20260912_215351_529_traffic_scan_env2025_seed0-499_48352cd1,12,27,20,1,1
20260912_215351_529_traffic_scan_env2025_seed0-499_48352cd1,12,27,21,1,3
20260912_215351_529_traffic_scan_env2025_seed0-499_48352cd1,12,27,23,0,2
20260912_215351_529_traffic_scan_env2025_seed0-499_48352cd1,12,27,23,1,2
20260912_215351_529_traffic_scan_env2025_seed0-499_48352cd1,12,27,24,0,2
20260912_215351_529_traffic_scan_env2025_seed0-499_48352cd1,12,27,25,1,2
20260912_215351_529_traffic_scan_env2025_seed0-499_48352cd1,12,27,26,1,2
20260912_215351_529_traffic_scan_env2025_seed0-499_48352cd1,12,27,27,0,3
20260912_215351_529_traffic_scan_env2025_seed0-499_48352cd1,12,27,27,1,1
20260912_215351_529_traffic_scan_env2025_seed0-499_48352cd1,12,27,28,0,1
20260912_215351_529_traffic_scan_env2025_seed0-499_48352cd1,12,27,29,1,3
20260912_215351_529_traffic_scan_env2025_seed0-499_48352cd1,12,27,30,0,3
20260912_215351_529_traffic_scan_env2025_seed0-499_48352cd1,12,27,31,0,2
20260912_215351_529_traffic_scan_env2025_seed0-499_48352cd1,12,27,31,1,2
20260912_215351_529_traffic_scan_env2025_seed0-499_48352cd1,12,27,32,1,2
20260912_215351_529_traffic_scan_env2025_seed0-499_48352cd1,12,27,33,0,1
20260912_215351_529_traffic_scan_env2025_seed0-499_48352cd1,12,27,33,1,1
20260912_215351_529_traffic_scan_env2025_seed0-499_48352cd1,12,27,34,0,3
20260912_215351_529_traffic_scan_env2025_seed0-499_48352cd1,12,27,34,1,2
20260912_215351_529_traffic_scan_env2025_seed0-499_48352cd1,12,27,35,1,5
20260912_215351_529_traffic_scan_env2025_seed0-499_48352cd1,12,27,37,1,3
20260912_215351_529_traffic_scan_env2025_seed0-499_48352cd1,12,27,38,0,1
20260912_215351_529_traffic_scan_env2025_seed0-499_48352cd1,12,27,38,1,2
20260912_215351_529_traffic_scan_env2025_seed0-499_48352cd1,12,27,39,0,6
20260912_215351_529_traffic_scan_env2025_seed0-499_48352cd1,12,27,40,0,1
20260912_215351_529_traffic_scan_env2025_seed0-499_48352cd1,12,27,41,2,2
20260912_215351_529_traffic_scan_env2025_seed0-499_48352cd1,12,27,42,2,1
20260912_215351_529_traffic_scan_env2025_seed0-499_48352cd1,12,27,43,1,2
20260912_215351_529_traffic_scan_env2025_seed0-499_48352cd1,12,27,44,1,1
20260912_215351_529_traffic_scan_env2025_seed0-499_48352cd1,12,27,45,0,1
20260912_215351_529_traffic_scan_env2025_seed0-499_48352cd1,12,27,45,1,2
20260912_215351_529_traffic_scan_env2025_seed0-499_48352cd1,12,27,48,0,2
20260912_215351_529_traffic_scan_env2025_seed0-499_48352cd1,12,27,49,0,2
20260912_215351_529_traffic_scan_env2025_seed0-499_48352cd1,12,27,50,0,1
20260912_215351_529_traffic_scan_env2025_seed0-499_48352cd1,12,27,50,1,1
20260912_215351_529_traffic_scan_env2025_seed0-499_48352cd1,12,27,53,1,1
20260912_215351_529_traffic_scan_env2025_seed0-499_48352cd1,12,27,55,1,1
20260912_215351_529_traffic_scan_env2025_seed0-499_48352cd1,12,27,56,2,1
20260912_215351_529_traffic_scan_env2025_seed0-499_48352cd1,12,27,57,2,1
20260912_215351_529_traffic_scan_env2025_seed0-499_48352cd1,12,27,58,2,1
20260912_215351_529_traffic_scan_env2025_seed0-499_48352cd1,12,28,1,1,1
20260912_215351_529_traffic_scan_env2025_seed0-499_48352cd1,12,28,9,2,1
20260912_215351_529_traffic_scan_env2025_seed0-499_48352cd1,12,28,11,0,1
20260912_215351_529_traffic_scan_env2025_seed0-499_48352cd1,12,28,11,1,1
20260912_215351_529_traffic_scan_env2025_seed0-499_48352cd1,12,28,12,0,2
20260912_215351_529_traffic_scan_env2025_seed0-499_48352cd1,12,28,13,0,1
20260912_215351_529_traffic_scan_env2025_seed0-499_48352cd1,12,28,15,1,3
20260912_215351_529_traffic_scan_env2025_seed0-499_48352cd1,12,28,16,1,1
20260912_215351_529_traffic_scan_env2025_seed0-499_48352cd1,12,28,17,2,1
20260912_215351_529_traffic_scan_env2025_seed0-499_48352cd1,12,28,18,2,1
20260912_215351_529_traffic_scan_env2025_seed0-499_48352cd1,12,28,19,0,1
20260912_215351_529_traffic_scan_env2025_seed0-499_48352cd1,12,28,19,1,1
20260912_215351_529_traffic_scan_env2025_seed0-499_48352cd1,12,28,20,1,3
20260912_215351_529_traffic_scan_env2025_seed0-499_48352cd1,12,28,22,1,2
20260912_215351_529_traffic_scan_env2025_seed0-499_48352cd1,12,28,25,0,1
20260912_215351_529_traffic_scan_env2025_seed0-499_48352cd1,12,28,26,0,3
20260912_215351_529_traffic_scan_env2025_seed0-499_48352cd1,12,28,26,1,3
20260912_215351_529_traffic_scan_env2025_seed0-499_48352cd1,12,28,27,1,2
20260912_215351_529_traffic_scan_env2025_seed0-499_48352cd1,12,28,29,0,3
20260912_215351_529_traffic_scan_env2025_seed0-499_48352cd1,12,28,30,0,1
20260912_215351_529_traffic_scan_env2025_seed0-499_48352cd1,12,28,30,1,4
20260912_215351_529_traffic_scan_env2025_seed0-499_48352cd1,12,28,31,0,1
20260912_215351_529_traffic_scan_env2025_seed0-499_48352cd1,12,28,31,1,1
20260912_215351_529_traffic_scan_env2025_seed0-499_48352cd1,12,28,32,0,1
20260912_215351_529_traffic_scan_env2025_seed0-499_48352cd1,12,28,32,1,1
20260912_215351_529_traffic_scan_env2025_seed0-499_48352cd1,12,28,33,0,4
20260912_215351_529_traffic_scan_env2025_seed0-499_48352cd1,12,28,33,1,3
20260912_215351_529_traffic_scan_env2025_seed0-499_48352cd1,12,28,34,2,3
20260912_215351_529_traffic_scan_env2025_seed0-499_48352cd1,12,28,36,1,4
20260912_215351_529_traffic_scan_env2025_seed0-499_48352cd1,12,28,37,0,1
20260912_215351_529_traffic_scan_env2025_seed0-499_48352cd1,12,28,37,1,2
20260912_215351_529_traffic_scan_env2025_seed0-499_48352cd1,12,28,38,1,2
20260912_215351_529_traffic_scan_env2025_seed0-499_48352cd1,12,28,39,0,2
20260912_215351_529_traffic_scan_env2025_seed0-499_48352cd1,12,28,40,0,5
20260912_215351_529_traffic_scan_env2025_seed0-499_48352cd1,12,28,40,1,1
20260912_215351_529_traffic_scan_env2025_seed0-499_48352cd1,12,28,41,2,1
20260912_215351_529_traffic_scan_env2025_seed0-499_48352cd1,12,28,42,2,2
20260912_215351_529_traffic_scan_env2025_seed0-499_48352cd1,12,28,43,0,1
20260912_215351_529_traffic_scan_env2025_seed0-499_48352cd1,12,28,43,1,1
20260912_215351_529_traffic_scan_env2025_seed0-499_48352cd1,12,28,44,0,1
20260912_215351_529_traffic_scan_env2025_seed0-499_48352cd1,12,28,45,1,3
20260912_215351_529_traffic_scan_env2025_seed0-499_48352cd1,12,28,47,0,2
20260912_215351_529_traffic_scan_env2025_seed0-499_48352cd1,12,28,48,0,2
20260912_215351_529_traffic_scan_env2025_seed0-499_48352cd1,12,28,50,0,1
20260912_215351_529_traffic_scan_env2025_seed0-499_48352cd1,12,28,50,1,1
20260912_215351_529_traffic_scan_env2025_seed0-499_48352cd1,12,28,52,1,1
20260912_215351_529_traffic_scan_env2025_seed0-499_48352cd1,12,28,55,1,1
20260912_215351_529_traffic_scan_env2025_seed0-499_48352cd1,12,28,56,2,1
20260912_215351_529_traffic_scan_env2025_seed0-499_48352cd1,12,28,57,2,1
20260912_215351_529_traffic_scan_env2025_seed0-499_48352cd1,12,28,58,2,1
20260912_215351_529_traffic_scan_env2025_seed0-499_48352cd1,12,29,1,1,1
20260912_215351_529_traffic_scan_env2025_seed0-499_48352cd1,12,29,8,0,1
20260912_215351_529_traffic_scan_env2025_seed0-499_48352cd1,12,29,10,1,1
20260912_215351_529_traffic_scan_env2025_seed0-499_48352cd1,12,29,11,0,2
20260912_215351_529_traffic_scan_env2025_seed0-499_48352cd1,12,29,11,1,1
20260912_215351_529_traffic_scan_env2025_seed0-499_48352cd1,12,29,14,1,1
20260912_215351_529_traffic_scan_env2025_seed0-499_48352cd1,12,29,15,1,2
20260912_215351_529_traffic_scan_env2025_seed0-499_48352cd1,12,29,16,1,3
20260912_215351_529_traffic_scan_env2025_seed0-499_48352cd1,12,29,17,1,2
20260912_215351_529_traffic_scan_env2025_seed0-499_48352cd1,12,29,18,0,2
20260912_215351_529_traffic_scan_env2025_seed0-499_48352cd1,12,29,18,1,4
20260912_215351_529_traffic_scan_env2025_seed0-499_48352cd1,12,29,19,1,4
20260912_215351_529_traffic_scan_env2025_seed0-499_48352cd1,12,29,20,1,1
20260912_215351_529_traffic_scan_env2025_seed0-499_48352cd1,12,29,21,1,3
20260912_215351_529_traffic_scan_env2025_seed0-499_48352cd1,12,29,22,1,1
20260912_215351_529_traffic_scan_env2025_seed0-499_48352cd1,12,29,25,0,4
20260912_215351_529_traffic_scan_env2025_seed0-499_48352cd1,12,29,25,1,1
20260912_215351_529_traffic_scan_env2025_seed0-499_48352cd1,12,29,27,2,2
20260912_215351_529_traffic_scan_env2025_seed0-499_48352cd1,12,29,28,0,2
20260912_215351_529_traffic_scan_env2025_seed0-499_48352cd1,12,29,28,1,2
20260912_215351_529_traffic_scan_env2025_seed0-499_48352cd1,12,29,30,0,1
20260912_215351_529_traffic_scan_env2025_seed0-499_48352cd1,12,29,30,1,2
20260912_215351_529_traffic_scan_env2025_seed0-499_48352cd1,12,29,31,0,2
20260912_215351_529_traffic_scan_env2025_seed0-499_48352cd1,12,29,31,1,3
20260912_215351_529_traffic_scan_env2025_seed0-499_48352cd1,12,29,32,0,1
20260912_215351_529_traffic_scan_env2025_seed0-499_48352cd1,12,29,32,1,1
20260912_215351_529_traffic_scan_env2025_seed0-499_48352cd1,12,29,33,0,4
20260912_215351_529_traffic_scan_env2025_seed0-499_48352cd1,12,29,33,1,4
20260912_215351_529_traffic_scan_env2025_seed0-499_48352cd1,12,29,34,2,2
20260912_215351_529_traffic_scan_env2025_seed0-499_48352cd1,12,29,35,2,1
20260912_215351_529_traffic_scan_env2025_seed0-499_48352cd1,12,29,36,0,1
20260912_215351_529_traffic_scan_env2025_seed0-499_48352cd1,12,29,36,1,2
20260912_215351_529_traffic_scan_env2025_seed0-499_48352cd1,12,29,37,1,3
20260912_215351_529_traffic_scan_env2025_seed0-499_48352cd1,12,29,39,0,3
20260912_215351_529_traffic_scan_env2025_seed0-499_48352cd1,12,29,39,1,4
20260912_215351_529_traffic_scan_env2025_seed0-499_48352cd1,12,29,40,1,1
20260912_215351_529_traffic_scan_env2025_seed0-499_48352cd1,12,29,41,0,4
20260912_215351_529_traffic_scan_env2025_seed0-499_48352cd1,12,29,41,1,1
20260912_215351_529_traffic_scan_env2025_seed0-499_48352cd1,12,29,42,0,1
20260912_215351_529_traffic_scan_env2025_seed0-499_48352cd1,12,29,43,2,2
20260912_215351_529_traffic_scan_env2025_seed0-499_48352cd1,12,29,44,1,1
20260912_215351_529_traffic_scan_env2025_seed0-499_48352cd1,12,29,45,1,1
20260912_215351_529_traffic_scan_env2025_seed0-499_48352cd1,12,29,46,0,4
20260912_215351_529_traffic_scan_env2025_seed0-499_48352cd1,12,29,46,1,1
20260912_215351_529_traffic_scan_env2025_seed0-499_48352cd1,12,29,47,0,2
20260912_215351_529_traffic_scan_env2025_seed0-499_48352cd1,12,29,50,0,1
20260912_215351_529_traffic_scan_env2025_seed0-499_48352cd1,12,29,50,1,1
20260912_215351_529_traffic_scan_env2025_seed0-499_48352cd1,12,29,51,1,1
20260912_215351_529_traffic_scan_env2025_seed0-499_48352cd1,12,29,55,1,1
20260912_215351_529_traffic_scan_env2025_seed0-499_48352cd1,12,29,56,1,1
20260912_215351_529_traffic_scan_env2025_seed0-499_48352cd1,12,29,57,2,1
20260912_215351_529_traffic_scan_env2025_seed0-499_48352cd1,12,29,58,1,1
20260912_215351_529_traffic_scan_env2025_seed0-499_48352cd1,12,30,1,1,1
20260912_215351_529_traffic_scan_env2025_seed0-499_48352cd1,12,30,6,0,1
20260912_215351_529_traffic_scan_env2025_seed0-499_48352cd1,12,30,7,0,1
20260912_215351_529_traffic_scan_env2025_seed0-499_48352cd1,12,30,9,0,1
20260912_215351_529_traffic_scan_env2025_seed0-499_48352cd1,12,30,10,0,1
20260912_215351_529_traffic_scan_env2025_seed0-499_48352cd1,12,30,11,0,1
20260912_215351_529_traffic_scan_env2025_seed0-499_48352cd1,12,30,11,1,2
20260912_215351_529_traffic_scan_env2025_seed0-499_48352cd1,12,30,15,1,1
20260912_215351_529_traffic_scan_env2025_seed0-499_48352cd1,12,30,17,1,3
20260912_215351_529_traffic_scan_env2025_seed0-499_48352cd1,12,30,18,1,4
20260912_215351_529_traffic_scan_env2025_seed0-499_48352cd1,12,30,19,0,2
20260912_215351_529_traffic_scan_env2025_seed0-499_48352cd1,12,30,19,1,1
20260912_215351_529_traffic_scan_env2025_seed0-499_48352cd1,12,30,20,0,1
20260912_215351_529_traffic_scan_env2025_seed0-499_48352cd1,12,30,20,1,1
20260912_215351_529_traffic_scan_env2025_seed0-499_48352cd1,12,30,23,1,1
20260912_215351_529_traffic_scan_env2025_seed0-499_48352cd1,12,30,24,0,3
20260912_215351_529_traffic_scan_env2025_seed0-499_48352cd1,12,30,24,1,2
20260912_215351_529_traffic_scan_env2025_seed0-499_48352cd1,12,30,25,1,1
20260912_215351_529_traffic_scan_env2025_seed0-499_48352cd1,12,30,26,0,1
20260912_215351_529_traffic_scan_env2025_seed0-499_48352cd1,12,30,26,1,1
20260912_215351_529_traffic_scan_env2025_seed0-499_48352cd1,12,30,27,1,1
20260912_215351_529_traffic_scan_env2025_seed0-499_48352cd1,12,30,28,0,2
20260912_215351_529_traffic_scan_env2025_seed0-499_48352cd1,12,30,28,1,3
20260912_215351_529_traffic_scan_env2025_seed0-499_48352cd1,12,30,29,1,5
20260912_215351_529_traffic_scan_env2025_seed0-499_48352cd1,12,30,30,2,1
20260912_215351_529_traffic_scan_env2025_seed0-499_48352cd1,12,30,31,0,3
20260912_215351_529_traffic_scan_env2025_seed0-499_48352cd1,12,30,31,1,2
20260912_215351_529_traffic_scan_env2025_seed0-499_48352cd1,12,30,32,0,3
20260912_215351_529_traffic_scan_env2025_seed0-499_48352cd1,12,30,32,1,6
20260912_215351_529_traffic_scan_env2025_seed0-499_48352cd1,12,30,33,0,1
20260912_215351_529_traffic_scan_env2025_seed0-499_48352cd1,12,30,33,1,2
20260912_215351_529_traffic_scan_env2025_seed0-499_48352cd1,12,30,34,0,1
20260912_215351_529_traffic_scan_env2025_seed0-499_48352cd1,12,30,34,1,4
20260912_215351_529_traffic_scan_env2025_seed0-499_48352cd1,12,30,35,0,1
20260912_215351_529_traffic_scan_env2025_seed0-499_48352cd1,12,30,35,1,4
20260912_215351_529_traffic_scan_env2025_seed0-499_48352cd1,12,30,36,1,1
20260912_215351_529_traffic_scan_env2025_seed0-499_48352cd1,12,30,37,1,1
20260912_215351_529_traffic_scan_env2025_seed0-499_48352cd1,12,30,38,0,2
20260912_215351_529_traffic_scan_env2025_seed0-499_48352cd1,12,30,38,1,5
20260912_215351_529_traffic_scan_env2025_seed0-499_48352cd1,12,30,39,0,1
20260912_215351_529_traffic_scan_env2025_seed0-499_48352cd1,12,30,39,1,1
20260912_215351_529_traffic_scan_env2025_seed0-499_48352cd1,12,30,40,1,2
20260912_215351_529_traffic_scan_env2025_seed0-499_48352cd1,12,30,41,0,1
20260912_215351_529_traffic_scan_env2025_seed0-499_48352cd1,12,30,42,0,4
20260912_215351_529_traffic_scan_env2025_seed0-499_48352cd1,12,30,43,1,2
20260912_215351_529_traffic_scan_env2025_seed0-499_48352cd1,12,30,44,0,3
20260912_215351_529_traffic_scan_env2025_seed0-499_48352cd1,12,30,44,1,1
20260912_215351_529_traffic_scan_env2025_seed0-499_48352cd1,12,30,45,0,3
20260912_215351_529_traffic_scan_env2025_seed0-499_48352cd1,12,30,45,1,3
20260912_215351_529_traffic_scan_env2025_seed0-499_48352cd1,12,30,50,0,1
20260912_215351_529_traffic_scan_env2025_seed0-499_48352cd1,12,30,50,1,2
20260912_215351_529_traffic_scan_env2025_seed0-499_48352cd1,12,30,55,1,1
20260912_215351_529_traffic_scan_env2025_seed0-499_48352cd1,12,30,56,1,1
20260912_215351_529_traffic_scan_env2025_seed0-499_48352cd1,12,30,57,1,1
20260912_215351_529_traffic_scan_env2025_seed0-499_48352cd1,12,30,58,1,1
20260912_215351_529_traffic_scan_env2025_seed0-499_48352cd1,12,31,1,1,1
20260912_215351_529_traffic_scan_env2025_seed0-499_48352cd1,12,31,11,0,1
20260912_215351_529_traffic_scan_env2025_seed0-499_48352cd1,12,31,12,1,2
20260912_215351_529_traffic_scan_env2025_seed0-499_48352cd1,12,31,15,1,1
20260912_215351_529_traffic_scan_env2025_seed0-499_48352cd1,12,31,16,1,1
20260912_215351_529_traffic_scan_env2025_seed0-499_48352cd1,12,31,17,1,1
20260912_215351_529_traffic_scan_env2025_seed0-499_48352cd1,12,31,18,1,5
20260912_215351_529_traffic_scan_env2025_seed0-499_48352cd1,12,31,19,0,1
20260912_215351_529_traffic_scan_env2025_seed0-499_48352cd1,12,31,19,1,1
20260912_215351_529_traffic_scan_env2025_seed0-499_48352cd1,12,31,20,0,2
20260912_215351_529_traffic_scan_env2025_seed0-499_48352cd1,12,31,20,1,3
20260912_215351_529_traffic_scan_env2025_seed0-499_48352cd1,12,31,23,0,3
20260912_215351_529_traffic_scan_env2025_seed0-499_48352cd1,12,31,23,1,1
20260912_215351_529_traffic_scan_env2025_seed0-499_48352cd1,12,31,27,0,3
20260912_215351_529_traffic_scan_env2025_seed0-499_48352cd1,12,31,28,1,2
20260912_215351_529_traffic_scan_env2025_seed0-499_48352cd1,12,31,29,1,2
20260912_215351_529_traffic_scan_env2025_seed0-499_48352cd1,12,31,30,0,2
20260912_215351_529_traffic_scan_env2025_seed0-499_48352cd1,12,31,30,1,3
20260912_215351_529_traffic_scan_env2025_seed0-499_48352cd1,12,31,31,0,2
20260912_215351_529_traffic_scan_env2025_seed0-499_48352cd1,12,31,31,1,2
20260912_215351_529_traffic_scan_env2025_seed0-499_48352cd1,12,31,32,0,1
20260912_215351_529_traffic_scan_env2025_seed0-499_48352cd1,12,31,33,0,2
20260912_215351_529_traffic_scan_env2025_seed0-499_48352cd1,12,31,33,1,5
20260912_215351_529_traffic_scan_env2025_seed0-499_48352cd1,12,31,34,0,1
20260912_215351_529_traffic_scan_env2025_seed0-499_48352cd1,12,31,34,1,3
20260912_215351_529_traffic_scan_env2025_seed0-499_48352cd1,12,31,35,0,1
20260912_215351_529_traffic_scan_env2025_seed0-499_48352cd1,12,31,35,1,1
20260912_215351_529_traffic_scan_env2025_seed0-499_48352cd1,12,31,36,1,1
20260912_215351_529_traffic_scan_env2025_seed0-499_48352cd1,12,31,37,0,2
20260912_215351_529_traffic_scan_env2025_seed0-499_48352cd1,12,31,37,1,1
20260912_215351_529_traffic_scan_env2025_seed0-499_48352cd1,12,31,39,0,1
20260912_215351_529_traffic_scan_env2025_seed0-499_48352cd1,12,31,39,1,5
20260912_215351_529_traffic_scan_env2025_seed0-499_48352cd1,12,31,40,0,1
20260912_215351_529_traffic_scan_env2025_seed0-499_48352cd1,12,31,41,0,3
20260912_215351_529_traffic_scan_env2025_seed0-499_48352cd1,12,31,41,1,1
20260912_215351_529_traffic_scan_env2025_seed0-499_48352cd1,12,31,42,0,3
20260912_215351_529_traffic_scan_env2025_seed0-499_48352cd1,12,31,42,1,1
20260912_215351_529_traffic_scan_env2025_seed0-499_48352cd1,12,31,43,0,7
20260912_215351_529_traffic_scan_env2025_seed0-499_48352cd1,12,31,43,1,1
20260912_215351_529_traffic_scan_env2025_seed0-499_48352cd1,12,31,44,2,1
20260912_215351_529_traffic_scan_env2025_seed0-499_48352cd1,12,31,45,0,1
20260912_215351_529_traffic_scan_env2025_seed0-499_48352cd1,12,31,45,1,2
20260912_215351_529_traffic_scan_env2025_seed0-499_48352cd1,12,31,49,1,1
20260912_215351_529_traffic_scan_env2025_seed0-499_48352cd1,12,31,50,0,1
20260912_215351_529_traffic_scan_env2025_seed0-499_48352cd1,12,31,50,1,1
20260912_215351_529_traffic_scan_env2025_seed0-499_48352cd1,12,31,55,1,1
20260912_215351_529_traffic_scan_env2025_seed0-499_48352cd1,12,31,56,1,1
20260912_215351_529_traffic_scan_env2025_seed0-499_48352cd1,12,31,57,1,1
20260912_215351_529_traffic_scan_env2025_seed0-499_48352cd1,12,31,58,1,1
20260912_215351_529_traffic_scan_env2025_seed0-499_48352cd1,12,32,1,1,1
20260912_215351_529_traffic_scan_env2025_seed0-499_48352cd1,12,32,11,0,1
20260912_215351_529_traffic_scan_env2025_seed0-499_48352cd1,12,32,12,2,1
20260912_215351_529_traffic_scan_env2025_seed0-499_48352cd1,12,32,13,1,1
20260912_215351_529_traffic_scan_env2025_seed0-499_48352cd1,12,32,15,1,2
20260912_215351_529_traffic_scan_env2025_seed0-499_48352cd1,12,32,16,1,1
20260912_215351_529_traffic_scan_env2025_seed0-499_48352cd1,12,32,18,0,1
20260912_215351_529_traffic_scan_env2025_seed0-499_48352cd1,12,32,18,1,3
20260912_215351_529_traffic_scan_env2025_seed0-499_48352cd1,12,32,19,1,1
20260912_215351_529_traffic_scan_env2025_seed0-499_48352cd1,12,32,20,0,1
20260912_215351_529_traffic_scan_env2025_seed0-499_48352cd1,12,32,20,1,1
20260912_215351_529_traffic_scan_env2025_seed0-499_48352cd1,12,32,21,0,3
20260912_215351_529_traffic_scan_env2025_seed0-499_48352cd1,12,32,21,1,2
20260912_215351_529_traffic_scan_env2025_seed0-499_48352cd1,12,32,22,0,4
20260912_215351_529_traffic_scan_env2025_seed0-499_48352cd1,12,32,22,1,2
20260912_215351_529_traffic_scan_env2025_seed0-499_48352cd1,12,32,23,0,1
20260912_215351_529_traffic_scan_env2025_seed0-499_48352cd1,12,32,23,1,1
20260912_215351_529_traffic_scan_env2025_seed0-499_48352cd1,12,32,24,1,1
20260912_215351_529_traffic_scan_env2025_seed0-499_48352cd1,12,32,25,1,1
20260912_215351_529_traffic_scan_env2025_seed0-499_48352cd1,12,32,26,0,3
20260912_215351_529_traffic_scan_env2025_seed0-499_48352cd1,12,32,26,1,1
20260912_215351_529_traffic_scan_env2025_seed0-499_48352cd1,12,32,27,0,1
20260912_215351_529_traffic_scan_env2025_seed0-499_48352cd1,12,32,27,1,3
20260912_215351_529_traffic_scan_env2025_seed0-499_48352cd1,12,32,28,0,1
20260912_215351_529_traffic_scan_env2025_seed0-499_48352cd1,12,32,28,1,1
20260912_215351_529_traffic_scan_env2025_seed0-499_48352cd1,12,32,29,0,1
20260912_215351_529_traffic_scan_env2025_seed0-499_48352cd1,12,32,29,1,2
20260912_215351_529_traffic_scan_env2025_seed0-499_48352cd1,12,32,30,0,3
20260912_215351_529_traffic_scan_env2025_seed0-499_48352cd1,12,32,30,1,5
20260912_215351_529_traffic_scan_env2025_seed0-499_48352cd1,12,32,31,1,3
20260912_215351_529_traffic_scan_env2025_seed0-499_48352cd1,12,32,32,1,2
20260912_215351_529_traffic_scan_env2025_seed0-499_48352cd1,12,32,33,0,3
20260912_215351_529_traffic_scan_env2025_seed0-499_48352cd1,12,32,33,1,4
20260912_215351_529_traffic_scan_env2025_seed0-499_48352cd1,12,32,34,0,1
20260912_215351_529_traffic_scan_env2025_seed0-499_48352cd1,12,32,34,1,5
20260912_215351_529_traffic_scan_env2025_seed0-499_48352cd1,12,32,35,1,1
20260912_215351_529_traffic_scan_env2025_seed0-499_48352cd1,12,32,36,0,3
20260912_215351_529_traffic_scan_env2025_seed0-499_48352cd1,12,32,36,1,3
20260912_215351_529_traffic_scan_env2025_seed0-499_48352cd1,12,32,37,1,2
20260912_215351_529_traffic_scan_env2025_seed0-499_48352cd1,12,32,38,1,2
20260912_215351_529_traffic_scan_env2025_seed0-499_48352cd1,12,32,39,0,2
20260912_215351_529_traffic_scan_env2025_seed0-499_48352cd1,12,32,39,1,2
20260912_215351_529_traffic_scan_env2025_seed0-499_48352cd1,12,32,40,0,3
20260912_215351_529_traffic_scan_env2025_seed0-499_48352cd1,12,32,40,1,4
20260912_215351_529_traffic_scan_env2025_seed0-499_48352cd1,12,32,41,2,2
20260912_215351_529_traffic_scan_env2025_seed0-499_48352cd1,12,32,42,2,2
20260912_215351_529_traffic_scan_env2025_seed0-499_48352cd1,12,32,43,1,3
20260912_215351_529_traffic_scan_env2025_seed0-499_48352cd1,12,32,44,0,5
20260912_215351_529_traffic_scan_env2025_seed0-499_48352cd1,12,32,45,0,4
20260912_215351_529_traffic_scan_env2025_seed0-499_48352cd1,12,32,46,0,1
20260912_215351_529_traffic_scan_env2025_seed0-499_48352cd1,12,32,46,1,3
20260912_215351_529_traffic_scan_env2025_seed0-499_48352cd1,12,32,47,2,1
20260912_215351_529_traffic_scan_env2025_seed0-499_48352cd1,12,32,48,2,2
20260912_215351_529_traffic_scan_env2025_seed0-499_48352cd1,12,32,49,1,1
20260912_215351_529_traffic_scan_env2025_seed0-499_48352cd1,12,32,50,0,2
20260912_215351_529_traffic_scan_env2025_seed0-499_48352cd1,12,32,50,1,1
20260912_215351_529_traffic_scan_env2025_seed0-499_48352cd1,12,32,51,0,1
20260912_215351_529_traffic_scan_env2025_seed0-499_48352cd1,12,32,55,1,2
20260912_215351_529_traffic_scan_env2025_seed0-499_48352cd1,12,32,58,1,2
20260912_215351_529_traffic_scan_env2025_seed0-499_48352cd1,12,33,1,1,1
20260912_215351_529_traffic_scan_env2025_seed0-499_48352cd1,12,33,11,0,1
20260912_215351_529_traffic_scan_env2025_seed0-499_48352cd1,12,33,12,1,1
20260912_215351_529_traffic_scan_env2025_seed0-499_48352cd1,12,33,13,0,1
20260912_215351_529_traffic_scan_env2025_seed0-499_48352cd1,12,33,14,1,2
20260912_215351_529_traffic_scan_env2025_seed0-499_48352cd1,12,33,15,1,1
20260912_215351_529_traffic_scan_env2025_seed0-499_48352cd1,12,33,16,1,1
20260912_215351_529_traffic_scan_env2025_seed0-499_48352cd1,12,33,17,0,1
20260912_215351_529_traffic_scan_env2025_seed0-499_48352cd1,12,33,18,1,3
20260912_215351_529_traffic_scan_env2025_seed0-499_48352cd1,12,33,19,0,1
20260912_215351_529_traffic_scan_env2025_seed0-499_48352cd1,12,33,19,1,1
20260912_215351_529_traffic_scan_env2025_seed0-499_48352cd1,12,33,20,1,1
20260912_215351_529_traffic_scan_env2025_seed0-499_48352cd1,12,33,21,0,2
20260912_215351_529_traffic_scan_env2025_seed0-499_48352cd1,12,33,21,1,1
20260912_215351_529_traffic_scan_env2025_seed0-499_48352cd1,12,33,22,0,1
20260912_215351_529_traffic_scan_env2025_seed0-499_48352cd1,12,33,22,1,1
20260912_215351_529_traffic_scan_env2025_seed0-499_48352cd1,12,33,24,0,1
20260912_215351_529_traffic_scan_env2025_seed0-499_48352cd1,12,33,25,0,3
20260912_215351_529_traffic_scan_env2025_seed0-499_48352cd1,12,33,26,2,2
20260912_215351_529_traffic_scan_env2025_seed0-499_48352cd1,12,33,28,0,1
20260912_215351_529_traffic_scan_env2025_seed0-499_48352cd1,12,33,28,1,1
20260912_215351_529_traffic_scan_env2025_seed0-499_48352cd1,12,33,29,0,3
20260912_215351_529_traffic_scan_env2025_seed0-499_48352cd1,12,33,29,1,2
20260912_215351_529_traffic_scan_env2025_seed0-499_48352cd1,12,33,30,0,1
20260912_215351_529_traffic_scan_env2025_seed0-499_48352cd1,12,33,31,1,3
20260912_215351_529_traffic_scan_env2025_seed0-499_48352cd1,12,33,32,0,2
20260912_215351_529_traffic_scan_env2025_seed0-499_48352cd1,12,33,32,1,5
20260912_215351_529_traffic_scan_env2025_seed0-499_48352cd1,12,33,33,1,1
20260912_215351_529_traffic_scan_env2025_seed0-499_48352cd1,12,33,34,0,1
20260912_215351_529_traffic_scan_env2025_seed0-499_48352cd1,12,33,34,1,1
20260912_215351_529_traffic_scan_env2025_seed0-499_48352cd1,12,33,35,0,3
20260912_215351_529_traffic_scan_env2025_seed0-499_48352cd1,12,33,35,1,4
20260912_215351_529_traffic_scan_env2025_seed0-499_48352cd1,12,33,37,0,1
20260912_215351_529_traffic_scan_env2025_seed0-499_48352cd1,12,33,37,1,2
20260912_215351_529_traffic_scan_env2025_seed0-499_48352cd1,12,33,38,0,1
20260912_215351_529_traffic_scan_env2025_seed0-499_48352cd1,12,33,38,1,1
20260912_215351_529_traffic_scan_env2025_seed0-499_48352cd1,12,33,39,0,4
20260912_215351_529_traffic_scan_env2025_seed0-499_48352cd1,12,33,39,1,1
20260912_215351_529_traffic_scan_env2025_seed0-499_48352cd1,12,33,40,1,1
20260912_215351_529_traffic_scan_env2025_seed0-499_48352cd1,12,33,41,2,3
20260912_215351_529_traffic_scan_env2025_seed0-499_48352cd1,12,33,42,2,1
20260912_215351_529_traffic_scan_env2025_seed0-499_48352cd1,12,33,43,1,2
20260912_215351_529_traffic_scan_env2025_seed0-499_48352cd1,12,33,45,0,1
20260912_215351_529_traffic_scan_env2025_seed0-499_48352cd1,12,33,46,0,4
20260912_215351_529_traffic_scan_env2025_seed0-499_48352cd1,12,33,46,1,1
20260912_215351_529_traffic_scan_env2025_seed0-499_48352cd1,12,33,47,2,2
20260912_215351_529_traffic_scan_env2025_seed0-499_48352cd1,12,33,49,0,2
20260912_215351_529_traffic_scan_env2025_seed0-499_48352cd1,12,33,50,0,1
20260912_215351_529_traffic_scan_env2025_seed0-499_48352cd1,12,33,50,1,1
20260912_215351_529_traffic_scan_env2025_seed0-499_48352cd1,12,33,55,0,2
20260912_215351_529_traffic_scan_env2025_seed0-499_48352cd1,12,33,55,1,2
20260912_215351_529_traffic_scan_env2025_seed0-499_48352cd1,12,33,58,0,1
20260912_215351_529_traffic_scan_env2025_seed0-499_48352cd1,12,33,58,1,2
20260912_215351_529_traffic_scan_env2025_seed0-499_48352cd1,12,34,1,1,1
20260912_215351_529_traffic_scan_env2025_seed0-499_48352cd1,12,34,11,0,1
20260912_215351_529_traffic_scan_env2025_seed0-499_48352cd1,12,34,12,1,1
20260912_215351_529_traffic_scan_env2025_seed0-499_48352cd1,12,34,13,0,1
20260912_215351_529_traffic_scan_env2025_seed0-499_48352cd1,12,34,14,0,1
20260912_215351_529_traffic_scan_env2025_seed0-499_48352cd1,12,34,15,1,2
20260912_215351_529_traffic_scan_env2025_seed0-499_48352cd1,12,34,16,0,1
20260912_215351_529_traffic_scan_env2025_seed0-499_48352cd1,12,34,16,1,1
20260912_215351_529_traffic_scan_env2025_seed0-499_48352cd1,12,34,18,0,2
20260912_215351_529_traffic_scan_env2025_seed0-499_48352cd1,12,34,18,1,4
20260912_215351_529_traffic_scan_env2025_seed0-499_48352cd1,12,34,19,0,1
20260912_215351_529_traffic_scan_env2025_seed0-499_48352cd1,12,34,20,0,3
20260912_215351_529_traffic_scan_env2025_seed0-499_48352cd1,12,34,20,1,1
20260912_215351_529_traffic_scan_env2025_seed0-499_48352cd1,12,34,21,0,1
20260912_215351_529_traffic_scan_env2025_seed0-499_48352cd1,12,34,21,1,1
20260912_215351_529_traffic_scan_env2025_seed0-499_48352cd1,12,34,22,0,1
20260912_215351_529_traffic_scan_env2025_seed0-499_48352cd1,12,34,23,0,2
20260912_215351_529_traffic_scan_env2025_seed0-499_48352cd1,12,34,23,1,1
20260912_215351_529_traffic_scan_env2025_seed0-499_48352cd1,12,34,24,0,3
20260912_215351_529_traffic_scan_env2025_seed0-499_48352cd1,12,34,25,0,1
20260912_215351_529_traffic_scan_env2025_seed0-499_48352cd1,12,34,25,1,2
20260912_215351_529_traffic_scan_env2025_seed0-499_48352cd1,12,34,27,2,1
20260912_215351_529_traffic_scan_env2025_seed0-499_48352cd1,12,34,28,0,2
20260912_215351_529_traffic_scan_env2025_seed0-499_48352cd1,12,34,28,1,2
20260912_215351_529_traffic_scan_env2025_seed0-499_48352cd1,12,34,30,0,2
20260912_215351_529_traffic_scan_env2025_seed0-499_48352cd1,12,34,30,1,1
20260912_215351_529_traffic_scan_env2025_seed0-499_48352cd1,12,34,31,0,2
20260912_215351_529_traffic_scan_env2025_seed0-499_48352cd1,12,34,31,1,3
20260912_215351_529_traffic_scan_env2025_seed0-499_48352cd1,12,34,33,0,1
20260912_215351_529_traffic_scan_env2025_seed0-499_48352cd1,12,34,33,1,4
20260912_215351_529_traffic_scan_env2025_seed0-499_48352cd1,12,34,34,0,3
20260912_215351_529_traffic_scan_env2025_seed0-499_48352cd1,12,34,34,1,2
20260912_215351_529_traffic_scan_env2025_seed0-499_48352cd1,12,34,35,0,2
20260912_215351_529_traffic_scan_env2025_seed0-499_48352cd1,12,34,36,0,2
20260912_215351_529_traffic_scan_env2025_seed0-499_48352cd1,12,34,36,1,4
20260912_215351_529_traffic_scan_env2025_seed0-499_48352cd1,12,34,37,0,2
20260912_215351_529_traffic_scan_env2025_seed0-499_48352cd1,12,34,37,1,1
20260912_215351_529_traffic_scan_env2025_seed0-499_48352cd1,12,34,38,0,4
20260912_215351_529_traffic_scan_env2025_seed0-499_48352cd1,12,34,38,1,2
20260912_215351_529_traffic_scan_env2025_seed0-499_48352cd1,12,34,39,0,1
20260912_215351_529_traffic_scan_env2025_seed0-499_48352cd1,12,34,39,1,4
20260912_215351_529_traffic_scan_env2025_seed0-499_48352cd1,12,34,41,1,1
20260912_215351_529_traffic_scan_env2025_seed0-499_48352cd1,12,34,42,1,3
20260912_215351_529_traffic_scan_env2025_seed0-499_48352cd1,12,34,43,1,1
20260912_215351_529_traffic_scan_env2025_seed0-499_48352cd1,12,34,44,1,1
20260912_215351_529_traffic_scan_env2025_seed0-499_48352cd1,12,34,46,0,1
20260912_215351_529_traffic_scan_env2025_seed0-499_48352cd1,12,34,46,1,2
20260912_215351_529_traffic_scan_env2025_seed0-499_48352cd1,12,34,47,0,4
20260912_215351_529_traffic_scan_env2025_seed0-499_48352cd1,12,34,48,0,2
20260912_215351_529_traffic_scan_env2025_seed0-499_48352cd1,12,34,48,1,1
20260912_215351_529_traffic_scan_env2025_seed0-499_48352cd1,12,34,49,0,1
20260912_215351_529_traffic_scan_env2025_seed0-499_48352cd1,12,34,50,0,4
20260912_215351_529_traffic_scan_env2025_seed0-499_48352cd1,12,34,50,1,1
20260912_215351_529_traffic_scan_env2025_seed0-499_48352cd1,12,34,54,0,2
20260912_215351_529_traffic_scan_env2025_seed0-499_48352cd1,12,34,55,2,1
20260912_215351_529_traffic_scan_env2025_seed0-499_48352cd1,12,34,56,0,2
20260912_215351_529_traffic_scan_env2025_seed0-499_48352cd1,12,34,56,1,1
20260912_215351_529_traffic_scan_env2025_seed0-499_48352cd1,12,34,57,0,2
20260912_215351_529_traffic_scan_env2025_seed0-499_48352cd1,12,34,58,1,2
20260912_215351_529_traffic_scan_env2025_seed0-499_48352cd1,12,34,59,0,1
20260912_215351_529_traffic_scan_env2025_seed0-499_48352cd1,12,35,1,1,1
20260912_215351_529_traffic_scan_env2025_seed0-499_48352cd1,12,35,2,0,1
20260912_215351_529_traffic_scan_env2025_seed0-499_48352cd1,12,35,3,0,1
20260912_215351_529_traffic_scan_env2025_seed0-499_48352cd1,12,35,4,0,2
20260912_215351_529_traffic_scan_env2025_seed0-499_48352cd1,12,35,5,0,2
20260912_215351_529_traffic_scan_env2025_seed0-499_48352cd1,12,35,6,0,2
20260912_215351_529_traffic_scan_env2025_seed0-499_48352cd1,12,35,7,0,2
20260912_215351_529_traffic_scan_env2025_seed0-499_48352cd1,12,35,8,0,2
20260912_215351_529_traffic_scan_env2025_seed0-499_48352cd1,12,35,9,0,2
20260912_215351_529_traffic_scan_env2025_seed0-499_48352cd1,12,35,10,0,2
20260912_215351_529_traffic_scan_env2025_seed0-499_48352cd1,12,35,11,0,2
20260912_215351_529_traffic_scan_env2025_seed0-499_48352cd1,12,35,12,0,4
20260912_215351_529_traffic_scan_env2025_seed0-499_48352cd1,12,35,12,1,1
20260912_215351_529_traffic_scan_env2025_seed0-499_48352cd1,12,35,13,0,2
20260912_215351_529_traffic_scan_env2025_seed0-499_48352cd1,12,35,14,0,2
20260912_215351_529_traffic_scan_env2025_seed0-499_48352cd1,12,35,15,0,4
20260912_215351_529_traffic_scan_env2025_seed0-499_48352cd1,12,35,15,1,1
20260912_215351_529_traffic_scan_env2025_seed0-499_48352cd1,12,35,16,0,3
20260912_215351_529_traffic_scan_env2025_seed0-499_48352cd1,12,35,16,1,2
20260912_215351_529_traffic_scan_env2025_seed0-499_48352cd1,12,35,17,0,3
20260912_215351_529_traffic_scan_env2025_seed0-499_48352cd1,12,35,17,1,1
20260912_215351_529_traffic_scan_env2025_seed0-499_48352cd1,12,35,18,0,1
20260912_215351_529_traffic_scan_env2025_seed0-499_48352cd1,12,35,18,1,3
20260912_215351_529_traffic_scan_env2025_seed0-499_48352cd1,12,35,19,0,3
20260912_215351_529_traffic_scan_env2025_seed0-499_48352cd1,12,35,19,1,1
20260912_215351_529_traffic_scan_env2025_seed0-499_48352cd1,12,35,20,0,1
20260912_215351_529_traffic_scan_env2025_seed0-499_48352cd1,12,35,21,0,1
20260912_215351_529_traffic_scan_env2025_seed0-499_48352cd1,12,35,22,0,1
20260912_215351_529_traffic_scan_env2025_seed0-499_48352cd1,12,35,22,1,1
20260912_215351_529_traffic_scan_env2025_seed0-499_48352cd1,12,35,23,0,3
20260912_215351_529_traffic_scan_env2025_seed0-499_48352cd1,12,35,24,0,2
20260912_215351_529_traffic_scan_env2025_seed0-499_48352cd1,12,35,24,1,3
20260912_215351_529_traffic_scan_env2025_seed0-499_48352cd1,12,35,25,0,1
20260912_215351_529_traffic_scan_env2025_seed0-499_48352cd1,12,35,26,0,3
20260912_215351_529_traffic_scan_env2025_seed0-499_48352cd1,12,35,26,1,1
20260912_215351_529_traffic_scan_env2025_seed0-499_48352cd1,12,35,27,0,3
20260912_215351_529_traffic_scan_env2025_seed0-499_48352cd1,12,35,27,1,2
20260912_215351_529_traffic_scan_env2025_seed0-499_48352cd1,12,35,28,0,1
20260912_215351_529_traffic_scan_env2025_seed0-499_48352cd1,12,35,29,0,1
20260912_215351_529_traffic_scan_env2025_seed0-499_48352cd1,12,35,29,1,1
20260912_215351_529_traffic_scan_env2025_seed0-499_48352cd1,12,35,30,0,2
20260912_215351_529_traffic_scan_env2025_seed0-499_48352cd1,12,35,30,1,3
20260912_215351_529_traffic_scan_env2025_seed0-499_48352cd1,12,35,31,0,4
20260912_215351_529_traffic_scan_env2025_seed0-499_48352cd1,12,35,31,1,1
20260912_215351_529_traffic_scan_env2025_seed0-499_48352cd1,12,35,32,0,1
20260912_215351_529_traffic_scan_env2025_seed0-499_48352cd1,12,35,32,1,2
20260912_215351_529_traffic_scan_env2025_seed0-499_48352cd1,12,35,33,0,2
20260912_215351_529_traffic_scan_env2025_seed0-499_48352cd1,12,35,33,1,2
20260912_215351_529_traffic_scan_env2025_seed0-499_48352cd1,12,35,34,1,6
20260912_215351_529_traffic_scan_env2025_seed0-499_48352cd1,12,35,35,1,2
20260912_215351_529_traffic_scan_env2025_seed0-499_48352cd1,12,35,36,0,2
20260912_215351_529_traffic_scan_env2025_seed0-499_48352cd1,12,35,36,1,1
20260912_215351_529_traffic_scan_env2025_seed0-499_48352cd1,12,35,37,0,3
20260912_215351_529_traffic_scan_env2025_seed0-499_48352cd1,12,35,37,1,3
20260912_215351_529_traffic_scan_env2025_seed0-499_48352cd1,12,35,38,1,2
20260912_215351_529_traffic_scan_env2025_seed0-499_48352cd1,12,35,39,0,2
20260912_215351_529_traffic_scan_env2025_seed0-499_48352cd1,12,35,39,1,3
20260912_215351_529_traffic_scan_env2025_seed0-499_48352cd1,12,35,40,0,2
20260912_215351_529_traffic_scan_env2025_seed0-499_48352cd1,12,35,40,1,2
20260912_215351_529_traffic_scan_env2025_seed0-499_48352cd1,12,35,41,0,1
20260912_215351_529_traffic_scan_env2025_seed0-499_48352cd1,12,35,41,1,1
20260912_215351_529_traffic_scan_env2025_seed0-499_48352cd1,12,35,42,0,1
20260912_215351_529_traffic_scan_env2025_seed0-499_48352cd1,12,35,42,1,1
20260912_215351_529_traffic_scan_env2025_seed0-499_48352cd1,12,35,43,0,1
20260912_215351_529_traffic_scan_env2025_seed0-499_48352cd1,12,35,43,1,5
20260912_215351_529_traffic_scan_env2025_seed0-499_48352cd1,12,35,44,0,1
20260912_215351_529_traffic_scan_env2025_seed0-499_48352cd1,12,35,44,1,1
20260912_215351_529_traffic_scan_env2025_seed0-499_48352cd1,12,35,45,0,1
20260912_215351_529_traffic_scan_env2025_seed0-499_48352cd1,12,35,45,1,4
20260912_215351_529_traffic_scan_env2025_seed0-499_48352cd1,12,35,46,0,1
20260912_215351_529_traffic_scan_env2025_seed0-499_48352cd1,12,35,46,1,1
20260912_215351_529_traffic_scan_env2025_seed0-499_48352cd1,12,35,47,0,2
20260912_215351_529_traffic_scan_env2025_seed0-499_48352cd1,12,35,47,1,1
20260912_215351_529_traffic_scan_env2025_seed0-499_48352cd1,12,35,48,0,2
20260912_215351_529_traffic_scan_env2025_seed0-499_48352cd1,12,35,48,1,1
20260912_215351_529_traffic_scan_env2025_seed0-499_48352cd1,12,35,49,0,1
20260912_215351_529_traffic_scan_env2025_seed0-499_48352cd1,12,35,49,1,1
20260912_215351_529_traffic_scan_env2025_seed0-499_48352cd1,12,35,50,0,2
20260912_215351_529_traffic_scan_env2025_seed0-499_48352cd1,12,35,50,1,1
20260912_215351_529_traffic_scan_env2025_seed0-499_48352cd1,12,35,51,0,4
20260912_215351_529_traffic_scan_env2025_seed0-499_48352cd1,12,35,52,0,4
20260912_215351_529_traffic_scan_env2025_seed0-499_48352cd1,12,35,53,0,2
20260912_215351_529_traffic_scan_env2025_seed0-499_48352cd1,12,35,55,1,2
20260912_215351_529_traffic_scan_env2025_seed0-499_48352cd1,12,35,56,0,1
20260912_215351_529_traffic_scan_env2025_seed0-499_48352cd1,12,35,57,0,1
20260912_215351_529_traffic_scan_env2025_seed0-499_48352cd1,12,35,58,0,1
20260912_215351_529_traffic_scan_env2025_seed0-499_48352cd1,12,35,58,1,2
20260912_215351_529_traffic_scan_env2025_seed0-499_48352cd1,12,36,1,1,1
20260912_215351_529_traffic_scan_env2025_seed0-499_48352cd1,12,36,11,0,1
20260912_215351_529_traffic_scan_env2025_seed0-499_48352cd1,12,36,12,1,1
20260912_215351_529_traffic_scan_env2025_seed0-499_48352cd1,12,36,13,0,1
20260912_215351_529_traffic_scan_env2025_seed0-499_48352cd1,12,36,14,0,1
20260912_215351_529_traffic_scan_env2025_seed0-499_48352cd1,12,36,15,0,1
20260912_215351_529_traffic_scan_env2025_seed0-499_48352cd1,12,36,15,1,1
20260912_215351_529_traffic_scan_env2025_seed0-499_48352cd1,12,36,16,0,1
20260912_215351_529_traffic_scan_env2025_seed0-499_48352cd1,12,36,16,1,2
20260912_215351_529_traffic_scan_env2025_seed0-499_48352cd1,12,36,17,0,1
20260912_215351_529_traffic_scan_env2025_seed0-499_48352cd1,12,36,17,1,1
20260912_215351_529_traffic_scan_env2025_seed0-499_48352cd1,12,36,18,2,3
20260912_215351_529_traffic_scan_env2025_seed0-499_48352cd1,12,36,19,0,3
20260912_215351_529_traffic_scan_env2025_seed0-499_48352cd1,12,36,20,0,1
20260912_215351_529_traffic_scan_env2025_seed0-499_48352cd1,12,36,22,0,2
20260912_215351_529_traffic_scan_env2025_seed0-499_48352cd1,12,36,22,1,1
20260912_215351_529_traffic_scan_env2025_seed0-499_48352cd1,12,36,23,1,3
20260912_215351_529_traffic_scan_env2025_seed0-499_48352cd1,12,36,25,0,2
20260912_215351_529_traffic_scan_env2025_seed0-499_48352cd1,12,36,25,1,2
20260912_215351_529_traffic_scan_env2025_seed0-499_48352cd1,12,36,26,0,1
20260912_215351_529_traffic_scan_env2025_seed0-499_48352cd1,12,36,26,1,2
20260912_215351_529_traffic_scan_env2025_seed0-499_48352cd1,12,36,27,0,1
20260912_215351_529_traffic_scan_env2025_seed0-499_48352cd1,12,36,28,2,1
20260912_215351_529_traffic_scan_env2025_seed0-499_48352cd1,12,36,29,1,3
20260912_215351_529_traffic_scan_env2025_seed0-499_48352cd1,12,36,30,0,3
20260912_215351_529_traffic_scan_env2025_seed0-499_48352cd1,12,36,32,0,3
20260912_215351_529_traffic_scan_env2025_seed0-499_48352cd1,12,36,32,1,1
20260912_215351_529_traffic_scan_env2025_seed0-499_48352cd1,12,36,33,1,1
20260912_215351_529_traffic_scan_env2025_seed0-499_48352cd1,12,36,34,0,1
20260912_215351_529_traffic_scan_env2025_seed0-499_48352cd1,12,36,34,1,1
20260912_215351_529_traffic_scan_env2025_seed0-499_48352cd1,12,36,35,0,4
20260912_215351_529_traffic_scan_env2025_seed0-499_48352cd1,12,36,35,1,1
20260912_215351_529_traffic_scan_env2025_seed0-499_48352cd1,12,36,36,0,2
20260912_215351_529_traffic_scan_env2025_seed0-499_48352cd1,12,36,37,0,1
20260912_215351_529_traffic_scan_env2025_seed0-499_48352cd1,12,36,37,1,1
20260912_215351_529_traffic_scan_env2025_seed0-499_48352cd1,12,36,38,0,1
20260912_215351_529_traffic_scan_env2025_seed0-499_48352cd1,12,36,38,1,2
20260912_215351_529_traffic_scan_env2025_seed0-499_48352cd1,12,36,39,0,1
20260912_215351_529_traffic_scan_env2025_seed0-499_48352cd1,12,36,39,1,2
20260912_215351_529_traffic_scan_env2025_seed0-499_48352cd1,12,36,40,0,1
20260912_215351_529_traffic_scan_env2025_seed0-499_48352cd1,12,36,40,1,1
20260912_215351_529_traffic_scan_env2025_seed0-499_48352cd1,12,36,41,0,1
20260912_215351_529_traffic_scan_env2025_seed0-499_48352cd1,12,36,43,1,1
20260912_215351_529_traffic_scan_env2025_seed0-499_48352cd1,12,36,44,0,1
20260912_215351_529_traffic_scan_env2025_seed0-499_48352cd1,12,36,44,1,3
20260912_215351_529_traffic_scan_env2025_seed0-499_48352cd1,12,36,45,1,1
20260912_215351_529_traffic_scan_env2025_seed0-499_48352cd1,12,36,46,0,1
20260912_215351_529_traffic_scan_env2025_seed0-499_48352cd1,12,36,46,1,1
20260912_215351_529_traffic_scan_env2025_seed0-499_48352cd1,12,36,47,0,1
20260912_215351_529_traffic_scan_env2025_seed0-499_48352cd1,12,36,48,0,1
20260912_215351_529_traffic_scan_env2025_seed0-499_48352cd1,12,36,49,1,1
20260912_215351_529_traffic_scan_env2025_seed0-499_48352cd1,12,36,50,0,1
20260912_215351_529_traffic_scan_env2025_seed0-499_48352cd1,12,36,50,1,2
20260912_215351_529_traffic_scan_env2025_seed0-499_48352cd1,12,36,53,0,2
20260912_215351_529_traffic_scan_env2025_seed0-499_48352cd1,12,36,54,1,1
20260912_215351_529_traffic_scan_env2025_seed0-499_48352cd1,12,36,55,0,1
20260912_215351_529_traffic_scan_env2025_seed0-499_48352cd1,12,36,55,1,1
20260912_215351_529_traffic_scan_env2025_seed0-499_48352cd1,12,36,58,1,2
20260912_215351_529_traffic_scan_env2025_seed0-499_48352cd1,12,37,1,1,1
20260912_215351_529_traffic_scan_env2025_seed0-499_48352cd1,12,37,12,1,1
20260912_215351_529_traffic_scan_env2025_seed0-499_48352cd1,12,37,13,0,1
20260912_215351_529_traffic_scan_env2025_seed0-499_48352cd1,12,37,14,0,2
20260912_215351_529_traffic_scan_env2025_seed0-499_48352cd1,12,37,15,0,1
20260912_215351_529_traffic_scan_env2025_seed0-499_48352cd1,12,37,15,1,2
20260912_215351_529_traffic_scan_env2025_seed0-499_48352cd1,12,37,17,0,2
20260912_215351_529_traffic_scan_env2025_seed0-499_48352cd1,12,37,17,1,1
20260912_215351_529_traffic_scan_env2025_seed0-499_48352cd1,12,37,18,0,3
20260912_215351_529_traffic_scan_env2025_seed0-499_48352cd1,12,37,18,1,3
20260912_215351_529_traffic_scan_env2025_seed0-499_48352cd1,12,37,21,0,3
20260912_215351_529_traffic_scan_env2025_seed0-499_48352cd1,12,37,21,1,1
20260912_215351_529_traffic_scan_env2025_seed0-499_48352cd1,12,37,23,1,1
20260912_215351_529_traffic_scan_env2025_seed0-499_48352cd1,12,37,24,0,1
20260912_215351_529_traffic_scan_env2025_seed0-499_48352cd1,12,37,24,1,2
20260912_215351_529_traffic_scan_env2025_seed0-499_48352cd1,12,37,25,0,1
20260912_215351_529_traffic_scan_env2025_seed0-499_48352cd1,12,37,25,1,2
20260912_215351_529_traffic_scan_env2025_seed0-499_48352cd1,12,37,26,0,1
20260912_215351_529_traffic_scan_env2025_seed0-499_48352cd1,12,37,26,1,1
20260912_215351_529_traffic_scan_env2025_seed0-499_48352cd1,12,37,27,1,1
20260912_215351_529_traffic_scan_env2025_seed0-499_48352cd1,12,37,28,0,1
20260912_215351_529_traffic_scan_env2025_seed0-499_48352cd1,12,37,28,1,3
20260912_215351_529_traffic_scan_env2025_seed0-499_48352cd1,12,37,29,0,2
20260912_215351_529_traffic_scan_env2025_seed0-499_48352cd1,12,37,30,0,1
20260912_215351_529_traffic_scan_env2025_seed0-499_48352cd1,12,37,31,0,2
20260912_215351_529_traffic_scan_env2025_seed0-499_48352cd1,12,37,31,1,2
20260912_215351_529_traffic_scan_env2025_seed0-499_48352cd1,12,37,32,1,1
20260912_215351_529_traffic_scan_env2025_seed0-499_48352cd1,12,37,33,0,1
20260912_215351_529_traffic_scan_env2025_seed0-499_48352cd1,12,37,33,1,1
20260912_215351_529_traffic_scan_env2025_seed0-499_48352cd1,12,37,34,0,2
20260912_215351_529_traffic_scan_env2025_seed0-499_48352cd1,12,37,34,1,1
20260912_215351_529_traffic_scan_env2025_seed0-499_48352cd1,12,37,35,0,2
20260912_215351_529_traffic_scan_env2025_seed0-499_48352cd1,12,37,36,0,3
20260912_215351_529_traffic_scan_env2025_seed0-499_48352cd1,12,37,36,1,2
20260912_215351_529_traffic_scan_env2025_seed0-499_48352cd1,12,37,38,0,1
20260912_215351_529_traffic_scan_env2025_seed0-499_48352cd1,12,37,38,1,1
20260912_215351_529_traffic_scan_env2025_seed0-499_48352cd1,12,37,39,0,2
20260912_215351_529_traffic_scan_env2025_seed0-499_48352cd1,12,37,39,1,3
20260912_215351_529_traffic_scan_env2025_seed0-499_48352cd1,12,37,41,0,1
20260912_215351_529_traffic_scan_env2025_seed0-499_48352cd1,12,37,41,1,1
20260912_215351_529_traffic_scan_env2025_seed0-499_48352cd1,12,37,42,0,1
20260912_215351_529_traffic_scan_env2025_seed0-499_48352cd1,12,37,43,1,2
20260912_215351_529_traffic_scan_env2025_seed0-499_48352cd1,12,37,44,1,1
20260912_215351_529_traffic_scan_env2025_seed0-499_48352cd1,12,37,45,0,2
20260912_215351_529_traffic_scan_env2025_seed0-499_48352cd1,12,37,45,1,2
20260912_215351_529_traffic_scan_env2025_seed0-499_48352cd1,12,37,47,1,1
20260912_215351_529_traffic_scan_env2025_seed0-499_48352cd1,12,37,49,0,1
20260912_215351_529_traffic_scan_env2025_seed0-499_48352cd1,12,37,50,0,2
20260912_215351_529_traffic_scan_env2025_seed0-499_48352cd1,12,37,50,1,1
20260912_215351_529_traffic_scan_env2025_seed0-499_48352cd1,12,37,51,1,1
20260912_215351_529_traffic_scan_env2025_seed0-499_48352cd1,12,37,52,0,1
20260912_215351_529_traffic_scan_env2025_seed0-499_48352cd1,12,37,53,2,1
20260912_215351_529_traffic_scan_env2025_seed0-499_48352cd1,12,37,54,0,2
20260912_215351_529_traffic_scan_env2025_seed0-499_48352cd1,12,37,56,1,1
20260912_215351_529_traffic_scan_env2025_seed0-499_48352cd1,12,37,58,1,2
20260912_215351_529_traffic_scan_env2025_seed0-499_48352cd1,12,38,1,1,1
20260912_215351_529_traffic_scan_env2025_seed0-499_48352cd1,12,38,11,1,1
20260912_215351_529_traffic_scan_env2025_seed0-499_48352cd1,12,38,12,0,1
20260912_215351_529_traffic_scan_env2025_seed0-499_48352cd1,12,38,13,0,1
20260912_215351_529_traffic_scan_env2025_seed0-499_48352cd1,12,38,14,1,1
20260912_215351_529_traffic_scan_env2025_seed0-499_48352cd1,12,38,15,0,2
20260912_215351_529_traffic_scan_env2025_seed0-499_48352cd1,12,38,16,0,1
20260912_215351_529_traffic_scan_env2025_seed0-499_48352cd1,12,38,16,1,1
20260912_215351_529_traffic_scan_env2025_seed0-499_48352cd1,12,38,17,0,3
20260912_215351_529_traffic_scan_env2025_seed0-499_48352cd1,12,38,17,1,2
20260912_215351_529_traffic_scan_env2025_seed0-499_48352cd1,12,38,19,2,1
20260912_215351_529_traffic_scan_env2025_seed0-499_48352cd1,12,38,20,2,1
20260912_215351_529_traffic_scan_env2025_seed0-499_48352cd1,12,38,21,0,2
20260912_215351_529_traffic_scan_env2025_seed0-499_48352cd1,12,38,22,0,1
20260912_215351_529_traffic_scan_env2025_seed0-499_48352cd1,12,38,22,1,1
20260912_215351_529_traffic_scan_env2025_seed0-499_48352cd1,12,38,23,0,1
20260912_215351_529_traffic_scan_env2025_seed0-499_48352cd1,12,38,23,1,1
20260912_215351_529_traffic_scan_env2025_seed0-499_48352cd1,12,38,24,0,1
20260912_215351_529_traffic_scan_env2025_seed0-499_48352cd1,12,38,24,1,2
20260912_215351_529_traffic_scan_env2025_seed0-499_48352cd1,12,38,25,1,1
20260912_215351_529_traffic_scan_env2025_seed0-499_48352cd1,12,38,26,2,1
20260912_215351_529_traffic_scan_env2025_seed0-499_48352cd1,12,38,27,0,1
20260912_215351_529_traffic_scan_env2025_seed0-499_48352cd1,12,38,27,1,4
20260912_215351_529_traffic_scan_env2025_seed0-499_48352cd1,12,38,28,0,2
20260912_215351_529_traffic_scan_env2025_seed0-499_48352cd1,12,38,29,0,1
20260912_215351_529_traffic_scan_env2025_seed0-499_48352cd1,12,38,30,0,3
20260912_215351_529_traffic_scan_env2025_seed0-499_48352cd1,12,38,30,1,2
20260912_215351_529_traffic_scan_env2025_seed0-499_48352cd1,12,38,33,0,1
20260912_215351_529_traffic_scan_env2025_seed0-499_48352cd1,12,38,34,0,4
20260912_215351_529_traffic_scan_env2025_seed0-499_48352cd1,12,38,35,1,2
20260912_215351_529_traffic_scan_env2025_seed0-499_48352cd1,12,38,37,0,3
20260912_215351_529_traffic_scan_env2025_seed0-499_48352cd1,12,38,37,1,3
20260912_215351_529_traffic_scan_env2025_seed0-499_48352cd1,12,38,38,1,1
20260912_215351_529_traffic_scan_env2025_seed0-499_48352cd1,12,38,39,0,2
20260912_215351_529_traffic_scan_env2025_seed0-499_48352cd1,12,38,39,1,3
20260912_215351_529_traffic_scan_env2025_seed0-499_48352cd1,12,38,40,0,1
20260912_215351_529_traffic_scan_env2025_seed0-499_48352cd1,12,38,40,1,2
20260912_215351_529_traffic_scan_env2025_seed0-499_48352cd1,12,38,41,1,1
20260912_215351_529_traffic_scan_env2025_seed0-499_48352cd1,12,38,42,0,2
20260912_215351_529_traffic_scan_env2025_seed0-499_48352cd1,12,38,42,1,2
20260912_215351_529_traffic_scan_env2025_seed0-499_48352cd1,12,38,43,2,3
20260912_215351_529_traffic_scan_env2025_seed0-499_48352cd1,12,38,44,0,1
20260912_215351_529_traffic_scan_env2025_seed0-499_48352cd1,12,38,44,1,1
20260912_215351_529_traffic_scan_env2025_seed0-499_48352cd1,12,38,45,1,1
20260912_215351_529_traffic_scan_env2025_seed0-499_48352cd1,12,38,46,0,1
20260912_215351_529_traffic_scan_env2025_seed0-499_48352cd1,12,38,46,1,3
20260912_215351_529_traffic_scan_env2025_seed0-499_48352cd1,12,38,47,1,1
20260912_215351_529_traffic_scan_env2025_seed0-499_48352cd1,12,38,48,1,2
20260912_215351_529_traffic_scan_env2025_seed0-499_48352cd1,12,38,50,0,3
20260912_215351_529_traffic_scan_env2025_seed0-499_48352cd1,12,38,50,1,1
20260912_215351_529_traffic_scan_env2025_seed0-499_48352cd1,12,38,51,0,1
20260912_215351_529_traffic_scan_env2025_seed0-499_48352cd1,12,38,52,1,2
20260912_215351_529_traffic_scan_env2025_seed0-499_48352cd1,12,38,54,0,1
20260912_215351_529_traffic_scan_env2025_seed0-499_48352cd1,12,38,56,1,1
20260912_215351_529_traffic_scan_env2025_seed0-499_48352cd1,12,38,58,1,2
20260912_215351_529_traffic_scan_env2025_seed0-499_48352cd1,12,39,1,1,1
20260912_215351_529_traffic_scan_env2025_seed0-499_48352cd1,12,39,4,0,1
20260912_215351_529_traffic_scan_env2025_seed0-499_48352cd1,12,39,7,0,1
20260912_215351_529_traffic_scan_env2025_seed0-499_48352cd1,12,39,11,0,1
20260912_215351_529_traffic_scan_env2025_seed0-499_48352cd1,12,39,11,1,1
20260912_215351_529_traffic_scan_env2025_seed0-499_48352cd1,12,39,12,0,2
20260912_215351_529_traffic_scan_env2025_seed0-499_48352cd1,12,39,13,1,2
20260912_215351_529_traffic_scan_env2025_seed0-499_48352cd1,12,39,14,1,1
20260912_215351_529_traffic_scan_env2025_seed0-499_48352cd1,12,39,15,0,3
20260912_215351_529_traffic_scan_env2025_seed0-499_48352cd1,12,39,16,0,2
20260912_215351_529_traffic_scan_env2025_seed0-499_48352cd1,12,39,16,1,1
20260912_215351_529_traffic_scan_env2025_seed0-499_48352cd1,12,39,17,0,3
20260912_215351_529_traffic_scan_env2025_seed0-499_48352cd1,12,39,17,1,2
20260912_215351_529_traffic_scan_env2025_seed0-499_48352cd1,12,39,18,0,4
20260912_215351_529_traffic_scan_env2025_seed0-499_48352cd1,12,39,19,0,3
20260912_215351_529_traffic_scan_env2025_seed0-499_48352cd1,12,39,19,1,1
20260912_215351_529_traffic_scan_env2025_seed0-499_48352cd1,12,39,20,0,3
20260912_215351_529_traffic_scan_env2025_seed0-499_48352cd1,12,39,20,1,1
20260912_215351_529_traffic_scan_env2025_seed0-499_48352cd1,12,39,21,1,1
20260912_215351_529_traffic_scan_env2025_seed0-499_48352cd1,12,39,22,0,1
20260912_215351_529_traffic_scan_env2025_seed0-499_48352cd1,12,39,22,1,1
20260912_215351_529_traffic_scan_env2025_seed0-499_48352cd1,12,39,23,0,2
20260912_215351_529_traffic_scan_env2025_seed0-499_48352cd1,12,39,23,1,2
20260912_215351_529_traffic_scan_env2025_seed0-499_48352cd1,12,39,25,1,1
20260912_215351_529_traffic_scan_env2025_seed0-499_48352cd1,12,39,26,1,3
20260912_215351_529_traffic_scan_env2025_seed0-499_48352cd1,12,39,27,0,2
20260912_215351_529_traffic_scan_env2025_seed0-499_48352cd1,12,39,27,1,1
20260912_215351_529_traffic_scan_env2025_seed0-499_48352cd1,12,39,28,0,1
20260912_215351_529_traffic_scan_env2025_seed0-499_48352cd1,12,39,28,1,1
20260912_215351_529_traffic_scan_env2025_seed0-499_48352cd1,12,39,29,1,1
20260912_215351_529_traffic_scan_env2025_seed0-499_48352cd1,12,39,30,0,4
20260912_215351_529_traffic_scan_env2025_seed0-499_48352cd1,12,39,30,1,1
20260912_215351_529_traffic_scan_env2025_seed0-499_48352cd1,12,39,33,0,3
20260912_215351_529_traffic_scan_env2025_seed0-499_48352cd1,12,39,33,1,1
20260912_215351_529_traffic_scan_env2025_seed0-499_48352cd1,12,39,34,1,1
20260912_215351_529_traffic_scan_env2025_seed0-499_48352cd1,12,39,35,0,2
20260912_215351_529_traffic_scan_env2025_seed0-499_48352cd1,12,39,35,1,3
20260912_215351_529_traffic_scan_env2025_seed0-499_48352cd1,12,39,36,1,3
20260912_215351_529_traffic_scan_env2025_seed0-499_48352cd1,12,39,38,0,3
20260912_215351_529_traffic_scan_env2025_seed0-499_48352cd1,12,39,38,1,1
20260912_215351_529_traffic_scan_env2025_seed0-499_48352cd1,12,39,39,0,1
20260912_215351_529_traffic_scan_env2025_seed0-499_48352cd1,12,39,39,1,2
20260912_215351_529_traffic_scan_env2025_seed0-499_48352cd1,12,39,40,0,1
20260912_215351_529_traffic_scan_env2025_seed0-499_48352cd1,12,39,41,0,1
20260912_215351_529_traffic_scan_env2025_seed0-499_48352cd1,12,39,41,1,1
20260912_215351_529_traffic_scan_env2025_seed0-499_48352cd1,12,39,42,1,1
20260912_215351_529_traffic_scan_env2025_seed0-499_48352cd1,12,39,43,0,3
20260912_215351_529_traffic_scan_env2025_seed0-499_48352cd1,12,39,43,1,1
20260912_215351_529_traffic_scan_env2025_seed0-499_48352cd1,12,39,47,1,3
20260912_215351_529_traffic_scan_env2025_seed0-499_48352cd1,12,39,48,1,1
20260912_215351_529_traffic_scan_env2025_seed0-499_48352cd1,12,39,49,0,1
20260912_215351_529_traffic_scan_env2025_seed0-499_48352cd1,12,39,49,1,1
20260912_215351_529_traffic_scan_env2025_seed0-499_48352cd1,12,39,50,0,3
20260912_215351_529_traffic_scan_env2025_seed0-499_48352cd1,12,39,50,1,1
20260912_215351_529_traffic_scan_env2025_seed0-499_48352cd1,12,39,51,0,2
20260912_215351_529_traffic_scan_env2025_seed0-499_48352cd1,12,39,51,1,1
20260912_215351_529_traffic_scan_env2025_seed0-499_48352cd1,12,39,52,0,1
20260912_215351_529_traffic_scan_env2025_seed0-499_48352cd1,12,39,53,0,1
20260912_215351_529_traffic_scan_env2025_seed0-499_48352cd1,12,39,53,1,1
20260912_215351_529_traffic_scan_env2025_seed0-499_48352cd1,12,39,54,0,1
20260912_215351_529_traffic_scan_env2025_seed0-499_48352cd1,12,39,55,0,2
20260912_215351_529_traffic_scan_env2025_seed0-499_48352cd1,12,39,56,0,1
20260912_215351_529_traffic_scan_env2025_seed0-499_48352cd1,12,39,56,1,1
20260912_215351_529_traffic_scan_env2025_seed0-499_48352cd1,12,39,58,1,2
20260912_215351_529_traffic_scan_env2025_seed0-499_48352cd1,12,40,1,1,1
20260912_215351_529_traffic_scan_env2025_seed0-499_48352cd1,12,40,2,0,1
20260912_215351_529_traffic_scan_env2025_seed0-499_48352cd1,12,40,3,0,1
20260912_215351_529_traffic_scan_env2025_seed0-499_48352cd1,12,40,5,0,1
20260912_215351_529_traffic_scan_env2025_seed0-499_48352cd1,12,40,6,0,1
20260912_215351_529_traffic_scan_env2025_seed0-499_48352cd1,12,40,8,0,1
20260912_215351_529_traffic_scan_env2025_seed0-499_48352cd1,12,40,9,0,1
20260912_215351_529_traffic_scan_env2025_seed0-499_48352cd1,12,40,10,0,1
20260912_215351_529_traffic_scan_env2025_seed0-499_48352cd1,12,40,10,1,1
20260912_215351_529_traffic_scan_env2025_seed0-499_48352cd1,12,40,11,0,1
20260912_215351_529_traffic_scan_env2025_seed0-499_48352cd1,12,40,11,1,2
20260912_215351_529_traffic_scan_env2025_seed0-499_48352cd1,12,40,12,0,2
20260912_215351_529_traffic_scan_env2025_seed0-499_48352cd1,12,40,12,1,1
20260912_215351_529_traffic_scan_env2025_seed0-499_48352cd1,12,40,13,1,2
20260912_215351_529_traffic_scan_env2025_seed0-499_48352cd1,12,40,14,2,2
20260912_215351_529_traffic_scan_env2025_seed0-499_48352cd1,12,40,15,1,4
20260912_215351_529_traffic_scan_env2025_seed0-499_48352cd1,12,40,16,1,3
20260912_215351_529_traffic_scan_env2025_seed0-499_48352cd1,12,40,17,0,5
20260912_215351_529_traffic_scan_env2025_seed0-499_48352cd1,12,40,17,1,4
20260912_215351_529_traffic_scan_env2025_seed0-499_48352cd1,12,40,18,0,1
20260912_215351_529_traffic_scan_env2025_seed0-499_48352cd1,12,40,18,1,3
20260912_215351_529_traffic_scan_env2025_seed0-499_48352cd1,12,40,19,1,2
20260912_215351_529_traffic_scan_env2025_seed0-499_48352cd1,12,40,20,1,3
20260912_215351_529_traffic_scan_env2025_seed0-499_48352cd1,12,40,21,0,1
20260912_215351_529_traffic_scan_env2025_seed0-499_48352cd1,12,40,21,1,5
20260912_215351_529_traffic_scan_env2025_seed0-499_48352cd1,12,40,22,1,5
20260912_215351_529_traffic_scan_env2025_seed0-499_48352cd1,12,40,23,0,1
20260912_215351_529_traffic_scan_env2025_seed0-499_48352cd1,12,40,23,1,3
20260912_215351_529_traffic_scan_env2025_seed0-499_48352cd1,12,40,24,1,5
20260912_215351_529_traffic_scan_env2025_seed0-499_48352cd1,12,40,25,0,1
20260912_215351_529_traffic_scan_env2025_seed0-499_48352cd1,12,40,25,1,4
20260912_215351_529_traffic_scan_env2025_seed0-499_48352cd1,12,40,26,0,3
20260912_215351_529_traffic_scan_env2025_seed0-499_48352cd1,12,40,26,1,2
20260912_215351_529_traffic_scan_env2025_seed0-499_48352cd1,12,40,27,0,1
20260912_215351_529_traffic_scan_env2025_seed0-499_48352cd1,12,40,27,1,4
20260912_215351_529_traffic_scan_env2025_seed0-499_48352cd1,12,40,28,0,1
20260912_215351_529_traffic_scan_env2025_seed0-499_48352cd1,12,40,28,1,3
20260912_215351_529_traffic_scan_env2025_seed0-499_48352cd1,12,40,29,0,2
20260912_215351_529_traffic_scan_env2025_seed0-499_48352cd1,12,40,29,1,3
20260912_215351_529_traffic_scan_env2025_seed0-499_48352cd1,12,40,30,0,2
20260912_215351_529_traffic_scan_env2025_seed0-499_48352cd1,12,40,30,1,3
20260912_215351_529_traffic_scan_env2025_seed0-499_48352cd1,12,40,31,0,4
20260912_215351_529_traffic_scan_env2025_seed0-499_48352cd1,12,40,31,1,2
20260912_215351_529_traffic_scan_env2025_seed0-499_48352cd1,12,40,32,0,4
20260912_215351_529_traffic_scan_env2025_seed0-499_48352cd1,12,40,32,1,2
20260912_215351_529_traffic_scan_env2025_seed0-499_48352cd1,12,40,34,1,2
20260912_215351_529_traffic_scan_env2025_seed0-499_48352cd1,12,40,36,0,2
20260912_215351_529_traffic_scan_env2025_seed0-499_48352cd1,12,40,37,1,1
20260912_215351_529_traffic_scan_env2025_seed0-499_48352cd1,12,40,39,0,4
20260912_215351_529_traffic_scan_env2025_seed0-499_48352cd1,12,40,39,1,3
20260912_215351_529_traffic_scan_env2025_seed0-499_48352cd1,12,40,41,0,1
20260912_215351_529_traffic_scan_env2025_seed0-499_48352cd1,12,40,41,1,1
20260912_215351_529_traffic_scan_env2025_seed0-499_48352cd1,12,40,42,0,2
20260912_215351_529_traffic_scan_env2025_seed0-499_48352cd1,12,40,42,1,1
20260912_215351_529_traffic_scan_env2025_seed0-499_48352cd1,12,40,43,1,1
20260912_215351_529_traffic_scan_env2025_seed0-499_48352cd1,12,40,44,0,2
20260912_215351_529_traffic_scan_env2025_seed0-499_48352cd1,12,40,47,1,4
20260912_215351_529_traffic_scan_env2025_seed0-499_48352cd1,12,40,49,0,1
20260912_215351_529_traffic_scan_env2025_seed0-499_48352cd1,12,40,50,0,1
20260912_215351_529_traffic_scan_env2025_seed0-499_48352cd1,12,40,50,1,3
20260912_215351_529_traffic_scan_env2025_seed0-499_48352cd1,12,40,54,1,1
20260912_215351_529_traffic_scan_env2025_seed0-499_48352cd1,12,40,56,0,1
20260912_215351_529_traffic_scan_env2025_seed0-499_48352cd1,12,40,56,1,1
20260912_215351_529_traffic_scan_env2025_seed0-499_48352cd1,12,40,58,1,2
20260912_215351_529_traffic_scan_env2025_seed0-499_48352cd1,12,41,1,1,1
20260912_215351_529_traffic_scan_env2025_seed0-499_48352cd1,12,41,3,0,1
20260912_215351_529_traffic_scan_env2025_seed0-499_48352cd1,12,41,6,0,1
20260912_215351_529_traffic_scan_env2025_seed0-499_48352cd1,12,41,7,0,1
20260912_215351_529_traffic_scan_env2025_seed0-499_48352cd1,12,41,8,0,1
20260912_215351_529_traffic_scan_env2025_seed0-499_48352cd1,12,41,9,0,2
20260912_215351_529_traffic_scan_env2025_seed0-499_48352cd1,12,41,10,0,2
20260912_215351_529_traffic_scan_env2025_seed0-499_48352cd1,12,41,11,0,2
20260912_215351_529_traffic_scan_env2025_seed0-499_48352cd1,12,41,11,1,1
20260912_215351_529_traffic_scan_env2025_seed0-499_48352cd1,12,41,14,0,1
20260912_215351_529_traffic_scan_env2025_seed0-499_48352cd1,12,41,15,0,1
20260912_215351_529_traffic_scan_env2025_seed0-499_48352cd1,12,41,16,0,2
20260912_215351_529_traffic_scan_env2025_seed0-499_48352cd1,12,41,16,1,1
20260912_215351_529_traffic_scan_env2025_seed0-499_48352cd1,12,41,17,0,2
20260912_215351_529_traffic_scan_env2025_seed0-499_48352cd1,12,41,17,1,3
20260912_215351_529_traffic_scan_env2025_seed0-499_48352cd1,12,41,18,0,2
20260912_215351_529_traffic_scan_env2025_seed0-499_48352cd1,12,41,19,1,1
20260912_215351_529_traffic_scan_env2025_seed0-499_48352cd1,12,41,20,0,1
20260912_215351_529_traffic_scan_env2025_seed0-499_48352cd1,12,41,20,1,1
20260912_215351_529_traffic_scan_env2025_seed0-499_48352cd1,12,41,21,1,2
20260912_215351_529_traffic_scan_env2025_seed0-499_48352cd1,12,41,22,0,1
20260912_215351_529_traffic_scan_env2025_seed0-499_48352cd1,12,41,22,1,1
20260912_215351_529_traffic_scan_env2025_seed0-499_48352cd1,12,41,23,0,1
20260912_215351_529_traffic_scan_env2025_seed0-499_48352cd1,12,41,24,1,2
20260912_215351_529_traffic_scan_env2025_seed0-499_48352cd1,12,41,25,0,2
20260912_215351_529_traffic_scan_env2025_seed0-499_48352cd1,12,41,25,1,1
20260912_215351_529_traffic_scan_env2025_seed0-499_48352cd1,12,41,27,1,2
20260912_215351_529_traffic_scan_env2025_seed0-499_48352cd1,12,41,28,1,1
20260912_215351_529_traffic_scan_env2025_seed0-499_48352cd1,12,41,29,0,1
20260912_215351_529_traffic_scan_env2025_seed0-499_48352cd1,12,41,30,0,2
20260912_215351_529_traffic_scan_env2025_seed0-499_48352cd1,12,41,30,1,2
20260912_215351_529_traffic_scan_env2025_seed0-499_48352cd1,12,41,31,0,3
20260912_215351_529_traffic_scan_env2025_seed0-499_48352cd1,12,41,33,0,1
20260912_215351_529_traffic_scan_env2025_seed0-499_48352cd1,12,41,33,1,3
20260912_215351_529_traffic_scan_env2025_seed0-499_48352cd1,12,41,34,1,1
20260912_215351_529_traffic_scan_env2025_seed0-499_48352cd1,12,41,35,1,1
20260912_215351_529_traffic_scan_env2025_seed0-499_48352cd1,12,41,36,1,1
20260912_215351_529_traffic_scan_env2025_seed0-499_48352cd1,12,41,37,0,2
20260912_215351_529_traffic_scan_env2025_seed0-499_48352cd1,12,41,37,1,1
20260912_215351_529_traffic_scan_env2025_seed0-499_48352cd1,12,41,38,1,2
20260912_215351_529_traffic_scan_env2025_seed0-499_48352cd1,12,41,39,0,1
20260912_215351_529_traffic_scan_env2025_seed0-499_48352cd1,12,41,39,1,3
20260912_215351_529_traffic_scan_env2025_seed0-499_48352cd1,12,41,40,0,3
20260912_215351_529_traffic_scan_env2025_seed0-499_48352cd1,12,41,40,1,3
20260912_215351_529_traffic_scan_env2025_seed0-499_48352cd1,12,41,41,0,1
20260912_215351_529_traffic_scan_env2025_seed0-499_48352cd1,12,41,41,1,1
20260912_215351_529_traffic_scan_env2025_seed0-499_48352cd1,12,41,42,0,1
20260912_215351_529_traffic_scan_env2025_seed0-499_48352cd1,12,41,42,1,1
20260912_215351_529_traffic_scan_env2025_seed0-499_48352cd1,12,41,43,0,1
20260912_215351_529_traffic_scan_env2025_seed0-499_48352cd1,12,41,43,1,3
20260912_215351_529_traffic_scan_env2025_seed0-499_48352cd1,12,41,44,0,1
20260912_215351_529_traffic_scan_env2025_seed0-499_48352cd1,12,41,44,1,1
20260912_215351_529_traffic_scan_env2025_seed0-499_48352cd1,12,41,45,0,1
20260912_215351_529_traffic_scan_env2025_seed0-499_48352cd1,12,41,45,1,1
20260912_215351_529_traffic_scan_env2025_seed0-499_48352cd1,12,41,46,0,1
20260912_215351_529_traffic_scan_env2025_seed0-499_48352cd1,12,41,46,1,2
20260912_215351_529_traffic_scan_env2025_seed0-499_48352cd1,12,41,47,1,4
20260912_215351_529_traffic_scan_env2025_seed0-499_48352cd1,12,41,49,0,1
20260912_215351_529_traffic_scan_env2025_seed0-499_48352cd1,12,41,49,1,1
20260912_215351_529_traffic_scan_env2025_seed0-499_48352cd1,12,41,50,0,2
20260912_215351_529_traffic_scan_env2025_seed0-499_48352cd1,12,41,50,1,1
20260912_215351_529_traffic_scan_env2025_seed0-499_48352cd1,12,41,51,2,1
20260912_215351_529_traffic_scan_env2025_seed0-499_48352cd1,12,41,52,0,2
20260912_215351_529_traffic_scan_env2025_seed0-499_48352cd1,12,41,53,0,2
20260912_215351_529_traffic_scan_env2025_seed0-499_48352cd1,12,41,54,0,2
20260912_215351_529_traffic_scan_env2025_seed0-499_48352cd1,12,41,55,0,2
20260912_215351_529_traffic_scan_env2025_seed0-499_48352cd1,12,41,55,1,1
20260912_215351_529_traffic_scan_env2025_seed0-499_48352cd1,12,41,56,0,2
20260912_215351_529_traffic_scan_env2025_seed0-499_48352cd1,12,41,56,1,1
20260912_215351_529_traffic_scan_env2025_seed0-499_48352cd1,12,41,57,0,2
20260912_215351_529_traffic_scan_env2025_seed0-499_48352cd1,12,41,58,0,1
20260912_215351_529_traffic_scan_env2025_seed0-499_48352cd1,12,41,58,1,2
20260912_215351_529_traffic_scan_env2025_seed0-499_48352cd1,12,41,59,0,1
20260912_215351_529_traffic_scan_env2025_seed0-499_48352cd1,12,42,1,1,1
20260912_215351_529_traffic_scan_env2025_seed0-499_48352cd1,12,42,4,0,1
20260912_215351_529_traffic_scan_env2025_seed0-499_48352cd1,12,42,8,0,1
20260912_215351_529_traffic_scan_env2025_seed0-499_48352cd1,12,42,9,0,1
20260912_215351_529_traffic_scan_env2025_seed0-499_48352cd1,12,42,10,0,1
20260912_215351_529_traffic_scan_env2025_seed0-499_48352cd1,12,42,10,1,1
20260912_215351_529_traffic_scan_env2025_seed0-499_48352cd1,12,42,14,0,1
20260912_215351_529_traffic_scan_env2025_seed0-499_48352cd1,12,42,15,0,3
20260912_215351_529_traffic_scan_env2025_seed0-499_48352cd1,12,42,16,2,1
20260912_215351_529_traffic_scan_env2025_seed0-499_48352cd1,12,42,17,1,5
20260912_215351_529_traffic_scan_env2025_seed0-499_48352cd1,12,42,18,0,2
20260912_215351_529_traffic_scan_env2025_seed0-499_48352cd1,12,42,19,0,2
20260912_215351_529_traffic_scan_env2025_seed0-499_48352cd1,12,42,19,1,1
20260912_215351_529_traffic_scan_env2025_seed0-499_48352cd1,12,42,20,1,2
20260912_215351_529_traffic_scan_env2025_seed0-499_48352cd1,12,42,21,0,1
20260912_215351_529_traffic_scan_env2025_seed0-499_48352cd1,12,42,22,0,1
20260912_215351_529_traffic_scan_env2025_seed0-499_48352cd1,12,42,23,1,4
20260912_215351_529_traffic_scan_env2025_seed0-499_48352cd1,12,42,24,0,2
20260912_215351_529_traffic_scan_env2025_seed0-499_48352cd1,12,42,24,1,1
20260912_215351_529_traffic_scan_env2025_seed0-499_48352cd1,12,42,25,1,1
20260912_215351_529_traffic_scan_env2025_seed0-499_48352cd1,12,42,26,1,3
20260912_215351_529_traffic_scan_env2025_seed0-499_48352cd1,12,42,27,1,2
20260912_215351_529_traffic_scan_env2025_seed0-499_48352cd1,12,42,28,0,1
20260912_215351_529_traffic_scan_env2025_seed0-499_48352cd1,12,42,28,1,1
20260912_215351_529_traffic_scan_env2025_seed0-499_48352cd1,12,42,29,0,1
20260912_215351_529_traffic_scan_env2025_seed0-499_48352cd1,12,42,29,1,2
20260912_215351_529_traffic_scan_env2025_seed0-499_48352cd1,12,42,30,0,2
20260912_215351_529_traffic_scan_env2025_seed0-499_48352cd1,12,42,30,1,2
20260912_215351_529_traffic_scan_env2025_seed0-499_48352cd1,12,42,31,0,2
20260912_215351_529_traffic_scan_env2025_seed0-499_48352cd1,12,42,31,1,2
20260912_215351_529_traffic_scan_env2025_seed0-499_48352cd1,12,42,32,1,3
20260912_215351_529_traffic_scan_env2025_seed0-499_48352cd1,12,42,33,1,1
20260912_215351_529_traffic_scan_env2025_seed0-499_48352cd1,12,42,34,0,1
20260912_215351_529_traffic_scan_env2025_seed0-499_48352cd1,12,42,34,1,1
20260912_215351_529_traffic_scan_env2025_seed0-499_48352cd1,12,42,35,1,1
20260912_215351_529_traffic_scan_env2025_seed0-499_48352cd1,12,42,36,1,1
20260912_215351_529_traffic_scan_env2025_seed0-499_48352cd1,12,42,37,1,1
20260912_215351_529_traffic_scan_env2025_seed0-499_48352cd1,12,42,38,0,2
20260912_215351_529_traffic_scan_env2025_seed0-499_48352cd1,12,42,38,1,1
20260912_215351_529_traffic_scan_env2025_seed0-499_48352cd1,12,42,39,0,1
20260912_215351_529_traffic_scan_env2025_seed0-499_48352cd1,12,42,39,1,5
20260912_215351_529_traffic_scan_env2025_seed0-499_48352cd1,12,42,40,0,1
20260912_215351_529_traffic_scan_env2025_seed0-499_48352cd1,12,42,40,1,1
20260912_215351_529_traffic_scan_env2025_seed0-499_48352cd1,12,42,41,0,3
20260912_215351_529_traffic_scan_env2025_seed0-499_48352cd1,12,42,41,1,2
20260912_215351_529_traffic_scan_env2025_seed0-499_48352cd1,12,42,42,1,1
20260912_215351_529_traffic_scan_env2025_seed0-499_48352cd1,12,42,43,0,1
20260912_215351_529_traffic_scan_env2025_seed0-499_48352cd1,12,42,43,1,2
20260912_215351_529_traffic_scan_env2025_seed0-499_48352cd1,12,42,44,0,2
20260912_215351_529_traffic_scan_env2025_seed0-499_48352cd1,12,42,44,1,2
20260912_215351_529_traffic_scan_env2025_seed0-499_48352cd1,12,42,45,1,2
20260912_215351_529_traffic_scan_env2025_seed0-499_48352cd1,12,42,46,1,1
20260912_215351_529_traffic_scan_env2025_seed0-499_48352cd1,12,42,47,0,1
20260912_215351_529_traffic_scan_env2025_seed0-499_48352cd1,12,42,47,1,1
20260912_215351_529_traffic_scan_env2025_seed0-499_48352cd1,12,42,48,0,3
20260912_215351_529_traffic_scan_env2025_seed0-499_48352cd1,12,42,48,1,3
20260912_215351_529_traffic_scan_env2025_seed0-499_48352cd1,12,42,49,1,1
20260912_215351_529_traffic_scan_env2025_seed0-499_48352cd1,12,42,50,0,1
20260912_215351_529_traffic_scan_env2025_seed0-499_48352cd1,12,42,50,1,2
20260912_215351_529_traffic_scan_env2025_seed0-499_48352cd1,12,42,51,0,1
20260912_215351_529_traffic_scan_env2025_seed0-499_48352cd1,12,42,51,1,1
20260912_215351_529_traffic_scan_env2025_seed0-499_48352cd1,12,42,52,1,1
20260912_215351_529_traffic_scan_env2025_seed0-499_48352cd1,12,42,56,1,2
20260912_215351_529_traffic_scan_env2025_seed0-499_48352cd1,12,42,58,0,1
20260912_215351_529_traffic_scan_env2025_seed0-499_48352cd1,12,42,58,1,2
20260912_215351_529_traffic_scan_env2025_seed0-499_48352cd1,12,43,1,1,1
20260912_215351_529_traffic_scan_env2025_seed0-499_48352cd1,12,43,5,1,1
20260912_215351_529_traffic_scan_env2025_seed0-499_48352cd1,12,43,7,0,1
20260912_215351_529_traffic_scan_env2025_seed0-499_48352cd1,12,43,10,0,1
20260912_215351_529_traffic_scan_env2025_seed0-499_48352cd1,12,43,11,2,1
20260912_215351_529_traffic_scan_env2025_seed0-499_48352cd1,12,43,14,0,4
20260912_215351_529_traffic_scan_env2025_seed0-499_48352cd1,12,43,15,3,1
20260912_215351_529_traffic_scan_env2025_seed0-499_48352cd1,12,43,17,0,3
20260912_215351_529_traffic_scan_env2025_seed0-499_48352cd1,12,43,17,1,3
20260912_215351_529_traffic_scan_env2025_seed0-499_48352cd1,12,43,18,0,1
20260912_215351_529_traffic_scan_env2025_seed0-499_48352cd1,12,43,18,1,1
20260912_215351_529_traffic_scan_env2025_seed0-499_48352cd1,12,43,19,1,2
20260912_215351_529_traffic_scan_env2025_seed0-499_48352cd1,12,43,20,0,2
20260912_215351_529_traffic_scan_env2025_seed0-499_48352cd1,12,43,21,0,1
20260912_215351_529_traffic_scan_env2025_seed0-499_48352cd1,12,43,22,0,3
20260912_215351_529_traffic_scan_env2025_seed0-499_48352cd1,12,43,23,0,2
20260912_215351_529_traffic_scan_env2025_seed0-499_48352cd1,12,43,24,0,1
20260912_215351_529_traffic_scan_env2025_seed0-499_48352cd1,12,43,25,1,1
20260912_215351_529_traffic_scan_env2025_seed0-499_48352cd1,12,43,27,0,1
20260912_215351_529_traffic_scan_env2025_seed0-499_48352cd1,12,43,27,1,2
20260912_215351_529_traffic_scan_env2025_seed0-499_48352cd1,12,43,28,0,1
20260912_215351_529_traffic_scan_env2025_seed0-499_48352cd1,12,43,29,0,2
20260912_215351_529_traffic_scan_env2025_seed0-499_48352cd1,12,43,30,1,2
20260912_215351_529_traffic_scan_env2025_seed0-499_48352cd1,12,43,31,0,1
20260912_215351_529_traffic_scan_env2025_seed0-499_48352cd1,12,43,31,1,2
20260912_215351_529_traffic_scan_env2025_seed0-499_48352cd1,12,43,32,0,1
20260912_215351_529_traffic_scan_env2025_seed0-499_48352cd1,12,43,32,1,1
20260912_215351_529_traffic_scan_env2025_seed0-499_48352cd1,12,43,35,0,1
20260912_215351_529_traffic_scan_env2025_seed0-499_48352cd1,12,43,38,0,1
20260912_215351_529_traffic_scan_env2025_seed0-499_48352cd1,12,43,38,1,1
20260912_215351_529_traffic_scan_env2025_seed0-499_48352cd1,12,43,39,0,4
20260912_215351_529_traffic_scan_env2025_seed0-499_48352cd1,12,43,39,1,2
20260912_215351_529_traffic_scan_env2025_seed0-499_48352cd1,12,43,40,1,1
20260912_215351_529_traffic_scan_env2025_seed0-499_48352cd1,12,43,42,0,3
20260912_215351_529_traffic_scan_env2025_seed0-499_48352cd1,12,43,42,1,1
20260912_215351_529_traffic_scan_env2025_seed0-499_48352cd1,12,43,43,1,1
20260912_215351_529_traffic_scan_env2025_seed0-499_48352cd1,12,43,44,0,2
20260912_215351_529_traffic_scan_env2025_seed0-499_48352cd1,12,43,44,1,1
20260912_215351_529_traffic_scan_env2025_seed0-499_48352cd1,12,43,45,0,1
20260912_215351_529_traffic_scan_env2025_seed0-499_48352cd1,12,43,45,1,1
20260912_215351_529_traffic_scan_env2025_seed0-499_48352cd1,12,43,47,1,1
20260912_215351_529_traffic_scan_env2025_seed0-499_48352cd1,12,43,48,0,1
20260912_215351_529_traffic_scan_env2025_seed0-499_48352cd1,12,43,49,0,2
20260912_215351_529_traffic_scan_env2025_seed0-499_48352cd1,12,43,49,1,1
20260912_215351_529_traffic_scan_env2025_seed0-499_48352cd1,12,43,50,0,1
20260912_215351_529_traffic_scan_env2025_seed0-499_48352cd1,12,43,50,1,1
20260912_215351_529_traffic_scan_env2025_seed0-499_48352cd1,12,43,53,0,1
20260912_215351_529_traffic_scan_env2025_seed0-499_48352cd1,12,43,54,0,1
20260912_215351_529_traffic_scan_env2025_seed0-499_48352cd1,12,43,56,2,1
20260912_215351_529_traffic_scan_env2025_seed0-499_48352cd1,12,43,57,1,1
20260912_215351_529_traffic_scan_env2025_seed0-499_48352cd1,12,43,58,1,2
20260912_215351_529_traffic_scan_env2025_seed0-499_48352cd1,12,43,59,0,1
20260912_215351_529_traffic_scan_env2025_seed0-499_48352cd1,12,44,1,1,1
20260912_215351_529_traffic_scan_env2025_seed0-499_48352cd1,12,44,6,0,1
20260912_215351_529_traffic_scan_env2025_seed0-499_48352cd1,12,44,6,1,1
20260912_215351_529_traffic_scan_env2025_seed0-499_48352cd1,12,44,10,0,1
20260912_215351_529_traffic_scan_env2025_seed0-499_48352cd1,12,44,11,2,1
20260912_215351_529_traffic_scan_env2025_seed0-499_48352cd1,12,44,13,0,2
20260912_215351_529_traffic_scan_env2025_seed0-499_48352cd1,12,44,14,0,2
20260912_215351_529_traffic_scan_env2025_seed0-499_48352cd1,12,44,14,2,1
20260912_215351_529_traffic_scan_env2025_seed0-499_48352cd1,12,44,17,0,4
20260912_215351_529_traffic_scan_env2025_seed0-499_48352cd1,12,44,17,1,4
20260912_215351_529_traffic_scan_env2025_seed0-499_48352cd1,12,44,18,1,2
20260912_215351_529_traffic_scan_env2025_seed0-499_48352cd1,12,44,19,0,1
20260912_215351_529_traffic_scan_env2025_seed0-499_48352cd1,12,44,20,0,1
20260912_215351_529_traffic_scan_env2025_seed0-499_48352cd1,12,44,21,0,4
20260912_215351_529_traffic_scan_env2025_seed0-499_48352cd1,12,44,22,0,2
20260912_215351_529_traffic_scan_env2025_seed0-499_48352cd1,12,44,24,2,1
20260912_215351_529_traffic_scan_env2025_seed0-499_48352cd1,12,44,25,0,1
20260912_215351_529_traffic_scan_env2025_seed0-499_48352cd1,12,44,26,0,1
20260912_215351_529_traffic_scan_env2025_seed0-499_48352cd1,12,44,27,0,1
20260912_215351_529_traffic_scan_env2025_seed0-499_48352cd1,12,44,27,1,1
20260912_215351_529_traffic_scan_env2025_seed0-499_48352cd1,12,44,28,0,2
20260912_215351_529_traffic_scan_env2025_seed0-499_48352cd1,12,44,28,1,1
20260912_215351_529_traffic_scan_env2025_seed0-499_48352cd1,12,44,30,1,3
20260912_215351_529_traffic_scan_env2025_seed0-499_48352cd1,12,44,31,0,1
20260912_215351_529_traffic_scan_env2025_seed0-499_48352cd1,12,44,31,1,1
20260912_215351_529_traffic_scan_env2025_seed0-499_48352cd1,12,44,32,1,1
20260912_215351_529_traffic_scan_env2025_seed0-499_48352cd1,12,44,33,0,1
20260912_215351_529_traffic_scan_env2025_seed0-499_48352cd1,12,44,33,1,2
20260912_215351_529_traffic_scan_env2025_seed0-499_48352cd1,12,44,36,0,1
20260912_215351_529_traffic_scan_env2025_seed0-499_48352cd1,12,44,37,0,1
20260912_215351_529_traffic_scan_env2025_seed0-499_48352cd1,12,44,37,1,1
20260912_215351_529_traffic_scan_env2025_seed0-499_48352cd1,12,44,40,0,4
20260912_215351_529_traffic_scan_env2025_seed0-499_48352cd1,12,44,40,1,1
20260912_215351_529_traffic_scan_env2025_seed0-499_48352cd1,12,44,41,1,1
20260912_215351_529_traffic_scan_env2025_seed0-499_48352cd1,12,44,43,0,3
20260912_215351_529_traffic_scan_env2025_seed0-499_48352cd1,12,44,43,1,3
20260912_215351_529_traffic_scan_env2025_seed0-499_48352cd1,12,44,44,0,1
20260912_215351_529_traffic_scan_env2025_seed0-499_48352cd1,12,44,45,0,1
20260912_215351_529_traffic_scan_env2025_seed0-499_48352cd1,12,44,46,0,1
20260912_215351_529_traffic_scan_env2025_seed0-499_48352cd1,12,44,46,1,2
20260912_215351_529_traffic_scan_env2025_seed0-499_48352cd1,12,44,49,0,1
20260912_215351_529_traffic_scan_env2025_seed0-499_48352cd1,12,44,50,0,3
20260912_215351_529_traffic_scan_env2025_seed0-499_48352cd1,12,44,50,1,2
20260912_215351_529_traffic_scan_env2025_seed0-499_48352cd1,12,44,55,0,1
20260912_215351_529_traffic_scan_env2025_seed0-499_48352cd1,12,44,56,1,1
20260912_215351_529_traffic_scan_env2025_seed0-499_48352cd1,12,44,58,1,3
20260912_215351_529_traffic_scan_env2025_seed0-499_48352cd1,12,45,1,1,1
20260912_215351_529_traffic_scan_env2025_seed0-499_48352cd1,12,45,5,0,1
20260912_215351_529_traffic_scan_env2025_seed0-499_48352cd1,12,45,7,1,1
20260912_215351_529_traffic_scan_env2025_seed0-499_48352cd1,12,45,9,0,1
20260912_215351_529_traffic_scan_env2025_seed0-499_48352cd1,12,45,11,1,1
20260912_215351_529_traffic_scan_env2025_seed0-499_48352cd1,12,45,12,0,1
20260912_215351_529_traffic_scan_env2025_seed0-499_48352cd1,12,45,13,1,1
20260912_215351_529_traffic_scan_env2025_seed0-499_48352cd1,12,45,14,0,1
20260912_215351_529_traffic_scan_env2025_seed0-499_48352cd1,12,45,15,0,2
20260912_215351_529_traffic_scan_env2025_seed0-499_48352cd1,12,45,16,0,3
20260912_215351_529_traffic_scan_env2025_seed0-499_48352cd1,12,45,16,1,1
20260912_215351_529_traffic_scan_env2025_seed0-499_48352cd1,12,45,17,0,1
20260912_215351_529_traffic_scan_env2025_seed0-499_48352cd1,12,45,17,1,5
20260912_215351_529_traffic_scan_env2025_seed0-499_48352cd1,12,45,18,0,1
20260912_215351_529_traffic_scan_env2025_seed0-499_48352cd1,12,45,19,0,1
20260912_215351_529_traffic_scan_env2025_seed0-499_48352cd1,12,45,20,0,3
20260912_215351_529_traffic_scan_env2025_seed0-499_48352cd1,12,45,21,0,2
20260912_215351_529_traffic_scan_env2025_seed0-499_48352cd1,12,45,21,1,1
20260912_215351_529_traffic_scan_env2025_seed0-499_48352cd1,12,45,22,0,1
20260912_215351_529_traffic_scan_env2025_seed0-499_48352cd1,12,45,22,1,1
20260912_215351_529_traffic_scan_env2025_seed0-499_48352cd1,12,45,23,2,1
20260912_215351_529_traffic_scan_env2025_seed0-499_48352cd1,12,45,25,0,2
20260912_215351_529_traffic_scan_env2025_seed0-499_48352cd1,12,45,26,0,1
20260912_215351_529_traffic_scan_env2025_seed0-499_48352cd1,12,45,27,0,2
20260912_215351_529_traffic_scan_env2025_seed0-499_48352cd1,12,45,27,1,1
20260912_215351_529_traffic_scan_env2025_seed0-499_48352cd1,12,45,29,1,3
20260912_215351_529_traffic_scan_env2025_seed0-499_48352cd1,12,45,30,1,1
20260912_215351_529_traffic_scan_env2025_seed0-499_48352cd1,12,45,31,0,1
20260912_215351_529_traffic_scan_env2025_seed0-499_48352cd1,12,45,34,0,2
20260912_215351_529_traffic_scan_env2025_seed0-499_48352cd1,12,45,34,1,1
20260912_215351_529_traffic_scan_env2025_seed0-499_48352cd1,12,45,35,0,1
20260912_215351_529_traffic_scan_env2025_seed0-499_48352cd1,12,45,36,0,2
20260912_215351_529_traffic_scan_env2025_seed0-499_48352cd1,12,45,37,0,1
20260912_215351_529_traffic_scan_env2025_seed0-499_48352cd1,12,45,37,1,1
20260912_215351_529_traffic_scan_env2025_seed0-499_48352cd1,12,45,40,0,4
20260912_215351_529_traffic_scan_env2025_seed0-499_48352cd1,12,45,40,1,1
20260912_215351_529_traffic_scan_env2025_seed0-499_48352cd1,12,45,42,1,2
20260912_215351_529_traffic_scan_env2025_seed0-499_48352cd1,12,45,43,2,1
20260912_215351_529_traffic_scan_env2025_seed0-499_48352cd1,12,45,44,0,4
20260912_215351_529_traffic_scan_env2025_seed0-499_48352cd1,12,45,44,1,1
20260912_215351_529_traffic_scan_env2025_seed0-499_48352cd1,12,45,45,1,1
20260912_215351_529_traffic_scan_env2025_seed0-499_48352cd1,12,45,46,0,1
20260912_215351_529_traffic_scan_env2025_seed0-499_48352cd1,12,45,47,0,1
20260912_215351_529_traffic_scan_env2025_seed0-499_48352cd1,12,45,47,1,1
20260912_215351_529_traffic_scan_env2025_seed0-499_48352cd1,12,45,49,0,1
20260912_215351_529_traffic_scan_env2025_seed0-499_48352cd1,12,45,50,0,1
20260912_215351_529_traffic_scan_env2025_seed0-499_48352cd1,12,45,50,1,1
20260912_215351_529_traffic_scan_env2025_seed0-499_48352cd1,12,45,51,0,3
20260912_215351_529_traffic_scan_env2025_seed0-499_48352cd1,12,45,52,0,2
20260912_215351_529_traffic_scan_env2025_seed0-499_48352cd1,12,45,56,0,2
20260912_215351_529_traffic_scan_env2025_seed0-499_48352cd1,12,45,58,1,3
20260912_215351_529_traffic_scan_env2025_seed0-499_48352cd1,12,46,1,1,1
20260912_215351_529_traffic_scan_env2025_seed0-499_48352cd1,12,46,8,0,1
20260912_215351_529_traffic_scan_env2025_seed0-499_48352cd1,12,46,8,1,1
20260912_215351_529_traffic_scan_env2025_seed0-499_48352cd1,12,46,9,1,1
20260912_215351_529_traffic_scan_env2025_seed0-499_48352cd1,12,46,10,1,1
20260912_215351_529_traffic_scan_env2025_seed0-499_48352cd1,12,46,11,1,2
20260912_215351_529_traffic_scan_env2025_seed0-499_48352cd1,12,46,12,0,1
20260912_215351_529_traffic_scan_env2025_seed0-499_48352cd1,12,46,12,1,2
20260912_215351_529_traffic_scan_env2025_seed0-499_48352cd1,12,46,13,0,1
20260912_215351_529_traffic_scan_env2025_seed0-499_48352cd1,12,46,13,1,1
20260912_215351_529_traffic_scan_env2025_seed0-499_48352cd1,12,46,14,0,1
20260912_215351_529_traffic_scan_env2025_seed0-499_48352cd1,12,46,14,1,1
20260912_215351_529_traffic_scan_env2025_seed0-499_48352cd1,12,46,15,0,2
20260912_215351_529_traffic_scan_env2025_seed0-499_48352cd1,12,46,15,1,2
20260912_215351_529_traffic_scan_env2025_seed0-499_48352cd1,12,46,16,1,3
20260912_215351_529_traffic_scan_env2025_seed0-499_48352cd1,12,46,17,0,3
20260912_215351_529_traffic_scan_env2025_seed0-499_48352cd1,12,46,17,1,4
20260912_215351_529_traffic_scan_env2025_seed0-499_48352cd1,12,46,18,0,1
20260912_215351_529_traffic_scan_env2025_seed0-499_48352cd1,12,46,18,1,1
20260912_215351_529_traffic_scan_env2025_seed0-499_48352cd1,12,46,19,0,3
20260912_215351_529_traffic_scan_env2025_seed0-499_48352cd1,12,46,19,1,1
20260912_215351_529_traffic_scan_env2025_seed0-499_48352cd1,12,46,20,0,2
20260912_215351_529_traffic_scan_env2025_seed0-499_48352cd1,12,46,20,1,1
20260912_215351_529_traffic_scan_env2025_seed0-499_48352cd1,12,46,22,3,1
20260912_215351_529_traffic_scan_env2025_seed0-499_48352cd1,12,46,23,0,1
20260912_215351_529_traffic_scan_env2025_seed0-499_48352cd1,12,46,23,1,1
20260912_215351_529_traffic_scan_env2025_seed0-499_48352cd1,12,46,24,0,2
20260912_215351_529_traffic_scan_env2025_seed0-499_48352cd1,12,46,24,1,1
20260912_215351_529_traffic_scan_env2025_seed0-499_48352cd1,12,46,25,0,1
20260912_215351_529_traffic_scan_env2025_seed0-499_48352cd1,12,46,25,1,1
20260912_215351_529_traffic_scan_env2025_seed0-499_48352cd1,12,46,26,0,2
20260912_215351_529_traffic_scan_env2025_seed0-499_48352cd1,12,46,26,1,1
20260912_215351_529_traffic_scan_env2025_seed0-499_48352cd1,12,46,27,1,2
20260912_215351_529_traffic_scan_env2025_seed0-499_48352cd1,12,46,28,1,3
20260912_215351_529_traffic_scan_env2025_seed0-499_48352cd1,12,46,29,1,1
20260912_215351_529_traffic_scan_env2025_seed0-499_48352cd1,12,46,30,0,1
20260912_215351_529_traffic_scan_env2025_seed0-499_48352cd1,12,46,30,1,2
20260912_215351_529_traffic_scan_env2025_seed0-499_48352cd1,12,46,31,0,1
20260912_215351_529_traffic_scan_env2025_seed0-499_48352cd1,12,46,31,1,1
20260912_215351_529_traffic_scan_env2025_seed0-499_48352cd1,12,46,34,0,1
20260912_215351_529_traffic_scan_env2025_seed0-499_48352cd1,12,46,35,0,2
20260912_215351_529_traffic_scan_env2025_seed0-499_48352cd1,12,46,36,1,1
20260912_215351_529_traffic_scan_env2025_seed0-499_48352cd1,12,46,37,0,1
20260912_215351_529_traffic_scan_env2025_seed0-499_48352cd1,12,46,38,0,2
20260912_215351_529_traffic_scan_env2025_seed0-499_48352cd1,12,46,39,0,2
20260912_215351_529_traffic_scan_env2025_seed0-499_48352cd1,12,46,40,0,6
20260912_215351_529_traffic_scan_env2025_seed0-499_48352cd1,12,46,40,1,1
20260912_215351_529_traffic_scan_env2025_seed0-499_48352cd1,12,46,41,0,1
20260912_215351_529_traffic_scan_env2025_seed0-499_48352cd1,12,46,41,1,1
20260912_215351_529_traffic_scan_env2025_seed0-499_48352cd1,12,46,42,0,1
20260912_215351_529_traffic_scan_env2025_seed0-499_48352cd1,12,46,43,0,1
20260912_215351_529_traffic_scan_env2025_seed0-499_48352cd1,12,46,43,1,2
20260912_215351_529_traffic_scan_env2025_seed0-499_48352cd1,12,46,44,0,4
20260912_215351_529_traffic_scan_env2025_seed0-499_48352cd1,12,46,44,1,1
20260912_215351_529_traffic_scan_env2025_seed0-499_48352cd1,12,46,45,0,1
20260912_215351_529_traffic_scan_env2025_seed0-499_48352cd1,12,46,47,0,1
20260912_215351_529_traffic_scan_env2025_seed0-499_48352cd1,12,46,48,0,1
20260912_215351_529_traffic_scan_env2025_seed0-499_48352cd1,12,46,48,1,1
20260912_215351_529_traffic_scan_env2025_seed0-499_48352cd1,12,46,50,0,2
20260912_215351_529_traffic_scan_env2025_seed0-499_48352cd1,12,46,50,1,1
20260912_215351_529_traffic_scan_env2025_seed0-499_48352cd1,12,46,51,0,1
20260912_215351_529_traffic_scan_env2025_seed0-499_48352cd1,12,46,53,0,2
20260912_215351_529_traffic_scan_env2025_seed0-499_48352cd1,12,46,54,0,1
20260912_215351_529_traffic_scan_env2025_seed0-499_48352cd1,12,46,56,0,1
20260912_215351_529_traffic_scan_env2025_seed0-499_48352cd1,12,46,57,0,1
20260912_215351_529_traffic_scan_env2025_seed0-499_48352cd1,12,46,58,1,3
20260912_215351_529_traffic_scan_env2025_seed0-499_48352cd1,12,47,1,1,1
20260912_215351_529_traffic_scan_env2025_seed0-499_48352cd1,12,47,7,0,1
20260912_215351_529_traffic_scan_env2025_seed0-499_48352cd1,12,47,11,1,2
20260912_215351_529_traffic_scan_env2025_seed0-499_48352cd1,12,47,12,0,2
20260912_215351_529_traffic_scan_env2025_seed0-499_48352cd1,12,47,13,0,1
20260912_215351_529_traffic_scan_env2025_seed0-499_48352cd1,12,47,14,0,2
20260912_215351_529_traffic_scan_env2025_seed0-499_48352cd1,12,47,15,0,1
20260912_215351_529_traffic_scan_env2025_seed0-499_48352cd1,12,47,15,1,2
20260912_215351_529_traffic_scan_env2025_seed0-499_48352cd1,12,47,17,0,1
20260912_215351_529_traffic_scan_env2025_seed0-499_48352cd1,12,47,17,1,3
20260912_215351_529_traffic_scan_env2025_seed0-499_48352cd1,12,47,18,0,4
20260912_215351_529_traffic_scan_env2025_seed0-499_48352cd1,12,47,20,0,2
20260912_215351_529_traffic_scan_env2025_seed0-499_48352cd1,12,47,21,3,1
20260912_215351_529_traffic_scan_env2025_seed0-499_48352cd1,12,47,23,0,2
20260912_215351_529_traffic_scan_env2025_seed0-499_48352cd1,12,47,24,0,1
20260912_215351_529_traffic_scan_env2025_seed0-499_48352cd1,12,47,25,0,3
20260912_215351_529_traffic_scan_env2025_seed0-499_48352cd1,12,47,27,1,3
20260912_215351_529_traffic_scan_env2025_seed0-499_48352cd1,12,47,30,0,1
20260912_215351_529_traffic_scan_env2025_seed0-499_48352cd1,12,47,31,1,1
20260912_215351_529_traffic_scan_env2025_seed0-499_48352cd1,12,47,32,0,1
20260912_215351_529_traffic_scan_env2025_seed0-499_48352cd1,12,47,32,1,1
20260912_215351_529_traffic_scan_env2025_seed0-499_48352cd1,12,47,33,1,1
20260912_215351_529_traffic_scan_env2025_seed0-499_48352cd1,12,47,34,0,2
20260912_215351_529_traffic_scan_env2025_seed0-499_48352cd1,12,47,34,1,1
20260912_215351_529_traffic_scan_env2025_seed0-499_48352cd1,12,47,35,1,2
20260912_215351_529_traffic_scan_env2025_seed0-499_48352cd1,12,47,36,0,1
20260912_215351_529_traffic_scan_env2025_seed0-499_48352cd1,12,47,36,1,1
20260912_215351_529_traffic_scan_env2025_seed0-499_48352cd1,12,47,37,0,1
20260912_215351_529_traffic_scan_env2025_seed0-499_48352cd1,12,47,37,1,1
20260912_215351_529_traffic_scan_env2025_seed0-499_48352cd1,12,47,37,2,1
20260912_215351_529_traffic_scan_env2025_seed0-499_48352cd1,12,47,38,1,2
20260912_215351_529_traffic_scan_env2025_seed0-499_48352cd1,12,47,38,2,1
20260912_215351_529_traffic_scan_env2025_seed0-499_48352cd1,12,47,39,2,3
20260912_215351_529_traffic_scan_env2025_seed0-499_48352cd1,12,47,40,2,3
20260912_215351_529_traffic_scan_env2025_seed0-499_48352cd1,12,47,41,0,5
20260912_215351_529_traffic_scan_env2025_seed0-499_48352cd1,12,47,41,1,1
20260912_215351_529_traffic_scan_env2025_seed0-499_48352cd1,12,47,42,1,1
20260912_215351_529_traffic_scan_env2025_seed0-499_48352cd1,12,47,43,1,3
20260912_215351_529_traffic_scan_env2025_seed0-499_48352cd1,12,47,44,0,1
20260912_215351_529_traffic_scan_env2025_seed0-499_48352cd1,12,47,44,1,2
20260912_215351_529_traffic_scan_env2025_seed0-499_48352cd1,12,47,45,0,3
20260912_215351_529_traffic_scan_env2025_seed0-499_48352cd1,12,47,45,1,1
20260912_215351_529_traffic_scan_env2025_seed0-499_48352cd1,12,47,46,0,1
20260912_215351_529_traffic_scan_env2025_seed0-499_48352cd1,12,47,46,1,1
20260912_215351_529_traffic_scan_env2025_seed0-499_48352cd1,12,47,47,1,1
20260912_215351_529_traffic_scan_env2025_seed0-499_48352cd1,12,47,48,0,1
20260912_215351_529_traffic_scan_env2025_seed0-499_48352cd1,12,47,48,1,1
20260912_215351_529_traffic_scan_env2025_seed0-499_48352cd1,12,47,49,0,1
20260912_215351_529_traffic_scan_env2025_seed0-499_48352cd1,12,47,49,1,2
20260912_215351_529_traffic_scan_env2025_seed0-499_48352cd1,12,47,50,0,1
20260912_215351_529_traffic_scan_env2025_seed0-499_48352cd1,12,47,50,1,2
20260912_215351_529_traffic_scan_env2025_seed0-499_48352cd1,12,47,51,0,2
20260912_215351_529_traffic_scan_env2025_seed0-499_48352cd1,12,47,51,1,1
20260912_215351_529_traffic_scan_env2025_seed0-499_48352cd1,12,47,53,0,1
20260912_215351_529_traffic_scan_env2025_seed0-499_48352cd1,12,47,54,0,2
20260912_215351_529_traffic_scan_env2025_seed0-499_48352cd1,12,47,55,0,1
20260912_215351_529_traffic_scan_env2025_seed0-499_48352cd1,12,47,56,0,2
20260912_215351_529_traffic_scan_env2025_seed0-499_48352cd1,12,47,57,0,1
20260912_215351_529_traffic_scan_env2025_seed0-499_48352cd1,12,47,58,0,2
20260912_215351_529_traffic_scan_env2025_seed0-499_48352cd1,12,47,58,1,3
20260912_215351_529_traffic_scan_env2025_seed0-499_48352cd1,12,48,1,1,1
20260912_215351_529_traffic_scan_env2025_seed0-499_48352cd1,12,48,6,0,1
20260912_215351_529_traffic_scan_env2025_seed0-499_48352cd1,12,48,10,1,1
20260912_215351_529_traffic_scan_env2025_seed0-499_48352cd1,12,48,11,1,1
20260912_215351_529_traffic_scan_env2025_seed0-499_48352cd1,12,48,12,0,2
20260912_215351_529_traffic_scan_env2025_seed0-499_48352cd1,12,48,13,0,2
20260912_215351_529_traffic_scan_env2025_seed0-499_48352cd1,12,48,14,1,2
20260912_215351_529_traffic_scan_env2025_seed0-499_48352cd1,12,48,15,0,1
20260912_215351_529_traffic_scan_env2025_seed0-499_48352cd1,12,48,17,0,4
20260912_215351_529_traffic_scan_env2025_seed0-499_48352cd1,12,48,17,1,3
20260912_215351_529_traffic_scan_env2025_seed0-499_48352cd1,12,48,19,0,3
20260912_215351_529_traffic_scan_env2025_seed0-499_48352cd1,12,48,20,2,1
20260912_215351_529_traffic_scan_env2025_seed0-499_48352cd1,12,48,21,0,1
20260912_215351_529_traffic_scan_env2025_seed0-499_48352cd1,12,48,22,0,1
20260912_215351_529_traffic_scan_env2025_seed0-499_48352cd1,12,48,23,0,2
20260912_215351_529_traffic_scan_env2025_seed0-499_48352cd1,12,48,24,0,2
20260912_215351_529_traffic_scan_env2025_seed0-499_48352cd1,12,48,26,0,3
20260912_215351_529_traffic_scan_env2025_seed0-499_48352cd1,12,48,27,1,1
20260912_215351_529_traffic_scan_env2025_seed0-499_48352cd1,12,48,30,0,1
20260912_215351_529_traffic_scan_env2025_seed0-499_48352cd1,12,48,32,0,1
20260912_215351_529_traffic_scan_env2025_seed0-499_48352cd1,12,48,32,1,1
20260912_215351_529_traffic_scan_env2025_seed0-499_48352cd1,12,48,33,0,1
20260912_215351_529_traffic_scan_env2025_seed0-499_48352cd1,12,48,34,2,1
20260912_215351_529_traffic_scan_env2025_seed0-499_48352cd1,12,48,35,0,1
20260912_215351_529_traffic_scan_env2025_seed0-499_48352cd1,12,48,36,1,1
20260912_215351_529_traffic_scan_env2025_seed0-499_48352cd1,12,48,40,2,2
20260912_215351_529_traffic_scan_env2025_seed0-499_48352cd1,12,48,41,0,3
20260912_215351_529_traffic_scan_env2025_seed0-499_48352cd1,12,48,42,0,2
20260912_215351_529_traffic_scan_env2025_seed0-499_48352cd1,12,48,42,1,1
20260912_215351_529_traffic_scan_env2025_seed0-499_48352cd1,12,48,43,1,1
20260912_215351_529_traffic_scan_env2025_seed0-499_48352cd1,12,48,45,0,1
20260912_215351_529_traffic_scan_env2025_seed0-499_48352cd1,12,48,46,0,3
20260912_215351_529_traffic_scan_env2025_seed0-499_48352cd1,12,48,47,0,1
20260912_215351_529_traffic_scan_env2025_seed0-499_48352cd1,12,48,50,0,3
20260912_215351_529_traffic_scan_env2025_seed0-499_48352cd1,12,48,50,1,1
20260912_215351_529_traffic_scan_env2025_seed0-499_48352cd1,12,48,51,0,1
20260912_215351_529_traffic_scan_env2025_seed0-499_48352cd1,12,48,52,0,3
20260912_215351_529_traffic_scan_env2025_seed0-499_48352cd1,12,48,55,0,1
20260912_215351_529_traffic_scan_env2025_seed0-499_48352cd1,12,48,56,0,1
20260912_215351_529_traffic_scan_env2025_seed0-499_48352cd1,12,48,58,0,1
20260912_215351_529_traffic_scan_env2025_seed0-499_48352cd1,12,48,58,1,3
20260912_215351_529_traffic_scan_env2025_seed0-499_48352cd1,12,49,1,1,1
20260912_215351_529_traffic_scan_env2025_seed0-499_48352cd1,12,49,5,0,1
20260912_215351_529_traffic_scan_env2025_seed0-499_48352cd1,12,49,9,0,1
20260912_215351_529_traffic_scan_env2025_seed0-499_48352cd1,12,49,11,0,2
20260912_215351_529_traffic_scan_env2025_seed0-499_48352cd1,12,49,12,0,2
20260912_215351_529_traffic_scan_env2025_seed0-499_48352cd1,12,49,13,1,2
20260912_215351_529_traffic_scan_env2025_seed0-499_48352cd1,12,49,15,0,1
20260912_215351_529_traffic_scan_env2025_seed0-499_48352cd1,12,49,16,0,3
20260912_215351_529_traffic_scan_env2025_seed0-499_48352cd1,12,49,17,0,1
20260912_215351_529_traffic_scan_env2025_seed0-499_48352cd1,12,49,17,1,1
20260912_215351_529_traffic_scan_env2025_seed0-499_48352cd1,12,49,18,0,3
20260912_215351_529_traffic_scan_env2025_seed0-499_48352cd1,12,49,19,1,1
20260912_215351_529_traffic_scan_env2025_seed0-499_48352cd1,12,49,20,0,2
20260912_215351_529_traffic_scan_env2025_seed0-499_48352cd1,12,49,22,0,1
20260912_215351_529_traffic_scan_env2025_seed0-499_48352cd1,12,49,23,0,2
20260912_215351_529_traffic_scan_env2025_seed0-499_48352cd1,12,49,24,0,1
20260912_215351_529_traffic_scan_env2025_seed0-499_48352cd1,12,49,25,0,2
20260912_215351_529_traffic_scan_env2025_seed0-499_48352cd1,12,49,27,0,1
20260912_215351_529_traffic_scan_env2025_seed0-499_48352cd1,12,49,27,1,1
20260912_215351_529_traffic_scan_env2025_seed0-499_48352cd1,12,49,29,0,1
20260912_215351_529_traffic_scan_env2025_seed0-499_48352cd1,12,49,32,0,2
20260912_215351_529_traffic_scan_env2025_seed0-499_48352cd1,12,49,33,1,2
20260912_215351_529_traffic_scan_env2025_seed0-499_48352cd1,12,49,34,1,1
20260912_215351_529_traffic_scan_env2025_seed0-499_48352cd1,12,49,35,1,2
20260912_215351_529_traffic_scan_env2025_seed0-499_48352cd1,12,49,36,0,1
20260912_215351_529_traffic_scan_env2025_seed0-499_48352cd1,12,49,36,1,1
20260912_215351_529_traffic_scan_env2025_seed0-499_48352cd1,12,49,40,2,1
20260912_215351_529_traffic_scan_env2025_seed0-499_48352cd1,12,49,41,0,3
20260912_215351_529_traffic_scan_env2025_seed0-499_48352cd1,12,49,41,1,2
20260912_215351_529_traffic_scan_env2025_seed0-499_48352cd1,12,49,43,0,2
20260912_215351_529_traffic_scan_env2025_seed0-499_48352cd1,12,49,43,1,1
20260912_215351_529_traffic_scan_env2025_seed0-499_48352cd1,12,49,45,1,1
20260912_215351_529_traffic_scan_env2025_seed0-499_48352cd1,12,49,46,0,1
20260912_215351_529_traffic_scan_env2025_seed0-499_48352cd1,12,49,46,1,1
20260912_215351_529_traffic_scan_env2025_seed0-499_48352cd1,12,49,47,0,4
20260912_215351_529_traffic_scan_env2025_seed0-499_48352cd1,12,49,47,1,1
20260912_215351_529_traffic_scan_env2025_seed0-499_48352cd1,12,49,48,0,1
20260912_215351_529_traffic_scan_env2025_seed0-499_48352cd1,12,49,48,1,1
20260912_215351_529_traffic_scan_env2025_seed0-499_48352cd1,12,49,49,1,1
20260912_215351_529_traffic_scan_env2025_seed0-499_48352cd1,12,49,50,0,1
20260912_215351_529_traffic_scan_env2025_seed0-499_48352cd1,12,49,50,1,2
20260912_215351_529_traffic_scan_env2025_seed0-499_48352cd1,12,49,51,0,1
20260912_215351_529_traffic_scan_env2025_seed0-499_48352cd1,12,49,52,0,2
20260912_215351_529_traffic_scan_env2025_seed0-499_48352cd1,12,49,53,0,1
20260912_215351_529_traffic_scan_env2025_seed0-499_48352cd1,12,49,54,0,1
20260912_215351_529_traffic_scan_env2025_seed0-499_48352cd1,12,49,55,0,3
20260912_215351_529_traffic_scan_env2025_seed0-499_48352cd1,12,49,56,0,5
20260912_215351_529_traffic_scan_env2025_seed0-499_48352cd1,12,49,57,0,1
20260912_215351_529_traffic_scan_env2025_seed0-499_48352cd1,12,49,58,0,1
20260912_215351_529_traffic_scan_env2025_seed0-499_48352cd1,12,49,58,1,3
20260912_215351_529_traffic_scan_env2025_seed0-499_48352cd1,12,49,59,0,1
20260912_215351_529_traffic_scan_env2025_seed0-499_48352cd1,12,50,1,1,1
20260912_215351_529_traffic_scan_env2025_seed0-499_48352cd1,12,50,7,1,1
20260912_215351_529_traffic_scan_env2025_seed0-499_48352cd1,12,50,8,1,1
20260912_215351_529_traffic_scan_env2025_seed0-499_48352cd1,12,50,10,0,1
20260912_215351_529_traffic_scan_env2025_seed0-499_48352cd1,12,50,11,0,3
20260912_215351_529_traffic_scan_env2025_seed0-499_48352cd1,12,50,12,0,2
20260912_215351_529_traffic_scan_env2025_seed0-499_48352cd1,12,50,15,0,3
20260912_215351_529_traffic_scan_env2025_seed0-499_48352cd1,12,50,17,0,4
20260912_215351_529_traffic_scan_env2025_seed0-499_48352cd1,12,50,18,0,2
20260912_215351_529_traffic_scan_env2025_seed0-499_48352cd1,12,50,19,0,1
20260912_215351_529_traffic_scan_env2025_seed0-499_48352cd1,12,50,21,0,2
20260912_215351_529_traffic_scan_env2025_seed0-499_48352cd1,12,50,22,0,2
20260912_215351_529_traffic_scan_env2025_seed0-499_48352cd1,12,50,24,0,2
20260912_215351_529_traffic_scan_env2025_seed0-499_48352cd1,12,50,25,0,1
20260912_215351_529_traffic_scan_env2025_seed0-499_48352cd1,12,50,27,1,1
20260912_215351_529_traffic_scan_env2025_seed0-499_48352cd1,12,50,28,0,1
20260912_215351_529_traffic_scan_env2025_seed0-499_48352cd1,12,50,30,0,1
20260912_215351_529_traffic_scan_env2025_seed0-499_48352cd1,12,50,31,0,1
20260912_215351_529_traffic_scan_env2025_seed0-499_48352cd1,12,50,32,0,1
20260912_215351_529_traffic_scan_env2025_seed0-499_48352cd1,12,50,32,1,1
20260912_215351_529_traffic_scan_env2025_seed0-499_48352cd1,12,50,34,1,1
20260912_215351_529_traffic_scan_env2025_seed0-499_48352cd1,12,50,37,0,1
20260912_215351_529_traffic_scan_env2025_seed0-499_48352cd1,12,50,37,1,1
20260912_215351_529_traffic_scan_env2025_seed0-499_48352cd1,12,50,38,1,1
20260912_215351_529_traffic_scan_env2025_seed0-499_48352cd1,12,50,39,2,1
20260912_215351_529_traffic_scan_env2025_seed0-499_48352cd1,12,50,40,2,3
20260912_215351_529_traffic_scan_env2025_seed0-499_48352cd1,12,50,41,0,2
20260912_215351_529_traffic_scan_env2025_seed0-499_48352cd1,12,50,41,1,1
20260912_215351_529_traffic_scan_env2025_seed0-499_48352cd1,12,50,42,0,2
20260912_215351_529_traffic_scan_env2025_seed0-499_48352cd1,12,50,42,1,1
20260912_215351_529_traffic_scan_env2025_seed0-499_48352cd1,12,50,43,1,2
20260912_215351_529_traffic_scan_env2025_seed0-499_48352cd1,12,50,44,0,2
20260912_215351_529_traffic_scan_env2025_seed0-499_48352cd1,12,50,44,1,1
20260912_215351_529_traffic_scan_env2025_seed0-499_48352cd1,12,50,48,0,4
20260912_215351_529_traffic_scan_env2025_seed0-499_48352cd1,12,50,49,0,1
20260912_215351_529_traffic_scan_env2025_seed0-499_48352cd1,12,50,50,0,1
20260912_215351_529_traffic_scan_env2025_seed0-499_48352cd1,12,50,50,1,1
20260912_215351_529_traffic_scan_env2025_seed0-499_48352cd1,12,50,51,0,2
20260912_215351_529_traffic_scan_env2025_seed0-499_48352cd1,12,50,52,0,4
20260912_215351_529_traffic_scan_env2025_seed0-499_48352cd1,12,50,53,0,2
20260912_215351_529_traffic_scan_env2025_seed0-499_48352cd1,12,50,54,0,2
20260912_215351_529_traffic_scan_env2025_seed0-499_48352cd1,12,50,57,0,4
20260912_215351_529_traffic_scan_env2025_seed0-499_48352cd1,12,50,58,0,2
20260912_215351_529_traffic_scan_env2025_seed0-499_48352cd1,12,50,58,1,3
20260912_215351_529_traffic_scan_env2025_seed0-499_48352cd1,12,50,59,0,1
20260912_215351_529_traffic_scan_env2025_seed0-499_48352cd1,12,51,1,0,1
20260912_215351_529_traffic_scan_env2025_seed0-499_48352cd1,12,51,6,0,1
20260912_215351_529_traffic_scan_env2025_seed0-499_48352cd1,12,51,9,0,2
20260912_215351_529_traffic_scan_env2025_seed0-499_48352cd1,12,51,10,0,3
20260912_215351_529_traffic_scan_env2025_seed0-499_48352cd1,12,51,11,0,4
20260912_215351_529_traffic_scan_env2025_seed0-499_48352cd1,12,51,12,0,1
20260912_215351_529_traffic_scan_env2025_seed0-499_48352cd1,12,51,13,0,1
20260912_215351_529_traffic_scan_env2025_seed0-499_48352cd1,12,51,14,0,4
20260912_215351_529_traffic_scan_env2025_seed0-499_48352cd1,12,51,15,0,1
20260912_215351_529_traffic_scan_env2025_seed0-499_48352cd1,12,51,16,0,3
20260912_215351_529_traffic_scan_env2025_seed0-499_48352cd1,12,51,17,0,4
20260912_215351_529_traffic_scan_env2025_seed0-499_48352cd1,12,51,18,0,3
20260912_215351_529_traffic_scan_env2025_seed0-499_48352cd1,12,51,19,0,1
20260912_215351_529_traffic_scan_env2025_seed0-499_48352cd1,12,51,20,0,1
20260912_215351_529_traffic_scan_env2025_seed0-499_48352cd1,12,51,21,1,3
20260912_215351_529_traffic_scan_env2025_seed0-499_48352cd1,12,51,22,0,1
20260912_215351_529_traffic_scan_env2025_seed0-499_48352cd1,12,51,22,1,1
20260912_215351_529_traffic_scan_env2025_seed0-499_48352cd1,12,51,23,0,2
20260912_215351_529_traffic_scan_env2025_seed0-499_48352cd1,12,51,23,1,1
20260912_215351_529_traffic_scan_env2025_seed0-499_48352cd1,12,51,24,1,1
20260912_215351_529_traffic_scan_env2025_seed0-499_48352cd1,12,51,25,1,1
20260912_215351_529_traffic_scan_env2025_seed0-499_48352cd1,12,51,26,0,1
20260912_215351_529_traffic_scan_env2025_seed0-499_48352cd1,12,51,26,1,1
20260912_215351_529_traffic_scan_env2025_seed0-499_48352cd1,12,51,27,1,2
20260912_215351_529_traffic_scan_env2025_seed0-499_48352cd1,12,51,28,1,1
20260912_215351_529_traffic_scan_env2025_seed0-499_48352cd1,12,51,29,1,1
20260912_215351_529_traffic_scan_env2025_seed0-499_48352cd1,12,51,30,0,2
20260912_215351_529_traffic_scan_env2025_seed0-499_48352cd1,12,51,30,1,1
20260912_215351_529_traffic_scan_env2025_seed0-499_48352cd1,12,51,31,1,2
20260912_215351_529_traffic_scan_env2025_seed0-499_48352cd1,12,51,32,0,1
20260912_215351_529_traffic_scan_env2025_seed0-499_48352cd1,12,51,32,1,1
20260912_215351_529_traffic_scan_env2025_seed0-499_48352cd1,12,51,33,1,2
20260912_215351_529_traffic_scan_env2025_seed0-499_48352cd1,12,51,34,1,1
20260912_215351_529_traffic_scan_env2025_seed0-499_48352cd1,12,51,35,1,1
20260912_215351_529_traffic_scan_env2025_seed0-499_48352cd1,12,51,36,1,1
20260912_215351_529_traffic_scan_env2025_seed0-499_48352cd1,12,51,37,1,1
20260912_215351_529_traffic_scan_env2025_seed0-499_48352cd1,12,51,38,1,1
20260912_215351_529_traffic_scan_env2025_seed0-499_48352cd1,12,51,39,1,2
20260912_215351_529_traffic_scan_env2025_seed0-499_48352cd1,12,51,40,0,2
20260912_215351_529_traffic_scan_env2025_seed0-499_48352cd1,12,51,40,1,2
20260912_215351_529_traffic_scan_env2025_seed0-499_48352cd1,12,51,41,1,1
20260912_215351_529_traffic_scan_env2025_seed0-499_48352cd1,12,51,42,0,1
20260912_215351_529_traffic_scan_env2025_seed0-499_48352cd1,12,51,42,1,1
20260912_215351_529_traffic_scan_env2025_seed0-499_48352cd1,12,51,43,0,1
20260912_215351_529_traffic_scan_env2025_seed0-499_48352cd1,12,51,43,1,2
20260912_215351_529_traffic_scan_env2025_seed0-499_48352cd1,12,51,44,1,1
20260912_215351_529_traffic_scan_env2025_seed0-499_48352cd1,12,51,45,0,2
20260912_215351_529_traffic_scan_env2025_seed0-499_48352cd1,12,51,45,1,1
20260912_215351_529_traffic_scan_env2025_seed0-499_48352cd1,12,51,48,0,3
20260912_215351_529_traffic_scan_env2025_seed0-499_48352cd1,12,51,49,0,3
20260912_215351_529_traffic_scan_env2025_seed0-499_48352cd1,12,51,50,0,3
20260912_215351_529_traffic_scan_env2025_seed0-499_48352cd1,12,51,50,1,1
20260912_215351_529_traffic_scan_env2025_seed0-499_48352cd1,12,51,52,0,1
20260912_215351_529_traffic_scan_env2025_seed0-499_48352cd1,12,51,53,0,1
20260912_215351_529_traffic_scan_env2025_seed0-499_48352cd1,12,51,57,0,1
20260912_215351_529_traffic_scan_env2025_seed0-499_48352cd1,12,51,58,0,1
20260912_215351_529_traffic_scan_env2025_seed0-499_48352cd1,12,51,58,1,1
20260912_215351_529_traffic_scan_env2025_seed0-499_48352cd1,12,51,59,0,1
20260912_215351_529_traffic_scan_env2025_seed0-499_48352cd1,12,52,1,0,1
20260912_215351_529_traffic_scan_env2025_seed0-499_48352cd1,12,52,5,0,1
20260912_215351_529_traffic_scan_env2025_seed0-499_48352cd1,12,52,6,0,1
20260912_215351_529_traffic_scan_env2025_seed0-499_48352cd1,12,52,8,0,1
20260912_215351_529_traffic_scan_env2025_seed0-499_48352cd1,12,52,9,0,2
20260912_215351_529_traffic_scan_env2025_seed0-499_48352cd1,12,52,10,0,2
20260912_215351_529_traffic_scan_env2025_seed0-499_48352cd1,12,52,11,0,1
20260912_215351_529_traffic_scan_env2025_seed0-499_48352cd1,12,52,13,0,3
20260912_215351_529_traffic_scan_env2025_seed0-499_48352cd1,12,52,15,0,2
20260912_215351_529_traffic_scan_env2025_seed0-499_48352cd1,12,52,16,0,1
20260912_215351_529_traffic_scan_env2025_seed0-499_48352cd1,12,52,17,0,3
20260912_215351_529_traffic_scan_env2025_seed0-499_48352cd1,12,52,19,0,1
20260912_215351_529_traffic_scan_env2025_seed0-499_48352cd1,12,52,20,1,2
20260912_215351_529_traffic_scan_env2025_seed0-499_48352cd1,12,52,22,0,1
20260912_215351_529_traffic_scan_env2025_seed0-499_48352cd1,12,52,23,0,1
20260912_215351_529_traffic_scan_env2025_seed0-499_48352cd1,12,52,27,0,1
20260912_215351_529_traffic_scan_env2025_seed0-499_48352cd1,12,52,27,1,1
20260912_215351_529_traffic_scan_env2025_seed0-499_48352cd1,12,52,29,0,1
20260912_215351_529_traffic_scan_env2025_seed0-499_48352cd1,12,52,30,0,1
20260912_215351_529_traffic_scan_env2025_seed0-499_48352cd1,12,52,30,1,1
20260912_215351_529_traffic_scan_env2025_seed0-499_48352cd1,12,52,32,0,1
20260912_215351_529_traffic_scan_env2025_seed0-499_48352cd1,12,52,32,1,1
20260912_215351_529_traffic_scan_env2025_seed0-499_48352cd1,12,52,38,1,1
20260912_215351_529_traffic_scan_env2025_seed0-499_48352cd1,12,52,40,0,3
20260912_215351_529_traffic_scan_env2025_seed0-499_48352cd1,12,52,42,0,2
20260912_215351_529_traffic_scan_env2025_seed0-499_48352cd1,12,52,44,0,1
20260912_215351_529_traffic_scan_env2025_seed0-499_48352cd1,12,52,46,0,1
20260912_215351_529_traffic_scan_env2025_seed0-499_48352cd1,12,52,46,1,1
20260912_215351_529_traffic_scan_env2025_seed0-499_48352cd1,12,52,47,0,1
20260912_215351_529_traffic_scan_env2025_seed0-499_48352cd1,12,52,47,1,1
20260912_215351_529_traffic_scan_env2025_seed0-499_48352cd1,12,52,48,0,1
20260912_215351_529_traffic_scan_env2025_seed0-499_48352cd1,12,52,49,0,2
20260912_215351_529_traffic_scan_env2025_seed0-499_48352cd1,12,52,50,0,2
20260912_215351_529_traffic_scan_env2025_seed0-499_48352cd1,12,52,51,0,3
20260912_215351_529_traffic_scan_env2025_seed0-499_48352cd1,12,52,52,0,1
20260912_215351_529_traffic_scan_env2025_seed0-499_48352cd1,12,52,54,0,1
20260912_215351_529_traffic_scan_env2025_seed0-499_48352cd1,12,52,58,0,3
20260912_215351_529_traffic_scan_env2025_seed0-499_48352cd1,12,52,59,0,1
20260912_215351_529_traffic_scan_env2025_seed0-499_48352cd1,12,53,1,0,1
20260912_215351_529_traffic_scan_env2025_seed0-499_48352cd1,12,53,4,0,1
20260912_215351_529_traffic_scan_env2025_seed0-499_48352cd1,12,53,5,0,1
20260912_215351_529_traffic_scan_env2025_seed0-499_48352cd1,12,53,7,0,1
20260912_215351_529_traffic_scan_env2025_seed0-499_48352cd1,12,53,8,0,1
20260912_215351_529_traffic_scan_env2025_seed0-499_48352cd1,12,53,8,1,1
20260912_215351_529_traffic_scan_env2025_seed0-499_48352cd1,12,53,9,0,1
20260912_215351_529_traffic_scan_env2025_seed0-499_48352cd1,12,53,9,1,1
20260912_215351_529_traffic_scan_env2025_seed0-499_48352cd1,12,53,10,1,1
20260912_215351_529_traffic_scan_env2025_seed0-499_48352cd1,12,53,11,0,1
20260912_215351_529_traffic_scan_env2025_seed0-499_48352cd1,12,53,11,1,1
20260912_215351_529_traffic_scan_env2025_seed0-499_48352cd1,12,53,12,0,3
20260912_215351_529_traffic_scan_env2025_seed0-499_48352cd1,12,53,12,1,1
20260912_215351_529_traffic_scan_env2025_seed0-499_48352cd1,12,53,13,1,1
20260912_215351_529_traffic_scan_env2025_seed0-499_48352cd1,12,53,14,0,2
20260912_215351_529_traffic_scan_env2025_seed0-499_48352cd1,12,53,14,1,1
20260912_215351_529_traffic_scan_env2025_seed0-499_48352cd1,12,53,15,0,1
20260912_215351_529_traffic_scan_env2025_seed0-499_48352cd1,12,53,15,1,1
20260912_215351_529_traffic_scan_env2025_seed0-499_48352cd1,12,53,16,0,1
20260912_215351_529_traffic_scan_env2025_seed0-499_48352cd1,12,53,16,1,1
20260912_215351_529_traffic_scan_env2025_seed0-499_48352cd1,12,53,17,0,2
20260912_215351_529_traffic_scan_env2025_seed0-499_48352cd1,12,53,17,1,1
20260912_215351_529_traffic_scan_env2025_seed0-499_48352cd1,12,53,18,0,1
20260912_215351_529_traffic_scan_env2025_seed0-499_48352cd1,12,53,18,1,1
20260912_215351_529_traffic_scan_env2025_seed0-499_48352cd1,12,53,19,1,2
20260912_215351_529_traffic_scan_env2025_seed0-499_48352cd1,12,53,21,0,1
20260912_215351_529_traffic_scan_env2025_seed0-499_48352cd1,12,53,24,0,1
20260912_215351_529_traffic_scan_env2025_seed0-499_48352cd1,12,53,27,0,2
20260912_215351_529_traffic_scan_env2025_seed0-499_48352cd1,12,53,28,0,1
20260912_215351_529_traffic_scan_env2025_seed0-499_48352cd1,12,53,29,1,1
20260912_215351_529_traffic_scan_env2025_seed0-499_48352cd1,12,53,31,1,1
20260912_215351_529_traffic_scan_env2025_seed0-499_48352cd1,12,53,33,0,1
20260912_215351_529_traffic_scan_env2025_seed0-499_48352cd1,12,53,38,0,1
20260912_215351_529_traffic_scan_env2025_seed0-499_48352cd1,12,53,39,0,1
20260912_215351_529_traffic_scan_env2025_seed0-499_48352cd1,12,53,40,0,2
20260912_215351_529_traffic_scan_env2025_seed0-499_48352cd1,12,53,42,0,2
20260912_215351_529_traffic_scan_env2025_seed0-499_48352cd1,12,53,45,0,1
20260912_215351_529_traffic_scan_env2025_seed0-499_48352cd1,12,53,49,0,1
20260912_215351_529_traffic_scan_env2025_seed0-499_48352cd1,12,53,51,0,2
20260912_215351_529_traffic_scan_env2025_seed0-499_48352cd1,12,53,52,0,3
20260912_215351_529_traffic_scan_env2025_seed0-499_48352cd1,12,53,55,0,1
20260912_215351_529_traffic_scan_env2025_seed0-499_48352cd1,12,53,58,0,2
20260912_215351_529_traffic_scan_env2025_seed0-499_48352cd1,12,53,59,0,2
20260912_215351_529_traffic_scan_env2025_seed0-499_48352cd1,12,54,0,0,1
20260912_215351_529_traffic_scan_env2025_seed0-499_48352cd1,12,54,1,0,1
20260912_215351_529_traffic_scan_env2025_seed0-499_48352cd1,12,54,1,1,1
20260912_215351_529_traffic_scan_env2025_seed0-499_48352cd1,12,54,2,2,1
20260912_215351_529_traffic_scan_env2025_seed0-499_48352cd1,12,54,3,2,1
20260912_215351_529_traffic_scan_env2025_seed0-499_48352cd1,12,54,4,0,1
20260912_215351_529_traffic_scan_env2025_seed0-499_48352cd1,12,54,4,1,1
20260912_215351_529_traffic_scan_env2025_seed0-499_48352cd1,12,54,6,0,1
20260912_215351_529_traffic_scan_env2025_seed0-499_48352cd1,12,54,7,0,2
20260912_215351_529_traffic_scan_env2025_seed0-499_48352cd1,12,54,8,0,1
20260912_215351_529_traffic_scan_env2025_seed0-499_48352cd1,12,54,11,0,4
20260912_215351_529_traffic_scan_env2025_seed0-499_48352cd1,12,54,12,0,1
20260912_215351_529_traffic_scan_env2025_seed0-499_48352cd1,12,54,13,0,3
20260912_215351_529_traffic_scan_env2025_seed0-499_48352cd1,12,54,14,0,1
20260912_215351_529_traffic_scan_env2025_seed0-499_48352cd1,12,54,15,0,1
20260912_215351_529_traffic_scan_env2025_seed0-499_48352cd1,12,54,18,0,3
20260912_215351_529_traffic_scan_env2025_seed0-499_48352cd1,12,54,18,1,1
20260912_215351_529_traffic_scan_env2025_seed0-499_48352cd1,12,54,20,0,2
20260912_215351_529_traffic_scan_env2025_seed0-499_48352cd1,12,54,21,0,1
20260912_215351_529_traffic_scan_env2025_seed0-499_48352cd1,12,54,22,0,1
20260912_215351_529_traffic_scan_env2025_seed0-499_48352cd1,12,54,23,0,1
20260912_215351_529_traffic_scan_env2025_seed0-499_48352cd1,12,54,24,0,1
20260912_215351_529_traffic_scan_env2025_seed0-499_48352cd1,12,54,25,0,3
20260912_215351_529_traffic_scan_env2025_seed0-499_48352cd1,12,54,26,0,4
20260912_215351_529_traffic_scan_env2025_seed0-499_48352cd1,12,54,27,0,2
20260912_215351_529_traffic_scan_env2025_seed0-499_48352cd1,12,54,28,0,1
20260912_215351_529_traffic_scan_env2025_seed0-499_48352cd1,12,54,28,1,1
20260912_215351_529_traffic_scan_env2025_seed0-499_48352cd1,12,54,29,0,1
20260912_215351_529_traffic_scan_env2025_seed0-499_48352cd1,12,54,30,0,1
20260912_215351_529_traffic_scan_env2025_seed0-499_48352cd1,12,54,30,1,1
20260912_215351_529_traffic_scan_env2025_seed0-499_48352cd1,12,54,31,0,1
20260912_215351_529_traffic_scan_env2025_seed0-499_48352cd1,12,54,34,0,1
20260912_215351_529_traffic_scan_env2025_seed0-499_48352cd1,12,54,37,0,2
20260912_215351_529_traffic_scan_env2025_seed0-499_48352cd1,12,54,38,0,1
20260912_215351_529_traffic_scan_env2025_seed0-499_48352cd1,12,54,39,0,2
20260912_215351_529_traffic_scan_env2025_seed0-499_48352cd1,12,54,40,0,2
20260912_215351_529_traffic_scan_env2025_seed0-499_48352cd1,12,54,41,0,1
20260912_215351_529_traffic_scan_env2025_seed0-499_48352cd1,12,54,42,0,2
20260912_215351_529_traffic_scan_env2025_seed0-499_48352cd1,12,54,43,0,1
20260912_215351_529_traffic_scan_env2025_seed0-499_48352cd1,12,54,44,0,1
20260912_215351_529_traffic_scan_env2025_seed0-499_48352cd1,12,54,46,0,1
20260912_215351_529_traffic_scan_env2025_seed0-499_48352cd1,12,54,48,0,1
20260912_215351_529_traffic_scan_env2025_seed0-499_48352cd1,12,54,49,0,1
20260912_215351_529_traffic_scan_env2025_seed0-499_48352cd1,12,54,51,0,2
20260912_215351_529_traffic_scan_env2025_seed0-499_48352cd1,12,54,52,0,1
20260912_215351_529_traffic_scan_env2025_seed0-499_48352cd1,12,54,53,0,1
20260912_215351_529_traffic_scan_env2025_seed0-499_48352cd1,12,54,56,0,2
20260912_215351_529_traffic_scan_env2025_seed0-499_48352cd1,12,54,58,0,2
20260912_215351_529_traffic_scan_env2025_seed0-499_48352cd1,12,54,59,0,1
20260912_215351_529_traffic_scan_env2025_seed0-499_48352cd1,12,55,1,0,1
20260912_215351_529_traffic_scan_env2025_seed0-499_48352cd1,12,55,2,0,1
20260912_215351_529_traffic_scan_env2025_seed0-499_48352cd1,12,55,4,0,2
20260912_215351_529_traffic_scan_env2025_seed0-499_48352cd1,12,55,5,0,1
20260912_215351_529_traffic_scan_env2025_seed0-499_48352cd1,12,55,6,0,2
20260912_215351_529_traffic_scan_env2025_seed0-499_48352cd1,12,55,7,0,2
20260912_215351_529_traffic_scan_env2025_seed0-499_48352cd1,12,55,8,0,1
20260912_215351_529_traffic_scan_env2025_seed0-499_48352cd1,12,55,9,0,1
20260912_215351_529_traffic_scan_env2025_seed0-499_48352cd1,12,55,10,0,5
20260912_215351_529_traffic_scan_env2025_seed0-499_48352cd1,12,55,10,1,1
20260912_215351_529_traffic_scan_env2025_seed0-499_48352cd1,12,55,11,0,3
20260912_215351_529_traffic_scan_env2025_seed0-499_48352cd1,12,55,11,1,1
20260912_215351_529_traffic_scan_env2025_seed0-499_48352cd1,12,55,12,0,4
20260912_215351_529_traffic_scan_env2025_seed0-499_48352cd1,12,55,12,1,1
20260912_215351_529_traffic_scan_env2025_seed0-499_48352cd1,12,55,13,0,2
20260912_215351_529_traffic_scan_env2025_seed0-499_48352cd1,12,55,13,1,1
20260912_215351_529_traffic_scan_env2025_seed0-499_48352cd1,12,55,14,0,2
20260912_215351_529_traffic_scan_env2025_seed0-499_48352cd1,12,55,14,1,1
20260912_215351_529_traffic_scan_env2025_seed0-499_48352cd1,12,55,15,0,2
20260912_215351_529_traffic_scan_env2025_seed0-499_48352cd1,12,55,15,1,1
20260912_215351_529_traffic_scan_env2025_seed0-499_48352cd1,12,55,16,0,2
20260912_215351_529_traffic_scan_env2025_seed0-499_48352cd1,12,55,16,1,1
20260912_215351_529_traffic_scan_env2025_seed0-499_48352cd1,12,55,17,0,4
20260912_215351_529_traffic_scan_env2025_seed0-499_48352cd1,12,55,17,1,2
20260912_215351_529_traffic_scan_env2025_seed0-499_48352cd1,12,55,18,0,3
20260912_215351_529_traffic_scan_env2025_seed0-499_48352cd1,12,55,18,1,1
20260912_215351_529_traffic_scan_env2025_seed0-499_48352cd1,12,55,19,0,3
20260912_215351_529_traffic_scan_env2025_seed0-499_48352cd1,12,55,19,1,1
20260912_215351_529_traffic_scan_env2025_seed0-499_48352cd1,12,55,20,0,1
20260912_215351_529_traffic_scan_env2025_seed0-499_48352cd1,12,55,20,1,1
20260912_215351_529_traffic_scan_env2025_seed0-499_48352cd1,12,55,21,0,1
20260912_215351_529_traffic_scan_env2025_seed0-499_48352cd1,12,55,21,1,1
20260912_215351_529_traffic_scan_env2025_seed0-499_48352cd1,12,55,22,0,1
20260912_215351_529_traffic_scan_env2025_seed0-499_48352cd1,12,55,22,1,1
20260912_215351_529_traffic_scan_env2025_seed0-499_48352cd1,12,55,23,0,1
20260912_215351_529_traffic_scan_env2025_seed0-499_48352cd1,12,55,23,1,1
20260912_215351_529_traffic_scan_env2025_seed0-499_48352cd1,12,55,24,0,1
20260912_215351_529_traffic_scan_env2025_seed0-499_48352cd1,12,55,24,1,1
20260912_215351_529_traffic_scan_env2025_seed0-499_48352cd1,12,55,25,2,1
20260912_215351_529_traffic_scan_env2025_seed0-499_48352cd1,12,55,26,0,2
20260912_215351_529_traffic_scan_env2025_seed0-499_48352cd1,12,55,26,1,1
20260912_215351_529_traffic_scan_env2025_seed0-499_48352cd1,12,55,27,0,1
20260912_215351_529_traffic_scan_env2025_seed0-499_48352cd1,12,55,27,1,2
20260912_215351_529_traffic_scan_env2025_seed0-499_48352cd1,12,55,28,1,1
20260912_215351_529_traffic_scan_env2025_seed0-499_48352cd1,12,55,29,1,1
20260912_215351_529_traffic_scan_env2025_seed0-499_48352cd1,12,55,32,0,1
20260912_215351_529_traffic_scan_env2025_seed0-499_48352cd1,12,55,33,0,1
20260912_215351_529_traffic_scan_env2025_seed0-499_48352cd1,12,55,34,0,1
20260912_215351_529_traffic_scan_env2025_seed0-499_48352cd1,12,55,35,0,2
20260912_215351_529_traffic_scan_env2025_seed0-499_48352cd1,12,55,36,0,2
20260912_215351_529_traffic_scan_env2025_seed0-499_48352cd1,12,55,39,0,1
20260912_215351_529_traffic_scan_env2025_seed0-499_48352cd1,12,55,40,0,1
20260912_215351_529_traffic_scan_env2025_seed0-499_48352cd1,12,55,43,0,1
20260912_215351_529_traffic_scan_env2025_seed0-499_48352cd1,12,55,45,0,1
20260912_215351_529_traffic_scan_env2025_seed0-499_48352cd1,12,55,46,0,2
20260912_215351_529_traffic_scan_env2025_seed0-499_48352cd1,12,55,47,0,1
20260912_215351_529_traffic_scan_env2025_seed0-499_48352cd1,12,55,50,0,1
20260912_215351_529_traffic_scan_env2025_seed0-499_48352cd1,12,55,51,0,2
20260912_215351_529_traffic_scan_env2025_seed0-499_48352cd1,12,55,52,0,1
20260912_215351_529_traffic_scan_env2025_seed0-499_48352cd1,12,55,53,0,1
20260912_215351_529_traffic_scan_env2025_seed0-499_48352cd1,12,55,54,0,1
20260912_215351_529_traffic_scan_env2025_seed0-499_48352cd1,12,55,55,0,1
20260912_215351_529_traffic_scan_env2025_seed0-499_48352cd1,12,55,57,0,2
20260912_215351_529_traffic_scan_env2025_seed0-499_48352cd1,12,55,58,0,3
20260912_215351_529_traffic_scan_env2025_seed0-499_48352cd1,12,55,59,0,2
20260912_215351_529_traffic_scan_env2025_seed0-499_48352cd1,12,56,1,0,1
20260912_215351_529_traffic_scan_env2025_seed0-499_48352cd1,12,56,2,0,1
20260912_215351_529_traffic_scan_env2025_seed0-499_48352cd1,12,56,3,0,3
20260912_215351_529_traffic_scan_env2025_seed0-499_48352cd1,12,56,4,0,1
20260912_215351_529_traffic_scan_env2025_seed0-499_48352cd1,12,56,5,0,1
20260912_215351_529_traffic_scan_env2025_seed0-499_48352cd1,12,56,6,0,3
20260912_215351_529_traffic_scan_env2025_seed0-499_48352cd1,12,56,7,0,2
20260912_215351_529_traffic_scan_env2025_seed0-499_48352cd1,12,56,8,0,2
20260912_215351_529_traffic_scan_env2025_seed0-499_48352cd1,12,56,9,0,4
20260912_215351_529_traffic_scan_env2025_seed0-499_48352cd1,12,56,11,0,3
20260912_215351_529_traffic_scan_env2025_seed0-499_48352cd1,12,56,16,1,1
20260912_215351_529_traffic_scan_env2025_seed0-499_48352cd1,12,56,17,0,2
20260912_215351_529_traffic_scan_env2025_seed0-499_48352cd1,12,56,18,0,2
20260912_215351_529_traffic_scan_env2025_seed0-499_48352cd1,12,56,26,0,1
20260912_215351_529_traffic_scan_env2025_seed0-499_48352cd1,12,56,26,1,1
20260912_215351_529_traffic_scan_env2025_seed0-499_48352cd1,12,56,27,0,1
20260912_215351_529_traffic_scan_env2025_seed0-499_48352cd1,12,56,28,0,1
20260912_215351_529_traffic_scan_env2025_seed0-499_48352cd1,12,56,35,0,1
20260912_215351_529_traffic_scan_env2025_seed0-499_48352cd1,12,56,36,0,1
20260912_215351_529_traffic_scan_env2025_seed0-499_48352cd1,12,56,38,0,1
20260912_215351_529_traffic_scan_env2025_seed0-499_48352cd1,12,56,40,0,1
20260912_215351_529_traffic_scan_env2025_seed0-499_48352cd1,12,56,43,0,1
20260912_215351_529_traffic_scan_env2025_seed0-499_48352cd1,12,56,47,0,1
20260912_215351_529_traffic_scan_env2025_seed0-499_48352cd1,12,56,51,0,1
20260912_215351_529_traffic_scan_env2025_seed0-499_48352cd1,12,56,57,0,1
20260912_215351_529_traffic_scan_env2025_seed0-499_48352cd1,12,56,58,0,2
20260912_215351_529_traffic_scan_env2025_seed0-499_48352cd1,12,56,59,0,1
20260912_215351_529_traffic_scan_env2025_seed0-499_48352cd1,12,57,1,0,1
20260912_215351_529_traffic_scan_env2025_seed0-499_48352cd1,12,57,2,0,1
20260912_215351_529_traffic_scan_env2025_seed0-499_48352cd1,12,57,6,0,2
20260912_215351_529_traffic_scan_env2025_seed0-499_48352cd1,12,57,8,0,1
20260912_215351_529_traffic_scan_env2025_seed0-499_48352cd1,12,57,10,0,2
20260912_215351_529_traffic_scan_env2025_seed0-499_48352cd1,12,57,15,2,1
20260912_215351_529_traffic_scan_env2025_seed0-499_48352cd1,12,57,17,0,2
20260912_215351_529_traffic_scan_env2025_seed0-499_48352cd1,12,57,25,1,1
20260912_215351_529_traffic_scan_env2025_seed0-499_48352cd1,12,57,26,0,1
20260912_215351_529_traffic_scan_env2025_seed0-499_48352cd1,12,57,28,0,1
20260912_215351_529_traffic_scan_env2025_seed0-499_48352cd1,12,57,29,0,1
20260912_215351_529_traffic_scan_env2025_seed0-499_48352cd1,12,57,34,0,1
20260912_215351_529_traffic_scan_env2025_seed0-499_48352cd1,12,57,37,0,1
20260912_215351_529_traffic_scan_env2025_seed0-499_48352cd1,12,57,39,0,1
20260912_215351_529_traffic_scan_env2025_seed0-499_48352cd1,12,57,40,0,1
20260912_215351_529_traffic_scan_env2025_seed0-499_48352cd1,12,57,42,0,1
20260912_215351_529_traffic_scan_env2025_seed0-499_48352cd1,12,57,48,0,1
20260912_215351_529_traffic_scan_env2025_seed0-499_48352cd1,12,57,51,0,1
20260912_215351_529_traffic_scan_env2025_seed0-499_48352cd1,12,57,58,0,3
20260912_215351_529_traffic_scan_env2025_seed0-499_48352cd1,12,57,59,0,1
20260912_215351_529_traffic_scan_env2025_seed0-499_48352cd1,12,58,0,0,1
20260912_215351_529_traffic_scan_env2025_seed0-499_48352cd1,12,58,1,0,1
20260912_215351_529_traffic_scan_env2025_seed0-499_48352cd1,12,58,9,0,2
20260912_215351_529_traffic_scan_env2025_seed0-499_48352cd1,12,58,11,1,1
20260912_215351_529_traffic_scan_env2025_seed0-499_48352cd1,12,58,12,1,1
20260912_215351_529_traffic_scan_env2025_seed0-499_48352cd1,12,58,13,1,1
20260912_215351_529_traffic_scan_env2025_seed0-499_48352cd1,12,58,14,1,1
20260912_215351_529_traffic_scan_env2025_seed0-499_48352cd1,12,58,24,0,1
20260912_215351_529_traffic_scan_env2025_seed0-499_48352cd1,12,58,26,0,1
20260912_215351_529_traffic_scan_env2025_seed0-499_48352cd1,12,58,39,0,1
20260912_215351_529_traffic_scan_env2025_seed0-499_48352cd1,12,58,40,0,1
20260912_215351_529_traffic_scan_env2025_seed0-499_48352cd1,12,58,42,0,1
20260912_215351_529_traffic_scan_env2025_seed0-499_48352cd1,12,58,49,0,1
20260912_215351_529_traffic_scan_env2025_seed0-499_48352cd1,12,58,51,0,1
20260912_215351_529_traffic_scan_env2025_seed0-499_48352cd1,12,58,58,0,1
20260912_215351_529_traffic_scan_env2025_seed0-499_48352cd1,12,58,59,0,1
20260912_215351_529_traffic_scan_env2025_seed0-499_48352cd1,12,59,3,0,1
20260912_215351_529_traffic_scan_env2025_seed0-499_48352cd1,12,59,4,0,1
20260912_215351_529_traffic_scan_env2025_seed0-499_48352cd1,12,59,5,0,1
20260912_215351_529_traffic_scan_env2025_seed0-499_48352cd1,12,59,6,0,1
20260912_215351_529_traffic_scan_env2025_seed0-499_48352cd1,12,59,7,0,1
20260912_215351_529_traffic_scan_env2025_seed0-499_48352cd1,12,59,8,0,3
20260912_215351_529_traffic_scan_env2025_seed0-499_48352cd1,12,59,9,0,1
20260912_215351_529_traffic_scan_env2025_seed0-499_48352cd1,12,59,10,0,1
20260912_215351_529_traffic_scan_env2025_seed0-499_48352cd1,12,59,26,0,1
20260912_215351_529_traffic_scan_env2025_seed0-499_48352cd1,12,59,42,0,1
20260912_215351_529_traffic_scan_env2025_seed0-499_48352cd1,12,59,50,0,1
20260912_215351_529_traffic_scan_env2025_seed0-499_48352cd1,12,59,51,0,1
