run_id,traffic_seed,grid_x,grid_y,grid_z,distinct_flight_count
20260912_215351_529_traffic_scan_env2025_seed0-499_48352cd1,215,0,1,0,1
20260912_215351_529_traffic_scan_env2025_seed0-499_48352cd1,215,0,10,0,1
20260912_215351_529_traffic_scan_env2025_seed0-499_48352cd1,215,0,13,0,1
20260912_215351_529_traffic_scan_env2025_seed0-499_48352cd1,215,0,34,0,2
20260912_215351_529_traffic_scan_env2025_seed0-499_48352cd1,215,0,51,0,1
20260912_215351_529_traffic_scan_env2025_seed0-499_48352cd1,215,0,52,0,1
20260912_215351_529_traffic_scan_env2025_seed0-499_48352cd1,215,0,53,0,2
20260912_215351_529_traffic_scan_env2025_seed0-499_48352cd1,215,0,54,0,1
20260912_215351_529_traffic_scan_env2025_seed0-499_48352cd1,215,0,55,0,1
20260912_215351_529_traffic_scan_env2025_seed0-499_48352cd1,215,0,56,0,1
20260912_215351_529_traffic_scan_env2025_seed0-499_48352cd1,215,0,57,0,1
20260912_215351_529_traffic_scan_env2025_seed0-499_48352cd1,215,0,58,0,1
20260912_215351_529_traffic_scan_env2025_seed0-499_48352cd1,215,0,59,0,2
20260912_215351_529_traffic_scan_env2025_seed0-499_48352cd1,215,1,2,0,1
20260912_215351_529_traffic_scan_env2025_seed0-499_48352cd1,215,1,8,0,1
20260912_215351_529_traffic_scan_env2025_seed0-499_48352cd1,215,1,10,0,1
20260912_215351_529_traffic_scan_env2025_seed0-499_48352cd1,215,1,13,0,1
20260912_215351_529_traffic_scan_env2025_seed0-499_48352cd1,215,1,33,0,2
20260912_215351_529_traffic_scan_env2025_seed0-499_48352cd1,215,1,48,0,1
20260912_215351_529_traffic_scan_env2025_seed0-499_48352cd1,215,1,49,0,2
20260912_215351_529_traffic_scan_env2025_seed0-499_48352cd1,215,1,50,0,2
20260912_215351_529_traffic_scan_env2025_seed0-499_48352cd1,215,1,51,0,1
20260912_215351_529_traffic_scan_env2025_seed0-499_48352cd1,215,1,52,0,1
20260912_215351_529_traffic_scan_env2025_seed0-499_48352cd1,215,1,54,0,1
20260912_215351_529_traffic_scan_env2025_seed0-499_48352cd1,215,1,55,0,1
20260912_215351_529_traffic_scan_env2025_seed0-499_48352cd1,215,1,56,0,1
20260912_215351_529_traffic_scan_env2025_seed0-499_48352cd1,215,1,58,0,1
20260912_215351_529_traffic_scan_env2025_seed0-499_48352cd1,215,2,2,0,1
20260912_215351_529_traffic_scan_env2025_seed0-499_48352cd1,215,2,3,0,1
20260912_215351_529_traffic_scan_env2025_seed0-499_48352cd1,215,2,8,0,1
20260912_215351_529_traffic_scan_env2025_seed0-499_48352cd1,215,2,10,0,1
20260912_215351_529_traffic_scan_env2025_seed0-499_48352cd1,215,2,13,0,1
20260912_215351_529_traffic_scan_env2025_seed0-499_48352cd1,215,2,17,0,1
20260912_215351_529_traffic_scan_env2025_seed0-499_48352cd1,215,2,32,0,2
20260912_215351_529_traffic_scan_env2025_seed0-499_48352cd1,215,2,44,1,1
20260912_215351_529_traffic_scan_env2025_seed0-499_48352cd1,215,2,45,1,2
20260912_215351_529_traffic_scan_env2025_seed0-499_48352cd1,215,2,46,0,3
20260912_215351_529_traffic_scan_env2025_seed0-499_48352cd1,215,2,47,1,3
20260912_215351_529_traffic_scan_env2025_seed0-499_48352cd1,215,2,48,0,6
20260912_215351_529_traffic_scan_env2025_seed0-499_48352cd1,215,2,49,0,5
20260912_215351_529_traffic_scan_env2025_seed0-499_48352cd1,215,2,50,0,3
20260912_215351_529_traffic_scan_env2025_seed0-499_48352cd1,215,2,51,0,4
20260912_215351_529_traffic_scan_env2025_seed0-499_48352cd1,215,2,52,0,2
20260912_215351_529_traffic_scan_env2025_seed0-499_48352cd1,215,2,53,0,3
20260912_215351_529_traffic_scan_env2025_seed0-499_48352cd1,215,2,54,0,2
20260912_215351_529_traffic_scan_env2025_seed0-499_48352cd1,215,2,57,0,1
20260912_215351_529_traffic_scan_env2025_seed0-499_48352cd1,215,2,58,0,1
20260912_215351_529_traffic_scan_env2025_seed0-499_48352cd1,215,3,3,0,1
20260912_215351_529_traffic_scan_env2025_seed0-499_48352cd1,215,3,4,0,1
20260912_215351_529_traffic_scan_env2025_seed0-499_48352cd1,215,3,5,0,1
20260912_215351_529_traffic_scan_env2025_seed0-499_48352cd1,215,3,8,0,2
20260912_215351_529_traffic_scan_env2025_seed0-499_48352cd1,215,3,10,0,1
20260912_215351_529_traffic_scan_env2025_seed0-499_48352cd1,215,3,14,0,1
20260912_215351_529_traffic_scan_env2025_seed0-499_48352cd1,215,3,16,0,1
20260912_215351_529_traffic_scan_env2025_seed0-499_48352cd1,215,3,17,1,1
20260912_215351_529_traffic_scan_env2025_seed0-499_48352cd1,215,3,18,1,1
20260912_215351_529_traffic_scan_env2025_seed0-499_48352cd1,215,3,19,1,1
20260912_215351_529_traffic_scan_env2025_seed0-499_48352cd1,215,3,20,1,1
20260912_215351_529_traffic_scan_env2025_seed0-499_48352cd1,215,3,21,1,1
20260912_215351_529_traffic_scan_env2025_seed0-499_48352cd1,215,3,22,0,1
20260912_215351_529_traffic_scan_env2025_seed0-499_48352cd1,215,3,22,1,1
20260912_215351_529_traffic_scan_env2025_seed0-499_48352cd1,215,3,23,1,1
20260912_215351_529_traffic_scan_env2025_seed0-499_48352cd1,215,3,26,1,1
20260912_215351_529_traffic_scan_env2025_seed0-499_48352cd1,215,3,27,1,1
20260912_215351_529_traffic_scan_env2025_seed0-499_48352cd1,215,3,28,1,1
20260912_215351_529_traffic_scan_env2025_seed0-499_48352cd1,215,3,29,1,1
20260912_215351_529_traffic_scan_env2025_seed0-499_48352cd1,215,3,30,0,1
20260912_215351_529_traffic_scan_env2025_seed0-499_48352cd1,215,3,30,1,2
20260912_215351_529_traffic_scan_env2025_seed0-499_48352cd1,215,3,31,0,2
20260912_215351_529_traffic_scan_env2025_seed0-499_48352cd1,215,3,31,1,2
20260912_215351_529_traffic_scan_env2025_seed0-499_48352cd1,215,3,32,1,2
20260912_215351_529_traffic_scan_env2025_seed0-499_48352cd1,215,3,33,0,1
20260912_215351_529_traffic_scan_env2025_seed0-499_48352cd1,215,3,33,1,2
20260912_215351_529_traffic_scan_env2025_seed0-499_48352cd1,215,3,34,0,1
20260912_215351_529_traffic_scan_env2025_seed0-499_48352cd1,215,3,34,1,2
20260912_215351_529_traffic_scan_env2025_seed0-499_48352cd1,215,3,35,1,2
20260912_215351_529_traffic_scan_env2025_seed0-499_48352cd1,215,3,36,1,2
20260912_215351_529_traffic_scan_env2025_seed0-499_48352cd1,215,3,37,1,2
20260912_215351_529_traffic_scan_env2025_seed0-499_48352cd1,215,3,38,1,2
20260912_215351_529_traffic_scan_env2025_seed0-499_48352cd1,215,3,39,1,2
20260912_215351_529_traffic_scan_env2025_seed0-499_48352cd1,215,3,40,1,2
20260912_215351_529_traffic_scan_env2025_seed0-499_48352cd1,215,3,41,1,3
20260912_215351_529_traffic_scan_env2025_seed0-499_48352cd1,215,3,42,0,1
20260912_215351_529_traffic_scan_env2025_seed0-499_48352cd1,215,3,42,1,3
20260912_215351_529_traffic_scan_env2025_seed0-499_48352cd1,215,3,43,1,3
20260912_215351_529_traffic_scan_env2025_seed0-499_48352cd1,215,3,44,1,2
20260912_215351_529_traffic_scan_env2025_seed0-499_48352cd1,215,3,45,1,1
20260912_215351_529_traffic_scan_env2025_seed0-499_48352cd1,215,3,46,1,2
20260912_215351_529_traffic_scan_env2025_seed0-499_48352cd1,215,3,47,0,2
20260912_215351_529_traffic_scan_env2025_seed0-499_48352cd1,215,3,48,0,3
20260912_215351_529_traffic_scan_env2025_seed0-499_48352cd1,215,3,50,0,1
20260912_215351_529_traffic_scan_env2025_seed0-499_48352cd1,215,3,51,0,1
20260912_215351_529_traffic_scan_env2025_seed0-499_48352cd1,215,3,52,0,1
20260912_215351_529_traffic_scan_env2025_seed0-499_48352cd1,215,3,53,0,2
20260912_215351_529_traffic_scan_env2025_seed0-499_48352cd1,215,3,57,0,1
20260912_215351_529_traffic_scan_env2025_seed0-499_48352cd1,215,4,4,0,1
20260912_215351_529_traffic_scan_env2025_seed0-499_48352cd1,215,4,5,0,2
20260912_215351_529_traffic_scan_env2025_seed0-499_48352cd1,215,4,6,1,2
20260912_215351_529_traffic_scan_env2025_seed0-499_48352cd1,215,4,8,0,3
20260912_215351_529_traffic_scan_env2025_seed0-499_48352cd1,215,4,8,1,1
20260912_215351_529_traffic_scan_env2025_seed0-499_48352cd1,215,4,9,1,1
20260912_215351_529_traffic_scan_env2025_seed0-499_48352cd1,215,4,10,0,1
20260912_215351_529_traffic_scan_env2025_seed0-499_48352cd1,215,4,10,1,1
20260912_215351_529_traffic_scan_env2025_seed0-499_48352cd1,215,4,11,1,1
20260912_215351_529_traffic_scan_env2025_seed0-499_48352cd1,215,4,12,2,1
20260912_215351_529_traffic_scan_env2025_seed0-499_48352cd1,215,4,13,2,1
20260912_215351_529_traffic_scan_env2025_seed0-499_48352cd1,215,4,14,0,1
20260912_215351_529_traffic_scan_env2025_seed0-499_48352cd1,215,4,14,1,1
20260912_215351_529_traffic_scan_env2025_seed0-499_48352cd1,215,4,15,0,1
20260912_215351_529_traffic_scan_env2025_seed0-499_48352cd1,215,4,15,1,1
20260912_215351_529_traffic_scan_env2025_seed0-499_48352cd1,215,4,16,1,2
20260912_215351_529_traffic_scan_env2025_seed0-499_48352cd1,215,4,17,1,1
20260912_215351_529_traffic_scan_env2025_seed0-499_48352cd1,215,4,18,1,1
20260912_215351_529_traffic_scan_env2025_seed0-499_48352cd1,215,4,19,0,1
20260912_215351_529_traffic_scan_env2025_seed0-499_48352cd1,215,4,19,1,1
20260912_215351_529_traffic_scan_env2025_seed0-499_48352cd1,215,4,20,1,1
20260912_215351_529_traffic_scan_env2025_seed0-499_48352cd1,215,4,21,0,1
20260912_215351_529_traffic_scan_env2025_seed0-499_48352cd1,215,4,21,1,1
20260912_215351_529_traffic_scan_env2025_seed0-499_48352cd1,215,4,22,1,1
20260912_215351_529_traffic_scan_env2025_seed0-499_48352cd1,215,4,23,0,1
20260912_215351_529_traffic_scan_env2025_seed0-499_48352cd1,215,4,23,1,1
20260912_215351_529_traffic_scan_env2025_seed0-499_48352cd1,215,4,24,1,2
20260912_215351_529_traffic_scan_env2025_seed0-499_48352cd1,215,4,25,1,2
20260912_215351_529_traffic_scan_env2025_seed0-499_48352cd1,215,4,26,1,1
20260912_215351_529_traffic_scan_env2025_seed0-499_48352cd1,215,4,27,1,1
20260912_215351_529_traffic_scan_env2025_seed0-499_48352cd1,215,4,28,1,1
20260912_215351_529_traffic_scan_env2025_seed0-499_48352cd1,215,4,29,1,2
20260912_215351_529_traffic_scan_env2025_seed0-499_48352cd1,215,4,30,0,2
20260912_215351_529_traffic_scan_env2025_seed0-499_48352cd1,215,4,30,1,1
20260912_215351_529_traffic_scan_env2025_seed0-499_48352cd1,215,4,31,0,1
20260912_215351_529_traffic_scan_env2025_seed0-499_48352cd1,215,4,31,1,1
20260912_215351_529_traffic_scan_env2025_seed0-499_48352cd1,215,4,32,2,1
20260912_215351_529_traffic_scan_env2025_seed0-499_48352cd1,215,4,33,2,1
20260912_215351_529_traffic_scan_env2025_seed0-499_48352cd1,215,4,34,1,3
20260912_215351_529_traffic_scan_env2025_seed0-499_48352cd1,215,4,35,1,1
20260912_215351_529_traffic_scan_env2025_seed0-499_48352cd1,215,4,36,1,1
20260912_215351_529_traffic_scan_env2025_seed0-499_48352cd1,215,4,37,0,1
20260912_215351_529_traffic_scan_env2025_seed0-499_48352cd1,215,4,37,1,2
20260912_215351_529_traffic_scan_env2025_seed0-499_48352cd1,215,4,38,0,1
20260912_215351_529_traffic_scan_env2025_seed0-499_48352cd1,215,4,38,1,2
20260912_215351_529_traffic_scan_env2025_seed0-499_48352cd1,215,4,39,1,2
20260912_215351_529_traffic_scan_env2025_seed0-499_48352cd1,215,4,40,1,3
20260912_215351_529_traffic_scan_env2025_seed0-499_48352cd1,215,4,41,1,2
20260912_215351_529_traffic_scan_env2025_seed0-499_48352cd1,215,4,42,0,1
20260912_215351_529_traffic_scan_env2025_seed0-499_48352cd1,215,4,42,1,2
20260912_215351_529_traffic_scan_env2025_seed0-499_48352cd1,215,4,43,0,1
20260912_215351_529_traffic_scan_env2025_seed0-499_48352cd1,215,4,44,0,1
20260912_215351_529_traffic_scan_env2025_seed0-499_48352cd1,215,4,45,0,1
20260912_215351_529_traffic_scan_env2025_seed0-499_48352cd1,215,4,46,0,4
20260912_215351_529_traffic_scan_env2025_seed0-499_48352cd1,215,4,47,0,3
20260912_215351_529_traffic_scan_env2025_seed0-499_48352cd1,215,4,48,0,2
20260912_215351_529_traffic_scan_env2025_seed0-499_48352cd1,215,4,49,0,2
20260912_215351_529_traffic_scan_env2025_seed0-499_48352cd1,215,4,50,0,1
20260912_215351_529_traffic_scan_env2025_seed0-499_48352cd1,215,4,51,0,1
20260912_215351_529_traffic_scan_env2025_seed0-499_48352cd1,215,4,52,0,1
20260912_215351_529_traffic_scan_env2025_seed0-499_48352cd1,215,4,53,0,1
20260912_215351_529_traffic_scan_env2025_seed0-499_48352cd1,215,4,56,0,1
20260912_215351_529_traffic_scan_env2025_seed0-499_48352cd1,215,4,57,0,1
20260912_215351_529_traffic_scan_env2025_seed0-499_48352cd1,215,4,59,0,1
20260912_215351_529_traffic_scan_env2025_seed0-499_48352cd1,215,5,2,0,1
20260912_215351_529_traffic_scan_env2025_seed0-499_48352cd1,215,5,3,0,1
20260912_215351_529_traffic_scan_env2025_seed0-499_48352cd1,215,5,4,0,1
20260912_215351_529_traffic_scan_env2025_seed0-499_48352cd1,215,5,5,0,4
20260912_215351_529_traffic_scan_env2025_seed0-499_48352cd1,215,5,6,0,1
20260912_215351_529_traffic_scan_env2025_seed0-499_48352cd1,215,5,7,0,3
20260912_215351_529_traffic_scan_env2025_seed0-499_48352cd1,215,5,7,1,2
20260912_215351_529_traffic_scan_env2025_seed0-499_48352cd1,215,5,9,0,1
20260912_215351_529_traffic_scan_env2025_seed0-499_48352cd1,215,5,10,0,1
20260912_215351_529_traffic_scan_env2025_seed0-499_48352cd1,215,5,12,0,1
20260912_215351_529_traffic_scan_env2025_seed0-499_48352cd1,215,5,13,0,1
20260912_215351_529_traffic_scan_env2025_seed0-499_48352cd1,215,5,14,0,1
20260912_215351_529_traffic_scan_env2025_seed0-499_48352cd1,215,5,15,1,1
20260912_215351_529_traffic_scan_env2025_seed0-499_48352cd1,215,5,19,0,1
20260912_215351_529_traffic_scan_env2025_seed0-499_48352cd1,215,5,21,1,1
20260912_215351_529_traffic_scan_env2025_seed0-499_48352cd1,215,5,22,0,1
20260912_215351_529_traffic_scan_env2025_seed0-499_48352cd1,215,5,24,0,1
20260912_215351_529_traffic_scan_env2025_seed0-499_48352cd1,215,5,28,1,2
20260912_215351_529_traffic_scan_env2025_seed0-499_48352cd1,215,5,29,0,2
20260912_215351_529_traffic_scan_env2025_seed0-499_48352cd1,215,5,29,1,1
20260912_215351_529_traffic_scan_env2025_seed0-499_48352cd1,215,5,30,1,1
20260912_215351_529_traffic_scan_env2025_seed0-499_48352cd1,215,5,31,0,1
20260912_215351_529_traffic_scan_env2025_seed0-499_48352cd1,215,5,31,1,1
20260912_215351_529_traffic_scan_env2025_seed0-499_48352cd1,215,5,32,2,1
20260912_215351_529_traffic_scan_env2025_seed0-499_48352cd1,215,5,33,2,1
20260912_215351_529_traffic_scan_env2025_seed0-499_48352cd1,215,5,34,0,2
20260912_215351_529_traffic_scan_env2025_seed0-499_48352cd1,215,5,34,1,1
20260912_215351_529_traffic_scan_env2025_seed0-499_48352cd1,215,5,35,1,1
20260912_215351_529_traffic_scan_env2025_seed0-499_48352cd1,215,5,36,0,1
20260912_215351_529_traffic_scan_env2025_seed0-499_48352cd1,215,5,36,1,1
20260912_215351_529_traffic_scan_env2025_seed0-499_48352cd1,215,5,39,1,2
20260912_215351_529_traffic_scan_env2025_seed0-499_48352cd1,215,5,43,0,2
20260912_215351_529_traffic_scan_env2025_seed0-499_48352cd1,215,5,44,0,1
20260912_215351_529_traffic_scan_env2025_seed0-499_48352cd1,215,5,45,0,4
20260912_215351_529_traffic_scan_env2025_seed0-499_48352cd1,215,5,46,0,4
20260912_215351_529_traffic_scan_env2025_seed0-499_48352cd1,215,5,47,0,1
20260912_215351_529_traffic_scan_env2025_seed0-499_48352cd1,215,5,48,0,3
20260912_215351_529_traffic_scan_env2025_seed0-499_48352cd1,215,5,49,0,2
20260912_215351_529_traffic_scan_env2025_seed0-499_48352cd1,215,5,50,0,2
20260912_215351_529_traffic_scan_env2025_seed0-499_48352cd1,215,5,51,0,1
20260912_215351_529_traffic_scan_env2025_seed0-499_48352cd1,215,5,53,0,1
20260912_215351_529_traffic_scan_env2025_seed0-499_48352cd1,215,5,55,0,1
20260912_215351_529_traffic_scan_env2025_seed0-499_48352cd1,215,5,56,0,1
20260912_215351_529_traffic_scan_env2025_seed0-499_48352cd1,215,5,58,0,1
20260912_215351_529_traffic_scan_env2025_seed0-499_48352cd1,215,6,5,0,1
20260912_215351_529_traffic_scan_env2025_seed0-499_48352cd1,215,6,6,0,4
20260912_215351_529_traffic_scan_env2025_seed0-499_48352cd1,215,6,8,0,2
20260912_215351_529_traffic_scan_env2025_seed0-499_48352cd1,215,6,8,1,1
20260912_215351_529_traffic_scan_env2025_seed0-499_48352cd1,215,6,10,0,1
20260912_215351_529_traffic_scan_env2025_seed0-499_48352cd1,215,6,10,1,1
20260912_215351_529_traffic_scan_env2025_seed0-499_48352cd1,215,6,11,1,1
20260912_215351_529_traffic_scan_env2025_seed0-499_48352cd1,215,6,12,1,1
20260912_215351_529_traffic_scan_env2025_seed0-499_48352cd1,215,6,13,0,2
20260912_215351_529_traffic_scan_env2025_seed0-499_48352cd1,215,6,13,1,2
20260912_215351_529_traffic_scan_env2025_seed0-499_48352cd1,215,6,14,1,2
20260912_215351_529_traffic_scan_env2025_seed0-499_48352cd1,215,6,15,1,1
20260912_215351_529_traffic_scan_env2025_seed0-499_48352cd1,215,6,16,1,1
20260912_215351_529_traffic_scan_env2025_seed0-499_48352cd1,215,6,17,1,1
20260912_215351_529_traffic_scan_env2025_seed0-499_48352cd1,215,6,18,1,1
20260912_215351_529_traffic_scan_env2025_seed0-499_48352cd1,215,6,19,0,1
20260912_215351_529_traffic_scan_env2025_seed0-499_48352cd1,215,6,19,1,1
20260912_215351_529_traffic_scan_env2025_seed0-499_48352cd1,215,6,20,1,1
20260912_215351_529_traffic_scan_env2025_seed0-499_48352cd1,215,6,21,1,1
20260912_215351_529_traffic_scan_env2025_seed0-499_48352cd1,215,6,21,2,1
20260912_215351_529_traffic_scan_env2025_seed0-499_48352cd1,215,6,22,1,1
20260912_215351_529_traffic_scan_env2025_seed0-499_48352cd1,215,6,23,0,1
20260912_215351_529_traffic_scan_env2025_seed0-499_48352cd1,215,6,23,1,1
20260912_215351_529_traffic_scan_env2025_seed0-499_48352cd1,215,6,24,1,1
20260912_215351_529_traffic_scan_env2025_seed0-499_48352cd1,215,6,25,0,1
20260912_215351_529_traffic_scan_env2025_seed0-499_48352cd1,215,6,25,1,1
20260912_215351_529_traffic_scan_env2025_seed0-499_48352cd1,215,6,26,1,1
20260912_215351_529_traffic_scan_env2025_seed0-499_48352cd1,215,6,27,1,3
20260912_215351_529_traffic_scan_env2025_seed0-499_48352cd1,215,6,28,0,2
20260912_215351_529_traffic_scan_env2025_seed0-499_48352cd1,215,6,28,1,1
20260912_215351_529_traffic_scan_env2025_seed0-499_48352cd1,215,6,29,0,1
20260912_215351_529_traffic_scan_env2025_seed0-499_48352cd1,215,6,31,0,1
20260912_215351_529_traffic_scan_env2025_seed0-499_48352cd1,215,6,33,0,1
20260912_215351_529_traffic_scan_env2025_seed0-499_48352cd1,215,6,34,1,1
20260912_215351_529_traffic_scan_env2025_seed0-499_48352cd1,215,6,36,0,1
20260912_215351_529_traffic_scan_env2025_seed0-499_48352cd1,215,6,38,2,1
20260912_215351_529_traffic_scan_env2025_seed0-499_48352cd1,215,6,39,0,1
20260912_215351_529_traffic_scan_env2025_seed0-499_48352cd1,215,6,43,0,1
20260912_215351_529_traffic_scan_env2025_seed0-499_48352cd1,215,6,44,0,2
20260912_215351_529_traffic_scan_env2025_seed0-499_48352cd1,215,6,45,0,3
20260912_215351_529_traffic_scan_env2025_seed0-499_48352cd1,215,6,46,0,1
20260912_215351_529_traffic_scan_env2025_seed0-499_48352cd1,215,6,47,0,1
20260912_215351_529_traffic_scan_env2025_seed0-499_48352cd1,215,6,48,0,2
20260912_215351_529_traffic_scan_env2025_seed0-499_48352cd1,215,6,49,0,1
20260912_215351_529_traffic_scan_env2025_seed0-499_48352cd1,215,6,50,0,1
20260912_215351_529_traffic_scan_env2025_seed0-499_48352cd1,215,6,53,0,1
20260912_215351_529_traffic_scan_env2025_seed0-499_48352cd1,215,6,54,0,2
20260912_215351_529_traffic_scan_env2025_seed0-499_48352cd1,215,6,55,0,2
20260912_215351_529_traffic_scan_env2025_seed0-499_48352cd1,215,6,56,0,1
20260912_215351_529_traffic_scan_env2025_seed0-499_48352cd1,215,6,57,0,1
20260912_215351_529_traffic_scan_env2025_seed0-499_48352cd1,215,7,5,0,1
20260912_215351_529_traffic_scan_env2025_seed0-499_48352cd1,215,7,6,0,1
20260912_215351_529_traffic_scan_env2025_seed0-499_48352cd1,215,7,7,0,3
20260912_215351_529_traffic_scan_env2025_seed0-499_48352cd1,215,7,8,0,2
20260912_215351_529_traffic_scan_env2025_seed0-499_48352cd1,215,7,9,1,1
20260912_215351_529_traffic_scan_env2025_seed0-499_48352cd1,215,7,10,0,6
20260912_215351_529_traffic_scan_env2025_seed0-499_48352cd1,215,7,10,1,1
20260912_215351_529_traffic_scan_env2025_seed0-499_48352cd1,215,7,11,0,1
20260912_215351_529_traffic_scan_env2025_seed0-499_48352cd1,215,7,13,2,2
20260912_215351_529_traffic_scan_env2025_seed0-499_48352cd1,215,7,14,0,2
20260912_215351_529_traffic_scan_env2025_seed0-499_48352cd1,215,7,16,0,1
20260912_215351_529_traffic_scan_env2025_seed0-499_48352cd1,215,7,17,0,1
20260912_215351_529_traffic_scan_env2025_seed0-499_48352cd1,215,7,19,0,1
20260912_215351_529_traffic_scan_env2025_seed0-499_48352cd1,215,7,21,3,1
20260912_215351_529_traffic_scan_env2025_seed0-499_48352cd1,215,7,23,2,2
20260912_215351_529_traffic_scan_env2025_seed0-499_48352cd1,215,7,24,0,1
20260912_215351_529_traffic_scan_env2025_seed0-499_48352cd1,215,7,24,1,2
20260912_215351_529_traffic_scan_env2025_seed0-499_48352cd1,215,7,25,1,2
20260912_215351_529_traffic_scan_env2025_seed0-499_48352cd1,215,7,26,0,1
20260912_215351_529_traffic_scan_env2025_seed0-499_48352cd1,215,7,26,1,4
20260912_215351_529_traffic_scan_env2025_seed0-499_48352cd1,215,7,27,0,2
20260912_215351_529_traffic_scan_env2025_seed0-499_48352cd1,215,7,27,1,2
20260912_215351_529_traffic_scan_env2025_seed0-499_48352cd1,215,7,28,1,2
20260912_215351_529_traffic_scan_env2025_seed0-499_48352cd1,215,7,29,0,2
20260912_215351_529_traffic_scan_env2025_seed0-499_48352cd1,215,7,29,1,2
20260912_215351_529_traffic_scan_env2025_seed0-499_48352cd1,215,7,30,0,1
20260912_215351_529_traffic_scan_env2025_seed0-499_48352cd1,215,7,30,1,1
20260912_215351_529_traffic_scan_env2025_seed0-499_48352cd1,215,7,31,0,2
20260912_215351_529_traffic_scan_env2025_seed0-499_48352cd1,215,7,31,1,2
20260912_215351_529_traffic_scan_env2025_seed0-499_48352cd1,215,7,33,0,2
20260912_215351_529_traffic_scan_env2025_seed0-499_48352cd1,215,7,34,0,2
20260912_215351_529_traffic_scan_env2025_seed0-499_48352cd1,215,7,35,0,1
20260912_215351_529_traffic_scan_env2025_seed0-499_48352cd1,215,7,35,1,1
20260912_215351_529_traffic_scan_env2025_seed0-499_48352cd1,215,7,36,0,1
20260912_215351_529_traffic_scan_env2025_seed0-499_48352cd1,215,7,36,1,1
20260912_215351_529_traffic_scan_env2025_seed0-499_48352cd1,215,7,37,2,2
20260912_215351_529_traffic_scan_env2025_seed0-499_48352cd1,215,7,38,2,1
20260912_215351_529_traffic_scan_env2025_seed0-499_48352cd1,215,7,39,0,1
20260912_215351_529_traffic_scan_env2025_seed0-499_48352cd1,215,7,39,1,1
20260912_215351_529_traffic_scan_env2025_seed0-499_48352cd1,215,7,43,0,4
20260912_215351_529_traffic_scan_env2025_seed0-499_48352cd1,215,7,44,0,3
20260912_215351_529_traffic_scan_env2025_seed0-499_48352cd1,215,7,45,0,3
20260912_215351_529_traffic_scan_env2025_seed0-499_48352cd1,215,7,46,0,4
20260912_215351_529_traffic_scan_env2025_seed0-499_48352cd1,215,7,47,0,4
20260912_215351_529_traffic_scan_env2025_seed0-499_48352cd1,215,7,48,0,5
20260912_215351_529_traffic_scan_env2025_seed0-499_48352cd1,215,7,49,0,2
20260912_215351_529_traffic_scan_env2025_seed0-499_48352cd1,215,7,50,0,1
20260912_215351_529_traffic_scan_env2025_seed0-499_48352cd1,215,7,51,0,1
20260912_215351_529_traffic_scan_env2025_seed0-499_48352cd1,215,7,52,0,2
20260912_215351_529_traffic_scan_env2025_seed0-499_48352cd1,215,7,53,0,3
20260912_215351_529_traffic_scan_env2025_seed0-499_48352cd1,215,7,54,0,3
20260912_215351_529_traffic_scan_env2025_seed0-499_48352cd1,215,7,55,0,1
20260912_215351_529_traffic_scan_env2025_seed0-499_48352cd1,215,8,2,0,1
20260912_215351_529_traffic_scan_env2025_seed0-499_48352cd1,215,8,3,0,1
20260912_215351_529_traffic_scan_env2025_seed0-499_48352cd1,215,8,4,0,1
20260912_215351_529_traffic_scan_env2025_seed0-499_48352cd1,215,8,5,0,5
20260912_215351_529_traffic_scan_env2025_seed0-499_48352cd1,215,8,6,0,5
20260912_215351_529_traffic_scan_env2025_seed0-499_48352cd1,215,8,7,0,4
20260912_215351_529_traffic_scan_env2025_seed0-499_48352cd1,215,8,8,0,10
20260912_215351_529_traffic_scan_env2025_seed0-499_48352cd1,215,8,9,0,7
20260912_215351_529_traffic_scan_env2025_seed0-499_48352cd1,215,8,11,0,3
20260912_215351_529_traffic_scan_env2025_seed0-499_48352cd1,215,8,11,1,2
20260912_215351_529_traffic_scan_env2025_seed0-499_48352cd1,215,8,12,1,5
20260912_215351_529_traffic_scan_env2025_seed0-499_48352cd1,215,8,13,2,5
20260912_215351_529_traffic_scan_env2025_seed0-499_48352cd1,215,8,14,1,4
20260912_215351_529_traffic_scan_env2025_seed0-499_48352cd1,215,8,14,2,1
20260912_215351_529_traffic_scan_env2025_seed0-499_48352cd1,215,8,15,0,2
20260912_215351_529_traffic_scan_env2025_seed0-499_48352cd1,215,8,15,1,2
20260912_215351_529_traffic_scan_env2025_seed0-499_48352cd1,215,8,15,2,1
20260912_215351_529_traffic_scan_env2025_seed0-499_48352cd1,215,8,16,1,2
20260912_215351_529_traffic_scan_env2025_seed0-499_48352cd1,215,8,16,2,1
20260912_215351_529_traffic_scan_env2025_seed0-499_48352cd1,215,8,17,1,3
20260912_215351_529_traffic_scan_env2025_seed0-499_48352cd1,215,8,18,0,1
20260912_215351_529_traffic_scan_env2025_seed0-499_48352cd1,215,8,18,1,3
20260912_215351_529_traffic_scan_env2025_seed0-499_48352cd1,215,8,19,0,1
20260912_215351_529_traffic_scan_env2025_seed0-499_48352cd1,215,8,19,1,3
20260912_215351_529_traffic_scan_env2025_seed0-499_48352cd1,215,8,20,2,3
20260912_215351_529_traffic_scan_env2025_seed0-499_48352cd1,215,8,21,2,4
20260912_215351_529_traffic_scan_env2025_seed0-499_48352cd1,215,8,22,2,3
20260912_215351_529_traffic_scan_env2025_seed0-499_48352cd1,215,8,23,2,1
20260912_215351_529_traffic_scan_env2025_seed0-499_48352cd1,215,8,24,1,1
20260912_215351_529_traffic_scan_env2025_seed0-499_48352cd1,215,8,25,0,1
20260912_215351_529_traffic_scan_env2025_seed0-499_48352cd1,215,8,25,1,3
20260912_215351_529_traffic_scan_env2025_seed0-499_48352cd1,215,8,26,0,2
20260912_215351_529_traffic_scan_env2025_seed0-499_48352cd1,215,8,26,1,1
20260912_215351_529_traffic_scan_env2025_seed0-499_48352cd1,215,8,27,0,1
20260912_215351_529_traffic_scan_env2025_seed0-499_48352cd1,215,8,27,1,1
20260912_215351_529_traffic_scan_env2025_seed0-499_48352cd1,215,8,28,1,1
20260912_215351_529_traffic_scan_env2025_seed0-499_48352cd1,215,8,29,2,1
20260912_215351_529_traffic_scan_env2025_seed0-499_48352cd1,215,8,30,0,1
20260912_215351_529_traffic_scan_env2025_seed0-499_48352cd1,215,8,30,1,2
20260912_215351_529_traffic_scan_env2025_seed0-499_48352cd1,215,8,32,0,2
20260912_215351_529_traffic_scan_env2025_seed0-499_48352cd1,215,8,32,1,2
20260912_215351_529_traffic_scan_env2025_seed0-499_48352cd1,215,8,33,1,2
20260912_215351_529_traffic_scan_env2025_seed0-499_48352cd1,215,8,34,1,2
20260912_215351_529_traffic_scan_env2025_seed0-499_48352cd1,215,8,36,0,2
20260912_215351_529_traffic_scan_env2025_seed0-499_48352cd1,215,8,36,1,1
20260912_215351_529_traffic_scan_env2025_seed0-499_48352cd1,215,8,39,0,3
20260912_215351_529_traffic_scan_env2025_seed0-499_48352cd1,215,8,40,0,2
20260912_215351_529_traffic_scan_env2025_seed0-499_48352cd1,215,8,40,1,1
20260912_215351_529_traffic_scan_env2025_seed0-499_48352cd1,215,8,41,0,2
20260912_215351_529_traffic_scan_env2025_seed0-499_48352cd1,215,8,41,1,1
20260912_215351_529_traffic_scan_env2025_seed0-499_48352cd1,215,8,42,0,4
20260912_215351_529_traffic_scan_env2025_seed0-499_48352cd1,215,8,42,1,1
20260912_215351_529_traffic_scan_env2025_seed0-499_48352cd1,215,8,43,0,2
20260912_215351_529_traffic_scan_env2025_seed0-499_48352cd1,215,8,43,1,1
20260912_215351_529_traffic_scan_env2025_seed0-499_48352cd1,215,8,44,0,1
20260912_215351_529_traffic_scan_env2025_seed0-499_48352cd1,215,8,44,1,1
20260912_215351_529_traffic_scan_env2025_seed0-499_48352cd1,215,8,46,0,4
20260912_215351_529_traffic_scan_env2025_seed0-499_48352cd1,215,8,49,0,3
20260912_215351_529_traffic_scan_env2025_seed0-499_48352cd1,215,8,50,0,1
20260912_215351_529_traffic_scan_env2025_seed0-499_48352cd1,215,8,51,0,2
20260912_215351_529_traffic_scan_env2025_seed0-499_48352cd1,215,8,52,0,3
20260912_215351_529_traffic_scan_env2025_seed0-499_48352cd1,215,8,53,0,2
20260912_215351_529_traffic_scan_env2025_seed0-499_48352cd1,215,8,54,0,3
20260912_215351_529_traffic_scan_env2025_seed0-499_48352cd1,215,8,55,0,2
20260912_215351_529_traffic_scan_env2025_seed0-499_48352cd1,215,9,1,0,1
20260912_215351_529_traffic_scan_env2025_seed0-499_48352cd1,215,9,2,0,1
20260912_215351_529_traffic_scan_env2025_seed0-499_48352cd1,215,9,4,0,2
20260912_215351_529_traffic_scan_env2025_seed0-499_48352cd1,215,9,6,0,1
20260912_215351_529_traffic_scan_env2025_seed0-499_48352cd1,215,9,8,0,1
20260912_215351_529_traffic_scan_env2025_seed0-499_48352cd1,215,9,9,0,4
20260912_215351_529_traffic_scan_env2025_seed0-499_48352cd1,215,9,9,1,2
20260912_215351_529_traffic_scan_env2025_seed0-499_48352cd1,215,9,10,0,2
20260912_215351_529_traffic_scan_env2025_seed0-499_48352cd1,215,9,10,1,3
20260912_215351_529_traffic_scan_env2025_seed0-499_48352cd1,215,9,11,0,1
20260912_215351_529_traffic_scan_env2025_seed0-499_48352cd1,215,9,11,1,1
20260912_215351_529_traffic_scan_env2025_seed0-499_48352cd1,215,9,12,1,3
20260912_215351_529_traffic_scan_env2025_seed0-499_48352cd1,215,9,13,2,2
20260912_215351_529_traffic_scan_env2025_seed0-499_48352cd1,215,9,14,1,2
20260912_215351_529_traffic_scan_env2025_seed0-499_48352cd1,215,9,15,0,1
20260912_215351_529_traffic_scan_env2025_seed0-499_48352cd1,215,9,16,0,3
20260912_215351_529_traffic_scan_env2025_seed0-499_48352cd1,215,9,17,0,1
20260912_215351_529_traffic_scan_env2025_seed0-499_48352cd1,215,9,18,0,1
20260912_215351_529_traffic_scan_env2025_seed0-499_48352cd1,215,9,19,0,3
20260912_215351_529_traffic_scan_env2025_seed0-499_48352cd1,215,9,21,1,1
20260912_215351_529_traffic_scan_env2025_seed0-499_48352cd1,215,9,24,2,2
20260912_215351_529_traffic_scan_env2025_seed0-499_48352cd1,215,9,25,0,2
20260912_215351_529_traffic_scan_env2025_seed0-499_48352cd1,215,9,26,0,1
20260912_215351_529_traffic_scan_env2025_seed0-499_48352cd1,215,9,27,0,1
20260912_215351_529_traffic_scan_env2025_seed0-499_48352cd1,215,9,29,0,1
20260912_215351_529_traffic_scan_env2025_seed0-499_48352cd1,215,9,31,0,1
20260912_215351_529_traffic_scan_env2025_seed0-499_48352cd1,215,9,31,1,1
20260912_215351_529_traffic_scan_env2025_seed0-499_48352cd1,215,9,33,2,2
20260912_215351_529_traffic_scan_env2025_seed0-499_48352cd1,215,9,34,2,2
20260912_215351_529_traffic_scan_env2025_seed0-499_48352cd1,215,9,35,2,2
20260912_215351_529_traffic_scan_env2025_seed0-499_48352cd1,215,9,36,2,1
20260912_215351_529_traffic_scan_env2025_seed0-499_48352cd1,215,9,37,0,2
20260912_215351_529_traffic_scan_env2025_seed0-499_48352cd1,215,9,37,1,1
20260912_215351_529_traffic_scan_env2025_seed0-499_48352cd1,215,9,38,0,3
20260912_215351_529_traffic_scan_env2025_seed0-499_48352cd1,215,9,38,1,1
20260912_215351_529_traffic_scan_env2025_seed0-499_48352cd1,215,9,39,1,1
20260912_215351_529_traffic_scan_env2025_seed0-499_48352cd1,215,9,40,1,1
20260912_215351_529_traffic_scan_env2025_seed0-499_48352cd1,215,9,41,2,1
20260912_215351_529_traffic_scan_env2025_seed0-499_48352cd1,215,9,42,0,3
20260912_215351_529_traffic_scan_env2025_seed0-499_48352cd1,215,9,42,1,2
20260912_215351_529_traffic_scan_env2025_seed0-499_48352cd1,215,9,43,1,1
20260912_215351_529_traffic_scan_env2025_seed0-499_48352cd1,215,9,44,0,1
20260912_215351_529_traffic_scan_env2025_seed0-499_48352cd1,215,9,44,1,1
20260912_215351_529_traffic_scan_env2025_seed0-499_48352cd1,215,9,45,0,4
20260912_215351_529_traffic_scan_env2025_seed0-499_48352cd1,215,9,45,1,1
20260912_215351_529_traffic_scan_env2025_seed0-499_48352cd1,215,9,46,1,2
20260912_215351_529_traffic_scan_env2025_seed0-499_48352cd1,215,9,47,0,1
20260912_215351_529_traffic_scan_env2025_seed0-499_48352cd1,215,9,48,0,2
20260912_215351_529_traffic_scan_env2025_seed0-499_48352cd1,215,9,48,1,1
20260912_215351_529_traffic_scan_env2025_seed0-499_48352cd1,215,9,50,0,2
20260912_215351_529_traffic_scan_env2025_seed0-499_48352cd1,215,9,52,0,3
20260912_215351_529_traffic_scan_env2025_seed0-499_48352cd1,215,9,53,0,1
20260912_215351_529_traffic_scan_env2025_seed0-499_48352cd1,215,9,54,0,1
20260912_215351_529_traffic_scan_env2025_seed0-499_48352cd1,215,9,55,0,1
20260912_215351_529_traffic_scan_env2025_seed0-499_48352cd1,215,10,2,0,1
20260912_215351_529_traffic_scan_env2025_seed0-499_48352cd1,215,10,3,0,2
20260912_215351_529_traffic_scan_env2025_seed0-499_48352cd1,215,10,4,0,1
20260912_215351_529_traffic_scan_env2025_seed0-499_48352cd1,215,10,6,1,1
20260912_215351_529_traffic_scan_env2025_seed0-499_48352cd1,215,10,8,0,1
20260912_215351_529_traffic_scan_env2025_seed0-499_48352cd1,215,10,8,1,1
20260912_215351_529_traffic_scan_env2025_seed0-499_48352cd1,215,10,9,1,1
20260912_215351_529_traffic_scan_env2025_seed0-499_48352cd1,215,10,10,0,4
20260912_215351_529_traffic_scan_env2025_seed0-499_48352cd1,215,10,10,1,1
20260912_215351_529_traffic_scan_env2025_seed0-499_48352cd1,215,10,13,1,4
20260912_215351_529_traffic_scan_env2025_seed0-499_48352cd1,215,10,17,0,2
20260912_215351_529_traffic_scan_env2025_seed0-499_48352cd1,215,10,18,0,1
20260912_215351_529_traffic_scan_env2025_seed0-499_48352cd1,215,10,19,0,2
20260912_215351_529_traffic_scan_env2025_seed0-499_48352cd1,215,10,20,0,4
20260912_215351_529_traffic_scan_env2025_seed0-499_48352cd1,215,10,23,1,2
20260912_215351_529_traffic_scan_env2025_seed0-499_48352cd1,215,10,24,0,2
20260912_215351_529_traffic_scan_env2025_seed0-499_48352cd1,215,10,26,0,2
20260912_215351_529_traffic_scan_env2025_seed0-499_48352cd1,215,10,28,0,1
20260912_215351_529_traffic_scan_env2025_seed0-499_48352cd1,215,10,29,0,1
20260912_215351_529_traffic_scan_env2025_seed0-499_48352cd1,215,10,32,0,1
20260912_215351_529_traffic_scan_env2025_seed0-499_48352cd1,215,10,32,1,1
20260912_215351_529_traffic_scan_env2025_seed0-499_48352cd1,215,10,33,0,1
20260912_215351_529_traffic_scan_env2025_seed0-499_48352cd1,215,10,33,1,2
20260912_215351_529_traffic_scan_env2025_seed0-499_48352cd1,215,10,34,1,2
20260912_215351_529_traffic_scan_env2025_seed0-499_48352cd1,215,10,37,0,3
20260912_215351_529_traffic_scan_env2025_seed0-499_48352cd1,215,10,40,0,3
20260912_215351_529_traffic_scan_env2025_seed0-499_48352cd1,215,10,41,0,3
20260912_215351_529_traffic_scan_env2025_seed0-499_48352cd1,215,10,41,2,1
20260912_215351_529_traffic_scan_env2025_seed0-499_48352cd1,215,10,42,0,1
20260912_215351_529_traffic_scan_env2025_seed0-499_48352cd1,215,10,43,0,1
20260912_215351_529_traffic_scan_env2025_seed0-499_48352cd1,215,10,44,0,3
20260912_215351_529_traffic_scan_env2025_seed0-499_48352cd1,215,10,45,0,1
20260912_215351_529_traffic_scan_env2025_seed0-499_48352cd1,215,10,46,1,1
20260912_215351_529_traffic_scan_env2025_seed0-499_48352cd1,215,10,47,0,1
20260912_215351_529_traffic_scan_env2025_seed0-499_48352cd1,215,10,48,1,1
20260912_215351_529_traffic_scan_env2025_seed0-499_48352cd1,215,10,49,0,2
20260912_215351_529_traffic_scan_env2025_seed0-499_48352cd1,215,10,50,0,1
20260912_215351_529_traffic_scan_env2025_seed0-499_48352cd1,215,10,51,0,3
20260912_215351_529_traffic_scan_env2025_seed0-499_48352cd1,215,10,52,0,2
20260912_215351_529_traffic_scan_env2025_seed0-499_48352cd1,215,10,53,0,1
20260912_215351_529_traffic_scan_env2025_seed0-499_48352cd1,215,10,54,0,1
20260912_215351_529_traffic_scan_env2025_seed0-499_48352cd1,215,10,55,0,1
20260912_215351_529_traffic_scan_env2025_seed0-499_48352cd1,215,11,2,0,1
20260912_215351_529_traffic_scan_env2025_seed0-499_48352cd1,215,11,3,0,1
20260912_215351_529_traffic_scan_env2025_seed0-499_48352cd1,215,11,4,0,1
20260912_215351_529_traffic_scan_env2025_seed0-499_48352cd1,215,11,5,1,1
20260912_215351_529_traffic_scan_env2025_seed0-499_48352cd1,215,11,6,1,1
20260912_215351_529_traffic_scan_env2025_seed0-499_48352cd1,215,11,7,1,1
20260912_215351_529_traffic_scan_env2025_seed0-499_48352cd1,215,11,9,0,1
20260912_215351_529_traffic_scan_env2025_seed0-499_48352cd1,215,11,9,1,1
20260912_215351_529_traffic_scan_env2025_seed0-499_48352cd1,215,11,10,0,1
20260912_215351_529_traffic_scan_env2025_seed0-499_48352cd1,215,11,10,1,1
20260912_215351_529_traffic_scan_env2025_seed0-499_48352cd1,215,11,11,0,3
20260912_215351_529_traffic_scan_env2025_seed0-499_48352cd1,215,11,13,1,2
20260912_215351_529_traffic_scan_env2025_seed0-499_48352cd1,215,11,14,0,1
20260912_215351_529_traffic_scan_env2025_seed0-499_48352cd1,215,11,14,1,2
20260912_215351_529_traffic_scan_env2025_seed0-499_48352cd1,215,11,18,0,2
20260912_215351_529_traffic_scan_env2025_seed0-499_48352cd1,215,11,21,0,3
20260912_215351_529_traffic_scan_env2025_seed0-499_48352cd1,215,11,21,1,1
20260912_215351_529_traffic_scan_env2025_seed0-499_48352cd1,215,11,22,0,2
20260912_215351_529_traffic_scan_env2025_seed0-499_48352cd1,215,11,22,1,3
20260912_215351_529_traffic_scan_env2025_seed0-499_48352cd1,215,11,23,0,3
20260912_215351_529_traffic_scan_env2025_seed0-499_48352cd1,215,11,26,0,2
20260912_215351_529_traffic_scan_env2025_seed0-499_48352cd1,215,11,29,0,2
20260912_215351_529_traffic_scan_env2025_seed0-499_48352cd1,215,11,32,0,2
20260912_215351_529_traffic_scan_env2025_seed0-499_48352cd1,215,11,33,2,1
20260912_215351_529_traffic_scan_env2025_seed0-499_48352cd1,215,11,34,2,2
20260912_215351_529_traffic_scan_env2025_seed0-499_48352cd1,215,11,36,0,1
20260912_215351_529_traffic_scan_env2025_seed0-499_48352cd1,215,11,37,1,1
20260912_215351_529_traffic_scan_env2025_seed0-499_48352cd1,215,11,38,0,1
20260912_215351_529_traffic_scan_env2025_seed0-499_48352cd1,215,11,39,0,3
20260912_215351_529_traffic_scan_env2025_seed0-499_48352cd1,215,11,40,3,1
20260912_215351_529_traffic_scan_env2025_seed0-499_48352cd1,215,11,42,0,2
20260912_215351_529_traffic_scan_env2025_seed0-499_48352cd1,215,11,43,0,3
20260912_215351_529_traffic_scan_env2025_seed0-499_48352cd1,215,11,44,0,1
20260912_215351_529_traffic_scan_env2025_seed0-499_48352cd1,215,11,45,0,2
20260912_215351_529_traffic_scan_env2025_seed0-499_48352cd1,215,11,46,0,2
20260912_215351_529_traffic_scan_env2025_seed0-499_48352cd1,215,11,46,1,1
20260912_215351_529_traffic_scan_env2025_seed0-499_48352cd1,215,11,47,0,1
20260912_215351_529_traffic_scan_env2025_seed0-499_48352cd1,215,11,48,0,2
20260912_215351_529_traffic_scan_env2025_seed0-499_48352cd1,215,11,48,1,1
20260912_215351_529_traffic_scan_env2025_seed0-499_48352cd1,215,11,49,0,2
20260912_215351_529_traffic_scan_env2025_seed0-499_48352cd1,215,11,50,0,5
20260912_215351_529_traffic_scan_env2025_seed0-499_48352cd1,215,11,51,0,3
20260912_215351_529_traffic_scan_env2025_seed0-499_48352cd1,215,11,54,0,1
20260912_215351_529_traffic_scan_env2025_seed0-499_48352cd1,215,11,55,0,1
20260912_215351_529_traffic_scan_env2025_seed0-499_48352cd1,215,12,1,0,1
20260912_215351_529_traffic_scan_env2025_seed0-499_48352cd1,215,12,4,0,2
20260912_215351_529_traffic_scan_env2025_seed0-499_48352cd1,215,12,5,0,2
20260912_215351_529_traffic_scan_env2025_seed0-499_48352cd1,215,12,6,0,1
20260912_215351_529_traffic_scan_env2025_seed0-499_48352cd1,215,12,6,1,1
20260912_215351_529_traffic_scan_env2025_seed0-499_48352cd1,215,12,9,0,1
20260912_215351_529_traffic_scan_env2025_seed0-499_48352cd1,215,12,9,1,1
20260912_215351_529_traffic_scan_env2025_seed0-499_48352cd1,215,12,10,0,2
20260912_215351_529_traffic_scan_env2025_seed0-499_48352cd1,215,12,10,1,1
20260912_215351_529_traffic_scan_env2025_seed0-499_48352cd1,215,12,12,0,3
20260912_215351_529_traffic_scan_env2025_seed0-499_48352cd1,215,12,13,1,2
20260912_215351_529_traffic_scan_env2025_seed0-499_48352cd1,215,12,15,0,1
20260912_215351_529_traffic_scan_env2025_seed0-499_48352cd1,215,12,15,1,3
20260912_215351_529_traffic_scan_env2025_seed0-499_48352cd1,215,12,16,1,1
20260912_215351_529_traffic_scan_env2025_seed0-499_48352cd1,215,12,17,1,1
20260912_215351_529_traffic_scan_env2025_seed0-499_48352cd1,215,12,18,0,2
20260912_215351_529_traffic_scan_env2025_seed0-499_48352cd1,215,12,21,0,1
20260912_215351_529_traffic_scan_env2025_seed0-499_48352cd1,215,12,21,1,3
20260912_215351_529_traffic_scan_env2025_seed0-499_48352cd1,215,12,22,0,2
20260912_215351_529_traffic_scan_env2025_seed0-499_48352cd1,215,12,22,1,1
20260912_215351_529_traffic_scan_env2025_seed0-499_48352cd1,215,12,23,0,2
20260912_215351_529_traffic_scan_env2025_seed0-499_48352cd1,215,12,23,1,2
20260912_215351_529_traffic_scan_env2025_seed0-499_48352cd1,215,12,24,0,1
20260912_215351_529_traffic_scan_env2025_seed0-499_48352cd1,215,12,24,1,1
20260912_215351_529_traffic_scan_env2025_seed0-499_48352cd1,215,12,25,2,1
20260912_215351_529_traffic_scan_env2025_seed0-499_48352cd1,215,12,26,0,2
20260912_215351_529_traffic_scan_env2025_seed0-499_48352cd1,215,12,26,1,1
20260912_215351_529_traffic_scan_env2025_seed0-499_48352cd1,215,12,27,0,1
20260912_215351_529_traffic_scan_env2025_seed0-499_48352cd1,215,12,27,1,1
20260912_215351_529_traffic_scan_env2025_seed0-499_48352cd1,215,12,28,1,1
20260912_215351_529_traffic_scan_env2025_seed0-499_48352cd1,215,12,29,0,1
20260912_215351_529_traffic_scan_env2025_seed0-499_48352cd1,215,12,29,1,1
20260912_215351_529_traffic_scan_env2025_seed0-499_48352cd1,215,12,30,0,1
20260912_215351_529_traffic_scan_env2025_seed0-499_48352cd1,215,12,30,1,1
20260912_215351_529_traffic_scan_env2025_seed0-499_48352cd1,215,12,31,1,1
20260912_215351_529_traffic_scan_env2025_seed0-499_48352cd1,215,12,32,0,3
20260912_215351_529_traffic_scan_env2025_seed0-499_48352cd1,215,12,32,1,1
20260912_215351_529_traffic_scan_env2025_seed0-499_48352cd1,215,12,33,2,2
20260912_215351_529_traffic_scan_env2025_seed0-499_48352cd1,215,12,34,2,1
20260912_215351_529_traffic_scan_env2025_seed0-499_48352cd1,215,12,35,0,4
20260912_215351_529_traffic_scan_env2025_seed0-499_48352cd1,215,12,35,1,3
20260912_215351_529_traffic_scan_env2025_seed0-499_48352cd1,215,12,36,0,3
20260912_215351_529_traffic_scan_env2025_seed0-499_48352cd1,215,12,36,1,1
20260912_215351_529_traffic_scan_env2025_seed0-499_48352cd1,215,12,37,0,3
20260912_215351_529_traffic_scan_env2025_seed0-499_48352cd1,215,12,37,1,2
20260912_215351_529_traffic_scan_env2025_seed0-499_48352cd1,215,12,38,0,4
20260912_215351_529_traffic_scan_env2025_seed0-499_48352cd1,215,12,38,1,1
20260912_215351_529_traffic_scan_env2025_seed0-499_48352cd1,215,12,39,2,2
20260912_215351_529_traffic_scan_env2025_seed0-499_48352cd1,215,12,40,1,1
20260912_215351_529_traffic_scan_env2025_seed0-499_48352cd1,215,12,41,0,3
20260912_215351_529_traffic_scan_env2025_seed0-499_48352cd1,215,12,41,1,1
20260912_215351_529_traffic_scan_env2025_seed0-499_48352cd1,215,12,42,0,4
20260912_215351_529_traffic_scan_env2025_seed0-499_48352cd1,215,12,42,1,1
20260912_215351_529_traffic_scan_env2025_seed0-499_48352cd1,215,12,43,0,1
20260912_215351_529_traffic_scan_env2025_seed0-499_48352cd1,215,12,43,1,1
20260912_215351_529_traffic_scan_env2025_seed0-499_48352cd1,215,12,44,1,1
20260912_215351_529_traffic_scan_env2025_seed0-499_48352cd1,215,12,45,0,1
20260912_215351_529_traffic_scan_env2025_seed0-499_48352cd1,215,12,45,1,2
20260912_215351_529_traffic_scan_env2025_seed0-499_48352cd1,215,12,46,1,2
20260912_215351_529_traffic_scan_env2025_seed0-499_48352cd1,215,12,47,0,1
20260912_215351_529_traffic_scan_env2025_seed0-499_48352cd1,215,12,47,1,1
20260912_215351_529_traffic_scan_env2025_seed0-499_48352cd1,215,12,48,1,3
20260912_215351_529_traffic_scan_env2025_seed0-499_48352cd1,215,12,49,1,4
20260912_215351_529_traffic_scan_env2025_seed0-499_48352cd1,215,12,50,0,3
20260912_215351_529_traffic_scan_env2025_seed0-499_48352cd1,215,12,51,0,2
20260912_215351_529_traffic_scan_env2025_seed0-499_48352cd1,215,12,54,0,1
20260912_215351_529_traffic_scan_env2025_seed0-499_48352cd1,215,12,55,0,1
20260912_215351_529_traffic_scan_env2025_seed0-499_48352cd1,215,12,57,0,1
20260912_215351_529_traffic_scan_env2025_seed0-499_48352cd1,215,13,0,0,1
20260912_215351_529_traffic_scan_env2025_seed0-499_48352cd1,215,13,2,0,1
20260912_215351_529_traffic_scan_env2025_seed0-499_48352cd1,215,13,3,0,1
20260912_215351_529_traffic_scan_env2025_seed0-499_48352cd1,215,13,4,0,1
20260912_215351_529_traffic_scan_env2025_seed0-499_48352cd1,215,13,4,1,1
20260912_215351_529_traffic_scan_env2025_seed0-499_48352cd1,215,13,5,0,3
20260912_215351_529_traffic_scan_env2025_seed0-499_48352cd1,215,13,5,1,1
20260912_215351_529_traffic_scan_env2025_seed0-499_48352cd1,215,13,6,0,5
20260912_215351_529_traffic_scan_env2025_seed0-499_48352cd1,215,13,7,0,1
20260912_215351_529_traffic_scan_env2025_seed0-499_48352cd1,215,13,8,0,1
20260912_215351_529_traffic_scan_env2025_seed0-499_48352cd1,215,13,9,1,2
20260912_215351_529_traffic_scan_env2025_seed0-499_48352cd1,215,13,10,0,2
20260912_215351_529_traffic_scan_env2025_seed0-499_48352cd1,215,13,10,1,2
20260912_215351_529_traffic_scan_env2025_seed0-499_48352cd1,215,13,11,1,2
20260912_215351_529_traffic_scan_env2025_seed0-499_48352cd1,215,13,12,1,1
20260912_215351_529_traffic_scan_env2025_seed0-499_48352cd1,215,13,13,0,3
20260912_215351_529_traffic_scan_env2025_seed0-499_48352cd1,215,13,13,1,3
20260912_215351_529_traffic_scan_env2025_seed0-499_48352cd1,215,13,14,0,1
20260912_215351_529_traffic_scan_env2025_seed0-499_48352cd1,215,13,14,1,1
20260912_215351_529_traffic_scan_env2025_seed0-499_48352cd1,215,13,15,0,1
20260912_215351_529_traffic_scan_env2025_seed0-499_48352cd1,215,13,16,0,1
20260912_215351_529_traffic_scan_env2025_seed0-499_48352cd1,215,13,16,1,2
20260912_215351_529_traffic_scan_env2025_seed0-499_48352cd1,215,13,18,1,1
20260912_215351_529_traffic_scan_env2025_seed0-499_48352cd1,215,13,19,0,2
20260912_215351_529_traffic_scan_env2025_seed0-499_48352cd1,215,13,19,1,2
20260912_215351_529_traffic_scan_env2025_seed0-499_48352cd1,215,13,20,1,3
20260912_215351_529_traffic_scan_env2025_seed0-499_48352cd1,215,13,21,0,3
20260912_215351_529_traffic_scan_env2025_seed0-499_48352cd1,215,13,24,0,2
20260912_215351_529_traffic_scan_env2025_seed0-499_48352cd1,215,13,24,1,1
20260912_215351_529_traffic_scan_env2025_seed0-499_48352cd1,215,13,25,0,1
20260912_215351_529_traffic_scan_env2025_seed0-499_48352cd1,215,13,26,0,3
20260912_215351_529_traffic_scan_env2025_seed0-499_48352cd1,215,13,29,0,1
20260912_215351_529_traffic_scan_env2025_seed0-499_48352cd1,215,13,31,0,3
20260912_215351_529_traffic_scan_env2025_seed0-499_48352cd1,215,13,33,0,2
20260912_215351_529_traffic_scan_env2025_seed0-499_48352cd1,215,13,33,1,1
20260912_215351_529_traffic_scan_env2025_seed0-499_48352cd1,215,13,34,0,4
20260912_215351_529_traffic_scan_env2025_seed0-499_48352cd1,215,13,35,2,1
20260912_215351_529_traffic_scan_env2025_seed0-499_48352cd1,215,13,36,2,2
20260912_215351_529_traffic_scan_env2025_seed0-499_48352cd1,215,13,38,2,1
20260912_215351_529_traffic_scan_env2025_seed0-499_48352cd1,215,13,39,0,1
20260912_215351_529_traffic_scan_env2025_seed0-499_48352cd1,215,13,40,0,1
20260912_215351_529_traffic_scan_env2025_seed0-499_48352cd1,215,13,40,1,1
20260912_215351_529_traffic_scan_env2025_seed0-499_48352cd1,215,13,41,0,4
20260912_215351_529_traffic_scan_env2025_seed0-499_48352cd1,215,13,44,0,1
20260912_215351_529_traffic_scan_env2025_seed0-499_48352cd1,215,13,45,1,1
20260912_215351_529_traffic_scan_env2025_seed0-499_48352cd1,215,13,46,0,2
20260912_215351_529_traffic_scan_env2025_seed0-499_48352cd1,215,13,46,1,1
20260912_215351_529_traffic_scan_env2025_seed0-499_48352cd1,215,13,47,2,1
20260912_215351_529_traffic_scan_env2025_seed0-499_48352cd1,215,13,48,0,1
20260912_215351_529_traffic_scan_env2025_seed0-499_48352cd1,215,13,48,1,4
20260912_215351_529_traffic_scan_env2025_seed0-499_48352cd1,215,13,49,0,2
20260912_215351_529_traffic_scan_env2025_seed0-499_48352cd1,215,13,52,0,5
20260912_215351_529_traffic_scan_env2025_seed0-499_48352cd1,215,13,53,0,1
20260912_215351_529_traffic_scan_env2025_seed0-499_48352cd1,215,13,54,0,1
20260912_215351_529_traffic_scan_env2025_seed0-499_48352cd1,215,13,55,0,1
20260912_215351_529_traffic_scan_env2025_seed0-499_48352cd1,215,13,57,0,2
20260912_215351_529_traffic_scan_env2025_seed0-499_48352cd1,215,14,4,1,2
20260912_215351_529_traffic_scan_env2025_seed0-499_48352cd1,215,14,7,0,4
20260912_215351_529_traffic_scan_env2025_seed0-499_48352cd1,215,14,8,0,2
20260912_215351_529_traffic_scan_env2025_seed0-499_48352cd1,215,14,9,0,2
20260912_215351_529_traffic_scan_env2025_seed0-499_48352cd1,215,14,9,1,1
20260912_215351_529_traffic_scan_env2025_seed0-499_48352cd1,215,14,10,1,2
20260912_215351_529_traffic_scan_env2025_seed0-499_48352cd1,215,14,11,0,1
20260912_215351_529_traffic_scan_env2025_seed0-499_48352cd1,215,14,12,0,1
20260912_215351_529_traffic_scan_env2025_seed0-499_48352cd1,215,14,12,1,1
20260912_215351_529_traffic_scan_env2025_seed0-499_48352cd1,215,14,13,0,2
20260912_215351_529_traffic_scan_env2025_seed0-499_48352cd1,215,14,13,1,2
20260912_215351_529_traffic_scan_env2025_seed0-499_48352cd1,215,14,16,0,1
20260912_215351_529_traffic_scan_env2025_seed0-499_48352cd1,215,14,17,0,1
20260912_215351_529_traffic_scan_env2025_seed0-499_48352cd1,215,14,17,1,2
20260912_215351_529_traffic_scan_env2025_seed0-499_48352cd1,215,14,18,2,1
20260912_215351_529_traffic_scan_env2025_seed0-499_48352cd1,215,14,19,0,1
20260912_215351_529_traffic_scan_env2025_seed0-499_48352cd1,215,14,19,1,1
20260912_215351_529_traffic_scan_env2025_seed0-499_48352cd1,215,14,20,0,3
20260912_215351_529_traffic_scan_env2025_seed0-499_48352cd1,215,14,21,0,1
20260912_215351_529_traffic_scan_env2025_seed0-499_48352cd1,215,14,22,1,1
20260912_215351_529_traffic_scan_env2025_seed0-499_48352cd1,215,14,25,0,2
20260912_215351_529_traffic_scan_env2025_seed0-499_48352cd1,215,14,25,1,1
20260912_215351_529_traffic_scan_env2025_seed0-499_48352cd1,215,14,26,0,4
20260912_215351_529_traffic_scan_env2025_seed0-499_48352cd1,215,14,29,0,1
20260912_215351_529_traffic_scan_env2025_seed0-499_48352cd1,215,14,30,0,2
20260912_215351_529_traffic_scan_env2025_seed0-499_48352cd1,215,14,32,0,1
20260912_215351_529_traffic_scan_env2025_seed0-499_48352cd1,215,14,33,0,4
20260912_215351_529_traffic_scan_env2025_seed0-499_48352cd1,215,14,33,1,1
20260912_215351_529_traffic_scan_env2025_seed0-499_48352cd1,215,14,36,2,3
20260912_215351_529_traffic_scan_env2025_seed0-499_48352cd1,215,14,37,1,4
20260912_215351_529_traffic_scan_env2025_seed0-499_48352cd1,215,14,38,0,2
20260912_215351_529_traffic_scan_env2025_seed0-499_48352cd1,215,14,38,1,1
20260912_215351_529_traffic_scan_env2025_seed0-499_48352cd1,215,14,39,0,2
20260912_215351_529_traffic_scan_env2025_seed0-499_48352cd1,215,14,39,1,1
20260912_215351_529_traffic_scan_env2025_seed0-499_48352cd1,215,14,40,0,4
20260912_215351_529_traffic_scan_env2025_seed0-499_48352cd1,215,14,41,0,2
20260912_215351_529_traffic_scan_env2025_seed0-499_48352cd1,215,14,42,0,1
20260912_215351_529_traffic_scan_env2025_seed0-499_48352cd1,215,14,43,0,2
20260912_215351_529_traffic_scan_env2025_seed0-499_48352cd1,215,14,44,0,1
20260912_215351_529_traffic_scan_env2025_seed0-499_48352cd1,215,14,45,0,3
20260912_215351_529_traffic_scan_env2025_seed0-499_48352cd1,215,14,45,1,1
20260912_215351_529_traffic_scan_env2025_seed0-499_48352cd1,215,14,46,0,2
20260912_215351_529_traffic_scan_env2025_seed0-499_48352cd1,215,14,46,1,1
20260912_215351_529_traffic_scan_env2025_seed0-499_48352cd1,215,14,47,0,2
20260912_215351_529_traffic_scan_env2025_seed0-499_48352cd1,215,14,47,1,5
20260912_215351_529_traffic_scan_env2025_seed0-499_48352cd1,215,14,48,0,2
20260912_215351_529_traffic_scan_env2025_seed0-499_48352cd1,215,14,49,0,2
20260912_215351_529_traffic_scan_env2025_seed0-499_48352cd1,215,14,50,0,2
20260912_215351_529_traffic_scan_env2025_seed0-499_48352cd1,215,14,51,0,3
20260912_215351_529_traffic_scan_env2025_seed0-499_48352cd1,215,14,53,0,6
20260912_215351_529_traffic_scan_env2025_seed0-499_48352cd1,215,14,54,0,4
20260912_215351_529_traffic_scan_env2025_seed0-499_48352cd1,215,14,55,0,3
20260912_215351_529_traffic_scan_env2025_seed0-499_48352cd1,215,14,56,0,3
20260912_215351_529_traffic_scan_env2025_seed0-499_48352cd1,215,14,57,0,2
20260912_215351_529_traffic_scan_env2025_seed0-499_48352cd1,215,14,58,0,1
20260912_215351_529_traffic_scan_env2025_seed0-499_48352cd1,215,15,1,0,1
20260912_215351_529_traffic_scan_env2025_seed0-499_48352cd1,215,15,2,0,1
20260912_215351_529_traffic_scan_env2025_seed0-499_48352cd1,215,15,3,1,1
20260912_215351_529_traffic_scan_env2025_seed0-499_48352cd1,215,15,4,1,1
20260912_215351_529_traffic_scan_env2025_seed0-499_48352cd1,215,15,7,0,2
20260912_215351_529_traffic_scan_env2025_seed0-499_48352cd1,215,15,10,0,2
20260912_215351_529_traffic_scan_env2025_seed0-499_48352cd1,215,15,10,1,3
20260912_215351_529_traffic_scan_env2025_seed0-499_48352cd1,215,15,13,0,3
20260912_215351_529_traffic_scan_env2025_seed0-499_48352cd1,215,15,13,1,3
20260912_215351_529_traffic_scan_env2025_seed0-499_48352cd1,215,15,16,1,1
20260912_215351_529_traffic_scan_env2025_seed0-499_48352cd1,215,15,17,0,1
20260912_215351_529_traffic_scan_env2025_seed0-499_48352cd1,215,15,17,1,2
20260912_215351_529_traffic_scan_env2025_seed0-499_48352cd1,215,15,18,0,2
20260912_215351_529_traffic_scan_env2025_seed0-499_48352cd1,215,15,18,1,4
20260912_215351_529_traffic_scan_env2025_seed0-499_48352cd1,215,15,19,2,1
20260912_215351_529_traffic_scan_env2025_seed0-499_48352cd1,215,15,20,2,1
20260912_215351_529_traffic_scan_env2025_seed0-499_48352cd1,215,15,21,0,3
20260912_215351_529_traffic_scan_env2025_seed0-499_48352cd1,215,15,21,1,1
20260912_215351_529_traffic_scan_env2025_seed0-499_48352cd1,215,15,22,0,1
20260912_215351_529_traffic_scan_env2025_seed0-499_48352cd1,215,15,22,1,2
20260912_215351_529_traffic_scan_env2025_seed0-499_48352cd1,215,15,23,1,1
20260912_215351_529_traffic_scan_env2025_seed0-499_48352cd1,215,15,24,1,1
20260912_215351_529_traffic_scan_env2025_seed0-499_48352cd1,215,15,25,1,1
20260912_215351_529_traffic_scan_env2025_seed0-499_48352cd1,215,15,26,0,2
20260912_215351_529_traffic_scan_env2025_seed0-499_48352cd1,215,15,26,1,3
20260912_215351_529_traffic_scan_env2025_seed0-499_48352cd1,215,15,27,0,3
20260912_215351_529_traffic_scan_env2025_seed0-499_48352cd1,215,15,27,1,1
20260912_215351_529_traffic_scan_env2025_seed0-499_48352cd1,215,15,28,1,1
20260912_215351_529_traffic_scan_env2025_seed0-499_48352cd1,215,15,29,0,2
20260912_215351_529_traffic_scan_env2025_seed0-499_48352cd1,215,15,29,1,2
20260912_215351_529_traffic_scan_env2025_seed0-499_48352cd1,215,15,30,1,1
20260912_215351_529_traffic_scan_env2025_seed0-499_48352cd1,215,15,31,1,1
20260912_215351_529_traffic_scan_env2025_seed0-499_48352cd1,215,15,32,0,3
20260912_215351_529_traffic_scan_env2025_seed0-499_48352cd1,215,15,32,1,1
20260912_215351_529_traffic_scan_env2025_seed0-499_48352cd1,215,15,33,0,1
20260912_215351_529_traffic_scan_env2025_seed0-499_48352cd1,215,15,33,1,2
20260912_215351_529_traffic_scan_env2025_seed0-499_48352cd1,215,15,34,0,1
20260912_215351_529_traffic_scan_env2025_seed0-499_48352cd1,215,15,34,1,1
20260912_215351_529_traffic_scan_env2025_seed0-499_48352cd1,215,15,35,1,3
20260912_215351_529_traffic_scan_env2025_seed0-499_48352cd1,215,15,36,1,1
20260912_215351_529_traffic_scan_env2025_seed0-499_48352cd1,215,15,37,0,1
20260912_215351_529_traffic_scan_env2025_seed0-499_48352cd1,215,15,38,0,1
20260912_215351_529_traffic_scan_env2025_seed0-499_48352cd1,215,15,38,1,1
20260912_215351_529_traffic_scan_env2025_seed0-499_48352cd1,215,15,39,0,3
20260912_215351_529_traffic_scan_env2025_seed0-499_48352cd1,215,15,39,1,1
20260912_215351_529_traffic_scan_env2025_seed0-499_48352cd1,215,15,41,0,1
20260912_215351_529_traffic_scan_env2025_seed0-499_48352cd1,215,15,42,0,1
20260912_215351_529_traffic_scan_env2025_seed0-499_48352cd1,215,15,43,1,1
20260912_215351_529_traffic_scan_env2025_seed0-499_48352cd1,215,15,44,0,3
20260912_215351_529_traffic_scan_env2025_seed0-499_48352cd1,215,15,44,1,2
20260912_215351_529_traffic_scan_env2025_seed0-499_48352cd1,215,15,45,1,3
20260912_215351_529_traffic_scan_env2025_seed0-499_48352cd1,215,15,46,1,3
20260912_215351_529_traffic_scan_env2025_seed0-499_48352cd1,215,15,47,0,1
20260912_215351_529_traffic_scan_env2025_seed0-499_48352cd1,215,15,47,1,2
20260912_215351_529_traffic_scan_env2025_seed0-499_48352cd1,215,15,48,0,1
20260912_215351_529_traffic_scan_env2025_seed0-499_48352cd1,215,15,50,0,1
20260912_215351_529_traffic_scan_env2025_seed0-499_48352cd1,215,15,53,0,1
20260912_215351_529_traffic_scan_env2025_seed0-499_48352cd1,215,15,53,1,1
20260912_215351_529_traffic_scan_env2025_seed0-499_48352cd1,215,15,54,0,1
20260912_215351_529_traffic_scan_env2025_seed0-499_48352cd1,215,15,55,0,3
20260912_215351_529_traffic_scan_env2025_seed0-499_48352cd1,215,15,57,0,1
20260912_215351_529_traffic_scan_env2025_seed0-499_48352cd1,215,16,2,1,1
20260912_215351_529_traffic_scan_env2025_seed0-499_48352cd1,215,16,3,0,1
20260912_215351_529_traffic_scan_env2025_seed0-499_48352cd1,215,16,4,1,1
20260912_215351_529_traffic_scan_env2025_seed0-499_48352cd1,215,16,7,0,3
20260912_215351_529_traffic_scan_env2025_seed0-499_48352cd1,215,16,10,1,4
20260912_215351_529_traffic_scan_env2025_seed0-499_48352cd1,215,16,11,0,2
20260912_215351_529_traffic_scan_env2025_seed0-499_48352cd1,215,16,11,1,1
20260912_215351_529_traffic_scan_env2025_seed0-499_48352cd1,215,16,12,1,1
20260912_215351_529_traffic_scan_env2025_seed0-499_48352cd1,215,16,13,1,3
20260912_215351_529_traffic_scan_env2025_seed0-499_48352cd1,215,16,14,0,3
20260912_215351_529_traffic_scan_env2025_seed0-499_48352cd1,215,16,14,1,2
20260912_215351_529_traffic_scan_env2025_seed0-499_48352cd1,215,16,15,1,1
20260912_215351_529_traffic_scan_env2025_seed0-499_48352cd1,215,16,16,0,1
20260912_215351_529_traffic_scan_env2025_seed0-499_48352cd1,215,16,16,1,1
20260912_215351_529_traffic_scan_env2025_seed0-499_48352cd1,215,16,17,0,1
20260912_215351_529_traffic_scan_env2025_seed0-499_48352cd1,215,16,17,1,1
20260912_215351_529_traffic_scan_env2025_seed0-499_48352cd1,215,16,18,0,2
20260912_215351_529_traffic_scan_env2025_seed0-499_48352cd1,215,16,19,0,3
20260912_215351_529_traffic_scan_env2025_seed0-499_48352cd1,215,16,19,1,2
20260912_215351_529_traffic_scan_env2025_seed0-499_48352cd1,215,16,20,0,2
20260912_215351_529_traffic_scan_env2025_seed0-499_48352cd1,215,16,22,0,1
20260912_215351_529_traffic_scan_env2025_seed0-499_48352cd1,215,16,22,1,1
20260912_215351_529_traffic_scan_env2025_seed0-499_48352cd1,215,16,23,0,1
20260912_215351_529_traffic_scan_env2025_seed0-499_48352cd1,215,16,24,0,1
20260912_215351_529_traffic_scan_env2025_seed0-499_48352cd1,215,16,25,1,1
20260912_215351_529_traffic_scan_env2025_seed0-499_48352cd1,215,16,27,0,2
20260912_215351_529_traffic_scan_env2025_seed0-499_48352cd1,215,16,27,1,2
20260912_215351_529_traffic_scan_env2025_seed0-499_48352cd1,215,16,28,0,5
20260912_215351_529_traffic_scan_env2025_seed0-499_48352cd1,215,16,29,1,1
20260912_215351_529_traffic_scan_env2025_seed0-499_48352cd1,215,16,31,0,3
20260912_215351_529_traffic_scan_env2025_seed0-499_48352cd1,215,16,33,1,1
20260912_215351_529_traffic_scan_env2025_seed0-499_48352cd1,215,16,34,0,1
20260912_215351_529_traffic_scan_env2025_seed0-499_48352cd1,215,16,34,1,1
20260912_215351_529_traffic_scan_env2025_seed0-499_48352cd1,215,16,35,0,1
20260912_215351_529_traffic_scan_env2025_seed0-499_48352cd1,215,16,35,1,1
20260912_215351_529_traffic_scan_env2025_seed0-499_48352cd1,215,16,36,1,1
20260912_215351_529_traffic_scan_env2025_seed0-499_48352cd1,215,16,37,0,3
20260912_215351_529_traffic_scan_env2025_seed0-499_48352cd1,215,16,37,1,1
20260912_215351_529_traffic_scan_env2025_seed0-499_48352cd1,215,16,38,0,3
20260912_215351_529_traffic_scan_env2025_seed0-499_48352cd1,215,16,40,1,1
20260912_215351_529_traffic_scan_env2025_seed0-499_48352cd1,215,16,41,0,2
20260912_215351_529_traffic_scan_env2025_seed0-499_48352cd1,215,16,42,0,1
20260912_215351_529_traffic_scan_env2025_seed0-499_48352cd1,215,16,42,1,1
20260912_215351_529_traffic_scan_env2025_seed0-499_48352cd1,215,16,43,0,2
20260912_215351_529_traffic_scan_env2025_seed0-499_48352cd1,215,16,44,2,2
20260912_215351_529_traffic_scan_env2025_seed0-499_48352cd1,215,16,45,2,4
20260912_215351_529_traffic_scan_env2025_seed0-499_48352cd1,215,16,46,0,1
20260912_215351_529_traffic_scan_env2025_seed0-499_48352cd1,215,16,47,0,1
20260912_215351_529_traffic_scan_env2025_seed0-499_48352cd1,215,16,47,1,2
20260912_215351_529_traffic_scan_env2025_seed0-499_48352cd1,215,16,49,1,1
20260912_215351_529_traffic_scan_env2025_seed0-499_48352cd1,215,16,53,1,3
20260912_215351_529_traffic_scan_env2025_seed0-499_48352cd1,215,16,54,0,1
20260912_215351_529_traffic_scan_env2025_seed0-499_48352cd1,215,16,55,0,2
20260912_215351_529_traffic_scan_env2025_seed0-499_48352cd1,215,16,56,0,2
20260912_215351_529_traffic_scan_env2025_seed0-499_48352cd1,215,17,1,0,1
20260912_215351_529_traffic_scan_env2025_seed0-499_48352cd1,215,17,4,0,1
20260912_215351_529_traffic_scan_env2025_seed0-499_48352cd1,215,17,5,2,1
20260912_215351_529_traffic_scan_env2025_seed0-499_48352cd1,215,17,6,0,1
20260912_215351_529_traffic_scan_env2025_seed0-499_48352cd1,215,17,6,1,1
20260912_215351_529_traffic_scan_env2025_seed0-499_48352cd1,215,17,7,0,3
20260912_215351_529_traffic_scan_env2025_seed0-499_48352cd1,215,17,9,0,1
20260912_215351_529_traffic_scan_env2025_seed0-499_48352cd1,215,17,9,1,2
20260912_215351_529_traffic_scan_env2025_seed0-499_48352cd1,215,17,10,1,1
20260912_215351_529_traffic_scan_env2025_seed0-499_48352cd1,215,17,12,0,2
20260912_215351_529_traffic_scan_env2025_seed0-499_48352cd1,215,17,13,1,2
20260912_215351_529_traffic_scan_env2025_seed0-499_48352cd1,215,17,15,0,3
20260912_215351_529_traffic_scan_env2025_seed0-499_48352cd1,215,17,15,1,2
20260912_215351_529_traffic_scan_env2025_seed0-499_48352cd1,215,17,16,1,1
20260912_215351_529_traffic_scan_env2025_seed0-499_48352cd1,215,17,18,0,2
20260912_215351_529_traffic_scan_env2025_seed0-499_48352cd1,215,17,20,0,5
20260912_215351_529_traffic_scan_env2025_seed0-499_48352cd1,215,17,20,1,2
20260912_215351_529_traffic_scan_env2025_seed0-499_48352cd1,215,17,22,1,2
20260912_215351_529_traffic_scan_env2025_seed0-499_48352cd1,215,17,26,1,1
20260912_215351_529_traffic_scan_env2025_seed0-499_48352cd1,215,17,27,0,2
20260912_215351_529_traffic_scan_env2025_seed0-499_48352cd1,215,17,28,0,1
20260912_215351_529_traffic_scan_env2025_seed0-499_48352cd1,215,17,28,1,3
20260912_215351_529_traffic_scan_env2025_seed0-499_48352cd1,215,17,29,0,3
20260912_215351_529_traffic_scan_env2025_seed0-499_48352cd1,215,17,29,1,1
20260912_215351_529_traffic_scan_env2025_seed0-499_48352cd1,215,17,30,0,3
20260912_215351_529_traffic_scan_env2025_seed0-499_48352cd1,215,17,33,1,2
20260912_215351_529_traffic_scan_env2025_seed0-499_48352cd1,215,17,35,0,1
20260912_215351_529_traffic_scan_env2025_seed0-499_48352cd1,215,17,35,1,1
20260912_215351_529_traffic_scan_env2025_seed0-499_48352cd1,215,17,36,0,4
20260912_215351_529_traffic_scan_env2025_seed0-499_48352cd1,215,17,36,1,2
20260912_215351_529_traffic_scan_env2025_seed0-499_48352cd1,215,17,39,1,2
20260912_215351_529_traffic_scan_env2025_seed0-499_48352cd1,215,17,40,0,1
20260912_215351_529_traffic_scan_env2025_seed0-499_48352cd1,215,17,41,0,2
20260912_215351_529_traffic_scan_env2025_seed0-499_48352cd1,215,17,41,1,2
20260912_215351_529_traffic_scan_env2025_seed0-499_48352cd1,215,17,42,0,2
20260912_215351_529_traffic_scan_env2025_seed0-499_48352cd1,215,17,43,1,2
20260912_215351_529_traffic_scan_env2025_seed0-499_48352cd1,215,17,44,2,3
20260912_215351_529_traffic_scan_env2025_seed0-499_48352cd1,215,17,45,2,1
20260912_215351_529_traffic_scan_env2025_seed0-499_48352cd1,215,17,46,0,2
20260912_215351_529_traffic_scan_env2025_seed0-499_48352cd1,215,17,47,1,2
20260912_215351_529_traffic_scan_env2025_seed0-499_48352cd1,215,17,48,2,1
20260912_215351_529_traffic_scan_env2025_seed0-499_48352cd1,215,17,52,1,3
20260912_215351_529_traffic_scan_env2025_seed0-499_48352cd1,215,17,55,0,1
20260912_215351_529_traffic_scan_env2025_seed0-499_48352cd1,215,17,56,0,1
20260912_215351_529_traffic_scan_env2025_seed0-499_48352cd1,215,17,57,0,1
20260912_215351_529_traffic_scan_env2025_seed0-499_48352cd1,215,18,5,0,1
20260912_215351_529_traffic_scan_env2025_seed0-499_48352cd1,215,18,5,1,2
20260912_215351_529_traffic_scan_env2025_seed0-499_48352cd1,215,18,8,1,3
20260912_215351_529_traffic_scan_env2025_seed0-499_48352cd1,215,18,9,1,2
20260912_215351_529_traffic_scan_env2025_seed0-499_48352cd1,215,18,10,1,1
20260912_215351_529_traffic_scan_env2025_seed0-499_48352cd1,215,18,13,0,2
20260912_215351_529_traffic_scan_env2025_seed0-499_48352cd1,215,18,13,1,2
20260912_215351_529_traffic_scan_env2025_seed0-499_48352cd1,215,18,14,1,1
20260912_215351_529_traffic_scan_env2025_seed0-499_48352cd1,215,18,15,1,1
20260912_215351_529_traffic_scan_env2025_seed0-499_48352cd1,215,18,16,0,3
20260912_215351_529_traffic_scan_env2025_seed0-499_48352cd1,215,18,16,1,1
20260912_215351_529_traffic_scan_env2025_seed0-499_48352cd1,215,18,19,0,4
20260912_215351_529_traffic_scan_env2025_seed0-499_48352cd1,215,18,20,0,1
20260912_215351_529_traffic_scan_env2025_seed0-499_48352cd1,215,18,21,1,5
20260912_215351_529_traffic_scan_env2025_seed0-499_48352cd1,215,18,22,1,1
20260912_215351_529_traffic_scan_env2025_seed0-499_48352cd1,215,18,23,2,1
20260912_215351_529_traffic_scan_env2025_seed0-499_48352cd1,215,18,26,0,2
20260912_215351_529_traffic_scan_env2025_seed0-499_48352cd1,215,18,27,2,1
20260912_215351_529_traffic_scan_env2025_seed0-499_48352cd1,215,18,29,0,4
20260912_215351_529_traffic_scan_env2025_seed0-499_48352cd1,215,18,29,1,4
20260912_215351_529_traffic_scan_env2025_seed0-499_48352cd1,215,18,30,1,3
20260912_215351_529_traffic_scan_env2025_seed0-499_48352cd1,215,18,32,1,1
20260912_215351_529_traffic_scan_env2025_seed0-499_48352cd1,215,18,34,1,1
20260912_215351_529_traffic_scan_env2025_seed0-499_48352cd1,215,18,35,0,2
20260912_215351_529_traffic_scan_env2025_seed0-499_48352cd1,215,18,35,1,2
20260912_215351_529_traffic_scan_env2025_seed0-499_48352cd1,215,18,36,0,3
20260912_215351_529_traffic_scan_env2025_seed0-499_48352cd1,215,18,36,1,1
20260912_215351_529_traffic_scan_env2025_seed0-499_48352cd1,215,18,40,2,3
20260912_215351_529_traffic_scan_env2025_seed0-499_48352cd1,215,18,41,0,5
20260912_215351_529_traffic_scan_env2025_seed0-499_48352cd1,215,18,42,1,1
20260912_215351_529_traffic_scan_env2025_seed0-499_48352cd1,215,18,43,0,3
20260912_215351_529_traffic_scan_env2025_seed0-499_48352cd1,215,18,43,1,3
20260912_215351_529_traffic_scan_env2025_seed0-499_48352cd1,215,18,45,0,2
20260912_215351_529_traffic_scan_env2025_seed0-499_48352cd1,215,18,45,1,1
20260912_215351_529_traffic_scan_env2025_seed0-499_48352cd1,215,18,47,1,3
20260912_215351_529_traffic_scan_env2025_seed0-499_48352cd1,215,18,51,1,1
20260912_215351_529_traffic_scan_env2025_seed0-499_48352cd1,215,18,52,0,2
20260912_215351_529_traffic_scan_env2025_seed0-499_48352cd1,215,18,55,0,1
20260912_215351_529_traffic_scan_env2025_seed0-499_48352cd1,215,18,57,0,3
20260912_215351_529_traffic_scan_env2025_seed0-499_48352cd1,215,19,5,1,2
20260912_215351_529_traffic_scan_env2025_seed0-499_48352cd1,215,19,9,1,4
20260912_215351_529_traffic_scan_env2025_seed0-499_48352cd1,215,19,10,1,1
20260912_215351_529_traffic_scan_env2025_seed0-499_48352cd1,215,19,13,1,4
20260912_215351_529_traffic_scan_env2025_seed0-499_48352cd1,215,19,14,0,2
20260912_215351_529_traffic_scan_env2025_seed0-499_48352cd1,215,19,14,1,2
20260912_215351_529_traffic_scan_env2025_seed0-499_48352cd1,215,19,15,1,1
20260912_215351_529_traffic_scan_env2025_seed0-499_48352cd1,215,19,16,1,1
20260912_215351_529_traffic_scan_env2025_seed0-499_48352cd1,215,19,17,0,3
20260912_215351_529_traffic_scan_env2025_seed0-499_48352cd1,215,19,17,1,2
20260912_215351_529_traffic_scan_env2025_seed0-499_48352cd1,215,19,18,2,1
20260912_215351_529_traffic_scan_env2025_seed0-499_48352cd1,215,19,19,0,3
20260912_215351_529_traffic_scan_env2025_seed0-499_48352cd1,215,19,19,1,1
20260912_215351_529_traffic_scan_env2025_seed0-499_48352cd1,215,19,20,1,1
20260912_215351_529_traffic_scan_env2025_seed0-499_48352cd1,215,19,21,0,1
20260912_215351_529_traffic_scan_env2025_seed0-499_48352cd1,215,19,21,1,1
20260912_215351_529_traffic_scan_env2025_seed0-499_48352cd1,215,19,22,0,1
20260912_215351_529_traffic_scan_env2025_seed0-499_48352cd1,215,19,22,1,6
20260912_215351_529_traffic_scan_env2025_seed0-499_48352cd1,215,19,23,0,2
20260912_215351_529_traffic_scan_env2025_seed0-499_48352cd1,215,19,23,1,2
20260912_215351_529_traffic_scan_env2025_seed0-499_48352cd1,215,19,24,0,2
20260912_215351_529_traffic_scan_env2025_seed0-499_48352cd1,215,19,24,1,3
20260912_215351_529_traffic_scan_env2025_seed0-499_48352cd1,215,19,25,0,2
20260912_215351_529_traffic_scan_env2025_seed0-499_48352cd1,215,19,25,1,2
20260912_215351_529_traffic_scan_env2025_seed0-499_48352cd1,215,19,26,1,2
20260912_215351_529_traffic_scan_env2025_seed0-499_48352cd1,215,19,27,1,2
20260912_215351_529_traffic_scan_env2025_seed0-499_48352cd1,215,19,28,0,4
20260912_215351_529_traffic_scan_env2025_seed0-499_48352cd1,215,19,28,1,3
20260912_215351_529_traffic_scan_env2025_seed0-499_48352cd1,215,19,29,1,3
20260912_215351_529_traffic_scan_env2025_seed0-499_48352cd1,215,19,30,1,5
20260912_215351_529_traffic_scan_env2025_seed0-499_48352cd1,215,19,31,1,6
20260912_215351_529_traffic_scan_env2025_seed0-499_48352cd1,215,19,32,1,2
20260912_215351_529_traffic_scan_env2025_seed0-499_48352cd1,215,19,33,1,2
20260912_215351_529_traffic_scan_env2025_seed0-499_48352cd1,215,19,34,0,2
20260912_215351_529_traffic_scan_env2025_seed0-499_48352cd1,215,19,34,1,4
20260912_215351_529_traffic_scan_env2025_seed0-499_48352cd1,215,19,35,1,3
20260912_215351_529_traffic_scan_env2025_seed0-499_48352cd1,215,19,36,1,2
20260912_215351_529_traffic_scan_env2025_seed0-499_48352cd1,215,19,37,0,3
20260912_215351_529_traffic_scan_env2025_seed0-499_48352cd1,215,19,37,1,3
20260912_215351_529_traffic_scan_env2025_seed0-499_48352cd1,215,19,38,1,3
20260912_215351_529_traffic_scan_env2025_seed0-499_48352cd1,215,19,39,1,4
20260912_215351_529_traffic_scan_env2025_seed0-499_48352cd1,215,19,41,0,5
20260912_215351_529_traffic_scan_env2025_seed0-499_48352cd1,215,19,41,1,1
20260912_215351_529_traffic_scan_env2025_seed0-499_48352cd1,215,19,42,0,2
20260912_215351_529_traffic_scan_env2025_seed0-499_48352cd1,215,19,42,1,4
20260912_215351_529_traffic_scan_env2025_seed0-499_48352cd1,215,19,43,1,2
20260912_215351_529_traffic_scan_env2025_seed0-499_48352cd1,215,19,44,0,3
20260912_215351_529_traffic_scan_env2025_seed0-499_48352cd1,215,19,44,1,2
20260912_215351_529_traffic_scan_env2025_seed0-499_48352cd1,215,19,45,1,1
20260912_215351_529_traffic_scan_env2025_seed0-499_48352cd1,215,19,46,1,2
20260912_215351_529_traffic_scan_env2025_seed0-499_48352cd1,215,19,47,1,3
20260912_215351_529_traffic_scan_env2025_seed0-499_48352cd1,215,19,48,1,1
20260912_215351_529_traffic_scan_env2025_seed0-499_48352cd1,215,19,49,1,1
20260912_215351_529_traffic_scan_env2025_seed0-499_48352cd1,215,19,50,1,1
20260912_215351_529_traffic_scan_env2025_seed0-499_48352cd1,215,19,53,0,2
20260912_215351_529_traffic_scan_env2025_seed0-499_48352cd1,215,19,55,0,1
20260912_215351_529_traffic_scan_env2025_seed0-499_48352cd1,215,19,56,0,3
20260912_215351_529_traffic_scan_env2025_seed0-499_48352cd1,215,19,58,0,1
20260912_215351_529_traffic_scan_env2025_seed0-499_48352cd1,215,20,3,0,1
20260912_215351_529_traffic_scan_env2025_seed0-499_48352cd1,215,20,4,0,1
20260912_215351_529_traffic_scan_env2025_seed0-499_48352cd1,215,20,5,0,1
20260912_215351_529_traffic_scan_env2025_seed0-499_48352cd1,215,20,5,1,2
20260912_215351_529_traffic_scan_env2025_seed0-499_48352cd1,215,20,6,0,1
20260912_215351_529_traffic_scan_env2025_seed0-499_48352cd1,215,20,7,0,1
20260912_215351_529_traffic_scan_env2025_seed0-499_48352cd1,215,20,8,0,1
20260912_215351_529_traffic_scan_env2025_seed0-499_48352cd1,215,20,9,0,1
20260912_215351_529_traffic_scan_env2025_seed0-499_48352cd1,215,20,9,1,2
20260912_215351_529_traffic_scan_env2025_seed0-499_48352cd1,215,20,10,0,1
20260912_215351_529_traffic_scan_env2025_seed0-499_48352cd1,215,20,10,1,3
20260912_215351_529_traffic_scan_env2025_seed0-499_48352cd1,215,20,11,0,1
20260912_215351_529_traffic_scan_env2025_seed0-499_48352cd1,215,20,12,0,1
20260912_215351_529_traffic_scan_env2025_seed0-499_48352cd1,215,20,12,1,1
20260912_215351_529_traffic_scan_env2025_seed0-499_48352cd1,215,20,13,1,3
20260912_215351_529_traffic_scan_env2025_seed0-499_48352cd1,215,20,15,0,2
20260912_215351_529_traffic_scan_env2025_seed0-499_48352cd1,215,20,18,0,5
20260912_215351_529_traffic_scan_env2025_seed0-499_48352cd1,215,20,18,1,1
20260912_215351_529_traffic_scan_env2025_seed0-499_48352cd1,215,20,19,0,1
20260912_215351_529_traffic_scan_env2025_seed0-499_48352cd1,215,20,22,0,3
20260912_215351_529_traffic_scan_env2025_seed0-499_48352cd1,215,20,22,1,1
20260912_215351_529_traffic_scan_env2025_seed0-499_48352cd1,215,20,23,0,1
20260912_215351_529_traffic_scan_env2025_seed0-499_48352cd1,215,20,23,1,3
20260912_215351_529_traffic_scan_env2025_seed0-499_48352cd1,215,20,25,1,1
20260912_215351_529_traffic_scan_env2025_seed0-499_48352cd1,215,20,27,0,3
20260912_215351_529_traffic_scan_env2025_seed0-499_48352cd1,215,20,29,0,1
20260912_215351_529_traffic_scan_env2025_seed0-499_48352cd1,215,20,29,1,2
20260912_215351_529_traffic_scan_env2025_seed0-499_48352cd1,215,20,30,1,2
20260912_215351_529_traffic_scan_env2025_seed0-499_48352cd1,215,20,31,1,5
20260912_215351_529_traffic_scan_env2025_seed0-499_48352cd1,215,20,32,1,2
20260912_215351_529_traffic_scan_env2025_seed0-499_48352cd1,215,20,33,0,2
20260912_215351_529_traffic_scan_env2025_seed0-499_48352cd1,215,20,33,1,1
20260912_215351_529_traffic_scan_env2025_seed0-499_48352cd1,215,20,34,1,1
20260912_215351_529_traffic_scan_env2025_seed0-499_48352cd1,215,20,35,1,1
20260912_215351_529_traffic_scan_env2025_seed0-499_48352cd1,215,20,37,0,3
20260912_215351_529_traffic_scan_env2025_seed0-499_48352cd1,215,20,37,1,2
20260912_215351_529_traffic_scan_env2025_seed0-499_48352cd1,215,20,39,1,3
20260912_215351_529_traffic_scan_env2025_seed0-499_48352cd1,215,20,40,0,4
20260912_215351_529_traffic_scan_env2025_seed0-499_48352cd1,215,20,40,1,2
20260912_215351_529_traffic_scan_env2025_seed0-499_48352cd1,215,20,41,0,4
20260912_215351_529_traffic_scan_env2025_seed0-499_48352cd1,215,20,41,1,4
20260912_215351_529_traffic_scan_env2025_seed0-499_48352cd1,215,20,42,0,1
20260912_215351_529_traffic_scan_env2025_seed0-499_48352cd1,215,20,42,1,1
20260912_215351_529_traffic_scan_env2025_seed0-499_48352cd1,215,20,43,0,2
20260912_215351_529_traffic_scan_env2025_seed0-499_48352cd1,215,20,43,1,1
20260912_215351_529_traffic_scan_env2025_seed0-499_48352cd1,215,20,44,0,2
20260912_215351_529_traffic_scan_env2025_seed0-499_48352cd1,215,20,44,1,3
20260912_215351_529_traffic_scan_env2025_seed0-499_48352cd1,215,20,45,0,1
20260912_215351_529_traffic_scan_env2025_seed0-499_48352cd1,215,20,45,1,2
20260912_215351_529_traffic_scan_env2025_seed0-499_48352cd1,215,20,46,0,1
20260912_215351_529_traffic_scan_env2025_seed0-499_48352cd1,215,20,46,1,1
20260912_215351_529_traffic_scan_env2025_seed0-499_48352cd1,215,20,47,0,1
20260912_215351_529_traffic_scan_env2025_seed0-499_48352cd1,215,20,47,1,3
20260912_215351_529_traffic_scan_env2025_seed0-499_48352cd1,215,20,48,0,1
20260912_215351_529_traffic_scan_env2025_seed0-499_48352cd1,215,20,48,1,1
20260912_215351_529_traffic_scan_env2025_seed0-499_48352cd1,215,20,49,2,1
20260912_215351_529_traffic_scan_env2025_seed0-499_48352cd1,215,20,50,2,1
20260912_215351_529_traffic_scan_env2025_seed0-499_48352cd1,215,20,51,1,1
20260912_215351_529_traffic_scan_env2025_seed0-499_48352cd1,215,20,52,0,2
20260912_215351_529_traffic_scan_env2025_seed0-499_48352cd1,215,20,53,0,2
20260912_215351_529_traffic_scan_env2025_seed0-499_48352cd1,215,20,54,0,1
20260912_215351_529_traffic_scan_env2025_seed0-499_48352cd1,215,20,55,0,5
20260912_215351_529_traffic_scan_env2025_seed0-499_48352cd1,215,20,56,0,1
20260912_215351_529_traffic_scan_env2025_seed0-499_48352cd1,215,20,57,0,1
20260912_215351_529_traffic_scan_env2025_seed0-499_48352cd1,215,21,5,1,2
20260912_215351_529_traffic_scan_env2025_seed0-499_48352cd1,215,21,7,0,1
20260912_215351_529_traffic_scan_env2025_seed0-499_48352cd1,215,21,8,0,1
20260912_215351_529_traffic_scan_env2025_seed0-499_48352cd1,215,21,9,1,2
20260912_215351_529_traffic_scan_env2025_seed0-499_48352cd1,215,21,10,1,1
20260912_215351_529_traffic_scan_env2025_seed0-499_48352cd1,215,21,11,1,3
20260912_215351_529_traffic_scan_env2025_seed0-499_48352cd1,215,21,13,1,3
20260912_215351_529_traffic_scan_env2025_seed0-499_48352cd1,215,21,16,0,2
20260912_215351_529_traffic_scan_env2025_seed0-499_48352cd1,215,21,17,0,2
20260912_215351_529_traffic_scan_env2025_seed0-499_48352cd1,215,21,19,0,4
20260912_215351_529_traffic_scan_env2025_seed0-499_48352cd1,215,21,19,1,1
20260912_215351_529_traffic_scan_env2025_seed0-499_48352cd1,215,21,21,0,2
20260912_215351_529_traffic_scan_env2025_seed0-499_48352cd1,215,21,23,0,1
20260912_215351_529_traffic_scan_env2025_seed0-499_48352cd1,215,21,23,1,1
20260912_215351_529_traffic_scan_env2025_seed0-499_48352cd1,215,21,24,0,1
20260912_215351_529_traffic_scan_env2025_seed0-499_48352cd1,215,21,24,1,3
20260912_215351_529_traffic_scan_env2025_seed0-499_48352cd1,215,21,25,0,1
20260912_215351_529_traffic_scan_env2025_seed0-499_48352cd1,215,21,26,0,3
20260912_215351_529_traffic_scan_env2025_seed0-499_48352cd1,215,21,26,1,1
20260912_215351_529_traffic_scan_env2025_seed0-499_48352cd1,215,21,29,0,1
20260912_215351_529_traffic_scan_env2025_seed0-499_48352cd1,215,21,29,1,4
20260912_215351_529_traffic_scan_env2025_seed0-499_48352cd1,215,21,32,0,5
20260912_215351_529_traffic_scan_env2025_seed0-499_48352cd1,215,21,32,1,4
20260912_215351_529_traffic_scan_env2025_seed0-499_48352cd1,215,21,35,1,2
20260912_215351_529_traffic_scan_env2025_seed0-499_48352cd1,215,21,36,1,2
20260912_215351_529_traffic_scan_env2025_seed0-499_48352cd1,215,21,37,0,1
20260912_215351_529_traffic_scan_env2025_seed0-499_48352cd1,215,21,37,1,2
20260912_215351_529_traffic_scan_env2025_seed0-499_48352cd1,215,21,38,0,2
20260912_215351_529_traffic_scan_env2025_seed0-499_48352cd1,215,21,38,1,3
20260912_215351_529_traffic_scan_env2025_seed0-499_48352cd1,215,21,39,0,4
20260912_215351_529_traffic_scan_env2025_seed0-499_48352cd1,215,21,39,1,1
20260912_215351_529_traffic_scan_env2025_seed0-499_48352cd1,215,21,40,0,4
20260912_215351_529_traffic_scan_env2025_seed0-499_48352cd1,215,21,40,1,4
20260912_215351_529_traffic_scan_env2025_seed0-499_48352cd1,215,21,41,0,1
20260912_215351_529_traffic_scan_env2025_seed0-499_48352cd1,215,21,42,0,1
20260912_215351_529_traffic_scan_env2025_seed0-499_48352cd1,215,21,44,0,1
20260912_215351_529_traffic_scan_env2025_seed0-499_48352cd1,215,21,44,1,2
20260912_215351_529_traffic_scan_env2025_seed0-499_48352cd1,215,21,45,1,1
20260912_215351_529_traffic_scan_env2025_seed0-499_48352cd1,215,21,47,2,2
20260912_215351_529_traffic_scan_env2025_seed0-499_48352cd1,215,21,51,0,1
20260912_215351_529_traffic_scan_env2025_seed0-499_48352cd1,215,21,53,0,1
20260912_215351_529_traffic_scan_env2025_seed0-499_48352cd1,215,21,54,0,3
20260912_215351_529_traffic_scan_env2025_seed0-499_48352cd1,215,21,55,0,1
20260912_215351_529_traffic_scan_env2025_seed0-499_48352cd1,215,22,5,1,2
20260912_215351_529_traffic_scan_env2025_seed0-499_48352cd1,215,22,9,0,1
20260912_215351_529_traffic_scan_env2025_seed0-499_48352cd1,215,22,9,1,2
20260912_215351_529_traffic_scan_env2025_seed0-499_48352cd1,215,22,10,1,2
20260912_215351_529_traffic_scan_env2025_seed0-499_48352cd1,215,22,12,1,2
20260912_215351_529_traffic_scan_env2025_seed0-499_48352cd1,215,22,13,0,1
20260912_215351_529_traffic_scan_env2025_seed0-499_48352cd1,215,22,13,1,3
20260912_215351_529_traffic_scan_env2025_seed0-499_48352cd1,215,22,16,0,2
20260912_215351_529_traffic_scan_env2025_seed0-499_48352cd1,215,22,17,0,2
20260912_215351_529_traffic_scan_env2025_seed0-499_48352cd1,215,22,19,0,3
20260912_215351_529_traffic_scan_env2025_seed0-499_48352cd1,215,22,20,0,5
20260912_215351_529_traffic_scan_env2025_seed0-499_48352cd1,215,22,20,1,1
20260912_215351_529_traffic_scan_env2025_seed0-499_48352cd1,215,22,22,0,1
20260912_215351_529_traffic_scan_env2025_seed0-499_48352cd1,215,22,24,0,1
20260912_215351_529_traffic_scan_env2025_seed0-499_48352cd1,215,22,24,1,1
20260912_215351_529_traffic_scan_env2025_seed0-499_48352cd1,215,22,25,1,6
20260912_215351_529_traffic_scan_env2025_seed0-499_48352cd1,215,22,26,0,1
20260912_215351_529_traffic_scan_env2025_seed0-499_48352cd1,215,22,26,1,2
20260912_215351_529_traffic_scan_env2025_seed0-499_48352cd1,215,22,27,1,1
20260912_215351_529_traffic_scan_env2025_seed0-499_48352cd1,215,22,28,1,1
20260912_215351_529_traffic_scan_env2025_seed0-499_48352cd1,215,22,29,1,1
20260912_215351_529_traffic_scan_env2025_seed0-499_48352cd1,215,22,30,0,1
20260912_215351_529_traffic_scan_env2025_seed0-499_48352cd1,215,22,30,1,3
20260912_215351_529_traffic_scan_env2025_seed0-499_48352cd1,215,22,32,0,4
20260912_215351_529_traffic_scan_env2025_seed0-499_48352cd1,215,22,32,1,6
20260912_215351_529_traffic_scan_env2025_seed0-499_48352cd1,215,22,35,2,4
20260912_215351_529_traffic_scan_env2025_seed0-499_48352cd1,215,22,37,0,1
20260912_215351_529_traffic_scan_env2025_seed0-499_48352cd1,215,22,37,1,3
20260912_215351_529_traffic_scan_env2025_seed0-499_48352cd1,215,22,38,0,4
20260912_215351_529_traffic_scan_env2025_seed0-499_48352cd1,215,22,39,0,6
20260912_215351_529_traffic_scan_env2025_seed0-499_48352cd1,215,22,39,1,3
20260912_215351_529_traffic_scan_env2025_seed0-499_48352cd1,215,22,43,1,2
20260912_215351_529_traffic_scan_env2025_seed0-499_48352cd1,215,22,44,0,1
20260912_215351_529_traffic_scan_env2025_seed0-499_48352cd1,215,22,46,1,1
20260912_215351_529_traffic_scan_env2025_seed0-499_48352cd1,215,22,47,2,2
20260912_215351_529_traffic_scan_env2025_seed0-499_48352cd1,215,22,48,0,1
20260912_215351_529_traffic_scan_env2025_seed0-499_48352cd1,215,22,49,0,1
20260912_215351_529_traffic_scan_env2025_seed0-499_48352cd1,215,22,50,0,1
20260912_215351_529_traffic_scan_env2025_seed0-499_48352cd1,215,22,53,0,3
20260912_215351_529_traffic_scan_env2025_seed0-499_48352cd1,215,22,53,1,1
20260912_215351_529_traffic_scan_env2025_seed0-499_48352cd1,215,22,55,0,1
20260912_215351_529_traffic_scan_env2025_seed0-499_48352cd1,215,23,5,1,2
20260912_215351_529_traffic_scan_env2025_seed0-499_48352cd1,215,23,9,1,2
20260912_215351_529_traffic_scan_env2025_seed0-499_48352cd1,215,23,10,1,3
20260912_215351_529_traffic_scan_env2025_seed0-499_48352cd1,215,23,12,1,1
20260912_215351_529_traffic_scan_env2025_seed0-499_48352cd1,215,23,13,1,4
20260912_215351_529_traffic_scan_env2025_seed0-499_48352cd1,215,23,14,0,1
20260912_215351_529_traffic_scan_env2025_seed0-499_48352cd1,215,23,14,1,1
20260912_215351_529_traffic_scan_env2025_seed0-499_48352cd1,215,23,15,0,2
20260912_215351_529_traffic_scan_env2025_seed0-499_48352cd1,215,23,18,0,4
20260912_215351_529_traffic_scan_env2025_seed0-499_48352cd1,215,23,19,0,1
20260912_215351_529_traffic_scan_env2025_seed0-499_48352cd1,215,23,21,0,1
20260912_215351_529_traffic_scan_env2025_seed0-499_48352cd1,215,23,21,1,2
20260912_215351_529_traffic_scan_env2025_seed0-499_48352cd1,215,23,21,2,1
20260912_215351_529_traffic_scan_env2025_seed0-499_48352cd1,215,23,22,2,3
20260912_215351_529_traffic_scan_env2025_seed0-499_48352cd1,215,23,23,0,1
20260912_215351_529_traffic_scan_env2025_seed0-499_48352cd1,215,23,24,0,1
20260912_215351_529_traffic_scan_env2025_seed0-499_48352cd1,215,23,24,1,4
20260912_215351_529_traffic_scan_env2025_seed0-499_48352cd1,215,23,25,0,2
20260912_215351_529_traffic_scan_env2025_seed0-499_48352cd1,215,23,25,1,3
20260912_215351_529_traffic_scan_env2025_seed0-499_48352cd1,215,23,27,0,1
20260912_215351_529_traffic_scan_env2025_seed0-499_48352cd1,215,23,27,1,3
20260912_215351_529_traffic_scan_env2025_seed0-499_48352cd1,215,23,28,2,2
20260912_215351_529_traffic_scan_env2025_seed0-499_48352cd1,215,23,29,1,1
20260912_215351_529_traffic_scan_env2025_seed0-499_48352cd1,215,23,30,1,1
20260912_215351_529_traffic_scan_env2025_seed0-499_48352cd1,215,23,31,0,2
20260912_215351_529_traffic_scan_env2025_seed0-499_48352cd1,215,23,31,1,4
20260912_215351_529_traffic_scan_env2025_seed0-499_48352cd1,215,23,32,1,1
20260912_215351_529_traffic_scan_env2025_seed0-499_48352cd1,215,23,33,0,3
20260912_215351_529_traffic_scan_env2025_seed0-499_48352cd1,215,23,33,1,4
20260912_215351_529_traffic_scan_env2025_seed0-499_48352cd1,215,23,34,0,3
20260912_215351_529_traffic_scan_env2025_seed0-499_48352cd1,215,23,34,1,3
20260912_215351_529_traffic_scan_env2025_seed0-499_48352cd1,215,23,35,0,3
20260912_215351_529_traffic_scan_env2025_seed0-499_48352cd1,215,23,35,1,1
20260912_215351_529_traffic_scan_env2025_seed0-499_48352cd1,215,23,36,1,2
20260912_215351_529_traffic_scan_env2025_seed0-499_48352cd1,215,23,37,0,4
20260912_215351_529_traffic_scan_env2025_seed0-499_48352cd1,215,23,37,1,1
20260912_215351_529_traffic_scan_env2025_seed0-499_48352cd1,215,23,38,0,3
20260912_215351_529_traffic_scan_env2025_seed0-499_48352cd1,215,23,38,1,3
20260912_215351_529_traffic_scan_env2025_seed0-499_48352cd1,215,23,40,0,4
20260912_215351_529_traffic_scan_env2025_seed0-499_48352cd1,215,23,42,2,2
20260912_215351_529_traffic_scan_env2025_seed0-499_48352cd1,215,23,44,0,1
20260912_215351_529_traffic_scan_env2025_seed0-499_48352cd1,215,23,47,1,3
20260912_215351_529_traffic_scan_env2025_seed0-499_48352cd1,215,23,48,1,1
20260912_215351_529_traffic_scan_env2025_seed0-499_48352cd1,215,23,49,0,1
20260912_215351_529_traffic_scan_env2025_seed0-499_48352cd1,215,23,52,0,3
20260912_215351_529_traffic_scan_env2025_seed0-499_48352cd1,215,23,52,1,1
20260912_215351_529_traffic_scan_env2025_seed0-499_48352cd1,215,23,55,0,1
20260912_215351_529_traffic_scan_env2025_seed0-499_48352cd1,215,24,5,1,2
20260912_215351_529_traffic_scan_env2025_seed0-499_48352cd1,215,24,8,0,1
20260912_215351_529_traffic_scan_env2025_seed0-499_48352cd1,215,24,9,1,1
20260912_215351_529_traffic_scan_env2025_seed0-499_48352cd1,215,24,11,0,3
20260912_215351_529_traffic_scan_env2025_seed0-499_48352cd1,215,24,11,1,1
20260912_215351_529_traffic_scan_env2025_seed0-499_48352cd1,215,24,13,1,3
20260912_215351_529_traffic_scan_env2025_seed0-499_48352cd1,215,24,15,0,3
20260912_215351_529_traffic_scan_env2025_seed0-499_48352cd1,215,24,15,1,1
20260912_215351_529_traffic_scan_env2025_seed0-499_48352cd1,215,24,17,0,2
20260912_215351_529_traffic_scan_env2025_seed0-499_48352cd1,215,24,19,0,3
20260912_215351_529_traffic_scan_env2025_seed0-499_48352cd1,215,24,20,2,1
20260912_215351_529_traffic_scan_env2025_seed0-499_48352cd1,215,24,21,3,2
20260912_215351_529_traffic_scan_env2025_seed0-499_48352cd1,215,24,22,3,1
20260912_215351_529_traffic_scan_env2025_seed0-499_48352cd1,215,24,23,1,5
20260912_215351_529_traffic_scan_env2025_seed0-499_48352cd1,215,24,26,1,5
20260912_215351_529_traffic_scan_env2025_seed0-499_48352cd1,215,24,27,0,1
20260912_215351_529_traffic_scan_env2025_seed0-499_48352cd1,215,24,27,1,1
20260912_215351_529_traffic_scan_env2025_seed0-499_48352cd1,215,24,28,0,2
20260912_215351_529_traffic_scan_env2025_seed0-499_48352cd1,215,24,28,1,2
20260912_215351_529_traffic_scan_env2025_seed0-499_48352cd1,215,24,29,1,1
20260912_215351_529_traffic_scan_env2025_seed0-499_48352cd1,215,24,30,0,1
20260912_215351_529_traffic_scan_env2025_seed0-499_48352cd1,215,24,30,1,3
20260912_215351_529_traffic_scan_env2025_seed0-499_48352cd1,215,24,32,0,1
20260912_215351_529_traffic_scan_env2025_seed0-499_48352cd1,215,24,32,1,2
20260912_215351_529_traffic_scan_env2025_seed0-499_48352cd1,215,24,34,0,1
20260912_215351_529_traffic_scan_env2025_seed0-499_48352cd1,215,24,34,1,3
20260912_215351_529_traffic_scan_env2025_seed0-499_48352cd1,215,24,35,0,1
20260912_215351_529_traffic_scan_env2025_seed0-499_48352cd1,215,24,35,1,3
20260912_215351_529_traffic_scan_env2025_seed0-499_48352cd1,215,24,36,0,7
20260912_215351_529_traffic_scan_env2025_seed0-499_48352cd1,215,24,37,0,3
20260912_215351_529_traffic_scan_env2025_seed0-499_48352cd1,215,24,37,1,4
20260912_215351_529_traffic_scan_env2025_seed0-499_48352cd1,215,24,38,0,1
20260912_215351_529_traffic_scan_env2025_seed0-499_48352cd1,215,24,41,0,4
20260912_215351_529_traffic_scan_env2025_seed0-499_48352cd1,215,24,41,1,2
20260912_215351_529_traffic_scan_env2025_seed0-499_48352cd1,215,24,44,0,1
20260912_215351_529_traffic_scan_env2025_seed0-499_48352cd1,215,24,47,0,1
20260912_215351_529_traffic_scan_env2025_seed0-499_48352cd1,215,24,47,1,2
20260912_215351_529_traffic_scan_env2025_seed0-499_48352cd1,215,24,50,0,1
20260912_215351_529_traffic_scan_env2025_seed0-499_48352cd1,215,24,51,0,3
20260912_215351_529_traffic_scan_env2025_seed0-499_48352cd1,215,24,51,1,1
20260912_215351_529_traffic_scan_env2025_seed0-499_48352cd1,215,24,52,0,1
20260912_215351_529_traffic_scan_env2025_seed0-499_48352cd1,215,24,55,0,1
20260912_215351_529_traffic_scan_env2025_seed0-499_48352cd1,215,25,5,1,2
20260912_215351_529_traffic_scan_env2025_seed0-499_48352cd1,215,25,7,0,1
20260912_215351_529_traffic_scan_env2025_seed0-499_48352cd1,215,25,9,1,1
20260912_215351_529_traffic_scan_env2025_seed0-499_48352cd1,215,25,10,2,1
20260912_215351_529_traffic_scan_env2025_seed0-499_48352cd1,215,25,12,0,3
20260912_215351_529_traffic_scan_env2025_seed0-499_48352cd1,215,25,13,1,2
20260912_215351_529_traffic_scan_env2025_seed0-499_48352cd1,215,25,14,0,2
20260912_215351_529_traffic_scan_env2025_seed0-499_48352cd1,215,25,14,1,1
20260912_215351_529_traffic_scan_env2025_seed0-499_48352cd1,215,25,16,0,3
20260912_215351_529_traffic_scan_env2025_seed0-499_48352cd1,215,25,16,1,1
20260912_215351_529_traffic_scan_env2025_seed0-499_48352cd1,215,25,19,0,3
20260912_215351_529_traffic_scan_env2025_seed0-499_48352cd1,215,25,20,2,2
20260912_215351_529_traffic_scan_env2025_seed0-499_48352cd1,215,25,21,3,1
20260912_215351_529_traffic_scan_env2025_seed0-499_48352cd1,215,25,23,2,4
20260912_215351_529_traffic_scan_env2025_seed0-499_48352cd1,215,25,26,0,2
20260912_215351_529_traffic_scan_env2025_seed0-499_48352cd1,215,25,26,1,1
20260912_215351_529_traffic_scan_env2025_seed0-499_48352cd1,215,25,27,0,1
20260912_215351_529_traffic_scan_env2025_seed0-499_48352cd1,215,25,27,1,2
20260912_215351_529_traffic_scan_env2025_seed0-499_48352cd1,215,25,29,0,2
20260912_215351_529_traffic_scan_env2025_seed0-499_48352cd1,215,25,29,1,4
20260912_215351_529_traffic_scan_env2025_seed0-499_48352cd1,215,25,30,1,2
20260912_215351_529_traffic_scan_env2025_seed0-499_48352cd1,215,25,33,0,2
20260912_215351_529_traffic_scan_env2025_seed0-499_48352cd1,215,25,33,1,2
20260912_215351_529_traffic_scan_env2025_seed0-499_48352cd1,215,25,34,1,3
20260912_215351_529_traffic_scan_env2025_seed0-499_48352cd1,215,25,35,0,3
20260912_215351_529_traffic_scan_env2025_seed0-499_48352cd1,215,25,35,1,3
20260912_215351_529_traffic_scan_env2025_seed0-499_48352cd1,215,25,36,0,2
20260912_215351_529_traffic_scan_env2025_seed0-499_48352cd1,215,25,36,1,3
20260912_215351_529_traffic_scan_env2025_seed0-499_48352cd1,215,25,37,0,4
20260912_215351_529_traffic_scan_env2025_seed0-499_48352cd1,215,25,37,1,1
20260912_215351_529_traffic_scan_env2025_seed0-499_48352cd1,215,25,38,0,1
20260912_215351_529_traffic_scan_env2025_seed0-499_48352cd1,215,25,40,0,1
20260912_215351_529_traffic_scan_env2025_seed0-499_48352cd1,215,25,40,1,2
20260912_215351_529_traffic_scan_env2025_seed0-499_48352cd1,215,25,41,0,1
20260912_215351_529_traffic_scan_env2025_seed0-499_48352cd1,215,25,42,0,2
20260912_215351_529_traffic_scan_env2025_seed0-499_48352cd1,215,25,43,1,1
20260912_215351_529_traffic_scan_env2025_seed0-499_48352cd1,215,25,46,1,1
20260912_215351_529_traffic_scan_env2025_seed0-499_48352cd1,215,25,47,0,1
20260912_215351_529_traffic_scan_env2025_seed0-499_48352cd1,215,25,47,1,1
20260912_215351_529_traffic_scan_env2025_seed0-499_48352cd1,215,25,49,0,1
20260912_215351_529_traffic_scan_env2025_seed0-499_48352cd1,215,25,50,0,4
20260912_215351_529_traffic_scan_env2025_seed0-499_48352cd1,215,25,50,1,1
20260912_215351_529_traffic_scan_env2025_seed0-499_48352cd1,215,25,51,0,2
20260912_215351_529_traffic_scan_env2025_seed0-499_48352cd1,215,25,53,0,1
20260912_215351_529_traffic_scan_env2025_seed0-499_48352cd1,215,25,54,0,1
20260912_215351_529_traffic_scan_env2025_seed0-499_48352cd1,215,25,55,0,2
20260912_215351_529_traffic_scan_env2025_seed0-499_48352cd1,215,25,56,0,1
20260912_215351_529_traffic_scan_env2025_seed0-499_48352cd1,215,26,5,1,2
20260912_215351_529_traffic_scan_env2025_seed0-499_48352cd1,215,26,6,0,1
20260912_215351_529_traffic_scan_env2025_seed0-499_48352cd1,215,26,9,1,2
20260912_215351_529_traffic_scan_env2025_seed0-499_48352cd1,215,26,12,0,3
20260912_215351_529_traffic_scan_env2025_seed0-499_48352cd1,215,26,13,0,3
20260912_215351_529_traffic_scan_env2025_seed0-499_48352cd1,215,26,13,1,2
20260912_215351_529_traffic_scan_env2025_seed0-499_48352cd1,215,26,15,0,2
20260912_215351_529_traffic_scan_env2025_seed0-499_48352cd1,215,26,15,1,2
20260912_215351_529_traffic_scan_env2025_seed0-499_48352cd1,215,26,16,1,1
20260912_215351_529_traffic_scan_env2025_seed0-499_48352cd1,215,26,17,0,1
20260912_215351_529_traffic_scan_env2025_seed0-499_48352cd1,215,26,17,1,2
20260912_215351_529_traffic_scan_env2025_seed0-499_48352cd1,215,26,18,0,1
20260912_215351_529_traffic_scan_env2025_seed0-499_48352cd1,215,26,18,1,1
20260912_215351_529_traffic_scan_env2025_seed0-499_48352cd1,215,26,19,1,3
20260912_215351_529_traffic_scan_env2025_seed0-499_48352cd1,215,26,20,0,3
20260912_215351_529_traffic_scan_env2025_seed0-499_48352cd1,215,26,22,1,2
20260912_215351_529_traffic_scan_env2025_seed0-499_48352cd1,215,26,22,2,1
20260912_215351_529_traffic_scan_env2025_seed0-499_48352cd1,215,26,24,2,3
20260912_215351_529_traffic_scan_env2025_seed0-499_48352cd1,215,26,25,0,1
20260912_215351_529_traffic_scan_env2025_seed0-499_48352cd1,215,26,25,1,2
20260912_215351_529_traffic_scan_env2025_seed0-499_48352cd1,215,26,27,0,1
20260912_215351_529_traffic_scan_env2025_seed0-499_48352cd1,215,26,28,0,2
20260912_215351_529_traffic_scan_env2025_seed0-499_48352cd1,215,26,28,1,4
20260912_215351_529_traffic_scan_env2025_seed0-499_48352cd1,215,26,30,0,1
20260912_215351_529_traffic_scan_env2025_seed0-499_48352cd1,215,26,30,1,3
20260912_215351_529_traffic_scan_env2025_seed0-499_48352cd1,215,26,31,0,1
20260912_215351_529_traffic_scan_env2025_seed0-499_48352cd1,215,26,31,1,1
20260912_215351_529_traffic_scan_env2025_seed0-499_48352cd1,215,26,32,0,1
20260912_215351_529_traffic_scan_env2025_seed0-499_48352cd1,215,26,33,1,3
20260912_215351_529_traffic_scan_env2025_seed0-499_48352cd1,215,26,34,0,4
20260912_215351_529_traffic_scan_env2025_seed0-499_48352cd1,215,26,34,1,2
20260912_215351_529_traffic_scan_env2025_seed0-499_48352cd1,215,26,35,0,2
20260912_215351_529_traffic_scan_env2025_seed0-499_48352cd1,215,26,35,1,4
20260912_215351_529_traffic_scan_env2025_seed0-499_48352cd1,215,26,36,1,2
20260912_215351_529_traffic_scan_env2025_seed0-499_48352cd1,215,26,37,0,1
20260912_215351_529_traffic_scan_env2025_seed0-499_48352cd1,215,26,37,1,1
20260912_215351_529_traffic_scan_env2025_seed0-499_48352cd1,215,26,38,0,4
20260912_215351_529_traffic_scan_env2025_seed0-499_48352cd1,215,26,39,0,2
20260912_215351_529_traffic_scan_env2025_seed0-499_48352cd1,215,26,39,1,2
20260912_215351_529_traffic_scan_env2025_seed0-499_48352cd1,215,26,40,0,1
20260912_215351_529_traffic_scan_env2025_seed0-499_48352cd1,215,26,41,0,2
20260912_215351_529_traffic_scan_env2025_seed0-499_48352cd1,215,26,42,0,1
20260912_215351_529_traffic_scan_env2025_seed0-499_48352cd1,215,26,43,0,3
20260912_215351_529_traffic_scan_env2025_seed0-499_48352cd1,215,26,43,1,1
20260912_215351_529_traffic_scan_env2025_seed0-499_48352cd1,215,26,44,0,1
20260912_215351_529_traffic_scan_env2025_seed0-499_48352cd1,215,26,45,0,1
20260912_215351_529_traffic_scan_env2025_seed0-499_48352cd1,215,26,45,1,1
20260912_215351_529_traffic_scan_env2025_seed0-499_48352cd1,215,26,46,0,1
20260912_215351_529_traffic_scan_env2025_seed0-499_48352cd1,215,26,47,0,2
20260912_215351_529_traffic_scan_env2025_seed0-499_48352cd1,215,26,47,1,1
20260912_215351_529_traffic_scan_env2025_seed0-499_48352cd1,215,26,48,0,1
20260912_215351_529_traffic_scan_env2025_seed0-499_48352cd1,215,26,49,0,2
20260912_215351_529_traffic_scan_env2025_seed0-499_48352cd1,215,26,49,1,2
20260912_215351_529_traffic_scan_env2025_seed0-499_48352cd1,215,26,55,0,1
20260912_215351_529_traffic_scan_env2025_seed0-499_48352cd1,215,27,3,0,1
20260912_215351_529_traffic_scan_env2025_seed0-499_48352cd1,215,27,4,0,1
20260912_215351_529_traffic_scan_env2025_seed0-499_48352cd1,215,27,5,0,2
20260912_215351_529_traffic_scan_env2025_seed0-499_48352cd1,215,27,5,1,2
20260912_215351_529_traffic_scan_env2025_seed0-499_48352cd1,215,27,6,0,1
20260912_215351_529_traffic_scan_env2025_seed0-499_48352cd1,215,27,7,0,1
20260912_215351_529_traffic_scan_env2025_seed0-499_48352cd1,215,27,8,0,2
20260912_215351_529_traffic_scan_env2025_seed0-499_48352cd1,215,27,8,1,1
20260912_215351_529_traffic_scan_env2025_seed0-499_48352cd1,215,27,9,0,2
20260912_215351_529_traffic_scan_env2025_seed0-499_48352cd1,215,27,9,1,1
20260912_215351_529_traffic_scan_env2025_seed0-499_48352cd1,215,27,10,0,1
20260912_215351_529_traffic_scan_env2025_seed0-499_48352cd1,215,27,10,1,1
20260912_215351_529_traffic_scan_env2025_seed0-499_48352cd1,215,27,11,0,2
20260912_215351_529_traffic_scan_env2025_seed0-499_48352cd1,215,27,11,1,1
20260912_215351_529_traffic_scan_env2025_seed0-499_48352cd1,215,27,12,2,1
20260912_215351_529_traffic_scan_env2025_seed0-499_48352cd1,215,27,13,0,6
20260912_215351_529_traffic_scan_env2025_seed0-499_48352cd1,215,27,13,1,2
20260912_215351_529_traffic_scan_env2025_seed0-499_48352cd1,215,27,14,0,4
20260912_215351_529_traffic_scan_env2025_seed0-499_48352cd1,215,27,14,1,2
20260912_215351_529_traffic_scan_env2025_seed0-499_48352cd1,215,27,15,0,2
20260912_215351_529_traffic_scan_env2025_seed0-499_48352cd1,215,27,16,1,1
20260912_215351_529_traffic_scan_env2025_seed0-499_48352cd1,215,27,18,2,2
20260912_215351_529_traffic_scan_env2025_seed0-499_48352cd1,215,27,20,0,1
20260912_215351_529_traffic_scan_env2025_seed0-499_48352cd1,215,27,20,1,2
20260912_215351_529_traffic_scan_env2025_seed0-499_48352cd1,215,27,21,0,2
20260912_215351_529_traffic_scan_env2025_seed0-499_48352cd1,215,27,21,1,3
20260912_215351_529_traffic_scan_env2025_seed0-499_48352cd1,215,27,22,0,1
20260912_215351_529_traffic_scan_env2025_seed0-499_48352cd1,215,27,22,1,1
20260912_215351_529_traffic_scan_env2025_seed0-499_48352cd1,215,27,23,0,1
20260912_215351_529_traffic_scan_env2025_seed0-499_48352cd1,215,27,23,1,3
20260912_215351_529_traffic_scan_env2025_seed0-499_48352cd1,215,27,24,0,1
20260912_215351_529_traffic_scan_env2025_seed0-499_48352cd1,215,27,24,1,1
20260912_215351_529_traffic_scan_env2025_seed0-499_48352cd1,215,27,25,1,2
20260912_215351_529_traffic_scan_env2025_seed0-499_48352cd1,215,27,26,1,2
20260912_215351_529_traffic_scan_env2025_seed0-499_48352cd1,215,27,27,0,2
20260912_215351_529_traffic_scan_env2025_seed0-499_48352cd1,215,27,27,1,2
20260912_215351_529_traffic_scan_env2025_seed0-499_48352cd1,215,27,28,0,2
20260912_215351_529_traffic_scan_env2025_seed0-499_48352cd1,215,27,29,0,2
20260912_215351_529_traffic_scan_env2025_seed0-499_48352cd1,215,27,29,1,2
20260912_215351_529_traffic_scan_env2025_seed0-499_48352cd1,215,27,30,0,2
20260912_215351_529_traffic_scan_env2025_seed0-499_48352cd1,215,27,30,1,1
20260912_215351_529_traffic_scan_env2025_seed0-499_48352cd1,215,27,31,0,2
20260912_215351_529_traffic_scan_env2025_seed0-499_48352cd1,215,27,31,1,2
20260912_215351_529_traffic_scan_env2025_seed0-499_48352cd1,215,27,32,0,1
20260912_215351_529_traffic_scan_env2025_seed0-499_48352cd1,215,27,32,1,3
20260912_215351_529_traffic_scan_env2025_seed0-499_48352cd1,215,27,33,0,4
20260912_215351_529_traffic_scan_env2025_seed0-499_48352cd1,215,27,33,1,1
20260912_215351_529_traffic_scan_env2025_seed0-499_48352cd1,215,27,34,0,3
20260912_215351_529_traffic_scan_env2025_seed0-499_48352cd1,215,27,34,1,4
20260912_215351_529_traffic_scan_env2025_seed0-499_48352cd1,215,27,35,0,2
20260912_215351_529_traffic_scan_env2025_seed0-499_48352cd1,215,27,35,1,2
20260912_215351_529_traffic_scan_env2025_seed0-499_48352cd1,215,27,37,0,1
20260912_215351_529_traffic_scan_env2025_seed0-499_48352cd1,215,27,37,1,3
20260912_215351_529_traffic_scan_env2025_seed0-499_48352cd1,215,27,38,0,3
20260912_215351_529_traffic_scan_env2025_seed0-499_48352cd1,215,27,38,1,2
20260912_215351_529_traffic_scan_env2025_seed0-499_48352cd1,215,27,39,0,3
20260912_215351_529_traffic_scan_env2025_seed0-499_48352cd1,215,27,40,0,1
20260912_215351_529_traffic_scan_env2025_seed0-499_48352cd1,215,27,43,1,1
20260912_215351_529_traffic_scan_env2025_seed0-499_48352cd1,215,27,44,1,3
20260912_215351_529_traffic_scan_env2025_seed0-499_48352cd1,215,27,47,0,1
20260912_215351_529_traffic_scan_env2025_seed0-499_48352cd1,215,27,47,1,1
20260912_215351_529_traffic_scan_env2025_seed0-499_48352cd1,215,27,48,0,2
20260912_215351_529_traffic_scan_env2025_seed0-499_48352cd1,215,27,48,1,2
20260912_215351_529_traffic_scan_env2025_seed0-499_48352cd1,215,27,55,0,1
20260912_215351_529_traffic_scan_env2025_seed0-499_48352cd1,215,28,5,1,2
20260912_215351_529_traffic_scan_env2025_seed0-499_48352cd1,215,28,7,1,1
20260912_215351_529_traffic_scan_env2025_seed0-499_48352cd1,215,28,9,2,1
20260912_215351_529_traffic_scan_env2025_seed0-499_48352cd1,215,28,11,0,2
20260912_215351_529_traffic_scan_env2025_seed0-499_48352cd1,215,28,12,0,3
20260912_215351_529_traffic_scan_env2025_seed0-499_48352cd1,215,28,13,0,2
20260912_215351_529_traffic_scan_env2025_seed0-499_48352cd1,215,28,13,1,1
20260912_215351_529_traffic_scan_env2025_seed0-499_48352cd1,215,28,14,1,1
20260912_215351_529_traffic_scan_env2025_seed0-499_48352cd1,215,28,16,0,2
20260912_215351_529_traffic_scan_env2025_seed0-499_48352cd1,215,28,17,2,2
20260912_215351_529_traffic_scan_env2025_seed0-499_48352cd1,215,28,19,0,1
20260912_215351_529_traffic_scan_env2025_seed0-499_48352cd1,215,28,19,1,1
20260912_215351_529_traffic_scan_env2025_seed0-499_48352cd1,215,28,20,0,1
20260912_215351_529_traffic_scan_env2025_seed0-499_48352cd1,215,28,20,1,2
20260912_215351_529_traffic_scan_env2025_seed0-499_48352cd1,215,28,21,0,1
20260912_215351_529_traffic_scan_env2025_seed0-499_48352cd1,215,28,21,1,1
20260912_215351_529_traffic_scan_env2025_seed0-499_48352cd1,215,28,22,0,2
20260912_215351_529_traffic_scan_env2025_seed0-499_48352cd1,215,28,22,1,1
20260912_215351_529_traffic_scan_env2025_seed0-499_48352cd1,215,28,23,1,1
20260912_215351_529_traffic_scan_env2025_seed0-499_48352cd1,215,28,26,0,1
20260912_215351_529_traffic_scan_env2025_seed0-499_48352cd1,215,28,26,1,3
20260912_215351_529_traffic_scan_env2025_seed0-499_48352cd1,215,28,27,1,1
20260912_215351_529_traffic_scan_env2025_seed0-499_48352cd1,215,28,29,0,2
20260912_215351_529_traffic_scan_env2025_seed0-499_48352cd1,215,28,30,0,1
20260912_215351_529_traffic_scan_env2025_seed0-499_48352cd1,215,28,30,1,3
20260912_215351_529_traffic_scan_env2025_seed0-499_48352cd1,215,28,31,1,2
20260912_215351_529_traffic_scan_env2025_seed0-499_48352cd1,215,28,32,0,4
20260912_215351_529_traffic_scan_env2025_seed0-499_48352cd1,215,28,32,1,2
20260912_215351_529_traffic_scan_env2025_seed0-499_48352cd1,215,28,33,0,2
20260912_215351_529_traffic_scan_env2025_seed0-499_48352cd1,215,28,33,1,5
20260912_215351_529_traffic_scan_env2025_seed0-499_48352cd1,215,28,34,2,1
20260912_215351_529_traffic_scan_env2025_seed0-499_48352cd1,215,28,35,2,1
20260912_215351_529_traffic_scan_env2025_seed0-499_48352cd1,215,28,36,0,2
20260912_215351_529_traffic_scan_env2025_seed0-499_48352cd1,215,28,36,1,1
20260912_215351_529_traffic_scan_env2025_seed0-499_48352cd1,215,28,37,0,4
20260912_215351_529_traffic_scan_env2025_seed0-499_48352cd1,215,28,37,1,3
20260912_215351_529_traffic_scan_env2025_seed0-499_48352cd1,215,28,38,0,2
20260912_215351_529_traffic_scan_env2025_seed0-499_48352cd1,215,28,38,1,2
20260912_215351_529_traffic_scan_env2025_seed0-499_48352cd1,215,28,39,0,1
20260912_215351_529_traffic_scan_env2025_seed0-499_48352cd1,215,28,40,0,5
20260912_215351_529_traffic_scan_env2025_seed0-499_48352cd1,215,28,43,0,1
20260912_215351_529_traffic_scan_env2025_seed0-499_48352cd1,215,28,43,1,1
20260912_215351_529_traffic_scan_env2025_seed0-499_48352cd1,215,28,45,1,2
20260912_215351_529_traffic_scan_env2025_seed0-499_48352cd1,215,28,47,0,3
20260912_215351_529_traffic_scan_env2025_seed0-499_48352cd1,215,28,47,1,3
20260912_215351_529_traffic_scan_env2025_seed0-499_48352cd1,215,28,49,0,1
20260912_215351_529_traffic_scan_env2025_seed0-499_48352cd1,215,28,55,0,1
20260912_215351_529_traffic_scan_env2025_seed0-499_48352cd1,215,29,5,1,2
20260912_215351_529_traffic_scan_env2025_seed0-499_48352cd1,215,29,6,1,1
20260912_215351_529_traffic_scan_env2025_seed0-499_48352cd1,215,29,7,0,1
20260912_215351_529_traffic_scan_env2025_seed0-499_48352cd1,215,29,8,0,1
20260912_215351_529_traffic_scan_env2025_seed0-499_48352cd1,215,29,9,2,1
20260912_215351_529_traffic_scan_env2025_seed0-499_48352cd1,215,29,10,0,1
20260912_215351_529_traffic_scan_env2025_seed0-499_48352cd1,215,29,11,0,3
20260912_215351_529_traffic_scan_env2025_seed0-499_48352cd1,215,29,14,0,2
20260912_215351_529_traffic_scan_env2025_seed0-499_48352cd1,215,29,14,1,2
20260912_215351_529_traffic_scan_env2025_seed0-499_48352cd1,215,29,16,1,1
20260912_215351_529_traffic_scan_env2025_seed0-499_48352cd1,215,29,17,1,2
20260912_215351_529_traffic_scan_env2025_seed0-499_48352cd1,215,29,18,0,2
20260912_215351_529_traffic_scan_env2025_seed0-499_48352cd1,215,29,18,1,1
20260912_215351_529_traffic_scan_env2025_seed0-499_48352cd1,215,29,19,1,2
20260912_215351_529_traffic_scan_env2025_seed0-499_48352cd1,215,29,20,0,2
20260912_215351_529_traffic_scan_env2025_seed0-499_48352cd1,215,29,20,1,1
20260912_215351_529_traffic_scan_env2025_seed0-499_48352cd1,215,29,21,1,1
20260912_215351_529_traffic_scan_env2025_seed0-499_48352cd1,215,29,22,1,1
20260912_215351_529_traffic_scan_env2025_seed0-499_48352cd1,215,29,23,0,2
20260912_215351_529_traffic_scan_env2025_seed0-499_48352cd1,215,29,24,1,1
20260912_215351_529_traffic_scan_env2025_seed0-499_48352cd1,215,29,25,0,1
20260912_215351_529_traffic_scan_env2025_seed0-499_48352cd1,215,29,25,1,2
20260912_215351_529_traffic_scan_env2025_seed0-499_48352cd1,215,29,27,2,1
20260912_215351_529_traffic_scan_env2025_seed0-499_48352cd1,215,29,28,0,1
20260912_215351_529_traffic_scan_env2025_seed0-499_48352cd1,215,29,28,1,1
20260912_215351_529_traffic_scan_env2025_seed0-499_48352cd1,215,29,30,0,2
20260912_215351_529_traffic_scan_env2025_seed0-499_48352cd1,215,29,30,1,3
20260912_215351_529_traffic_scan_env2025_seed0-499_48352cd1,215,29,31,0,4
20260912_215351_529_traffic_scan_env2025_seed0-499_48352cd1,215,29,31,1,2
20260912_215351_529_traffic_scan_env2025_seed0-499_48352cd1,215,29,32,0,1
20260912_215351_529_traffic_scan_env2025_seed0-499_48352cd1,215,29,32,1,3
20260912_215351_529_traffic_scan_env2025_seed0-499_48352cd1,215,29,33,0,3
20260912_215351_529_traffic_scan_env2025_seed0-499_48352cd1,215,29,33,1,3
20260912_215351_529_traffic_scan_env2025_seed0-499_48352cd1,215,29,34,2,2
20260912_215351_529_traffic_scan_env2025_seed0-499_48352cd1,215,29,35,2,1
20260912_215351_529_traffic_scan_env2025_seed0-499_48352cd1,215,29,36,0,3
20260912_215351_529_traffic_scan_env2025_seed0-499_48352cd1,215,29,36,1,2
20260912_215351_529_traffic_scan_env2025_seed0-499_48352cd1,215,29,37,0,2
20260912_215351_529_traffic_scan_env2025_seed0-499_48352cd1,215,29,37,1,2
20260912_215351_529_traffic_scan_env2025_seed0-499_48352cd1,215,29,39,1,2
20260912_215351_529_traffic_scan_env2025_seed0-499_48352cd1,215,29,41,0,5
20260912_215351_529_traffic_scan_env2025_seed0-499_48352cd1,215,29,42,0,1
20260912_215351_529_traffic_scan_env2025_seed0-499_48352cd1,215,29,43,2,1
20260912_215351_529_traffic_scan_env2025_seed0-499_48352cd1,215,29,45,0,1
20260912_215351_529_traffic_scan_env2025_seed0-499_48352cd1,215,29,46,0,6
20260912_215351_529_traffic_scan_env2025_seed0-499_48352cd1,215,29,46,1,4
20260912_215351_529_traffic_scan_env2025_seed0-499_48352cd1,215,29,47,0,3
20260912_215351_529_traffic_scan_env2025_seed0-499_48352cd1,215,29,47,1,1
20260912_215351_529_traffic_scan_env2025_seed0-499_48352cd1,215,29,48,0,2
20260912_215351_529_traffic_scan_env2025_seed0-499_48352cd1,215,29,50,0,1
20260912_215351_529_traffic_scan_env2025_seed0-499_48352cd1,215,29,51,0,1
20260912_215351_529_traffic_scan_env2025_seed0-499_48352cd1,215,29,52,0,1
20260912_215351_529_traffic_scan_env2025_seed0-499_48352cd1,215,29,53,0,1
20260912_215351_529_traffic_scan_env2025_seed0-499_48352cd1,215,29,55,0,1
20260912_215351_529_traffic_scan_env2025_seed0-499_48352cd1,215,29,59,0,1
20260912_215351_529_traffic_scan_env2025_seed0-499_48352cd1,215,30,2,0,1
20260912_215351_529_traffic_scan_env2025_seed0-499_48352cd1,215,30,3,0,1
20260912_215351_529_traffic_scan_env2025_seed0-499_48352cd1,215,30,5,1,3
20260912_215351_529_traffic_scan_env2025_seed0-499_48352cd1,215,30,6,0,1
20260912_215351_529_traffic_scan_env2025_seed0-499_48352cd1,215,30,9,0,1
20260912_215351_529_traffic_scan_env2025_seed0-499_48352cd1,215,30,9,1,1
20260912_215351_529_traffic_scan_env2025_seed0-499_48352cd1,215,30,11,0,3
20260912_215351_529_traffic_scan_env2025_seed0-499_48352cd1,215,30,14,2,3
20260912_215351_529_traffic_scan_env2025_seed0-499_48352cd1,215,30,15,0,2
20260912_215351_529_traffic_scan_env2025_seed0-499_48352cd1,215,30,15,1,1
20260912_215351_529_traffic_scan_env2025_seed0-499_48352cd1,215,30,18,1,2
20260912_215351_529_traffic_scan_env2025_seed0-499_48352cd1,215,30,19,0,2
20260912_215351_529_traffic_scan_env2025_seed0-499_48352cd1,215,30,19,1,1
20260912_215351_529_traffic_scan_env2025_seed0-499_48352cd1,215,30,20,0,2
20260912_215351_529_traffic_scan_env2025_seed0-499_48352cd1,215,30,20,1,1
20260912_215351_529_traffic_scan_env2025_seed0-499_48352cd1,215,30,23,1,1
20260912_215351_529_traffic_scan_env2025_seed0-499_48352cd1,215,30,24,0,3
20260912_215351_529_traffic_scan_env2025_seed0-499_48352cd1,215,30,24,1,2
20260912_215351_529_traffic_scan_env2025_seed0-499_48352cd1,215,30,25,1,1
20260912_215351_529_traffic_scan_env2025_seed0-499_48352cd1,215,30,27,0,1
20260912_215351_529_traffic_scan_env2025_seed0-499_48352cd1,215,30,28,1,1
20260912_215351_529_traffic_scan_env2025_seed0-499_48352cd1,215,30,29,0,1
20260912_215351_529_traffic_scan_env2025_seed0-499_48352cd1,215,30,29,1,4
20260912_215351_529_traffic_scan_env2025_seed0-499_48352cd1,215,30,31,0,4
20260912_215351_529_traffic_scan_env2025_seed0-499_48352cd1,215,30,31,1,3
20260912_215351_529_traffic_scan_env2025_seed0-499_48352cd1,215,30,32,0,3
20260912_215351_529_traffic_scan_env2025_seed0-499_48352cd1,215,30,32,1,2
20260912_215351_529_traffic_scan_env2025_seed0-499_48352cd1,215,30,33,1,1
20260912_215351_529_traffic_scan_env2025_seed0-499_48352cd1,215,30,34,0,2
20260912_215351_529_traffic_scan_env2025_seed0-499_48352cd1,215,30,34,1,3
20260912_215351_529_traffic_scan_env2025_seed0-499_48352cd1,215,30,35,0,2
20260912_215351_529_traffic_scan_env2025_seed0-499_48352cd1,215,30,35,1,6
20260912_215351_529_traffic_scan_env2025_seed0-499_48352cd1,215,30,36,1,2
20260912_215351_529_traffic_scan_env2025_seed0-499_48352cd1,215,30,37,0,2
20260912_215351_529_traffic_scan_env2025_seed0-499_48352cd1,215,30,37,1,3
20260912_215351_529_traffic_scan_env2025_seed0-499_48352cd1,215,30,38,0,1
20260912_215351_529_traffic_scan_env2025_seed0-499_48352cd1,215,30,38,1,3
20260912_215351_529_traffic_scan_env2025_seed0-499_48352cd1,215,30,39,1,3
20260912_215351_529_traffic_scan_env2025_seed0-499_48352cd1,215,30,40,1,3
20260912_215351_529_traffic_scan_env2025_seed0-499_48352cd1,215,30,41,0,1
20260912_215351_529_traffic_scan_env2025_seed0-499_48352cd1,215,30,41,1,2
20260912_215351_529_traffic_scan_env2025_seed0-499_48352cd1,215,30,42,0,5
20260912_215351_529_traffic_scan_env2025_seed0-499_48352cd1,215,30,42,1,2
20260912_215351_529_traffic_scan_env2025_seed0-499_48352cd1,215,30,43,1,3
20260912_215351_529_traffic_scan_env2025_seed0-499_48352cd1,215,30,44,0,1
20260912_215351_529_traffic_scan_env2025_seed0-499_48352cd1,215,30,44,1,2
20260912_215351_529_traffic_scan_env2025_seed0-499_48352cd1,215,30,45,0,4
20260912_215351_529_traffic_scan_env2025_seed0-499_48352cd1,215,30,45,1,5
20260912_215351_529_traffic_scan_env2025_seed0-499_48352cd1,215,30,48,0,1
20260912_215351_529_traffic_scan_env2025_seed0-499_48352cd1,215,30,48,1,1
20260912_215351_529_traffic_scan_env2025_seed0-499_48352cd1,215,30,49,0,1
20260912_215351_529_traffic_scan_env2025_seed0-499_48352cd1,215,30,50,0,1
20260912_215351_529_traffic_scan_env2025_seed0-499_48352cd1,215,30,51,0,1
20260912_215351_529_traffic_scan_env2025_seed0-499_48352cd1,215,30,52,0,1
20260912_215351_529_traffic_scan_env2025_seed0-499_48352cd1,215,30,53,0,1
20260912_215351_529_traffic_scan_env2025_seed0-499_48352cd1,215,30,54,0,1
20260912_215351_529_traffic_scan_env2025_seed0-499_48352cd1,215,30,55,0,2
20260912_215351_529_traffic_scan_env2025_seed0-499_48352cd1,215,30,56,0,1
20260912_215351_529_traffic_scan_env2025_seed0-499_48352cd1,215,30,57,0,1
20260912_215351_529_traffic_scan_env2025_seed0-499_48352cd1,215,30,58,0,2
20260912_215351_529_traffic_scan_env2025_seed0-499_48352cd1,215,31,0,0,1
20260912_215351_529_traffic_scan_env2025_seed0-499_48352cd1,215,31,1,0,1
20260912_215351_529_traffic_scan_env2025_seed0-499_48352cd1,215,31,4,0,1
20260912_215351_529_traffic_scan_env2025_seed0-499_48352cd1,215,31,4,1,1
20260912_215351_529_traffic_scan_env2025_seed0-499_48352cd1,215,31,5,0,2
20260912_215351_529_traffic_scan_env2025_seed0-499_48352cd1,215,31,5,1,2
20260912_215351_529_traffic_scan_env2025_seed0-499_48352cd1,215,31,6,0,1
20260912_215351_529_traffic_scan_env2025_seed0-499_48352cd1,215,31,7,1,1
20260912_215351_529_traffic_scan_env2025_seed0-499_48352cd1,215,31,8,1,1
20260912_215351_529_traffic_scan_env2025_seed0-499_48352cd1,215,31,9,1,2
20260912_215351_529_traffic_scan_env2025_seed0-499_48352cd1,215,31,10,0,1
20260912_215351_529_traffic_scan_env2025_seed0-499_48352cd1,215,31,10,1,1
20260912_215351_529_traffic_scan_env2025_seed0-499_48352cd1,215,31,11,0,2
20260912_215351_529_traffic_scan_env2025_seed0-499_48352cd1,215,31,11,1,1
20260912_215351_529_traffic_scan_env2025_seed0-499_48352cd1,215,31,12,1,1
20260912_215351_529_traffic_scan_env2025_seed0-499_48352cd1,215,31,13,1,2
20260912_215351_529_traffic_scan_env2025_seed0-499_48352cd1,215,31,14,0,1
20260912_215351_529_traffic_scan_env2025_seed0-499_48352cd1,215,31,14,1,1
20260912_215351_529_traffic_scan_env2025_seed0-499_48352cd1,215,31,15,0,1
20260912_215351_529_traffic_scan_env2025_seed0-499_48352cd1,215,31,17,1,2
20260912_215351_529_traffic_scan_env2025_seed0-499_48352cd1,215,31,18,0,1
20260912_215351_529_traffic_scan_env2025_seed0-499_48352cd1,215,31,19,0,1
20260912_215351_529_traffic_scan_env2025_seed0-499_48352cd1,215,31,20,0,2
20260912_215351_529_traffic_scan_env2025_seed0-499_48352cd1,215,31,20,1,2
20260912_215351_529_traffic_scan_env2025_seed0-499_48352cd1,215,31,23,0,1
20260912_215351_529_traffic_scan_env2025_seed0-499_48352cd1,215,31,23,1,2
20260912_215351_529_traffic_scan_env2025_seed0-499_48352cd1,215,31,24,1,1
20260912_215351_529_traffic_scan_env2025_seed0-499_48352cd1,215,31,25,0,2
20260912_215351_529_traffic_scan_env2025_seed0-499_48352cd1,215,31,26,0,1
20260912_215351_529_traffic_scan_env2025_seed0-499_48352cd1,215,31,26,1,1
20260912_215351_529_traffic_scan_env2025_seed0-499_48352cd1,215,31,28,0,1
20260912_215351_529_traffic_scan_env2025_seed0-499_48352cd1,215,31,28,1,2
20260912_215351_529_traffic_scan_env2025_seed0-499_48352cd1,215,31,29,1,2
20260912_215351_529_traffic_scan_env2025_seed0-499_48352cd1,215,31,30,0,4
20260912_215351_529_traffic_scan_env2025_seed0-499_48352cd1,215,31,30,1,3
20260912_215351_529_traffic_scan_env2025_seed0-499_48352cd1,215,31,31,0,3
20260912_215351_529_traffic_scan_env2025_seed0-499_48352cd1,215,31,32,0,2
20260912_215351_529_traffic_scan_env2025_seed0-499_48352cd1,215,31,33,0,2
20260912_215351_529_traffic_scan_env2025_seed0-499_48352cd1,215,31,33,1,3
20260912_215351_529_traffic_scan_env2025_seed0-499_48352cd1,215,31,34,0,2
20260912_215351_529_traffic_scan_env2025_seed0-499_48352cd1,215,31,34,1,4
20260912_215351_529_traffic_scan_env2025_seed0-499_48352cd1,215,31,35,0,2
20260912_215351_529_traffic_scan_env2025_seed0-499_48352cd1,215,31,35,1,2
20260912_215351_529_traffic_scan_env2025_seed0-499_48352cd1,215,31,36,0,1
20260912_215351_529_traffic_scan_env2025_seed0-499_48352cd1,215,31,36,1,1
20260912_215351_529_traffic_scan_env2025_seed0-499_48352cd1,215,31,37,0,2
20260912_215351_529_traffic_scan_env2025_seed0-499_48352cd1,215,31,37,1,1
20260912_215351_529_traffic_scan_env2025_seed0-499_48352cd1,215,31,38,0,3
20260912_215351_529_traffic_scan_env2025_seed0-499_48352cd1,215,31,39,0,1
20260912_215351_529_traffic_scan_env2025_seed0-499_48352cd1,215,31,39,1,2
20260912_215351_529_traffic_scan_env2025_seed0-499_48352cd1,215,31,40,0,1
20260912_215351_529_traffic_scan_env2025_seed0-499_48352cd1,215,31,41,0,3
20260912_215351_529_traffic_scan_env2025_seed0-499_48352cd1,215,31,41,1,1
20260912_215351_529_traffic_scan_env2025_seed0-499_48352cd1,215,31,42,0,1
20260912_215351_529_traffic_scan_env2025_seed0-499_48352cd1,215,31,43,0,5
20260912_215351_529_traffic_scan_env2025_seed0-499_48352cd1,215,31,43,1,1
20260912_215351_529_traffic_scan_env2025_seed0-499_48352cd1,215,31,44,2,2
20260912_215351_529_traffic_scan_env2025_seed0-499_48352cd1,215,31,45,0,3
20260912_215351_529_traffic_scan_env2025_seed0-499_48352cd1,215,31,45,1,2
20260912_215351_529_traffic_scan_env2025_seed0-499_48352cd1,215,31,48,1,1
20260912_215351_529_traffic_scan_env2025_seed0-499_48352cd1,215,31,49,0,1
20260912_215351_529_traffic_scan_env2025_seed0-499_48352cd1,215,31,50,0,1
20260912_215351_529_traffic_scan_env2025_seed0-499_48352cd1,215,31,51,0,1
20260912_215351_529_traffic_scan_env2025_seed0-499_48352cd1,215,31,52,0,3
20260912_215351_529_traffic_scan_env2025_seed0-499_48352cd1,215,31,53,0,3
20260912_215351_529_traffic_scan_env2025_seed0-499_48352cd1,215,31,54,0,2
20260912_215351_529_traffic_scan_env2025_seed0-499_48352cd1,215,31,55,0,1
20260912_215351_529_traffic_scan_env2025_seed0-499_48352cd1,215,31,56,0,2
20260912_215351_529_traffic_scan_env2025_seed0-499_48352cd1,215,31,57,0,2
20260912_215351_529_traffic_scan_env2025_seed0-499_48352cd1,215,32,1,0,1
20260912_215351_529_traffic_scan_env2025_seed0-499_48352cd1,215,32,3,2,1
20260912_215351_529_traffic_scan_env2025_seed0-499_48352cd1,215,32,4,0,1
20260912_215351_529_traffic_scan_env2025_seed0-499_48352cd1,215,32,5,1,2
20260912_215351_529_traffic_scan_env2025_seed0-499_48352cd1,215,32,9,0,1
20260912_215351_529_traffic_scan_env2025_seed0-499_48352cd1,215,32,9,1,1
20260912_215351_529_traffic_scan_env2025_seed0-499_48352cd1,215,32,11,0,2
20260912_215351_529_traffic_scan_env2025_seed0-499_48352cd1,215,32,13,1,1
20260912_215351_529_traffic_scan_env2025_seed0-499_48352cd1,215,32,14,0,1
20260912_215351_529_traffic_scan_env2025_seed0-499_48352cd1,215,32,14,1,1
20260912_215351_529_traffic_scan_env2025_seed0-499_48352cd1,215,32,16,0,1
20260912_215351_529_traffic_scan_env2025_seed0-499_48352cd1,215,32,16,1,2
20260912_215351_529_traffic_scan_env2025_seed0-499_48352cd1,215,32,17,0,1
20260912_215351_529_traffic_scan_env2025_seed0-499_48352cd1,215,32,18,0,1
20260912_215351_529_traffic_scan_env2025_seed0-499_48352cd1,215,32,20,0,1
20260912_215351_529_traffic_scan_env2025_seed0-499_48352cd1,215,32,20,1,2
20260912_215351_529_traffic_scan_env2025_seed0-499_48352cd1,215,32,21,0,1
20260912_215351_529_traffic_scan_env2025_seed0-499_48352cd1,215,32,21,1,4
20260912_215351_529_traffic_scan_env2025_seed0-499_48352cd1,215,32,22,0,2
20260912_215351_529_traffic_scan_env2025_seed0-499_48352cd1,215,32,22,1,2
20260912_215351_529_traffic_scan_env2025_seed0-499_48352cd1,215,32,23,0,1
20260912_215351_529_traffic_scan_env2025_seed0-499_48352cd1,215,32,25,1,2
20260912_215351_529_traffic_scan_env2025_seed0-499_48352cd1,215,32,26,0,3
20260912_215351_529_traffic_scan_env2025_seed0-499_48352cd1,215,32,27,0,3
20260912_215351_529_traffic_scan_env2025_seed0-499_48352cd1,215,32,27,1,3
20260912_215351_529_traffic_scan_env2025_seed0-499_48352cd1,215,32,29,0,4
20260912_215351_529_traffic_scan_env2025_seed0-499_48352cd1,215,32,29,1,3
20260912_215351_529_traffic_scan_env2025_seed0-499_48352cd1,215,32,30,0,3
20260912_215351_529_traffic_scan_env2025_seed0-499_48352cd1,215,32,30,1,1
20260912_215351_529_traffic_scan_env2025_seed0-499_48352cd1,215,32,31,1,1
20260912_215351_529_traffic_scan_env2025_seed0-499_48352cd1,215,32,33,0,2
20260912_215351_529_traffic_scan_env2025_seed0-499_48352cd1,215,32,33,1,4
20260912_215351_529_traffic_scan_env2025_seed0-499_48352cd1,215,32,34,0,1
20260912_215351_529_traffic_scan_env2025_seed0-499_48352cd1,215,32,34,1,3
20260912_215351_529_traffic_scan_env2025_seed0-499_48352cd1,215,32,35,1,1
20260912_215351_529_traffic_scan_env2025_seed0-499_48352cd1,215,32,36,0,1
20260912_215351_529_traffic_scan_env2025_seed0-499_48352cd1,215,32,36,1,1
20260912_215351_529_traffic_scan_env2025_seed0-499_48352cd1,215,32,37,0,1
20260912_215351_529_traffic_scan_env2025_seed0-499_48352cd1,215,32,37,1,2
20260912_215351_529_traffic_scan_env2025_seed0-499_48352cd1,215,32,38,0,1
20260912_215351_529_traffic_scan_env2025_seed0-499_48352cd1,215,32,39,0,1
20260912_215351_529_traffic_scan_env2025_seed0-499_48352cd1,215,32,39,1,1
20260912_215351_529_traffic_scan_env2025_seed0-499_48352cd1,215,32,40,0,2
20260912_215351_529_traffic_scan_env2025_seed0-499_48352cd1,215,32,40,1,1
20260912_215351_529_traffic_scan_env2025_seed0-499_48352cd1,215,32,42,2,1
20260912_215351_529_traffic_scan_env2025_seed0-499_48352cd1,215,32,43,1,3
20260912_215351_529_traffic_scan_env2025_seed0-499_48352cd1,215,32,44,0,6
20260912_215351_529_traffic_scan_env2025_seed0-499_48352cd1,215,32,45,0,2
20260912_215351_529_traffic_scan_env2025_seed0-499_48352cd1,215,32,46,0,2
20260912_215351_529_traffic_scan_env2025_seed0-499_48352cd1,215,32,46,1,1
20260912_215351_529_traffic_scan_env2025_seed0-499_48352cd1,215,32,47,2,1
20260912_215351_529_traffic_scan_env2025_seed0-499_48352cd1,215,32,51,0,2
20260912_215351_529_traffic_scan_env2025_seed0-499_48352cd1,215,32,55,0,3
20260912_215351_529_traffic_scan_env2025_seed0-499_48352cd1,215,32,58,0,1
20260912_215351_529_traffic_scan_env2025_seed0-499_48352cd1,215,33,2,1,2
20260912_215351_529_traffic_scan_env2025_seed0-499_48352cd1,215,33,5,1,2
20260912_215351_529_traffic_scan_env2025_seed0-499_48352cd1,215,33,8,0,1
20260912_215351_529_traffic_scan_env2025_seed0-499_48352cd1,215,33,9,1,1
20260912_215351_529_traffic_scan_env2025_seed0-499_48352cd1,215,33,11,0,2
20260912_215351_529_traffic_scan_env2025_seed0-499_48352cd1,215,33,13,1,1
20260912_215351_529_traffic_scan_env2025_seed0-499_48352cd1,215,33,14,1,2
20260912_215351_529_traffic_scan_env2025_seed0-499_48352cd1,215,33,15,1,2
20260912_215351_529_traffic_scan_env2025_seed0-499_48352cd1,215,33,16,0,1
20260912_215351_529_traffic_scan_env2025_seed0-499_48352cd1,215,33,17,0,2
20260912_215351_529_traffic_scan_env2025_seed0-499_48352cd1,215,33,19,1,2
20260912_215351_529_traffic_scan_env2025_seed0-499_48352cd1,215,33,20,0,1
20260912_215351_529_traffic_scan_env2025_seed0-499_48352cd1,215,33,21,0,1
20260912_215351_529_traffic_scan_env2025_seed0-499_48352cd1,215,33,22,1,2
20260912_215351_529_traffic_scan_env2025_seed0-499_48352cd1,215,33,24,0,1
20260912_215351_529_traffic_scan_env2025_seed0-499_48352cd1,215,33,24,1,1
20260912_215351_529_traffic_scan_env2025_seed0-499_48352cd1,215,33,25,0,1
20260912_215351_529_traffic_scan_env2025_seed0-499_48352cd1,215,33,26,2,3
20260912_215351_529_traffic_scan_env2025_seed0-499_48352cd1,215,33,28,0,6
20260912_215351_529_traffic_scan_env2025_seed0-499_48352cd1,215,33,28,1,3
20260912_215351_529_traffic_scan_env2025_seed0-499_48352cd1,215,33,29,0,3
20260912_215351_529_traffic_scan_env2025_seed0-499_48352cd1,215,33,29,1,1
20260912_215351_529_traffic_scan_env2025_seed0-499_48352cd1,215,33,31,1,1
20260912_215351_529_traffic_scan_env2025_seed0-499_48352cd1,215,33,32,0,1
20260912_215351_529_traffic_scan_env2025_seed0-499_48352cd1,215,33,32,1,5
20260912_215351_529_traffic_scan_env2025_seed0-499_48352cd1,215,33,33,1,1
20260912_215351_529_traffic_scan_env2025_seed0-499_48352cd1,215,33,34,0,1
20260912_215351_529_traffic_scan_env2025_seed0-499_48352cd1,215,33,34,1,1
20260912_215351_529_traffic_scan_env2025_seed0-499_48352cd1,215,33,35,0,1
20260912_215351_529_traffic_scan_env2025_seed0-499_48352cd1,215,33,35,1,3
20260912_215351_529_traffic_scan_env2025_seed0-499_48352cd1,215,33,37,0,2
20260912_215351_529_traffic_scan_env2025_seed0-499_48352cd1,215,33,37,1,2
20260912_215351_529_traffic_scan_env2025_seed0-499_48352cd1,215,33,38,0,1
20260912_215351_529_traffic_scan_env2025_seed0-499_48352cd1,215,33,38,1,1
20260912_215351_529_traffic_scan_env2025_seed0-499_48352cd1,215,33,39,0,1
20260912_215351_529_traffic_scan_env2025_seed0-499_48352cd1,215,33,39,1,1
20260912_215351_529_traffic_scan_env2025_seed0-499_48352cd1,215,33,40,0,2
20260912_215351_529_traffic_scan_env2025_seed0-499_48352cd1,215,33,41,2,1
20260912_215351_529_traffic_scan_env2025_seed0-499_48352cd1,215,33,42,2,2
20260912_215351_529_traffic_scan_env2025_seed0-499_48352cd1,215,33,43,0,2
20260912_215351_529_traffic_scan_env2025_seed0-499_48352cd1,215,33,43,1,2
20260912_215351_529_traffic_scan_env2025_seed0-499_48352cd1,215,33,45,0,2
20260912_215351_529_traffic_scan_env2025_seed0-499_48352cd1,215,33,46,0,4
20260912_215351_529_traffic_scan_env2025_seed0-499_48352cd1,215,33,47,2,2
20260912_215351_529_traffic_scan_env2025_seed0-499_48352cd1,215,33,50,0,2
20260912_215351_529_traffic_scan_env2025_seed0-499_48352cd1,215,33,55,0,1
20260912_215351_529_traffic_scan_env2025_seed0-499_48352cd1,215,34,1,0,1
20260912_215351_529_traffic_scan_env2025_seed0-499_48352cd1,215,34,3,1,1
20260912_215351_529_traffic_scan_env2025_seed0-499_48352cd1,215,34,5,1,2
20260912_215351_529_traffic_scan_env2025_seed0-499_48352cd1,215,34,7,0,1
20260912_215351_529_traffic_scan_env2025_seed0-499_48352cd1,215,34,9,1,1
20260912_215351_529_traffic_scan_env2025_seed0-499_48352cd1,215,34,11,0,2
20260912_215351_529_traffic_scan_env2025_seed0-499_48352cd1,215,34,13,1,1
20260912_215351_529_traffic_scan_env2025_seed0-499_48352cd1,215,34,14,1,4
20260912_215351_529_traffic_scan_env2025_seed0-499_48352cd1,215,34,15,0,1
20260912_215351_529_traffic_scan_env2025_seed0-499_48352cd1,215,34,16,0,1
20260912_215351_529_traffic_scan_env2025_seed0-499_48352cd1,215,34,18,0,1
20260912_215351_529_traffic_scan_env2025_seed0-499_48352cd1,215,34,18,1,2
20260912_215351_529_traffic_scan_env2025_seed0-499_48352cd1,215,34,20,0,2
20260912_215351_529_traffic_scan_env2025_seed0-499_48352cd1,215,34,23,1,3
20260912_215351_529_traffic_scan_env2025_seed0-499_48352cd1,215,34,24,0,1
20260912_215351_529_traffic_scan_env2025_seed0-499_48352cd1,215,34,25,0,1
20260912_215351_529_traffic_scan_env2025_seed0-499_48352cd1,215,34,25,1,1
20260912_215351_529_traffic_scan_env2025_seed0-499_48352cd1,215,34,26,2,1
20260912_215351_529_traffic_scan_env2025_seed0-499_48352cd1,215,34,27,2,2
20260912_215351_529_traffic_scan_env2025_seed0-499_48352cd1,215,34,28,0,7
20260912_215351_529_traffic_scan_env2025_seed0-499_48352cd1,215,34,28,1,1
20260912_215351_529_traffic_scan_env2025_seed0-499_48352cd1,215,34,29,0,2
20260912_215351_529_traffic_scan_env2025_seed0-499_48352cd1,215,34,29,1,2
20260912_215351_529_traffic_scan_env2025_seed0-499_48352cd1,215,34,31,0,1
20260912_215351_529_traffic_scan_env2025_seed0-499_48352cd1,215,34,31,1,3
20260912_215351_529_traffic_scan_env2025_seed0-499_48352cd1,215,34,33,1,3
20260912_215351_529_traffic_scan_env2025_seed0-499_48352cd1,215,34,34,1,1
20260912_215351_529_traffic_scan_env2025_seed0-499_48352cd1,215,34,35,0,1
20260912_215351_529_traffic_scan_env2025_seed0-499_48352cd1,215,34,35,1,1
20260912_215351_529_traffic_scan_env2025_seed0-499_48352cd1,215,34,36,0,1
20260912_215351_529_traffic_scan_env2025_seed0-499_48352cd1,215,34,36,1,2
20260912_215351_529_traffic_scan_env2025_seed0-499_48352cd1,215,34,37,0,1
20260912_215351_529_traffic_scan_env2025_seed0-499_48352cd1,215,34,37,1,1
20260912_215351_529_traffic_scan_env2025_seed0-499_48352cd1,215,34,38,0,3
20260912_215351_529_traffic_scan_env2025_seed0-499_48352cd1,215,34,38,1,1
20260912_215351_529_traffic_scan_env2025_seed0-499_48352cd1,215,34,39,1,2
20260912_215351_529_traffic_scan_env2025_seed0-499_48352cd1,215,34,41,0,2
20260912_215351_529_traffic_scan_env2025_seed0-499_48352cd1,215,34,41,1,2
20260912_215351_529_traffic_scan_env2025_seed0-499_48352cd1,215,34,42,0,2
20260912_215351_529_traffic_scan_env2025_seed0-499_48352cd1,215,34,42,1,2
20260912_215351_529_traffic_scan_env2025_seed0-499_48352cd1,215,34,44,1,1
20260912_215351_529_traffic_scan_env2025_seed0-499_48352cd1,215,34,46,0,4
20260912_215351_529_traffic_scan_env2025_seed0-499_48352cd1,215,34,47,0,4
20260912_215351_529_traffic_scan_env2025_seed0-499_48352cd1,215,34,47,1,1
20260912_215351_529_traffic_scan_env2025_seed0-499_48352cd1,215,34,48,0,3
20260912_215351_529_traffic_scan_env2025_seed0-499_48352cd1,215,34,48,1,1
20260912_215351_529_traffic_scan_env2025_seed0-499_48352cd1,215,34,49,0,2
20260912_215351_529_traffic_scan_env2025_seed0-499_48352cd1,215,34,56,0,1
20260912_215351_529_traffic_scan_env2025_seed0-499_48352cd1,215,35,0,0,1
20260912_215351_529_traffic_scan_env2025_seed0-499_48352cd1,215,35,4,1,1
20260912_215351_529_traffic_scan_env2025_seed0-499_48352cd1,215,35,5,1,2
20260912_215351_529_traffic_scan_env2025_seed0-499_48352cd1,215,35,6,0,1
20260912_215351_529_traffic_scan_env2025_seed0-499_48352cd1,215,35,6,1,1
20260912_215351_529_traffic_scan_env2025_seed0-499_48352cd1,215,35,7,1,1
20260912_215351_529_traffic_scan_env2025_seed0-499_48352cd1,215,35,8,0,1
20260912_215351_529_traffic_scan_env2025_seed0-499_48352cd1,215,35,9,0,1
20260912_215351_529_traffic_scan_env2025_seed0-499_48352cd1,215,35,9,1,1
20260912_215351_529_traffic_scan_env2025_seed0-499_48352cd1,215,35,10,0,1
20260912_215351_529_traffic_scan_env2025_seed0-499_48352cd1,215,35,11,0,2
20260912_215351_529_traffic_scan_env2025_seed0-499_48352cd1,215,35,12,0,2
20260912_215351_529_traffic_scan_env2025_seed0-499_48352cd1,215,35,13,0,1
20260912_215351_529_traffic_scan_env2025_seed0-499_48352cd1,215,35,13,1,3
20260912_215351_529_traffic_scan_env2025_seed0-499_48352cd1,215,35,14,0,2
20260912_215351_529_traffic_scan_env2025_seed0-499_48352cd1,215,35,14,1,2
20260912_215351_529_traffic_scan_env2025_seed0-499_48352cd1,215,35,15,0,1
20260912_215351_529_traffic_scan_env2025_seed0-499_48352cd1,215,35,16,0,1
20260912_215351_529_traffic_scan_env2025_seed0-499_48352cd1,215,35,16,1,1
20260912_215351_529_traffic_scan_env2025_seed0-499_48352cd1,215,35,17,1,3
20260912_215351_529_traffic_scan_env2025_seed0-499_48352cd1,215,35,18,0,1
20260912_215351_529_traffic_scan_env2025_seed0-499_48352cd1,215,35,18,1,1
20260912_215351_529_traffic_scan_env2025_seed0-499_48352cd1,215,35,19,0,2
20260912_215351_529_traffic_scan_env2025_seed0-499_48352cd1,215,35,19,1,1
20260912_215351_529_traffic_scan_env2025_seed0-499_48352cd1,215,35,20,0,1
20260912_215351_529_traffic_scan_env2025_seed0-499_48352cd1,215,35,20,1,1
20260912_215351_529_traffic_scan_env2025_seed0-499_48352cd1,215,35,21,1,1
20260912_215351_529_traffic_scan_env2025_seed0-499_48352cd1,215,35,22,1,2
20260912_215351_529_traffic_scan_env2025_seed0-499_48352cd1,215,35,23,0,1
20260912_215351_529_traffic_scan_env2025_seed0-499_48352cd1,215,35,23,1,1
20260912_215351_529_traffic_scan_env2025_seed0-499_48352cd1,215,35,24,1,4
20260912_215351_529_traffic_scan_env2025_seed0-499_48352cd1,215,35,25,0,2
20260912_215351_529_traffic_scan_env2025_seed0-499_48352cd1,215,35,25,1,1
20260912_215351_529_traffic_scan_env2025_seed0-499_48352cd1,215,35,26,0,4
20260912_215351_529_traffic_scan_env2025_seed0-499_48352cd1,215,35,26,1,3
20260912_215351_529_traffic_scan_env2025_seed0-499_48352cd1,215,35,27,0,7
20260912_215351_529_traffic_scan_env2025_seed0-499_48352cd1,215,35,27,1,1
20260912_215351_529_traffic_scan_env2025_seed0-499_48352cd1,215,35,28,1,3
20260912_215351_529_traffic_scan_env2025_seed0-499_48352cd1,215,35,29,1,3
20260912_215351_529_traffic_scan_env2025_seed0-499_48352cd1,215,35,30,0,2
20260912_215351_529_traffic_scan_env2025_seed0-499_48352cd1,215,35,30,1,4
20260912_215351_529_traffic_scan_env2025_seed0-499_48352cd1,215,35,31,0,1
20260912_215351_529_traffic_scan_env2025_seed0-499_48352cd1,215,35,31,1,1
20260912_215351_529_traffic_scan_env2025_seed0-499_48352cd1,215,35,32,1,1
20260912_215351_529_traffic_scan_env2025_seed0-499_48352cd1,215,35,33,1,2
20260912_215351_529_traffic_scan_env2025_seed0-499_48352cd1,215,35,34,1,4
20260912_215351_529_traffic_scan_env2025_seed0-499_48352cd1,215,35,35,0,1
20260912_215351_529_traffic_scan_env2025_seed0-499_48352cd1,215,35,35,1,1
20260912_215351_529_traffic_scan_env2025_seed0-499_48352cd1,215,35,36,0,2
20260912_215351_529_traffic_scan_env2025_seed0-499_48352cd1,215,35,37,0,4
20260912_215351_529_traffic_scan_env2025_seed0-499_48352cd1,215,35,37,1,3
20260912_215351_529_traffic_scan_env2025_seed0-499_48352cd1,215,35,38,0,2
20260912_215351_529_traffic_scan_env2025_seed0-499_48352cd1,215,35,39,0,2
20260912_215351_529_traffic_scan_env2025_seed0-499_48352cd1,215,35,39,1,2
20260912_215351_529_traffic_scan_env2025_seed0-499_48352cd1,215,35,40,0,1
20260912_215351_529_traffic_scan_env2025_seed0-499_48352cd1,215,35,40,1,3
20260912_215351_529_traffic_scan_env2025_seed0-499_48352cd1,215,35,41,0,5
20260912_215351_529_traffic_scan_env2025_seed0-499_48352cd1,215,35,41,1,1
20260912_215351_529_traffic_scan_env2025_seed0-499_48352cd1,215,35,42,0,1
20260912_215351_529_traffic_scan_env2025_seed0-499_48352cd1,215,35,43,0,1
20260912_215351_529_traffic_scan_env2025_seed0-499_48352cd1,215,35,43,1,1
20260912_215351_529_traffic_scan_env2025_seed0-499_48352cd1,215,35,44,0,1
20260912_215351_529_traffic_scan_env2025_seed0-499_48352cd1,215,35,45,0,2
20260912_215351_529_traffic_scan_env2025_seed0-499_48352cd1,215,35,45,1,1
20260912_215351_529_traffic_scan_env2025_seed0-499_48352cd1,215,35,47,0,2
20260912_215351_529_traffic_scan_env2025_seed0-499_48352cd1,215,35,47,1,1
20260912_215351_529_traffic_scan_env2025_seed0-499_48352cd1,215,35,48,0,2
20260912_215351_529_traffic_scan_env2025_seed0-499_48352cd1,215,35,49,0,2
20260912_215351_529_traffic_scan_env2025_seed0-499_48352cd1,215,35,49,1,1
20260912_215351_529_traffic_scan_env2025_seed0-499_48352cd1,215,35,55,0,1
20260912_215351_529_traffic_scan_env2025_seed0-499_48352cd1,215,36,3,0,1
20260912_215351_529_traffic_scan_env2025_seed0-499_48352cd1,215,36,5,0,1
20260912_215351_529_traffic_scan_env2025_seed0-499_48352cd1,215,36,5,1,3
20260912_215351_529_traffic_scan_env2025_seed0-499_48352cd1,215,36,8,1,1
20260912_215351_529_traffic_scan_env2025_seed0-499_48352cd1,215,36,9,1,1
20260912_215351_529_traffic_scan_env2025_seed0-499_48352cd1,215,36,11,0,1
20260912_215351_529_traffic_scan_env2025_seed0-499_48352cd1,215,36,12,1,2
20260912_215351_529_traffic_scan_env2025_seed0-499_48352cd1,215,36,13,0,2
20260912_215351_529_traffic_scan_env2025_seed0-499_48352cd1,215,36,13,1,1
20260912_215351_529_traffic_scan_env2025_seed0-499_48352cd1,215,36,14,1,2
20260912_215351_529_traffic_scan_env2025_seed0-499_48352cd1,215,36,15,0,1
20260912_215351_529_traffic_scan_env2025_seed0-499_48352cd1,215,36,16,0,1
20260912_215351_529_traffic_scan_env2025_seed0-499_48352cd1,215,36,16,1,2
20260912_215351_529_traffic_scan_env2025_seed0-499_48352cd1,215,36,17,0,1
20260912_215351_529_traffic_scan_env2025_seed0-499_48352cd1,215,36,20,0,2
20260912_215351_529_traffic_scan_env2025_seed0-499_48352cd1,215,36,21,1,1
20260912_215351_529_traffic_scan_env2025_seed0-499_48352cd1,215,36,22,0,1
20260912_215351_529_traffic_scan_env2025_seed0-499_48352cd1,215,36,23,1,1
20260912_215351_529_traffic_scan_env2025_seed0-499_48352cd1,215,36,24,0,2
20260912_215351_529_traffic_scan_env2025_seed0-499_48352cd1,215,36,25,0,1
20260912_215351_529_traffic_scan_env2025_seed0-499_48352cd1,215,36,25,1,3
20260912_215351_529_traffic_scan_env2025_seed0-499_48352cd1,215,36,26,0,4
20260912_215351_529_traffic_scan_env2025_seed0-499_48352cd1,215,36,26,1,1
20260912_215351_529_traffic_scan_env2025_seed0-499_48352cd1,215,36,27,0,1
20260912_215351_529_traffic_scan_env2025_seed0-499_48352cd1,215,36,28,2,1
20260912_215351_529_traffic_scan_env2025_seed0-499_48352cd1,215,36,29,1,6
20260912_215351_529_traffic_scan_env2025_seed0-499_48352cd1,215,36,30,0,1
20260912_215351_529_traffic_scan_env2025_seed0-499_48352cd1,215,36,31,0,2
20260912_215351_529_traffic_scan_env2025_seed0-499_48352cd1,215,36,33,1,1
20260912_215351_529_traffic_scan_env2025_seed0-499_48352cd1,215,36,35,0,2
20260912_215351_529_traffic_scan_env2025_seed0-499_48352cd1,215,36,35,1,2
20260912_215351_529_traffic_scan_env2025_seed0-499_48352cd1,215,36,36,0,1
20260912_215351_529_traffic_scan_env2025_seed0-499_48352cd1,215,36,37,0,2
20260912_215351_529_traffic_scan_env2025_seed0-499_48352cd1,215,36,37,1,1
20260912_215351_529_traffic_scan_env2025_seed0-499_48352cd1,215,36,38,0,2
20260912_215351_529_traffic_scan_env2025_seed0-499_48352cd1,215,36,38,1,2
20260912_215351_529_traffic_scan_env2025_seed0-499_48352cd1,215,36,39,1,3
20260912_215351_529_traffic_scan_env2025_seed0-499_48352cd1,215,36,40,0,3
20260912_215351_529_traffic_scan_env2025_seed0-499_48352cd1,215,36,40,1,2
20260912_215351_529_traffic_scan_env2025_seed0-499_48352cd1,215,36,41,0,1
20260912_215351_529_traffic_scan_env2025_seed0-499_48352cd1,215,36,41,1,1
20260912_215351_529_traffic_scan_env2025_seed0-499_48352cd1,215,36,42,0,1
20260912_215351_529_traffic_scan_env2025_seed0-499_48352cd1,215,36,44,0,1
20260912_215351_529_traffic_scan_env2025_seed0-499_48352cd1,215,36,44,1,1
20260912_215351_529_traffic_scan_env2025_seed0-499_48352cd1,215,36,46,0,1
20260912_215351_529_traffic_scan_env2025_seed0-499_48352cd1,215,36,46,1,1
20260912_215351_529_traffic_scan_env2025_seed0-499_48352cd1,215,36,47,0,1
20260912_215351_529_traffic_scan_env2025_seed0-499_48352cd1,215,36,47,1,1
20260912_215351_529_traffic_scan_env2025_seed0-499_48352cd1,215,36,48,0,2
20260912_215351_529_traffic_scan_env2025_seed0-499_48352cd1,215,36,49,1,1
20260912_215351_529_traffic_scan_env2025_seed0-499_48352cd1,215,36,50,0,2
20260912_215351_529_traffic_scan_env2025_seed0-499_48352cd1,215,36,50,1,1
20260912_215351_529_traffic_scan_env2025_seed0-499_48352cd1,215,36,55,0,1
20260912_215351_529_traffic_scan_env2025_seed0-499_48352cd1,215,37,4,0,1
20260912_215351_529_traffic_scan_env2025_seed0-499_48352cd1,215,37,5,0,1
20260912_215351_529_traffic_scan_env2025_seed0-499_48352cd1,215,37,5,1,2
20260912_215351_529_traffic_scan_env2025_seed0-499_48352cd1,215,37,9,1,2
20260912_215351_529_traffic_scan_env2025_seed0-499_48352cd1,215,37,12,0,2
20260912_215351_529_traffic_scan_env2025_seed0-499_48352cd1,215,37,12,1,2
20260912_215351_529_traffic_scan_env2025_seed0-499_48352cd1,215,37,13,0,1
20260912_215351_529_traffic_scan_env2025_seed0-499_48352cd1,215,37,13,1,1
20260912_215351_529_traffic_scan_env2025_seed0-499_48352cd1,215,37,14,0,2
20260912_215351_529_traffic_scan_env2025_seed0-499_48352cd1,215,37,14,1,1
20260912_215351_529_traffic_scan_env2025_seed0-499_48352cd1,215,37,15,0,1
20260912_215351_529_traffic_scan_env2025_seed0-499_48352cd1,215,37,15,1,2
20260912_215351_529_traffic_scan_env2025_seed0-499_48352cd1,215,37,20,2,1
20260912_215351_529_traffic_scan_env2025_seed0-499_48352cd1,215,37,21,0,3
20260912_215351_529_traffic_scan_env2025_seed0-499_48352cd1,215,37,23,0,2
20260912_215351_529_traffic_scan_env2025_seed0-499_48352cd1,215,37,23,1,1
20260912_215351_529_traffic_scan_env2025_seed0-499_48352cd1,215,37,24,0,1
20260912_215351_529_traffic_scan_env2025_seed0-499_48352cd1,215,37,24,1,1
20260912_215351_529_traffic_scan_env2025_seed0-499_48352cd1,215,37,25,0,4
20260912_215351_529_traffic_scan_env2025_seed0-499_48352cd1,215,37,26,1,3
20260912_215351_529_traffic_scan_env2025_seed0-499_48352cd1,215,37,28,0,1
20260912_215351_529_traffic_scan_env2025_seed0-499_48352cd1,215,37,28,1,4
20260912_215351_529_traffic_scan_env2025_seed0-499_48352cd1,215,37,29,0,1
20260912_215351_529_traffic_scan_env2025_seed0-499_48352cd1,215,37,29,1,2
20260912_215351_529_traffic_scan_env2025_seed0-499_48352cd1,215,37,30,1,1
20260912_215351_529_traffic_scan_env2025_seed0-499_48352cd1,215,37,31,1,1
20260912_215351_529_traffic_scan_env2025_seed0-499_48352cd1,215,37,32,0,2
20260912_215351_529_traffic_scan_env2025_seed0-499_48352cd1,215,37,32,1,1
20260912_215351_529_traffic_scan_env2025_seed0-499_48352cd1,215,37,33,1,1
20260912_215351_529_traffic_scan_env2025_seed0-499_48352cd1,215,37,35,0,1
20260912_215351_529_traffic_scan_env2025_seed0-499_48352cd1,215,37,35,1,1
20260912_215351_529_traffic_scan_env2025_seed0-499_48352cd1,215,37,36,0,3
20260912_215351_529_traffic_scan_env2025_seed0-499_48352cd1,215,37,36,1,1
20260912_215351_529_traffic_scan_env2025_seed0-499_48352cd1,215,37,37,2,1
20260912_215351_529_traffic_scan_env2025_seed0-499_48352cd1,215,37,38,0,2
20260912_215351_529_traffic_scan_env2025_seed0-499_48352cd1,215,37,38,1,2
20260912_215351_529_traffic_scan_env2025_seed0-499_48352cd1,215,37,39,0,3
20260912_215351_529_traffic_scan_env2025_seed0-499_48352cd1,215,37,39,1,4
20260912_215351_529_traffic_scan_env2025_seed0-499_48352cd1,215,37,41,0,2
20260912_215351_529_traffic_scan_env2025_seed0-499_48352cd1,215,37,41,1,1
20260912_215351_529_traffic_scan_env2025_seed0-499_48352cd1,215,37,42,1,1
20260912_215351_529_traffic_scan_env2025_seed0-499_48352cd1,215,37,43,0,2
20260912_215351_529_traffic_scan_env2025_seed0-499_48352cd1,215,37,45,0,1
20260912_215351_529_traffic_scan_env2025_seed0-499_48352cd1,215,37,45,1,1
20260912_215351_529_traffic_scan_env2025_seed0-499_48352cd1,215,37,47,1,2
20260912_215351_529_traffic_scan_env2025_seed0-499_48352cd1,215,37,49,0,2
20260912_215351_529_traffic_scan_env2025_seed0-499_48352cd1,215,37,49,1,1
20260912_215351_529_traffic_scan_env2025_seed0-499_48352cd1,215,37,51,0,2
20260912_215351_529_traffic_scan_env2025_seed0-499_48352cd1,215,37,51,1,1
20260912_215351_529_traffic_scan_env2025_seed0-499_48352cd1,215,37,55,0,1
20260912_215351_529_traffic_scan_env2025_seed0-499_48352cd1,215,38,4,0,1
20260912_215351_529_traffic_scan_env2025_seed0-499_48352cd1,215,38,5,0,1
20260912_215351_529_traffic_scan_env2025_seed0-499_48352cd1,215,38,5,1,2
20260912_215351_529_traffic_scan_env2025_seed0-499_48352cd1,215,38,10,1,2
20260912_215351_529_traffic_scan_env2025_seed0-499_48352cd1,215,38,11,0,1
20260912_215351_529_traffic_scan_env2025_seed0-499_48352cd1,215,38,11,1,2
20260912_215351_529_traffic_scan_env2025_seed0-499_48352cd1,215,38,12,0,1
20260912_215351_529_traffic_scan_env2025_seed0-499_48352cd1,215,38,13,0,2
20260912_215351_529_traffic_scan_env2025_seed0-499_48352cd1,215,38,13,1,1
20260912_215351_529_traffic_scan_env2025_seed0-499_48352cd1,215,38,14,0,1
20260912_215351_529_traffic_scan_env2025_seed0-499_48352cd1,215,38,14,1,3
20260912_215351_529_traffic_scan_env2025_seed0-499_48352cd1,215,38,15,0,1
20260912_215351_529_traffic_scan_env2025_seed0-499_48352cd1,215,38,19,2,1
20260912_215351_529_traffic_scan_env2025_seed0-499_48352cd1,215,38,21,0,5
20260912_215351_529_traffic_scan_env2025_seed0-499_48352cd1,215,38,22,0,2
20260912_215351_529_traffic_scan_env2025_seed0-499_48352cd1,215,38,23,0,1
20260912_215351_529_traffic_scan_env2025_seed0-499_48352cd1,215,38,23,1,2
20260912_215351_529_traffic_scan_env2025_seed0-499_48352cd1,215,38,24,0,4
20260912_215351_529_traffic_scan_env2025_seed0-499_48352cd1,215,38,26,2,1
20260912_215351_529_traffic_scan_env2025_seed0-499_48352cd1,215,38,27,0,1
20260912_215351_529_traffic_scan_env2025_seed0-499_48352cd1,215,38,27,1,4
20260912_215351_529_traffic_scan_env2025_seed0-499_48352cd1,215,38,28,0,1
20260912_215351_529_traffic_scan_env2025_seed0-499_48352cd1,215,38,28,1,1
20260912_215351_529_traffic_scan_env2025_seed0-499_48352cd1,215,38,29,0,1
20260912_215351_529_traffic_scan_env2025_seed0-499_48352cd1,215,38,29,1,2
20260912_215351_529_traffic_scan_env2025_seed0-499_48352cd1,215,38,33,0,2
20260912_215351_529_traffic_scan_env2025_seed0-499_48352cd1,215,38,33,1,2
20260912_215351_529_traffic_scan_env2025_seed0-499_48352cd1,215,38,34,0,1
20260912_215351_529_traffic_scan_env2025_seed0-499_48352cd1,215,38,35,1,1
20260912_215351_529_traffic_scan_env2025_seed0-499_48352cd1,215,38,37,0,4
20260912_215351_529_traffic_scan_env2025_seed0-499_48352cd1,215,38,37,1,4
20260912_215351_529_traffic_scan_env2025_seed0-499_48352cd1,215,38,38,0,2
20260912_215351_529_traffic_scan_env2025_seed0-499_48352cd1,215,38,38,1,1
20260912_215351_529_traffic_scan_env2025_seed0-499_48352cd1,215,38,39,0,1
20260912_215351_529_traffic_scan_env2025_seed0-499_48352cd1,215,38,39,1,1
20260912_215351_529_traffic_scan_env2025_seed0-499_48352cd1,215,38,40,0,1
20260912_215351_529_traffic_scan_env2025_seed0-499_48352cd1,215,38,40,1,2
20260912_215351_529_traffic_scan_env2025_seed0-499_48352cd1,215,38,41,0,1
20260912_215351_529_traffic_scan_env2025_seed0-499_48352cd1,215,38,42,0,2
20260912_215351_529_traffic_scan_env2025_seed0-499_48352cd1,215,38,42,1,1
20260912_215351_529_traffic_scan_env2025_seed0-499_48352cd1,215,38,43,2,1
20260912_215351_529_traffic_scan_env2025_seed0-499_48352cd1,215,38,44,0,2
20260912_215351_529_traffic_scan_env2025_seed0-499_48352cd1,215,38,46,1,1
20260912_215351_529_traffic_scan_env2025_seed0-499_48352cd1,215,38,47,1,2
20260912_215351_529_traffic_scan_env2025_seed0-499_48352cd1,215,38,50,0,3
20260912_215351_529_traffic_scan_env2025_seed0-499_48352cd1,215,38,52,0,2
20260912_215351_529_traffic_scan_env2025_seed0-499_48352cd1,215,38,52,1,1
20260912_215351_529_traffic_scan_env2025_seed0-499_48352cd1,215,38,55,0,1
20260912_215351_529_traffic_scan_env2025_seed0-499_48352cd1,215,39,5,1,2
20260912_215351_529_traffic_scan_env2025_seed0-499_48352cd1,215,39,6,0,1
20260912_215351_529_traffic_scan_env2025_seed0-499_48352cd1,215,39,7,0,1
20260912_215351_529_traffic_scan_env2025_seed0-499_48352cd1,215,39,10,0,1
20260912_215351_529_traffic_scan_env2025_seed0-499_48352cd1,215,39,10,1,3
20260912_215351_529_traffic_scan_env2025_seed0-499_48352cd1,215,39,11,1,1
20260912_215351_529_traffic_scan_env2025_seed0-499_48352cd1,215,39,12,0,2
20260912_215351_529_traffic_scan_env2025_seed0-499_48352cd1,215,39,13,1,5
20260912_215351_529_traffic_scan_env2025_seed0-499_48352cd1,215,39,14,1,1
20260912_215351_529_traffic_scan_env2025_seed0-499_48352cd1,215,39,16,0,1
20260912_215351_529_traffic_scan_env2025_seed0-499_48352cd1,215,39,18,0,2
20260912_215351_529_traffic_scan_env2025_seed0-499_48352cd1,215,39,18,1,1
20260912_215351_529_traffic_scan_env2025_seed0-499_48352cd1,215,39,19,0,2
20260912_215351_529_traffic_scan_env2025_seed0-499_48352cd1,215,39,20,0,4
20260912_215351_529_traffic_scan_env2025_seed0-499_48352cd1,215,39,21,0,1
20260912_215351_529_traffic_scan_env2025_seed0-499_48352cd1,215,39,22,0,1
20260912_215351_529_traffic_scan_env2025_seed0-499_48352cd1,215,39,22,1,1
20260912_215351_529_traffic_scan_env2025_seed0-499_48352cd1,215,39,23,0,4
20260912_215351_529_traffic_scan_env2025_seed0-499_48352cd1,215,39,23,1,1
20260912_215351_529_traffic_scan_env2025_seed0-499_48352cd1,215,39,26,1,4
20260912_215351_529_traffic_scan_env2025_seed0-499_48352cd1,215,39,27,0,1
20260912_215351_529_traffic_scan_env2025_seed0-499_48352cd1,215,39,28,0,1
20260912_215351_529_traffic_scan_env2025_seed0-499_48352cd1,215,39,28,1,2
20260912_215351_529_traffic_scan_env2025_seed0-499_48352cd1,215,39,29,1,2
20260912_215351_529_traffic_scan_env2025_seed0-499_48352cd1,215,39,30,0,1
20260912_215351_529_traffic_scan_env2025_seed0-499_48352cd1,215,39,33,0,1
20260912_215351_529_traffic_scan_env2025_seed0-499_48352cd1,215,39,33,1,1
20260912_215351_529_traffic_scan_env2025_seed0-499_48352cd1,215,39,34,0,2
20260912_215351_529_traffic_scan_env2025_seed0-499_48352cd1,215,39,34,1,1
20260912_215351_529_traffic_scan_env2025_seed0-499_48352cd1,215,39,35,1,2
20260912_215351_529_traffic_scan_env2025_seed0-499_48352cd1,215,39,36,1,3
20260912_215351_529_traffic_scan_env2025_seed0-499_48352cd1,215,39,37,0,4
20260912_215351_529_traffic_scan_env2025_seed0-499_48352cd1,215,39,37,1,1
20260912_215351_529_traffic_scan_env2025_seed0-499_48352cd1,215,39,38,0,2
20260912_215351_529_traffic_scan_env2025_seed0-499_48352cd1,215,39,38,1,1
20260912_215351_529_traffic_scan_env2025_seed0-499_48352cd1,215,39,39,1,1
20260912_215351_529_traffic_scan_env2025_seed0-499_48352cd1,215,39,40,0,1
20260912_215351_529_traffic_scan_env2025_seed0-499_48352cd1,215,39,41,0,2
20260912_215351_529_traffic_scan_env2025_seed0-499_48352cd1,215,39,41,1,2
20260912_215351_529_traffic_scan_env2025_seed0-499_48352cd1,215,39,42,0,1
20260912_215351_529_traffic_scan_env2025_seed0-499_48352cd1,215,39,43,0,2
20260912_215351_529_traffic_scan_env2025_seed0-499_48352cd1,215,39,43,1,1
20260912_215351_529_traffic_scan_env2025_seed0-499_48352cd1,215,39,44,1,1
20260912_215351_529_traffic_scan_env2025_seed0-499_48352cd1,215,39,45,0,1
20260912_215351_529_traffic_scan_env2025_seed0-499_48352cd1,215,39,47,1,3
20260912_215351_529_traffic_scan_env2025_seed0-499_48352cd1,215,39,50,0,1
20260912_215351_529_traffic_scan_env2025_seed0-499_48352cd1,215,39,51,0,2
20260912_215351_529_traffic_scan_env2025_seed0-499_48352cd1,215,39,52,1,1
20260912_215351_529_traffic_scan_env2025_seed0-499_48352cd1,215,39,53,0,1
20260912_215351_529_traffic_scan_env2025_seed0-499_48352cd1,215,39,55,0,1
20260912_215351_529_traffic_scan_env2025_seed0-499_48352cd1,215,40,5,1,2
20260912_215351_529_traffic_scan_env2025_seed0-499_48352cd1,215,40,8,0,1
20260912_215351_529_traffic_scan_env2025_seed0-499_48352cd1,215,40,9,0,1
20260912_215351_529_traffic_scan_env2025_seed0-499_48352cd1,215,40,9,1,2
20260912_215351_529_traffic_scan_env2025_seed0-499_48352cd1,215,40,10,1,1
20260912_215351_529_traffic_scan_env2025_seed0-499_48352cd1,215,40,11,0,1
20260912_215351_529_traffic_scan_env2025_seed0-499_48352cd1,215,40,12,0,4
20260912_215351_529_traffic_scan_env2025_seed0-499_48352cd1,215,40,12,1,2
20260912_215351_529_traffic_scan_env2025_seed0-499_48352cd1,215,40,13,1,3
20260912_215351_529_traffic_scan_env2025_seed0-499_48352cd1,215,40,14,2,1
20260912_215351_529_traffic_scan_env2025_seed0-499_48352cd1,215,40,17,0,3
20260912_215351_529_traffic_scan_env2025_seed0-499_48352cd1,215,40,17,1,1
20260912_215351_529_traffic_scan_env2025_seed0-499_48352cd1,215,40,19,0,1
20260912_215351_529_traffic_scan_env2025_seed0-499_48352cd1,215,40,20,0,1
20260912_215351_529_traffic_scan_env2025_seed0-499_48352cd1,215,40,21,0,1
20260912_215351_529_traffic_scan_env2025_seed0-499_48352cd1,215,40,21,1,1
20260912_215351_529_traffic_scan_env2025_seed0-499_48352cd1,215,40,22,0,4
20260912_215351_529_traffic_scan_env2025_seed0-499_48352cd1,215,40,23,0,1
20260912_215351_529_traffic_scan_env2025_seed0-499_48352cd1,215,40,23,1,1
20260912_215351_529_traffic_scan_env2025_seed0-499_48352cd1,215,40,25,1,3
20260912_215351_529_traffic_scan_env2025_seed0-499_48352cd1,215,40,26,0,1
20260912_215351_529_traffic_scan_env2025_seed0-499_48352cd1,215,40,26,1,1
20260912_215351_529_traffic_scan_env2025_seed0-499_48352cd1,215,40,28,1,1
20260912_215351_529_traffic_scan_env2025_seed0-499_48352cd1,215,40,29,0,1
20260912_215351_529_traffic_scan_env2025_seed0-499_48352cd1,215,40,29,1,3
20260912_215351_529_traffic_scan_env2025_seed0-499_48352cd1,215,40,31,0,2
20260912_215351_529_traffic_scan_env2025_seed0-499_48352cd1,215,40,32,0,2
20260912_215351_529_traffic_scan_env2025_seed0-499_48352cd1,215,40,32,1,1
20260912_215351_529_traffic_scan_env2025_seed0-499_48352cd1,215,40,34,1,1
20260912_215351_529_traffic_scan_env2025_seed0-499_48352cd1,215,40,35,0,2
20260912_215351_529_traffic_scan_env2025_seed0-499_48352cd1,215,40,35,1,4
20260912_215351_529_traffic_scan_env2025_seed0-499_48352cd1,215,40,36,0,2
20260912_215351_529_traffic_scan_env2025_seed0-499_48352cd1,215,40,36,1,1
20260912_215351_529_traffic_scan_env2025_seed0-499_48352cd1,215,40,37,0,2
20260912_215351_529_traffic_scan_env2025_seed0-499_48352cd1,215,40,39,0,2
20260912_215351_529_traffic_scan_env2025_seed0-499_48352cd1,215,40,39,1,2
20260912_215351_529_traffic_scan_env2025_seed0-499_48352cd1,215,40,41,0,3
20260912_215351_529_traffic_scan_env2025_seed0-499_48352cd1,215,40,42,0,2
20260912_215351_529_traffic_scan_env2025_seed0-499_48352cd1,215,40,42,1,2
20260912_215351_529_traffic_scan_env2025_seed0-499_48352cd1,215,40,44,0,1
20260912_215351_529_traffic_scan_env2025_seed0-499_48352cd1,215,40,44,1,2
20260912_215351_529_traffic_scan_env2025_seed0-499_48352cd1,215,40,46,0,1
20260912_215351_529_traffic_scan_env2025_seed0-499_48352cd1,215,40,47,1,3
20260912_215351_529_traffic_scan_env2025_seed0-499_48352cd1,215,40,50,0,1
20260912_215351_529_traffic_scan_env2025_seed0-499_48352cd1,215,40,52,0,2
20260912_215351_529_traffic_scan_env2025_seed0-499_48352cd1,215,40,52,1,1
20260912_215351_529_traffic_scan_env2025_seed0-499_48352cd1,215,40,54,0,1
20260912_215351_529_traffic_scan_env2025_seed0-499_48352cd1,215,40,55,0,1
20260912_215351_529_traffic_scan_env2025_seed0-499_48352cd1,215,41,5,1,2
20260912_215351_529_traffic_scan_env2025_seed0-499_48352cd1,215,41,8,0,1
20260912_215351_529_traffic_scan_env2025_seed0-499_48352cd1,215,41,8,1,2
20260912_215351_529_traffic_scan_env2025_seed0-499_48352cd1,215,41,9,0,1
20260912_215351_529_traffic_scan_env2025_seed0-499_48352cd1,215,41,10,1,1
20260912_215351_529_traffic_scan_env2025_seed0-499_48352cd1,215,41,11,0,5
20260912_215351_529_traffic_scan_env2025_seed0-499_48352cd1,215,41,13,2,3
20260912_215351_529_traffic_scan_env2025_seed0-499_48352cd1,215,41,14,1,2
20260912_215351_529_traffic_scan_env2025_seed0-499_48352cd1,215,41,16,0,2
20260912_215351_529_traffic_scan_env2025_seed0-499_48352cd1,215,41,16,1,1
20260912_215351_529_traffic_scan_env2025_seed0-499_48352cd1,215,41,18,0,2
20260912_215351_529_traffic_scan_env2025_seed0-499_48352cd1,215,41,20,0,2
20260912_215351_529_traffic_scan_env2025_seed0-499_48352cd1,215,41,20,1,1
20260912_215351_529_traffic_scan_env2025_seed0-499_48352cd1,215,41,21,0,3
20260912_215351_529_traffic_scan_env2025_seed0-499_48352cd1,215,41,23,0,1
20260912_215351_529_traffic_scan_env2025_seed0-499_48352cd1,215,41,23,1,1
20260912_215351_529_traffic_scan_env2025_seed0-499_48352cd1,215,41,24,1,3
20260912_215351_529_traffic_scan_env2025_seed0-499_48352cd1,215,41,25,0,1
20260912_215351_529_traffic_scan_env2025_seed0-499_48352cd1,215,41,26,1,1
20260912_215351_529_traffic_scan_env2025_seed0-499_48352cd1,215,41,28,1,1
20260912_215351_529_traffic_scan_env2025_seed0-499_48352cd1,215,41,29,1,2
20260912_215351_529_traffic_scan_env2025_seed0-499_48352cd1,215,41,30,0,2
20260912_215351_529_traffic_scan_env2025_seed0-499_48352cd1,215,41,30,1,1
20260912_215351_529_traffic_scan_env2025_seed0-499_48352cd1,215,41,32,1,1
20260912_215351_529_traffic_scan_env2025_seed0-499_48352cd1,215,41,33,0,1
20260912_215351_529_traffic_scan_env2025_seed0-499_48352cd1,215,41,33,1,1
20260912_215351_529_traffic_scan_env2025_seed0-499_48352cd1,215,41,34,1,2
20260912_215351_529_traffic_scan_env2025_seed0-499_48352cd1,215,41,35,0,2
20260912_215351_529_traffic_scan_env2025_seed0-499_48352cd1,215,41,35,1,2
20260912_215351_529_traffic_scan_env2025_seed0-499_48352cd1,215,41,36,0,2
20260912_215351_529_traffic_scan_env2025_seed0-499_48352cd1,215,41,36,1,1
20260912_215351_529_traffic_scan_env2025_seed0-499_48352cd1,215,41,37,0,2
20260912_215351_529_traffic_scan_env2025_seed0-499_48352cd1,215,41,39,1,1
20260912_215351_529_traffic_scan_env2025_seed0-499_48352cd1,215,41,40,0,4
20260912_215351_529_traffic_scan_env2025_seed0-499_48352cd1,215,41,40,1,1
20260912_215351_529_traffic_scan_env2025_seed0-499_48352cd1,215,41,41,0,1
20260912_215351_529_traffic_scan_env2025_seed0-499_48352cd1,215,41,42,0,1
20260912_215351_529_traffic_scan_env2025_seed0-499_48352cd1,215,41,43,0,1
20260912_215351_529_traffic_scan_env2025_seed0-499_48352cd1,215,41,43,1,2
20260912_215351_529_traffic_scan_env2025_seed0-499_48352cd1,215,41,45,0,1
20260912_215351_529_traffic_scan_env2025_seed0-499_48352cd1,215,41,45,1,2
20260912_215351_529_traffic_scan_env2025_seed0-499_48352cd1,215,41,46,0,2
20260912_215351_529_traffic_scan_env2025_seed0-499_48352cd1,215,41,47,0,1
20260912_215351_529_traffic_scan_env2025_seed0-499_48352cd1,215,41,47,1,2
20260912_215351_529_traffic_scan_env2025_seed0-499_48352cd1,215,41,50,0,1
20260912_215351_529_traffic_scan_env2025_seed0-499_48352cd1,215,41,52,1,1
20260912_215351_529_traffic_scan_env2025_seed0-499_48352cd1,215,41,53,0,2
20260912_215351_529_traffic_scan_env2025_seed0-499_48352cd1,215,41,55,0,2
20260912_215351_529_traffic_scan_env2025_seed0-499_48352cd1,215,42,5,1,2
20260912_215351_529_traffic_scan_env2025_seed0-499_48352cd1,215,42,7,0,1
20260912_215351_529_traffic_scan_env2025_seed0-499_48352cd1,215,42,7,1,2
20260912_215351_529_traffic_scan_env2025_seed0-499_48352cd1,215,42,9,0,1
20260912_215351_529_traffic_scan_env2025_seed0-499_48352cd1,215,42,10,0,5
20260912_215351_529_traffic_scan_env2025_seed0-499_48352cd1,215,42,10,1,1
20260912_215351_529_traffic_scan_env2025_seed0-499_48352cd1,215,42,14,1,4
20260912_215351_529_traffic_scan_env2025_seed0-499_48352cd1,215,42,15,0,2
20260912_215351_529_traffic_scan_env2025_seed0-499_48352cd1,215,42,15,1,3
20260912_215351_529_traffic_scan_env2025_seed0-499_48352cd1,215,42,16,2,3
20260912_215351_529_traffic_scan_env2025_seed0-499_48352cd1,215,42,17,1,2
20260912_215351_529_traffic_scan_env2025_seed0-499_48352cd1,215,42,18,1,1
20260912_215351_529_traffic_scan_env2025_seed0-499_48352cd1,215,42,19,0,2
20260912_215351_529_traffic_scan_env2025_seed0-499_48352cd1,215,42,19,1,2
20260912_215351_529_traffic_scan_env2025_seed0-499_48352cd1,215,42,20,0,3
20260912_215351_529_traffic_scan_env2025_seed0-499_48352cd1,215,42,20,1,1
20260912_215351_529_traffic_scan_env2025_seed0-499_48352cd1,215,42,21,0,1
20260912_215351_529_traffic_scan_env2025_seed0-499_48352cd1,215,42,21,1,1
20260912_215351_529_traffic_scan_env2025_seed0-499_48352cd1,215,42,22,1,1
20260912_215351_529_traffic_scan_env2025_seed0-499_48352cd1,215,42,23,1,5
20260912_215351_529_traffic_scan_env2025_seed0-499_48352cd1,215,42,24,0,2
20260912_215351_529_traffic_scan_env2025_seed0-499_48352cd1,215,42,24,1,1
20260912_215351_529_traffic_scan_env2025_seed0-499_48352cd1,215,42,25,1,1
20260912_215351_529_traffic_scan_env2025_seed0-499_48352cd1,215,42,26,1,2
20260912_215351_529_traffic_scan_env2025_seed0-499_48352cd1,215,42,27,1,1
20260912_215351_529_traffic_scan_env2025_seed0-499_48352cd1,215,42,28,1,2
20260912_215351_529_traffic_scan_env2025_seed0-499_48352cd1,215,42,29,0,1
20260912_215351_529_traffic_scan_env2025_seed0-499_48352cd1,215,42,29,1,3
20260912_215351_529_traffic_scan_env2025_seed0-499_48352cd1,215,42,30,0,1
20260912_215351_529_traffic_scan_env2025_seed0-499_48352cd1,215,42,30,1,1
20260912_215351_529_traffic_scan_env2025_seed0-499_48352cd1,215,42,31,1,2
20260912_215351_529_traffic_scan_env2025_seed0-499_48352cd1,215,42,32,1,3
20260912_215351_529_traffic_scan_env2025_seed0-499_48352cd1,215,42,33,1,3
20260912_215351_529_traffic_scan_env2025_seed0-499_48352cd1,215,42,34,0,3
20260912_215351_529_traffic_scan_env2025_seed0-499_48352cd1,215,42,34,1,2
20260912_215351_529_traffic_scan_env2025_seed0-499_48352cd1,215,42,35,1,2
20260912_215351_529_traffic_scan_env2025_seed0-499_48352cd1,215,42,36,1,1
20260912_215351_529_traffic_scan_env2025_seed0-499_48352cd1,215,42,37,0,4
20260912_215351_529_traffic_scan_env2025_seed0-499_48352cd1,215,42,37,1,2
20260912_215351_529_traffic_scan_env2025_seed0-499_48352cd1,215,42,38,1,1
20260912_215351_529_traffic_scan_env2025_seed0-499_48352cd1,215,42,39,0,2
20260912_215351_529_traffic_scan_env2025_seed0-499_48352cd1,215,42,39,1,2
20260912_215351_529_traffic_scan_env2025_seed0-499_48352cd1,215,42,40,0,1
20260912_215351_529_traffic_scan_env2025_seed0-499_48352cd1,215,42,40,1,1
20260912_215351_529_traffic_scan_env2025_seed0-499_48352cd1,215,42,41,0,2
20260912_215351_529_traffic_scan_env2025_seed0-499_48352cd1,215,42,41,1,2
20260912_215351_529_traffic_scan_env2025_seed0-499_48352cd1,215,42,42,1,1
20260912_215351_529_traffic_scan_env2025_seed0-499_48352cd1,215,42,43,0,1
20260912_215351_529_traffic_scan_env2025_seed0-499_48352cd1,215,42,44,0,2
20260912_215351_529_traffic_scan_env2025_seed0-499_48352cd1,215,42,44,1,1
20260912_215351_529_traffic_scan_env2025_seed0-499_48352cd1,215,42,46,1,2
20260912_215351_529_traffic_scan_env2025_seed0-499_48352cd1,215,42,47,0,3
20260912_215351_529_traffic_scan_env2025_seed0-499_48352cd1,215,42,47,1,1
20260912_215351_529_traffic_scan_env2025_seed0-499_48352cd1,215,42,48,0,1
20260912_215351_529_traffic_scan_env2025_seed0-499_48352cd1,215,42,50,0,1
20260912_215351_529_traffic_scan_env2025_seed0-499_48352cd1,215,42,52,1,1
20260912_215351_529_traffic_scan_env2025_seed0-499_48352cd1,215,42,54,0,1
20260912_215351_529_traffic_scan_env2025_seed0-499_48352cd1,215,42,55,0,1
20260912_215351_529_traffic_scan_env2025_seed0-499_48352cd1,215,42,56,0,1
20260912_215351_529_traffic_scan_env2025_seed0-499_48352cd1,215,43,5,1,2
20260912_215351_529_traffic_scan_env2025_seed0-499_48352cd1,215,43,6,1,1
20260912_215351_529_traffic_scan_env2025_seed0-499_48352cd1,215,43,7,1,1
20260912_215351_529_traffic_scan_env2025_seed0-499_48352cd1,215,43,8,0,1
20260912_215351_529_traffic_scan_env2025_seed0-499_48352cd1,215,43,10,0,3
20260912_215351_529_traffic_scan_env2025_seed0-499_48352cd1,215,43,11,2,1
20260912_215351_529_traffic_scan_env2025_seed0-499_48352cd1,215,43,14,0,4
20260912_215351_529_traffic_scan_env2025_seed0-499_48352cd1,215,43,14,1,2
20260912_215351_529_traffic_scan_env2025_seed0-499_48352cd1,215,43,15,3,1
20260912_215351_529_traffic_scan_env2025_seed0-499_48352cd1,215,43,17,1,1
20260912_215351_529_traffic_scan_env2025_seed0-499_48352cd1,215,43,18,0,2
20260912_215351_529_traffic_scan_env2025_seed0-499_48352cd1,215,43,18,1,1
20260912_215351_529_traffic_scan_env2025_seed0-499_48352cd1,215,43,19,0,3
20260912_215351_529_traffic_scan_env2025_seed0-499_48352cd1,215,43,20,0,3
20260912_215351_529_traffic_scan_env2025_seed0-499_48352cd1,215,43,21,0,2
20260912_215351_529_traffic_scan_env2025_seed0-499_48352cd1,215,43,22,0,4
20260912_215351_529_traffic_scan_env2025_seed0-499_48352cd1,215,43,23,0,1
20260912_215351_529_traffic_scan_env2025_seed0-499_48352cd1,215,43,23,1,1
20260912_215351_529_traffic_scan_env2025_seed0-499_48352cd1,215,43,24,0,1
20260912_215351_529_traffic_scan_env2025_seed0-499_48352cd1,215,43,25,0,2
20260912_215351_529_traffic_scan_env2025_seed0-499_48352cd1,215,43,26,0,1
20260912_215351_529_traffic_scan_env2025_seed0-499_48352cd1,215,43,26,1,1
20260912_215351_529_traffic_scan_env2025_seed0-499_48352cd1,215,43,27,0,1
20260912_215351_529_traffic_scan_env2025_seed0-499_48352cd1,215,43,28,0,2
20260912_215351_529_traffic_scan_env2025_seed0-499_48352cd1,215,43,28,1,1
20260912_215351_529_traffic_scan_env2025_seed0-499_48352cd1,215,43,29,0,1
20260912_215351_529_traffic_scan_env2025_seed0-499_48352cd1,215,43,29,1,2
20260912_215351_529_traffic_scan_env2025_seed0-499_48352cd1,215,43,30,0,2
20260912_215351_529_traffic_scan_env2025_seed0-499_48352cd1,215,43,31,0,1
20260912_215351_529_traffic_scan_env2025_seed0-499_48352cd1,215,43,31,1,1
20260912_215351_529_traffic_scan_env2025_seed0-499_48352cd1,215,43,32,0,3
20260912_215351_529_traffic_scan_env2025_seed0-499_48352cd1,215,43,32,1,2
20260912_215351_529_traffic_scan_env2025_seed0-499_48352cd1,215,43,33,0,3
20260912_215351_529_traffic_scan_env2025_seed0-499_48352cd1,215,43,33,1,1
20260912_215351_529_traffic_scan_env2025_seed0-499_48352cd1,215,43,34,0,1
20260912_215351_529_traffic_scan_env2025_seed0-499_48352cd1,215,43,35,0,2
20260912_215351_529_traffic_scan_env2025_seed0-499_48352cd1,215,43,35,1,1
20260912_215351_529_traffic_scan_env2025_seed0-499_48352cd1,215,43,36,0,1
20260912_215351_529_traffic_scan_env2025_seed0-499_48352cd1,215,43,37,0,3
20260912_215351_529_traffic_scan_env2025_seed0-499_48352cd1,215,43,38,0,5
20260912_215351_529_traffic_scan_env2025_seed0-499_48352cd1,215,43,38,1,1
20260912_215351_529_traffic_scan_env2025_seed0-499_48352cd1,215,43,39,0,3
20260912_215351_529_traffic_scan_env2025_seed0-499_48352cd1,215,43,39,1,2
20260912_215351_529_traffic_scan_env2025_seed0-499_48352cd1,215,43,42,0,2
20260912_215351_529_traffic_scan_env2025_seed0-499_48352cd1,215,43,42,1,1
20260912_215351_529_traffic_scan_env2025_seed0-499_48352cd1,215,43,43,0,1
20260912_215351_529_traffic_scan_env2025_seed0-499_48352cd1,215,43,44,0,2
20260912_215351_529_traffic_scan_env2025_seed0-499_48352cd1,215,43,45,0,3
20260912_215351_529_traffic_scan_env2025_seed0-499_48352cd1,215,43,45,1,1
20260912_215351_529_traffic_scan_env2025_seed0-499_48352cd1,215,43,47,0,2
20260912_215351_529_traffic_scan_env2025_seed0-499_48352cd1,215,43,47,1,2
20260912_215351_529_traffic_scan_env2025_seed0-499_48352cd1,215,43,48,0,4
20260912_215351_529_traffic_scan_env2025_seed0-499_48352cd1,215,43,48,1,1
20260912_215351_529_traffic_scan_env2025_seed0-499_48352cd1,215,43,49,0,2
20260912_215351_529_traffic_scan_env2025_seed0-499_48352cd1,215,43,50,0,2
20260912_215351_529_traffic_scan_env2025_seed0-499_48352cd1,215,43,51,0,1
20260912_215351_529_traffic_scan_env2025_seed0-499_48352cd1,215,43,52,1,1
20260912_215351_529_traffic_scan_env2025_seed0-499_48352cd1,215,43,55,0,2
20260912_215351_529_traffic_scan_env2025_seed0-499_48352cd1,215,43,57,0,1
20260912_215351_529_traffic_scan_env2025_seed0-499_48352cd1,215,44,5,0,2
20260912_215351_529_traffic_scan_env2025_seed0-499_48352cd1,215,44,5,1,1
20260912_215351_529_traffic_scan_env2025_seed0-499_48352cd1,215,44,6,0,1
20260912_215351_529_traffic_scan_env2025_seed0-499_48352cd1,215,44,7,0,1
20260912_215351_529_traffic_scan_env2025_seed0-499_48352cd1,215,44,7,1,1
20260912_215351_529_traffic_scan_env2025_seed0-499_48352cd1,215,44,8,0,2
20260912_215351_529_traffic_scan_env2025_seed0-499_48352cd1,215,44,9,0,2
20260912_215351_529_traffic_scan_env2025_seed0-499_48352cd1,215,44,10,0,5
20260912_215351_529_traffic_scan_env2025_seed0-499_48352cd1,215,44,11,2,1
20260912_215351_529_traffic_scan_env2025_seed0-499_48352cd1,215,44,13,0,5
20260912_215351_529_traffic_scan_env2025_seed0-499_48352cd1,215,44,13,1,2
20260912_215351_529_traffic_scan_env2025_seed0-499_48352cd1,215,44,14,0,1
20260912_215351_529_traffic_scan_env2025_seed0-499_48352cd1,215,44,14,2,1
20260912_215351_529_traffic_scan_env2025_seed0-499_48352cd1,215,44,17,0,2
20260912_215351_529_traffic_scan_env2025_seed0-499_48352cd1,215,44,18,0,2
20260912_215351_529_traffic_scan_env2025_seed0-499_48352cd1,215,44,18,1,2
20260912_215351_529_traffic_scan_env2025_seed0-499_48352cd1,215,44,20,0,1
20260912_215351_529_traffic_scan_env2025_seed0-499_48352cd1,215,44,21,0,5
20260912_215351_529_traffic_scan_env2025_seed0-499_48352cd1,215,44,22,0,1
20260912_215351_529_traffic_scan_env2025_seed0-499_48352cd1,215,44,26,0,1
20260912_215351_529_traffic_scan_env2025_seed0-499_48352cd1,215,44,26,1,1
20260912_215351_529_traffic_scan_env2025_seed0-499_48352cd1,215,44,27,0,1
20260912_215351_529_traffic_scan_env2025_seed0-499_48352cd1,215,44,28,1,1
20260912_215351_529_traffic_scan_env2025_seed0-499_48352cd1,215,44,29,1,2
20260912_215351_529_traffic_scan_env2025_seed0-499_48352cd1,215,44,30,0,1
20260912_215351_529_traffic_scan_env2025_seed0-499_48352cd1,215,44,30,1,1
20260912_215351_529_traffic_scan_env2025_seed0-499_48352cd1,215,44,31,0,2
20260912_215351_529_traffic_scan_env2025_seed0-499_48352cd1,215,44,32,0,2
20260912_215351_529_traffic_scan_env2025_seed0-499_48352cd1,215,44,32,1,2
20260912_215351_529_traffic_scan_env2025_seed0-499_48352cd1,215,44,33,1,1
20260912_215351_529_traffic_scan_env2025_seed0-499_48352cd1,215,44,35,1,1
20260912_215351_529_traffic_scan_env2025_seed0-499_48352cd1,215,44,36,0,1
20260912_215351_529_traffic_scan_env2025_seed0-499_48352cd1,215,44,37,0,4
20260912_215351_529_traffic_scan_env2025_seed0-499_48352cd1,215,44,40,0,2
20260912_215351_529_traffic_scan_env2025_seed0-499_48352cd1,215,44,40,1,2
20260912_215351_529_traffic_scan_env2025_seed0-499_48352cd1,215,44,43,0,2
20260912_215351_529_traffic_scan_env2025_seed0-499_48352cd1,215,44,43,1,1
20260912_215351_529_traffic_scan_env2025_seed0-499_48352cd1,215,44,45,0,1
20260912_215351_529_traffic_scan_env2025_seed0-499_48352cd1,215,44,46,0,3
20260912_215351_529_traffic_scan_env2025_seed0-499_48352cd1,215,44,46,1,1
20260912_215351_529_traffic_scan_env2025_seed0-499_48352cd1,215,44,47,0,1
20260912_215351_529_traffic_scan_env2025_seed0-499_48352cd1,215,44,47,1,1
20260912_215351_529_traffic_scan_env2025_seed0-499_48352cd1,215,44,49,0,3
20260912_215351_529_traffic_scan_env2025_seed0-499_48352cd1,215,44,49,1,1
20260912_215351_529_traffic_scan_env2025_seed0-499_48352cd1,215,44,50,0,2
20260912_215351_529_traffic_scan_env2025_seed0-499_48352cd1,215,44,52,1,1
20260912_215351_529_traffic_scan_env2025_seed0-499_48352cd1,215,44,55,0,1
20260912_215351_529_traffic_scan_env2025_seed0-499_48352cd1,215,44,58,0,1
20260912_215351_529_traffic_scan_env2025_seed0-499_48352cd1,215,45,4,0,1
20260912_215351_529_traffic_scan_env2025_seed0-499_48352cd1,215,45,5,0,3
20260912_215351_529_traffic_scan_env2025_seed0-499_48352cd1,215,45,7,0,1
20260912_215351_529_traffic_scan_env2025_seed0-499_48352cd1,215,45,7,1,1
20260912_215351_529_traffic_scan_env2025_seed0-499_48352cd1,215,45,9,0,3
20260912_215351_529_traffic_scan_env2025_seed0-499_48352cd1,215,45,10,0,2
20260912_215351_529_traffic_scan_env2025_seed0-499_48352cd1,215,45,11,0,4
20260912_215351_529_traffic_scan_env2025_seed0-499_48352cd1,215,45,11,1,1
20260912_215351_529_traffic_scan_env2025_seed0-499_48352cd1,215,45,12,0,5
20260912_215351_529_traffic_scan_env2025_seed0-499_48352cd1,215,45,12,1,1
20260912_215351_529_traffic_scan_env2025_seed0-499_48352cd1,215,45,13,0,1
20260912_215351_529_traffic_scan_env2025_seed0-499_48352cd1,215,45,13,1,2
20260912_215351_529_traffic_scan_env2025_seed0-499_48352cd1,215,45,15,0,2
20260912_215351_529_traffic_scan_env2025_seed0-499_48352cd1,215,45,16,0,2
20260912_215351_529_traffic_scan_env2025_seed0-499_48352cd1,215,45,17,0,2
20260912_215351_529_traffic_scan_env2025_seed0-499_48352cd1,215,45,18,1,1
20260912_215351_529_traffic_scan_env2025_seed0-499_48352cd1,215,45,19,1,1
20260912_215351_529_traffic_scan_env2025_seed0-499_48352cd1,215,45,20,0,4
20260912_215351_529_traffic_scan_env2025_seed0-499_48352cd1,215,45,21,1,1
20260912_215351_529_traffic_scan_env2025_seed0-499_48352cd1,215,45,22,0,3
20260912_215351_529_traffic_scan_env2025_seed0-499_48352cd1,215,45,22,1,1
20260912_215351_529_traffic_scan_env2025_seed0-499_48352cd1,215,45,26,0,1
20260912_215351_529_traffic_scan_env2025_seed0-499_48352cd1,215,45,26,1,1
20260912_215351_529_traffic_scan_env2025_seed0-499_48352cd1,215,45,27,0,1
20260912_215351_529_traffic_scan_env2025_seed0-499_48352cd1,215,45,28,1,1
20260912_215351_529_traffic_scan_env2025_seed0-499_48352cd1,215,45,29,1,3
20260912_215351_529_traffic_scan_env2025_seed0-499_48352cd1,215,45,30,0,3
20260912_215351_529_traffic_scan_env2025_seed0-499_48352cd1,215,45,31,0,3
20260912_215351_529_traffic_scan_env2025_seed0-499_48352cd1,215,45,31,1,1
20260912_215351_529_traffic_scan_env2025_seed0-499_48352cd1,215,45,34,1,1
20260912_215351_529_traffic_scan_env2025_seed0-499_48352cd1,215,45,35,1,1
20260912_215351_529_traffic_scan_env2025_seed0-499_48352cd1,215,45,37,0,5
20260912_215351_529_traffic_scan_env2025_seed0-499_48352cd1,215,45,40,1,1
20260912_215351_529_traffic_scan_env2025_seed0-499_48352cd1,215,45,41,0,2
20260912_215351_529_traffic_scan_env2025_seed0-499_48352cd1,215,45,41,1,1
20260912_215351_529_traffic_scan_env2025_seed0-499_48352cd1,215,45,44,0,2
20260912_215351_529_traffic_scan_env2025_seed0-499_48352cd1,215,45,44,1,1
20260912_215351_529_traffic_scan_env2025_seed0-499_48352cd1,215,45,46,0,1
20260912_215351_529_traffic_scan_env2025_seed0-499_48352cd1,215,45,47,0,3
20260912_215351_529_traffic_scan_env2025_seed0-499_48352cd1,215,45,47,1,2
20260912_215351_529_traffic_scan_env2025_seed0-499_48352cd1,215,45,49,0,3
20260912_215351_529_traffic_scan_env2025_seed0-499_48352cd1,215,45,50,0,1
20260912_215351_529_traffic_scan_env2025_seed0-499_48352cd1,215,45,50,1,1
20260912_215351_529_traffic_scan_env2025_seed0-499_48352cd1,215,45,51,0,1
20260912_215351_529_traffic_scan_env2025_seed0-499_48352cd1,215,45,52,0,1
20260912_215351_529_traffic_scan_env2025_seed0-499_48352cd1,215,45,52,1,1
20260912_215351_529_traffic_scan_env2025_seed0-499_48352cd1,215,45,54,0,1
20260912_215351_529_traffic_scan_env2025_seed0-499_48352cd1,215,45,59,0,1
20260912_215351_529_traffic_scan_env2025_seed0-499_48352cd1,215,46,3,0,1
20260912_215351_529_traffic_scan_env2025_seed0-499_48352cd1,215,46,4,0,1
20260912_215351_529_traffic_scan_env2025_seed0-499_48352cd1,215,46,5,0,1
20260912_215351_529_traffic_scan_env2025_seed0-499_48352cd1,215,46,6,0,3
20260912_215351_529_traffic_scan_env2025_seed0-499_48352cd1,215,46,7,1,1
20260912_215351_529_traffic_scan_env2025_seed0-499_48352cd1,215,46,8,0,3
20260912_215351_529_traffic_scan_env2025_seed0-499_48352cd1,215,46,10,0,1
20260912_215351_529_traffic_scan_env2025_seed0-499_48352cd1,215,46,11,1,2
20260912_215351_529_traffic_scan_env2025_seed0-499_48352cd1,215,46,12,0,2
20260912_215351_529_traffic_scan_env2025_seed0-499_48352cd1,215,46,13,0,1
20260912_215351_529_traffic_scan_env2025_seed0-499_48352cd1,215,46,13,1,1
20260912_215351_529_traffic_scan_env2025_seed0-499_48352cd1,215,46,14,0,2
20260912_215351_529_traffic_scan_env2025_seed0-499_48352cd1,215,46,15,0,1
20260912_215351_529_traffic_scan_env2025_seed0-499_48352cd1,215,46,16,0,2
20260912_215351_529_traffic_scan_env2025_seed0-499_48352cd1,215,46,18,1,1
20260912_215351_529_traffic_scan_env2025_seed0-499_48352cd1,215,46,19,0,3
20260912_215351_529_traffic_scan_env2025_seed0-499_48352cd1,215,46,20,0,1
20260912_215351_529_traffic_scan_env2025_seed0-499_48352cd1,215,46,20,1,1
20260912_215351_529_traffic_scan_env2025_seed0-499_48352cd1,215,46,23,0,3
20260912_215351_529_traffic_scan_env2025_seed0-499_48352cd1,215,46,23,1,1
20260912_215351_529_traffic_scan_env2025_seed0-499_48352cd1,215,46,25,0,1
20260912_215351_529_traffic_scan_env2025_seed0-499_48352cd1,215,46,26,1,1
20260912_215351_529_traffic_scan_env2025_seed0-499_48352cd1,215,46,28,0,1
20260912_215351_529_traffic_scan_env2025_seed0-499_48352cd1,215,46,28,1,2
20260912_215351_529_traffic_scan_env2025_seed0-499_48352cd1,215,46,29,0,2
20260912_215351_529_traffic_scan_env2025_seed0-499_48352cd1,215,46,29,1,2
20260912_215351_529_traffic_scan_env2025_seed0-499_48352cd1,215,46,30,0,2
20260912_215351_529_traffic_scan_env2025_seed0-499_48352cd1,215,46,31,0,2
20260912_215351_529_traffic_scan_env2025_seed0-499_48352cd1,215,46,31,1,1
20260912_215351_529_traffic_scan_env2025_seed0-499_48352cd1,215,46,35,1,2
20260912_215351_529_traffic_scan_env2025_seed0-499_48352cd1,215,46,37,0,3
20260912_215351_529_traffic_scan_env2025_seed0-499_48352cd1,215,46,38,0,2
20260912_215351_529_traffic_scan_env2025_seed0-499_48352cd1,215,46,39,0,1
20260912_215351_529_traffic_scan_env2025_seed0-499_48352cd1,215,46,40,0,1
20260912_215351_529_traffic_scan_env2025_seed0-499_48352cd1,215,46,40,1,1
20260912_215351_529_traffic_scan_env2025_seed0-499_48352cd1,215,46,42,0,2
20260912_215351_529_traffic_scan_env2025_seed0-499_48352cd1,215,46,42,1,1
20260912_215351_529_traffic_scan_env2025_seed0-499_48352cd1,215,46,43,0,1
20260912_215351_529_traffic_scan_env2025_seed0-499_48352cd1,215,46,43,1,1
20260912_215351_529_traffic_scan_env2025_seed0-499_48352cd1,215,46,44,0,3
20260912_215351_529_traffic_scan_env2025_seed0-499_48352cd1,215,46,44,1,1
20260912_215351_529_traffic_scan_env2025_seed0-499_48352cd1,215,46,45,0,1
20260912_215351_529_traffic_scan_env2025_seed0-499_48352cd1,215,46,45,1,2
20260912_215351_529_traffic_scan_env2025_seed0-499_48352cd1,215,46,46,0,1
20260912_215351_529_traffic_scan_env2025_seed0-499_48352cd1,215,46,46,1,1
20260912_215351_529_traffic_scan_env2025_seed0-499_48352cd1,215,46,47,0,1
20260912_215351_529_traffic_scan_env2025_seed0-499_48352cd1,215,46,47,1,2
20260912_215351_529_traffic_scan_env2025_seed0-499_48352cd1,215,46,48,0,4
20260912_215351_529_traffic_scan_env2025_seed0-499_48352cd1,215,46,48,1,1
20260912_215351_529_traffic_scan_env2025_seed0-499_48352cd1,215,46,50,0,3
20260912_215351_529_traffic_scan_env2025_seed0-499_48352cd1,215,46,51,0,1
20260912_215351_529_traffic_scan_env2025_seed0-499_48352cd1,215,46,53,0,1
20260912_215351_529_traffic_scan_env2025_seed0-499_48352cd1,215,46,53,1,1
20260912_215351_529_traffic_scan_env2025_seed0-499_48352cd1,215,46,54,0,1
20260912_215351_529_traffic_scan_env2025_seed0-499_48352cd1,215,47,2,0,1
20260912_215351_529_traffic_scan_env2025_seed0-499_48352cd1,215,47,3,0,2
20260912_215351_529_traffic_scan_env2025_seed0-499_48352cd1,215,47,4,0,2
20260912_215351_529_traffic_scan_env2025_seed0-499_48352cd1,215,47,5,0,1
20260912_215351_529_traffic_scan_env2025_seed0-499_48352cd1,215,47,6,0,3
20260912_215351_529_traffic_scan_env2025_seed0-499_48352cd1,215,47,7,0,4
20260912_215351_529_traffic_scan_env2025_seed0-499_48352cd1,215,47,7,1,1
20260912_215351_529_traffic_scan_env2025_seed0-499_48352cd1,215,47,8,0,1
20260912_215351_529_traffic_scan_env2025_seed0-499_48352cd1,215,47,9,0,1
20260912_215351_529_traffic_scan_env2025_seed0-499_48352cd1,215,47,10,0,2
20260912_215351_529_traffic_scan_env2025_seed0-499_48352cd1,215,47,10,1,1
20260912_215351_529_traffic_scan_env2025_seed0-499_48352cd1,215,47,11,0,1
20260912_215351_529_traffic_scan_env2025_seed0-499_48352cd1,215,47,11,1,1
20260912_215351_529_traffic_scan_env2025_seed0-499_48352cd1,215,47,12,0,1
20260912_215351_529_traffic_scan_env2025_seed0-499_48352cd1,215,47,13,0,1
20260912_215351_529_traffic_scan_env2025_seed0-499_48352cd1,215,47,13,1,1
20260912_215351_529_traffic_scan_env2025_seed0-499_48352cd1,215,47,15,0,1
20260912_215351_529_traffic_scan_env2025_seed0-499_48352cd1,215,47,18,0,3
20260912_215351_529_traffic_scan_env2025_seed0-499_48352cd1,215,47,18,1,1
20260912_215351_529_traffic_scan_env2025_seed0-499_48352cd1,215,47,20,0,1
20260912_215351_529_traffic_scan_env2025_seed0-499_48352cd1,215,47,23,0,3
20260912_215351_529_traffic_scan_env2025_seed0-499_48352cd1,215,47,24,0,1
20260912_215351_529_traffic_scan_env2025_seed0-499_48352cd1,215,47,24,1,1
20260912_215351_529_traffic_scan_env2025_seed0-499_48352cd1,215,47,25,0,1
20260912_215351_529_traffic_scan_env2025_seed0-499_48352cd1,215,47,27,1,2
20260912_215351_529_traffic_scan_env2025_seed0-499_48352cd1,215,47,28,0,2
20260912_215351_529_traffic_scan_env2025_seed0-499_48352cd1,215,47,29,0,2
20260912_215351_529_traffic_scan_env2025_seed0-499_48352cd1,215,47,29,1,2
20260912_215351_529_traffic_scan_env2025_seed0-499_48352cd1,215,47,30,0,2
20260912_215351_529_traffic_scan_env2025_seed0-499_48352cd1,215,47,31,1,1
20260912_215351_529_traffic_scan_env2025_seed0-499_48352cd1,215,47,32,0,1
20260912_215351_529_traffic_scan_env2025_seed0-499_48352cd1,215,47,35,1,1
20260912_215351_529_traffic_scan_env2025_seed0-499_48352cd1,215,47,36,0,1
20260912_215351_529_traffic_scan_env2025_seed0-499_48352cd1,215,47,36,1,1
20260912_215351_529_traffic_scan_env2025_seed0-499_48352cd1,215,47,37,0,3
20260912_215351_529_traffic_scan_env2025_seed0-499_48352cd1,215,47,37,1,1
20260912_215351_529_traffic_scan_env2025_seed0-499_48352cd1,215,47,38,1,1
20260912_215351_529_traffic_scan_env2025_seed0-499_48352cd1,215,47,39,2,1
20260912_215351_529_traffic_scan_env2025_seed0-499_48352cd1,215,47,40,2,1
20260912_215351_529_traffic_scan_env2025_seed0-499_48352cd1,215,47,41,0,1
20260912_215351_529_traffic_scan_env2025_seed0-499_48352cd1,215,47,43,0,1
20260912_215351_529_traffic_scan_env2025_seed0-499_48352cd1,215,47,45,0,1
20260912_215351_529_traffic_scan_env2025_seed0-499_48352cd1,215,47,46,1,1
20260912_215351_529_traffic_scan_env2025_seed0-499_48352cd1,215,47,47,0,1
20260912_215351_529_traffic_scan_env2025_seed0-499_48352cd1,215,47,47,1,1
20260912_215351_529_traffic_scan_env2025_seed0-499_48352cd1,215,47,48,0,2
20260912_215351_529_traffic_scan_env2025_seed0-499_48352cd1,215,47,49,0,6
20260912_215351_529_traffic_scan_env2025_seed0-499_48352cd1,215,47,50,0,2
20260912_215351_529_traffic_scan_env2025_seed0-499_48352cd1,215,47,51,0,5
20260912_215351_529_traffic_scan_env2025_seed0-499_48352cd1,215,47,53,0,2
20260912_215351_529_traffic_scan_env2025_seed0-499_48352cd1,215,47,53,1,1
20260912_215351_529_traffic_scan_env2025_seed0-499_48352cd1,215,47,54,0,4
20260912_215351_529_traffic_scan_env2025_seed0-499_48352cd1,215,47,55,0,1
20260912_215351_529_traffic_scan_env2025_seed0-499_48352cd1,215,47,56,0,1
20260912_215351_529_traffic_scan_env2025_seed0-499_48352cd1,215,47,57,0,1
20260912_215351_529_traffic_scan_env2025_seed0-499_48352cd1,215,48,1,0,2
20260912_215351_529_traffic_scan_env2025_seed0-499_48352cd1,215,48,2,0,1
20260912_215351_529_traffic_scan_env2025_seed0-499_48352cd1,215,48,3,0,1
20260912_215351_529_traffic_scan_env2025_seed0-499_48352cd1,215,48,6,0,5
20260912_215351_529_traffic_scan_env2025_seed0-499_48352cd1,215,48,7,1,1
20260912_215351_529_traffic_scan_env2025_seed0-499_48352cd1,215,48,9,1,1
20260912_215351_529_traffic_scan_env2025_seed0-499_48352cd1,215,48,10,0,1
20260912_215351_529_traffic_scan_env2025_seed0-499_48352cd1,215,48,11,1,1
20260912_215351_529_traffic_scan_env2025_seed0-499_48352cd1,215,48,12,0,2
20260912_215351_529_traffic_scan_env2025_seed0-499_48352cd1,215,48,13,1,1
20260912_215351_529_traffic_scan_env2025_seed0-499_48352cd1,215,48,14,0,1
20260912_215351_529_traffic_scan_env2025_seed0-499_48352cd1,215,48,17,0,3
20260912_215351_529_traffic_scan_env2025_seed0-499_48352cd1,215,48,18,1,1
20260912_215351_529_traffic_scan_env2025_seed0-499_48352cd1,215,48,20,0,1
20260912_215351_529_traffic_scan_env2025_seed0-499_48352cd1,215,48,22,0,1
20260912_215351_529_traffic_scan_env2025_seed0-499_48352cd1,215,48,23,0,3
20260912_215351_529_traffic_scan_env2025_seed0-499_48352cd1,215,48,25,0,1
20260912_215351_529_traffic_scan_env2025_seed0-499_48352cd1,215,48,25,1,1
20260912_215351_529_traffic_scan_env2025_seed0-499_48352cd1,215,48,26,0,1
20260912_215351_529_traffic_scan_env2025_seed0-499_48352cd1,215,48,27,0,3
20260912_215351_529_traffic_scan_env2025_seed0-499_48352cd1,215,48,28,0,1
20260912_215351_529_traffic_scan_env2025_seed0-499_48352cd1,215,48,29,0,1
20260912_215351_529_traffic_scan_env2025_seed0-499_48352cd1,215,48,29,1,2
20260912_215351_529_traffic_scan_env2025_seed0-499_48352cd1,215,48,30,0,2
20260912_215351_529_traffic_scan_env2025_seed0-499_48352cd1,215,48,30,1,1
20260912_215351_529_traffic_scan_env2025_seed0-499_48352cd1,215,48,32,0,1
20260912_215351_529_traffic_scan_env2025_seed0-499_48352cd1,215,48,35,0,1
20260912_215351_529_traffic_scan_env2025_seed0-499_48352cd1,215,48,35,1,1
20260912_215351_529_traffic_scan_env2025_seed0-499_48352cd1,215,48,36,0,2
20260912_215351_529_traffic_scan_env2025_seed0-499_48352cd1,215,48,40,2,2
20260912_215351_529_traffic_scan_env2025_seed0-499_48352cd1,215,48,41,0,1
20260912_215351_529_traffic_scan_env2025_seed0-499_48352cd1,215,48,44,0,1
20260912_215351_529_traffic_scan_env2025_seed0-499_48352cd1,215,48,46,0,1
20260912_215351_529_traffic_scan_env2025_seed0-499_48352cd1,215,48,47,1,2
20260912_215351_529_traffic_scan_env2025_seed0-499_48352cd1,215,48,49,0,1
20260912_215351_529_traffic_scan_env2025_seed0-499_48352cd1,215,48,50,0,4
20260912_215351_529_traffic_scan_env2025_seed0-499_48352cd1,215,48,51,0,1
20260912_215351_529_traffic_scan_env2025_seed0-499_48352cd1,215,48,52,0,6
20260912_215351_529_traffic_scan_env2025_seed0-499_48352cd1,215,48,53,0,1
20260912_215351_529_traffic_scan_env2025_seed0-499_48352cd1,215,48,53,1,1
20260912_215351_529_traffic_scan_env2025_seed0-499_48352cd1,215,48,54,0,1
20260912_215351_529_traffic_scan_env2025_seed0-499_48352cd1,215,48,55,0,1
20260912_215351_529_traffic_scan_env2025_seed0-499_48352cd1,215,49,0,0,1
20260912_215351_529_traffic_scan_env2025_seed0-499_48352cd1,215,49,2,0,1
20260912_215351_529_traffic_scan_env2025_seed0-499_48352cd1,215,49,5,0,3
20260912_215351_529_traffic_scan_env2025_seed0-499_48352cd1,215,49,6,0,2
20260912_215351_529_traffic_scan_env2025_seed0-499_48352cd1,215,49,7,1,1
20260912_215351_529_traffic_scan_env2025_seed0-499_48352cd1,215,49,8,1,1
20260912_215351_529_traffic_scan_env2025_seed0-499_48352cd1,215,49,10,0,1
20260912_215351_529_traffic_scan_env2025_seed0-499_48352cd1,215,49,11,0,2
20260912_215351_529_traffic_scan_env2025_seed0-499_48352cd1,215,49,12,0,1
20260912_215351_529_traffic_scan_env2025_seed0-499_48352cd1,215,49,13,1,2
20260912_215351_529_traffic_scan_env2025_seed0-499_48352cd1,215,49,15,0,2
20260912_215351_529_traffic_scan_env2025_seed0-499_48352cd1,215,49,16,0,3
20260912_215351_529_traffic_scan_env2025_seed0-499_48352cd1,215,49,18,1,1
20260912_215351_529_traffic_scan_env2025_seed0-499_48352cd1,215,49,20,0,1
20260912_215351_529_traffic_scan_env2025_seed0-499_48352cd1,215,49,22,0,2
20260912_215351_529_traffic_scan_env2025_seed0-499_48352cd1,215,49,24,0,2
20260912_215351_529_traffic_scan_env2025_seed0-499_48352cd1,215,49,25,0,2
20260912_215351_529_traffic_scan_env2025_seed0-499_48352cd1,215,49,26,0,2
20260912_215351_529_traffic_scan_env2025_seed0-499_48352cd1,215,49,26,1,1
20260912_215351_529_traffic_scan_env2025_seed0-499_48352cd1,215,49,27,0,2
20260912_215351_529_traffic_scan_env2025_seed0-499_48352cd1,215,49,27,1,1
20260912_215351_529_traffic_scan_env2025_seed0-499_48352cd1,215,49,28,0,1
20260912_215351_529_traffic_scan_env2025_seed0-499_48352cd1,215,49,28,1,1
20260912_215351_529_traffic_scan_env2025_seed0-499_48352cd1,215,49,29,1,4
20260912_215351_529_traffic_scan_env2025_seed0-499_48352cd1,215,49,31,0,1
20260912_215351_529_traffic_scan_env2025_seed0-499_48352cd1,215,49,32,0,1
20260912_215351_529_traffic_scan_env2025_seed0-499_48352cd1,215,49,34,0,1
20260912_215351_529_traffic_scan_env2025_seed0-499_48352cd1,215,49,35,0,1
20260912_215351_529_traffic_scan_env2025_seed0-499_48352cd1,215,49,35,1,1
20260912_215351_529_traffic_scan_env2025_seed0-499_48352cd1,215,49,36,0,1
20260912_215351_529_traffic_scan_env2025_seed0-499_48352cd1,215,49,40,2,1
20260912_215351_529_traffic_scan_env2025_seed0-499_48352cd1,215,49,41,0,1
20260912_215351_529_traffic_scan_env2025_seed0-499_48352cd1,215,49,41,1,1
20260912_215351_529_traffic_scan_env2025_seed0-499_48352cd1,215,49,45,0,2
20260912_215351_529_traffic_scan_env2025_seed0-499_48352cd1,215,49,46,0,2
20260912_215351_529_traffic_scan_env2025_seed0-499_48352cd1,215,49,47,0,3
20260912_215351_529_traffic_scan_env2025_seed0-499_48352cd1,215,49,47,1,1
20260912_215351_529_traffic_scan_env2025_seed0-499_48352cd1,215,49,48,0,1
20260912_215351_529_traffic_scan_env2025_seed0-499_48352cd1,215,49,50,0,1
20260912_215351_529_traffic_scan_env2025_seed0-499_48352cd1,215,49,51,0,3
20260912_215351_529_traffic_scan_env2025_seed0-499_48352cd1,215,49,53,0,3
20260912_215351_529_traffic_scan_env2025_seed0-499_48352cd1,215,49,53,1,1
20260912_215351_529_traffic_scan_env2025_seed0-499_48352cd1,215,49,54,0,1
20260912_215351_529_traffic_scan_env2025_seed0-499_48352cd1,215,49,56,0,1
20260912_215351_529_traffic_scan_env2025_seed0-499_48352cd1,215,50,0,0,1
20260912_215351_529_traffic_scan_env2025_seed0-499_48352cd1,215,50,4,0,3
20260912_215351_529_traffic_scan_env2025_seed0-499_48352cd1,215,50,6,0,2
20260912_215351_529_traffic_scan_env2025_seed0-499_48352cd1,215,50,7,1,2
20260912_215351_529_traffic_scan_env2025_seed0-499_48352cd1,215,50,10,0,2
20260912_215351_529_traffic_scan_env2025_seed0-499_48352cd1,215,50,12,0,3
20260912_215351_529_traffic_scan_env2025_seed0-499_48352cd1,215,50,13,0,1
20260912_215351_529_traffic_scan_env2025_seed0-499_48352cd1,215,50,14,0,2
20260912_215351_529_traffic_scan_env2025_seed0-499_48352cd1,215,50,18,1,1
20260912_215351_529_traffic_scan_env2025_seed0-499_48352cd1,215,50,20,0,1
20260912_215351_529_traffic_scan_env2025_seed0-499_48352cd1,215,50,21,0,1
20260912_215351_529_traffic_scan_env2025_seed0-499_48352cd1,215,50,22,0,1
20260912_215351_529_traffic_scan_env2025_seed0-499_48352cd1,215,50,24,0,1
20260912_215351_529_traffic_scan_env2025_seed0-499_48352cd1,215,50,25,0,5
20260912_215351_529_traffic_scan_env2025_seed0-499_48352cd1,215,50,26,0,1
20260912_215351_529_traffic_scan_env2025_seed0-499_48352cd1,215,50,27,0,1
20260912_215351_529_traffic_scan_env2025_seed0-499_48352cd1,215,50,29,1,2
20260912_215351_529_traffic_scan_env2025_seed0-499_48352cd1,215,50,30,1,2
20260912_215351_529_traffic_scan_env2025_seed0-499_48352cd1,215,50,31,0,1
20260912_215351_529_traffic_scan_env2025_seed0-499_48352cd1,215,50,31,1,1
20260912_215351_529_traffic_scan_env2025_seed0-499_48352cd1,215,50,32,0,1
20260912_215351_529_traffic_scan_env2025_seed0-499_48352cd1,215,50,32,1,1
20260912_215351_529_traffic_scan_env2025_seed0-499_48352cd1,215,50,33,0,1
20260912_215351_529_traffic_scan_env2025_seed0-499_48352cd1,215,50,33,1,1
20260912_215351_529_traffic_scan_env2025_seed0-499_48352cd1,215,50,34,0,1
20260912_215351_529_traffic_scan_env2025_seed0-499_48352cd1,215,50,34,1,1
20260912_215351_529_traffic_scan_env2025_seed0-499_48352cd1,215,50,35,1,2
20260912_215351_529_traffic_scan_env2025_seed0-499_48352cd1,215,50,36,1,1
20260912_215351_529_traffic_scan_env2025_seed0-499_48352cd1,215,50,37,0,1
20260912_215351_529_traffic_scan_env2025_seed0-499_48352cd1,215,50,37,1,1
20260912_215351_529_traffic_scan_env2025_seed0-499_48352cd1,215,50,38,1,1
20260912_215351_529_traffic_scan_env2025_seed0-499_48352cd1,215,50,39,2,1
20260912_215351_529_traffic_scan_env2025_seed0-499_48352cd1,215,50,40,2,2
20260912_215351_529_traffic_scan_env2025_seed0-499_48352cd1,215,50,41,1,1
20260912_215351_529_traffic_scan_env2025_seed0-499_48352cd1,215,50,42,0,2
20260912_215351_529_traffic_scan_env2025_seed0-499_48352cd1,215,50,42,1,1
20260912_215351_529_traffic_scan_env2025_seed0-499_48352cd1,215,50,43,1,1
20260912_215351_529_traffic_scan_env2025_seed0-499_48352cd1,215,50,44,0,1
20260912_215351_529_traffic_scan_env2025_seed0-499_48352cd1,215,50,48,0,4
20260912_215351_529_traffic_scan_env2025_seed0-499_48352cd1,215,50,49,0,2
20260912_215351_529_traffic_scan_env2025_seed0-499_48352cd1,215,50,50,0,1
20260912_215351_529_traffic_scan_env2025_seed0-499_48352cd1,215,50,51,0,1
20260912_215351_529_traffic_scan_env2025_seed0-499_48352cd1,215,50,52,0,3
20260912_215351_529_traffic_scan_env2025_seed0-499_48352cd1,215,50,53,1,1
20260912_215351_529_traffic_scan_env2025_seed0-499_48352cd1,215,50,54,0,4
20260912_215351_529_traffic_scan_env2025_seed0-499_48352cd1,215,50,57,0,1
20260912_215351_529_traffic_scan_env2025_seed0-499_48352cd1,215,51,0,0,1
20260912_215351_529_traffic_scan_env2025_seed0-499_48352cd1,215,51,3,0,2
20260912_215351_529_traffic_scan_env2025_seed0-499_48352cd1,215,51,6,0,3
20260912_215351_529_traffic_scan_env2025_seed0-499_48352cd1,215,51,6,1,1
20260912_215351_529_traffic_scan_env2025_seed0-499_48352cd1,215,51,9,0,1
20260912_215351_529_traffic_scan_env2025_seed0-499_48352cd1,215,51,11,0,2
20260912_215351_529_traffic_scan_env2025_seed0-499_48352cd1,215,51,12,0,2
20260912_215351_529_traffic_scan_env2025_seed0-499_48352cd1,215,51,13,0,3
20260912_215351_529_traffic_scan_env2025_seed0-499_48352cd1,215,51,13,1,1
20260912_215351_529_traffic_scan_env2025_seed0-499_48352cd1,215,51,14,1,1
20260912_215351_529_traffic_scan_env2025_seed0-499_48352cd1,215,51,15,1,1
20260912_215351_529_traffic_scan_env2025_seed0-499_48352cd1,215,51,16,1,1
20260912_215351_529_traffic_scan_env2025_seed0-499_48352cd1,215,51,17,0,1
20260912_215351_529_traffic_scan_env2025_seed0-499_48352cd1,215,51,17,1,1
20260912_215351_529_traffic_scan_env2025_seed0-499_48352cd1,215,51,18,1,1
20260912_215351_529_traffic_scan_env2025_seed0-499_48352cd1,215,51,19,1,1
20260912_215351_529_traffic_scan_env2025_seed0-499_48352cd1,215,51,20,0,2
20260912_215351_529_traffic_scan_env2025_seed0-499_48352cd1,215,51,20,1,1
20260912_215351_529_traffic_scan_env2025_seed0-499_48352cd1,215,51,21,1,1
20260912_215351_529_traffic_scan_env2025_seed0-499_48352cd1,215,51,22,0,2
20260912_215351_529_traffic_scan_env2025_seed0-499_48352cd1,215,51,23,0,2
20260912_215351_529_traffic_scan_env2025_seed0-499_48352cd1,215,51,24,0,3
20260912_215351_529_traffic_scan_env2025_seed0-499_48352cd1,215,51,25,0,1
20260912_215351_529_traffic_scan_env2025_seed0-499_48352cd1,215,51,25,1,2
20260912_215351_529_traffic_scan_env2025_seed0-499_48352cd1,215,51,26,0,3
20260912_215351_529_traffic_scan_env2025_seed0-499_48352cd1,215,51,27,0,2
20260912_215351_529_traffic_scan_env2025_seed0-499_48352cd1,215,51,28,0,1
20260912_215351_529_traffic_scan_env2025_seed0-499_48352cd1,215,51,28,1,1
20260912_215351_529_traffic_scan_env2025_seed0-499_48352cd1,215,51,29,0,1
20260912_215351_529_traffic_scan_env2025_seed0-499_48352cd1,215,51,29,1,1
20260912_215351_529_traffic_scan_env2025_seed0-499_48352cd1,215,51,30,0,1
20260912_215351_529_traffic_scan_env2025_seed0-499_48352cd1,215,51,30,1,1
20260912_215351_529_traffic_scan_env2025_seed0-499_48352cd1,215,51,31,0,1
20260912_215351_529_traffic_scan_env2025_seed0-499_48352cd1,215,51,32,0,4
20260912_215351_529_traffic_scan_env2025_seed0-499_48352cd1,215,51,33,0,2
20260912_215351_529_traffic_scan_env2025_seed0-499_48352cd1,215,51,34,0,1
20260912_215351_529_traffic_scan_env2025_seed0-499_48352cd1,215,51,35,0,2
20260912_215351_529_traffic_scan_env2025_seed0-499_48352cd1,215,51,36,0,1
20260912_215351_529_traffic_scan_env2025_seed0-499_48352cd1,215,51,37,0,2
20260912_215351_529_traffic_scan_env2025_seed0-499_48352cd1,215,51,38,0,1
20260912_215351_529_traffic_scan_env2025_seed0-499_48352cd1,215,51,39,0,1
20260912_215351_529_traffic_scan_env2025_seed0-499_48352cd1,215,51,39,1,1
20260912_215351_529_traffic_scan_env2025_seed0-499_48352cd1,215,51,40,0,1
20260912_215351_529_traffic_scan_env2025_seed0-499_48352cd1,215,51,41,0,1
20260912_215351_529_traffic_scan_env2025_seed0-499_48352cd1,215,51,43,0,2
20260912_215351_529_traffic_scan_env2025_seed0-499_48352cd1,215,51,48,0,2
20260912_215351_529_traffic_scan_env2025_seed0-499_48352cd1,215,51,49,0,1
20260912_215351_529_traffic_scan_env2025_seed0-499_48352cd1,215,51,50,0,1
20260912_215351_529_traffic_scan_env2025_seed0-499_48352cd1,215,51,52,0,2
20260912_215351_529_traffic_scan_env2025_seed0-499_48352cd1,215,51,53,0,3
20260912_215351_529_traffic_scan_env2025_seed0-499_48352cd1,215,51,54,0,2
20260912_215351_529_traffic_scan_env2025_seed0-499_48352cd1,215,51,55,0,3
20260912_215351_529_traffic_scan_env2025_seed0-499_48352cd1,215,52,0,0,1
20260912_215351_529_traffic_scan_env2025_seed0-499_48352cd1,215,52,2,0,1
20260912_215351_529_traffic_scan_env2025_seed0-499_48352cd1,215,52,4,0,1
20260912_215351_529_traffic_scan_env2025_seed0-499_48352cd1,215,52,5,0,1
20260912_215351_529_traffic_scan_env2025_seed0-499_48352cd1,215,52,5,1,1
20260912_215351_529_traffic_scan_env2025_seed0-499_48352cd1,215,52,6,0,4
20260912_215351_529_traffic_scan_env2025_seed0-499_48352cd1,215,52,8,0,2
20260912_215351_529_traffic_scan_env2025_seed0-499_48352cd1,215,52,9,0,1
20260912_215351_529_traffic_scan_env2025_seed0-499_48352cd1,215,52,10,0,1
20260912_215351_529_traffic_scan_env2025_seed0-499_48352cd1,215,52,11,0,3
20260912_215351_529_traffic_scan_env2025_seed0-499_48352cd1,215,52,12,0,4
20260912_215351_529_traffic_scan_env2025_seed0-499_48352cd1,215,52,13,0,1
20260912_215351_529_traffic_scan_env2025_seed0-499_48352cd1,215,52,17,0,1
20260912_215351_529_traffic_scan_env2025_seed0-499_48352cd1,215,52,19,0,1
20260912_215351_529_traffic_scan_env2025_seed0-499_48352cd1,215,52,22,0,2
20260912_215351_529_traffic_scan_env2025_seed0-499_48352cd1,215,52,23,0,2
20260912_215351_529_traffic_scan_env2025_seed0-499_48352cd1,215,52,25,2,2
20260912_215351_529_traffic_scan_env2025_seed0-499_48352cd1,215,52,27,0,3
20260912_215351_529_traffic_scan_env2025_seed0-499_48352cd1,215,52,27,1,1
20260912_215351_529_traffic_scan_env2025_seed0-499_48352cd1,215,52,30,0,1
20260912_215351_529_traffic_scan_env2025_seed0-499_48352cd1,215,52,31,0,1
20260912_215351_529_traffic_scan_env2025_seed0-499_48352cd1,215,52,31,1,1
20260912_215351_529_traffic_scan_env2025_seed0-499_48352cd1,215,52,32,0,2
20260912_215351_529_traffic_scan_env2025_seed0-499_48352cd1,215,52,33,0,1
20260912_215351_529_traffic_scan_env2025_seed0-499_48352cd1,215,52,35,0,1
20260912_215351_529_traffic_scan_env2025_seed0-499_48352cd1,215,52,37,0,1
20260912_215351_529_traffic_scan_env2025_seed0-499_48352cd1,215,52,40,0,1
20260912_215351_529_traffic_scan_env2025_seed0-499_48352cd1,215,52,42,0,1
20260912_215351_529_traffic_scan_env2025_seed0-499_48352cd1,215,52,43,0,1
20260912_215351_529_traffic_scan_env2025_seed0-499_48352cd1,215,52,44,0,3
20260912_215351_529_traffic_scan_env2025_seed0-499_48352cd1,215,52,45,0,1
20260912_215351_529_traffic_scan_env2025_seed0-499_48352cd1,215,52,46,0,1
20260912_215351_529_traffic_scan_env2025_seed0-499_48352cd1,215,52,47,0,1
20260912_215351_529_traffic_scan_env2025_seed0-499_48352cd1,215,52,48,0,2
20260912_215351_529_traffic_scan_env2025_seed0-499_48352cd1,215,52,49,0,1
20260912_215351_529_traffic_scan_env2025_seed0-499_48352cd1,215,52,50,0,1
20260912_215351_529_traffic_scan_env2025_seed0-499_48352cd1,215,52,51,0,1
20260912_215351_529_traffic_scan_env2025_seed0-499_48352cd1,215,52,52,0,2
20260912_215351_529_traffic_scan_env2025_seed0-499_48352cd1,215,52,53,0,1
20260912_215351_529_traffic_scan_env2025_seed0-499_48352cd1,215,52,54,0,2
20260912_215351_529_traffic_scan_env2025_seed0-499_48352cd1,215,52,56,0,1
20260912_215351_529_traffic_scan_env2025_seed0-499_48352cd1,215,52,57,0,1
20260912_215351_529_traffic_scan_env2025_seed0-499_48352cd1,215,52,58,0,1
20260912_215351_529_traffic_scan_env2025_seed0-499_48352cd1,215,52,59,0,1
20260912_215351_529_traffic_scan_env2025_seed0-499_48352cd1,215,53,0,0,1
20260912_215351_529_traffic_scan_env2025_seed0-499_48352cd1,215,53,4,1,1
20260912_215351_529_traffic_scan_env2025_seed0-499_48352cd1,215,53,6,0,2
20260912_215351_529_traffic_scan_env2025_seed0-499_48352cd1,215,53,7,0,3
20260912_215351_529_traffic_scan_env2025_seed0-499_48352cd1,215,53,11,0,4
20260912_215351_529_traffic_scan_env2025_seed0-499_48352cd1,215,53,13,0,2
20260912_215351_529_traffic_scan_env2025_seed0-499_48352cd1,215,53,17,0,1
20260912_215351_529_traffic_scan_env2025_seed0-499_48352cd1,215,53,18,0,1
20260912_215351_529_traffic_scan_env2025_seed0-499_48352cd1,215,53,21,0,1
20260912_215351_529_traffic_scan_env2025_seed0-499_48352cd1,215,53,22,0,1
20260912_215351_529_traffic_scan_env2025_seed0-499_48352cd1,215,53,23,0,1
20260912_215351_529_traffic_scan_env2025_seed0-499_48352cd1,215,53,24,0,1
20260912_215351_529_traffic_scan_env2025_seed0-499_48352cd1,215,53,24,1,1
20260912_215351_529_traffic_scan_env2025_seed0-499_48352cd1,215,53,25,2,1
20260912_215351_529_traffic_scan_env2025_seed0-499_48352cd1,215,53,26,2,1
20260912_215351_529_traffic_scan_env2025_seed0-499_48352cd1,215,53,27,0,2
20260912_215351_529_traffic_scan_env2025_seed0-499_48352cd1,215,53,28,0,1
20260912_215351_529_traffic_scan_env2025_seed0-499_48352cd1,215,53,30,0,2
20260912_215351_529_traffic_scan_env2025_seed0-499_48352cd1,215,53,31,0,1
20260912_215351_529_traffic_scan_env2025_seed0-499_48352cd1,215,53,32,1,1
20260912_215351_529_traffic_scan_env2025_seed0-499_48352cd1,215,53,34,0,1
20260912_215351_529_traffic_scan_env2025_seed0-499_48352cd1,215,53,35,0,1
20260912_215351_529_traffic_scan_env2025_seed0-499_48352cd1,215,53,37,0,1
20260912_215351_529_traffic_scan_env2025_seed0-499_48352cd1,215,53,39,0,1
20260912_215351_529_traffic_scan_env2025_seed0-499_48352cd1,215,53,45,0,2
20260912_215351_529_traffic_scan_env2025_seed0-499_48352cd1,215,53,47,0,1
20260912_215351_529_traffic_scan_env2025_seed0-499_48352cd1,215,53,49,0,1
20260912_215351_529_traffic_scan_env2025_seed0-499_48352cd1,215,53,50,0,2
20260912_215351_529_traffic_scan_env2025_seed0-499_48352cd1,215,53,51,0,2
20260912_215351_529_traffic_scan_env2025_seed0-499_48352cd1,215,53,52,0,3
20260912_215351_529_traffic_scan_env2025_seed0-499_48352cd1,215,53,53,0,2
20260912_215351_529_traffic_scan_env2025_seed0-499_48352cd1,215,53,54,0,1
20260912_215351_529_traffic_scan_env2025_seed0-499_48352cd1,215,53,55,0,1
20260912_215351_529_traffic_scan_env2025_seed0-499_48352cd1,215,54,0,0,1
20260912_215351_529_traffic_scan_env2025_seed0-499_48352cd1,215,54,3,2,1
20260912_215351_529_traffic_scan_env2025_seed0-499_48352cd1,215,54,6,0,3
20260912_215351_529_traffic_scan_env2025_seed0-499_48352cd1,215,54,8,0,1
20260912_215351_529_traffic_scan_env2025_seed0-499_48352cd1,215,54,10,0,2
20260912_215351_529_traffic_scan_env2025_seed0-499_48352cd1,215,54,11,0,1
20260912_215351_529_traffic_scan_env2025_seed0-499_48352cd1,215,54,13,0,1
20260912_215351_529_traffic_scan_env2025_seed0-499_48352cd1,215,54,14,0,1
20260912_215351_529_traffic_scan_env2025_seed0-499_48352cd1,215,54,18,0,1
20260912_215351_529_traffic_scan_env2025_seed0-499_48352cd1,215,54,20,0,1
20260912_215351_529_traffic_scan_env2025_seed0-499_48352cd1,215,54,22,0,2
20260912_215351_529_traffic_scan_env2025_seed0-499_48352cd1,215,54,24,0,2
20260912_215351_529_traffic_scan_env2025_seed0-499_48352cd1,215,54,25,0,1
20260912_215351_529_traffic_scan_env2025_seed0-499_48352cd1,215,54,25,1,2
20260912_215351_529_traffic_scan_env2025_seed0-499_48352cd1,215,54,27,0,2
20260912_215351_529_traffic_scan_env2025_seed0-499_48352cd1,215,54,29,0,2
20260912_215351_529_traffic_scan_env2025_seed0-499_48352cd1,215,54,30,0,2
20260912_215351_529_traffic_scan_env2025_seed0-499_48352cd1,215,54,33,1,1
20260912_215351_529_traffic_scan_env2025_seed0-499_48352cd1,215,54,35,0,2
20260912_215351_529_traffic_scan_env2025_seed0-499_48352cd1,215,54,37,0,1
20260912_215351_529_traffic_scan_env2025_seed0-499_48352cd1,215,54,39,0,1
20260912_215351_529_traffic_scan_env2025_seed0-499_48352cd1,215,54,46,0,2
20260912_215351_529_traffic_scan_env2025_seed0-499_48352cd1,215,54,48,0,1
20260912_215351_529_traffic_scan_env2025_seed0-499_48352cd1,215,54,51,0,1
20260912_215351_529_traffic_scan_env2025_seed0-499_48352cd1,215,54,52,0,2
20260912_215351_529_traffic_scan_env2025_seed0-499_48352cd1,215,54,53,0,2
20260912_215351_529_traffic_scan_env2025_seed0-499_48352cd1,215,54,54,0,2
20260912_215351_529_traffic_scan_env2025_seed0-499_48352cd1,215,54,56,0,1
20260912_215351_529_traffic_scan_env2025_seed0-499_48352cd1,215,55,0,0,1
20260912_215351_529_traffic_scan_env2025_seed0-499_48352cd1,215,55,1,0,2
20260912_215351_529_traffic_scan_env2025_seed0-499_48352cd1,215,55,2,0,1
20260912_215351_529_traffic_scan_env2025_seed0-499_48352cd1,215,55,2,1,1
20260912_215351_529_traffic_scan_env2025_seed0-499_48352cd1,215,55,5,0,2
20260912_215351_529_traffic_scan_env2025_seed0-499_48352cd1,215,55,6,0,1
20260912_215351_529_traffic_scan_env2025_seed0-499_48352cd1,215,55,9,0,2
20260912_215351_529_traffic_scan_env2025_seed0-499_48352cd1,215,55,10,0,1
20260912_215351_529_traffic_scan_env2025_seed0-499_48352cd1,215,55,11,0,2
20260912_215351_529_traffic_scan_env2025_seed0-499_48352cd1,215,55,12,0,1
20260912_215351_529_traffic_scan_env2025_seed0-499_48352cd1,215,55,13,0,2
20260912_215351_529_traffic_scan_env2025_seed0-499_48352cd1,215,55,14,0,1
20260912_215351_529_traffic_scan_env2025_seed0-499_48352cd1,215,55,15,0,2
20260912_215351_529_traffic_scan_env2025_seed0-499_48352cd1,215,55,16,0,1
20260912_215351_529_traffic_scan_env2025_seed0-499_48352cd1,215,55,17,0,2
20260912_215351_529_traffic_scan_env2025_seed0-499_48352cd1,215,55,18,0,1
20260912_215351_529_traffic_scan_env2025_seed0-499_48352cd1,215,55,19,0,2
20260912_215351_529_traffic_scan_env2025_seed0-499_48352cd1,215,55,20,0,1
20260912_215351_529_traffic_scan_env2025_seed0-499_48352cd1,215,55,21,0,2
20260912_215351_529_traffic_scan_env2025_seed0-499_48352cd1,215,55,22,0,2
20260912_215351_529_traffic_scan_env2025_seed0-499_48352cd1,215,55,23,0,2
20260912_215351_529_traffic_scan_env2025_seed0-499_48352cd1,215,55,24,0,2
20260912_215351_529_traffic_scan_env2025_seed0-499_48352cd1,215,55,24,1,1
20260912_215351_529_traffic_scan_env2025_seed0-499_48352cd1,215,55,28,0,1
20260912_215351_529_traffic_scan_env2025_seed0-499_48352cd1,215,55,29,0,1
20260912_215351_529_traffic_scan_env2025_seed0-499_48352cd1,215,55,30,0,2
20260912_215351_529_traffic_scan_env2025_seed0-499_48352cd1,215,55,33,0,1
20260912_215351_529_traffic_scan_env2025_seed0-499_48352cd1,215,55,35,0,1
20260912_215351_529_traffic_scan_env2025_seed0-499_48352cd1,215,55,36,0,2
20260912_215351_529_traffic_scan_env2025_seed0-499_48352cd1,215,55,39,0,1
20260912_215351_529_traffic_scan_env2025_seed0-499_48352cd1,215,55,46,0,1
20260912_215351_529_traffic_scan_env2025_seed0-499_48352cd1,215,55,47,0,2
20260912_215351_529_traffic_scan_env2025_seed0-499_48352cd1,215,55,51,0,1
20260912_215351_529_traffic_scan_env2025_seed0-499_48352cd1,215,55,53,0,2
20260912_215351_529_traffic_scan_env2025_seed0-499_48352cd1,215,55,54,0,2
20260912_215351_529_traffic_scan_env2025_seed0-499_48352cd1,215,55,55,0,1
20260912_215351_529_traffic_scan_env2025_seed0-499_48352cd1,215,55,57,0,1
20260912_215351_529_traffic_scan_env2025_seed0-499_48352cd1,215,56,0,0,1
20260912_215351_529_traffic_scan_env2025_seed0-499_48352cd1,215,56,3,0,1
20260912_215351_529_traffic_scan_env2025_seed0-499_48352cd1,215,56,4,0,3
20260912_215351_529_traffic_scan_env2025_seed0-499_48352cd1,215,56,5,0,1
20260912_215351_529_traffic_scan_env2025_seed0-499_48352cd1,215,56,6,0,2
20260912_215351_529_traffic_scan_env2025_seed0-499_48352cd1,215,56,7,0,1
20260912_215351_529_traffic_scan_env2025_seed0-499_48352cd1,215,56,8,0,3
20260912_215351_529_traffic_scan_env2025_seed0-499_48352cd1,215,56,9,0,1
20260912_215351_529_traffic_scan_env2025_seed0-499_48352cd1,215,56,11,0,1
20260912_215351_529_traffic_scan_env2025_seed0-499_48352cd1,215,56,16,0,1
20260912_215351_529_traffic_scan_env2025_seed0-499_48352cd1,215,56,17,0,1
20260912_215351_529_traffic_scan_env2025_seed0-499_48352cd1,215,56,18,0,1
20260912_215351_529_traffic_scan_env2025_seed0-499_48352cd1,215,56,20,0,1
20260912_215351_529_traffic_scan_env2025_seed0-499_48352cd1,215,56,22,0,1
20260912_215351_529_traffic_scan_env2025_seed0-499_48352cd1,215,56,23,0,1
20260912_215351_529_traffic_scan_env2025_seed0-499_48352cd1,215,56,23,1,1
20260912_215351_529_traffic_scan_env2025_seed0-499_48352cd1,215,56,25,1,1
20260912_215351_529_traffic_scan_env2025_seed0-499_48352cd1,215,56,26,1,1
20260912_215351_529_traffic_scan_env2025_seed0-499_48352cd1,215,56,27,1,1
20260912_215351_529_traffic_scan_env2025_seed0-499_48352cd1,215,56,28,0,1
20260912_215351_529_traffic_scan_env2025_seed0-499_48352cd1,215,56,28,1,1
20260912_215351_529_traffic_scan_env2025_seed0-499_48352cd1,215,56,29,0,1
20260912_215351_529_traffic_scan_env2025_seed0-499_48352cd1,215,56,29,1,1
20260912_215351_529_traffic_scan_env2025_seed0-499_48352cd1,215,56,30,0,1
20260912_215351_529_traffic_scan_env2025_seed0-499_48352cd1,215,56,30,1,1
20260912_215351_529_traffic_scan_env2025_seed0-499_48352cd1,215,56,31,0,1
20260912_215351_529_traffic_scan_env2025_seed0-499_48352cd1,215,56,31,1,1
20260912_215351_529_traffic_scan_env2025_seed0-499_48352cd1,215,56,32,1,1
20260912_215351_529_traffic_scan_env2025_seed0-499_48352cd1,215,56,33,1,1
20260912_215351_529_traffic_scan_env2025_seed0-499_48352cd1,215,56,34,0,1
20260912_215351_529_traffic_scan_env2025_seed0-499_48352cd1,215,56,34,1,1
20260912_215351_529_traffic_scan_env2025_seed0-499_48352cd1,215,56,35,0,1
20260912_215351_529_traffic_scan_env2025_seed0-499_48352cd1,215,56,35,1,1
20260912_215351_529_traffic_scan_env2025_seed0-499_48352cd1,215,56,36,0,1
20260912_215351_529_traffic_scan_env2025_seed0-499_48352cd1,215,56,36,1,1
20260912_215351_529_traffic_scan_env2025_seed0-499_48352cd1,215,56,37,0,1
20260912_215351_529_traffic_scan_env2025_seed0-499_48352cd1,215,56,37,1,1
20260912_215351_529_traffic_scan_env2025_seed0-499_48352cd1,215,56,38,0,1
20260912_215351_529_traffic_scan_env2025_seed0-499_48352cd1,215,56,38,1,1
20260912_215351_529_traffic_scan_env2025_seed0-499_48352cd1,215,56,39,2,1
20260912_215351_529_traffic_scan_env2025_seed0-499_48352cd1,215,56,40,1,1
20260912_215351_529_traffic_scan_env2025_seed0-499_48352cd1,215,56,43,0,1
20260912_215351_529_traffic_scan_env2025_seed0-499_48352cd1,215,56,44,0,1
20260912_215351_529_traffic_scan_env2025_seed0-499_48352cd1,215,56,45,0,1
20260912_215351_529_traffic_scan_env2025_seed0-499_48352cd1,215,56,46,0,1
20260912_215351_529_traffic_scan_env2025_seed0-499_48352cd1,215,56,47,0,1
20260912_215351_529_traffic_scan_env2025_seed0-499_48352cd1,215,56,48,0,3
20260912_215351_529_traffic_scan_env2025_seed0-499_48352cd1,215,56,49,0,2
20260912_215351_529_traffic_scan_env2025_seed0-499_48352cd1,215,56,50,0,1
20260912_215351_529_traffic_scan_env2025_seed0-499_48352cd1,215,56,53,0,1
20260912_215351_529_traffic_scan_env2025_seed0-499_48352cd1,215,56,54,0,3
20260912_215351_529_traffic_scan_env2025_seed0-499_48352cd1,215,56,56,0,1
20260912_215351_529_traffic_scan_env2025_seed0-499_48352cd1,215,56,58,0,1
20260912_215351_529_traffic_scan_env2025_seed0-499_48352cd1,215,57,3,0,2
20260912_215351_529_traffic_scan_env2025_seed0-499_48352cd1,215,57,6,0,1
20260912_215351_529_traffic_scan_env2025_seed0-499_48352cd1,215,57,7,0,1
20260912_215351_529_traffic_scan_env2025_seed0-499_48352cd1,215,57,10,0,1
20260912_215351_529_traffic_scan_env2025_seed0-499_48352cd1,215,57,16,0,1
20260912_215351_529_traffic_scan_env2025_seed0-499_48352cd1,215,57,17,0,2
20260912_215351_529_traffic_scan_env2025_seed0-499_48352cd1,215,57,21,0,1
20260912_215351_529_traffic_scan_env2025_seed0-499_48352cd1,215,57,22,1,1
20260912_215351_529_traffic_scan_env2025_seed0-499_48352cd1,215,57,24,1,1
20260912_215351_529_traffic_scan_env2025_seed0-499_48352cd1,215,57,27,0,1
20260912_215351_529_traffic_scan_env2025_seed0-499_48352cd1,215,57,30,0,2
20260912_215351_529_traffic_scan_env2025_seed0-499_48352cd1,215,57,32,0,1
20260912_215351_529_traffic_scan_env2025_seed0-499_48352cd1,215,57,35,0,1
20260912_215351_529_traffic_scan_env2025_seed0-499_48352cd1,215,57,37,0,1
20260912_215351_529_traffic_scan_env2025_seed0-499_48352cd1,215,57,39,0,1
20260912_215351_529_traffic_scan_env2025_seed0-499_48352cd1,215,57,41,0,1
20260912_215351_529_traffic_scan_env2025_seed0-499_48352cd1,215,57,42,0,1
20260912_215351_529_traffic_scan_env2025_seed0-499_48352cd1,215,57,48,0,1
20260912_215351_529_traffic_scan_env2025_seed0-499_48352cd1,215,57,50,0,1
20260912_215351_529_traffic_scan_env2025_seed0-499_48352cd1,215,57,53,0,1
20260912_215351_529_traffic_scan_env2025_seed0-499_48352cd1,215,57,54,0,2
20260912_215351_529_traffic_scan_env2025_seed0-499_48352cd1,215,57,57,0,1
20260912_215351_529_traffic_scan_env2025_seed0-499_48352cd1,215,58,2,0,1
20260912_215351_529_traffic_scan_env2025_seed0-499_48352cd1,215,58,6,0,2
20260912_215351_529_traffic_scan_env2025_seed0-499_48352cd1,215,58,11,0,1
20260912_215351_529_traffic_scan_env2025_seed0-499_48352cd1,215,58,16,0,1
20260912_215351_529_traffic_scan_env2025_seed0-499_48352cd1,215,58,17,0,1
20260912_215351_529_traffic_scan_env2025_seed0-499_48352cd1,215,58,21,0,1
20260912_215351_529_traffic_scan_env2025_seed0-499_48352cd1,215,58,24,0,1
20260912_215351_529_traffic_scan_env2025_seed0-499_48352cd1,215,58,26,0,1
20260912_215351_529_traffic_scan_env2025_seed0-499_48352cd1,215,58,30,0,1
20260912_215351_529_traffic_scan_env2025_seed0-499_48352cd1,215,58,31,0,1
20260912_215351_529_traffic_scan_env2025_seed0-499_48352cd1,215,58,33,0,1
20260912_215351_529_traffic_scan_env2025_seed0-499_48352cd1,215,58,36,0,1
20260912_215351_529_traffic_scan_env2025_seed0-499_48352cd1,215,58,39,0,1
20260912_215351_529_traffic_scan_env2025_seed0-499_48352cd1,215,58,48,0,1
20260912_215351_529_traffic_scan_env2025_seed0-499_48352cd1,215,58,51,0,1
20260912_215351_529_traffic_scan_env2025_seed0-499_48352cd1,215,58,54,0,1
20260912_215351_529_traffic_scan_env2025_seed0-499_48352cd1,215,59,1,0,1
20260912_215351_529_traffic_scan_env2025_seed0-499_48352cd1,215,59,5,0,1
20260912_215351_529_traffic_scan_env2025_seed0-499_48352cd1,215,59,15,0,1
20260912_215351_529_traffic_scan_env2025_seed0-499_48352cd1,215,59,20,0,1
20260912_215351_529_traffic_scan_env2025_seed0-499_48352cd1,215,59,24,0,1
20260912_215351_529_traffic_scan_env2025_seed0-499_48352cd1,215,59,25,0,1
20260912_215351_529_traffic_scan_env2025_seed0-499_48352cd1,215,59,30,0,1
20260912_215351_529_traffic_scan_env2025_seed0-499_48352cd1,215,59,34,0,1
20260912_215351_529_traffic_scan_env2025_seed0-499_48352cd1,215,59,37,0,1
