run_id,traffic_seed,grid_x,grid_y,grid_z,distinct_flight_count
20260912_215351_529_traffic_scan_env2025_seed0-499_48352cd1,98,0,14,0,1
20260912_215351_529_traffic_scan_env2025_seed0-499_48352cd1,98,0,15,0,1
20260912_215351_529_traffic_scan_env2025_seed0-499_48352cd1,98,0,16,0,1
20260912_215351_529_traffic_scan_env2025_seed0-499_48352cd1,98,0,17,0,1
20260912_215351_529_traffic_scan_env2025_seed0-499_48352cd1,98,0,18,0,1
20260912_215351_529_traffic_scan_env2025_seed0-499_48352cd1,98,0,19,0,1
20260912_215351_529_traffic_scan_env2025_seed0-499_48352cd1,98,0,20,0,1
20260912_215351_529_traffic_scan_env2025_seed0-499_48352cd1,98,0,31,0,1
20260912_215351_529_traffic_scan_env2025_seed0-499_48352cd1,98,0,52,0,1
20260912_215351_529_traffic_scan_env2025_seed0-499_48352cd1,98,0,55,0,2
20260912_215351_529_traffic_scan_env2025_seed0-499_48352cd1,98,1,0,0,1
20260912_215351_529_traffic_scan_env2025_seed0-499_48352cd1,98,1,6,0,1
20260912_215351_529_traffic_scan_env2025_seed0-499_48352cd1,98,1,15,0,1
20260912_215351_529_traffic_scan_env2025_seed0-499_48352cd1,98,1,21,0,2
20260912_215351_529_traffic_scan_env2025_seed0-499_48352cd1,98,1,31,0,1
20260912_215351_529_traffic_scan_env2025_seed0-499_48352cd1,98,1,43,0,1
20260912_215351_529_traffic_scan_env2025_seed0-499_48352cd1,98,1,44,0,1
20260912_215351_529_traffic_scan_env2025_seed0-499_48352cd1,98,1,47,0,1
20260912_215351_529_traffic_scan_env2025_seed0-499_48352cd1,98,1,48,0,1
20260912_215351_529_traffic_scan_env2025_seed0-499_48352cd1,98,1,49,0,1
20260912_215351_529_traffic_scan_env2025_seed0-499_48352cd1,98,1,51,0,1
20260912_215351_529_traffic_scan_env2025_seed0-499_48352cd1,98,1,54,0,1
20260912_215351_529_traffic_scan_env2025_seed0-499_48352cd1,98,1,55,0,2
20260912_215351_529_traffic_scan_env2025_seed0-499_48352cd1,98,2,1,0,1
20260912_215351_529_traffic_scan_env2025_seed0-499_48352cd1,98,2,6,1,1
20260912_215351_529_traffic_scan_env2025_seed0-499_48352cd1,98,2,7,0,1
20260912_215351_529_traffic_scan_env2025_seed0-499_48352cd1,98,2,16,0,1
20260912_215351_529_traffic_scan_env2025_seed0-499_48352cd1,98,2,21,0,1
20260912_215351_529_traffic_scan_env2025_seed0-499_48352cd1,98,2,22,0,1
20260912_215351_529_traffic_scan_env2025_seed0-499_48352cd1,98,2,26,0,1
20260912_215351_529_traffic_scan_env2025_seed0-499_48352cd1,98,2,31,0,1
20260912_215351_529_traffic_scan_env2025_seed0-499_48352cd1,98,2,35,0,1
20260912_215351_529_traffic_scan_env2025_seed0-499_48352cd1,98,2,42,0,1
20260912_215351_529_traffic_scan_env2025_seed0-499_48352cd1,98,2,44,1,1
20260912_215351_529_traffic_scan_env2025_seed0-499_48352cd1,98,2,47,1,1
20260912_215351_529_traffic_scan_env2025_seed0-499_48352cd1,98,2,48,0,1
20260912_215351_529_traffic_scan_env2025_seed0-499_48352cd1,98,2,49,0,3
20260912_215351_529_traffic_scan_env2025_seed0-499_48352cd1,98,2,50,0,1
20260912_215351_529_traffic_scan_env2025_seed0-499_48352cd1,98,2,53,0,1
20260912_215351_529_traffic_scan_env2025_seed0-499_48352cd1,98,2,54,0,2
20260912_215351_529_traffic_scan_env2025_seed0-499_48352cd1,98,3,2,0,1
20260912_215351_529_traffic_scan_env2025_seed0-499_48352cd1,98,3,6,0,1
20260912_215351_529_traffic_scan_env2025_seed0-499_48352cd1,98,3,8,0,1
20260912_215351_529_traffic_scan_env2025_seed0-499_48352cd1,98,3,9,0,1
20260912_215351_529_traffic_scan_env2025_seed0-499_48352cd1,98,3,11,0,1
20260912_215351_529_traffic_scan_env2025_seed0-499_48352cd1,98,3,15,0,1
20260912_215351_529_traffic_scan_env2025_seed0-499_48352cd1,98,3,17,0,1
20260912_215351_529_traffic_scan_env2025_seed0-499_48352cd1,98,3,21,0,1
20260912_215351_529_traffic_scan_env2025_seed0-499_48352cd1,98,3,23,0,1
20260912_215351_529_traffic_scan_env2025_seed0-499_48352cd1,98,3,26,0,1
20260912_215351_529_traffic_scan_env2025_seed0-499_48352cd1,98,3,28,0,1
20260912_215351_529_traffic_scan_env2025_seed0-499_48352cd1,98,3,31,0,1
20260912_215351_529_traffic_scan_env2025_seed0-499_48352cd1,98,3,35,0,1
20260912_215351_529_traffic_scan_env2025_seed0-499_48352cd1,98,3,37,0,1
20260912_215351_529_traffic_scan_env2025_seed0-499_48352cd1,98,3,40,0,1
20260912_215351_529_traffic_scan_env2025_seed0-499_48352cd1,98,3,41,0,1
20260912_215351_529_traffic_scan_env2025_seed0-499_48352cd1,98,3,43,0,1
20260912_215351_529_traffic_scan_env2025_seed0-499_48352cd1,98,3,44,1,1
20260912_215351_529_traffic_scan_env2025_seed0-499_48352cd1,98,3,47,0,1
20260912_215351_529_traffic_scan_env2025_seed0-499_48352cd1,98,3,48,0,3
20260912_215351_529_traffic_scan_env2025_seed0-499_48352cd1,98,3,49,0,2
20260912_215351_529_traffic_scan_env2025_seed0-499_48352cd1,98,3,52,0,1
20260912_215351_529_traffic_scan_env2025_seed0-499_48352cd1,98,3,54,0,2
20260912_215351_529_traffic_scan_env2025_seed0-499_48352cd1,98,3,58,0,1
20260912_215351_529_traffic_scan_env2025_seed0-499_48352cd1,98,4,2,0,2
20260912_215351_529_traffic_scan_env2025_seed0-499_48352cd1,98,4,3,0,1
20260912_215351_529_traffic_scan_env2025_seed0-499_48352cd1,98,4,6,1,1
20260912_215351_529_traffic_scan_env2025_seed0-499_48352cd1,98,4,8,0,2
20260912_215351_529_traffic_scan_env2025_seed0-499_48352cd1,98,4,9,1,1
20260912_215351_529_traffic_scan_env2025_seed0-499_48352cd1,98,4,10,0,1
20260912_215351_529_traffic_scan_env2025_seed0-499_48352cd1,98,4,11,0,2
20260912_215351_529_traffic_scan_env2025_seed0-499_48352cd1,98,4,15,0,1
20260912_215351_529_traffic_scan_env2025_seed0-499_48352cd1,98,4,18,0,1
20260912_215351_529_traffic_scan_env2025_seed0-499_48352cd1,98,4,19,0,1
20260912_215351_529_traffic_scan_env2025_seed0-499_48352cd1,98,4,20,0,2
20260912_215351_529_traffic_scan_env2025_seed0-499_48352cd1,98,4,21,0,2
20260912_215351_529_traffic_scan_env2025_seed0-499_48352cd1,98,4,22,0,1
20260912_215351_529_traffic_scan_env2025_seed0-499_48352cd1,98,4,23,0,1
20260912_215351_529_traffic_scan_env2025_seed0-499_48352cd1,98,4,24,0,1
20260912_215351_529_traffic_scan_env2025_seed0-499_48352cd1,98,4,24,1,1
20260912_215351_529_traffic_scan_env2025_seed0-499_48352cd1,98,4,25,0,2
20260912_215351_529_traffic_scan_env2025_seed0-499_48352cd1,98,4,25,1,1
20260912_215351_529_traffic_scan_env2025_seed0-499_48352cd1,98,4,26,0,1
20260912_215351_529_traffic_scan_env2025_seed0-499_48352cd1,98,4,26,1,1
20260912_215351_529_traffic_scan_env2025_seed0-499_48352cd1,98,4,27,0,1
20260912_215351_529_traffic_scan_env2025_seed0-499_48352cd1,98,4,28,0,2
20260912_215351_529_traffic_scan_env2025_seed0-499_48352cd1,98,4,31,0,1
20260912_215351_529_traffic_scan_env2025_seed0-499_48352cd1,98,4,35,0,1
20260912_215351_529_traffic_scan_env2025_seed0-499_48352cd1,98,4,37,0,1
20260912_215351_529_traffic_scan_env2025_seed0-499_48352cd1,98,4,38,0,1
20260912_215351_529_traffic_scan_env2025_seed0-499_48352cd1,98,4,39,0,1
20260912_215351_529_traffic_scan_env2025_seed0-499_48352cd1,98,4,40,0,2
20260912_215351_529_traffic_scan_env2025_seed0-499_48352cd1,98,4,43,0,1
20260912_215351_529_traffic_scan_env2025_seed0-499_48352cd1,98,4,44,1,1
20260912_215351_529_traffic_scan_env2025_seed0-499_48352cd1,98,4,47,0,4
20260912_215351_529_traffic_scan_env2025_seed0-499_48352cd1,98,4,48,0,2
20260912_215351_529_traffic_scan_env2025_seed0-499_48352cd1,98,4,49,0,1
20260912_215351_529_traffic_scan_env2025_seed0-499_48352cd1,98,4,51,0,1
20260912_215351_529_traffic_scan_env2025_seed0-499_48352cd1,98,4,54,0,1
20260912_215351_529_traffic_scan_env2025_seed0-499_48352cd1,98,4,55,0,1
20260912_215351_529_traffic_scan_env2025_seed0-499_48352cd1,98,4,56,0,1
20260912_215351_529_traffic_scan_env2025_seed0-499_48352cd1,98,4,57,0,1
20260912_215351_529_traffic_scan_env2025_seed0-499_48352cd1,98,5,1,0,1
20260912_215351_529_traffic_scan_env2025_seed0-499_48352cd1,98,5,2,0,1
20260912_215351_529_traffic_scan_env2025_seed0-499_48352cd1,98,5,3,0,2
20260912_215351_529_traffic_scan_env2025_seed0-499_48352cd1,98,5,4,0,2
20260912_215351_529_traffic_scan_env2025_seed0-499_48352cd1,98,5,5,0,1
20260912_215351_529_traffic_scan_env2025_seed0-499_48352cd1,98,5,6,0,2
20260912_215351_529_traffic_scan_env2025_seed0-499_48352cd1,98,5,7,0,2
20260912_215351_529_traffic_scan_env2025_seed0-499_48352cd1,98,5,9,0,2
20260912_215351_529_traffic_scan_env2025_seed0-499_48352cd1,98,5,10,0,3
20260912_215351_529_traffic_scan_env2025_seed0-499_48352cd1,98,5,10,1,1
20260912_215351_529_traffic_scan_env2025_seed0-499_48352cd1,98,5,12,0,2
20260912_215351_529_traffic_scan_env2025_seed0-499_48352cd1,98,5,13,0,1
20260912_215351_529_traffic_scan_env2025_seed0-499_48352cd1,98,5,14,0,1
20260912_215351_529_traffic_scan_env2025_seed0-499_48352cd1,98,5,15,0,1
20260912_215351_529_traffic_scan_env2025_seed0-499_48352cd1,98,5,19,0,1
20260912_215351_529_traffic_scan_env2025_seed0-499_48352cd1,98,5,20,0,1
20260912_215351_529_traffic_scan_env2025_seed0-499_48352cd1,98,5,21,0,1
20260912_215351_529_traffic_scan_env2025_seed0-499_48352cd1,98,5,24,0,1
20260912_215351_529_traffic_scan_env2025_seed0-499_48352cd1,98,5,27,0,1
20260912_215351_529_traffic_scan_env2025_seed0-499_48352cd1,98,5,27,1,1
20260912_215351_529_traffic_scan_env2025_seed0-499_48352cd1,98,5,28,0,3
20260912_215351_529_traffic_scan_env2025_seed0-499_48352cd1,98,5,31,0,1
20260912_215351_529_traffic_scan_env2025_seed0-499_48352cd1,98,5,35,0,1
20260912_215351_529_traffic_scan_env2025_seed0-499_48352cd1,98,5,36,0,1
20260912_215351_529_traffic_scan_env2025_seed0-499_48352cd1,98,5,39,1,4
20260912_215351_529_traffic_scan_env2025_seed0-499_48352cd1,98,5,41,2,1
20260912_215351_529_traffic_scan_env2025_seed0-499_48352cd1,98,5,42,2,1
20260912_215351_529_traffic_scan_env2025_seed0-499_48352cd1,98,5,43,0,1
20260912_215351_529_traffic_scan_env2025_seed0-499_48352cd1,98,5,43,1,1
20260912_215351_529_traffic_scan_env2025_seed0-499_48352cd1,98,5,44,1,2
20260912_215351_529_traffic_scan_env2025_seed0-499_48352cd1,98,5,45,0,1
20260912_215351_529_traffic_scan_env2025_seed0-499_48352cd1,98,5,46,0,4
20260912_215351_529_traffic_scan_env2025_seed0-499_48352cd1,98,5,47,0,3
20260912_215351_529_traffic_scan_env2025_seed0-499_48352cd1,98,5,48,0,2
20260912_215351_529_traffic_scan_env2025_seed0-499_48352cd1,98,5,49,0,2
20260912_215351_529_traffic_scan_env2025_seed0-499_48352cd1,98,5,50,0,2
20260912_215351_529_traffic_scan_env2025_seed0-499_48352cd1,98,5,51,0,2
20260912_215351_529_traffic_scan_env2025_seed0-499_48352cd1,98,5,53,0,1
20260912_215351_529_traffic_scan_env2025_seed0-499_48352cd1,98,5,55,0,1
20260912_215351_529_traffic_scan_env2025_seed0-499_48352cd1,98,5,56,0,2
20260912_215351_529_traffic_scan_env2025_seed0-499_48352cd1,98,6,2,0,2
20260912_215351_529_traffic_scan_env2025_seed0-499_48352cd1,98,6,4,0,2
20260912_215351_529_traffic_scan_env2025_seed0-499_48352cd1,98,6,5,0,1
20260912_215351_529_traffic_scan_env2025_seed0-499_48352cd1,98,6,6,0,1
20260912_215351_529_traffic_scan_env2025_seed0-499_48352cd1,98,6,11,0,1
20260912_215351_529_traffic_scan_env2025_seed0-499_48352cd1,98,6,11,1,2
20260912_215351_529_traffic_scan_env2025_seed0-499_48352cd1,98,6,12,1,2
20260912_215351_529_traffic_scan_env2025_seed0-499_48352cd1,98,6,13,0,1
20260912_215351_529_traffic_scan_env2025_seed0-499_48352cd1,98,6,13,1,1
20260912_215351_529_traffic_scan_env2025_seed0-499_48352cd1,98,6,14,1,2
20260912_215351_529_traffic_scan_env2025_seed0-499_48352cd1,98,6,15,0,2
20260912_215351_529_traffic_scan_env2025_seed0-499_48352cd1,98,6,15,1,2
20260912_215351_529_traffic_scan_env2025_seed0-499_48352cd1,98,6,16,0,1
20260912_215351_529_traffic_scan_env2025_seed0-499_48352cd1,98,6,16,1,2
20260912_215351_529_traffic_scan_env2025_seed0-499_48352cd1,98,6,17,1,2
20260912_215351_529_traffic_scan_env2025_seed0-499_48352cd1,98,6,18,1,2
20260912_215351_529_traffic_scan_env2025_seed0-499_48352cd1,98,6,19,0,1
20260912_215351_529_traffic_scan_env2025_seed0-499_48352cd1,98,6,19,1,2
20260912_215351_529_traffic_scan_env2025_seed0-499_48352cd1,98,6,20,0,4
20260912_215351_529_traffic_scan_env2025_seed0-499_48352cd1,98,6,20,1,3
20260912_215351_529_traffic_scan_env2025_seed0-499_48352cd1,98,6,21,0,2
20260912_215351_529_traffic_scan_env2025_seed0-499_48352cd1,98,6,21,1,2
20260912_215351_529_traffic_scan_env2025_seed0-499_48352cd1,98,6,22,0,2
20260912_215351_529_traffic_scan_env2025_seed0-499_48352cd1,98,6,22,1,2
20260912_215351_529_traffic_scan_env2025_seed0-499_48352cd1,98,6,23,0,2
20260912_215351_529_traffic_scan_env2025_seed0-499_48352cd1,98,6,23,1,2
20260912_215351_529_traffic_scan_env2025_seed0-499_48352cd1,98,6,24,1,2
20260912_215351_529_traffic_scan_env2025_seed0-499_48352cd1,98,6,25,1,2
20260912_215351_529_traffic_scan_env2025_seed0-499_48352cd1,98,6,26,1,2
20260912_215351_529_traffic_scan_env2025_seed0-499_48352cd1,98,6,27,0,1
20260912_215351_529_traffic_scan_env2025_seed0-499_48352cd1,98,6,27,1,2
20260912_215351_529_traffic_scan_env2025_seed0-499_48352cd1,98,6,28,0,3
20260912_215351_529_traffic_scan_env2025_seed0-499_48352cd1,98,6,28,1,3
20260912_215351_529_traffic_scan_env2025_seed0-499_48352cd1,98,6,29,0,1
20260912_215351_529_traffic_scan_env2025_seed0-499_48352cd1,98,6,29,1,1
20260912_215351_529_traffic_scan_env2025_seed0-499_48352cd1,98,6,30,1,1
20260912_215351_529_traffic_scan_env2025_seed0-499_48352cd1,98,6,31,0,1
20260912_215351_529_traffic_scan_env2025_seed0-499_48352cd1,98,6,31,1,1
20260912_215351_529_traffic_scan_env2025_seed0-499_48352cd1,98,6,32,2,1
20260912_215351_529_traffic_scan_env2025_seed0-499_48352cd1,98,6,33,1,1
20260912_215351_529_traffic_scan_env2025_seed0-499_48352cd1,98,6,34,1,1
20260912_215351_529_traffic_scan_env2025_seed0-499_48352cd1,98,6,35,0,1
20260912_215351_529_traffic_scan_env2025_seed0-499_48352cd1,98,6,35,1,1
20260912_215351_529_traffic_scan_env2025_seed0-499_48352cd1,98,6,36,0,1
20260912_215351_529_traffic_scan_env2025_seed0-499_48352cd1,98,6,36,1,1
20260912_215351_529_traffic_scan_env2025_seed0-499_48352cd1,98,6,37,2,1
20260912_215351_529_traffic_scan_env2025_seed0-499_48352cd1,98,6,38,2,5
20260912_215351_529_traffic_scan_env2025_seed0-499_48352cd1,98,6,39,1,1
20260912_215351_529_traffic_scan_env2025_seed0-499_48352cd1,98,6,40,1,1
20260912_215351_529_traffic_scan_env2025_seed0-499_48352cd1,98,6,43,0,1
20260912_215351_529_traffic_scan_env2025_seed0-499_48352cd1,98,6,44,1,1
20260912_215351_529_traffic_scan_env2025_seed0-499_48352cd1,98,6,45,0,3
20260912_215351_529_traffic_scan_env2025_seed0-499_48352cd1,98,6,46,0,2
20260912_215351_529_traffic_scan_env2025_seed0-499_48352cd1,98,6,47,0,1
20260912_215351_529_traffic_scan_env2025_seed0-499_48352cd1,98,6,48,0,2
20260912_215351_529_traffic_scan_env2025_seed0-499_48352cd1,98,6,49,0,2
20260912_215351_529_traffic_scan_env2025_seed0-499_48352cd1,98,6,50,0,1
20260912_215351_529_traffic_scan_env2025_seed0-499_48352cd1,98,6,53,0,1
20260912_215351_529_traffic_scan_env2025_seed0-499_48352cd1,98,6,54,0,1
20260912_215351_529_traffic_scan_env2025_seed0-499_48352cd1,98,6,55,0,2
20260912_215351_529_traffic_scan_env2025_seed0-499_48352cd1,98,6,56,0,1
20260912_215351_529_traffic_scan_env2025_seed0-499_48352cd1,98,7,2,0,1
20260912_215351_529_traffic_scan_env2025_seed0-499_48352cd1,98,7,3,0,1
20260912_215351_529_traffic_scan_env2025_seed0-499_48352cd1,98,7,5,0,2
20260912_215351_529_traffic_scan_env2025_seed0-499_48352cd1,98,7,6,0,2
20260912_215351_529_traffic_scan_env2025_seed0-499_48352cd1,98,7,9,0,1
20260912_215351_529_traffic_scan_env2025_seed0-499_48352cd1,98,7,10,0,1
20260912_215351_529_traffic_scan_env2025_seed0-499_48352cd1,98,7,11,0,1
20260912_215351_529_traffic_scan_env2025_seed0-499_48352cd1,98,7,13,2,2
20260912_215351_529_traffic_scan_env2025_seed0-499_48352cd1,98,7,14,0,1
20260912_215351_529_traffic_scan_env2025_seed0-499_48352cd1,98,7,15,0,1
20260912_215351_529_traffic_scan_env2025_seed0-499_48352cd1,98,7,17,1,1
20260912_215351_529_traffic_scan_env2025_seed0-499_48352cd1,98,7,19,0,4
20260912_215351_529_traffic_scan_env2025_seed0-499_48352cd1,98,7,20,2,1
20260912_215351_529_traffic_scan_env2025_seed0-499_48352cd1,98,7,24,0,1
20260912_215351_529_traffic_scan_env2025_seed0-499_48352cd1,98,7,27,0,1
20260912_215351_529_traffic_scan_env2025_seed0-499_48352cd1,98,7,28,1,2
20260912_215351_529_traffic_scan_env2025_seed0-499_48352cd1,98,7,29,0,1
20260912_215351_529_traffic_scan_env2025_seed0-499_48352cd1,98,7,29,1,2
20260912_215351_529_traffic_scan_env2025_seed0-499_48352cd1,98,7,30,0,1
20260912_215351_529_traffic_scan_env2025_seed0-499_48352cd1,98,7,31,0,1
20260912_215351_529_traffic_scan_env2025_seed0-499_48352cd1,98,7,35,0,1
20260912_215351_529_traffic_scan_env2025_seed0-499_48352cd1,98,7,36,0,1
20260912_215351_529_traffic_scan_env2025_seed0-499_48352cd1,98,7,37,2,4
20260912_215351_529_traffic_scan_env2025_seed0-499_48352cd1,98,7,43,0,2
20260912_215351_529_traffic_scan_env2025_seed0-499_48352cd1,98,7,44,0,3
20260912_215351_529_traffic_scan_env2025_seed0-499_48352cd1,98,7,44,1,1
20260912_215351_529_traffic_scan_env2025_seed0-499_48352cd1,98,7,45,0,2
20260912_215351_529_traffic_scan_env2025_seed0-499_48352cd1,98,7,47,0,3
20260912_215351_529_traffic_scan_env2025_seed0-499_48352cd1,98,7,48,0,2
20260912_215351_529_traffic_scan_env2025_seed0-499_48352cd1,98,7,49,0,2
20260912_215351_529_traffic_scan_env2025_seed0-499_48352cd1,98,7,52,0,1
20260912_215351_529_traffic_scan_env2025_seed0-499_48352cd1,98,7,53,0,1
20260912_215351_529_traffic_scan_env2025_seed0-499_48352cd1,98,7,54,0,1
20260912_215351_529_traffic_scan_env2025_seed0-499_48352cd1,98,7,55,0,2
20260912_215351_529_traffic_scan_env2025_seed0-499_48352cd1,98,8,1,0,1
20260912_215351_529_traffic_scan_env2025_seed0-499_48352cd1,98,8,2,0,3
20260912_215351_529_traffic_scan_env2025_seed0-499_48352cd1,98,8,3,0,1
20260912_215351_529_traffic_scan_env2025_seed0-499_48352cd1,98,8,4,0,2
20260912_215351_529_traffic_scan_env2025_seed0-499_48352cd1,98,8,5,0,2
20260912_215351_529_traffic_scan_env2025_seed0-499_48352cd1,98,8,6,0,3
20260912_215351_529_traffic_scan_env2025_seed0-499_48352cd1,98,8,6,1,1
20260912_215351_529_traffic_scan_env2025_seed0-499_48352cd1,98,8,7,0,2
20260912_215351_529_traffic_scan_env2025_seed0-499_48352cd1,98,8,8,0,2
20260912_215351_529_traffic_scan_env2025_seed0-499_48352cd1,98,8,9,0,1
20260912_215351_529_traffic_scan_env2025_seed0-499_48352cd1,98,8,11,1,2
20260912_215351_529_traffic_scan_env2025_seed0-499_48352cd1,98,8,12,0,1
20260912_215351_529_traffic_scan_env2025_seed0-499_48352cd1,98,8,12,1,2
20260912_215351_529_traffic_scan_env2025_seed0-499_48352cd1,98,8,13,2,1
20260912_215351_529_traffic_scan_env2025_seed0-499_48352cd1,98,8,14,1,2
20260912_215351_529_traffic_scan_env2025_seed0-499_48352cd1,98,8,15,0,2
20260912_215351_529_traffic_scan_env2025_seed0-499_48352cd1,98,8,15,1,1
20260912_215351_529_traffic_scan_env2025_seed0-499_48352cd1,98,8,16,1,1
20260912_215351_529_traffic_scan_env2025_seed0-499_48352cd1,98,8,17,1,1
20260912_215351_529_traffic_scan_env2025_seed0-499_48352cd1,98,8,18,0,2
20260912_215351_529_traffic_scan_env2025_seed0-499_48352cd1,98,8,18,1,2
20260912_215351_529_traffic_scan_env2025_seed0-499_48352cd1,98,8,19,0,2
20260912_215351_529_traffic_scan_env2025_seed0-499_48352cd1,98,8,19,1,1
20260912_215351_529_traffic_scan_env2025_seed0-499_48352cd1,98,8,20,2,2
20260912_215351_529_traffic_scan_env2025_seed0-499_48352cd1,98,8,21,2,1
20260912_215351_529_traffic_scan_env2025_seed0-499_48352cd1,98,8,22,2,1
20260912_215351_529_traffic_scan_env2025_seed0-499_48352cd1,98,8,23,2,1
20260912_215351_529_traffic_scan_env2025_seed0-499_48352cd1,98,8,24,1,1
20260912_215351_529_traffic_scan_env2025_seed0-499_48352cd1,98,8,25,0,1
20260912_215351_529_traffic_scan_env2025_seed0-499_48352cd1,98,8,25,1,1
20260912_215351_529_traffic_scan_env2025_seed0-499_48352cd1,98,8,26,1,1
20260912_215351_529_traffic_scan_env2025_seed0-499_48352cd1,98,8,27,0,1
20260912_215351_529_traffic_scan_env2025_seed0-499_48352cd1,98,8,27,1,1
20260912_215351_529_traffic_scan_env2025_seed0-499_48352cd1,98,8,28,0,2
20260912_215351_529_traffic_scan_env2025_seed0-499_48352cd1,98,8,28,1,1
20260912_215351_529_traffic_scan_env2025_seed0-499_48352cd1,98,8,30,0,2
20260912_215351_529_traffic_scan_env2025_seed0-499_48352cd1,98,8,30,1,2
20260912_215351_529_traffic_scan_env2025_seed0-499_48352cd1,98,8,32,0,1
20260912_215351_529_traffic_scan_env2025_seed0-499_48352cd1,98,8,34,1,1
20260912_215351_529_traffic_scan_env2025_seed0-499_48352cd1,98,8,36,0,1
20260912_215351_529_traffic_scan_env2025_seed0-499_48352cd1,98,8,36,1,4
20260912_215351_529_traffic_scan_env2025_seed0-499_48352cd1,98,8,43,0,4
20260912_215351_529_traffic_scan_env2025_seed0-499_48352cd1,98,8,44,0,3
20260912_215351_529_traffic_scan_env2025_seed0-499_48352cd1,98,8,44,1,1
20260912_215351_529_traffic_scan_env2025_seed0-499_48352cd1,98,8,46,0,2
20260912_215351_529_traffic_scan_env2025_seed0-499_48352cd1,98,8,46,1,1
20260912_215351_529_traffic_scan_env2025_seed0-499_48352cd1,98,8,49,0,3
20260912_215351_529_traffic_scan_env2025_seed0-499_48352cd1,98,8,51,0,3
20260912_215351_529_traffic_scan_env2025_seed0-499_48352cd1,98,8,52,0,1
20260912_215351_529_traffic_scan_env2025_seed0-499_48352cd1,98,8,53,0,1
20260912_215351_529_traffic_scan_env2025_seed0-499_48352cd1,98,8,54,1,1
20260912_215351_529_traffic_scan_env2025_seed0-499_48352cd1,98,8,55,0,1
20260912_215351_529_traffic_scan_env2025_seed0-499_48352cd1,98,9,2,0,1
20260912_215351_529_traffic_scan_env2025_seed0-499_48352cd1,98,9,3,0,1
20260912_215351_529_traffic_scan_env2025_seed0-499_48352cd1,98,9,4,0,2
20260912_215351_529_traffic_scan_env2025_seed0-499_48352cd1,98,9,6,0,3
20260912_215351_529_traffic_scan_env2025_seed0-499_48352cd1,98,9,6,1,1
20260912_215351_529_traffic_scan_env2025_seed0-499_48352cd1,98,9,7,0,4
20260912_215351_529_traffic_scan_env2025_seed0-499_48352cd1,98,9,8,0,3
20260912_215351_529_traffic_scan_env2025_seed0-499_48352cd1,98,9,9,0,4
20260912_215351_529_traffic_scan_env2025_seed0-499_48352cd1,98,9,9,1,1
20260912_215351_529_traffic_scan_env2025_seed0-499_48352cd1,98,9,10,0,2
20260912_215351_529_traffic_scan_env2025_seed0-499_48352cd1,98,9,10,1,1
20260912_215351_529_traffic_scan_env2025_seed0-499_48352cd1,98,9,11,0,2
20260912_215351_529_traffic_scan_env2025_seed0-499_48352cd1,98,9,12,0,2
20260912_215351_529_traffic_scan_env2025_seed0-499_48352cd1,98,9,15,0,1
20260912_215351_529_traffic_scan_env2025_seed0-499_48352cd1,98,9,15,1,1
20260912_215351_529_traffic_scan_env2025_seed0-499_48352cd1,98,9,16,0,1
20260912_215351_529_traffic_scan_env2025_seed0-499_48352cd1,98,9,17,0,2
20260912_215351_529_traffic_scan_env2025_seed0-499_48352cd1,98,9,19,1,1
20260912_215351_529_traffic_scan_env2025_seed0-499_48352cd1,98,9,20,0,2
20260912_215351_529_traffic_scan_env2025_seed0-499_48352cd1,98,9,21,1,1
20260912_215351_529_traffic_scan_env2025_seed0-499_48352cd1,98,9,22,0,1
20260912_215351_529_traffic_scan_env2025_seed0-499_48352cd1,98,9,26,0,1
20260912_215351_529_traffic_scan_env2025_seed0-499_48352cd1,98,9,27,0,1
20260912_215351_529_traffic_scan_env2025_seed0-499_48352cd1,98,9,29,0,2
20260912_215351_529_traffic_scan_env2025_seed0-499_48352cd1,98,9,29,1,1
20260912_215351_529_traffic_scan_env2025_seed0-499_48352cd1,98,9,30,1,1
20260912_215351_529_traffic_scan_env2025_seed0-499_48352cd1,98,9,31,0,2
20260912_215351_529_traffic_scan_env2025_seed0-499_48352cd1,98,9,31,1,4
20260912_215351_529_traffic_scan_env2025_seed0-499_48352cd1,98,9,35,2,5
20260912_215351_529_traffic_scan_env2025_seed0-499_48352cd1,98,9,37,0,1
20260912_215351_529_traffic_scan_env2025_seed0-499_48352cd1,98,9,38,1,1
20260912_215351_529_traffic_scan_env2025_seed0-499_48352cd1,98,9,39,1,1
20260912_215351_529_traffic_scan_env2025_seed0-499_48352cd1,98,9,40,1,1
20260912_215351_529_traffic_scan_env2025_seed0-499_48352cd1,98,9,41,2,1
20260912_215351_529_traffic_scan_env2025_seed0-499_48352cd1,98,9,42,0,3
20260912_215351_529_traffic_scan_env2025_seed0-499_48352cd1,98,9,42,1,1
20260912_215351_529_traffic_scan_env2025_seed0-499_48352cd1,98,9,43,0,3
20260912_215351_529_traffic_scan_env2025_seed0-499_48352cd1,98,9,43,1,1
20260912_215351_529_traffic_scan_env2025_seed0-499_48352cd1,98,9,44,0,1
20260912_215351_529_traffic_scan_env2025_seed0-499_48352cd1,98,9,44,1,2
20260912_215351_529_traffic_scan_env2025_seed0-499_48352cd1,98,9,45,0,3
20260912_215351_529_traffic_scan_env2025_seed0-499_48352cd1,98,9,45,1,1
20260912_215351_529_traffic_scan_env2025_seed0-499_48352cd1,98,9,46,1,2
20260912_215351_529_traffic_scan_env2025_seed0-499_48352cd1,98,9,47,1,1
20260912_215351_529_traffic_scan_env2025_seed0-499_48352cd1,98,9,48,0,1
20260912_215351_529_traffic_scan_env2025_seed0-499_48352cd1,98,9,48,1,2
20260912_215351_529_traffic_scan_env2025_seed0-499_48352cd1,98,9,49,1,1
20260912_215351_529_traffic_scan_env2025_seed0-499_48352cd1,98,9,50,0,3
20260912_215351_529_traffic_scan_env2025_seed0-499_48352cd1,98,9,50,1,1
20260912_215351_529_traffic_scan_env2025_seed0-499_48352cd1,98,9,52,0,2
20260912_215351_529_traffic_scan_env2025_seed0-499_48352cd1,98,9,54,1,1
20260912_215351_529_traffic_scan_env2025_seed0-499_48352cd1,98,9,56,0,1
20260912_215351_529_traffic_scan_env2025_seed0-499_48352cd1,98,10,2,0,1
20260912_215351_529_traffic_scan_env2025_seed0-499_48352cd1,98,10,4,0,2
20260912_215351_529_traffic_scan_env2025_seed0-499_48352cd1,98,10,6,1,2
20260912_215351_529_traffic_scan_env2025_seed0-499_48352cd1,98,10,8,0,2
20260912_215351_529_traffic_scan_env2025_seed0-499_48352cd1,98,10,8,1,1
20260912_215351_529_traffic_scan_env2025_seed0-499_48352cd1,98,10,9,0,2
20260912_215351_529_traffic_scan_env2025_seed0-499_48352cd1,98,10,10,0,1
20260912_215351_529_traffic_scan_env2025_seed0-499_48352cd1,98,10,12,1,1
20260912_215351_529_traffic_scan_env2025_seed0-499_48352cd1,98,10,13,0,2
20260912_215351_529_traffic_scan_env2025_seed0-499_48352cd1,98,10,13,1,1
20260912_215351_529_traffic_scan_env2025_seed0-499_48352cd1,98,10,14,1,1
20260912_215351_529_traffic_scan_env2025_seed0-499_48352cd1,98,10,15,0,1
20260912_215351_529_traffic_scan_env2025_seed0-499_48352cd1,98,10,15,1,1
20260912_215351_529_traffic_scan_env2025_seed0-499_48352cd1,98,10,16,0,2
20260912_215351_529_traffic_scan_env2025_seed0-499_48352cd1,98,10,16,1,2
20260912_215351_529_traffic_scan_env2025_seed0-499_48352cd1,98,10,17,0,1
20260912_215351_529_traffic_scan_env2025_seed0-499_48352cd1,98,10,17,1,1
20260912_215351_529_traffic_scan_env2025_seed0-499_48352cd1,98,10,18,1,1
20260912_215351_529_traffic_scan_env2025_seed0-499_48352cd1,98,10,19,1,1
20260912_215351_529_traffic_scan_env2025_seed0-499_48352cd1,98,10,20,0,3
20260912_215351_529_traffic_scan_env2025_seed0-499_48352cd1,98,10,20,1,1
20260912_215351_529_traffic_scan_env2025_seed0-499_48352cd1,98,10,20,2,1
20260912_215351_529_traffic_scan_env2025_seed0-499_48352cd1,98,10,21,3,1
20260912_215351_529_traffic_scan_env2025_seed0-499_48352cd1,98,10,22,2,1
20260912_215351_529_traffic_scan_env2025_seed0-499_48352cd1,98,10,23,0,1
20260912_215351_529_traffic_scan_env2025_seed0-499_48352cd1,98,10,23,1,1
20260912_215351_529_traffic_scan_env2025_seed0-499_48352cd1,98,10,24,1,1
20260912_215351_529_traffic_scan_env2025_seed0-499_48352cd1,98,10,25,1,1
20260912_215351_529_traffic_scan_env2025_seed0-499_48352cd1,98,10,26,0,1
20260912_215351_529_traffic_scan_env2025_seed0-499_48352cd1,98,10,26,1,1
20260912_215351_529_traffic_scan_env2025_seed0-499_48352cd1,98,10,28,0,2
20260912_215351_529_traffic_scan_env2025_seed0-499_48352cd1,98,10,28,1,1
20260912_215351_529_traffic_scan_env2025_seed0-499_48352cd1,98,10,32,0,2
20260912_215351_529_traffic_scan_env2025_seed0-499_48352cd1,98,10,32,1,4
20260912_215351_529_traffic_scan_env2025_seed0-499_48352cd1,98,10,33,0,1
20260912_215351_529_traffic_scan_env2025_seed0-499_48352cd1,98,10,33,1,4
20260912_215351_529_traffic_scan_env2025_seed0-499_48352cd1,98,10,34,0,1
20260912_215351_529_traffic_scan_env2025_seed0-499_48352cd1,98,10,34,1,6
20260912_215351_529_traffic_scan_env2025_seed0-499_48352cd1,98,10,35,2,2
20260912_215351_529_traffic_scan_env2025_seed0-499_48352cd1,98,10,36,2,1
20260912_215351_529_traffic_scan_env2025_seed0-499_48352cd1,98,10,37,0,1
20260912_215351_529_traffic_scan_env2025_seed0-499_48352cd1,98,10,37,1,1
20260912_215351_529_traffic_scan_env2025_seed0-499_48352cd1,98,10,40,0,3
20260912_215351_529_traffic_scan_env2025_seed0-499_48352cd1,98,10,41,0,4
20260912_215351_529_traffic_scan_env2025_seed0-499_48352cd1,98,10,42,0,2
20260912_215351_529_traffic_scan_env2025_seed0-499_48352cd1,98,10,43,0,1
20260912_215351_529_traffic_scan_env2025_seed0-499_48352cd1,98,10,43,1,1
20260912_215351_529_traffic_scan_env2025_seed0-499_48352cd1,98,10,44,0,2
20260912_215351_529_traffic_scan_env2025_seed0-499_48352cd1,98,10,44,1,1
20260912_215351_529_traffic_scan_env2025_seed0-499_48352cd1,98,10,46,0,1
20260912_215351_529_traffic_scan_env2025_seed0-499_48352cd1,98,10,46,1,1
20260912_215351_529_traffic_scan_env2025_seed0-499_48352cd1,98,10,47,0,1
20260912_215351_529_traffic_scan_env2025_seed0-499_48352cd1,98,10,48,0,1
20260912_215351_529_traffic_scan_env2025_seed0-499_48352cd1,98,10,48,1,1
20260912_215351_529_traffic_scan_env2025_seed0-499_48352cd1,98,10,49,0,1
20260912_215351_529_traffic_scan_env2025_seed0-499_48352cd1,98,10,50,0,2
20260912_215351_529_traffic_scan_env2025_seed0-499_48352cd1,98,10,50,1,1
20260912_215351_529_traffic_scan_env2025_seed0-499_48352cd1,98,10,51,0,3
20260912_215351_529_traffic_scan_env2025_seed0-499_48352cd1,98,10,52,0,2
20260912_215351_529_traffic_scan_env2025_seed0-499_48352cd1,98,10,53,0,1
20260912_215351_529_traffic_scan_env2025_seed0-499_48352cd1,98,10,54,0,1
20260912_215351_529_traffic_scan_env2025_seed0-499_48352cd1,98,10,54,1,1
20260912_215351_529_traffic_scan_env2025_seed0-499_48352cd1,98,10,55,0,1
20260912_215351_529_traffic_scan_env2025_seed0-499_48352cd1,98,10,56,0,2
20260912_215351_529_traffic_scan_env2025_seed0-499_48352cd1,98,10,57,0,1
20260912_215351_529_traffic_scan_env2025_seed0-499_48352cd1,98,10,58,0,1
20260912_215351_529_traffic_scan_env2025_seed0-499_48352cd1,98,11,2,0,1
20260912_215351_529_traffic_scan_env2025_seed0-499_48352cd1,98,11,5,1,3
20260912_215351_529_traffic_scan_env2025_seed0-499_48352cd1,98,11,6,1,2
20260912_215351_529_traffic_scan_env2025_seed0-499_48352cd1,98,11,7,1,1
20260912_215351_529_traffic_scan_env2025_seed0-499_48352cd1,98,11,9,0,3
20260912_215351_529_traffic_scan_env2025_seed0-499_48352cd1,98,11,10,0,1
20260912_215351_529_traffic_scan_env2025_seed0-499_48352cd1,98,11,11,0,1
20260912_215351_529_traffic_scan_env2025_seed0-499_48352cd1,98,11,14,0,2
20260912_215351_529_traffic_scan_env2025_seed0-499_48352cd1,98,11,15,0,3
20260912_215351_529_traffic_scan_env2025_seed0-499_48352cd1,98,11,17,1,1
20260912_215351_529_traffic_scan_env2025_seed0-499_48352cd1,98,11,18,0,1
20260912_215351_529_traffic_scan_env2025_seed0-499_48352cd1,98,11,21,0,2
20260912_215351_529_traffic_scan_env2025_seed0-499_48352cd1,98,11,21,1,2
20260912_215351_529_traffic_scan_env2025_seed0-499_48352cd1,98,11,22,0,2
20260912_215351_529_traffic_scan_env2025_seed0-499_48352cd1,98,11,22,1,1
20260912_215351_529_traffic_scan_env2025_seed0-499_48352cd1,98,11,23,0,1
20260912_215351_529_traffic_scan_env2025_seed0-499_48352cd1,98,11,24,0,1
20260912_215351_529_traffic_scan_env2025_seed0-499_48352cd1,98,11,25,0,1
20260912_215351_529_traffic_scan_env2025_seed0-499_48352cd1,98,11,26,0,2
20260912_215351_529_traffic_scan_env2025_seed0-499_48352cd1,98,11,27,2,2
20260912_215351_529_traffic_scan_env2025_seed0-499_48352cd1,98,11,28,0,3
20260912_215351_529_traffic_scan_env2025_seed0-499_48352cd1,98,11,29,0,1
20260912_215351_529_traffic_scan_env2025_seed0-499_48352cd1,98,11,30,0,1
20260912_215351_529_traffic_scan_env2025_seed0-499_48352cd1,98,11,31,0,1
20260912_215351_529_traffic_scan_env2025_seed0-499_48352cd1,98,11,32,0,3
20260912_215351_529_traffic_scan_env2025_seed0-499_48352cd1,98,11,33,2,4
20260912_215351_529_traffic_scan_env2025_seed0-499_48352cd1,98,11,34,2,5
20260912_215351_529_traffic_scan_env2025_seed0-499_48352cd1,98,11,36,1,2
20260912_215351_529_traffic_scan_env2025_seed0-499_48352cd1,98,11,39,0,3
20260912_215351_529_traffic_scan_env2025_seed0-499_48352cd1,98,11,42,0,3
20260912_215351_529_traffic_scan_env2025_seed0-499_48352cd1,98,11,43,0,2
20260912_215351_529_traffic_scan_env2025_seed0-499_48352cd1,98,11,43,1,1
20260912_215351_529_traffic_scan_env2025_seed0-499_48352cd1,98,11,44,1,1
20260912_215351_529_traffic_scan_env2025_seed0-499_48352cd1,98,11,46,0,1
20260912_215351_529_traffic_scan_env2025_seed0-499_48352cd1,98,11,46,1,1
20260912_215351_529_traffic_scan_env2025_seed0-499_48352cd1,98,11,47,0,2
20260912_215351_529_traffic_scan_env2025_seed0-499_48352cd1,98,11,48,0,1
20260912_215351_529_traffic_scan_env2025_seed0-499_48352cd1,98,11,48,1,1
20260912_215351_529_traffic_scan_env2025_seed0-499_48352cd1,98,11,49,1,1
20260912_215351_529_traffic_scan_env2025_seed0-499_48352cd1,98,11,50,0,2
20260912_215351_529_traffic_scan_env2025_seed0-499_48352cd1,98,11,50,1,1
20260912_215351_529_traffic_scan_env2025_seed0-499_48352cd1,98,11,51,0,1
20260912_215351_529_traffic_scan_env2025_seed0-499_48352cd1,98,11,54,1,1
20260912_215351_529_traffic_scan_env2025_seed0-499_48352cd1,98,11,56,0,1
20260912_215351_529_traffic_scan_env2025_seed0-499_48352cd1,98,12,1,0,1
20260912_215351_529_traffic_scan_env2025_seed0-499_48352cd1,98,12,2,0,1
20260912_215351_529_traffic_scan_env2025_seed0-499_48352cd1,98,12,5,1,1
20260912_215351_529_traffic_scan_env2025_seed0-499_48352cd1,98,12,6,0,1
20260912_215351_529_traffic_scan_env2025_seed0-499_48352cd1,98,12,6,1,2
20260912_215351_529_traffic_scan_env2025_seed0-499_48352cd1,98,12,7,0,1
20260912_215351_529_traffic_scan_env2025_seed0-499_48352cd1,98,12,8,0,1
20260912_215351_529_traffic_scan_env2025_seed0-499_48352cd1,98,12,9,0,1
20260912_215351_529_traffic_scan_env2025_seed0-499_48352cd1,98,12,10,0,2
20260912_215351_529_traffic_scan_env2025_seed0-499_48352cd1,98,12,11,0,1
20260912_215351_529_traffic_scan_env2025_seed0-499_48352cd1,98,12,12,0,1
20260912_215351_529_traffic_scan_env2025_seed0-499_48352cd1,98,12,15,0,4
20260912_215351_529_traffic_scan_env2025_seed0-499_48352cd1,98,12,16,1,1
20260912_215351_529_traffic_scan_env2025_seed0-499_48352cd1,98,12,18,0,1
20260912_215351_529_traffic_scan_env2025_seed0-499_48352cd1,98,12,18,1,1
20260912_215351_529_traffic_scan_env2025_seed0-499_48352cd1,98,12,21,0,2
20260912_215351_529_traffic_scan_env2025_seed0-499_48352cd1,98,12,21,1,1
20260912_215351_529_traffic_scan_env2025_seed0-499_48352cd1,98,12,22,0,1
20260912_215351_529_traffic_scan_env2025_seed0-499_48352cd1,98,12,23,0,1
20260912_215351_529_traffic_scan_env2025_seed0-499_48352cd1,98,12,23,1,1
20260912_215351_529_traffic_scan_env2025_seed0-499_48352cd1,98,12,27,0,2
20260912_215351_529_traffic_scan_env2025_seed0-499_48352cd1,98,12,27,1,2
20260912_215351_529_traffic_scan_env2025_seed0-499_48352cd1,98,12,28,0,1
20260912_215351_529_traffic_scan_env2025_seed0-499_48352cd1,98,12,28,1,2
20260912_215351_529_traffic_scan_env2025_seed0-499_48352cd1,98,12,32,0,2
20260912_215351_529_traffic_scan_env2025_seed0-499_48352cd1,98,12,32,1,4
20260912_215351_529_traffic_scan_env2025_seed0-499_48352cd1,98,12,35,0,3
20260912_215351_529_traffic_scan_env2025_seed0-499_48352cd1,98,12,35,1,5
20260912_215351_529_traffic_scan_env2025_seed0-499_48352cd1,98,12,36,0,3
20260912_215351_529_traffic_scan_env2025_seed0-499_48352cd1,98,12,36,1,2
20260912_215351_529_traffic_scan_env2025_seed0-499_48352cd1,98,12,37,0,3
20260912_215351_529_traffic_scan_env2025_seed0-499_48352cd1,98,12,38,0,3
20260912_215351_529_traffic_scan_env2025_seed0-499_48352cd1,98,12,41,0,3
20260912_215351_529_traffic_scan_env2025_seed0-499_48352cd1,98,12,42,0,2
20260912_215351_529_traffic_scan_env2025_seed0-499_48352cd1,98,12,43,1,1
20260912_215351_529_traffic_scan_env2025_seed0-499_48352cd1,98,12,44,1,1
20260912_215351_529_traffic_scan_env2025_seed0-499_48352cd1,98,12,45,0,1
20260912_215351_529_traffic_scan_env2025_seed0-499_48352cd1,98,12,46,0,1
20260912_215351_529_traffic_scan_env2025_seed0-499_48352cd1,98,12,46,1,1
20260912_215351_529_traffic_scan_env2025_seed0-499_48352cd1,98,12,47,0,2
20260912_215351_529_traffic_scan_env2025_seed0-499_48352cd1,98,12,48,0,1
20260912_215351_529_traffic_scan_env2025_seed0-499_48352cd1,98,12,48,1,2
20260912_215351_529_traffic_scan_env2025_seed0-499_48352cd1,98,12,49,1,3
20260912_215351_529_traffic_scan_env2025_seed0-499_48352cd1,98,12,50,0,1
20260912_215351_529_traffic_scan_env2025_seed0-499_48352cd1,98,12,50,1,1
20260912_215351_529_traffic_scan_env2025_seed0-499_48352cd1,98,12,51,0,1
20260912_215351_529_traffic_scan_env2025_seed0-499_48352cd1,98,12,52,0,2
20260912_215351_529_traffic_scan_env2025_seed0-499_48352cd1,98,12,53,0,1
20260912_215351_529_traffic_scan_env2025_seed0-499_48352cd1,98,12,54,0,1
20260912_215351_529_traffic_scan_env2025_seed0-499_48352cd1,98,12,54,1,1
20260912_215351_529_traffic_scan_env2025_seed0-499_48352cd1,98,12,55,0,1
20260912_215351_529_traffic_scan_env2025_seed0-499_48352cd1,98,13,1,0,1
20260912_215351_529_traffic_scan_env2025_seed0-499_48352cd1,98,13,3,1,1
20260912_215351_529_traffic_scan_env2025_seed0-499_48352cd1,98,13,5,0,1
20260912_215351_529_traffic_scan_env2025_seed0-499_48352cd1,98,13,5,1,2
20260912_215351_529_traffic_scan_env2025_seed0-499_48352cd1,98,13,6,0,2
20260912_215351_529_traffic_scan_env2025_seed0-499_48352cd1,98,13,7,1,1
20260912_215351_529_traffic_scan_env2025_seed0-499_48352cd1,98,13,8,0,2
20260912_215351_529_traffic_scan_env2025_seed0-499_48352cd1,98,13,9,0,1
20260912_215351_529_traffic_scan_env2025_seed0-499_48352cd1,98,13,11,0,2
20260912_215351_529_traffic_scan_env2025_seed0-499_48352cd1,98,13,12,0,1
20260912_215351_529_traffic_scan_env2025_seed0-499_48352cd1,98,13,13,0,2
20260912_215351_529_traffic_scan_env2025_seed0-499_48352cd1,98,13,14,0,3
20260912_215351_529_traffic_scan_env2025_seed0-499_48352cd1,98,13,15,0,1
20260912_215351_529_traffic_scan_env2025_seed0-499_48352cd1,98,13,16,0,3
20260912_215351_529_traffic_scan_env2025_seed0-499_48352cd1,98,13,16,1,1
20260912_215351_529_traffic_scan_env2025_seed0-499_48352cd1,98,13,19,0,1
20260912_215351_529_traffic_scan_env2025_seed0-499_48352cd1,98,13,19,1,1
20260912_215351_529_traffic_scan_env2025_seed0-499_48352cd1,98,13,20,0,2
20260912_215351_529_traffic_scan_env2025_seed0-499_48352cd1,98,13,21,1,1
20260912_215351_529_traffic_scan_env2025_seed0-499_48352cd1,98,13,23,0,1
20260912_215351_529_traffic_scan_env2025_seed0-499_48352cd1,98,13,24,0,1
20260912_215351_529_traffic_scan_env2025_seed0-499_48352cd1,98,13,24,1,1
20260912_215351_529_traffic_scan_env2025_seed0-499_48352cd1,98,13,27,2,3
20260912_215351_529_traffic_scan_env2025_seed0-499_48352cd1,98,13,29,0,1
20260912_215351_529_traffic_scan_env2025_seed0-499_48352cd1,98,13,29,1,1
20260912_215351_529_traffic_scan_env2025_seed0-499_48352cd1,98,13,31,1,4
20260912_215351_529_traffic_scan_env2025_seed0-499_48352cd1,98,13,32,0,1
20260912_215351_529_traffic_scan_env2025_seed0-499_48352cd1,98,13,33,0,1
20260912_215351_529_traffic_scan_env2025_seed0-499_48352cd1,98,13,34,0,4
20260912_215351_529_traffic_scan_env2025_seed0-499_48352cd1,98,13,36,2,6
20260912_215351_529_traffic_scan_env2025_seed0-499_48352cd1,98,13,40,0,3
20260912_215351_529_traffic_scan_env2025_seed0-499_48352cd1,98,13,40,1,1
20260912_215351_529_traffic_scan_env2025_seed0-499_48352cd1,98,13,41,0,2
20260912_215351_529_traffic_scan_env2025_seed0-499_48352cd1,98,13,43,1,1
20260912_215351_529_traffic_scan_env2025_seed0-499_48352cd1,98,13,44,0,1
20260912_215351_529_traffic_scan_env2025_seed0-499_48352cd1,98,13,44,1,1
20260912_215351_529_traffic_scan_env2025_seed0-499_48352cd1,98,13,45,0,1
20260912_215351_529_traffic_scan_env2025_seed0-499_48352cd1,98,13,46,0,2
20260912_215351_529_traffic_scan_env2025_seed0-499_48352cd1,98,13,46,1,1
20260912_215351_529_traffic_scan_env2025_seed0-499_48352cd1,98,13,47,2,1
20260912_215351_529_traffic_scan_env2025_seed0-499_48352cd1,98,13,48,0,2
20260912_215351_529_traffic_scan_env2025_seed0-499_48352cd1,98,13,48,1,2
20260912_215351_529_traffic_scan_env2025_seed0-499_48352cd1,98,13,49,0,1
20260912_215351_529_traffic_scan_env2025_seed0-499_48352cd1,98,13,50,1,1
20260912_215351_529_traffic_scan_env2025_seed0-499_48352cd1,98,13,52,0,1
20260912_215351_529_traffic_scan_env2025_seed0-499_48352cd1,98,13,54,1,1
20260912_215351_529_traffic_scan_env2025_seed0-499_48352cd1,98,13,55,0,1
20260912_215351_529_traffic_scan_env2025_seed0-499_48352cd1,98,14,1,0,3
20260912_215351_529_traffic_scan_env2025_seed0-499_48352cd1,98,14,2,0,1
20260912_215351_529_traffic_scan_env2025_seed0-499_48352cd1,98,14,3,0,1
20260912_215351_529_traffic_scan_env2025_seed0-499_48352cd1,98,14,3,1,1
20260912_215351_529_traffic_scan_env2025_seed0-499_48352cd1,98,14,4,0,1
20260912_215351_529_traffic_scan_env2025_seed0-499_48352cd1,98,14,4,1,1
20260912_215351_529_traffic_scan_env2025_seed0-499_48352cd1,98,14,5,2,1
20260912_215351_529_traffic_scan_env2025_seed0-499_48352cd1,98,14,7,0,2
20260912_215351_529_traffic_scan_env2025_seed0-499_48352cd1,98,14,8,0,1
20260912_215351_529_traffic_scan_env2025_seed0-499_48352cd1,98,14,8,1,2
20260912_215351_529_traffic_scan_env2025_seed0-499_48352cd1,98,14,9,0,3
20260912_215351_529_traffic_scan_env2025_seed0-499_48352cd1,98,14,9,1,2
20260912_215351_529_traffic_scan_env2025_seed0-499_48352cd1,98,14,10,1,1
20260912_215351_529_traffic_scan_env2025_seed0-499_48352cd1,98,14,11,1,1
20260912_215351_529_traffic_scan_env2025_seed0-499_48352cd1,98,14,12,0,3
20260912_215351_529_traffic_scan_env2025_seed0-499_48352cd1,98,14,12,1,1
20260912_215351_529_traffic_scan_env2025_seed0-499_48352cd1,98,14,13,0,4
20260912_215351_529_traffic_scan_env2025_seed0-499_48352cd1,98,14,16,1,1
20260912_215351_529_traffic_scan_env2025_seed0-499_48352cd1,98,14,17,0,3
20260912_215351_529_traffic_scan_env2025_seed0-499_48352cd1,98,14,19,0,1
20260912_215351_529_traffic_scan_env2025_seed0-499_48352cd1,98,14,20,0,2
20260912_215351_529_traffic_scan_env2025_seed0-499_48352cd1,98,14,20,1,1
20260912_215351_529_traffic_scan_env2025_seed0-499_48352cd1,98,14,21,1,1
20260912_215351_529_traffic_scan_env2025_seed0-499_48352cd1,98,14,24,0,1
20260912_215351_529_traffic_scan_env2025_seed0-499_48352cd1,98,14,25,0,1
20260912_215351_529_traffic_scan_env2025_seed0-499_48352cd1,98,14,25,1,1
20260912_215351_529_traffic_scan_env2025_seed0-499_48352cd1,98,14,27,2,3
20260912_215351_529_traffic_scan_env2025_seed0-499_48352cd1,98,14,30,0,1
20260912_215351_529_traffic_scan_env2025_seed0-499_48352cd1,98,14,30,1,5
20260912_215351_529_traffic_scan_env2025_seed0-499_48352cd1,98,14,32,0,1
20260912_215351_529_traffic_scan_env2025_seed0-499_48352cd1,98,14,33,0,5
20260912_215351_529_traffic_scan_env2025_seed0-499_48352cd1,98,14,36,2,2
20260912_215351_529_traffic_scan_env2025_seed0-499_48352cd1,98,14,37,1,6
20260912_215351_529_traffic_scan_env2025_seed0-499_48352cd1,98,14,38,0,3
20260912_215351_529_traffic_scan_env2025_seed0-499_48352cd1,98,14,39,0,4
20260912_215351_529_traffic_scan_env2025_seed0-499_48352cd1,98,14,39,1,1
20260912_215351_529_traffic_scan_env2025_seed0-499_48352cd1,98,14,40,0,3
20260912_215351_529_traffic_scan_env2025_seed0-499_48352cd1,98,14,41,0,1
20260912_215351_529_traffic_scan_env2025_seed0-499_48352cd1,98,14,43,0,1
20260912_215351_529_traffic_scan_env2025_seed0-499_48352cd1,98,14,43,1,1
20260912_215351_529_traffic_scan_env2025_seed0-499_48352cd1,98,14,44,0,1
20260912_215351_529_traffic_scan_env2025_seed0-499_48352cd1,98,14,44,1,1
20260912_215351_529_traffic_scan_env2025_seed0-499_48352cd1,98,14,45,0,2
20260912_215351_529_traffic_scan_env2025_seed0-499_48352cd1,98,14,46,1,2
20260912_215351_529_traffic_scan_env2025_seed0-499_48352cd1,98,14,47,0,2
20260912_215351_529_traffic_scan_env2025_seed0-499_48352cd1,98,14,47,1,1
20260912_215351_529_traffic_scan_env2025_seed0-499_48352cd1,98,14,48,1,1
20260912_215351_529_traffic_scan_env2025_seed0-499_48352cd1,98,14,50,0,1
20260912_215351_529_traffic_scan_env2025_seed0-499_48352cd1,98,14,50,1,1
20260912_215351_529_traffic_scan_env2025_seed0-499_48352cd1,98,14,51,0,1
20260912_215351_529_traffic_scan_env2025_seed0-499_48352cd1,98,14,54,1,1
20260912_215351_529_traffic_scan_env2025_seed0-499_48352cd1,98,14,55,0,1
20260912_215351_529_traffic_scan_env2025_seed0-499_48352cd1,98,15,2,0,3
20260912_215351_529_traffic_scan_env2025_seed0-499_48352cd1,98,15,3,1,2
20260912_215351_529_traffic_scan_env2025_seed0-499_48352cd1,98,15,4,1,1
20260912_215351_529_traffic_scan_env2025_seed0-499_48352cd1,98,15,7,0,2
20260912_215351_529_traffic_scan_env2025_seed0-499_48352cd1,98,15,10,0,3
20260912_215351_529_traffic_scan_env2025_seed0-499_48352cd1,98,15,10,1,1
20260912_215351_529_traffic_scan_env2025_seed0-499_48352cd1,98,15,13,0,7
20260912_215351_529_traffic_scan_env2025_seed0-499_48352cd1,98,15,13,1,1
20260912_215351_529_traffic_scan_env2025_seed0-499_48352cd1,98,15,16,1,2
20260912_215351_529_traffic_scan_env2025_seed0-499_48352cd1,98,15,17,0,1
20260912_215351_529_traffic_scan_env2025_seed0-499_48352cd1,98,15,17,1,1
20260912_215351_529_traffic_scan_env2025_seed0-499_48352cd1,98,15,18,0,4
20260912_215351_529_traffic_scan_env2025_seed0-499_48352cd1,98,15,18,1,1
20260912_215351_529_traffic_scan_env2025_seed0-499_48352cd1,98,15,19,2,1
20260912_215351_529_traffic_scan_env2025_seed0-499_48352cd1,98,15,20,2,1
20260912_215351_529_traffic_scan_env2025_seed0-499_48352cd1,98,15,21,0,2
20260912_215351_529_traffic_scan_env2025_seed0-499_48352cd1,98,15,21,1,3
20260912_215351_529_traffic_scan_env2025_seed0-499_48352cd1,98,15,22,1,1
20260912_215351_529_traffic_scan_env2025_seed0-499_48352cd1,98,15,23,1,1
20260912_215351_529_traffic_scan_env2025_seed0-499_48352cd1,98,15,24,1,1
20260912_215351_529_traffic_scan_env2025_seed0-499_48352cd1,98,15,25,0,1
20260912_215351_529_traffic_scan_env2025_seed0-499_48352cd1,98,15,25,1,1
20260912_215351_529_traffic_scan_env2025_seed0-499_48352cd1,98,15,26,0,1
20260912_215351_529_traffic_scan_env2025_seed0-499_48352cd1,98,15,26,1,2
20260912_215351_529_traffic_scan_env2025_seed0-499_48352cd1,98,15,27,1,4
20260912_215351_529_traffic_scan_env2025_seed0-499_48352cd1,98,15,28,1,1
20260912_215351_529_traffic_scan_env2025_seed0-499_48352cd1,98,15,29,1,4
20260912_215351_529_traffic_scan_env2025_seed0-499_48352cd1,98,15,30,1,2
20260912_215351_529_traffic_scan_env2025_seed0-499_48352cd1,98,15,31,0,1
20260912_215351_529_traffic_scan_env2025_seed0-499_48352cd1,98,15,31,1,2
20260912_215351_529_traffic_scan_env2025_seed0-499_48352cd1,98,15,32,0,4
20260912_215351_529_traffic_scan_env2025_seed0-499_48352cd1,98,15,32,1,1
20260912_215351_529_traffic_scan_env2025_seed0-499_48352cd1,98,15,33,1,1
20260912_215351_529_traffic_scan_env2025_seed0-499_48352cd1,98,15,34,0,2
20260912_215351_529_traffic_scan_env2025_seed0-499_48352cd1,98,15,34,1,1
20260912_215351_529_traffic_scan_env2025_seed0-499_48352cd1,98,15,35,1,2
20260912_215351_529_traffic_scan_env2025_seed0-499_48352cd1,98,15,36,1,1
20260912_215351_529_traffic_scan_env2025_seed0-499_48352cd1,98,15,38,0,5
20260912_215351_529_traffic_scan_env2025_seed0-499_48352cd1,98,15,38,1,1
20260912_215351_529_traffic_scan_env2025_seed0-499_48352cd1,98,15,39,0,4
20260912_215351_529_traffic_scan_env2025_seed0-499_48352cd1,98,15,41,0,2
20260912_215351_529_traffic_scan_env2025_seed0-499_48352cd1,98,15,42,0,2
20260912_215351_529_traffic_scan_env2025_seed0-499_48352cd1,98,15,43,0,2
20260912_215351_529_traffic_scan_env2025_seed0-499_48352cd1,98,15,43,1,1
20260912_215351_529_traffic_scan_env2025_seed0-499_48352cd1,98,15,44,0,3
20260912_215351_529_traffic_scan_env2025_seed0-499_48352cd1,98,15,44,1,1
20260912_215351_529_traffic_scan_env2025_seed0-499_48352cd1,98,15,45,0,1
20260912_215351_529_traffic_scan_env2025_seed0-499_48352cd1,98,15,45,1,2
20260912_215351_529_traffic_scan_env2025_seed0-499_48352cd1,98,15,46,0,1
20260912_215351_529_traffic_scan_env2025_seed0-499_48352cd1,98,15,46,1,3
20260912_215351_529_traffic_scan_env2025_seed0-499_48352cd1,98,15,47,0,1
20260912_215351_529_traffic_scan_env2025_seed0-499_48352cd1,98,15,48,0,1
20260912_215351_529_traffic_scan_env2025_seed0-499_48352cd1,98,15,48,1,1
20260912_215351_529_traffic_scan_env2025_seed0-499_48352cd1,98,15,49,0,1
20260912_215351_529_traffic_scan_env2025_seed0-499_48352cd1,98,15,50,0,1
20260912_215351_529_traffic_scan_env2025_seed0-499_48352cd1,98,15,50,1,1
20260912_215351_529_traffic_scan_env2025_seed0-499_48352cd1,98,15,51,0,2
20260912_215351_529_traffic_scan_env2025_seed0-499_48352cd1,98,15,52,0,2
20260912_215351_529_traffic_scan_env2025_seed0-499_48352cd1,98,15,53,0,1
20260912_215351_529_traffic_scan_env2025_seed0-499_48352cd1,98,15,54,1,1
20260912_215351_529_traffic_scan_env2025_seed0-499_48352cd1,98,15,55,0,1
20260912_215351_529_traffic_scan_env2025_seed0-499_48352cd1,98,16,2,1,1
20260912_215351_529_traffic_scan_env2025_seed0-499_48352cd1,98,16,3,0,3
20260912_215351_529_traffic_scan_env2025_seed0-499_48352cd1,98,16,3,1,1
20260912_215351_529_traffic_scan_env2025_seed0-499_48352cd1,98,16,4,1,1
20260912_215351_529_traffic_scan_env2025_seed0-499_48352cd1,98,16,7,1,2
20260912_215351_529_traffic_scan_env2025_seed0-499_48352cd1,98,16,10,0,1
20260912_215351_529_traffic_scan_env2025_seed0-499_48352cd1,98,16,11,0,2
20260912_215351_529_traffic_scan_env2025_seed0-499_48352cd1,98,16,11,1,1
20260912_215351_529_traffic_scan_env2025_seed0-499_48352cd1,98,16,12,0,2
20260912_215351_529_traffic_scan_env2025_seed0-499_48352cd1,98,16,14,0,5
20260912_215351_529_traffic_scan_env2025_seed0-499_48352cd1,98,16,14,1,1
20260912_215351_529_traffic_scan_env2025_seed0-499_48352cd1,98,16,15,0,1
20260912_215351_529_traffic_scan_env2025_seed0-499_48352cd1,98,16,15,1,1
20260912_215351_529_traffic_scan_env2025_seed0-499_48352cd1,98,16,16,0,2
20260912_215351_529_traffic_scan_env2025_seed0-499_48352cd1,98,16,16,1,1
20260912_215351_529_traffic_scan_env2025_seed0-499_48352cd1,98,16,17,0,1
20260912_215351_529_traffic_scan_env2025_seed0-499_48352cd1,98,16,18,0,1
20260912_215351_529_traffic_scan_env2025_seed0-499_48352cd1,98,16,18,1,1
20260912_215351_529_traffic_scan_env2025_seed0-499_48352cd1,98,16,19,0,3
20260912_215351_529_traffic_scan_env2025_seed0-499_48352cd1,98,16,19,1,2
20260912_215351_529_traffic_scan_env2025_seed0-499_48352cd1,98,16,20,0,3
20260912_215351_529_traffic_scan_env2025_seed0-499_48352cd1,98,16,20,1,1
20260912_215351_529_traffic_scan_env2025_seed0-499_48352cd1,98,16,21,0,1
20260912_215351_529_traffic_scan_env2025_seed0-499_48352cd1,98,16,21,1,2
20260912_215351_529_traffic_scan_env2025_seed0-499_48352cd1,98,16,22,0,1
20260912_215351_529_traffic_scan_env2025_seed0-499_48352cd1,98,16,22,1,2
20260912_215351_529_traffic_scan_env2025_seed0-499_48352cd1,98,16,23,1,1
20260912_215351_529_traffic_scan_env2025_seed0-499_48352cd1,98,16,24,1,1
20260912_215351_529_traffic_scan_env2025_seed0-499_48352cd1,98,16,25,1,1
20260912_215351_529_traffic_scan_env2025_seed0-499_48352cd1,98,16,26,1,2
20260912_215351_529_traffic_scan_env2025_seed0-499_48352cd1,98,16,27,0,2
20260912_215351_529_traffic_scan_env2025_seed0-499_48352cd1,98,16,27,1,4
20260912_215351_529_traffic_scan_env2025_seed0-499_48352cd1,98,16,28,0,1
20260912_215351_529_traffic_scan_env2025_seed0-499_48352cd1,98,16,28,1,3
20260912_215351_529_traffic_scan_env2025_seed0-499_48352cd1,98,16,29,0,1
20260912_215351_529_traffic_scan_env2025_seed0-499_48352cd1,98,16,30,0,1
20260912_215351_529_traffic_scan_env2025_seed0-499_48352cd1,98,16,30,1,1
20260912_215351_529_traffic_scan_env2025_seed0-499_48352cd1,98,16,31,0,4
20260912_215351_529_traffic_scan_env2025_seed0-499_48352cd1,98,16,32,0,3
20260912_215351_529_traffic_scan_env2025_seed0-499_48352cd1,98,16,32,1,1
20260912_215351_529_traffic_scan_env2025_seed0-499_48352cd1,98,16,33,0,1
20260912_215351_529_traffic_scan_env2025_seed0-499_48352cd1,98,16,34,0,2
20260912_215351_529_traffic_scan_env2025_seed0-499_48352cd1,98,16,35,0,2
20260912_215351_529_traffic_scan_env2025_seed0-499_48352cd1,98,16,35,1,1
20260912_215351_529_traffic_scan_env2025_seed0-499_48352cd1,98,16,36,0,1
20260912_215351_529_traffic_scan_env2025_seed0-499_48352cd1,98,16,36,1,1
20260912_215351_529_traffic_scan_env2025_seed0-499_48352cd1,98,16,37,0,6
20260912_215351_529_traffic_scan_env2025_seed0-499_48352cd1,98,16,37,1,1
20260912_215351_529_traffic_scan_env2025_seed0-499_48352cd1,98,16,38,0,5
20260912_215351_529_traffic_scan_env2025_seed0-499_48352cd1,98,16,39,0,2
20260912_215351_529_traffic_scan_env2025_seed0-499_48352cd1,98,16,40,0,2
20260912_215351_529_traffic_scan_env2025_seed0-499_48352cd1,98,16,41,0,4
20260912_215351_529_traffic_scan_env2025_seed0-499_48352cd1,98,16,42,0,1
20260912_215351_529_traffic_scan_env2025_seed0-499_48352cd1,98,16,43,0,2
20260912_215351_529_traffic_scan_env2025_seed0-499_48352cd1,98,16,43,1,1
20260912_215351_529_traffic_scan_env2025_seed0-499_48352cd1,98,16,44,2,3
20260912_215351_529_traffic_scan_env2025_seed0-499_48352cd1,98,16,45,2,3
20260912_215351_529_traffic_scan_env2025_seed0-499_48352cd1,98,16,48,1,1
20260912_215351_529_traffic_scan_env2025_seed0-499_48352cd1,98,16,50,2,1
20260912_215351_529_traffic_scan_env2025_seed0-499_48352cd1,98,16,52,1,2
20260912_215351_529_traffic_scan_env2025_seed0-499_48352cd1,98,16,54,0,1
20260912_215351_529_traffic_scan_env2025_seed0-499_48352cd1,98,16,54,1,1
20260912_215351_529_traffic_scan_env2025_seed0-499_48352cd1,98,16,55,0,2
20260912_215351_529_traffic_scan_env2025_seed0-499_48352cd1,98,17,1,0,1
20260912_215351_529_traffic_scan_env2025_seed0-499_48352cd1,98,17,3,1,1
20260912_215351_529_traffic_scan_env2025_seed0-499_48352cd1,98,17,4,0,3
20260912_215351_529_traffic_scan_env2025_seed0-499_48352cd1,98,17,5,2,1
20260912_215351_529_traffic_scan_env2025_seed0-499_48352cd1,98,17,7,1,1
20260912_215351_529_traffic_scan_env2025_seed0-499_48352cd1,98,17,8,2,1
20260912_215351_529_traffic_scan_env2025_seed0-499_48352cd1,98,17,9,0,1
20260912_215351_529_traffic_scan_env2025_seed0-499_48352cd1,98,17,9,1,1
20260912_215351_529_traffic_scan_env2025_seed0-499_48352cd1,98,17,10,0,1
20260912_215351_529_traffic_scan_env2025_seed0-499_48352cd1,98,17,11,0,3
20260912_215351_529_traffic_scan_env2025_seed0-499_48352cd1,98,17,12,0,3
20260912_215351_529_traffic_scan_env2025_seed0-499_48352cd1,98,17,12,1,1
20260912_215351_529_traffic_scan_env2025_seed0-499_48352cd1,98,17,13,0,1
20260912_215351_529_traffic_scan_env2025_seed0-499_48352cd1,98,17,14,0,1
20260912_215351_529_traffic_scan_env2025_seed0-499_48352cd1,98,17,15,0,7
20260912_215351_529_traffic_scan_env2025_seed0-499_48352cd1,98,17,16,0,1
20260912_215351_529_traffic_scan_env2025_seed0-499_48352cd1,98,17,16,1,1
20260912_215351_529_traffic_scan_env2025_seed0-499_48352cd1,98,17,17,0,1
20260912_215351_529_traffic_scan_env2025_seed0-499_48352cd1,98,17,20,0,2
20260912_215351_529_traffic_scan_env2025_seed0-499_48352cd1,98,17,20,1,1
20260912_215351_529_traffic_scan_env2025_seed0-499_48352cd1,98,17,21,1,2
20260912_215351_529_traffic_scan_env2025_seed0-499_48352cd1,98,17,22,1,2
20260912_215351_529_traffic_scan_env2025_seed0-499_48352cd1,98,17,23,2,1
20260912_215351_529_traffic_scan_env2025_seed0-499_48352cd1,98,17,27,1,7
20260912_215351_529_traffic_scan_env2025_seed0-499_48352cd1,98,17,28,1,2
20260912_215351_529_traffic_scan_env2025_seed0-499_48352cd1,98,17,30,0,3
20260912_215351_529_traffic_scan_env2025_seed0-499_48352cd1,98,17,30,1,1
20260912_215351_529_traffic_scan_env2025_seed0-499_48352cd1,98,17,32,0,1
20260912_215351_529_traffic_scan_env2025_seed0-499_48352cd1,98,17,33,0,1
20260912_215351_529_traffic_scan_env2025_seed0-499_48352cd1,98,17,33,1,1
20260912_215351_529_traffic_scan_env2025_seed0-499_48352cd1,98,17,35,0,1
20260912_215351_529_traffic_scan_env2025_seed0-499_48352cd1,98,17,35,1,1
20260912_215351_529_traffic_scan_env2025_seed0-499_48352cd1,98,17,36,0,6
20260912_215351_529_traffic_scan_env2025_seed0-499_48352cd1,98,17,36,1,2
20260912_215351_529_traffic_scan_env2025_seed0-499_48352cd1,98,17,39,0,3
20260912_215351_529_traffic_scan_env2025_seed0-499_48352cd1,98,17,39,1,2
20260912_215351_529_traffic_scan_env2025_seed0-499_48352cd1,98,17,40,0,6
20260912_215351_529_traffic_scan_env2025_seed0-499_48352cd1,98,17,41,0,2
20260912_215351_529_traffic_scan_env2025_seed0-499_48352cd1,98,17,42,0,4
20260912_215351_529_traffic_scan_env2025_seed0-499_48352cd1,98,17,43,1,3
20260912_215351_529_traffic_scan_env2025_seed0-499_48352cd1,98,17,44,2,4
20260912_215351_529_traffic_scan_env2025_seed0-499_48352cd1,98,17,46,0,2
20260912_215351_529_traffic_scan_env2025_seed0-499_48352cd1,98,17,48,2,1
20260912_215351_529_traffic_scan_env2025_seed0-499_48352cd1,98,17,50,2,1
20260912_215351_529_traffic_scan_env2025_seed0-499_48352cd1,98,17,52,1,1
20260912_215351_529_traffic_scan_env2025_seed0-499_48352cd1,98,17,53,2,1
20260912_215351_529_traffic_scan_env2025_seed0-499_48352cd1,98,17,54,2,1
20260912_215351_529_traffic_scan_env2025_seed0-499_48352cd1,98,17,55,0,1
20260912_215351_529_traffic_scan_env2025_seed0-499_48352cd1,98,17,56,0,1
20260912_215351_529_traffic_scan_env2025_seed0-499_48352cd1,98,18,0,0,1
20260912_215351_529_traffic_scan_env2025_seed0-499_48352cd1,98,18,3,1,1
20260912_215351_529_traffic_scan_env2025_seed0-499_48352cd1,98,18,5,0,3
20260912_215351_529_traffic_scan_env2025_seed0-499_48352cd1,98,18,5,1,1
20260912_215351_529_traffic_scan_env2025_seed0-499_48352cd1,98,18,7,1,1
20260912_215351_529_traffic_scan_env2025_seed0-499_48352cd1,98,18,8,1,1
20260912_215351_529_traffic_scan_env2025_seed0-499_48352cd1,98,18,9,1,1
20260912_215351_529_traffic_scan_env2025_seed0-499_48352cd1,98,18,10,0,2
20260912_215351_529_traffic_scan_env2025_seed0-499_48352cd1,98,18,13,0,2
20260912_215351_529_traffic_scan_env2025_seed0-499_48352cd1,98,18,13,1,1
20260912_215351_529_traffic_scan_env2025_seed0-499_48352cd1,98,18,14,0,1
20260912_215351_529_traffic_scan_env2025_seed0-499_48352cd1,98,18,16,0,5
20260912_215351_529_traffic_scan_env2025_seed0-499_48352cd1,98,18,16,1,1
20260912_215351_529_traffic_scan_env2025_seed0-499_48352cd1,98,18,19,0,1
20260912_215351_529_traffic_scan_env2025_seed0-499_48352cd1,98,18,21,1,3
20260912_215351_529_traffic_scan_env2025_seed0-499_48352cd1,98,18,22,1,1
20260912_215351_529_traffic_scan_env2025_seed0-499_48352cd1,98,18,23,2,3
20260912_215351_529_traffic_scan_env2025_seed0-499_48352cd1,98,18,26,1,3
20260912_215351_529_traffic_scan_env2025_seed0-499_48352cd1,98,18,27,2,4
20260912_215351_529_traffic_scan_env2025_seed0-499_48352cd1,98,18,29,0,3
20260912_215351_529_traffic_scan_env2025_seed0-499_48352cd1,98,18,29,1,2
20260912_215351_529_traffic_scan_env2025_seed0-499_48352cd1,98,18,30,1,1
20260912_215351_529_traffic_scan_env2025_seed0-499_48352cd1,98,18,32,0,1
20260912_215351_529_traffic_scan_env2025_seed0-499_48352cd1,98,18,34,0,2
20260912_215351_529_traffic_scan_env2025_seed0-499_48352cd1,98,18,34,1,1
20260912_215351_529_traffic_scan_env2025_seed0-499_48352cd1,98,18,35,0,5
20260912_215351_529_traffic_scan_env2025_seed0-499_48352cd1,98,18,35,1,3
20260912_215351_529_traffic_scan_env2025_seed0-499_48352cd1,98,18,36,0,1
20260912_215351_529_traffic_scan_env2025_seed0-499_48352cd1,98,18,36,1,1
20260912_215351_529_traffic_scan_env2025_seed0-499_48352cd1,98,18,40,2,2
20260912_215351_529_traffic_scan_env2025_seed0-499_48352cd1,98,18,41,0,7
20260912_215351_529_traffic_scan_env2025_seed0-499_48352cd1,98,18,42,0,1
20260912_215351_529_traffic_scan_env2025_seed0-499_48352cd1,98,18,43,0,6
20260912_215351_529_traffic_scan_env2025_seed0-499_48352cd1,98,18,43,1,4
20260912_215351_529_traffic_scan_env2025_seed0-499_48352cd1,98,18,45,0,3
20260912_215351_529_traffic_scan_env2025_seed0-499_48352cd1,98,18,46,0,1
20260912_215351_529_traffic_scan_env2025_seed0-499_48352cd1,98,18,47,0,3
20260912_215351_529_traffic_scan_env2025_seed0-499_48352cd1,98,18,48,2,1
20260912_215351_529_traffic_scan_env2025_seed0-499_48352cd1,98,18,50,0,3
20260912_215351_529_traffic_scan_env2025_seed0-499_48352cd1,98,18,50,1,1
20260912_215351_529_traffic_scan_env2025_seed0-499_48352cd1,98,18,51,0,2
20260912_215351_529_traffic_scan_env2025_seed0-499_48352cd1,98,18,51,1,1
20260912_215351_529_traffic_scan_env2025_seed0-499_48352cd1,98,18,52,0,1
20260912_215351_529_traffic_scan_env2025_seed0-499_48352cd1,98,18,53,2,1
20260912_215351_529_traffic_scan_env2025_seed0-499_48352cd1,98,18,54,2,1
20260912_215351_529_traffic_scan_env2025_seed0-499_48352cd1,98,18,55,0,1
20260912_215351_529_traffic_scan_env2025_seed0-499_48352cd1,98,18,57,0,1
20260912_215351_529_traffic_scan_env2025_seed0-499_48352cd1,98,18,58,0,1
20260912_215351_529_traffic_scan_env2025_seed0-499_48352cd1,98,19,3,1,1
20260912_215351_529_traffic_scan_env2025_seed0-499_48352cd1,98,19,5,1,1
20260912_215351_529_traffic_scan_env2025_seed0-499_48352cd1,98,19,6,0,3
20260912_215351_529_traffic_scan_env2025_seed0-499_48352cd1,98,19,7,0,1
20260912_215351_529_traffic_scan_env2025_seed0-499_48352cd1,98,19,7,1,1
20260912_215351_529_traffic_scan_env2025_seed0-499_48352cd1,98,19,8,1,2
20260912_215351_529_traffic_scan_env2025_seed0-499_48352cd1,98,19,9,1,4
20260912_215351_529_traffic_scan_env2025_seed0-499_48352cd1,98,19,10,0,1
20260912_215351_529_traffic_scan_env2025_seed0-499_48352cd1,98,19,13,0,2
20260912_215351_529_traffic_scan_env2025_seed0-499_48352cd1,98,19,14,0,5
20260912_215351_529_traffic_scan_env2025_seed0-499_48352cd1,98,19,14,1,1
20260912_215351_529_traffic_scan_env2025_seed0-499_48352cd1,98,19,16,0,1
20260912_215351_529_traffic_scan_env2025_seed0-499_48352cd1,98,19,16,1,1
20260912_215351_529_traffic_scan_env2025_seed0-499_48352cd1,98,19,17,0,4
20260912_215351_529_traffic_scan_env2025_seed0-499_48352cd1,98,19,19,0,1
20260912_215351_529_traffic_scan_env2025_seed0-499_48352cd1,98,19,21,0,1
20260912_215351_529_traffic_scan_env2025_seed0-499_48352cd1,98,19,22,0,1
20260912_215351_529_traffic_scan_env2025_seed0-499_48352cd1,98,19,22,1,1
20260912_215351_529_traffic_scan_env2025_seed0-499_48352cd1,98,19,23,0,1
20260912_215351_529_traffic_scan_env2025_seed0-499_48352cd1,98,19,24,0,1
20260912_215351_529_traffic_scan_env2025_seed0-499_48352cd1,98,19,24,1,3
20260912_215351_529_traffic_scan_env2025_seed0-499_48352cd1,98,19,25,0,1
20260912_215351_529_traffic_scan_env2025_seed0-499_48352cd1,98,19,25,1,4
20260912_215351_529_traffic_scan_env2025_seed0-499_48352cd1,98,19,26,0,1
20260912_215351_529_traffic_scan_env2025_seed0-499_48352cd1,98,19,26,1,1
20260912_215351_529_traffic_scan_env2025_seed0-499_48352cd1,98,19,27,1,3
20260912_215351_529_traffic_scan_env2025_seed0-499_48352cd1,98,19,28,0,3
20260912_215351_529_traffic_scan_env2025_seed0-499_48352cd1,98,19,28,1,1
20260912_215351_529_traffic_scan_env2025_seed0-499_48352cd1,98,19,30,1,3
20260912_215351_529_traffic_scan_env2025_seed0-499_48352cd1,98,19,32,0,1
20260912_215351_529_traffic_scan_env2025_seed0-499_48352cd1,98,19,33,0,1
20260912_215351_529_traffic_scan_env2025_seed0-499_48352cd1,98,19,34,0,4
20260912_215351_529_traffic_scan_env2025_seed0-499_48352cd1,98,19,34,1,1
20260912_215351_529_traffic_scan_env2025_seed0-499_48352cd1,98,19,35,0,2
20260912_215351_529_traffic_scan_env2025_seed0-499_48352cd1,98,19,35,1,1
20260912_215351_529_traffic_scan_env2025_seed0-499_48352cd1,98,19,36,1,2
20260912_215351_529_traffic_scan_env2025_seed0-499_48352cd1,98,19,37,0,1
20260912_215351_529_traffic_scan_env2025_seed0-499_48352cd1,98,19,39,1,2
20260912_215351_529_traffic_scan_env2025_seed0-499_48352cd1,98,19,41,0,3
20260912_215351_529_traffic_scan_env2025_seed0-499_48352cd1,98,19,42,0,4
20260912_215351_529_traffic_scan_env2025_seed0-499_48352cd1,98,19,42,1,2
20260912_215351_529_traffic_scan_env2025_seed0-499_48352cd1,98,19,43,1,2
20260912_215351_529_traffic_scan_env2025_seed0-499_48352cd1,98,19,44,0,4
20260912_215351_529_traffic_scan_env2025_seed0-499_48352cd1,98,19,48,0,3
20260912_215351_529_traffic_scan_env2025_seed0-499_48352cd1,98,19,48,1,1
20260912_215351_529_traffic_scan_env2025_seed0-499_48352cd1,98,19,49,0,3
20260912_215351_529_traffic_scan_env2025_seed0-499_48352cd1,98,19,50,1,1
20260912_215351_529_traffic_scan_env2025_seed0-499_48352cd1,98,19,51,0,1
20260912_215351_529_traffic_scan_env2025_seed0-499_48352cd1,98,19,51,1,1
20260912_215351_529_traffic_scan_env2025_seed0-499_48352cd1,98,19,52,0,1
20260912_215351_529_traffic_scan_env2025_seed0-499_48352cd1,98,19,52,1,1
20260912_215351_529_traffic_scan_env2025_seed0-499_48352cd1,98,19,53,0,1
20260912_215351_529_traffic_scan_env2025_seed0-499_48352cd1,98,19,54,0,1
20260912_215351_529_traffic_scan_env2025_seed0-499_48352cd1,98,19,55,0,2
20260912_215351_529_traffic_scan_env2025_seed0-499_48352cd1,98,19,55,1,1
20260912_215351_529_traffic_scan_env2025_seed0-499_48352cd1,98,19,56,0,1
20260912_215351_529_traffic_scan_env2025_seed0-499_48352cd1,98,20,3,1,1
20260912_215351_529_traffic_scan_env2025_seed0-499_48352cd1,98,20,5,1,1
20260912_215351_529_traffic_scan_env2025_seed0-499_48352cd1,98,20,7,0,4
20260912_215351_529_traffic_scan_env2025_seed0-499_48352cd1,98,20,7,1,1
20260912_215351_529_traffic_scan_env2025_seed0-499_48352cd1,98,20,8,0,2
20260912_215351_529_traffic_scan_env2025_seed0-499_48352cd1,98,20,8,1,2
20260912_215351_529_traffic_scan_env2025_seed0-499_48352cd1,98,20,9,0,1
20260912_215351_529_traffic_scan_env2025_seed0-499_48352cd1,98,20,9,1,1
20260912_215351_529_traffic_scan_env2025_seed0-499_48352cd1,98,20,10,0,2
20260912_215351_529_traffic_scan_env2025_seed0-499_48352cd1,98,20,11,0,3
20260912_215351_529_traffic_scan_env2025_seed0-499_48352cd1,98,20,12,0,3
20260912_215351_529_traffic_scan_env2025_seed0-499_48352cd1,98,20,13,0,1
20260912_215351_529_traffic_scan_env2025_seed0-499_48352cd1,98,20,15,0,5
20260912_215351_529_traffic_scan_env2025_seed0-499_48352cd1,98,20,15,1,1
20260912_215351_529_traffic_scan_env2025_seed0-499_48352cd1,98,20,16,0,3
20260912_215351_529_traffic_scan_env2025_seed0-499_48352cd1,98,20,16,1,1
20260912_215351_529_traffic_scan_env2025_seed0-499_48352cd1,98,20,17,0,3
20260912_215351_529_traffic_scan_env2025_seed0-499_48352cd1,98,20,18,0,5
20260912_215351_529_traffic_scan_env2025_seed0-499_48352cd1,98,20,19,0,2
20260912_215351_529_traffic_scan_env2025_seed0-499_48352cd1,98,20,20,0,1
20260912_215351_529_traffic_scan_env2025_seed0-499_48352cd1,98,20,21,0,1
20260912_215351_529_traffic_scan_env2025_seed0-499_48352cd1,98,20,23,0,1
20260912_215351_529_traffic_scan_env2025_seed0-499_48352cd1,98,20,23,1,1
20260912_215351_529_traffic_scan_env2025_seed0-499_48352cd1,98,20,24,2,3
20260912_215351_529_traffic_scan_env2025_seed0-499_48352cd1,98,20,25,1,2
20260912_215351_529_traffic_scan_env2025_seed0-499_48352cd1,98,20,27,0,4
20260912_215351_529_traffic_scan_env2025_seed0-499_48352cd1,98,20,27,1,4
20260912_215351_529_traffic_scan_env2025_seed0-499_48352cd1,98,20,29,1,1
20260912_215351_529_traffic_scan_env2025_seed0-499_48352cd1,98,20,30,1,2
20260912_215351_529_traffic_scan_env2025_seed0-499_48352cd1,98,20,31,1,3
20260912_215351_529_traffic_scan_env2025_seed0-499_48352cd1,98,20,32,0,1
20260912_215351_529_traffic_scan_env2025_seed0-499_48352cd1,98,20,33,0,5
20260912_215351_529_traffic_scan_env2025_seed0-499_48352cd1,98,20,33,1,1
20260912_215351_529_traffic_scan_env2025_seed0-499_48352cd1,98,20,35,0,1
20260912_215351_529_traffic_scan_env2025_seed0-499_48352cd1,98,20,35,1,1
20260912_215351_529_traffic_scan_env2025_seed0-499_48352cd1,98,20,36,0,1
20260912_215351_529_traffic_scan_env2025_seed0-499_48352cd1,98,20,36,1,1
20260912_215351_529_traffic_scan_env2025_seed0-499_48352cd1,98,20,37,0,1
20260912_215351_529_traffic_scan_env2025_seed0-499_48352cd1,98,20,37,1,1
20260912_215351_529_traffic_scan_env2025_seed0-499_48352cd1,98,20,39,1,2
20260912_215351_529_traffic_scan_env2025_seed0-499_48352cd1,98,20,40,0,2
20260912_215351_529_traffic_scan_env2025_seed0-499_48352cd1,98,20,41,0,3
20260912_215351_529_traffic_scan_env2025_seed0-499_48352cd1,98,20,41,1,2
20260912_215351_529_traffic_scan_env2025_seed0-499_48352cd1,98,20,42,1,1
20260912_215351_529_traffic_scan_env2025_seed0-499_48352cd1,98,20,43,0,2
20260912_215351_529_traffic_scan_env2025_seed0-499_48352cd1,98,20,43,1,1
20260912_215351_529_traffic_scan_env2025_seed0-499_48352cd1,98,20,44,0,1
20260912_215351_529_traffic_scan_env2025_seed0-499_48352cd1,98,20,48,1,1
20260912_215351_529_traffic_scan_env2025_seed0-499_48352cd1,98,20,50,2,1
20260912_215351_529_traffic_scan_env2025_seed0-499_48352cd1,98,20,51,1,2
20260912_215351_529_traffic_scan_env2025_seed0-499_48352cd1,98,20,52,0,1
20260912_215351_529_traffic_scan_env2025_seed0-499_48352cd1,98,20,53,0,1
20260912_215351_529_traffic_scan_env2025_seed0-499_48352cd1,98,20,55,0,2
20260912_215351_529_traffic_scan_env2025_seed0-499_48352cd1,98,20,56,0,1
20260912_215351_529_traffic_scan_env2025_seed0-499_48352cd1,98,20,56,1,1
20260912_215351_529_traffic_scan_env2025_seed0-499_48352cd1,98,21,3,1,1
20260912_215351_529_traffic_scan_env2025_seed0-499_48352cd1,98,21,5,0,1
20260912_215351_529_traffic_scan_env2025_seed0-499_48352cd1,98,21,5,1,1
20260912_215351_529_traffic_scan_env2025_seed0-499_48352cd1,98,21,6,0,1
20260912_215351_529_traffic_scan_env2025_seed0-499_48352cd1,98,21,7,0,2
20260912_215351_529_traffic_scan_env2025_seed0-499_48352cd1,98,21,7,1,3
20260912_215351_529_traffic_scan_env2025_seed0-499_48352cd1,98,21,8,0,3
20260912_215351_529_traffic_scan_env2025_seed0-499_48352cd1,98,21,8,1,1
20260912_215351_529_traffic_scan_env2025_seed0-499_48352cd1,98,21,9,0,1
20260912_215351_529_traffic_scan_env2025_seed0-499_48352cd1,98,21,9,1,1
20260912_215351_529_traffic_scan_env2025_seed0-499_48352cd1,98,21,16,0,4
20260912_215351_529_traffic_scan_env2025_seed0-499_48352cd1,98,21,16,1,2
20260912_215351_529_traffic_scan_env2025_seed0-499_48352cd1,98,21,17,0,1
20260912_215351_529_traffic_scan_env2025_seed0-499_48352cd1,98,21,19,0,5
20260912_215351_529_traffic_scan_env2025_seed0-499_48352cd1,98,21,21,0,2
20260912_215351_529_traffic_scan_env2025_seed0-499_48352cd1,98,21,22,0,1
20260912_215351_529_traffic_scan_env2025_seed0-499_48352cd1,98,21,23,0,1
20260912_215351_529_traffic_scan_env2025_seed0-499_48352cd1,98,21,23,1,3
20260912_215351_529_traffic_scan_env2025_seed0-499_48352cd1,98,21,24,0,2
20260912_215351_529_traffic_scan_env2025_seed0-499_48352cd1,98,21,24,1,1
20260912_215351_529_traffic_scan_env2025_seed0-499_48352cd1,98,21,25,0,2
20260912_215351_529_traffic_scan_env2025_seed0-499_48352cd1,98,21,26,0,3
20260912_215351_529_traffic_scan_env2025_seed0-499_48352cd1,98,21,26,1,2
20260912_215351_529_traffic_scan_env2025_seed0-499_48352cd1,98,21,27,1,3
20260912_215351_529_traffic_scan_env2025_seed0-499_48352cd1,98,21,28,1,2
20260912_215351_529_traffic_scan_env2025_seed0-499_48352cd1,98,21,29,1,5
20260912_215351_529_traffic_scan_env2025_seed0-499_48352cd1,98,21,32,0,7
20260912_215351_529_traffic_scan_env2025_seed0-499_48352cd1,98,21,32,1,2
20260912_215351_529_traffic_scan_env2025_seed0-499_48352cd1,98,21,35,0,1
20260912_215351_529_traffic_scan_env2025_seed0-499_48352cd1,98,21,35,1,1
20260912_215351_529_traffic_scan_env2025_seed0-499_48352cd1,98,21,36,1,1
20260912_215351_529_traffic_scan_env2025_seed0-499_48352cd1,98,21,37,0,1
20260912_215351_529_traffic_scan_env2025_seed0-499_48352cd1,98,21,38,0,1
20260912_215351_529_traffic_scan_env2025_seed0-499_48352cd1,98,21,38,1,3
20260912_215351_529_traffic_scan_env2025_seed0-499_48352cd1,98,21,39,0,2
20260912_215351_529_traffic_scan_env2025_seed0-499_48352cd1,98,21,40,0,3
20260912_215351_529_traffic_scan_env2025_seed0-499_48352cd1,98,21,40,1,2
20260912_215351_529_traffic_scan_env2025_seed0-499_48352cd1,98,21,41,1,1
20260912_215351_529_traffic_scan_env2025_seed0-499_48352cd1,98,21,43,1,1
20260912_215351_529_traffic_scan_env2025_seed0-499_48352cd1,98,21,44,0,3
20260912_215351_529_traffic_scan_env2025_seed0-499_48352cd1,98,21,48,1,1
20260912_215351_529_traffic_scan_env2025_seed0-499_48352cd1,98,21,50,2,2
20260912_215351_529_traffic_scan_env2025_seed0-499_48352cd1,98,21,51,1,1
20260912_215351_529_traffic_scan_env2025_seed0-499_48352cd1,98,21,53,0,1
20260912_215351_529_traffic_scan_env2025_seed0-499_48352cd1,98,21,54,0,3
20260912_215351_529_traffic_scan_env2025_seed0-499_48352cd1,98,21,55,1,1
20260912_215351_529_traffic_scan_env2025_seed0-499_48352cd1,98,22,3,1,1
20260912_215351_529_traffic_scan_env2025_seed0-499_48352cd1,98,22,5,1,1
20260912_215351_529_traffic_scan_env2025_seed0-499_48352cd1,98,22,6,1,2
20260912_215351_529_traffic_scan_env2025_seed0-499_48352cd1,98,22,7,0,1
20260912_215351_529_traffic_scan_env2025_seed0-499_48352cd1,98,22,7,1,1
20260912_215351_529_traffic_scan_env2025_seed0-499_48352cd1,98,22,9,0,3
20260912_215351_529_traffic_scan_env2025_seed0-499_48352cd1,98,22,9,1,2
20260912_215351_529_traffic_scan_env2025_seed0-499_48352cd1,98,22,16,0,3
20260912_215351_529_traffic_scan_env2025_seed0-499_48352cd1,98,22,16,1,1
20260912_215351_529_traffic_scan_env2025_seed0-499_48352cd1,98,22,17,0,2
20260912_215351_529_traffic_scan_env2025_seed0-499_48352cd1,98,22,17,1,1
20260912_215351_529_traffic_scan_env2025_seed0-499_48352cd1,98,22,20,0,3
20260912_215351_529_traffic_scan_env2025_seed0-499_48352cd1,98,22,20,1,3
20260912_215351_529_traffic_scan_env2025_seed0-499_48352cd1,98,22,22,1,3
20260912_215351_529_traffic_scan_env2025_seed0-499_48352cd1,98,22,25,1,4
20260912_215351_529_traffic_scan_env2025_seed0-499_48352cd1,98,22,26,0,2
20260912_215351_529_traffic_scan_env2025_seed0-499_48352cd1,98,22,27,1,5
20260912_215351_529_traffic_scan_env2025_seed0-499_48352cd1,98,22,28,1,1
20260912_215351_529_traffic_scan_env2025_seed0-499_48352cd1,98,22,29,1,1
20260912_215351_529_traffic_scan_env2025_seed0-499_48352cd1,98,22,30,1,3
20260912_215351_529_traffic_scan_env2025_seed0-499_48352cd1,98,22,32,0,6
20260912_215351_529_traffic_scan_env2025_seed0-499_48352cd1,98,22,32,1,2
20260912_215351_529_traffic_scan_env2025_seed0-499_48352cd1,98,22,35,2,1
20260912_215351_529_traffic_scan_env2025_seed0-499_48352cd1,98,22,36,0,1
20260912_215351_529_traffic_scan_env2025_seed0-499_48352cd1,98,22,36,1,1
20260912_215351_529_traffic_scan_env2025_seed0-499_48352cd1,98,22,37,1,2
20260912_215351_529_traffic_scan_env2025_seed0-499_48352cd1,98,22,38,0,3
20260912_215351_529_traffic_scan_env2025_seed0-499_48352cd1,98,22,39,0,4
20260912_215351_529_traffic_scan_env2025_seed0-499_48352cd1,98,22,39,1,3
20260912_215351_529_traffic_scan_env2025_seed0-499_48352cd1,98,22,40,2,1
20260912_215351_529_traffic_scan_env2025_seed0-499_48352cd1,98,22,43,1,1
20260912_215351_529_traffic_scan_env2025_seed0-499_48352cd1,98,22,44,0,1
20260912_215351_529_traffic_scan_env2025_seed0-499_48352cd1,98,22,45,0,2
20260912_215351_529_traffic_scan_env2025_seed0-499_48352cd1,98,22,48,0,1
20260912_215351_529_traffic_scan_env2025_seed0-499_48352cd1,98,22,48,1,1
20260912_215351_529_traffic_scan_env2025_seed0-499_48352cd1,98,22,49,0,1
20260912_215351_529_traffic_scan_env2025_seed0-499_48352cd1,98,22,49,1,1
20260912_215351_529_traffic_scan_env2025_seed0-499_48352cd1,98,22,50,0,1
20260912_215351_529_traffic_scan_env2025_seed0-499_48352cd1,98,22,50,1,1
20260912_215351_529_traffic_scan_env2025_seed0-499_48352cd1,98,22,51,0,1
20260912_215351_529_traffic_scan_env2025_seed0-499_48352cd1,98,22,51,1,1
20260912_215351_529_traffic_scan_env2025_seed0-499_48352cd1,98,22,52,0,1
20260912_215351_529_traffic_scan_env2025_seed0-499_48352cd1,98,22,53,0,3
20260912_215351_529_traffic_scan_env2025_seed0-499_48352cd1,98,22,54,0,2
20260912_215351_529_traffic_scan_env2025_seed0-499_48352cd1,98,22,55,0,2
20260912_215351_529_traffic_scan_env2025_seed0-499_48352cd1,98,22,55,1,1
20260912_215351_529_traffic_scan_env2025_seed0-499_48352cd1,98,23,4,1,1
20260912_215351_529_traffic_scan_env2025_seed0-499_48352cd1,98,23,5,1,3
20260912_215351_529_traffic_scan_env2025_seed0-499_48352cd1,98,23,7,0,1
20260912_215351_529_traffic_scan_env2025_seed0-499_48352cd1,98,23,7,1,1
20260912_215351_529_traffic_scan_env2025_seed0-499_48352cd1,98,23,9,1,1
20260912_215351_529_traffic_scan_env2025_seed0-499_48352cd1,98,23,10,1,4
20260912_215351_529_traffic_scan_env2025_seed0-499_48352cd1,98,23,14,0,1
20260912_215351_529_traffic_scan_env2025_seed0-499_48352cd1,98,23,15,1,1
20260912_215351_529_traffic_scan_env2025_seed0-499_48352cd1,98,23,16,0,1
20260912_215351_529_traffic_scan_env2025_seed0-499_48352cd1,98,23,16,1,1
20260912_215351_529_traffic_scan_env2025_seed0-499_48352cd1,98,23,17,0,3
20260912_215351_529_traffic_scan_env2025_seed0-499_48352cd1,98,23,17,1,1
20260912_215351_529_traffic_scan_env2025_seed0-499_48352cd1,98,23,18,0,1
20260912_215351_529_traffic_scan_env2025_seed0-499_48352cd1,98,23,18,1,2
20260912_215351_529_traffic_scan_env2025_seed0-499_48352cd1,98,23,19,1,1
20260912_215351_529_traffic_scan_env2025_seed0-499_48352cd1,98,23,20,0,1
20260912_215351_529_traffic_scan_env2025_seed0-499_48352cd1,98,23,20,1,2
20260912_215351_529_traffic_scan_env2025_seed0-499_48352cd1,98,23,21,1,6
20260912_215351_529_traffic_scan_env2025_seed0-499_48352cd1,98,23,21,2,2
20260912_215351_529_traffic_scan_env2025_seed0-499_48352cd1,98,23,22,2,3
20260912_215351_529_traffic_scan_env2025_seed0-499_48352cd1,98,23,23,1,1
20260912_215351_529_traffic_scan_env2025_seed0-499_48352cd1,98,23,24,1,4
20260912_215351_529_traffic_scan_env2025_seed0-499_48352cd1,98,23,25,1,2
20260912_215351_529_traffic_scan_env2025_seed0-499_48352cd1,98,23,27,0,4
20260912_215351_529_traffic_scan_env2025_seed0-499_48352cd1,98,23,27,1,2
20260912_215351_529_traffic_scan_env2025_seed0-499_48352cd1,98,23,28,2,2
20260912_215351_529_traffic_scan_env2025_seed0-499_48352cd1,98,23,29,1,1
20260912_215351_529_traffic_scan_env2025_seed0-499_48352cd1,98,23,30,1,1
20260912_215351_529_traffic_scan_env2025_seed0-499_48352cd1,98,23,31,0,3
20260912_215351_529_traffic_scan_env2025_seed0-499_48352cd1,98,23,31,1,4
20260912_215351_529_traffic_scan_env2025_seed0-499_48352cd1,98,23,33,0,2
20260912_215351_529_traffic_scan_env2025_seed0-499_48352cd1,98,23,33,1,1
20260912_215351_529_traffic_scan_env2025_seed0-499_48352cd1,98,23,34,0,1
20260912_215351_529_traffic_scan_env2025_seed0-499_48352cd1,98,23,35,0,2
20260912_215351_529_traffic_scan_env2025_seed0-499_48352cd1,98,23,35,1,1
20260912_215351_529_traffic_scan_env2025_seed0-499_48352cd1,98,23,36,1,3
20260912_215351_529_traffic_scan_env2025_seed0-499_48352cd1,98,23,37,0,2
20260912_215351_529_traffic_scan_env2025_seed0-499_48352cd1,98,23,38,0,1
20260912_215351_529_traffic_scan_env2025_seed0-499_48352cd1,98,23,38,1,2
20260912_215351_529_traffic_scan_env2025_seed0-499_48352cd1,98,23,39,0,1
20260912_215351_529_traffic_scan_env2025_seed0-499_48352cd1,98,23,39,1,1
20260912_215351_529_traffic_scan_env2025_seed0-499_48352cd1,98,23,40,0,3
20260912_215351_529_traffic_scan_env2025_seed0-499_48352cd1,98,23,40,1,1
20260912_215351_529_traffic_scan_env2025_seed0-499_48352cd1,98,23,43,2,1
20260912_215351_529_traffic_scan_env2025_seed0-499_48352cd1,98,23,44,0,1
20260912_215351_529_traffic_scan_env2025_seed0-499_48352cd1,98,23,45,0,1
20260912_215351_529_traffic_scan_env2025_seed0-499_48352cd1,98,23,46,0,3
20260912_215351_529_traffic_scan_env2025_seed0-499_48352cd1,98,23,47,1,1
20260912_215351_529_traffic_scan_env2025_seed0-499_48352cd1,98,23,48,1,2
20260912_215351_529_traffic_scan_env2025_seed0-499_48352cd1,98,23,50,1,1
20260912_215351_529_traffic_scan_env2025_seed0-499_48352cd1,98,23,51,1,1
20260912_215351_529_traffic_scan_env2025_seed0-499_48352cd1,98,23,52,0,3
20260912_215351_529_traffic_scan_env2025_seed0-499_48352cd1,98,23,56,0,1
20260912_215351_529_traffic_scan_env2025_seed0-499_48352cd1,98,23,56,1,1
20260912_215351_529_traffic_scan_env2025_seed0-499_48352cd1,98,23,57,0,1
20260912_215351_529_traffic_scan_env2025_seed0-499_48352cd1,98,23,59,0,1
20260912_215351_529_traffic_scan_env2025_seed0-499_48352cd1,98,24,4,2,2
20260912_215351_529_traffic_scan_env2025_seed0-499_48352cd1,98,24,5,1,2
20260912_215351_529_traffic_scan_env2025_seed0-499_48352cd1,98,24,7,0,2
20260912_215351_529_traffic_scan_env2025_seed0-499_48352cd1,98,24,7,1,1
20260912_215351_529_traffic_scan_env2025_seed0-499_48352cd1,98,24,8,0,1
20260912_215351_529_traffic_scan_env2025_seed0-499_48352cd1,98,24,9,1,2
20260912_215351_529_traffic_scan_env2025_seed0-499_48352cd1,98,24,10,1,1
20260912_215351_529_traffic_scan_env2025_seed0-499_48352cd1,98,24,11,0,3
20260912_215351_529_traffic_scan_env2025_seed0-499_48352cd1,98,24,11,1,2
20260912_215351_529_traffic_scan_env2025_seed0-499_48352cd1,98,24,12,1,1
20260912_215351_529_traffic_scan_env2025_seed0-499_48352cd1,98,24,13,0,1
20260912_215351_529_traffic_scan_env2025_seed0-499_48352cd1,98,24,15,0,1
20260912_215351_529_traffic_scan_env2025_seed0-499_48352cd1,98,24,15,1,1
20260912_215351_529_traffic_scan_env2025_seed0-499_48352cd1,98,24,17,0,2
20260912_215351_529_traffic_scan_env2025_seed0-499_48352cd1,98,24,18,0,2
20260912_215351_529_traffic_scan_env2025_seed0-499_48352cd1,98,24,19,0,2
20260912_215351_529_traffic_scan_env2025_seed0-499_48352cd1,98,24,19,1,1
20260912_215351_529_traffic_scan_env2025_seed0-499_48352cd1,98,24,20,2,4
20260912_215351_529_traffic_scan_env2025_seed0-499_48352cd1,98,24,22,3,2
20260912_215351_529_traffic_scan_env2025_seed0-499_48352cd1,98,24,23,1,5
20260912_215351_529_traffic_scan_env2025_seed0-499_48352cd1,98,24,26,1,2
20260912_215351_529_traffic_scan_env2025_seed0-499_48352cd1,98,24,27,1,1
20260912_215351_529_traffic_scan_env2025_seed0-499_48352cd1,98,24,28,0,4
20260912_215351_529_traffic_scan_env2025_seed0-499_48352cd1,98,24,29,1,3
20260912_215351_529_traffic_scan_env2025_seed0-499_48352cd1,98,24,30,0,2
20260912_215351_529_traffic_scan_env2025_seed0-499_48352cd1,98,24,30,1,3
20260912_215351_529_traffic_scan_env2025_seed0-499_48352cd1,98,24,31,0,1
20260912_215351_529_traffic_scan_env2025_seed0-499_48352cd1,98,24,32,1,2
20260912_215351_529_traffic_scan_env2025_seed0-499_48352cd1,98,24,33,0,1
20260912_215351_529_traffic_scan_env2025_seed0-499_48352cd1,98,24,34,1,1
20260912_215351_529_traffic_scan_env2025_seed0-499_48352cd1,98,24,35,0,1
20260912_215351_529_traffic_scan_env2025_seed0-499_48352cd1,98,24,35,1,3
20260912_215351_529_traffic_scan_env2025_seed0-499_48352cd1,98,24,36,0,3
20260912_215351_529_traffic_scan_env2025_seed0-499_48352cd1,98,24,36,1,1
20260912_215351_529_traffic_scan_env2025_seed0-499_48352cd1,98,24,37,0,1
20260912_215351_529_traffic_scan_env2025_seed0-499_48352cd1,98,24,37,1,2
20260912_215351_529_traffic_scan_env2025_seed0-499_48352cd1,98,24,38,1,1
20260912_215351_529_traffic_scan_env2025_seed0-499_48352cd1,98,24,40,0,1
20260912_215351_529_traffic_scan_env2025_seed0-499_48352cd1,98,24,41,0,4
20260912_215351_529_traffic_scan_env2025_seed0-499_48352cd1,98,24,41,1,1
20260912_215351_529_traffic_scan_env2025_seed0-499_48352cd1,98,24,43,2,1
20260912_215351_529_traffic_scan_env2025_seed0-499_48352cd1,98,24,44,0,2
20260912_215351_529_traffic_scan_env2025_seed0-499_48352cd1,98,24,47,0,2
20260912_215351_529_traffic_scan_env2025_seed0-499_48352cd1,98,24,47,1,1
20260912_215351_529_traffic_scan_env2025_seed0-499_48352cd1,98,24,48,1,1
20260912_215351_529_traffic_scan_env2025_seed0-499_48352cd1,98,24,50,1,1
20260912_215351_529_traffic_scan_env2025_seed0-499_48352cd1,98,24,51,0,3
20260912_215351_529_traffic_scan_env2025_seed0-499_48352cd1,98,24,51,1,1
20260912_215351_529_traffic_scan_env2025_seed0-499_48352cd1,98,24,56,1,1
20260912_215351_529_traffic_scan_env2025_seed0-499_48352cd1,98,24,58,0,2
20260912_215351_529_traffic_scan_env2025_seed0-499_48352cd1,98,25,3,2,2
20260912_215351_529_traffic_scan_env2025_seed0-499_48352cd1,98,25,5,1,1
20260912_215351_529_traffic_scan_env2025_seed0-499_48352cd1,98,25,6,1,1
20260912_215351_529_traffic_scan_env2025_seed0-499_48352cd1,98,25,7,0,1
20260912_215351_529_traffic_scan_env2025_seed0-499_48352cd1,98,25,7,1,1
20260912_215351_529_traffic_scan_env2025_seed0-499_48352cd1,98,25,9,0,1
20260912_215351_529_traffic_scan_env2025_seed0-499_48352cd1,98,25,12,0,2
20260912_215351_529_traffic_scan_env2025_seed0-499_48352cd1,98,25,12,1,2
20260912_215351_529_traffic_scan_env2025_seed0-499_48352cd1,98,25,15,1,1
20260912_215351_529_traffic_scan_env2025_seed0-499_48352cd1,98,25,17,0,2
20260912_215351_529_traffic_scan_env2025_seed0-499_48352cd1,98,25,19,0,4
20260912_215351_529_traffic_scan_env2025_seed0-499_48352cd1,98,25,19,1,3
20260912_215351_529_traffic_scan_env2025_seed0-499_48352cd1,98,25,20,2,2
20260912_215351_529_traffic_scan_env2025_seed0-499_48352cd1,98,25,23,2,7
20260912_215351_529_traffic_scan_env2025_seed0-499_48352cd1,98,25,27,1,2
20260912_215351_529_traffic_scan_env2025_seed0-499_48352cd1,98,25,28,0,2
20260912_215351_529_traffic_scan_env2025_seed0-499_48352cd1,98,25,29,0,4
20260912_215351_529_traffic_scan_env2025_seed0-499_48352cd1,98,25,29,1,4
20260912_215351_529_traffic_scan_env2025_seed0-499_48352cd1,98,25,30,1,2
20260912_215351_529_traffic_scan_env2025_seed0-499_48352cd1,98,25,31,0,1
20260912_215351_529_traffic_scan_env2025_seed0-499_48352cd1,98,25,33,0,1
20260912_215351_529_traffic_scan_env2025_seed0-499_48352cd1,98,25,33,1,2
20260912_215351_529_traffic_scan_env2025_seed0-499_48352cd1,98,25,34,1,2
20260912_215351_529_traffic_scan_env2025_seed0-499_48352cd1,98,25,35,0,3
20260912_215351_529_traffic_scan_env2025_seed0-499_48352cd1,98,25,35,1,2
20260912_215351_529_traffic_scan_env2025_seed0-499_48352cd1,98,25,36,0,1
20260912_215351_529_traffic_scan_env2025_seed0-499_48352cd1,98,25,36,1,3
20260912_215351_529_traffic_scan_env2025_seed0-499_48352cd1,98,25,37,0,1
20260912_215351_529_traffic_scan_env2025_seed0-499_48352cd1,98,25,37,1,1
20260912_215351_529_traffic_scan_env2025_seed0-499_48352cd1,98,25,40,0,3
20260912_215351_529_traffic_scan_env2025_seed0-499_48352cd1,98,25,41,0,1
20260912_215351_529_traffic_scan_env2025_seed0-499_48352cd1,98,25,42,0,2
20260912_215351_529_traffic_scan_env2025_seed0-499_48352cd1,98,25,42,1,1
20260912_215351_529_traffic_scan_env2025_seed0-499_48352cd1,98,25,43,0,2
20260912_215351_529_traffic_scan_env2025_seed0-499_48352cd1,98,25,43,1,1
20260912_215351_529_traffic_scan_env2025_seed0-499_48352cd1,98,25,46,1,1
20260912_215351_529_traffic_scan_env2025_seed0-499_48352cd1,98,25,48,0,2
20260912_215351_529_traffic_scan_env2025_seed0-499_48352cd1,98,25,48,1,1
20260912_215351_529_traffic_scan_env2025_seed0-499_48352cd1,98,25,50,0,3
20260912_215351_529_traffic_scan_env2025_seed0-499_48352cd1,98,25,50,1,2
20260912_215351_529_traffic_scan_env2025_seed0-499_48352cd1,98,25,56,1,1
20260912_215351_529_traffic_scan_env2025_seed0-499_48352cd1,98,25,57,0,1
20260912_215351_529_traffic_scan_env2025_seed0-499_48352cd1,98,25,59,0,1
20260912_215351_529_traffic_scan_env2025_seed0-499_48352cd1,98,26,2,2,1
20260912_215351_529_traffic_scan_env2025_seed0-499_48352cd1,98,26,3,2,1
20260912_215351_529_traffic_scan_env2025_seed0-499_48352cd1,98,26,5,1,1
20260912_215351_529_traffic_scan_env2025_seed0-499_48352cd1,98,26,7,0,1
20260912_215351_529_traffic_scan_env2025_seed0-499_48352cd1,98,26,7,1,2
20260912_215351_529_traffic_scan_env2025_seed0-499_48352cd1,98,26,8,0,1
20260912_215351_529_traffic_scan_env2025_seed0-499_48352cd1,98,26,12,0,2
20260912_215351_529_traffic_scan_env2025_seed0-499_48352cd1,98,26,13,0,1
20260912_215351_529_traffic_scan_env2025_seed0-499_48352cd1,98,26,13,1,2
20260912_215351_529_traffic_scan_env2025_seed0-499_48352cd1,98,26,15,1,1
20260912_215351_529_traffic_scan_env2025_seed0-499_48352cd1,98,26,17,0,2
20260912_215351_529_traffic_scan_env2025_seed0-499_48352cd1,98,26,18,1,3
20260912_215351_529_traffic_scan_env2025_seed0-499_48352cd1,98,26,20,0,4
20260912_215351_529_traffic_scan_env2025_seed0-499_48352cd1,98,26,20,1,1
20260912_215351_529_traffic_scan_env2025_seed0-499_48352cd1,98,26,21,0,2
20260912_215351_529_traffic_scan_env2025_seed0-499_48352cd1,98,26,21,1,1
20260912_215351_529_traffic_scan_env2025_seed0-499_48352cd1,98,26,22,0,1
20260912_215351_529_traffic_scan_env2025_seed0-499_48352cd1,98,26,22,1,3
20260912_215351_529_traffic_scan_env2025_seed0-499_48352cd1,98,26,24,2,4
20260912_215351_529_traffic_scan_env2025_seed0-499_48352cd1,98,26,25,0,1
20260912_215351_529_traffic_scan_env2025_seed0-499_48352cd1,98,26,25,1,2
20260912_215351_529_traffic_scan_env2025_seed0-499_48352cd1,98,26,27,1,1
20260912_215351_529_traffic_scan_env2025_seed0-499_48352cd1,98,26,28,0,4
20260912_215351_529_traffic_scan_env2025_seed0-499_48352cd1,98,26,28,1,3
20260912_215351_529_traffic_scan_env2025_seed0-499_48352cd1,98,26,29,1,2
20260912_215351_529_traffic_scan_env2025_seed0-499_48352cd1,98,26,30,0,2
20260912_215351_529_traffic_scan_env2025_seed0-499_48352cd1,98,26,30,1,1
20260912_215351_529_traffic_scan_env2025_seed0-499_48352cd1,98,26,31,0,1
20260912_215351_529_traffic_scan_env2025_seed0-499_48352cd1,98,26,31,1,1
20260912_215351_529_traffic_scan_env2025_seed0-499_48352cd1,98,26,33,0,1
20260912_215351_529_traffic_scan_env2025_seed0-499_48352cd1,98,26,33,1,2
20260912_215351_529_traffic_scan_env2025_seed0-499_48352cd1,98,26,34,0,2
20260912_215351_529_traffic_scan_env2025_seed0-499_48352cd1,98,26,34,1,2
20260912_215351_529_traffic_scan_env2025_seed0-499_48352cd1,98,26,35,0,2
20260912_215351_529_traffic_scan_env2025_seed0-499_48352cd1,98,26,35,1,3
20260912_215351_529_traffic_scan_env2025_seed0-499_48352cd1,98,26,36,1,3
20260912_215351_529_traffic_scan_env2025_seed0-499_48352cd1,98,26,38,0,1
20260912_215351_529_traffic_scan_env2025_seed0-499_48352cd1,98,26,39,0,3
20260912_215351_529_traffic_scan_env2025_seed0-499_48352cd1,98,26,42,0,1
20260912_215351_529_traffic_scan_env2025_seed0-499_48352cd1,98,26,43,0,2
20260912_215351_529_traffic_scan_env2025_seed0-499_48352cd1,98,26,43,1,2
20260912_215351_529_traffic_scan_env2025_seed0-499_48352cd1,98,26,45,0,1
20260912_215351_529_traffic_scan_env2025_seed0-499_48352cd1,98,26,45,1,1
20260912_215351_529_traffic_scan_env2025_seed0-499_48352cd1,98,26,46,0,1
20260912_215351_529_traffic_scan_env2025_seed0-499_48352cd1,98,26,47,0,1
20260912_215351_529_traffic_scan_env2025_seed0-499_48352cd1,98,26,48,0,1
20260912_215351_529_traffic_scan_env2025_seed0-499_48352cd1,98,26,48,1,1
20260912_215351_529_traffic_scan_env2025_seed0-499_48352cd1,98,26,49,0,7
20260912_215351_529_traffic_scan_env2025_seed0-499_48352cd1,98,26,49,1,1
20260912_215351_529_traffic_scan_env2025_seed0-499_48352cd1,98,26,50,0,2
20260912_215351_529_traffic_scan_env2025_seed0-499_48352cd1,98,26,50,1,1
20260912_215351_529_traffic_scan_env2025_seed0-499_48352cd1,98,26,51,0,2
20260912_215351_529_traffic_scan_env2025_seed0-499_48352cd1,98,26,52,0,1
20260912_215351_529_traffic_scan_env2025_seed0-499_48352cd1,98,26,56,0,1
20260912_215351_529_traffic_scan_env2025_seed0-499_48352cd1,98,26,56,1,1
20260912_215351_529_traffic_scan_env2025_seed0-499_48352cd1,98,27,2,1,1
20260912_215351_529_traffic_scan_env2025_seed0-499_48352cd1,98,27,3,1,1
20260912_215351_529_traffic_scan_env2025_seed0-499_48352cd1,98,27,5,1,1
20260912_215351_529_traffic_scan_env2025_seed0-499_48352cd1,98,27,7,0,1
20260912_215351_529_traffic_scan_env2025_seed0-499_48352cd1,98,27,7,1,1
20260912_215351_529_traffic_scan_env2025_seed0-499_48352cd1,98,27,8,0,2
20260912_215351_529_traffic_scan_env2025_seed0-499_48352cd1,98,27,8,1,1
20260912_215351_529_traffic_scan_env2025_seed0-499_48352cd1,98,27,9,0,1
20260912_215351_529_traffic_scan_env2025_seed0-499_48352cd1,98,27,10,0,2
20260912_215351_529_traffic_scan_env2025_seed0-499_48352cd1,98,27,11,0,1
20260912_215351_529_traffic_scan_env2025_seed0-499_48352cd1,98,27,13,0,2
20260912_215351_529_traffic_scan_env2025_seed0-499_48352cd1,98,27,14,0,2
20260912_215351_529_traffic_scan_env2025_seed0-499_48352cd1,98,27,14,1,2
20260912_215351_529_traffic_scan_env2025_seed0-499_48352cd1,98,27,15,0,2
20260912_215351_529_traffic_scan_env2025_seed0-499_48352cd1,98,27,15,1,2
20260912_215351_529_traffic_scan_env2025_seed0-499_48352cd1,98,27,16,0,2
20260912_215351_529_traffic_scan_env2025_seed0-499_48352cd1,98,27,17,2,3
20260912_215351_529_traffic_scan_env2025_seed0-499_48352cd1,98,27,20,0,2
20260912_215351_529_traffic_scan_env2025_seed0-499_48352cd1,98,27,20,1,1
20260912_215351_529_traffic_scan_env2025_seed0-499_48352cd1,98,27,21,0,2
20260912_215351_529_traffic_scan_env2025_seed0-499_48352cd1,98,27,21,1,3
20260912_215351_529_traffic_scan_env2025_seed0-499_48352cd1,98,27,22,0,2
20260912_215351_529_traffic_scan_env2025_seed0-499_48352cd1,98,27,22,1,1
20260912_215351_529_traffic_scan_env2025_seed0-499_48352cd1,98,27,23,0,2
20260912_215351_529_traffic_scan_env2025_seed0-499_48352cd1,98,27,24,0,2
20260912_215351_529_traffic_scan_env2025_seed0-499_48352cd1,98,27,25,1,2
20260912_215351_529_traffic_scan_env2025_seed0-499_48352cd1,98,27,26,1,3
20260912_215351_529_traffic_scan_env2025_seed0-499_48352cd1,98,27,27,0,2
20260912_215351_529_traffic_scan_env2025_seed0-499_48352cd1,98,27,27,1,3
20260912_215351_529_traffic_scan_env2025_seed0-499_48352cd1,98,27,28,0,2
20260912_215351_529_traffic_scan_env2025_seed0-499_48352cd1,98,27,29,1,3
20260912_215351_529_traffic_scan_env2025_seed0-499_48352cd1,98,27,30,1,1
20260912_215351_529_traffic_scan_env2025_seed0-499_48352cd1,98,27,31,0,3
20260912_215351_529_traffic_scan_env2025_seed0-499_48352cd1,98,27,32,1,3
20260912_215351_529_traffic_scan_env2025_seed0-499_48352cd1,98,27,33,0,3
20260912_215351_529_traffic_scan_env2025_seed0-499_48352cd1,98,27,34,0,1
20260912_215351_529_traffic_scan_env2025_seed0-499_48352cd1,98,27,34,1,2
20260912_215351_529_traffic_scan_env2025_seed0-499_48352cd1,98,27,35,0,1
20260912_215351_529_traffic_scan_env2025_seed0-499_48352cd1,98,27,35,1,5
20260912_215351_529_traffic_scan_env2025_seed0-499_48352cd1,98,27,37,1,1
20260912_215351_529_traffic_scan_env2025_seed0-499_48352cd1,98,27,38,0,3
20260912_215351_529_traffic_scan_env2025_seed0-499_48352cd1,98,27,39,0,1
20260912_215351_529_traffic_scan_env2025_seed0-499_48352cd1,98,27,43,0,2
20260912_215351_529_traffic_scan_env2025_seed0-499_48352cd1,98,27,43,1,1
20260912_215351_529_traffic_scan_env2025_seed0-499_48352cd1,98,27,44,1,4
20260912_215351_529_traffic_scan_env2025_seed0-499_48352cd1,98,27,48,0,4
20260912_215351_529_traffic_scan_env2025_seed0-499_48352cd1,98,27,48,1,2
20260912_215351_529_traffic_scan_env2025_seed0-499_48352cd1,98,27,50,0,2
20260912_215351_529_traffic_scan_env2025_seed0-499_48352cd1,98,27,50,1,1
20260912_215351_529_traffic_scan_env2025_seed0-499_48352cd1,98,27,55,0,1
20260912_215351_529_traffic_scan_env2025_seed0-499_48352cd1,98,27,56,2,1
20260912_215351_529_traffic_scan_env2025_seed0-499_48352cd1,98,28,2,1,1
20260912_215351_529_traffic_scan_env2025_seed0-499_48352cd1,98,28,3,1,1
20260912_215351_529_traffic_scan_env2025_seed0-499_48352cd1,98,28,5,1,1
20260912_215351_529_traffic_scan_env2025_seed0-499_48352cd1,98,28,7,0,2
20260912_215351_529_traffic_scan_env2025_seed0-499_48352cd1,98,28,7,1,1
20260912_215351_529_traffic_scan_env2025_seed0-499_48352cd1,98,28,9,2,1
20260912_215351_529_traffic_scan_env2025_seed0-499_48352cd1,98,28,11,0,2
20260912_215351_529_traffic_scan_env2025_seed0-499_48352cd1,98,28,12,0,2
20260912_215351_529_traffic_scan_env2025_seed0-499_48352cd1,98,28,13,0,3
20260912_215351_529_traffic_scan_env2025_seed0-499_48352cd1,98,28,15,1,2
20260912_215351_529_traffic_scan_env2025_seed0-499_48352cd1,98,28,16,0,3
20260912_215351_529_traffic_scan_env2025_seed0-499_48352cd1,98,28,16,1,5
20260912_215351_529_traffic_scan_env2025_seed0-499_48352cd1,98,28,19,0,1
20260912_215351_529_traffic_scan_env2025_seed0-499_48352cd1,98,28,20,0,1
20260912_215351_529_traffic_scan_env2025_seed0-499_48352cd1,98,28,20,1,4
20260912_215351_529_traffic_scan_env2025_seed0-499_48352cd1,98,28,22,0,1
20260912_215351_529_traffic_scan_env2025_seed0-499_48352cd1,98,28,23,0,1
20260912_215351_529_traffic_scan_env2025_seed0-499_48352cd1,98,28,23,1,1
20260912_215351_529_traffic_scan_env2025_seed0-499_48352cd1,98,28,25,0,1
20260912_215351_529_traffic_scan_env2025_seed0-499_48352cd1,98,28,26,0,3
20260912_215351_529_traffic_scan_env2025_seed0-499_48352cd1,98,28,26,1,4
20260912_215351_529_traffic_scan_env2025_seed0-499_48352cd1,98,28,27,0,1
20260912_215351_529_traffic_scan_env2025_seed0-499_48352cd1,98,28,27,1,4
20260912_215351_529_traffic_scan_env2025_seed0-499_48352cd1,98,28,28,0,3
20260912_215351_529_traffic_scan_env2025_seed0-499_48352cd1,98,28,29,0,1
20260912_215351_529_traffic_scan_env2025_seed0-499_48352cd1,98,28,29,1,2
20260912_215351_529_traffic_scan_env2025_seed0-499_48352cd1,98,28,30,0,1
20260912_215351_529_traffic_scan_env2025_seed0-499_48352cd1,98,28,30,1,2
20260912_215351_529_traffic_scan_env2025_seed0-499_48352cd1,98,28,31,0,1
20260912_215351_529_traffic_scan_env2025_seed0-499_48352cd1,98,28,31,1,2
20260912_215351_529_traffic_scan_env2025_seed0-499_48352cd1,98,28,32,0,4
20260912_215351_529_traffic_scan_env2025_seed0-499_48352cd1,98,28,33,0,2
20260912_215351_529_traffic_scan_env2025_seed0-499_48352cd1,98,28,33,1,3
20260912_215351_529_traffic_scan_env2025_seed0-499_48352cd1,98,28,34,2,2
20260912_215351_529_traffic_scan_env2025_seed0-499_48352cd1,98,28,35,2,1
20260912_215351_529_traffic_scan_env2025_seed0-499_48352cd1,98,28,36,0,1
20260912_215351_529_traffic_scan_env2025_seed0-499_48352cd1,98,28,36,1,2
20260912_215351_529_traffic_scan_env2025_seed0-499_48352cd1,98,28,37,0,3
20260912_215351_529_traffic_scan_env2025_seed0-499_48352cd1,98,28,38,0,1
20260912_215351_529_traffic_scan_env2025_seed0-499_48352cd1,98,28,38,1,1
20260912_215351_529_traffic_scan_env2025_seed0-499_48352cd1,98,28,39,0,1
20260912_215351_529_traffic_scan_env2025_seed0-499_48352cd1,98,28,40,0,3
20260912_215351_529_traffic_scan_env2025_seed0-499_48352cd1,98,28,43,0,4
20260912_215351_529_traffic_scan_env2025_seed0-499_48352cd1,98,28,43,1,1
20260912_215351_529_traffic_scan_env2025_seed0-499_48352cd1,98,28,44,0,2
20260912_215351_529_traffic_scan_env2025_seed0-499_48352cd1,98,28,45,0,3
20260912_215351_529_traffic_scan_env2025_seed0-499_48352cd1,98,28,45,1,1
20260912_215351_529_traffic_scan_env2025_seed0-499_48352cd1,98,28,47,0,5
20260912_215351_529_traffic_scan_env2025_seed0-499_48352cd1,98,28,47,1,1
20260912_215351_529_traffic_scan_env2025_seed0-499_48352cd1,98,28,48,0,1
20260912_215351_529_traffic_scan_env2025_seed0-499_48352cd1,98,28,48,1,1
20260912_215351_529_traffic_scan_env2025_seed0-499_48352cd1,98,28,49,0,2
20260912_215351_529_traffic_scan_env2025_seed0-499_48352cd1,98,28,50,0,1
20260912_215351_529_traffic_scan_env2025_seed0-499_48352cd1,98,28,50,1,1
20260912_215351_529_traffic_scan_env2025_seed0-499_48352cd1,98,28,51,0,3
20260912_215351_529_traffic_scan_env2025_seed0-499_48352cd1,98,28,54,0,1
20260912_215351_529_traffic_scan_env2025_seed0-499_48352cd1,98,28,56,2,1
20260912_215351_529_traffic_scan_env2025_seed0-499_48352cd1,98,29,2,1,1
20260912_215351_529_traffic_scan_env2025_seed0-499_48352cd1,98,29,3,1,1
20260912_215351_529_traffic_scan_env2025_seed0-499_48352cd1,98,29,5,1,1
20260912_215351_529_traffic_scan_env2025_seed0-499_48352cd1,98,29,7,0,1
20260912_215351_529_traffic_scan_env2025_seed0-499_48352cd1,98,29,7,1,1
20260912_215351_529_traffic_scan_env2025_seed0-499_48352cd1,98,29,8,0,1
20260912_215351_529_traffic_scan_env2025_seed0-499_48352cd1,98,29,10,1,1
20260912_215351_529_traffic_scan_env2025_seed0-499_48352cd1,98,29,14,0,3
20260912_215351_529_traffic_scan_env2025_seed0-499_48352cd1,98,29,15,1,4
20260912_215351_529_traffic_scan_env2025_seed0-499_48352cd1,98,29,16,0,1
20260912_215351_529_traffic_scan_env2025_seed0-499_48352cd1,98,29,16,1,1
20260912_215351_529_traffic_scan_env2025_seed0-499_48352cd1,98,29,17,1,4
20260912_215351_529_traffic_scan_env2025_seed0-499_48352cd1,98,29,18,0,3
20260912_215351_529_traffic_scan_env2025_seed0-499_48352cd1,98,29,19,1,3
20260912_215351_529_traffic_scan_env2025_seed0-499_48352cd1,98,29,20,0,1
20260912_215351_529_traffic_scan_env2025_seed0-499_48352cd1,98,29,20,1,1
20260912_215351_529_traffic_scan_env2025_seed0-499_48352cd1,98,29,23,0,1
20260912_215351_529_traffic_scan_env2025_seed0-499_48352cd1,98,29,24,0,1
20260912_215351_529_traffic_scan_env2025_seed0-499_48352cd1,98,29,24,1,1
20260912_215351_529_traffic_scan_env2025_seed0-499_48352cd1,98,29,25,0,3
20260912_215351_529_traffic_scan_env2025_seed0-499_48352cd1,98,29,25,1,2
20260912_215351_529_traffic_scan_env2025_seed0-499_48352cd1,98,29,27,2,3
20260912_215351_529_traffic_scan_env2025_seed0-499_48352cd1,98,29,28,0,2
20260912_215351_529_traffic_scan_env2025_seed0-499_48352cd1,98,29,28,1,3
20260912_215351_529_traffic_scan_env2025_seed0-499_48352cd1,98,29,30,0,1
20260912_215351_529_traffic_scan_env2025_seed0-499_48352cd1,98,29,30,1,5
20260912_215351_529_traffic_scan_env2025_seed0-499_48352cd1,98,29,31,0,4
20260912_215351_529_traffic_scan_env2025_seed0-499_48352cd1,98,29,31,1,1
20260912_215351_529_traffic_scan_env2025_seed0-499_48352cd1,98,29,32,1,2
20260912_215351_529_traffic_scan_env2025_seed0-499_48352cd1,98,29,33,0,6
20260912_215351_529_traffic_scan_env2025_seed0-499_48352cd1,98,29,33,1,2
20260912_215351_529_traffic_scan_env2025_seed0-499_48352cd1,98,29,34,2,1
20260912_215351_529_traffic_scan_env2025_seed0-499_48352cd1,98,29,35,2,1
20260912_215351_529_traffic_scan_env2025_seed0-499_48352cd1,98,29,36,0,5
20260912_215351_529_traffic_scan_env2025_seed0-499_48352cd1,98,29,37,0,1
20260912_215351_529_traffic_scan_env2025_seed0-499_48352cd1,98,29,37,1,2
20260912_215351_529_traffic_scan_env2025_seed0-499_48352cd1,98,29,39,0,1
20260912_215351_529_traffic_scan_env2025_seed0-499_48352cd1,98,29,39,1,1
20260912_215351_529_traffic_scan_env2025_seed0-499_48352cd1,98,29,41,0,3
20260912_215351_529_traffic_scan_env2025_seed0-499_48352cd1,98,29,42,0,4
20260912_215351_529_traffic_scan_env2025_seed0-499_48352cd1,98,29,43,2,1
20260912_215351_529_traffic_scan_env2025_seed0-499_48352cd1,98,29,44,0,1
20260912_215351_529_traffic_scan_env2025_seed0-499_48352cd1,98,29,45,0,1
20260912_215351_529_traffic_scan_env2025_seed0-499_48352cd1,98,29,46,0,7
20260912_215351_529_traffic_scan_env2025_seed0-499_48352cd1,98,29,46,1,2
20260912_215351_529_traffic_scan_env2025_seed0-499_48352cd1,98,29,47,0,2
20260912_215351_529_traffic_scan_env2025_seed0-499_48352cd1,98,29,48,0,1
20260912_215351_529_traffic_scan_env2025_seed0-499_48352cd1,98,29,48,1,1
20260912_215351_529_traffic_scan_env2025_seed0-499_48352cd1,98,29,50,0,1
20260912_215351_529_traffic_scan_env2025_seed0-499_48352cd1,98,29,50,1,1
20260912_215351_529_traffic_scan_env2025_seed0-499_48352cd1,98,29,51,0,1
20260912_215351_529_traffic_scan_env2025_seed0-499_48352cd1,98,29,52,0,3
20260912_215351_529_traffic_scan_env2025_seed0-499_48352cd1,98,29,53,0,2
20260912_215351_529_traffic_scan_env2025_seed0-499_48352cd1,98,29,56,1,1
20260912_215351_529_traffic_scan_env2025_seed0-499_48352cd1,98,30,2,0,1
20260912_215351_529_traffic_scan_env2025_seed0-499_48352cd1,98,30,2,1,1
20260912_215351_529_traffic_scan_env2025_seed0-499_48352cd1,98,30,3,0,1
20260912_215351_529_traffic_scan_env2025_seed0-499_48352cd1,98,30,3,1,1
20260912_215351_529_traffic_scan_env2025_seed0-499_48352cd1,98,30,5,1,1
20260912_215351_529_traffic_scan_env2025_seed0-499_48352cd1,98,30,7,0,1
20260912_215351_529_traffic_scan_env2025_seed0-499_48352cd1,98,30,7,1,1
20260912_215351_529_traffic_scan_env2025_seed0-499_48352cd1,98,30,9,0,1
20260912_215351_529_traffic_scan_env2025_seed0-499_48352cd1,98,30,11,1,1
20260912_215351_529_traffic_scan_env2025_seed0-499_48352cd1,98,30,14,2,3
20260912_215351_529_traffic_scan_env2025_seed0-499_48352cd1,98,30,15,0,3
20260912_215351_529_traffic_scan_env2025_seed0-499_48352cd1,98,30,15,1,1
20260912_215351_529_traffic_scan_env2025_seed0-499_48352cd1,98,30,16,0,1
20260912_215351_529_traffic_scan_env2025_seed0-499_48352cd1,98,30,17,1,2
20260912_215351_529_traffic_scan_env2025_seed0-499_48352cd1,98,30,18,1,3
20260912_215351_529_traffic_scan_env2025_seed0-499_48352cd1,98,30,19,0,2
20260912_215351_529_traffic_scan_env2025_seed0-499_48352cd1,98,30,20,0,1
20260912_215351_529_traffic_scan_env2025_seed0-499_48352cd1,98,30,20,1,1
20260912_215351_529_traffic_scan_env2025_seed0-499_48352cd1,98,30,24,0,3
20260912_215351_529_traffic_scan_env2025_seed0-499_48352cd1,98,30,24,1,2
20260912_215351_529_traffic_scan_env2025_seed0-499_48352cd1,98,30,25,1,1
20260912_215351_529_traffic_scan_env2025_seed0-499_48352cd1,98,30,26,0,1
20260912_215351_529_traffic_scan_env2025_seed0-499_48352cd1,98,30,27,1,1
20260912_215351_529_traffic_scan_env2025_seed0-499_48352cd1,98,30,28,0,1
20260912_215351_529_traffic_scan_env2025_seed0-499_48352cd1,98,30,28,1,2
20260912_215351_529_traffic_scan_env2025_seed0-499_48352cd1,98,30,29,0,3
20260912_215351_529_traffic_scan_env2025_seed0-499_48352cd1,98,30,29,1,4
20260912_215351_529_traffic_scan_env2025_seed0-499_48352cd1,98,30,30,2,3
20260912_215351_529_traffic_scan_env2025_seed0-499_48352cd1,98,30,31,0,2
20260912_215351_529_traffic_scan_env2025_seed0-499_48352cd1,98,30,31,1,2
20260912_215351_529_traffic_scan_env2025_seed0-499_48352cd1,98,30,32,0,5
20260912_215351_529_traffic_scan_env2025_seed0-499_48352cd1,98,30,32,1,3
20260912_215351_529_traffic_scan_env2025_seed0-499_48352cd1,98,30,33,0,2
20260912_215351_529_traffic_scan_env2025_seed0-499_48352cd1,98,30,34,0,5
20260912_215351_529_traffic_scan_env2025_seed0-499_48352cd1,98,30,35,0,6
20260912_215351_529_traffic_scan_env2025_seed0-499_48352cd1,98,30,35,1,2
20260912_215351_529_traffic_scan_env2025_seed0-499_48352cd1,98,30,36,0,1
20260912_215351_529_traffic_scan_env2025_seed0-499_48352cd1,98,30,37,0,2
20260912_215351_529_traffic_scan_env2025_seed0-499_48352cd1,98,30,38,0,2
20260912_215351_529_traffic_scan_env2025_seed0-499_48352cd1,98,30,38,1,2
20260912_215351_529_traffic_scan_env2025_seed0-499_48352cd1,98,30,39,0,1
20260912_215351_529_traffic_scan_env2025_seed0-499_48352cd1,98,30,39,1,3
20260912_215351_529_traffic_scan_env2025_seed0-499_48352cd1,98,30,40,0,1
20260912_215351_529_traffic_scan_env2025_seed0-499_48352cd1,98,30,41,0,1
20260912_215351_529_traffic_scan_env2025_seed0-499_48352cd1,98,30,42,0,4
20260912_215351_529_traffic_scan_env2025_seed0-499_48352cd1,98,30,43,0,3
20260912_215351_529_traffic_scan_env2025_seed0-499_48352cd1,98,30,43,1,1
20260912_215351_529_traffic_scan_env2025_seed0-499_48352cd1,98,30,44,0,2
20260912_215351_529_traffic_scan_env2025_seed0-499_48352cd1,98,30,45,0,5
20260912_215351_529_traffic_scan_env2025_seed0-499_48352cd1,98,30,45,1,2
20260912_215351_529_traffic_scan_env2025_seed0-499_48352cd1,98,30,48,0,1
20260912_215351_529_traffic_scan_env2025_seed0-499_48352cd1,98,30,48,1,1
20260912_215351_529_traffic_scan_env2025_seed0-499_48352cd1,98,30,49,1,1
20260912_215351_529_traffic_scan_env2025_seed0-499_48352cd1,98,30,52,0,1
20260912_215351_529_traffic_scan_env2025_seed0-499_48352cd1,98,30,53,0,2
20260912_215351_529_traffic_scan_env2025_seed0-499_48352cd1,98,30,56,1,1
20260912_215351_529_traffic_scan_env2025_seed0-499_48352cd1,98,31,0,0,1
20260912_215351_529_traffic_scan_env2025_seed0-499_48352cd1,98,31,1,0,1
20260912_215351_529_traffic_scan_env2025_seed0-499_48352cd1,98,31,2,2,1
20260912_215351_529_traffic_scan_env2025_seed0-499_48352cd1,98,31,3,2,1
20260912_215351_529_traffic_scan_env2025_seed0-499_48352cd1,98,31,4,0,1
20260912_215351_529_traffic_scan_env2025_seed0-499_48352cd1,98,31,5,0,1
20260912_215351_529_traffic_scan_env2025_seed0-499_48352cd1,98,31,5,1,1
20260912_215351_529_traffic_scan_env2025_seed0-499_48352cd1,98,31,6,0,1
20260912_215351_529_traffic_scan_env2025_seed0-499_48352cd1,98,31,7,0,1
20260912_215351_529_traffic_scan_env2025_seed0-499_48352cd1,98,31,7,1,2
20260912_215351_529_traffic_scan_env2025_seed0-499_48352cd1,98,31,8,1,1
20260912_215351_529_traffic_scan_env2025_seed0-499_48352cd1,98,31,9,0,1
20260912_215351_529_traffic_scan_env2025_seed0-499_48352cd1,98,31,9,1,1
20260912_215351_529_traffic_scan_env2025_seed0-499_48352cd1,98,31,10,1,1
20260912_215351_529_traffic_scan_env2025_seed0-499_48352cd1,98,31,11,1,1
20260912_215351_529_traffic_scan_env2025_seed0-499_48352cd1,98,31,12,1,2
20260912_215351_529_traffic_scan_env2025_seed0-499_48352cd1,98,31,13,1,3
20260912_215351_529_traffic_scan_env2025_seed0-499_48352cd1,98,31,15,0,1
20260912_215351_529_traffic_scan_env2025_seed0-499_48352cd1,98,31,15,1,1
20260912_215351_529_traffic_scan_env2025_seed0-499_48352cd1,98,31,16,0,3
20260912_215351_529_traffic_scan_env2025_seed0-499_48352cd1,98,31,17,1,4
20260912_215351_529_traffic_scan_env2025_seed0-499_48352cd1,98,31,18,1,1
20260912_215351_529_traffic_scan_env2025_seed0-499_48352cd1,98,31,20,0,3
20260912_215351_529_traffic_scan_env2025_seed0-499_48352cd1,98,31,20,1,1
20260912_215351_529_traffic_scan_env2025_seed0-499_48352cd1,98,31,23,0,1
20260912_215351_529_traffic_scan_env2025_seed0-499_48352cd1,98,31,23,1,2
20260912_215351_529_traffic_scan_env2025_seed0-499_48352cd1,98,31,24,0,1
20260912_215351_529_traffic_scan_env2025_seed0-499_48352cd1,98,31,25,0,1
20260912_215351_529_traffic_scan_env2025_seed0-499_48352cd1,98,31,26,1,1
20260912_215351_529_traffic_scan_env2025_seed0-499_48352cd1,98,31,27,0,1
20260912_215351_529_traffic_scan_env2025_seed0-499_48352cd1,98,31,27,1,1
20260912_215351_529_traffic_scan_env2025_seed0-499_48352cd1,98,31,28,0,3
20260912_215351_529_traffic_scan_env2025_seed0-499_48352cd1,98,31,28,1,1
20260912_215351_529_traffic_scan_env2025_seed0-499_48352cd1,98,31,29,0,1
20260912_215351_529_traffic_scan_env2025_seed0-499_48352cd1,98,31,29,1,2
20260912_215351_529_traffic_scan_env2025_seed0-499_48352cd1,98,31,30,0,2
20260912_215351_529_traffic_scan_env2025_seed0-499_48352cd1,98,31,30,1,8
20260912_215351_529_traffic_scan_env2025_seed0-499_48352cd1,98,31,31,0,4
20260912_215351_529_traffic_scan_env2025_seed0-499_48352cd1,98,31,31,1,2
20260912_215351_529_traffic_scan_env2025_seed0-499_48352cd1,98,31,33,0,2
20260912_215351_529_traffic_scan_env2025_seed0-499_48352cd1,98,31,33,1,1
20260912_215351_529_traffic_scan_env2025_seed0-499_48352cd1,98,31,34,0,2
20260912_215351_529_traffic_scan_env2025_seed0-499_48352cd1,98,31,35,0,3
20260912_215351_529_traffic_scan_env2025_seed0-499_48352cd1,98,31,35,1,1
20260912_215351_529_traffic_scan_env2025_seed0-499_48352cd1,98,31,36,0,1
20260912_215351_529_traffic_scan_env2025_seed0-499_48352cd1,98,31,36,1,1
20260912_215351_529_traffic_scan_env2025_seed0-499_48352cd1,98,31,40,1,3
20260912_215351_529_traffic_scan_env2025_seed0-499_48352cd1,98,31,41,0,3
20260912_215351_529_traffic_scan_env2025_seed0-499_48352cd1,98,31,42,0,1
20260912_215351_529_traffic_scan_env2025_seed0-499_48352cd1,98,31,43,0,3
20260912_215351_529_traffic_scan_env2025_seed0-499_48352cd1,98,31,43,1,1
20260912_215351_529_traffic_scan_env2025_seed0-499_48352cd1,98,31,44,2,1
20260912_215351_529_traffic_scan_env2025_seed0-499_48352cd1,98,31,45,0,3
20260912_215351_529_traffic_scan_env2025_seed0-499_48352cd1,98,31,45,1,1
20260912_215351_529_traffic_scan_env2025_seed0-499_48352cd1,98,31,48,0,1
20260912_215351_529_traffic_scan_env2025_seed0-499_48352cd1,98,31,48,1,1
20260912_215351_529_traffic_scan_env2025_seed0-499_48352cd1,98,31,49,1,1
20260912_215351_529_traffic_scan_env2025_seed0-499_48352cd1,98,31,51,0,1
20260912_215351_529_traffic_scan_env2025_seed0-499_48352cd1,98,31,54,0,2
20260912_215351_529_traffic_scan_env2025_seed0-499_48352cd1,98,31,56,1,1
20260912_215351_529_traffic_scan_env2025_seed0-499_48352cd1,98,32,2,2,1
20260912_215351_529_traffic_scan_env2025_seed0-499_48352cd1,98,32,3,2,1
20260912_215351_529_traffic_scan_env2025_seed0-499_48352cd1,98,32,5,1,1
20260912_215351_529_traffic_scan_env2025_seed0-499_48352cd1,98,32,7,0,1
20260912_215351_529_traffic_scan_env2025_seed0-499_48352cd1,98,32,7,1,1
20260912_215351_529_traffic_scan_env2025_seed0-499_48352cd1,98,32,9,0,1
20260912_215351_529_traffic_scan_env2025_seed0-499_48352cd1,98,32,12,2,2
20260912_215351_529_traffic_scan_env2025_seed0-499_48352cd1,98,32,13,1,1
20260912_215351_529_traffic_scan_env2025_seed0-499_48352cd1,98,32,15,1,1
20260912_215351_529_traffic_scan_env2025_seed0-499_48352cd1,98,32,16,0,2
20260912_215351_529_traffic_scan_env2025_seed0-499_48352cd1,98,32,16,1,3
20260912_215351_529_traffic_scan_env2025_seed0-499_48352cd1,98,32,17,0,2
20260912_215351_529_traffic_scan_env2025_seed0-499_48352cd1,98,32,17,1,1
20260912_215351_529_traffic_scan_env2025_seed0-499_48352cd1,98,32,19,1,1
20260912_215351_529_traffic_scan_env2025_seed0-499_48352cd1,98,32,20,1,2
20260912_215351_529_traffic_scan_env2025_seed0-499_48352cd1,98,32,21,0,3
20260912_215351_529_traffic_scan_env2025_seed0-499_48352cd1,98,32,21,1,3
20260912_215351_529_traffic_scan_env2025_seed0-499_48352cd1,98,32,22,0,3
20260912_215351_529_traffic_scan_env2025_seed0-499_48352cd1,98,32,22,1,2
20260912_215351_529_traffic_scan_env2025_seed0-499_48352cd1,98,32,23,0,2
20260912_215351_529_traffic_scan_env2025_seed0-499_48352cd1,98,32,24,0,1
20260912_215351_529_traffic_scan_env2025_seed0-499_48352cd1,98,32,26,0,2
20260912_215351_529_traffic_scan_env2025_seed0-499_48352cd1,98,32,27,0,3
20260912_215351_529_traffic_scan_env2025_seed0-499_48352cd1,98,32,27,1,3
20260912_215351_529_traffic_scan_env2025_seed0-499_48352cd1,98,32,28,0,2
20260912_215351_529_traffic_scan_env2025_seed0-499_48352cd1,98,32,29,0,2
20260912_215351_529_traffic_scan_env2025_seed0-499_48352cd1,98,32,29,1,2
20260912_215351_529_traffic_scan_env2025_seed0-499_48352cd1,98,32,30,0,5
20260912_215351_529_traffic_scan_env2025_seed0-499_48352cd1,98,32,30,1,7
20260912_215351_529_traffic_scan_env2025_seed0-499_48352cd1,98,32,31,1,3
20260912_215351_529_traffic_scan_env2025_seed0-499_48352cd1,98,32,33,0,3
20260912_215351_529_traffic_scan_env2025_seed0-499_48352cd1,98,32,34,0,1
20260912_215351_529_traffic_scan_env2025_seed0-499_48352cd1,98,32,34,1,1
20260912_215351_529_traffic_scan_env2025_seed0-499_48352cd1,98,32,35,0,2
20260912_215351_529_traffic_scan_env2025_seed0-499_48352cd1,98,32,35,1,1
20260912_215351_529_traffic_scan_env2025_seed0-499_48352cd1,98,32,36,0,2
20260912_215351_529_traffic_scan_env2025_seed0-499_48352cd1,98,32,37,1,1
20260912_215351_529_traffic_scan_env2025_seed0-499_48352cd1,98,32,40,0,3
20260912_215351_529_traffic_scan_env2025_seed0-499_48352cd1,98,32,41,2,3
20260912_215351_529_traffic_scan_env2025_seed0-499_48352cd1,98,32,43,0,1
20260912_215351_529_traffic_scan_env2025_seed0-499_48352cd1,98,32,43,1,2
20260912_215351_529_traffic_scan_env2025_seed0-499_48352cd1,98,32,44,0,2
20260912_215351_529_traffic_scan_env2025_seed0-499_48352cd1,98,32,45,0,2
20260912_215351_529_traffic_scan_env2025_seed0-499_48352cd1,98,32,46,0,1
20260912_215351_529_traffic_scan_env2025_seed0-499_48352cd1,98,32,46,1,1
20260912_215351_529_traffic_scan_env2025_seed0-499_48352cd1,98,32,47,2,1
20260912_215351_529_traffic_scan_env2025_seed0-499_48352cd1,98,32,49,0,1
20260912_215351_529_traffic_scan_env2025_seed0-499_48352cd1,98,32,49,1,1
20260912_215351_529_traffic_scan_env2025_seed0-499_48352cd1,98,32,50,0,1
20260912_215351_529_traffic_scan_env2025_seed0-499_48352cd1,98,32,55,0,2
20260912_215351_529_traffic_scan_env2025_seed0-499_48352cd1,98,32,55,1,1
20260912_215351_529_traffic_scan_env2025_seed0-499_48352cd1,98,33,2,1,1
20260912_215351_529_traffic_scan_env2025_seed0-499_48352cd1,98,33,3,1,1
20260912_215351_529_traffic_scan_env2025_seed0-499_48352cd1,98,33,5,1,1
20260912_215351_529_traffic_scan_env2025_seed0-499_48352cd1,98,33,8,0,2
20260912_215351_529_traffic_scan_env2025_seed0-499_48352cd1,98,33,8,1,1
20260912_215351_529_traffic_scan_env2025_seed0-499_48352cd1,98,33,11,1,2
20260912_215351_529_traffic_scan_env2025_seed0-499_48352cd1,98,33,12,1,1
20260912_215351_529_traffic_scan_env2025_seed0-499_48352cd1,98,33,13,1,1
20260912_215351_529_traffic_scan_env2025_seed0-499_48352cd1,98,33,14,1,2
20260912_215351_529_traffic_scan_env2025_seed0-499_48352cd1,98,33,15,1,4
20260912_215351_529_traffic_scan_env2025_seed0-499_48352cd1,98,33,16,0,1
20260912_215351_529_traffic_scan_env2025_seed0-499_48352cd1,98,33,17,0,1
20260912_215351_529_traffic_scan_env2025_seed0-499_48352cd1,98,33,17,1,1
20260912_215351_529_traffic_scan_env2025_seed0-499_48352cd1,98,33,18,1,2
20260912_215351_529_traffic_scan_env2025_seed0-499_48352cd1,98,33,19,1,2
20260912_215351_529_traffic_scan_env2025_seed0-499_48352cd1,98,33,20,1,1
20260912_215351_529_traffic_scan_env2025_seed0-499_48352cd1,98,33,21,0,2
20260912_215351_529_traffic_scan_env2025_seed0-499_48352cd1,98,33,21,1,1
20260912_215351_529_traffic_scan_env2025_seed0-499_48352cd1,98,33,24,0,3
20260912_215351_529_traffic_scan_env2025_seed0-499_48352cd1,98,33,25,0,1
20260912_215351_529_traffic_scan_env2025_seed0-499_48352cd1,98,33,27,2,2
20260912_215351_529_traffic_scan_env2025_seed0-499_48352cd1,98,33,28,0,4
20260912_215351_529_traffic_scan_env2025_seed0-499_48352cd1,98,33,28,1,3
20260912_215351_529_traffic_scan_env2025_seed0-499_48352cd1,98,33,29,0,6
20260912_215351_529_traffic_scan_env2025_seed0-499_48352cd1,98,33,29,1,2
20260912_215351_529_traffic_scan_env2025_seed0-499_48352cd1,98,33,30,0,1
20260912_215351_529_traffic_scan_env2025_seed0-499_48352cd1,98,33,30,1,3
20260912_215351_529_traffic_scan_env2025_seed0-499_48352cd1,98,33,31,1,2
20260912_215351_529_traffic_scan_env2025_seed0-499_48352cd1,98,33,32,0,3
20260912_215351_529_traffic_scan_env2025_seed0-499_48352cd1,98,33,32,1,4
20260912_215351_529_traffic_scan_env2025_seed0-499_48352cd1,98,33,34,0,1
20260912_215351_529_traffic_scan_env2025_seed0-499_48352cd1,98,33,35,0,2
20260912_215351_529_traffic_scan_env2025_seed0-499_48352cd1,98,33,35,1,2
20260912_215351_529_traffic_scan_env2025_seed0-499_48352cd1,98,33,37,0,2
20260912_215351_529_traffic_scan_env2025_seed0-499_48352cd1,98,33,38,1,1
20260912_215351_529_traffic_scan_env2025_seed0-499_48352cd1,98,33,39,0,3
20260912_215351_529_traffic_scan_env2025_seed0-499_48352cd1,98,33,42,2,4
20260912_215351_529_traffic_scan_env2025_seed0-499_48352cd1,98,33,43,0,2
20260912_215351_529_traffic_scan_env2025_seed0-499_48352cd1,98,33,43,1,1
20260912_215351_529_traffic_scan_env2025_seed0-499_48352cd1,98,33,45,0,1
20260912_215351_529_traffic_scan_env2025_seed0-499_48352cd1,98,33,46,0,2
20260912_215351_529_traffic_scan_env2025_seed0-499_48352cd1,98,33,47,2,2
20260912_215351_529_traffic_scan_env2025_seed0-499_48352cd1,98,33,49,0,2
20260912_215351_529_traffic_scan_env2025_seed0-499_48352cd1,98,33,49,1,1
20260912_215351_529_traffic_scan_env2025_seed0-499_48352cd1,98,33,55,0,2
20260912_215351_529_traffic_scan_env2025_seed0-499_48352cd1,98,33,55,1,1
20260912_215351_529_traffic_scan_env2025_seed0-499_48352cd1,98,34,2,1,1
20260912_215351_529_traffic_scan_env2025_seed0-499_48352cd1,98,34,3,1,1
20260912_215351_529_traffic_scan_env2025_seed0-499_48352cd1,98,34,4,0,1
20260912_215351_529_traffic_scan_env2025_seed0-499_48352cd1,98,34,5,0,1
20260912_215351_529_traffic_scan_env2025_seed0-499_48352cd1,98,34,5,1,1
20260912_215351_529_traffic_scan_env2025_seed0-499_48352cd1,98,34,6,0,1
20260912_215351_529_traffic_scan_env2025_seed0-499_48352cd1,98,34,7,0,1
20260912_215351_529_traffic_scan_env2025_seed0-499_48352cd1,98,34,8,0,3
20260912_215351_529_traffic_scan_env2025_seed0-499_48352cd1,98,34,9,0,1
20260912_215351_529_traffic_scan_env2025_seed0-499_48352cd1,98,34,9,1,1
20260912_215351_529_traffic_scan_env2025_seed0-499_48352cd1,98,34,10,0,1
20260912_215351_529_traffic_scan_env2025_seed0-499_48352cd1,98,34,10,1,2
20260912_215351_529_traffic_scan_env2025_seed0-499_48352cd1,98,34,11,0,1
20260912_215351_529_traffic_scan_env2025_seed0-499_48352cd1,98,34,14,1,2
20260912_215351_529_traffic_scan_env2025_seed0-499_48352cd1,98,34,15,1,2
20260912_215351_529_traffic_scan_env2025_seed0-499_48352cd1,98,34,16,0,1
20260912_215351_529_traffic_scan_env2025_seed0-499_48352cd1,98,34,17,2,1
20260912_215351_529_traffic_scan_env2025_seed0-499_48352cd1,98,34,18,0,1
20260912_215351_529_traffic_scan_env2025_seed0-499_48352cd1,98,34,18,1,2
20260912_215351_529_traffic_scan_env2025_seed0-499_48352cd1,98,34,19,1,2
20260912_215351_529_traffic_scan_env2025_seed0-499_48352cd1,98,34,20,0,1
20260912_215351_529_traffic_scan_env2025_seed0-499_48352cd1,98,34,21,0,1
20260912_215351_529_traffic_scan_env2025_seed0-499_48352cd1,98,34,21,1,2
20260912_215351_529_traffic_scan_env2025_seed0-499_48352cd1,98,34,24,0,2
20260912_215351_529_traffic_scan_env2025_seed0-499_48352cd1,98,34,25,0,2
20260912_215351_529_traffic_scan_env2025_seed0-499_48352cd1,98,34,27,2,4
20260912_215351_529_traffic_scan_env2025_seed0-499_48352cd1,98,34,28,0,7
20260912_215351_529_traffic_scan_env2025_seed0-499_48352cd1,98,34,28,1,2
20260912_215351_529_traffic_scan_env2025_seed0-499_48352cd1,98,34,29,0,1
20260912_215351_529_traffic_scan_env2025_seed0-499_48352cd1,98,34,29,1,1
20260912_215351_529_traffic_scan_env2025_seed0-499_48352cd1,98,34,30,0,3
20260912_215351_529_traffic_scan_env2025_seed0-499_48352cd1,98,34,30,1,3
20260912_215351_529_traffic_scan_env2025_seed0-499_48352cd1,98,34,31,0,3
20260912_215351_529_traffic_scan_env2025_seed0-499_48352cd1,98,34,31,1,1
20260912_215351_529_traffic_scan_env2025_seed0-499_48352cd1,98,34,33,0,1
20260912_215351_529_traffic_scan_env2025_seed0-499_48352cd1,98,34,33,1,4
20260912_215351_529_traffic_scan_env2025_seed0-499_48352cd1,98,34,35,0,1
20260912_215351_529_traffic_scan_env2025_seed0-499_48352cd1,98,34,35,1,1
20260912_215351_529_traffic_scan_env2025_seed0-499_48352cd1,98,34,36,0,1
20260912_215351_529_traffic_scan_env2025_seed0-499_48352cd1,98,34,36,1,1
20260912_215351_529_traffic_scan_env2025_seed0-499_48352cd1,98,34,38,0,5
20260912_215351_529_traffic_scan_env2025_seed0-499_48352cd1,98,34,39,1,1
20260912_215351_529_traffic_scan_env2025_seed0-499_48352cd1,98,34,41,1,1
20260912_215351_529_traffic_scan_env2025_seed0-499_48352cd1,98,34,42,0,2
20260912_215351_529_traffic_scan_env2025_seed0-499_48352cd1,98,34,43,1,4
20260912_215351_529_traffic_scan_env2025_seed0-499_48352cd1,98,34,46,0,2
20260912_215351_529_traffic_scan_env2025_seed0-499_48352cd1,98,34,47,0,1
20260912_215351_529_traffic_scan_env2025_seed0-499_48352cd1,98,34,47,1,1
20260912_215351_529_traffic_scan_env2025_seed0-499_48352cd1,98,34,48,0,2
20260912_215351_529_traffic_scan_env2025_seed0-499_48352cd1,98,34,48,1,1
20260912_215351_529_traffic_scan_env2025_seed0-499_48352cd1,98,34,49,1,1
20260912_215351_529_traffic_scan_env2025_seed0-499_48352cd1,98,34,50,0,1
20260912_215351_529_traffic_scan_env2025_seed0-499_48352cd1,98,34,56,0,2
20260912_215351_529_traffic_scan_env2025_seed0-499_48352cd1,98,34,56,1,1
20260912_215351_529_traffic_scan_env2025_seed0-499_48352cd1,98,34,57,0,1
20260912_215351_529_traffic_scan_env2025_seed0-499_48352cd1,98,34,58,0,1
20260912_215351_529_traffic_scan_env2025_seed0-499_48352cd1,98,35,2,1,1
20260912_215351_529_traffic_scan_env2025_seed0-499_48352cd1,98,35,3,1,1
20260912_215351_529_traffic_scan_env2025_seed0-499_48352cd1,98,35,5,1,1
20260912_215351_529_traffic_scan_env2025_seed0-499_48352cd1,98,35,6,0,1
20260912_215351_529_traffic_scan_env2025_seed0-499_48352cd1,98,35,7,0,1
20260912_215351_529_traffic_scan_env2025_seed0-499_48352cd1,98,35,8,0,3
20260912_215351_529_traffic_scan_env2025_seed0-499_48352cd1,98,35,9,1,2
20260912_215351_529_traffic_scan_env2025_seed0-499_48352cd1,98,35,10,1,1
20260912_215351_529_traffic_scan_env2025_seed0-499_48352cd1,98,35,11,0,1
20260912_215351_529_traffic_scan_env2025_seed0-499_48352cd1,98,35,12,0,1
20260912_215351_529_traffic_scan_env2025_seed0-499_48352cd1,98,35,13,0,1
20260912_215351_529_traffic_scan_env2025_seed0-499_48352cd1,98,35,13,1,1
20260912_215351_529_traffic_scan_env2025_seed0-499_48352cd1,98,35,15,1,1
20260912_215351_529_traffic_scan_env2025_seed0-499_48352cd1,98,35,16,0,1
20260912_215351_529_traffic_scan_env2025_seed0-499_48352cd1,98,35,16,1,1
20260912_215351_529_traffic_scan_env2025_seed0-499_48352cd1,98,35,17,1,3
20260912_215351_529_traffic_scan_env2025_seed0-499_48352cd1,98,35,18,0,1
20260912_215351_529_traffic_scan_env2025_seed0-499_48352cd1,98,35,19,0,2
20260912_215351_529_traffic_scan_env2025_seed0-499_48352cd1,98,35,20,1,2
20260912_215351_529_traffic_scan_env2025_seed0-499_48352cd1,98,35,21,0,1
20260912_215351_529_traffic_scan_env2025_seed0-499_48352cd1,98,35,21,1,1
20260912_215351_529_traffic_scan_env2025_seed0-499_48352cd1,98,35,22,1,1
20260912_215351_529_traffic_scan_env2025_seed0-499_48352cd1,98,35,23,0,1
20260912_215351_529_traffic_scan_env2025_seed0-499_48352cd1,98,35,24,0,1
20260912_215351_529_traffic_scan_env2025_seed0-499_48352cd1,98,35,25,0,2
20260912_215351_529_traffic_scan_env2025_seed0-499_48352cd1,98,35,26,0,6
20260912_215351_529_traffic_scan_env2025_seed0-499_48352cd1,98,35,26,1,2
20260912_215351_529_traffic_scan_env2025_seed0-499_48352cd1,98,35,27,0,7
20260912_215351_529_traffic_scan_env2025_seed0-499_48352cd1,98,35,27,1,4
20260912_215351_529_traffic_scan_env2025_seed0-499_48352cd1,98,35,30,0,2
20260912_215351_529_traffic_scan_env2025_seed0-499_48352cd1,98,35,30,1,4
20260912_215351_529_traffic_scan_env2025_seed0-499_48352cd1,98,35,31,0,6
20260912_215351_529_traffic_scan_env2025_seed0-499_48352cd1,98,35,32,0,1
20260912_215351_529_traffic_scan_env2025_seed0-499_48352cd1,98,35,32,1,1
20260912_215351_529_traffic_scan_env2025_seed0-499_48352cd1,98,35,34,1,4
20260912_215351_529_traffic_scan_env2025_seed0-499_48352cd1,98,35,35,0,1
20260912_215351_529_traffic_scan_env2025_seed0-499_48352cd1,98,35,35,1,1
20260912_215351_529_traffic_scan_env2025_seed0-499_48352cd1,98,35,37,0,4
20260912_215351_529_traffic_scan_env2025_seed0-499_48352cd1,98,35,37,1,1
20260912_215351_529_traffic_scan_env2025_seed0-499_48352cd1,98,35,39,0,2
20260912_215351_529_traffic_scan_env2025_seed0-499_48352cd1,98,35,40,1,2
20260912_215351_529_traffic_scan_env2025_seed0-499_48352cd1,98,35,41,0,1
20260912_215351_529_traffic_scan_env2025_seed0-499_48352cd1,98,35,42,0,1
20260912_215351_529_traffic_scan_env2025_seed0-499_48352cd1,98,35,43,1,1
20260912_215351_529_traffic_scan_env2025_seed0-499_48352cd1,98,35,44,1,3
20260912_215351_529_traffic_scan_env2025_seed0-499_48352cd1,98,35,45,0,1
20260912_215351_529_traffic_scan_env2025_seed0-499_48352cd1,98,35,46,0,1
20260912_215351_529_traffic_scan_env2025_seed0-499_48352cd1,98,35,47,0,1
20260912_215351_529_traffic_scan_env2025_seed0-499_48352cd1,98,35,47,1,1
20260912_215351_529_traffic_scan_env2025_seed0-499_48352cd1,98,35,49,0,1
20260912_215351_529_traffic_scan_env2025_seed0-499_48352cd1,98,35,49,1,2
20260912_215351_529_traffic_scan_env2025_seed0-499_48352cd1,98,35,51,0,1
20260912_215351_529_traffic_scan_env2025_seed0-499_48352cd1,98,35,52,0,1
20260912_215351_529_traffic_scan_env2025_seed0-499_48352cd1,98,35,53,0,1
20260912_215351_529_traffic_scan_env2025_seed0-499_48352cd1,98,35,56,0,1
20260912_215351_529_traffic_scan_env2025_seed0-499_48352cd1,98,35,56,1,1
20260912_215351_529_traffic_scan_env2025_seed0-499_48352cd1,98,35,57,0,2
20260912_215351_529_traffic_scan_env2025_seed0-499_48352cd1,98,35,58,0,1
20260912_215351_529_traffic_scan_env2025_seed0-499_48352cd1,98,36,2,1,1
20260912_215351_529_traffic_scan_env2025_seed0-499_48352cd1,98,36,3,0,1
20260912_215351_529_traffic_scan_env2025_seed0-499_48352cd1,98,36,3,1,1
20260912_215351_529_traffic_scan_env2025_seed0-499_48352cd1,98,36,4,0,1
20260912_215351_529_traffic_scan_env2025_seed0-499_48352cd1,98,36,5,0,1
20260912_215351_529_traffic_scan_env2025_seed0-499_48352cd1,98,36,5,1,1
20260912_215351_529_traffic_scan_env2025_seed0-499_48352cd1,98,36,8,0,3
20260912_215351_529_traffic_scan_env2025_seed0-499_48352cd1,98,36,8,1,2
20260912_215351_529_traffic_scan_env2025_seed0-499_48352cd1,98,36,9,0,2
20260912_215351_529_traffic_scan_env2025_seed0-499_48352cd1,98,36,10,0,3
20260912_215351_529_traffic_scan_env2025_seed0-499_48352cd1,98,36,11,0,2
20260912_215351_529_traffic_scan_env2025_seed0-499_48352cd1,98,36,11,1,1
20260912_215351_529_traffic_scan_env2025_seed0-499_48352cd1,98,36,12,0,1
20260912_215351_529_traffic_scan_env2025_seed0-499_48352cd1,98,36,12,1,1
20260912_215351_529_traffic_scan_env2025_seed0-499_48352cd1,98,36,13,0,1
20260912_215351_529_traffic_scan_env2025_seed0-499_48352cd1,98,36,14,0,1
20260912_215351_529_traffic_scan_env2025_seed0-499_48352cd1,98,36,15,0,1
20260912_215351_529_traffic_scan_env2025_seed0-499_48352cd1,98,36,15,1,1
20260912_215351_529_traffic_scan_env2025_seed0-499_48352cd1,98,36,16,0,2
20260912_215351_529_traffic_scan_env2025_seed0-499_48352cd1,98,36,16,1,2
20260912_215351_529_traffic_scan_env2025_seed0-499_48352cd1,98,36,17,0,1
20260912_215351_529_traffic_scan_env2025_seed0-499_48352cd1,98,36,17,1,2
20260912_215351_529_traffic_scan_env2025_seed0-499_48352cd1,98,36,19,0,1
20260912_215351_529_traffic_scan_env2025_seed0-499_48352cd1,98,36,20,0,2
20260912_215351_529_traffic_scan_env2025_seed0-499_48352cd1,98,36,21,0,1
20260912_215351_529_traffic_scan_env2025_seed0-499_48352cd1,98,36,21,1,3
20260912_215351_529_traffic_scan_env2025_seed0-499_48352cd1,98,36,22,0,1
20260912_215351_529_traffic_scan_env2025_seed0-499_48352cd1,98,36,22,1,2
20260912_215351_529_traffic_scan_env2025_seed0-499_48352cd1,98,36,23,1,1
20260912_215351_529_traffic_scan_env2025_seed0-499_48352cd1,98,36,24,0,3
20260912_215351_529_traffic_scan_env2025_seed0-499_48352cd1,98,36,25,0,2
20260912_215351_529_traffic_scan_env2025_seed0-499_48352cd1,98,36,25,1,2
20260912_215351_529_traffic_scan_env2025_seed0-499_48352cd1,98,36,26,0,1
20260912_215351_529_traffic_scan_env2025_seed0-499_48352cd1,98,36,26,1,2
20260912_215351_529_traffic_scan_env2025_seed0-499_48352cd1,98,36,27,0,4
20260912_215351_529_traffic_scan_env2025_seed0-499_48352cd1,98,36,27,1,2
20260912_215351_529_traffic_scan_env2025_seed0-499_48352cd1,98,36,30,0,5
20260912_215351_529_traffic_scan_env2025_seed0-499_48352cd1,98,36,30,1,3
20260912_215351_529_traffic_scan_env2025_seed0-499_48352cd1,98,36,31,0,1
20260912_215351_529_traffic_scan_env2025_seed0-499_48352cd1,98,36,31,1,1
20260912_215351_529_traffic_scan_env2025_seed0-499_48352cd1,98,36,32,0,2
20260912_215351_529_traffic_scan_env2025_seed0-499_48352cd1,98,36,33,1,1
20260912_215351_529_traffic_scan_env2025_seed0-499_48352cd1,98,36,35,0,4
20260912_215351_529_traffic_scan_env2025_seed0-499_48352cd1,98,36,35,1,2
20260912_215351_529_traffic_scan_env2025_seed0-499_48352cd1,98,36,36,0,3
20260912_215351_529_traffic_scan_env2025_seed0-499_48352cd1,98,36,38,0,1
20260912_215351_529_traffic_scan_env2025_seed0-499_48352cd1,98,36,38,1,1
20260912_215351_529_traffic_scan_env2025_seed0-499_48352cd1,98,36,39,1,1
20260912_215351_529_traffic_scan_env2025_seed0-499_48352cd1,98,36,40,0,3
20260912_215351_529_traffic_scan_env2025_seed0-499_48352cd1,98,36,41,1,1
20260912_215351_529_traffic_scan_env2025_seed0-499_48352cd1,98,36,42,0,1
20260912_215351_529_traffic_scan_env2025_seed0-499_48352cd1,98,36,43,1,1
20260912_215351_529_traffic_scan_env2025_seed0-499_48352cd1,98,36,44,0,1
20260912_215351_529_traffic_scan_env2025_seed0-499_48352cd1,98,36,45,1,3
20260912_215351_529_traffic_scan_env2025_seed0-499_48352cd1,98,36,46,0,2
20260912_215351_529_traffic_scan_env2025_seed0-499_48352cd1,98,36,47,1,1
20260912_215351_529_traffic_scan_env2025_seed0-499_48352cd1,98,36,49,1,1
20260912_215351_529_traffic_scan_env2025_seed0-499_48352cd1,98,36,50,0,1
20260912_215351_529_traffic_scan_env2025_seed0-499_48352cd1,98,36,50,1,1
20260912_215351_529_traffic_scan_env2025_seed0-499_48352cd1,98,36,54,0,1
20260912_215351_529_traffic_scan_env2025_seed0-499_48352cd1,98,36,55,0,1
20260912_215351_529_traffic_scan_env2025_seed0-499_48352cd1,98,36,57,2,1
20260912_215351_529_traffic_scan_env2025_seed0-499_48352cd1,98,36,58,0,1
20260912_215351_529_traffic_scan_env2025_seed0-499_48352cd1,98,36,59,0,1
20260912_215351_529_traffic_scan_env2025_seed0-499_48352cd1,98,37,2,0,1
20260912_215351_529_traffic_scan_env2025_seed0-499_48352cd1,98,37,2,1,1
20260912_215351_529_traffic_scan_env2025_seed0-499_48352cd1,98,37,3,0,1
20260912_215351_529_traffic_scan_env2025_seed0-499_48352cd1,98,37,3,1,1
20260912_215351_529_traffic_scan_env2025_seed0-499_48352cd1,98,37,4,0,1
20260912_215351_529_traffic_scan_env2025_seed0-499_48352cd1,98,37,5,0,1
20260912_215351_529_traffic_scan_env2025_seed0-499_48352cd1,98,37,5,1,1
20260912_215351_529_traffic_scan_env2025_seed0-499_48352cd1,98,37,8,0,3
20260912_215351_529_traffic_scan_env2025_seed0-499_48352cd1,98,37,8,1,2
20260912_215351_529_traffic_scan_env2025_seed0-499_48352cd1,98,37,9,0,1
20260912_215351_529_traffic_scan_env2025_seed0-499_48352cd1,98,37,12,0,1
20260912_215351_529_traffic_scan_env2025_seed0-499_48352cd1,98,37,12,1,2
20260912_215351_529_traffic_scan_env2025_seed0-499_48352cd1,98,37,15,1,3
20260912_215351_529_traffic_scan_env2025_seed0-499_48352cd1,98,37,17,0,1
20260912_215351_529_traffic_scan_env2025_seed0-499_48352cd1,98,37,17,1,1
20260912_215351_529_traffic_scan_env2025_seed0-499_48352cd1,98,37,18,0,1
20260912_215351_529_traffic_scan_env2025_seed0-499_48352cd1,98,37,18,1,1
20260912_215351_529_traffic_scan_env2025_seed0-499_48352cd1,98,37,21,0,3
20260912_215351_529_traffic_scan_env2025_seed0-499_48352cd1,98,37,21,1,1
20260912_215351_529_traffic_scan_env2025_seed0-499_48352cd1,98,37,23,0,2
20260912_215351_529_traffic_scan_env2025_seed0-499_48352cd1,98,37,23,1,2
20260912_215351_529_traffic_scan_env2025_seed0-499_48352cd1,98,37,24,0,3
20260912_215351_529_traffic_scan_env2025_seed0-499_48352cd1,98,37,24,1,3
20260912_215351_529_traffic_scan_env2025_seed0-499_48352cd1,98,37,25,1,2
20260912_215351_529_traffic_scan_env2025_seed0-499_48352cd1,98,37,26,0,1
20260912_215351_529_traffic_scan_env2025_seed0-499_48352cd1,98,37,27,0,1
20260912_215351_529_traffic_scan_env2025_seed0-499_48352cd1,98,37,27,1,2
20260912_215351_529_traffic_scan_env2025_seed0-499_48352cd1,98,37,28,0,3
20260912_215351_529_traffic_scan_env2025_seed0-499_48352cd1,98,37,29,0,5
20260912_215351_529_traffic_scan_env2025_seed0-499_48352cd1,98,37,30,1,3
20260912_215351_529_traffic_scan_env2025_seed0-499_48352cd1,98,37,32,0,1
20260912_215351_529_traffic_scan_env2025_seed0-499_48352cd1,98,37,32,1,1
20260912_215351_529_traffic_scan_env2025_seed0-499_48352cd1,98,37,33,0,2
20260912_215351_529_traffic_scan_env2025_seed0-499_48352cd1,98,37,34,1,1
20260912_215351_529_traffic_scan_env2025_seed0-499_48352cd1,98,37,35,0,4
20260912_215351_529_traffic_scan_env2025_seed0-499_48352cd1,98,37,35,1,1
20260912_215351_529_traffic_scan_env2025_seed0-499_48352cd1,98,37,36,0,3
20260912_215351_529_traffic_scan_env2025_seed0-499_48352cd1,98,37,36,1,1
20260912_215351_529_traffic_scan_env2025_seed0-499_48352cd1,98,37,38,1,1
20260912_215351_529_traffic_scan_env2025_seed0-499_48352cd1,98,37,39,0,3
20260912_215351_529_traffic_scan_env2025_seed0-499_48352cd1,98,37,41,0,2
20260912_215351_529_traffic_scan_env2025_seed0-499_48352cd1,98,37,42,0,1
20260912_215351_529_traffic_scan_env2025_seed0-499_48352cd1,98,37,42,1,1
20260912_215351_529_traffic_scan_env2025_seed0-499_48352cd1,98,37,43,0,1
20260912_215351_529_traffic_scan_env2025_seed0-499_48352cd1,98,37,43,1,1
20260912_215351_529_traffic_scan_env2025_seed0-499_48352cd1,98,37,45,0,1
20260912_215351_529_traffic_scan_env2025_seed0-499_48352cd1,98,37,46,2,3
20260912_215351_529_traffic_scan_env2025_seed0-499_48352cd1,98,37,47,0,1
20260912_215351_529_traffic_scan_env2025_seed0-499_48352cd1,98,37,47,1,1
20260912_215351_529_traffic_scan_env2025_seed0-499_48352cd1,98,37,49,0,1
20260912_215351_529_traffic_scan_env2025_seed0-499_48352cd1,98,37,51,0,1
20260912_215351_529_traffic_scan_env2025_seed0-499_48352cd1,98,37,51,1,1
20260912_215351_529_traffic_scan_env2025_seed0-499_48352cd1,98,37,54,0,1
20260912_215351_529_traffic_scan_env2025_seed0-499_48352cd1,98,37,55,0,1
20260912_215351_529_traffic_scan_env2025_seed0-499_48352cd1,98,37,56,1,1
20260912_215351_529_traffic_scan_env2025_seed0-499_48352cd1,98,37,58,0,1
20260912_215351_529_traffic_scan_env2025_seed0-499_48352cd1,98,38,2,1,1
20260912_215351_529_traffic_scan_env2025_seed0-499_48352cd1,98,38,3,1,1
20260912_215351_529_traffic_scan_env2025_seed0-499_48352cd1,98,38,6,1,2
20260912_215351_529_traffic_scan_env2025_seed0-499_48352cd1,98,38,7,1,3
20260912_215351_529_traffic_scan_env2025_seed0-499_48352cd1,98,38,8,0,2
20260912_215351_529_traffic_scan_env2025_seed0-499_48352cd1,98,38,12,1,1
20260912_215351_529_traffic_scan_env2025_seed0-499_48352cd1,98,38,13,0,1
20260912_215351_529_traffic_scan_env2025_seed0-499_48352cd1,98,38,13,1,1
20260912_215351_529_traffic_scan_env2025_seed0-499_48352cd1,98,38,14,1,2
20260912_215351_529_traffic_scan_env2025_seed0-499_48352cd1,98,38,15,1,1
20260912_215351_529_traffic_scan_env2025_seed0-499_48352cd1,98,38,17,0,2
20260912_215351_529_traffic_scan_env2025_seed0-499_48352cd1,98,38,17,1,1
20260912_215351_529_traffic_scan_env2025_seed0-499_48352cd1,98,38,19,2,1
20260912_215351_529_traffic_scan_env2025_seed0-499_48352cd1,98,38,21,0,3
20260912_215351_529_traffic_scan_env2025_seed0-499_48352cd1,98,38,21,1,1
20260912_215351_529_traffic_scan_env2025_seed0-499_48352cd1,98,38,22,0,3
20260912_215351_529_traffic_scan_env2025_seed0-499_48352cd1,98,38,23,0,2
20260912_215351_529_traffic_scan_env2025_seed0-499_48352cd1,98,38,23,1,2
20260912_215351_529_traffic_scan_env2025_seed0-499_48352cd1,98,38,24,0,1
20260912_215351_529_traffic_scan_env2025_seed0-499_48352cd1,98,38,24,1,4
20260912_215351_529_traffic_scan_env2025_seed0-499_48352cd1,98,38,25,0,1
20260912_215351_529_traffic_scan_env2025_seed0-499_48352cd1,98,38,25,1,1
20260912_215351_529_traffic_scan_env2025_seed0-499_48352cd1,98,38,27,0,1
20260912_215351_529_traffic_scan_env2025_seed0-499_48352cd1,98,38,27,1,2
20260912_215351_529_traffic_scan_env2025_seed0-499_48352cd1,98,38,28,0,6
20260912_215351_529_traffic_scan_env2025_seed0-499_48352cd1,98,38,29,0,2
20260912_215351_529_traffic_scan_env2025_seed0-499_48352cd1,98,38,30,1,3
20260912_215351_529_traffic_scan_env2025_seed0-499_48352cd1,98,38,33,0,1
20260912_215351_529_traffic_scan_env2025_seed0-499_48352cd1,98,38,33,1,1
20260912_215351_529_traffic_scan_env2025_seed0-499_48352cd1,98,38,34,0,5
20260912_215351_529_traffic_scan_env2025_seed0-499_48352cd1,98,38,35,0,1
20260912_215351_529_traffic_scan_env2025_seed0-499_48352cd1,98,38,35,1,2
20260912_215351_529_traffic_scan_env2025_seed0-499_48352cd1,98,38,37,0,3
20260912_215351_529_traffic_scan_env2025_seed0-499_48352cd1,98,38,37,1,2
20260912_215351_529_traffic_scan_env2025_seed0-499_48352cd1,98,38,38,0,1
20260912_215351_529_traffic_scan_env2025_seed0-499_48352cd1,98,38,40,0,2
20260912_215351_529_traffic_scan_env2025_seed0-499_48352cd1,98,38,42,0,4
20260912_215351_529_traffic_scan_env2025_seed0-499_48352cd1,98,38,43,2,2
20260912_215351_529_traffic_scan_env2025_seed0-499_48352cd1,98,38,44,0,1
20260912_215351_529_traffic_scan_env2025_seed0-499_48352cd1,98,38,47,0,1
20260912_215351_529_traffic_scan_env2025_seed0-499_48352cd1,98,38,47,1,4
20260912_215351_529_traffic_scan_env2025_seed0-499_48352cd1,98,38,49,0,1
20260912_215351_529_traffic_scan_env2025_seed0-499_48352cd1,98,38,52,0,1
20260912_215351_529_traffic_scan_env2025_seed0-499_48352cd1,98,38,52,1,1
20260912_215351_529_traffic_scan_env2025_seed0-499_48352cd1,98,38,54,0,1
20260912_215351_529_traffic_scan_env2025_seed0-499_48352cd1,98,38,56,0,1
20260912_215351_529_traffic_scan_env2025_seed0-499_48352cd1,98,38,56,1,1
20260912_215351_529_traffic_scan_env2025_seed0-499_48352cd1,98,38,59,0,1
20260912_215351_529_traffic_scan_env2025_seed0-499_48352cd1,98,39,1,0,1
20260912_215351_529_traffic_scan_env2025_seed0-499_48352cd1,98,39,3,1,1
20260912_215351_529_traffic_scan_env2025_seed0-499_48352cd1,98,39,6,0,2
20260912_215351_529_traffic_scan_env2025_seed0-499_48352cd1,98,39,6,1,1
20260912_215351_529_traffic_scan_env2025_seed0-499_48352cd1,98,39,8,0,2
20260912_215351_529_traffic_scan_env2025_seed0-499_48352cd1,98,39,12,1,1
20260912_215351_529_traffic_scan_env2025_seed0-499_48352cd1,98,39,13,1,2
20260912_215351_529_traffic_scan_env2025_seed0-499_48352cd1,98,39,14,1,2
20260912_215351_529_traffic_scan_env2025_seed0-499_48352cd1,98,39,15,1,1
20260912_215351_529_traffic_scan_env2025_seed0-499_48352cd1,98,39,16,0,1
20260912_215351_529_traffic_scan_env2025_seed0-499_48352cd1,98,39,17,0,1
20260912_215351_529_traffic_scan_env2025_seed0-499_48352cd1,98,39,17,1,1
20260912_215351_529_traffic_scan_env2025_seed0-499_48352cd1,98,39,18,0,2
20260912_215351_529_traffic_scan_env2025_seed0-499_48352cd1,98,39,19,0,2
20260912_215351_529_traffic_scan_env2025_seed0-499_48352cd1,98,39,19,1,1
20260912_215351_529_traffic_scan_env2025_seed0-499_48352cd1,98,39,20,0,2
20260912_215351_529_traffic_scan_env2025_seed0-499_48352cd1,98,39,21,0,1
20260912_215351_529_traffic_scan_env2025_seed0-499_48352cd1,98,39,21,1,1
20260912_215351_529_traffic_scan_env2025_seed0-499_48352cd1,98,39,22,0,3
20260912_215351_529_traffic_scan_env2025_seed0-499_48352cd1,98,39,22,1,2
20260912_215351_529_traffic_scan_env2025_seed0-499_48352cd1,98,39,23,0,1
20260912_215351_529_traffic_scan_env2025_seed0-499_48352cd1,98,39,23,1,2
20260912_215351_529_traffic_scan_env2025_seed0-499_48352cd1,98,39,25,1,2
20260912_215351_529_traffic_scan_env2025_seed0-499_48352cd1,98,39,26,0,1
20260912_215351_529_traffic_scan_env2025_seed0-499_48352cd1,98,39,26,1,1
20260912_215351_529_traffic_scan_env2025_seed0-499_48352cd1,98,39,27,0,6
20260912_215351_529_traffic_scan_env2025_seed0-499_48352cd1,98,39,27,1,2
20260912_215351_529_traffic_scan_env2025_seed0-499_48352cd1,98,39,28,0,1
20260912_215351_529_traffic_scan_env2025_seed0-499_48352cd1,98,39,30,0,2
20260912_215351_529_traffic_scan_env2025_seed0-499_48352cd1,98,39,30,1,3
20260912_215351_529_traffic_scan_env2025_seed0-499_48352cd1,98,39,33,0,3
20260912_215351_529_traffic_scan_env2025_seed0-499_48352cd1,98,39,33,1,1
20260912_215351_529_traffic_scan_env2025_seed0-499_48352cd1,98,39,34,0,1
20260912_215351_529_traffic_scan_env2025_seed0-499_48352cd1,98,39,34,1,2
20260912_215351_529_traffic_scan_env2025_seed0-499_48352cd1,98,39,35,0,3
20260912_215351_529_traffic_scan_env2025_seed0-499_48352cd1,98,39,35,1,1
20260912_215351_529_traffic_scan_env2025_seed0-499_48352cd1,98,39,36,1,4
20260912_215351_529_traffic_scan_env2025_seed0-499_48352cd1,98,39,37,0,1
20260912_215351_529_traffic_scan_env2025_seed0-499_48352cd1,98,39,37,1,1
20260912_215351_529_traffic_scan_env2025_seed0-499_48352cd1,98,39,38,0,3
20260912_215351_529_traffic_scan_env2025_seed0-499_48352cd1,98,39,38,1,2
20260912_215351_529_traffic_scan_env2025_seed0-499_48352cd1,98,39,39,1,1
20260912_215351_529_traffic_scan_env2025_seed0-499_48352cd1,98,39,40,1,1
20260912_215351_529_traffic_scan_env2025_seed0-499_48352cd1,98,39,41,0,3
20260912_215351_529_traffic_scan_env2025_seed0-499_48352cd1,98,39,41,1,1
20260912_215351_529_traffic_scan_env2025_seed0-499_48352cd1,98,39,42,0,1
20260912_215351_529_traffic_scan_env2025_seed0-499_48352cd1,98,39,42,1,1
20260912_215351_529_traffic_scan_env2025_seed0-499_48352cd1,98,39,43,0,3
20260912_215351_529_traffic_scan_env2025_seed0-499_48352cd1,98,39,43,1,2
20260912_215351_529_traffic_scan_env2025_seed0-499_48352cd1,98,39,44,1,2
20260912_215351_529_traffic_scan_env2025_seed0-499_48352cd1,98,39,45,1,2
20260912_215351_529_traffic_scan_env2025_seed0-499_48352cd1,98,39,47,1,3
20260912_215351_529_traffic_scan_env2025_seed0-499_48352cd1,98,39,48,1,4
20260912_215351_529_traffic_scan_env2025_seed0-499_48352cd1,98,39,49,0,2
20260912_215351_529_traffic_scan_env2025_seed0-499_48352cd1,98,39,50,0,1
20260912_215351_529_traffic_scan_env2025_seed0-499_48352cd1,98,39,51,0,1
20260912_215351_529_traffic_scan_env2025_seed0-499_48352cd1,98,39,52,0,1
20260912_215351_529_traffic_scan_env2025_seed0-499_48352cd1,98,39,53,0,3
20260912_215351_529_traffic_scan_env2025_seed0-499_48352cd1,98,39,53,1,1
20260912_215351_529_traffic_scan_env2025_seed0-499_48352cd1,98,39,54,0,1
20260912_215351_529_traffic_scan_env2025_seed0-499_48352cd1,98,39,56,1,1
20260912_215351_529_traffic_scan_env2025_seed0-499_48352cd1,98,39,57,0,1
20260912_215351_529_traffic_scan_env2025_seed0-499_48352cd1,98,40,1,0,1
20260912_215351_529_traffic_scan_env2025_seed0-499_48352cd1,98,40,3,1,1
20260912_215351_529_traffic_scan_env2025_seed0-499_48352cd1,98,40,5,0,1
20260912_215351_529_traffic_scan_env2025_seed0-499_48352cd1,98,40,5,1,1
20260912_215351_529_traffic_scan_env2025_seed0-499_48352cd1,98,40,6,0,1
20260912_215351_529_traffic_scan_env2025_seed0-499_48352cd1,98,40,8,0,2
20260912_215351_529_traffic_scan_env2025_seed0-499_48352cd1,98,40,12,0,2
20260912_215351_529_traffic_scan_env2025_seed0-499_48352cd1,98,40,12,1,2
20260912_215351_529_traffic_scan_env2025_seed0-499_48352cd1,98,40,13,1,1
20260912_215351_529_traffic_scan_env2025_seed0-499_48352cd1,98,40,15,1,4
20260912_215351_529_traffic_scan_env2025_seed0-499_48352cd1,98,40,17,0,3
20260912_215351_529_traffic_scan_env2025_seed0-499_48352cd1,98,40,17,1,1
20260912_215351_529_traffic_scan_env2025_seed0-499_48352cd1,98,40,20,1,1
20260912_215351_529_traffic_scan_env2025_seed0-499_48352cd1,98,40,21,0,4
20260912_215351_529_traffic_scan_env2025_seed0-499_48352cd1,98,40,21,1,2
20260912_215351_529_traffic_scan_env2025_seed0-499_48352cd1,98,40,22,0,3
20260912_215351_529_traffic_scan_env2025_seed0-499_48352cd1,98,40,22,1,2
20260912_215351_529_traffic_scan_env2025_seed0-499_48352cd1,98,40,23,0,2
20260912_215351_529_traffic_scan_env2025_seed0-499_48352cd1,98,40,24,1,1
20260912_215351_529_traffic_scan_env2025_seed0-499_48352cd1,98,40,25,1,1
20260912_215351_529_traffic_scan_env2025_seed0-499_48352cd1,98,40,26,0,6
20260912_215351_529_traffic_scan_env2025_seed0-499_48352cd1,98,40,26,1,3
20260912_215351_529_traffic_scan_env2025_seed0-499_48352cd1,98,40,27,0,1
20260912_215351_529_traffic_scan_env2025_seed0-499_48352cd1,98,40,27,1,4
20260912_215351_529_traffic_scan_env2025_seed0-499_48352cd1,98,40,28,0,1
20260912_215351_529_traffic_scan_env2025_seed0-499_48352cd1,98,40,28,1,1
20260912_215351_529_traffic_scan_env2025_seed0-499_48352cd1,98,40,29,1,1
20260912_215351_529_traffic_scan_env2025_seed0-499_48352cd1,98,40,30,0,1
20260912_215351_529_traffic_scan_env2025_seed0-499_48352cd1,98,40,30,1,4
20260912_215351_529_traffic_scan_env2025_seed0-499_48352cd1,98,40,31,0,3
20260912_215351_529_traffic_scan_env2025_seed0-499_48352cd1,98,40,31,1,1
20260912_215351_529_traffic_scan_env2025_seed0-499_48352cd1,98,40,32,0,5
20260912_215351_529_traffic_scan_env2025_seed0-499_48352cd1,98,40,32,1,1
20260912_215351_529_traffic_scan_env2025_seed0-499_48352cd1,98,40,34,1,1
20260912_215351_529_traffic_scan_env2025_seed0-499_48352cd1,98,40,35,0,2
20260912_215351_529_traffic_scan_env2025_seed0-499_48352cd1,98,40,35,1,1
20260912_215351_529_traffic_scan_env2025_seed0-499_48352cd1,98,40,36,0,3
20260912_215351_529_traffic_scan_env2025_seed0-499_48352cd1,98,40,36,1,1
20260912_215351_529_traffic_scan_env2025_seed0-499_48352cd1,98,40,37,1,1
20260912_215351_529_traffic_scan_env2025_seed0-499_48352cd1,98,40,39,0,3
20260912_215351_529_traffic_scan_env2025_seed0-499_48352cd1,98,40,39,1,1
20260912_215351_529_traffic_scan_env2025_seed0-499_48352cd1,98,40,40,0,1
20260912_215351_529_traffic_scan_env2025_seed0-499_48352cd1,98,40,41,0,1
20260912_215351_529_traffic_scan_env2025_seed0-499_48352cd1,98,40,42,0,3
20260912_215351_529_traffic_scan_env2025_seed0-499_48352cd1,98,40,43,1,1
20260912_215351_529_traffic_scan_env2025_seed0-499_48352cd1,98,40,44,0,2
20260912_215351_529_traffic_scan_env2025_seed0-499_48352cd1,98,40,46,0,3
20260912_215351_529_traffic_scan_env2025_seed0-499_48352cd1,98,40,47,1,1
20260912_215351_529_traffic_scan_env2025_seed0-499_48352cd1,98,40,49,0,4
20260912_215351_529_traffic_scan_env2025_seed0-499_48352cd1,98,40,51,0,1
20260912_215351_529_traffic_scan_env2025_seed0-499_48352cd1,98,40,52,0,1
20260912_215351_529_traffic_scan_env2025_seed0-499_48352cd1,98,40,54,1,1
20260912_215351_529_traffic_scan_env2025_seed0-499_48352cd1,98,40,55,0,1
20260912_215351_529_traffic_scan_env2025_seed0-499_48352cd1,98,40,56,1,1
20260912_215351_529_traffic_scan_env2025_seed0-499_48352cd1,98,40,58,0,1
20260912_215351_529_traffic_scan_env2025_seed0-499_48352cd1,98,41,1,0,1
20260912_215351_529_traffic_scan_env2025_seed0-499_48352cd1,98,41,3,1,1
20260912_215351_529_traffic_scan_env2025_seed0-499_48352cd1,98,41,4,0,2
20260912_215351_529_traffic_scan_env2025_seed0-499_48352cd1,98,41,5,0,1
20260912_215351_529_traffic_scan_env2025_seed0-499_48352cd1,98,41,5,1,1
20260912_215351_529_traffic_scan_env2025_seed0-499_48352cd1,98,41,6,0,1
20260912_215351_529_traffic_scan_env2025_seed0-499_48352cd1,98,41,7,0,2
20260912_215351_529_traffic_scan_env2025_seed0-499_48352cd1,98,41,8,0,3
20260912_215351_529_traffic_scan_env2025_seed0-499_48352cd1,98,41,9,0,1
20260912_215351_529_traffic_scan_env2025_seed0-499_48352cd1,98,41,10,0,1
20260912_215351_529_traffic_scan_env2025_seed0-499_48352cd1,98,41,11,0,3
20260912_215351_529_traffic_scan_env2025_seed0-499_48352cd1,98,41,11,1,1
20260912_215351_529_traffic_scan_env2025_seed0-499_48352cd1,98,41,14,0,2
20260912_215351_529_traffic_scan_env2025_seed0-499_48352cd1,98,41,16,0,2
20260912_215351_529_traffic_scan_env2025_seed0-499_48352cd1,98,41,16,1,2
20260912_215351_529_traffic_scan_env2025_seed0-499_48352cd1,98,41,17,0,1
20260912_215351_529_traffic_scan_env2025_seed0-499_48352cd1,98,41,17,1,1
20260912_215351_529_traffic_scan_env2025_seed0-499_48352cd1,98,41,20,0,4
20260912_215351_529_traffic_scan_env2025_seed0-499_48352cd1,98,41,20,1,1
20260912_215351_529_traffic_scan_env2025_seed0-499_48352cd1,98,41,21,1,4
20260912_215351_529_traffic_scan_env2025_seed0-499_48352cd1,98,41,23,0,3
20260912_215351_529_traffic_scan_env2025_seed0-499_48352cd1,98,41,25,0,5
20260912_215351_529_traffic_scan_env2025_seed0-499_48352cd1,98,41,26,0,1
20260912_215351_529_traffic_scan_env2025_seed0-499_48352cd1,98,41,27,0,1
20260912_215351_529_traffic_scan_env2025_seed0-499_48352cd1,98,41,27,1,4
20260912_215351_529_traffic_scan_env2025_seed0-499_48352cd1,98,41,28,0,1
20260912_215351_529_traffic_scan_env2025_seed0-499_48352cd1,98,41,28,1,1
20260912_215351_529_traffic_scan_env2025_seed0-499_48352cd1,98,41,29,0,1
20260912_215351_529_traffic_scan_env2025_seed0-499_48352cd1,98,41,30,1,3
20260912_215351_529_traffic_scan_env2025_seed0-499_48352cd1,98,41,31,0,1
20260912_215351_529_traffic_scan_env2025_seed0-499_48352cd1,98,41,32,0,1
20260912_215351_529_traffic_scan_env2025_seed0-499_48352cd1,98,41,33,0,2
20260912_215351_529_traffic_scan_env2025_seed0-499_48352cd1,98,41,34,1,2
20260912_215351_529_traffic_scan_env2025_seed0-499_48352cd1,98,41,35,0,2
20260912_215351_529_traffic_scan_env2025_seed0-499_48352cd1,98,41,36,0,1
20260912_215351_529_traffic_scan_env2025_seed0-499_48352cd1,98,41,36,1,1
20260912_215351_529_traffic_scan_env2025_seed0-499_48352cd1,98,41,37,0,2
20260912_215351_529_traffic_scan_env2025_seed0-499_48352cd1,98,41,38,1,1
20260912_215351_529_traffic_scan_env2025_seed0-499_48352cd1,98,41,39,0,1
20260912_215351_529_traffic_scan_env2025_seed0-499_48352cd1,98,41,40,0,5
20260912_215351_529_traffic_scan_env2025_seed0-499_48352cd1,98,41,41,0,1
20260912_215351_529_traffic_scan_env2025_seed0-499_48352cd1,98,41,43,0,2
20260912_215351_529_traffic_scan_env2025_seed0-499_48352cd1,98,41,43,1,1
20260912_215351_529_traffic_scan_env2025_seed0-499_48352cd1,98,41,45,0,2
20260912_215351_529_traffic_scan_env2025_seed0-499_48352cd1,98,41,46,0,2
20260912_215351_529_traffic_scan_env2025_seed0-499_48352cd1,98,41,47,0,2
20260912_215351_529_traffic_scan_env2025_seed0-499_48352cd1,98,41,49,0,2
20260912_215351_529_traffic_scan_env2025_seed0-499_48352cd1,98,41,50,0,3
20260912_215351_529_traffic_scan_env2025_seed0-499_48352cd1,98,41,55,1,1
20260912_215351_529_traffic_scan_env2025_seed0-499_48352cd1,98,41,56,1,1
20260912_215351_529_traffic_scan_env2025_seed0-499_48352cd1,98,42,1,0,1
20260912_215351_529_traffic_scan_env2025_seed0-499_48352cd1,98,42,2,0,1
20260912_215351_529_traffic_scan_env2025_seed0-499_48352cd1,98,42,3,0,1
20260912_215351_529_traffic_scan_env2025_seed0-499_48352cd1,98,42,3,1,1
20260912_215351_529_traffic_scan_env2025_seed0-499_48352cd1,98,42,5,1,1
20260912_215351_529_traffic_scan_env2025_seed0-499_48352cd1,98,42,7,0,1
20260912_215351_529_traffic_scan_env2025_seed0-499_48352cd1,98,42,8,0,2
20260912_215351_529_traffic_scan_env2025_seed0-499_48352cd1,98,42,10,0,2
20260912_215351_529_traffic_scan_env2025_seed0-499_48352cd1,98,42,10,1,1
20260912_215351_529_traffic_scan_env2025_seed0-499_48352cd1,98,42,14,0,1
20260912_215351_529_traffic_scan_env2025_seed0-499_48352cd1,98,42,15,0,2
20260912_215351_529_traffic_scan_env2025_seed0-499_48352cd1,98,42,16,2,1
20260912_215351_529_traffic_scan_env2025_seed0-499_48352cd1,98,42,17,1,4
20260912_215351_529_traffic_scan_env2025_seed0-499_48352cd1,98,42,19,0,3
20260912_215351_529_traffic_scan_env2025_seed0-499_48352cd1,98,42,19,1,1
20260912_215351_529_traffic_scan_env2025_seed0-499_48352cd1,98,42,20,0,1
20260912_215351_529_traffic_scan_env2025_seed0-499_48352cd1,98,42,20,1,2
20260912_215351_529_traffic_scan_env2025_seed0-499_48352cd1,98,42,22,1,2
20260912_215351_529_traffic_scan_env2025_seed0-499_48352cd1,98,42,23,1,1
20260912_215351_529_traffic_scan_env2025_seed0-499_48352cd1,98,42,24,0,7
20260912_215351_529_traffic_scan_env2025_seed0-499_48352cd1,98,42,26,0,1
20260912_215351_529_traffic_scan_env2025_seed0-499_48352cd1,98,42,27,0,1
20260912_215351_529_traffic_scan_env2025_seed0-499_48352cd1,98,42,27,1,2
20260912_215351_529_traffic_scan_env2025_seed0-499_48352cd1,98,42,28,0,2
20260912_215351_529_traffic_scan_env2025_seed0-499_48352cd1,98,42,28,1,2
20260912_215351_529_traffic_scan_env2025_seed0-499_48352cd1,98,42,29,1,1
20260912_215351_529_traffic_scan_env2025_seed0-499_48352cd1,98,42,30,0,1
20260912_215351_529_traffic_scan_env2025_seed0-499_48352cd1,98,42,30,1,3
20260912_215351_529_traffic_scan_env2025_seed0-499_48352cd1,98,42,31,0,1
20260912_215351_529_traffic_scan_env2025_seed0-499_48352cd1,98,42,33,1,1
20260912_215351_529_traffic_scan_env2025_seed0-499_48352cd1,98,42,34,0,3
20260912_215351_529_traffic_scan_env2025_seed0-499_48352cd1,98,42,34,1,1
20260912_215351_529_traffic_scan_env2025_seed0-499_48352cd1,98,42,35,0,1
20260912_215351_529_traffic_scan_env2025_seed0-499_48352cd1,98,42,36,1,1
20260912_215351_529_traffic_scan_env2025_seed0-499_48352cd1,98,42,37,0,1
20260912_215351_529_traffic_scan_env2025_seed0-499_48352cd1,98,42,38,0,3
20260912_215351_529_traffic_scan_env2025_seed0-499_48352cd1,98,42,39,0,1
20260912_215351_529_traffic_scan_env2025_seed0-499_48352cd1,98,42,39,1,1
20260912_215351_529_traffic_scan_env2025_seed0-499_48352cd1,98,42,40,0,1
20260912_215351_529_traffic_scan_env2025_seed0-499_48352cd1,98,42,41,0,4
20260912_215351_529_traffic_scan_env2025_seed0-499_48352cd1,98,42,43,1,1
20260912_215351_529_traffic_scan_env2025_seed0-499_48352cd1,98,42,44,0,2
20260912_215351_529_traffic_scan_env2025_seed0-499_48352cd1,98,42,46,0,1
20260912_215351_529_traffic_scan_env2025_seed0-499_48352cd1,98,42,47,0,2
20260912_215351_529_traffic_scan_env2025_seed0-499_48352cd1,98,42,48,0,1
20260912_215351_529_traffic_scan_env2025_seed0-499_48352cd1,98,42,49,0,2
20260912_215351_529_traffic_scan_env2025_seed0-499_48352cd1,98,42,50,0,1
20260912_215351_529_traffic_scan_env2025_seed0-499_48352cd1,98,42,51,0,2
20260912_215351_529_traffic_scan_env2025_seed0-499_48352cd1,98,42,56,1,2
20260912_215351_529_traffic_scan_env2025_seed0-499_48352cd1,98,43,1,0,2
20260912_215351_529_traffic_scan_env2025_seed0-499_48352cd1,98,43,4,1,1
20260912_215351_529_traffic_scan_env2025_seed0-499_48352cd1,98,43,5,1,1
20260912_215351_529_traffic_scan_env2025_seed0-499_48352cd1,98,43,7,0,1
20260912_215351_529_traffic_scan_env2025_seed0-499_48352cd1,98,43,8,0,2
20260912_215351_529_traffic_scan_env2025_seed0-499_48352cd1,98,43,10,0,2
20260912_215351_529_traffic_scan_env2025_seed0-499_48352cd1,98,43,10,1,1
20260912_215351_529_traffic_scan_env2025_seed0-499_48352cd1,98,43,14,0,3
20260912_215351_529_traffic_scan_env2025_seed0-499_48352cd1,98,43,14,2,1
20260912_215351_529_traffic_scan_env2025_seed0-499_48352cd1,98,43,15,3,1
20260912_215351_529_traffic_scan_env2025_seed0-499_48352cd1,98,43,17,0,2
20260912_215351_529_traffic_scan_env2025_seed0-499_48352cd1,98,43,17,1,1
20260912_215351_529_traffic_scan_env2025_seed0-499_48352cd1,98,43,18,0,5
20260912_215351_529_traffic_scan_env2025_seed0-499_48352cd1,98,43,18,1,2
20260912_215351_529_traffic_scan_env2025_seed0-499_48352cd1,98,43,19,0,1
20260912_215351_529_traffic_scan_env2025_seed0-499_48352cd1,98,43,19,1,2
20260912_215351_529_traffic_scan_env2025_seed0-499_48352cd1,98,43,20,0,2
20260912_215351_529_traffic_scan_env2025_seed0-499_48352cd1,98,43,21,0,1
20260912_215351_529_traffic_scan_env2025_seed0-499_48352cd1,98,43,22,0,1
20260912_215351_529_traffic_scan_env2025_seed0-499_48352cd1,98,43,23,0,5
20260912_215351_529_traffic_scan_env2025_seed0-499_48352cd1,98,43,23,1,3
20260912_215351_529_traffic_scan_env2025_seed0-499_48352cd1,98,43,24,0,1
20260912_215351_529_traffic_scan_env2025_seed0-499_48352cd1,98,43,25,0,3
20260912_215351_529_traffic_scan_env2025_seed0-499_48352cd1,98,43,26,0,1
20260912_215351_529_traffic_scan_env2025_seed0-499_48352cd1,98,43,27,0,3
20260912_215351_529_traffic_scan_env2025_seed0-499_48352cd1,98,43,27,1,2
20260912_215351_529_traffic_scan_env2025_seed0-499_48352cd1,98,43,28,0,2
20260912_215351_529_traffic_scan_env2025_seed0-499_48352cd1,98,43,29,0,1
20260912_215351_529_traffic_scan_env2025_seed0-499_48352cd1,98,43,29,1,2
20260912_215351_529_traffic_scan_env2025_seed0-499_48352cd1,98,43,30,0,1
20260912_215351_529_traffic_scan_env2025_seed0-499_48352cd1,98,43,30,1,4
20260912_215351_529_traffic_scan_env2025_seed0-499_48352cd1,98,43,32,0,1
20260912_215351_529_traffic_scan_env2025_seed0-499_48352cd1,98,43,33,0,1
20260912_215351_529_traffic_scan_env2025_seed0-499_48352cd1,98,43,34,1,1
20260912_215351_529_traffic_scan_env2025_seed0-499_48352cd1,98,43,35,0,3
20260912_215351_529_traffic_scan_env2025_seed0-499_48352cd1,98,43,36,1,1
20260912_215351_529_traffic_scan_env2025_seed0-499_48352cd1,98,43,37,0,1
20260912_215351_529_traffic_scan_env2025_seed0-499_48352cd1,98,43,38,0,4
20260912_215351_529_traffic_scan_env2025_seed0-499_48352cd1,98,43,39,0,5
20260912_215351_529_traffic_scan_env2025_seed0-499_48352cd1,98,43,40,0,2
20260912_215351_529_traffic_scan_env2025_seed0-499_48352cd1,98,43,42,0,4
20260912_215351_529_traffic_scan_env2025_seed0-499_48352cd1,98,43,43,1,1
20260912_215351_529_traffic_scan_env2025_seed0-499_48352cd1,98,43,44,0,1
20260912_215351_529_traffic_scan_env2025_seed0-499_48352cd1,98,43,45,0,1
20260912_215351_529_traffic_scan_env2025_seed0-499_48352cd1,98,43,47,0,2
20260912_215351_529_traffic_scan_env2025_seed0-499_48352cd1,98,43,48,0,3
20260912_215351_529_traffic_scan_env2025_seed0-499_48352cd1,98,43,49,0,2
20260912_215351_529_traffic_scan_env2025_seed0-499_48352cd1,98,43,50,0,1
20260912_215351_529_traffic_scan_env2025_seed0-499_48352cd1,98,43,51,0,2
20260912_215351_529_traffic_scan_env2025_seed0-499_48352cd1,98,43,52,0,3
20260912_215351_529_traffic_scan_env2025_seed0-499_48352cd1,98,43,53,0,1
20260912_215351_529_traffic_scan_env2025_seed0-499_48352cd1,98,43,54,0,1
20260912_215351_529_traffic_scan_env2025_seed0-499_48352cd1,98,43,56,2,2
20260912_215351_529_traffic_scan_env2025_seed0-499_48352cd1,98,44,1,0,3
20260912_215351_529_traffic_scan_env2025_seed0-499_48352cd1,98,44,4,1,1
20260912_215351_529_traffic_scan_env2025_seed0-499_48352cd1,98,44,5,0,1
20260912_215351_529_traffic_scan_env2025_seed0-499_48352cd1,98,44,5,1,1
20260912_215351_529_traffic_scan_env2025_seed0-499_48352cd1,98,44,6,0,2
20260912_215351_529_traffic_scan_env2025_seed0-499_48352cd1,98,44,7,0,3
20260912_215351_529_traffic_scan_env2025_seed0-499_48352cd1,98,44,8,0,4
20260912_215351_529_traffic_scan_env2025_seed0-499_48352cd1,98,44,9,0,4
20260912_215351_529_traffic_scan_env2025_seed0-499_48352cd1,98,44,10,0,3
20260912_215351_529_traffic_scan_env2025_seed0-499_48352cd1,98,44,10,1,2
20260912_215351_529_traffic_scan_env2025_seed0-499_48352cd1,98,44,11,2,1
20260912_215351_529_traffic_scan_env2025_seed0-499_48352cd1,98,44,12,2,1
20260912_215351_529_traffic_scan_env2025_seed0-499_48352cd1,98,44,13,0,2
20260912_215351_529_traffic_scan_env2025_seed0-499_48352cd1,98,44,13,1,1
20260912_215351_529_traffic_scan_env2025_seed0-499_48352cd1,98,44,14,0,1
20260912_215351_529_traffic_scan_env2025_seed0-499_48352cd1,98,44,17,0,5
20260912_215351_529_traffic_scan_env2025_seed0-499_48352cd1,98,44,17,1,1
20260912_215351_529_traffic_scan_env2025_seed0-499_48352cd1,98,44,18,0,1
20260912_215351_529_traffic_scan_env2025_seed0-499_48352cd1,98,44,18,1,2
20260912_215351_529_traffic_scan_env2025_seed0-499_48352cd1,98,44,19,0,1
20260912_215351_529_traffic_scan_env2025_seed0-499_48352cd1,98,44,19,1,1
20260912_215351_529_traffic_scan_env2025_seed0-499_48352cd1,98,44,22,0,4
20260912_215351_529_traffic_scan_env2025_seed0-499_48352cd1,98,44,23,2,1
20260912_215351_529_traffic_scan_env2025_seed0-499_48352cd1,98,44,24,2,2
20260912_215351_529_traffic_scan_env2025_seed0-499_48352cd1,98,44,26,0,3
20260912_215351_529_traffic_scan_env2025_seed0-499_48352cd1,98,44,27,0,1
20260912_215351_529_traffic_scan_env2025_seed0-499_48352cd1,98,44,27,1,2
20260912_215351_529_traffic_scan_env2025_seed0-499_48352cd1,98,44,28,0,1
20260912_215351_529_traffic_scan_env2025_seed0-499_48352cd1,98,44,29,0,1
20260912_215351_529_traffic_scan_env2025_seed0-499_48352cd1,98,44,30,1,5
20260912_215351_529_traffic_scan_env2025_seed0-499_48352cd1,98,44,31,0,2
20260912_215351_529_traffic_scan_env2025_seed0-499_48352cd1,98,44,32,0,2
20260912_215351_529_traffic_scan_env2025_seed0-499_48352cd1,98,44,32,1,2
20260912_215351_529_traffic_scan_env2025_seed0-499_48352cd1,98,44,33,0,1
20260912_215351_529_traffic_scan_env2025_seed0-499_48352cd1,98,44,33,1,2
20260912_215351_529_traffic_scan_env2025_seed0-499_48352cd1,98,44,34,0,2
20260912_215351_529_traffic_scan_env2025_seed0-499_48352cd1,98,44,34,1,1
20260912_215351_529_traffic_scan_env2025_seed0-499_48352cd1,98,44,35,0,1
20260912_215351_529_traffic_scan_env2025_seed0-499_48352cd1,98,44,36,0,4
20260912_215351_529_traffic_scan_env2025_seed0-499_48352cd1,98,44,36,1,1
20260912_215351_529_traffic_scan_env2025_seed0-499_48352cd1,98,44,37,0,3
20260912_215351_529_traffic_scan_env2025_seed0-499_48352cd1,98,44,40,0,3
20260912_215351_529_traffic_scan_env2025_seed0-499_48352cd1,98,44,41,0,2
20260912_215351_529_traffic_scan_env2025_seed0-499_48352cd1,98,44,42,0,1
20260912_215351_529_traffic_scan_env2025_seed0-499_48352cd1,98,44,43,0,5
20260912_215351_529_traffic_scan_env2025_seed0-499_48352cd1,98,44,43,1,1
20260912_215351_529_traffic_scan_env2025_seed0-499_48352cd1,98,44,44,0,2
20260912_215351_529_traffic_scan_env2025_seed0-499_48352cd1,98,44,45,0,1
20260912_215351_529_traffic_scan_env2025_seed0-499_48352cd1,98,44,46,0,3
20260912_215351_529_traffic_scan_env2025_seed0-499_48352cd1,98,44,47,0,3
20260912_215351_529_traffic_scan_env2025_seed0-499_48352cd1,98,44,49,0,3
20260912_215351_529_traffic_scan_env2025_seed0-499_48352cd1,98,44,52,0,1
20260912_215351_529_traffic_scan_env2025_seed0-499_48352cd1,98,44,53,0,2
20260912_215351_529_traffic_scan_env2025_seed0-499_48352cd1,98,44,56,1,2
20260912_215351_529_traffic_scan_env2025_seed0-499_48352cd1,98,45,0,0,1
20260912_215351_529_traffic_scan_env2025_seed0-499_48352cd1,98,45,1,0,2
20260912_215351_529_traffic_scan_env2025_seed0-499_48352cd1,98,45,2,0,1
20260912_215351_529_traffic_scan_env2025_seed0-499_48352cd1,98,45,3,0,2
20260912_215351_529_traffic_scan_env2025_seed0-499_48352cd1,98,45,4,0,1
20260912_215351_529_traffic_scan_env2025_seed0-499_48352cd1,98,45,5,0,1
20260912_215351_529_traffic_scan_env2025_seed0-499_48352cd1,98,45,5,1,1
20260912_215351_529_traffic_scan_env2025_seed0-499_48352cd1,98,45,7,0,1
20260912_215351_529_traffic_scan_env2025_seed0-499_48352cd1,98,45,8,0,1
20260912_215351_529_traffic_scan_env2025_seed0-499_48352cd1,98,45,9,0,3
20260912_215351_529_traffic_scan_env2025_seed0-499_48352cd1,98,45,10,0,1
20260912_215351_529_traffic_scan_env2025_seed0-499_48352cd1,98,45,10,1,1
20260912_215351_529_traffic_scan_env2025_seed0-499_48352cd1,98,45,11,0,3
20260912_215351_529_traffic_scan_env2025_seed0-499_48352cd1,98,45,12,0,3
20260912_215351_529_traffic_scan_env2025_seed0-499_48352cd1,98,45,13,0,1
20260912_215351_529_traffic_scan_env2025_seed0-499_48352cd1,98,45,14,0,1
20260912_215351_529_traffic_scan_env2025_seed0-499_48352cd1,98,45,14,1,1
20260912_215351_529_traffic_scan_env2025_seed0-499_48352cd1,98,45,15,0,3
20260912_215351_529_traffic_scan_env2025_seed0-499_48352cd1,98,45,15,1,1
20260912_215351_529_traffic_scan_env2025_seed0-499_48352cd1,98,45,16,0,5
20260912_215351_529_traffic_scan_env2025_seed0-499_48352cd1,98,45,16,1,1
20260912_215351_529_traffic_scan_env2025_seed0-499_48352cd1,98,45,17,0,2
20260912_215351_529_traffic_scan_env2025_seed0-499_48352cd1,98,45,17,1,2
20260912_215351_529_traffic_scan_env2025_seed0-499_48352cd1,98,45,18,0,2
20260912_215351_529_traffic_scan_env2025_seed0-499_48352cd1,98,45,19,0,2
20260912_215351_529_traffic_scan_env2025_seed0-499_48352cd1,98,45,20,0,1
20260912_215351_529_traffic_scan_env2025_seed0-499_48352cd1,98,45,20,1,1
20260912_215351_529_traffic_scan_env2025_seed0-499_48352cd1,98,45,21,0,5
20260912_215351_529_traffic_scan_env2025_seed0-499_48352cd1,98,45,21,1,1
20260912_215351_529_traffic_scan_env2025_seed0-499_48352cd1,98,45,22,0,1
20260912_215351_529_traffic_scan_env2025_seed0-499_48352cd1,98,45,22,1,1
20260912_215351_529_traffic_scan_env2025_seed0-499_48352cd1,98,45,23,2,2
20260912_215351_529_traffic_scan_env2025_seed0-499_48352cd1,98,45,24,2,1
20260912_215351_529_traffic_scan_env2025_seed0-499_48352cd1,98,45,25,0,2
20260912_215351_529_traffic_scan_env2025_seed0-499_48352cd1,98,45,25,1,3
20260912_215351_529_traffic_scan_env2025_seed0-499_48352cd1,98,45,26,0,1
20260912_215351_529_traffic_scan_env2025_seed0-499_48352cd1,98,45,26,1,1
20260912_215351_529_traffic_scan_env2025_seed0-499_48352cd1,98,45,27,0,4
20260912_215351_529_traffic_scan_env2025_seed0-499_48352cd1,98,45,27,1,3
20260912_215351_529_traffic_scan_env2025_seed0-499_48352cd1,98,45,28,0,3
20260912_215351_529_traffic_scan_env2025_seed0-499_48352cd1,98,45,28,1,1
20260912_215351_529_traffic_scan_env2025_seed0-499_48352cd1,98,45,29,0,1
20260912_215351_529_traffic_scan_env2025_seed0-499_48352cd1,98,45,29,1,1
20260912_215351_529_traffic_scan_env2025_seed0-499_48352cd1,98,45,30,0,2
20260912_215351_529_traffic_scan_env2025_seed0-499_48352cd1,98,45,30,1,4
20260912_215351_529_traffic_scan_env2025_seed0-499_48352cd1,98,45,31,0,3
20260912_215351_529_traffic_scan_env2025_seed0-499_48352cd1,98,45,31,1,3
20260912_215351_529_traffic_scan_env2025_seed0-499_48352cd1,98,45,34,0,1
20260912_215351_529_traffic_scan_env2025_seed0-499_48352cd1,98,45,34,1,3
20260912_215351_529_traffic_scan_env2025_seed0-499_48352cd1,98,45,35,0,1
20260912_215351_529_traffic_scan_env2025_seed0-499_48352cd1,98,45,35,1,1
20260912_215351_529_traffic_scan_env2025_seed0-499_48352cd1,98,45,36,0,1
20260912_215351_529_traffic_scan_env2025_seed0-499_48352cd1,98,45,36,1,1
20260912_215351_529_traffic_scan_env2025_seed0-499_48352cd1,98,45,37,0,3
20260912_215351_529_traffic_scan_env2025_seed0-499_48352cd1,98,45,37,1,2
20260912_215351_529_traffic_scan_env2025_seed0-499_48352cd1,98,45,40,0,2
20260912_215351_529_traffic_scan_env2025_seed0-499_48352cd1,98,45,41,0,1
20260912_215351_529_traffic_scan_env2025_seed0-499_48352cd1,98,45,42,0,1
20260912_215351_529_traffic_scan_env2025_seed0-499_48352cd1,98,45,43,2,1
20260912_215351_529_traffic_scan_env2025_seed0-499_48352cd1,98,45,44,0,5
20260912_215351_529_traffic_scan_env2025_seed0-499_48352cd1,98,45,46,0,2
20260912_215351_529_traffic_scan_env2025_seed0-499_48352cd1,98,45,47,0,2
20260912_215351_529_traffic_scan_env2025_seed0-499_48352cd1,98,45,49,0,2
20260912_215351_529_traffic_scan_env2025_seed0-499_48352cd1,98,45,52,0,1
20260912_215351_529_traffic_scan_env2025_seed0-499_48352cd1,98,45,53,0,1
20260912_215351_529_traffic_scan_env2025_seed0-499_48352cd1,98,45,54,0,2
20260912_215351_529_traffic_scan_env2025_seed0-499_48352cd1,98,45,55,0,1
20260912_215351_529_traffic_scan_env2025_seed0-499_48352cd1,98,45,56,1,2
20260912_215351_529_traffic_scan_env2025_seed0-499_48352cd1,98,46,1,0,2
20260912_215351_529_traffic_scan_env2025_seed0-499_48352cd1,98,46,3,0,1
20260912_215351_529_traffic_scan_env2025_seed0-499_48352cd1,98,46,5,1,1
20260912_215351_529_traffic_scan_env2025_seed0-499_48352cd1,98,46,7,0,1
20260912_215351_529_traffic_scan_env2025_seed0-499_48352cd1,98,46,8,0,3
20260912_215351_529_traffic_scan_env2025_seed0-499_48352cd1,98,46,9,0,2
20260912_215351_529_traffic_scan_env2025_seed0-499_48352cd1,98,46,10,1,1
20260912_215351_529_traffic_scan_env2025_seed0-499_48352cd1,98,46,13,1,1
20260912_215351_529_traffic_scan_env2025_seed0-499_48352cd1,98,46,14,0,1
20260912_215351_529_traffic_scan_env2025_seed0-499_48352cd1,98,46,15,0,3
20260912_215351_529_traffic_scan_env2025_seed0-499_48352cd1,98,46,16,1,2
20260912_215351_529_traffic_scan_env2025_seed0-499_48352cd1,98,46,17,0,2
20260912_215351_529_traffic_scan_env2025_seed0-499_48352cd1,98,46,18,0,1
20260912_215351_529_traffic_scan_env2025_seed0-499_48352cd1,98,46,19,0,1
20260912_215351_529_traffic_scan_env2025_seed0-499_48352cd1,98,46,20,0,4
20260912_215351_529_traffic_scan_env2025_seed0-499_48352cd1,98,46,23,0,1
20260912_215351_529_traffic_scan_env2025_seed0-499_48352cd1,98,46,23,1,1
20260912_215351_529_traffic_scan_env2025_seed0-499_48352cd1,98,46,24,0,2
20260912_215351_529_traffic_scan_env2025_seed0-499_48352cd1,98,46,26,1,2
20260912_215351_529_traffic_scan_env2025_seed0-499_48352cd1,98,46,27,0,2
20260912_215351_529_traffic_scan_env2025_seed0-499_48352cd1,98,46,27,1,2
20260912_215351_529_traffic_scan_env2025_seed0-499_48352cd1,98,46,28,0,3
20260912_215351_529_traffic_scan_env2025_seed0-499_48352cd1,98,46,29,0,1
20260912_215351_529_traffic_scan_env2025_seed0-499_48352cd1,98,46,30,0,2
20260912_215351_529_traffic_scan_env2025_seed0-499_48352cd1,98,46,30,1,2
20260912_215351_529_traffic_scan_env2025_seed0-499_48352cd1,98,46,31,0,1
20260912_215351_529_traffic_scan_env2025_seed0-499_48352cd1,98,46,31,1,1
20260912_215351_529_traffic_scan_env2025_seed0-499_48352cd1,98,46,34,0,3
20260912_215351_529_traffic_scan_env2025_seed0-499_48352cd1,98,46,34,1,1
20260912_215351_529_traffic_scan_env2025_seed0-499_48352cd1,98,46,35,0,1
20260912_215351_529_traffic_scan_env2025_seed0-499_48352cd1,98,46,35,1,1
20260912_215351_529_traffic_scan_env2025_seed0-499_48352cd1,98,46,38,0,3
20260912_215351_529_traffic_scan_env2025_seed0-499_48352cd1,98,46,38,1,2
20260912_215351_529_traffic_scan_env2025_seed0-499_48352cd1,98,46,39,0,2
20260912_215351_529_traffic_scan_env2025_seed0-499_48352cd1,98,46,39,1,1
20260912_215351_529_traffic_scan_env2025_seed0-499_48352cd1,98,46,40,0,4
20260912_215351_529_traffic_scan_env2025_seed0-499_48352cd1,98,46,40,1,1
20260912_215351_529_traffic_scan_env2025_seed0-499_48352cd1,98,46,41,1,1
20260912_215351_529_traffic_scan_env2025_seed0-499_48352cd1,98,46,42,0,1
20260912_215351_529_traffic_scan_env2025_seed0-499_48352cd1,98,46,42,1,1
20260912_215351_529_traffic_scan_env2025_seed0-499_48352cd1,98,46,43,0,1
20260912_215351_529_traffic_scan_env2025_seed0-499_48352cd1,98,46,43,1,2
20260912_215351_529_traffic_scan_env2025_seed0-499_48352cd1,98,46,44,0,2
20260912_215351_529_traffic_scan_env2025_seed0-499_48352cd1,98,46,44,1,1
20260912_215351_529_traffic_scan_env2025_seed0-499_48352cd1,98,46,45,0,4
20260912_215351_529_traffic_scan_env2025_seed0-499_48352cd1,98,46,45,1,1
20260912_215351_529_traffic_scan_env2025_seed0-499_48352cd1,98,46,46,0,1
20260912_215351_529_traffic_scan_env2025_seed0-499_48352cd1,98,46,46,1,1
20260912_215351_529_traffic_scan_env2025_seed0-499_48352cd1,98,46,47,1,1
20260912_215351_529_traffic_scan_env2025_seed0-499_48352cd1,98,46,48,0,3
20260912_215351_529_traffic_scan_env2025_seed0-499_48352cd1,98,46,48,1,1
20260912_215351_529_traffic_scan_env2025_seed0-499_48352cd1,98,46,49,1,1
20260912_215351_529_traffic_scan_env2025_seed0-499_48352cd1,98,46,50,0,2
20260912_215351_529_traffic_scan_env2025_seed0-499_48352cd1,98,46,51,0,1
20260912_215351_529_traffic_scan_env2025_seed0-499_48352cd1,98,46,53,0,1
20260912_215351_529_traffic_scan_env2025_seed0-499_48352cd1,98,46,54,0,2
20260912_215351_529_traffic_scan_env2025_seed0-499_48352cd1,98,46,55,0,2
20260912_215351_529_traffic_scan_env2025_seed0-499_48352cd1,98,46,56,0,2
20260912_215351_529_traffic_scan_env2025_seed0-499_48352cd1,98,46,56,1,2
20260912_215351_529_traffic_scan_env2025_seed0-499_48352cd1,98,47,1,0,1
20260912_215351_529_traffic_scan_env2025_seed0-499_48352cd1,98,47,2,0,1
20260912_215351_529_traffic_scan_env2025_seed0-499_48352cd1,98,47,3,0,1
20260912_215351_529_traffic_scan_env2025_seed0-499_48352cd1,98,47,5,1,1
20260912_215351_529_traffic_scan_env2025_seed0-499_48352cd1,98,47,7,0,4
20260912_215351_529_traffic_scan_env2025_seed0-499_48352cd1,98,47,8,0,1
20260912_215351_529_traffic_scan_env2025_seed0-499_48352cd1,98,47,9,0,1
20260912_215351_529_traffic_scan_env2025_seed0-499_48352cd1,98,47,10,0,1
20260912_215351_529_traffic_scan_env2025_seed0-499_48352cd1,98,47,10,1,1
20260912_215351_529_traffic_scan_env2025_seed0-499_48352cd1,98,47,11,0,1
20260912_215351_529_traffic_scan_env2025_seed0-499_48352cd1,98,47,12,0,1
20260912_215351_529_traffic_scan_env2025_seed0-499_48352cd1,98,47,12,1,1
20260912_215351_529_traffic_scan_env2025_seed0-499_48352cd1,98,47,13,0,2
20260912_215351_529_traffic_scan_env2025_seed0-499_48352cd1,98,47,14,0,3
20260912_215351_529_traffic_scan_env2025_seed0-499_48352cd1,98,47,15,0,2
20260912_215351_529_traffic_scan_env2025_seed0-499_48352cd1,98,47,15,1,2
20260912_215351_529_traffic_scan_env2025_seed0-499_48352cd1,98,47,16,0,1
20260912_215351_529_traffic_scan_env2025_seed0-499_48352cd1,98,47,17,0,2
20260912_215351_529_traffic_scan_env2025_seed0-499_48352cd1,98,47,18,0,2
20260912_215351_529_traffic_scan_env2025_seed0-499_48352cd1,98,47,19,0,1
20260912_215351_529_traffic_scan_env2025_seed0-499_48352cd1,98,47,20,0,4
20260912_215351_529_traffic_scan_env2025_seed0-499_48352cd1,98,47,23,0,1
20260912_215351_529_traffic_scan_env2025_seed0-499_48352cd1,98,47,23,1,2
20260912_215351_529_traffic_scan_env2025_seed0-499_48352cd1,98,47,24,1,1
20260912_215351_529_traffic_scan_env2025_seed0-499_48352cd1,98,47,25,1,1
20260912_215351_529_traffic_scan_env2025_seed0-499_48352cd1,98,47,26,0,2
20260912_215351_529_traffic_scan_env2025_seed0-499_48352cd1,98,47,26,1,1
20260912_215351_529_traffic_scan_env2025_seed0-499_48352cd1,98,47,27,1,5
20260912_215351_529_traffic_scan_env2025_seed0-499_48352cd1,98,47,28,0,3
20260912_215351_529_traffic_scan_env2025_seed0-499_48352cd1,98,47,29,0,4
20260912_215351_529_traffic_scan_env2025_seed0-499_48352cd1,98,47,30,0,2
20260912_215351_529_traffic_scan_env2025_seed0-499_48352cd1,98,47,30,1,1
20260912_215351_529_traffic_scan_env2025_seed0-499_48352cd1,98,47,31,0,2
20260912_215351_529_traffic_scan_env2025_seed0-499_48352cd1,98,47,32,0,2
20260912_215351_529_traffic_scan_env2025_seed0-499_48352cd1,98,47,32,1,1
20260912_215351_529_traffic_scan_env2025_seed0-499_48352cd1,98,47,33,0,2
20260912_215351_529_traffic_scan_env2025_seed0-499_48352cd1,98,47,34,0,1
20260912_215351_529_traffic_scan_env2025_seed0-499_48352cd1,98,47,34,1,1
20260912_215351_529_traffic_scan_env2025_seed0-499_48352cd1,98,47,36,1,1
20260912_215351_529_traffic_scan_env2025_seed0-499_48352cd1,98,47,37,0,1
20260912_215351_529_traffic_scan_env2025_seed0-499_48352cd1,98,47,37,1,1
20260912_215351_529_traffic_scan_env2025_seed0-499_48352cd1,98,47,38,1,1
20260912_215351_529_traffic_scan_env2025_seed0-499_48352cd1,98,47,39,2,2
20260912_215351_529_traffic_scan_env2025_seed0-499_48352cd1,98,47,40,2,1
20260912_215351_529_traffic_scan_env2025_seed0-499_48352cd1,98,47,41,0,4
20260912_215351_529_traffic_scan_env2025_seed0-499_48352cd1,98,47,41,1,1
20260912_215351_529_traffic_scan_env2025_seed0-499_48352cd1,98,47,42,1,1
20260912_215351_529_traffic_scan_env2025_seed0-499_48352cd1,98,47,43,0,1
20260912_215351_529_traffic_scan_env2025_seed0-499_48352cd1,98,47,43,1,2
20260912_215351_529_traffic_scan_env2025_seed0-499_48352cd1,98,47,44,0,3
20260912_215351_529_traffic_scan_env2025_seed0-499_48352cd1,98,47,44,1,1
20260912_215351_529_traffic_scan_env2025_seed0-499_48352cd1,98,47,45,0,1
20260912_215351_529_traffic_scan_env2025_seed0-499_48352cd1,98,47,45,1,1
20260912_215351_529_traffic_scan_env2025_seed0-499_48352cd1,98,47,46,0,4
20260912_215351_529_traffic_scan_env2025_seed0-499_48352cd1,98,47,46,1,1
20260912_215351_529_traffic_scan_env2025_seed0-499_48352cd1,98,47,48,0,2
20260912_215351_529_traffic_scan_env2025_seed0-499_48352cd1,98,47,49,0,1
20260912_215351_529_traffic_scan_env2025_seed0-499_48352cd1,98,47,51,0,1
20260912_215351_529_traffic_scan_env2025_seed0-499_48352cd1,98,47,55,0,1
20260912_215351_529_traffic_scan_env2025_seed0-499_48352cd1,98,47,56,0,1
20260912_215351_529_traffic_scan_env2025_seed0-499_48352cd1,98,47,56,1,2
20260912_215351_529_traffic_scan_env2025_seed0-499_48352cd1,98,47,57,0,1
20260912_215351_529_traffic_scan_env2025_seed0-499_48352cd1,98,48,2,0,1
20260912_215351_529_traffic_scan_env2025_seed0-499_48352cd1,98,48,3,0,1
20260912_215351_529_traffic_scan_env2025_seed0-499_48352cd1,98,48,4,0,1
20260912_215351_529_traffic_scan_env2025_seed0-499_48352cd1,98,48,5,1,1
20260912_215351_529_traffic_scan_env2025_seed0-499_48352cd1,98,48,6,0,3
20260912_215351_529_traffic_scan_env2025_seed0-499_48352cd1,98,48,7,0,2
20260912_215351_529_traffic_scan_env2025_seed0-499_48352cd1,98,48,9,0,1
20260912_215351_529_traffic_scan_env2025_seed0-499_48352cd1,98,48,11,1,2
20260912_215351_529_traffic_scan_env2025_seed0-499_48352cd1,98,48,12,0,1
20260912_215351_529_traffic_scan_env2025_seed0-499_48352cd1,98,48,13,0,2
20260912_215351_529_traffic_scan_env2025_seed0-499_48352cd1,98,48,14,1,2
20260912_215351_529_traffic_scan_env2025_seed0-499_48352cd1,98,48,15,0,1
20260912_215351_529_traffic_scan_env2025_seed0-499_48352cd1,98,48,17,0,1
20260912_215351_529_traffic_scan_env2025_seed0-499_48352cd1,98,48,18,0,1
20260912_215351_529_traffic_scan_env2025_seed0-499_48352cd1,98,48,18,1,1
20260912_215351_529_traffic_scan_env2025_seed0-499_48352cd1,98,48,19,0,4
20260912_215351_529_traffic_scan_env2025_seed0-499_48352cd1,98,48,19,1,1
20260912_215351_529_traffic_scan_env2025_seed0-499_48352cd1,98,48,20,1,1
20260912_215351_529_traffic_scan_env2025_seed0-499_48352cd1,98,48,21,0,3
20260912_215351_529_traffic_scan_env2025_seed0-499_48352cd1,98,48,21,1,1
20260912_215351_529_traffic_scan_env2025_seed0-499_48352cd1,98,48,22,0,1
20260912_215351_529_traffic_scan_env2025_seed0-499_48352cd1,98,48,22,1,1
20260912_215351_529_traffic_scan_env2025_seed0-499_48352cd1,98,48,23,0,1
20260912_215351_529_traffic_scan_env2025_seed0-499_48352cd1,98,48,25,0,1
20260912_215351_529_traffic_scan_env2025_seed0-499_48352cd1,98,48,26,0,2
20260912_215351_529_traffic_scan_env2025_seed0-499_48352cd1,98,48,27,0,2
20260912_215351_529_traffic_scan_env2025_seed0-499_48352cd1,98,48,28,0,4
20260912_215351_529_traffic_scan_env2025_seed0-499_48352cd1,98,48,30,0,3
20260912_215351_529_traffic_scan_env2025_seed0-499_48352cd1,98,48,30,1,1
20260912_215351_529_traffic_scan_env2025_seed0-499_48352cd1,98,48,31,0,1
20260912_215351_529_traffic_scan_env2025_seed0-499_48352cd1,98,48,32,0,1
20260912_215351_529_traffic_scan_env2025_seed0-499_48352cd1,98,48,33,0,2
20260912_215351_529_traffic_scan_env2025_seed0-499_48352cd1,98,48,33,1,1
20260912_215351_529_traffic_scan_env2025_seed0-499_48352cd1,98,48,35,0,1
20260912_215351_529_traffic_scan_env2025_seed0-499_48352cd1,98,48,36,0,1
20260912_215351_529_traffic_scan_env2025_seed0-499_48352cd1,98,48,40,2,1
20260912_215351_529_traffic_scan_env2025_seed0-499_48352cd1,98,48,41,0,2
20260912_215351_529_traffic_scan_env2025_seed0-499_48352cd1,98,48,42,0,2
20260912_215351_529_traffic_scan_env2025_seed0-499_48352cd1,98,48,43,0,1
20260912_215351_529_traffic_scan_env2025_seed0-499_48352cd1,98,48,43,1,1
20260912_215351_529_traffic_scan_env2025_seed0-499_48352cd1,98,48,44,0,3
20260912_215351_529_traffic_scan_env2025_seed0-499_48352cd1,98,48,46,0,2
20260912_215351_529_traffic_scan_env2025_seed0-499_48352cd1,98,48,47,0,4
20260912_215351_529_traffic_scan_env2025_seed0-499_48352cd1,98,48,48,0,4
20260912_215351_529_traffic_scan_env2025_seed0-499_48352cd1,98,48,49,0,1
20260912_215351_529_traffic_scan_env2025_seed0-499_48352cd1,98,48,50,0,2
20260912_215351_529_traffic_scan_env2025_seed0-499_48352cd1,98,48,51,0,1
20260912_215351_529_traffic_scan_env2025_seed0-499_48352cd1,98,48,52,0,2
20260912_215351_529_traffic_scan_env2025_seed0-499_48352cd1,98,48,53,0,2
20260912_215351_529_traffic_scan_env2025_seed0-499_48352cd1,98,48,54,0,1
20260912_215351_529_traffic_scan_env2025_seed0-499_48352cd1,98,48,55,0,1
20260912_215351_529_traffic_scan_env2025_seed0-499_48352cd1,98,48,56,0,1
20260912_215351_529_traffic_scan_env2025_seed0-499_48352cd1,98,48,56,1,2
20260912_215351_529_traffic_scan_env2025_seed0-499_48352cd1,98,48,58,0,1
20260912_215351_529_traffic_scan_env2025_seed0-499_48352cd1,98,49,0,0,1
20260912_215351_529_traffic_scan_env2025_seed0-499_48352cd1,98,49,2,0,1
20260912_215351_529_traffic_scan_env2025_seed0-499_48352cd1,98,49,5,0,4
20260912_215351_529_traffic_scan_env2025_seed0-499_48352cd1,98,49,5,1,1
20260912_215351_529_traffic_scan_env2025_seed0-499_48352cd1,98,49,6,0,1
20260912_215351_529_traffic_scan_env2025_seed0-499_48352cd1,98,49,7,0,1
20260912_215351_529_traffic_scan_env2025_seed0-499_48352cd1,98,49,10,0,2
20260912_215351_529_traffic_scan_env2025_seed0-499_48352cd1,98,49,11,0,2
20260912_215351_529_traffic_scan_env2025_seed0-499_48352cd1,98,49,12,0,2
20260912_215351_529_traffic_scan_env2025_seed0-499_48352cd1,98,49,13,1,2
20260912_215351_529_traffic_scan_env2025_seed0-499_48352cd1,98,49,15,0,1
20260912_215351_529_traffic_scan_env2025_seed0-499_48352cd1,98,49,17,0,1
20260912_215351_529_traffic_scan_env2025_seed0-499_48352cd1,98,49,18,0,3
20260912_215351_529_traffic_scan_env2025_seed0-499_48352cd1,98,49,19,0,1
20260912_215351_529_traffic_scan_env2025_seed0-499_48352cd1,98,49,20,0,4
20260912_215351_529_traffic_scan_env2025_seed0-499_48352cd1,98,49,23,0,1
20260912_215351_529_traffic_scan_env2025_seed0-499_48352cd1,98,49,24,0,1
20260912_215351_529_traffic_scan_env2025_seed0-499_48352cd1,98,49,26,0,4
20260912_215351_529_traffic_scan_env2025_seed0-499_48352cd1,98,49,27,0,1
20260912_215351_529_traffic_scan_env2025_seed0-499_48352cd1,98,49,28,0,1
20260912_215351_529_traffic_scan_env2025_seed0-499_48352cd1,98,49,29,0,3
20260912_215351_529_traffic_scan_env2025_seed0-499_48352cd1,98,49,31,0,4
20260912_215351_529_traffic_scan_env2025_seed0-499_48352cd1,98,49,34,0,2
20260912_215351_529_traffic_scan_env2025_seed0-499_48352cd1,98,49,34,1,1
20260912_215351_529_traffic_scan_env2025_seed0-499_48352cd1,98,49,35,0,2
20260912_215351_529_traffic_scan_env2025_seed0-499_48352cd1,98,49,39,2,1
20260912_215351_529_traffic_scan_env2025_seed0-499_48352cd1,98,49,41,0,2
20260912_215351_529_traffic_scan_env2025_seed0-499_48352cd1,98,49,42,0,1
20260912_215351_529_traffic_scan_env2025_seed0-499_48352cd1,98,49,43,0,2
20260912_215351_529_traffic_scan_env2025_seed0-499_48352cd1,98,49,43,1,1
20260912_215351_529_traffic_scan_env2025_seed0-499_48352cd1,98,49,44,0,1
20260912_215351_529_traffic_scan_env2025_seed0-499_48352cd1,98,49,45,0,1
20260912_215351_529_traffic_scan_env2025_seed0-499_48352cd1,98,49,46,0,1
20260912_215351_529_traffic_scan_env2025_seed0-499_48352cd1,98,49,47,0,2
20260912_215351_529_traffic_scan_env2025_seed0-499_48352cd1,98,49,48,0,4
20260912_215351_529_traffic_scan_env2025_seed0-499_48352cd1,98,49,51,0,1
20260912_215351_529_traffic_scan_env2025_seed0-499_48352cd1,98,49,54,0,1
20260912_215351_529_traffic_scan_env2025_seed0-499_48352cd1,98,49,56,1,2
20260912_215351_529_traffic_scan_env2025_seed0-499_48352cd1,98,49,57,0,1
20260912_215351_529_traffic_scan_env2025_seed0-499_48352cd1,98,49,59,0,1
20260912_215351_529_traffic_scan_env2025_seed0-499_48352cd1,98,50,1,0,1
20260912_215351_529_traffic_scan_env2025_seed0-499_48352cd1,98,50,2,0,1
20260912_215351_529_traffic_scan_env2025_seed0-499_48352cd1,98,50,4,0,3
20260912_215351_529_traffic_scan_env2025_seed0-499_48352cd1,98,50,5,0,1
20260912_215351_529_traffic_scan_env2025_seed0-499_48352cd1,98,50,5,1,1
20260912_215351_529_traffic_scan_env2025_seed0-499_48352cd1,98,50,6,0,1
20260912_215351_529_traffic_scan_env2025_seed0-499_48352cd1,98,50,7,0,2
20260912_215351_529_traffic_scan_env2025_seed0-499_48352cd1,98,50,9,0,1
20260912_215351_529_traffic_scan_env2025_seed0-499_48352cd1,98,50,10,0,1
20260912_215351_529_traffic_scan_env2025_seed0-499_48352cd1,98,50,11,0,4
20260912_215351_529_traffic_scan_env2025_seed0-499_48352cd1,98,50,13,0,2
20260912_215351_529_traffic_scan_env2025_seed0-499_48352cd1,98,50,14,0,1
20260912_215351_529_traffic_scan_env2025_seed0-499_48352cd1,98,50,17,0,2
20260912_215351_529_traffic_scan_env2025_seed0-499_48352cd1,98,50,18,0,1
20260912_215351_529_traffic_scan_env2025_seed0-499_48352cd1,98,50,19,0,4
20260912_215351_529_traffic_scan_env2025_seed0-499_48352cd1,98,50,21,0,1
20260912_215351_529_traffic_scan_env2025_seed0-499_48352cd1,98,50,23,0,2
20260912_215351_529_traffic_scan_env2025_seed0-499_48352cd1,98,50,25,0,2
20260912_215351_529_traffic_scan_env2025_seed0-499_48352cd1,98,50,26,0,3
20260912_215351_529_traffic_scan_env2025_seed0-499_48352cd1,98,50,28,0,1
20260912_215351_529_traffic_scan_env2025_seed0-499_48352cd1,98,50,29,0,1
20260912_215351_529_traffic_scan_env2025_seed0-499_48352cd1,98,50,30,0,3
20260912_215351_529_traffic_scan_env2025_seed0-499_48352cd1,98,50,31,0,2
20260912_215351_529_traffic_scan_env2025_seed0-499_48352cd1,98,50,32,0,1
20260912_215351_529_traffic_scan_env2025_seed0-499_48352cd1,98,50,34,0,2
20260912_215351_529_traffic_scan_env2025_seed0-499_48352cd1,98,50,35,1,3
20260912_215351_529_traffic_scan_env2025_seed0-499_48352cd1,98,50,38,1,1
20260912_215351_529_traffic_scan_env2025_seed0-499_48352cd1,98,50,41,0,2
20260912_215351_529_traffic_scan_env2025_seed0-499_48352cd1,98,50,42,0,1
20260912_215351_529_traffic_scan_env2025_seed0-499_48352cd1,98,50,43,0,1
20260912_215351_529_traffic_scan_env2025_seed0-499_48352cd1,98,50,44,0,3
20260912_215351_529_traffic_scan_env2025_seed0-499_48352cd1,98,50,48,0,4
20260912_215351_529_traffic_scan_env2025_seed0-499_48352cd1,98,50,49,0,3
20260912_215351_529_traffic_scan_env2025_seed0-499_48352cd1,98,50,50,0,1
20260912_215351_529_traffic_scan_env2025_seed0-499_48352cd1,98,50,51,0,1
20260912_215351_529_traffic_scan_env2025_seed0-499_48352cd1,98,50,57,0,2
20260912_215351_529_traffic_scan_env2025_seed0-499_48352cd1,98,50,58,0,1
20260912_215351_529_traffic_scan_env2025_seed0-499_48352cd1,98,51,2,0,2
20260912_215351_529_traffic_scan_env2025_seed0-499_48352cd1,98,51,3,0,3
20260912_215351_529_traffic_scan_env2025_seed0-499_48352cd1,98,51,4,0,1
20260912_215351_529_traffic_scan_env2025_seed0-499_48352cd1,98,51,8,0,3
20260912_215351_529_traffic_scan_env2025_seed0-499_48352cd1,98,51,9,0,1
20260912_215351_529_traffic_scan_env2025_seed0-499_48352cd1,98,51,10,0,2
20260912_215351_529_traffic_scan_env2025_seed0-499_48352cd1,98,51,11,0,1
20260912_215351_529_traffic_scan_env2025_seed0-499_48352cd1,98,51,12,0,3
20260912_215351_529_traffic_scan_env2025_seed0-499_48352cd1,98,51,14,0,1
20260912_215351_529_traffic_scan_env2025_seed0-499_48352cd1,98,51,16,0,1
20260912_215351_529_traffic_scan_env2025_seed0-499_48352cd1,98,51,18,0,4
20260912_215351_529_traffic_scan_env2025_seed0-499_48352cd1,98,51,19,0,1
20260912_215351_529_traffic_scan_env2025_seed0-499_48352cd1,98,51,22,0,2
20260912_215351_529_traffic_scan_env2025_seed0-499_48352cd1,98,51,23,0,1
20260912_215351_529_traffic_scan_env2025_seed0-499_48352cd1,98,51,24,0,3
20260912_215351_529_traffic_scan_env2025_seed0-499_48352cd1,98,51,25,0,1
20260912_215351_529_traffic_scan_env2025_seed0-499_48352cd1,98,51,26,0,2
20260912_215351_529_traffic_scan_env2025_seed0-499_48352cd1,98,51,28,0,1
20260912_215351_529_traffic_scan_env2025_seed0-499_48352cd1,98,51,29,0,1
20260912_215351_529_traffic_scan_env2025_seed0-499_48352cd1,98,51,30,0,1
20260912_215351_529_traffic_scan_env2025_seed0-499_48352cd1,98,51,31,0,2
20260912_215351_529_traffic_scan_env2025_seed0-499_48352cd1,98,51,32,0,1
20260912_215351_529_traffic_scan_env2025_seed0-499_48352cd1,98,51,33,0,2
20260912_215351_529_traffic_scan_env2025_seed0-499_48352cd1,98,51,34,0,1
20260912_215351_529_traffic_scan_env2025_seed0-499_48352cd1,98,51,35,0,1
20260912_215351_529_traffic_scan_env2025_seed0-499_48352cd1,98,51,36,0,1
20260912_215351_529_traffic_scan_env2025_seed0-499_48352cd1,98,51,36,1,1
20260912_215351_529_traffic_scan_env2025_seed0-499_48352cd1,98,51,39,0,2
20260912_215351_529_traffic_scan_env2025_seed0-499_48352cd1,98,51,40,0,1
20260912_215351_529_traffic_scan_env2025_seed0-499_48352cd1,98,51,41,0,1
20260912_215351_529_traffic_scan_env2025_seed0-499_48352cd1,98,51,43,0,1
20260912_215351_529_traffic_scan_env2025_seed0-499_48352cd1,98,51,44,0,1
20260912_215351_529_traffic_scan_env2025_seed0-499_48352cd1,98,51,45,0,2
20260912_215351_529_traffic_scan_env2025_seed0-499_48352cd1,98,51,48,0,3
20260912_215351_529_traffic_scan_env2025_seed0-499_48352cd1,98,51,50,0,2
20260912_215351_529_traffic_scan_env2025_seed0-499_48352cd1,98,51,52,0,1
20260912_215351_529_traffic_scan_env2025_seed0-499_48352cd1,98,51,53,0,1
20260912_215351_529_traffic_scan_env2025_seed0-499_48352cd1,98,51,54,0,1
20260912_215351_529_traffic_scan_env2025_seed0-499_48352cd1,98,51,55,0,1
20260912_215351_529_traffic_scan_env2025_seed0-499_48352cd1,98,51,56,0,1
20260912_215351_529_traffic_scan_env2025_seed0-499_48352cd1,98,51,57,0,3
20260912_215351_529_traffic_scan_env2025_seed0-499_48352cd1,98,51,58,0,1
20260912_215351_529_traffic_scan_env2025_seed0-499_48352cd1,98,52,2,0,4
20260912_215351_529_traffic_scan_env2025_seed0-499_48352cd1,98,52,3,0,1
20260912_215351_529_traffic_scan_env2025_seed0-499_48352cd1,98,52,4,0,1
20260912_215351_529_traffic_scan_env2025_seed0-499_48352cd1,98,52,8,0,2
20260912_215351_529_traffic_scan_env2025_seed0-499_48352cd1,98,52,9,0,3
20260912_215351_529_traffic_scan_env2025_seed0-499_48352cd1,98,52,11,0,3
20260912_215351_529_traffic_scan_env2025_seed0-499_48352cd1,98,52,13,0,2
20260912_215351_529_traffic_scan_env2025_seed0-499_48352cd1,98,52,15,0,1
20260912_215351_529_traffic_scan_env2025_seed0-499_48352cd1,98,52,17,0,3
20260912_215351_529_traffic_scan_env2025_seed0-499_48352cd1,98,52,21,0,1
20260912_215351_529_traffic_scan_env2025_seed0-499_48352cd1,98,52,23,0,5
20260912_215351_529_traffic_scan_env2025_seed0-499_48352cd1,98,52,27,0,2
20260912_215351_529_traffic_scan_env2025_seed0-499_48352cd1,98,52,28,0,1
20260912_215351_529_traffic_scan_env2025_seed0-499_48352cd1,98,52,29,0,1
20260912_215351_529_traffic_scan_env2025_seed0-499_48352cd1,98,52,30,0,1
20260912_215351_529_traffic_scan_env2025_seed0-499_48352cd1,98,52,31,0,1
20260912_215351_529_traffic_scan_env2025_seed0-499_48352cd1,98,52,32,0,1
20260912_215351_529_traffic_scan_env2025_seed0-499_48352cd1,98,52,33,0,1
20260912_215351_529_traffic_scan_env2025_seed0-499_48352cd1,98,52,34,0,1
20260912_215351_529_traffic_scan_env2025_seed0-499_48352cd1,98,52,35,0,1
20260912_215351_529_traffic_scan_env2025_seed0-499_48352cd1,98,52,36,0,1
20260912_215351_529_traffic_scan_env2025_seed0-499_48352cd1,98,52,37,1,1
20260912_215351_529_traffic_scan_env2025_seed0-499_48352cd1,98,52,38,1,1
20260912_215351_529_traffic_scan_env2025_seed0-499_48352cd1,98,52,40,0,1
20260912_215351_529_traffic_scan_env2025_seed0-499_48352cd1,98,52,42,0,1
20260912_215351_529_traffic_scan_env2025_seed0-499_48352cd1,98,52,43,0,1
20260912_215351_529_traffic_scan_env2025_seed0-499_48352cd1,98,52,44,0,1
20260912_215351_529_traffic_scan_env2025_seed0-499_48352cd1,98,52,46,0,2
20260912_215351_529_traffic_scan_env2025_seed0-499_48352cd1,98,52,47,0,2
20260912_215351_529_traffic_scan_env2025_seed0-499_48352cd1,98,52,48,0,2
20260912_215351_529_traffic_scan_env2025_seed0-499_48352cd1,98,52,51,0,2
20260912_215351_529_traffic_scan_env2025_seed0-499_48352cd1,98,52,52,0,1
20260912_215351_529_traffic_scan_env2025_seed0-499_48352cd1,98,52,57,0,2
20260912_215351_529_traffic_scan_env2025_seed0-499_48352cd1,98,53,1,0,4
20260912_215351_529_traffic_scan_env2025_seed0-499_48352cd1,98,53,4,0,2
20260912_215351_529_traffic_scan_env2025_seed0-499_48352cd1,98,53,5,0,1
20260912_215351_529_traffic_scan_env2025_seed0-499_48352cd1,98,53,7,0,1
20260912_215351_529_traffic_scan_env2025_seed0-499_48352cd1,98,53,8,0,2
20260912_215351_529_traffic_scan_env2025_seed0-499_48352cd1,98,53,9,0,1
20260912_215351_529_traffic_scan_env2025_seed0-499_48352cd1,98,53,10,0,3
20260912_215351_529_traffic_scan_env2025_seed0-499_48352cd1,98,53,11,0,1
20260912_215351_529_traffic_scan_env2025_seed0-499_48352cd1,98,53,12,0,1
20260912_215351_529_traffic_scan_env2025_seed0-499_48352cd1,98,53,14,0,2
20260912_215351_529_traffic_scan_env2025_seed0-499_48352cd1,98,53,16,0,2
20260912_215351_529_traffic_scan_env2025_seed0-499_48352cd1,98,53,17,0,1
20260912_215351_529_traffic_scan_env2025_seed0-499_48352cd1,98,53,20,0,1
20260912_215351_529_traffic_scan_env2025_seed0-499_48352cd1,98,53,22,0,2
20260912_215351_529_traffic_scan_env2025_seed0-499_48352cd1,98,53,23,0,2
20260912_215351_529_traffic_scan_env2025_seed0-499_48352cd1,98,53,24,0,1
20260912_215351_529_traffic_scan_env2025_seed0-499_48352cd1,98,53,27,0,2
20260912_215351_529_traffic_scan_env2025_seed0-499_48352cd1,98,53,28,0,1
20260912_215351_529_traffic_scan_env2025_seed0-499_48352cd1,98,53,29,0,1
20260912_215351_529_traffic_scan_env2025_seed0-499_48352cd1,98,53,31,0,1
20260912_215351_529_traffic_scan_env2025_seed0-499_48352cd1,98,53,33,0,1
20260912_215351_529_traffic_scan_env2025_seed0-499_48352cd1,98,53,34,0,1
20260912_215351_529_traffic_scan_env2025_seed0-499_48352cd1,98,53,35,0,2
20260912_215351_529_traffic_scan_env2025_seed0-499_48352cd1,98,53,37,1,1
20260912_215351_529_traffic_scan_env2025_seed0-499_48352cd1,98,53,38,1,1
20260912_215351_529_traffic_scan_env2025_seed0-499_48352cd1,98,53,41,0,1
20260912_215351_529_traffic_scan_env2025_seed0-499_48352cd1,98,53,42,0,1
20260912_215351_529_traffic_scan_env2025_seed0-499_48352cd1,98,53,43,0,1
20260912_215351_529_traffic_scan_env2025_seed0-499_48352cd1,98,53,44,0,1
20260912_215351_529_traffic_scan_env2025_seed0-499_48352cd1,98,53,47,0,2
20260912_215351_529_traffic_scan_env2025_seed0-499_48352cd1,98,53,49,0,1
20260912_215351_529_traffic_scan_env2025_seed0-499_48352cd1,98,53,53,0,1
20260912_215351_529_traffic_scan_env2025_seed0-499_48352cd1,98,53,57,0,2
20260912_215351_529_traffic_scan_env2025_seed0-499_48352cd1,98,54,1,0,3
20260912_215351_529_traffic_scan_env2025_seed0-499_48352cd1,98,54,4,0,1
20260912_215351_529_traffic_scan_env2025_seed0-499_48352cd1,98,54,6,0,2
20260912_215351_529_traffic_scan_env2025_seed0-499_48352cd1,98,54,7,0,2
20260912_215351_529_traffic_scan_env2025_seed0-499_48352cd1,98,54,9,0,1
20260912_215351_529_traffic_scan_env2025_seed0-499_48352cd1,98,54,10,0,1
20260912_215351_529_traffic_scan_env2025_seed0-499_48352cd1,98,54,11,0,3
20260912_215351_529_traffic_scan_env2025_seed0-499_48352cd1,98,54,13,0,1
20260912_215351_529_traffic_scan_env2025_seed0-499_48352cd1,98,54,15,0,3
20260912_215351_529_traffic_scan_env2025_seed0-499_48352cd1,98,54,16,0,1
20260912_215351_529_traffic_scan_env2025_seed0-499_48352cd1,98,54,21,0,2
20260912_215351_529_traffic_scan_env2025_seed0-499_48352cd1,98,54,22,0,1
20260912_215351_529_traffic_scan_env2025_seed0-499_48352cd1,98,54,23,0,1
20260912_215351_529_traffic_scan_env2025_seed0-499_48352cd1,98,54,25,0,1
20260912_215351_529_traffic_scan_env2025_seed0-499_48352cd1,98,54,26,0,2
20260912_215351_529_traffic_scan_env2025_seed0-499_48352cd1,98,54,28,0,1
20260912_215351_529_traffic_scan_env2025_seed0-499_48352cd1,98,54,29,0,1
20260912_215351_529_traffic_scan_env2025_seed0-499_48352cd1,98,54,31,0,1
20260912_215351_529_traffic_scan_env2025_seed0-499_48352cd1,98,54,34,0,1
20260912_215351_529_traffic_scan_env2025_seed0-499_48352cd1,98,54,35,0,1
20260912_215351_529_traffic_scan_env2025_seed0-499_48352cd1,98,54,36,1,1
20260912_215351_529_traffic_scan_env2025_seed0-499_48352cd1,98,54,39,1,1
20260912_215351_529_traffic_scan_env2025_seed0-499_48352cd1,98,54,41,1,1
20260912_215351_529_traffic_scan_env2025_seed0-499_48352cd1,98,54,42,0,1
20260912_215351_529_traffic_scan_env2025_seed0-499_48352cd1,98,54,42,1,1
20260912_215351_529_traffic_scan_env2025_seed0-499_48352cd1,98,54,43,0,2
20260912_215351_529_traffic_scan_env2025_seed0-499_48352cd1,98,54,47,0,2
20260912_215351_529_traffic_scan_env2025_seed0-499_48352cd1,98,54,49,0,1
20260912_215351_529_traffic_scan_env2025_seed0-499_48352cd1,98,54,54,0,1
20260912_215351_529_traffic_scan_env2025_seed0-499_48352cd1,98,54,57,0,2
20260912_215351_529_traffic_scan_env2025_seed0-499_48352cd1,98,55,0,0,1
20260912_215351_529_traffic_scan_env2025_seed0-499_48352cd1,98,55,2,0,2
20260912_215351_529_traffic_scan_env2025_seed0-499_48352cd1,98,55,4,0,2
20260912_215351_529_traffic_scan_env2025_seed0-499_48352cd1,98,55,5,0,1
20260912_215351_529_traffic_scan_env2025_seed0-499_48352cd1,98,55,6,0,2
20260912_215351_529_traffic_scan_env2025_seed0-499_48352cd1,98,55,7,0,1
20260912_215351_529_traffic_scan_env2025_seed0-499_48352cd1,98,55,8,0,1
20260912_215351_529_traffic_scan_env2025_seed0-499_48352cd1,98,55,10,0,1
20260912_215351_529_traffic_scan_env2025_seed0-499_48352cd1,98,55,11,0,1
20260912_215351_529_traffic_scan_env2025_seed0-499_48352cd1,98,55,12,0,2
20260912_215351_529_traffic_scan_env2025_seed0-499_48352cd1,98,55,14,0,3
20260912_215351_529_traffic_scan_env2025_seed0-499_48352cd1,98,55,15,0,2
20260912_215351_529_traffic_scan_env2025_seed0-499_48352cd1,98,55,16,0,1
20260912_215351_529_traffic_scan_env2025_seed0-499_48352cd1,98,55,21,0,1
20260912_215351_529_traffic_scan_env2025_seed0-499_48352cd1,98,55,23,0,1
20260912_215351_529_traffic_scan_env2025_seed0-499_48352cd1,98,55,26,0,3
20260912_215351_529_traffic_scan_env2025_seed0-499_48352cd1,98,55,28,0,1
20260912_215351_529_traffic_scan_env2025_seed0-499_48352cd1,98,55,29,0,1
20260912_215351_529_traffic_scan_env2025_seed0-499_48352cd1,98,55,35,0,2
20260912_215351_529_traffic_scan_env2025_seed0-499_48352cd1,98,55,35,1,1
20260912_215351_529_traffic_scan_env2025_seed0-499_48352cd1,98,55,40,1,1
20260912_215351_529_traffic_scan_env2025_seed0-499_48352cd1,98,55,43,0,2
20260912_215351_529_traffic_scan_env2025_seed0-499_48352cd1,98,55,44,0,1
20260912_215351_529_traffic_scan_env2025_seed0-499_48352cd1,98,55,47,0,2
20260912_215351_529_traffic_scan_env2025_seed0-499_48352cd1,98,55,50,0,1
20260912_215351_529_traffic_scan_env2025_seed0-499_48352cd1,98,55,57,0,2
20260912_215351_529_traffic_scan_env2025_seed0-499_48352cd1,98,56,2,0,1
20260912_215351_529_traffic_scan_env2025_seed0-499_48352cd1,98,56,3,0,1
20260912_215351_529_traffic_scan_env2025_seed0-499_48352cd1,98,56,4,0,1
20260912_215351_529_traffic_scan_env2025_seed0-499_48352cd1,98,56,5,0,2
20260912_215351_529_traffic_scan_env2025_seed0-499_48352cd1,98,56,7,0,1
20260912_215351_529_traffic_scan_env2025_seed0-499_48352cd1,98,56,8,0,1
20260912_215351_529_traffic_scan_env2025_seed0-499_48352cd1,98,56,9,0,1
20260912_215351_529_traffic_scan_env2025_seed0-499_48352cd1,98,56,11,0,1
20260912_215351_529_traffic_scan_env2025_seed0-499_48352cd1,98,56,13,0,2
20260912_215351_529_traffic_scan_env2025_seed0-499_48352cd1,98,56,16,0,1
20260912_215351_529_traffic_scan_env2025_seed0-499_48352cd1,98,56,17,0,1
20260912_215351_529_traffic_scan_env2025_seed0-499_48352cd1,98,56,26,0,3
20260912_215351_529_traffic_scan_env2025_seed0-499_48352cd1,98,56,29,0,2
20260912_215351_529_traffic_scan_env2025_seed0-499_48352cd1,98,56,34,1,1
20260912_215351_529_traffic_scan_env2025_seed0-499_48352cd1,98,56,36,0,1
20260912_215351_529_traffic_scan_env2025_seed0-499_48352cd1,98,56,43,0,1
20260912_215351_529_traffic_scan_env2025_seed0-499_48352cd1,98,56,45,0,1
20260912_215351_529_traffic_scan_env2025_seed0-499_48352cd1,98,56,46,0,1
20260912_215351_529_traffic_scan_env2025_seed0-499_48352cd1,98,56,47,0,1
20260912_215351_529_traffic_scan_env2025_seed0-499_48352cd1,98,56,48,0,2
20260912_215351_529_traffic_scan_env2025_seed0-499_48352cd1,98,56,49,0,1
20260912_215351_529_traffic_scan_env2025_seed0-499_48352cd1,98,56,50,0,1
20260912_215351_529_traffic_scan_env2025_seed0-499_48352cd1,98,56,51,0,2
20260912_215351_529_traffic_scan_env2025_seed0-499_48352cd1,98,56,52,0,1
20260912_215351_529_traffic_scan_env2025_seed0-499_48352cd1,98,56,57,0,2
20260912_215351_529_traffic_scan_env2025_seed0-499_48352cd1,98,57,1,0,1
20260912_215351_529_traffic_scan_env2025_seed0-499_48352cd1,98,57,4,0,3
20260912_215351_529_traffic_scan_env2025_seed0-499_48352cd1,98,57,6,0,1
20260912_215351_529_traffic_scan_env2025_seed0-499_48352cd1,98,57,9,0,2
20260912_215351_529_traffic_scan_env2025_seed0-499_48352cd1,98,57,10,0,2
20260912_215351_529_traffic_scan_env2025_seed0-499_48352cd1,98,57,13,0,1
20260912_215351_529_traffic_scan_env2025_seed0-499_48352cd1,98,57,17,0,1
20260912_215351_529_traffic_scan_env2025_seed0-499_48352cd1,98,57,18,0,2
20260912_215351_529_traffic_scan_env2025_seed0-499_48352cd1,98,57,19,0,1
20260912_215351_529_traffic_scan_env2025_seed0-499_48352cd1,98,57,20,0,1
20260912_215351_529_traffic_scan_env2025_seed0-499_48352cd1,98,57,21,0,1
20260912_215351_529_traffic_scan_env2025_seed0-499_48352cd1,98,57,22,1,1
20260912_215351_529_traffic_scan_env2025_seed0-499_48352cd1,98,57,23,1,1
20260912_215351_529_traffic_scan_env2025_seed0-499_48352cd1,98,57,24,1,1
20260912_215351_529_traffic_scan_env2025_seed0-499_48352cd1,98,57,25,1,1
20260912_215351_529_traffic_scan_env2025_seed0-499_48352cd1,98,57,26,1,1
20260912_215351_529_traffic_scan_env2025_seed0-499_48352cd1,98,57,27,0,1
20260912_215351_529_traffic_scan_env2025_seed0-499_48352cd1,98,57,27,1,1
20260912_215351_529_traffic_scan_env2025_seed0-499_48352cd1,98,57,28,1,1
20260912_215351_529_traffic_scan_env2025_seed0-499_48352cd1,98,57,29,0,1
20260912_215351_529_traffic_scan_env2025_seed0-499_48352cd1,98,57,29,1,1
20260912_215351_529_traffic_scan_env2025_seed0-499_48352cd1,98,57,30,0,1
20260912_215351_529_traffic_scan_env2025_seed0-499_48352cd1,98,57,30,1,1
20260912_215351_529_traffic_scan_env2025_seed0-499_48352cd1,98,57,31,1,1
20260912_215351_529_traffic_scan_env2025_seed0-499_48352cd1,98,57,32,1,1
20260912_215351_529_traffic_scan_env2025_seed0-499_48352cd1,98,57,33,1,2
20260912_215351_529_traffic_scan_env2025_seed0-499_48352cd1,98,57,34,1,1
20260912_215351_529_traffic_scan_env2025_seed0-499_48352cd1,98,57,35,1,1
20260912_215351_529_traffic_scan_env2025_seed0-499_48352cd1,98,57,36,1,1
20260912_215351_529_traffic_scan_env2025_seed0-499_48352cd1,98,57,37,0,1
20260912_215351_529_traffic_scan_env2025_seed0-499_48352cd1,98,57,37,1,1
20260912_215351_529_traffic_scan_env2025_seed0-499_48352cd1,98,57,38,1,1
20260912_215351_529_traffic_scan_env2025_seed0-499_48352cd1,98,57,39,1,1
20260912_215351_529_traffic_scan_env2025_seed0-499_48352cd1,98,57,40,1,1
20260912_215351_529_traffic_scan_env2025_seed0-499_48352cd1,98,57,48,0,1
20260912_215351_529_traffic_scan_env2025_seed0-499_48352cd1,98,57,52,0,1
20260912_215351_529_traffic_scan_env2025_seed0-499_48352cd1,98,57,57,0,2
20260912_215351_529_traffic_scan_env2025_seed0-499_48352cd1,98,58,0,0,1
20260912_215351_529_traffic_scan_env2025_seed0-499_48352cd1,98,58,3,0,2
20260912_215351_529_traffic_scan_env2025_seed0-499_48352cd1,98,58,4,0,1
20260912_215351_529_traffic_scan_env2025_seed0-499_48352cd1,98,58,5,0,1
20260912_215351_529_traffic_scan_env2025_seed0-499_48352cd1,98,58,8,0,1
20260912_215351_529_traffic_scan_env2025_seed0-499_48352cd1,98,58,9,0,1
20260912_215351_529_traffic_scan_env2025_seed0-499_48352cd1,98,58,11,0,1
20260912_215351_529_traffic_scan_env2025_seed0-499_48352cd1,98,58,12,0,2
20260912_215351_529_traffic_scan_env2025_seed0-499_48352cd1,98,58,13,0,1
20260912_215351_529_traffic_scan_env2025_seed0-499_48352cd1,98,58,14,0,1
20260912_215351_529_traffic_scan_env2025_seed0-499_48352cd1,98,58,15,0,1
20260912_215351_529_traffic_scan_env2025_seed0-499_48352cd1,98,58,16,0,1
20260912_215351_529_traffic_scan_env2025_seed0-499_48352cd1,98,58,17,0,1
20260912_215351_529_traffic_scan_env2025_seed0-499_48352cd1,98,58,18,0,1
20260912_215351_529_traffic_scan_env2025_seed0-499_48352cd1,98,58,19,0,2
20260912_215351_529_traffic_scan_env2025_seed0-499_48352cd1,98,58,20,0,1
20260912_215351_529_traffic_scan_env2025_seed0-499_48352cd1,98,58,21,0,1
20260912_215351_529_traffic_scan_env2025_seed0-499_48352cd1,98,58,22,1,1
20260912_215351_529_traffic_scan_env2025_seed0-499_48352cd1,98,58,23,1,2
20260912_215351_529_traffic_scan_env2025_seed0-499_48352cd1,98,58,24,1,2
20260912_215351_529_traffic_scan_env2025_seed0-499_48352cd1,98,58,25,1,2
20260912_215351_529_traffic_scan_env2025_seed0-499_48352cd1,98,58,26,1,2
20260912_215351_529_traffic_scan_env2025_seed0-499_48352cd1,98,58,27,1,2
20260912_215351_529_traffic_scan_env2025_seed0-499_48352cd1,98,58,28,1,2
20260912_215351_529_traffic_scan_env2025_seed0-499_48352cd1,98,58,29,0,1
20260912_215351_529_traffic_scan_env2025_seed0-499_48352cd1,98,58,29,1,2
20260912_215351_529_traffic_scan_env2025_seed0-499_48352cd1,98,58,30,1,2
20260912_215351_529_traffic_scan_env2025_seed0-499_48352cd1,98,58,31,1,2
20260912_215351_529_traffic_scan_env2025_seed0-499_48352cd1,98,58,32,1,2
20260912_215351_529_traffic_scan_env2025_seed0-499_48352cd1,98,58,33,1,1
20260912_215351_529_traffic_scan_env2025_seed0-499_48352cd1,98,58,34,1,1
20260912_215351_529_traffic_scan_env2025_seed0-499_48352cd1,98,58,35,1,1
20260912_215351_529_traffic_scan_env2025_seed0-499_48352cd1,98,58,36,1,1
20260912_215351_529_traffic_scan_env2025_seed0-499_48352cd1,98,58,37,1,1
20260912_215351_529_traffic_scan_env2025_seed0-499_48352cd1,98,58,38,0,1
20260912_215351_529_traffic_scan_env2025_seed0-499_48352cd1,98,58,38,1,1
20260912_215351_529_traffic_scan_env2025_seed0-499_48352cd1,98,58,39,1,1
20260912_215351_529_traffic_scan_env2025_seed0-499_48352cd1,98,58,40,1,1
20260912_215351_529_traffic_scan_env2025_seed0-499_48352cd1,98,58,41,0,1
20260912_215351_529_traffic_scan_env2025_seed0-499_48352cd1,98,58,41,1,1
20260912_215351_529_traffic_scan_env2025_seed0-499_48352cd1,98,58,42,0,2
20260912_215351_529_traffic_scan_env2025_seed0-499_48352cd1,98,58,43,0,2
20260912_215351_529_traffic_scan_env2025_seed0-499_48352cd1,98,58,46,0,2
20260912_215351_529_traffic_scan_env2025_seed0-499_48352cd1,98,58,47,0,2
20260912_215351_529_traffic_scan_env2025_seed0-499_48352cd1,98,58,48,0,2
20260912_215351_529_traffic_scan_env2025_seed0-499_48352cd1,98,58,49,0,1
20260912_215351_529_traffic_scan_env2025_seed0-499_48352cd1,98,58,53,0,1
20260912_215351_529_traffic_scan_env2025_seed0-499_48352cd1,98,58,57,0,1
20260912_215351_529_traffic_scan_env2025_seed0-499_48352cd1,98,59,2,0,2
20260912_215351_529_traffic_scan_env2025_seed0-499_48352cd1,98,59,4,0,1
20260912_215351_529_traffic_scan_env2025_seed0-499_48352cd1,98,59,8,0,1
20260912_215351_529_traffic_scan_env2025_seed0-499_48352cd1,98,59,11,0,1
20260912_215351_529_traffic_scan_env2025_seed0-499_48352cd1,98,59,14,0,1
20260912_215351_529_traffic_scan_env2025_seed0-499_48352cd1,98,59,15,0,1
20260912_215351_529_traffic_scan_env2025_seed0-499_48352cd1,98,59,16,0,1
20260912_215351_529_traffic_scan_env2025_seed0-499_48352cd1,98,59,17,0,1
20260912_215351_529_traffic_scan_env2025_seed0-499_48352cd1,98,59,18,0,1
20260912_215351_529_traffic_scan_env2025_seed0-499_48352cd1,98,59,19,0,1
20260912_215351_529_traffic_scan_env2025_seed0-499_48352cd1,98,59,20,0,2
20260912_215351_529_traffic_scan_env2025_seed0-499_48352cd1,98,59,21,0,1
20260912_215351_529_traffic_scan_env2025_seed0-499_48352cd1,98,59,22,0,1
20260912_215351_529_traffic_scan_env2025_seed0-499_48352cd1,98,59,29,0,1
20260912_215351_529_traffic_scan_env2025_seed0-499_48352cd1,98,59,39,0,1
20260912_215351_529_traffic_scan_env2025_seed0-499_48352cd1,98,59,44,0,2
20260912_215351_529_traffic_scan_env2025_seed0-499_48352cd1,98,59,45,0,2
20260912_215351_529_traffic_scan_env2025_seed0-499_48352cd1,98,59,54,0,1
20260912_215351_529_traffic_scan_env2025_seed0-499_48352cd1,98,59,57,0,1
