run_id,traffic_seed,grid_x,grid_y,grid_z,distinct_flight_count
20260912_215351_529_traffic_scan_env2025_seed0-499_48352cd1,74,0,0,0,1
20260912_215351_529_traffic_scan_env2025_seed0-499_48352cd1,74,0,1,0,1
20260912_215351_529_traffic_scan_env2025_seed0-499_48352cd1,74,0,2,0,1
20260912_215351_529_traffic_scan_env2025_seed0-499_48352cd1,74,0,3,0,1
20260912_215351_529_traffic_scan_env2025_seed0-499_48352cd1,74,0,4,0,1
20260912_215351_529_traffic_scan_env2025_seed0-499_48352cd1,74,0,5,0,1
20260912_215351_529_traffic_scan_env2025_seed0-499_48352cd1,74,0,6,0,1
20260912_215351_529_traffic_scan_env2025_seed0-499_48352cd1,74,0,7,0,1
20260912_215351_529_traffic_scan_env2025_seed0-499_48352cd1,74,0,16,0,1
20260912_215351_529_traffic_scan_env2025_seed0-499_48352cd1,74,0,25,0,1
20260912_215351_529_traffic_scan_env2025_seed0-499_48352cd1,74,0,30,0,1
20260912_215351_529_traffic_scan_env2025_seed0-499_48352cd1,74,0,47,0,1
20260912_215351_529_traffic_scan_env2025_seed0-499_48352cd1,74,0,51,0,1
20260912_215351_529_traffic_scan_env2025_seed0-499_48352cd1,74,0,52,0,1
20260912_215351_529_traffic_scan_env2025_seed0-499_48352cd1,74,0,53,0,1
20260912_215351_529_traffic_scan_env2025_seed0-499_48352cd1,74,0,54,0,1
20260912_215351_529_traffic_scan_env2025_seed0-499_48352cd1,74,0,55,0,1
20260912_215351_529_traffic_scan_env2025_seed0-499_48352cd1,74,0,56,0,1
20260912_215351_529_traffic_scan_env2025_seed0-499_48352cd1,74,0,57,0,1
20260912_215351_529_traffic_scan_env2025_seed0-499_48352cd1,74,0,58,0,1
20260912_215351_529_traffic_scan_env2025_seed0-499_48352cd1,74,1,2,0,1
20260912_215351_529_traffic_scan_env2025_seed0-499_48352cd1,74,1,8,1,1
20260912_215351_529_traffic_scan_env2025_seed0-499_48352cd1,74,1,9,1,1
20260912_215351_529_traffic_scan_env2025_seed0-499_48352cd1,74,1,10,0,1
20260912_215351_529_traffic_scan_env2025_seed0-499_48352cd1,74,1,10,1,1
20260912_215351_529_traffic_scan_env2025_seed0-499_48352cd1,74,1,11,1,1
20260912_215351_529_traffic_scan_env2025_seed0-499_48352cd1,74,1,12,1,1
20260912_215351_529_traffic_scan_env2025_seed0-499_48352cd1,74,1,13,1,1
20260912_215351_529_traffic_scan_env2025_seed0-499_48352cd1,74,1,14,1,1
20260912_215351_529_traffic_scan_env2025_seed0-499_48352cd1,74,1,15,1,1
20260912_215351_529_traffic_scan_env2025_seed0-499_48352cd1,74,1,16,1,1
20260912_215351_529_traffic_scan_env2025_seed0-499_48352cd1,74,1,17,0,2
20260912_215351_529_traffic_scan_env2025_seed0-499_48352cd1,74,1,17,1,1
20260912_215351_529_traffic_scan_env2025_seed0-499_48352cd1,74,1,18,1,1
20260912_215351_529_traffic_scan_env2025_seed0-499_48352cd1,74,1,19,1,1
20260912_215351_529_traffic_scan_env2025_seed0-499_48352cd1,74,1,20,1,1
20260912_215351_529_traffic_scan_env2025_seed0-499_48352cd1,74,1,21,1,1
20260912_215351_529_traffic_scan_env2025_seed0-499_48352cd1,74,1,25,0,1
20260912_215351_529_traffic_scan_env2025_seed0-499_48352cd1,74,1,26,0,1
20260912_215351_529_traffic_scan_env2025_seed0-499_48352cd1,74,1,29,0,1
20260912_215351_529_traffic_scan_env2025_seed0-499_48352cd1,74,1,32,0,1
20260912_215351_529_traffic_scan_env2025_seed0-499_48352cd1,74,1,33,0,1
20260912_215351_529_traffic_scan_env2025_seed0-499_48352cd1,74,1,34,0,1
20260912_215351_529_traffic_scan_env2025_seed0-499_48352cd1,74,1,35,0,1
20260912_215351_529_traffic_scan_env2025_seed0-499_48352cd1,74,1,36,0,1
20260912_215351_529_traffic_scan_env2025_seed0-499_48352cd1,74,1,37,0,1
20260912_215351_529_traffic_scan_env2025_seed0-499_48352cd1,74,1,38,0,1
20260912_215351_529_traffic_scan_env2025_seed0-499_48352cd1,74,1,39,0,1
20260912_215351_529_traffic_scan_env2025_seed0-499_48352cd1,74,1,40,0,1
20260912_215351_529_traffic_scan_env2025_seed0-499_48352cd1,74,1,41,0,1
20260912_215351_529_traffic_scan_env2025_seed0-499_48352cd1,74,1,41,1,1
20260912_215351_529_traffic_scan_env2025_seed0-499_48352cd1,74,1,42,0,1
20260912_215351_529_traffic_scan_env2025_seed0-499_48352cd1,74,1,42,1,1
20260912_215351_529_traffic_scan_env2025_seed0-499_48352cd1,74,1,43,0,1
20260912_215351_529_traffic_scan_env2025_seed0-499_48352cd1,74,1,43,1,1
20260912_215351_529_traffic_scan_env2025_seed0-499_48352cd1,74,1,44,0,1
20260912_215351_529_traffic_scan_env2025_seed0-499_48352cd1,74,1,44,1,1
20260912_215351_529_traffic_scan_env2025_seed0-499_48352cd1,74,1,45,0,1
20260912_215351_529_traffic_scan_env2025_seed0-499_48352cd1,74,1,45,1,1
20260912_215351_529_traffic_scan_env2025_seed0-499_48352cd1,74,1,46,0,2
20260912_215351_529_traffic_scan_env2025_seed0-499_48352cd1,74,1,46,1,1
20260912_215351_529_traffic_scan_env2025_seed0-499_48352cd1,74,1,47,0,1
20260912_215351_529_traffic_scan_env2025_seed0-499_48352cd1,74,1,47,1,1
20260912_215351_529_traffic_scan_env2025_seed0-499_48352cd1,74,1,48,0,1
20260912_215351_529_traffic_scan_env2025_seed0-499_48352cd1,74,1,48,1,1
20260912_215351_529_traffic_scan_env2025_seed0-499_48352cd1,74,1,49,0,1
20260912_215351_529_traffic_scan_env2025_seed0-499_48352cd1,74,1,49,1,1
20260912_215351_529_traffic_scan_env2025_seed0-499_48352cd1,74,1,50,0,1
20260912_215351_529_traffic_scan_env2025_seed0-499_48352cd1,74,1,50,1,1
20260912_215351_529_traffic_scan_env2025_seed0-499_48352cd1,74,1,51,0,1
20260912_215351_529_traffic_scan_env2025_seed0-499_48352cd1,74,1,51,1,1
20260912_215351_529_traffic_scan_env2025_seed0-499_48352cd1,74,1,52,0,1
20260912_215351_529_traffic_scan_env2025_seed0-499_48352cd1,74,1,53,0,1
20260912_215351_529_traffic_scan_env2025_seed0-499_48352cd1,74,1,54,0,1
20260912_215351_529_traffic_scan_env2025_seed0-499_48352cd1,74,1,55,0,2
20260912_215351_529_traffic_scan_env2025_seed0-499_48352cd1,74,1,56,0,2
20260912_215351_529_traffic_scan_env2025_seed0-499_48352cd1,74,1,57,0,1
20260912_215351_529_traffic_scan_env2025_seed0-499_48352cd1,74,1,58,0,1
20260912_215351_529_traffic_scan_env2025_seed0-499_48352cd1,74,2,2,0,1
20260912_215351_529_traffic_scan_env2025_seed0-499_48352cd1,74,2,9,0,1
20260912_215351_529_traffic_scan_env2025_seed0-499_48352cd1,74,2,11,0,1
20260912_215351_529_traffic_scan_env2025_seed0-499_48352cd1,74,2,12,0,1
20260912_215351_529_traffic_scan_env2025_seed0-499_48352cd1,74,2,13,0,1
20260912_215351_529_traffic_scan_env2025_seed0-499_48352cd1,74,2,15,0,1
20260912_215351_529_traffic_scan_env2025_seed0-499_48352cd1,74,2,16,0,1
20260912_215351_529_traffic_scan_env2025_seed0-499_48352cd1,74,2,18,0,1
20260912_215351_529_traffic_scan_env2025_seed0-499_48352cd1,74,2,22,1,1
20260912_215351_529_traffic_scan_env2025_seed0-499_48352cd1,74,2,26,0,1
20260912_215351_529_traffic_scan_env2025_seed0-499_48352cd1,74,2,27,0,1
20260912_215351_529_traffic_scan_env2025_seed0-499_48352cd1,74,2,28,0,1
20260912_215351_529_traffic_scan_env2025_seed0-499_48352cd1,74,2,29,1,1
20260912_215351_529_traffic_scan_env2025_seed0-499_48352cd1,74,2,30,1,1
20260912_215351_529_traffic_scan_env2025_seed0-499_48352cd1,74,2,31,1,1
20260912_215351_529_traffic_scan_env2025_seed0-499_48352cd1,74,2,32,0,2
20260912_215351_529_traffic_scan_env2025_seed0-499_48352cd1,74,2,32,1,1
20260912_215351_529_traffic_scan_env2025_seed0-499_48352cd1,74,2,33,0,1
20260912_215351_529_traffic_scan_env2025_seed0-499_48352cd1,74,2,33,1,1
20260912_215351_529_traffic_scan_env2025_seed0-499_48352cd1,74,2,34,0,1
20260912_215351_529_traffic_scan_env2025_seed0-499_48352cd1,74,2,34,1,1
20260912_215351_529_traffic_scan_env2025_seed0-499_48352cd1,74,2,35,0,1
20260912_215351_529_traffic_scan_env2025_seed0-499_48352cd1,74,2,35,1,1
20260912_215351_529_traffic_scan_env2025_seed0-499_48352cd1,74,2,36,0,1
20260912_215351_529_traffic_scan_env2025_seed0-499_48352cd1,74,2,36,1,1
20260912_215351_529_traffic_scan_env2025_seed0-499_48352cd1,74,2,37,0,1
20260912_215351_529_traffic_scan_env2025_seed0-499_48352cd1,74,2,37,1,1
20260912_215351_529_traffic_scan_env2025_seed0-499_48352cd1,74,2,38,1,1
20260912_215351_529_traffic_scan_env2025_seed0-499_48352cd1,74,2,39,1,1
20260912_215351_529_traffic_scan_env2025_seed0-499_48352cd1,74,2,40,1,1
20260912_215351_529_traffic_scan_env2025_seed0-499_48352cd1,74,2,45,1,1
20260912_215351_529_traffic_scan_env2025_seed0-499_48352cd1,74,2,51,0,2
20260912_215351_529_traffic_scan_env2025_seed0-499_48352cd1,74,2,52,0,2
20260912_215351_529_traffic_scan_env2025_seed0-499_48352cd1,74,2,53,0,2
20260912_215351_529_traffic_scan_env2025_seed0-499_48352cd1,74,2,54,0,3
20260912_215351_529_traffic_scan_env2025_seed0-499_48352cd1,74,2,57,0,1
20260912_215351_529_traffic_scan_env2025_seed0-499_48352cd1,74,2,58,0,1
20260912_215351_529_traffic_scan_env2025_seed0-499_48352cd1,74,2,59,0,2
20260912_215351_529_traffic_scan_env2025_seed0-499_48352cd1,74,3,2,0,1
20260912_215351_529_traffic_scan_env2025_seed0-499_48352cd1,74,3,6,0,1
20260912_215351_529_traffic_scan_env2025_seed0-499_48352cd1,74,3,9,0,1
20260912_215351_529_traffic_scan_env2025_seed0-499_48352cd1,74,3,14,0,1
20260912_215351_529_traffic_scan_env2025_seed0-499_48352cd1,74,3,15,0,2
20260912_215351_529_traffic_scan_env2025_seed0-499_48352cd1,74,3,16,0,3
20260912_215351_529_traffic_scan_env2025_seed0-499_48352cd1,74,3,17,0,2
20260912_215351_529_traffic_scan_env2025_seed0-499_48352cd1,74,3,18,0,2
20260912_215351_529_traffic_scan_env2025_seed0-499_48352cd1,74,3,19,0,3
20260912_215351_529_traffic_scan_env2025_seed0-499_48352cd1,74,3,20,0,2
20260912_215351_529_traffic_scan_env2025_seed0-499_48352cd1,74,3,21,0,2
20260912_215351_529_traffic_scan_env2025_seed0-499_48352cd1,74,3,22,0,3
20260912_215351_529_traffic_scan_env2025_seed0-499_48352cd1,74,3,23,0,2
20260912_215351_529_traffic_scan_env2025_seed0-499_48352cd1,74,3,23,1,1
20260912_215351_529_traffic_scan_env2025_seed0-499_48352cd1,74,3,26,0,2
20260912_215351_529_traffic_scan_env2025_seed0-499_48352cd1,74,3,27,0,2
20260912_215351_529_traffic_scan_env2025_seed0-499_48352cd1,74,3,28,0,2
20260912_215351_529_traffic_scan_env2025_seed0-499_48352cd1,74,3,28,1,1
20260912_215351_529_traffic_scan_env2025_seed0-499_48352cd1,74,3,29,0,1
20260912_215351_529_traffic_scan_env2025_seed0-499_48352cd1,74,3,30,0,1
20260912_215351_529_traffic_scan_env2025_seed0-499_48352cd1,74,3,31,0,2
20260912_215351_529_traffic_scan_env2025_seed0-499_48352cd1,74,3,32,0,2
20260912_215351_529_traffic_scan_env2025_seed0-499_48352cd1,74,3,33,0,2
20260912_215351_529_traffic_scan_env2025_seed0-499_48352cd1,74,3,34,0,1
20260912_215351_529_traffic_scan_env2025_seed0-499_48352cd1,74,3,35,0,1
20260912_215351_529_traffic_scan_env2025_seed0-499_48352cd1,74,3,36,0,1
20260912_215351_529_traffic_scan_env2025_seed0-499_48352cd1,74,3,37,0,1
20260912_215351_529_traffic_scan_env2025_seed0-499_48352cd1,74,3,38,0,1
20260912_215351_529_traffic_scan_env2025_seed0-499_48352cd1,74,3,39,0,1
20260912_215351_529_traffic_scan_env2025_seed0-499_48352cd1,74,3,40,0,1
20260912_215351_529_traffic_scan_env2025_seed0-499_48352cd1,74,3,41,0,1
20260912_215351_529_traffic_scan_env2025_seed0-499_48352cd1,74,3,42,0,1
20260912_215351_529_traffic_scan_env2025_seed0-499_48352cd1,74,3,43,0,1
20260912_215351_529_traffic_scan_env2025_seed0-499_48352cd1,74,3,44,1,2
20260912_215351_529_traffic_scan_env2025_seed0-499_48352cd1,74,3,45,1,1
20260912_215351_529_traffic_scan_env2025_seed0-499_48352cd1,74,3,46,1,1
20260912_215351_529_traffic_scan_env2025_seed0-499_48352cd1,74,3,47,1,1
20260912_215351_529_traffic_scan_env2025_seed0-499_48352cd1,74,3,48,1,1
20260912_215351_529_traffic_scan_env2025_seed0-499_48352cd1,74,3,49,1,1
20260912_215351_529_traffic_scan_env2025_seed0-499_48352cd1,74,3,50,1,1
20260912_215351_529_traffic_scan_env2025_seed0-499_48352cd1,74,3,51,0,2
20260912_215351_529_traffic_scan_env2025_seed0-499_48352cd1,74,3,53,0,1
20260912_215351_529_traffic_scan_env2025_seed0-499_48352cd1,74,3,59,0,1
20260912_215351_529_traffic_scan_env2025_seed0-499_48352cd1,74,4,1,0,1
20260912_215351_529_traffic_scan_env2025_seed0-499_48352cd1,74,4,2,0,1
20260912_215351_529_traffic_scan_env2025_seed0-499_48352cd1,74,4,6,1,1
20260912_215351_529_traffic_scan_env2025_seed0-499_48352cd1,74,4,8,0,1
20260912_215351_529_traffic_scan_env2025_seed0-499_48352cd1,74,4,9,1,1
20260912_215351_529_traffic_scan_env2025_seed0-499_48352cd1,74,4,10,0,1
20260912_215351_529_traffic_scan_env2025_seed0-499_48352cd1,74,4,11,0,2
20260912_215351_529_traffic_scan_env2025_seed0-499_48352cd1,74,4,14,0,2
20260912_215351_529_traffic_scan_env2025_seed0-499_48352cd1,74,4,15,0,2
20260912_215351_529_traffic_scan_env2025_seed0-499_48352cd1,74,4,16,0,1
20260912_215351_529_traffic_scan_env2025_seed0-499_48352cd1,74,4,17,0,2
20260912_215351_529_traffic_scan_env2025_seed0-499_48352cd1,74,4,18,0,1
20260912_215351_529_traffic_scan_env2025_seed0-499_48352cd1,74,4,19,0,1
20260912_215351_529_traffic_scan_env2025_seed0-499_48352cd1,74,4,20,0,2
20260912_215351_529_traffic_scan_env2025_seed0-499_48352cd1,74,4,21,0,2
20260912_215351_529_traffic_scan_env2025_seed0-499_48352cd1,74,4,22,0,2
20260912_215351_529_traffic_scan_env2025_seed0-499_48352cd1,74,4,23,0,1
20260912_215351_529_traffic_scan_env2025_seed0-499_48352cd1,74,4,24,0,3
20260912_215351_529_traffic_scan_env2025_seed0-499_48352cd1,74,4,24,1,1
20260912_215351_529_traffic_scan_env2025_seed0-499_48352cd1,74,4,25,0,3
20260912_215351_529_traffic_scan_env2025_seed0-499_48352cd1,74,4,25,1,1
20260912_215351_529_traffic_scan_env2025_seed0-499_48352cd1,74,4,26,0,2
20260912_215351_529_traffic_scan_env2025_seed0-499_48352cd1,74,4,26,1,1
20260912_215351_529_traffic_scan_env2025_seed0-499_48352cd1,74,4,27,1,1
20260912_215351_529_traffic_scan_env2025_seed0-499_48352cd1,74,4,29,0,1
20260912_215351_529_traffic_scan_env2025_seed0-499_48352cd1,74,4,30,0,1
20260912_215351_529_traffic_scan_env2025_seed0-499_48352cd1,74,4,31,0,1
20260912_215351_529_traffic_scan_env2025_seed0-499_48352cd1,74,4,34,1,1
20260912_215351_529_traffic_scan_env2025_seed0-499_48352cd1,74,4,36,0,1
20260912_215351_529_traffic_scan_env2025_seed0-499_48352cd1,74,4,38,0,1
20260912_215351_529_traffic_scan_env2025_seed0-499_48352cd1,74,4,43,1,1
20260912_215351_529_traffic_scan_env2025_seed0-499_48352cd1,74,4,50,0,1
20260912_215351_529_traffic_scan_env2025_seed0-499_48352cd1,74,4,51,0,1
20260912_215351_529_traffic_scan_env2025_seed0-499_48352cd1,74,4,52,0,1
20260912_215351_529_traffic_scan_env2025_seed0-499_48352cd1,74,4,53,0,1
20260912_215351_529_traffic_scan_env2025_seed0-499_48352cd1,74,4,59,0,1
20260912_215351_529_traffic_scan_env2025_seed0-499_48352cd1,74,5,1,0,1
20260912_215351_529_traffic_scan_env2025_seed0-499_48352cd1,74,5,2,0,4
20260912_215351_529_traffic_scan_env2025_seed0-499_48352cd1,74,5,3,0,1
20260912_215351_529_traffic_scan_env2025_seed0-499_48352cd1,74,5,4,0,1
20260912_215351_529_traffic_scan_env2025_seed0-499_48352cd1,74,5,5,0,2
20260912_215351_529_traffic_scan_env2025_seed0-499_48352cd1,74,5,6,0,2
20260912_215351_529_traffic_scan_env2025_seed0-499_48352cd1,74,5,7,0,1
20260912_215351_529_traffic_scan_env2025_seed0-499_48352cd1,74,5,9,0,2
20260912_215351_529_traffic_scan_env2025_seed0-499_48352cd1,74,5,10,0,1
20260912_215351_529_traffic_scan_env2025_seed0-499_48352cd1,74,5,12,0,1
20260912_215351_529_traffic_scan_env2025_seed0-499_48352cd1,74,5,12,1,1
20260912_215351_529_traffic_scan_env2025_seed0-499_48352cd1,74,5,13,0,2
20260912_215351_529_traffic_scan_env2025_seed0-499_48352cd1,74,5,13,1,1
20260912_215351_529_traffic_scan_env2025_seed0-499_48352cd1,74,5,14,0,1
20260912_215351_529_traffic_scan_env2025_seed0-499_48352cd1,74,5,14,1,1
20260912_215351_529_traffic_scan_env2025_seed0-499_48352cd1,74,5,15,1,1
20260912_215351_529_traffic_scan_env2025_seed0-499_48352cd1,74,5,16,0,1
20260912_215351_529_traffic_scan_env2025_seed0-499_48352cd1,74,5,16,1,1
20260912_215351_529_traffic_scan_env2025_seed0-499_48352cd1,74,5,17,1,1
20260912_215351_529_traffic_scan_env2025_seed0-499_48352cd1,74,5,18,0,1
20260912_215351_529_traffic_scan_env2025_seed0-499_48352cd1,74,5,18,1,1
20260912_215351_529_traffic_scan_env2025_seed0-499_48352cd1,74,5,19,1,1
20260912_215351_529_traffic_scan_env2025_seed0-499_48352cd1,74,5,20,0,2
20260912_215351_529_traffic_scan_env2025_seed0-499_48352cd1,74,5,20,1,1
20260912_215351_529_traffic_scan_env2025_seed0-499_48352cd1,74,5,21,0,1
20260912_215351_529_traffic_scan_env2025_seed0-499_48352cd1,74,5,21,1,1
20260912_215351_529_traffic_scan_env2025_seed0-499_48352cd1,74,5,22,1,1
20260912_215351_529_traffic_scan_env2025_seed0-499_48352cd1,74,5,23,0,1
20260912_215351_529_traffic_scan_env2025_seed0-499_48352cd1,74,5,23,1,1
20260912_215351_529_traffic_scan_env2025_seed0-499_48352cd1,74,5,24,0,2
20260912_215351_529_traffic_scan_env2025_seed0-499_48352cd1,74,5,24,1,1
20260912_215351_529_traffic_scan_env2025_seed0-499_48352cd1,74,5,25,0,4
20260912_215351_529_traffic_scan_env2025_seed0-499_48352cd1,74,5,25,1,1
20260912_215351_529_traffic_scan_env2025_seed0-499_48352cd1,74,5,26,0,1
20260912_215351_529_traffic_scan_env2025_seed0-499_48352cd1,74,5,26,1,2
20260912_215351_529_traffic_scan_env2025_seed0-499_48352cd1,74,5,27,0,3
20260912_215351_529_traffic_scan_env2025_seed0-499_48352cd1,74,5,27,1,2
20260912_215351_529_traffic_scan_env2025_seed0-499_48352cd1,74,5,28,1,1
20260912_215351_529_traffic_scan_env2025_seed0-499_48352cd1,74,5,29,0,1
20260912_215351_529_traffic_scan_env2025_seed0-499_48352cd1,74,5,29,1,1
20260912_215351_529_traffic_scan_env2025_seed0-499_48352cd1,74,5,30,0,1
20260912_215351_529_traffic_scan_env2025_seed0-499_48352cd1,74,5,30,1,1
20260912_215351_529_traffic_scan_env2025_seed0-499_48352cd1,74,5,31,0,2
20260912_215351_529_traffic_scan_env2025_seed0-499_48352cd1,74,5,31,1,1
20260912_215351_529_traffic_scan_env2025_seed0-499_48352cd1,74,5,32,2,1
20260912_215351_529_traffic_scan_env2025_seed0-499_48352cd1,74,5,33,2,1
20260912_215351_529_traffic_scan_env2025_seed0-499_48352cd1,74,5,34,0,1
20260912_215351_529_traffic_scan_env2025_seed0-499_48352cd1,74,5,34,1,1
20260912_215351_529_traffic_scan_env2025_seed0-499_48352cd1,74,5,35,0,1
20260912_215351_529_traffic_scan_env2025_seed0-499_48352cd1,74,5,35,1,1
20260912_215351_529_traffic_scan_env2025_seed0-499_48352cd1,74,5,36,1,1
20260912_215351_529_traffic_scan_env2025_seed0-499_48352cd1,74,5,37,2,1
20260912_215351_529_traffic_scan_env2025_seed0-499_48352cd1,74,5,38,2,1
20260912_215351_529_traffic_scan_env2025_seed0-499_48352cd1,74,5,39,1,1
20260912_215351_529_traffic_scan_env2025_seed0-499_48352cd1,74,5,39,2,1
20260912_215351_529_traffic_scan_env2025_seed0-499_48352cd1,74,5,40,2,1
20260912_215351_529_traffic_scan_env2025_seed0-499_48352cd1,74,5,41,2,2
20260912_215351_529_traffic_scan_env2025_seed0-499_48352cd1,74,5,42,2,3
20260912_215351_529_traffic_scan_env2025_seed0-499_48352cd1,74,5,43,1,1
20260912_215351_529_traffic_scan_env2025_seed0-499_48352cd1,74,5,44,1,1
20260912_215351_529_traffic_scan_env2025_seed0-499_48352cd1,74,5,45,0,1
20260912_215351_529_traffic_scan_env2025_seed0-499_48352cd1,74,5,46,0,1
20260912_215351_529_traffic_scan_env2025_seed0-499_48352cd1,74,5,47,0,1
20260912_215351_529_traffic_scan_env2025_seed0-499_48352cd1,74,5,48,0,1
20260912_215351_529_traffic_scan_env2025_seed0-499_48352cd1,74,5,49,0,2
20260912_215351_529_traffic_scan_env2025_seed0-499_48352cd1,74,5,50,0,1
20260912_215351_529_traffic_scan_env2025_seed0-499_48352cd1,74,5,51,0,3
20260912_215351_529_traffic_scan_env2025_seed0-499_48352cd1,74,5,53,0,1
20260912_215351_529_traffic_scan_env2025_seed0-499_48352cd1,74,5,57,0,1
20260912_215351_529_traffic_scan_env2025_seed0-499_48352cd1,74,5,59,0,1
20260912_215351_529_traffic_scan_env2025_seed0-499_48352cd1,74,6,1,0,2
20260912_215351_529_traffic_scan_env2025_seed0-499_48352cd1,74,6,2,0,1
20260912_215351_529_traffic_scan_env2025_seed0-499_48352cd1,74,6,3,0,1
20260912_215351_529_traffic_scan_env2025_seed0-499_48352cd1,74,6,4,0,1
20260912_215351_529_traffic_scan_env2025_seed0-499_48352cd1,74,6,6,0,3
20260912_215351_529_traffic_scan_env2025_seed0-499_48352cd1,74,6,9,0,2
20260912_215351_529_traffic_scan_env2025_seed0-499_48352cd1,74,6,12,0,1
20260912_215351_529_traffic_scan_env2025_seed0-499_48352cd1,74,6,14,0,1
20260912_215351_529_traffic_scan_env2025_seed0-499_48352cd1,74,6,14,1,1
20260912_215351_529_traffic_scan_env2025_seed0-499_48352cd1,74,6,15,1,1
20260912_215351_529_traffic_scan_env2025_seed0-499_48352cd1,74,6,16,1,1
20260912_215351_529_traffic_scan_env2025_seed0-499_48352cd1,74,6,17,0,1
20260912_215351_529_traffic_scan_env2025_seed0-499_48352cd1,74,6,17,1,1
20260912_215351_529_traffic_scan_env2025_seed0-499_48352cd1,74,6,18,1,1
20260912_215351_529_traffic_scan_env2025_seed0-499_48352cd1,74,6,19,0,2
20260912_215351_529_traffic_scan_env2025_seed0-499_48352cd1,74,6,19,1,1
20260912_215351_529_traffic_scan_env2025_seed0-499_48352cd1,74,6,20,0,2
20260912_215351_529_traffic_scan_env2025_seed0-499_48352cd1,74,6,20,1,1
20260912_215351_529_traffic_scan_env2025_seed0-499_48352cd1,74,6,21,0,1
20260912_215351_529_traffic_scan_env2025_seed0-499_48352cd1,74,6,21,1,1
20260912_215351_529_traffic_scan_env2025_seed0-499_48352cd1,74,6,22,0,2
20260912_215351_529_traffic_scan_env2025_seed0-499_48352cd1,74,6,22,1,1
20260912_215351_529_traffic_scan_env2025_seed0-499_48352cd1,74,6,23,0,2
20260912_215351_529_traffic_scan_env2025_seed0-499_48352cd1,74,6,23,1,1
20260912_215351_529_traffic_scan_env2025_seed0-499_48352cd1,74,6,24,0,4
20260912_215351_529_traffic_scan_env2025_seed0-499_48352cd1,74,6,24,1,1
20260912_215351_529_traffic_scan_env2025_seed0-499_48352cd1,74,6,25,0,1
20260912_215351_529_traffic_scan_env2025_seed0-499_48352cd1,74,6,25,1,2
20260912_215351_529_traffic_scan_env2025_seed0-499_48352cd1,74,6,26,1,1
20260912_215351_529_traffic_scan_env2025_seed0-499_48352cd1,74,6,27,0,1
20260912_215351_529_traffic_scan_env2025_seed0-499_48352cd1,74,6,27,1,1
20260912_215351_529_traffic_scan_env2025_seed0-499_48352cd1,74,6,28,0,1
20260912_215351_529_traffic_scan_env2025_seed0-499_48352cd1,74,6,28,1,4
20260912_215351_529_traffic_scan_env2025_seed0-499_48352cd1,74,6,29,1,1
20260912_215351_529_traffic_scan_env2025_seed0-499_48352cd1,74,6,30,1,1
20260912_215351_529_traffic_scan_env2025_seed0-499_48352cd1,74,6,31,0,3
20260912_215351_529_traffic_scan_env2025_seed0-499_48352cd1,74,6,31,1,1
20260912_215351_529_traffic_scan_env2025_seed0-499_48352cd1,74,6,32,2,1
20260912_215351_529_traffic_scan_env2025_seed0-499_48352cd1,74,6,33,0,1
20260912_215351_529_traffic_scan_env2025_seed0-499_48352cd1,74,6,33,1,1
20260912_215351_529_traffic_scan_env2025_seed0-499_48352cd1,74,6,34,1,2
20260912_215351_529_traffic_scan_env2025_seed0-499_48352cd1,74,6,35,1,1
20260912_215351_529_traffic_scan_env2025_seed0-499_48352cd1,74,6,36,1,1
20260912_215351_529_traffic_scan_env2025_seed0-499_48352cd1,74,6,37,2,1
20260912_215351_529_traffic_scan_env2025_seed0-499_48352cd1,74,6,38,2,1
20260912_215351_529_traffic_scan_env2025_seed0-499_48352cd1,74,6,39,0,1
20260912_215351_529_traffic_scan_env2025_seed0-499_48352cd1,74,6,39,1,1
20260912_215351_529_traffic_scan_env2025_seed0-499_48352cd1,74,6,40,1,1
20260912_215351_529_traffic_scan_env2025_seed0-499_48352cd1,74,6,43,1,2
20260912_215351_529_traffic_scan_env2025_seed0-499_48352cd1,74,6,44,0,1
20260912_215351_529_traffic_scan_env2025_seed0-499_48352cd1,74,6,45,0,1
20260912_215351_529_traffic_scan_env2025_seed0-499_48352cd1,74,6,46,0,2
20260912_215351_529_traffic_scan_env2025_seed0-499_48352cd1,74,6,47,0,1
20260912_215351_529_traffic_scan_env2025_seed0-499_48352cd1,74,6,48,0,2
20260912_215351_529_traffic_scan_env2025_seed0-499_48352cd1,74,6,49,0,1
20260912_215351_529_traffic_scan_env2025_seed0-499_48352cd1,74,6,50,0,2
20260912_215351_529_traffic_scan_env2025_seed0-499_48352cd1,74,6,51,0,2
20260912_215351_529_traffic_scan_env2025_seed0-499_48352cd1,74,6,52,0,1
20260912_215351_529_traffic_scan_env2025_seed0-499_48352cd1,74,6,53,0,2
20260912_215351_529_traffic_scan_env2025_seed0-499_48352cd1,74,6,55,0,2
20260912_215351_529_traffic_scan_env2025_seed0-499_48352cd1,74,6,56,0,1
20260912_215351_529_traffic_scan_env2025_seed0-499_48352cd1,74,6,59,0,1
20260912_215351_529_traffic_scan_env2025_seed0-499_48352cd1,74,7,1,0,1
20260912_215351_529_traffic_scan_env2025_seed0-499_48352cd1,74,7,2,0,2
20260912_215351_529_traffic_scan_env2025_seed0-499_48352cd1,74,7,5,0,1
20260912_215351_529_traffic_scan_env2025_seed0-499_48352cd1,74,7,6,0,2
20260912_215351_529_traffic_scan_env2025_seed0-499_48352cd1,74,7,7,0,1
20260912_215351_529_traffic_scan_env2025_seed0-499_48352cd1,74,7,9,0,1
20260912_215351_529_traffic_scan_env2025_seed0-499_48352cd1,74,7,11,0,2
20260912_215351_529_traffic_scan_env2025_seed0-499_48352cd1,74,7,13,2,1
20260912_215351_529_traffic_scan_env2025_seed0-499_48352cd1,74,7,14,0,1
20260912_215351_529_traffic_scan_env2025_seed0-499_48352cd1,74,7,17,0,1
20260912_215351_529_traffic_scan_env2025_seed0-499_48352cd1,74,7,19,0,2
20260912_215351_529_traffic_scan_env2025_seed0-499_48352cd1,74,7,24,0,4
20260912_215351_529_traffic_scan_env2025_seed0-499_48352cd1,74,7,24,1,1
20260912_215351_529_traffic_scan_env2025_seed0-499_48352cd1,74,7,25,0,3
20260912_215351_529_traffic_scan_env2025_seed0-499_48352cd1,74,7,27,0,2
20260912_215351_529_traffic_scan_env2025_seed0-499_48352cd1,74,7,29,1,3
20260912_215351_529_traffic_scan_env2025_seed0-499_48352cd1,74,7,31,0,4
20260912_215351_529_traffic_scan_env2025_seed0-499_48352cd1,74,7,33,0,1
20260912_215351_529_traffic_scan_env2025_seed0-499_48352cd1,74,7,33,1,1
20260912_215351_529_traffic_scan_env2025_seed0-499_48352cd1,74,7,39,0,1
20260912_215351_529_traffic_scan_env2025_seed0-499_48352cd1,74,7,43,1,1
20260912_215351_529_traffic_scan_env2025_seed0-499_48352cd1,74,7,46,0,1
20260912_215351_529_traffic_scan_env2025_seed0-499_48352cd1,74,7,47,0,2
20260912_215351_529_traffic_scan_env2025_seed0-499_48352cd1,74,7,48,0,1
20260912_215351_529_traffic_scan_env2025_seed0-499_48352cd1,74,7,49,0,1
20260912_215351_529_traffic_scan_env2025_seed0-499_48352cd1,74,7,51,0,1
20260912_215351_529_traffic_scan_env2025_seed0-499_48352cd1,74,7,53,0,1
20260912_215351_529_traffic_scan_env2025_seed0-499_48352cd1,74,7,54,0,3
20260912_215351_529_traffic_scan_env2025_seed0-499_48352cd1,74,7,55,0,1
20260912_215351_529_traffic_scan_env2025_seed0-499_48352cd1,74,7,59,0,1
20260912_215351_529_traffic_scan_env2025_seed0-499_48352cd1,74,8,1,0,1
20260912_215351_529_traffic_scan_env2025_seed0-499_48352cd1,74,8,2,0,1
20260912_215351_529_traffic_scan_env2025_seed0-499_48352cd1,74,8,3,0,1
20260912_215351_529_traffic_scan_env2025_seed0-499_48352cd1,74,8,4,0,1
20260912_215351_529_traffic_scan_env2025_seed0-499_48352cd1,74,8,5,0,1
20260912_215351_529_traffic_scan_env2025_seed0-499_48352cd1,74,8,6,0,3
20260912_215351_529_traffic_scan_env2025_seed0-499_48352cd1,74,8,8,0,1
20260912_215351_529_traffic_scan_env2025_seed0-499_48352cd1,74,8,9,0,1
20260912_215351_529_traffic_scan_env2025_seed0-499_48352cd1,74,8,11,0,2
20260912_215351_529_traffic_scan_env2025_seed0-499_48352cd1,74,8,11,1,1
20260912_215351_529_traffic_scan_env2025_seed0-499_48352cd1,74,8,12,0,1
20260912_215351_529_traffic_scan_env2025_seed0-499_48352cd1,74,8,12,1,1
20260912_215351_529_traffic_scan_env2025_seed0-499_48352cd1,74,8,14,1,1
20260912_215351_529_traffic_scan_env2025_seed0-499_48352cd1,74,8,18,0,2
20260912_215351_529_traffic_scan_env2025_seed0-499_48352cd1,74,8,19,0,1
20260912_215351_529_traffic_scan_env2025_seed0-499_48352cd1,74,8,23,2,1
20260912_215351_529_traffic_scan_env2025_seed0-499_48352cd1,74,8,24,0,2
20260912_215351_529_traffic_scan_env2025_seed0-499_48352cd1,74,8,25,0,3
20260912_215351_529_traffic_scan_env2025_seed0-499_48352cd1,74,8,26,0,3
20260912_215351_529_traffic_scan_env2025_seed0-499_48352cd1,74,8,27,0,1
20260912_215351_529_traffic_scan_env2025_seed0-499_48352cd1,74,8,30,0,1
20260912_215351_529_traffic_scan_env2025_seed0-499_48352cd1,74,8,30,1,3
20260912_215351_529_traffic_scan_env2025_seed0-499_48352cd1,74,8,32,0,4
20260912_215351_529_traffic_scan_env2025_seed0-499_48352cd1,74,8,32,1,1
20260912_215351_529_traffic_scan_env2025_seed0-499_48352cd1,74,8,33,0,1
20260912_215351_529_traffic_scan_env2025_seed0-499_48352cd1,74,8,34,1,1
20260912_215351_529_traffic_scan_env2025_seed0-499_48352cd1,74,8,39,0,2
20260912_215351_529_traffic_scan_env2025_seed0-499_48352cd1,74,8,41,0,1
20260912_215351_529_traffic_scan_env2025_seed0-499_48352cd1,74,8,42,1,1
20260912_215351_529_traffic_scan_env2025_seed0-499_48352cd1,74,8,46,0,3
20260912_215351_529_traffic_scan_env2025_seed0-499_48352cd1,74,8,51,0,1
20260912_215351_529_traffic_scan_env2025_seed0-499_48352cd1,74,8,53,0,3
20260912_215351_529_traffic_scan_env2025_seed0-499_48352cd1,74,8,54,0,1
20260912_215351_529_traffic_scan_env2025_seed0-499_48352cd1,74,8,55,0,1
20260912_215351_529_traffic_scan_env2025_seed0-499_48352cd1,74,8,59,0,1
20260912_215351_529_traffic_scan_env2025_seed0-499_48352cd1,74,9,1,0,1
20260912_215351_529_traffic_scan_env2025_seed0-499_48352cd1,74,9,2,0,1
20260912_215351_529_traffic_scan_env2025_seed0-499_48352cd1,74,9,3,0,1
20260912_215351_529_traffic_scan_env2025_seed0-499_48352cd1,74,9,4,0,1
20260912_215351_529_traffic_scan_env2025_seed0-499_48352cd1,74,9,6,0,3
20260912_215351_529_traffic_scan_env2025_seed0-499_48352cd1,74,9,7,0,3
20260912_215351_529_traffic_scan_env2025_seed0-499_48352cd1,74,9,8,0,1
20260912_215351_529_traffic_scan_env2025_seed0-499_48352cd1,74,9,9,0,3
20260912_215351_529_traffic_scan_env2025_seed0-499_48352cd1,74,9,9,1,1
20260912_215351_529_traffic_scan_env2025_seed0-499_48352cd1,74,9,10,0,3
20260912_215351_529_traffic_scan_env2025_seed0-499_48352cd1,74,9,10,1,1
20260912_215351_529_traffic_scan_env2025_seed0-499_48352cd1,74,9,11,0,1
20260912_215351_529_traffic_scan_env2025_seed0-499_48352cd1,74,9,12,0,2
20260912_215351_529_traffic_scan_env2025_seed0-499_48352cd1,74,9,12,1,1
20260912_215351_529_traffic_scan_env2025_seed0-499_48352cd1,74,9,13,2,1
20260912_215351_529_traffic_scan_env2025_seed0-499_48352cd1,74,9,14,1,2
20260912_215351_529_traffic_scan_env2025_seed0-499_48352cd1,74,9,15,1,1
20260912_215351_529_traffic_scan_env2025_seed0-499_48352cd1,74,9,16,1,1
20260912_215351_529_traffic_scan_env2025_seed0-499_48352cd1,74,9,17,0,1
20260912_215351_529_traffic_scan_env2025_seed0-499_48352cd1,74,9,17,1,1
20260912_215351_529_traffic_scan_env2025_seed0-499_48352cd1,74,9,18,1,1
20260912_215351_529_traffic_scan_env2025_seed0-499_48352cd1,74,9,19,0,1
20260912_215351_529_traffic_scan_env2025_seed0-499_48352cd1,74,9,19,1,1
20260912_215351_529_traffic_scan_env2025_seed0-499_48352cd1,74,9,20,0,1
20260912_215351_529_traffic_scan_env2025_seed0-499_48352cd1,74,9,20,1,1
20260912_215351_529_traffic_scan_env2025_seed0-499_48352cd1,74,9,21,1,1
20260912_215351_529_traffic_scan_env2025_seed0-499_48352cd1,74,9,22,1,1
20260912_215351_529_traffic_scan_env2025_seed0-499_48352cd1,74,9,22,2,1
20260912_215351_529_traffic_scan_env2025_seed0-499_48352cd1,74,9,23,0,2
20260912_215351_529_traffic_scan_env2025_seed0-499_48352cd1,74,9,23,1,1
20260912_215351_529_traffic_scan_env2025_seed0-499_48352cd1,74,9,24,2,1
20260912_215351_529_traffic_scan_env2025_seed0-499_48352cd1,74,9,25,0,1
20260912_215351_529_traffic_scan_env2025_seed0-499_48352cd1,74,9,25,1,1
20260912_215351_529_traffic_scan_env2025_seed0-499_48352cd1,74,9,26,0,3
20260912_215351_529_traffic_scan_env2025_seed0-499_48352cd1,74,9,26,1,2
20260912_215351_529_traffic_scan_env2025_seed0-499_48352cd1,74,9,27,0,4
20260912_215351_529_traffic_scan_env2025_seed0-499_48352cd1,74,9,27,1,1
20260912_215351_529_traffic_scan_env2025_seed0-499_48352cd1,74,9,30,0,2
20260912_215351_529_traffic_scan_env2025_seed0-499_48352cd1,74,9,31,0,3
20260912_215351_529_traffic_scan_env2025_seed0-499_48352cd1,74,9,31,1,4
20260912_215351_529_traffic_scan_env2025_seed0-499_48352cd1,74,9,35,2,1
20260912_215351_529_traffic_scan_env2025_seed0-499_48352cd1,74,9,38,0,2
20260912_215351_529_traffic_scan_env2025_seed0-499_48352cd1,74,9,39,0,1
20260912_215351_529_traffic_scan_env2025_seed0-499_48352cd1,74,9,40,0,1
20260912_215351_529_traffic_scan_env2025_seed0-499_48352cd1,74,9,41,2,1
20260912_215351_529_traffic_scan_env2025_seed0-499_48352cd1,74,9,44,0,1
20260912_215351_529_traffic_scan_env2025_seed0-499_48352cd1,74,9,45,0,2
20260912_215351_529_traffic_scan_env2025_seed0-499_48352cd1,74,9,46,1,1
20260912_215351_529_traffic_scan_env2025_seed0-499_48352cd1,74,9,50,0,1
20260912_215351_529_traffic_scan_env2025_seed0-499_48352cd1,74,9,52,0,2
20260912_215351_529_traffic_scan_env2025_seed0-499_48352cd1,74,9,53,0,2
20260912_215351_529_traffic_scan_env2025_seed0-499_48352cd1,74,9,56,0,1
20260912_215351_529_traffic_scan_env2025_seed0-499_48352cd1,74,9,59,0,1
20260912_215351_529_traffic_scan_env2025_seed0-499_48352cd1,74,10,1,0,1
20260912_215351_529_traffic_scan_env2025_seed0-499_48352cd1,74,10,3,1,1
20260912_215351_529_traffic_scan_env2025_seed0-499_48352cd1,74,10,4,0,2
20260912_215351_529_traffic_scan_env2025_seed0-499_48352cd1,74,10,6,1,1
20260912_215351_529_traffic_scan_env2025_seed0-499_48352cd1,74,10,7,0,1
20260912_215351_529_traffic_scan_env2025_seed0-499_48352cd1,74,10,8,0,3
20260912_215351_529_traffic_scan_env2025_seed0-499_48352cd1,74,10,8,1,1
20260912_215351_529_traffic_scan_env2025_seed0-499_48352cd1,74,10,9,0,3
20260912_215351_529_traffic_scan_env2025_seed0-499_48352cd1,74,10,10,0,2
20260912_215351_529_traffic_scan_env2025_seed0-499_48352cd1,74,10,11,0,3
20260912_215351_529_traffic_scan_env2025_seed0-499_48352cd1,74,10,12,0,2
20260912_215351_529_traffic_scan_env2025_seed0-499_48352cd1,74,10,13,0,4
20260912_215351_529_traffic_scan_env2025_seed0-499_48352cd1,74,10,14,0,3
20260912_215351_529_traffic_scan_env2025_seed0-499_48352cd1,74,10,15,0,2
20260912_215351_529_traffic_scan_env2025_seed0-499_48352cd1,74,10,16,0,3
20260912_215351_529_traffic_scan_env2025_seed0-499_48352cd1,74,10,17,0,2
20260912_215351_529_traffic_scan_env2025_seed0-499_48352cd1,74,10,18,0,2
20260912_215351_529_traffic_scan_env2025_seed0-499_48352cd1,74,10,19,0,2
20260912_215351_529_traffic_scan_env2025_seed0-499_48352cd1,74,10,20,0,4
20260912_215351_529_traffic_scan_env2025_seed0-499_48352cd1,74,10,21,3,1
20260912_215351_529_traffic_scan_env2025_seed0-499_48352cd1,74,10,23,0,3
20260912_215351_529_traffic_scan_env2025_seed0-499_48352cd1,74,10,24,0,1
20260912_215351_529_traffic_scan_env2025_seed0-499_48352cd1,74,10,26,0,2
20260912_215351_529_traffic_scan_env2025_seed0-499_48352cd1,74,10,26,1,1
20260912_215351_529_traffic_scan_env2025_seed0-499_48352cd1,74,10,28,0,3
20260912_215351_529_traffic_scan_env2025_seed0-499_48352cd1,74,10,28,1,2
20260912_215351_529_traffic_scan_env2025_seed0-499_48352cd1,74,10,29,0,2
20260912_215351_529_traffic_scan_env2025_seed0-499_48352cd1,74,10,29,1,1
20260912_215351_529_traffic_scan_env2025_seed0-499_48352cd1,74,10,30,1,2
20260912_215351_529_traffic_scan_env2025_seed0-499_48352cd1,74,10,31,0,1
20260912_215351_529_traffic_scan_env2025_seed0-499_48352cd1,74,10,31,1,1
20260912_215351_529_traffic_scan_env2025_seed0-499_48352cd1,74,10,32,0,1
20260912_215351_529_traffic_scan_env2025_seed0-499_48352cd1,74,10,32,1,5
20260912_215351_529_traffic_scan_env2025_seed0-499_48352cd1,74,10,33,1,4
20260912_215351_529_traffic_scan_env2025_seed0-499_48352cd1,74,10,36,2,1
20260912_215351_529_traffic_scan_env2025_seed0-499_48352cd1,74,10,37,0,2
20260912_215351_529_traffic_scan_env2025_seed0-499_48352cd1,74,10,39,0,2
20260912_215351_529_traffic_scan_env2025_seed0-499_48352cd1,74,10,40,1,1
20260912_215351_529_traffic_scan_env2025_seed0-499_48352cd1,74,10,43,0,2
20260912_215351_529_traffic_scan_env2025_seed0-499_48352cd1,74,10,44,0,2
20260912_215351_529_traffic_scan_env2025_seed0-499_48352cd1,74,10,46,0,1
20260912_215351_529_traffic_scan_env2025_seed0-499_48352cd1,74,10,50,0,1
20260912_215351_529_traffic_scan_env2025_seed0-499_48352cd1,74,10,51,0,2
20260912_215351_529_traffic_scan_env2025_seed0-499_48352cd1,74,10,52,0,1
20260912_215351_529_traffic_scan_env2025_seed0-499_48352cd1,74,10,53,0,1
20260912_215351_529_traffic_scan_env2025_seed0-499_48352cd1,74,10,54,0,1
20260912_215351_529_traffic_scan_env2025_seed0-499_48352cd1,74,10,58,0,1
20260912_215351_529_traffic_scan_env2025_seed0-499_48352cd1,74,10,58,1,1
20260912_215351_529_traffic_scan_env2025_seed0-499_48352cd1,74,11,0,0,1
20260912_215351_529_traffic_scan_env2025_seed0-499_48352cd1,74,11,1,0,2
20260912_215351_529_traffic_scan_env2025_seed0-499_48352cd1,74,11,2,0,1
20260912_215351_529_traffic_scan_env2025_seed0-499_48352cd1,74,11,3,0,1
20260912_215351_529_traffic_scan_env2025_seed0-499_48352cd1,74,11,3,1,1
20260912_215351_529_traffic_scan_env2025_seed0-499_48352cd1,74,11,4,0,1
20260912_215351_529_traffic_scan_env2025_seed0-499_48352cd1,74,11,5,1,4
20260912_215351_529_traffic_scan_env2025_seed0-499_48352cd1,74,11,6,1,1
20260912_215351_529_traffic_scan_env2025_seed0-499_48352cd1,74,11,7,1,2
20260912_215351_529_traffic_scan_env2025_seed0-499_48352cd1,74,11,8,0,2
20260912_215351_529_traffic_scan_env2025_seed0-499_48352cd1,74,11,8,1,1
20260912_215351_529_traffic_scan_env2025_seed0-499_48352cd1,74,11,9,0,2
20260912_215351_529_traffic_scan_env2025_seed0-499_48352cd1,74,11,9,1,1
20260912_215351_529_traffic_scan_env2025_seed0-499_48352cd1,74,11,10,1,2
20260912_215351_529_traffic_scan_env2025_seed0-499_48352cd1,74,11,11,0,1
20260912_215351_529_traffic_scan_env2025_seed0-499_48352cd1,74,11,11,1,1
20260912_215351_529_traffic_scan_env2025_seed0-499_48352cd1,74,11,12,0,1
20260912_215351_529_traffic_scan_env2025_seed0-499_48352cd1,74,11,12,1,1
20260912_215351_529_traffic_scan_env2025_seed0-499_48352cd1,74,11,13,1,1
20260912_215351_529_traffic_scan_env2025_seed0-499_48352cd1,74,11,14,0,3
20260912_215351_529_traffic_scan_env2025_seed0-499_48352cd1,74,11,14,1,1
20260912_215351_529_traffic_scan_env2025_seed0-499_48352cd1,74,11,15,0,1
20260912_215351_529_traffic_scan_env2025_seed0-499_48352cd1,74,11,17,0,1
20260912_215351_529_traffic_scan_env2025_seed0-499_48352cd1,74,11,20,2,1
20260912_215351_529_traffic_scan_env2025_seed0-499_48352cd1,74,11,21,0,3
20260912_215351_529_traffic_scan_env2025_seed0-499_48352cd1,74,11,21,1,1
20260912_215351_529_traffic_scan_env2025_seed0-499_48352cd1,74,11,22,0,2
20260912_215351_529_traffic_scan_env2025_seed0-499_48352cd1,74,11,22,1,1
20260912_215351_529_traffic_scan_env2025_seed0-499_48352cd1,74,11,23,0,2
20260912_215351_529_traffic_scan_env2025_seed0-499_48352cd1,74,11,23,1,1
20260912_215351_529_traffic_scan_env2025_seed0-499_48352cd1,74,11,24,1,1
20260912_215351_529_traffic_scan_env2025_seed0-499_48352cd1,74,11,25,1,1
20260912_215351_529_traffic_scan_env2025_seed0-499_48352cd1,74,11,26,0,2
20260912_215351_529_traffic_scan_env2025_seed0-499_48352cd1,74,11,26,1,2
20260912_215351_529_traffic_scan_env2025_seed0-499_48352cd1,74,11,27,2,2
20260912_215351_529_traffic_scan_env2025_seed0-499_48352cd1,74,11,28,0,2
20260912_215351_529_traffic_scan_env2025_seed0-499_48352cd1,74,11,29,0,3
20260912_215351_529_traffic_scan_env2025_seed0-499_48352cd1,74,11,29,1,1
20260912_215351_529_traffic_scan_env2025_seed0-499_48352cd1,74,11,31,0,1
20260912_215351_529_traffic_scan_env2025_seed0-499_48352cd1,74,11,32,0,1
20260912_215351_529_traffic_scan_env2025_seed0-499_48352cd1,74,11,32,1,1
20260912_215351_529_traffic_scan_env2025_seed0-499_48352cd1,74,11,34,2,4
20260912_215351_529_traffic_scan_env2025_seed0-499_48352cd1,74,11,36,0,1
20260912_215351_529_traffic_scan_env2025_seed0-499_48352cd1,74,11,37,1,1
20260912_215351_529_traffic_scan_env2025_seed0-499_48352cd1,74,11,38,0,3
20260912_215351_529_traffic_scan_env2025_seed0-499_48352cd1,74,11,39,0,2
20260912_215351_529_traffic_scan_env2025_seed0-499_48352cd1,74,11,39,1,1
20260912_215351_529_traffic_scan_env2025_seed0-499_48352cd1,74,11,42,0,2
20260912_215351_529_traffic_scan_env2025_seed0-499_48352cd1,74,11,43,0,1
20260912_215351_529_traffic_scan_env2025_seed0-499_48352cd1,74,11,46,0,1
20260912_215351_529_traffic_scan_env2025_seed0-499_48352cd1,74,11,49,0,1
20260912_215351_529_traffic_scan_env2025_seed0-499_48352cd1,74,11,50,0,3
20260912_215351_529_traffic_scan_env2025_seed0-499_48352cd1,74,11,51,0,1
20260912_215351_529_traffic_scan_env2025_seed0-499_48352cd1,74,11,53,0,1
20260912_215351_529_traffic_scan_env2025_seed0-499_48352cd1,74,11,53,1,1
20260912_215351_529_traffic_scan_env2025_seed0-499_48352cd1,74,11,57,0,1
20260912_215351_529_traffic_scan_env2025_seed0-499_48352cd1,74,11,58,1,1
20260912_215351_529_traffic_scan_env2025_seed0-499_48352cd1,74,12,1,0,1
20260912_215351_529_traffic_scan_env2025_seed0-499_48352cd1,74,12,3,1,1
20260912_215351_529_traffic_scan_env2025_seed0-499_48352cd1,74,12,5,1,1
20260912_215351_529_traffic_scan_env2025_seed0-499_48352cd1,74,12,6,1,3
20260912_215351_529_traffic_scan_env2025_seed0-499_48352cd1,74,12,7,0,1
20260912_215351_529_traffic_scan_env2025_seed0-499_48352cd1,74,12,9,0,1
20260912_215351_529_traffic_scan_env2025_seed0-499_48352cd1,74,12,10,0,2
20260912_215351_529_traffic_scan_env2025_seed0-499_48352cd1,74,12,10,1,1
20260912_215351_529_traffic_scan_env2025_seed0-499_48352cd1,74,12,11,0,1
20260912_215351_529_traffic_scan_env2025_seed0-499_48352cd1,74,12,12,0,2
20260912_215351_529_traffic_scan_env2025_seed0-499_48352cd1,74,12,13,0,2
20260912_215351_529_traffic_scan_env2025_seed0-499_48352cd1,74,12,13,1,1
20260912_215351_529_traffic_scan_env2025_seed0-499_48352cd1,74,12,15,0,3
20260912_215351_529_traffic_scan_env2025_seed0-499_48352cd1,74,12,15,1,1
20260912_215351_529_traffic_scan_env2025_seed0-499_48352cd1,74,12,17,0,1
20260912_215351_529_traffic_scan_env2025_seed0-499_48352cd1,74,12,17,1,1
20260912_215351_529_traffic_scan_env2025_seed0-499_48352cd1,74,12,18,0,2
20260912_215351_529_traffic_scan_env2025_seed0-499_48352cd1,74,12,18,1,1
20260912_215351_529_traffic_scan_env2025_seed0-499_48352cd1,74,12,19,2,2
20260912_215351_529_traffic_scan_env2025_seed0-499_48352cd1,74,12,21,0,3
20260912_215351_529_traffic_scan_env2025_seed0-499_48352cd1,74,12,22,0,2
20260912_215351_529_traffic_scan_env2025_seed0-499_48352cd1,74,12,22,1,1
20260912_215351_529_traffic_scan_env2025_seed0-499_48352cd1,74,12,23,0,4
20260912_215351_529_traffic_scan_env2025_seed0-499_48352cd1,74,12,23,1,1
20260912_215351_529_traffic_scan_env2025_seed0-499_48352cd1,74,12,24,0,1
20260912_215351_529_traffic_scan_env2025_seed0-499_48352cd1,74,12,24,1,1
20260912_215351_529_traffic_scan_env2025_seed0-499_48352cd1,74,12,25,2,1
20260912_215351_529_traffic_scan_env2025_seed0-499_48352cd1,74,12,26,0,2
20260912_215351_529_traffic_scan_env2025_seed0-499_48352cd1,74,12,26,1,2
20260912_215351_529_traffic_scan_env2025_seed0-499_48352cd1,74,12,27,0,4
20260912_215351_529_traffic_scan_env2025_seed0-499_48352cd1,74,12,27,1,2
20260912_215351_529_traffic_scan_env2025_seed0-499_48352cd1,74,12,28,0,1
20260912_215351_529_traffic_scan_env2025_seed0-499_48352cd1,74,12,28,1,3
20260912_215351_529_traffic_scan_env2025_seed0-499_48352cd1,74,12,29,0,1
20260912_215351_529_traffic_scan_env2025_seed0-499_48352cd1,74,12,29,1,1
20260912_215351_529_traffic_scan_env2025_seed0-499_48352cd1,74,12,30,0,4
20260912_215351_529_traffic_scan_env2025_seed0-499_48352cd1,74,12,30,1,1
20260912_215351_529_traffic_scan_env2025_seed0-499_48352cd1,74,12,31,0,2
20260912_215351_529_traffic_scan_env2025_seed0-499_48352cd1,74,12,31,1,1
20260912_215351_529_traffic_scan_env2025_seed0-499_48352cd1,74,12,32,0,2
20260912_215351_529_traffic_scan_env2025_seed0-499_48352cd1,74,12,32,1,2
20260912_215351_529_traffic_scan_env2025_seed0-499_48352cd1,74,12,33,2,1
20260912_215351_529_traffic_scan_env2025_seed0-499_48352cd1,74,12,34,2,1
20260912_215351_529_traffic_scan_env2025_seed0-499_48352cd1,74,12,35,0,4
20260912_215351_529_traffic_scan_env2025_seed0-499_48352cd1,74,12,35,1,5
20260912_215351_529_traffic_scan_env2025_seed0-499_48352cd1,74,12,36,0,3
20260912_215351_529_traffic_scan_env2025_seed0-499_48352cd1,74,12,36,1,1
20260912_215351_529_traffic_scan_env2025_seed0-499_48352cd1,74,12,37,0,3
20260912_215351_529_traffic_scan_env2025_seed0-499_48352cd1,74,12,37,1,1
20260912_215351_529_traffic_scan_env2025_seed0-499_48352cd1,74,12,38,0,5
20260912_215351_529_traffic_scan_env2025_seed0-499_48352cd1,74,12,38,1,3
20260912_215351_529_traffic_scan_env2025_seed0-499_48352cd1,74,12,39,2,1
20260912_215351_529_traffic_scan_env2025_seed0-499_48352cd1,74,12,40,0,1
20260912_215351_529_traffic_scan_env2025_seed0-499_48352cd1,74,12,40,1,1
20260912_215351_529_traffic_scan_env2025_seed0-499_48352cd1,74,12,41,0,3
20260912_215351_529_traffic_scan_env2025_seed0-499_48352cd1,74,12,41,1,1
20260912_215351_529_traffic_scan_env2025_seed0-499_48352cd1,74,12,42,0,2
20260912_215351_529_traffic_scan_env2025_seed0-499_48352cd1,74,12,42,1,1
20260912_215351_529_traffic_scan_env2025_seed0-499_48352cd1,74,12,43,1,1
20260912_215351_529_traffic_scan_env2025_seed0-499_48352cd1,74,12,44,1,1
20260912_215351_529_traffic_scan_env2025_seed0-499_48352cd1,74,12,45,1,1
20260912_215351_529_traffic_scan_env2025_seed0-499_48352cd1,74,12,46,0,1
20260912_215351_529_traffic_scan_env2025_seed0-499_48352cd1,74,12,46,1,1
20260912_215351_529_traffic_scan_env2025_seed0-499_48352cd1,74,12,47,0,1
20260912_215351_529_traffic_scan_env2025_seed0-499_48352cd1,74,12,47,1,1
20260912_215351_529_traffic_scan_env2025_seed0-499_48352cd1,74,12,48,1,2
20260912_215351_529_traffic_scan_env2025_seed0-499_48352cd1,74,12,49,1,2
20260912_215351_529_traffic_scan_env2025_seed0-499_48352cd1,74,12,50,0,2
20260912_215351_529_traffic_scan_env2025_seed0-499_48352cd1,74,12,51,0,1
20260912_215351_529_traffic_scan_env2025_seed0-499_48352cd1,74,12,52,0,1
20260912_215351_529_traffic_scan_env2025_seed0-499_48352cd1,74,12,53,1,1
20260912_215351_529_traffic_scan_env2025_seed0-499_48352cd1,74,12,56,0,1
20260912_215351_529_traffic_scan_env2025_seed0-499_48352cd1,74,12,58,1,1
20260912_215351_529_traffic_scan_env2025_seed0-499_48352cd1,74,13,1,0,1
20260912_215351_529_traffic_scan_env2025_seed0-499_48352cd1,74,13,3,1,1
20260912_215351_529_traffic_scan_env2025_seed0-499_48352cd1,74,13,5,1,2
20260912_215351_529_traffic_scan_env2025_seed0-499_48352cd1,74,13,6,0,1
20260912_215351_529_traffic_scan_env2025_seed0-499_48352cd1,74,13,7,1,2
20260912_215351_529_traffic_scan_env2025_seed0-499_48352cd1,74,13,10,0,1
20260912_215351_529_traffic_scan_env2025_seed0-499_48352cd1,74,13,10,1,1
20260912_215351_529_traffic_scan_env2025_seed0-499_48352cd1,74,13,11,0,2
20260912_215351_529_traffic_scan_env2025_seed0-499_48352cd1,74,13,12,0,1
20260912_215351_529_traffic_scan_env2025_seed0-499_48352cd1,74,13,13,0,2
20260912_215351_529_traffic_scan_env2025_seed0-499_48352cd1,74,13,13,1,1
20260912_215351_529_traffic_scan_env2025_seed0-499_48352cd1,74,13,14,0,4
20260912_215351_529_traffic_scan_env2025_seed0-499_48352cd1,74,13,14,1,1
20260912_215351_529_traffic_scan_env2025_seed0-499_48352cd1,74,13,15,0,3
20260912_215351_529_traffic_scan_env2025_seed0-499_48352cd1,74,13,15,1,1
20260912_215351_529_traffic_scan_env2025_seed0-499_48352cd1,74,13,16,0,4
20260912_215351_529_traffic_scan_env2025_seed0-499_48352cd1,74,13,16,1,2
20260912_215351_529_traffic_scan_env2025_seed0-499_48352cd1,74,13,18,0,1
20260912_215351_529_traffic_scan_env2025_seed0-499_48352cd1,74,13,18,1,1
20260912_215351_529_traffic_scan_env2025_seed0-499_48352cd1,74,13,19,0,3
20260912_215351_529_traffic_scan_env2025_seed0-499_48352cd1,74,13,20,0,3
20260912_215351_529_traffic_scan_env2025_seed0-499_48352cd1,74,13,20,1,1
20260912_215351_529_traffic_scan_env2025_seed0-499_48352cd1,74,13,21,0,4
20260912_215351_529_traffic_scan_env2025_seed0-499_48352cd1,74,13,21,1,1
20260912_215351_529_traffic_scan_env2025_seed0-499_48352cd1,74,13,23,0,3
20260912_215351_529_traffic_scan_env2025_seed0-499_48352cd1,74,13,24,0,1
20260912_215351_529_traffic_scan_env2025_seed0-499_48352cd1,74,13,25,0,2
20260912_215351_529_traffic_scan_env2025_seed0-499_48352cd1,74,13,26,0,4
20260912_215351_529_traffic_scan_env2025_seed0-499_48352cd1,74,13,26,1,1
20260912_215351_529_traffic_scan_env2025_seed0-499_48352cd1,74,13,27,2,2
20260912_215351_529_traffic_scan_env2025_seed0-499_48352cd1,74,13,29,1,1
20260912_215351_529_traffic_scan_env2025_seed0-499_48352cd1,74,13,31,0,5
20260912_215351_529_traffic_scan_env2025_seed0-499_48352cd1,74,13,32,0,1
20260912_215351_529_traffic_scan_env2025_seed0-499_48352cd1,74,13,32,1,1
20260912_215351_529_traffic_scan_env2025_seed0-499_48352cd1,74,13,33,0,3
20260912_215351_529_traffic_scan_env2025_seed0-499_48352cd1,74,13,34,0,4
20260912_215351_529_traffic_scan_env2025_seed0-499_48352cd1,74,13,36,2,4
20260912_215351_529_traffic_scan_env2025_seed0-499_48352cd1,74,13,38,2,1
20260912_215351_529_traffic_scan_env2025_seed0-499_48352cd1,74,13,39,0,3
20260912_215351_529_traffic_scan_env2025_seed0-499_48352cd1,74,13,39,1,2
20260912_215351_529_traffic_scan_env2025_seed0-499_48352cd1,74,13,40,0,3
20260912_215351_529_traffic_scan_env2025_seed0-499_48352cd1,74,13,41,0,2
20260912_215351_529_traffic_scan_env2025_seed0-499_48352cd1,74,13,42,0,1
20260912_215351_529_traffic_scan_env2025_seed0-499_48352cd1,74,13,43,0,1
20260912_215351_529_traffic_scan_env2025_seed0-499_48352cd1,74,13,44,0,1
20260912_215351_529_traffic_scan_env2025_seed0-499_48352cd1,74,13,45,0,1
20260912_215351_529_traffic_scan_env2025_seed0-499_48352cd1,74,13,46,0,1
20260912_215351_529_traffic_scan_env2025_seed0-499_48352cd1,74,13,46,1,1
20260912_215351_529_traffic_scan_env2025_seed0-499_48352cd1,74,13,47,2,1
20260912_215351_529_traffic_scan_env2025_seed0-499_48352cd1,74,13,48,0,1
20260912_215351_529_traffic_scan_env2025_seed0-499_48352cd1,74,13,48,1,2
20260912_215351_529_traffic_scan_env2025_seed0-499_48352cd1,74,13,49,0,3
20260912_215351_529_traffic_scan_env2025_seed0-499_48352cd1,74,13,50,0,3
20260912_215351_529_traffic_scan_env2025_seed0-499_48352cd1,74,13,52,0,4
20260912_215351_529_traffic_scan_env2025_seed0-499_48352cd1,74,13,53,0,3
20260912_215351_529_traffic_scan_env2025_seed0-499_48352cd1,74,13,53,1,1
20260912_215351_529_traffic_scan_env2025_seed0-499_48352cd1,74,13,54,0,2
20260912_215351_529_traffic_scan_env2025_seed0-499_48352cd1,74,13,55,0,3
20260912_215351_529_traffic_scan_env2025_seed0-499_48352cd1,74,13,56,0,2
20260912_215351_529_traffic_scan_env2025_seed0-499_48352cd1,74,13,57,0,2
20260912_215351_529_traffic_scan_env2025_seed0-499_48352cd1,74,13,57,1,1
20260912_215351_529_traffic_scan_env2025_seed0-499_48352cd1,74,13,58,0,1
20260912_215351_529_traffic_scan_env2025_seed0-499_48352cd1,74,14,1,0,1
20260912_215351_529_traffic_scan_env2025_seed0-499_48352cd1,74,14,3,1,1
20260912_215351_529_traffic_scan_env2025_seed0-499_48352cd1,74,14,4,1,1
20260912_215351_529_traffic_scan_env2025_seed0-499_48352cd1,74,14,5,2,2
20260912_215351_529_traffic_scan_env2025_seed0-499_48352cd1,74,14,6,2,1
20260912_215351_529_traffic_scan_env2025_seed0-499_48352cd1,74,14,7,0,1
20260912_215351_529_traffic_scan_env2025_seed0-499_48352cd1,74,14,8,0,1
20260912_215351_529_traffic_scan_env2025_seed0-499_48352cd1,74,14,8,1,2
20260912_215351_529_traffic_scan_env2025_seed0-499_48352cd1,74,14,9,0,1
20260912_215351_529_traffic_scan_env2025_seed0-499_48352cd1,74,14,9,1,2
20260912_215351_529_traffic_scan_env2025_seed0-499_48352cd1,74,14,10,1,1
20260912_215351_529_traffic_scan_env2025_seed0-499_48352cd1,74,14,12,1,2
20260912_215351_529_traffic_scan_env2025_seed0-499_48352cd1,74,14,13,0,2
20260912_215351_529_traffic_scan_env2025_seed0-499_48352cd1,74,14,13,1,2
20260912_215351_529_traffic_scan_env2025_seed0-499_48352cd1,74,14,16,0,1
20260912_215351_529_traffic_scan_env2025_seed0-499_48352cd1,74,14,17,0,3
20260912_215351_529_traffic_scan_env2025_seed0-499_48352cd1,74,14,17,1,2
20260912_215351_529_traffic_scan_env2025_seed0-499_48352cd1,74,14,18,2,1
20260912_215351_529_traffic_scan_env2025_seed0-499_48352cd1,74,14,19,0,1
20260912_215351_529_traffic_scan_env2025_seed0-499_48352cd1,74,14,20,0,1
20260912_215351_529_traffic_scan_env2025_seed0-499_48352cd1,74,14,21,0,2
20260912_215351_529_traffic_scan_env2025_seed0-499_48352cd1,74,14,22,0,2
20260912_215351_529_traffic_scan_env2025_seed0-499_48352cd1,74,14,23,0,3
20260912_215351_529_traffic_scan_env2025_seed0-499_48352cd1,74,14,24,0,2
20260912_215351_529_traffic_scan_env2025_seed0-499_48352cd1,74,14,24,1,1
20260912_215351_529_traffic_scan_env2025_seed0-499_48352cd1,74,14,25,0,3
20260912_215351_529_traffic_scan_env2025_seed0-499_48352cd1,74,14,26,0,3
20260912_215351_529_traffic_scan_env2025_seed0-499_48352cd1,74,14,26,1,2
20260912_215351_529_traffic_scan_env2025_seed0-499_48352cd1,74,14,27,2,1
20260912_215351_529_traffic_scan_env2025_seed0-499_48352cd1,74,14,30,0,1
20260912_215351_529_traffic_scan_env2025_seed0-499_48352cd1,74,14,30,1,1
20260912_215351_529_traffic_scan_env2025_seed0-499_48352cd1,74,14,31,0,1
20260912_215351_529_traffic_scan_env2025_seed0-499_48352cd1,74,14,32,0,3
20260912_215351_529_traffic_scan_env2025_seed0-499_48352cd1,74,14,32,1,1
20260912_215351_529_traffic_scan_env2025_seed0-499_48352cd1,74,14,33,0,3
20260912_215351_529_traffic_scan_env2025_seed0-499_48352cd1,74,14,37,1,5
20260912_215351_529_traffic_scan_env2025_seed0-499_48352cd1,74,14,38,0,3
20260912_215351_529_traffic_scan_env2025_seed0-499_48352cd1,74,14,38,1,1
20260912_215351_529_traffic_scan_env2025_seed0-499_48352cd1,74,14,39,0,3
20260912_215351_529_traffic_scan_env2025_seed0-499_48352cd1,74,14,39,1,1
20260912_215351_529_traffic_scan_env2025_seed0-499_48352cd1,74,14,40,0,2
20260912_215351_529_traffic_scan_env2025_seed0-499_48352cd1,74,14,40,1,1
20260912_215351_529_traffic_scan_env2025_seed0-499_48352cd1,74,14,41,0,1
20260912_215351_529_traffic_scan_env2025_seed0-499_48352cd1,74,14,42,0,1
20260912_215351_529_traffic_scan_env2025_seed0-499_48352cd1,74,14,43,0,1
20260912_215351_529_traffic_scan_env2025_seed0-499_48352cd1,74,14,44,0,1
20260912_215351_529_traffic_scan_env2025_seed0-499_48352cd1,74,14,45,0,1
20260912_215351_529_traffic_scan_env2025_seed0-499_48352cd1,74,14,46,0,1
20260912_215351_529_traffic_scan_env2025_seed0-499_48352cd1,74,14,46,1,2
20260912_215351_529_traffic_scan_env2025_seed0-499_48352cd1,74,14,47,0,1
20260912_215351_529_traffic_scan_env2025_seed0-499_48352cd1,74,14,47,1,2
20260912_215351_529_traffic_scan_env2025_seed0-499_48352cd1,74,14,48,0,3
20260912_215351_529_traffic_scan_env2025_seed0-499_48352cd1,74,14,49,0,2
20260912_215351_529_traffic_scan_env2025_seed0-499_48352cd1,74,14,50,0,3
20260912_215351_529_traffic_scan_env2025_seed0-499_48352cd1,74,14,51,0,3
20260912_215351_529_traffic_scan_env2025_seed0-499_48352cd1,74,14,53,0,2
20260912_215351_529_traffic_scan_env2025_seed0-499_48352cd1,74,14,53,1,1
20260912_215351_529_traffic_scan_env2025_seed0-499_48352cd1,74,14,54,0,2
20260912_215351_529_traffic_scan_env2025_seed0-499_48352cd1,74,14,55,0,1
20260912_215351_529_traffic_scan_env2025_seed0-499_48352cd1,74,14,56,1,1
20260912_215351_529_traffic_scan_env2025_seed0-499_48352cd1,74,15,1,0,1
20260912_215351_529_traffic_scan_env2025_seed0-499_48352cd1,74,15,2,0,2
20260912_215351_529_traffic_scan_env2025_seed0-499_48352cd1,74,15,3,0,1
20260912_215351_529_traffic_scan_env2025_seed0-499_48352cd1,74,15,3,1,2
20260912_215351_529_traffic_scan_env2025_seed0-499_48352cd1,74,15,4,1,2
20260912_215351_529_traffic_scan_env2025_seed0-499_48352cd1,74,15,7,0,1
20260912_215351_529_traffic_scan_env2025_seed0-499_48352cd1,74,15,7,1,1
20260912_215351_529_traffic_scan_env2025_seed0-499_48352cd1,74,15,10,0,1
20260912_215351_529_traffic_scan_env2025_seed0-499_48352cd1,74,15,10,1,3
20260912_215351_529_traffic_scan_env2025_seed0-499_48352cd1,74,15,11,1,1
20260912_215351_529_traffic_scan_env2025_seed0-499_48352cd1,74,15,13,0,2
20260912_215351_529_traffic_scan_env2025_seed0-499_48352cd1,74,15,13,1,3
20260912_215351_529_traffic_scan_env2025_seed0-499_48352cd1,74,15,16,1,1
20260912_215351_529_traffic_scan_env2025_seed0-499_48352cd1,74,15,17,0,1
20260912_215351_529_traffic_scan_env2025_seed0-499_48352cd1,74,15,18,0,3
20260912_215351_529_traffic_scan_env2025_seed0-499_48352cd1,74,15,19,2,1
20260912_215351_529_traffic_scan_env2025_seed0-499_48352cd1,74,15,21,0,3
20260912_215351_529_traffic_scan_env2025_seed0-499_48352cd1,74,15,22,0,1
20260912_215351_529_traffic_scan_env2025_seed0-499_48352cd1,74,15,23,0,2
20260912_215351_529_traffic_scan_env2025_seed0-499_48352cd1,74,15,23,1,1
20260912_215351_529_traffic_scan_env2025_seed0-499_48352cd1,74,15,24,0,1
20260912_215351_529_traffic_scan_env2025_seed0-499_48352cd1,74,15,25,0,1
20260912_215351_529_traffic_scan_env2025_seed0-499_48352cd1,74,15,25,1,1
20260912_215351_529_traffic_scan_env2025_seed0-499_48352cd1,74,15,26,0,2
20260912_215351_529_traffic_scan_env2025_seed0-499_48352cd1,74,15,26,1,1
20260912_215351_529_traffic_scan_env2025_seed0-499_48352cd1,74,15,27,0,2
20260912_215351_529_traffic_scan_env2025_seed0-499_48352cd1,74,15,27,1,1
20260912_215351_529_traffic_scan_env2025_seed0-499_48352cd1,74,15,28,0,1
20260912_215351_529_traffic_scan_env2025_seed0-499_48352cd1,74,15,29,0,2
20260912_215351_529_traffic_scan_env2025_seed0-499_48352cd1,74,15,30,0,1
20260912_215351_529_traffic_scan_env2025_seed0-499_48352cd1,74,15,31,0,2
20260912_215351_529_traffic_scan_env2025_seed0-499_48352cd1,74,15,31,1,1
20260912_215351_529_traffic_scan_env2025_seed0-499_48352cd1,74,15,32,0,3
20260912_215351_529_traffic_scan_env2025_seed0-499_48352cd1,74,15,32,1,1
20260912_215351_529_traffic_scan_env2025_seed0-499_48352cd1,74,15,33,0,4
20260912_215351_529_traffic_scan_env2025_seed0-499_48352cd1,74,15,34,0,2
20260912_215351_529_traffic_scan_env2025_seed0-499_48352cd1,74,15,35,0,1
20260912_215351_529_traffic_scan_env2025_seed0-499_48352cd1,74,15,36,0,1
20260912_215351_529_traffic_scan_env2025_seed0-499_48352cd1,74,15,36,1,1
20260912_215351_529_traffic_scan_env2025_seed0-499_48352cd1,74,15,37,0,1
20260912_215351_529_traffic_scan_env2025_seed0-499_48352cd1,74,15,38,0,5
20260912_215351_529_traffic_scan_env2025_seed0-499_48352cd1,74,15,39,0,5
20260912_215351_529_traffic_scan_env2025_seed0-499_48352cd1,74,15,39,1,2
20260912_215351_529_traffic_scan_env2025_seed0-499_48352cd1,74,15,41,1,1
20260912_215351_529_traffic_scan_env2025_seed0-499_48352cd1,74,15,44,0,1
20260912_215351_529_traffic_scan_env2025_seed0-499_48352cd1,74,15,45,0,1
20260912_215351_529_traffic_scan_env2025_seed0-499_48352cd1,74,15,45,1,1
20260912_215351_529_traffic_scan_env2025_seed0-499_48352cd1,74,15,46,1,3
20260912_215351_529_traffic_scan_env2025_seed0-499_48352cd1,74,15,47,0,2
20260912_215351_529_traffic_scan_env2025_seed0-499_48352cd1,74,15,48,0,1
20260912_215351_529_traffic_scan_env2025_seed0-499_48352cd1,74,15,50,0,1
20260912_215351_529_traffic_scan_env2025_seed0-499_48352cd1,74,15,50,1,1
20260912_215351_529_traffic_scan_env2025_seed0-499_48352cd1,74,15,52,0,1
20260912_215351_529_traffic_scan_env2025_seed0-499_48352cd1,74,15,52,1,1
20260912_215351_529_traffic_scan_env2025_seed0-499_48352cd1,74,15,53,0,2
20260912_215351_529_traffic_scan_env2025_seed0-499_48352cd1,74,15,55,1,1
20260912_215351_529_traffic_scan_env2025_seed0-499_48352cd1,74,15,57,0,1
20260912_215351_529_traffic_scan_env2025_seed0-499_48352cd1,74,15,58,0,1
20260912_215351_529_traffic_scan_env2025_seed0-499_48352cd1,74,16,1,0,1
20260912_215351_529_traffic_scan_env2025_seed0-499_48352cd1,74,16,2,1,1
20260912_215351_529_traffic_scan_env2025_seed0-499_48352cd1,74,16,3,0,1
20260912_215351_529_traffic_scan_env2025_seed0-499_48352cd1,74,16,3,1,1
20260912_215351_529_traffic_scan_env2025_seed0-499_48352cd1,74,16,4,1,1
20260912_215351_529_traffic_scan_env2025_seed0-499_48352cd1,74,16,7,0,1
20260912_215351_529_traffic_scan_env2025_seed0-499_48352cd1,74,16,7,1,1
20260912_215351_529_traffic_scan_env2025_seed0-499_48352cd1,74,16,10,1,2
20260912_215351_529_traffic_scan_env2025_seed0-499_48352cd1,74,16,11,1,4
20260912_215351_529_traffic_scan_env2025_seed0-499_48352cd1,74,16,12,0,1
20260912_215351_529_traffic_scan_env2025_seed0-499_48352cd1,74,16,12,1,2
20260912_215351_529_traffic_scan_env2025_seed0-499_48352cd1,74,16,13,1,2
20260912_215351_529_traffic_scan_env2025_seed0-499_48352cd1,74,16,14,0,1
20260912_215351_529_traffic_scan_env2025_seed0-499_48352cd1,74,16,14,1,3
20260912_215351_529_traffic_scan_env2025_seed0-499_48352cd1,74,16,15,1,2
20260912_215351_529_traffic_scan_env2025_seed0-499_48352cd1,74,16,16,1,1
20260912_215351_529_traffic_scan_env2025_seed0-499_48352cd1,74,16,17,0,1
20260912_215351_529_traffic_scan_env2025_seed0-499_48352cd1,74,16,17,1,1
20260912_215351_529_traffic_scan_env2025_seed0-499_48352cd1,74,16,18,0,1
20260912_215351_529_traffic_scan_env2025_seed0-499_48352cd1,74,16,19,0,2
20260912_215351_529_traffic_scan_env2025_seed0-499_48352cd1,74,16,20,0,1
20260912_215351_529_traffic_scan_env2025_seed0-499_48352cd1,74,16,20,1,1
20260912_215351_529_traffic_scan_env2025_seed0-499_48352cd1,74,16,21,0,1
20260912_215351_529_traffic_scan_env2025_seed0-499_48352cd1,74,16,22,0,2
20260912_215351_529_traffic_scan_env2025_seed0-499_48352cd1,74,16,22,1,1
20260912_215351_529_traffic_scan_env2025_seed0-499_48352cd1,74,16,23,0,3
20260912_215351_529_traffic_scan_env2025_seed0-499_48352cd1,74,16,24,1,1
20260912_215351_529_traffic_scan_env2025_seed0-499_48352cd1,74,16,26,1,3
20260912_215351_529_traffic_scan_env2025_seed0-499_48352cd1,74,16,27,1,2
20260912_215351_529_traffic_scan_env2025_seed0-499_48352cd1,74,16,28,0,2
20260912_215351_529_traffic_scan_env2025_seed0-499_48352cd1,74,16,30,0,1
20260912_215351_529_traffic_scan_env2025_seed0-499_48352cd1,74,16,31,0,2
20260912_215351_529_traffic_scan_env2025_seed0-499_48352cd1,74,16,32,1,2
20260912_215351_529_traffic_scan_env2025_seed0-499_48352cd1,74,16,34,0,4
20260912_215351_529_traffic_scan_env2025_seed0-499_48352cd1,74,16,35,1,1
20260912_215351_529_traffic_scan_env2025_seed0-499_48352cd1,74,16,37,0,4
20260912_215351_529_traffic_scan_env2025_seed0-499_48352cd1,74,16,38,0,3
20260912_215351_529_traffic_scan_env2025_seed0-499_48352cd1,74,16,39,0,1
20260912_215351_529_traffic_scan_env2025_seed0-499_48352cd1,74,16,39,1,2
20260912_215351_529_traffic_scan_env2025_seed0-499_48352cd1,74,16,40,0,2
20260912_215351_529_traffic_scan_env2025_seed0-499_48352cd1,74,16,40,1,1
20260912_215351_529_traffic_scan_env2025_seed0-499_48352cd1,74,16,41,0,2
20260912_215351_529_traffic_scan_env2025_seed0-499_48352cd1,74,16,42,1,1
20260912_215351_529_traffic_scan_env2025_seed0-499_48352cd1,74,16,43,0,1
20260912_215351_529_traffic_scan_env2025_seed0-499_48352cd1,74,16,44,2,1
20260912_215351_529_traffic_scan_env2025_seed0-499_48352cd1,74,16,45,2,2
20260912_215351_529_traffic_scan_env2025_seed0-499_48352cd1,74,16,46,0,2
20260912_215351_529_traffic_scan_env2025_seed0-499_48352cd1,74,16,46,1,1
20260912_215351_529_traffic_scan_env2025_seed0-499_48352cd1,74,16,47,0,1
20260912_215351_529_traffic_scan_env2025_seed0-499_48352cd1,74,16,48,0,1
20260912_215351_529_traffic_scan_env2025_seed0-499_48352cd1,74,16,49,0,1
20260912_215351_529_traffic_scan_env2025_seed0-499_48352cd1,74,16,50,2,1
20260912_215351_529_traffic_scan_env2025_seed0-499_48352cd1,74,16,52,1,3
20260912_215351_529_traffic_scan_env2025_seed0-499_48352cd1,74,16,53,1,1
20260912_215351_529_traffic_scan_env2025_seed0-499_48352cd1,74,16,55,1,1
20260912_215351_529_traffic_scan_env2025_seed0-499_48352cd1,74,16,56,0,1
20260912_215351_529_traffic_scan_env2025_seed0-499_48352cd1,74,17,0,0,1
20260912_215351_529_traffic_scan_env2025_seed0-499_48352cd1,74,17,1,0,2
20260912_215351_529_traffic_scan_env2025_seed0-499_48352cd1,74,17,3,1,1
20260912_215351_529_traffic_scan_env2025_seed0-499_48352cd1,74,17,4,0,1
20260912_215351_529_traffic_scan_env2025_seed0-499_48352cd1,74,17,5,2,1
20260912_215351_529_traffic_scan_env2025_seed0-499_48352cd1,74,17,6,0,2
20260912_215351_529_traffic_scan_env2025_seed0-499_48352cd1,74,17,8,2,1
20260912_215351_529_traffic_scan_env2025_seed0-499_48352cd1,74,17,9,2,1
20260912_215351_529_traffic_scan_env2025_seed0-499_48352cd1,74,17,10,1,2
20260912_215351_529_traffic_scan_env2025_seed0-499_48352cd1,74,17,11,0,1
20260912_215351_529_traffic_scan_env2025_seed0-499_48352cd1,74,17,12,0,1
20260912_215351_529_traffic_scan_env2025_seed0-499_48352cd1,74,17,12,1,2
20260912_215351_529_traffic_scan_env2025_seed0-499_48352cd1,74,17,13,1,1
20260912_215351_529_traffic_scan_env2025_seed0-499_48352cd1,74,17,15,0,1
20260912_215351_529_traffic_scan_env2025_seed0-499_48352cd1,74,17,15,1,1
20260912_215351_529_traffic_scan_env2025_seed0-499_48352cd1,74,17,16,0,1
20260912_215351_529_traffic_scan_env2025_seed0-499_48352cd1,74,17,18,0,2
20260912_215351_529_traffic_scan_env2025_seed0-499_48352cd1,74,17,18,1,1
20260912_215351_529_traffic_scan_env2025_seed0-499_48352cd1,74,17,20,0,3
20260912_215351_529_traffic_scan_env2025_seed0-499_48352cd1,74,17,21,1,3
20260912_215351_529_traffic_scan_env2025_seed0-499_48352cd1,74,17,22,1,5
20260912_215351_529_traffic_scan_env2025_seed0-499_48352cd1,74,17,23,2,1
20260912_215351_529_traffic_scan_env2025_seed0-499_48352cd1,74,17,26,1,2
20260912_215351_529_traffic_scan_env2025_seed0-499_48352cd1,74,17,27,0,1
20260912_215351_529_traffic_scan_env2025_seed0-499_48352cd1,74,17,27,1,2
20260912_215351_529_traffic_scan_env2025_seed0-499_48352cd1,74,17,28,1,2
20260912_215351_529_traffic_scan_env2025_seed0-499_48352cd1,74,17,29,0,1
20260912_215351_529_traffic_scan_env2025_seed0-499_48352cd1,74,17,30,0,3
20260912_215351_529_traffic_scan_env2025_seed0-499_48352cd1,74,17,32,1,1
20260912_215351_529_traffic_scan_env2025_seed0-499_48352cd1,74,17,33,1,1
20260912_215351_529_traffic_scan_env2025_seed0-499_48352cd1,74,17,35,0,4
20260912_215351_529_traffic_scan_env2025_seed0-499_48352cd1,74,17,35,1,1
20260912_215351_529_traffic_scan_env2025_seed0-499_48352cd1,74,17,36,0,3
20260912_215351_529_traffic_scan_env2025_seed0-499_48352cd1,74,17,36,1,1
20260912_215351_529_traffic_scan_env2025_seed0-499_48352cd1,74,17,39,0,1
20260912_215351_529_traffic_scan_env2025_seed0-499_48352cd1,74,17,39,1,3
20260912_215351_529_traffic_scan_env2025_seed0-499_48352cd1,74,17,40,0,2
20260912_215351_529_traffic_scan_env2025_seed0-499_48352cd1,74,17,41,1,1
20260912_215351_529_traffic_scan_env2025_seed0-499_48352cd1,74,17,42,0,3
20260912_215351_529_traffic_scan_env2025_seed0-499_48352cd1,74,17,43,1,2
20260912_215351_529_traffic_scan_env2025_seed0-499_48352cd1,74,17,44,2,2
20260912_215351_529_traffic_scan_env2025_seed0-499_48352cd1,74,17,46,0,2
20260912_215351_529_traffic_scan_env2025_seed0-499_48352cd1,74,17,46,1,1
20260912_215351_529_traffic_scan_env2025_seed0-499_48352cd1,74,17,47,0,1
20260912_215351_529_traffic_scan_env2025_seed0-499_48352cd1,74,17,50,2,1
20260912_215351_529_traffic_scan_env2025_seed0-499_48352cd1,74,17,51,2,1
20260912_215351_529_traffic_scan_env2025_seed0-499_48352cd1,74,17,52,1,3
20260912_215351_529_traffic_scan_env2025_seed0-499_48352cd1,74,17,54,2,1
20260912_215351_529_traffic_scan_env2025_seed0-499_48352cd1,74,17,55,0,1
20260912_215351_529_traffic_scan_env2025_seed0-499_48352cd1,74,17,58,0,1
20260912_215351_529_traffic_scan_env2025_seed0-499_48352cd1,74,18,0,0,1
20260912_215351_529_traffic_scan_env2025_seed0-499_48352cd1,74,18,1,0,1
20260912_215351_529_traffic_scan_env2025_seed0-499_48352cd1,74,18,3,0,1
20260912_215351_529_traffic_scan_env2025_seed0-499_48352cd1,74,18,3,1,1
20260912_215351_529_traffic_scan_env2025_seed0-499_48352cd1,74,18,4,0,1
20260912_215351_529_traffic_scan_env2025_seed0-499_48352cd1,74,18,5,0,4
20260912_215351_529_traffic_scan_env2025_seed0-499_48352cd1,74,18,5,1,1
20260912_215351_529_traffic_scan_env2025_seed0-499_48352cd1,74,18,9,1,1
20260912_215351_529_traffic_scan_env2025_seed0-499_48352cd1,74,18,10,0,1
20260912_215351_529_traffic_scan_env2025_seed0-499_48352cd1,74,18,10,1,1
20260912_215351_529_traffic_scan_env2025_seed0-499_48352cd1,74,18,13,0,1
20260912_215351_529_traffic_scan_env2025_seed0-499_48352cd1,74,18,13,1,3
20260912_215351_529_traffic_scan_env2025_seed0-499_48352cd1,74,18,15,0,1
20260912_215351_529_traffic_scan_env2025_seed0-499_48352cd1,74,18,16,0,1
20260912_215351_529_traffic_scan_env2025_seed0-499_48352cd1,74,18,16,1,1
20260912_215351_529_traffic_scan_env2025_seed0-499_48352cd1,74,18,18,0,1
20260912_215351_529_traffic_scan_env2025_seed0-499_48352cd1,74,18,19,0,1
20260912_215351_529_traffic_scan_env2025_seed0-499_48352cd1,74,18,19,1,2
20260912_215351_529_traffic_scan_env2025_seed0-499_48352cd1,74,18,20,1,2
20260912_215351_529_traffic_scan_env2025_seed0-499_48352cd1,74,18,21,1,4
20260912_215351_529_traffic_scan_env2025_seed0-499_48352cd1,74,18,22,1,5
20260912_215351_529_traffic_scan_env2025_seed0-499_48352cd1,74,18,23,2,1
20260912_215351_529_traffic_scan_env2025_seed0-499_48352cd1,74,18,26,0,2
20260912_215351_529_traffic_scan_env2025_seed0-499_48352cd1,74,18,26,1,1
20260912_215351_529_traffic_scan_env2025_seed0-499_48352cd1,74,18,27,2,1
20260912_215351_529_traffic_scan_env2025_seed0-499_48352cd1,74,18,29,0,3
20260912_215351_529_traffic_scan_env2025_seed0-499_48352cd1,74,18,29,1,2
20260912_215351_529_traffic_scan_env2025_seed0-499_48352cd1,74,18,30,1,1
20260912_215351_529_traffic_scan_env2025_seed0-499_48352cd1,74,18,32,1,1
20260912_215351_529_traffic_scan_env2025_seed0-499_48352cd1,74,18,34,1,2
20260912_215351_529_traffic_scan_env2025_seed0-499_48352cd1,74,18,35,0,4
20260912_215351_529_traffic_scan_env2025_seed0-499_48352cd1,74,18,35,1,2
20260912_215351_529_traffic_scan_env2025_seed0-499_48352cd1,74,18,36,0,3
20260912_215351_529_traffic_scan_env2025_seed0-499_48352cd1,74,18,40,2,3
20260912_215351_529_traffic_scan_env2025_seed0-499_48352cd1,74,18,41,0,2
20260912_215351_529_traffic_scan_env2025_seed0-499_48352cd1,74,18,42,1,1
20260912_215351_529_traffic_scan_env2025_seed0-499_48352cd1,74,18,43,0,4
20260912_215351_529_traffic_scan_env2025_seed0-499_48352cd1,74,18,43,1,3
20260912_215351_529_traffic_scan_env2025_seed0-499_48352cd1,74,18,45,0,4
20260912_215351_529_traffic_scan_env2025_seed0-499_48352cd1,74,18,45,1,1
20260912_215351_529_traffic_scan_env2025_seed0-499_48352cd1,74,18,46,0,1
20260912_215351_529_traffic_scan_env2025_seed0-499_48352cd1,74,18,50,1,2
20260912_215351_529_traffic_scan_env2025_seed0-499_48352cd1,74,18,52,0,2
20260912_215351_529_traffic_scan_env2025_seed0-499_48352cd1,74,18,52,1,1
20260912_215351_529_traffic_scan_env2025_seed0-499_48352cd1,74,18,53,2,1
20260912_215351_529_traffic_scan_env2025_seed0-499_48352cd1,74,18,55,0,1
20260912_215351_529_traffic_scan_env2025_seed0-499_48352cd1,74,18,57,0,1
20260912_215351_529_traffic_scan_env2025_seed0-499_48352cd1,74,19,0,0,1
20260912_215351_529_traffic_scan_env2025_seed0-499_48352cd1,74,19,1,0,1
20260912_215351_529_traffic_scan_env2025_seed0-499_48352cd1,74,19,3,1,1
20260912_215351_529_traffic_scan_env2025_seed0-499_48352cd1,74,19,4,0,1
20260912_215351_529_traffic_scan_env2025_seed0-499_48352cd1,74,19,5,1,1
20260912_215351_529_traffic_scan_env2025_seed0-499_48352cd1,74,19,6,0,3
20260912_215351_529_traffic_scan_env2025_seed0-499_48352cd1,74,19,8,1,1
20260912_215351_529_traffic_scan_env2025_seed0-499_48352cd1,74,19,10,0,1
20260912_215351_529_traffic_scan_env2025_seed0-499_48352cd1,74,19,10,1,1
20260912_215351_529_traffic_scan_env2025_seed0-499_48352cd1,74,19,13,1,1
20260912_215351_529_traffic_scan_env2025_seed0-499_48352cd1,74,19,14,0,2
20260912_215351_529_traffic_scan_env2025_seed0-499_48352cd1,74,19,14,1,2
20260912_215351_529_traffic_scan_env2025_seed0-499_48352cd1,74,19,17,0,2
20260912_215351_529_traffic_scan_env2025_seed0-499_48352cd1,74,19,17,1,1
20260912_215351_529_traffic_scan_env2025_seed0-499_48352cd1,74,19,19,1,2
20260912_215351_529_traffic_scan_env2025_seed0-499_48352cd1,74,19,20,0,1
20260912_215351_529_traffic_scan_env2025_seed0-499_48352cd1,74,19,20,1,1
20260912_215351_529_traffic_scan_env2025_seed0-499_48352cd1,74,19,21,0,1
20260912_215351_529_traffic_scan_env2025_seed0-499_48352cd1,74,19,21,1,2
20260912_215351_529_traffic_scan_env2025_seed0-499_48352cd1,74,19,22,0,1
20260912_215351_529_traffic_scan_env2025_seed0-499_48352cd1,74,19,22,1,4
20260912_215351_529_traffic_scan_env2025_seed0-499_48352cd1,74,19,23,0,2
20260912_215351_529_traffic_scan_env2025_seed0-499_48352cd1,74,19,24,0,2
20260912_215351_529_traffic_scan_env2025_seed0-499_48352cd1,74,19,24,1,1
20260912_215351_529_traffic_scan_env2025_seed0-499_48352cd1,74,19,25,0,2
20260912_215351_529_traffic_scan_env2025_seed0-499_48352cd1,74,19,25,1,1
20260912_215351_529_traffic_scan_env2025_seed0-499_48352cd1,74,19,26,0,1
20260912_215351_529_traffic_scan_env2025_seed0-499_48352cd1,74,19,27,1,2
20260912_215351_529_traffic_scan_env2025_seed0-499_48352cd1,74,19,28,0,3
20260912_215351_529_traffic_scan_env2025_seed0-499_48352cd1,74,19,30,1,2
20260912_215351_529_traffic_scan_env2025_seed0-499_48352cd1,74,19,31,1,1
20260912_215351_529_traffic_scan_env2025_seed0-499_48352cd1,74,19,32,1,1
20260912_215351_529_traffic_scan_env2025_seed0-499_48352cd1,74,19,33,1,1
20260912_215351_529_traffic_scan_env2025_seed0-499_48352cd1,74,19,34,0,3
20260912_215351_529_traffic_scan_env2025_seed0-499_48352cd1,74,19,34,1,1
20260912_215351_529_traffic_scan_env2025_seed0-499_48352cd1,74,19,35,0,1
20260912_215351_529_traffic_scan_env2025_seed0-499_48352cd1,74,19,36,1,1
20260912_215351_529_traffic_scan_env2025_seed0-499_48352cd1,74,19,37,0,3
20260912_215351_529_traffic_scan_env2025_seed0-499_48352cd1,74,19,38,0,2
20260912_215351_529_traffic_scan_env2025_seed0-499_48352cd1,74,19,39,0,1
20260912_215351_529_traffic_scan_env2025_seed0-499_48352cd1,74,19,39,1,3
20260912_215351_529_traffic_scan_env2025_seed0-499_48352cd1,74,19,42,0,3
20260912_215351_529_traffic_scan_env2025_seed0-499_48352cd1,74,19,42,1,2
20260912_215351_529_traffic_scan_env2025_seed0-499_48352cd1,74,19,43,1,1
20260912_215351_529_traffic_scan_env2025_seed0-499_48352cd1,74,19,44,0,4
20260912_215351_529_traffic_scan_env2025_seed0-499_48352cd1,74,19,44,1,1
20260912_215351_529_traffic_scan_env2025_seed0-499_48352cd1,74,19,45,0,1
20260912_215351_529_traffic_scan_env2025_seed0-499_48352cd1,74,19,45,1,1
20260912_215351_529_traffic_scan_env2025_seed0-499_48352cd1,74,19,46,0,2
20260912_215351_529_traffic_scan_env2025_seed0-499_48352cd1,74,19,49,1,1
20260912_215351_529_traffic_scan_env2025_seed0-499_48352cd1,74,19,50,1,1
20260912_215351_529_traffic_scan_env2025_seed0-499_48352cd1,74,19,52,0,1
20260912_215351_529_traffic_scan_env2025_seed0-499_48352cd1,74,19,52,1,2
20260912_215351_529_traffic_scan_env2025_seed0-499_48352cd1,74,19,53,0,1
20260912_215351_529_traffic_scan_env2025_seed0-499_48352cd1,74,19,54,0,1
20260912_215351_529_traffic_scan_env2025_seed0-499_48352cd1,74,19,56,0,1
20260912_215351_529_traffic_scan_env2025_seed0-499_48352cd1,74,20,1,0,2
20260912_215351_529_traffic_scan_env2025_seed0-499_48352cd1,74,20,3,0,1
20260912_215351_529_traffic_scan_env2025_seed0-499_48352cd1,74,20,3,1,1
20260912_215351_529_traffic_scan_env2025_seed0-499_48352cd1,74,20,5,1,1
20260912_215351_529_traffic_scan_env2025_seed0-499_48352cd1,74,20,7,0,4
20260912_215351_529_traffic_scan_env2025_seed0-499_48352cd1,74,20,10,0,1
20260912_215351_529_traffic_scan_env2025_seed0-499_48352cd1,74,20,10,1,1
20260912_215351_529_traffic_scan_env2025_seed0-499_48352cd1,74,20,13,0,1
20260912_215351_529_traffic_scan_env2025_seed0-499_48352cd1,74,20,13,1,1
20260912_215351_529_traffic_scan_env2025_seed0-499_48352cd1,74,20,15,0,1
20260912_215351_529_traffic_scan_env2025_seed0-499_48352cd1,74,20,15,1,2
20260912_215351_529_traffic_scan_env2025_seed0-499_48352cd1,74,20,18,0,2
20260912_215351_529_traffic_scan_env2025_seed0-499_48352cd1,74,20,18,1,2
20260912_215351_529_traffic_scan_env2025_seed0-499_48352cd1,74,20,19,1,2
20260912_215351_529_traffic_scan_env2025_seed0-499_48352cd1,74,20,20,1,1
20260912_215351_529_traffic_scan_env2025_seed0-499_48352cd1,74,20,21,0,1
20260912_215351_529_traffic_scan_env2025_seed0-499_48352cd1,74,20,22,0,3
20260912_215351_529_traffic_scan_env2025_seed0-499_48352cd1,74,20,22,1,3
20260912_215351_529_traffic_scan_env2025_seed0-499_48352cd1,74,20,23,1,2
20260912_215351_529_traffic_scan_env2025_seed0-499_48352cd1,74,20,25,1,2
20260912_215351_529_traffic_scan_env2025_seed0-499_48352cd1,74,20,27,0,4
20260912_215351_529_traffic_scan_env2025_seed0-499_48352cd1,74,20,27,1,2
20260912_215351_529_traffic_scan_env2025_seed0-499_48352cd1,74,20,30,1,1
20260912_215351_529_traffic_scan_env2025_seed0-499_48352cd1,74,20,31,1,3
20260912_215351_529_traffic_scan_env2025_seed0-499_48352cd1,74,20,32,1,3
20260912_215351_529_traffic_scan_env2025_seed0-499_48352cd1,74,20,33,0,4
20260912_215351_529_traffic_scan_env2025_seed0-499_48352cd1,74,20,33,1,1
20260912_215351_529_traffic_scan_env2025_seed0-499_48352cd1,74,20,34,0,1
20260912_215351_529_traffic_scan_env2025_seed0-499_48352cd1,74,20,35,0,1
20260912_215351_529_traffic_scan_env2025_seed0-499_48352cd1,74,20,37,0,1
20260912_215351_529_traffic_scan_env2025_seed0-499_48352cd1,74,20,37,1,1
20260912_215351_529_traffic_scan_env2025_seed0-499_48352cd1,74,20,39,0,4
20260912_215351_529_traffic_scan_env2025_seed0-499_48352cd1,74,20,40,0,1
20260912_215351_529_traffic_scan_env2025_seed0-499_48352cd1,74,20,41,0,3
20260912_215351_529_traffic_scan_env2025_seed0-499_48352cd1,74,20,41,1,2
20260912_215351_529_traffic_scan_env2025_seed0-499_48352cd1,74,20,43,0,2
20260912_215351_529_traffic_scan_env2025_seed0-499_48352cd1,74,20,44,0,1
20260912_215351_529_traffic_scan_env2025_seed0-499_48352cd1,74,20,44,1,1
20260912_215351_529_traffic_scan_env2025_seed0-499_48352cd1,74,20,45,1,2
20260912_215351_529_traffic_scan_env2025_seed0-499_48352cd1,74,20,47,0,2
20260912_215351_529_traffic_scan_env2025_seed0-499_48352cd1,74,20,48,1,1
20260912_215351_529_traffic_scan_env2025_seed0-499_48352cd1,74,20,49,2,1
20260912_215351_529_traffic_scan_env2025_seed0-499_48352cd1,74,20,51,1,1
20260912_215351_529_traffic_scan_env2025_seed0-499_48352cd1,74,20,52,0,2
20260912_215351_529_traffic_scan_env2025_seed0-499_48352cd1,74,20,52,1,1
20260912_215351_529_traffic_scan_env2025_seed0-499_48352cd1,74,20,53,0,1
20260912_215351_529_traffic_scan_env2025_seed0-499_48352cd1,74,20,55,0,1
20260912_215351_529_traffic_scan_env2025_seed0-499_48352cd1,74,21,1,0,1
20260912_215351_529_traffic_scan_env2025_seed0-499_48352cd1,74,21,2,0,1
20260912_215351_529_traffic_scan_env2025_seed0-499_48352cd1,74,21,3,0,1
20260912_215351_529_traffic_scan_env2025_seed0-499_48352cd1,74,21,3,1,1
20260912_215351_529_traffic_scan_env2025_seed0-499_48352cd1,74,21,5,1,1
20260912_215351_529_traffic_scan_env2025_seed0-499_48352cd1,74,21,6,0,1
20260912_215351_529_traffic_scan_env2025_seed0-499_48352cd1,74,21,8,0,3
20260912_215351_529_traffic_scan_env2025_seed0-499_48352cd1,74,21,10,0,1
20260912_215351_529_traffic_scan_env2025_seed0-499_48352cd1,74,21,10,1,1
20260912_215351_529_traffic_scan_env2025_seed0-499_48352cd1,74,21,13,1,1
20260912_215351_529_traffic_scan_env2025_seed0-499_48352cd1,74,21,16,0,1
20260912_215351_529_traffic_scan_env2025_seed0-499_48352cd1,74,21,16,1,2
20260912_215351_529_traffic_scan_env2025_seed0-499_48352cd1,74,21,17,1,1
20260912_215351_529_traffic_scan_env2025_seed0-499_48352cd1,74,21,18,0,1
20260912_215351_529_traffic_scan_env2025_seed0-499_48352cd1,74,21,18,1,1
20260912_215351_529_traffic_scan_env2025_seed0-499_48352cd1,74,21,19,0,1
20260912_215351_529_traffic_scan_env2025_seed0-499_48352cd1,74,21,19,1,3
20260912_215351_529_traffic_scan_env2025_seed0-499_48352cd1,74,21,21,0,1
20260912_215351_529_traffic_scan_env2025_seed0-499_48352cd1,74,21,22,0,1
20260912_215351_529_traffic_scan_env2025_seed0-499_48352cd1,74,21,22,1,2
20260912_215351_529_traffic_scan_env2025_seed0-499_48352cd1,74,21,23,0,2
20260912_215351_529_traffic_scan_env2025_seed0-499_48352cd1,74,21,23,1,1
20260912_215351_529_traffic_scan_env2025_seed0-499_48352cd1,74,21,24,1,2
20260912_215351_529_traffic_scan_env2025_seed0-499_48352cd1,74,21,25,1,1
20260912_215351_529_traffic_scan_env2025_seed0-499_48352cd1,74,21,26,0,3
20260912_215351_529_traffic_scan_env2025_seed0-499_48352cd1,74,21,26,1,1
20260912_215351_529_traffic_scan_env2025_seed0-499_48352cd1,74,21,27,1,2
20260912_215351_529_traffic_scan_env2025_seed0-499_48352cd1,74,21,28,0,1
20260912_215351_529_traffic_scan_env2025_seed0-499_48352cd1,74,21,29,0,1
20260912_215351_529_traffic_scan_env2025_seed0-499_48352cd1,74,21,29,1,1
20260912_215351_529_traffic_scan_env2025_seed0-499_48352cd1,74,21,32,0,5
20260912_215351_529_traffic_scan_env2025_seed0-499_48352cd1,74,21,32,1,5
20260912_215351_529_traffic_scan_env2025_seed0-499_48352cd1,74,21,35,0,1
20260912_215351_529_traffic_scan_env2025_seed0-499_48352cd1,74,21,38,0,1
20260912_215351_529_traffic_scan_env2025_seed0-499_48352cd1,74,21,38,1,1
20260912_215351_529_traffic_scan_env2025_seed0-499_48352cd1,74,21,39,0,3
20260912_215351_529_traffic_scan_env2025_seed0-499_48352cd1,74,21,40,0,4
20260912_215351_529_traffic_scan_env2025_seed0-499_48352cd1,74,21,40,1,2
20260912_215351_529_traffic_scan_env2025_seed0-499_48352cd1,74,21,41,0,2
20260912_215351_529_traffic_scan_env2025_seed0-499_48352cd1,74,21,42,0,2
20260912_215351_529_traffic_scan_env2025_seed0-499_48352cd1,74,21,43,0,1
20260912_215351_529_traffic_scan_env2025_seed0-499_48352cd1,74,21,44,0,1
20260912_215351_529_traffic_scan_env2025_seed0-499_48352cd1,74,21,45,1,2
20260912_215351_529_traffic_scan_env2025_seed0-499_48352cd1,74,21,46,1,1
20260912_215351_529_traffic_scan_env2025_seed0-499_48352cd1,74,21,47,2,1
20260912_215351_529_traffic_scan_env2025_seed0-499_48352cd1,74,21,48,0,2
20260912_215351_529_traffic_scan_env2025_seed0-499_48352cd1,74,21,49,2,1
20260912_215351_529_traffic_scan_env2025_seed0-499_48352cd1,74,21,50,2,1
20260912_215351_529_traffic_scan_env2025_seed0-499_48352cd1,74,21,51,0,1
20260912_215351_529_traffic_scan_env2025_seed0-499_48352cd1,74,21,52,0,2
20260912_215351_529_traffic_scan_env2025_seed0-499_48352cd1,74,21,52,1,1
20260912_215351_529_traffic_scan_env2025_seed0-499_48352cd1,74,21,54,0,1
20260912_215351_529_traffic_scan_env2025_seed0-499_48352cd1,74,22,0,0,1
20260912_215351_529_traffic_scan_env2025_seed0-499_48352cd1,74,22,1,0,1
20260912_215351_529_traffic_scan_env2025_seed0-499_48352cd1,74,22,3,0,2
20260912_215351_529_traffic_scan_env2025_seed0-499_48352cd1,74,22,3,1,1
20260912_215351_529_traffic_scan_env2025_seed0-499_48352cd1,74,22,5,0,1
20260912_215351_529_traffic_scan_env2025_seed0-499_48352cd1,74,22,5,1,1
20260912_215351_529_traffic_scan_env2025_seed0-499_48352cd1,74,22,9,0,2
20260912_215351_529_traffic_scan_env2025_seed0-499_48352cd1,74,22,9,1,1
20260912_215351_529_traffic_scan_env2025_seed0-499_48352cd1,74,22,10,0,1
20260912_215351_529_traffic_scan_env2025_seed0-499_48352cd1,74,22,10,1,1
20260912_215351_529_traffic_scan_env2025_seed0-499_48352cd1,74,22,13,1,1
20260912_215351_529_traffic_scan_env2025_seed0-499_48352cd1,74,22,16,1,1
20260912_215351_529_traffic_scan_env2025_seed0-499_48352cd1,74,22,17,0,1
20260912_215351_529_traffic_scan_env2025_seed0-499_48352cd1,74,22,17,1,3
20260912_215351_529_traffic_scan_env2025_seed0-499_48352cd1,74,22,18,0,1
20260912_215351_529_traffic_scan_env2025_seed0-499_48352cd1,74,22,18,1,1
20260912_215351_529_traffic_scan_env2025_seed0-499_48352cd1,74,22,19,0,1
20260912_215351_529_traffic_scan_env2025_seed0-499_48352cd1,74,22,20,0,2
20260912_215351_529_traffic_scan_env2025_seed0-499_48352cd1,74,22,20,1,2
20260912_215351_529_traffic_scan_env2025_seed0-499_48352cd1,74,22,22,1,2
20260912_215351_529_traffic_scan_env2025_seed0-499_48352cd1,74,22,23,0,1
20260912_215351_529_traffic_scan_env2025_seed0-499_48352cd1,74,22,24,0,2
20260912_215351_529_traffic_scan_env2025_seed0-499_48352cd1,74,22,24,1,1
20260912_215351_529_traffic_scan_env2025_seed0-499_48352cd1,74,22,25,1,6
20260912_215351_529_traffic_scan_env2025_seed0-499_48352cd1,74,22,26,1,1
20260912_215351_529_traffic_scan_env2025_seed0-499_48352cd1,74,22,27,1,3
20260912_215351_529_traffic_scan_env2025_seed0-499_48352cd1,74,22,28,1,1
20260912_215351_529_traffic_scan_env2025_seed0-499_48352cd1,74,22,30,0,1
20260912_215351_529_traffic_scan_env2025_seed0-499_48352cd1,74,22,32,0,5
20260912_215351_529_traffic_scan_env2025_seed0-499_48352cd1,74,22,32,1,5
20260912_215351_529_traffic_scan_env2025_seed0-499_48352cd1,74,22,36,0,1
20260912_215351_529_traffic_scan_env2025_seed0-499_48352cd1,74,22,39,0,7
20260912_215351_529_traffic_scan_env2025_seed0-499_48352cd1,74,22,39,1,3
20260912_215351_529_traffic_scan_env2025_seed0-499_48352cd1,74,22,42,0,1
20260912_215351_529_traffic_scan_env2025_seed0-499_48352cd1,74,22,42,1,1
20260912_215351_529_traffic_scan_env2025_seed0-499_48352cd1,74,22,43,0,2
20260912_215351_529_traffic_scan_env2025_seed0-499_48352cd1,74,22,45,0,1
20260912_215351_529_traffic_scan_env2025_seed0-499_48352cd1,74,22,45,1,1
20260912_215351_529_traffic_scan_env2025_seed0-499_48352cd1,74,22,46,1,2
20260912_215351_529_traffic_scan_env2025_seed0-499_48352cd1,74,22,47,2,1
20260912_215351_529_traffic_scan_env2025_seed0-499_48352cd1,74,22,48,0,2
20260912_215351_529_traffic_scan_env2025_seed0-499_48352cd1,74,22,49,1,2
20260912_215351_529_traffic_scan_env2025_seed0-499_48352cd1,74,22,50,0,1
20260912_215351_529_traffic_scan_env2025_seed0-499_48352cd1,74,22,51,0,1
20260912_215351_529_traffic_scan_env2025_seed0-499_48352cd1,74,22,52,0,1
20260912_215351_529_traffic_scan_env2025_seed0-499_48352cd1,74,22,52,1,1
20260912_215351_529_traffic_scan_env2025_seed0-499_48352cd1,74,22,53,0,1
20260912_215351_529_traffic_scan_env2025_seed0-499_48352cd1,74,23,1,0,2
20260912_215351_529_traffic_scan_env2025_seed0-499_48352cd1,74,23,2,0,2
20260912_215351_529_traffic_scan_env2025_seed0-499_48352cd1,74,23,3,0,2
20260912_215351_529_traffic_scan_env2025_seed0-499_48352cd1,74,23,3,1,2
20260912_215351_529_traffic_scan_env2025_seed0-499_48352cd1,74,23,4,0,4
20260912_215351_529_traffic_scan_env2025_seed0-499_48352cd1,74,23,5,0,1
20260912_215351_529_traffic_scan_env2025_seed0-499_48352cd1,74,23,5,1,1
20260912_215351_529_traffic_scan_env2025_seed0-499_48352cd1,74,23,6,0,1
20260912_215351_529_traffic_scan_env2025_seed0-499_48352cd1,74,23,7,0,1
20260912_215351_529_traffic_scan_env2025_seed0-499_48352cd1,74,23,10,1,5
20260912_215351_529_traffic_scan_env2025_seed0-499_48352cd1,74,23,13,1,2
20260912_215351_529_traffic_scan_env2025_seed0-499_48352cd1,74,23,14,1,1
20260912_215351_529_traffic_scan_env2025_seed0-499_48352cd1,74,23,15,1,1
20260912_215351_529_traffic_scan_env2025_seed0-499_48352cd1,74,23,16,1,1
20260912_215351_529_traffic_scan_env2025_seed0-499_48352cd1,74,23,17,1,1
20260912_215351_529_traffic_scan_env2025_seed0-499_48352cd1,74,23,18,0,3
20260912_215351_529_traffic_scan_env2025_seed0-499_48352cd1,74,23,18,1,2
20260912_215351_529_traffic_scan_env2025_seed0-499_48352cd1,74,23,20,1,1
20260912_215351_529_traffic_scan_env2025_seed0-499_48352cd1,74,23,21,1,1
20260912_215351_529_traffic_scan_env2025_seed0-499_48352cd1,74,23,21,2,1
20260912_215351_529_traffic_scan_env2025_seed0-499_48352cd1,74,23,22,2,4
20260912_215351_529_traffic_scan_env2025_seed0-499_48352cd1,74,23,24,0,1
20260912_215351_529_traffic_scan_env2025_seed0-499_48352cd1,74,23,24,1,4
20260912_215351_529_traffic_scan_env2025_seed0-499_48352cd1,74,23,25,0,2
20260912_215351_529_traffic_scan_env2025_seed0-499_48352cd1,74,23,25,1,4
20260912_215351_529_traffic_scan_env2025_seed0-499_48352cd1,74,23,27,0,1
20260912_215351_529_traffic_scan_env2025_seed0-499_48352cd1,74,23,27,1,3
20260912_215351_529_traffic_scan_env2025_seed0-499_48352cd1,74,23,28,2,1
20260912_215351_529_traffic_scan_env2025_seed0-499_48352cd1,74,23,31,0,4
20260912_215351_529_traffic_scan_env2025_seed0-499_48352cd1,74,23,31,1,2
20260912_215351_529_traffic_scan_env2025_seed0-499_48352cd1,74,23,33,0,2
20260912_215351_529_traffic_scan_env2025_seed0-499_48352cd1,74,23,33,1,3
20260912_215351_529_traffic_scan_env2025_seed0-499_48352cd1,74,23,34,0,2
20260912_215351_529_traffic_scan_env2025_seed0-499_48352cd1,74,23,35,0,2
20260912_215351_529_traffic_scan_env2025_seed0-499_48352cd1,74,23,36,0,1
20260912_215351_529_traffic_scan_env2025_seed0-499_48352cd1,74,23,38,0,2
20260912_215351_529_traffic_scan_env2025_seed0-499_48352cd1,74,23,38,1,2
20260912_215351_529_traffic_scan_env2025_seed0-499_48352cd1,74,23,39,0,3
20260912_215351_529_traffic_scan_env2025_seed0-499_48352cd1,74,23,40,0,2
20260912_215351_529_traffic_scan_env2025_seed0-499_48352cd1,74,23,40,1,1
20260912_215351_529_traffic_scan_env2025_seed0-499_48352cd1,74,23,42,2,1
20260912_215351_529_traffic_scan_env2025_seed0-499_48352cd1,74,23,44,0,2
20260912_215351_529_traffic_scan_env2025_seed0-499_48352cd1,74,23,45,1,2
20260912_215351_529_traffic_scan_env2025_seed0-499_48352cd1,74,23,46,0,1
20260912_215351_529_traffic_scan_env2025_seed0-499_48352cd1,74,23,47,1,1
20260912_215351_529_traffic_scan_env2025_seed0-499_48352cd1,74,23,48,1,2
20260912_215351_529_traffic_scan_env2025_seed0-499_48352cd1,74,23,49,0,2
20260912_215351_529_traffic_scan_env2025_seed0-499_48352cd1,74,23,49,1,2
20260912_215351_529_traffic_scan_env2025_seed0-499_48352cd1,74,23,50,0,1
20260912_215351_529_traffic_scan_env2025_seed0-499_48352cd1,74,23,51,0,1
20260912_215351_529_traffic_scan_env2025_seed0-499_48352cd1,74,23,52,0,1
20260912_215351_529_traffic_scan_env2025_seed0-499_48352cd1,74,23,52,1,1
20260912_215351_529_traffic_scan_env2025_seed0-499_48352cd1,74,24,1,0,1
20260912_215351_529_traffic_scan_env2025_seed0-499_48352cd1,74,24,3,2,2
20260912_215351_529_traffic_scan_env2025_seed0-499_48352cd1,74,24,5,0,2
20260912_215351_529_traffic_scan_env2025_seed0-499_48352cd1,74,24,5,1,1
20260912_215351_529_traffic_scan_env2025_seed0-499_48352cd1,74,24,8,0,1
20260912_215351_529_traffic_scan_env2025_seed0-499_48352cd1,74,24,10,1,2
20260912_215351_529_traffic_scan_env2025_seed0-499_48352cd1,74,24,11,0,1
20260912_215351_529_traffic_scan_env2025_seed0-499_48352cd1,74,24,11,1,2
20260912_215351_529_traffic_scan_env2025_seed0-499_48352cd1,74,24,12,1,1
20260912_215351_529_traffic_scan_env2025_seed0-499_48352cd1,74,24,13,1,1
20260912_215351_529_traffic_scan_env2025_seed0-499_48352cd1,74,24,15,1,1
20260912_215351_529_traffic_scan_env2025_seed0-499_48352cd1,74,24,17,0,1
20260912_215351_529_traffic_scan_env2025_seed0-499_48352cd1,74,24,17,1,1
20260912_215351_529_traffic_scan_env2025_seed0-499_48352cd1,74,24,18,0,1
20260912_215351_529_traffic_scan_env2025_seed0-499_48352cd1,74,24,19,0,1
20260912_215351_529_traffic_scan_env2025_seed0-499_48352cd1,74,24,19,1,2
20260912_215351_529_traffic_scan_env2025_seed0-499_48352cd1,74,24,20,2,1
20260912_215351_529_traffic_scan_env2025_seed0-499_48352cd1,74,24,21,3,1
20260912_215351_529_traffic_scan_env2025_seed0-499_48352cd1,74,24,22,3,3
20260912_215351_529_traffic_scan_env2025_seed0-499_48352cd1,74,24,23,1,6
20260912_215351_529_traffic_scan_env2025_seed0-499_48352cd1,74,24,26,1,8
20260912_215351_529_traffic_scan_env2025_seed0-499_48352cd1,74,24,27,0,1
20260912_215351_529_traffic_scan_env2025_seed0-499_48352cd1,74,24,28,1,1
20260912_215351_529_traffic_scan_env2025_seed0-499_48352cd1,74,24,29,1,1
20260912_215351_529_traffic_scan_env2025_seed0-499_48352cd1,74,24,30,0,3
20260912_215351_529_traffic_scan_env2025_seed0-499_48352cd1,74,24,30,1,2
20260912_215351_529_traffic_scan_env2025_seed0-499_48352cd1,74,24,33,1,1
20260912_215351_529_traffic_scan_env2025_seed0-499_48352cd1,74,24,34,1,2
20260912_215351_529_traffic_scan_env2025_seed0-499_48352cd1,74,24,36,0,3
20260912_215351_529_traffic_scan_env2025_seed0-499_48352cd1,74,24,37,0,2
20260912_215351_529_traffic_scan_env2025_seed0-499_48352cd1,74,24,37,1,2
20260912_215351_529_traffic_scan_env2025_seed0-499_48352cd1,74,24,39,0,3
20260912_215351_529_traffic_scan_env2025_seed0-499_48352cd1,74,24,41,0,2
20260912_215351_529_traffic_scan_env2025_seed0-499_48352cd1,74,24,41,1,2
20260912_215351_529_traffic_scan_env2025_seed0-499_48352cd1,74,24,44,0,1
20260912_215351_529_traffic_scan_env2025_seed0-499_48352cd1,74,24,44,1,1
20260912_215351_529_traffic_scan_env2025_seed0-499_48352cd1,74,24,45,0,1
20260912_215351_529_traffic_scan_env2025_seed0-499_48352cd1,74,24,45,1,1
20260912_215351_529_traffic_scan_env2025_seed0-499_48352cd1,74,24,47,0,1
20260912_215351_529_traffic_scan_env2025_seed0-499_48352cd1,74,24,47,1,1
20260912_215351_529_traffic_scan_env2025_seed0-499_48352cd1,74,24,48,0,1
20260912_215351_529_traffic_scan_env2025_seed0-499_48352cd1,74,24,48,1,1
20260912_215351_529_traffic_scan_env2025_seed0-499_48352cd1,74,24,49,0,1
20260912_215351_529_traffic_scan_env2025_seed0-499_48352cd1,74,24,49,1,2
20260912_215351_529_traffic_scan_env2025_seed0-499_48352cd1,74,24,50,0,2
20260912_215351_529_traffic_scan_env2025_seed0-499_48352cd1,74,24,51,0,3
20260912_215351_529_traffic_scan_env2025_seed0-499_48352cd1,74,24,52,0,1
20260912_215351_529_traffic_scan_env2025_seed0-499_48352cd1,74,24,52,1,1
20260912_215351_529_traffic_scan_env2025_seed0-499_48352cd1,74,24,53,0,1
20260912_215351_529_traffic_scan_env2025_seed0-499_48352cd1,74,24,54,0,1
20260912_215351_529_traffic_scan_env2025_seed0-499_48352cd1,74,24,55,0,1
20260912_215351_529_traffic_scan_env2025_seed0-499_48352cd1,74,24,56,0,1
20260912_215351_529_traffic_scan_env2025_seed0-499_48352cd1,74,25,1,0,1
20260912_215351_529_traffic_scan_env2025_seed0-499_48352cd1,74,25,3,2,2
20260912_215351_529_traffic_scan_env2025_seed0-499_48352cd1,74,25,5,1,1
20260912_215351_529_traffic_scan_env2025_seed0-499_48352cd1,74,25,6,0,2
20260912_215351_529_traffic_scan_env2025_seed0-499_48352cd1,74,25,9,1,1
20260912_215351_529_traffic_scan_env2025_seed0-499_48352cd1,74,25,10,2,2
20260912_215351_529_traffic_scan_env2025_seed0-499_48352cd1,74,25,11,2,1
20260912_215351_529_traffic_scan_env2025_seed0-499_48352cd1,74,25,12,1,3
20260912_215351_529_traffic_scan_env2025_seed0-499_48352cd1,74,25,13,1,1
20260912_215351_529_traffic_scan_env2025_seed0-499_48352cd1,74,25,15,1,1
20260912_215351_529_traffic_scan_env2025_seed0-499_48352cd1,74,25,16,0,1
20260912_215351_529_traffic_scan_env2025_seed0-499_48352cd1,74,25,16,1,1
20260912_215351_529_traffic_scan_env2025_seed0-499_48352cd1,74,25,19,0,2
20260912_215351_529_traffic_scan_env2025_seed0-499_48352cd1,74,25,20,2,4
20260912_215351_529_traffic_scan_env2025_seed0-499_48352cd1,74,25,22,3,2
20260912_215351_529_traffic_scan_env2025_seed0-499_48352cd1,74,25,23,2,6
20260912_215351_529_traffic_scan_env2025_seed0-499_48352cd1,74,25,26,0,2
20260912_215351_529_traffic_scan_env2025_seed0-499_48352cd1,74,25,26,1,3
20260912_215351_529_traffic_scan_env2025_seed0-499_48352cd1,74,25,27,1,1
20260912_215351_529_traffic_scan_env2025_seed0-499_48352cd1,74,25,28,0,1
20260912_215351_529_traffic_scan_env2025_seed0-499_48352cd1,74,25,29,0,3
20260912_215351_529_traffic_scan_env2025_seed0-499_48352cd1,74,25,29,1,3
20260912_215351_529_traffic_scan_env2025_seed0-499_48352cd1,74,25,30,1,1
20260912_215351_529_traffic_scan_env2025_seed0-499_48352cd1,74,25,33,1,1
20260912_215351_529_traffic_scan_env2025_seed0-499_48352cd1,74,25,35,1,2
20260912_215351_529_traffic_scan_env2025_seed0-499_48352cd1,74,25,36,0,3
20260912_215351_529_traffic_scan_env2025_seed0-499_48352cd1,74,25,36,1,2
20260912_215351_529_traffic_scan_env2025_seed0-499_48352cd1,74,25,37,0,2
20260912_215351_529_traffic_scan_env2025_seed0-499_48352cd1,74,25,39,0,3
20260912_215351_529_traffic_scan_env2025_seed0-499_48352cd1,74,25,40,1,1
20260912_215351_529_traffic_scan_env2025_seed0-499_48352cd1,74,25,42,0,2
20260912_215351_529_traffic_scan_env2025_seed0-499_48352cd1,74,25,42,1,1
20260912_215351_529_traffic_scan_env2025_seed0-499_48352cd1,74,25,43,1,1
20260912_215351_529_traffic_scan_env2025_seed0-499_48352cd1,74,25,45,0,1
20260912_215351_529_traffic_scan_env2025_seed0-499_48352cd1,74,25,45,1,1
20260912_215351_529_traffic_scan_env2025_seed0-499_48352cd1,74,25,46,0,1
20260912_215351_529_traffic_scan_env2025_seed0-499_48352cd1,74,25,46,1,1
20260912_215351_529_traffic_scan_env2025_seed0-499_48352cd1,74,25,47,1,1
20260912_215351_529_traffic_scan_env2025_seed0-499_48352cd1,74,25,48,0,2
20260912_215351_529_traffic_scan_env2025_seed0-499_48352cd1,74,25,49,0,1
20260912_215351_529_traffic_scan_env2025_seed0-499_48352cd1,74,25,49,1,1
20260912_215351_529_traffic_scan_env2025_seed0-499_48352cd1,74,25,50,0,3
20260912_215351_529_traffic_scan_env2025_seed0-499_48352cd1,74,25,50,1,1
20260912_215351_529_traffic_scan_env2025_seed0-499_48352cd1,74,25,51,0,2
20260912_215351_529_traffic_scan_env2025_seed0-499_48352cd1,74,25,52,2,1
20260912_215351_529_traffic_scan_env2025_seed0-499_48352cd1,74,25,59,0,1
20260912_215351_529_traffic_scan_env2025_seed0-499_48352cd1,74,26,1,0,1
20260912_215351_529_traffic_scan_env2025_seed0-499_48352cd1,74,26,3,2,2
20260912_215351_529_traffic_scan_env2025_seed0-499_48352cd1,74,26,5,1,1
20260912_215351_529_traffic_scan_env2025_seed0-499_48352cd1,74,26,7,0,1
20260912_215351_529_traffic_scan_env2025_seed0-499_48352cd1,74,26,7,1,1
20260912_215351_529_traffic_scan_env2025_seed0-499_48352cd1,74,26,10,2,4
20260912_215351_529_traffic_scan_env2025_seed0-499_48352cd1,74,26,13,1,4
20260912_215351_529_traffic_scan_env2025_seed0-499_48352cd1,74,26,15,0,1
20260912_215351_529_traffic_scan_env2025_seed0-499_48352cd1,74,26,15,1,3
20260912_215351_529_traffic_scan_env2025_seed0-499_48352cd1,74,26,16,1,1
20260912_215351_529_traffic_scan_env2025_seed0-499_48352cd1,74,26,17,1,1
20260912_215351_529_traffic_scan_env2025_seed0-499_48352cd1,74,26,18,1,1
20260912_215351_529_traffic_scan_env2025_seed0-499_48352cd1,74,26,19,1,1
20260912_215351_529_traffic_scan_env2025_seed0-499_48352cd1,74,26,20,0,2
20260912_215351_529_traffic_scan_env2025_seed0-499_48352cd1,74,26,20,1,1
20260912_215351_529_traffic_scan_env2025_seed0-499_48352cd1,74,26,21,0,1
20260912_215351_529_traffic_scan_env2025_seed0-499_48352cd1,74,26,21,1,2
20260912_215351_529_traffic_scan_env2025_seed0-499_48352cd1,74,26,22,0,1
20260912_215351_529_traffic_scan_env2025_seed0-499_48352cd1,74,26,22,1,2
20260912_215351_529_traffic_scan_env2025_seed0-499_48352cd1,74,26,22,2,2
20260912_215351_529_traffic_scan_env2025_seed0-499_48352cd1,74,26,24,2,4
20260912_215351_529_traffic_scan_env2025_seed0-499_48352cd1,74,26,25,0,2
20260912_215351_529_traffic_scan_env2025_seed0-499_48352cd1,74,26,25,1,2
20260912_215351_529_traffic_scan_env2025_seed0-499_48352cd1,74,26,26,1,2
20260912_215351_529_traffic_scan_env2025_seed0-499_48352cd1,74,26,28,0,3
20260912_215351_529_traffic_scan_env2025_seed0-499_48352cd1,74,26,28,1,3
20260912_215351_529_traffic_scan_env2025_seed0-499_48352cd1,74,26,29,0,1
20260912_215351_529_traffic_scan_env2025_seed0-499_48352cd1,74,26,30,1,1
20260912_215351_529_traffic_scan_env2025_seed0-499_48352cd1,74,26,31,1,1
20260912_215351_529_traffic_scan_env2025_seed0-499_48352cd1,74,26,33,1,1
20260912_215351_529_traffic_scan_env2025_seed0-499_48352cd1,74,26,35,0,2
20260912_215351_529_traffic_scan_env2025_seed0-499_48352cd1,74,26,35,1,2
20260912_215351_529_traffic_scan_env2025_seed0-499_48352cd1,74,26,36,0,1
20260912_215351_529_traffic_scan_env2025_seed0-499_48352cd1,74,26,36,1,2
20260912_215351_529_traffic_scan_env2025_seed0-499_48352cd1,74,26,38,0,2
20260912_215351_529_traffic_scan_env2025_seed0-499_48352cd1,74,26,39,0,3
20260912_215351_529_traffic_scan_env2025_seed0-499_48352cd1,74,26,39,1,1
20260912_215351_529_traffic_scan_env2025_seed0-499_48352cd1,74,26,41,0,1
20260912_215351_529_traffic_scan_env2025_seed0-499_48352cd1,74,26,42,1,1
20260912_215351_529_traffic_scan_env2025_seed0-499_48352cd1,74,26,43,0,1
20260912_215351_529_traffic_scan_env2025_seed0-499_48352cd1,74,26,43,1,1
20260912_215351_529_traffic_scan_env2025_seed0-499_48352cd1,74,26,45,1,2
20260912_215351_529_traffic_scan_env2025_seed0-499_48352cd1,74,26,46,0,2
20260912_215351_529_traffic_scan_env2025_seed0-499_48352cd1,74,26,46,1,1
20260912_215351_529_traffic_scan_env2025_seed0-499_48352cd1,74,26,47,0,2
20260912_215351_529_traffic_scan_env2025_seed0-499_48352cd1,74,26,49,0,4
20260912_215351_529_traffic_scan_env2025_seed0-499_48352cd1,74,26,49,1,1
20260912_215351_529_traffic_scan_env2025_seed0-499_48352cd1,74,26,50,0,1
20260912_215351_529_traffic_scan_env2025_seed0-499_48352cd1,74,26,51,1,1
20260912_215351_529_traffic_scan_env2025_seed0-499_48352cd1,74,26,52,0,2
20260912_215351_529_traffic_scan_env2025_seed0-499_48352cd1,74,26,52,1,1
20260912_215351_529_traffic_scan_env2025_seed0-499_48352cd1,74,26,53,0,2
20260912_215351_529_traffic_scan_env2025_seed0-499_48352cd1,74,26,56,0,1
20260912_215351_529_traffic_scan_env2025_seed0-499_48352cd1,74,26,57,0,1
20260912_215351_529_traffic_scan_env2025_seed0-499_48352cd1,74,26,58,0,1
20260912_215351_529_traffic_scan_env2025_seed0-499_48352cd1,74,27,1,0,2
20260912_215351_529_traffic_scan_env2025_seed0-499_48352cd1,74,27,2,0,1
20260912_215351_529_traffic_scan_env2025_seed0-499_48352cd1,74,27,3,0,1
20260912_215351_529_traffic_scan_env2025_seed0-499_48352cd1,74,27,3,1,2
20260912_215351_529_traffic_scan_env2025_seed0-499_48352cd1,74,27,4,0,1
20260912_215351_529_traffic_scan_env2025_seed0-499_48352cd1,74,27,5,0,1
20260912_215351_529_traffic_scan_env2025_seed0-499_48352cd1,74,27,5,1,1
20260912_215351_529_traffic_scan_env2025_seed0-499_48352cd1,74,27,6,0,1
20260912_215351_529_traffic_scan_env2025_seed0-499_48352cd1,74,27,7,0,1
20260912_215351_529_traffic_scan_env2025_seed0-499_48352cd1,74,27,8,0,1
20260912_215351_529_traffic_scan_env2025_seed0-499_48352cd1,74,27,8,1,2
20260912_215351_529_traffic_scan_env2025_seed0-499_48352cd1,74,27,9,0,1
20260912_215351_529_traffic_scan_env2025_seed0-499_48352cd1,74,27,9,1,2
20260912_215351_529_traffic_scan_env2025_seed0-499_48352cd1,74,27,10,1,3
20260912_215351_529_traffic_scan_env2025_seed0-499_48352cd1,74,27,11,1,2
20260912_215351_529_traffic_scan_env2025_seed0-499_48352cd1,74,27,12,2,1
20260912_215351_529_traffic_scan_env2025_seed0-499_48352cd1,74,27,13,0,1
20260912_215351_529_traffic_scan_env2025_seed0-499_48352cd1,74,27,13,1,1
20260912_215351_529_traffic_scan_env2025_seed0-499_48352cd1,74,27,14,0,1
20260912_215351_529_traffic_scan_env2025_seed0-499_48352cd1,74,27,14,1,6
20260912_215351_529_traffic_scan_env2025_seed0-499_48352cd1,74,27,15,1,3
20260912_215351_529_traffic_scan_env2025_seed0-499_48352cd1,74,27,20,1,1
20260912_215351_529_traffic_scan_env2025_seed0-499_48352cd1,74,27,21,0,1
20260912_215351_529_traffic_scan_env2025_seed0-499_48352cd1,74,27,21,1,2
20260912_215351_529_traffic_scan_env2025_seed0-499_48352cd1,74,27,22,1,4
20260912_215351_529_traffic_scan_env2025_seed0-499_48352cd1,74,27,23,0,1
20260912_215351_529_traffic_scan_env2025_seed0-499_48352cd1,74,27,23,1,1
20260912_215351_529_traffic_scan_env2025_seed0-499_48352cd1,74,27,24,0,1
20260912_215351_529_traffic_scan_env2025_seed0-499_48352cd1,74,27,25,1,3
20260912_215351_529_traffic_scan_env2025_seed0-499_48352cd1,74,27,26,1,5
20260912_215351_529_traffic_scan_env2025_seed0-499_48352cd1,74,27,27,0,3
20260912_215351_529_traffic_scan_env2025_seed0-499_48352cd1,74,27,27,1,2
20260912_215351_529_traffic_scan_env2025_seed0-499_48352cd1,74,27,29,1,1
20260912_215351_529_traffic_scan_env2025_seed0-499_48352cd1,74,27,30,0,1
20260912_215351_529_traffic_scan_env2025_seed0-499_48352cd1,74,27,31,1,1
20260912_215351_529_traffic_scan_env2025_seed0-499_48352cd1,74,27,32,1,1
20260912_215351_529_traffic_scan_env2025_seed0-499_48352cd1,74,27,33,1,1
20260912_215351_529_traffic_scan_env2025_seed0-499_48352cd1,74,27,34,0,2
20260912_215351_529_traffic_scan_env2025_seed0-499_48352cd1,74,27,34,1,2
20260912_215351_529_traffic_scan_env2025_seed0-499_48352cd1,74,27,36,0,1
20260912_215351_529_traffic_scan_env2025_seed0-499_48352cd1,74,27,37,1,2
20260912_215351_529_traffic_scan_env2025_seed0-499_48352cd1,74,27,38,1,1
20260912_215351_529_traffic_scan_env2025_seed0-499_48352cd1,74,27,39,0,5
20260912_215351_529_traffic_scan_env2025_seed0-499_48352cd1,74,27,40,0,1
20260912_215351_529_traffic_scan_env2025_seed0-499_48352cd1,74,27,41,2,1
20260912_215351_529_traffic_scan_env2025_seed0-499_48352cd1,74,27,44,1,3
20260912_215351_529_traffic_scan_env2025_seed0-499_48352cd1,74,27,45,0,1
20260912_215351_529_traffic_scan_env2025_seed0-499_48352cd1,74,27,45,1,2
20260912_215351_529_traffic_scan_env2025_seed0-499_48352cd1,74,27,47,0,1
20260912_215351_529_traffic_scan_env2025_seed0-499_48352cd1,74,27,48,0,4
20260912_215351_529_traffic_scan_env2025_seed0-499_48352cd1,74,27,48,1,1
20260912_215351_529_traffic_scan_env2025_seed0-499_48352cd1,74,27,50,0,1
20260912_215351_529_traffic_scan_env2025_seed0-499_48352cd1,74,27,52,1,2
20260912_215351_529_traffic_scan_env2025_seed0-499_48352cd1,74,27,54,0,2
20260912_215351_529_traffic_scan_env2025_seed0-499_48352cd1,74,27,55,0,1
20260912_215351_529_traffic_scan_env2025_seed0-499_48352cd1,74,28,1,0,2
20260912_215351_529_traffic_scan_env2025_seed0-499_48352cd1,74,28,3,1,2
20260912_215351_529_traffic_scan_env2025_seed0-499_48352cd1,74,28,5,1,1
20260912_215351_529_traffic_scan_env2025_seed0-499_48352cd1,74,28,8,2,1
20260912_215351_529_traffic_scan_env2025_seed0-499_48352cd1,74,28,9,2,1
20260912_215351_529_traffic_scan_env2025_seed0-499_48352cd1,74,28,10,0,1
20260912_215351_529_traffic_scan_env2025_seed0-499_48352cd1,74,28,10,1,2
20260912_215351_529_traffic_scan_env2025_seed0-499_48352cd1,74,28,11,0,1
20260912_215351_529_traffic_scan_env2025_seed0-499_48352cd1,74,28,12,0,2
20260912_215351_529_traffic_scan_env2025_seed0-499_48352cd1,74,28,12,2,1
20260912_215351_529_traffic_scan_env2025_seed0-499_48352cd1,74,28,13,0,1
20260912_215351_529_traffic_scan_env2025_seed0-499_48352cd1,74,28,13,1,1
20260912_215351_529_traffic_scan_env2025_seed0-499_48352cd1,74,28,14,1,1
20260912_215351_529_traffic_scan_env2025_seed0-499_48352cd1,74,28,15,1,2
20260912_215351_529_traffic_scan_env2025_seed0-499_48352cd1,74,28,16,1,2
20260912_215351_529_traffic_scan_env2025_seed0-499_48352cd1,74,28,19,1,1
20260912_215351_529_traffic_scan_env2025_seed0-499_48352cd1,74,28,20,1,1
20260912_215351_529_traffic_scan_env2025_seed0-499_48352cd1,74,28,21,1,1
20260912_215351_529_traffic_scan_env2025_seed0-499_48352cd1,74,28,22,0,1
20260912_215351_529_traffic_scan_env2025_seed0-499_48352cd1,74,28,22,1,3
20260912_215351_529_traffic_scan_env2025_seed0-499_48352cd1,74,28,23,1,2
20260912_215351_529_traffic_scan_env2025_seed0-499_48352cd1,74,28,25,0,1
20260912_215351_529_traffic_scan_env2025_seed0-499_48352cd1,74,28,25,1,1
20260912_215351_529_traffic_scan_env2025_seed0-499_48352cd1,74,28,26,0,4
20260912_215351_529_traffic_scan_env2025_seed0-499_48352cd1,74,28,26,1,4
20260912_215351_529_traffic_scan_env2025_seed0-499_48352cd1,74,28,27,1,4
20260912_215351_529_traffic_scan_env2025_seed0-499_48352cd1,74,28,30,1,1
20260912_215351_529_traffic_scan_env2025_seed0-499_48352cd1,74,28,31,0,1
20260912_215351_529_traffic_scan_env2025_seed0-499_48352cd1,74,28,32,1,1
20260912_215351_529_traffic_scan_env2025_seed0-499_48352cd1,74,28,33,0,2
20260912_215351_529_traffic_scan_env2025_seed0-499_48352cd1,74,28,33,1,4
20260912_215351_529_traffic_scan_env2025_seed0-499_48352cd1,74,28,36,0,1
20260912_215351_529_traffic_scan_env2025_seed0-499_48352cd1,74,28,37,1,1
20260912_215351_529_traffic_scan_env2025_seed0-499_48352cd1,74,28,38,1,2
20260912_215351_529_traffic_scan_env2025_seed0-499_48352cd1,74,28,39,0,3
20260912_215351_529_traffic_scan_env2025_seed0-499_48352cd1,74,28,40,0,3
20260912_215351_529_traffic_scan_env2025_seed0-499_48352cd1,74,28,40,1,1
20260912_215351_529_traffic_scan_env2025_seed0-499_48352cd1,74,28,43,0,3
20260912_215351_529_traffic_scan_env2025_seed0-499_48352cd1,74,28,44,0,1
20260912_215351_529_traffic_scan_env2025_seed0-499_48352cd1,74,28,44,1,1
20260912_215351_529_traffic_scan_env2025_seed0-499_48352cd1,74,28,45,0,1
20260912_215351_529_traffic_scan_env2025_seed0-499_48352cd1,74,28,45,1,2
20260912_215351_529_traffic_scan_env2025_seed0-499_48352cd1,74,28,47,0,5
20260912_215351_529_traffic_scan_env2025_seed0-499_48352cd1,74,28,47,1,1
20260912_215351_529_traffic_scan_env2025_seed0-499_48352cd1,74,28,48,0,1
20260912_215351_529_traffic_scan_env2025_seed0-499_48352cd1,74,28,49,0,2
20260912_215351_529_traffic_scan_env2025_seed0-499_48352cd1,74,28,50,0,1
20260912_215351_529_traffic_scan_env2025_seed0-499_48352cd1,74,28,51,0,2
20260912_215351_529_traffic_scan_env2025_seed0-499_48352cd1,74,28,52,0,1
20260912_215351_529_traffic_scan_env2025_seed0-499_48352cd1,74,28,52,1,1
20260912_215351_529_traffic_scan_env2025_seed0-499_48352cd1,74,28,53,0,1
20260912_215351_529_traffic_scan_env2025_seed0-499_48352cd1,74,28,53,1,1
20260912_215351_529_traffic_scan_env2025_seed0-499_48352cd1,74,28,54,0,1
20260912_215351_529_traffic_scan_env2025_seed0-499_48352cd1,74,28,55,0,2
20260912_215351_529_traffic_scan_env2025_seed0-499_48352cd1,74,29,1,0,2
20260912_215351_529_traffic_scan_env2025_seed0-499_48352cd1,74,29,2,0,1
20260912_215351_529_traffic_scan_env2025_seed0-499_48352cd1,74,29,3,1,2
20260912_215351_529_traffic_scan_env2025_seed0-499_48352cd1,74,29,4,0,1
20260912_215351_529_traffic_scan_env2025_seed0-499_48352cd1,74,29,5,1,1
20260912_215351_529_traffic_scan_env2025_seed0-499_48352cd1,74,29,7,1,1
20260912_215351_529_traffic_scan_env2025_seed0-499_48352cd1,74,29,10,0,1
20260912_215351_529_traffic_scan_env2025_seed0-499_48352cd1,74,29,10,1,3
20260912_215351_529_traffic_scan_env2025_seed0-499_48352cd1,74,29,11,0,1
20260912_215351_529_traffic_scan_env2025_seed0-499_48352cd1,74,29,13,3,1
20260912_215351_529_traffic_scan_env2025_seed0-499_48352cd1,74,29,14,0,1
20260912_215351_529_traffic_scan_env2025_seed0-499_48352cd1,74,29,14,1,2
20260912_215351_529_traffic_scan_env2025_seed0-499_48352cd1,74,29,15,1,1
20260912_215351_529_traffic_scan_env2025_seed0-499_48352cd1,74,29,16,1,1
20260912_215351_529_traffic_scan_env2025_seed0-499_48352cd1,74,29,17,1,2
20260912_215351_529_traffic_scan_env2025_seed0-499_48352cd1,74,29,18,0,2
20260912_215351_529_traffic_scan_env2025_seed0-499_48352cd1,74,29,19,1,2
20260912_215351_529_traffic_scan_env2025_seed0-499_48352cd1,74,29,21,1,3
20260912_215351_529_traffic_scan_env2025_seed0-499_48352cd1,74,29,22,1,3
20260912_215351_529_traffic_scan_env2025_seed0-499_48352cd1,74,29,23,0,1
20260912_215351_529_traffic_scan_env2025_seed0-499_48352cd1,74,29,23,1,1
20260912_215351_529_traffic_scan_env2025_seed0-499_48352cd1,74,29,24,1,3
20260912_215351_529_traffic_scan_env2025_seed0-499_48352cd1,74,29,25,0,4
20260912_215351_529_traffic_scan_env2025_seed0-499_48352cd1,74,29,25,1,3
20260912_215351_529_traffic_scan_env2025_seed0-499_48352cd1,74,29,26,0,1
20260912_215351_529_traffic_scan_env2025_seed0-499_48352cd1,74,29,26,1,2
20260912_215351_529_traffic_scan_env2025_seed0-499_48352cd1,74,29,27,2,4
20260912_215351_529_traffic_scan_env2025_seed0-499_48352cd1,74,29,28,1,4
20260912_215351_529_traffic_scan_env2025_seed0-499_48352cd1,74,29,31,1,1
20260912_215351_529_traffic_scan_env2025_seed0-499_48352cd1,74,29,32,0,2
20260912_215351_529_traffic_scan_env2025_seed0-499_48352cd1,74,29,32,1,2
20260912_215351_529_traffic_scan_env2025_seed0-499_48352cd1,74,29,33,0,1
20260912_215351_529_traffic_scan_env2025_seed0-499_48352cd1,74,29,33,1,2
20260912_215351_529_traffic_scan_env2025_seed0-499_48352cd1,74,29,34,2,1
20260912_215351_529_traffic_scan_env2025_seed0-499_48352cd1,74,29,36,0,1
20260912_215351_529_traffic_scan_env2025_seed0-499_48352cd1,74,29,36,1,1
20260912_215351_529_traffic_scan_env2025_seed0-499_48352cd1,74,29,39,0,4
20260912_215351_529_traffic_scan_env2025_seed0-499_48352cd1,74,29,39,1,3
20260912_215351_529_traffic_scan_env2025_seed0-499_48352cd1,74,29,40,0,1
20260912_215351_529_traffic_scan_env2025_seed0-499_48352cd1,74,29,41,0,3
20260912_215351_529_traffic_scan_env2025_seed0-499_48352cd1,74,29,42,0,3
20260912_215351_529_traffic_scan_env2025_seed0-499_48352cd1,74,29,43,2,1
20260912_215351_529_traffic_scan_env2025_seed0-499_48352cd1,74,29,44,0,2
20260912_215351_529_traffic_scan_env2025_seed0-499_48352cd1,74,29,45,0,2
20260912_215351_529_traffic_scan_env2025_seed0-499_48352cd1,74,29,45,1,1
20260912_215351_529_traffic_scan_env2025_seed0-499_48352cd1,74,29,46,0,6
20260912_215351_529_traffic_scan_env2025_seed0-499_48352cd1,74,29,46,1,2
20260912_215351_529_traffic_scan_env2025_seed0-499_48352cd1,74,29,47,0,3
20260912_215351_529_traffic_scan_env2025_seed0-499_48352cd1,74,29,48,0,1
20260912_215351_529_traffic_scan_env2025_seed0-499_48352cd1,74,29,50,0,1
20260912_215351_529_traffic_scan_env2025_seed0-499_48352cd1,74,29,52,0,1
20260912_215351_529_traffic_scan_env2025_seed0-499_48352cd1,74,29,52,1,1
20260912_215351_529_traffic_scan_env2025_seed0-499_48352cd1,74,29,54,2,1
20260912_215351_529_traffic_scan_env2025_seed0-499_48352cd1,74,29,56,0,2
20260912_215351_529_traffic_scan_env2025_seed0-499_48352cd1,74,30,0,0,1
20260912_215351_529_traffic_scan_env2025_seed0-499_48352cd1,74,30,1,0,2
20260912_215351_529_traffic_scan_env2025_seed0-499_48352cd1,74,30,2,0,2
20260912_215351_529_traffic_scan_env2025_seed0-499_48352cd1,74,30,3,0,3
20260912_215351_529_traffic_scan_env2025_seed0-499_48352cd1,74,30,3,1,2
20260912_215351_529_traffic_scan_env2025_seed0-499_48352cd1,74,30,5,0,1
20260912_215351_529_traffic_scan_env2025_seed0-499_48352cd1,74,30,5,1,1
20260912_215351_529_traffic_scan_env2025_seed0-499_48352cd1,74,30,6,0,1
20260912_215351_529_traffic_scan_env2025_seed0-499_48352cd1,74,30,6,1,1
20260912_215351_529_traffic_scan_env2025_seed0-499_48352cd1,74,30,7,0,1
20260912_215351_529_traffic_scan_env2025_seed0-499_48352cd1,74,30,9,0,1
20260912_215351_529_traffic_scan_env2025_seed0-499_48352cd1,74,30,10,1,2
20260912_215351_529_traffic_scan_env2025_seed0-499_48352cd1,74,30,11,1,1
20260912_215351_529_traffic_scan_env2025_seed0-499_48352cd1,74,30,14,2,3
20260912_215351_529_traffic_scan_env2025_seed0-499_48352cd1,74,30,15,0,1
20260912_215351_529_traffic_scan_env2025_seed0-499_48352cd1,74,30,15,1,1
20260912_215351_529_traffic_scan_env2025_seed0-499_48352cd1,74,30,17,1,1
20260912_215351_529_traffic_scan_env2025_seed0-499_48352cd1,74,30,18,1,1
20260912_215351_529_traffic_scan_env2025_seed0-499_48352cd1,74,30,19,0,2
20260912_215351_529_traffic_scan_env2025_seed0-499_48352cd1,74,30,19,1,2
20260912_215351_529_traffic_scan_env2025_seed0-499_48352cd1,74,30,20,1,3
20260912_215351_529_traffic_scan_env2025_seed0-499_48352cd1,74,30,23,1,2
20260912_215351_529_traffic_scan_env2025_seed0-499_48352cd1,74,30,24,0,4
20260912_215351_529_traffic_scan_env2025_seed0-499_48352cd1,74,30,24,1,1
20260912_215351_529_traffic_scan_env2025_seed0-499_48352cd1,74,30,25,1,3
20260912_215351_529_traffic_scan_env2025_seed0-499_48352cd1,74,30,26,0,1
20260912_215351_529_traffic_scan_env2025_seed0-499_48352cd1,74,30,26,1,1
20260912_215351_529_traffic_scan_env2025_seed0-499_48352cd1,74,30,27,0,1
20260912_215351_529_traffic_scan_env2025_seed0-499_48352cd1,74,30,27,1,1
20260912_215351_529_traffic_scan_env2025_seed0-499_48352cd1,74,30,28,1,2
20260912_215351_529_traffic_scan_env2025_seed0-499_48352cd1,74,30,29,1,4
20260912_215351_529_traffic_scan_env2025_seed0-499_48352cd1,74,30,30,2,1
20260912_215351_529_traffic_scan_env2025_seed0-499_48352cd1,74,30,31,0,2
20260912_215351_529_traffic_scan_env2025_seed0-499_48352cd1,74,30,31,1,3
20260912_215351_529_traffic_scan_env2025_seed0-499_48352cd1,74,30,32,0,2
20260912_215351_529_traffic_scan_env2025_seed0-499_48352cd1,74,30,32,1,2
20260912_215351_529_traffic_scan_env2025_seed0-499_48352cd1,74,30,33,0,2
20260912_215351_529_traffic_scan_env2025_seed0-499_48352cd1,74,30,33,1,2
20260912_215351_529_traffic_scan_env2025_seed0-499_48352cd1,74,30,34,0,1
20260912_215351_529_traffic_scan_env2025_seed0-499_48352cd1,74,30,34,1,2
20260912_215351_529_traffic_scan_env2025_seed0-499_48352cd1,74,30,35,0,1
20260912_215351_529_traffic_scan_env2025_seed0-499_48352cd1,74,30,35,1,3
20260912_215351_529_traffic_scan_env2025_seed0-499_48352cd1,74,30,36,0,2
20260912_215351_529_traffic_scan_env2025_seed0-499_48352cd1,74,30,36,1,1
20260912_215351_529_traffic_scan_env2025_seed0-499_48352cd1,74,30,37,0,1
20260912_215351_529_traffic_scan_env2025_seed0-499_48352cd1,74,30,37,1,1
20260912_215351_529_traffic_scan_env2025_seed0-499_48352cd1,74,30,38,0,2
20260912_215351_529_traffic_scan_env2025_seed0-499_48352cd1,74,30,38,1,2
20260912_215351_529_traffic_scan_env2025_seed0-499_48352cd1,74,30,39,0,4
20260912_215351_529_traffic_scan_env2025_seed0-499_48352cd1,74,30,39,1,1
20260912_215351_529_traffic_scan_env2025_seed0-499_48352cd1,74,30,40,0,2
20260912_215351_529_traffic_scan_env2025_seed0-499_48352cd1,74,30,40,1,1
20260912_215351_529_traffic_scan_env2025_seed0-499_48352cd1,74,30,41,0,2
20260912_215351_529_traffic_scan_env2025_seed0-499_48352cd1,74,30,42,0,4
20260912_215351_529_traffic_scan_env2025_seed0-499_48352cd1,74,30,42,1,1
20260912_215351_529_traffic_scan_env2025_seed0-499_48352cd1,74,30,43,0,1
20260912_215351_529_traffic_scan_env2025_seed0-499_48352cd1,74,30,44,0,1
20260912_215351_529_traffic_scan_env2025_seed0-499_48352cd1,74,30,45,0,3
20260912_215351_529_traffic_scan_env2025_seed0-499_48352cd1,74,30,45,1,3
20260912_215351_529_traffic_scan_env2025_seed0-499_48352cd1,74,30,48,0,2
20260912_215351_529_traffic_scan_env2025_seed0-499_48352cd1,74,30,51,0,1
20260912_215351_529_traffic_scan_env2025_seed0-499_48352cd1,74,30,52,0,1
20260912_215351_529_traffic_scan_env2025_seed0-499_48352cd1,74,30,52,1,1
20260912_215351_529_traffic_scan_env2025_seed0-499_48352cd1,74,30,53,0,2
20260912_215351_529_traffic_scan_env2025_seed0-499_48352cd1,74,30,54,0,1
20260912_215351_529_traffic_scan_env2025_seed0-499_48352cd1,74,30,55,0,2
20260912_215351_529_traffic_scan_env2025_seed0-499_48352cd1,74,30,55,1,1
20260912_215351_529_traffic_scan_env2025_seed0-499_48352cd1,74,30,57,0,1
20260912_215351_529_traffic_scan_env2025_seed0-499_48352cd1,74,30,58,0,1
20260912_215351_529_traffic_scan_env2025_seed0-499_48352cd1,74,31,1,0,1
20260912_215351_529_traffic_scan_env2025_seed0-499_48352cd1,74,31,3,2,2
20260912_215351_529_traffic_scan_env2025_seed0-499_48352cd1,74,31,4,0,2
20260912_215351_529_traffic_scan_env2025_seed0-499_48352cd1,74,31,5,0,1
20260912_215351_529_traffic_scan_env2025_seed0-499_48352cd1,74,31,5,1,2
20260912_215351_529_traffic_scan_env2025_seed0-499_48352cd1,74,31,6,0,1
20260912_215351_529_traffic_scan_env2025_seed0-499_48352cd1,74,31,7,0,2
20260912_215351_529_traffic_scan_env2025_seed0-499_48352cd1,74,31,8,0,3
20260912_215351_529_traffic_scan_env2025_seed0-499_48352cd1,74,31,9,0,2
20260912_215351_529_traffic_scan_env2025_seed0-499_48352cd1,74,31,10,0,2
20260912_215351_529_traffic_scan_env2025_seed0-499_48352cd1,74,31,10,1,2
20260912_215351_529_traffic_scan_env2025_seed0-499_48352cd1,74,31,11,0,2
20260912_215351_529_traffic_scan_env2025_seed0-499_48352cd1,74,31,12,0,2
20260912_215351_529_traffic_scan_env2025_seed0-499_48352cd1,74,31,12,1,1
20260912_215351_529_traffic_scan_env2025_seed0-499_48352cd1,74,31,13,0,2
20260912_215351_529_traffic_scan_env2025_seed0-499_48352cd1,74,31,13,1,2
20260912_215351_529_traffic_scan_env2025_seed0-499_48352cd1,74,31,14,0,2
20260912_215351_529_traffic_scan_env2025_seed0-499_48352cd1,74,31,15,0,2
20260912_215351_529_traffic_scan_env2025_seed0-499_48352cd1,74,31,15,1,2
20260912_215351_529_traffic_scan_env2025_seed0-499_48352cd1,74,31,16,0,3
20260912_215351_529_traffic_scan_env2025_seed0-499_48352cd1,74,31,17,0,2
20260912_215351_529_traffic_scan_env2025_seed0-499_48352cd1,74,31,17,1,1
20260912_215351_529_traffic_scan_env2025_seed0-499_48352cd1,74,31,18,0,2
20260912_215351_529_traffic_scan_env2025_seed0-499_48352cd1,74,31,18,1,2
20260912_215351_529_traffic_scan_env2025_seed0-499_48352cd1,74,31,19,0,2
20260912_215351_529_traffic_scan_env2025_seed0-499_48352cd1,74,31,19,1,1
20260912_215351_529_traffic_scan_env2025_seed0-499_48352cd1,74,31,20,0,4
20260912_215351_529_traffic_scan_env2025_seed0-499_48352cd1,74,31,20,1,2
20260912_215351_529_traffic_scan_env2025_seed0-499_48352cd1,74,31,23,0,4
20260912_215351_529_traffic_scan_env2025_seed0-499_48352cd1,74,31,23,1,3
20260912_215351_529_traffic_scan_env2025_seed0-499_48352cd1,74,31,24,0,1
20260912_215351_529_traffic_scan_env2025_seed0-499_48352cd1,74,31,25,0,2
20260912_215351_529_traffic_scan_env2025_seed0-499_48352cd1,74,31,25,1,1
20260912_215351_529_traffic_scan_env2025_seed0-499_48352cd1,74,31,26,0,1
20260912_215351_529_traffic_scan_env2025_seed0-499_48352cd1,74,31,26,1,3
20260912_215351_529_traffic_scan_env2025_seed0-499_48352cd1,74,31,27,0,3
20260912_215351_529_traffic_scan_env2025_seed0-499_48352cd1,74,31,27,1,1
20260912_215351_529_traffic_scan_env2025_seed0-499_48352cd1,74,31,28,0,1
20260912_215351_529_traffic_scan_env2025_seed0-499_48352cd1,74,31,29,0,1
20260912_215351_529_traffic_scan_env2025_seed0-499_48352cd1,74,31,29,1,2
20260912_215351_529_traffic_scan_env2025_seed0-499_48352cd1,74,31,30,0,2
20260912_215351_529_traffic_scan_env2025_seed0-499_48352cd1,74,31,30,1,5
20260912_215351_529_traffic_scan_env2025_seed0-499_48352cd1,74,31,31,0,1
20260912_215351_529_traffic_scan_env2025_seed0-499_48352cd1,74,31,33,1,2
20260912_215351_529_traffic_scan_env2025_seed0-499_48352cd1,74,31,34,0,1
20260912_215351_529_traffic_scan_env2025_seed0-499_48352cd1,74,31,34,1,1
20260912_215351_529_traffic_scan_env2025_seed0-499_48352cd1,74,31,35,1,1
20260912_215351_529_traffic_scan_env2025_seed0-499_48352cd1,74,31,36,0,1
20260912_215351_529_traffic_scan_env2025_seed0-499_48352cd1,74,31,36,1,1
20260912_215351_529_traffic_scan_env2025_seed0-499_48352cd1,74,31,37,0,1
20260912_215351_529_traffic_scan_env2025_seed0-499_48352cd1,74,31,37,1,1
20260912_215351_529_traffic_scan_env2025_seed0-499_48352cd1,74,31,39,0,3
20260912_215351_529_traffic_scan_env2025_seed0-499_48352cd1,74,31,40,0,1
20260912_215351_529_traffic_scan_env2025_seed0-499_48352cd1,74,31,41,0,4
20260912_215351_529_traffic_scan_env2025_seed0-499_48352cd1,74,31,41,1,2
20260912_215351_529_traffic_scan_env2025_seed0-499_48352cd1,74,31,42,0,3
20260912_215351_529_traffic_scan_env2025_seed0-499_48352cd1,74,31,43,0,4
20260912_215351_529_traffic_scan_env2025_seed0-499_48352cd1,74,31,44,2,2
20260912_215351_529_traffic_scan_env2025_seed0-499_48352cd1,74,31,45,0,2
20260912_215351_529_traffic_scan_env2025_seed0-499_48352cd1,74,31,45,1,1
20260912_215351_529_traffic_scan_env2025_seed0-499_48352cd1,74,31,48,0,2
20260912_215351_529_traffic_scan_env2025_seed0-499_48352cd1,74,31,52,0,2
20260912_215351_529_traffic_scan_env2025_seed0-499_48352cd1,74,31,52,1,1
20260912_215351_529_traffic_scan_env2025_seed0-499_48352cd1,74,31,53,0,2
20260912_215351_529_traffic_scan_env2025_seed0-499_48352cd1,74,31,54,0,3
20260912_215351_529_traffic_scan_env2025_seed0-499_48352cd1,74,31,56,0,1
20260912_215351_529_traffic_scan_env2025_seed0-499_48352cd1,74,31,56,1,1
20260912_215351_529_traffic_scan_env2025_seed0-499_48352cd1,74,31,57,0,1
20260912_215351_529_traffic_scan_env2025_seed0-499_48352cd1,74,31,59,0,1
20260912_215351_529_traffic_scan_env2025_seed0-499_48352cd1,74,32,1,0,1
20260912_215351_529_traffic_scan_env2025_seed0-499_48352cd1,74,32,3,2,2
20260912_215351_529_traffic_scan_env2025_seed0-499_48352cd1,74,32,4,1,1
20260912_215351_529_traffic_scan_env2025_seed0-499_48352cd1,74,32,5,0,1
20260912_215351_529_traffic_scan_env2025_seed0-499_48352cd1,74,32,5,1,1
20260912_215351_529_traffic_scan_env2025_seed0-499_48352cd1,74,32,6,0,1
20260912_215351_529_traffic_scan_env2025_seed0-499_48352cd1,74,32,10,1,2
20260912_215351_529_traffic_scan_env2025_seed0-499_48352cd1,74,32,12,2,1
20260912_215351_529_traffic_scan_env2025_seed0-499_48352cd1,74,32,13,1,2
20260912_215351_529_traffic_scan_env2025_seed0-499_48352cd1,74,32,15,1,1
20260912_215351_529_traffic_scan_env2025_seed0-499_48352cd1,74,32,16,1,2
20260912_215351_529_traffic_scan_env2025_seed0-499_48352cd1,74,32,17,0,1
20260912_215351_529_traffic_scan_env2025_seed0-499_48352cd1,74,32,17,1,1
20260912_215351_529_traffic_scan_env2025_seed0-499_48352cd1,74,32,19,1,2
20260912_215351_529_traffic_scan_env2025_seed0-499_48352cd1,74,32,20,0,1
20260912_215351_529_traffic_scan_env2025_seed0-499_48352cd1,74,32,20,1,3
20260912_215351_529_traffic_scan_env2025_seed0-499_48352cd1,74,32,21,0,5
20260912_215351_529_traffic_scan_env2025_seed0-499_48352cd1,74,32,21,1,1
20260912_215351_529_traffic_scan_env2025_seed0-499_48352cd1,74,32,22,0,7
20260912_215351_529_traffic_scan_env2025_seed0-499_48352cd1,74,32,22,1,1
20260912_215351_529_traffic_scan_env2025_seed0-499_48352cd1,74,32,23,0,3
20260912_215351_529_traffic_scan_env2025_seed0-499_48352cd1,74,32,23,1,2
20260912_215351_529_traffic_scan_env2025_seed0-499_48352cd1,74,32,24,0,1
20260912_215351_529_traffic_scan_env2025_seed0-499_48352cd1,74,32,25,0,1
20260912_215351_529_traffic_scan_env2025_seed0-499_48352cd1,74,32,25,1,1
20260912_215351_529_traffic_scan_env2025_seed0-499_48352cd1,74,32,26,0,2
20260912_215351_529_traffic_scan_env2025_seed0-499_48352cd1,74,32,26,1,1
20260912_215351_529_traffic_scan_env2025_seed0-499_48352cd1,74,32,27,0,2
20260912_215351_529_traffic_scan_env2025_seed0-499_48352cd1,74,32,27,1,3
20260912_215351_529_traffic_scan_env2025_seed0-499_48352cd1,74,32,28,0,3
20260912_215351_529_traffic_scan_env2025_seed0-499_48352cd1,74,32,29,0,2
20260912_215351_529_traffic_scan_env2025_seed0-499_48352cd1,74,32,29,1,2
20260912_215351_529_traffic_scan_env2025_seed0-499_48352cd1,74,32,30,0,2
20260912_215351_529_traffic_scan_env2025_seed0-499_48352cd1,74,32,30,1,2
20260912_215351_529_traffic_scan_env2025_seed0-499_48352cd1,74,32,31,0,1
20260912_215351_529_traffic_scan_env2025_seed0-499_48352cd1,74,32,31,1,3
20260912_215351_529_traffic_scan_env2025_seed0-499_48352cd1,74,32,32,0,1
20260912_215351_529_traffic_scan_env2025_seed0-499_48352cd1,74,32,33,0,1
20260912_215351_529_traffic_scan_env2025_seed0-499_48352cd1,74,32,33,1,2
20260912_215351_529_traffic_scan_env2025_seed0-499_48352cd1,74,32,34,0,1
20260912_215351_529_traffic_scan_env2025_seed0-499_48352cd1,74,32,34,1,1
20260912_215351_529_traffic_scan_env2025_seed0-499_48352cd1,74,32,35,0,2
20260912_215351_529_traffic_scan_env2025_seed0-499_48352cd1,74,32,36,0,3
20260912_215351_529_traffic_scan_env2025_seed0-499_48352cd1,74,32,36,1,2
20260912_215351_529_traffic_scan_env2025_seed0-499_48352cd1,74,32,37,0,1
20260912_215351_529_traffic_scan_env2025_seed0-499_48352cd1,74,32,37,1,1
20260912_215351_529_traffic_scan_env2025_seed0-499_48352cd1,74,32,38,0,1
20260912_215351_529_traffic_scan_env2025_seed0-499_48352cd1,74,32,39,0,5
20260912_215351_529_traffic_scan_env2025_seed0-499_48352cd1,74,32,40,0,3
20260912_215351_529_traffic_scan_env2025_seed0-499_48352cd1,74,32,40,1,1
20260912_215351_529_traffic_scan_env2025_seed0-499_48352cd1,74,32,42,2,1
20260912_215351_529_traffic_scan_env2025_seed0-499_48352cd1,74,32,43,0,1
20260912_215351_529_traffic_scan_env2025_seed0-499_48352cd1,74,32,43,1,2
20260912_215351_529_traffic_scan_env2025_seed0-499_48352cd1,74,32,44,0,4
20260912_215351_529_traffic_scan_env2025_seed0-499_48352cd1,74,32,45,0,2
20260912_215351_529_traffic_scan_env2025_seed0-499_48352cd1,74,32,46,0,2
20260912_215351_529_traffic_scan_env2025_seed0-499_48352cd1,74,32,46,1,1
20260912_215351_529_traffic_scan_env2025_seed0-499_48352cd1,74,32,47,2,1
20260912_215351_529_traffic_scan_env2025_seed0-499_48352cd1,74,32,48,2,1
20260912_215351_529_traffic_scan_env2025_seed0-499_48352cd1,74,32,49,0,2
20260912_215351_529_traffic_scan_env2025_seed0-499_48352cd1,74,32,49,1,1
20260912_215351_529_traffic_scan_env2025_seed0-499_48352cd1,74,32,50,1,1
20260912_215351_529_traffic_scan_env2025_seed0-499_48352cd1,74,32,51,0,2
20260912_215351_529_traffic_scan_env2025_seed0-499_48352cd1,74,32,51,1,1
20260912_215351_529_traffic_scan_env2025_seed0-499_48352cd1,74,32,55,0,2
20260912_215351_529_traffic_scan_env2025_seed0-499_48352cd1,74,32,55,1,1
20260912_215351_529_traffic_scan_env2025_seed0-499_48352cd1,74,32,58,0,1
20260912_215351_529_traffic_scan_env2025_seed0-499_48352cd1,74,33,1,0,1
20260912_215351_529_traffic_scan_env2025_seed0-499_48352cd1,74,33,3,1,3
20260912_215351_529_traffic_scan_env2025_seed0-499_48352cd1,74,33,5,0,1
20260912_215351_529_traffic_scan_env2025_seed0-499_48352cd1,74,33,5,1,1
20260912_215351_529_traffic_scan_env2025_seed0-499_48352cd1,74,33,6,0,1
20260912_215351_529_traffic_scan_env2025_seed0-499_48352cd1,74,33,10,1,2
20260912_215351_529_traffic_scan_env2025_seed0-499_48352cd1,74,33,11,1,1
20260912_215351_529_traffic_scan_env2025_seed0-499_48352cd1,74,33,13,1,1
20260912_215351_529_traffic_scan_env2025_seed0-499_48352cd1,74,33,14,1,1
20260912_215351_529_traffic_scan_env2025_seed0-499_48352cd1,74,33,15,1,2
20260912_215351_529_traffic_scan_env2025_seed0-499_48352cd1,74,33,16,1,1
20260912_215351_529_traffic_scan_env2025_seed0-499_48352cd1,74,33,17,0,2
20260912_215351_529_traffic_scan_env2025_seed0-499_48352cd1,74,33,17,1,1
20260912_215351_529_traffic_scan_env2025_seed0-499_48352cd1,74,33,18,1,2
20260912_215351_529_traffic_scan_env2025_seed0-499_48352cd1,74,33,19,0,1
20260912_215351_529_traffic_scan_env2025_seed0-499_48352cd1,74,33,19,1,4
20260912_215351_529_traffic_scan_env2025_seed0-499_48352cd1,74,33,20,1,3
20260912_215351_529_traffic_scan_env2025_seed0-499_48352cd1,74,33,21,0,2
20260912_215351_529_traffic_scan_env2025_seed0-499_48352cd1,74,33,21,1,1
20260912_215351_529_traffic_scan_env2025_seed0-499_48352cd1,74,33,22,1,1
20260912_215351_529_traffic_scan_env2025_seed0-499_48352cd1,74,33,23,1,3
20260912_215351_529_traffic_scan_env2025_seed0-499_48352cd1,74,33,24,0,2
20260912_215351_529_traffic_scan_env2025_seed0-499_48352cd1,74,33,24,1,1
20260912_215351_529_traffic_scan_env2025_seed0-499_48352cd1,74,33,25,1,3
20260912_215351_529_traffic_scan_env2025_seed0-499_48352cd1,74,33,26,2,3
20260912_215351_529_traffic_scan_env2025_seed0-499_48352cd1,74,33,27,2,3
20260912_215351_529_traffic_scan_env2025_seed0-499_48352cd1,74,33,28,0,2
20260912_215351_529_traffic_scan_env2025_seed0-499_48352cd1,74,33,28,1,6
20260912_215351_529_traffic_scan_env2025_seed0-499_48352cd1,74,33,29,0,3
20260912_215351_529_traffic_scan_env2025_seed0-499_48352cd1,74,33,29,1,2
20260912_215351_529_traffic_scan_env2025_seed0-499_48352cd1,74,33,30,1,2
20260912_215351_529_traffic_scan_env2025_seed0-499_48352cd1,74,33,31,1,4
20260912_215351_529_traffic_scan_env2025_seed0-499_48352cd1,74,33,32,1,6
20260912_215351_529_traffic_scan_env2025_seed0-499_48352cd1,74,33,33,1,3
20260912_215351_529_traffic_scan_env2025_seed0-499_48352cd1,74,33,34,1,2
20260912_215351_529_traffic_scan_env2025_seed0-499_48352cd1,74,33,35,0,1
20260912_215351_529_traffic_scan_env2025_seed0-499_48352cd1,74,33,35,1,3
20260912_215351_529_traffic_scan_env2025_seed0-499_48352cd1,74,33,36,0,2
20260912_215351_529_traffic_scan_env2025_seed0-499_48352cd1,74,33,36,1,1
20260912_215351_529_traffic_scan_env2025_seed0-499_48352cd1,74,33,37,1,2
20260912_215351_529_traffic_scan_env2025_seed0-499_48352cd1,74,33,38,0,1
20260912_215351_529_traffic_scan_env2025_seed0-499_48352cd1,74,33,38,1,2
20260912_215351_529_traffic_scan_env2025_seed0-499_48352cd1,74,33,39,0,5
20260912_215351_529_traffic_scan_env2025_seed0-499_48352cd1,74,33,39,1,2
20260912_215351_529_traffic_scan_env2025_seed0-499_48352cd1,74,33,40,1,1
20260912_215351_529_traffic_scan_env2025_seed0-499_48352cd1,74,33,41,2,1
20260912_215351_529_traffic_scan_env2025_seed0-499_48352cd1,74,33,42,2,3
20260912_215351_529_traffic_scan_env2025_seed0-499_48352cd1,74,33,43,1,3
20260912_215351_529_traffic_scan_env2025_seed0-499_48352cd1,74,33,44,0,1
20260912_215351_529_traffic_scan_env2025_seed0-499_48352cd1,74,33,44,1,1
20260912_215351_529_traffic_scan_env2025_seed0-499_48352cd1,74,33,45,0,1
20260912_215351_529_traffic_scan_env2025_seed0-499_48352cd1,74,33,45,1,1
20260912_215351_529_traffic_scan_env2025_seed0-499_48352cd1,74,33,46,0,3
20260912_215351_529_traffic_scan_env2025_seed0-499_48352cd1,74,33,46,1,1
20260912_215351_529_traffic_scan_env2025_seed0-499_48352cd1,74,33,47,2,1
20260912_215351_529_traffic_scan_env2025_seed0-499_48352cd1,74,33,48,2,1
20260912_215351_529_traffic_scan_env2025_seed0-499_48352cd1,74,33,49,0,2
20260912_215351_529_traffic_scan_env2025_seed0-499_48352cd1,74,33,49,1,1
20260912_215351_529_traffic_scan_env2025_seed0-499_48352cd1,74,33,50,0,1
20260912_215351_529_traffic_scan_env2025_seed0-499_48352cd1,74,33,50,1,1
20260912_215351_529_traffic_scan_env2025_seed0-499_48352cd1,74,33,51,1,1
20260912_215351_529_traffic_scan_env2025_seed0-499_48352cd1,74,33,51,2,1
20260912_215351_529_traffic_scan_env2025_seed0-499_48352cd1,74,33,52,3,1
20260912_215351_529_traffic_scan_env2025_seed0-499_48352cd1,74,33,53,3,1
20260912_215351_529_traffic_scan_env2025_seed0-499_48352cd1,74,33,54,3,1
20260912_215351_529_traffic_scan_env2025_seed0-499_48352cd1,74,33,55,0,1
20260912_215351_529_traffic_scan_env2025_seed0-499_48352cd1,74,33,55,1,1
20260912_215351_529_traffic_scan_env2025_seed0-499_48352cd1,74,33,55,2,1
20260912_215351_529_traffic_scan_env2025_seed0-499_48352cd1,74,33,56,3,1
20260912_215351_529_traffic_scan_env2025_seed0-499_48352cd1,74,33,57,3,1
20260912_215351_529_traffic_scan_env2025_seed0-499_48352cd1,74,33,58,0,2
20260912_215351_529_traffic_scan_env2025_seed0-499_48352cd1,74,33,58,1,1
20260912_215351_529_traffic_scan_env2025_seed0-499_48352cd1,74,33,58,2,1
20260912_215351_529_traffic_scan_env2025_seed0-499_48352cd1,74,34,1,0,1
20260912_215351_529_traffic_scan_env2025_seed0-499_48352cd1,74,34,2,0,1
20260912_215351_529_traffic_scan_env2025_seed0-499_48352cd1,74,34,3,0,1
20260912_215351_529_traffic_scan_env2025_seed0-499_48352cd1,74,34,3,1,1
20260912_215351_529_traffic_scan_env2025_seed0-499_48352cd1,74,34,4,0,1
20260912_215351_529_traffic_scan_env2025_seed0-499_48352cd1,74,34,5,1,1
20260912_215351_529_traffic_scan_env2025_seed0-499_48352cd1,74,34,7,0,1
20260912_215351_529_traffic_scan_env2025_seed0-499_48352cd1,74,34,10,1,3
20260912_215351_529_traffic_scan_env2025_seed0-499_48352cd1,74,34,11,0,1
20260912_215351_529_traffic_scan_env2025_seed0-499_48352cd1,74,34,12,0,1
20260912_215351_529_traffic_scan_env2025_seed0-499_48352cd1,74,34,13,0,1
20260912_215351_529_traffic_scan_env2025_seed0-499_48352cd1,74,34,13,1,1
20260912_215351_529_traffic_scan_env2025_seed0-499_48352cd1,74,34,14,0,1
20260912_215351_529_traffic_scan_env2025_seed0-499_48352cd1,74,34,14,1,1
20260912_215351_529_traffic_scan_env2025_seed0-499_48352cd1,74,34,15,0,1
20260912_215351_529_traffic_scan_env2025_seed0-499_48352cd1,74,34,15,1,3
20260912_215351_529_traffic_scan_env2025_seed0-499_48352cd1,74,34,16,0,2
20260912_215351_529_traffic_scan_env2025_seed0-499_48352cd1,74,34,18,0,2
20260912_215351_529_traffic_scan_env2025_seed0-499_48352cd1,74,34,18,1,3
20260912_215351_529_traffic_scan_env2025_seed0-499_48352cd1,74,34,19,0,1
20260912_215351_529_traffic_scan_env2025_seed0-499_48352cd1,74,34,19,1,2
20260912_215351_529_traffic_scan_env2025_seed0-499_48352cd1,74,34,20,0,3
20260912_215351_529_traffic_scan_env2025_seed0-499_48352cd1,74,34,20,1,2
20260912_215351_529_traffic_scan_env2025_seed0-499_48352cd1,74,34,21,0,1
20260912_215351_529_traffic_scan_env2025_seed0-499_48352cd1,74,34,21,1,2
20260912_215351_529_traffic_scan_env2025_seed0-499_48352cd1,74,34,22,0,1
20260912_215351_529_traffic_scan_env2025_seed0-499_48352cd1,74,34,22,1,1
20260912_215351_529_traffic_scan_env2025_seed0-499_48352cd1,74,34,23,0,1
20260912_215351_529_traffic_scan_env2025_seed0-499_48352cd1,74,34,23,1,3
20260912_215351_529_traffic_scan_env2025_seed0-499_48352cd1,74,34,24,0,1
20260912_215351_529_traffic_scan_env2025_seed0-499_48352cd1,74,34,24,1,1
20260912_215351_529_traffic_scan_env2025_seed0-499_48352cd1,74,34,25,0,2
20260912_215351_529_traffic_scan_env2025_seed0-499_48352cd1,74,34,25,1,2
20260912_215351_529_traffic_scan_env2025_seed0-499_48352cd1,74,34,26,2,2
20260912_215351_529_traffic_scan_env2025_seed0-499_48352cd1,74,34,27,2,4
20260912_215351_529_traffic_scan_env2025_seed0-499_48352cd1,74,34,28,0,2
20260912_215351_529_traffic_scan_env2025_seed0-499_48352cd1,74,34,28,1,1
20260912_215351_529_traffic_scan_env2025_seed0-499_48352cd1,74,34,29,0,1
20260912_215351_529_traffic_scan_env2025_seed0-499_48352cd1,74,34,29,1,3
20260912_215351_529_traffic_scan_env2025_seed0-499_48352cd1,74,34,30,0,2
20260912_215351_529_traffic_scan_env2025_seed0-499_48352cd1,74,34,30,1,1
20260912_215351_529_traffic_scan_env2025_seed0-499_48352cd1,74,34,31,1,4
20260912_215351_529_traffic_scan_env2025_seed0-499_48352cd1,74,34,33,1,4
20260912_215351_529_traffic_scan_env2025_seed0-499_48352cd1,74,34,34,0,1
20260912_215351_529_traffic_scan_env2025_seed0-499_48352cd1,74,34,36,0,1
20260912_215351_529_traffic_scan_env2025_seed0-499_48352cd1,74,34,36,1,1
20260912_215351_529_traffic_scan_env2025_seed0-499_48352cd1,74,34,37,0,2
20260912_215351_529_traffic_scan_env2025_seed0-499_48352cd1,74,34,38,0,2
20260912_215351_529_traffic_scan_env2025_seed0-499_48352cd1,74,34,38,1,2
20260912_215351_529_traffic_scan_env2025_seed0-499_48352cd1,74,34,39,0,3
20260912_215351_529_traffic_scan_env2025_seed0-499_48352cd1,74,34,39,1,1
20260912_215351_529_traffic_scan_env2025_seed0-499_48352cd1,74,34,41,1,2
20260912_215351_529_traffic_scan_env2025_seed0-499_48352cd1,74,34,42,1,1
20260912_215351_529_traffic_scan_env2025_seed0-499_48352cd1,74,34,44,0,1
20260912_215351_529_traffic_scan_env2025_seed0-499_48352cd1,74,34,44,1,1
20260912_215351_529_traffic_scan_env2025_seed0-499_48352cd1,74,34,46,0,3
20260912_215351_529_traffic_scan_env2025_seed0-499_48352cd1,74,34,47,0,1
20260912_215351_529_traffic_scan_env2025_seed0-499_48352cd1,74,34,48,0,1
20260912_215351_529_traffic_scan_env2025_seed0-499_48352cd1,74,34,49,0,1
20260912_215351_529_traffic_scan_env2025_seed0-499_48352cd1,74,34,50,0,2
20260912_215351_529_traffic_scan_env2025_seed0-499_48352cd1,74,34,51,2,1
20260912_215351_529_traffic_scan_env2025_seed0-499_48352cd1,74,34,56,0,1
20260912_215351_529_traffic_scan_env2025_seed0-499_48352cd1,74,34,56,1,1
20260912_215351_529_traffic_scan_env2025_seed0-499_48352cd1,74,34,57,0,1
20260912_215351_529_traffic_scan_env2025_seed0-499_48352cd1,74,34,59,0,1
20260912_215351_529_traffic_scan_env2025_seed0-499_48352cd1,74,35,1,0,2
20260912_215351_529_traffic_scan_env2025_seed0-499_48352cd1,74,35,2,0,1
20260912_215351_529_traffic_scan_env2025_seed0-499_48352cd1,74,35,3,0,3
20260912_215351_529_traffic_scan_env2025_seed0-499_48352cd1,74,35,3,1,1
20260912_215351_529_traffic_scan_env2025_seed0-499_48352cd1,74,35,4,0,1
20260912_215351_529_traffic_scan_env2025_seed0-499_48352cd1,74,35,5,0,1
20260912_215351_529_traffic_scan_env2025_seed0-499_48352cd1,74,35,5,1,1
20260912_215351_529_traffic_scan_env2025_seed0-499_48352cd1,74,35,6,0,2
20260912_215351_529_traffic_scan_env2025_seed0-499_48352cd1,74,35,7,0,2
20260912_215351_529_traffic_scan_env2025_seed0-499_48352cd1,74,35,8,0,2
20260912_215351_529_traffic_scan_env2025_seed0-499_48352cd1,74,35,9,0,1
20260912_215351_529_traffic_scan_env2025_seed0-499_48352cd1,74,35,10,0,1
20260912_215351_529_traffic_scan_env2025_seed0-499_48352cd1,74,35,10,1,3
20260912_215351_529_traffic_scan_env2025_seed0-499_48352cd1,74,35,13,1,2
20260912_215351_529_traffic_scan_env2025_seed0-499_48352cd1,74,35,14,1,1
20260912_215351_529_traffic_scan_env2025_seed0-499_48352cd1,74,35,15,1,1
20260912_215351_529_traffic_scan_env2025_seed0-499_48352cd1,74,35,16,0,1
20260912_215351_529_traffic_scan_env2025_seed0-499_48352cd1,74,35,16,1,1
20260912_215351_529_traffic_scan_env2025_seed0-499_48352cd1,74,35,17,0,1
20260912_215351_529_traffic_scan_env2025_seed0-499_48352cd1,74,35,17,1,2
20260912_215351_529_traffic_scan_env2025_seed0-499_48352cd1,74,35,18,0,1
20260912_215351_529_traffic_scan_env2025_seed0-499_48352cd1,74,35,19,0,2
20260912_215351_529_traffic_scan_env2025_seed0-499_48352cd1,74,35,19,1,2
20260912_215351_529_traffic_scan_env2025_seed0-499_48352cd1,74,35,20,1,1
20260912_215351_529_traffic_scan_env2025_seed0-499_48352cd1,74,35,22,1,1
20260912_215351_529_traffic_scan_env2025_seed0-499_48352cd1,74,35,23,1,2
20260912_215351_529_traffic_scan_env2025_seed0-499_48352cd1,74,35,25,0,1
20260912_215351_529_traffic_scan_env2025_seed0-499_48352cd1,74,35,25,1,1
20260912_215351_529_traffic_scan_env2025_seed0-499_48352cd1,74,35,26,0,3
20260912_215351_529_traffic_scan_env2025_seed0-499_48352cd1,74,35,26,1,3
20260912_215351_529_traffic_scan_env2025_seed0-499_48352cd1,74,35,27,0,2
20260912_215351_529_traffic_scan_env2025_seed0-499_48352cd1,74,35,27,1,1
20260912_215351_529_traffic_scan_env2025_seed0-499_48352cd1,74,35,30,0,1
20260912_215351_529_traffic_scan_env2025_seed0-499_48352cd1,74,35,30,1,3
20260912_215351_529_traffic_scan_env2025_seed0-499_48352cd1,74,35,31,0,2
20260912_215351_529_traffic_scan_env2025_seed0-499_48352cd1,74,35,32,1,3
20260912_215351_529_traffic_scan_env2025_seed0-499_48352cd1,74,35,33,0,1
20260912_215351_529_traffic_scan_env2025_seed0-499_48352cd1,74,35,33,1,2
20260912_215351_529_traffic_scan_env2025_seed0-499_48352cd1,74,35,34,1,4
20260912_215351_529_traffic_scan_env2025_seed0-499_48352cd1,74,35,35,1,1
20260912_215351_529_traffic_scan_env2025_seed0-499_48352cd1,74,35,36,0,2
20260912_215351_529_traffic_scan_env2025_seed0-499_48352cd1,74,35,36,1,1
20260912_215351_529_traffic_scan_env2025_seed0-499_48352cd1,74,35,37,0,2
20260912_215351_529_traffic_scan_env2025_seed0-499_48352cd1,74,35,37,1,3
20260912_215351_529_traffic_scan_env2025_seed0-499_48352cd1,74,35,38,0,1
20260912_215351_529_traffic_scan_env2025_seed0-499_48352cd1,74,35,38,1,1
20260912_215351_529_traffic_scan_env2025_seed0-499_48352cd1,74,35,39,0,2
20260912_215351_529_traffic_scan_env2025_seed0-499_48352cd1,74,35,39,1,2
20260912_215351_529_traffic_scan_env2025_seed0-499_48352cd1,74,35,40,0,1
20260912_215351_529_traffic_scan_env2025_seed0-499_48352cd1,74,35,40,1,4
20260912_215351_529_traffic_scan_env2025_seed0-499_48352cd1,74,35,41,1,2
20260912_215351_529_traffic_scan_env2025_seed0-499_48352cd1,74,35,42,1,1
20260912_215351_529_traffic_scan_env2025_seed0-499_48352cd1,74,35,43,1,1
20260912_215351_529_traffic_scan_env2025_seed0-499_48352cd1,74,35,44,1,2
20260912_215351_529_traffic_scan_env2025_seed0-499_48352cd1,74,35,45,0,2
20260912_215351_529_traffic_scan_env2025_seed0-499_48352cd1,74,35,45,1,1
20260912_215351_529_traffic_scan_env2025_seed0-499_48352cd1,74,35,46,0,1
20260912_215351_529_traffic_scan_env2025_seed0-499_48352cd1,74,35,46,1,1
20260912_215351_529_traffic_scan_env2025_seed0-499_48352cd1,74,35,47,0,2
20260912_215351_529_traffic_scan_env2025_seed0-499_48352cd1,74,35,48,0,2
20260912_215351_529_traffic_scan_env2025_seed0-499_48352cd1,74,35,49,0,2
20260912_215351_529_traffic_scan_env2025_seed0-499_48352cd1,74,35,50,0,1
20260912_215351_529_traffic_scan_env2025_seed0-499_48352cd1,74,35,51,0,3
20260912_215351_529_traffic_scan_env2025_seed0-499_48352cd1,74,35,52,0,3
20260912_215351_529_traffic_scan_env2025_seed0-499_48352cd1,74,35,52,1,1
20260912_215351_529_traffic_scan_env2025_seed0-499_48352cd1,74,35,53,0,2
20260912_215351_529_traffic_scan_env2025_seed0-499_48352cd1,74,35,54,0,1
20260912_215351_529_traffic_scan_env2025_seed0-499_48352cd1,74,35,56,1,1
20260912_215351_529_traffic_scan_env2025_seed0-499_48352cd1,74,36,0,0,1
20260912_215351_529_traffic_scan_env2025_seed0-499_48352cd1,74,36,1,0,2
20260912_215351_529_traffic_scan_env2025_seed0-499_48352cd1,74,36,2,0,1
20260912_215351_529_traffic_scan_env2025_seed0-499_48352cd1,74,36,3,0,1
20260912_215351_529_traffic_scan_env2025_seed0-499_48352cd1,74,36,3,1,1
20260912_215351_529_traffic_scan_env2025_seed0-499_48352cd1,74,36,5,0,1
20260912_215351_529_traffic_scan_env2025_seed0-499_48352cd1,74,36,5,1,1
20260912_215351_529_traffic_scan_env2025_seed0-499_48352cd1,74,36,8,0,1
20260912_215351_529_traffic_scan_env2025_seed0-499_48352cd1,74,36,9,0,2
20260912_215351_529_traffic_scan_env2025_seed0-499_48352cd1,74,36,10,0,2
20260912_215351_529_traffic_scan_env2025_seed0-499_48352cd1,74,36,10,1,2
20260912_215351_529_traffic_scan_env2025_seed0-499_48352cd1,74,36,11,0,2
20260912_215351_529_traffic_scan_env2025_seed0-499_48352cd1,74,36,11,1,1
20260912_215351_529_traffic_scan_env2025_seed0-499_48352cd1,74,36,12,0,2
20260912_215351_529_traffic_scan_env2025_seed0-499_48352cd1,74,36,13,0,1
20260912_215351_529_traffic_scan_env2025_seed0-499_48352cd1,74,36,13,1,2
20260912_215351_529_traffic_scan_env2025_seed0-499_48352cd1,74,36,14,0,1
20260912_215351_529_traffic_scan_env2025_seed0-499_48352cd1,74,36,15,0,2
20260912_215351_529_traffic_scan_env2025_seed0-499_48352cd1,74,36,15,1,1
20260912_215351_529_traffic_scan_env2025_seed0-499_48352cd1,74,36,16,0,2
20260912_215351_529_traffic_scan_env2025_seed0-499_48352cd1,74,36,16,1,2
20260912_215351_529_traffic_scan_env2025_seed0-499_48352cd1,74,36,17,0,1
20260912_215351_529_traffic_scan_env2025_seed0-499_48352cd1,74,36,17,1,1
20260912_215351_529_traffic_scan_env2025_seed0-499_48352cd1,74,36,19,0,2
20260912_215351_529_traffic_scan_env2025_seed0-499_48352cd1,74,36,19,1,1
20260912_215351_529_traffic_scan_env2025_seed0-499_48352cd1,74,36,20,0,1
20260912_215351_529_traffic_scan_env2025_seed0-499_48352cd1,74,36,20,1,2
20260912_215351_529_traffic_scan_env2025_seed0-499_48352cd1,74,36,21,0,1
20260912_215351_529_traffic_scan_env2025_seed0-499_48352cd1,74,36,22,0,1
20260912_215351_529_traffic_scan_env2025_seed0-499_48352cd1,74,36,23,1,3
20260912_215351_529_traffic_scan_env2025_seed0-499_48352cd1,74,36,24,0,1
20260912_215351_529_traffic_scan_env2025_seed0-499_48352cd1,74,36,24,1,1
20260912_215351_529_traffic_scan_env2025_seed0-499_48352cd1,74,36,25,1,4
20260912_215351_529_traffic_scan_env2025_seed0-499_48352cd1,74,36,26,0,1
20260912_215351_529_traffic_scan_env2025_seed0-499_48352cd1,74,36,26,1,2
20260912_215351_529_traffic_scan_env2025_seed0-499_48352cd1,74,36,27,0,2
20260912_215351_529_traffic_scan_env2025_seed0-499_48352cd1,74,36,27,1,2
20260912_215351_529_traffic_scan_env2025_seed0-499_48352cd1,74,36,28,2,1
20260912_215351_529_traffic_scan_env2025_seed0-499_48352cd1,74,36,29,0,1
20260912_215351_529_traffic_scan_env2025_seed0-499_48352cd1,74,36,29,1,2
20260912_215351_529_traffic_scan_env2025_seed0-499_48352cd1,74,36,30,0,1
20260912_215351_529_traffic_scan_env2025_seed0-499_48352cd1,74,36,30,1,1
20260912_215351_529_traffic_scan_env2025_seed0-499_48352cd1,74,36,31,0,2
20260912_215351_529_traffic_scan_env2025_seed0-499_48352cd1,74,36,31,1,3
20260912_215351_529_traffic_scan_env2025_seed0-499_48352cd1,74,36,32,0,4
20260912_215351_529_traffic_scan_env2025_seed0-499_48352cd1,74,36,32,1,1
20260912_215351_529_traffic_scan_env2025_seed0-499_48352cd1,74,36,33,0,2
20260912_215351_529_traffic_scan_env2025_seed0-499_48352cd1,74,36,33,1,3
20260912_215351_529_traffic_scan_env2025_seed0-499_48352cd1,74,36,34,0,1
20260912_215351_529_traffic_scan_env2025_seed0-499_48352cd1,74,36,34,1,1
20260912_215351_529_traffic_scan_env2025_seed0-499_48352cd1,74,36,35,0,5
20260912_215351_529_traffic_scan_env2025_seed0-499_48352cd1,74,36,35,1,1
20260912_215351_529_traffic_scan_env2025_seed0-499_48352cd1,74,36,36,0,3
20260912_215351_529_traffic_scan_env2025_seed0-499_48352cd1,74,36,36,1,2
20260912_215351_529_traffic_scan_env2025_seed0-499_48352cd1,74,36,37,1,1
20260912_215351_529_traffic_scan_env2025_seed0-499_48352cd1,74,36,38,1,2
20260912_215351_529_traffic_scan_env2025_seed0-499_48352cd1,74,36,39,0,3
20260912_215351_529_traffic_scan_env2025_seed0-499_48352cd1,74,36,39,1,3
20260912_215351_529_traffic_scan_env2025_seed0-499_48352cd1,74,36,40,0,1
20260912_215351_529_traffic_scan_env2025_seed0-499_48352cd1,74,36,40,1,4
20260912_215351_529_traffic_scan_env2025_seed0-499_48352cd1,74,36,41,1,1
20260912_215351_529_traffic_scan_env2025_seed0-499_48352cd1,74,36,42,1,1
20260912_215351_529_traffic_scan_env2025_seed0-499_48352cd1,74,36,43,1,1
20260912_215351_529_traffic_scan_env2025_seed0-499_48352cd1,74,36,44,0,1
20260912_215351_529_traffic_scan_env2025_seed0-499_48352cd1,74,36,44,1,1
20260912_215351_529_traffic_scan_env2025_seed0-499_48352cd1,74,36,46,0,3
20260912_215351_529_traffic_scan_env2025_seed0-499_48352cd1,74,36,47,0,1
20260912_215351_529_traffic_scan_env2025_seed0-499_48352cd1,74,36,48,0,1
20260912_215351_529_traffic_scan_env2025_seed0-499_48352cd1,74,36,50,0,1
20260912_215351_529_traffic_scan_env2025_seed0-499_48352cd1,74,36,52,1,1
20260912_215351_529_traffic_scan_env2025_seed0-499_48352cd1,74,36,53,0,1
20260912_215351_529_traffic_scan_env2025_seed0-499_48352cd1,74,36,54,0,1
20260912_215351_529_traffic_scan_env2025_seed0-499_48352cd1,74,36,57,2,1
20260912_215351_529_traffic_scan_env2025_seed0-499_48352cd1,74,37,0,0,2
20260912_215351_529_traffic_scan_env2025_seed0-499_48352cd1,74,37,1,0,3
20260912_215351_529_traffic_scan_env2025_seed0-499_48352cd1,74,37,2,0,1
20260912_215351_529_traffic_scan_env2025_seed0-499_48352cd1,74,37,3,0,2
20260912_215351_529_traffic_scan_env2025_seed0-499_48352cd1,74,37,3,1,1
20260912_215351_529_traffic_scan_env2025_seed0-499_48352cd1,74,37,4,0,1
20260912_215351_529_traffic_scan_env2025_seed0-499_48352cd1,74,37,5,1,1
20260912_215351_529_traffic_scan_env2025_seed0-499_48352cd1,74,37,9,1,2
20260912_215351_529_traffic_scan_env2025_seed0-499_48352cd1,74,37,12,0,2
20260912_215351_529_traffic_scan_env2025_seed0-499_48352cd1,74,37,12,1,2
20260912_215351_529_traffic_scan_env2025_seed0-499_48352cd1,74,37,13,1,1
20260912_215351_529_traffic_scan_env2025_seed0-499_48352cd1,74,37,14,0,1
20260912_215351_529_traffic_scan_env2025_seed0-499_48352cd1,74,37,15,0,1
20260912_215351_529_traffic_scan_env2025_seed0-499_48352cd1,74,37,15,1,3
20260912_215351_529_traffic_scan_env2025_seed0-499_48352cd1,74,37,17,0,1
20260912_215351_529_traffic_scan_env2025_seed0-499_48352cd1,74,37,18,0,2
20260912_215351_529_traffic_scan_env2025_seed0-499_48352cd1,74,37,18,1,1
20260912_215351_529_traffic_scan_env2025_seed0-499_48352cd1,74,37,19,2,1
20260912_215351_529_traffic_scan_env2025_seed0-499_48352cd1,74,37,20,2,1
20260912_215351_529_traffic_scan_env2025_seed0-499_48352cd1,74,37,21,1,1
20260912_215351_529_traffic_scan_env2025_seed0-499_48352cd1,74,37,23,0,2
20260912_215351_529_traffic_scan_env2025_seed0-499_48352cd1,74,37,23,1,3
20260912_215351_529_traffic_scan_env2025_seed0-499_48352cd1,74,37,24,0,1
20260912_215351_529_traffic_scan_env2025_seed0-499_48352cd1,74,37,24,1,2
20260912_215351_529_traffic_scan_env2025_seed0-499_48352cd1,74,37,25,0,2
20260912_215351_529_traffic_scan_env2025_seed0-499_48352cd1,74,37,25,1,1
20260912_215351_529_traffic_scan_env2025_seed0-499_48352cd1,74,37,26,0,1
20260912_215351_529_traffic_scan_env2025_seed0-499_48352cd1,74,37,26,1,1
20260912_215351_529_traffic_scan_env2025_seed0-499_48352cd1,74,37,27,0,1
20260912_215351_529_traffic_scan_env2025_seed0-499_48352cd1,74,37,27,1,1
20260912_215351_529_traffic_scan_env2025_seed0-499_48352cd1,74,37,28,0,3
20260912_215351_529_traffic_scan_env2025_seed0-499_48352cd1,74,37,28,1,1
20260912_215351_529_traffic_scan_env2025_seed0-499_48352cd1,74,37,31,0,2
20260912_215351_529_traffic_scan_env2025_seed0-499_48352cd1,74,37,32,0,2
20260912_215351_529_traffic_scan_env2025_seed0-499_48352cd1,74,37,32,1,2
20260912_215351_529_traffic_scan_env2025_seed0-499_48352cd1,74,37,33,0,3
20260912_215351_529_traffic_scan_env2025_seed0-499_48352cd1,74,37,33,1,1
20260912_215351_529_traffic_scan_env2025_seed0-499_48352cd1,74,37,34,0,1
20260912_215351_529_traffic_scan_env2025_seed0-499_48352cd1,74,37,34,1,1
20260912_215351_529_traffic_scan_env2025_seed0-499_48352cd1,74,37,35,0,1
20260912_215351_529_traffic_scan_env2025_seed0-499_48352cd1,74,37,35,1,1
20260912_215351_529_traffic_scan_env2025_seed0-499_48352cd1,74,37,36,0,4
20260912_215351_529_traffic_scan_env2025_seed0-499_48352cd1,74,37,38,1,2
20260912_215351_529_traffic_scan_env2025_seed0-499_48352cd1,74,37,39,0,2
20260912_215351_529_traffic_scan_env2025_seed0-499_48352cd1,74,37,39,1,2
20260912_215351_529_traffic_scan_env2025_seed0-499_48352cd1,74,37,40,0,2
20260912_215351_529_traffic_scan_env2025_seed0-499_48352cd1,74,37,40,1,1
20260912_215351_529_traffic_scan_env2025_seed0-499_48352cd1,74,37,41,1,1
20260912_215351_529_traffic_scan_env2025_seed0-499_48352cd1,74,37,43,0,1
20260912_215351_529_traffic_scan_env2025_seed0-499_48352cd1,74,37,44,0,1
20260912_215351_529_traffic_scan_env2025_seed0-499_48352cd1,74,37,44,1,1
20260912_215351_529_traffic_scan_env2025_seed0-499_48352cd1,74,37,45,0,2
20260912_215351_529_traffic_scan_env2025_seed0-499_48352cd1,74,37,47,0,3
20260912_215351_529_traffic_scan_env2025_seed0-499_48352cd1,74,37,48,0,1
20260912_215351_529_traffic_scan_env2025_seed0-499_48352cd1,74,37,49,0,2
20260912_215351_529_traffic_scan_env2025_seed0-499_48352cd1,74,37,50,0,1
20260912_215351_529_traffic_scan_env2025_seed0-499_48352cd1,74,37,51,0,2
20260912_215351_529_traffic_scan_env2025_seed0-499_48352cd1,74,37,52,0,1
20260912_215351_529_traffic_scan_env2025_seed0-499_48352cd1,74,37,52,1,1
20260912_215351_529_traffic_scan_env2025_seed0-499_48352cd1,74,37,54,0,1
20260912_215351_529_traffic_scan_env2025_seed0-499_48352cd1,74,37,55,0,1
20260912_215351_529_traffic_scan_env2025_seed0-499_48352cd1,74,37,56,1,1
20260912_215351_529_traffic_scan_env2025_seed0-499_48352cd1,74,38,0,0,1
20260912_215351_529_traffic_scan_env2025_seed0-499_48352cd1,74,38,1,0,1
20260912_215351_529_traffic_scan_env2025_seed0-499_48352cd1,74,38,3,0,1
20260912_215351_529_traffic_scan_env2025_seed0-499_48352cd1,74,38,3,1,1
20260912_215351_529_traffic_scan_env2025_seed0-499_48352cd1,74,38,5,1,1
20260912_215351_529_traffic_scan_env2025_seed0-499_48352cd1,74,38,9,0,1
20260912_215351_529_traffic_scan_env2025_seed0-499_48352cd1,74,38,9,1,2
20260912_215351_529_traffic_scan_env2025_seed0-499_48352cd1,74,38,10,0,1
20260912_215351_529_traffic_scan_env2025_seed0-499_48352cd1,74,38,11,0,2
20260912_215351_529_traffic_scan_env2025_seed0-499_48352cd1,74,38,11,1,2
20260912_215351_529_traffic_scan_env2025_seed0-499_48352cd1,74,38,12,0,1
20260912_215351_529_traffic_scan_env2025_seed0-499_48352cd1,74,38,13,0,3
20260912_215351_529_traffic_scan_env2025_seed0-499_48352cd1,74,38,13,1,1
20260912_215351_529_traffic_scan_env2025_seed0-499_48352cd1,74,38,14,0,2
20260912_215351_529_traffic_scan_env2025_seed0-499_48352cd1,74,38,14,1,2
20260912_215351_529_traffic_scan_env2025_seed0-499_48352cd1,74,38,15,0,1
20260912_215351_529_traffic_scan_env2025_seed0-499_48352cd1,74,38,15,1,1
20260912_215351_529_traffic_scan_env2025_seed0-499_48352cd1,74,38,16,1,1
20260912_215351_529_traffic_scan_env2025_seed0-499_48352cd1,74,38,17,0,1
20260912_215351_529_traffic_scan_env2025_seed0-499_48352cd1,74,38,17,2,1
20260912_215351_529_traffic_scan_env2025_seed0-499_48352cd1,74,38,18,3,1
20260912_215351_529_traffic_scan_env2025_seed0-499_48352cd1,74,38,19,2,3
20260912_215351_529_traffic_scan_env2025_seed0-499_48352cd1,74,38,20,2,2
20260912_215351_529_traffic_scan_env2025_seed0-499_48352cd1,74,38,21,0,1
20260912_215351_529_traffic_scan_env2025_seed0-499_48352cd1,74,38,21,1,1
20260912_215351_529_traffic_scan_env2025_seed0-499_48352cd1,74,38,22,0,1
20260912_215351_529_traffic_scan_env2025_seed0-499_48352cd1,74,38,22,1,2
20260912_215351_529_traffic_scan_env2025_seed0-499_48352cd1,74,38,23,1,3
20260912_215351_529_traffic_scan_env2025_seed0-499_48352cd1,74,38,24,0,1
20260912_215351_529_traffic_scan_env2025_seed0-499_48352cd1,74,38,25,1,1
20260912_215351_529_traffic_scan_env2025_seed0-499_48352cd1,74,38,26,2,1
20260912_215351_529_traffic_scan_env2025_seed0-499_48352cd1,74,38,27,1,2
20260912_215351_529_traffic_scan_env2025_seed0-499_48352cd1,74,38,29,0,2
20260912_215351_529_traffic_scan_env2025_seed0-499_48352cd1,74,38,30,0,2
20260912_215351_529_traffic_scan_env2025_seed0-499_48352cd1,74,38,33,0,3
20260912_215351_529_traffic_scan_env2025_seed0-499_48352cd1,74,38,33,1,3
20260912_215351_529_traffic_scan_env2025_seed0-499_48352cd1,74,38,34,0,3
20260912_215351_529_traffic_scan_env2025_seed0-499_48352cd1,74,38,34,1,2
20260912_215351_529_traffic_scan_env2025_seed0-499_48352cd1,74,38,35,0,1
20260912_215351_529_traffic_scan_env2025_seed0-499_48352cd1,74,38,37,0,3
20260912_215351_529_traffic_scan_env2025_seed0-499_48352cd1,74,38,37,1,2
20260912_215351_529_traffic_scan_env2025_seed0-499_48352cd1,74,38,38,1,1
20260912_215351_529_traffic_scan_env2025_seed0-499_48352cd1,74,38,39,0,1
20260912_215351_529_traffic_scan_env2025_seed0-499_48352cd1,74,38,40,0,2
20260912_215351_529_traffic_scan_env2025_seed0-499_48352cd1,74,38,40,1,2
20260912_215351_529_traffic_scan_env2025_seed0-499_48352cd1,74,38,41,0,1
20260912_215351_529_traffic_scan_env2025_seed0-499_48352cd1,74,38,42,0,1
20260912_215351_529_traffic_scan_env2025_seed0-499_48352cd1,74,38,42,1,1
20260912_215351_529_traffic_scan_env2025_seed0-499_48352cd1,74,38,43,2,1
20260912_215351_529_traffic_scan_env2025_seed0-499_48352cd1,74,38,44,0,1
20260912_215351_529_traffic_scan_env2025_seed0-499_48352cd1,74,38,44,1,2
20260912_215351_529_traffic_scan_env2025_seed0-499_48352cd1,74,38,45,1,1
20260912_215351_529_traffic_scan_env2025_seed0-499_48352cd1,74,38,46,0,1
20260912_215351_529_traffic_scan_env2025_seed0-499_48352cd1,74,38,46,1,1
20260912_215351_529_traffic_scan_env2025_seed0-499_48352cd1,74,38,47,0,1
20260912_215351_529_traffic_scan_env2025_seed0-499_48352cd1,74,38,47,1,1
20260912_215351_529_traffic_scan_env2025_seed0-499_48352cd1,74,38,48,0,1
20260912_215351_529_traffic_scan_env2025_seed0-499_48352cd1,74,38,48,1,1
20260912_215351_529_traffic_scan_env2025_seed0-499_48352cd1,74,38,49,1,1
20260912_215351_529_traffic_scan_env2025_seed0-499_48352cd1,74,38,50,0,1
20260912_215351_529_traffic_scan_env2025_seed0-499_48352cd1,74,38,52,0,1
20260912_215351_529_traffic_scan_env2025_seed0-499_48352cd1,74,38,52,1,1
20260912_215351_529_traffic_scan_env2025_seed0-499_48352cd1,74,38,54,0,1
20260912_215351_529_traffic_scan_env2025_seed0-499_48352cd1,74,38,56,1,1
20260912_215351_529_traffic_scan_env2025_seed0-499_48352cd1,74,39,1,0,1
20260912_215351_529_traffic_scan_env2025_seed0-499_48352cd1,74,39,3,0,1
20260912_215351_529_traffic_scan_env2025_seed0-499_48352cd1,74,39,3,1,1
20260912_215351_529_traffic_scan_env2025_seed0-499_48352cd1,74,39,5,1,1
20260912_215351_529_traffic_scan_env2025_seed0-499_48352cd1,74,39,8,1,2
20260912_215351_529_traffic_scan_env2025_seed0-499_48352cd1,74,39,10,0,1
20260912_215351_529_traffic_scan_env2025_seed0-499_48352cd1,74,39,10,1,1
20260912_215351_529_traffic_scan_env2025_seed0-499_48352cd1,74,39,12,0,1
20260912_215351_529_traffic_scan_env2025_seed0-499_48352cd1,74,39,12,1,1
20260912_215351_529_traffic_scan_env2025_seed0-499_48352cd1,74,39,13,1,4
20260912_215351_529_traffic_scan_env2025_seed0-499_48352cd1,74,39,14,1,1
20260912_215351_529_traffic_scan_env2025_seed0-499_48352cd1,74,39,15,1,1
20260912_215351_529_traffic_scan_env2025_seed0-499_48352cd1,74,39,16,0,1
20260912_215351_529_traffic_scan_env2025_seed0-499_48352cd1,74,39,18,0,1
20260912_215351_529_traffic_scan_env2025_seed0-499_48352cd1,74,39,19,0,1
20260912_215351_529_traffic_scan_env2025_seed0-499_48352cd1,74,39,19,1,2
20260912_215351_529_traffic_scan_env2025_seed0-499_48352cd1,74,39,20,0,1
20260912_215351_529_traffic_scan_env2025_seed0-499_48352cd1,74,39,20,1,1
20260912_215351_529_traffic_scan_env2025_seed0-499_48352cd1,74,39,22,1,1
20260912_215351_529_traffic_scan_env2025_seed0-499_48352cd1,74,39,23,0,1
20260912_215351_529_traffic_scan_env2025_seed0-499_48352cd1,74,39,23,1,3
20260912_215351_529_traffic_scan_env2025_seed0-499_48352cd1,74,39,25,1,1
20260912_215351_529_traffic_scan_env2025_seed0-499_48352cd1,74,39,26,1,2
20260912_215351_529_traffic_scan_env2025_seed0-499_48352cd1,74,39,27,1,1
20260912_215351_529_traffic_scan_env2025_seed0-499_48352cd1,74,39,29,0,1
20260912_215351_529_traffic_scan_env2025_seed0-499_48352cd1,74,39,30,0,3
20260912_215351_529_traffic_scan_env2025_seed0-499_48352cd1,74,39,33,0,1
20260912_215351_529_traffic_scan_env2025_seed0-499_48352cd1,74,39,33,1,2
20260912_215351_529_traffic_scan_env2025_seed0-499_48352cd1,74,39,34,0,2
20260912_215351_529_traffic_scan_env2025_seed0-499_48352cd1,74,39,34,1,3
20260912_215351_529_traffic_scan_env2025_seed0-499_48352cd1,74,39,35,0,3
20260912_215351_529_traffic_scan_env2025_seed0-499_48352cd1,74,39,36,1,2
20260912_215351_529_traffic_scan_env2025_seed0-499_48352cd1,74,39,37,1,1
20260912_215351_529_traffic_scan_env2025_seed0-499_48352cd1,74,39,38,0,3
20260912_215351_529_traffic_scan_env2025_seed0-499_48352cd1,74,39,39,0,1
20260912_215351_529_traffic_scan_env2025_seed0-499_48352cd1,74,39,40,0,1
20260912_215351_529_traffic_scan_env2025_seed0-499_48352cd1,74,39,40,1,1
20260912_215351_529_traffic_scan_env2025_seed0-499_48352cd1,74,39,41,0,2
20260912_215351_529_traffic_scan_env2025_seed0-499_48352cd1,74,39,42,0,2
20260912_215351_529_traffic_scan_env2025_seed0-499_48352cd1,74,39,43,0,1
20260912_215351_529_traffic_scan_env2025_seed0-499_48352cd1,74,39,44,1,1
20260912_215351_529_traffic_scan_env2025_seed0-499_48352cd1,74,39,47,1,1
20260912_215351_529_traffic_scan_env2025_seed0-499_48352cd1,74,39,50,0,1
20260912_215351_529_traffic_scan_env2025_seed0-499_48352cd1,74,39,51,0,2
20260912_215351_529_traffic_scan_env2025_seed0-499_48352cd1,74,39,51,1,1
20260912_215351_529_traffic_scan_env2025_seed0-499_48352cd1,74,39,52,0,1
20260912_215351_529_traffic_scan_env2025_seed0-499_48352cd1,74,39,53,0,2
20260912_215351_529_traffic_scan_env2025_seed0-499_48352cd1,74,39,54,0,2
20260912_215351_529_traffic_scan_env2025_seed0-499_48352cd1,74,39,55,0,2
20260912_215351_529_traffic_scan_env2025_seed0-499_48352cd1,74,39,56,0,1
20260912_215351_529_traffic_scan_env2025_seed0-499_48352cd1,74,39,56,1,1
20260912_215351_529_traffic_scan_env2025_seed0-499_48352cd1,74,39,57,0,1
20260912_215351_529_traffic_scan_env2025_seed0-499_48352cd1,74,40,1,0,1
20260912_215351_529_traffic_scan_env2025_seed0-499_48352cd1,74,40,3,0,1
20260912_215351_529_traffic_scan_env2025_seed0-499_48352cd1,74,40,3,1,1
20260912_215351_529_traffic_scan_env2025_seed0-499_48352cd1,74,40,5,1,1
20260912_215351_529_traffic_scan_env2025_seed0-499_48352cd1,74,40,6,0,1
20260912_215351_529_traffic_scan_env2025_seed0-499_48352cd1,74,40,8,1,2
20260912_215351_529_traffic_scan_env2025_seed0-499_48352cd1,74,40,9,0,1
20260912_215351_529_traffic_scan_env2025_seed0-499_48352cd1,74,40,9,1,1
20260912_215351_529_traffic_scan_env2025_seed0-499_48352cd1,74,40,11,0,1
20260912_215351_529_traffic_scan_env2025_seed0-499_48352cd1,74,40,12,0,2
20260912_215351_529_traffic_scan_env2025_seed0-499_48352cd1,74,40,12,1,1
20260912_215351_529_traffic_scan_env2025_seed0-499_48352cd1,74,40,13,1,2
20260912_215351_529_traffic_scan_env2025_seed0-499_48352cd1,74,40,15,1,3
20260912_215351_529_traffic_scan_env2025_seed0-499_48352cd1,74,40,17,0,1
20260912_215351_529_traffic_scan_env2025_seed0-499_48352cd1,74,40,19,0,1
20260912_215351_529_traffic_scan_env2025_seed0-499_48352cd1,74,40,20,1,2
20260912_215351_529_traffic_scan_env2025_seed0-499_48352cd1,74,40,21,0,1
20260912_215351_529_traffic_scan_env2025_seed0-499_48352cd1,74,40,22,0,1
20260912_215351_529_traffic_scan_env2025_seed0-499_48352cd1,74,40,23,1,2
20260912_215351_529_traffic_scan_env2025_seed0-499_48352cd1,74,40,24,1,2
20260912_215351_529_traffic_scan_env2025_seed0-499_48352cd1,74,40,25,0,1
20260912_215351_529_traffic_scan_env2025_seed0-499_48352cd1,74,40,25,1,1
20260912_215351_529_traffic_scan_env2025_seed0-499_48352cd1,74,40,26,1,1
20260912_215351_529_traffic_scan_env2025_seed0-499_48352cd1,74,40,27,1,1
20260912_215351_529_traffic_scan_env2025_seed0-499_48352cd1,74,40,28,0,1
20260912_215351_529_traffic_scan_env2025_seed0-499_48352cd1,74,40,30,0,1
20260912_215351_529_traffic_scan_env2025_seed0-499_48352cd1,74,40,31,0,3
20260912_215351_529_traffic_scan_env2025_seed0-499_48352cd1,74,40,32,0,3
20260912_215351_529_traffic_scan_env2025_seed0-499_48352cd1,74,40,32,1,2
20260912_215351_529_traffic_scan_env2025_seed0-499_48352cd1,74,40,34,0,1
20260912_215351_529_traffic_scan_env2025_seed0-499_48352cd1,74,40,34,1,1
20260912_215351_529_traffic_scan_env2025_seed0-499_48352cd1,74,40,35,0,2
20260912_215351_529_traffic_scan_env2025_seed0-499_48352cd1,74,40,35,1,4
20260912_215351_529_traffic_scan_env2025_seed0-499_48352cd1,74,40,36,0,2
20260912_215351_529_traffic_scan_env2025_seed0-499_48352cd1,74,40,36,1,1
20260912_215351_529_traffic_scan_env2025_seed0-499_48352cd1,74,40,39,0,4
20260912_215351_529_traffic_scan_env2025_seed0-499_48352cd1,74,40,40,0,1
20260912_215351_529_traffic_scan_env2025_seed0-499_48352cd1,74,40,40,1,1
20260912_215351_529_traffic_scan_env2025_seed0-499_48352cd1,74,40,41,0,1
20260912_215351_529_traffic_scan_env2025_seed0-499_48352cd1,74,40,42,0,3
20260912_215351_529_traffic_scan_env2025_seed0-499_48352cd1,74,40,43,0,1
20260912_215351_529_traffic_scan_env2025_seed0-499_48352cd1,74,40,44,1,1
20260912_215351_529_traffic_scan_env2025_seed0-499_48352cd1,74,40,47,1,1
20260912_215351_529_traffic_scan_env2025_seed0-499_48352cd1,74,40,50,0,1
20260912_215351_529_traffic_scan_env2025_seed0-499_48352cd1,74,40,50,1,1
20260912_215351_529_traffic_scan_env2025_seed0-499_48352cd1,74,40,51,0,1
20260912_215351_529_traffic_scan_env2025_seed0-499_48352cd1,74,40,52,0,2
20260912_215351_529_traffic_scan_env2025_seed0-499_48352cd1,74,40,53,0,1
20260912_215351_529_traffic_scan_env2025_seed0-499_48352cd1,74,40,54,0,1
20260912_215351_529_traffic_scan_env2025_seed0-499_48352cd1,74,40,55,0,2
20260912_215351_529_traffic_scan_env2025_seed0-499_48352cd1,74,40,56,0,2
20260912_215351_529_traffic_scan_env2025_seed0-499_48352cd1,74,40,57,0,1
20260912_215351_529_traffic_scan_env2025_seed0-499_48352cd1,74,41,1,0,1
20260912_215351_529_traffic_scan_env2025_seed0-499_48352cd1,74,41,2,0,1
20260912_215351_529_traffic_scan_env2025_seed0-499_48352cd1,74,41,3,0,1
20260912_215351_529_traffic_scan_env2025_seed0-499_48352cd1,74,41,5,1,1
20260912_215351_529_traffic_scan_env2025_seed0-499_48352cd1,74,41,7,0,1
20260912_215351_529_traffic_scan_env2025_seed0-499_48352cd1,74,41,8,1,3
20260912_215351_529_traffic_scan_env2025_seed0-499_48352cd1,74,41,9,0,1
20260912_215351_529_traffic_scan_env2025_seed0-499_48352cd1,74,41,11,0,3
20260912_215351_529_traffic_scan_env2025_seed0-499_48352cd1,74,41,11,1,2
20260912_215351_529_traffic_scan_env2025_seed0-499_48352cd1,74,41,12,2,2
20260912_215351_529_traffic_scan_env2025_seed0-499_48352cd1,74,41,13,2,2
20260912_215351_529_traffic_scan_env2025_seed0-499_48352cd1,74,41,14,0,2
20260912_215351_529_traffic_scan_env2025_seed0-499_48352cd1,74,41,14,1,1
20260912_215351_529_traffic_scan_env2025_seed0-499_48352cd1,74,41,15,1,1
20260912_215351_529_traffic_scan_env2025_seed0-499_48352cd1,74,41,16,0,1
20260912_215351_529_traffic_scan_env2025_seed0-499_48352cd1,74,41,16,1,2
20260912_215351_529_traffic_scan_env2025_seed0-499_48352cd1,74,41,17,1,1
20260912_215351_529_traffic_scan_env2025_seed0-499_48352cd1,74,41,18,1,1
20260912_215351_529_traffic_scan_env2025_seed0-499_48352cd1,74,41,19,0,1
20260912_215351_529_traffic_scan_env2025_seed0-499_48352cd1,74,41,19,1,1
20260912_215351_529_traffic_scan_env2025_seed0-499_48352cd1,74,41,20,0,1
20260912_215351_529_traffic_scan_env2025_seed0-499_48352cd1,74,41,20,1,2
20260912_215351_529_traffic_scan_env2025_seed0-499_48352cd1,74,41,21,0,1
20260912_215351_529_traffic_scan_env2025_seed0-499_48352cd1,74,41,21,1,2
20260912_215351_529_traffic_scan_env2025_seed0-499_48352cd1,74,41,22,1,1
20260912_215351_529_traffic_scan_env2025_seed0-499_48352cd1,74,41,23,1,3
20260912_215351_529_traffic_scan_env2025_seed0-499_48352cd1,74,41,24,0,1
20260912_215351_529_traffic_scan_env2025_seed0-499_48352cd1,74,41,24,1,2
20260912_215351_529_traffic_scan_env2025_seed0-499_48352cd1,74,41,25,1,1
20260912_215351_529_traffic_scan_env2025_seed0-499_48352cd1,74,41,26,0,1
20260912_215351_529_traffic_scan_env2025_seed0-499_48352cd1,74,41,26,1,2
20260912_215351_529_traffic_scan_env2025_seed0-499_48352cd1,74,41,27,0,1
20260912_215351_529_traffic_scan_env2025_seed0-499_48352cd1,74,41,27,1,2
20260912_215351_529_traffic_scan_env2025_seed0-499_48352cd1,74,41,28,1,1
20260912_215351_529_traffic_scan_env2025_seed0-499_48352cd1,74,41,29,0,1
20260912_215351_529_traffic_scan_env2025_seed0-499_48352cd1,74,41,29,1,1
20260912_215351_529_traffic_scan_env2025_seed0-499_48352cd1,74,41,30,0,1
20260912_215351_529_traffic_scan_env2025_seed0-499_48352cd1,74,41,30,1,1
20260912_215351_529_traffic_scan_env2025_seed0-499_48352cd1,74,41,31,1,2
20260912_215351_529_traffic_scan_env2025_seed0-499_48352cd1,74,41,32,1,1
20260912_215351_529_traffic_scan_env2025_seed0-499_48352cd1,74,41,33,0,2
20260912_215351_529_traffic_scan_env2025_seed0-499_48352cd1,74,41,33,1,2
20260912_215351_529_traffic_scan_env2025_seed0-499_48352cd1,74,41,34,0,1
20260912_215351_529_traffic_scan_env2025_seed0-499_48352cd1,74,41,34,1,4
20260912_215351_529_traffic_scan_env2025_seed0-499_48352cd1,74,41,35,0,1
20260912_215351_529_traffic_scan_env2025_seed0-499_48352cd1,74,41,35,1,2
20260912_215351_529_traffic_scan_env2025_seed0-499_48352cd1,74,41,36,0,1
20260912_215351_529_traffic_scan_env2025_seed0-499_48352cd1,74,41,36,1,3
20260912_215351_529_traffic_scan_env2025_seed0-499_48352cd1,74,41,37,0,2
20260912_215351_529_traffic_scan_env2025_seed0-499_48352cd1,74,41,37,1,1
20260912_215351_529_traffic_scan_env2025_seed0-499_48352cd1,74,41,38,1,1
20260912_215351_529_traffic_scan_env2025_seed0-499_48352cd1,74,41,39,1,1
20260912_215351_529_traffic_scan_env2025_seed0-499_48352cd1,74,41,40,0,6
20260912_215351_529_traffic_scan_env2025_seed0-499_48352cd1,74,41,40,1,2
20260912_215351_529_traffic_scan_env2025_seed0-499_48352cd1,74,41,41,0,1
20260912_215351_529_traffic_scan_env2025_seed0-499_48352cd1,74,41,41,1,1
20260912_215351_529_traffic_scan_env2025_seed0-499_48352cd1,74,41,42,1,1
20260912_215351_529_traffic_scan_env2025_seed0-499_48352cd1,74,41,43,0,2
20260912_215351_529_traffic_scan_env2025_seed0-499_48352cd1,74,41,43,1,1
20260912_215351_529_traffic_scan_env2025_seed0-499_48352cd1,74,41,44,0,1
20260912_215351_529_traffic_scan_env2025_seed0-499_48352cd1,74,41,44,1,2
20260912_215351_529_traffic_scan_env2025_seed0-499_48352cd1,74,41,45,1,1
20260912_215351_529_traffic_scan_env2025_seed0-499_48352cd1,74,41,46,1,1
20260912_215351_529_traffic_scan_env2025_seed0-499_48352cd1,74,41,47,0,1
20260912_215351_529_traffic_scan_env2025_seed0-499_48352cd1,74,41,47,1,1
20260912_215351_529_traffic_scan_env2025_seed0-499_48352cd1,74,41,49,0,1
20260912_215351_529_traffic_scan_env2025_seed0-499_48352cd1,74,41,49,1,1
20260912_215351_529_traffic_scan_env2025_seed0-499_48352cd1,74,41,53,0,1
20260912_215351_529_traffic_scan_env2025_seed0-499_48352cd1,74,41,56,0,1
20260912_215351_529_traffic_scan_env2025_seed0-499_48352cd1,74,41,57,0,1
20260912_215351_529_traffic_scan_env2025_seed0-499_48352cd1,74,42,1,0,2
20260912_215351_529_traffic_scan_env2025_seed0-499_48352cd1,74,42,2,0,4
20260912_215351_529_traffic_scan_env2025_seed0-499_48352cd1,74,42,3,0,4
20260912_215351_529_traffic_scan_env2025_seed0-499_48352cd1,74,42,5,1,1
20260912_215351_529_traffic_scan_env2025_seed0-499_48352cd1,74,42,7,1,1
20260912_215351_529_traffic_scan_env2025_seed0-499_48352cd1,74,42,8,0,2
20260912_215351_529_traffic_scan_env2025_seed0-499_48352cd1,74,42,8,1,2
20260912_215351_529_traffic_scan_env2025_seed0-499_48352cd1,74,42,9,0,5
20260912_215351_529_traffic_scan_env2025_seed0-499_48352cd1,74,42,10,0,5
20260912_215351_529_traffic_scan_env2025_seed0-499_48352cd1,74,42,14,0,2
20260912_215351_529_traffic_scan_env2025_seed0-499_48352cd1,74,42,14,1,3
20260912_215351_529_traffic_scan_env2025_seed0-499_48352cd1,74,42,15,0,1
20260912_215351_529_traffic_scan_env2025_seed0-499_48352cd1,74,42,15,1,5
20260912_215351_529_traffic_scan_env2025_seed0-499_48352cd1,74,42,16,2,3
20260912_215351_529_traffic_scan_env2025_seed0-499_48352cd1,74,42,17,1,1
20260912_215351_529_traffic_scan_env2025_seed0-499_48352cd1,74,42,18,1,1
20260912_215351_529_traffic_scan_env2025_seed0-499_48352cd1,74,42,19,0,2
20260912_215351_529_traffic_scan_env2025_seed0-499_48352cd1,74,42,19,1,1
20260912_215351_529_traffic_scan_env2025_seed0-499_48352cd1,74,42,20,0,1
20260912_215351_529_traffic_scan_env2025_seed0-499_48352cd1,74,42,20,1,2
20260912_215351_529_traffic_scan_env2025_seed0-499_48352cd1,74,42,21,1,1
20260912_215351_529_traffic_scan_env2025_seed0-499_48352cd1,74,42,22,1,2
20260912_215351_529_traffic_scan_env2025_seed0-499_48352cd1,74,42,23,1,4
20260912_215351_529_traffic_scan_env2025_seed0-499_48352cd1,74,42,24,0,2
20260912_215351_529_traffic_scan_env2025_seed0-499_48352cd1,74,42,25,0,1
20260912_215351_529_traffic_scan_env2025_seed0-499_48352cd1,74,42,26,0,1
20260912_215351_529_traffic_scan_env2025_seed0-499_48352cd1,74,42,26,1,1
20260912_215351_529_traffic_scan_env2025_seed0-499_48352cd1,74,42,27,0,1
20260912_215351_529_traffic_scan_env2025_seed0-499_48352cd1,74,42,27,1,1
20260912_215351_529_traffic_scan_env2025_seed0-499_48352cd1,74,42,28,0,1
20260912_215351_529_traffic_scan_env2025_seed0-499_48352cd1,74,42,29,0,1
20260912_215351_529_traffic_scan_env2025_seed0-499_48352cd1,74,42,30,1,1
20260912_215351_529_traffic_scan_env2025_seed0-499_48352cd1,74,42,33,1,3
20260912_215351_529_traffic_scan_env2025_seed0-499_48352cd1,74,42,34,0,3
20260912_215351_529_traffic_scan_env2025_seed0-499_48352cd1,74,42,34,1,2
20260912_215351_529_traffic_scan_env2025_seed0-499_48352cd1,74,42,35,0,1
20260912_215351_529_traffic_scan_env2025_seed0-499_48352cd1,74,42,37,0,1
20260912_215351_529_traffic_scan_env2025_seed0-499_48352cd1,74,42,37,1,2
20260912_215351_529_traffic_scan_env2025_seed0-499_48352cd1,74,42,38,0,2
20260912_215351_529_traffic_scan_env2025_seed0-499_48352cd1,74,42,39,0,1
20260912_215351_529_traffic_scan_env2025_seed0-499_48352cd1,74,42,40,0,2
20260912_215351_529_traffic_scan_env2025_seed0-499_48352cd1,74,42,40,1,1
20260912_215351_529_traffic_scan_env2025_seed0-499_48352cd1,74,42,41,0,4
20260912_215351_529_traffic_scan_env2025_seed0-499_48352cd1,74,42,44,0,2
20260912_215351_529_traffic_scan_env2025_seed0-499_48352cd1,74,42,44,1,1
20260912_215351_529_traffic_scan_env2025_seed0-499_48352cd1,74,42,45,0,1
20260912_215351_529_traffic_scan_env2025_seed0-499_48352cd1,74,42,47,0,1
20260912_215351_529_traffic_scan_env2025_seed0-499_48352cd1,74,42,48,0,1
20260912_215351_529_traffic_scan_env2025_seed0-499_48352cd1,74,42,48,1,1
20260912_215351_529_traffic_scan_env2025_seed0-499_48352cd1,74,42,54,0,1
20260912_215351_529_traffic_scan_env2025_seed0-499_48352cd1,74,42,57,0,2
20260912_215351_529_traffic_scan_env2025_seed0-499_48352cd1,74,43,0,0,1
20260912_215351_529_traffic_scan_env2025_seed0-499_48352cd1,74,43,1,0,4
20260912_215351_529_traffic_scan_env2025_seed0-499_48352cd1,74,43,4,0,4
20260912_215351_529_traffic_scan_env2025_seed0-499_48352cd1,74,43,5,1,3
20260912_215351_529_traffic_scan_env2025_seed0-499_48352cd1,74,43,6,1,3
20260912_215351_529_traffic_scan_env2025_seed0-499_48352cd1,74,43,7,0,2
20260912_215351_529_traffic_scan_env2025_seed0-499_48352cd1,74,43,8,0,3
20260912_215351_529_traffic_scan_env2025_seed0-499_48352cd1,74,43,8,1,2
20260912_215351_529_traffic_scan_env2025_seed0-499_48352cd1,74,43,10,0,4
20260912_215351_529_traffic_scan_env2025_seed0-499_48352cd1,74,43,14,0,5
20260912_215351_529_traffic_scan_env2025_seed0-499_48352cd1,74,43,14,1,2
20260912_215351_529_traffic_scan_env2025_seed0-499_48352cd1,74,43,17,1,3
20260912_215351_529_traffic_scan_env2025_seed0-499_48352cd1,74,43,18,0,3
20260912_215351_529_traffic_scan_env2025_seed0-499_48352cd1,74,43,18,1,1
20260912_215351_529_traffic_scan_env2025_seed0-499_48352cd1,74,43,19,0,4
20260912_215351_529_traffic_scan_env2025_seed0-499_48352cd1,74,43,20,0,2
20260912_215351_529_traffic_scan_env2025_seed0-499_48352cd1,74,43,20,1,1
20260912_215351_529_traffic_scan_env2025_seed0-499_48352cd1,74,43,21,0,2
20260912_215351_529_traffic_scan_env2025_seed0-499_48352cd1,74,43,22,0,3
20260912_215351_529_traffic_scan_env2025_seed0-499_48352cd1,74,43,23,0,3
20260912_215351_529_traffic_scan_env2025_seed0-499_48352cd1,74,43,23,1,3
20260912_215351_529_traffic_scan_env2025_seed0-499_48352cd1,74,43,24,0,2
20260912_215351_529_traffic_scan_env2025_seed0-499_48352cd1,74,43,25,0,2
20260912_215351_529_traffic_scan_env2025_seed0-499_48352cd1,74,43,26,0,2
20260912_215351_529_traffic_scan_env2025_seed0-499_48352cd1,74,43,26,1,1
20260912_215351_529_traffic_scan_env2025_seed0-499_48352cd1,74,43,27,0,3
20260912_215351_529_traffic_scan_env2025_seed0-499_48352cd1,74,43,27,1,1
20260912_215351_529_traffic_scan_env2025_seed0-499_48352cd1,74,43,28,0,4
20260912_215351_529_traffic_scan_env2025_seed0-499_48352cd1,74,43,29,0,2
20260912_215351_529_traffic_scan_env2025_seed0-499_48352cd1,74,43,29,1,1
20260912_215351_529_traffic_scan_env2025_seed0-499_48352cd1,74,43,30,0,2
20260912_215351_529_traffic_scan_env2025_seed0-499_48352cd1,74,43,31,0,2
20260912_215351_529_traffic_scan_env2025_seed0-499_48352cd1,74,43,32,0,4
20260912_215351_529_traffic_scan_env2025_seed0-499_48352cd1,74,43,33,0,2
20260912_215351_529_traffic_scan_env2025_seed0-499_48352cd1,74,43,33,1,2
20260912_215351_529_traffic_scan_env2025_seed0-499_48352cd1,74,43,34,0,3
20260912_215351_529_traffic_scan_env2025_seed0-499_48352cd1,74,43,35,0,6
20260912_215351_529_traffic_scan_env2025_seed0-499_48352cd1,74,43,36,0,2
20260912_215351_529_traffic_scan_env2025_seed0-499_48352cd1,74,43,37,0,2
20260912_215351_529_traffic_scan_env2025_seed0-499_48352cd1,74,43,38,0,5
20260912_215351_529_traffic_scan_env2025_seed0-499_48352cd1,74,43,38,1,2
20260912_215351_529_traffic_scan_env2025_seed0-499_48352cd1,74,43,39,0,6
20260912_215351_529_traffic_scan_env2025_seed0-499_48352cd1,74,43,39,1,2
20260912_215351_529_traffic_scan_env2025_seed0-499_48352cd1,74,43,40,0,1
20260912_215351_529_traffic_scan_env2025_seed0-499_48352cd1,74,43,40,1,2
20260912_215351_529_traffic_scan_env2025_seed0-499_48352cd1,74,43,41,1,1
20260912_215351_529_traffic_scan_env2025_seed0-499_48352cd1,74,43,42,0,4
20260912_215351_529_traffic_scan_env2025_seed0-499_48352cd1,74,43,42,1,1
20260912_215351_529_traffic_scan_env2025_seed0-499_48352cd1,74,43,43,1,1
20260912_215351_529_traffic_scan_env2025_seed0-499_48352cd1,74,43,44,1,2
20260912_215351_529_traffic_scan_env2025_seed0-499_48352cd1,74,43,45,0,2
20260912_215351_529_traffic_scan_env2025_seed0-499_48352cd1,74,43,45,1,1
20260912_215351_529_traffic_scan_env2025_seed0-499_48352cd1,74,43,46,2,1
20260912_215351_529_traffic_scan_env2025_seed0-499_48352cd1,74,43,47,0,1
20260912_215351_529_traffic_scan_env2025_seed0-499_48352cd1,74,43,47,1,2
20260912_215351_529_traffic_scan_env2025_seed0-499_48352cd1,74,43,48,1,1
20260912_215351_529_traffic_scan_env2025_seed0-499_48352cd1,74,43,49,1,1
20260912_215351_529_traffic_scan_env2025_seed0-499_48352cd1,74,43,50,1,1
20260912_215351_529_traffic_scan_env2025_seed0-499_48352cd1,74,43,51,1,1
20260912_215351_529_traffic_scan_env2025_seed0-499_48352cd1,74,43,54,0,1
20260912_215351_529_traffic_scan_env2025_seed0-499_48352cd1,74,43,55,0,1
20260912_215351_529_traffic_scan_env2025_seed0-499_48352cd1,74,43,57,0,1
20260912_215351_529_traffic_scan_env2025_seed0-499_48352cd1,74,43,58,0,1
20260912_215351_529_traffic_scan_env2025_seed0-499_48352cd1,74,44,1,0,2
20260912_215351_529_traffic_scan_env2025_seed0-499_48352cd1,74,44,4,0,1
20260912_215351_529_traffic_scan_env2025_seed0-499_48352cd1,74,44,5,0,3
20260912_215351_529_traffic_scan_env2025_seed0-499_48352cd1,74,44,6,0,2
20260912_215351_529_traffic_scan_env2025_seed0-499_48352cd1,74,44,7,0,1
20260912_215351_529_traffic_scan_env2025_seed0-499_48352cd1,74,44,8,1,2
20260912_215351_529_traffic_scan_env2025_seed0-499_48352cd1,74,44,9,0,3
20260912_215351_529_traffic_scan_env2025_seed0-499_48352cd1,74,44,10,0,2
20260912_215351_529_traffic_scan_env2025_seed0-499_48352cd1,74,44,13,0,4
20260912_215351_529_traffic_scan_env2025_seed0-499_48352cd1,74,44,13,1,2
20260912_215351_529_traffic_scan_env2025_seed0-499_48352cd1,74,44,14,0,1
20260912_215351_529_traffic_scan_env2025_seed0-499_48352cd1,74,44,17,0,1
20260912_215351_529_traffic_scan_env2025_seed0-499_48352cd1,74,44,18,0,1
20260912_215351_529_traffic_scan_env2025_seed0-499_48352cd1,74,44,19,0,1
20260912_215351_529_traffic_scan_env2025_seed0-499_48352cd1,74,44,19,1,1
20260912_215351_529_traffic_scan_env2025_seed0-499_48352cd1,74,44,20,1,1
20260912_215351_529_traffic_scan_env2025_seed0-499_48352cd1,74,44,21,0,1
20260912_215351_529_traffic_scan_env2025_seed0-499_48352cd1,74,44,22,0,2
20260912_215351_529_traffic_scan_env2025_seed0-499_48352cd1,74,44,23,2,1
20260912_215351_529_traffic_scan_env2025_seed0-499_48352cd1,74,44,24,2,1
20260912_215351_529_traffic_scan_env2025_seed0-499_48352cd1,74,44,26,0,1
20260912_215351_529_traffic_scan_env2025_seed0-499_48352cd1,74,44,26,1,1
20260912_215351_529_traffic_scan_env2025_seed0-499_48352cd1,74,44,27,0,1
20260912_215351_529_traffic_scan_env2025_seed0-499_48352cd1,74,44,27,1,1
20260912_215351_529_traffic_scan_env2025_seed0-499_48352cd1,74,44,28,1,1
20260912_215351_529_traffic_scan_env2025_seed0-499_48352cd1,74,44,29,0,1
20260912_215351_529_traffic_scan_env2025_seed0-499_48352cd1,74,44,31,0,2
20260912_215351_529_traffic_scan_env2025_seed0-499_48352cd1,74,44,32,1,1
20260912_215351_529_traffic_scan_env2025_seed0-499_48352cd1,74,44,33,1,1
20260912_215351_529_traffic_scan_env2025_seed0-499_48352cd1,74,44,34,0,1
20260912_215351_529_traffic_scan_env2025_seed0-499_48352cd1,74,44,35,0,2
20260912_215351_529_traffic_scan_env2025_seed0-499_48352cd1,74,44,36,0,2
20260912_215351_529_traffic_scan_env2025_seed0-499_48352cd1,74,44,37,0,2
20260912_215351_529_traffic_scan_env2025_seed0-499_48352cd1,74,44,40,0,6
20260912_215351_529_traffic_scan_env2025_seed0-499_48352cd1,74,44,40,1,2
20260912_215351_529_traffic_scan_env2025_seed0-499_48352cd1,74,44,41,0,2
20260912_215351_529_traffic_scan_env2025_seed0-499_48352cd1,74,44,42,0,2
20260912_215351_529_traffic_scan_env2025_seed0-499_48352cd1,74,44,43,0,6
20260912_215351_529_traffic_scan_env2025_seed0-499_48352cd1,74,44,44,0,1
20260912_215351_529_traffic_scan_env2025_seed0-499_48352cd1,74,44,44,1,1
20260912_215351_529_traffic_scan_env2025_seed0-499_48352cd1,74,44,45,0,1
20260912_215351_529_traffic_scan_env2025_seed0-499_48352cd1,74,44,46,0,3
20260912_215351_529_traffic_scan_env2025_seed0-499_48352cd1,74,44,46,1,1
20260912_215351_529_traffic_scan_env2025_seed0-499_48352cd1,74,44,47,0,1
20260912_215351_529_traffic_scan_env2025_seed0-499_48352cd1,74,44,52,0,1
20260912_215351_529_traffic_scan_env2025_seed0-499_48352cd1,74,44,53,0,1
20260912_215351_529_traffic_scan_env2025_seed0-499_48352cd1,74,44,55,0,1
20260912_215351_529_traffic_scan_env2025_seed0-499_48352cd1,74,44,56,1,1
20260912_215351_529_traffic_scan_env2025_seed0-499_48352cd1,74,44,57,0,2
20260912_215351_529_traffic_scan_env2025_seed0-499_48352cd1,74,44,58,0,1
20260912_215351_529_traffic_scan_env2025_seed0-499_48352cd1,74,44,59,0,1
20260912_215351_529_traffic_scan_env2025_seed0-499_48352cd1,74,45,1,0,1
20260912_215351_529_traffic_scan_env2025_seed0-499_48352cd1,74,45,2,0,1
20260912_215351_529_traffic_scan_env2025_seed0-499_48352cd1,74,45,3,0,1
20260912_215351_529_traffic_scan_env2025_seed0-499_48352cd1,74,45,4,0,1
20260912_215351_529_traffic_scan_env2025_seed0-499_48352cd1,74,45,5,0,2
20260912_215351_529_traffic_scan_env2025_seed0-499_48352cd1,74,45,7,0,1
20260912_215351_529_traffic_scan_env2025_seed0-499_48352cd1,74,45,8,0,2
20260912_215351_529_traffic_scan_env2025_seed0-499_48352cd1,74,45,8,1,2
20260912_215351_529_traffic_scan_env2025_seed0-499_48352cd1,74,45,9,0,1
20260912_215351_529_traffic_scan_env2025_seed0-499_48352cd1,74,45,11,0,3
20260912_215351_529_traffic_scan_env2025_seed0-499_48352cd1,74,45,12,0,2
20260912_215351_529_traffic_scan_env2025_seed0-499_48352cd1,74,45,12,1,2
20260912_215351_529_traffic_scan_env2025_seed0-499_48352cd1,74,45,13,0,1
20260912_215351_529_traffic_scan_env2025_seed0-499_48352cd1,74,45,14,0,2
20260912_215351_529_traffic_scan_env2025_seed0-499_48352cd1,74,45,16,0,1
20260912_215351_529_traffic_scan_env2025_seed0-499_48352cd1,74,45,17,0,1
20260912_215351_529_traffic_scan_env2025_seed0-499_48352cd1,74,45,19,0,1
20260912_215351_529_traffic_scan_env2025_seed0-499_48352cd1,74,45,20,1,2
20260912_215351_529_traffic_scan_env2025_seed0-499_48352cd1,74,45,21,0,2
20260912_215351_529_traffic_scan_env2025_seed0-499_48352cd1,74,45,21,1,1
20260912_215351_529_traffic_scan_env2025_seed0-499_48352cd1,74,45,22,0,1
20260912_215351_529_traffic_scan_env2025_seed0-499_48352cd1,74,45,22,1,1
20260912_215351_529_traffic_scan_env2025_seed0-499_48352cd1,74,45,23,2,1
20260912_215351_529_traffic_scan_env2025_seed0-499_48352cd1,74,45,25,0,1
20260912_215351_529_traffic_scan_env2025_seed0-499_48352cd1,74,45,25,1,1
20260912_215351_529_traffic_scan_env2025_seed0-499_48352cd1,74,45,26,0,1
20260912_215351_529_traffic_scan_env2025_seed0-499_48352cd1,74,45,26,1,1
20260912_215351_529_traffic_scan_env2025_seed0-499_48352cd1,74,45,27,1,2
20260912_215351_529_traffic_scan_env2025_seed0-499_48352cd1,74,45,30,0,3
20260912_215351_529_traffic_scan_env2025_seed0-499_48352cd1,74,45,31,1,1
20260912_215351_529_traffic_scan_env2025_seed0-499_48352cd1,74,45,34,0,1
20260912_215351_529_traffic_scan_env2025_seed0-499_48352cd1,74,45,34,1,1
20260912_215351_529_traffic_scan_env2025_seed0-499_48352cd1,74,45,35,0,2
20260912_215351_529_traffic_scan_env2025_seed0-499_48352cd1,74,45,36,0,1
20260912_215351_529_traffic_scan_env2025_seed0-499_48352cd1,74,45,37,0,3
20260912_215351_529_traffic_scan_env2025_seed0-499_48352cd1,74,45,40,0,3
20260912_215351_529_traffic_scan_env2025_seed0-499_48352cd1,74,45,40,1,1
20260912_215351_529_traffic_scan_env2025_seed0-499_48352cd1,74,45,41,0,1
20260912_215351_529_traffic_scan_env2025_seed0-499_48352cd1,74,45,41,1,1
20260912_215351_529_traffic_scan_env2025_seed0-499_48352cd1,74,45,44,0,5
20260912_215351_529_traffic_scan_env2025_seed0-499_48352cd1,74,45,44,1,1
20260912_215351_529_traffic_scan_env2025_seed0-499_48352cd1,74,45,45,1,1
20260912_215351_529_traffic_scan_env2025_seed0-499_48352cd1,74,45,47,0,4
20260912_215351_529_traffic_scan_env2025_seed0-499_48352cd1,74,45,49,0,1
20260912_215351_529_traffic_scan_env2025_seed0-499_48352cd1,74,45,57,0,1
20260912_215351_529_traffic_scan_env2025_seed0-499_48352cd1,74,46,1,0,1
20260912_215351_529_traffic_scan_env2025_seed0-499_48352cd1,74,46,2,0,1
20260912_215351_529_traffic_scan_env2025_seed0-499_48352cd1,74,46,3,0,2
20260912_215351_529_traffic_scan_env2025_seed0-499_48352cd1,74,46,4,0,1
20260912_215351_529_traffic_scan_env2025_seed0-499_48352cd1,74,46,6,0,1
20260912_215351_529_traffic_scan_env2025_seed0-499_48352cd1,74,46,7,0,2
20260912_215351_529_traffic_scan_env2025_seed0-499_48352cd1,74,46,8,0,1
20260912_215351_529_traffic_scan_env2025_seed0-499_48352cd1,74,46,8,1,1
20260912_215351_529_traffic_scan_env2025_seed0-499_48352cd1,74,46,9,0,2
20260912_215351_529_traffic_scan_env2025_seed0-499_48352cd1,74,46,10,0,1
20260912_215351_529_traffic_scan_env2025_seed0-499_48352cd1,74,46,11,1,2
20260912_215351_529_traffic_scan_env2025_seed0-499_48352cd1,74,46,12,0,2
20260912_215351_529_traffic_scan_env2025_seed0-499_48352cd1,74,46,13,0,2
20260912_215351_529_traffic_scan_env2025_seed0-499_48352cd1,74,46,14,0,2
20260912_215351_529_traffic_scan_env2025_seed0-499_48352cd1,74,46,15,0,2
20260912_215351_529_traffic_scan_env2025_seed0-499_48352cd1,74,46,16,0,1
20260912_215351_529_traffic_scan_env2025_seed0-499_48352cd1,74,46,19,0,1
20260912_215351_529_traffic_scan_env2025_seed0-499_48352cd1,74,46,20,0,2
20260912_215351_529_traffic_scan_env2025_seed0-499_48352cd1,74,46,20,1,1
20260912_215351_529_traffic_scan_env2025_seed0-499_48352cd1,74,46,23,0,2
20260912_215351_529_traffic_scan_env2025_seed0-499_48352cd1,74,46,23,1,2
20260912_215351_529_traffic_scan_env2025_seed0-499_48352cd1,74,46,24,0,1
20260912_215351_529_traffic_scan_env2025_seed0-499_48352cd1,74,46,25,0,1
20260912_215351_529_traffic_scan_env2025_seed0-499_48352cd1,74,46,26,1,3
20260912_215351_529_traffic_scan_env2025_seed0-499_48352cd1,74,46,27,1,1
20260912_215351_529_traffic_scan_env2025_seed0-499_48352cd1,74,46,29,0,2
20260912_215351_529_traffic_scan_env2025_seed0-499_48352cd1,74,46,31,0,1
20260912_215351_529_traffic_scan_env2025_seed0-499_48352cd1,74,46,31,1,1
20260912_215351_529_traffic_scan_env2025_seed0-499_48352cd1,74,46,34,0,1
20260912_215351_529_traffic_scan_env2025_seed0-499_48352cd1,74,46,34,1,1
20260912_215351_529_traffic_scan_env2025_seed0-499_48352cd1,74,46,35,0,3
20260912_215351_529_traffic_scan_env2025_seed0-499_48352cd1,74,46,37,0,1
20260912_215351_529_traffic_scan_env2025_seed0-499_48352cd1,74,46,38,0,2
20260912_215351_529_traffic_scan_env2025_seed0-499_48352cd1,74,46,39,0,2
20260912_215351_529_traffic_scan_env2025_seed0-499_48352cd1,74,46,40,0,5
20260912_215351_529_traffic_scan_env2025_seed0-499_48352cd1,74,46,40,1,1
20260912_215351_529_traffic_scan_env2025_seed0-499_48352cd1,74,46,42,0,1
20260912_215351_529_traffic_scan_env2025_seed0-499_48352cd1,74,46,42,1,1
20260912_215351_529_traffic_scan_env2025_seed0-499_48352cd1,74,46,44,0,4
20260912_215351_529_traffic_scan_env2025_seed0-499_48352cd1,74,46,44,1,2
20260912_215351_529_traffic_scan_env2025_seed0-499_48352cd1,74,46,45,0,1
20260912_215351_529_traffic_scan_env2025_seed0-499_48352cd1,74,46,47,0,1
20260912_215351_529_traffic_scan_env2025_seed0-499_48352cd1,74,46,48,0,3
20260912_215351_529_traffic_scan_env2025_seed0-499_48352cd1,74,46,50,0,1
20260912_215351_529_traffic_scan_env2025_seed0-499_48352cd1,74,46,57,0,1
20260912_215351_529_traffic_scan_env2025_seed0-499_48352cd1,74,47,0,0,1
20260912_215351_529_traffic_scan_env2025_seed0-499_48352cd1,74,47,2,0,1
20260912_215351_529_traffic_scan_env2025_seed0-499_48352cd1,74,47,3,0,2
20260912_215351_529_traffic_scan_env2025_seed0-499_48352cd1,74,47,6,0,3
20260912_215351_529_traffic_scan_env2025_seed0-499_48352cd1,74,47,8,1,1
20260912_215351_529_traffic_scan_env2025_seed0-499_48352cd1,74,47,9,0,4
20260912_215351_529_traffic_scan_env2025_seed0-499_48352cd1,74,47,10,0,2
20260912_215351_529_traffic_scan_env2025_seed0-499_48352cd1,74,47,13,0,2
20260912_215351_529_traffic_scan_env2025_seed0-499_48352cd1,74,47,14,0,1
20260912_215351_529_traffic_scan_env2025_seed0-499_48352cd1,74,47,15,0,1
20260912_215351_529_traffic_scan_env2025_seed0-499_48352cd1,74,47,16,0,1
20260912_215351_529_traffic_scan_env2025_seed0-499_48352cd1,74,47,19,0,1
20260912_215351_529_traffic_scan_env2025_seed0-499_48352cd1,74,47,20,0,2
20260912_215351_529_traffic_scan_env2025_seed0-499_48352cd1,74,47,20,1,1
20260912_215351_529_traffic_scan_env2025_seed0-499_48352cd1,74,47,23,0,1
20260912_215351_529_traffic_scan_env2025_seed0-499_48352cd1,74,47,23,1,1
20260912_215351_529_traffic_scan_env2025_seed0-499_48352cd1,74,47,24,0,1
20260912_215351_529_traffic_scan_env2025_seed0-499_48352cd1,74,47,24,1,1
20260912_215351_529_traffic_scan_env2025_seed0-499_48352cd1,74,47,25,1,2
20260912_215351_529_traffic_scan_env2025_seed0-499_48352cd1,74,47,26,0,1
20260912_215351_529_traffic_scan_env2025_seed0-499_48352cd1,74,47,27,1,1
20260912_215351_529_traffic_scan_env2025_seed0-499_48352cd1,74,47,28,0,2
20260912_215351_529_traffic_scan_env2025_seed0-499_48352cd1,74,47,30,1,1
20260912_215351_529_traffic_scan_env2025_seed0-499_48352cd1,74,47,32,0,1
20260912_215351_529_traffic_scan_env2025_seed0-499_48352cd1,74,47,33,0,1
20260912_215351_529_traffic_scan_env2025_seed0-499_48352cd1,74,47,33,1,1
20260912_215351_529_traffic_scan_env2025_seed0-499_48352cd1,74,47,34,0,2
20260912_215351_529_traffic_scan_env2025_seed0-499_48352cd1,74,47,35,0,2
20260912_215351_529_traffic_scan_env2025_seed0-499_48352cd1,74,47,36,0,1
20260912_215351_529_traffic_scan_env2025_seed0-499_48352cd1,74,47,41,0,5
20260912_215351_529_traffic_scan_env2025_seed0-499_48352cd1,74,47,41,1,1
20260912_215351_529_traffic_scan_env2025_seed0-499_48352cd1,74,47,43,0,1
20260912_215351_529_traffic_scan_env2025_seed0-499_48352cd1,74,47,43,1,2
20260912_215351_529_traffic_scan_env2025_seed0-499_48352cd1,74,47,44,1,1
20260912_215351_529_traffic_scan_env2025_seed0-499_48352cd1,74,47,45,0,4
20260912_215351_529_traffic_scan_env2025_seed0-499_48352cd1,74,47,46,0,1
20260912_215351_529_traffic_scan_env2025_seed0-499_48352cd1,74,47,48,0,1
20260912_215351_529_traffic_scan_env2025_seed0-499_48352cd1,74,47,49,0,1
20260912_215351_529_traffic_scan_env2025_seed0-499_48352cd1,74,47,51,0,1
20260912_215351_529_traffic_scan_env2025_seed0-499_48352cd1,74,47,53,0,1
20260912_215351_529_traffic_scan_env2025_seed0-499_48352cd1,74,47,57,0,1
20260912_215351_529_traffic_scan_env2025_seed0-499_48352cd1,74,48,0,0,1
20260912_215351_529_traffic_scan_env2025_seed0-499_48352cd1,74,48,2,0,2
20260912_215351_529_traffic_scan_env2025_seed0-499_48352cd1,74,48,4,0,1
20260912_215351_529_traffic_scan_env2025_seed0-499_48352cd1,74,48,5,0,2
20260912_215351_529_traffic_scan_env2025_seed0-499_48352cd1,74,48,6,0,1
20260912_215351_529_traffic_scan_env2025_seed0-499_48352cd1,74,48,9,0,4
20260912_215351_529_traffic_scan_env2025_seed0-499_48352cd1,74,48,10,0,1
20260912_215351_529_traffic_scan_env2025_seed0-499_48352cd1,74,48,13,0,1
20260912_215351_529_traffic_scan_env2025_seed0-499_48352cd1,74,48,14,0,3
20260912_215351_529_traffic_scan_env2025_seed0-499_48352cd1,74,48,17,0,1
20260912_215351_529_traffic_scan_env2025_seed0-499_48352cd1,74,48,19,0,2
20260912_215351_529_traffic_scan_env2025_seed0-499_48352cd1,74,48,20,0,1
20260912_215351_529_traffic_scan_env2025_seed0-499_48352cd1,74,48,20,1,1
20260912_215351_529_traffic_scan_env2025_seed0-499_48352cd1,74,48,22,0,1
20260912_215351_529_traffic_scan_env2025_seed0-499_48352cd1,74,48,23,0,1
20260912_215351_529_traffic_scan_env2025_seed0-499_48352cd1,74,48,23,1,1
20260912_215351_529_traffic_scan_env2025_seed0-499_48352cd1,74,48,24,1,2
20260912_215351_529_traffic_scan_env2025_seed0-499_48352cd1,74,48,25,1,1
20260912_215351_529_traffic_scan_env2025_seed0-499_48352cd1,74,48,26,0,1
20260912_215351_529_traffic_scan_env2025_seed0-499_48352cd1,74,48,27,0,2
20260912_215351_529_traffic_scan_env2025_seed0-499_48352cd1,74,48,28,0,1
20260912_215351_529_traffic_scan_env2025_seed0-499_48352cd1,74,48,29,1,1
20260912_215351_529_traffic_scan_env2025_seed0-499_48352cd1,74,48,33,0,1
20260912_215351_529_traffic_scan_env2025_seed0-499_48352cd1,74,48,33,1,1
20260912_215351_529_traffic_scan_env2025_seed0-499_48352cd1,74,48,35,0,4
20260912_215351_529_traffic_scan_env2025_seed0-499_48352cd1,74,48,41,0,5
20260912_215351_529_traffic_scan_env2025_seed0-499_48352cd1,74,48,41,1,1
20260912_215351_529_traffic_scan_env2025_seed0-499_48352cd1,74,48,42,1,1
20260912_215351_529_traffic_scan_env2025_seed0-499_48352cd1,74,48,44,0,1
20260912_215351_529_traffic_scan_env2025_seed0-499_48352cd1,74,48,44,1,2
20260912_215351_529_traffic_scan_env2025_seed0-499_48352cd1,74,48,46,0,4
20260912_215351_529_traffic_scan_env2025_seed0-499_48352cd1,74,48,47,0,1
20260912_215351_529_traffic_scan_env2025_seed0-499_48352cd1,74,48,48,0,1
20260912_215351_529_traffic_scan_env2025_seed0-499_48352cd1,74,48,50,0,1
20260912_215351_529_traffic_scan_env2025_seed0-499_48352cd1,74,48,52,0,1
20260912_215351_529_traffic_scan_env2025_seed0-499_48352cd1,74,48,54,0,1
20260912_215351_529_traffic_scan_env2025_seed0-499_48352cd1,74,49,0,0,1
20260912_215351_529_traffic_scan_env2025_seed0-499_48352cd1,74,49,2,0,1
20260912_215351_529_traffic_scan_env2025_seed0-499_48352cd1,74,49,5,0,1
20260912_215351_529_traffic_scan_env2025_seed0-499_48352cd1,74,49,6,0,1
20260912_215351_529_traffic_scan_env2025_seed0-499_48352cd1,74,49,7,0,2
20260912_215351_529_traffic_scan_env2025_seed0-499_48352cd1,74,49,8,0,3
20260912_215351_529_traffic_scan_env2025_seed0-499_48352cd1,74,49,9,0,3
20260912_215351_529_traffic_scan_env2025_seed0-499_48352cd1,74,49,10,0,1
20260912_215351_529_traffic_scan_env2025_seed0-499_48352cd1,74,49,11,0,2
20260912_215351_529_traffic_scan_env2025_seed0-499_48352cd1,74,49,12,0,2
20260912_215351_529_traffic_scan_env2025_seed0-499_48352cd1,74,49,13,1,1
20260912_215351_529_traffic_scan_env2025_seed0-499_48352cd1,74,49,15,0,2
20260912_215351_529_traffic_scan_env2025_seed0-499_48352cd1,74,49,18,0,2
20260912_215351_529_traffic_scan_env2025_seed0-499_48352cd1,74,49,19,0,1
20260912_215351_529_traffic_scan_env2025_seed0-499_48352cd1,74,49,20,0,1
20260912_215351_529_traffic_scan_env2025_seed0-499_48352cd1,74,49,20,1,1
20260912_215351_529_traffic_scan_env2025_seed0-499_48352cd1,74,49,22,0,2
20260912_215351_529_traffic_scan_env2025_seed0-499_48352cd1,74,49,23,1,3
20260912_215351_529_traffic_scan_env2025_seed0-499_48352cd1,74,49,26,0,3
20260912_215351_529_traffic_scan_env2025_seed0-499_48352cd1,74,49,26,1,1
20260912_215351_529_traffic_scan_env2025_seed0-499_48352cd1,74,49,28,1,1
20260912_215351_529_traffic_scan_env2025_seed0-499_48352cd1,74,49,29,0,1
20260912_215351_529_traffic_scan_env2025_seed0-499_48352cd1,74,49,32,0,1
20260912_215351_529_traffic_scan_env2025_seed0-499_48352cd1,74,49,34,0,1
20260912_215351_529_traffic_scan_env2025_seed0-499_48352cd1,74,49,34,1,1
20260912_215351_529_traffic_scan_env2025_seed0-499_48352cd1,74,49,35,0,2
20260912_215351_529_traffic_scan_env2025_seed0-499_48352cd1,74,49,36,0,1
20260912_215351_529_traffic_scan_env2025_seed0-499_48352cd1,74,49,41,0,5
20260912_215351_529_traffic_scan_env2025_seed0-499_48352cd1,74,49,41,1,2
20260912_215351_529_traffic_scan_env2025_seed0-499_48352cd1,74,49,45,0,3
20260912_215351_529_traffic_scan_env2025_seed0-499_48352cd1,74,49,46,0,1
20260912_215351_529_traffic_scan_env2025_seed0-499_48352cd1,74,49,47,0,5
20260912_215351_529_traffic_scan_env2025_seed0-499_48352cd1,74,49,48,0,2
20260912_215351_529_traffic_scan_env2025_seed0-499_48352cd1,74,49,51,0,1
20260912_215351_529_traffic_scan_env2025_seed0-499_48352cd1,74,49,55,0,1
20260912_215351_529_traffic_scan_env2025_seed0-499_48352cd1,74,50,0,0,1
20260912_215351_529_traffic_scan_env2025_seed0-499_48352cd1,74,50,5,0,1
20260912_215351_529_traffic_scan_env2025_seed0-499_48352cd1,74,50,6,0,1
20260912_215351_529_traffic_scan_env2025_seed0-499_48352cd1,74,50,7,0,1
20260912_215351_529_traffic_scan_env2025_seed0-499_48352cd1,74,50,9,0,2
20260912_215351_529_traffic_scan_env2025_seed0-499_48352cd1,74,50,11,0,1
20260912_215351_529_traffic_scan_env2025_seed0-499_48352cd1,74,50,12,0,1
20260912_215351_529_traffic_scan_env2025_seed0-499_48352cd1,74,50,15,0,1
20260912_215351_529_traffic_scan_env2025_seed0-499_48352cd1,74,50,16,0,1
20260912_215351_529_traffic_scan_env2025_seed0-499_48352cd1,74,50,17,0,1
20260912_215351_529_traffic_scan_env2025_seed0-499_48352cd1,74,50,19,0,2
20260912_215351_529_traffic_scan_env2025_seed0-499_48352cd1,74,50,20,0,2
20260912_215351_529_traffic_scan_env2025_seed0-499_48352cd1,74,50,22,0,1
20260912_215351_529_traffic_scan_env2025_seed0-499_48352cd1,74,50,22,1,2
20260912_215351_529_traffic_scan_env2025_seed0-499_48352cd1,74,50,23,1,1
20260912_215351_529_traffic_scan_env2025_seed0-499_48352cd1,74,50,25,0,2
20260912_215351_529_traffic_scan_env2025_seed0-499_48352cd1,74,50,26,0,1
20260912_215351_529_traffic_scan_env2025_seed0-499_48352cd1,74,50,27,1,2
20260912_215351_529_traffic_scan_env2025_seed0-499_48352cd1,74,50,30,0,1
20260912_215351_529_traffic_scan_env2025_seed0-499_48352cd1,74,50,31,0,1
20260912_215351_529_traffic_scan_env2025_seed0-499_48352cd1,74,50,33,0,1
20260912_215351_529_traffic_scan_env2025_seed0-499_48352cd1,74,50,35,1,3
20260912_215351_529_traffic_scan_env2025_seed0-499_48352cd1,74,50,37,0,1
20260912_215351_529_traffic_scan_env2025_seed0-499_48352cd1,74,50,38,0,1
20260912_215351_529_traffic_scan_env2025_seed0-499_48352cd1,74,50,40,2,1
20260912_215351_529_traffic_scan_env2025_seed0-499_48352cd1,74,50,41,0,2
20260912_215351_529_traffic_scan_env2025_seed0-499_48352cd1,74,50,41,1,1
20260912_215351_529_traffic_scan_env2025_seed0-499_48352cd1,74,50,42,0,3
20260912_215351_529_traffic_scan_env2025_seed0-499_48352cd1,74,50,44,0,2
20260912_215351_529_traffic_scan_env2025_seed0-499_48352cd1,74,50,48,0,5
20260912_215351_529_traffic_scan_env2025_seed0-499_48352cd1,74,50,49,0,1
20260912_215351_529_traffic_scan_env2025_seed0-499_48352cd1,74,50,52,0,1
20260912_215351_529_traffic_scan_env2025_seed0-499_48352cd1,74,51,0,0,1
20260912_215351_529_traffic_scan_env2025_seed0-499_48352cd1,74,51,6,0,2
20260912_215351_529_traffic_scan_env2025_seed0-499_48352cd1,74,51,9,0,2
20260912_215351_529_traffic_scan_env2025_seed0-499_48352cd1,74,51,10,0,1
20260912_215351_529_traffic_scan_env2025_seed0-499_48352cd1,74,51,13,0,1
20260912_215351_529_traffic_scan_env2025_seed0-499_48352cd1,74,51,15,0,1
20260912_215351_529_traffic_scan_env2025_seed0-499_48352cd1,74,51,16,0,1
20260912_215351_529_traffic_scan_env2025_seed0-499_48352cd1,74,51,17,0,1
20260912_215351_529_traffic_scan_env2025_seed0-499_48352cd1,74,51,18,0,1
20260912_215351_529_traffic_scan_env2025_seed0-499_48352cd1,74,51,19,0,1
20260912_215351_529_traffic_scan_env2025_seed0-499_48352cd1,74,51,20,0,3
20260912_215351_529_traffic_scan_env2025_seed0-499_48352cd1,74,51,21,1,2
20260912_215351_529_traffic_scan_env2025_seed0-499_48352cd1,74,51,22,0,1
20260912_215351_529_traffic_scan_env2025_seed0-499_48352cd1,74,51,23,1,1
20260912_215351_529_traffic_scan_env2025_seed0-499_48352cd1,74,51,24,0,2
20260912_215351_529_traffic_scan_env2025_seed0-499_48352cd1,74,51,26,0,1
20260912_215351_529_traffic_scan_env2025_seed0-499_48352cd1,74,51,26,1,1
20260912_215351_529_traffic_scan_env2025_seed0-499_48352cd1,74,51,28,1,1
20260912_215351_529_traffic_scan_env2025_seed0-499_48352cd1,74,51,30,0,1
20260912_215351_529_traffic_scan_env2025_seed0-499_48352cd1,74,51,31,0,1
20260912_215351_529_traffic_scan_env2025_seed0-499_48352cd1,74,51,32,0,1
20260912_215351_529_traffic_scan_env2025_seed0-499_48352cd1,74,51,35,0,2
20260912_215351_529_traffic_scan_env2025_seed0-499_48352cd1,74,51,36,0,1
20260912_215351_529_traffic_scan_env2025_seed0-499_48352cd1,74,51,39,0,1
20260912_215351_529_traffic_scan_env2025_seed0-499_48352cd1,74,51,39,1,1
20260912_215351_529_traffic_scan_env2025_seed0-499_48352cd1,74,51,41,0,1
20260912_215351_529_traffic_scan_env2025_seed0-499_48352cd1,74,51,41,1,1
20260912_215351_529_traffic_scan_env2025_seed0-499_48352cd1,74,51,43,0,3
20260912_215351_529_traffic_scan_env2025_seed0-499_48352cd1,74,51,45,0,2
20260912_215351_529_traffic_scan_env2025_seed0-499_48352cd1,74,51,48,0,4
20260912_215351_529_traffic_scan_env2025_seed0-499_48352cd1,74,51,49,0,1
20260912_215351_529_traffic_scan_env2025_seed0-499_48352cd1,74,51,50,0,1
20260912_215351_529_traffic_scan_env2025_seed0-499_48352cd1,74,51,53,0,1
20260912_215351_529_traffic_scan_env2025_seed0-499_48352cd1,74,52,0,0,1
20260912_215351_529_traffic_scan_env2025_seed0-499_48352cd1,74,52,5,0,1
20260912_215351_529_traffic_scan_env2025_seed0-499_48352cd1,74,52,6,0,1
20260912_215351_529_traffic_scan_env2025_seed0-499_48352cd1,74,52,9,0,3
20260912_215351_529_traffic_scan_env2025_seed0-499_48352cd1,74,52,14,0,1
20260912_215351_529_traffic_scan_env2025_seed0-499_48352cd1,74,52,15,0,2
20260912_215351_529_traffic_scan_env2025_seed0-499_48352cd1,74,52,19,0,2
20260912_215351_529_traffic_scan_env2025_seed0-499_48352cd1,74,52,20,0,4
20260912_215351_529_traffic_scan_env2025_seed0-499_48352cd1,74,52,22,0,2
20260912_215351_529_traffic_scan_env2025_seed0-499_48352cd1,74,52,23,0,2
20260912_215351_529_traffic_scan_env2025_seed0-499_48352cd1,74,52,25,2,1
20260912_215351_529_traffic_scan_env2025_seed0-499_48352cd1,74,52,27,0,1
20260912_215351_529_traffic_scan_env2025_seed0-499_48352cd1,74,52,29,0,1
20260912_215351_529_traffic_scan_env2025_seed0-499_48352cd1,74,52,29,1,1
20260912_215351_529_traffic_scan_env2025_seed0-499_48352cd1,74,52,31,0,1
20260912_215351_529_traffic_scan_env2025_seed0-499_48352cd1,74,52,32,0,1
20260912_215351_529_traffic_scan_env2025_seed0-499_48352cd1,74,52,35,0,1
20260912_215351_529_traffic_scan_env2025_seed0-499_48352cd1,74,52,37,0,1
20260912_215351_529_traffic_scan_env2025_seed0-499_48352cd1,74,52,38,1,1
20260912_215351_529_traffic_scan_env2025_seed0-499_48352cd1,74,52,40,0,1
20260912_215351_529_traffic_scan_env2025_seed0-499_48352cd1,74,52,41,2,1
20260912_215351_529_traffic_scan_env2025_seed0-499_48352cd1,74,52,42,0,1
20260912_215351_529_traffic_scan_env2025_seed0-499_48352cd1,74,52,44,0,3
20260912_215351_529_traffic_scan_env2025_seed0-499_48352cd1,74,52,45,0,1
20260912_215351_529_traffic_scan_env2025_seed0-499_48352cd1,74,52,46,0,1
20260912_215351_529_traffic_scan_env2025_seed0-499_48352cd1,74,52,48,0,1
20260912_215351_529_traffic_scan_env2025_seed0-499_48352cd1,74,52,49,0,3
20260912_215351_529_traffic_scan_env2025_seed0-499_48352cd1,74,52,50,0,1
20260912_215351_529_traffic_scan_env2025_seed0-499_48352cd1,74,52,51,0,1
20260912_215351_529_traffic_scan_env2025_seed0-499_48352cd1,74,52,54,0,1
20260912_215351_529_traffic_scan_env2025_seed0-499_48352cd1,74,53,0,0,1
20260912_215351_529_traffic_scan_env2025_seed0-499_48352cd1,74,53,4,0,1
20260912_215351_529_traffic_scan_env2025_seed0-499_48352cd1,74,53,7,0,1
20260912_215351_529_traffic_scan_env2025_seed0-499_48352cd1,74,53,8,0,1
20260912_215351_529_traffic_scan_env2025_seed0-499_48352cd1,74,53,9,0,2
20260912_215351_529_traffic_scan_env2025_seed0-499_48352cd1,74,53,14,0,1
20260912_215351_529_traffic_scan_env2025_seed0-499_48352cd1,74,53,15,0,2
20260912_215351_529_traffic_scan_env2025_seed0-499_48352cd1,74,53,19,0,3
20260912_215351_529_traffic_scan_env2025_seed0-499_48352cd1,74,53,20,0,3
20260912_215351_529_traffic_scan_env2025_seed0-499_48352cd1,74,53,22,0,2
20260912_215351_529_traffic_scan_env2025_seed0-499_48352cd1,74,53,23,0,1
20260912_215351_529_traffic_scan_env2025_seed0-499_48352cd1,74,53,24,0,1
20260912_215351_529_traffic_scan_env2025_seed0-499_48352cd1,74,53,24,1,1
20260912_215351_529_traffic_scan_env2025_seed0-499_48352cd1,74,53,27,0,1
20260912_215351_529_traffic_scan_env2025_seed0-499_48352cd1,74,53,28,0,1
20260912_215351_529_traffic_scan_env2025_seed0-499_48352cd1,74,53,30,0,1
20260912_215351_529_traffic_scan_env2025_seed0-499_48352cd1,74,53,30,1,1
20260912_215351_529_traffic_scan_env2025_seed0-499_48352cd1,74,53,33,0,1
20260912_215351_529_traffic_scan_env2025_seed0-499_48352cd1,74,53,35,0,1
20260912_215351_529_traffic_scan_env2025_seed0-499_48352cd1,74,53,37,0,1
20260912_215351_529_traffic_scan_env2025_seed0-499_48352cd1,74,53,41,0,1
20260912_215351_529_traffic_scan_env2025_seed0-499_48352cd1,74,53,41,1,1
20260912_215351_529_traffic_scan_env2025_seed0-499_48352cd1,74,53,42,0,1
20260912_215351_529_traffic_scan_env2025_seed0-499_48352cd1,74,53,43,0,1
20260912_215351_529_traffic_scan_env2025_seed0-499_48352cd1,74,53,45,0,4
20260912_215351_529_traffic_scan_env2025_seed0-499_48352cd1,74,53,46,0,1
20260912_215351_529_traffic_scan_env2025_seed0-499_48352cd1,74,53,49,0,1
20260912_215351_529_traffic_scan_env2025_seed0-499_48352cd1,74,53,50,0,2
20260912_215351_529_traffic_scan_env2025_seed0-499_48352cd1,74,53,51,0,1
20260912_215351_529_traffic_scan_env2025_seed0-499_48352cd1,74,53,52,0,2
20260912_215351_529_traffic_scan_env2025_seed0-499_48352cd1,74,53,53,0,1
20260912_215351_529_traffic_scan_env2025_seed0-499_48352cd1,74,53,54,0,1
20260912_215351_529_traffic_scan_env2025_seed0-499_48352cd1,74,53,55,0,2
20260912_215351_529_traffic_scan_env2025_seed0-499_48352cd1,74,53,56,0,1
20260912_215351_529_traffic_scan_env2025_seed0-499_48352cd1,74,53,57,0,1
20260912_215351_529_traffic_scan_env2025_seed0-499_48352cd1,74,54,0,0,1
20260912_215351_529_traffic_scan_env2025_seed0-499_48352cd1,74,54,4,0,1
20260912_215351_529_traffic_scan_env2025_seed0-499_48352cd1,74,54,7,0,2
20260912_215351_529_traffic_scan_env2025_seed0-499_48352cd1,74,54,9,0,2
20260912_215351_529_traffic_scan_env2025_seed0-499_48352cd1,74,54,13,0,1
20260912_215351_529_traffic_scan_env2025_seed0-499_48352cd1,74,54,15,0,1
20260912_215351_529_traffic_scan_env2025_seed0-499_48352cd1,74,54,16,0,1
20260912_215351_529_traffic_scan_env2025_seed0-499_48352cd1,74,54,18,0,3
20260912_215351_529_traffic_scan_env2025_seed0-499_48352cd1,74,54,20,0,2
20260912_215351_529_traffic_scan_env2025_seed0-499_48352cd1,74,54,21,0,1
20260912_215351_529_traffic_scan_env2025_seed0-499_48352cd1,74,54,22,0,3
20260912_215351_529_traffic_scan_env2025_seed0-499_48352cd1,74,54,23,0,1
20260912_215351_529_traffic_scan_env2025_seed0-499_48352cd1,74,54,25,0,1
20260912_215351_529_traffic_scan_env2025_seed0-499_48352cd1,74,54,26,0,1
20260912_215351_529_traffic_scan_env2025_seed0-499_48352cd1,74,54,27,0,1
20260912_215351_529_traffic_scan_env2025_seed0-499_48352cd1,74,54,29,0,1
20260912_215351_529_traffic_scan_env2025_seed0-499_48352cd1,74,54,31,1,1
20260912_215351_529_traffic_scan_env2025_seed0-499_48352cd1,74,54,34,0,1
20260912_215351_529_traffic_scan_env2025_seed0-499_48352cd1,74,54,35,0,1
20260912_215351_529_traffic_scan_env2025_seed0-499_48352cd1,74,54,36,0,1
20260912_215351_529_traffic_scan_env2025_seed0-499_48352cd1,74,54,41,0,1
20260912_215351_529_traffic_scan_env2025_seed0-499_48352cd1,74,54,43,0,1
20260912_215351_529_traffic_scan_env2025_seed0-499_48352cd1,74,54,44,0,2
20260912_215351_529_traffic_scan_env2025_seed0-499_48352cd1,74,54,46,0,4
20260912_215351_529_traffic_scan_env2025_seed0-499_48352cd1,74,54,49,0,1
20260912_215351_529_traffic_scan_env2025_seed0-499_48352cd1,74,54,51,0,2
20260912_215351_529_traffic_scan_env2025_seed0-499_48352cd1,74,54,53,0,1
20260912_215351_529_traffic_scan_env2025_seed0-499_48352cd1,74,54,56,0,1
20260912_215351_529_traffic_scan_env2025_seed0-499_48352cd1,74,55,4,0,1
20260912_215351_529_traffic_scan_env2025_seed0-499_48352cd1,74,55,6,0,1
20260912_215351_529_traffic_scan_env2025_seed0-499_48352cd1,74,55,9,0,1
20260912_215351_529_traffic_scan_env2025_seed0-499_48352cd1,74,55,10,0,1
20260912_215351_529_traffic_scan_env2025_seed0-499_48352cd1,74,55,12,0,1
20260912_215351_529_traffic_scan_env2025_seed0-499_48352cd1,74,55,15,0,1
20260912_215351_529_traffic_scan_env2025_seed0-499_48352cd1,74,55,17,0,1
20260912_215351_529_traffic_scan_env2025_seed0-499_48352cd1,74,55,18,0,3
20260912_215351_529_traffic_scan_env2025_seed0-499_48352cd1,74,55,20,0,1
20260912_215351_529_traffic_scan_env2025_seed0-499_48352cd1,74,55,21,0,1
20260912_215351_529_traffic_scan_env2025_seed0-499_48352cd1,74,55,22,0,3
20260912_215351_529_traffic_scan_env2025_seed0-499_48352cd1,74,55,24,0,1
20260912_215351_529_traffic_scan_env2025_seed0-499_48352cd1,74,55,26,0,1
20260912_215351_529_traffic_scan_env2025_seed0-499_48352cd1,74,55,28,0,1
20260912_215351_529_traffic_scan_env2025_seed0-499_48352cd1,74,55,32,1,1
20260912_215351_529_traffic_scan_env2025_seed0-499_48352cd1,74,55,35,0,3
20260912_215351_529_traffic_scan_env2025_seed0-499_48352cd1,74,55,40,0,1
20260912_215351_529_traffic_scan_env2025_seed0-499_48352cd1,74,55,44,0,1
20260912_215351_529_traffic_scan_env2025_seed0-499_48352cd1,74,55,45,0,2
20260912_215351_529_traffic_scan_env2025_seed0-499_48352cd1,74,55,46,0,2
20260912_215351_529_traffic_scan_env2025_seed0-499_48352cd1,74,55,47,0,2
20260912_215351_529_traffic_scan_env2025_seed0-499_48352cd1,74,55,50,0,2
20260912_215351_529_traffic_scan_env2025_seed0-499_48352cd1,74,55,51,0,3
20260912_215351_529_traffic_scan_env2025_seed0-499_48352cd1,74,55,52,0,1
20260912_215351_529_traffic_scan_env2025_seed0-499_48352cd1,74,55,53,0,1
20260912_215351_529_traffic_scan_env2025_seed0-499_48352cd1,74,55,54,0,2
20260912_215351_529_traffic_scan_env2025_seed0-499_48352cd1,74,55,55,0,1
20260912_215351_529_traffic_scan_env2025_seed0-499_48352cd1,74,55,57,0,2
20260912_215351_529_traffic_scan_env2025_seed0-499_48352cd1,74,55,58,0,1
20260912_215351_529_traffic_scan_env2025_seed0-499_48352cd1,74,56,0,0,1
20260912_215351_529_traffic_scan_env2025_seed0-499_48352cd1,74,56,1,0,1
20260912_215351_529_traffic_scan_env2025_seed0-499_48352cd1,74,56,2,0,1
20260912_215351_529_traffic_scan_env2025_seed0-499_48352cd1,74,56,3,0,1
20260912_215351_529_traffic_scan_env2025_seed0-499_48352cd1,74,56,4,0,1
20260912_215351_529_traffic_scan_env2025_seed0-499_48352cd1,74,56,5,0,2
20260912_215351_529_traffic_scan_env2025_seed0-499_48352cd1,74,56,6,0,1
20260912_215351_529_traffic_scan_env2025_seed0-499_48352cd1,74,56,7,0,1
20260912_215351_529_traffic_scan_env2025_seed0-499_48352cd1,74,56,8,0,1
20260912_215351_529_traffic_scan_env2025_seed0-499_48352cd1,74,56,9,0,2
20260912_215351_529_traffic_scan_env2025_seed0-499_48352cd1,74,56,11,0,3
20260912_215351_529_traffic_scan_env2025_seed0-499_48352cd1,74,56,12,0,1
20260912_215351_529_traffic_scan_env2025_seed0-499_48352cd1,74,56,16,0,1
20260912_215351_529_traffic_scan_env2025_seed0-499_48352cd1,74,56,17,0,3
20260912_215351_529_traffic_scan_env2025_seed0-499_48352cd1,74,56,18,0,1
20260912_215351_529_traffic_scan_env2025_seed0-499_48352cd1,74,56,20,0,2
20260912_215351_529_traffic_scan_env2025_seed0-499_48352cd1,74,56,21,0,1
20260912_215351_529_traffic_scan_env2025_seed0-499_48352cd1,74,56,22,0,1
20260912_215351_529_traffic_scan_env2025_seed0-499_48352cd1,74,56,23,0,2
20260912_215351_529_traffic_scan_env2025_seed0-499_48352cd1,74,56,25,1,1
20260912_215351_529_traffic_scan_env2025_seed0-499_48352cd1,74,56,27,0,1
20260912_215351_529_traffic_scan_env2025_seed0-499_48352cd1,74,56,33,1,1
20260912_215351_529_traffic_scan_env2025_seed0-499_48352cd1,74,56,34,0,1
20260912_215351_529_traffic_scan_env2025_seed0-499_48352cd1,74,56,34,1,1
20260912_215351_529_traffic_scan_env2025_seed0-499_48352cd1,74,56,35,0,1
20260912_215351_529_traffic_scan_env2025_seed0-499_48352cd1,74,56,35,1,1
20260912_215351_529_traffic_scan_env2025_seed0-499_48352cd1,74,56,36,0,1
20260912_215351_529_traffic_scan_env2025_seed0-499_48352cd1,74,56,36,1,1
20260912_215351_529_traffic_scan_env2025_seed0-499_48352cd1,74,56,37,1,1
20260912_215351_529_traffic_scan_env2025_seed0-499_48352cd1,74,56,38,1,1
20260912_215351_529_traffic_scan_env2025_seed0-499_48352cd1,74,56,39,2,1
20260912_215351_529_traffic_scan_env2025_seed0-499_48352cd1,74,56,40,0,1
20260912_215351_529_traffic_scan_env2025_seed0-499_48352cd1,74,56,40,1,1
20260912_215351_529_traffic_scan_env2025_seed0-499_48352cd1,74,56,43,0,2
20260912_215351_529_traffic_scan_env2025_seed0-499_48352cd1,74,56,43,1,2
20260912_215351_529_traffic_scan_env2025_seed0-499_48352cd1,74,56,44,0,2
20260912_215351_529_traffic_scan_env2025_seed0-499_48352cd1,74,56,44,1,2
20260912_215351_529_traffic_scan_env2025_seed0-499_48352cd1,74,56,45,0,4
20260912_215351_529_traffic_scan_env2025_seed0-499_48352cd1,74,56,45,1,2
20260912_215351_529_traffic_scan_env2025_seed0-499_48352cd1,74,56,46,0,4
20260912_215351_529_traffic_scan_env2025_seed0-499_48352cd1,74,56,46,1,1
20260912_215351_529_traffic_scan_env2025_seed0-499_48352cd1,74,56,47,0,3
20260912_215351_529_traffic_scan_env2025_seed0-499_48352cd1,74,56,47,1,1
20260912_215351_529_traffic_scan_env2025_seed0-499_48352cd1,74,56,48,0,4
20260912_215351_529_traffic_scan_env2025_seed0-499_48352cd1,74,56,48,1,1
20260912_215351_529_traffic_scan_env2025_seed0-499_48352cd1,74,56,49,0,4
20260912_215351_529_traffic_scan_env2025_seed0-499_48352cd1,74,56,49,1,1
20260912_215351_529_traffic_scan_env2025_seed0-499_48352cd1,74,56,50,0,1
20260912_215351_529_traffic_scan_env2025_seed0-499_48352cd1,74,56,50,1,1
20260912_215351_529_traffic_scan_env2025_seed0-499_48352cd1,74,56,51,0,2
20260912_215351_529_traffic_scan_env2025_seed0-499_48352cd1,74,56,52,0,3
20260912_215351_529_traffic_scan_env2025_seed0-499_48352cd1,74,56,53,0,1
20260912_215351_529_traffic_scan_env2025_seed0-499_48352cd1,74,56,54,0,1
20260912_215351_529_traffic_scan_env2025_seed0-499_48352cd1,74,56,55,0,2
20260912_215351_529_traffic_scan_env2025_seed0-499_48352cd1,74,56,56,0,1
20260912_215351_529_traffic_scan_env2025_seed0-499_48352cd1,74,56,57,0,1
20260912_215351_529_traffic_scan_env2025_seed0-499_48352cd1,74,57,3,0,1
20260912_215351_529_traffic_scan_env2025_seed0-499_48352cd1,74,57,4,0,2
20260912_215351_529_traffic_scan_env2025_seed0-499_48352cd1,74,57,5,0,1
20260912_215351_529_traffic_scan_env2025_seed0-499_48352cd1,74,57,6,0,1
20260912_215351_529_traffic_scan_env2025_seed0-499_48352cd1,74,57,7,0,1
20260912_215351_529_traffic_scan_env2025_seed0-499_48352cd1,74,57,8,0,1
20260912_215351_529_traffic_scan_env2025_seed0-499_48352cd1,74,57,9,0,1
20260912_215351_529_traffic_scan_env2025_seed0-499_48352cd1,74,57,10,0,2
20260912_215351_529_traffic_scan_env2025_seed0-499_48352cd1,74,57,12,1,1
20260912_215351_529_traffic_scan_env2025_seed0-499_48352cd1,74,57,13,1,2
20260912_215351_529_traffic_scan_env2025_seed0-499_48352cd1,74,57,14,2,2
20260912_215351_529_traffic_scan_env2025_seed0-499_48352cd1,74,57,15,2,2
20260912_215351_529_traffic_scan_env2025_seed0-499_48352cd1,74,57,16,0,4
20260912_215351_529_traffic_scan_env2025_seed0-499_48352cd1,74,57,16,1,3
20260912_215351_529_traffic_scan_env2025_seed0-499_48352cd1,74,57,17,1,3
20260912_215351_529_traffic_scan_env2025_seed0-499_48352cd1,74,57,18,1,3
20260912_215351_529_traffic_scan_env2025_seed0-499_48352cd1,74,57,19,0,1
20260912_215351_529_traffic_scan_env2025_seed0-499_48352cd1,74,57,19,1,3
20260912_215351_529_traffic_scan_env2025_seed0-499_48352cd1,74,57,20,0,2
20260912_215351_529_traffic_scan_env2025_seed0-499_48352cd1,74,57,20,1,3
20260912_215351_529_traffic_scan_env2025_seed0-499_48352cd1,74,57,21,1,3
20260912_215351_529_traffic_scan_env2025_seed0-499_48352cd1,74,57,22,1,4
20260912_215351_529_traffic_scan_env2025_seed0-499_48352cd1,74,57,23,1,3
20260912_215351_529_traffic_scan_env2025_seed0-499_48352cd1,74,57,24,1,4
20260912_215351_529_traffic_scan_env2025_seed0-499_48352cd1,74,57,25,1,3
20260912_215351_529_traffic_scan_env2025_seed0-499_48352cd1,74,57,26,0,3
20260912_215351_529_traffic_scan_env2025_seed0-499_48352cd1,74,57,26,1,1
20260912_215351_529_traffic_scan_env2025_seed0-499_48352cd1,74,57,27,0,2
20260912_215351_529_traffic_scan_env2025_seed0-499_48352cd1,74,57,27,1,1
20260912_215351_529_traffic_scan_env2025_seed0-499_48352cd1,74,57,28,0,2
20260912_215351_529_traffic_scan_env2025_seed0-499_48352cd1,74,57,28,1,1
20260912_215351_529_traffic_scan_env2025_seed0-499_48352cd1,74,57,29,0,2
20260912_215351_529_traffic_scan_env2025_seed0-499_48352cd1,74,57,29,1,1
20260912_215351_529_traffic_scan_env2025_seed0-499_48352cd1,74,57,30,0,2
20260912_215351_529_traffic_scan_env2025_seed0-499_48352cd1,74,57,30,1,1
20260912_215351_529_traffic_scan_env2025_seed0-499_48352cd1,74,57,31,0,2
20260912_215351_529_traffic_scan_env2025_seed0-499_48352cd1,74,57,31,1,1
20260912_215351_529_traffic_scan_env2025_seed0-499_48352cd1,74,57,32,0,2
20260912_215351_529_traffic_scan_env2025_seed0-499_48352cd1,74,57,32,1,1
20260912_215351_529_traffic_scan_env2025_seed0-499_48352cd1,74,57,33,0,3
20260912_215351_529_traffic_scan_env2025_seed0-499_48352cd1,74,57,33,1,1
20260912_215351_529_traffic_scan_env2025_seed0-499_48352cd1,74,57,34,0,2
20260912_215351_529_traffic_scan_env2025_seed0-499_48352cd1,74,57,34,1,1
20260912_215351_529_traffic_scan_env2025_seed0-499_48352cd1,74,57,35,0,3
20260912_215351_529_traffic_scan_env2025_seed0-499_48352cd1,74,57,35,1,1
20260912_215351_529_traffic_scan_env2025_seed0-499_48352cd1,74,57,36,0,2
20260912_215351_529_traffic_scan_env2025_seed0-499_48352cd1,74,57,36,1,1
20260912_215351_529_traffic_scan_env2025_seed0-499_48352cd1,74,57,37,0,2
20260912_215351_529_traffic_scan_env2025_seed0-499_48352cd1,74,57,37,1,1
20260912_215351_529_traffic_scan_env2025_seed0-499_48352cd1,74,57,38,0,2
20260912_215351_529_traffic_scan_env2025_seed0-499_48352cd1,74,57,38,1,1
20260912_215351_529_traffic_scan_env2025_seed0-499_48352cd1,74,57,39,0,2
20260912_215351_529_traffic_scan_env2025_seed0-499_48352cd1,74,57,39,1,1
20260912_215351_529_traffic_scan_env2025_seed0-499_48352cd1,74,57,40,0,2
20260912_215351_529_traffic_scan_env2025_seed0-499_48352cd1,74,57,40,1,1
20260912_215351_529_traffic_scan_env2025_seed0-499_48352cd1,74,57,41,0,3
20260912_215351_529_traffic_scan_env2025_seed0-499_48352cd1,74,57,41,1,2
20260912_215351_529_traffic_scan_env2025_seed0-499_48352cd1,74,57,42,0,2
20260912_215351_529_traffic_scan_env2025_seed0-499_48352cd1,74,57,42,1,2
20260912_215351_529_traffic_scan_env2025_seed0-499_48352cd1,74,57,46,0,2
20260912_215351_529_traffic_scan_env2025_seed0-499_48352cd1,74,57,47,0,1
20260912_215351_529_traffic_scan_env2025_seed0-499_48352cd1,74,57,48,0,2
20260912_215351_529_traffic_scan_env2025_seed0-499_48352cd1,74,57,49,0,1
20260912_215351_529_traffic_scan_env2025_seed0-499_48352cd1,74,57,50,0,3
20260912_215351_529_traffic_scan_env2025_seed0-499_48352cd1,74,57,51,0,2
20260912_215351_529_traffic_scan_env2025_seed0-499_48352cd1,74,57,52,0,3
20260912_215351_529_traffic_scan_env2025_seed0-499_48352cd1,74,57,53,0,3
20260912_215351_529_traffic_scan_env2025_seed0-499_48352cd1,74,57,54,0,1
20260912_215351_529_traffic_scan_env2025_seed0-499_48352cd1,74,57,55,0,1
20260912_215351_529_traffic_scan_env2025_seed0-499_48352cd1,74,57,56,0,2
20260912_215351_529_traffic_scan_env2025_seed0-499_48352cd1,74,57,57,0,1
20260912_215351_529_traffic_scan_env2025_seed0-499_48352cd1,74,57,58,0,1
20260912_215351_529_traffic_scan_env2025_seed0-499_48352cd1,74,58,8,0,1
20260912_215351_529_traffic_scan_env2025_seed0-499_48352cd1,74,58,9,0,1
20260912_215351_529_traffic_scan_env2025_seed0-499_48352cd1,74,58,10,0,2
20260912_215351_529_traffic_scan_env2025_seed0-499_48352cd1,74,58,11,0,1
20260912_215351_529_traffic_scan_env2025_seed0-499_48352cd1,74,58,12,0,1
20260912_215351_529_traffic_scan_env2025_seed0-499_48352cd1,74,58,13,0,1
20260912_215351_529_traffic_scan_env2025_seed0-499_48352cd1,74,58,14,0,1
20260912_215351_529_traffic_scan_env2025_seed0-499_48352cd1,74,58,15,0,3
20260912_215351_529_traffic_scan_env2025_seed0-499_48352cd1,74,58,19,0,1
20260912_215351_529_traffic_scan_env2025_seed0-499_48352cd1,74,58,20,0,1
20260912_215351_529_traffic_scan_env2025_seed0-499_48352cd1,74,58,21,0,1
20260912_215351_529_traffic_scan_env2025_seed0-499_48352cd1,74,58,22,1,2
20260912_215351_529_traffic_scan_env2025_seed0-499_48352cd1,74,58,23,1,1
20260912_215351_529_traffic_scan_env2025_seed0-499_48352cd1,74,58,24,1,1
20260912_215351_529_traffic_scan_env2025_seed0-499_48352cd1,74,58,25,0,1
20260912_215351_529_traffic_scan_env2025_seed0-499_48352cd1,74,58,25,1,1
20260912_215351_529_traffic_scan_env2025_seed0-499_48352cd1,74,58,26,1,1
20260912_215351_529_traffic_scan_env2025_seed0-499_48352cd1,74,58,27,1,1
20260912_215351_529_traffic_scan_env2025_seed0-499_48352cd1,74,58,28,1,1
20260912_215351_529_traffic_scan_env2025_seed0-499_48352cd1,74,58,29,1,1
20260912_215351_529_traffic_scan_env2025_seed0-499_48352cd1,74,58,30,1,1
20260912_215351_529_traffic_scan_env2025_seed0-499_48352cd1,74,58,31,1,1
20260912_215351_529_traffic_scan_env2025_seed0-499_48352cd1,74,58,32,0,1
20260912_215351_529_traffic_scan_env2025_seed0-499_48352cd1,74,58,32,1,1
20260912_215351_529_traffic_scan_env2025_seed0-499_48352cd1,74,58,33,1,1
20260912_215351_529_traffic_scan_env2025_seed0-499_48352cd1,74,58,34,1,1
20260912_215351_529_traffic_scan_env2025_seed0-499_48352cd1,74,58,35,1,1
20260912_215351_529_traffic_scan_env2025_seed0-499_48352cd1,74,58,36,1,1
20260912_215351_529_traffic_scan_env2025_seed0-499_48352cd1,74,58,37,1,1
20260912_215351_529_traffic_scan_env2025_seed0-499_48352cd1,74,58,38,1,1
20260912_215351_529_traffic_scan_env2025_seed0-499_48352cd1,74,58,39,1,1
20260912_215351_529_traffic_scan_env2025_seed0-499_48352cd1,74,58,40,1,1
20260912_215351_529_traffic_scan_env2025_seed0-499_48352cd1,74,58,41,0,1
20260912_215351_529_traffic_scan_env2025_seed0-499_48352cd1,74,58,41,1,1
20260912_215351_529_traffic_scan_env2025_seed0-499_48352cd1,74,58,42,1,1
20260912_215351_529_traffic_scan_env2025_seed0-499_48352cd1,74,58,43,1,1
20260912_215351_529_traffic_scan_env2025_seed0-499_48352cd1,74,58,46,0,1
20260912_215351_529_traffic_scan_env2025_seed0-499_48352cd1,74,58,49,0,1
20260912_215351_529_traffic_scan_env2025_seed0-499_48352cd1,74,58,51,0,1
20260912_215351_529_traffic_scan_env2025_seed0-499_48352cd1,74,58,54,0,1
20260912_215351_529_traffic_scan_env2025_seed0-499_48352cd1,74,59,9,0,1
20260912_215351_529_traffic_scan_env2025_seed0-499_48352cd1,74,59,14,0,1
20260912_215351_529_traffic_scan_env2025_seed0-499_48352cd1,74,59,22,0,1
20260912_215351_529_traffic_scan_env2025_seed0-499_48352cd1,74,59,24,0,1
20260912_215351_529_traffic_scan_env2025_seed0-499_48352cd1,74,59,31,0,1
20260912_215351_529_traffic_scan_env2025_seed0-499_48352cd1,74,59,44,0,1
20260912_215351_529_traffic_scan_env2025_seed0-499_48352cd1,74,59,45,0,1
20260912_215351_529_traffic_scan_env2025_seed0-499_48352cd1,74,59,46,0,1
20260912_215351_529_traffic_scan_env2025_seed0-499_48352cd1,74,59,47,0,1
20260912_215351_529_traffic_scan_env2025_seed0-499_48352cd1,74,59,48,0,1
20260912_215351_529_traffic_scan_env2025_seed0-499_48352cd1,74,59,49,0,1
20260912_215351_529_traffic_scan_env2025_seed0-499_48352cd1,74,59,50,0,2
20260912_215351_529_traffic_scan_env2025_seed0-499_48352cd1,74,59,51,0,1
20260912_215351_529_traffic_scan_env2025_seed0-499_48352cd1,74,59,55,0,1
