run_id,traffic_seed,grid_x,grid_y,grid_z,distinct_flight_count
20260912_215351_529_traffic_scan_env2025_seed0-499_48352cd1,383,0,0,0,1
20260912_215351_529_traffic_scan_env2025_seed0-499_48352cd1,383,0,1,0,2
20260912_215351_529_traffic_scan_env2025_seed0-499_48352cd1,383,0,2,0,1
20260912_215351_529_traffic_scan_env2025_seed0-499_48352cd1,383,0,3,0,2
20260912_215351_529_traffic_scan_env2025_seed0-499_48352cd1,383,0,4,0,2
20260912_215351_529_traffic_scan_env2025_seed0-499_48352cd1,383,0,5,0,2
20260912_215351_529_traffic_scan_env2025_seed0-499_48352cd1,383,0,6,0,2
20260912_215351_529_traffic_scan_env2025_seed0-499_48352cd1,383,0,7,0,2
20260912_215351_529_traffic_scan_env2025_seed0-499_48352cd1,383,0,8,0,1
20260912_215351_529_traffic_scan_env2025_seed0-499_48352cd1,383,0,9,0,2
20260912_215351_529_traffic_scan_env2025_seed0-499_48352cd1,383,0,10,0,1
20260912_215351_529_traffic_scan_env2025_seed0-499_48352cd1,383,0,11,0,1
20260912_215351_529_traffic_scan_env2025_seed0-499_48352cd1,383,0,12,0,2
20260912_215351_529_traffic_scan_env2025_seed0-499_48352cd1,383,0,13,0,2
20260912_215351_529_traffic_scan_env2025_seed0-499_48352cd1,383,0,14,0,2
20260912_215351_529_traffic_scan_env2025_seed0-499_48352cd1,383,0,15,0,2
20260912_215351_529_traffic_scan_env2025_seed0-499_48352cd1,383,0,16,0,2
20260912_215351_529_traffic_scan_env2025_seed0-499_48352cd1,383,0,17,0,2
20260912_215351_529_traffic_scan_env2025_seed0-499_48352cd1,383,0,18,0,2
20260912_215351_529_traffic_scan_env2025_seed0-499_48352cd1,383,0,19,0,2
20260912_215351_529_traffic_scan_env2025_seed0-499_48352cd1,383,0,20,0,1
20260912_215351_529_traffic_scan_env2025_seed0-499_48352cd1,383,0,21,0,2
20260912_215351_529_traffic_scan_env2025_seed0-499_48352cd1,383,0,22,0,1
20260912_215351_529_traffic_scan_env2025_seed0-499_48352cd1,383,0,23,0,1
20260912_215351_529_traffic_scan_env2025_seed0-499_48352cd1,383,0,24,0,1
20260912_215351_529_traffic_scan_env2025_seed0-499_48352cd1,383,0,25,0,2
20260912_215351_529_traffic_scan_env2025_seed0-499_48352cd1,383,0,26,0,1
20260912_215351_529_traffic_scan_env2025_seed0-499_48352cd1,383,0,27,0,1
20260912_215351_529_traffic_scan_env2025_seed0-499_48352cd1,383,0,28,0,1
20260912_215351_529_traffic_scan_env2025_seed0-499_48352cd1,383,0,29,0,1
20260912_215351_529_traffic_scan_env2025_seed0-499_48352cd1,383,0,30,0,1
20260912_215351_529_traffic_scan_env2025_seed0-499_48352cd1,383,0,31,0,1
20260912_215351_529_traffic_scan_env2025_seed0-499_48352cd1,383,0,32,0,1
20260912_215351_529_traffic_scan_env2025_seed0-499_48352cd1,383,0,33,0,1
20260912_215351_529_traffic_scan_env2025_seed0-499_48352cd1,383,0,34,0,1
20260912_215351_529_traffic_scan_env2025_seed0-499_48352cd1,383,0,35,0,1
20260912_215351_529_traffic_scan_env2025_seed0-499_48352cd1,383,0,36,0,1
20260912_215351_529_traffic_scan_env2025_seed0-499_48352cd1,383,0,37,0,1
20260912_215351_529_traffic_scan_env2025_seed0-499_48352cd1,383,0,38,0,1
20260912_215351_529_traffic_scan_env2025_seed0-499_48352cd1,383,0,39,0,1
20260912_215351_529_traffic_scan_env2025_seed0-499_48352cd1,383,0,40,0,1
20260912_215351_529_traffic_scan_env2025_seed0-499_48352cd1,383,0,41,0,1
20260912_215351_529_traffic_scan_env2025_seed0-499_48352cd1,383,0,42,0,1
20260912_215351_529_traffic_scan_env2025_seed0-499_48352cd1,383,0,43,0,1
20260912_215351_529_traffic_scan_env2025_seed0-499_48352cd1,383,0,44,0,1
20260912_215351_529_traffic_scan_env2025_seed0-499_48352cd1,383,0,45,0,1
20260912_215351_529_traffic_scan_env2025_seed0-499_48352cd1,383,0,46,0,1
20260912_215351_529_traffic_scan_env2025_seed0-499_48352cd1,383,0,47,0,1
20260912_215351_529_traffic_scan_env2025_seed0-499_48352cd1,383,0,48,0,1
20260912_215351_529_traffic_scan_env2025_seed0-499_48352cd1,383,0,49,0,1
20260912_215351_529_traffic_scan_env2025_seed0-499_48352cd1,383,0,50,0,1
20260912_215351_529_traffic_scan_env2025_seed0-499_48352cd1,383,0,51,0,1
20260912_215351_529_traffic_scan_env2025_seed0-499_48352cd1,383,0,52,0,1
20260912_215351_529_traffic_scan_env2025_seed0-499_48352cd1,383,0,53,0,1
20260912_215351_529_traffic_scan_env2025_seed0-499_48352cd1,383,0,54,0,1
20260912_215351_529_traffic_scan_env2025_seed0-499_48352cd1,383,0,55,0,2
20260912_215351_529_traffic_scan_env2025_seed0-499_48352cd1,383,1,0,0,1
20260912_215351_529_traffic_scan_env2025_seed0-499_48352cd1,383,1,1,0,1
20260912_215351_529_traffic_scan_env2025_seed0-499_48352cd1,383,1,2,0,1
20260912_215351_529_traffic_scan_env2025_seed0-499_48352cd1,383,1,8,1,1
20260912_215351_529_traffic_scan_env2025_seed0-499_48352cd1,383,1,9,1,1
20260912_215351_529_traffic_scan_env2025_seed0-499_48352cd1,383,1,10,0,1
20260912_215351_529_traffic_scan_env2025_seed0-499_48352cd1,383,1,10,1,1
20260912_215351_529_traffic_scan_env2025_seed0-499_48352cd1,383,1,11,1,1
20260912_215351_529_traffic_scan_env2025_seed0-499_48352cd1,383,1,12,1,1
20260912_215351_529_traffic_scan_env2025_seed0-499_48352cd1,383,1,13,1,1
20260912_215351_529_traffic_scan_env2025_seed0-499_48352cd1,383,1,14,1,1
20260912_215351_529_traffic_scan_env2025_seed0-499_48352cd1,383,1,15,1,1
20260912_215351_529_traffic_scan_env2025_seed0-499_48352cd1,383,1,16,1,1
20260912_215351_529_traffic_scan_env2025_seed0-499_48352cd1,383,1,17,1,1
20260912_215351_529_traffic_scan_env2025_seed0-499_48352cd1,383,1,20,0,2
20260912_215351_529_traffic_scan_env2025_seed0-499_48352cd1,383,1,21,0,1
20260912_215351_529_traffic_scan_env2025_seed0-499_48352cd1,383,1,23,0,1
20260912_215351_529_traffic_scan_env2025_seed0-499_48352cd1,383,1,25,0,1
20260912_215351_529_traffic_scan_env2025_seed0-499_48352cd1,383,1,41,0,1
20260912_215351_529_traffic_scan_env2025_seed0-499_48352cd1,383,1,55,0,1
20260912_215351_529_traffic_scan_env2025_seed0-499_48352cd1,383,2,0,0,1
20260912_215351_529_traffic_scan_env2025_seed0-499_48352cd1,383,2,2,0,1
20260912_215351_529_traffic_scan_env2025_seed0-499_48352cd1,383,2,3,0,1
20260912_215351_529_traffic_scan_env2025_seed0-499_48352cd1,383,2,11,0,1
20260912_215351_529_traffic_scan_env2025_seed0-499_48352cd1,383,2,14,0,1
20260912_215351_529_traffic_scan_env2025_seed0-499_48352cd1,383,2,18,1,1
20260912_215351_529_traffic_scan_env2025_seed0-499_48352cd1,383,2,20,0,1
20260912_215351_529_traffic_scan_env2025_seed0-499_48352cd1,383,2,22,0,2
20260912_215351_529_traffic_scan_env2025_seed0-499_48352cd1,383,2,26,0,1
20260912_215351_529_traffic_scan_env2025_seed0-499_48352cd1,383,2,27,0,1
20260912_215351_529_traffic_scan_env2025_seed0-499_48352cd1,383,2,36,0,2
20260912_215351_529_traffic_scan_env2025_seed0-499_48352cd1,383,2,37,0,1
20260912_215351_529_traffic_scan_env2025_seed0-499_48352cd1,383,2,38,0,1
20260912_215351_529_traffic_scan_env2025_seed0-499_48352cd1,383,2,39,0,1
20260912_215351_529_traffic_scan_env2025_seed0-499_48352cd1,383,2,40,0,1
20260912_215351_529_traffic_scan_env2025_seed0-499_48352cd1,383,2,42,0,1
20260912_215351_529_traffic_scan_env2025_seed0-499_48352cd1,383,2,43,0,2
20260912_215351_529_traffic_scan_env2025_seed0-499_48352cd1,383,2,44,1,1
20260912_215351_529_traffic_scan_env2025_seed0-499_48352cd1,383,2,45,1,1
20260912_215351_529_traffic_scan_env2025_seed0-499_48352cd1,383,2,46,0,1
20260912_215351_529_traffic_scan_env2025_seed0-499_48352cd1,383,2,54,0,1
20260912_215351_529_traffic_scan_env2025_seed0-499_48352cd1,383,3,0,0,1
20260912_215351_529_traffic_scan_env2025_seed0-499_48352cd1,383,3,3,0,1
20260912_215351_529_traffic_scan_env2025_seed0-499_48352cd1,383,3,4,0,1
20260912_215351_529_traffic_scan_env2025_seed0-499_48352cd1,383,3,11,0,1
20260912_215351_529_traffic_scan_env2025_seed0-499_48352cd1,383,3,15,0,2
20260912_215351_529_traffic_scan_env2025_seed0-499_48352cd1,383,3,19,0,1
20260912_215351_529_traffic_scan_env2025_seed0-499_48352cd1,383,3,19,1,1
20260912_215351_529_traffic_scan_env2025_seed0-499_48352cd1,383,3,21,0,1
20260912_215351_529_traffic_scan_env2025_seed0-499_48352cd1,383,3,23,1,1
20260912_215351_529_traffic_scan_env2025_seed0-499_48352cd1,383,3,26,0,1
20260912_215351_529_traffic_scan_env2025_seed0-499_48352cd1,383,3,27,0,2
20260912_215351_529_traffic_scan_env2025_seed0-499_48352cd1,383,3,30,1,1
20260912_215351_529_traffic_scan_env2025_seed0-499_48352cd1,383,3,31,1,1
20260912_215351_529_traffic_scan_env2025_seed0-499_48352cd1,383,3,32,1,1
20260912_215351_529_traffic_scan_env2025_seed0-499_48352cd1,383,3,33,1,1
20260912_215351_529_traffic_scan_env2025_seed0-499_48352cd1,383,3,34,1,1
20260912_215351_529_traffic_scan_env2025_seed0-499_48352cd1,383,3,35,0,1
20260912_215351_529_traffic_scan_env2025_seed0-499_48352cd1,383,3,35,1,1
20260912_215351_529_traffic_scan_env2025_seed0-499_48352cd1,383,3,36,0,1
20260912_215351_529_traffic_scan_env2025_seed0-499_48352cd1,383,3,36,1,1
20260912_215351_529_traffic_scan_env2025_seed0-499_48352cd1,383,3,37,0,2
20260912_215351_529_traffic_scan_env2025_seed0-499_48352cd1,383,3,37,1,1
20260912_215351_529_traffic_scan_env2025_seed0-499_48352cd1,383,3,40,0,1
20260912_215351_529_traffic_scan_env2025_seed0-499_48352cd1,383,3,43,0,1
20260912_215351_529_traffic_scan_env2025_seed0-499_48352cd1,383,3,44,1,1
20260912_215351_529_traffic_scan_env2025_seed0-499_48352cd1,383,3,53,0,1
20260912_215351_529_traffic_scan_env2025_seed0-499_48352cd1,383,3,54,0,1
20260912_215351_529_traffic_scan_env2025_seed0-499_48352cd1,383,4,0,0,1
20260912_215351_529_traffic_scan_env2025_seed0-499_48352cd1,383,4,4,0,1
20260912_215351_529_traffic_scan_env2025_seed0-499_48352cd1,383,4,5,0,2
20260912_215351_529_traffic_scan_env2025_seed0-499_48352cd1,383,4,6,1,1
20260912_215351_529_traffic_scan_env2025_seed0-499_48352cd1,383,4,11,0,1
20260912_215351_529_traffic_scan_env2025_seed0-499_48352cd1,383,4,16,0,2
20260912_215351_529_traffic_scan_env2025_seed0-499_48352cd1,383,4,18,0,1
20260912_215351_529_traffic_scan_env2025_seed0-499_48352cd1,383,4,20,0,1
20260912_215351_529_traffic_scan_env2025_seed0-499_48352cd1,383,4,20,1,1
20260912_215351_529_traffic_scan_env2025_seed0-499_48352cd1,383,4,24,1,1
20260912_215351_529_traffic_scan_env2025_seed0-499_48352cd1,383,4,25,0,1
20260912_215351_529_traffic_scan_env2025_seed0-499_48352cd1,383,4,25,1,1
20260912_215351_529_traffic_scan_env2025_seed0-499_48352cd1,383,4,26,0,1
20260912_215351_529_traffic_scan_env2025_seed0-499_48352cd1,383,4,26,1,1
20260912_215351_529_traffic_scan_env2025_seed0-499_48352cd1,383,4,27,0,1
20260912_215351_529_traffic_scan_env2025_seed0-499_48352cd1,383,4,29,1,1
20260912_215351_529_traffic_scan_env2025_seed0-499_48352cd1,383,4,35,0,1
20260912_215351_529_traffic_scan_env2025_seed0-499_48352cd1,383,4,36,0,1
20260912_215351_529_traffic_scan_env2025_seed0-499_48352cd1,383,4,37,0,1
20260912_215351_529_traffic_scan_env2025_seed0-499_48352cd1,383,4,38,0,1
20260912_215351_529_traffic_scan_env2025_seed0-499_48352cd1,383,4,41,0,2
20260912_215351_529_traffic_scan_env2025_seed0-499_48352cd1,383,4,41,1,1
20260912_215351_529_traffic_scan_env2025_seed0-499_48352cd1,383,4,42,0,1
20260912_215351_529_traffic_scan_env2025_seed0-499_48352cd1,383,4,42,1,1
20260912_215351_529_traffic_scan_env2025_seed0-499_48352cd1,383,4,43,0,2
20260912_215351_529_traffic_scan_env2025_seed0-499_48352cd1,383,4,43,1,1
20260912_215351_529_traffic_scan_env2025_seed0-499_48352cd1,383,4,44,0,1
20260912_215351_529_traffic_scan_env2025_seed0-499_48352cd1,383,4,44,1,1
20260912_215351_529_traffic_scan_env2025_seed0-499_48352cd1,383,4,45,0,1
20260912_215351_529_traffic_scan_env2025_seed0-499_48352cd1,383,4,45,1,2
20260912_215351_529_traffic_scan_env2025_seed0-499_48352cd1,383,4,46,0,2
20260912_215351_529_traffic_scan_env2025_seed0-499_48352cd1,383,4,47,0,2
20260912_215351_529_traffic_scan_env2025_seed0-499_48352cd1,383,4,48,0,2
20260912_215351_529_traffic_scan_env2025_seed0-499_48352cd1,383,4,49,0,2
20260912_215351_529_traffic_scan_env2025_seed0-499_48352cd1,383,4,50,0,1
20260912_215351_529_traffic_scan_env2025_seed0-499_48352cd1,383,4,51,0,1
20260912_215351_529_traffic_scan_env2025_seed0-499_48352cd1,383,4,52,0,3
20260912_215351_529_traffic_scan_env2025_seed0-499_48352cd1,383,4,54,0,2
20260912_215351_529_traffic_scan_env2025_seed0-499_48352cd1,383,4,55,0,1
20260912_215351_529_traffic_scan_env2025_seed0-499_48352cd1,383,4,56,0,1
20260912_215351_529_traffic_scan_env2025_seed0-499_48352cd1,383,4,57,0,1
20260912_215351_529_traffic_scan_env2025_seed0-499_48352cd1,383,5,0,0,2
20260912_215351_529_traffic_scan_env2025_seed0-499_48352cd1,383,5,1,0,1
20260912_215351_529_traffic_scan_env2025_seed0-499_48352cd1,383,5,2,0,1
20260912_215351_529_traffic_scan_env2025_seed0-499_48352cd1,383,5,3,0,1
20260912_215351_529_traffic_scan_env2025_seed0-499_48352cd1,383,5,4,0,1
20260912_215351_529_traffic_scan_env2025_seed0-499_48352cd1,383,5,5,0,2
20260912_215351_529_traffic_scan_env2025_seed0-499_48352cd1,383,5,6,0,2
20260912_215351_529_traffic_scan_env2025_seed0-499_48352cd1,383,5,7,0,2
20260912_215351_529_traffic_scan_env2025_seed0-499_48352cd1,383,5,10,0,1
20260912_215351_529_traffic_scan_env2025_seed0-499_48352cd1,383,5,12,0,1
20260912_215351_529_traffic_scan_env2025_seed0-499_48352cd1,383,5,12,1,1
20260912_215351_529_traffic_scan_env2025_seed0-499_48352cd1,383,5,13,1,1
20260912_215351_529_traffic_scan_env2025_seed0-499_48352cd1,383,5,14,1,1
20260912_215351_529_traffic_scan_env2025_seed0-499_48352cd1,383,5,15,0,1
20260912_215351_529_traffic_scan_env2025_seed0-499_48352cd1,383,5,15,1,1
20260912_215351_529_traffic_scan_env2025_seed0-499_48352cd1,383,5,16,0,1
20260912_215351_529_traffic_scan_env2025_seed0-499_48352cd1,383,5,16,1,1
20260912_215351_529_traffic_scan_env2025_seed0-499_48352cd1,383,5,17,0,3
20260912_215351_529_traffic_scan_env2025_seed0-499_48352cd1,383,5,17,1,1
20260912_215351_529_traffic_scan_env2025_seed0-499_48352cd1,383,5,18,1,2
20260912_215351_529_traffic_scan_env2025_seed0-499_48352cd1,383,5,19,0,1
20260912_215351_529_traffic_scan_env2025_seed0-499_48352cd1,383,5,19,1,2
20260912_215351_529_traffic_scan_env2025_seed0-499_48352cd1,383,5,20,1,2
20260912_215351_529_traffic_scan_env2025_seed0-499_48352cd1,383,5,21,0,1
20260912_215351_529_traffic_scan_env2025_seed0-499_48352cd1,383,5,21,1,3
20260912_215351_529_traffic_scan_env2025_seed0-499_48352cd1,383,5,22,0,1
20260912_215351_529_traffic_scan_env2025_seed0-499_48352cd1,383,5,22,1,2
20260912_215351_529_traffic_scan_env2025_seed0-499_48352cd1,383,5,23,0,1
20260912_215351_529_traffic_scan_env2025_seed0-499_48352cd1,383,5,23,1,2
20260912_215351_529_traffic_scan_env2025_seed0-499_48352cd1,383,5,24,1,2
20260912_215351_529_traffic_scan_env2025_seed0-499_48352cd1,383,5,25,0,2
20260912_215351_529_traffic_scan_env2025_seed0-499_48352cd1,383,5,25,1,2
20260912_215351_529_traffic_scan_env2025_seed0-499_48352cd1,383,5,26,1,2
20260912_215351_529_traffic_scan_env2025_seed0-499_48352cd1,383,5,27,0,1
20260912_215351_529_traffic_scan_env2025_seed0-499_48352cd1,383,5,27,1,3
20260912_215351_529_traffic_scan_env2025_seed0-499_48352cd1,383,5,28,1,3
20260912_215351_529_traffic_scan_env2025_seed0-499_48352cd1,383,5,29,1,2
20260912_215351_529_traffic_scan_env2025_seed0-499_48352cd1,383,5,30,1,2
20260912_215351_529_traffic_scan_env2025_seed0-499_48352cd1,383,5,31,1,2
20260912_215351_529_traffic_scan_env2025_seed0-499_48352cd1,383,5,32,2,2
20260912_215351_529_traffic_scan_env2025_seed0-499_48352cd1,383,5,33,2,2
20260912_215351_529_traffic_scan_env2025_seed0-499_48352cd1,383,5,34,1,2
20260912_215351_529_traffic_scan_env2025_seed0-499_48352cd1,383,5,35,0,1
20260912_215351_529_traffic_scan_env2025_seed0-499_48352cd1,383,5,35,1,2
20260912_215351_529_traffic_scan_env2025_seed0-499_48352cd1,383,5,36,0,2
20260912_215351_529_traffic_scan_env2025_seed0-499_48352cd1,383,5,36,1,2
20260912_215351_529_traffic_scan_env2025_seed0-499_48352cd1,383,5,37,2,2
20260912_215351_529_traffic_scan_env2025_seed0-499_48352cd1,383,5,38,2,2
20260912_215351_529_traffic_scan_env2025_seed0-499_48352cd1,383,5,39,1,2
20260912_215351_529_traffic_scan_env2025_seed0-499_48352cd1,383,5,39,2,1
20260912_215351_529_traffic_scan_env2025_seed0-499_48352cd1,383,5,40,0,2
20260912_215351_529_traffic_scan_env2025_seed0-499_48352cd1,383,5,40,1,1
20260912_215351_529_traffic_scan_env2025_seed0-499_48352cd1,383,5,40,2,1
20260912_215351_529_traffic_scan_env2025_seed0-499_48352cd1,383,5,41,2,1
20260912_215351_529_traffic_scan_env2025_seed0-499_48352cd1,383,5,42,2,1
20260912_215351_529_traffic_scan_env2025_seed0-499_48352cd1,383,5,43,0,1
20260912_215351_529_traffic_scan_env2025_seed0-499_48352cd1,383,5,46,0,1
20260912_215351_529_traffic_scan_env2025_seed0-499_48352cd1,383,5,46,1,1
20260912_215351_529_traffic_scan_env2025_seed0-499_48352cd1,383,5,49,0,1
20260912_215351_529_traffic_scan_env2025_seed0-499_48352cd1,383,5,50,0,1
20260912_215351_529_traffic_scan_env2025_seed0-499_48352cd1,383,5,51,0,2
20260912_215351_529_traffic_scan_env2025_seed0-499_48352cd1,383,5,53,0,4
20260912_215351_529_traffic_scan_env2025_seed0-499_48352cd1,383,6,0,0,1
20260912_215351_529_traffic_scan_env2025_seed0-499_48352cd1,383,6,2,0,1
20260912_215351_529_traffic_scan_env2025_seed0-499_48352cd1,383,6,3,0,1
20260912_215351_529_traffic_scan_env2025_seed0-499_48352cd1,383,6,4,0,1
20260912_215351_529_traffic_scan_env2025_seed0-499_48352cd1,383,6,5,0,1
20260912_215351_529_traffic_scan_env2025_seed0-499_48352cd1,383,6,6,0,2
20260912_215351_529_traffic_scan_env2025_seed0-499_48352cd1,383,6,7,0,2
20260912_215351_529_traffic_scan_env2025_seed0-499_48352cd1,383,6,8,0,3
20260912_215351_529_traffic_scan_env2025_seed0-499_48352cd1,383,6,9,0,3
20260912_215351_529_traffic_scan_env2025_seed0-499_48352cd1,383,6,10,0,2
20260912_215351_529_traffic_scan_env2025_seed0-499_48352cd1,383,6,11,0,3
20260912_215351_529_traffic_scan_env2025_seed0-499_48352cd1,383,6,12,0,1
20260912_215351_529_traffic_scan_env2025_seed0-499_48352cd1,383,6,13,0,2
20260912_215351_529_traffic_scan_env2025_seed0-499_48352cd1,383,6,14,0,1
20260912_215351_529_traffic_scan_env2025_seed0-499_48352cd1,383,6,15,0,1
20260912_215351_529_traffic_scan_env2025_seed0-499_48352cd1,383,6,16,0,3
20260912_215351_529_traffic_scan_env2025_seed0-499_48352cd1,383,6,17,0,3
20260912_215351_529_traffic_scan_env2025_seed0-499_48352cd1,383,6,17,1,1
20260912_215351_529_traffic_scan_env2025_seed0-499_48352cd1,383,6,18,0,6
20260912_215351_529_traffic_scan_env2025_seed0-499_48352cd1,383,6,19,0,2
20260912_215351_529_traffic_scan_env2025_seed0-499_48352cd1,383,6,20,0,1
20260912_215351_529_traffic_scan_env2025_seed0-499_48352cd1,383,6,21,0,1
20260912_215351_529_traffic_scan_env2025_seed0-499_48352cd1,383,6,22,0,1
20260912_215351_529_traffic_scan_env2025_seed0-499_48352cd1,383,6,22,1,1
20260912_215351_529_traffic_scan_env2025_seed0-499_48352cd1,383,6,23,0,1
20260912_215351_529_traffic_scan_env2025_seed0-499_48352cd1,383,6,24,0,3
20260912_215351_529_traffic_scan_env2025_seed0-499_48352cd1,383,6,25,0,2
20260912_215351_529_traffic_scan_env2025_seed0-499_48352cd1,383,6,26,0,1
20260912_215351_529_traffic_scan_env2025_seed0-499_48352cd1,383,6,27,0,1
20260912_215351_529_traffic_scan_env2025_seed0-499_48352cd1,383,6,27,1,1
20260912_215351_529_traffic_scan_env2025_seed0-499_48352cd1,383,6,28,1,1
20260912_215351_529_traffic_scan_env2025_seed0-499_48352cd1,383,6,35,0,1
20260912_215351_529_traffic_scan_env2025_seed0-499_48352cd1,383,6,36,0,2
20260912_215351_529_traffic_scan_env2025_seed0-499_48352cd1,383,6,39,1,1
20260912_215351_529_traffic_scan_env2025_seed0-499_48352cd1,383,6,40,0,1
20260912_215351_529_traffic_scan_env2025_seed0-499_48352cd1,383,6,40,1,1
20260912_215351_529_traffic_scan_env2025_seed0-499_48352cd1,383,6,43,0,2
20260912_215351_529_traffic_scan_env2025_seed0-499_48352cd1,383,6,43,1,1
20260912_215351_529_traffic_scan_env2025_seed0-499_48352cd1,383,6,44,0,1
20260912_215351_529_traffic_scan_env2025_seed0-499_48352cd1,383,6,45,0,1
20260912_215351_529_traffic_scan_env2025_seed0-499_48352cd1,383,6,46,0,2
20260912_215351_529_traffic_scan_env2025_seed0-499_48352cd1,383,6,47,0,1
20260912_215351_529_traffic_scan_env2025_seed0-499_48352cd1,383,6,47,1,1
20260912_215351_529_traffic_scan_env2025_seed0-499_48352cd1,383,6,48,0,2
20260912_215351_529_traffic_scan_env2025_seed0-499_48352cd1,383,6,49,0,2
20260912_215351_529_traffic_scan_env2025_seed0-499_48352cd1,383,6,50,0,2
20260912_215351_529_traffic_scan_env2025_seed0-499_48352cd1,383,6,51,0,1
20260912_215351_529_traffic_scan_env2025_seed0-499_48352cd1,383,6,52,0,3
20260912_215351_529_traffic_scan_env2025_seed0-499_48352cd1,383,6,53,0,1
20260912_215351_529_traffic_scan_env2025_seed0-499_48352cd1,383,7,0,0,1
20260912_215351_529_traffic_scan_env2025_seed0-499_48352cd1,383,7,6,0,1
20260912_215351_529_traffic_scan_env2025_seed0-499_48352cd1,383,7,7,0,1
20260912_215351_529_traffic_scan_env2025_seed0-499_48352cd1,383,7,8,0,2
20260912_215351_529_traffic_scan_env2025_seed0-499_48352cd1,383,7,10,0,1
20260912_215351_529_traffic_scan_env2025_seed0-499_48352cd1,383,7,11,0,1
20260912_215351_529_traffic_scan_env2025_seed0-499_48352cd1,383,7,14,0,1
20260912_215351_529_traffic_scan_env2025_seed0-499_48352cd1,383,7,15,0,1
20260912_215351_529_traffic_scan_env2025_seed0-499_48352cd1,383,7,16,1,1
20260912_215351_529_traffic_scan_env2025_seed0-499_48352cd1,383,7,17,0,3
20260912_215351_529_traffic_scan_env2025_seed0-499_48352cd1,383,7,19,0,5
20260912_215351_529_traffic_scan_env2025_seed0-499_48352cd1,383,7,23,2,1
20260912_215351_529_traffic_scan_env2025_seed0-499_48352cd1,383,7,24,0,1
20260912_215351_529_traffic_scan_env2025_seed0-499_48352cd1,383,7,25,0,2
20260912_215351_529_traffic_scan_env2025_seed0-499_48352cd1,383,7,26,1,1
20260912_215351_529_traffic_scan_env2025_seed0-499_48352cd1,383,7,27,0,2
20260912_215351_529_traffic_scan_env2025_seed0-499_48352cd1,383,7,29,1,1
20260912_215351_529_traffic_scan_env2025_seed0-499_48352cd1,383,7,35,0,1
20260912_215351_529_traffic_scan_env2025_seed0-499_48352cd1,383,7,36,0,2
20260912_215351_529_traffic_scan_env2025_seed0-499_48352cd1,383,7,38,2,1
20260912_215351_529_traffic_scan_env2025_seed0-499_48352cd1,383,7,39,0,1
20260912_215351_529_traffic_scan_env2025_seed0-499_48352cd1,383,7,39,1,1
20260912_215351_529_traffic_scan_env2025_seed0-499_48352cd1,383,7,43,0,2
20260912_215351_529_traffic_scan_env2025_seed0-499_48352cd1,383,7,46,0,2
20260912_215351_529_traffic_scan_env2025_seed0-499_48352cd1,383,7,47,0,2
20260912_215351_529_traffic_scan_env2025_seed0-499_48352cd1,383,7,48,0,1
20260912_215351_529_traffic_scan_env2025_seed0-499_48352cd1,383,7,48,1,1
20260912_215351_529_traffic_scan_env2025_seed0-499_48352cd1,383,7,49,0,1
20260912_215351_529_traffic_scan_env2025_seed0-499_48352cd1,383,7,51,0,2
20260912_215351_529_traffic_scan_env2025_seed0-499_48352cd1,383,7,53,0,1
20260912_215351_529_traffic_scan_env2025_seed0-499_48352cd1,383,8,0,0,1
20260912_215351_529_traffic_scan_env2025_seed0-499_48352cd1,383,8,7,0,1
20260912_215351_529_traffic_scan_env2025_seed0-499_48352cd1,383,8,8,0,1
20260912_215351_529_traffic_scan_env2025_seed0-499_48352cd1,383,8,9,0,2
20260912_215351_529_traffic_scan_env2025_seed0-499_48352cd1,383,8,11,0,1
20260912_215351_529_traffic_scan_env2025_seed0-499_48352cd1,383,8,12,0,1
20260912_215351_529_traffic_scan_env2025_seed0-499_48352cd1,383,8,15,0,2
20260912_215351_529_traffic_scan_env2025_seed0-499_48352cd1,383,8,15,1,1
20260912_215351_529_traffic_scan_env2025_seed0-499_48352cd1,383,8,16,0,1
20260912_215351_529_traffic_scan_env2025_seed0-499_48352cd1,383,8,18,0,2
20260912_215351_529_traffic_scan_env2025_seed0-499_48352cd1,383,8,19,0,6
20260912_215351_529_traffic_scan_env2025_seed0-499_48352cd1,383,8,24,0,1
20260912_215351_529_traffic_scan_env2025_seed0-499_48352cd1,383,8,24,1,1
20260912_215351_529_traffic_scan_env2025_seed0-499_48352cd1,383,8,25,1,1
20260912_215351_529_traffic_scan_env2025_seed0-499_48352cd1,383,8,26,0,1
20260912_215351_529_traffic_scan_env2025_seed0-499_48352cd1,383,8,26,1,1
20260912_215351_529_traffic_scan_env2025_seed0-499_48352cd1,383,8,27,0,1
20260912_215351_529_traffic_scan_env2025_seed0-499_48352cd1,383,8,28,0,1
20260912_215351_529_traffic_scan_env2025_seed0-499_48352cd1,383,8,30,0,1
20260912_215351_529_traffic_scan_env2025_seed0-499_48352cd1,383,8,30,1,1
20260912_215351_529_traffic_scan_env2025_seed0-499_48352cd1,383,8,36,0,2
20260912_215351_529_traffic_scan_env2025_seed0-499_48352cd1,383,8,36,1,1
20260912_215351_529_traffic_scan_env2025_seed0-499_48352cd1,383,8,37,2,1
20260912_215351_529_traffic_scan_env2025_seed0-499_48352cd1,383,8,40,0,1
20260912_215351_529_traffic_scan_env2025_seed0-499_48352cd1,383,8,40,1,1
20260912_215351_529_traffic_scan_env2025_seed0-499_48352cd1,383,8,43,0,2
20260912_215351_529_traffic_scan_env2025_seed0-499_48352cd1,383,8,46,0,4
20260912_215351_529_traffic_scan_env2025_seed0-499_48352cd1,383,8,49,0,1
20260912_215351_529_traffic_scan_env2025_seed0-499_48352cd1,383,8,49,1,1
20260912_215351_529_traffic_scan_env2025_seed0-499_48352cd1,383,8,50,0,2
20260912_215351_529_traffic_scan_env2025_seed0-499_48352cd1,383,8,53,0,1
20260912_215351_529_traffic_scan_env2025_seed0-499_48352cd1,383,9,1,1,1
20260912_215351_529_traffic_scan_env2025_seed0-499_48352cd1,383,9,8,0,1
20260912_215351_529_traffic_scan_env2025_seed0-499_48352cd1,383,9,9,0,1
20260912_215351_529_traffic_scan_env2025_seed0-499_48352cd1,383,9,10,0,2
20260912_215351_529_traffic_scan_env2025_seed0-499_48352cd1,383,9,12,0,2
20260912_215351_529_traffic_scan_env2025_seed0-499_48352cd1,383,9,14,1,1
20260912_215351_529_traffic_scan_env2025_seed0-499_48352cd1,383,9,15,0,2
20260912_215351_529_traffic_scan_env2025_seed0-499_48352cd1,383,9,16,0,1
20260912_215351_529_traffic_scan_env2025_seed0-499_48352cd1,383,9,18,0,1
20260912_215351_529_traffic_scan_env2025_seed0-499_48352cd1,383,9,19,0,3
20260912_215351_529_traffic_scan_env2025_seed0-499_48352cd1,383,9,20,0,4
20260912_215351_529_traffic_scan_env2025_seed0-499_48352cd1,383,9,21,0,2
20260912_215351_529_traffic_scan_env2025_seed0-499_48352cd1,383,9,22,0,2
20260912_215351_529_traffic_scan_env2025_seed0-499_48352cd1,383,9,23,0,2
20260912_215351_529_traffic_scan_env2025_seed0-499_48352cd1,383,9,24,2,1
20260912_215351_529_traffic_scan_env2025_seed0-499_48352cd1,383,9,25,1,1
20260912_215351_529_traffic_scan_env2025_seed0-499_48352cd1,383,9,26,1,1
20260912_215351_529_traffic_scan_env2025_seed0-499_48352cd1,383,9,27,0,2
20260912_215351_529_traffic_scan_env2025_seed0-499_48352cd1,383,9,29,0,1
20260912_215351_529_traffic_scan_env2025_seed0-499_48352cd1,383,9,30,0,1
20260912_215351_529_traffic_scan_env2025_seed0-499_48352cd1,383,9,31,0,1
20260912_215351_529_traffic_scan_env2025_seed0-499_48352cd1,383,9,31,1,1
20260912_215351_529_traffic_scan_env2025_seed0-499_48352cd1,383,9,36,2,2
20260912_215351_529_traffic_scan_env2025_seed0-499_48352cd1,383,9,37,0,2
20260912_215351_529_traffic_scan_env2025_seed0-499_48352cd1,383,9,40,0,1
20260912_215351_529_traffic_scan_env2025_seed0-499_48352cd1,383,9,41,2,1
20260912_215351_529_traffic_scan_env2025_seed0-499_48352cd1,383,9,43,0,2
20260912_215351_529_traffic_scan_env2025_seed0-499_48352cd1,383,9,44,0,1
20260912_215351_529_traffic_scan_env2025_seed0-499_48352cd1,383,9,45,0,2
20260912_215351_529_traffic_scan_env2025_seed0-499_48352cd1,383,9,46,1,2
20260912_215351_529_traffic_scan_env2025_seed0-499_48352cd1,383,9,48,0,1
20260912_215351_529_traffic_scan_env2025_seed0-499_48352cd1,383,9,49,0,1
20260912_215351_529_traffic_scan_env2025_seed0-499_48352cd1,383,9,49,1,1
20260912_215351_529_traffic_scan_env2025_seed0-499_48352cd1,383,9,50,1,1
20260912_215351_529_traffic_scan_env2025_seed0-499_48352cd1,383,9,53,0,1
20260912_215351_529_traffic_scan_env2025_seed0-499_48352cd1,383,9,55,0,1
20260912_215351_529_traffic_scan_env2025_seed0-499_48352cd1,383,10,1,1,1
20260912_215351_529_traffic_scan_env2025_seed0-499_48352cd1,383,10,3,0,1
20260912_215351_529_traffic_scan_env2025_seed0-499_48352cd1,383,10,7,0,1
20260912_215351_529_traffic_scan_env2025_seed0-499_48352cd1,383,10,9,0,1
20260912_215351_529_traffic_scan_env2025_seed0-499_48352cd1,383,10,10,0,1
20260912_215351_529_traffic_scan_env2025_seed0-499_48352cd1,383,10,11,0,2
20260912_215351_529_traffic_scan_env2025_seed0-499_48352cd1,383,10,12,0,1
20260912_215351_529_traffic_scan_env2025_seed0-499_48352cd1,383,10,13,0,3
20260912_215351_529_traffic_scan_env2025_seed0-499_48352cd1,383,10,14,0,2
20260912_215351_529_traffic_scan_env2025_seed0-499_48352cd1,383,10,17,0,2
20260912_215351_529_traffic_scan_env2025_seed0-499_48352cd1,383,10,20,0,5
20260912_215351_529_traffic_scan_env2025_seed0-499_48352cd1,383,10,23,0,4
20260912_215351_529_traffic_scan_env2025_seed0-499_48352cd1,383,10,23,1,1
20260912_215351_529_traffic_scan_env2025_seed0-499_48352cd1,383,10,26,1,2
20260912_215351_529_traffic_scan_env2025_seed0-499_48352cd1,383,10,28,0,1
20260912_215351_529_traffic_scan_env2025_seed0-499_48352cd1,383,10,28,1,1
20260912_215351_529_traffic_scan_env2025_seed0-499_48352cd1,383,10,30,0,1
20260912_215351_529_traffic_scan_env2025_seed0-499_48352cd1,383,10,31,0,1
20260912_215351_529_traffic_scan_env2025_seed0-499_48352cd1,383,10,32,0,1
20260912_215351_529_traffic_scan_env2025_seed0-499_48352cd1,383,10,32,1,1
20260912_215351_529_traffic_scan_env2025_seed0-499_48352cd1,383,10,33,1,1
20260912_215351_529_traffic_scan_env2025_seed0-499_48352cd1,383,10,35,2,1
20260912_215351_529_traffic_scan_env2025_seed0-499_48352cd1,383,10,36,2,1
20260912_215351_529_traffic_scan_env2025_seed0-499_48352cd1,383,10,37,0,3
20260912_215351_529_traffic_scan_env2025_seed0-499_48352cd1,383,10,40,0,1
20260912_215351_529_traffic_scan_env2025_seed0-499_48352cd1,383,10,41,0,2
20260912_215351_529_traffic_scan_env2025_seed0-499_48352cd1,383,10,42,1,1
20260912_215351_529_traffic_scan_env2025_seed0-499_48352cd1,383,10,43,0,1
20260912_215351_529_traffic_scan_env2025_seed0-499_48352cd1,383,10,43,1,2
20260912_215351_529_traffic_scan_env2025_seed0-499_48352cd1,383,10,44,0,1
20260912_215351_529_traffic_scan_env2025_seed0-499_48352cd1,383,10,46,0,2
20260912_215351_529_traffic_scan_env2025_seed0-499_48352cd1,383,10,47,0,1
20260912_215351_529_traffic_scan_env2025_seed0-499_48352cd1,383,10,48,0,1
20260912_215351_529_traffic_scan_env2025_seed0-499_48352cd1,383,10,48,1,1
20260912_215351_529_traffic_scan_env2025_seed0-499_48352cd1,383,10,51,1,1
20260912_215351_529_traffic_scan_env2025_seed0-499_48352cd1,383,10,53,0,1
20260912_215351_529_traffic_scan_env2025_seed0-499_48352cd1,383,10,54,0,1
20260912_215351_529_traffic_scan_env2025_seed0-499_48352cd1,383,11,1,1,1
20260912_215351_529_traffic_scan_env2025_seed0-499_48352cd1,383,11,4,0,1
20260912_215351_529_traffic_scan_env2025_seed0-499_48352cd1,383,11,8,0,1
20260912_215351_529_traffic_scan_env2025_seed0-499_48352cd1,383,11,9,0,1
20260912_215351_529_traffic_scan_env2025_seed0-499_48352cd1,383,11,10,0,1
20260912_215351_529_traffic_scan_env2025_seed0-499_48352cd1,383,11,10,1,1
20260912_215351_529_traffic_scan_env2025_seed0-499_48352cd1,383,11,11,0,2
20260912_215351_529_traffic_scan_env2025_seed0-499_48352cd1,383,11,11,1,1
20260912_215351_529_traffic_scan_env2025_seed0-499_48352cd1,383,11,12,0,2
20260912_215351_529_traffic_scan_env2025_seed0-499_48352cd1,383,11,12,1,1
20260912_215351_529_traffic_scan_env2025_seed0-499_48352cd1,383,11,13,0,1
20260912_215351_529_traffic_scan_env2025_seed0-499_48352cd1,383,11,13,1,1
20260912_215351_529_traffic_scan_env2025_seed0-499_48352cd1,383,11,14,0,2
20260912_215351_529_traffic_scan_env2025_seed0-499_48352cd1,383,11,14,1,2
20260912_215351_529_traffic_scan_env2025_seed0-499_48352cd1,383,11,16,0,1
20260912_215351_529_traffic_scan_env2025_seed0-499_48352cd1,383,11,18,0,1
20260912_215351_529_traffic_scan_env2025_seed0-499_48352cd1,383,11,21,0,5
20260912_215351_529_traffic_scan_env2025_seed0-499_48352cd1,383,11,22,0,3
20260912_215351_529_traffic_scan_env2025_seed0-499_48352cd1,383,11,22,1,1
20260912_215351_529_traffic_scan_env2025_seed0-499_48352cd1,383,11,23,0,1
20260912_215351_529_traffic_scan_env2025_seed0-499_48352cd1,383,11,24,0,3
20260912_215351_529_traffic_scan_env2025_seed0-499_48352cd1,383,11,25,0,1
20260912_215351_529_traffic_scan_env2025_seed0-499_48352cd1,383,11,26,1,1
20260912_215351_529_traffic_scan_env2025_seed0-499_48352cd1,383,11,27,2,2
20260912_215351_529_traffic_scan_env2025_seed0-499_48352cd1,383,11,28,0,1
20260912_215351_529_traffic_scan_env2025_seed0-499_48352cd1,383,11,31,0,1
20260912_215351_529_traffic_scan_env2025_seed0-499_48352cd1,383,11,32,0,2
20260912_215351_529_traffic_scan_env2025_seed0-499_48352cd1,383,11,34,2,2
20260912_215351_529_traffic_scan_env2025_seed0-499_48352cd1,383,11,36,0,1
20260912_215351_529_traffic_scan_env2025_seed0-499_48352cd1,383,11,36,1,2
20260912_215351_529_traffic_scan_env2025_seed0-499_48352cd1,383,11,37,0,1
20260912_215351_529_traffic_scan_env2025_seed0-499_48352cd1,383,11,38,0,1
20260912_215351_529_traffic_scan_env2025_seed0-499_48352cd1,383,11,39,0,2
20260912_215351_529_traffic_scan_env2025_seed0-499_48352cd1,383,11,42,0,1
20260912_215351_529_traffic_scan_env2025_seed0-499_48352cd1,383,11,42,1,1
20260912_215351_529_traffic_scan_env2025_seed0-499_48352cd1,383,11,43,0,2
20260912_215351_529_traffic_scan_env2025_seed0-499_48352cd1,383,11,43,1,2
20260912_215351_529_traffic_scan_env2025_seed0-499_48352cd1,383,11,46,0,3
20260912_215351_529_traffic_scan_env2025_seed0-499_48352cd1,383,11,47,0,1
20260912_215351_529_traffic_scan_env2025_seed0-499_48352cd1,383,11,47,1,1
20260912_215351_529_traffic_scan_env2025_seed0-499_48352cd1,383,11,51,1,1
20260912_215351_529_traffic_scan_env2025_seed0-499_48352cd1,383,11,53,0,2
20260912_215351_529_traffic_scan_env2025_seed0-499_48352cd1,383,12,0,0,1
20260912_215351_529_traffic_scan_env2025_seed0-499_48352cd1,383,12,1,0,1
20260912_215351_529_traffic_scan_env2025_seed0-499_48352cd1,383,12,1,1,1
20260912_215351_529_traffic_scan_env2025_seed0-499_48352cd1,383,12,2,0,2
20260912_215351_529_traffic_scan_env2025_seed0-499_48352cd1,383,12,3,0,2
20260912_215351_529_traffic_scan_env2025_seed0-499_48352cd1,383,12,4,0,2
20260912_215351_529_traffic_scan_env2025_seed0-499_48352cd1,383,12,5,0,3
20260912_215351_529_traffic_scan_env2025_seed0-499_48352cd1,383,12,6,0,2
20260912_215351_529_traffic_scan_env2025_seed0-499_48352cd1,383,12,7,0,2
20260912_215351_529_traffic_scan_env2025_seed0-499_48352cd1,383,12,8,0,1
20260912_215351_529_traffic_scan_env2025_seed0-499_48352cd1,383,12,9,0,2
20260912_215351_529_traffic_scan_env2025_seed0-499_48352cd1,383,12,10,0,2
20260912_215351_529_traffic_scan_env2025_seed0-499_48352cd1,383,12,11,0,1
20260912_215351_529_traffic_scan_env2025_seed0-499_48352cd1,383,12,12,0,2
20260912_215351_529_traffic_scan_env2025_seed0-499_48352cd1,383,12,13,0,3
20260912_215351_529_traffic_scan_env2025_seed0-499_48352cd1,383,12,15,0,2
20260912_215351_529_traffic_scan_env2025_seed0-499_48352cd1,383,12,15,1,2
20260912_215351_529_traffic_scan_env2025_seed0-499_48352cd1,383,12,16,0,1
20260912_215351_529_traffic_scan_env2025_seed0-499_48352cd1,383,12,16,1,1
20260912_215351_529_traffic_scan_env2025_seed0-499_48352cd1,383,12,17,1,1
20260912_215351_529_traffic_scan_env2025_seed0-499_48352cd1,383,12,18,0,1
20260912_215351_529_traffic_scan_env2025_seed0-499_48352cd1,383,12,21,0,1
20260912_215351_529_traffic_scan_env2025_seed0-499_48352cd1,383,12,21,1,2
20260912_215351_529_traffic_scan_env2025_seed0-499_48352cd1,383,12,22,0,3
20260912_215351_529_traffic_scan_env2025_seed0-499_48352cd1,383,12,22,1,1
20260912_215351_529_traffic_scan_env2025_seed0-499_48352cd1,383,12,23,0,3
20260912_215351_529_traffic_scan_env2025_seed0-499_48352cd1,383,12,24,0,2
20260912_215351_529_traffic_scan_env2025_seed0-499_48352cd1,383,12,26,0,1
20260912_215351_529_traffic_scan_env2025_seed0-499_48352cd1,383,12,26,1,1
20260912_215351_529_traffic_scan_env2025_seed0-499_48352cd1,383,12,27,0,1
20260912_215351_529_traffic_scan_env2025_seed0-499_48352cd1,383,12,27,1,1
20260912_215351_529_traffic_scan_env2025_seed0-499_48352cd1,383,12,28,0,2
20260912_215351_529_traffic_scan_env2025_seed0-499_48352cd1,383,12,28,1,1
20260912_215351_529_traffic_scan_env2025_seed0-499_48352cd1,383,12,32,0,3
20260912_215351_529_traffic_scan_env2025_seed0-499_48352cd1,383,12,33,2,1
20260912_215351_529_traffic_scan_env2025_seed0-499_48352cd1,383,12,35,0,2
20260912_215351_529_traffic_scan_env2025_seed0-499_48352cd1,383,12,35,1,1
20260912_215351_529_traffic_scan_env2025_seed0-499_48352cd1,383,12,36,0,1
20260912_215351_529_traffic_scan_env2025_seed0-499_48352cd1,383,12,36,1,2
20260912_215351_529_traffic_scan_env2025_seed0-499_48352cd1,383,12,37,0,1
20260912_215351_529_traffic_scan_env2025_seed0-499_48352cd1,383,12,37,1,2
20260912_215351_529_traffic_scan_env2025_seed0-499_48352cd1,383,12,38,0,1
20260912_215351_529_traffic_scan_env2025_seed0-499_48352cd1,383,12,38,1,1
20260912_215351_529_traffic_scan_env2025_seed0-499_48352cd1,383,12,39,2,1
20260912_215351_529_traffic_scan_env2025_seed0-499_48352cd1,383,12,40,0,1
20260912_215351_529_traffic_scan_env2025_seed0-499_48352cd1,383,12,40,1,1
20260912_215351_529_traffic_scan_env2025_seed0-499_48352cd1,383,12,41,0,1
20260912_215351_529_traffic_scan_env2025_seed0-499_48352cd1,383,12,41,1,2
20260912_215351_529_traffic_scan_env2025_seed0-499_48352cd1,383,12,42,0,2
20260912_215351_529_traffic_scan_env2025_seed0-499_48352cd1,383,12,42,1,1
20260912_215351_529_traffic_scan_env2025_seed0-499_48352cd1,383,12,43,0,2
20260912_215351_529_traffic_scan_env2025_seed0-499_48352cd1,383,12,43,1,2
20260912_215351_529_traffic_scan_env2025_seed0-499_48352cd1,383,12,44,1,2
20260912_215351_529_traffic_scan_env2025_seed0-499_48352cd1,383,12,45,0,1
20260912_215351_529_traffic_scan_env2025_seed0-499_48352cd1,383,12,45,1,1
20260912_215351_529_traffic_scan_env2025_seed0-499_48352cd1,383,12,46,0,2
20260912_215351_529_traffic_scan_env2025_seed0-499_48352cd1,383,12,46,1,3
20260912_215351_529_traffic_scan_env2025_seed0-499_48352cd1,383,12,47,0,1
20260912_215351_529_traffic_scan_env2025_seed0-499_48352cd1,383,12,47,1,1
20260912_215351_529_traffic_scan_env2025_seed0-499_48352cd1,383,12,48,1,1
20260912_215351_529_traffic_scan_env2025_seed0-499_48352cd1,383,12,49,1,1
20260912_215351_529_traffic_scan_env2025_seed0-499_48352cd1,383,12,51,0,3
20260912_215351_529_traffic_scan_env2025_seed0-499_48352cd1,383,12,52,0,1
20260912_215351_529_traffic_scan_env2025_seed0-499_48352cd1,383,12,52,1,1
20260912_215351_529_traffic_scan_env2025_seed0-499_48352cd1,383,12,53,0,1
20260912_215351_529_traffic_scan_env2025_seed0-499_48352cd1,383,13,1,1,1
20260912_215351_529_traffic_scan_env2025_seed0-499_48352cd1,383,13,2,0,1
20260912_215351_529_traffic_scan_env2025_seed0-499_48352cd1,383,13,3,0,2
20260912_215351_529_traffic_scan_env2025_seed0-499_48352cd1,383,13,4,0,1
20260912_215351_529_traffic_scan_env2025_seed0-499_48352cd1,383,13,5,0,2
20260912_215351_529_traffic_scan_env2025_seed0-499_48352cd1,383,13,6,0,3
20260912_215351_529_traffic_scan_env2025_seed0-499_48352cd1,383,13,7,0,1
20260912_215351_529_traffic_scan_env2025_seed0-499_48352cd1,383,13,8,0,1
20260912_215351_529_traffic_scan_env2025_seed0-499_48352cd1,383,13,8,1,1
20260912_215351_529_traffic_scan_env2025_seed0-499_48352cd1,383,13,9,0,2
20260912_215351_529_traffic_scan_env2025_seed0-499_48352cd1,383,13,9,1,1
20260912_215351_529_traffic_scan_env2025_seed0-499_48352cd1,383,13,10,0,1
20260912_215351_529_traffic_scan_env2025_seed0-499_48352cd1,383,13,10,1,1
20260912_215351_529_traffic_scan_env2025_seed0-499_48352cd1,383,13,11,0,2
20260912_215351_529_traffic_scan_env2025_seed0-499_48352cd1,383,13,11,1,1
20260912_215351_529_traffic_scan_env2025_seed0-499_48352cd1,383,13,12,0,1
20260912_215351_529_traffic_scan_env2025_seed0-499_48352cd1,383,13,12,1,1
20260912_215351_529_traffic_scan_env2025_seed0-499_48352cd1,383,13,13,0,2
20260912_215351_529_traffic_scan_env2025_seed0-499_48352cd1,383,13,13,1,1
20260912_215351_529_traffic_scan_env2025_seed0-499_48352cd1,383,13,14,0,3
20260912_215351_529_traffic_scan_env2025_seed0-499_48352cd1,383,13,14,1,1
20260912_215351_529_traffic_scan_env2025_seed0-499_48352cd1,383,13,15,0,2
20260912_215351_529_traffic_scan_env2025_seed0-499_48352cd1,383,13,15,1,1
20260912_215351_529_traffic_scan_env2025_seed0-499_48352cd1,383,13,16,0,2
20260912_215351_529_traffic_scan_env2025_seed0-499_48352cd1,383,13,16,1,2
20260912_215351_529_traffic_scan_env2025_seed0-499_48352cd1,383,13,18,1,1
20260912_215351_529_traffic_scan_env2025_seed0-499_48352cd1,383,13,19,0,1
20260912_215351_529_traffic_scan_env2025_seed0-499_48352cd1,383,13,19,1,1
20260912_215351_529_traffic_scan_env2025_seed0-499_48352cd1,383,13,20,0,1
20260912_215351_529_traffic_scan_env2025_seed0-499_48352cd1,383,13,20,1,2
20260912_215351_529_traffic_scan_env2025_seed0-499_48352cd1,383,13,23,0,4
20260912_215351_529_traffic_scan_env2025_seed0-499_48352cd1,383,13,23,1,1
20260912_215351_529_traffic_scan_env2025_seed0-499_48352cd1,383,13,24,0,3
20260912_215351_529_traffic_scan_env2025_seed0-499_48352cd1,383,13,24,1,1
20260912_215351_529_traffic_scan_env2025_seed0-499_48352cd1,383,13,25,0,1
20260912_215351_529_traffic_scan_env2025_seed0-499_48352cd1,383,13,25,1,1
20260912_215351_529_traffic_scan_env2025_seed0-499_48352cd1,383,13,26,1,2
20260912_215351_529_traffic_scan_env2025_seed0-499_48352cd1,383,13,27,2,2
20260912_215351_529_traffic_scan_env2025_seed0-499_48352cd1,383,13,28,2,2
20260912_215351_529_traffic_scan_env2025_seed0-499_48352cd1,383,13,29,0,2
20260912_215351_529_traffic_scan_env2025_seed0-499_48352cd1,383,13,29,1,3
20260912_215351_529_traffic_scan_env2025_seed0-499_48352cd1,383,13,30,1,1
20260912_215351_529_traffic_scan_env2025_seed0-499_48352cd1,383,13,31,1,1
20260912_215351_529_traffic_scan_env2025_seed0-499_48352cd1,383,13,32,0,1
20260912_215351_529_traffic_scan_env2025_seed0-499_48352cd1,383,13,32,1,2
20260912_215351_529_traffic_scan_env2025_seed0-499_48352cd1,383,13,33,0,2
20260912_215351_529_traffic_scan_env2025_seed0-499_48352cd1,383,13,33,1,1
20260912_215351_529_traffic_scan_env2025_seed0-499_48352cd1,383,13,34,0,2
20260912_215351_529_traffic_scan_env2025_seed0-499_48352cd1,383,13,34,1,1
20260912_215351_529_traffic_scan_env2025_seed0-499_48352cd1,383,13,35,2,1
20260912_215351_529_traffic_scan_env2025_seed0-499_48352cd1,383,13,36,2,5
20260912_215351_529_traffic_scan_env2025_seed0-499_48352cd1,383,13,40,1,1
20260912_215351_529_traffic_scan_env2025_seed0-499_48352cd1,383,13,41,0,1
20260912_215351_529_traffic_scan_env2025_seed0-499_48352cd1,383,13,43,0,1
20260912_215351_529_traffic_scan_env2025_seed0-499_48352cd1,383,13,43,1,2
20260912_215351_529_traffic_scan_env2025_seed0-499_48352cd1,383,13,44,0,2
20260912_215351_529_traffic_scan_env2025_seed0-499_48352cd1,383,13,45,0,2
20260912_215351_529_traffic_scan_env2025_seed0-499_48352cd1,383,13,45,1,2
20260912_215351_529_traffic_scan_env2025_seed0-499_48352cd1,383,13,46,0,2
20260912_215351_529_traffic_scan_env2025_seed0-499_48352cd1,383,13,46,1,1
20260912_215351_529_traffic_scan_env2025_seed0-499_48352cd1,383,13,48,0,2
20260912_215351_529_traffic_scan_env2025_seed0-499_48352cd1,383,13,49,0,1
20260912_215351_529_traffic_scan_env2025_seed0-499_48352cd1,383,13,50,0,3
20260912_215351_529_traffic_scan_env2025_seed0-499_48352cd1,383,13,52,0,3
20260912_215351_529_traffic_scan_env2025_seed0-499_48352cd1,383,13,53,0,2
20260912_215351_529_traffic_scan_env2025_seed0-499_48352cd1,383,13,53,1,1
20260912_215351_529_traffic_scan_env2025_seed0-499_48352cd1,383,13,54,0,1
20260912_215351_529_traffic_scan_env2025_seed0-499_48352cd1,383,13,55,0,1
20260912_215351_529_traffic_scan_env2025_seed0-499_48352cd1,383,13,56,0,1
20260912_215351_529_traffic_scan_env2025_seed0-499_48352cd1,383,13,57,0,1
20260912_215351_529_traffic_scan_env2025_seed0-499_48352cd1,383,14,1,1,1
20260912_215351_529_traffic_scan_env2025_seed0-499_48352cd1,383,14,4,0,1
20260912_215351_529_traffic_scan_env2025_seed0-499_48352cd1,383,14,7,0,2
20260912_215351_529_traffic_scan_env2025_seed0-499_48352cd1,383,14,8,0,3
20260912_215351_529_traffic_scan_env2025_seed0-499_48352cd1,383,14,9,0,3
20260912_215351_529_traffic_scan_env2025_seed0-499_48352cd1,383,14,10,0,2
20260912_215351_529_traffic_scan_env2025_seed0-499_48352cd1,383,14,11,0,2
20260912_215351_529_traffic_scan_env2025_seed0-499_48352cd1,383,14,12,0,3
20260912_215351_529_traffic_scan_env2025_seed0-499_48352cd1,383,14,13,0,4
20260912_215351_529_traffic_scan_env2025_seed0-499_48352cd1,383,14,16,0,4
20260912_215351_529_traffic_scan_env2025_seed0-499_48352cd1,383,14,17,0,2
20260912_215351_529_traffic_scan_env2025_seed0-499_48352cd1,383,14,17,1,2
20260912_215351_529_traffic_scan_env2025_seed0-499_48352cd1,383,14,18,2,1
20260912_215351_529_traffic_scan_env2025_seed0-499_48352cd1,383,14,19,0,1
20260912_215351_529_traffic_scan_env2025_seed0-499_48352cd1,383,14,19,1,2
20260912_215351_529_traffic_scan_env2025_seed0-499_48352cd1,383,14,20,0,1
20260912_215351_529_traffic_scan_env2025_seed0-499_48352cd1,383,14,20,1,1
20260912_215351_529_traffic_scan_env2025_seed0-499_48352cd1,383,14,21,1,1
20260912_215351_529_traffic_scan_env2025_seed0-499_48352cd1,383,14,22,0,1
20260912_215351_529_traffic_scan_env2025_seed0-499_48352cd1,383,14,22,1,1
20260912_215351_529_traffic_scan_env2025_seed0-499_48352cd1,383,14,23,0,1
20260912_215351_529_traffic_scan_env2025_seed0-499_48352cd1,383,14,23,1,1
20260912_215351_529_traffic_scan_env2025_seed0-499_48352cd1,383,14,24,0,4
20260912_215351_529_traffic_scan_env2025_seed0-499_48352cd1,383,14,24,1,1
20260912_215351_529_traffic_scan_env2025_seed0-499_48352cd1,383,14,25,0,2
20260912_215351_529_traffic_scan_env2025_seed0-499_48352cd1,383,14,25,1,1
20260912_215351_529_traffic_scan_env2025_seed0-499_48352cd1,383,14,26,0,1
20260912_215351_529_traffic_scan_env2025_seed0-499_48352cd1,383,14,26,1,2
20260912_215351_529_traffic_scan_env2025_seed0-499_48352cd1,383,14,27,2,2
20260912_215351_529_traffic_scan_env2025_seed0-499_48352cd1,383,14,30,0,2
20260912_215351_529_traffic_scan_env2025_seed0-499_48352cd1,383,14,30,1,2
20260912_215351_529_traffic_scan_env2025_seed0-499_48352cd1,383,14,31,1,1
20260912_215351_529_traffic_scan_env2025_seed0-499_48352cd1,383,14,32,0,1
20260912_215351_529_traffic_scan_env2025_seed0-499_48352cd1,383,14,33,0,2
20260912_215351_529_traffic_scan_env2025_seed0-499_48352cd1,383,14,36,2,2
20260912_215351_529_traffic_scan_env2025_seed0-499_48352cd1,383,14,37,1,2
20260912_215351_529_traffic_scan_env2025_seed0-499_48352cd1,383,14,38,0,1
20260912_215351_529_traffic_scan_env2025_seed0-499_48352cd1,383,14,39,1,1
20260912_215351_529_traffic_scan_env2025_seed0-499_48352cd1,383,14,40,0,1
20260912_215351_529_traffic_scan_env2025_seed0-499_48352cd1,383,14,43,0,1
20260912_215351_529_traffic_scan_env2025_seed0-499_48352cd1,383,14,43,1,2
20260912_215351_529_traffic_scan_env2025_seed0-499_48352cd1,383,14,44,0,3
20260912_215351_529_traffic_scan_env2025_seed0-499_48352cd1,383,14,44,1,1
20260912_215351_529_traffic_scan_env2025_seed0-499_48352cd1,383,14,45,0,1
20260912_215351_529_traffic_scan_env2025_seed0-499_48352cd1,383,14,46,0,2
20260912_215351_529_traffic_scan_env2025_seed0-499_48352cd1,383,14,46,1,2
20260912_215351_529_traffic_scan_env2025_seed0-499_48352cd1,383,14,47,0,1
20260912_215351_529_traffic_scan_env2025_seed0-499_48352cd1,383,14,49,0,1
20260912_215351_529_traffic_scan_env2025_seed0-499_48352cd1,383,14,51,0,1
20260912_215351_529_traffic_scan_env2025_seed0-499_48352cd1,383,14,53,0,1
20260912_215351_529_traffic_scan_env2025_seed0-499_48352cd1,383,14,54,1,1
20260912_215351_529_traffic_scan_env2025_seed0-499_48352cd1,383,15,1,1,1
20260912_215351_529_traffic_scan_env2025_seed0-499_48352cd1,383,15,7,0,1
20260912_215351_529_traffic_scan_env2025_seed0-499_48352cd1,383,15,10,0,4
20260912_215351_529_traffic_scan_env2025_seed0-499_48352cd1,383,15,11,0,1
20260912_215351_529_traffic_scan_env2025_seed0-499_48352cd1,383,15,13,0,7
20260912_215351_529_traffic_scan_env2025_seed0-499_48352cd1,383,15,16,0,1
20260912_215351_529_traffic_scan_env2025_seed0-499_48352cd1,383,15,17,0,2
20260912_215351_529_traffic_scan_env2025_seed0-499_48352cd1,383,15,17,1,1
20260912_215351_529_traffic_scan_env2025_seed0-499_48352cd1,383,15,18,0,3
20260912_215351_529_traffic_scan_env2025_seed0-499_48352cd1,383,15,18,1,3
20260912_215351_529_traffic_scan_env2025_seed0-499_48352cd1,383,15,19,2,1
20260912_215351_529_traffic_scan_env2025_seed0-499_48352cd1,383,15,21,0,1
20260912_215351_529_traffic_scan_env2025_seed0-499_48352cd1,383,15,23,0,2
20260912_215351_529_traffic_scan_env2025_seed0-499_48352cd1,383,15,24,0,1
20260912_215351_529_traffic_scan_env2025_seed0-499_48352cd1,383,15,25,0,3
20260912_215351_529_traffic_scan_env2025_seed0-499_48352cd1,383,15,26,0,2
20260912_215351_529_traffic_scan_env2025_seed0-499_48352cd1,383,15,26,1,1
20260912_215351_529_traffic_scan_env2025_seed0-499_48352cd1,383,15,27,0,1
20260912_215351_529_traffic_scan_env2025_seed0-499_48352cd1,383,15,27,1,1
20260912_215351_529_traffic_scan_env2025_seed0-499_48352cd1,383,15,30,1,1
20260912_215351_529_traffic_scan_env2025_seed0-499_48352cd1,383,15,31,0,2
20260912_215351_529_traffic_scan_env2025_seed0-499_48352cd1,383,15,31,1,2
20260912_215351_529_traffic_scan_env2025_seed0-499_48352cd1,383,15,32,0,2
20260912_215351_529_traffic_scan_env2025_seed0-499_48352cd1,383,15,34,0,1
20260912_215351_529_traffic_scan_env2025_seed0-499_48352cd1,383,15,35,1,1
20260912_215351_529_traffic_scan_env2025_seed0-499_48352cd1,383,15,36,0,1
20260912_215351_529_traffic_scan_env2025_seed0-499_48352cd1,383,15,36,2,1
20260912_215351_529_traffic_scan_env2025_seed0-499_48352cd1,383,15,38,1,1
20260912_215351_529_traffic_scan_env2025_seed0-499_48352cd1,383,15,39,0,2
20260912_215351_529_traffic_scan_env2025_seed0-499_48352cd1,383,15,41,0,1
20260912_215351_529_traffic_scan_env2025_seed0-499_48352cd1,383,15,42,0,1
20260912_215351_529_traffic_scan_env2025_seed0-499_48352cd1,383,15,43,0,2
20260912_215351_529_traffic_scan_env2025_seed0-499_48352cd1,383,15,43,1,3
20260912_215351_529_traffic_scan_env2025_seed0-499_48352cd1,383,15,44,0,1
20260912_215351_529_traffic_scan_env2025_seed0-499_48352cd1,383,15,45,0,1
20260912_215351_529_traffic_scan_env2025_seed0-499_48352cd1,383,15,45,1,2
20260912_215351_529_traffic_scan_env2025_seed0-499_48352cd1,383,15,46,0,1
20260912_215351_529_traffic_scan_env2025_seed0-499_48352cd1,383,15,46,1,1
20260912_215351_529_traffic_scan_env2025_seed0-499_48352cd1,383,15,47,1,1
20260912_215351_529_traffic_scan_env2025_seed0-499_48352cd1,383,15,48,0,1
20260912_215351_529_traffic_scan_env2025_seed0-499_48352cd1,383,15,49,0,1
20260912_215351_529_traffic_scan_env2025_seed0-499_48352cd1,383,15,50,0,1
20260912_215351_529_traffic_scan_env2025_seed0-499_48352cd1,383,15,52,1,1
20260912_215351_529_traffic_scan_env2025_seed0-499_48352cd1,383,15,55,0,1
20260912_215351_529_traffic_scan_env2025_seed0-499_48352cd1,383,15,55,1,1
20260912_215351_529_traffic_scan_env2025_seed0-499_48352cd1,383,16,1,1,1
20260912_215351_529_traffic_scan_env2025_seed0-499_48352cd1,383,16,7,0,1
20260912_215351_529_traffic_scan_env2025_seed0-499_48352cd1,383,16,10,0,2
20260912_215351_529_traffic_scan_env2025_seed0-499_48352cd1,383,16,11,0,3
20260912_215351_529_traffic_scan_env2025_seed0-499_48352cd1,383,16,12,0,2
20260912_215351_529_traffic_scan_env2025_seed0-499_48352cd1,383,16,13,0,1
20260912_215351_529_traffic_scan_env2025_seed0-499_48352cd1,383,16,14,0,5
20260912_215351_529_traffic_scan_env2025_seed0-499_48352cd1,383,16,16,0,1
20260912_215351_529_traffic_scan_env2025_seed0-499_48352cd1,383,16,16,1,1
20260912_215351_529_traffic_scan_env2025_seed0-499_48352cd1,383,16,17,0,1
20260912_215351_529_traffic_scan_env2025_seed0-499_48352cd1,383,16,17,1,1
20260912_215351_529_traffic_scan_env2025_seed0-499_48352cd1,383,16,18,0,2
20260912_215351_529_traffic_scan_env2025_seed0-499_48352cd1,383,16,19,0,3
20260912_215351_529_traffic_scan_env2025_seed0-499_48352cd1,383,16,19,1,1
20260912_215351_529_traffic_scan_env2025_seed0-499_48352cd1,383,16,20,1,1
20260912_215351_529_traffic_scan_env2025_seed0-499_48352cd1,383,16,22,0,1
20260912_215351_529_traffic_scan_env2025_seed0-499_48352cd1,383,16,23,0,1
20260912_215351_529_traffic_scan_env2025_seed0-499_48352cd1,383,16,24,0,1
20260912_215351_529_traffic_scan_env2025_seed0-499_48352cd1,383,16,25,1,2
20260912_215351_529_traffic_scan_env2025_seed0-499_48352cd1,383,16,26,1,4
20260912_215351_529_traffic_scan_env2025_seed0-499_48352cd1,383,16,27,0,1
20260912_215351_529_traffic_scan_env2025_seed0-499_48352cd1,383,16,27,1,2
20260912_215351_529_traffic_scan_env2025_seed0-499_48352cd1,383,16,28,0,1
20260912_215351_529_traffic_scan_env2025_seed0-499_48352cd1,383,16,29,1,1
20260912_215351_529_traffic_scan_env2025_seed0-499_48352cd1,383,16,31,0,1
20260912_215351_529_traffic_scan_env2025_seed0-499_48352cd1,383,16,32,0,3
20260912_215351_529_traffic_scan_env2025_seed0-499_48352cd1,383,16,32,1,2
20260912_215351_529_traffic_scan_env2025_seed0-499_48352cd1,383,16,35,0,1
20260912_215351_529_traffic_scan_env2025_seed0-499_48352cd1,383,16,35,1,1
20260912_215351_529_traffic_scan_env2025_seed0-499_48352cd1,383,16,36,0,1
20260912_215351_529_traffic_scan_env2025_seed0-499_48352cd1,383,16,36,2,1
20260912_215351_529_traffic_scan_env2025_seed0-499_48352cd1,383,16,37,0,1
20260912_215351_529_traffic_scan_env2025_seed0-499_48352cd1,383,16,37,1,1
20260912_215351_529_traffic_scan_env2025_seed0-499_48352cd1,383,16,38,0,1
20260912_215351_529_traffic_scan_env2025_seed0-499_48352cd1,383,16,40,0,1
20260912_215351_529_traffic_scan_env2025_seed0-499_48352cd1,383,16,41,0,3
20260912_215351_529_traffic_scan_env2025_seed0-499_48352cd1,383,16,42,0,2
20260912_215351_529_traffic_scan_env2025_seed0-499_48352cd1,383,16,42,1,1
20260912_215351_529_traffic_scan_env2025_seed0-499_48352cd1,383,16,43,0,1
20260912_215351_529_traffic_scan_env2025_seed0-499_48352cd1,383,16,43,1,2
20260912_215351_529_traffic_scan_env2025_seed0-499_48352cd1,383,16,44,2,2
20260912_215351_529_traffic_scan_env2025_seed0-499_48352cd1,383,16,46,0,1
20260912_215351_529_traffic_scan_env2025_seed0-499_48352cd1,383,16,46,1,1
20260912_215351_529_traffic_scan_env2025_seed0-499_48352cd1,383,16,47,0,2
20260912_215351_529_traffic_scan_env2025_seed0-499_48352cd1,383,16,48,0,2
20260912_215351_529_traffic_scan_env2025_seed0-499_48352cd1,383,16,48,1,1
20260912_215351_529_traffic_scan_env2025_seed0-499_48352cd1,383,16,49,0,1
20260912_215351_529_traffic_scan_env2025_seed0-499_48352cd1,383,16,52,1,1
20260912_215351_529_traffic_scan_env2025_seed0-499_48352cd1,383,16,53,1,1
20260912_215351_529_traffic_scan_env2025_seed0-499_48352cd1,383,16,54,0,1
20260912_215351_529_traffic_scan_env2025_seed0-499_48352cd1,383,16,56,1,1
20260912_215351_529_traffic_scan_env2025_seed0-499_48352cd1,383,17,1,0,1
20260912_215351_529_traffic_scan_env2025_seed0-499_48352cd1,383,17,1,1,1
20260912_215351_529_traffic_scan_env2025_seed0-499_48352cd1,383,17,4,0,1
20260912_215351_529_traffic_scan_env2025_seed0-499_48352cd1,383,17,6,0,1
20260912_215351_529_traffic_scan_env2025_seed0-499_48352cd1,383,17,9,0,1
20260912_215351_529_traffic_scan_env2025_seed0-499_48352cd1,383,17,11,0,2
20260912_215351_529_traffic_scan_env2025_seed0-499_48352cd1,383,17,12,0,4
20260912_215351_529_traffic_scan_env2025_seed0-499_48352cd1,383,17,13,0,2
20260912_215351_529_traffic_scan_env2025_seed0-499_48352cd1,383,17,15,0,5
20260912_215351_529_traffic_scan_env2025_seed0-499_48352cd1,383,17,15,1,1
20260912_215351_529_traffic_scan_env2025_seed0-499_48352cd1,383,17,16,0,2
20260912_215351_529_traffic_scan_env2025_seed0-499_48352cd1,383,17,16,1,1
20260912_215351_529_traffic_scan_env2025_seed0-499_48352cd1,383,17,17,0,1
20260912_215351_529_traffic_scan_env2025_seed0-499_48352cd1,383,17,18,0,1
20260912_215351_529_traffic_scan_env2025_seed0-499_48352cd1,383,17,20,0,3
20260912_215351_529_traffic_scan_env2025_seed0-499_48352cd1,383,17,20,1,1
20260912_215351_529_traffic_scan_env2025_seed0-499_48352cd1,383,17,21,1,1
20260912_215351_529_traffic_scan_env2025_seed0-499_48352cd1,383,17,22,1,2
20260912_215351_529_traffic_scan_env2025_seed0-499_48352cd1,383,17,26,1,3
20260912_215351_529_traffic_scan_env2025_seed0-499_48352cd1,383,17,27,1,4
20260912_215351_529_traffic_scan_env2025_seed0-499_48352cd1,383,17,28,0,1
20260912_215351_529_traffic_scan_env2025_seed0-499_48352cd1,383,17,28,1,2
20260912_215351_529_traffic_scan_env2025_seed0-499_48352cd1,383,17,29,0,1
20260912_215351_529_traffic_scan_env2025_seed0-499_48352cd1,383,17,30,0,1
20260912_215351_529_traffic_scan_env2025_seed0-499_48352cd1,383,17,32,0,1
20260912_215351_529_traffic_scan_env2025_seed0-499_48352cd1,383,17,33,0,2
20260912_215351_529_traffic_scan_env2025_seed0-499_48352cd1,383,17,33,1,2
20260912_215351_529_traffic_scan_env2025_seed0-499_48352cd1,383,17,35,1,1
20260912_215351_529_traffic_scan_env2025_seed0-499_48352cd1,383,17,36,0,3
20260912_215351_529_traffic_scan_env2025_seed0-499_48352cd1,383,17,36,1,1
20260912_215351_529_traffic_scan_env2025_seed0-499_48352cd1,383,17,36,2,1
20260912_215351_529_traffic_scan_env2025_seed0-499_48352cd1,383,17,40,0,1
20260912_215351_529_traffic_scan_env2025_seed0-499_48352cd1,383,17,41,0,2
20260912_215351_529_traffic_scan_env2025_seed0-499_48352cd1,383,17,41,1,2
20260912_215351_529_traffic_scan_env2025_seed0-499_48352cd1,383,17,42,0,2
20260912_215351_529_traffic_scan_env2025_seed0-499_48352cd1,383,17,43,1,4
20260912_215351_529_traffic_scan_env2025_seed0-499_48352cd1,383,17,46,0,1
20260912_215351_529_traffic_scan_env2025_seed0-499_48352cd1,383,17,46,1,1
20260912_215351_529_traffic_scan_env2025_seed0-499_48352cd1,383,17,47,0,4
20260912_215351_529_traffic_scan_env2025_seed0-499_48352cd1,383,17,49,2,1
20260912_215351_529_traffic_scan_env2025_seed0-499_48352cd1,383,17,52,1,2
20260912_215351_529_traffic_scan_env2025_seed0-499_48352cd1,383,17,57,1,1
20260912_215351_529_traffic_scan_env2025_seed0-499_48352cd1,383,18,1,0,1
20260912_215351_529_traffic_scan_env2025_seed0-499_48352cd1,383,18,1,1,1
20260912_215351_529_traffic_scan_env2025_seed0-499_48352cd1,383,18,2,0,1
20260912_215351_529_traffic_scan_env2025_seed0-499_48352cd1,383,18,3,0,1
20260912_215351_529_traffic_scan_env2025_seed0-499_48352cd1,383,18,5,0,1
20260912_215351_529_traffic_scan_env2025_seed0-499_48352cd1,383,18,8,1,1
20260912_215351_529_traffic_scan_env2025_seed0-499_48352cd1,383,18,10,0,1
20260912_215351_529_traffic_scan_env2025_seed0-499_48352cd1,383,18,13,0,5
20260912_215351_529_traffic_scan_env2025_seed0-499_48352cd1,383,18,14,0,1
20260912_215351_529_traffic_scan_env2025_seed0-499_48352cd1,383,18,14,1,1
20260912_215351_529_traffic_scan_env2025_seed0-499_48352cd1,383,18,15,0,1
20260912_215351_529_traffic_scan_env2025_seed0-499_48352cd1,383,18,15,1,1
20260912_215351_529_traffic_scan_env2025_seed0-499_48352cd1,383,18,16,0,6
20260912_215351_529_traffic_scan_env2025_seed0-499_48352cd1,383,18,17,0,1
20260912_215351_529_traffic_scan_env2025_seed0-499_48352cd1,383,18,19,0,1
20260912_215351_529_traffic_scan_env2025_seed0-499_48352cd1,383,18,21,1,4
20260912_215351_529_traffic_scan_env2025_seed0-499_48352cd1,383,18,22,1,2
20260912_215351_529_traffic_scan_env2025_seed0-499_48352cd1,383,18,23,2,1
20260912_215351_529_traffic_scan_env2025_seed0-499_48352cd1,383,18,26,0,1
20260912_215351_529_traffic_scan_env2025_seed0-499_48352cd1,383,18,26,1,1
20260912_215351_529_traffic_scan_env2025_seed0-499_48352cd1,383,18,27,2,6
20260912_215351_529_traffic_scan_env2025_seed0-499_48352cd1,383,18,29,0,1
20260912_215351_529_traffic_scan_env2025_seed0-499_48352cd1,383,18,29,1,2
20260912_215351_529_traffic_scan_env2025_seed0-499_48352cd1,383,18,30,1,1
20260912_215351_529_traffic_scan_env2025_seed0-499_48352cd1,383,18,32,0,2
20260912_215351_529_traffic_scan_env2025_seed0-499_48352cd1,383,18,34,0,2
20260912_215351_529_traffic_scan_env2025_seed0-499_48352cd1,383,18,34,1,2
20260912_215351_529_traffic_scan_env2025_seed0-499_48352cd1,383,18,35,0,1
20260912_215351_529_traffic_scan_env2025_seed0-499_48352cd1,383,18,35,1,4
20260912_215351_529_traffic_scan_env2025_seed0-499_48352cd1,383,18,36,0,2
20260912_215351_529_traffic_scan_env2025_seed0-499_48352cd1,383,18,36,2,1
20260912_215351_529_traffic_scan_env2025_seed0-499_48352cd1,383,18,40,2,2
20260912_215351_529_traffic_scan_env2025_seed0-499_48352cd1,383,18,41,0,4
20260912_215351_529_traffic_scan_env2025_seed0-499_48352cd1,383,18,42,0,1
20260912_215351_529_traffic_scan_env2025_seed0-499_48352cd1,383,18,43,0,4
20260912_215351_529_traffic_scan_env2025_seed0-499_48352cd1,383,18,45,0,2
20260912_215351_529_traffic_scan_env2025_seed0-499_48352cd1,383,18,45,1,1
20260912_215351_529_traffic_scan_env2025_seed0-499_48352cd1,383,18,46,0,2
20260912_215351_529_traffic_scan_env2025_seed0-499_48352cd1,383,18,47,0,1
20260912_215351_529_traffic_scan_env2025_seed0-499_48352cd1,383,18,50,1,1
20260912_215351_529_traffic_scan_env2025_seed0-499_48352cd1,383,18,51,1,1
20260912_215351_529_traffic_scan_env2025_seed0-499_48352cd1,383,18,52,0,1
20260912_215351_529_traffic_scan_env2025_seed0-499_48352cd1,383,18,57,1,1
20260912_215351_529_traffic_scan_env2025_seed0-499_48352cd1,383,19,1,1,1
20260912_215351_529_traffic_scan_env2025_seed0-499_48352cd1,383,19,2,0,2
20260912_215351_529_traffic_scan_env2025_seed0-499_48352cd1,383,19,3,0,1
20260912_215351_529_traffic_scan_env2025_seed0-499_48352cd1,383,19,7,1,1
20260912_215351_529_traffic_scan_env2025_seed0-499_48352cd1,383,19,9,1,1
20260912_215351_529_traffic_scan_env2025_seed0-499_48352cd1,383,19,13,0,1
20260912_215351_529_traffic_scan_env2025_seed0-499_48352cd1,383,19,13,1,1
20260912_215351_529_traffic_scan_env2025_seed0-499_48352cd1,383,19,14,0,5
20260912_215351_529_traffic_scan_env2025_seed0-499_48352cd1,383,19,14,1,1
20260912_215351_529_traffic_scan_env2025_seed0-499_48352cd1,383,19,15,0,1
20260912_215351_529_traffic_scan_env2025_seed0-499_48352cd1,383,19,17,0,7
20260912_215351_529_traffic_scan_env2025_seed0-499_48352cd1,383,19,20,0,1
20260912_215351_529_traffic_scan_env2025_seed0-499_48352cd1,383,19,22,0,2
20260912_215351_529_traffic_scan_env2025_seed0-499_48352cd1,383,19,22,1,2
20260912_215351_529_traffic_scan_env2025_seed0-499_48352cd1,383,19,23,0,2
20260912_215351_529_traffic_scan_env2025_seed0-499_48352cd1,383,19,24,0,1
20260912_215351_529_traffic_scan_env2025_seed0-499_48352cd1,383,19,24,1,1
20260912_215351_529_traffic_scan_env2025_seed0-499_48352cd1,383,19,25,0,2
20260912_215351_529_traffic_scan_env2025_seed0-499_48352cd1,383,19,25,1,1
20260912_215351_529_traffic_scan_env2025_seed0-499_48352cd1,383,19,26,0,1
20260912_215351_529_traffic_scan_env2025_seed0-499_48352cd1,383,19,26,1,1
20260912_215351_529_traffic_scan_env2025_seed0-499_48352cd1,383,19,27,1,1
20260912_215351_529_traffic_scan_env2025_seed0-499_48352cd1,383,19,28,0,1
20260912_215351_529_traffic_scan_env2025_seed0-499_48352cd1,383,19,28,1,4
20260912_215351_529_traffic_scan_env2025_seed0-499_48352cd1,383,19,30,1,2
20260912_215351_529_traffic_scan_env2025_seed0-499_48352cd1,383,19,31,1,1
20260912_215351_529_traffic_scan_env2025_seed0-499_48352cd1,383,19,32,0,2
20260912_215351_529_traffic_scan_env2025_seed0-499_48352cd1,383,19,34,0,1
20260912_215351_529_traffic_scan_env2025_seed0-499_48352cd1,383,19,34,1,1
20260912_215351_529_traffic_scan_env2025_seed0-499_48352cd1,383,19,35,0,2
20260912_215351_529_traffic_scan_env2025_seed0-499_48352cd1,383,19,35,1,1
20260912_215351_529_traffic_scan_env2025_seed0-499_48352cd1,383,19,36,0,1
20260912_215351_529_traffic_scan_env2025_seed0-499_48352cd1,383,19,36,1,2
20260912_215351_529_traffic_scan_env2025_seed0-499_48352cd1,383,19,36,2,1
20260912_215351_529_traffic_scan_env2025_seed0-499_48352cd1,383,19,37,0,1
20260912_215351_529_traffic_scan_env2025_seed0-499_48352cd1,383,19,38,1,2
20260912_215351_529_traffic_scan_env2025_seed0-499_48352cd1,383,19,39,1,2
20260912_215351_529_traffic_scan_env2025_seed0-499_48352cd1,383,19,41,0,6
20260912_215351_529_traffic_scan_env2025_seed0-499_48352cd1,383,19,42,0,2
20260912_215351_529_traffic_scan_env2025_seed0-499_48352cd1,383,19,44,0,4
20260912_215351_529_traffic_scan_env2025_seed0-499_48352cd1,383,19,45,0,2
20260912_215351_529_traffic_scan_env2025_seed0-499_48352cd1,383,19,45,1,1
20260912_215351_529_traffic_scan_env2025_seed0-499_48352cd1,383,19,46,0,1
20260912_215351_529_traffic_scan_env2025_seed0-499_48352cd1,383,19,48,0,1
20260912_215351_529_traffic_scan_env2025_seed0-499_48352cd1,383,19,49,0,1
20260912_215351_529_traffic_scan_env2025_seed0-499_48352cd1,383,19,50,0,1
20260912_215351_529_traffic_scan_env2025_seed0-499_48352cd1,383,19,50,1,1
20260912_215351_529_traffic_scan_env2025_seed0-499_48352cd1,383,19,51,1,1
20260912_215351_529_traffic_scan_env2025_seed0-499_48352cd1,383,19,53,0,1
20260912_215351_529_traffic_scan_env2025_seed0-499_48352cd1,383,19,58,1,1
20260912_215351_529_traffic_scan_env2025_seed0-499_48352cd1,383,20,1,0,1
20260912_215351_529_traffic_scan_env2025_seed0-499_48352cd1,383,20,1,1,1
20260912_215351_529_traffic_scan_env2025_seed0-499_48352cd1,383,20,3,0,1
20260912_215351_529_traffic_scan_env2025_seed0-499_48352cd1,383,20,4,0,1
20260912_215351_529_traffic_scan_env2025_seed0-499_48352cd1,383,20,6,0,1
20260912_215351_529_traffic_scan_env2025_seed0-499_48352cd1,383,20,6,1,1
20260912_215351_529_traffic_scan_env2025_seed0-499_48352cd1,383,20,8,1,1
20260912_215351_529_traffic_scan_env2025_seed0-499_48352cd1,383,20,12,1,1
20260912_215351_529_traffic_scan_env2025_seed0-499_48352cd1,383,20,13,0,3
20260912_215351_529_traffic_scan_env2025_seed0-499_48352cd1,383,20,13,1,1
20260912_215351_529_traffic_scan_env2025_seed0-499_48352cd1,383,20,15,0,4
20260912_215351_529_traffic_scan_env2025_seed0-499_48352cd1,383,20,16,0,1
20260912_215351_529_traffic_scan_env2025_seed0-499_48352cd1,383,20,18,0,7
20260912_215351_529_traffic_scan_env2025_seed0-499_48352cd1,383,20,21,0,1
20260912_215351_529_traffic_scan_env2025_seed0-499_48352cd1,383,20,23,0,3
20260912_215351_529_traffic_scan_env2025_seed0-499_48352cd1,383,20,23,1,2
20260912_215351_529_traffic_scan_env2025_seed0-499_48352cd1,383,20,25,1,4
20260912_215351_529_traffic_scan_env2025_seed0-499_48352cd1,383,20,27,0,2
20260912_215351_529_traffic_scan_env2025_seed0-499_48352cd1,383,20,27,1,1
20260912_215351_529_traffic_scan_env2025_seed0-499_48352cd1,383,20,29,1,4
20260912_215351_529_traffic_scan_env2025_seed0-499_48352cd1,383,20,31,1,2
20260912_215351_529_traffic_scan_env2025_seed0-499_48352cd1,383,20,32,0,2
20260912_215351_529_traffic_scan_env2025_seed0-499_48352cd1,383,20,32,1,1
20260912_215351_529_traffic_scan_env2025_seed0-499_48352cd1,383,20,33,0,1
20260912_215351_529_traffic_scan_env2025_seed0-499_48352cd1,383,20,33,1,1
20260912_215351_529_traffic_scan_env2025_seed0-499_48352cd1,383,20,35,1,1
20260912_215351_529_traffic_scan_env2025_seed0-499_48352cd1,383,20,36,0,3
20260912_215351_529_traffic_scan_env2025_seed0-499_48352cd1,383,20,36,2,1
20260912_215351_529_traffic_scan_env2025_seed0-499_48352cd1,383,20,37,0,1
20260912_215351_529_traffic_scan_env2025_seed0-499_48352cd1,383,20,37,1,4
20260912_215351_529_traffic_scan_env2025_seed0-499_48352cd1,383,20,39,0,1
20260912_215351_529_traffic_scan_env2025_seed0-499_48352cd1,383,20,39,1,1
20260912_215351_529_traffic_scan_env2025_seed0-499_48352cd1,383,20,40,0,4
20260912_215351_529_traffic_scan_env2025_seed0-499_48352cd1,383,20,40,1,1
20260912_215351_529_traffic_scan_env2025_seed0-499_48352cd1,383,20,41,0,2
20260912_215351_529_traffic_scan_env2025_seed0-499_48352cd1,383,20,43,0,1
20260912_215351_529_traffic_scan_env2025_seed0-499_48352cd1,383,20,44,0,4
20260912_215351_529_traffic_scan_env2025_seed0-499_48352cd1,383,20,45,1,1
20260912_215351_529_traffic_scan_env2025_seed0-499_48352cd1,383,20,47,0,2
20260912_215351_529_traffic_scan_env2025_seed0-499_48352cd1,383,20,48,0,2
20260912_215351_529_traffic_scan_env2025_seed0-499_48352cd1,383,20,49,2,1
20260912_215351_529_traffic_scan_env2025_seed0-499_48352cd1,383,20,51,0,1
20260912_215351_529_traffic_scan_env2025_seed0-499_48352cd1,383,20,52,0,1
20260912_215351_529_traffic_scan_env2025_seed0-499_48352cd1,383,20,52,1,1
20260912_215351_529_traffic_scan_env2025_seed0-499_48352cd1,383,20,53,0,2
20260912_215351_529_traffic_scan_env2025_seed0-499_48352cd1,383,20,54,0,1
20260912_215351_529_traffic_scan_env2025_seed0-499_48352cd1,383,20,55,0,1
20260912_215351_529_traffic_scan_env2025_seed0-499_48352cd1,383,20,56,0,1
20260912_215351_529_traffic_scan_env2025_seed0-499_48352cd1,383,20,58,1,1
20260912_215351_529_traffic_scan_env2025_seed0-499_48352cd1,383,21,1,1,1
20260912_215351_529_traffic_scan_env2025_seed0-499_48352cd1,383,21,3,0,1
20260912_215351_529_traffic_scan_env2025_seed0-499_48352cd1,383,21,4,0,1
20260912_215351_529_traffic_scan_env2025_seed0-499_48352cd1,383,21,5,0,1
20260912_215351_529_traffic_scan_env2025_seed0-499_48352cd1,383,21,5,1,1
20260912_215351_529_traffic_scan_env2025_seed0-499_48352cd1,383,21,7,0,1
20260912_215351_529_traffic_scan_env2025_seed0-499_48352cd1,383,21,7,1,1
20260912_215351_529_traffic_scan_env2025_seed0-499_48352cd1,383,21,11,1,1
20260912_215351_529_traffic_scan_env2025_seed0-499_48352cd1,383,21,12,0,1
20260912_215351_529_traffic_scan_env2025_seed0-499_48352cd1,383,21,13,0,2
20260912_215351_529_traffic_scan_env2025_seed0-499_48352cd1,383,21,13,1,1
20260912_215351_529_traffic_scan_env2025_seed0-499_48352cd1,383,21,16,0,4
20260912_215351_529_traffic_scan_env2025_seed0-499_48352cd1,383,21,17,0,1
20260912_215351_529_traffic_scan_env2025_seed0-499_48352cd1,383,21,19,0,6
20260912_215351_529_traffic_scan_env2025_seed0-499_48352cd1,383,21,19,1,1
20260912_215351_529_traffic_scan_env2025_seed0-499_48352cd1,383,21,22,0,1
20260912_215351_529_traffic_scan_env2025_seed0-499_48352cd1,383,21,24,0,3
20260912_215351_529_traffic_scan_env2025_seed0-499_48352cd1,383,21,24,1,3
20260912_215351_529_traffic_scan_env2025_seed0-499_48352cd1,383,21,25,0,2
20260912_215351_529_traffic_scan_env2025_seed0-499_48352cd1,383,21,25,1,3
20260912_215351_529_traffic_scan_env2025_seed0-499_48352cd1,383,21,26,0,1
20260912_215351_529_traffic_scan_env2025_seed0-499_48352cd1,383,21,26,1,2
20260912_215351_529_traffic_scan_env2025_seed0-499_48352cd1,383,21,27,1,2
20260912_215351_529_traffic_scan_env2025_seed0-499_48352cd1,383,21,28,0,1
20260912_215351_529_traffic_scan_env2025_seed0-499_48352cd1,383,21,28,1,1
20260912_215351_529_traffic_scan_env2025_seed0-499_48352cd1,383,21,29,0,1
20260912_215351_529_traffic_scan_env2025_seed0-499_48352cd1,383,21,29,1,5
20260912_215351_529_traffic_scan_env2025_seed0-499_48352cd1,383,21,32,0,3
20260912_215351_529_traffic_scan_env2025_seed0-499_48352cd1,383,21,32,1,4
20260912_215351_529_traffic_scan_env2025_seed0-499_48352cd1,383,21,35,1,1
20260912_215351_529_traffic_scan_env2025_seed0-499_48352cd1,383,21,36,0,1
20260912_215351_529_traffic_scan_env2025_seed0-499_48352cd1,383,21,36,1,4
20260912_215351_529_traffic_scan_env2025_seed0-499_48352cd1,383,21,37,0,3
20260912_215351_529_traffic_scan_env2025_seed0-499_48352cd1,383,21,37,1,2
20260912_215351_529_traffic_scan_env2025_seed0-499_48352cd1,383,21,38,0,2
20260912_215351_529_traffic_scan_env2025_seed0-499_48352cd1,383,21,38,1,4
20260912_215351_529_traffic_scan_env2025_seed0-499_48352cd1,383,21,39,0,3
20260912_215351_529_traffic_scan_env2025_seed0-499_48352cd1,383,21,39,1,1
20260912_215351_529_traffic_scan_env2025_seed0-499_48352cd1,383,21,40,0,4
20260912_215351_529_traffic_scan_env2025_seed0-499_48352cd1,383,21,40,1,1
20260912_215351_529_traffic_scan_env2025_seed0-499_48352cd1,383,21,41,0,2
20260912_215351_529_traffic_scan_env2025_seed0-499_48352cd1,383,21,41,1,1
20260912_215351_529_traffic_scan_env2025_seed0-499_48352cd1,383,21,42,0,1
20260912_215351_529_traffic_scan_env2025_seed0-499_48352cd1,383,21,42,1,1
20260912_215351_529_traffic_scan_env2025_seed0-499_48352cd1,383,21,43,0,2
20260912_215351_529_traffic_scan_env2025_seed0-499_48352cd1,383,21,43,1,1
20260912_215351_529_traffic_scan_env2025_seed0-499_48352cd1,383,21,44,0,2
20260912_215351_529_traffic_scan_env2025_seed0-499_48352cd1,383,21,44,1,1
20260912_215351_529_traffic_scan_env2025_seed0-499_48352cd1,383,21,45,1,2
20260912_215351_529_traffic_scan_env2025_seed0-499_48352cd1,383,21,46,1,1
20260912_215351_529_traffic_scan_env2025_seed0-499_48352cd1,383,21,48,0,2
20260912_215351_529_traffic_scan_env2025_seed0-499_48352cd1,383,21,48,1,1
20260912_215351_529_traffic_scan_env2025_seed0-499_48352cd1,383,21,53,0,1
20260912_215351_529_traffic_scan_env2025_seed0-499_48352cd1,383,21,53,1,1
20260912_215351_529_traffic_scan_env2025_seed0-499_48352cd1,383,21,58,1,1
20260912_215351_529_traffic_scan_env2025_seed0-499_48352cd1,383,22,1,1,1
20260912_215351_529_traffic_scan_env2025_seed0-499_48352cd1,383,22,2,0,1
20260912_215351_529_traffic_scan_env2025_seed0-499_48352cd1,383,22,4,0,1
20260912_215351_529_traffic_scan_env2025_seed0-499_48352cd1,383,22,4,1,1
20260912_215351_529_traffic_scan_env2025_seed0-499_48352cd1,383,22,5,0,1
20260912_215351_529_traffic_scan_env2025_seed0-499_48352cd1,383,22,6,0,2
20260912_215351_529_traffic_scan_env2025_seed0-499_48352cd1,383,22,7,0,1
20260912_215351_529_traffic_scan_env2025_seed0-499_48352cd1,383,22,7,1,1
20260912_215351_529_traffic_scan_env2025_seed0-499_48352cd1,383,22,8,0,2
20260912_215351_529_traffic_scan_env2025_seed0-499_48352cd1,383,22,9,0,1
20260912_215351_529_traffic_scan_env2025_seed0-499_48352cd1,383,22,10,0,1
20260912_215351_529_traffic_scan_env2025_seed0-499_48352cd1,383,22,10,1,1
20260912_215351_529_traffic_scan_env2025_seed0-499_48352cd1,383,22,11,0,2
20260912_215351_529_traffic_scan_env2025_seed0-499_48352cd1,383,22,12,0,1
20260912_215351_529_traffic_scan_env2025_seed0-499_48352cd1,383,22,12,1,1
20260912_215351_529_traffic_scan_env2025_seed0-499_48352cd1,383,22,13,0,3
20260912_215351_529_traffic_scan_env2025_seed0-499_48352cd1,383,22,16,0,1
20260912_215351_529_traffic_scan_env2025_seed0-499_48352cd1,383,22,16,1,1
20260912_215351_529_traffic_scan_env2025_seed0-499_48352cd1,383,22,17,0,3
20260912_215351_529_traffic_scan_env2025_seed0-499_48352cd1,383,22,17,1,1
20260912_215351_529_traffic_scan_env2025_seed0-499_48352cd1,383,22,18,0,1
20260912_215351_529_traffic_scan_env2025_seed0-499_48352cd1,383,22,18,1,1
20260912_215351_529_traffic_scan_env2025_seed0-499_48352cd1,383,22,19,1,1
20260912_215351_529_traffic_scan_env2025_seed0-499_48352cd1,383,22,20,0,4
20260912_215351_529_traffic_scan_env2025_seed0-499_48352cd1,383,22,20,1,4
20260912_215351_529_traffic_scan_env2025_seed0-499_48352cd1,383,22,21,1,1
20260912_215351_529_traffic_scan_env2025_seed0-499_48352cd1,383,22,22,0,4
20260912_215351_529_traffic_scan_env2025_seed0-499_48352cd1,383,22,22,1,1
20260912_215351_529_traffic_scan_env2025_seed0-499_48352cd1,383,22,23,0,1
20260912_215351_529_traffic_scan_env2025_seed0-499_48352cd1,383,22,23,1,2
20260912_215351_529_traffic_scan_env2025_seed0-499_48352cd1,383,22,24,0,1
20260912_215351_529_traffic_scan_env2025_seed0-499_48352cd1,383,22,24,1,1
20260912_215351_529_traffic_scan_env2025_seed0-499_48352cd1,383,22,25,1,5
20260912_215351_529_traffic_scan_env2025_seed0-499_48352cd1,383,22,26,0,2
20260912_215351_529_traffic_scan_env2025_seed0-499_48352cd1,383,22,26,1,2
20260912_215351_529_traffic_scan_env2025_seed0-499_48352cd1,383,22,27,1,3
20260912_215351_529_traffic_scan_env2025_seed0-499_48352cd1,383,22,28,1,1
20260912_215351_529_traffic_scan_env2025_seed0-499_48352cd1,383,22,29,1,3
20260912_215351_529_traffic_scan_env2025_seed0-499_48352cd1,383,22,30,0,1
20260912_215351_529_traffic_scan_env2025_seed0-499_48352cd1,383,22,30,1,9
20260912_215351_529_traffic_scan_env2025_seed0-499_48352cd1,383,22,32,0,5
20260912_215351_529_traffic_scan_env2025_seed0-499_48352cd1,383,22,32,1,6
20260912_215351_529_traffic_scan_env2025_seed0-499_48352cd1,383,22,35,2,4
20260912_215351_529_traffic_scan_env2025_seed0-499_48352cd1,383,22,36,0,2
20260912_215351_529_traffic_scan_env2025_seed0-499_48352cd1,383,22,36,1,2
20260912_215351_529_traffic_scan_env2025_seed0-499_48352cd1,383,22,38,0,5
20260912_215351_529_traffic_scan_env2025_seed0-499_48352cd1,383,22,39,0,5
20260912_215351_529_traffic_scan_env2025_seed0-499_48352cd1,383,22,39,1,2
20260912_215351_529_traffic_scan_env2025_seed0-499_48352cd1,383,22,41,2,1
20260912_215351_529_traffic_scan_env2025_seed0-499_48352cd1,383,22,42,0,1
20260912_215351_529_traffic_scan_env2025_seed0-499_48352cd1,383,22,42,1,2
20260912_215351_529_traffic_scan_env2025_seed0-499_48352cd1,383,22,43,1,1
20260912_215351_529_traffic_scan_env2025_seed0-499_48352cd1,383,22,44,0,2
20260912_215351_529_traffic_scan_env2025_seed0-499_48352cd1,383,22,44,1,1
20260912_215351_529_traffic_scan_env2025_seed0-499_48352cd1,383,22,45,1,2
20260912_215351_529_traffic_scan_env2025_seed0-499_48352cd1,383,22,46,1,1
20260912_215351_529_traffic_scan_env2025_seed0-499_48352cd1,383,22,47,2,2
20260912_215351_529_traffic_scan_env2025_seed0-499_48352cd1,383,22,48,0,1
20260912_215351_529_traffic_scan_env2025_seed0-499_48352cd1,383,22,48,1,1
20260912_215351_529_traffic_scan_env2025_seed0-499_48352cd1,383,22,49,0,2
20260912_215351_529_traffic_scan_env2025_seed0-499_48352cd1,383,22,50,0,1
20260912_215351_529_traffic_scan_env2025_seed0-499_48352cd1,383,22,51,0,1
20260912_215351_529_traffic_scan_env2025_seed0-499_48352cd1,383,22,52,0,1
20260912_215351_529_traffic_scan_env2025_seed0-499_48352cd1,383,22,53,0,2
20260912_215351_529_traffic_scan_env2025_seed0-499_48352cd1,383,22,53,1,1
20260912_215351_529_traffic_scan_env2025_seed0-499_48352cd1,383,22,54,0,1
20260912_215351_529_traffic_scan_env2025_seed0-499_48352cd1,383,22,55,0,1
20260912_215351_529_traffic_scan_env2025_seed0-499_48352cd1,383,22,58,1,1
20260912_215351_529_traffic_scan_env2025_seed0-499_48352cd1,383,23,1,1,1
20260912_215351_529_traffic_scan_env2025_seed0-499_48352cd1,383,23,2,0,1
20260912_215351_529_traffic_scan_env2025_seed0-499_48352cd1,383,23,3,0,2
20260912_215351_529_traffic_scan_env2025_seed0-499_48352cd1,383,23,3,1,1
20260912_215351_529_traffic_scan_env2025_seed0-499_48352cd1,383,23,4,0,2
20260912_215351_529_traffic_scan_env2025_seed0-499_48352cd1,383,23,5,0,2
20260912_215351_529_traffic_scan_env2025_seed0-499_48352cd1,383,23,6,0,2
20260912_215351_529_traffic_scan_env2025_seed0-499_48352cd1,383,23,7,0,2
20260912_215351_529_traffic_scan_env2025_seed0-499_48352cd1,383,23,7,1,1
20260912_215351_529_traffic_scan_env2025_seed0-499_48352cd1,383,23,9,1,2
20260912_215351_529_traffic_scan_env2025_seed0-499_48352cd1,383,23,10,1,1
20260912_215351_529_traffic_scan_env2025_seed0-499_48352cd1,383,23,11,2,1
20260912_215351_529_traffic_scan_env2025_seed0-499_48352cd1,383,23,13,0,1
20260912_215351_529_traffic_scan_env2025_seed0-499_48352cd1,383,23,14,0,2
20260912_215351_529_traffic_scan_env2025_seed0-499_48352cd1,383,23,14,1,1
20260912_215351_529_traffic_scan_env2025_seed0-499_48352cd1,383,23,15,0,1
20260912_215351_529_traffic_scan_env2025_seed0-499_48352cd1,383,23,15,1,1
20260912_215351_529_traffic_scan_env2025_seed0-499_48352cd1,383,23,16,1,1
20260912_215351_529_traffic_scan_env2025_seed0-499_48352cd1,383,23,17,0,1
20260912_215351_529_traffic_scan_env2025_seed0-499_48352cd1,383,23,17,1,1
20260912_215351_529_traffic_scan_env2025_seed0-499_48352cd1,383,23,18,0,3
20260912_215351_529_traffic_scan_env2025_seed0-499_48352cd1,383,23,18,1,1
20260912_215351_529_traffic_scan_env2025_seed0-499_48352cd1,383,23,19,0,1
20260912_215351_529_traffic_scan_env2025_seed0-499_48352cd1,383,23,19,1,1
20260912_215351_529_traffic_scan_env2025_seed0-499_48352cd1,383,23,20,0,2
20260912_215351_529_traffic_scan_env2025_seed0-499_48352cd1,383,23,20,1,1
20260912_215351_529_traffic_scan_env2025_seed0-499_48352cd1,383,23,21,0,4
20260912_215351_529_traffic_scan_env2025_seed0-499_48352cd1,383,23,21,1,3
20260912_215351_529_traffic_scan_env2025_seed0-499_48352cd1,383,23,21,2,3
20260912_215351_529_traffic_scan_env2025_seed0-499_48352cd1,383,23,22,2,3
20260912_215351_529_traffic_scan_env2025_seed0-499_48352cd1,383,23,23,0,4
20260912_215351_529_traffic_scan_env2025_seed0-499_48352cd1,383,23,23,1,1
20260912_215351_529_traffic_scan_env2025_seed0-499_48352cd1,383,23,24,0,5
20260912_215351_529_traffic_scan_env2025_seed0-499_48352cd1,383,23,24,1,2
20260912_215351_529_traffic_scan_env2025_seed0-499_48352cd1,383,23,25,0,7
20260912_215351_529_traffic_scan_env2025_seed0-499_48352cd1,383,23,25,1,3
20260912_215351_529_traffic_scan_env2025_seed0-499_48352cd1,383,23,27,0,3
20260912_215351_529_traffic_scan_env2025_seed0-499_48352cd1,383,23,27,1,1
20260912_215351_529_traffic_scan_env2025_seed0-499_48352cd1,383,23,28,2,4
20260912_215351_529_traffic_scan_env2025_seed0-499_48352cd1,383,23,29,1,2
20260912_215351_529_traffic_scan_env2025_seed0-499_48352cd1,383,23,30,1,1
20260912_215351_529_traffic_scan_env2025_seed0-499_48352cd1,383,23,31,0,3
20260912_215351_529_traffic_scan_env2025_seed0-499_48352cd1,383,23,31,1,10
20260912_215351_529_traffic_scan_env2025_seed0-499_48352cd1,383,23,32,0,2
20260912_215351_529_traffic_scan_env2025_seed0-499_48352cd1,383,23,32,1,2
20260912_215351_529_traffic_scan_env2025_seed0-499_48352cd1,383,23,33,0,2
20260912_215351_529_traffic_scan_env2025_seed0-499_48352cd1,383,23,33,1,8
20260912_215351_529_traffic_scan_env2025_seed0-499_48352cd1,383,23,34,0,2
20260912_215351_529_traffic_scan_env2025_seed0-499_48352cd1,383,23,34,1,6
20260912_215351_529_traffic_scan_env2025_seed0-499_48352cd1,383,23,35,0,2
20260912_215351_529_traffic_scan_env2025_seed0-499_48352cd1,383,23,35,1,5
20260912_215351_529_traffic_scan_env2025_seed0-499_48352cd1,383,23,36,0,1
20260912_215351_529_traffic_scan_env2025_seed0-499_48352cd1,383,23,36,1,3
20260912_215351_529_traffic_scan_env2025_seed0-499_48352cd1,383,23,37,0,3
20260912_215351_529_traffic_scan_env2025_seed0-499_48352cd1,383,23,37,1,2
20260912_215351_529_traffic_scan_env2025_seed0-499_48352cd1,383,23,38,0,2
20260912_215351_529_traffic_scan_env2025_seed0-499_48352cd1,383,23,38,1,2
20260912_215351_529_traffic_scan_env2025_seed0-499_48352cd1,383,23,39,0,2
20260912_215351_529_traffic_scan_env2025_seed0-499_48352cd1,383,23,39,1,2
20260912_215351_529_traffic_scan_env2025_seed0-499_48352cd1,383,23,40,0,3
20260912_215351_529_traffic_scan_env2025_seed0-499_48352cd1,383,23,40,1,4
20260912_215351_529_traffic_scan_env2025_seed0-499_48352cd1,383,23,42,2,1
20260912_215351_529_traffic_scan_env2025_seed0-499_48352cd1,383,23,44,0,2
20260912_215351_529_traffic_scan_env2025_seed0-499_48352cd1,383,23,45,1,1
20260912_215351_529_traffic_scan_env2025_seed0-499_48352cd1,383,23,46,1,1
20260912_215351_529_traffic_scan_env2025_seed0-499_48352cd1,383,23,48,0,1
20260912_215351_529_traffic_scan_env2025_seed0-499_48352cd1,383,23,49,0,2
20260912_215351_529_traffic_scan_env2025_seed0-499_48352cd1,383,23,50,0,2
20260912_215351_529_traffic_scan_env2025_seed0-499_48352cd1,383,23,51,0,1
20260912_215351_529_traffic_scan_env2025_seed0-499_48352cd1,383,23,52,0,1
20260912_215351_529_traffic_scan_env2025_seed0-499_48352cd1,383,23,53,0,2
20260912_215351_529_traffic_scan_env2025_seed0-499_48352cd1,383,23,53,1,1
20260912_215351_529_traffic_scan_env2025_seed0-499_48352cd1,383,23,54,0,1
20260912_215351_529_traffic_scan_env2025_seed0-499_48352cd1,383,23,55,0,1
20260912_215351_529_traffic_scan_env2025_seed0-499_48352cd1,383,23,56,0,1
20260912_215351_529_traffic_scan_env2025_seed0-499_48352cd1,383,23,58,1,1
20260912_215351_529_traffic_scan_env2025_seed0-499_48352cd1,383,24,1,1,1
20260912_215351_529_traffic_scan_env2025_seed0-499_48352cd1,383,24,3,2,1
20260912_215351_529_traffic_scan_env2025_seed0-499_48352cd1,383,24,5,0,1
20260912_215351_529_traffic_scan_env2025_seed0-499_48352cd1,383,24,6,0,1
20260912_215351_529_traffic_scan_env2025_seed0-499_48352cd1,383,24,7,0,1
20260912_215351_529_traffic_scan_env2025_seed0-499_48352cd1,383,24,7,1,1
20260912_215351_529_traffic_scan_env2025_seed0-499_48352cd1,383,24,8,0,5
20260912_215351_529_traffic_scan_env2025_seed0-499_48352cd1,383,24,9,1,2
20260912_215351_529_traffic_scan_env2025_seed0-499_48352cd1,383,24,10,1,4
20260912_215351_529_traffic_scan_env2025_seed0-499_48352cd1,383,24,11,0,1
20260912_215351_529_traffic_scan_env2025_seed0-499_48352cd1,383,24,11,1,1
20260912_215351_529_traffic_scan_env2025_seed0-499_48352cd1,383,24,12,1,1
20260912_215351_529_traffic_scan_env2025_seed0-499_48352cd1,383,24,13,0,1
20260912_215351_529_traffic_scan_env2025_seed0-499_48352cd1,383,24,13,1,1
20260912_215351_529_traffic_scan_env2025_seed0-499_48352cd1,383,24,15,0,1
20260912_215351_529_traffic_scan_env2025_seed0-499_48352cd1,383,24,18,0,1
20260912_215351_529_traffic_scan_env2025_seed0-499_48352cd1,383,24,19,0,4
20260912_215351_529_traffic_scan_env2025_seed0-499_48352cd1,383,24,20,2,1
20260912_215351_529_traffic_scan_env2025_seed0-499_48352cd1,383,24,21,3,1
20260912_215351_529_traffic_scan_env2025_seed0-499_48352cd1,383,24,22,3,3
20260912_215351_529_traffic_scan_env2025_seed0-499_48352cd1,383,24,23,1,2
20260912_215351_529_traffic_scan_env2025_seed0-499_48352cd1,383,24,26,1,9
20260912_215351_529_traffic_scan_env2025_seed0-499_48352cd1,383,24,27,0,1
20260912_215351_529_traffic_scan_env2025_seed0-499_48352cd1,383,24,27,1,2
20260912_215351_529_traffic_scan_env2025_seed0-499_48352cd1,383,24,28,0,4
20260912_215351_529_traffic_scan_env2025_seed0-499_48352cd1,383,24,28,1,1
20260912_215351_529_traffic_scan_env2025_seed0-499_48352cd1,383,24,30,0,2
20260912_215351_529_traffic_scan_env2025_seed0-499_48352cd1,383,24,32,0,2
20260912_215351_529_traffic_scan_env2025_seed0-499_48352cd1,383,24,32,1,6
20260912_215351_529_traffic_scan_env2025_seed0-499_48352cd1,383,24,34,1,3
20260912_215351_529_traffic_scan_env2025_seed0-499_48352cd1,383,24,35,1,1
20260912_215351_529_traffic_scan_env2025_seed0-499_48352cd1,383,24,36,0,5
20260912_215351_529_traffic_scan_env2025_seed0-499_48352cd1,383,24,36,1,2
20260912_215351_529_traffic_scan_env2025_seed0-499_48352cd1,383,24,37,0,2
20260912_215351_529_traffic_scan_env2025_seed0-499_48352cd1,383,24,40,0,3
20260912_215351_529_traffic_scan_env2025_seed0-499_48352cd1,383,24,41,0,2
20260912_215351_529_traffic_scan_env2025_seed0-499_48352cd1,383,24,41,1,4
20260912_215351_529_traffic_scan_env2025_seed0-499_48352cd1,383,24,42,2,1
20260912_215351_529_traffic_scan_env2025_seed0-499_48352cd1,383,24,43,2,1
20260912_215351_529_traffic_scan_env2025_seed0-499_48352cd1,383,24,44,0,2
20260912_215351_529_traffic_scan_env2025_seed0-499_48352cd1,383,24,44,1,1
20260912_215351_529_traffic_scan_env2025_seed0-499_48352cd1,383,24,45,1,3
20260912_215351_529_traffic_scan_env2025_seed0-499_48352cd1,383,24,46,1,1
20260912_215351_529_traffic_scan_env2025_seed0-499_48352cd1,383,24,47,1,1
20260912_215351_529_traffic_scan_env2025_seed0-499_48352cd1,383,24,50,0,1
20260912_215351_529_traffic_scan_env2025_seed0-499_48352cd1,383,24,51,0,1
20260912_215351_529_traffic_scan_env2025_seed0-499_48352cd1,383,24,53,0,1
20260912_215351_529_traffic_scan_env2025_seed0-499_48352cd1,383,24,53,1,1
20260912_215351_529_traffic_scan_env2025_seed0-499_48352cd1,383,24,58,1,1
20260912_215351_529_traffic_scan_env2025_seed0-499_48352cd1,383,25,1,1,1
20260912_215351_529_traffic_scan_env2025_seed0-499_48352cd1,383,25,2,2,1
20260912_215351_529_traffic_scan_env2025_seed0-499_48352cd1,383,25,6,0,1
20260912_215351_529_traffic_scan_env2025_seed0-499_48352cd1,383,25,7,0,2
20260912_215351_529_traffic_scan_env2025_seed0-499_48352cd1,383,25,7,1,1
20260912_215351_529_traffic_scan_env2025_seed0-499_48352cd1,383,25,9,0,4
20260912_215351_529_traffic_scan_env2025_seed0-499_48352cd1,383,25,9,1,2
20260912_215351_529_traffic_scan_env2025_seed0-499_48352cd1,383,25,11,2,1
20260912_215351_529_traffic_scan_env2025_seed0-499_48352cd1,383,25,12,0,1
20260912_215351_529_traffic_scan_env2025_seed0-499_48352cd1,383,25,13,0,1
20260912_215351_529_traffic_scan_env2025_seed0-499_48352cd1,383,25,16,0,1
20260912_215351_529_traffic_scan_env2025_seed0-499_48352cd1,383,25,19,0,3
20260912_215351_529_traffic_scan_env2025_seed0-499_48352cd1,383,25,20,2,1
20260912_215351_529_traffic_scan_env2025_seed0-499_48352cd1,383,25,21,3,1
20260912_215351_529_traffic_scan_env2025_seed0-499_48352cd1,383,25,23,2,5
20260912_215351_529_traffic_scan_env2025_seed0-499_48352cd1,383,25,26,0,3
20260912_215351_529_traffic_scan_env2025_seed0-499_48352cd1,383,25,26,1,3
20260912_215351_529_traffic_scan_env2025_seed0-499_48352cd1,383,25,27,1,6
20260912_215351_529_traffic_scan_env2025_seed0-499_48352cd1,383,25,28,0,1
20260912_215351_529_traffic_scan_env2025_seed0-499_48352cd1,383,25,28,1,1
20260912_215351_529_traffic_scan_env2025_seed0-499_48352cd1,383,25,29,0,4
20260912_215351_529_traffic_scan_env2025_seed0-499_48352cd1,383,25,31,1,1
20260912_215351_529_traffic_scan_env2025_seed0-499_48352cd1,383,25,33,0,2
20260912_215351_529_traffic_scan_env2025_seed0-499_48352cd1,383,25,33,1,6
20260912_215351_529_traffic_scan_env2025_seed0-499_48352cd1,383,25,35,0,3
20260912_215351_529_traffic_scan_env2025_seed0-499_48352cd1,383,25,35,1,3
20260912_215351_529_traffic_scan_env2025_seed0-499_48352cd1,383,25,36,0,3
20260912_215351_529_traffic_scan_env2025_seed0-499_48352cd1,383,25,36,1,1
20260912_215351_529_traffic_scan_env2025_seed0-499_48352cd1,383,25,37,0,1
20260912_215351_529_traffic_scan_env2025_seed0-499_48352cd1,383,25,37,1,1
20260912_215351_529_traffic_scan_env2025_seed0-499_48352cd1,383,25,40,0,1
20260912_215351_529_traffic_scan_env2025_seed0-499_48352cd1,383,25,40,1,1
20260912_215351_529_traffic_scan_env2025_seed0-499_48352cd1,383,25,41,0,2
20260912_215351_529_traffic_scan_env2025_seed0-499_48352cd1,383,25,42,0,2
20260912_215351_529_traffic_scan_env2025_seed0-499_48352cd1,383,25,42,1,2
20260912_215351_529_traffic_scan_env2025_seed0-499_48352cd1,383,25,43,0,2
20260912_215351_529_traffic_scan_env2025_seed0-499_48352cd1,383,25,44,1,1
20260912_215351_529_traffic_scan_env2025_seed0-499_48352cd1,383,25,45,1,1
20260912_215351_529_traffic_scan_env2025_seed0-499_48352cd1,383,25,51,0,2
20260912_215351_529_traffic_scan_env2025_seed0-499_48352cd1,383,25,53,0,1
20260912_215351_529_traffic_scan_env2025_seed0-499_48352cd1,383,25,53,1,1
20260912_215351_529_traffic_scan_env2025_seed0-499_48352cd1,383,25,58,1,1
20260912_215351_529_traffic_scan_env2025_seed0-499_48352cd1,383,26,1,1,2
20260912_215351_529_traffic_scan_env2025_seed0-499_48352cd1,383,26,6,0,1
20260912_215351_529_traffic_scan_env2025_seed0-499_48352cd1,383,26,7,0,2
20260912_215351_529_traffic_scan_env2025_seed0-499_48352cd1,383,26,7,1,1
20260912_215351_529_traffic_scan_env2025_seed0-499_48352cd1,383,26,8,0,3
20260912_215351_529_traffic_scan_env2025_seed0-499_48352cd1,383,26,8,1,1
20260912_215351_529_traffic_scan_env2025_seed0-499_48352cd1,383,26,9,0,2
20260912_215351_529_traffic_scan_env2025_seed0-499_48352cd1,383,26,10,2,1
20260912_215351_529_traffic_scan_env2025_seed0-499_48352cd1,383,26,12,0,1
20260912_215351_529_traffic_scan_env2025_seed0-499_48352cd1,383,26,12,1,1
20260912_215351_529_traffic_scan_env2025_seed0-499_48352cd1,383,26,13,0,3
20260912_215351_529_traffic_scan_env2025_seed0-499_48352cd1,383,26,17,0,2
20260912_215351_529_traffic_scan_env2025_seed0-499_48352cd1,383,26,18,0,2
20260912_215351_529_traffic_scan_env2025_seed0-499_48352cd1,383,26,19,1,4
20260912_215351_529_traffic_scan_env2025_seed0-499_48352cd1,383,26,20,0,3
20260912_215351_529_traffic_scan_env2025_seed0-499_48352cd1,383,26,20,1,2
20260912_215351_529_traffic_scan_env2025_seed0-499_48352cd1,383,26,21,0,1
20260912_215351_529_traffic_scan_env2025_seed0-499_48352cd1,383,26,21,1,2
20260912_215351_529_traffic_scan_env2025_seed0-499_48352cd1,383,26,22,0,1
20260912_215351_529_traffic_scan_env2025_seed0-499_48352cd1,383,26,22,1,3
20260912_215351_529_traffic_scan_env2025_seed0-499_48352cd1,383,26,22,2,1
20260912_215351_529_traffic_scan_env2025_seed0-499_48352cd1,383,26,23,2,2
20260912_215351_529_traffic_scan_env2025_seed0-499_48352cd1,383,26,24,2,8
20260912_215351_529_traffic_scan_env2025_seed0-499_48352cd1,383,26,25,0,2
20260912_215351_529_traffic_scan_env2025_seed0-499_48352cd1,383,26,25,1,8
20260912_215351_529_traffic_scan_env2025_seed0-499_48352cd1,383,26,26,1,2
20260912_215351_529_traffic_scan_env2025_seed0-499_48352cd1,383,26,27,0,1
20260912_215351_529_traffic_scan_env2025_seed0-499_48352cd1,383,26,27,1,2
20260912_215351_529_traffic_scan_env2025_seed0-499_48352cd1,383,26,28,0,2
20260912_215351_529_traffic_scan_env2025_seed0-499_48352cd1,383,26,28,1,10
20260912_215351_529_traffic_scan_env2025_seed0-499_48352cd1,383,26,29,1,2
20260912_215351_529_traffic_scan_env2025_seed0-499_48352cd1,383,26,30,0,2
20260912_215351_529_traffic_scan_env2025_seed0-499_48352cd1,383,26,30,1,2
20260912_215351_529_traffic_scan_env2025_seed0-499_48352cd1,383,26,31,1,4
20260912_215351_529_traffic_scan_env2025_seed0-499_48352cd1,383,26,32,0,1
20260912_215351_529_traffic_scan_env2025_seed0-499_48352cd1,383,26,32,1,3
20260912_215351_529_traffic_scan_env2025_seed0-499_48352cd1,383,26,33,0,1
20260912_215351_529_traffic_scan_env2025_seed0-499_48352cd1,383,26,33,1,2
20260912_215351_529_traffic_scan_env2025_seed0-499_48352cd1,383,26,34,0,2
20260912_215351_529_traffic_scan_env2025_seed0-499_48352cd1,383,26,34,1,7
20260912_215351_529_traffic_scan_env2025_seed0-499_48352cd1,383,26,35,0,3
20260912_215351_529_traffic_scan_env2025_seed0-499_48352cd1,383,26,35,1,3
20260912_215351_529_traffic_scan_env2025_seed0-499_48352cd1,383,26,36,0,1
20260912_215351_529_traffic_scan_env2025_seed0-499_48352cd1,383,26,36,1,5
20260912_215351_529_traffic_scan_env2025_seed0-499_48352cd1,383,26,37,1,2
20260912_215351_529_traffic_scan_env2025_seed0-499_48352cd1,383,26,38,0,1
20260912_215351_529_traffic_scan_env2025_seed0-499_48352cd1,383,26,38,1,3
20260912_215351_529_traffic_scan_env2025_seed0-499_48352cd1,383,26,39,0,1
20260912_215351_529_traffic_scan_env2025_seed0-499_48352cd1,383,26,39,1,3
20260912_215351_529_traffic_scan_env2025_seed0-499_48352cd1,383,26,40,1,2
20260912_215351_529_traffic_scan_env2025_seed0-499_48352cd1,383,26,41,0,1
20260912_215351_529_traffic_scan_env2025_seed0-499_48352cd1,383,26,41,1,2
20260912_215351_529_traffic_scan_env2025_seed0-499_48352cd1,383,26,42,0,2
20260912_215351_529_traffic_scan_env2025_seed0-499_48352cd1,383,26,42,1,2
20260912_215351_529_traffic_scan_env2025_seed0-499_48352cd1,383,26,43,0,3
20260912_215351_529_traffic_scan_env2025_seed0-499_48352cd1,383,26,43,1,5
20260912_215351_529_traffic_scan_env2025_seed0-499_48352cd1,383,26,44,1,2
20260912_215351_529_traffic_scan_env2025_seed0-499_48352cd1,383,26,45,0,1
20260912_215351_529_traffic_scan_env2025_seed0-499_48352cd1,383,26,45,1,2
20260912_215351_529_traffic_scan_env2025_seed0-499_48352cd1,383,26,46,0,1
20260912_215351_529_traffic_scan_env2025_seed0-499_48352cd1,383,26,46,1,1
20260912_215351_529_traffic_scan_env2025_seed0-499_48352cd1,383,26,47,0,1
20260912_215351_529_traffic_scan_env2025_seed0-499_48352cd1,383,26,48,0,1
20260912_215351_529_traffic_scan_env2025_seed0-499_48352cd1,383,26,49,0,1
20260912_215351_529_traffic_scan_env2025_seed0-499_48352cd1,383,26,50,0,1
20260912_215351_529_traffic_scan_env2025_seed0-499_48352cd1,383,26,51,0,1
20260912_215351_529_traffic_scan_env2025_seed0-499_48352cd1,383,26,52,0,3
20260912_215351_529_traffic_scan_env2025_seed0-499_48352cd1,383,26,53,0,1
20260912_215351_529_traffic_scan_env2025_seed0-499_48352cd1,383,26,53,1,1
20260912_215351_529_traffic_scan_env2025_seed0-499_48352cd1,383,26,58,1,1
20260912_215351_529_traffic_scan_env2025_seed0-499_48352cd1,383,27,1,1,2
20260912_215351_529_traffic_scan_env2025_seed0-499_48352cd1,383,27,5,0,1
20260912_215351_529_traffic_scan_env2025_seed0-499_48352cd1,383,27,6,0,1
20260912_215351_529_traffic_scan_env2025_seed0-499_48352cd1,383,27,7,0,1
20260912_215351_529_traffic_scan_env2025_seed0-499_48352cd1,383,27,7,1,2
20260912_215351_529_traffic_scan_env2025_seed0-499_48352cd1,383,27,8,0,2
20260912_215351_529_traffic_scan_env2025_seed0-499_48352cd1,383,27,8,1,1
20260912_215351_529_traffic_scan_env2025_seed0-499_48352cd1,383,27,9,0,3
20260912_215351_529_traffic_scan_env2025_seed0-499_48352cd1,383,27,9,1,1
20260912_215351_529_traffic_scan_env2025_seed0-499_48352cd1,383,27,10,0,3
20260912_215351_529_traffic_scan_env2025_seed0-499_48352cd1,383,27,10,1,1
20260912_215351_529_traffic_scan_env2025_seed0-499_48352cd1,383,27,11,0,1
20260912_215351_529_traffic_scan_env2025_seed0-499_48352cd1,383,27,11,1,2
20260912_215351_529_traffic_scan_env2025_seed0-499_48352cd1,383,27,12,2,1
20260912_215351_529_traffic_scan_env2025_seed0-499_48352cd1,383,27,13,0,1
20260912_215351_529_traffic_scan_env2025_seed0-499_48352cd1,383,27,13,1,2
20260912_215351_529_traffic_scan_env2025_seed0-499_48352cd1,383,27,14,0,2
20260912_215351_529_traffic_scan_env2025_seed0-499_48352cd1,383,27,14,1,1
20260912_215351_529_traffic_scan_env2025_seed0-499_48352cd1,383,27,15,0,2
20260912_215351_529_traffic_scan_env2025_seed0-499_48352cd1,383,27,15,1,1
20260912_215351_529_traffic_scan_env2025_seed0-499_48352cd1,383,27,16,0,1
20260912_215351_529_traffic_scan_env2025_seed0-499_48352cd1,383,27,16,1,1
20260912_215351_529_traffic_scan_env2025_seed0-499_48352cd1,383,27,17,2,1
20260912_215351_529_traffic_scan_env2025_seed0-499_48352cd1,383,27,18,2,2
20260912_215351_529_traffic_scan_env2025_seed0-499_48352cd1,383,27,20,0,1
20260912_215351_529_traffic_scan_env2025_seed0-499_48352cd1,383,27,20,1,1
20260912_215351_529_traffic_scan_env2025_seed0-499_48352cd1,383,27,21,0,2
20260912_215351_529_traffic_scan_env2025_seed0-499_48352cd1,383,27,21,1,1
20260912_215351_529_traffic_scan_env2025_seed0-499_48352cd1,383,27,22,0,1
20260912_215351_529_traffic_scan_env2025_seed0-499_48352cd1,383,27,23,0,2
20260912_215351_529_traffic_scan_env2025_seed0-499_48352cd1,383,27,23,1,3
20260912_215351_529_traffic_scan_env2025_seed0-499_48352cd1,383,27,24,0,2
20260912_215351_529_traffic_scan_env2025_seed0-499_48352cd1,383,27,24,1,1
20260912_215351_529_traffic_scan_env2025_seed0-499_48352cd1,383,27,25,0,1
20260912_215351_529_traffic_scan_env2025_seed0-499_48352cd1,383,27,25,1,3
20260912_215351_529_traffic_scan_env2025_seed0-499_48352cd1,383,27,26,1,4
20260912_215351_529_traffic_scan_env2025_seed0-499_48352cd1,383,27,27,0,1
20260912_215351_529_traffic_scan_env2025_seed0-499_48352cd1,383,27,27,1,2
20260912_215351_529_traffic_scan_env2025_seed0-499_48352cd1,383,27,28,0,2
20260912_215351_529_traffic_scan_env2025_seed0-499_48352cd1,383,27,28,1,2
20260912_215351_529_traffic_scan_env2025_seed0-499_48352cd1,383,27,29,1,7
20260912_215351_529_traffic_scan_env2025_seed0-499_48352cd1,383,27,30,1,3
20260912_215351_529_traffic_scan_env2025_seed0-499_48352cd1,383,27,31,0,3
20260912_215351_529_traffic_scan_env2025_seed0-499_48352cd1,383,27,31,1,1
20260912_215351_529_traffic_scan_env2025_seed0-499_48352cd1,383,27,32,1,1
20260912_215351_529_traffic_scan_env2025_seed0-499_48352cd1,383,27,33,0,3
20260912_215351_529_traffic_scan_env2025_seed0-499_48352cd1,383,27,33,1,1
20260912_215351_529_traffic_scan_env2025_seed0-499_48352cd1,383,27,34,0,2
20260912_215351_529_traffic_scan_env2025_seed0-499_48352cd1,383,27,34,1,1
20260912_215351_529_traffic_scan_env2025_seed0-499_48352cd1,383,27,35,0,1
20260912_215351_529_traffic_scan_env2025_seed0-499_48352cd1,383,27,35,1,7
20260912_215351_529_traffic_scan_env2025_seed0-499_48352cd1,383,27,36,0,1
20260912_215351_529_traffic_scan_env2025_seed0-499_48352cd1,383,27,36,1,2
20260912_215351_529_traffic_scan_env2025_seed0-499_48352cd1,383,27,37,1,3
20260912_215351_529_traffic_scan_env2025_seed0-499_48352cd1,383,27,38,0,1
20260912_215351_529_traffic_scan_env2025_seed0-499_48352cd1,383,27,38,1,2
20260912_215351_529_traffic_scan_env2025_seed0-499_48352cd1,383,27,39,0,1
20260912_215351_529_traffic_scan_env2025_seed0-499_48352cd1,383,27,39,1,2
20260912_215351_529_traffic_scan_env2025_seed0-499_48352cd1,383,27,40,0,1
20260912_215351_529_traffic_scan_env2025_seed0-499_48352cd1,383,27,40,1,1
20260912_215351_529_traffic_scan_env2025_seed0-499_48352cd1,383,27,41,2,1
20260912_215351_529_traffic_scan_env2025_seed0-499_48352cd1,383,27,42,2,2
20260912_215351_529_traffic_scan_env2025_seed0-499_48352cd1,383,27,43,0,4
20260912_215351_529_traffic_scan_env2025_seed0-499_48352cd1,383,27,43,1,1
20260912_215351_529_traffic_scan_env2025_seed0-499_48352cd1,383,27,44,1,4
20260912_215351_529_traffic_scan_env2025_seed0-499_48352cd1,383,27,45,1,2
20260912_215351_529_traffic_scan_env2025_seed0-499_48352cd1,383,27,46,2,1
20260912_215351_529_traffic_scan_env2025_seed0-499_48352cd1,383,27,47,0,1
20260912_215351_529_traffic_scan_env2025_seed0-499_48352cd1,383,27,47,1,1
20260912_215351_529_traffic_scan_env2025_seed0-499_48352cd1,383,27,48,0,2
20260912_215351_529_traffic_scan_env2025_seed0-499_48352cd1,383,27,49,0,2
20260912_215351_529_traffic_scan_env2025_seed0-499_48352cd1,383,27,50,0,2
20260912_215351_529_traffic_scan_env2025_seed0-499_48352cd1,383,27,51,0,2
20260912_215351_529_traffic_scan_env2025_seed0-499_48352cd1,383,27,52,0,2
20260912_215351_529_traffic_scan_env2025_seed0-499_48352cd1,383,27,53,0,5
20260912_215351_529_traffic_scan_env2025_seed0-499_48352cd1,383,27,53,1,1
20260912_215351_529_traffic_scan_env2025_seed0-499_48352cd1,383,27,54,0,2
20260912_215351_529_traffic_scan_env2025_seed0-499_48352cd1,383,27,55,0,1
20260912_215351_529_traffic_scan_env2025_seed0-499_48352cd1,383,27,58,2,1
20260912_215351_529_traffic_scan_env2025_seed0-499_48352cd1,383,28,1,1,2
20260912_215351_529_traffic_scan_env2025_seed0-499_48352cd1,383,28,4,0,1
20260912_215351_529_traffic_scan_env2025_seed0-499_48352cd1,383,28,5,0,1
20260912_215351_529_traffic_scan_env2025_seed0-499_48352cd1,383,28,6,0,1
20260912_215351_529_traffic_scan_env2025_seed0-499_48352cd1,383,28,6,1,1
20260912_215351_529_traffic_scan_env2025_seed0-499_48352cd1,383,28,7,0,1
20260912_215351_529_traffic_scan_env2025_seed0-499_48352cd1,383,28,7,1,2
20260912_215351_529_traffic_scan_env2025_seed0-499_48352cd1,383,28,10,0,2
20260912_215351_529_traffic_scan_env2025_seed0-499_48352cd1,383,28,11,0,2
20260912_215351_529_traffic_scan_env2025_seed0-499_48352cd1,383,28,12,0,4
20260912_215351_529_traffic_scan_env2025_seed0-499_48352cd1,383,28,12,2,1
20260912_215351_529_traffic_scan_env2025_seed0-499_48352cd1,383,28,13,0,5
20260912_215351_529_traffic_scan_env2025_seed0-499_48352cd1,383,28,14,0,1
20260912_215351_529_traffic_scan_env2025_seed0-499_48352cd1,383,28,14,1,1
20260912_215351_529_traffic_scan_env2025_seed0-499_48352cd1,383,28,15,0,1
20260912_215351_529_traffic_scan_env2025_seed0-499_48352cd1,383,28,16,0,2
20260912_215351_529_traffic_scan_env2025_seed0-499_48352cd1,383,28,17,2,1
20260912_215351_529_traffic_scan_env2025_seed0-499_48352cd1,383,28,18,2,1
20260912_215351_529_traffic_scan_env2025_seed0-499_48352cd1,383,28,19,0,1
20260912_215351_529_traffic_scan_env2025_seed0-499_48352cd1,383,28,19,1,1
20260912_215351_529_traffic_scan_env2025_seed0-499_48352cd1,383,28,20,0,1
20260912_215351_529_traffic_scan_env2025_seed0-499_48352cd1,383,28,20,1,2
20260912_215351_529_traffic_scan_env2025_seed0-499_48352cd1,383,28,21,0,2
20260912_215351_529_traffic_scan_env2025_seed0-499_48352cd1,383,28,21,1,2
20260912_215351_529_traffic_scan_env2025_seed0-499_48352cd1,383,28,22,0,2
20260912_215351_529_traffic_scan_env2025_seed0-499_48352cd1,383,28,22,1,3
20260912_215351_529_traffic_scan_env2025_seed0-499_48352cd1,383,28,23,1,2
20260912_215351_529_traffic_scan_env2025_seed0-499_48352cd1,383,28,25,0,2
20260912_215351_529_traffic_scan_env2025_seed0-499_48352cd1,383,28,25,1,1
20260912_215351_529_traffic_scan_env2025_seed0-499_48352cd1,383,28,26,0,1
20260912_215351_529_traffic_scan_env2025_seed0-499_48352cd1,383,28,26,1,2
20260912_215351_529_traffic_scan_env2025_seed0-499_48352cd1,383,28,27,1,3
20260912_215351_529_traffic_scan_env2025_seed0-499_48352cd1,383,28,28,0,1
20260912_215351_529_traffic_scan_env2025_seed0-499_48352cd1,383,28,28,1,1
20260912_215351_529_traffic_scan_env2025_seed0-499_48352cd1,383,28,29,0,1
20260912_215351_529_traffic_scan_env2025_seed0-499_48352cd1,383,28,29,1,2
20260912_215351_529_traffic_scan_env2025_seed0-499_48352cd1,383,28,30,1,6
20260912_215351_529_traffic_scan_env2025_seed0-499_48352cd1,383,28,31,0,1
20260912_215351_529_traffic_scan_env2025_seed0-499_48352cd1,383,28,32,0,4
20260912_215351_529_traffic_scan_env2025_seed0-499_48352cd1,383,28,33,0,3
20260912_215351_529_traffic_scan_env2025_seed0-499_48352cd1,383,28,35,2,1
20260912_215351_529_traffic_scan_env2025_seed0-499_48352cd1,383,28,36,0,2
20260912_215351_529_traffic_scan_env2025_seed0-499_48352cd1,383,28,36,1,6
20260912_215351_529_traffic_scan_env2025_seed0-499_48352cd1,383,28,37,0,1
20260912_215351_529_traffic_scan_env2025_seed0-499_48352cd1,383,28,37,1,1
20260912_215351_529_traffic_scan_env2025_seed0-499_48352cd1,383,28,38,1,2
20260912_215351_529_traffic_scan_env2025_seed0-499_48352cd1,383,28,40,0,2
20260912_215351_529_traffic_scan_env2025_seed0-499_48352cd1,383,28,40,1,1
20260912_215351_529_traffic_scan_env2025_seed0-499_48352cd1,383,28,41,2,1
20260912_215351_529_traffic_scan_env2025_seed0-499_48352cd1,383,28,43,0,3
20260912_215351_529_traffic_scan_env2025_seed0-499_48352cd1,383,28,44,0,1
20260912_215351_529_traffic_scan_env2025_seed0-499_48352cd1,383,28,45,0,2
20260912_215351_529_traffic_scan_env2025_seed0-499_48352cd1,383,28,45,1,2
20260912_215351_529_traffic_scan_env2025_seed0-499_48352cd1,383,28,53,0,1
20260912_215351_529_traffic_scan_env2025_seed0-499_48352cd1,383,28,53,1,1
20260912_215351_529_traffic_scan_env2025_seed0-499_48352cd1,383,28,54,0,2
20260912_215351_529_traffic_scan_env2025_seed0-499_48352cd1,383,28,58,2,1
20260912_215351_529_traffic_scan_env2025_seed0-499_48352cd1,383,29,1,1,2
20260912_215351_529_traffic_scan_env2025_seed0-499_48352cd1,383,29,4,0,1
20260912_215351_529_traffic_scan_env2025_seed0-499_48352cd1,383,29,5,0,2
20260912_215351_529_traffic_scan_env2025_seed0-499_48352cd1,383,29,5,1,1
20260912_215351_529_traffic_scan_env2025_seed0-499_48352cd1,383,29,6,0,2
20260912_215351_529_traffic_scan_env2025_seed0-499_48352cd1,383,29,6,1,1
20260912_215351_529_traffic_scan_env2025_seed0-499_48352cd1,383,29,7,0,1
20260912_215351_529_traffic_scan_env2025_seed0-499_48352cd1,383,29,7,1,1
20260912_215351_529_traffic_scan_env2025_seed0-499_48352cd1,383,29,8,0,1
20260912_215351_529_traffic_scan_env2025_seed0-499_48352cd1,383,29,10,0,1
20260912_215351_529_traffic_scan_env2025_seed0-499_48352cd1,383,29,11,0,3
20260912_215351_529_traffic_scan_env2025_seed0-499_48352cd1,383,29,13,3,1
20260912_215351_529_traffic_scan_env2025_seed0-499_48352cd1,383,29,14,0,3
20260912_215351_529_traffic_scan_env2025_seed0-499_48352cd1,383,29,14,1,1
20260912_215351_529_traffic_scan_env2025_seed0-499_48352cd1,383,29,15,1,2
20260912_215351_529_traffic_scan_env2025_seed0-499_48352cd1,383,29,16,0,1
20260912_215351_529_traffic_scan_env2025_seed0-499_48352cd1,383,29,16,1,2
20260912_215351_529_traffic_scan_env2025_seed0-499_48352cd1,383,29,17,1,4
20260912_215351_529_traffic_scan_env2025_seed0-499_48352cd1,383,29,18,0,2
20260912_215351_529_traffic_scan_env2025_seed0-499_48352cd1,383,29,18,1,1
20260912_215351_529_traffic_scan_env2025_seed0-499_48352cd1,383,29,19,1,2
20260912_215351_529_traffic_scan_env2025_seed0-499_48352cd1,383,29,20,0,1
20260912_215351_529_traffic_scan_env2025_seed0-499_48352cd1,383,29,20,1,1
20260912_215351_529_traffic_scan_env2025_seed0-499_48352cd1,383,29,21,1,4
20260912_215351_529_traffic_scan_env2025_seed0-499_48352cd1,383,29,22,0,2
20260912_215351_529_traffic_scan_env2025_seed0-499_48352cd1,383,29,22,1,2
20260912_215351_529_traffic_scan_env2025_seed0-499_48352cd1,383,29,23,0,2
20260912_215351_529_traffic_scan_env2025_seed0-499_48352cd1,383,29,23,1,1
20260912_215351_529_traffic_scan_env2025_seed0-499_48352cd1,383,29,24,1,3
20260912_215351_529_traffic_scan_env2025_seed0-499_48352cd1,383,29,25,0,2
20260912_215351_529_traffic_scan_env2025_seed0-499_48352cd1,383,29,25,1,2
20260912_215351_529_traffic_scan_env2025_seed0-499_48352cd1,383,29,26,0,1
20260912_215351_529_traffic_scan_env2025_seed0-499_48352cd1,383,29,26,1,1
20260912_215351_529_traffic_scan_env2025_seed0-499_48352cd1,383,29,27,2,2
20260912_215351_529_traffic_scan_env2025_seed0-499_48352cd1,383,29,28,0,1
20260912_215351_529_traffic_scan_env2025_seed0-499_48352cd1,383,29,28,1,7
20260912_215351_529_traffic_scan_env2025_seed0-499_48352cd1,383,29,30,0,2
20260912_215351_529_traffic_scan_env2025_seed0-499_48352cd1,383,29,31,0,3
20260912_215351_529_traffic_scan_env2025_seed0-499_48352cd1,383,29,31,1,6
20260912_215351_529_traffic_scan_env2025_seed0-499_48352cd1,383,29,32,0,2
20260912_215351_529_traffic_scan_env2025_seed0-499_48352cd1,383,29,33,0,3
20260912_215351_529_traffic_scan_env2025_seed0-499_48352cd1,383,29,35,2,1
20260912_215351_529_traffic_scan_env2025_seed0-499_48352cd1,383,29,36,0,3
20260912_215351_529_traffic_scan_env2025_seed0-499_48352cd1,383,29,36,1,2
20260912_215351_529_traffic_scan_env2025_seed0-499_48352cd1,383,29,37,1,5
20260912_215351_529_traffic_scan_env2025_seed0-499_48352cd1,383,29,39,0,1
20260912_215351_529_traffic_scan_env2025_seed0-499_48352cd1,383,29,39,1,2
20260912_215351_529_traffic_scan_env2025_seed0-499_48352cd1,383,29,40,1,1
20260912_215351_529_traffic_scan_env2025_seed0-499_48352cd1,383,29,41,0,1
20260912_215351_529_traffic_scan_env2025_seed0-499_48352cd1,383,29,41,1,1
20260912_215351_529_traffic_scan_env2025_seed0-499_48352cd1,383,29,42,0,2
20260912_215351_529_traffic_scan_env2025_seed0-499_48352cd1,383,29,44,0,1
20260912_215351_529_traffic_scan_env2025_seed0-499_48352cd1,383,29,45,0,1
20260912_215351_529_traffic_scan_env2025_seed0-499_48352cd1,383,29,45,1,1
20260912_215351_529_traffic_scan_env2025_seed0-499_48352cd1,383,29,46,0,3
20260912_215351_529_traffic_scan_env2025_seed0-499_48352cd1,383,29,46,1,1
20260912_215351_529_traffic_scan_env2025_seed0-499_48352cd1,383,29,47,0,3
20260912_215351_529_traffic_scan_env2025_seed0-499_48352cd1,383,29,53,0,1
20260912_215351_529_traffic_scan_env2025_seed0-499_48352cd1,383,29,53,1,1
20260912_215351_529_traffic_scan_env2025_seed0-499_48352cd1,383,29,55,0,1
20260912_215351_529_traffic_scan_env2025_seed0-499_48352cd1,383,29,58,1,1
20260912_215351_529_traffic_scan_env2025_seed0-499_48352cd1,383,30,1,1,2
20260912_215351_529_traffic_scan_env2025_seed0-499_48352cd1,383,30,3,0,1
20260912_215351_529_traffic_scan_env2025_seed0-499_48352cd1,383,30,5,1,2
20260912_215351_529_traffic_scan_env2025_seed0-499_48352cd1,383,30,7,0,1
20260912_215351_529_traffic_scan_env2025_seed0-499_48352cd1,383,30,7,1,1
20260912_215351_529_traffic_scan_env2025_seed0-499_48352cd1,383,30,9,0,1
20260912_215351_529_traffic_scan_env2025_seed0-499_48352cd1,383,30,11,0,3
20260912_215351_529_traffic_scan_env2025_seed0-499_48352cd1,383,30,14,2,1
20260912_215351_529_traffic_scan_env2025_seed0-499_48352cd1,383,30,15,0,4
20260912_215351_529_traffic_scan_env2025_seed0-499_48352cd1,383,30,15,1,1
20260912_215351_529_traffic_scan_env2025_seed0-499_48352cd1,383,30,16,1,1
20260912_215351_529_traffic_scan_env2025_seed0-499_48352cd1,383,30,18,1,1
20260912_215351_529_traffic_scan_env2025_seed0-499_48352cd1,383,30,19,0,2
20260912_215351_529_traffic_scan_env2025_seed0-499_48352cd1,383,30,20,0,2
20260912_215351_529_traffic_scan_env2025_seed0-499_48352cd1,383,30,23,0,2
20260912_215351_529_traffic_scan_env2025_seed0-499_48352cd1,383,30,23,1,1
20260912_215351_529_traffic_scan_env2025_seed0-499_48352cd1,383,30,24,0,4
20260912_215351_529_traffic_scan_env2025_seed0-499_48352cd1,383,30,24,1,2
20260912_215351_529_traffic_scan_env2025_seed0-499_48352cd1,383,30,25,0,1
20260912_215351_529_traffic_scan_env2025_seed0-499_48352cd1,383,30,25,1,1
20260912_215351_529_traffic_scan_env2025_seed0-499_48352cd1,383,30,26,0,2
20260912_215351_529_traffic_scan_env2025_seed0-499_48352cd1,383,30,27,0,2
20260912_215351_529_traffic_scan_env2025_seed0-499_48352cd1,383,30,27,1,2
20260912_215351_529_traffic_scan_env2025_seed0-499_48352cd1,383,30,28,0,2
20260912_215351_529_traffic_scan_env2025_seed0-499_48352cd1,383,30,28,1,2
20260912_215351_529_traffic_scan_env2025_seed0-499_48352cd1,383,30,29,0,1
20260912_215351_529_traffic_scan_env2025_seed0-499_48352cd1,383,30,29,1,4
20260912_215351_529_traffic_scan_env2025_seed0-499_48352cd1,383,30,31,0,7
20260912_215351_529_traffic_scan_env2025_seed0-499_48352cd1,383,30,32,0,1
20260912_215351_529_traffic_scan_env2025_seed0-499_48352cd1,383,30,32,1,6
20260912_215351_529_traffic_scan_env2025_seed0-499_48352cd1,383,30,33,0,2
20260912_215351_529_traffic_scan_env2025_seed0-499_48352cd1,383,30,33,1,1
20260912_215351_529_traffic_scan_env2025_seed0-499_48352cd1,383,30,34,0,3
20260912_215351_529_traffic_scan_env2025_seed0-499_48352cd1,383,30,34,1,1
20260912_215351_529_traffic_scan_env2025_seed0-499_48352cd1,383,30,35,0,3
20260912_215351_529_traffic_scan_env2025_seed0-499_48352cd1,383,30,35,1,3
20260912_215351_529_traffic_scan_env2025_seed0-499_48352cd1,383,30,36,1,2
20260912_215351_529_traffic_scan_env2025_seed0-499_48352cd1,383,30,37,1,1
20260912_215351_529_traffic_scan_env2025_seed0-499_48352cd1,383,30,38,0,1
20260912_215351_529_traffic_scan_env2025_seed0-499_48352cd1,383,30,38,1,6
20260912_215351_529_traffic_scan_env2025_seed0-499_48352cd1,383,30,39,1,4
20260912_215351_529_traffic_scan_env2025_seed0-499_48352cd1,383,30,40,1,2
20260912_215351_529_traffic_scan_env2025_seed0-499_48352cd1,383,30,42,0,1
20260912_215351_529_traffic_scan_env2025_seed0-499_48352cd1,383,30,42,1,1
20260912_215351_529_traffic_scan_env2025_seed0-499_48352cd1,383,30,43,0,2
20260912_215351_529_traffic_scan_env2025_seed0-499_48352cd1,383,30,44,0,2
20260912_215351_529_traffic_scan_env2025_seed0-499_48352cd1,383,30,45,1,2
20260912_215351_529_traffic_scan_env2025_seed0-499_48352cd1,383,30,48,0,3
20260912_215351_529_traffic_scan_env2025_seed0-499_48352cd1,383,30,53,1,1
20260912_215351_529_traffic_scan_env2025_seed0-499_48352cd1,383,30,54,0,1
20260912_215351_529_traffic_scan_env2025_seed0-499_48352cd1,383,30,55,0,1
20260912_215351_529_traffic_scan_env2025_seed0-499_48352cd1,383,30,58,1,1
20260912_215351_529_traffic_scan_env2025_seed0-499_48352cd1,383,31,0,0,1
20260912_215351_529_traffic_scan_env2025_seed0-499_48352cd1,383,31,1,1,2
20260912_215351_529_traffic_scan_env2025_seed0-499_48352cd1,383,31,4,0,1
20260912_215351_529_traffic_scan_env2025_seed0-499_48352cd1,383,31,4,1,2
20260912_215351_529_traffic_scan_env2025_seed0-499_48352cd1,383,31,7,1,1
20260912_215351_529_traffic_scan_env2025_seed0-499_48352cd1,383,31,8,0,1
20260912_215351_529_traffic_scan_env2025_seed0-499_48352cd1,383,31,10,0,1
20260912_215351_529_traffic_scan_env2025_seed0-499_48352cd1,383,31,12,0,3
20260912_215351_529_traffic_scan_env2025_seed0-499_48352cd1,383,31,13,0,1
20260912_215351_529_traffic_scan_env2025_seed0-499_48352cd1,383,31,14,0,2
20260912_215351_529_traffic_scan_env2025_seed0-499_48352cd1,383,31,14,1,1
20260912_215351_529_traffic_scan_env2025_seed0-499_48352cd1,383,31,15,1,1
20260912_215351_529_traffic_scan_env2025_seed0-499_48352cd1,383,31,16,0,2
20260912_215351_529_traffic_scan_env2025_seed0-499_48352cd1,383,31,17,1,2
20260912_215351_529_traffic_scan_env2025_seed0-499_48352cd1,383,31,18,0,1
20260912_215351_529_traffic_scan_env2025_seed0-499_48352cd1,383,31,19,0,2
20260912_215351_529_traffic_scan_env2025_seed0-499_48352cd1,383,31,20,0,1
20260912_215351_529_traffic_scan_env2025_seed0-499_48352cd1,383,31,23,0,1
20260912_215351_529_traffic_scan_env2025_seed0-499_48352cd1,383,31,23,1,1
20260912_215351_529_traffic_scan_env2025_seed0-499_48352cd1,383,31,24,0,1
20260912_215351_529_traffic_scan_env2025_seed0-499_48352cd1,383,31,24,1,2
20260912_215351_529_traffic_scan_env2025_seed0-499_48352cd1,383,31,25,0,2
20260912_215351_529_traffic_scan_env2025_seed0-499_48352cd1,383,31,26,1,3
20260912_215351_529_traffic_scan_env2025_seed0-499_48352cd1,383,31,27,0,1
20260912_215351_529_traffic_scan_env2025_seed0-499_48352cd1,383,31,28,0,2
20260912_215351_529_traffic_scan_env2025_seed0-499_48352cd1,383,31,28,1,1
20260912_215351_529_traffic_scan_env2025_seed0-499_48352cd1,383,31,29,1,1
20260912_215351_529_traffic_scan_env2025_seed0-499_48352cd1,383,31,30,0,4
20260912_215351_529_traffic_scan_env2025_seed0-499_48352cd1,383,31,30,1,4
20260912_215351_529_traffic_scan_env2025_seed0-499_48352cd1,383,31,31,0,1
20260912_215351_529_traffic_scan_env2025_seed0-499_48352cd1,383,31,32,0,1
20260912_215351_529_traffic_scan_env2025_seed0-499_48352cd1,383,31,33,0,1
20260912_215351_529_traffic_scan_env2025_seed0-499_48352cd1,383,31,33,1,5
20260912_215351_529_traffic_scan_env2025_seed0-499_48352cd1,383,31,34,0,2
20260912_215351_529_traffic_scan_env2025_seed0-499_48352cd1,383,31,34,1,1
20260912_215351_529_traffic_scan_env2025_seed0-499_48352cd1,383,31,35,0,4
20260912_215351_529_traffic_scan_env2025_seed0-499_48352cd1,383,31,35,1,1
20260912_215351_529_traffic_scan_env2025_seed0-499_48352cd1,383,31,36,1,1
20260912_215351_529_traffic_scan_env2025_seed0-499_48352cd1,383,31,37,0,1
20260912_215351_529_traffic_scan_env2025_seed0-499_48352cd1,383,31,38,1,1
20260912_215351_529_traffic_scan_env2025_seed0-499_48352cd1,383,31,39,1,4
20260912_215351_529_traffic_scan_env2025_seed0-499_48352cd1,383,31,40,1,2
20260912_215351_529_traffic_scan_env2025_seed0-499_48352cd1,383,31,41,0,1
20260912_215351_529_traffic_scan_env2025_seed0-499_48352cd1,383,31,41,1,1
20260912_215351_529_traffic_scan_env2025_seed0-499_48352cd1,383,31,42,0,1
20260912_215351_529_traffic_scan_env2025_seed0-499_48352cd1,383,31,43,0,4
20260912_215351_529_traffic_scan_env2025_seed0-499_48352cd1,383,31,43,1,1
20260912_215351_529_traffic_scan_env2025_seed0-499_48352cd1,383,31,45,0,2
20260912_215351_529_traffic_scan_env2025_seed0-499_48352cd1,383,31,45,1,2
20260912_215351_529_traffic_scan_env2025_seed0-499_48352cd1,383,31,48,0,2
20260912_215351_529_traffic_scan_env2025_seed0-499_48352cd1,383,31,48,1,1
20260912_215351_529_traffic_scan_env2025_seed0-499_48352cd1,383,31,49,0,2
20260912_215351_529_traffic_scan_env2025_seed0-499_48352cd1,383,31,53,2,1
20260912_215351_529_traffic_scan_env2025_seed0-499_48352cd1,383,31,54,0,1
20260912_215351_529_traffic_scan_env2025_seed0-499_48352cd1,383,31,55,0,1
20260912_215351_529_traffic_scan_env2025_seed0-499_48352cd1,383,31,58,1,1
20260912_215351_529_traffic_scan_env2025_seed0-499_48352cd1,383,32,1,0,1
20260912_215351_529_traffic_scan_env2025_seed0-499_48352cd1,383,32,1,1,2
20260912_215351_529_traffic_scan_env2025_seed0-499_48352cd1,383,32,3,2,2
20260912_215351_529_traffic_scan_env2025_seed0-499_48352cd1,383,32,5,0,1
20260912_215351_529_traffic_scan_env2025_seed0-499_48352cd1,383,32,7,1,1
20260912_215351_529_traffic_scan_env2025_seed0-499_48352cd1,383,32,9,0,2
20260912_215351_529_traffic_scan_env2025_seed0-499_48352cd1,383,32,13,0,3
20260912_215351_529_traffic_scan_env2025_seed0-499_48352cd1,383,32,13,1,1
20260912_215351_529_traffic_scan_env2025_seed0-499_48352cd1,383,32,14,0,2
20260912_215351_529_traffic_scan_env2025_seed0-499_48352cd1,383,32,15,0,1
20260912_215351_529_traffic_scan_env2025_seed0-499_48352cd1,383,32,16,0,1
20260912_215351_529_traffic_scan_env2025_seed0-499_48352cd1,383,32,16,1,2
20260912_215351_529_traffic_scan_env2025_seed0-499_48352cd1,383,32,17,0,4
20260912_215351_529_traffic_scan_env2025_seed0-499_48352cd1,383,32,18,0,3
20260912_215351_529_traffic_scan_env2025_seed0-499_48352cd1,383,32,18,1,1
20260912_215351_529_traffic_scan_env2025_seed0-499_48352cd1,383,32,19,0,1
20260912_215351_529_traffic_scan_env2025_seed0-499_48352cd1,383,32,20,0,1
20260912_215351_529_traffic_scan_env2025_seed0-499_48352cd1,383,32,20,1,1
20260912_215351_529_traffic_scan_env2025_seed0-499_48352cd1,383,32,21,0,2
20260912_215351_529_traffic_scan_env2025_seed0-499_48352cd1,383,32,21,1,1
20260912_215351_529_traffic_scan_env2025_seed0-499_48352cd1,383,32,22,0,3
20260912_215351_529_traffic_scan_env2025_seed0-499_48352cd1,383,32,22,1,1
20260912_215351_529_traffic_scan_env2025_seed0-499_48352cd1,383,32,23,0,2
20260912_215351_529_traffic_scan_env2025_seed0-499_48352cd1,383,32,24,0,1
20260912_215351_529_traffic_scan_env2025_seed0-499_48352cd1,383,32,24,1,1
20260912_215351_529_traffic_scan_env2025_seed0-499_48352cd1,383,32,25,0,2
20260912_215351_529_traffic_scan_env2025_seed0-499_48352cd1,383,32,25,1,3
20260912_215351_529_traffic_scan_env2025_seed0-499_48352cd1,383,32,26,0,5
20260912_215351_529_traffic_scan_env2025_seed0-499_48352cd1,383,32,26,1,1
20260912_215351_529_traffic_scan_env2025_seed0-499_48352cd1,383,32,27,0,5
20260912_215351_529_traffic_scan_env2025_seed0-499_48352cd1,383,32,28,0,3
20260912_215351_529_traffic_scan_env2025_seed0-499_48352cd1,383,32,28,1,1
20260912_215351_529_traffic_scan_env2025_seed0-499_48352cd1,383,32,29,0,5
20260912_215351_529_traffic_scan_env2025_seed0-499_48352cd1,383,32,30,0,1
20260912_215351_529_traffic_scan_env2025_seed0-499_48352cd1,383,32,30,1,1
20260912_215351_529_traffic_scan_env2025_seed0-499_48352cd1,383,32,31,1,4
20260912_215351_529_traffic_scan_env2025_seed0-499_48352cd1,383,32,33,0,4
20260912_215351_529_traffic_scan_env2025_seed0-499_48352cd1,383,32,33,1,1
20260912_215351_529_traffic_scan_env2025_seed0-499_48352cd1,383,32,34,1,5
20260912_215351_529_traffic_scan_env2025_seed0-499_48352cd1,383,32,35,0,1
20260912_215351_529_traffic_scan_env2025_seed0-499_48352cd1,383,32,35,1,2
20260912_215351_529_traffic_scan_env2025_seed0-499_48352cd1,383,32,36,0,4
20260912_215351_529_traffic_scan_env2025_seed0-499_48352cd1,383,32,36,1,2
20260912_215351_529_traffic_scan_env2025_seed0-499_48352cd1,383,32,37,1,2
20260912_215351_529_traffic_scan_env2025_seed0-499_48352cd1,383,32,38,1,1
20260912_215351_529_traffic_scan_env2025_seed0-499_48352cd1,383,32,39,1,1
20260912_215351_529_traffic_scan_env2025_seed0-499_48352cd1,383,32,40,1,5
20260912_215351_529_traffic_scan_env2025_seed0-499_48352cd1,383,32,41,2,3
20260912_215351_529_traffic_scan_env2025_seed0-499_48352cd1,383,32,42,2,2
20260912_215351_529_traffic_scan_env2025_seed0-499_48352cd1,383,32,43,1,1
20260912_215351_529_traffic_scan_env2025_seed0-499_48352cd1,383,32,44,0,3
20260912_215351_529_traffic_scan_env2025_seed0-499_48352cd1,383,32,44,1,2
20260912_215351_529_traffic_scan_env2025_seed0-499_48352cd1,383,32,45,0,2
20260912_215351_529_traffic_scan_env2025_seed0-499_48352cd1,383,32,45,1,1
20260912_215351_529_traffic_scan_env2025_seed0-499_48352cd1,383,32,46,1,4
20260912_215351_529_traffic_scan_env2025_seed0-499_48352cd1,383,32,47,2,1
20260912_215351_529_traffic_scan_env2025_seed0-499_48352cd1,383,32,49,0,2
20260912_215351_529_traffic_scan_env2025_seed0-499_48352cd1,383,32,50,0,1
20260912_215351_529_traffic_scan_env2025_seed0-499_48352cd1,383,32,53,3,1
20260912_215351_529_traffic_scan_env2025_seed0-499_48352cd1,383,32,55,0,2
20260912_215351_529_traffic_scan_env2025_seed0-499_48352cd1,383,32,58,1,1
20260912_215351_529_traffic_scan_env2025_seed0-499_48352cd1,383,33,1,0,1
20260912_215351_529_traffic_scan_env2025_seed0-499_48352cd1,383,33,1,1,2
20260912_215351_529_traffic_scan_env2025_seed0-499_48352cd1,383,33,2,1,4
20260912_215351_529_traffic_scan_env2025_seed0-499_48352cd1,383,33,3,1,1
20260912_215351_529_traffic_scan_env2025_seed0-499_48352cd1,383,33,4,0,1
20260912_215351_529_traffic_scan_env2025_seed0-499_48352cd1,383,33,5,0,1
20260912_215351_529_traffic_scan_env2025_seed0-499_48352cd1,383,33,6,0,2
20260912_215351_529_traffic_scan_env2025_seed0-499_48352cd1,383,33,7,0,2
20260912_215351_529_traffic_scan_env2025_seed0-499_48352cd1,383,33,7,1,1
20260912_215351_529_traffic_scan_env2025_seed0-499_48352cd1,383,33,8,0,2
20260912_215351_529_traffic_scan_env2025_seed0-499_48352cd1,383,33,9,0,1
20260912_215351_529_traffic_scan_env2025_seed0-499_48352cd1,383,33,10,0,2
20260912_215351_529_traffic_scan_env2025_seed0-499_48352cd1,383,33,11,0,1
20260912_215351_529_traffic_scan_env2025_seed0-499_48352cd1,383,33,12,0,1
20260912_215351_529_traffic_scan_env2025_seed0-499_48352cd1,383,33,12,1,1
20260912_215351_529_traffic_scan_env2025_seed0-499_48352cd1,383,33,14,1,3
20260912_215351_529_traffic_scan_env2025_seed0-499_48352cd1,383,33,15,1,2
20260912_215351_529_traffic_scan_env2025_seed0-499_48352cd1,383,33,16,0,1
20260912_215351_529_traffic_scan_env2025_seed0-499_48352cd1,383,33,16,1,1
20260912_215351_529_traffic_scan_env2025_seed0-499_48352cd1,383,33,17,0,2
20260912_215351_529_traffic_scan_env2025_seed0-499_48352cd1,383,33,17,1,2
20260912_215351_529_traffic_scan_env2025_seed0-499_48352cd1,383,33,18,1,3
20260912_215351_529_traffic_scan_env2025_seed0-499_48352cd1,383,33,19,0,1
20260912_215351_529_traffic_scan_env2025_seed0-499_48352cd1,383,33,19,1,2
20260912_215351_529_traffic_scan_env2025_seed0-499_48352cd1,383,33,20,0,1
20260912_215351_529_traffic_scan_env2025_seed0-499_48352cd1,383,33,21,0,2
20260912_215351_529_traffic_scan_env2025_seed0-499_48352cd1,383,33,22,0,1
20260912_215351_529_traffic_scan_env2025_seed0-499_48352cd1,383,33,23,0,1
20260912_215351_529_traffic_scan_env2025_seed0-499_48352cd1,383,33,24,0,2
20260912_215351_529_traffic_scan_env2025_seed0-499_48352cd1,383,33,24,1,3
20260912_215351_529_traffic_scan_env2025_seed0-499_48352cd1,383,33,25,0,1
20260912_215351_529_traffic_scan_env2025_seed0-499_48352cd1,383,33,26,2,2
20260912_215351_529_traffic_scan_env2025_seed0-499_48352cd1,383,33,28,0,7
20260912_215351_529_traffic_scan_env2025_seed0-499_48352cd1,383,33,28,1,1
20260912_215351_529_traffic_scan_env2025_seed0-499_48352cd1,383,33,29,0,2
20260912_215351_529_traffic_scan_env2025_seed0-499_48352cd1,383,33,30,0,1
20260912_215351_529_traffic_scan_env2025_seed0-499_48352cd1,383,33,31,1,1
20260912_215351_529_traffic_scan_env2025_seed0-499_48352cd1,383,33,32,0,2
20260912_215351_529_traffic_scan_env2025_seed0-499_48352cd1,383,33,32,1,5
20260912_215351_529_traffic_scan_env2025_seed0-499_48352cd1,383,33,33,1,1
20260912_215351_529_traffic_scan_env2025_seed0-499_48352cd1,383,33,34,0,1
20260912_215351_529_traffic_scan_env2025_seed0-499_48352cd1,383,33,35,0,2
20260912_215351_529_traffic_scan_env2025_seed0-499_48352cd1,383,33,35,1,5
20260912_215351_529_traffic_scan_env2025_seed0-499_48352cd1,383,33,36,1,2
20260912_215351_529_traffic_scan_env2025_seed0-499_48352cd1,383,33,37,0,3
20260912_215351_529_traffic_scan_env2025_seed0-499_48352cd1,383,33,40,1,1
20260912_215351_529_traffic_scan_env2025_seed0-499_48352cd1,383,33,41,2,3
20260912_215351_529_traffic_scan_env2025_seed0-499_48352cd1,383,33,42,2,2
20260912_215351_529_traffic_scan_env2025_seed0-499_48352cd1,383,33,43,1,1
20260912_215351_529_traffic_scan_env2025_seed0-499_48352cd1,383,33,44,0,2
20260912_215351_529_traffic_scan_env2025_seed0-499_48352cd1,383,33,45,1,1
20260912_215351_529_traffic_scan_env2025_seed0-499_48352cd1,383,33,46,0,2
20260912_215351_529_traffic_scan_env2025_seed0-499_48352cd1,383,33,46,1,1
20260912_215351_529_traffic_scan_env2025_seed0-499_48352cd1,383,33,47,2,2
20260912_215351_529_traffic_scan_env2025_seed0-499_48352cd1,383,33,48,2,1
20260912_215351_529_traffic_scan_env2025_seed0-499_48352cd1,383,33,49,0,2
20260912_215351_529_traffic_scan_env2025_seed0-499_48352cd1,383,33,49,1,1
20260912_215351_529_traffic_scan_env2025_seed0-499_48352cd1,383,33,50,0,2
20260912_215351_529_traffic_scan_env2025_seed0-499_48352cd1,383,33,51,1,2
20260912_215351_529_traffic_scan_env2025_seed0-499_48352cd1,383,33,51,2,1
20260912_215351_529_traffic_scan_env2025_seed0-499_48352cd1,383,33,52,3,1
20260912_215351_529_traffic_scan_env2025_seed0-499_48352cd1,383,33,53,3,2
20260912_215351_529_traffic_scan_env2025_seed0-499_48352cd1,383,33,54,3,1
20260912_215351_529_traffic_scan_env2025_seed0-499_48352cd1,383,33,55,0,4
20260912_215351_529_traffic_scan_env2025_seed0-499_48352cd1,383,33,55,1,1
20260912_215351_529_traffic_scan_env2025_seed0-499_48352cd1,383,33,55,2,1
20260912_215351_529_traffic_scan_env2025_seed0-499_48352cd1,383,33,58,1,1
20260912_215351_529_traffic_scan_env2025_seed0-499_48352cd1,383,34,1,0,1
20260912_215351_529_traffic_scan_env2025_seed0-499_48352cd1,383,34,1,1,2
20260912_215351_529_traffic_scan_env2025_seed0-499_48352cd1,383,34,2,1,1
20260912_215351_529_traffic_scan_env2025_seed0-499_48352cd1,383,34,3,1,1
20260912_215351_529_traffic_scan_env2025_seed0-499_48352cd1,383,34,6,0,1
20260912_215351_529_traffic_scan_env2025_seed0-499_48352cd1,383,34,7,0,2
20260912_215351_529_traffic_scan_env2025_seed0-499_48352cd1,383,34,7,1,1
20260912_215351_529_traffic_scan_env2025_seed0-499_48352cd1,383,34,8,0,1
20260912_215351_529_traffic_scan_env2025_seed0-499_48352cd1,383,34,9,0,1
20260912_215351_529_traffic_scan_env2025_seed0-499_48352cd1,383,34,10,0,1
20260912_215351_529_traffic_scan_env2025_seed0-499_48352cd1,383,34,11,0,2
20260912_215351_529_traffic_scan_env2025_seed0-499_48352cd1,383,34,11,1,1
20260912_215351_529_traffic_scan_env2025_seed0-499_48352cd1,383,34,12,0,1
20260912_215351_529_traffic_scan_env2025_seed0-499_48352cd1,383,34,13,0,1
20260912_215351_529_traffic_scan_env2025_seed0-499_48352cd1,383,34,14,0,1
20260912_215351_529_traffic_scan_env2025_seed0-499_48352cd1,383,34,14,1,2
20260912_215351_529_traffic_scan_env2025_seed0-499_48352cd1,383,34,15,0,1
20260912_215351_529_traffic_scan_env2025_seed0-499_48352cd1,383,34,15,1,2
20260912_215351_529_traffic_scan_env2025_seed0-499_48352cd1,383,34,16,0,2
20260912_215351_529_traffic_scan_env2025_seed0-499_48352cd1,383,34,18,1,2
20260912_215351_529_traffic_scan_env2025_seed0-499_48352cd1,383,34,19,1,2
20260912_215351_529_traffic_scan_env2025_seed0-499_48352cd1,383,34,20,0,1
20260912_215351_529_traffic_scan_env2025_seed0-499_48352cd1,383,34,20,1,1
20260912_215351_529_traffic_scan_env2025_seed0-499_48352cd1,383,34,23,1,3
20260912_215351_529_traffic_scan_env2025_seed0-499_48352cd1,383,34,25,0,1
20260912_215351_529_traffic_scan_env2025_seed0-499_48352cd1,383,34,26,2,1
20260912_215351_529_traffic_scan_env2025_seed0-499_48352cd1,383,34,27,2,1
20260912_215351_529_traffic_scan_env2025_seed0-499_48352cd1,383,34,28,0,4
20260912_215351_529_traffic_scan_env2025_seed0-499_48352cd1,383,34,28,1,1
20260912_215351_529_traffic_scan_env2025_seed0-499_48352cd1,383,34,29,0,3
20260912_215351_529_traffic_scan_env2025_seed0-499_48352cd1,383,34,30,0,1
20260912_215351_529_traffic_scan_env2025_seed0-499_48352cd1,383,34,31,0,3
20260912_215351_529_traffic_scan_env2025_seed0-499_48352cd1,383,34,31,1,2
20260912_215351_529_traffic_scan_env2025_seed0-499_48352cd1,383,34,33,1,5
20260912_215351_529_traffic_scan_env2025_seed0-499_48352cd1,383,34,34,0,1
20260912_215351_529_traffic_scan_env2025_seed0-499_48352cd1,383,34,35,0,2
20260912_215351_529_traffic_scan_env2025_seed0-499_48352cd1,383,34,35,1,2
20260912_215351_529_traffic_scan_env2025_seed0-499_48352cd1,383,34,36,1,5
20260912_215351_529_traffic_scan_env2025_seed0-499_48352cd1,383,34,38,0,3
20260912_215351_529_traffic_scan_env2025_seed0-499_48352cd1,383,34,41,1,3
20260912_215351_529_traffic_scan_env2025_seed0-499_48352cd1,383,34,42,1,1
20260912_215351_529_traffic_scan_env2025_seed0-499_48352cd1,383,34,43,1,2
20260912_215351_529_traffic_scan_env2025_seed0-499_48352cd1,383,34,44,0,2
20260912_215351_529_traffic_scan_env2025_seed0-499_48352cd1,383,34,44,1,1
20260912_215351_529_traffic_scan_env2025_seed0-499_48352cd1,383,34,46,1,2
20260912_215351_529_traffic_scan_env2025_seed0-499_48352cd1,383,34,47,0,2
20260912_215351_529_traffic_scan_env2025_seed0-499_48352cd1,383,34,48,0,2
20260912_215351_529_traffic_scan_env2025_seed0-499_48352cd1,383,34,48,1,1
20260912_215351_529_traffic_scan_env2025_seed0-499_48352cd1,383,34,50,0,2
20260912_215351_529_traffic_scan_env2025_seed0-499_48352cd1,383,34,51,2,1
20260912_215351_529_traffic_scan_env2025_seed0-499_48352cd1,383,34,53,3,1
20260912_215351_529_traffic_scan_env2025_seed0-499_48352cd1,383,34,54,0,2
20260912_215351_529_traffic_scan_env2025_seed0-499_48352cd1,383,34,56,0,2
20260912_215351_529_traffic_scan_env2025_seed0-499_48352cd1,383,34,58,1,1
20260912_215351_529_traffic_scan_env2025_seed0-499_48352cd1,383,35,1,1,2
20260912_215351_529_traffic_scan_env2025_seed0-499_48352cd1,383,35,2,1,1
20260912_215351_529_traffic_scan_env2025_seed0-499_48352cd1,383,35,4,1,1
20260912_215351_529_traffic_scan_env2025_seed0-499_48352cd1,383,35,5,0,1
20260912_215351_529_traffic_scan_env2025_seed0-499_48352cd1,383,35,6,1,1
20260912_215351_529_traffic_scan_env2025_seed0-499_48352cd1,383,35,7,1,2
20260912_215351_529_traffic_scan_env2025_seed0-499_48352cd1,383,35,8,0,1
20260912_215351_529_traffic_scan_env2025_seed0-499_48352cd1,383,35,10,1,1
20260912_215351_529_traffic_scan_env2025_seed0-499_48352cd1,383,35,12,0,1
20260912_215351_529_traffic_scan_env2025_seed0-499_48352cd1,383,35,13,1,1
20260912_215351_529_traffic_scan_env2025_seed0-499_48352cd1,383,35,14,0,1
20260912_215351_529_traffic_scan_env2025_seed0-499_48352cd1,383,35,14,1,1
20260912_215351_529_traffic_scan_env2025_seed0-499_48352cd1,383,35,15,0,2
20260912_215351_529_traffic_scan_env2025_seed0-499_48352cd1,383,35,16,1,2
20260912_215351_529_traffic_scan_env2025_seed0-499_48352cd1,383,35,17,1,1
20260912_215351_529_traffic_scan_env2025_seed0-499_48352cd1,383,35,19,0,1
20260912_215351_529_traffic_scan_env2025_seed0-499_48352cd1,383,35,19,1,1
20260912_215351_529_traffic_scan_env2025_seed0-499_48352cd1,383,35,20,1,2
20260912_215351_529_traffic_scan_env2025_seed0-499_48352cd1,383,35,21,1,1
20260912_215351_529_traffic_scan_env2025_seed0-499_48352cd1,383,35,22,1,3
20260912_215351_529_traffic_scan_env2025_seed0-499_48352cd1,383,35,26,0,1
20260912_215351_529_traffic_scan_env2025_seed0-499_48352cd1,383,35,26,1,1
20260912_215351_529_traffic_scan_env2025_seed0-499_48352cd1,383,35,27,0,4
20260912_215351_529_traffic_scan_env2025_seed0-499_48352cd1,383,35,28,1,2
20260912_215351_529_traffic_scan_env2025_seed0-499_48352cd1,383,35,30,0,3
20260912_215351_529_traffic_scan_env2025_seed0-499_48352cd1,383,35,30,1,1
20260912_215351_529_traffic_scan_env2025_seed0-499_48352cd1,383,35,31,0,3
20260912_215351_529_traffic_scan_env2025_seed0-499_48352cd1,383,35,32,0,1
20260912_215351_529_traffic_scan_env2025_seed0-499_48352cd1,383,35,32,1,1
20260912_215351_529_traffic_scan_env2025_seed0-499_48352cd1,383,35,33,0,1
20260912_215351_529_traffic_scan_env2025_seed0-499_48352cd1,383,35,33,1,1
20260912_215351_529_traffic_scan_env2025_seed0-499_48352cd1,383,35,34,1,5
20260912_215351_529_traffic_scan_env2025_seed0-499_48352cd1,383,35,35,0,1
20260912_215351_529_traffic_scan_env2025_seed0-499_48352cd1,383,35,35,1,1
20260912_215351_529_traffic_scan_env2025_seed0-499_48352cd1,383,35,36,0,1
20260912_215351_529_traffic_scan_env2025_seed0-499_48352cd1,383,35,36,1,1
20260912_215351_529_traffic_scan_env2025_seed0-499_48352cd1,383,35,37,1,4
20260912_215351_529_traffic_scan_env2025_seed0-499_48352cd1,383,35,39,0,3
20260912_215351_529_traffic_scan_env2025_seed0-499_48352cd1,383,35,41,1,3
20260912_215351_529_traffic_scan_env2025_seed0-499_48352cd1,383,35,43,0,1
20260912_215351_529_traffic_scan_env2025_seed0-499_48352cd1,383,35,44,0,2
20260912_215351_529_traffic_scan_env2025_seed0-499_48352cd1,383,35,44,1,2
20260912_215351_529_traffic_scan_env2025_seed0-499_48352cd1,383,35,45,1,2
20260912_215351_529_traffic_scan_env2025_seed0-499_48352cd1,383,35,47,1,1
20260912_215351_529_traffic_scan_env2025_seed0-499_48352cd1,383,35,49,0,1
20260912_215351_529_traffic_scan_env2025_seed0-499_48352cd1,383,35,49,1,1
20260912_215351_529_traffic_scan_env2025_seed0-499_48352cd1,383,35,51,0,1
20260912_215351_529_traffic_scan_env2025_seed0-499_48352cd1,383,35,52,0,1
20260912_215351_529_traffic_scan_env2025_seed0-499_48352cd1,383,35,52,1,1
20260912_215351_529_traffic_scan_env2025_seed0-499_48352cd1,383,35,53,0,1
20260912_215351_529_traffic_scan_env2025_seed0-499_48352cd1,383,35,53,2,1
20260912_215351_529_traffic_scan_env2025_seed0-499_48352cd1,383,35,54,0,1
20260912_215351_529_traffic_scan_env2025_seed0-499_48352cd1,383,35,56,0,1
20260912_215351_529_traffic_scan_env2025_seed0-499_48352cd1,383,35,57,0,1
20260912_215351_529_traffic_scan_env2025_seed0-499_48352cd1,383,35,58,1,1
20260912_215351_529_traffic_scan_env2025_seed0-499_48352cd1,383,36,0,0,1
20260912_215351_529_traffic_scan_env2025_seed0-499_48352cd1,383,36,1,1,1
20260912_215351_529_traffic_scan_env2025_seed0-499_48352cd1,383,36,2,1,1
20260912_215351_529_traffic_scan_env2025_seed0-499_48352cd1,383,36,4,0,1
20260912_215351_529_traffic_scan_env2025_seed0-499_48352cd1,383,36,5,1,1
20260912_215351_529_traffic_scan_env2025_seed0-499_48352cd1,383,36,8,1,2
20260912_215351_529_traffic_scan_env2025_seed0-499_48352cd1,383,36,9,0,1
20260912_215351_529_traffic_scan_env2025_seed0-499_48352cd1,383,36,9,1,1
20260912_215351_529_traffic_scan_env2025_seed0-499_48352cd1,383,36,10,0,1
20260912_215351_529_traffic_scan_env2025_seed0-499_48352cd1,383,36,11,0,1
20260912_215351_529_traffic_scan_env2025_seed0-499_48352cd1,383,36,12,1,1
20260912_215351_529_traffic_scan_env2025_seed0-499_48352cd1,383,36,13,0,2
20260912_215351_529_traffic_scan_env2025_seed0-499_48352cd1,383,36,14,0,2
20260912_215351_529_traffic_scan_env2025_seed0-499_48352cd1,383,36,14,1,1
20260912_215351_529_traffic_scan_env2025_seed0-499_48352cd1,383,36,16,1,1
20260912_215351_529_traffic_scan_env2025_seed0-499_48352cd1,383,36,17,1,2
20260912_215351_529_traffic_scan_env2025_seed0-499_48352cd1,383,36,19,0,1
20260912_215351_529_traffic_scan_env2025_seed0-499_48352cd1,383,36,20,1,1
20260912_215351_529_traffic_scan_env2025_seed0-499_48352cd1,383,36,21,1,5
20260912_215351_529_traffic_scan_env2025_seed0-499_48352cd1,383,36,22,1,3
20260912_215351_529_traffic_scan_env2025_seed0-499_48352cd1,383,36,26,0,3
20260912_215351_529_traffic_scan_env2025_seed0-499_48352cd1,383,36,26,1,1
20260912_215351_529_traffic_scan_env2025_seed0-499_48352cd1,383,36,27,0,2
20260912_215351_529_traffic_scan_env2025_seed0-499_48352cd1,383,36,28,2,1
20260912_215351_529_traffic_scan_env2025_seed0-499_48352cd1,383,36,29,1,2
20260912_215351_529_traffic_scan_env2025_seed0-499_48352cd1,383,36,30,0,2
20260912_215351_529_traffic_scan_env2025_seed0-499_48352cd1,383,36,31,0,3
20260912_215351_529_traffic_scan_env2025_seed0-499_48352cd1,383,36,32,0,2
20260912_215351_529_traffic_scan_env2025_seed0-499_48352cd1,383,36,33,0,2
20260912_215351_529_traffic_scan_env2025_seed0-499_48352cd1,383,36,33,1,2
20260912_215351_529_traffic_scan_env2025_seed0-499_48352cd1,383,36,35,0,5
20260912_215351_529_traffic_scan_env2025_seed0-499_48352cd1,383,36,35,1,1
20260912_215351_529_traffic_scan_env2025_seed0-499_48352cd1,383,36,36,1,1
20260912_215351_529_traffic_scan_env2025_seed0-499_48352cd1,383,36,37,0,1
20260912_215351_529_traffic_scan_env2025_seed0-499_48352cd1,383,36,38,1,4
20260912_215351_529_traffic_scan_env2025_seed0-499_48352cd1,383,36,40,0,3
20260912_215351_529_traffic_scan_env2025_seed0-499_48352cd1,383,36,41,1,3
20260912_215351_529_traffic_scan_env2025_seed0-499_48352cd1,383,36,44,0,3
20260912_215351_529_traffic_scan_env2025_seed0-499_48352cd1,383,36,45,1,3
20260912_215351_529_traffic_scan_env2025_seed0-499_48352cd1,383,36,46,1,1
20260912_215351_529_traffic_scan_env2025_seed0-499_48352cd1,383,36,48,1,1
20260912_215351_529_traffic_scan_env2025_seed0-499_48352cd1,383,36,50,0,1
20260912_215351_529_traffic_scan_env2025_seed0-499_48352cd1,383,36,50,1,1
20260912_215351_529_traffic_scan_env2025_seed0-499_48352cd1,383,36,53,0,1
20260912_215351_529_traffic_scan_env2025_seed0-499_48352cd1,383,36,53,1,1
20260912_215351_529_traffic_scan_env2025_seed0-499_48352cd1,383,36,54,0,1
20260912_215351_529_traffic_scan_env2025_seed0-499_48352cd1,383,36,55,0,1
20260912_215351_529_traffic_scan_env2025_seed0-499_48352cd1,383,36,58,1,1
20260912_215351_529_traffic_scan_env2025_seed0-499_48352cd1,383,37,0,0,1
20260912_215351_529_traffic_scan_env2025_seed0-499_48352cd1,383,37,1,1,1
20260912_215351_529_traffic_scan_env2025_seed0-499_48352cd1,383,37,2,1,1
20260912_215351_529_traffic_scan_env2025_seed0-499_48352cd1,383,37,8,1,2
20260912_215351_529_traffic_scan_env2025_seed0-499_48352cd1,383,37,9,1,1
20260912_215351_529_traffic_scan_env2025_seed0-499_48352cd1,383,37,12,0,2
20260912_215351_529_traffic_scan_env2025_seed0-499_48352cd1,383,37,12,1,1
20260912_215351_529_traffic_scan_env2025_seed0-499_48352cd1,383,37,13,0,2
20260912_215351_529_traffic_scan_env2025_seed0-499_48352cd1,383,37,14,0,1
20260912_215351_529_traffic_scan_env2025_seed0-499_48352cd1,383,37,14,1,1
20260912_215351_529_traffic_scan_env2025_seed0-499_48352cd1,383,37,15,1,1
20260912_215351_529_traffic_scan_env2025_seed0-499_48352cd1,383,37,18,0,1
20260912_215351_529_traffic_scan_env2025_seed0-499_48352cd1,383,37,18,1,2
20260912_215351_529_traffic_scan_env2025_seed0-499_48352cd1,383,37,20,2,3
20260912_215351_529_traffic_scan_env2025_seed0-499_48352cd1,383,37,21,1,1
20260912_215351_529_traffic_scan_env2025_seed0-499_48352cd1,383,37,23,1,3
20260912_215351_529_traffic_scan_env2025_seed0-499_48352cd1,383,37,25,0,3
20260912_215351_529_traffic_scan_env2025_seed0-499_48352cd1,383,37,26,1,1
20260912_215351_529_traffic_scan_env2025_seed0-499_48352cd1,383,37,27,0,1
20260912_215351_529_traffic_scan_env2025_seed0-499_48352cd1,383,37,28,0,1
20260912_215351_529_traffic_scan_env2025_seed0-499_48352cd1,383,37,28,1,2
20260912_215351_529_traffic_scan_env2025_seed0-499_48352cd1,383,37,29,0,2
20260912_215351_529_traffic_scan_env2025_seed0-499_48352cd1,383,37,30,1,1
20260912_215351_529_traffic_scan_env2025_seed0-499_48352cd1,383,37,31,0,1
20260912_215351_529_traffic_scan_env2025_seed0-499_48352cd1,383,37,31,1,2
20260912_215351_529_traffic_scan_env2025_seed0-499_48352cd1,383,37,32,0,3
20260912_215351_529_traffic_scan_env2025_seed0-499_48352cd1,383,37,32,1,2
20260912_215351_529_traffic_scan_env2025_seed0-499_48352cd1,383,37,33,0,1
20260912_215351_529_traffic_scan_env2025_seed0-499_48352cd1,383,37,33,1,1
20260912_215351_529_traffic_scan_env2025_seed0-499_48352cd1,383,37,34,0,2
20260912_215351_529_traffic_scan_env2025_seed0-499_48352cd1,383,37,35,0,1
20260912_215351_529_traffic_scan_env2025_seed0-499_48352cd1,383,37,35,1,1
20260912_215351_529_traffic_scan_env2025_seed0-499_48352cd1,383,37,36,0,4
20260912_215351_529_traffic_scan_env2025_seed0-499_48352cd1,383,37,36,1,1
20260912_215351_529_traffic_scan_env2025_seed0-499_48352cd1,383,37,38,0,1
20260912_215351_529_traffic_scan_env2025_seed0-499_48352cd1,383,37,39,1,4
20260912_215351_529_traffic_scan_env2025_seed0-499_48352cd1,383,37,41,0,3
20260912_215351_529_traffic_scan_env2025_seed0-499_48352cd1,383,37,41,1,3
20260912_215351_529_traffic_scan_env2025_seed0-499_48352cd1,383,37,44,0,2
20260912_215351_529_traffic_scan_env2025_seed0-499_48352cd1,383,37,44,1,1
20260912_215351_529_traffic_scan_env2025_seed0-499_48352cd1,383,37,45,0,1
20260912_215351_529_traffic_scan_env2025_seed0-499_48352cd1,383,37,46,2,2
20260912_215351_529_traffic_scan_env2025_seed0-499_48352cd1,383,37,47,1,1
20260912_215351_529_traffic_scan_env2025_seed0-499_48352cd1,383,37,49,1,1
20260912_215351_529_traffic_scan_env2025_seed0-499_48352cd1,383,37,51,0,1
20260912_215351_529_traffic_scan_env2025_seed0-499_48352cd1,383,37,51,1,1
20260912_215351_529_traffic_scan_env2025_seed0-499_48352cd1,383,37,53,2,1
20260912_215351_529_traffic_scan_env2025_seed0-499_48352cd1,383,37,54,0,2
20260912_215351_529_traffic_scan_env2025_seed0-499_48352cd1,383,37,55,0,1
20260912_215351_529_traffic_scan_env2025_seed0-499_48352cd1,383,37,58,1,1
20260912_215351_529_traffic_scan_env2025_seed0-499_48352cd1,383,38,0,0,1
20260912_215351_529_traffic_scan_env2025_seed0-499_48352cd1,383,38,1,1,1
20260912_215351_529_traffic_scan_env2025_seed0-499_48352cd1,383,38,2,1,1
20260912_215351_529_traffic_scan_env2025_seed0-499_48352cd1,383,38,5,0,1
20260912_215351_529_traffic_scan_env2025_seed0-499_48352cd1,383,38,6,1,1
20260912_215351_529_traffic_scan_env2025_seed0-499_48352cd1,383,38,7,1,2
20260912_215351_529_traffic_scan_env2025_seed0-499_48352cd1,383,38,9,0,2
20260912_215351_529_traffic_scan_env2025_seed0-499_48352cd1,383,38,10,0,1
20260912_215351_529_traffic_scan_env2025_seed0-499_48352cd1,383,38,10,1,1
20260912_215351_529_traffic_scan_env2025_seed0-499_48352cd1,383,38,11,0,1
20260912_215351_529_traffic_scan_env2025_seed0-499_48352cd1,383,38,12,0,2
20260912_215351_529_traffic_scan_env2025_seed0-499_48352cd1,383,38,12,1,1
20260912_215351_529_traffic_scan_env2025_seed0-499_48352cd1,383,38,13,0,1
20260912_215351_529_traffic_scan_env2025_seed0-499_48352cd1,383,38,14,1,2
20260912_215351_529_traffic_scan_env2025_seed0-499_48352cd1,383,38,15,0,1
20260912_215351_529_traffic_scan_env2025_seed0-499_48352cd1,383,38,17,0,1
20260912_215351_529_traffic_scan_env2025_seed0-499_48352cd1,383,38,19,2,5
20260912_215351_529_traffic_scan_env2025_seed0-499_48352cd1,383,38,22,1,1
20260912_215351_529_traffic_scan_env2025_seed0-499_48352cd1,383,38,24,0,2
20260912_215351_529_traffic_scan_env2025_seed0-499_48352cd1,383,38,24,1,3
20260912_215351_529_traffic_scan_env2025_seed0-499_48352cd1,383,38,25,0,1
20260912_215351_529_traffic_scan_env2025_seed0-499_48352cd1,383,38,26,2,1
20260912_215351_529_traffic_scan_env2025_seed0-499_48352cd1,383,38,27,0,1
20260912_215351_529_traffic_scan_env2025_seed0-499_48352cd1,383,38,27,1,1
20260912_215351_529_traffic_scan_env2025_seed0-499_48352cd1,383,38,28,0,2
20260912_215351_529_traffic_scan_env2025_seed0-499_48352cd1,383,38,28,1,1
20260912_215351_529_traffic_scan_env2025_seed0-499_48352cd1,383,38,29,0,1
20260912_215351_529_traffic_scan_env2025_seed0-499_48352cd1,383,38,30,0,1
20260912_215351_529_traffic_scan_env2025_seed0-499_48352cd1,383,38,30,1,1
20260912_215351_529_traffic_scan_env2025_seed0-499_48352cd1,383,38,33,0,3
20260912_215351_529_traffic_scan_env2025_seed0-499_48352cd1,383,38,33,1,2
20260912_215351_529_traffic_scan_env2025_seed0-499_48352cd1,383,38,34,0,1
20260912_215351_529_traffic_scan_env2025_seed0-499_48352cd1,383,38,35,0,3
20260912_215351_529_traffic_scan_env2025_seed0-499_48352cd1,383,38,35,1,2
20260912_215351_529_traffic_scan_env2025_seed0-499_48352cd1,383,38,37,0,4
20260912_215351_529_traffic_scan_env2025_seed0-499_48352cd1,383,38,38,0,1
20260912_215351_529_traffic_scan_env2025_seed0-499_48352cd1,383,38,39,0,1
20260912_215351_529_traffic_scan_env2025_seed0-499_48352cd1,383,38,40,1,4
20260912_215351_529_traffic_scan_env2025_seed0-499_48352cd1,383,38,41,1,3
20260912_215351_529_traffic_scan_env2025_seed0-499_48352cd1,383,38,42,0,3
20260912_215351_529_traffic_scan_env2025_seed0-499_48352cd1,383,38,43,2,1
20260912_215351_529_traffic_scan_env2025_seed0-499_48352cd1,383,38,44,0,2
20260912_215351_529_traffic_scan_env2025_seed0-499_48352cd1,383,38,45,0,1
20260912_215351_529_traffic_scan_env2025_seed0-499_48352cd1,383,38,47,1,2
20260912_215351_529_traffic_scan_env2025_seed0-499_48352cd1,383,38,48,1,1
20260912_215351_529_traffic_scan_env2025_seed0-499_48352cd1,383,38,50,1,1
20260912_215351_529_traffic_scan_env2025_seed0-499_48352cd1,383,38,52,0,1
20260912_215351_529_traffic_scan_env2025_seed0-499_48352cd1,383,38,52,1,1
20260912_215351_529_traffic_scan_env2025_seed0-499_48352cd1,383,38,53,2,1
20260912_215351_529_traffic_scan_env2025_seed0-499_48352cd1,383,38,54,0,1
20260912_215351_529_traffic_scan_env2025_seed0-499_48352cd1,383,38,55,0,2
20260912_215351_529_traffic_scan_env2025_seed0-499_48352cd1,383,38,58,1,1
20260912_215351_529_traffic_scan_env2025_seed0-499_48352cd1,383,39,0,0,1
20260912_215351_529_traffic_scan_env2025_seed0-499_48352cd1,383,39,1,1,1
20260912_215351_529_traffic_scan_env2025_seed0-499_48352cd1,383,39,2,1,1
20260912_215351_529_traffic_scan_env2025_seed0-499_48352cd1,383,39,3,0,1
20260912_215351_529_traffic_scan_env2025_seed0-499_48352cd1,383,39,4,0,2
20260912_215351_529_traffic_scan_env2025_seed0-499_48352cd1,383,39,5,0,1
20260912_215351_529_traffic_scan_env2025_seed0-499_48352cd1,383,39,6,0,1
20260912_215351_529_traffic_scan_env2025_seed0-499_48352cd1,383,39,7,0,1
20260912_215351_529_traffic_scan_env2025_seed0-499_48352cd1,383,39,7,1,1
20260912_215351_529_traffic_scan_env2025_seed0-499_48352cd1,383,39,8,0,2
20260912_215351_529_traffic_scan_env2025_seed0-499_48352cd1,383,39,10,0,1
20260912_215351_529_traffic_scan_env2025_seed0-499_48352cd1,383,39,11,0,2
20260912_215351_529_traffic_scan_env2025_seed0-499_48352cd1,383,39,11,1,2
20260912_215351_529_traffic_scan_env2025_seed0-499_48352cd1,383,39,12,1,2
20260912_215351_529_traffic_scan_env2025_seed0-499_48352cd1,383,39,13,1,2
20260912_215351_529_traffic_scan_env2025_seed0-499_48352cd1,383,39,14,1,3
20260912_215351_529_traffic_scan_env2025_seed0-499_48352cd1,383,39,16,0,2
20260912_215351_529_traffic_scan_env2025_seed0-499_48352cd1,383,39,18,1,3
20260912_215351_529_traffic_scan_env2025_seed0-499_48352cd1,383,39,20,1,2
20260912_215351_529_traffic_scan_env2025_seed0-499_48352cd1,383,39,23,0,2
20260912_215351_529_traffic_scan_env2025_seed0-499_48352cd1,383,39,23,1,1
20260912_215351_529_traffic_scan_env2025_seed0-499_48352cd1,383,39,25,0,1
20260912_215351_529_traffic_scan_env2025_seed0-499_48352cd1,383,39,25,1,4
20260912_215351_529_traffic_scan_env2025_seed0-499_48352cd1,383,39,26,0,1
20260912_215351_529_traffic_scan_env2025_seed0-499_48352cd1,383,39,26,1,3
20260912_215351_529_traffic_scan_env2025_seed0-499_48352cd1,383,39,27,0,2
20260912_215351_529_traffic_scan_env2025_seed0-499_48352cd1,383,39,27,1,1
20260912_215351_529_traffic_scan_env2025_seed0-499_48352cd1,383,39,28,1,2
20260912_215351_529_traffic_scan_env2025_seed0-499_48352cd1,383,39,29,1,1
20260912_215351_529_traffic_scan_env2025_seed0-499_48352cd1,383,39,30,0,2
20260912_215351_529_traffic_scan_env2025_seed0-499_48352cd1,383,39,33,1,2
20260912_215351_529_traffic_scan_env2025_seed0-499_48352cd1,383,39,34,0,3
20260912_215351_529_traffic_scan_env2025_seed0-499_48352cd1,383,39,34,1,2
20260912_215351_529_traffic_scan_env2025_seed0-499_48352cd1,383,39,35,0,2
20260912_215351_529_traffic_scan_env2025_seed0-499_48352cd1,383,39,35,1,3
20260912_215351_529_traffic_scan_env2025_seed0-499_48352cd1,383,39,36,0,2
20260912_215351_529_traffic_scan_env2025_seed0-499_48352cd1,383,39,36,1,1
20260912_215351_529_traffic_scan_env2025_seed0-499_48352cd1,383,39,37,1,1
20260912_215351_529_traffic_scan_env2025_seed0-499_48352cd1,383,39,38,0,3
20260912_215351_529_traffic_scan_env2025_seed0-499_48352cd1,383,39,38,1,1
20260912_215351_529_traffic_scan_env2025_seed0-499_48352cd1,383,39,39,0,1
20260912_215351_529_traffic_scan_env2025_seed0-499_48352cd1,383,39,39,1,1
20260912_215351_529_traffic_scan_env2025_seed0-499_48352cd1,383,39,40,0,1
20260912_215351_529_traffic_scan_env2025_seed0-499_48352cd1,383,39,40,1,1
20260912_215351_529_traffic_scan_env2025_seed0-499_48352cd1,383,39,41,0,1
20260912_215351_529_traffic_scan_env2025_seed0-499_48352cd1,383,39,41,1,7
20260912_215351_529_traffic_scan_env2025_seed0-499_48352cd1,383,39,42,1,2
20260912_215351_529_traffic_scan_env2025_seed0-499_48352cd1,383,39,43,0,3
20260912_215351_529_traffic_scan_env2025_seed0-499_48352cd1,383,39,43,1,1
20260912_215351_529_traffic_scan_env2025_seed0-499_48352cd1,383,39,44,0,2
20260912_215351_529_traffic_scan_env2025_seed0-499_48352cd1,383,39,44,1,1
20260912_215351_529_traffic_scan_env2025_seed0-499_48352cd1,383,39,45,0,1
20260912_215351_529_traffic_scan_env2025_seed0-499_48352cd1,383,39,45,1,1
20260912_215351_529_traffic_scan_env2025_seed0-499_48352cd1,383,39,47,1,1
20260912_215351_529_traffic_scan_env2025_seed0-499_48352cd1,383,39,48,1,3
20260912_215351_529_traffic_scan_env2025_seed0-499_48352cd1,383,39,49,0,1
20260912_215351_529_traffic_scan_env2025_seed0-499_48352cd1,383,39,51,1,1
20260912_215351_529_traffic_scan_env2025_seed0-499_48352cd1,383,39,53,0,2
20260912_215351_529_traffic_scan_env2025_seed0-499_48352cd1,383,39,53,1,2
20260912_215351_529_traffic_scan_env2025_seed0-499_48352cd1,383,39,55,0,1
20260912_215351_529_traffic_scan_env2025_seed0-499_48352cd1,383,39,56,0,1
20260912_215351_529_traffic_scan_env2025_seed0-499_48352cd1,383,39,58,1,1
20260912_215351_529_traffic_scan_env2025_seed0-499_48352cd1,383,40,0,0,1
20260912_215351_529_traffic_scan_env2025_seed0-499_48352cd1,383,40,2,1,2
20260912_215351_529_traffic_scan_env2025_seed0-499_48352cd1,383,40,7,2,1
20260912_215351_529_traffic_scan_env2025_seed0-499_48352cd1,383,40,10,0,2
20260912_215351_529_traffic_scan_env2025_seed0-499_48352cd1,383,40,12,0,2
20260912_215351_529_traffic_scan_env2025_seed0-499_48352cd1,383,40,12,1,2
20260912_215351_529_traffic_scan_env2025_seed0-499_48352cd1,383,40,13,1,1
20260912_215351_529_traffic_scan_env2025_seed0-499_48352cd1,383,40,14,2,2
20260912_215351_529_traffic_scan_env2025_seed0-499_48352cd1,383,40,15,1,4
20260912_215351_529_traffic_scan_env2025_seed0-499_48352cd1,383,40,16,0,1
20260912_215351_529_traffic_scan_env2025_seed0-499_48352cd1,383,40,16,1,1
20260912_215351_529_traffic_scan_env2025_seed0-499_48352cd1,383,40,17,0,2
20260912_215351_529_traffic_scan_env2025_seed0-499_48352cd1,383,40,17,1,4
20260912_215351_529_traffic_scan_env2025_seed0-499_48352cd1,383,40,18,0,1
20260912_215351_529_traffic_scan_env2025_seed0-499_48352cd1,383,40,18,1,1
20260912_215351_529_traffic_scan_env2025_seed0-499_48352cd1,383,40,19,0,1
20260912_215351_529_traffic_scan_env2025_seed0-499_48352cd1,383,40,19,1,1
20260912_215351_529_traffic_scan_env2025_seed0-499_48352cd1,383,40,20,1,2
20260912_215351_529_traffic_scan_env2025_seed0-499_48352cd1,383,40,21,1,4
20260912_215351_529_traffic_scan_env2025_seed0-499_48352cd1,383,40,22,0,1
20260912_215351_529_traffic_scan_env2025_seed0-499_48352cd1,383,40,22,1,2
20260912_215351_529_traffic_scan_env2025_seed0-499_48352cd1,383,40,23,0,1
20260912_215351_529_traffic_scan_env2025_seed0-499_48352cd1,383,40,23,1,2
20260912_215351_529_traffic_scan_env2025_seed0-499_48352cd1,383,40,24,1,3
20260912_215351_529_traffic_scan_env2025_seed0-499_48352cd1,383,40,25,0,2
20260912_215351_529_traffic_scan_env2025_seed0-499_48352cd1,383,40,25,1,2
20260912_215351_529_traffic_scan_env2025_seed0-499_48352cd1,383,40,26,0,3
20260912_215351_529_traffic_scan_env2025_seed0-499_48352cd1,383,40,26,1,5
20260912_215351_529_traffic_scan_env2025_seed0-499_48352cd1,383,40,27,1,1
20260912_215351_529_traffic_scan_env2025_seed0-499_48352cd1,383,40,28,1,2
20260912_215351_529_traffic_scan_env2025_seed0-499_48352cd1,383,40,29,1,1
20260912_215351_529_traffic_scan_env2025_seed0-499_48352cd1,383,40,30,0,1
20260912_215351_529_traffic_scan_env2025_seed0-499_48352cd1,383,40,30,1,1
20260912_215351_529_traffic_scan_env2025_seed0-499_48352cd1,383,40,31,0,1
20260912_215351_529_traffic_scan_env2025_seed0-499_48352cd1,383,40,31,1,1
20260912_215351_529_traffic_scan_env2025_seed0-499_48352cd1,383,40,32,0,1
20260912_215351_529_traffic_scan_env2025_seed0-499_48352cd1,383,40,32,1,2
20260912_215351_529_traffic_scan_env2025_seed0-499_48352cd1,383,40,35,0,4
20260912_215351_529_traffic_scan_env2025_seed0-499_48352cd1,383,40,35,1,3
20260912_215351_529_traffic_scan_env2025_seed0-499_48352cd1,383,40,36,0,2
20260912_215351_529_traffic_scan_env2025_seed0-499_48352cd1,383,40,37,0,1
20260912_215351_529_traffic_scan_env2025_seed0-499_48352cd1,383,40,39,0,3
20260912_215351_529_traffic_scan_env2025_seed0-499_48352cd1,383,40,40,0,1
20260912_215351_529_traffic_scan_env2025_seed0-499_48352cd1,383,40,41,0,1
20260912_215351_529_traffic_scan_env2025_seed0-499_48352cd1,383,40,41,1,4
20260912_215351_529_traffic_scan_env2025_seed0-499_48352cd1,383,40,42,0,1
20260912_215351_529_traffic_scan_env2025_seed0-499_48352cd1,383,40,42,1,3
20260912_215351_529_traffic_scan_env2025_seed0-499_48352cd1,383,40,43,1,1
20260912_215351_529_traffic_scan_env2025_seed0-499_48352cd1,383,40,44,0,5
20260912_215351_529_traffic_scan_env2025_seed0-499_48352cd1,383,40,44,1,1
20260912_215351_529_traffic_scan_env2025_seed0-499_48352cd1,383,40,46,0,1
20260912_215351_529_traffic_scan_env2025_seed0-499_48352cd1,383,40,46,1,1
20260912_215351_529_traffic_scan_env2025_seed0-499_48352cd1,383,40,49,0,3
20260912_215351_529_traffic_scan_env2025_seed0-499_48352cd1,383,40,50,0,1
20260912_215351_529_traffic_scan_env2025_seed0-499_48352cd1,383,40,51,0,1
20260912_215351_529_traffic_scan_env2025_seed0-499_48352cd1,383,40,52,1,1
20260912_215351_529_traffic_scan_env2025_seed0-499_48352cd1,383,40,53,0,1
20260912_215351_529_traffic_scan_env2025_seed0-499_48352cd1,383,40,53,1,2
20260912_215351_529_traffic_scan_env2025_seed0-499_48352cd1,383,40,54,0,1
20260912_215351_529_traffic_scan_env2025_seed0-499_48352cd1,383,40,55,0,1
20260912_215351_529_traffic_scan_env2025_seed0-499_48352cd1,383,40,58,1,1
20260912_215351_529_traffic_scan_env2025_seed0-499_48352cd1,383,41,0,0,1
20260912_215351_529_traffic_scan_env2025_seed0-499_48352cd1,383,41,2,1,1
20260912_215351_529_traffic_scan_env2025_seed0-499_48352cd1,383,41,3,1,1
20260912_215351_529_traffic_scan_env2025_seed0-499_48352cd1,383,41,7,1,1
20260912_215351_529_traffic_scan_env2025_seed0-499_48352cd1,383,41,9,0,2
20260912_215351_529_traffic_scan_env2025_seed0-499_48352cd1,383,41,11,0,2
20260912_215351_529_traffic_scan_env2025_seed0-499_48352cd1,383,41,13,2,1
20260912_215351_529_traffic_scan_env2025_seed0-499_48352cd1,383,41,14,1,2
20260912_215351_529_traffic_scan_env2025_seed0-499_48352cd1,383,41,16,1,4
20260912_215351_529_traffic_scan_env2025_seed0-499_48352cd1,383,41,18,0,1
20260912_215351_529_traffic_scan_env2025_seed0-499_48352cd1,383,41,21,0,1
20260912_215351_529_traffic_scan_env2025_seed0-499_48352cd1,383,41,22,0,1
20260912_215351_529_traffic_scan_env2025_seed0-499_48352cd1,383,41,22,1,2
20260912_215351_529_traffic_scan_env2025_seed0-499_48352cd1,383,41,24,1,1
20260912_215351_529_traffic_scan_env2025_seed0-499_48352cd1,383,41,25,0,3
20260912_215351_529_traffic_scan_env2025_seed0-499_48352cd1,383,41,26,0,2
20260912_215351_529_traffic_scan_env2025_seed0-499_48352cd1,383,41,26,1,1
20260912_215351_529_traffic_scan_env2025_seed0-499_48352cd1,383,41,27,1,3
20260912_215351_529_traffic_scan_env2025_seed0-499_48352cd1,383,41,28,1,3
20260912_215351_529_traffic_scan_env2025_seed0-499_48352cd1,383,41,29,0,1
20260912_215351_529_traffic_scan_env2025_seed0-499_48352cd1,383,41,29,1,2
20260912_215351_529_traffic_scan_env2025_seed0-499_48352cd1,383,41,30,1,2
20260912_215351_529_traffic_scan_env2025_seed0-499_48352cd1,383,41,31,1,2
20260912_215351_529_traffic_scan_env2025_seed0-499_48352cd1,383,41,32,1,3
20260912_215351_529_traffic_scan_env2025_seed0-499_48352cd1,383,41,33,0,1
20260912_215351_529_traffic_scan_env2025_seed0-499_48352cd1,383,41,33,1,2
20260912_215351_529_traffic_scan_env2025_seed0-499_48352cd1,383,41,34,1,2
20260912_215351_529_traffic_scan_env2025_seed0-499_48352cd1,383,41,35,0,1
20260912_215351_529_traffic_scan_env2025_seed0-499_48352cd1,383,41,35,1,3
20260912_215351_529_traffic_scan_env2025_seed0-499_48352cd1,383,41,36,0,4
20260912_215351_529_traffic_scan_env2025_seed0-499_48352cd1,383,41,36,1,2
20260912_215351_529_traffic_scan_env2025_seed0-499_48352cd1,383,41,37,0,1
20260912_215351_529_traffic_scan_env2025_seed0-499_48352cd1,383,41,37,1,1
20260912_215351_529_traffic_scan_env2025_seed0-499_48352cd1,383,41,38,0,1
20260912_215351_529_traffic_scan_env2025_seed0-499_48352cd1,383,41,38,1,1
20260912_215351_529_traffic_scan_env2025_seed0-499_48352cd1,383,41,39,1,1
20260912_215351_529_traffic_scan_env2025_seed0-499_48352cd1,383,41,40,0,3
20260912_215351_529_traffic_scan_env2025_seed0-499_48352cd1,383,41,40,1,2
20260912_215351_529_traffic_scan_env2025_seed0-499_48352cd1,383,41,41,0,1
20260912_215351_529_traffic_scan_env2025_seed0-499_48352cd1,383,41,41,1,4
20260912_215351_529_traffic_scan_env2025_seed0-499_48352cd1,383,41,42,0,1
20260912_215351_529_traffic_scan_env2025_seed0-499_48352cd1,383,41,42,1,1
20260912_215351_529_traffic_scan_env2025_seed0-499_48352cd1,383,41,43,0,2
20260912_215351_529_traffic_scan_env2025_seed0-499_48352cd1,383,41,43,1,2
20260912_215351_529_traffic_scan_env2025_seed0-499_48352cd1,383,41,44,0,2
20260912_215351_529_traffic_scan_env2025_seed0-499_48352cd1,383,41,44,1,1
20260912_215351_529_traffic_scan_env2025_seed0-499_48352cd1,383,41,45,0,4
20260912_215351_529_traffic_scan_env2025_seed0-499_48352cd1,383,41,45,1,1
20260912_215351_529_traffic_scan_env2025_seed0-499_48352cd1,383,41,46,0,4
20260912_215351_529_traffic_scan_env2025_seed0-499_48352cd1,383,41,46,1,1
20260912_215351_529_traffic_scan_env2025_seed0-499_48352cd1,383,41,47,0,1
20260912_215351_529_traffic_scan_env2025_seed0-499_48352cd1,383,41,47,1,1
20260912_215351_529_traffic_scan_env2025_seed0-499_48352cd1,383,41,49,0,2
20260912_215351_529_traffic_scan_env2025_seed0-499_48352cd1,383,41,50,0,3
20260912_215351_529_traffic_scan_env2025_seed0-499_48352cd1,383,41,52,0,2
20260912_215351_529_traffic_scan_env2025_seed0-499_48352cd1,383,41,53,0,2
20260912_215351_529_traffic_scan_env2025_seed0-499_48352cd1,383,41,53,1,3
20260912_215351_529_traffic_scan_env2025_seed0-499_48352cd1,383,41,54,0,1
20260912_215351_529_traffic_scan_env2025_seed0-499_48352cd1,383,41,55,0,3
20260912_215351_529_traffic_scan_env2025_seed0-499_48352cd1,383,41,58,1,1
20260912_215351_529_traffic_scan_env2025_seed0-499_48352cd1,383,42,0,0,1
20260912_215351_529_traffic_scan_env2025_seed0-499_48352cd1,383,42,2,1,1
20260912_215351_529_traffic_scan_env2025_seed0-499_48352cd1,383,42,4,1,1
20260912_215351_529_traffic_scan_env2025_seed0-499_48352cd1,383,42,7,1,1
20260912_215351_529_traffic_scan_env2025_seed0-499_48352cd1,383,42,8,0,2
20260912_215351_529_traffic_scan_env2025_seed0-499_48352cd1,383,42,10,0,2
20260912_215351_529_traffic_scan_env2025_seed0-499_48352cd1,383,42,14,1,3
20260912_215351_529_traffic_scan_env2025_seed0-499_48352cd1,383,42,15,1,4
20260912_215351_529_traffic_scan_env2025_seed0-499_48352cd1,383,42,16,2,1
20260912_215351_529_traffic_scan_env2025_seed0-499_48352cd1,383,42,17,1,1
20260912_215351_529_traffic_scan_env2025_seed0-499_48352cd1,383,42,19,0,1
20260912_215351_529_traffic_scan_env2025_seed0-499_48352cd1,383,42,20,0,1
20260912_215351_529_traffic_scan_env2025_seed0-499_48352cd1,383,42,21,0,1
20260912_215351_529_traffic_scan_env2025_seed0-499_48352cd1,383,42,23,1,3
20260912_215351_529_traffic_scan_env2025_seed0-499_48352cd1,383,42,24,0,2
20260912_215351_529_traffic_scan_env2025_seed0-499_48352cd1,383,42,25,0,1
20260912_215351_529_traffic_scan_env2025_seed0-499_48352cd1,383,42,26,0,1
20260912_215351_529_traffic_scan_env2025_seed0-499_48352cd1,383,42,26,1,1
20260912_215351_529_traffic_scan_env2025_seed0-499_48352cd1,383,42,27,0,1
20260912_215351_529_traffic_scan_env2025_seed0-499_48352cd1,383,42,28,0,1
20260912_215351_529_traffic_scan_env2025_seed0-499_48352cd1,383,42,28,1,1
20260912_215351_529_traffic_scan_env2025_seed0-499_48352cd1,383,42,29,0,1
20260912_215351_529_traffic_scan_env2025_seed0-499_48352cd1,383,42,32,1,1
20260912_215351_529_traffic_scan_env2025_seed0-499_48352cd1,383,42,34,0,2
20260912_215351_529_traffic_scan_env2025_seed0-499_48352cd1,383,42,35,0,1
20260912_215351_529_traffic_scan_env2025_seed0-499_48352cd1,383,42,35,1,2
20260912_215351_529_traffic_scan_env2025_seed0-499_48352cd1,383,42,36,0,2
20260912_215351_529_traffic_scan_env2025_seed0-499_48352cd1,383,42,37,0,4
20260912_215351_529_traffic_scan_env2025_seed0-499_48352cd1,383,42,37,1,1
20260912_215351_529_traffic_scan_env2025_seed0-499_48352cd1,383,42,38,0,2
20260912_215351_529_traffic_scan_env2025_seed0-499_48352cd1,383,42,39,0,2
20260912_215351_529_traffic_scan_env2025_seed0-499_48352cd1,383,42,39,1,1
20260912_215351_529_traffic_scan_env2025_seed0-499_48352cd1,383,42,40,0,1
20260912_215351_529_traffic_scan_env2025_seed0-499_48352cd1,383,42,41,0,4
20260912_215351_529_traffic_scan_env2025_seed0-499_48352cd1,383,42,41,1,3
20260912_215351_529_traffic_scan_env2025_seed0-499_48352cd1,383,42,42,0,2
20260912_215351_529_traffic_scan_env2025_seed0-499_48352cd1,383,42,43,0,2
20260912_215351_529_traffic_scan_env2025_seed0-499_48352cd1,383,42,44,0,4
20260912_215351_529_traffic_scan_env2025_seed0-499_48352cd1,383,42,44,1,1
20260912_215351_529_traffic_scan_env2025_seed0-499_48352cd1,383,42,46,0,2
20260912_215351_529_traffic_scan_env2025_seed0-499_48352cd1,383,42,47,0,2
20260912_215351_529_traffic_scan_env2025_seed0-499_48352cd1,383,42,48,0,2
20260912_215351_529_traffic_scan_env2025_seed0-499_48352cd1,383,42,49,0,2
20260912_215351_529_traffic_scan_env2025_seed0-499_48352cd1,383,42,50,0,1
20260912_215351_529_traffic_scan_env2025_seed0-499_48352cd1,383,42,51,0,4
20260912_215351_529_traffic_scan_env2025_seed0-499_48352cd1,383,42,52,0,1
20260912_215351_529_traffic_scan_env2025_seed0-499_48352cd1,383,42,53,0,3
20260912_215351_529_traffic_scan_env2025_seed0-499_48352cd1,383,42,53,1,2
20260912_215351_529_traffic_scan_env2025_seed0-499_48352cd1,383,42,54,0,1
20260912_215351_529_traffic_scan_env2025_seed0-499_48352cd1,383,42,54,1,1
20260912_215351_529_traffic_scan_env2025_seed0-499_48352cd1,383,42,55,0,2
20260912_215351_529_traffic_scan_env2025_seed0-499_48352cd1,383,42,56,0,2
20260912_215351_529_traffic_scan_env2025_seed0-499_48352cd1,383,42,57,0,1
20260912_215351_529_traffic_scan_env2025_seed0-499_48352cd1,383,42,58,0,1
20260912_215351_529_traffic_scan_env2025_seed0-499_48352cd1,383,42,58,1,1
20260912_215351_529_traffic_scan_env2025_seed0-499_48352cd1,383,42,59,0,1
20260912_215351_529_traffic_scan_env2025_seed0-499_48352cd1,383,43,0,0,1
20260912_215351_529_traffic_scan_env2025_seed0-499_48352cd1,383,43,1,1,1
20260912_215351_529_traffic_scan_env2025_seed0-499_48352cd1,383,43,5,1,1
20260912_215351_529_traffic_scan_env2025_seed0-499_48352cd1,383,43,7,0,1
20260912_215351_529_traffic_scan_env2025_seed0-499_48352cd1,383,43,7,1,1
20260912_215351_529_traffic_scan_env2025_seed0-499_48352cd1,383,43,10,0,2
20260912_215351_529_traffic_scan_env2025_seed0-499_48352cd1,383,43,14,1,5
20260912_215351_529_traffic_scan_env2025_seed0-499_48352cd1,383,43,17,1,1
20260912_215351_529_traffic_scan_env2025_seed0-499_48352cd1,383,43,18,1,1
20260912_215351_529_traffic_scan_env2025_seed0-499_48352cd1,383,43,19,0,1
20260912_215351_529_traffic_scan_env2025_seed0-499_48352cd1,383,43,20,0,2
20260912_215351_529_traffic_scan_env2025_seed0-499_48352cd1,383,43,22,1,1
20260912_215351_529_traffic_scan_env2025_seed0-499_48352cd1,383,43,23,0,2
20260912_215351_529_traffic_scan_env2025_seed0-499_48352cd1,383,43,24,0,1
20260912_215351_529_traffic_scan_env2025_seed0-499_48352cd1,383,43,24,1,2
20260912_215351_529_traffic_scan_env2025_seed0-499_48352cd1,383,43,26,0,1
20260912_215351_529_traffic_scan_env2025_seed0-499_48352cd1,383,43,26,1,1
20260912_215351_529_traffic_scan_env2025_seed0-499_48352cd1,383,43,27,0,1
20260912_215351_529_traffic_scan_env2025_seed0-499_48352cd1,383,43,28,0,1
20260912_215351_529_traffic_scan_env2025_seed0-499_48352cd1,383,43,29,0,1
20260912_215351_529_traffic_scan_env2025_seed0-499_48352cd1,383,43,29,1,1
20260912_215351_529_traffic_scan_env2025_seed0-499_48352cd1,383,43,32,1,1
20260912_215351_529_traffic_scan_env2025_seed0-499_48352cd1,383,43,34,0,1
20260912_215351_529_traffic_scan_env2025_seed0-499_48352cd1,383,43,35,0,1
20260912_215351_529_traffic_scan_env2025_seed0-499_48352cd1,383,43,35,1,2
20260912_215351_529_traffic_scan_env2025_seed0-499_48352cd1,383,43,36,0,1
20260912_215351_529_traffic_scan_env2025_seed0-499_48352cd1,383,43,38,0,3
20260912_215351_529_traffic_scan_env2025_seed0-499_48352cd1,383,43,38,1,2
20260912_215351_529_traffic_scan_env2025_seed0-499_48352cd1,383,43,39,0,4
20260912_215351_529_traffic_scan_env2025_seed0-499_48352cd1,383,43,39,1,1
20260912_215351_529_traffic_scan_env2025_seed0-499_48352cd1,383,43,40,0,1
20260912_215351_529_traffic_scan_env2025_seed0-499_48352cd1,383,43,41,1,3
20260912_215351_529_traffic_scan_env2025_seed0-499_48352cd1,383,43,42,0,3
20260912_215351_529_traffic_scan_env2025_seed0-499_48352cd1,383,43,43,0,1
20260912_215351_529_traffic_scan_env2025_seed0-499_48352cd1,383,43,44,0,4
20260912_215351_529_traffic_scan_env2025_seed0-499_48352cd1,383,43,45,0,1
20260912_215351_529_traffic_scan_env2025_seed0-499_48352cd1,383,43,45,1,1
20260912_215351_529_traffic_scan_env2025_seed0-499_48352cd1,383,43,47,0,1
20260912_215351_529_traffic_scan_env2025_seed0-499_48352cd1,383,43,48,0,2
20260912_215351_529_traffic_scan_env2025_seed0-499_48352cd1,383,43,50,0,1
20260912_215351_529_traffic_scan_env2025_seed0-499_48352cd1,383,43,52,0,2
20260912_215351_529_traffic_scan_env2025_seed0-499_48352cd1,383,43,53,0,1
20260912_215351_529_traffic_scan_env2025_seed0-499_48352cd1,383,43,53,1,2
20260912_215351_529_traffic_scan_env2025_seed0-499_48352cd1,383,43,54,0,1
20260912_215351_529_traffic_scan_env2025_seed0-499_48352cd1,383,43,55,0,1
20260912_215351_529_traffic_scan_env2025_seed0-499_48352cd1,383,43,55,1,1
20260912_215351_529_traffic_scan_env2025_seed0-499_48352cd1,383,43,58,1,1
20260912_215351_529_traffic_scan_env2025_seed0-499_48352cd1,383,44,0,0,1
20260912_215351_529_traffic_scan_env2025_seed0-499_48352cd1,383,44,1,1,1
20260912_215351_529_traffic_scan_env2025_seed0-499_48352cd1,383,44,6,0,2
20260912_215351_529_traffic_scan_env2025_seed0-499_48352cd1,383,44,7,1,1
20260912_215351_529_traffic_scan_env2025_seed0-499_48352cd1,383,44,10,0,2
20260912_215351_529_traffic_scan_env2025_seed0-499_48352cd1,383,44,13,1,4
20260912_215351_529_traffic_scan_env2025_seed0-499_48352cd1,383,44,14,1,1
20260912_215351_529_traffic_scan_env2025_seed0-499_48352cd1,383,44,18,0,1
20260912_215351_529_traffic_scan_env2025_seed0-499_48352cd1,383,44,18,1,1
20260912_215351_529_traffic_scan_env2025_seed0-499_48352cd1,383,44,19,0,1
20260912_215351_529_traffic_scan_env2025_seed0-499_48352cd1,383,44,19,1,1
20260912_215351_529_traffic_scan_env2025_seed0-499_48352cd1,383,44,21,0,2
20260912_215351_529_traffic_scan_env2025_seed0-499_48352cd1,383,44,22,0,2
20260912_215351_529_traffic_scan_env2025_seed0-499_48352cd1,383,44,25,0,1
20260912_215351_529_traffic_scan_env2025_seed0-499_48352cd1,383,44,25,1,2
20260912_215351_529_traffic_scan_env2025_seed0-499_48352cd1,383,44,26,0,2
20260912_215351_529_traffic_scan_env2025_seed0-499_48352cd1,383,44,26,1,1
20260912_215351_529_traffic_scan_env2025_seed0-499_48352cd1,383,44,29,0,2
20260912_215351_529_traffic_scan_env2025_seed0-499_48352cd1,383,44,30,1,1
20260912_215351_529_traffic_scan_env2025_seed0-499_48352cd1,383,44,32,1,1
20260912_215351_529_traffic_scan_env2025_seed0-499_48352cd1,383,44,34,0,1
20260912_215351_529_traffic_scan_env2025_seed0-499_48352cd1,383,44,35,1,2
20260912_215351_529_traffic_scan_env2025_seed0-499_48352cd1,383,44,36,0,2
20260912_215351_529_traffic_scan_env2025_seed0-499_48352cd1,383,44,37,1,1
20260912_215351_529_traffic_scan_env2025_seed0-499_48352cd1,383,44,40,0,4
20260912_215351_529_traffic_scan_env2025_seed0-499_48352cd1,383,44,40,1,1
20260912_215351_529_traffic_scan_env2025_seed0-499_48352cd1,383,44,41,0,1
20260912_215351_529_traffic_scan_env2025_seed0-499_48352cd1,383,44,41,1,3
20260912_215351_529_traffic_scan_env2025_seed0-499_48352cd1,383,44,43,0,3
20260912_215351_529_traffic_scan_env2025_seed0-499_48352cd1,383,44,44,0,4
20260912_215351_529_traffic_scan_env2025_seed0-499_48352cd1,383,44,45,0,1
20260912_215351_529_traffic_scan_env2025_seed0-499_48352cd1,383,44,46,0,2
20260912_215351_529_traffic_scan_env2025_seed0-499_48352cd1,383,44,46,1,1
20260912_215351_529_traffic_scan_env2025_seed0-499_48352cd1,383,44,49,0,2
20260912_215351_529_traffic_scan_env2025_seed0-499_48352cd1,383,44,51,0,1
20260912_215351_529_traffic_scan_env2025_seed0-499_48352cd1,383,44,53,0,3
20260912_215351_529_traffic_scan_env2025_seed0-499_48352cd1,383,44,53,1,2
20260912_215351_529_traffic_scan_env2025_seed0-499_48352cd1,383,44,55,0,2
20260912_215351_529_traffic_scan_env2025_seed0-499_48352cd1,383,44,56,1,1
20260912_215351_529_traffic_scan_env2025_seed0-499_48352cd1,383,44,58,1,1
20260912_215351_529_traffic_scan_env2025_seed0-499_48352cd1,383,45,1,1,1
20260912_215351_529_traffic_scan_env2025_seed0-499_48352cd1,383,45,5,0,1
20260912_215351_529_traffic_scan_env2025_seed0-499_48352cd1,383,45,7,0,1
20260912_215351_529_traffic_scan_env2025_seed0-499_48352cd1,383,45,7,1,1
20260912_215351_529_traffic_scan_env2025_seed0-499_48352cd1,383,45,9,0,1
20260912_215351_529_traffic_scan_env2025_seed0-499_48352cd1,383,45,10,0,1
20260912_215351_529_traffic_scan_env2025_seed0-499_48352cd1,383,45,12,1,4
20260912_215351_529_traffic_scan_env2025_seed0-499_48352cd1,383,45,14,1,1
20260912_215351_529_traffic_scan_env2025_seed0-499_48352cd1,383,45,17,0,1
20260912_215351_529_traffic_scan_env2025_seed0-499_48352cd1,383,45,18,0,1
20260912_215351_529_traffic_scan_env2025_seed0-499_48352cd1,383,45,19,1,1
20260912_215351_529_traffic_scan_env2025_seed0-499_48352cd1,383,45,20,0,1
20260912_215351_529_traffic_scan_env2025_seed0-499_48352cd1,383,45,20,1,1
20260912_215351_529_traffic_scan_env2025_seed0-499_48352cd1,383,45,21,0,2
20260912_215351_529_traffic_scan_env2025_seed0-499_48352cd1,383,45,21,1,2
20260912_215351_529_traffic_scan_env2025_seed0-499_48352cd1,383,45,22,0,1
20260912_215351_529_traffic_scan_env2025_seed0-499_48352cd1,383,45,22,1,2
20260912_215351_529_traffic_scan_env2025_seed0-499_48352cd1,383,45,25,0,2
20260912_215351_529_traffic_scan_env2025_seed0-499_48352cd1,383,45,26,0,1
20260912_215351_529_traffic_scan_env2025_seed0-499_48352cd1,383,45,26,1,2
20260912_215351_529_traffic_scan_env2025_seed0-499_48352cd1,383,45,27,0,1
20260912_215351_529_traffic_scan_env2025_seed0-499_48352cd1,383,45,29,0,1
20260912_215351_529_traffic_scan_env2025_seed0-499_48352cd1,383,45,30,0,1
20260912_215351_529_traffic_scan_env2025_seed0-499_48352cd1,383,45,31,1,2
20260912_215351_529_traffic_scan_env2025_seed0-499_48352cd1,383,45,34,0,1
20260912_215351_529_traffic_scan_env2025_seed0-499_48352cd1,383,45,35,1,2
20260912_215351_529_traffic_scan_env2025_seed0-499_48352cd1,383,45,36,0,1
20260912_215351_529_traffic_scan_env2025_seed0-499_48352cd1,383,45,37,0,1
20260912_215351_529_traffic_scan_env2025_seed0-499_48352cd1,383,45,37,1,1
20260912_215351_529_traffic_scan_env2025_seed0-499_48352cd1,383,45,40,0,1
20260912_215351_529_traffic_scan_env2025_seed0-499_48352cd1,383,45,41,0,3
20260912_215351_529_traffic_scan_env2025_seed0-499_48352cd1,383,45,41,1,4
20260912_215351_529_traffic_scan_env2025_seed0-499_48352cd1,383,45,42,0,1
20260912_215351_529_traffic_scan_env2025_seed0-499_48352cd1,383,45,44,0,5
20260912_215351_529_traffic_scan_env2025_seed0-499_48352cd1,383,45,45,0,2
20260912_215351_529_traffic_scan_env2025_seed0-499_48352cd1,383,45,46,0,2
20260912_215351_529_traffic_scan_env2025_seed0-499_48352cd1,383,45,47,0,1
20260912_215351_529_traffic_scan_env2025_seed0-499_48352cd1,383,45,47,1,1
20260912_215351_529_traffic_scan_env2025_seed0-499_48352cd1,383,45,49,0,1
20260912_215351_529_traffic_scan_env2025_seed0-499_48352cd1,383,45,50,0,1
20260912_215351_529_traffic_scan_env2025_seed0-499_48352cd1,383,45,52,0,2
20260912_215351_529_traffic_scan_env2025_seed0-499_48352cd1,383,45,53,1,2
20260912_215351_529_traffic_scan_env2025_seed0-499_48352cd1,383,45,54,0,2
20260912_215351_529_traffic_scan_env2025_seed0-499_48352cd1,383,45,55,0,1
20260912_215351_529_traffic_scan_env2025_seed0-499_48352cd1,383,45,56,0,1
20260912_215351_529_traffic_scan_env2025_seed0-499_48352cd1,383,45,57,0,1
20260912_215351_529_traffic_scan_env2025_seed0-499_48352cd1,383,45,58,1,1
20260912_215351_529_traffic_scan_env2025_seed0-499_48352cd1,383,46,1,1,1
20260912_215351_529_traffic_scan_env2025_seed0-499_48352cd1,383,46,4,0,1
20260912_215351_529_traffic_scan_env2025_seed0-499_48352cd1,383,46,7,0,1
20260912_215351_529_traffic_scan_env2025_seed0-499_48352cd1,383,46,7,1,1
20260912_215351_529_traffic_scan_env2025_seed0-499_48352cd1,383,46,8,0,1
20260912_215351_529_traffic_scan_env2025_seed0-499_48352cd1,383,46,10,0,1
20260912_215351_529_traffic_scan_env2025_seed0-499_48352cd1,383,46,11,1,3
20260912_215351_529_traffic_scan_env2025_seed0-499_48352cd1,383,46,12,1,1
20260912_215351_529_traffic_scan_env2025_seed0-499_48352cd1,383,46,14,1,1
20260912_215351_529_traffic_scan_env2025_seed0-499_48352cd1,383,46,16,0,1
20260912_215351_529_traffic_scan_env2025_seed0-499_48352cd1,383,46,17,0,1
20260912_215351_529_traffic_scan_env2025_seed0-499_48352cd1,383,46,19,0,1
20260912_215351_529_traffic_scan_env2025_seed0-499_48352cd1,383,46,20,0,2
20260912_215351_529_traffic_scan_env2025_seed0-499_48352cd1,383,46,20,1,1
20260912_215351_529_traffic_scan_env2025_seed0-499_48352cd1,383,46,23,0,1
20260912_215351_529_traffic_scan_env2025_seed0-499_48352cd1,383,46,23,1,2
20260912_215351_529_traffic_scan_env2025_seed0-499_48352cd1,383,46,24,0,2
20260912_215351_529_traffic_scan_env2025_seed0-499_48352cd1,383,46,26,0,1
20260912_215351_529_traffic_scan_env2025_seed0-499_48352cd1,383,46,27,0,1
20260912_215351_529_traffic_scan_env2025_seed0-499_48352cd1,383,46,27,1,2
20260912_215351_529_traffic_scan_env2025_seed0-499_48352cd1,383,46,29,0,1
20260912_215351_529_traffic_scan_env2025_seed0-499_48352cd1,383,46,31,0,1
20260912_215351_529_traffic_scan_env2025_seed0-499_48352cd1,383,46,31,1,2
20260912_215351_529_traffic_scan_env2025_seed0-499_48352cd1,383,46,34,0,1
20260912_215351_529_traffic_scan_env2025_seed0-499_48352cd1,383,46,35,1,2
20260912_215351_529_traffic_scan_env2025_seed0-499_48352cd1,383,46,38,0,1
20260912_215351_529_traffic_scan_env2025_seed0-499_48352cd1,383,46,38,1,1
20260912_215351_529_traffic_scan_env2025_seed0-499_48352cd1,383,46,39,0,1
20260912_215351_529_traffic_scan_env2025_seed0-499_48352cd1,383,46,40,0,2
20260912_215351_529_traffic_scan_env2025_seed0-499_48352cd1,383,46,41,1,2
20260912_215351_529_traffic_scan_env2025_seed0-499_48352cd1,383,46,42,0,4
20260912_215351_529_traffic_scan_env2025_seed0-499_48352cd1,383,46,42,1,1
20260912_215351_529_traffic_scan_env2025_seed0-499_48352cd1,383,46,43,0,1
20260912_215351_529_traffic_scan_env2025_seed0-499_48352cd1,383,46,44,0,5
20260912_215351_529_traffic_scan_env2025_seed0-499_48352cd1,383,46,45,0,2
20260912_215351_529_traffic_scan_env2025_seed0-499_48352cd1,383,46,46,0,2
20260912_215351_529_traffic_scan_env2025_seed0-499_48352cd1,383,46,47,0,2
20260912_215351_529_traffic_scan_env2025_seed0-499_48352cd1,383,46,48,0,3
20260912_215351_529_traffic_scan_env2025_seed0-499_48352cd1,383,46,49,0,1
20260912_215351_529_traffic_scan_env2025_seed0-499_48352cd1,383,46,50,0,2
20260912_215351_529_traffic_scan_env2025_seed0-499_48352cd1,383,46,51,0,1
20260912_215351_529_traffic_scan_env2025_seed0-499_48352cd1,383,46,53,0,2
20260912_215351_529_traffic_scan_env2025_seed0-499_48352cd1,383,46,53,1,1
20260912_215351_529_traffic_scan_env2025_seed0-499_48352cd1,383,46,54,0,3
20260912_215351_529_traffic_scan_env2025_seed0-499_48352cd1,383,46,55,0,2
20260912_215351_529_traffic_scan_env2025_seed0-499_48352cd1,383,46,57,0,1
20260912_215351_529_traffic_scan_env2025_seed0-499_48352cd1,383,46,58,0,2
20260912_215351_529_traffic_scan_env2025_seed0-499_48352cd1,383,47,1,1,1
20260912_215351_529_traffic_scan_env2025_seed0-499_48352cd1,383,47,3,0,1
20260912_215351_529_traffic_scan_env2025_seed0-499_48352cd1,383,47,7,0,1
20260912_215351_529_traffic_scan_env2025_seed0-499_48352cd1,383,47,7,1,1
20260912_215351_529_traffic_scan_env2025_seed0-499_48352cd1,383,47,8,0,1
20260912_215351_529_traffic_scan_env2025_seed0-499_48352cd1,383,47,10,0,3
20260912_215351_529_traffic_scan_env2025_seed0-499_48352cd1,383,47,11,0,1
20260912_215351_529_traffic_scan_env2025_seed0-499_48352cd1,383,47,12,1,1
20260912_215351_529_traffic_scan_env2025_seed0-499_48352cd1,383,47,13,0,1
20260912_215351_529_traffic_scan_env2025_seed0-499_48352cd1,383,47,14,0,1
20260912_215351_529_traffic_scan_env2025_seed0-499_48352cd1,383,47,14,1,1
20260912_215351_529_traffic_scan_env2025_seed0-499_48352cd1,383,47,15,0,2
20260912_215351_529_traffic_scan_env2025_seed0-499_48352cd1,383,47,16,0,2
20260912_215351_529_traffic_scan_env2025_seed0-499_48352cd1,383,47,17,0,1
20260912_215351_529_traffic_scan_env2025_seed0-499_48352cd1,383,47,18,0,2
20260912_215351_529_traffic_scan_env2025_seed0-499_48352cd1,383,47,19,0,2
20260912_215351_529_traffic_scan_env2025_seed0-499_48352cd1,383,47,20,0,2
20260912_215351_529_traffic_scan_env2025_seed0-499_48352cd1,383,47,23,0,2
20260912_215351_529_traffic_scan_env2025_seed0-499_48352cd1,383,47,24,0,3
20260912_215351_529_traffic_scan_env2025_seed0-499_48352cd1,383,47,24,1,2
20260912_215351_529_traffic_scan_env2025_seed0-499_48352cd1,383,47,25,0,1
20260912_215351_529_traffic_scan_env2025_seed0-499_48352cd1,383,47,26,0,2
20260912_215351_529_traffic_scan_env2025_seed0-499_48352cd1,383,47,27,1,2
20260912_215351_529_traffic_scan_env2025_seed0-499_48352cd1,383,47,28,1,3
20260912_215351_529_traffic_scan_env2025_seed0-499_48352cd1,383,47,29,0,1
20260912_215351_529_traffic_scan_env2025_seed0-499_48352cd1,383,47,29,1,1
20260912_215351_529_traffic_scan_env2025_seed0-499_48352cd1,383,47,30,1,1
20260912_215351_529_traffic_scan_env2025_seed0-499_48352cd1,383,47,31,1,1
20260912_215351_529_traffic_scan_env2025_seed0-499_48352cd1,383,47,32,0,1
20260912_215351_529_traffic_scan_env2025_seed0-499_48352cd1,383,47,32,1,3
20260912_215351_529_traffic_scan_env2025_seed0-499_48352cd1,383,47,33,0,1
20260912_215351_529_traffic_scan_env2025_seed0-499_48352cd1,383,47,33,1,1
20260912_215351_529_traffic_scan_env2025_seed0-499_48352cd1,383,47,34,0,2
20260912_215351_529_traffic_scan_env2025_seed0-499_48352cd1,383,47,34,1,1
20260912_215351_529_traffic_scan_env2025_seed0-499_48352cd1,383,47,35,1,3
20260912_215351_529_traffic_scan_env2025_seed0-499_48352cd1,383,47,36,1,1
20260912_215351_529_traffic_scan_env2025_seed0-499_48352cd1,383,47,37,1,2
20260912_215351_529_traffic_scan_env2025_seed0-499_48352cd1,383,47,38,1,1
20260912_215351_529_traffic_scan_env2025_seed0-499_48352cd1,383,47,39,2,1
20260912_215351_529_traffic_scan_env2025_seed0-499_48352cd1,383,47,40,2,1
20260912_215351_529_traffic_scan_env2025_seed0-499_48352cd1,383,47,41,0,2
20260912_215351_529_traffic_scan_env2025_seed0-499_48352cd1,383,47,41,1,3
20260912_215351_529_traffic_scan_env2025_seed0-499_48352cd1,383,47,42,0,2
20260912_215351_529_traffic_scan_env2025_seed0-499_48352cd1,383,47,42,1,1
20260912_215351_529_traffic_scan_env2025_seed0-499_48352cd1,383,47,43,0,2
20260912_215351_529_traffic_scan_env2025_seed0-499_48352cd1,383,47,43,1,2
20260912_215351_529_traffic_scan_env2025_seed0-499_48352cd1,383,47,44,0,2
20260912_215351_529_traffic_scan_env2025_seed0-499_48352cd1,383,47,44,1,1
20260912_215351_529_traffic_scan_env2025_seed0-499_48352cd1,383,47,45,0,4
20260912_215351_529_traffic_scan_env2025_seed0-499_48352cd1,383,47,45,1,1
20260912_215351_529_traffic_scan_env2025_seed0-499_48352cd1,383,47,46,0,2
20260912_215351_529_traffic_scan_env2025_seed0-499_48352cd1,383,47,46,1,1
20260912_215351_529_traffic_scan_env2025_seed0-499_48352cd1,383,47,48,0,1
20260912_215351_529_traffic_scan_env2025_seed0-499_48352cd1,383,47,49,0,2
20260912_215351_529_traffic_scan_env2025_seed0-499_48352cd1,383,47,51,0,1
20260912_215351_529_traffic_scan_env2025_seed0-499_48352cd1,383,47,53,1,1
20260912_215351_529_traffic_scan_env2025_seed0-499_48352cd1,383,47,54,0,3
20260912_215351_529_traffic_scan_env2025_seed0-499_48352cd1,383,47,55,0,1
20260912_215351_529_traffic_scan_env2025_seed0-499_48352cd1,383,47,56,0,1
20260912_215351_529_traffic_scan_env2025_seed0-499_48352cd1,383,47,58,0,2
20260912_215351_529_traffic_scan_env2025_seed0-499_48352cd1,383,47,59,0,1
20260912_215351_529_traffic_scan_env2025_seed0-499_48352cd1,383,48,1,1,1
20260912_215351_529_traffic_scan_env2025_seed0-499_48352cd1,383,48,2,0,1
20260912_215351_529_traffic_scan_env2025_seed0-499_48352cd1,383,48,6,0,1
20260912_215351_529_traffic_scan_env2025_seed0-499_48352cd1,383,48,7,1,1
20260912_215351_529_traffic_scan_env2025_seed0-499_48352cd1,383,48,9,0,4
20260912_215351_529_traffic_scan_env2025_seed0-499_48352cd1,383,48,11,1,1
20260912_215351_529_traffic_scan_env2025_seed0-499_48352cd1,383,48,12,0,1
20260912_215351_529_traffic_scan_env2025_seed0-499_48352cd1,383,48,12,1,1
20260912_215351_529_traffic_scan_env2025_seed0-499_48352cd1,383,48,14,0,1
20260912_215351_529_traffic_scan_env2025_seed0-499_48352cd1,383,48,14,1,1
20260912_215351_529_traffic_scan_env2025_seed0-499_48352cd1,383,48,15,0,1
20260912_215351_529_traffic_scan_env2025_seed0-499_48352cd1,383,48,17,0,1
20260912_215351_529_traffic_scan_env2025_seed0-499_48352cd1,383,48,18,0,1
20260912_215351_529_traffic_scan_env2025_seed0-499_48352cd1,383,48,19,0,1
20260912_215351_529_traffic_scan_env2025_seed0-499_48352cd1,383,48,21,0,2
20260912_215351_529_traffic_scan_env2025_seed0-499_48352cd1,383,48,22,0,2
20260912_215351_529_traffic_scan_env2025_seed0-499_48352cd1,383,48,24,0,1
20260912_215351_529_traffic_scan_env2025_seed0-499_48352cd1,383,48,25,0,1
20260912_215351_529_traffic_scan_env2025_seed0-499_48352cd1,383,48,25,1,2
20260912_215351_529_traffic_scan_env2025_seed0-499_48352cd1,383,48,26,0,2
20260912_215351_529_traffic_scan_env2025_seed0-499_48352cd1,383,48,27,0,2
20260912_215351_529_traffic_scan_env2025_seed0-499_48352cd1,383,48,28,0,1
20260912_215351_529_traffic_scan_env2025_seed0-499_48352cd1,383,48,29,0,2
20260912_215351_529_traffic_scan_env2025_seed0-499_48352cd1,383,48,29,1,2
20260912_215351_529_traffic_scan_env2025_seed0-499_48352cd1,383,48,30,0,1
20260912_215351_529_traffic_scan_env2025_seed0-499_48352cd1,383,48,30,1,2
20260912_215351_529_traffic_scan_env2025_seed0-499_48352cd1,383,48,31,0,1
20260912_215351_529_traffic_scan_env2025_seed0-499_48352cd1,383,48,32,0,1
20260912_215351_529_traffic_scan_env2025_seed0-499_48352cd1,383,48,32,1,1
20260912_215351_529_traffic_scan_env2025_seed0-499_48352cd1,383,48,33,0,2
20260912_215351_529_traffic_scan_env2025_seed0-499_48352cd1,383,48,33,1,1
20260912_215351_529_traffic_scan_env2025_seed0-499_48352cd1,383,48,35,0,1
20260912_215351_529_traffic_scan_env2025_seed0-499_48352cd1,383,48,35,1,2
20260912_215351_529_traffic_scan_env2025_seed0-499_48352cd1,383,48,36,1,1
20260912_215351_529_traffic_scan_env2025_seed0-499_48352cd1,383,48,41,0,1
20260912_215351_529_traffic_scan_env2025_seed0-499_48352cd1,383,48,41,1,2
20260912_215351_529_traffic_scan_env2025_seed0-499_48352cd1,383,48,42,0,3
20260912_215351_529_traffic_scan_env2025_seed0-499_48352cd1,383,48,44,0,4
20260912_215351_529_traffic_scan_env2025_seed0-499_48352cd1,383,48,44,1,1
20260912_215351_529_traffic_scan_env2025_seed0-499_48352cd1,383,48,45,0,1
20260912_215351_529_traffic_scan_env2025_seed0-499_48352cd1,383,48,46,0,4
20260912_215351_529_traffic_scan_env2025_seed0-499_48352cd1,383,48,47,0,1
20260912_215351_529_traffic_scan_env2025_seed0-499_48352cd1,383,48,49,0,1
20260912_215351_529_traffic_scan_env2025_seed0-499_48352cd1,383,48,50,0,1
20260912_215351_529_traffic_scan_env2025_seed0-499_48352cd1,383,48,52,0,1
20260912_215351_529_traffic_scan_env2025_seed0-499_48352cd1,383,48,53,0,1
20260912_215351_529_traffic_scan_env2025_seed0-499_48352cd1,383,48,53,1,1
20260912_215351_529_traffic_scan_env2025_seed0-499_48352cd1,383,48,54,0,2
20260912_215351_529_traffic_scan_env2025_seed0-499_48352cd1,383,48,55,0,2
20260912_215351_529_traffic_scan_env2025_seed0-499_48352cd1,383,48,58,0,1
20260912_215351_529_traffic_scan_env2025_seed0-499_48352cd1,383,49,1,1,1
20260912_215351_529_traffic_scan_env2025_seed0-499_48352cd1,383,49,5,0,1
20260912_215351_529_traffic_scan_env2025_seed0-499_48352cd1,383,49,7,1,1
20260912_215351_529_traffic_scan_env2025_seed0-499_48352cd1,383,49,8,0,2
20260912_215351_529_traffic_scan_env2025_seed0-499_48352cd1,383,49,9,0,1
20260912_215351_529_traffic_scan_env2025_seed0-499_48352cd1,383,49,11,0,2
20260912_215351_529_traffic_scan_env2025_seed0-499_48352cd1,383,49,12,1,1
20260912_215351_529_traffic_scan_env2025_seed0-499_48352cd1,383,49,13,1,2
20260912_215351_529_traffic_scan_env2025_seed0-499_48352cd1,383,49,15,0,1
20260912_215351_529_traffic_scan_env2025_seed0-499_48352cd1,383,49,16,0,1
20260912_215351_529_traffic_scan_env2025_seed0-499_48352cd1,383,49,17,0,1
20260912_215351_529_traffic_scan_env2025_seed0-499_48352cd1,383,49,18,0,1
20260912_215351_529_traffic_scan_env2025_seed0-499_48352cd1,383,49,20,0,1
20260912_215351_529_traffic_scan_env2025_seed0-499_48352cd1,383,49,24,0,1
20260912_215351_529_traffic_scan_env2025_seed0-499_48352cd1,383,49,25,0,1
20260912_215351_529_traffic_scan_env2025_seed0-499_48352cd1,383,49,26,1,2
20260912_215351_529_traffic_scan_env2025_seed0-499_48352cd1,383,49,27,0,1
20260912_215351_529_traffic_scan_env2025_seed0-499_48352cd1,383,49,29,0,1
20260912_215351_529_traffic_scan_env2025_seed0-499_48352cd1,383,49,31,0,1
20260912_215351_529_traffic_scan_env2025_seed0-499_48352cd1,383,49,31,1,1
20260912_215351_529_traffic_scan_env2025_seed0-499_48352cd1,383,49,32,1,1
20260912_215351_529_traffic_scan_env2025_seed0-499_48352cd1,383,49,34,0,2
20260912_215351_529_traffic_scan_env2025_seed0-499_48352cd1,383,49,34,1,1
20260912_215351_529_traffic_scan_env2025_seed0-499_48352cd1,383,49,35,0,1
20260912_215351_529_traffic_scan_env2025_seed0-499_48352cd1,383,49,35,1,2
20260912_215351_529_traffic_scan_env2025_seed0-499_48352cd1,383,49,36,0,2
20260912_215351_529_traffic_scan_env2025_seed0-499_48352cd1,383,49,36,1,1
20260912_215351_529_traffic_scan_env2025_seed0-499_48352cd1,383,49,41,0,1
20260912_215351_529_traffic_scan_env2025_seed0-499_48352cd1,383,49,41,1,2
20260912_215351_529_traffic_scan_env2025_seed0-499_48352cd1,383,49,42,0,1
20260912_215351_529_traffic_scan_env2025_seed0-499_48352cd1,383,49,43,0,1
20260912_215351_529_traffic_scan_env2025_seed0-499_48352cd1,383,49,44,0,2
20260912_215351_529_traffic_scan_env2025_seed0-499_48352cd1,383,49,45,0,4
20260912_215351_529_traffic_scan_env2025_seed0-499_48352cd1,383,49,45,1,1
20260912_215351_529_traffic_scan_env2025_seed0-499_48352cd1,383,49,46,0,4
20260912_215351_529_traffic_scan_env2025_seed0-499_48352cd1,383,49,46,1,1
20260912_215351_529_traffic_scan_env2025_seed0-499_48352cd1,383,49,47,0,6
20260912_215351_529_traffic_scan_env2025_seed0-499_48352cd1,383,49,47,1,1
20260912_215351_529_traffic_scan_env2025_seed0-499_48352cd1,383,49,48,0,2
20260912_215351_529_traffic_scan_env2025_seed0-499_48352cd1,383,49,49,0,1
20260912_215351_529_traffic_scan_env2025_seed0-499_48352cd1,383,49,50,0,2
20260912_215351_529_traffic_scan_env2025_seed0-499_48352cd1,383,49,51,0,2
20260912_215351_529_traffic_scan_env2025_seed0-499_48352cd1,383,49,52,0,1
20260912_215351_529_traffic_scan_env2025_seed0-499_48352cd1,383,49,53,1,1
20260912_215351_529_traffic_scan_env2025_seed0-499_48352cd1,383,49,54,0,3
20260912_215351_529_traffic_scan_env2025_seed0-499_48352cd1,383,49,55,0,2
20260912_215351_529_traffic_scan_env2025_seed0-499_48352cd1,383,49,56,0,2
20260912_215351_529_traffic_scan_env2025_seed0-499_48352cd1,383,49,58,0,1
20260912_215351_529_traffic_scan_env2025_seed0-499_48352cd1,383,50,1,0,1
20260912_215351_529_traffic_scan_env2025_seed0-499_48352cd1,383,50,3,0,1
20260912_215351_529_traffic_scan_env2025_seed0-499_48352cd1,383,50,4,0,1
20260912_215351_529_traffic_scan_env2025_seed0-499_48352cd1,383,50,6,0,1
20260912_215351_529_traffic_scan_env2025_seed0-499_48352cd1,383,50,7,0,3
20260912_215351_529_traffic_scan_env2025_seed0-499_48352cd1,383,50,10,0,2
20260912_215351_529_traffic_scan_env2025_seed0-499_48352cd1,383,50,11,0,1
20260912_215351_529_traffic_scan_env2025_seed0-499_48352cd1,383,50,12,1,2
20260912_215351_529_traffic_scan_env2025_seed0-499_48352cd1,383,50,13,0,1
20260912_215351_529_traffic_scan_env2025_seed0-499_48352cd1,383,50,14,0,1
20260912_215351_529_traffic_scan_env2025_seed0-499_48352cd1,383,50,15,0,1
20260912_215351_529_traffic_scan_env2025_seed0-499_48352cd1,383,50,16,0,1
20260912_215351_529_traffic_scan_env2025_seed0-499_48352cd1,383,50,17,0,1
20260912_215351_529_traffic_scan_env2025_seed0-499_48352cd1,383,50,19,0,1
20260912_215351_529_traffic_scan_env2025_seed0-499_48352cd1,383,50,24,0,2
20260912_215351_529_traffic_scan_env2025_seed0-499_48352cd1,383,50,27,0,1
20260912_215351_529_traffic_scan_env2025_seed0-499_48352cd1,383,50,27,1,2
20260912_215351_529_traffic_scan_env2025_seed0-499_48352cd1,383,50,32,0,1
20260912_215351_529_traffic_scan_env2025_seed0-499_48352cd1,383,50,32,1,2
20260912_215351_529_traffic_scan_env2025_seed0-499_48352cd1,383,50,35,1,3
20260912_215351_529_traffic_scan_env2025_seed0-499_48352cd1,383,50,36,0,1
20260912_215351_529_traffic_scan_env2025_seed0-499_48352cd1,383,50,37,0,2
20260912_215351_529_traffic_scan_env2025_seed0-499_48352cd1,383,50,38,0,2
20260912_215351_529_traffic_scan_env2025_seed0-499_48352cd1,383,50,41,0,2
20260912_215351_529_traffic_scan_env2025_seed0-499_48352cd1,383,50,41,1,2
20260912_215351_529_traffic_scan_env2025_seed0-499_48352cd1,383,50,42,0,2
20260912_215351_529_traffic_scan_env2025_seed0-499_48352cd1,383,50,43,0,1
20260912_215351_529_traffic_scan_env2025_seed0-499_48352cd1,383,50,44,0,5
20260912_215351_529_traffic_scan_env2025_seed0-499_48352cd1,383,50,48,0,6
20260912_215351_529_traffic_scan_env2025_seed0-499_48352cd1,383,50,49,0,1
20260912_215351_529_traffic_scan_env2025_seed0-499_48352cd1,383,50,51,0,2
20260912_215351_529_traffic_scan_env2025_seed0-499_48352cd1,383,50,52,0,1
20260912_215351_529_traffic_scan_env2025_seed0-499_48352cd1,383,50,53,0,1
20260912_215351_529_traffic_scan_env2025_seed0-499_48352cd1,383,50,53,1,1
20260912_215351_529_traffic_scan_env2025_seed0-499_48352cd1,383,50,54,0,4
20260912_215351_529_traffic_scan_env2025_seed0-499_48352cd1,383,50,57,0,2
20260912_215351_529_traffic_scan_env2025_seed0-499_48352cd1,383,50,58,0,1
20260912_215351_529_traffic_scan_env2025_seed0-499_48352cd1,383,51,1,0,1
20260912_215351_529_traffic_scan_env2025_seed0-499_48352cd1,383,51,2,0,1
20260912_215351_529_traffic_scan_env2025_seed0-499_48352cd1,383,51,5,0,1
20260912_215351_529_traffic_scan_env2025_seed0-499_48352cd1,383,51,6,0,4
20260912_215351_529_traffic_scan_env2025_seed0-499_48352cd1,383,51,8,0,1
20260912_215351_529_traffic_scan_env2025_seed0-499_48352cd1,383,51,9,0,2
20260912_215351_529_traffic_scan_env2025_seed0-499_48352cd1,383,51,10,0,1
20260912_215351_529_traffic_scan_env2025_seed0-499_48352cd1,383,51,11,0,4
20260912_215351_529_traffic_scan_env2025_seed0-499_48352cd1,383,51,12,0,1
20260912_215351_529_traffic_scan_env2025_seed0-499_48352cd1,383,51,12,1,1
20260912_215351_529_traffic_scan_env2025_seed0-499_48352cd1,383,51,13,0,2
20260912_215351_529_traffic_scan_env2025_seed0-499_48352cd1,383,51,13,1,1
20260912_215351_529_traffic_scan_env2025_seed0-499_48352cd1,383,51,14,1,1
20260912_215351_529_traffic_scan_env2025_seed0-499_48352cd1,383,51,15,0,2
20260912_215351_529_traffic_scan_env2025_seed0-499_48352cd1,383,51,15,1,1
20260912_215351_529_traffic_scan_env2025_seed0-499_48352cd1,383,51,16,0,1
20260912_215351_529_traffic_scan_env2025_seed0-499_48352cd1,383,51,16,1,1
20260912_215351_529_traffic_scan_env2025_seed0-499_48352cd1,383,51,17,1,1
20260912_215351_529_traffic_scan_env2025_seed0-499_48352cd1,383,51,18,0,1
20260912_215351_529_traffic_scan_env2025_seed0-499_48352cd1,383,51,18,1,1
20260912_215351_529_traffic_scan_env2025_seed0-499_48352cd1,383,51,19,1,1
20260912_215351_529_traffic_scan_env2025_seed0-499_48352cd1,383,51,20,1,1
20260912_215351_529_traffic_scan_env2025_seed0-499_48352cd1,383,51,21,1,1
20260912_215351_529_traffic_scan_env2025_seed0-499_48352cd1,383,51,22,0,1
20260912_215351_529_traffic_scan_env2025_seed0-499_48352cd1,383,51,23,0,2
20260912_215351_529_traffic_scan_env2025_seed0-499_48352cd1,383,51,24,0,1
20260912_215351_529_traffic_scan_env2025_seed0-499_48352cd1,383,51,25,0,1
20260912_215351_529_traffic_scan_env2025_seed0-499_48352cd1,383,51,26,0,1
20260912_215351_529_traffic_scan_env2025_seed0-499_48352cd1,383,51,27,0,2
20260912_215351_529_traffic_scan_env2025_seed0-499_48352cd1,383,51,28,0,1
20260912_215351_529_traffic_scan_env2025_seed0-499_48352cd1,383,51,28,1,2
20260912_215351_529_traffic_scan_env2025_seed0-499_48352cd1,383,51,29,0,1
20260912_215351_529_traffic_scan_env2025_seed0-499_48352cd1,383,51,30,0,1
20260912_215351_529_traffic_scan_env2025_seed0-499_48352cd1,383,51,31,0,1
20260912_215351_529_traffic_scan_env2025_seed0-499_48352cd1,383,51,32,0,1
20260912_215351_529_traffic_scan_env2025_seed0-499_48352cd1,383,51,33,0,3
20260912_215351_529_traffic_scan_env2025_seed0-499_48352cd1,383,51,33,1,1
20260912_215351_529_traffic_scan_env2025_seed0-499_48352cd1,383,51,34,0,2
20260912_215351_529_traffic_scan_env2025_seed0-499_48352cd1,383,51,35,0,1
20260912_215351_529_traffic_scan_env2025_seed0-499_48352cd1,383,51,35,1,1
20260912_215351_529_traffic_scan_env2025_seed0-499_48352cd1,383,51,36,0,2
20260912_215351_529_traffic_scan_env2025_seed0-499_48352cd1,383,51,36,1,1
20260912_215351_529_traffic_scan_env2025_seed0-499_48352cd1,383,51,37,0,1
20260912_215351_529_traffic_scan_env2025_seed0-499_48352cd1,383,51,38,0,1
20260912_215351_529_traffic_scan_env2025_seed0-499_48352cd1,383,51,39,0,3
20260912_215351_529_traffic_scan_env2025_seed0-499_48352cd1,383,51,40,0,3
20260912_215351_529_traffic_scan_env2025_seed0-499_48352cd1,383,51,41,0,3
20260912_215351_529_traffic_scan_env2025_seed0-499_48352cd1,383,51,41,1,1
20260912_215351_529_traffic_scan_env2025_seed0-499_48352cd1,383,51,42,0,2
20260912_215351_529_traffic_scan_env2025_seed0-499_48352cd1,383,51,44,0,2
20260912_215351_529_traffic_scan_env2025_seed0-499_48352cd1,383,51,45,0,2
20260912_215351_529_traffic_scan_env2025_seed0-499_48352cd1,383,51,49,0,6
20260912_215351_529_traffic_scan_env2025_seed0-499_48352cd1,383,51,50,0,2
20260912_215351_529_traffic_scan_env2025_seed0-499_48352cd1,383,51,52,0,2
20260912_215351_529_traffic_scan_env2025_seed0-499_48352cd1,383,51,53,0,1
20260912_215351_529_traffic_scan_env2025_seed0-499_48352cd1,383,51,54,0,3
20260912_215351_529_traffic_scan_env2025_seed0-499_48352cd1,383,51,55,0,1
20260912_215351_529_traffic_scan_env2025_seed0-499_48352cd1,383,51,58,0,1
20260912_215351_529_traffic_scan_env2025_seed0-499_48352cd1,383,52,1,0,1
20260912_215351_529_traffic_scan_env2025_seed0-499_48352cd1,383,52,6,0,2
20260912_215351_529_traffic_scan_env2025_seed0-499_48352cd1,383,52,8,0,1
20260912_215351_529_traffic_scan_env2025_seed0-499_48352cd1,383,52,10,0,1
20260912_215351_529_traffic_scan_env2025_seed0-499_48352cd1,383,52,11,0,2
20260912_215351_529_traffic_scan_env2025_seed0-499_48352cd1,383,52,12,0,2
20260912_215351_529_traffic_scan_env2025_seed0-499_48352cd1,383,52,13,0,1
20260912_215351_529_traffic_scan_env2025_seed0-499_48352cd1,383,52,14,0,1
20260912_215351_529_traffic_scan_env2025_seed0-499_48352cd1,383,52,15,0,2
20260912_215351_529_traffic_scan_env2025_seed0-499_48352cd1,383,52,17,0,1
20260912_215351_529_traffic_scan_env2025_seed0-499_48352cd1,383,52,22,0,1
20260912_215351_529_traffic_scan_env2025_seed0-499_48352cd1,383,52,27,0,1
20260912_215351_529_traffic_scan_env2025_seed0-499_48352cd1,383,52,29,1,2
20260912_215351_529_traffic_scan_env2025_seed0-499_48352cd1,383,52,30,1,1
20260912_215351_529_traffic_scan_env2025_seed0-499_48352cd1,383,52,31,1,1
20260912_215351_529_traffic_scan_env2025_seed0-499_48352cd1,383,52,32,1,1
20260912_215351_529_traffic_scan_env2025_seed0-499_48352cd1,383,52,33,0,2
20260912_215351_529_traffic_scan_env2025_seed0-499_48352cd1,383,52,33,1,1
20260912_215351_529_traffic_scan_env2025_seed0-499_48352cd1,383,52,34,0,1
20260912_215351_529_traffic_scan_env2025_seed0-499_48352cd1,383,52,34,1,2
20260912_215351_529_traffic_scan_env2025_seed0-499_48352cd1,383,52,35,1,2
20260912_215351_529_traffic_scan_env2025_seed0-499_48352cd1,383,52,36,0,1
20260912_215351_529_traffic_scan_env2025_seed0-499_48352cd1,383,52,36,1,1
20260912_215351_529_traffic_scan_env2025_seed0-499_48352cd1,383,52,37,1,2
20260912_215351_529_traffic_scan_env2025_seed0-499_48352cd1,383,52,38,1,1
20260912_215351_529_traffic_scan_env2025_seed0-499_48352cd1,383,52,41,2,1
20260912_215351_529_traffic_scan_env2025_seed0-499_48352cd1,383,52,42,0,5
20260912_215351_529_traffic_scan_env2025_seed0-499_48352cd1,383,52,43,0,1
20260912_215351_529_traffic_scan_env2025_seed0-499_48352cd1,383,52,44,0,2
20260912_215351_529_traffic_scan_env2025_seed0-499_48352cd1,383,52,45,0,3
20260912_215351_529_traffic_scan_env2025_seed0-499_48352cd1,383,52,46,0,2
20260912_215351_529_traffic_scan_env2025_seed0-499_48352cd1,383,52,47,0,1
20260912_215351_529_traffic_scan_env2025_seed0-499_48352cd1,383,52,48,0,1
20260912_215351_529_traffic_scan_env2025_seed0-499_48352cd1,383,52,49,0,1
20260912_215351_529_traffic_scan_env2025_seed0-499_48352cd1,383,52,50,0,6
20260912_215351_529_traffic_scan_env2025_seed0-499_48352cd1,383,52,51,0,2
20260912_215351_529_traffic_scan_env2025_seed0-499_48352cd1,383,52,52,0,3
20260912_215351_529_traffic_scan_env2025_seed0-499_48352cd1,383,52,53,0,1
20260912_215351_529_traffic_scan_env2025_seed0-499_48352cd1,383,52,54,0,4
20260912_215351_529_traffic_scan_env2025_seed0-499_48352cd1,383,52,58,0,1
20260912_215351_529_traffic_scan_env2025_seed0-499_48352cd1,383,53,1,0,1
20260912_215351_529_traffic_scan_env2025_seed0-499_48352cd1,383,53,5,0,1
20260912_215351_529_traffic_scan_env2025_seed0-499_48352cd1,383,53,6,0,1
20260912_215351_529_traffic_scan_env2025_seed0-499_48352cd1,383,53,7,0,1
20260912_215351_529_traffic_scan_env2025_seed0-499_48352cd1,383,53,9,0,1
20260912_215351_529_traffic_scan_env2025_seed0-499_48352cd1,383,53,11,0,3
20260912_215351_529_traffic_scan_env2025_seed0-499_48352cd1,383,53,13,0,2
20260912_215351_529_traffic_scan_env2025_seed0-499_48352cd1,383,53,14,0,1
20260912_215351_529_traffic_scan_env2025_seed0-499_48352cd1,383,53,15,0,1
20260912_215351_529_traffic_scan_env2025_seed0-499_48352cd1,383,53,16,0,1
20260912_215351_529_traffic_scan_env2025_seed0-499_48352cd1,383,53,21,0,1
20260912_215351_529_traffic_scan_env2025_seed0-499_48352cd1,383,53,30,1,1
20260912_215351_529_traffic_scan_env2025_seed0-499_48352cd1,383,53,31,1,1
20260912_215351_529_traffic_scan_env2025_seed0-499_48352cd1,383,53,32,0,1
20260912_215351_529_traffic_scan_env2025_seed0-499_48352cd1,383,53,32,1,1
20260912_215351_529_traffic_scan_env2025_seed0-499_48352cd1,383,53,33,0,1
20260912_215351_529_traffic_scan_env2025_seed0-499_48352cd1,383,53,33,1,1
20260912_215351_529_traffic_scan_env2025_seed0-499_48352cd1,383,53,34,1,2
20260912_215351_529_traffic_scan_env2025_seed0-499_48352cd1,383,53,35,0,1
20260912_215351_529_traffic_scan_env2025_seed0-499_48352cd1,383,53,35,1,2
20260912_215351_529_traffic_scan_env2025_seed0-499_48352cd1,383,53,36,0,1
20260912_215351_529_traffic_scan_env2025_seed0-499_48352cd1,383,53,38,1,1
20260912_215351_529_traffic_scan_env2025_seed0-499_48352cd1,383,53,39,0,1
20260912_215351_529_traffic_scan_env2025_seed0-499_48352cd1,383,53,40,0,1
20260912_215351_529_traffic_scan_env2025_seed0-499_48352cd1,383,53,41,0,1
20260912_215351_529_traffic_scan_env2025_seed0-499_48352cd1,383,53,41,1,1
20260912_215351_529_traffic_scan_env2025_seed0-499_48352cd1,383,53,42,0,4
20260912_215351_529_traffic_scan_env2025_seed0-499_48352cd1,383,53,43,0,2
20260912_215351_529_traffic_scan_env2025_seed0-499_48352cd1,383,53,44,0,2
20260912_215351_529_traffic_scan_env2025_seed0-499_48352cd1,383,53,45,0,1
20260912_215351_529_traffic_scan_env2025_seed0-499_48352cd1,383,53,46,0,1
20260912_215351_529_traffic_scan_env2025_seed0-499_48352cd1,383,53,47,0,2
20260912_215351_529_traffic_scan_env2025_seed0-499_48352cd1,383,53,51,0,5
20260912_215351_529_traffic_scan_env2025_seed0-499_48352cd1,383,53,53,0,2
20260912_215351_529_traffic_scan_env2025_seed0-499_48352cd1,383,53,54,0,3
20260912_215351_529_traffic_scan_env2025_seed0-499_48352cd1,383,53,55,0,1
20260912_215351_529_traffic_scan_env2025_seed0-499_48352cd1,383,53,56,0,1
20260912_215351_529_traffic_scan_env2025_seed0-499_48352cd1,383,54,1,0,1
20260912_215351_529_traffic_scan_env2025_seed0-499_48352cd1,383,54,6,0,2
20260912_215351_529_traffic_scan_env2025_seed0-499_48352cd1,383,54,8,0,1
20260912_215351_529_traffic_scan_env2025_seed0-499_48352cd1,383,54,10,0,1
20260912_215351_529_traffic_scan_env2025_seed0-499_48352cd1,383,54,11,0,2
20260912_215351_529_traffic_scan_env2025_seed0-499_48352cd1,383,54,13,0,2
20260912_215351_529_traffic_scan_env2025_seed0-499_48352cd1,383,54,14,0,1
20260912_215351_529_traffic_scan_env2025_seed0-499_48352cd1,383,54,15,0,2
20260912_215351_529_traffic_scan_env2025_seed0-499_48352cd1,383,54,20,0,1
20260912_215351_529_traffic_scan_env2025_seed0-499_48352cd1,383,54,31,0,1
20260912_215351_529_traffic_scan_env2025_seed0-499_48352cd1,383,54,33,1,2
20260912_215351_529_traffic_scan_env2025_seed0-499_48352cd1,383,54,36,0,3
20260912_215351_529_traffic_scan_env2025_seed0-499_48352cd1,383,54,36,1,1
20260912_215351_529_traffic_scan_env2025_seed0-499_48352cd1,383,54,37,0,2
20260912_215351_529_traffic_scan_env2025_seed0-499_48352cd1,383,54,37,1,1
20260912_215351_529_traffic_scan_env2025_seed0-499_48352cd1,383,54,38,0,1
20260912_215351_529_traffic_scan_env2025_seed0-499_48352cd1,383,54,38,1,1
20260912_215351_529_traffic_scan_env2025_seed0-499_48352cd1,383,54,39,0,2
20260912_215351_529_traffic_scan_env2025_seed0-499_48352cd1,383,54,39,1,1
20260912_215351_529_traffic_scan_env2025_seed0-499_48352cd1,383,54,40,0,1
20260912_215351_529_traffic_scan_env2025_seed0-499_48352cd1,383,54,40,1,1
20260912_215351_529_traffic_scan_env2025_seed0-499_48352cd1,383,54,41,0,3
20260912_215351_529_traffic_scan_env2025_seed0-499_48352cd1,383,54,41,1,1
20260912_215351_529_traffic_scan_env2025_seed0-499_48352cd1,383,54,42,0,3
20260912_215351_529_traffic_scan_env2025_seed0-499_48352cd1,383,54,42,1,1
20260912_215351_529_traffic_scan_env2025_seed0-499_48352cd1,383,54,43,0,2
20260912_215351_529_traffic_scan_env2025_seed0-499_48352cd1,383,54,43,1,1
20260912_215351_529_traffic_scan_env2025_seed0-499_48352cd1,383,54,44,0,3
20260912_215351_529_traffic_scan_env2025_seed0-499_48352cd1,383,54,44,1,1
20260912_215351_529_traffic_scan_env2025_seed0-499_48352cd1,383,54,48,0,1
20260912_215351_529_traffic_scan_env2025_seed0-499_48352cd1,383,54,49,0,1
20260912_215351_529_traffic_scan_env2025_seed0-499_48352cd1,383,54,52,0,5
20260912_215351_529_traffic_scan_env2025_seed0-499_48352cd1,383,54,54,0,5
20260912_215351_529_traffic_scan_env2025_seed0-499_48352cd1,383,54,57,0,1
20260912_215351_529_traffic_scan_env2025_seed0-499_48352cd1,383,55,1,0,1
20260912_215351_529_traffic_scan_env2025_seed0-499_48352cd1,383,55,5,0,1
20260912_215351_529_traffic_scan_env2025_seed0-499_48352cd1,383,55,6,0,1
20260912_215351_529_traffic_scan_env2025_seed0-499_48352cd1,383,55,7,0,1
20260912_215351_529_traffic_scan_env2025_seed0-499_48352cd1,383,55,9,0,1
20260912_215351_529_traffic_scan_env2025_seed0-499_48352cd1,383,55,11,0,1
20260912_215351_529_traffic_scan_env2025_seed0-499_48352cd1,383,55,12,0,1
20260912_215351_529_traffic_scan_env2025_seed0-499_48352cd1,383,55,13,0,1
20260912_215351_529_traffic_scan_env2025_seed0-499_48352cd1,383,55,14,0,1
20260912_215351_529_traffic_scan_env2025_seed0-499_48352cd1,383,55,15,0,1
20260912_215351_529_traffic_scan_env2025_seed0-499_48352cd1,383,55,19,0,1
20260912_215351_529_traffic_scan_env2025_seed0-499_48352cd1,383,55,30,0,1
20260912_215351_529_traffic_scan_env2025_seed0-499_48352cd1,383,55,32,0,1
20260912_215351_529_traffic_scan_env2025_seed0-499_48352cd1,383,55,33,0,1
20260912_215351_529_traffic_scan_env2025_seed0-499_48352cd1,383,55,36,0,1
20260912_215351_529_traffic_scan_env2025_seed0-499_48352cd1,383,55,38,0,1
20260912_215351_529_traffic_scan_env2025_seed0-499_48352cd1,383,55,40,0,2
20260912_215351_529_traffic_scan_env2025_seed0-499_48352cd1,383,55,43,0,2
20260912_215351_529_traffic_scan_env2025_seed0-499_48352cd1,383,55,44,0,1
20260912_215351_529_traffic_scan_env2025_seed0-499_48352cd1,383,55,45,0,2
20260912_215351_529_traffic_scan_env2025_seed0-499_48352cd1,383,55,45,1,1
20260912_215351_529_traffic_scan_env2025_seed0-499_48352cd1,383,55,46,0,1
20260912_215351_529_traffic_scan_env2025_seed0-499_48352cd1,383,55,46,1,1
20260912_215351_529_traffic_scan_env2025_seed0-499_48352cd1,383,55,47,1,1
20260912_215351_529_traffic_scan_env2025_seed0-499_48352cd1,383,55,50,0,1
20260912_215351_529_traffic_scan_env2025_seed0-499_48352cd1,383,55,51,0,1
20260912_215351_529_traffic_scan_env2025_seed0-499_48352cd1,383,55,52,0,1
20260912_215351_529_traffic_scan_env2025_seed0-499_48352cd1,383,55,53,0,5
20260912_215351_529_traffic_scan_env2025_seed0-499_48352cd1,383,55,54,0,4
20260912_215351_529_traffic_scan_env2025_seed0-499_48352cd1,383,55,55,0,2
20260912_215351_529_traffic_scan_env2025_seed0-499_48352cd1,383,55,58,0,1
20260912_215351_529_traffic_scan_env2025_seed0-499_48352cd1,383,56,1,0,1
20260912_215351_529_traffic_scan_env2025_seed0-499_48352cd1,383,56,4,0,1
20260912_215351_529_traffic_scan_env2025_seed0-499_48352cd1,383,56,6,0,2
20260912_215351_529_traffic_scan_env2025_seed0-499_48352cd1,383,56,8,0,1
20260912_215351_529_traffic_scan_env2025_seed0-499_48352cd1,383,56,11,0,2
20260912_215351_529_traffic_scan_env2025_seed0-499_48352cd1,383,56,13,0,1
20260912_215351_529_traffic_scan_env2025_seed0-499_48352cd1,383,56,16,0,1
20260912_215351_529_traffic_scan_env2025_seed0-499_48352cd1,383,56,18,0,1
20260912_215351_529_traffic_scan_env2025_seed0-499_48352cd1,383,56,29,0,1
20260912_215351_529_traffic_scan_env2025_seed0-499_48352cd1,383,56,31,0,1
20260912_215351_529_traffic_scan_env2025_seed0-499_48352cd1,383,56,33,0,1
20260912_215351_529_traffic_scan_env2025_seed0-499_48352cd1,383,56,36,0,1
20260912_215351_529_traffic_scan_env2025_seed0-499_48352cd1,383,56,38,0,1
20260912_215351_529_traffic_scan_env2025_seed0-499_48352cd1,383,56,40,0,1
20260912_215351_529_traffic_scan_env2025_seed0-499_48352cd1,383,56,43,0,2
20260912_215351_529_traffic_scan_env2025_seed0-499_48352cd1,383,56,44,0,2
20260912_215351_529_traffic_scan_env2025_seed0-499_48352cd1,383,56,45,0,3
20260912_215351_529_traffic_scan_env2025_seed0-499_48352cd1,383,56,46,0,1
20260912_215351_529_traffic_scan_env2025_seed0-499_48352cd1,383,56,47,0,2
20260912_215351_529_traffic_scan_env2025_seed0-499_48352cd1,383,56,48,0,1
20260912_215351_529_traffic_scan_env2025_seed0-499_48352cd1,383,56,54,0,4
20260912_215351_529_traffic_scan_env2025_seed0-499_48352cd1,383,56,56,0,1
20260912_215351_529_traffic_scan_env2025_seed0-499_48352cd1,383,56,57,0,1
20260912_215351_529_traffic_scan_env2025_seed0-499_48352cd1,383,56,59,0,2
20260912_215351_529_traffic_scan_env2025_seed0-499_48352cd1,383,57,3,0,1
20260912_215351_529_traffic_scan_env2025_seed0-499_48352cd1,383,57,5,0,1
20260912_215351_529_traffic_scan_env2025_seed0-499_48352cd1,383,57,6,0,1
20260912_215351_529_traffic_scan_env2025_seed0-499_48352cd1,383,57,7,0,1
20260912_215351_529_traffic_scan_env2025_seed0-499_48352cd1,383,57,10,0,2
20260912_215351_529_traffic_scan_env2025_seed0-499_48352cd1,383,57,13,0,1
20260912_215351_529_traffic_scan_env2025_seed0-499_48352cd1,383,57,16,0,1
20260912_215351_529_traffic_scan_env2025_seed0-499_48352cd1,383,57,17,0,1
20260912_215351_529_traffic_scan_env2025_seed0-499_48352cd1,383,57,17,1,1
20260912_215351_529_traffic_scan_env2025_seed0-499_48352cd1,383,57,18,1,1
20260912_215351_529_traffic_scan_env2025_seed0-499_48352cd1,383,57,19,1,1
20260912_215351_529_traffic_scan_env2025_seed0-499_48352cd1,383,57,20,1,1
20260912_215351_529_traffic_scan_env2025_seed0-499_48352cd1,383,57,21,1,1
20260912_215351_529_traffic_scan_env2025_seed0-499_48352cd1,383,57,22,1,1
20260912_215351_529_traffic_scan_env2025_seed0-499_48352cd1,383,57,23,1,1
20260912_215351_529_traffic_scan_env2025_seed0-499_48352cd1,383,57,24,1,1
20260912_215351_529_traffic_scan_env2025_seed0-499_48352cd1,383,57,25,1,1
20260912_215351_529_traffic_scan_env2025_seed0-499_48352cd1,383,57,26,0,1
20260912_215351_529_traffic_scan_env2025_seed0-499_48352cd1,383,57,27,0,1
20260912_215351_529_traffic_scan_env2025_seed0-499_48352cd1,383,57,28,0,2
20260912_215351_529_traffic_scan_env2025_seed0-499_48352cd1,383,57,29,0,1
20260912_215351_529_traffic_scan_env2025_seed0-499_48352cd1,383,57,30,0,2
20260912_215351_529_traffic_scan_env2025_seed0-499_48352cd1,383,57,31,0,1
20260912_215351_529_traffic_scan_env2025_seed0-499_48352cd1,383,57,32,0,1
20260912_215351_529_traffic_scan_env2025_seed0-499_48352cd1,383,57,33,0,2
20260912_215351_529_traffic_scan_env2025_seed0-499_48352cd1,383,57,34,0,1
20260912_215351_529_traffic_scan_env2025_seed0-499_48352cd1,383,57,35,0,1
20260912_215351_529_traffic_scan_env2025_seed0-499_48352cd1,383,57,36,0,2
20260912_215351_529_traffic_scan_env2025_seed0-499_48352cd1,383,57,37,0,1
20260912_215351_529_traffic_scan_env2025_seed0-499_48352cd1,383,57,38,0,1
20260912_215351_529_traffic_scan_env2025_seed0-499_48352cd1,383,57,39,0,1
20260912_215351_529_traffic_scan_env2025_seed0-499_48352cd1,383,57,40,0,1
20260912_215351_529_traffic_scan_env2025_seed0-499_48352cd1,383,57,41,0,2
20260912_215351_529_traffic_scan_env2025_seed0-499_48352cd1,383,57,42,0,2
20260912_215351_529_traffic_scan_env2025_seed0-499_48352cd1,383,57,46,0,1
20260912_215351_529_traffic_scan_env2025_seed0-499_48352cd1,383,57,47,0,1
20260912_215351_529_traffic_scan_env2025_seed0-499_48352cd1,383,57,48,0,2
20260912_215351_529_traffic_scan_env2025_seed0-499_48352cd1,383,57,49,0,1
20260912_215351_529_traffic_scan_env2025_seed0-499_48352cd1,383,57,50,0,1
20260912_215351_529_traffic_scan_env2025_seed0-499_48352cd1,383,57,51,0,1
20260912_215351_529_traffic_scan_env2025_seed0-499_48352cd1,383,57,52,0,1
20260912_215351_529_traffic_scan_env2025_seed0-499_48352cd1,383,57,53,0,1
20260912_215351_529_traffic_scan_env2025_seed0-499_48352cd1,383,57,54,0,2
20260912_215351_529_traffic_scan_env2025_seed0-499_48352cd1,383,57,55,0,4
20260912_215351_529_traffic_scan_env2025_seed0-499_48352cd1,383,57,56,0,1
20260912_215351_529_traffic_scan_env2025_seed0-499_48352cd1,383,57,57,0,1
20260912_215351_529_traffic_scan_env2025_seed0-499_48352cd1,383,57,58,0,1
20260912_215351_529_traffic_scan_env2025_seed0-499_48352cd1,383,58,4,0,1
20260912_215351_529_traffic_scan_env2025_seed0-499_48352cd1,383,58,6,0,2
20260912_215351_529_traffic_scan_env2025_seed0-499_48352cd1,383,58,8,0,1
20260912_215351_529_traffic_scan_env2025_seed0-499_48352cd1,383,58,9,0,1
20260912_215351_529_traffic_scan_env2025_seed0-499_48352cd1,383,58,10,0,2
20260912_215351_529_traffic_scan_env2025_seed0-499_48352cd1,383,58,11,0,2
20260912_215351_529_traffic_scan_env2025_seed0-499_48352cd1,383,58,12,0,1
20260912_215351_529_traffic_scan_env2025_seed0-499_48352cd1,383,58,13,0,1
20260912_215351_529_traffic_scan_env2025_seed0-499_48352cd1,383,58,14,0,1
20260912_215351_529_traffic_scan_env2025_seed0-499_48352cd1,383,58,15,0,1
20260912_215351_529_traffic_scan_env2025_seed0-499_48352cd1,383,58,16,0,2
20260912_215351_529_traffic_scan_env2025_seed0-499_48352cd1,383,58,27,0,1
20260912_215351_529_traffic_scan_env2025_seed0-499_48352cd1,383,58,33,0,1
20260912_215351_529_traffic_scan_env2025_seed0-499_48352cd1,383,58,41,0,1
20260912_215351_529_traffic_scan_env2025_seed0-499_48352cd1,383,58,42,0,1
20260912_215351_529_traffic_scan_env2025_seed0-499_48352cd1,383,58,49,0,1
20260912_215351_529_traffic_scan_env2025_seed0-499_48352cd1,383,58,54,0,1
20260912_215351_529_traffic_scan_env2025_seed0-499_48352cd1,383,58,56,0,2
20260912_215351_529_traffic_scan_env2025_seed0-499_48352cd1,383,58,57,0,1
20260912_215351_529_traffic_scan_env2025_seed0-499_48352cd1,383,59,3,0,1
20260912_215351_529_traffic_scan_env2025_seed0-499_48352cd1,383,59,5,0,1
20260912_215351_529_traffic_scan_env2025_seed0-499_48352cd1,383,59,11,0,1
20260912_215351_529_traffic_scan_env2025_seed0-499_48352cd1,383,59,17,0,1
20260912_215351_529_traffic_scan_env2025_seed0-499_48352cd1,383,59,33,0,1
20260912_215351_529_traffic_scan_env2025_seed0-499_48352cd1,383,59,41,0,1
20260912_215351_529_traffic_scan_env2025_seed0-499_48352cd1,383,59,50,0,1
