run_id,traffic_seed,grid_x,grid_y,grid_z,distinct_flight_count
20260912_215351_529_traffic_scan_env2025_seed0-499_48352cd1,471,0,1,0,1
20260912_215351_529_traffic_scan_env2025_seed0-499_48352cd1,471,0,3,0,1
20260912_215351_529_traffic_scan_env2025_seed0-499_48352cd1,471,0,4,0,1
20260912_215351_529_traffic_scan_env2025_seed0-499_48352cd1,471,0,5,0,1
20260912_215351_529_traffic_scan_env2025_seed0-499_48352cd1,471,0,8,0,1
20260912_215351_529_traffic_scan_env2025_seed0-499_48352cd1,471,0,14,0,1
20260912_215351_529_traffic_scan_env2025_seed0-499_48352cd1,471,0,26,0,1
20260912_215351_529_traffic_scan_env2025_seed0-499_48352cd1,471,0,28,0,1
20260912_215351_529_traffic_scan_env2025_seed0-499_48352cd1,471,0,52,0,1
20260912_215351_529_traffic_scan_env2025_seed0-499_48352cd1,471,0,53,0,1
20260912_215351_529_traffic_scan_env2025_seed0-499_48352cd1,471,1,2,0,1
20260912_215351_529_traffic_scan_env2025_seed0-499_48352cd1,471,1,6,0,2
20260912_215351_529_traffic_scan_env2025_seed0-499_48352cd1,471,1,7,0,1
20260912_215351_529_traffic_scan_env2025_seed0-499_48352cd1,471,1,8,0,1
20260912_215351_529_traffic_scan_env2025_seed0-499_48352cd1,471,1,12,0,1
20260912_215351_529_traffic_scan_env2025_seed0-499_48352cd1,471,1,14,0,1
20260912_215351_529_traffic_scan_env2025_seed0-499_48352cd1,471,1,16,0,1
20260912_215351_529_traffic_scan_env2025_seed0-499_48352cd1,471,1,26,0,1
20260912_215351_529_traffic_scan_env2025_seed0-499_48352cd1,471,1,27,0,2
20260912_215351_529_traffic_scan_env2025_seed0-499_48352cd1,471,1,42,0,1
20260912_215351_529_traffic_scan_env2025_seed0-499_48352cd1,471,1,51,0,1
20260912_215351_529_traffic_scan_env2025_seed0-499_48352cd1,471,1,52,0,1
20260912_215351_529_traffic_scan_env2025_seed0-499_48352cd1,471,2,2,0,1
20260912_215351_529_traffic_scan_env2025_seed0-499_48352cd1,471,2,3,0,2
20260912_215351_529_traffic_scan_env2025_seed0-499_48352cd1,471,2,6,1,2
20260912_215351_529_traffic_scan_env2025_seed0-499_48352cd1,471,2,7,0,1
20260912_215351_529_traffic_scan_env2025_seed0-499_48352cd1,471,2,8,0,1
20260912_215351_529_traffic_scan_env2025_seed0-499_48352cd1,471,2,13,0,1
20260912_215351_529_traffic_scan_env2025_seed0-499_48352cd1,471,2,14,0,1
20260912_215351_529_traffic_scan_env2025_seed0-499_48352cd1,471,2,16,0,1
20260912_215351_529_traffic_scan_env2025_seed0-499_48352cd1,471,2,17,0,1
20260912_215351_529_traffic_scan_env2025_seed0-499_48352cd1,471,2,26,0,2
20260912_215351_529_traffic_scan_env2025_seed0-499_48352cd1,471,2,27,0,1
20260912_215351_529_traffic_scan_env2025_seed0-499_48352cd1,471,2,34,0,1
20260912_215351_529_traffic_scan_env2025_seed0-499_48352cd1,471,2,39,0,1
20260912_215351_529_traffic_scan_env2025_seed0-499_48352cd1,471,2,42,0,1
20260912_215351_529_traffic_scan_env2025_seed0-499_48352cd1,471,2,50,0,2
20260912_215351_529_traffic_scan_env2025_seed0-499_48352cd1,471,2,51,0,1
20260912_215351_529_traffic_scan_env2025_seed0-499_48352cd1,471,3,2,0,1
20260912_215351_529_traffic_scan_env2025_seed0-499_48352cd1,471,3,3,0,1
20260912_215351_529_traffic_scan_env2025_seed0-499_48352cd1,471,3,4,0,2
20260912_215351_529_traffic_scan_env2025_seed0-499_48352cd1,471,3,5,1,1
20260912_215351_529_traffic_scan_env2025_seed0-499_48352cd1,471,3,6,0,1
20260912_215351_529_traffic_scan_env2025_seed0-499_48352cd1,471,3,8,0,2
20260912_215351_529_traffic_scan_env2025_seed0-499_48352cd1,471,3,14,0,2
20260912_215351_529_traffic_scan_env2025_seed0-499_48352cd1,471,3,16,0,1
20260912_215351_529_traffic_scan_env2025_seed0-499_48352cd1,471,3,18,0,1
20260912_215351_529_traffic_scan_env2025_seed0-499_48352cd1,471,3,26,0,2
20260912_215351_529_traffic_scan_env2025_seed0-499_48352cd1,471,3,27,0,1
20260912_215351_529_traffic_scan_env2025_seed0-499_48352cd1,471,3,35,0,1
20260912_215351_529_traffic_scan_env2025_seed0-499_48352cd1,471,3,39,0,1
20260912_215351_529_traffic_scan_env2025_seed0-499_48352cd1,471,3,42,0,1
20260912_215351_529_traffic_scan_env2025_seed0-499_48352cd1,471,3,43,0,1
20260912_215351_529_traffic_scan_env2025_seed0-499_48352cd1,471,3,49,0,2
20260912_215351_529_traffic_scan_env2025_seed0-499_48352cd1,471,3,50,0,1
20260912_215351_529_traffic_scan_env2025_seed0-499_48352cd1,471,3,57,0,1
20260912_215351_529_traffic_scan_env2025_seed0-499_48352cd1,471,3,58,0,1
20260912_215351_529_traffic_scan_env2025_seed0-499_48352cd1,471,4,2,0,2
20260912_215351_529_traffic_scan_env2025_seed0-499_48352cd1,471,4,3,0,1
20260912_215351_529_traffic_scan_env2025_seed0-499_48352cd1,471,4,4,0,1
20260912_215351_529_traffic_scan_env2025_seed0-499_48352cd1,471,4,4,1,1
20260912_215351_529_traffic_scan_env2025_seed0-499_48352cd1,471,4,5,0,2
20260912_215351_529_traffic_scan_env2025_seed0-499_48352cd1,471,4,6,1,1
20260912_215351_529_traffic_scan_env2025_seed0-499_48352cd1,471,4,8,0,2
20260912_215351_529_traffic_scan_env2025_seed0-499_48352cd1,471,4,14,0,1
20260912_215351_529_traffic_scan_env2025_seed0-499_48352cd1,471,4,15,0,1
20260912_215351_529_traffic_scan_env2025_seed0-499_48352cd1,471,4,16,0,1
20260912_215351_529_traffic_scan_env2025_seed0-499_48352cd1,471,4,17,0,1
20260912_215351_529_traffic_scan_env2025_seed0-499_48352cd1,471,4,19,0,1
20260912_215351_529_traffic_scan_env2025_seed0-499_48352cd1,471,4,25,0,1
20260912_215351_529_traffic_scan_env2025_seed0-499_48352cd1,471,4,26,0,1
20260912_215351_529_traffic_scan_env2025_seed0-499_48352cd1,471,4,27,0,2
20260912_215351_529_traffic_scan_env2025_seed0-499_48352cd1,471,4,36,0,1
20260912_215351_529_traffic_scan_env2025_seed0-499_48352cd1,471,4,39,0,1
20260912_215351_529_traffic_scan_env2025_seed0-499_48352cd1,471,4,40,0,1
20260912_215351_529_traffic_scan_env2025_seed0-499_48352cd1,471,4,41,0,1
20260912_215351_529_traffic_scan_env2025_seed0-499_48352cd1,471,4,42,0,3
20260912_215351_529_traffic_scan_env2025_seed0-499_48352cd1,471,4,43,0,2
20260912_215351_529_traffic_scan_env2025_seed0-499_48352cd1,471,4,48,0,2
20260912_215351_529_traffic_scan_env2025_seed0-499_48352cd1,471,4,49,0,3
20260912_215351_529_traffic_scan_env2025_seed0-499_48352cd1,471,4,50,0,1
20260912_215351_529_traffic_scan_env2025_seed0-499_48352cd1,471,4,51,0,1
20260912_215351_529_traffic_scan_env2025_seed0-499_48352cd1,471,4,52,0,1
20260912_215351_529_traffic_scan_env2025_seed0-499_48352cd1,471,4,53,0,1
20260912_215351_529_traffic_scan_env2025_seed0-499_48352cd1,471,4,54,0,1
20260912_215351_529_traffic_scan_env2025_seed0-499_48352cd1,471,4,55,0,1
20260912_215351_529_traffic_scan_env2025_seed0-499_48352cd1,471,4,56,0,2
20260912_215351_529_traffic_scan_env2025_seed0-499_48352cd1,471,4,57,0,2
20260912_215351_529_traffic_scan_env2025_seed0-499_48352cd1,471,5,2,0,2
20260912_215351_529_traffic_scan_env2025_seed0-499_48352cd1,471,5,3,0,1
20260912_215351_529_traffic_scan_env2025_seed0-499_48352cd1,471,5,3,1,1
20260912_215351_529_traffic_scan_env2025_seed0-499_48352cd1,471,5,5,0,2
20260912_215351_529_traffic_scan_env2025_seed0-499_48352cd1,471,5,6,0,3
20260912_215351_529_traffic_scan_env2025_seed0-499_48352cd1,471,5,7,0,1
20260912_215351_529_traffic_scan_env2025_seed0-499_48352cd1,471,5,9,0,1
20260912_215351_529_traffic_scan_env2025_seed0-499_48352cd1,471,5,12,0,2
20260912_215351_529_traffic_scan_env2025_seed0-499_48352cd1,471,5,13,0,1
20260912_215351_529_traffic_scan_env2025_seed0-499_48352cd1,471,5,14,0,2
20260912_215351_529_traffic_scan_env2025_seed0-499_48352cd1,471,5,15,0,1
20260912_215351_529_traffic_scan_env2025_seed0-499_48352cd1,471,5,16,0,3
20260912_215351_529_traffic_scan_env2025_seed0-499_48352cd1,471,5,17,0,1
20260912_215351_529_traffic_scan_env2025_seed0-499_48352cd1,471,5,18,0,2
20260912_215351_529_traffic_scan_env2025_seed0-499_48352cd1,471,5,19,0,1
20260912_215351_529_traffic_scan_env2025_seed0-499_48352cd1,471,5,20,0,2
20260912_215351_529_traffic_scan_env2025_seed0-499_48352cd1,471,5,21,0,1
20260912_215351_529_traffic_scan_env2025_seed0-499_48352cd1,471,5,22,0,1
20260912_215351_529_traffic_scan_env2025_seed0-499_48352cd1,471,5,23,0,1
20260912_215351_529_traffic_scan_env2025_seed0-499_48352cd1,471,5,24,0,2
20260912_215351_529_traffic_scan_env2025_seed0-499_48352cd1,471,5,25,0,1
20260912_215351_529_traffic_scan_env2025_seed0-499_48352cd1,471,5,26,0,2
20260912_215351_529_traffic_scan_env2025_seed0-499_48352cd1,471,5,27,0,3
20260912_215351_529_traffic_scan_env2025_seed0-499_48352cd1,471,5,28,0,1
20260912_215351_529_traffic_scan_env2025_seed0-499_48352cd1,471,5,29,0,2
20260912_215351_529_traffic_scan_env2025_seed0-499_48352cd1,471,5,30,0,1
20260912_215351_529_traffic_scan_env2025_seed0-499_48352cd1,471,5,31,1,1
20260912_215351_529_traffic_scan_env2025_seed0-499_48352cd1,471,5,32,2,1
20260912_215351_529_traffic_scan_env2025_seed0-499_48352cd1,471,5,33,2,1
20260912_215351_529_traffic_scan_env2025_seed0-499_48352cd1,471,5,34,1,1
20260912_215351_529_traffic_scan_env2025_seed0-499_48352cd1,471,5,35,1,1
20260912_215351_529_traffic_scan_env2025_seed0-499_48352cd1,471,5,36,0,1
20260912_215351_529_traffic_scan_env2025_seed0-499_48352cd1,471,5,36,1,1
20260912_215351_529_traffic_scan_env2025_seed0-499_48352cd1,471,5,37,2,1
20260912_215351_529_traffic_scan_env2025_seed0-499_48352cd1,471,5,38,2,1
20260912_215351_529_traffic_scan_env2025_seed0-499_48352cd1,471,5,39,1,2
20260912_215351_529_traffic_scan_env2025_seed0-499_48352cd1,471,5,40,0,2
20260912_215351_529_traffic_scan_env2025_seed0-499_48352cd1,471,5,40,1,1
20260912_215351_529_traffic_scan_env2025_seed0-499_48352cd1,471,5,41,2,2
20260912_215351_529_traffic_scan_env2025_seed0-499_48352cd1,471,5,42,2,2
20260912_215351_529_traffic_scan_env2025_seed0-499_48352cd1,471,5,43,0,3
20260912_215351_529_traffic_scan_env2025_seed0-499_48352cd1,471,5,43,1,2
20260912_215351_529_traffic_scan_env2025_seed0-499_48352cd1,471,5,44,1,2
20260912_215351_529_traffic_scan_env2025_seed0-499_48352cd1,471,5,45,1,2
20260912_215351_529_traffic_scan_env2025_seed0-499_48352cd1,471,5,46,0,2
20260912_215351_529_traffic_scan_env2025_seed0-499_48352cd1,471,5,46,1,2
20260912_215351_529_traffic_scan_env2025_seed0-499_48352cd1,471,5,47,0,2
20260912_215351_529_traffic_scan_env2025_seed0-499_48352cd1,471,5,47,1,2
20260912_215351_529_traffic_scan_env2025_seed0-499_48352cd1,471,5,48,0,1
20260912_215351_529_traffic_scan_env2025_seed0-499_48352cd1,471,5,48,1,2
20260912_215351_529_traffic_scan_env2025_seed0-499_48352cd1,471,5,49,0,2
20260912_215351_529_traffic_scan_env2025_seed0-499_48352cd1,471,5,49,1,1
20260912_215351_529_traffic_scan_env2025_seed0-499_48352cd1,471,5,50,0,1
20260912_215351_529_traffic_scan_env2025_seed0-499_48352cd1,471,5,50,1,1
20260912_215351_529_traffic_scan_env2025_seed0-499_48352cd1,471,5,51,1,1
20260912_215351_529_traffic_scan_env2025_seed0-499_48352cd1,471,5,52,2,1
20260912_215351_529_traffic_scan_env2025_seed0-499_48352cd1,471,5,53,1,1
20260912_215351_529_traffic_scan_env2025_seed0-499_48352cd1,471,5,54,2,1
20260912_215351_529_traffic_scan_env2025_seed0-499_48352cd1,471,5,55,0,1
20260912_215351_529_traffic_scan_env2025_seed0-499_48352cd1,471,5,55,1,1
20260912_215351_529_traffic_scan_env2025_seed0-499_48352cd1,471,5,56,0,2
20260912_215351_529_traffic_scan_env2025_seed0-499_48352cd1,471,5,57,0,1
20260912_215351_529_traffic_scan_env2025_seed0-499_48352cd1,471,5,58,0,1
20260912_215351_529_traffic_scan_env2025_seed0-499_48352cd1,471,5,59,0,1
20260912_215351_529_traffic_scan_env2025_seed0-499_48352cd1,471,6,2,0,3
20260912_215351_529_traffic_scan_env2025_seed0-499_48352cd1,471,6,3,0,1
20260912_215351_529_traffic_scan_env2025_seed0-499_48352cd1,471,6,3,1,1
20260912_215351_529_traffic_scan_env2025_seed0-499_48352cd1,471,6,4,0,1
20260912_215351_529_traffic_scan_env2025_seed0-499_48352cd1,471,6,5,0,1
20260912_215351_529_traffic_scan_env2025_seed0-499_48352cd1,471,6,6,0,2
20260912_215351_529_traffic_scan_env2025_seed0-499_48352cd1,471,6,7,0,2
20260912_215351_529_traffic_scan_env2025_seed0-499_48352cd1,471,6,8,0,1
20260912_215351_529_traffic_scan_env2025_seed0-499_48352cd1,471,6,10,0,3
20260912_215351_529_traffic_scan_env2025_seed0-499_48352cd1,471,6,11,0,1
20260912_215351_529_traffic_scan_env2025_seed0-499_48352cd1,471,6,12,1,1
20260912_215351_529_traffic_scan_env2025_seed0-499_48352cd1,471,6,13,0,1
20260912_215351_529_traffic_scan_env2025_seed0-499_48352cd1,471,6,13,1,1
20260912_215351_529_traffic_scan_env2025_seed0-499_48352cd1,471,6,14,0,1
20260912_215351_529_traffic_scan_env2025_seed0-499_48352cd1,471,6,14,1,1
20260912_215351_529_traffic_scan_env2025_seed0-499_48352cd1,471,6,15,1,1
20260912_215351_529_traffic_scan_env2025_seed0-499_48352cd1,471,6,16,0,1
20260912_215351_529_traffic_scan_env2025_seed0-499_48352cd1,471,6,16,1,1
20260912_215351_529_traffic_scan_env2025_seed0-499_48352cd1,471,6,17,0,1
20260912_215351_529_traffic_scan_env2025_seed0-499_48352cd1,471,6,17,1,1
20260912_215351_529_traffic_scan_env2025_seed0-499_48352cd1,471,6,18,0,1
20260912_215351_529_traffic_scan_env2025_seed0-499_48352cd1,471,6,18,1,1
20260912_215351_529_traffic_scan_env2025_seed0-499_48352cd1,471,6,19,0,1
20260912_215351_529_traffic_scan_env2025_seed0-499_48352cd1,471,6,19,1,1
20260912_215351_529_traffic_scan_env2025_seed0-499_48352cd1,471,6,20,1,1
20260912_215351_529_traffic_scan_env2025_seed0-499_48352cd1,471,6,21,0,1
20260912_215351_529_traffic_scan_env2025_seed0-499_48352cd1,471,6,21,1,1
20260912_215351_529_traffic_scan_env2025_seed0-499_48352cd1,471,6,22,0,1
20260912_215351_529_traffic_scan_env2025_seed0-499_48352cd1,471,6,22,1,1
20260912_215351_529_traffic_scan_env2025_seed0-499_48352cd1,471,6,23,0,2
20260912_215351_529_traffic_scan_env2025_seed0-499_48352cd1,471,6,23,1,1
20260912_215351_529_traffic_scan_env2025_seed0-499_48352cd1,471,6,24,1,1
20260912_215351_529_traffic_scan_env2025_seed0-499_48352cd1,471,6,25,1,1
20260912_215351_529_traffic_scan_env2025_seed0-499_48352cd1,471,6,26,0,1
20260912_215351_529_traffic_scan_env2025_seed0-499_48352cd1,471,6,26,1,1
20260912_215351_529_traffic_scan_env2025_seed0-499_48352cd1,471,6,27,0,2
20260912_215351_529_traffic_scan_env2025_seed0-499_48352cd1,471,6,27,1,1
20260912_215351_529_traffic_scan_env2025_seed0-499_48352cd1,471,6,28,1,1
20260912_215351_529_traffic_scan_env2025_seed0-499_48352cd1,471,6,29,1,1
20260912_215351_529_traffic_scan_env2025_seed0-499_48352cd1,471,6,30,0,1
20260912_215351_529_traffic_scan_env2025_seed0-499_48352cd1,471,6,30,1,1
20260912_215351_529_traffic_scan_env2025_seed0-499_48352cd1,471,6,31,1,1
20260912_215351_529_traffic_scan_env2025_seed0-499_48352cd1,471,6,32,2,1
20260912_215351_529_traffic_scan_env2025_seed0-499_48352cd1,471,6,33,1,1
20260912_215351_529_traffic_scan_env2025_seed0-499_48352cd1,471,6,34,1,1
20260912_215351_529_traffic_scan_env2025_seed0-499_48352cd1,471,6,35,1,1
20260912_215351_529_traffic_scan_env2025_seed0-499_48352cd1,471,6,36,0,1
20260912_215351_529_traffic_scan_env2025_seed0-499_48352cd1,471,6,36,1,1
20260912_215351_529_traffic_scan_env2025_seed0-499_48352cd1,471,6,37,2,1
20260912_215351_529_traffic_scan_env2025_seed0-499_48352cd1,471,6,38,2,1
20260912_215351_529_traffic_scan_env2025_seed0-499_48352cd1,471,6,39,0,2
20260912_215351_529_traffic_scan_env2025_seed0-499_48352cd1,471,6,39,1,1
20260912_215351_529_traffic_scan_env2025_seed0-499_48352cd1,471,6,40,0,1
20260912_215351_529_traffic_scan_env2025_seed0-499_48352cd1,471,6,40,1,1
20260912_215351_529_traffic_scan_env2025_seed0-499_48352cd1,471,6,43,0,2
20260912_215351_529_traffic_scan_env2025_seed0-499_48352cd1,471,6,44,0,1
20260912_215351_529_traffic_scan_env2025_seed0-499_48352cd1,471,6,46,0,3
20260912_215351_529_traffic_scan_env2025_seed0-499_48352cd1,471,6,47,0,2
20260912_215351_529_traffic_scan_env2025_seed0-499_48352cd1,471,6,48,0,1
20260912_215351_529_traffic_scan_env2025_seed0-499_48352cd1,471,6,49,0,1
20260912_215351_529_traffic_scan_env2025_seed0-499_48352cd1,471,6,51,0,1
20260912_215351_529_traffic_scan_env2025_seed0-499_48352cd1,471,6,54,0,1
20260912_215351_529_traffic_scan_env2025_seed0-499_48352cd1,471,6,55,0,1
20260912_215351_529_traffic_scan_env2025_seed0-499_48352cd1,471,7,2,0,2
20260912_215351_529_traffic_scan_env2025_seed0-499_48352cd1,471,7,3,0,3
20260912_215351_529_traffic_scan_env2025_seed0-499_48352cd1,471,7,3,1,1
20260912_215351_529_traffic_scan_env2025_seed0-499_48352cd1,471,7,5,0,2
20260912_215351_529_traffic_scan_env2025_seed0-499_48352cd1,471,7,6,0,1
20260912_215351_529_traffic_scan_env2025_seed0-499_48352cd1,471,7,7,0,1
20260912_215351_529_traffic_scan_env2025_seed0-499_48352cd1,471,7,8,0,2
20260912_215351_529_traffic_scan_env2025_seed0-499_48352cd1,471,7,8,1,1
20260912_215351_529_traffic_scan_env2025_seed0-499_48352cd1,471,7,9,0,1
20260912_215351_529_traffic_scan_env2025_seed0-499_48352cd1,471,7,9,1,1
20260912_215351_529_traffic_scan_env2025_seed0-499_48352cd1,471,7,10,0,1
20260912_215351_529_traffic_scan_env2025_seed0-499_48352cd1,471,7,10,1,1
20260912_215351_529_traffic_scan_env2025_seed0-499_48352cd1,471,7,11,1,2
20260912_215351_529_traffic_scan_env2025_seed0-499_48352cd1,471,7,14,0,1
20260912_215351_529_traffic_scan_env2025_seed0-499_48352cd1,471,7,14,1,1
20260912_215351_529_traffic_scan_env2025_seed0-499_48352cd1,471,7,16,0,1
20260912_215351_529_traffic_scan_env2025_seed0-499_48352cd1,471,7,19,0,3
20260912_215351_529_traffic_scan_env2025_seed0-499_48352cd1,471,7,24,0,2
20260912_215351_529_traffic_scan_env2025_seed0-499_48352cd1,471,7,26,0,1
20260912_215351_529_traffic_scan_env2025_seed0-499_48352cd1,471,7,27,0,2
20260912_215351_529_traffic_scan_env2025_seed0-499_48352cd1,471,7,30,0,1
20260912_215351_529_traffic_scan_env2025_seed0-499_48352cd1,471,7,31,0,1
20260912_215351_529_traffic_scan_env2025_seed0-499_48352cd1,471,7,35,0,1
20260912_215351_529_traffic_scan_env2025_seed0-499_48352cd1,471,7,36,0,1
20260912_215351_529_traffic_scan_env2025_seed0-499_48352cd1,471,7,39,0,3
20260912_215351_529_traffic_scan_env2025_seed0-499_48352cd1,471,7,43,0,2
20260912_215351_529_traffic_scan_env2025_seed0-499_48352cd1,471,7,44,0,1
20260912_215351_529_traffic_scan_env2025_seed0-499_48352cd1,471,7,45,0,5
20260912_215351_529_traffic_scan_env2025_seed0-499_48352cd1,471,7,46,0,3
20260912_215351_529_traffic_scan_env2025_seed0-499_48352cd1,471,7,47,0,2
20260912_215351_529_traffic_scan_env2025_seed0-499_48352cd1,471,7,48,0,2
20260912_215351_529_traffic_scan_env2025_seed0-499_48352cd1,471,7,49,0,2
20260912_215351_529_traffic_scan_env2025_seed0-499_48352cd1,471,7,50,0,1
20260912_215351_529_traffic_scan_env2025_seed0-499_48352cd1,471,7,51,0,2
20260912_215351_529_traffic_scan_env2025_seed0-499_48352cd1,471,7,52,0,1
20260912_215351_529_traffic_scan_env2025_seed0-499_48352cd1,471,7,53,0,2
20260912_215351_529_traffic_scan_env2025_seed0-499_48352cd1,471,7,54,0,2
20260912_215351_529_traffic_scan_env2025_seed0-499_48352cd1,471,7,55,0,1
20260912_215351_529_traffic_scan_env2025_seed0-499_48352cd1,471,8,2,0,2
20260912_215351_529_traffic_scan_env2025_seed0-499_48352cd1,471,8,3,0,1
20260912_215351_529_traffic_scan_env2025_seed0-499_48352cd1,471,8,3,1,1
20260912_215351_529_traffic_scan_env2025_seed0-499_48352cd1,471,8,4,0,2
20260912_215351_529_traffic_scan_env2025_seed0-499_48352cd1,471,8,5,0,2
20260912_215351_529_traffic_scan_env2025_seed0-499_48352cd1,471,8,6,0,3
20260912_215351_529_traffic_scan_env2025_seed0-499_48352cd1,471,8,8,0,3
20260912_215351_529_traffic_scan_env2025_seed0-499_48352cd1,471,8,8,1,1
20260912_215351_529_traffic_scan_env2025_seed0-499_48352cd1,471,8,9,0,2
20260912_215351_529_traffic_scan_env2025_seed0-499_48352cd1,471,8,9,1,1
20260912_215351_529_traffic_scan_env2025_seed0-499_48352cd1,471,8,12,1,1
20260912_215351_529_traffic_scan_env2025_seed0-499_48352cd1,471,8,13,2,1
20260912_215351_529_traffic_scan_env2025_seed0-499_48352cd1,471,8,14,1,1
20260912_215351_529_traffic_scan_env2025_seed0-499_48352cd1,471,8,15,0,1
20260912_215351_529_traffic_scan_env2025_seed0-499_48352cd1,471,8,16,0,1
20260912_215351_529_traffic_scan_env2025_seed0-499_48352cd1,471,8,19,0,3
20260912_215351_529_traffic_scan_env2025_seed0-499_48352cd1,471,8,24,0,2
20260912_215351_529_traffic_scan_env2025_seed0-499_48352cd1,471,8,25,0,2
20260912_215351_529_traffic_scan_env2025_seed0-499_48352cd1,471,8,26,0,2
20260912_215351_529_traffic_scan_env2025_seed0-499_48352cd1,471,8,27,0,3
20260912_215351_529_traffic_scan_env2025_seed0-499_48352cd1,471,8,28,0,1
20260912_215351_529_traffic_scan_env2025_seed0-499_48352cd1,471,8,30,0,1
20260912_215351_529_traffic_scan_env2025_seed0-499_48352cd1,471,8,32,0,2
20260912_215351_529_traffic_scan_env2025_seed0-499_48352cd1,471,8,33,0,1
20260912_215351_529_traffic_scan_env2025_seed0-499_48352cd1,471,8,34,0,1
20260912_215351_529_traffic_scan_env2025_seed0-499_48352cd1,471,8,36,0,2
20260912_215351_529_traffic_scan_env2025_seed0-499_48352cd1,471,8,39,0,3
20260912_215351_529_traffic_scan_env2025_seed0-499_48352cd1,471,8,40,0,2
20260912_215351_529_traffic_scan_env2025_seed0-499_48352cd1,471,8,41,0,3
20260912_215351_529_traffic_scan_env2025_seed0-499_48352cd1,471,8,42,0,3
20260912_215351_529_traffic_scan_env2025_seed0-499_48352cd1,471,8,43,0,4
20260912_215351_529_traffic_scan_env2025_seed0-499_48352cd1,471,8,44,0,5
20260912_215351_529_traffic_scan_env2025_seed0-499_48352cd1,471,8,46,0,3
20260912_215351_529_traffic_scan_env2025_seed0-499_48352cd1,471,8,49,0,2
20260912_215351_529_traffic_scan_env2025_seed0-499_48352cd1,471,8,51,0,3
20260912_215351_529_traffic_scan_env2025_seed0-499_48352cd1,471,8,52,0,1
20260912_215351_529_traffic_scan_env2025_seed0-499_48352cd1,471,8,53,0,1
20260912_215351_529_traffic_scan_env2025_seed0-499_48352cd1,471,8,58,0,1
20260912_215351_529_traffic_scan_env2025_seed0-499_48352cd1,471,9,2,0,2
20260912_215351_529_traffic_scan_env2025_seed0-499_48352cd1,471,9,3,0,1
20260912_215351_529_traffic_scan_env2025_seed0-499_48352cd1,471,9,3,1,1
20260912_215351_529_traffic_scan_env2025_seed0-499_48352cd1,471,9,6,0,2
20260912_215351_529_traffic_scan_env2025_seed0-499_48352cd1,471,9,7,0,4
20260912_215351_529_traffic_scan_env2025_seed0-499_48352cd1,471,9,7,1,1
20260912_215351_529_traffic_scan_env2025_seed0-499_48352cd1,471,9,9,0,2
20260912_215351_529_traffic_scan_env2025_seed0-499_48352cd1,471,9,10,0,2
20260912_215351_529_traffic_scan_env2025_seed0-499_48352cd1,471,9,10,1,1
20260912_215351_529_traffic_scan_env2025_seed0-499_48352cd1,471,9,14,1,2
20260912_215351_529_traffic_scan_env2025_seed0-499_48352cd1,471,9,16,0,1
20260912_215351_529_traffic_scan_env2025_seed0-499_48352cd1,471,9,16,1,1
20260912_215351_529_traffic_scan_env2025_seed0-499_48352cd1,471,9,19,0,2
20260912_215351_529_traffic_scan_env2025_seed0-499_48352cd1,471,9,20,0,1
20260912_215351_529_traffic_scan_env2025_seed0-499_48352cd1,471,9,21,0,2
20260912_215351_529_traffic_scan_env2025_seed0-499_48352cd1,471,9,22,0,2
20260912_215351_529_traffic_scan_env2025_seed0-499_48352cd1,471,9,23,0,2
20260912_215351_529_traffic_scan_env2025_seed0-499_48352cd1,471,9,26,0,2
20260912_215351_529_traffic_scan_env2025_seed0-499_48352cd1,471,9,27,0,2
20260912_215351_529_traffic_scan_env2025_seed0-499_48352cd1,471,9,29,0,1
20260912_215351_529_traffic_scan_env2025_seed0-499_48352cd1,471,9,30,0,2
20260912_215351_529_traffic_scan_env2025_seed0-499_48352cd1,471,9,31,0,2
20260912_215351_529_traffic_scan_env2025_seed0-499_48352cd1,471,9,37,0,2
20260912_215351_529_traffic_scan_env2025_seed0-499_48352cd1,471,9,38,0,3
20260912_215351_529_traffic_scan_env2025_seed0-499_48352cd1,471,9,39,0,1
20260912_215351_529_traffic_scan_env2025_seed0-499_48352cd1,471,9,39,1,1
20260912_215351_529_traffic_scan_env2025_seed0-499_48352cd1,471,9,40,0,3
20260912_215351_529_traffic_scan_env2025_seed0-499_48352cd1,471,9,42,0,1
20260912_215351_529_traffic_scan_env2025_seed0-499_48352cd1,471,9,43,0,4
20260912_215351_529_traffic_scan_env2025_seed0-499_48352cd1,471,9,44,0,2
20260912_215351_529_traffic_scan_env2025_seed0-499_48352cd1,471,9,45,0,2
20260912_215351_529_traffic_scan_env2025_seed0-499_48352cd1,471,9,46,1,3
20260912_215351_529_traffic_scan_env2025_seed0-499_48352cd1,471,9,47,1,1
20260912_215351_529_traffic_scan_env2025_seed0-499_48352cd1,471,9,48,1,1
20260912_215351_529_traffic_scan_env2025_seed0-499_48352cd1,471,9,49,0,2
20260912_215351_529_traffic_scan_env2025_seed0-499_48352cd1,471,9,50,0,4
20260912_215351_529_traffic_scan_env2025_seed0-499_48352cd1,471,9,52,0,2
20260912_215351_529_traffic_scan_env2025_seed0-499_48352cd1,471,9,53,0,1
20260912_215351_529_traffic_scan_env2025_seed0-499_48352cd1,471,9,54,0,1
20260912_215351_529_traffic_scan_env2025_seed0-499_48352cd1,471,9,55,0,2
20260912_215351_529_traffic_scan_env2025_seed0-499_48352cd1,471,9,56,0,1
20260912_215351_529_traffic_scan_env2025_seed0-499_48352cd1,471,9,58,0,1
20260912_215351_529_traffic_scan_env2025_seed0-499_48352cd1,471,10,1,0,1
20260912_215351_529_traffic_scan_env2025_seed0-499_48352cd1,471,10,2,0,1
20260912_215351_529_traffic_scan_env2025_seed0-499_48352cd1,471,10,3,0,1
20260912_215351_529_traffic_scan_env2025_seed0-499_48352cd1,471,10,3,1,1
20260912_215351_529_traffic_scan_env2025_seed0-499_48352cd1,471,10,4,0,1
20260912_215351_529_traffic_scan_env2025_seed0-499_48352cd1,471,10,6,1,2
20260912_215351_529_traffic_scan_env2025_seed0-499_48352cd1,471,10,7,0,1
20260912_215351_529_traffic_scan_env2025_seed0-499_48352cd1,471,10,8,0,3
20260912_215351_529_traffic_scan_env2025_seed0-499_48352cd1,471,10,9,0,1
20260912_215351_529_traffic_scan_env2025_seed0-499_48352cd1,471,10,10,0,2
20260912_215351_529_traffic_scan_env2025_seed0-499_48352cd1,471,10,11,0,1
20260912_215351_529_traffic_scan_env2025_seed0-499_48352cd1,471,10,11,1,1
20260912_215351_529_traffic_scan_env2025_seed0-499_48352cd1,471,10,12,0,1
20260912_215351_529_traffic_scan_env2025_seed0-499_48352cd1,471,10,13,0,1
20260912_215351_529_traffic_scan_env2025_seed0-499_48352cd1,471,10,13,1,1
20260912_215351_529_traffic_scan_env2025_seed0-499_48352cd1,471,10,14,0,2
20260912_215351_529_traffic_scan_env2025_seed0-499_48352cd1,471,10,15,0,1
20260912_215351_529_traffic_scan_env2025_seed0-499_48352cd1,471,10,15,1,1
20260912_215351_529_traffic_scan_env2025_seed0-499_48352cd1,471,10,16,0,1
20260912_215351_529_traffic_scan_env2025_seed0-499_48352cd1,471,10,16,1,1
20260912_215351_529_traffic_scan_env2025_seed0-499_48352cd1,471,10,17,0,2
20260912_215351_529_traffic_scan_env2025_seed0-499_48352cd1,471,10,18,0,1
20260912_215351_529_traffic_scan_env2025_seed0-499_48352cd1,471,10,19,0,3
20260912_215351_529_traffic_scan_env2025_seed0-499_48352cd1,471,10,20,0,1
20260912_215351_529_traffic_scan_env2025_seed0-499_48352cd1,471,10,23,0,2
20260912_215351_529_traffic_scan_env2025_seed0-499_48352cd1,471,10,26,0,2
20260912_215351_529_traffic_scan_env2025_seed0-499_48352cd1,471,10,28,1,2
20260912_215351_529_traffic_scan_env2025_seed0-499_48352cd1,471,10,30,0,1
20260912_215351_529_traffic_scan_env2025_seed0-499_48352cd1,471,10,32,0,1
20260912_215351_529_traffic_scan_env2025_seed0-499_48352cd1,471,10,37,0,3
20260912_215351_529_traffic_scan_env2025_seed0-499_48352cd1,471,10,39,0,1
20260912_215351_529_traffic_scan_env2025_seed0-499_48352cd1,471,10,39,1,1
20260912_215351_529_traffic_scan_env2025_seed0-499_48352cd1,471,10,40,0,4
20260912_215351_529_traffic_scan_env2025_seed0-499_48352cd1,471,10,40,1,1
20260912_215351_529_traffic_scan_env2025_seed0-499_48352cd1,471,10,41,0,3
20260912_215351_529_traffic_scan_env2025_seed0-499_48352cd1,471,10,41,1,1
20260912_215351_529_traffic_scan_env2025_seed0-499_48352cd1,471,10,42,0,3
20260912_215351_529_traffic_scan_env2025_seed0-499_48352cd1,471,10,42,1,1
20260912_215351_529_traffic_scan_env2025_seed0-499_48352cd1,471,10,43,0,3
20260912_215351_529_traffic_scan_env2025_seed0-499_48352cd1,471,10,43,1,1
20260912_215351_529_traffic_scan_env2025_seed0-499_48352cd1,471,10,46,0,1
20260912_215351_529_traffic_scan_env2025_seed0-499_48352cd1,471,10,46,1,1
20260912_215351_529_traffic_scan_env2025_seed0-499_48352cd1,471,10,48,0,1
20260912_215351_529_traffic_scan_env2025_seed0-499_48352cd1,471,10,49,0,1
20260912_215351_529_traffic_scan_env2025_seed0-499_48352cd1,471,10,51,0,4
20260912_215351_529_traffic_scan_env2025_seed0-499_48352cd1,471,10,54,0,1
20260912_215351_529_traffic_scan_env2025_seed0-499_48352cd1,471,10,58,0,1
20260912_215351_529_traffic_scan_env2025_seed0-499_48352cd1,471,11,0,0,1
20260912_215351_529_traffic_scan_env2025_seed0-499_48352cd1,471,11,1,0,1
20260912_215351_529_traffic_scan_env2025_seed0-499_48352cd1,471,11,2,0,1
20260912_215351_529_traffic_scan_env2025_seed0-499_48352cd1,471,11,3,0,1
20260912_215351_529_traffic_scan_env2025_seed0-499_48352cd1,471,11,3,1,1
20260912_215351_529_traffic_scan_env2025_seed0-499_48352cd1,471,11,4,1,1
20260912_215351_529_traffic_scan_env2025_seed0-499_48352cd1,471,11,5,1,1
20260912_215351_529_traffic_scan_env2025_seed0-499_48352cd1,471,11,6,1,1
20260912_215351_529_traffic_scan_env2025_seed0-499_48352cd1,471,11,8,0,1
20260912_215351_529_traffic_scan_env2025_seed0-499_48352cd1,471,11,9,0,3
20260912_215351_529_traffic_scan_env2025_seed0-499_48352cd1,471,11,9,1,1
20260912_215351_529_traffic_scan_env2025_seed0-499_48352cd1,471,11,10,0,1
20260912_215351_529_traffic_scan_env2025_seed0-499_48352cd1,471,11,11,0,2
20260912_215351_529_traffic_scan_env2025_seed0-499_48352cd1,471,11,12,0,1
20260912_215351_529_traffic_scan_env2025_seed0-499_48352cd1,471,11,12,1,2
20260912_215351_529_traffic_scan_env2025_seed0-499_48352cd1,471,11,13,1,1
20260912_215351_529_traffic_scan_env2025_seed0-499_48352cd1,471,11,15,0,1
20260912_215351_529_traffic_scan_env2025_seed0-499_48352cd1,471,11,16,1,2
20260912_215351_529_traffic_scan_env2025_seed0-499_48352cd1,471,11,18,0,3
20260912_215351_529_traffic_scan_env2025_seed0-499_48352cd1,471,11,22,0,1
20260912_215351_529_traffic_scan_env2025_seed0-499_48352cd1,471,11,24,0,1
20260912_215351_529_traffic_scan_env2025_seed0-499_48352cd1,471,11,25,0,1
20260912_215351_529_traffic_scan_env2025_seed0-499_48352cd1,471,11,26,0,2
20260912_215351_529_traffic_scan_env2025_seed0-499_48352cd1,471,11,27,2,2
20260912_215351_529_traffic_scan_env2025_seed0-499_48352cd1,471,11,30,0,1
20260912_215351_529_traffic_scan_env2025_seed0-499_48352cd1,471,11,32,0,1
20260912_215351_529_traffic_scan_env2025_seed0-499_48352cd1,471,11,36,0,2
20260912_215351_529_traffic_scan_env2025_seed0-499_48352cd1,471,11,38,0,1
20260912_215351_529_traffic_scan_env2025_seed0-499_48352cd1,471,11,38,1,1
20260912_215351_529_traffic_scan_env2025_seed0-499_48352cd1,471,11,39,0,4
20260912_215351_529_traffic_scan_env2025_seed0-499_48352cd1,471,11,39,1,2
20260912_215351_529_traffic_scan_env2025_seed0-499_48352cd1,471,11,42,0,3
20260912_215351_529_traffic_scan_env2025_seed0-499_48352cd1,471,11,42,1,1
20260912_215351_529_traffic_scan_env2025_seed0-499_48352cd1,471,11,44,0,1
20260912_215351_529_traffic_scan_env2025_seed0-499_48352cd1,471,11,45,0,1
20260912_215351_529_traffic_scan_env2025_seed0-499_48352cd1,471,11,46,0,2
20260912_215351_529_traffic_scan_env2025_seed0-499_48352cd1,471,11,46,1,1
20260912_215351_529_traffic_scan_env2025_seed0-499_48352cd1,471,11,47,0,2
20260912_215351_529_traffic_scan_env2025_seed0-499_48352cd1,471,11,48,0,2
20260912_215351_529_traffic_scan_env2025_seed0-499_48352cd1,471,11,49,0,1
20260912_215351_529_traffic_scan_env2025_seed0-499_48352cd1,471,11,50,0,5
20260912_215351_529_traffic_scan_env2025_seed0-499_48352cd1,471,11,51,0,2
20260912_215351_529_traffic_scan_env2025_seed0-499_48352cd1,471,11,53,0,1
20260912_215351_529_traffic_scan_env2025_seed0-499_48352cd1,471,11,58,0,2
20260912_215351_529_traffic_scan_env2025_seed0-499_48352cd1,471,12,1,0,2
20260912_215351_529_traffic_scan_env2025_seed0-499_48352cd1,471,12,2,0,1
20260912_215351_529_traffic_scan_env2025_seed0-499_48352cd1,471,12,3,1,2
20260912_215351_529_traffic_scan_env2025_seed0-499_48352cd1,471,12,4,0,1
20260912_215351_529_traffic_scan_env2025_seed0-499_48352cd1,471,12,4,1,1
20260912_215351_529_traffic_scan_env2025_seed0-499_48352cd1,471,12,7,0,1
20260912_215351_529_traffic_scan_env2025_seed0-499_48352cd1,471,12,9,0,1
20260912_215351_529_traffic_scan_env2025_seed0-499_48352cd1,471,12,10,0,5
20260912_215351_529_traffic_scan_env2025_seed0-499_48352cd1,471,12,10,1,2
20260912_215351_529_traffic_scan_env2025_seed0-499_48352cd1,471,12,12,0,2
20260912_215351_529_traffic_scan_env2025_seed0-499_48352cd1,471,12,13,1,3
20260912_215351_529_traffic_scan_env2025_seed0-499_48352cd1,471,12,16,0,1
20260912_215351_529_traffic_scan_env2025_seed0-499_48352cd1,471,12,16,1,1
20260912_215351_529_traffic_scan_env2025_seed0-499_48352cd1,471,12,17,1,1
20260912_215351_529_traffic_scan_env2025_seed0-499_48352cd1,471,12,18,0,3
20260912_215351_529_traffic_scan_env2025_seed0-499_48352cd1,471,12,21,0,1
20260912_215351_529_traffic_scan_env2025_seed0-499_48352cd1,471,12,26,0,1
20260912_215351_529_traffic_scan_env2025_seed0-499_48352cd1,471,12,27,0,2
20260912_215351_529_traffic_scan_env2025_seed0-499_48352cd1,471,12,27,1,3
20260912_215351_529_traffic_scan_env2025_seed0-499_48352cd1,471,12,28,0,2
20260912_215351_529_traffic_scan_env2025_seed0-499_48352cd1,471,12,30,0,1
20260912_215351_529_traffic_scan_env2025_seed0-499_48352cd1,471,12,32,0,2
20260912_215351_529_traffic_scan_env2025_seed0-499_48352cd1,471,12,33,2,1
20260912_215351_529_traffic_scan_env2025_seed0-499_48352cd1,471,12,34,2,1
20260912_215351_529_traffic_scan_env2025_seed0-499_48352cd1,471,12,35,0,5
20260912_215351_529_traffic_scan_env2025_seed0-499_48352cd1,471,12,35,1,1
20260912_215351_529_traffic_scan_env2025_seed0-499_48352cd1,471,12,36,0,3
20260912_215351_529_traffic_scan_env2025_seed0-499_48352cd1,471,12,36,1,1
20260912_215351_529_traffic_scan_env2025_seed0-499_48352cd1,471,12,37,0,3
20260912_215351_529_traffic_scan_env2025_seed0-499_48352cd1,471,12,37,1,2
20260912_215351_529_traffic_scan_env2025_seed0-499_48352cd1,471,12,38,0,4
20260912_215351_529_traffic_scan_env2025_seed0-499_48352cd1,471,12,38,1,1
20260912_215351_529_traffic_scan_env2025_seed0-499_48352cd1,471,12,39,2,1
20260912_215351_529_traffic_scan_env2025_seed0-499_48352cd1,471,12,40,0,1
20260912_215351_529_traffic_scan_env2025_seed0-499_48352cd1,471,12,41,0,2
20260912_215351_529_traffic_scan_env2025_seed0-499_48352cd1,471,12,41,1,1
20260912_215351_529_traffic_scan_env2025_seed0-499_48352cd1,471,12,42,0,1
20260912_215351_529_traffic_scan_env2025_seed0-499_48352cd1,471,12,46,0,2
20260912_215351_529_traffic_scan_env2025_seed0-499_48352cd1,471,12,46,1,1
20260912_215351_529_traffic_scan_env2025_seed0-499_48352cd1,471,12,47,0,1
20260912_215351_529_traffic_scan_env2025_seed0-499_48352cd1,471,12,47,1,1
20260912_215351_529_traffic_scan_env2025_seed0-499_48352cd1,471,12,48,1,1
20260912_215351_529_traffic_scan_env2025_seed0-499_48352cd1,471,12,49,1,5
20260912_215351_529_traffic_scan_env2025_seed0-499_48352cd1,471,12,50,1,1
20260912_215351_529_traffic_scan_env2025_seed0-499_48352cd1,471,12,51,0,2
20260912_215351_529_traffic_scan_env2025_seed0-499_48352cd1,471,12,51,1,1
20260912_215351_529_traffic_scan_env2025_seed0-499_48352cd1,471,12,52,0,3
20260912_215351_529_traffic_scan_env2025_seed0-499_48352cd1,471,12,52,1,1
20260912_215351_529_traffic_scan_env2025_seed0-499_48352cd1,471,12,53,0,1
20260912_215351_529_traffic_scan_env2025_seed0-499_48352cd1,471,12,54,0,2
20260912_215351_529_traffic_scan_env2025_seed0-499_48352cd1,471,12,55,0,1
20260912_215351_529_traffic_scan_env2025_seed0-499_48352cd1,471,12,56,0,1
20260912_215351_529_traffic_scan_env2025_seed0-499_48352cd1,471,12,57,0,1
20260912_215351_529_traffic_scan_env2025_seed0-499_48352cd1,471,12,58,0,3
20260912_215351_529_traffic_scan_env2025_seed0-499_48352cd1,471,12,59,0,1
20260912_215351_529_traffic_scan_env2025_seed0-499_48352cd1,471,13,1,0,2
20260912_215351_529_traffic_scan_env2025_seed0-499_48352cd1,471,13,2,0,1
20260912_215351_529_traffic_scan_env2025_seed0-499_48352cd1,471,13,3,1,2
20260912_215351_529_traffic_scan_env2025_seed0-499_48352cd1,471,13,4,0,1
20260912_215351_529_traffic_scan_env2025_seed0-499_48352cd1,471,13,4,1,1
20260912_215351_529_traffic_scan_env2025_seed0-499_48352cd1,471,13,8,0,1
20260912_215351_529_traffic_scan_env2025_seed0-499_48352cd1,471,13,9,0,1
20260912_215351_529_traffic_scan_env2025_seed0-499_48352cd1,471,13,10,0,2
20260912_215351_529_traffic_scan_env2025_seed0-499_48352cd1,471,13,11,0,4
20260912_215351_529_traffic_scan_env2025_seed0-499_48352cd1,471,13,11,1,3
20260912_215351_529_traffic_scan_env2025_seed0-499_48352cd1,471,13,12,0,1
20260912_215351_529_traffic_scan_env2025_seed0-499_48352cd1,471,13,13,0,1
20260912_215351_529_traffic_scan_env2025_seed0-499_48352cd1,471,13,13,1,1
20260912_215351_529_traffic_scan_env2025_seed0-499_48352cd1,471,13,14,0,1
20260912_215351_529_traffic_scan_env2025_seed0-499_48352cd1,471,13,14,1,2
20260912_215351_529_traffic_scan_env2025_seed0-499_48352cd1,471,13,15,0,1
20260912_215351_529_traffic_scan_env2025_seed0-499_48352cd1,471,13,15,1,2
20260912_215351_529_traffic_scan_env2025_seed0-499_48352cd1,471,13,16,0,1
20260912_215351_529_traffic_scan_env2025_seed0-499_48352cd1,471,13,16,1,1
20260912_215351_529_traffic_scan_env2025_seed0-499_48352cd1,471,13,18,1,1
20260912_215351_529_traffic_scan_env2025_seed0-499_48352cd1,471,13,19,0,3
20260912_215351_529_traffic_scan_env2025_seed0-499_48352cd1,471,13,20,0,1
20260912_215351_529_traffic_scan_env2025_seed0-499_48352cd1,471,13,27,2,3
20260912_215351_529_traffic_scan_env2025_seed0-499_48352cd1,471,13,29,0,2
20260912_215351_529_traffic_scan_env2025_seed0-499_48352cd1,471,13,30,0,1
20260912_215351_529_traffic_scan_env2025_seed0-499_48352cd1,471,13,31,0,1
20260912_215351_529_traffic_scan_env2025_seed0-499_48352cd1,471,13,32,1,1
20260912_215351_529_traffic_scan_env2025_seed0-499_48352cd1,471,13,33,0,2
20260912_215351_529_traffic_scan_env2025_seed0-499_48352cd1,471,13,34,0,5
20260912_215351_529_traffic_scan_env2025_seed0-499_48352cd1,471,13,36,2,1
20260912_215351_529_traffic_scan_env2025_seed0-499_48352cd1,471,13,39,0,2
20260912_215351_529_traffic_scan_env2025_seed0-499_48352cd1,471,13,39,1,1
20260912_215351_529_traffic_scan_env2025_seed0-499_48352cd1,471,13,40,0,2
20260912_215351_529_traffic_scan_env2025_seed0-499_48352cd1,471,13,40,1,1
20260912_215351_529_traffic_scan_env2025_seed0-499_48352cd1,471,13,42,0,1
20260912_215351_529_traffic_scan_env2025_seed0-499_48352cd1,471,13,45,1,2
20260912_215351_529_traffic_scan_env2025_seed0-499_48352cd1,471,13,46,0,2
20260912_215351_529_traffic_scan_env2025_seed0-499_48352cd1,471,13,46,1,2
20260912_215351_529_traffic_scan_env2025_seed0-499_48352cd1,471,13,48,0,3
20260912_215351_529_traffic_scan_env2025_seed0-499_48352cd1,471,13,48,1,2
20260912_215351_529_traffic_scan_env2025_seed0-499_48352cd1,471,13,50,0,2
20260912_215351_529_traffic_scan_env2025_seed0-499_48352cd1,471,13,52,0,3
20260912_215351_529_traffic_scan_env2025_seed0-499_48352cd1,471,13,53,0,2
20260912_215351_529_traffic_scan_env2025_seed0-499_48352cd1,471,13,55,0,1
20260912_215351_529_traffic_scan_env2025_seed0-499_48352cd1,471,13,58,0,2
20260912_215351_529_traffic_scan_env2025_seed0-499_48352cd1,471,14,1,0,1
20260912_215351_529_traffic_scan_env2025_seed0-499_48352cd1,471,14,3,0,1
20260912_215351_529_traffic_scan_env2025_seed0-499_48352cd1,471,14,3,1,2
20260912_215351_529_traffic_scan_env2025_seed0-499_48352cd1,471,14,4,0,1
20260912_215351_529_traffic_scan_env2025_seed0-499_48352cd1,471,14,4,1,1
20260912_215351_529_traffic_scan_env2025_seed0-499_48352cd1,471,14,8,0,1
20260912_215351_529_traffic_scan_env2025_seed0-499_48352cd1,471,14,9,0,1
20260912_215351_529_traffic_scan_env2025_seed0-499_48352cd1,471,14,11,0,1
20260912_215351_529_traffic_scan_env2025_seed0-499_48352cd1,471,14,11,1,1
20260912_215351_529_traffic_scan_env2025_seed0-499_48352cd1,471,14,12,0,5
20260912_215351_529_traffic_scan_env2025_seed0-499_48352cd1,471,14,12,1,4
20260912_215351_529_traffic_scan_env2025_seed0-499_48352cd1,471,14,13,1,1
20260912_215351_529_traffic_scan_env2025_seed0-499_48352cd1,471,14,16,0,1
20260912_215351_529_traffic_scan_env2025_seed0-499_48352cd1,471,14,16,1,3
20260912_215351_529_traffic_scan_env2025_seed0-499_48352cd1,471,14,17,0,1
20260912_215351_529_traffic_scan_env2025_seed0-499_48352cd1,471,14,19,0,3
20260912_215351_529_traffic_scan_env2025_seed0-499_48352cd1,471,14,19,1,1
20260912_215351_529_traffic_scan_env2025_seed0-499_48352cd1,471,14,20,0,1
20260912_215351_529_traffic_scan_env2025_seed0-499_48352cd1,471,14,27,2,3
20260912_215351_529_traffic_scan_env2025_seed0-499_48352cd1,471,14,30,0,4
20260912_215351_529_traffic_scan_env2025_seed0-499_48352cd1,471,14,31,1,1
20260912_215351_529_traffic_scan_env2025_seed0-499_48352cd1,471,14,33,0,5
20260912_215351_529_traffic_scan_env2025_seed0-499_48352cd1,471,14,36,2,1
20260912_215351_529_traffic_scan_env2025_seed0-499_48352cd1,471,14,39,0,3
20260912_215351_529_traffic_scan_env2025_seed0-499_48352cd1,471,14,39,1,2
20260912_215351_529_traffic_scan_env2025_seed0-499_48352cd1,471,14,40,0,1
20260912_215351_529_traffic_scan_env2025_seed0-499_48352cd1,471,14,42,0,1
20260912_215351_529_traffic_scan_env2025_seed0-499_48352cd1,471,14,44,1,2
20260912_215351_529_traffic_scan_env2025_seed0-499_48352cd1,471,14,45,0,1
20260912_215351_529_traffic_scan_env2025_seed0-499_48352cd1,471,14,46,0,1
20260912_215351_529_traffic_scan_env2025_seed0-499_48352cd1,471,14,46,1,1
20260912_215351_529_traffic_scan_env2025_seed0-499_48352cd1,471,14,47,0,3
20260912_215351_529_traffic_scan_env2025_seed0-499_48352cd1,471,14,47,1,3
20260912_215351_529_traffic_scan_env2025_seed0-499_48352cd1,471,14,49,0,1
20260912_215351_529_traffic_scan_env2025_seed0-499_48352cd1,471,14,50,0,1
20260912_215351_529_traffic_scan_env2025_seed0-499_48352cd1,471,14,51,0,2
20260912_215351_529_traffic_scan_env2025_seed0-499_48352cd1,471,14,53,0,1
20260912_215351_529_traffic_scan_env2025_seed0-499_48352cd1,471,14,54,0,1
20260912_215351_529_traffic_scan_env2025_seed0-499_48352cd1,471,14,55,0,1
20260912_215351_529_traffic_scan_env2025_seed0-499_48352cd1,471,14,58,0,2
20260912_215351_529_traffic_scan_env2025_seed0-499_48352cd1,471,15,1,0,1
20260912_215351_529_traffic_scan_env2025_seed0-499_48352cd1,471,15,2,0,1
20260912_215351_529_traffic_scan_env2025_seed0-499_48352cd1,471,15,3,1,2
20260912_215351_529_traffic_scan_env2025_seed0-499_48352cd1,471,15,4,0,2
20260912_215351_529_traffic_scan_env2025_seed0-499_48352cd1,471,15,4,1,1
20260912_215351_529_traffic_scan_env2025_seed0-499_48352cd1,471,15,7,0,1
20260912_215351_529_traffic_scan_env2025_seed0-499_48352cd1,471,15,10,0,1
20260912_215351_529_traffic_scan_env2025_seed0-499_48352cd1,471,15,11,0,1
20260912_215351_529_traffic_scan_env2025_seed0-499_48352cd1,471,15,11,1,1
20260912_215351_529_traffic_scan_env2025_seed0-499_48352cd1,471,15,13,0,4
20260912_215351_529_traffic_scan_env2025_seed0-499_48352cd1,471,15,13,1,5
20260912_215351_529_traffic_scan_env2025_seed0-499_48352cd1,471,15,16,0,1
20260912_215351_529_traffic_scan_env2025_seed0-499_48352cd1,471,15,16,1,3
20260912_215351_529_traffic_scan_env2025_seed0-499_48352cd1,471,15,17,0,1
20260912_215351_529_traffic_scan_env2025_seed0-499_48352cd1,471,15,18,0,4
20260912_215351_529_traffic_scan_env2025_seed0-499_48352cd1,471,15,20,2,1
20260912_215351_529_traffic_scan_env2025_seed0-499_48352cd1,471,15,21,0,1
20260912_215351_529_traffic_scan_env2025_seed0-499_48352cd1,471,15,27,1,3
20260912_215351_529_traffic_scan_env2025_seed0-499_48352cd1,471,15,29,0,2
20260912_215351_529_traffic_scan_env2025_seed0-499_48352cd1,471,15,30,1,1
20260912_215351_529_traffic_scan_env2025_seed0-499_48352cd1,471,15,31,0,2
20260912_215351_529_traffic_scan_env2025_seed0-499_48352cd1,471,15,32,0,4
20260912_215351_529_traffic_scan_env2025_seed0-499_48352cd1,471,15,34,0,1
20260912_215351_529_traffic_scan_env2025_seed0-499_48352cd1,471,15,35,1,1
20260912_215351_529_traffic_scan_env2025_seed0-499_48352cd1,471,15,38,0,3
20260912_215351_529_traffic_scan_env2025_seed0-499_48352cd1,471,15,38,1,1
20260912_215351_529_traffic_scan_env2025_seed0-499_48352cd1,471,15,39,1,1
20260912_215351_529_traffic_scan_env2025_seed0-499_48352cd1,471,15,41,0,1
20260912_215351_529_traffic_scan_env2025_seed0-499_48352cd1,471,15,42,0,1
20260912_215351_529_traffic_scan_env2025_seed0-499_48352cd1,471,15,43,1,2
20260912_215351_529_traffic_scan_env2025_seed0-499_48352cd1,471,15,44,0,2
20260912_215351_529_traffic_scan_env2025_seed0-499_48352cd1,471,15,45,0,1
20260912_215351_529_traffic_scan_env2025_seed0-499_48352cd1,471,15,45,1,1
20260912_215351_529_traffic_scan_env2025_seed0-499_48352cd1,471,15,46,1,5
20260912_215351_529_traffic_scan_env2025_seed0-499_48352cd1,471,15,47,1,1
20260912_215351_529_traffic_scan_env2025_seed0-499_48352cd1,471,15,48,1,1
20260912_215351_529_traffic_scan_env2025_seed0-499_48352cd1,471,15,49,0,1
20260912_215351_529_traffic_scan_env2025_seed0-499_48352cd1,471,15,50,0,5
20260912_215351_529_traffic_scan_env2025_seed0-499_48352cd1,471,15,51,0,3
20260912_215351_529_traffic_scan_env2025_seed0-499_48352cd1,471,15,52,0,1
20260912_215351_529_traffic_scan_env2025_seed0-499_48352cd1,471,15,53,0,4
20260912_215351_529_traffic_scan_env2025_seed0-499_48352cd1,471,15,54,0,1
20260912_215351_529_traffic_scan_env2025_seed0-499_48352cd1,471,15,58,0,2
20260912_215351_529_traffic_scan_env2025_seed0-499_48352cd1,471,16,1,0,1
20260912_215351_529_traffic_scan_env2025_seed0-499_48352cd1,471,16,3,0,1
20260912_215351_529_traffic_scan_env2025_seed0-499_48352cd1,471,16,3,1,2
20260912_215351_529_traffic_scan_env2025_seed0-499_48352cd1,471,16,4,0,2
20260912_215351_529_traffic_scan_env2025_seed0-499_48352cd1,471,16,4,1,1
20260912_215351_529_traffic_scan_env2025_seed0-499_48352cd1,471,16,7,0,1
20260912_215351_529_traffic_scan_env2025_seed0-499_48352cd1,471,16,10,1,2
20260912_215351_529_traffic_scan_env2025_seed0-499_48352cd1,471,16,11,0,1
20260912_215351_529_traffic_scan_env2025_seed0-499_48352cd1,471,16,11,1,3
20260912_215351_529_traffic_scan_env2025_seed0-499_48352cd1,471,16,12,0,1
20260912_215351_529_traffic_scan_env2025_seed0-499_48352cd1,471,16,12,1,2
20260912_215351_529_traffic_scan_env2025_seed0-499_48352cd1,471,16,13,1,3
20260912_215351_529_traffic_scan_env2025_seed0-499_48352cd1,471,16,14,0,4
20260912_215351_529_traffic_scan_env2025_seed0-499_48352cd1,471,16,14,1,6
20260912_215351_529_traffic_scan_env2025_seed0-499_48352cd1,471,16,15,0,1
20260912_215351_529_traffic_scan_env2025_seed0-499_48352cd1,471,16,15,1,2
20260912_215351_529_traffic_scan_env2025_seed0-499_48352cd1,471,16,16,1,3
20260912_215351_529_traffic_scan_env2025_seed0-499_48352cd1,471,16,17,0,2
20260912_215351_529_traffic_scan_env2025_seed0-499_48352cd1,471,16,17,1,4
20260912_215351_529_traffic_scan_env2025_seed0-499_48352cd1,471,16,18,0,2
20260912_215351_529_traffic_scan_env2025_seed0-499_48352cd1,471,16,18,1,2
20260912_215351_529_traffic_scan_env2025_seed0-499_48352cd1,471,16,19,0,3
20260912_215351_529_traffic_scan_env2025_seed0-499_48352cd1,471,16,19,1,3
20260912_215351_529_traffic_scan_env2025_seed0-499_48352cd1,471,16,20,1,3
20260912_215351_529_traffic_scan_env2025_seed0-499_48352cd1,471,16,21,1,4
20260912_215351_529_traffic_scan_env2025_seed0-499_48352cd1,471,16,22,0,1
20260912_215351_529_traffic_scan_env2025_seed0-499_48352cd1,471,16,22,1,2
20260912_215351_529_traffic_scan_env2025_seed0-499_48352cd1,471,16,23,1,2
20260912_215351_529_traffic_scan_env2025_seed0-499_48352cd1,471,16,24,1,2
20260912_215351_529_traffic_scan_env2025_seed0-499_48352cd1,471,16,25,1,2
20260912_215351_529_traffic_scan_env2025_seed0-499_48352cd1,471,16,26,1,2
20260912_215351_529_traffic_scan_env2025_seed0-499_48352cd1,471,16,27,0,1
20260912_215351_529_traffic_scan_env2025_seed0-499_48352cd1,471,16,27,1,4
20260912_215351_529_traffic_scan_env2025_seed0-499_48352cd1,471,16,28,0,2
20260912_215351_529_traffic_scan_env2025_seed0-499_48352cd1,471,16,28,1,1
20260912_215351_529_traffic_scan_env2025_seed0-499_48352cd1,471,16,29,0,2
20260912_215351_529_traffic_scan_env2025_seed0-499_48352cd1,471,16,29,1,2
20260912_215351_529_traffic_scan_env2025_seed0-499_48352cd1,471,16,30,0,1
20260912_215351_529_traffic_scan_env2025_seed0-499_48352cd1,471,16,30,1,1
20260912_215351_529_traffic_scan_env2025_seed0-499_48352cd1,471,16,31,0,5
20260912_215351_529_traffic_scan_env2025_seed0-499_48352cd1,471,16,31,1,1
20260912_215351_529_traffic_scan_env2025_seed0-499_48352cd1,471,16,32,0,3
20260912_215351_529_traffic_scan_env2025_seed0-499_48352cd1,471,16,32,1,1
20260912_215351_529_traffic_scan_env2025_seed0-499_48352cd1,471,16,33,0,1
20260912_215351_529_traffic_scan_env2025_seed0-499_48352cd1,471,16,33,1,1
20260912_215351_529_traffic_scan_env2025_seed0-499_48352cd1,471,16,34,0,1
20260912_215351_529_traffic_scan_env2025_seed0-499_48352cd1,471,16,34,1,2
20260912_215351_529_traffic_scan_env2025_seed0-499_48352cd1,471,16,35,0,2
20260912_215351_529_traffic_scan_env2025_seed0-499_48352cd1,471,16,35,1,1
20260912_215351_529_traffic_scan_env2025_seed0-499_48352cd1,471,16,36,0,1
20260912_215351_529_traffic_scan_env2025_seed0-499_48352cd1,471,16,36,1,1
20260912_215351_529_traffic_scan_env2025_seed0-499_48352cd1,471,16,37,0,5
20260912_215351_529_traffic_scan_env2025_seed0-499_48352cd1,471,16,37,1,2
20260912_215351_529_traffic_scan_env2025_seed0-499_48352cd1,471,16,38,0,2
20260912_215351_529_traffic_scan_env2025_seed0-499_48352cd1,471,16,38,1,1
20260912_215351_529_traffic_scan_env2025_seed0-499_48352cd1,471,16,39,0,1
20260912_215351_529_traffic_scan_env2025_seed0-499_48352cd1,471,16,39,1,1
20260912_215351_529_traffic_scan_env2025_seed0-499_48352cd1,471,16,40,0,1
20260912_215351_529_traffic_scan_env2025_seed0-499_48352cd1,471,16,40,1,2
20260912_215351_529_traffic_scan_env2025_seed0-499_48352cd1,471,16,41,0,1
20260912_215351_529_traffic_scan_env2025_seed0-499_48352cd1,471,16,41,1,1
20260912_215351_529_traffic_scan_env2025_seed0-499_48352cd1,471,16,42,0,3
20260912_215351_529_traffic_scan_env2025_seed0-499_48352cd1,471,16,42,1,3
20260912_215351_529_traffic_scan_env2025_seed0-499_48352cd1,471,16,43,0,2
20260912_215351_529_traffic_scan_env2025_seed0-499_48352cd1,471,16,43,1,1
20260912_215351_529_traffic_scan_env2025_seed0-499_48352cd1,471,16,44,2,2
20260912_215351_529_traffic_scan_env2025_seed0-499_48352cd1,471,16,45,2,5
20260912_215351_529_traffic_scan_env2025_seed0-499_48352cd1,471,16,46,0,1
20260912_215351_529_traffic_scan_env2025_seed0-499_48352cd1,471,16,46,1,2
20260912_215351_529_traffic_scan_env2025_seed0-499_48352cd1,471,16,47,0,1
20260912_215351_529_traffic_scan_env2025_seed0-499_48352cd1,471,16,47,1,3
20260912_215351_529_traffic_scan_env2025_seed0-499_48352cd1,471,16,48,0,5
20260912_215351_529_traffic_scan_env2025_seed0-499_48352cd1,471,16,48,1,1
20260912_215351_529_traffic_scan_env2025_seed0-499_48352cd1,471,16,49,0,5
20260912_215351_529_traffic_scan_env2025_seed0-499_48352cd1,471,16,52,1,3
20260912_215351_529_traffic_scan_env2025_seed0-499_48352cd1,471,16,53,1,3
20260912_215351_529_traffic_scan_env2025_seed0-499_48352cd1,471,16,54,0,1
20260912_215351_529_traffic_scan_env2025_seed0-499_48352cd1,471,16,55,0,1
20260912_215351_529_traffic_scan_env2025_seed0-499_48352cd1,471,16,58,0,2
20260912_215351_529_traffic_scan_env2025_seed0-499_48352cd1,471,17,0,0,1
20260912_215351_529_traffic_scan_env2025_seed0-499_48352cd1,471,17,1,0,2
20260912_215351_529_traffic_scan_env2025_seed0-499_48352cd1,471,17,2,0,1
20260912_215351_529_traffic_scan_env2025_seed0-499_48352cd1,471,17,3,0,1
20260912_215351_529_traffic_scan_env2025_seed0-499_48352cd1,471,17,3,1,2
20260912_215351_529_traffic_scan_env2025_seed0-499_48352cd1,471,17,4,0,4
20260912_215351_529_traffic_scan_env2025_seed0-499_48352cd1,471,17,4,1,1
20260912_215351_529_traffic_scan_env2025_seed0-499_48352cd1,471,17,6,0,3
20260912_215351_529_traffic_scan_env2025_seed0-499_48352cd1,471,17,7,0,2
20260912_215351_529_traffic_scan_env2025_seed0-499_48352cd1,471,17,9,0,2
20260912_215351_529_traffic_scan_env2025_seed0-499_48352cd1,471,17,11,1,1
20260912_215351_529_traffic_scan_env2025_seed0-499_48352cd1,471,17,12,0,2
20260912_215351_529_traffic_scan_env2025_seed0-499_48352cd1,471,17,13,1,1
20260912_215351_529_traffic_scan_env2025_seed0-499_48352cd1,471,17,15,0,3
20260912_215351_529_traffic_scan_env2025_seed0-499_48352cd1,471,17,15,1,4
20260912_215351_529_traffic_scan_env2025_seed0-499_48352cd1,471,17,16,0,1
20260912_215351_529_traffic_scan_env2025_seed0-499_48352cd1,471,17,16,1,2
20260912_215351_529_traffic_scan_env2025_seed0-499_48352cd1,471,17,17,1,1
20260912_215351_529_traffic_scan_env2025_seed0-499_48352cd1,471,17,18,0,2
20260912_215351_529_traffic_scan_env2025_seed0-499_48352cd1,471,17,18,1,3
20260912_215351_529_traffic_scan_env2025_seed0-499_48352cd1,471,17,20,0,3
20260912_215351_529_traffic_scan_env2025_seed0-499_48352cd1,471,17,22,1,3
20260912_215351_529_traffic_scan_env2025_seed0-499_48352cd1,471,17,27,0,1
20260912_215351_529_traffic_scan_env2025_seed0-499_48352cd1,471,17,27,1,3
20260912_215351_529_traffic_scan_env2025_seed0-499_48352cd1,471,17,28,1,1
20260912_215351_529_traffic_scan_env2025_seed0-499_48352cd1,471,17,29,0,1
20260912_215351_529_traffic_scan_env2025_seed0-499_48352cd1,471,17,30,0,4
20260912_215351_529_traffic_scan_env2025_seed0-499_48352cd1,471,17,33,0,2
20260912_215351_529_traffic_scan_env2025_seed0-499_48352cd1,471,17,33,1,1
20260912_215351_529_traffic_scan_env2025_seed0-499_48352cd1,471,17,36,0,4
20260912_215351_529_traffic_scan_env2025_seed0-499_48352cd1,471,17,36,1,2
20260912_215351_529_traffic_scan_env2025_seed0-499_48352cd1,471,17,39,0,1
20260912_215351_529_traffic_scan_env2025_seed0-499_48352cd1,471,17,40,0,1
20260912_215351_529_traffic_scan_env2025_seed0-499_48352cd1,471,17,40,1,1
20260912_215351_529_traffic_scan_env2025_seed0-499_48352cd1,471,17,41,1,2
20260912_215351_529_traffic_scan_env2025_seed0-499_48352cd1,471,17,42,0,2
20260912_215351_529_traffic_scan_env2025_seed0-499_48352cd1,471,17,43,1,2
20260912_215351_529_traffic_scan_env2025_seed0-499_48352cd1,471,17,44,2,5
20260912_215351_529_traffic_scan_env2025_seed0-499_48352cd1,471,17,45,2,1
20260912_215351_529_traffic_scan_env2025_seed0-499_48352cd1,471,17,46,1,3
20260912_215351_529_traffic_scan_env2025_seed0-499_48352cd1,471,17,47,0,4
20260912_215351_529_traffic_scan_env2025_seed0-499_48352cd1,471,17,47,1,2
20260912_215351_529_traffic_scan_env2025_seed0-499_48352cd1,471,17,48,2,1
20260912_215351_529_traffic_scan_env2025_seed0-499_48352cd1,471,17,49,2,1
20260912_215351_529_traffic_scan_env2025_seed0-499_48352cd1,471,17,50,2,1
20260912_215351_529_traffic_scan_env2025_seed0-499_48352cd1,471,17,51,2,3
20260912_215351_529_traffic_scan_env2025_seed0-499_48352cd1,471,17,52,1,2
20260912_215351_529_traffic_scan_env2025_seed0-499_48352cd1,471,17,53,2,2
20260912_215351_529_traffic_scan_env2025_seed0-499_48352cd1,471,17,54,2,1
20260912_215351_529_traffic_scan_env2025_seed0-499_48352cd1,471,17,55,1,1
20260912_215351_529_traffic_scan_env2025_seed0-499_48352cd1,471,17,56,0,1
20260912_215351_529_traffic_scan_env2025_seed0-499_48352cd1,471,17,57,0,2
20260912_215351_529_traffic_scan_env2025_seed0-499_48352cd1,471,17,57,1,1
20260912_215351_529_traffic_scan_env2025_seed0-499_48352cd1,471,17,58,0,2
20260912_215351_529_traffic_scan_env2025_seed0-499_48352cd1,471,17,59,0,1
20260912_215351_529_traffic_scan_env2025_seed0-499_48352cd1,471,18,1,0,1
20260912_215351_529_traffic_scan_env2025_seed0-499_48352cd1,471,18,3,1,1
20260912_215351_529_traffic_scan_env2025_seed0-499_48352cd1,471,18,4,0,2
20260912_215351_529_traffic_scan_env2025_seed0-499_48352cd1,471,18,4,1,2
20260912_215351_529_traffic_scan_env2025_seed0-499_48352cd1,471,18,5,0,4
20260912_215351_529_traffic_scan_env2025_seed0-499_48352cd1,471,18,8,1,2
20260912_215351_529_traffic_scan_env2025_seed0-499_48352cd1,471,18,11,2,1
20260912_215351_529_traffic_scan_env2025_seed0-499_48352cd1,471,18,13,0,1
20260912_215351_529_traffic_scan_env2025_seed0-499_48352cd1,471,18,13,1,2
20260912_215351_529_traffic_scan_env2025_seed0-499_48352cd1,471,18,15,0,1
20260912_215351_529_traffic_scan_env2025_seed0-499_48352cd1,471,18,15,1,1
20260912_215351_529_traffic_scan_env2025_seed0-499_48352cd1,471,18,16,0,4
20260912_215351_529_traffic_scan_env2025_seed0-499_48352cd1,471,18,16,1,5
20260912_215351_529_traffic_scan_env2025_seed0-499_48352cd1,471,18,19,0,2
20260912_215351_529_traffic_scan_env2025_seed0-499_48352cd1,471,18,19,1,2
20260912_215351_529_traffic_scan_env2025_seed0-499_48352cd1,471,18,20,0,2
20260912_215351_529_traffic_scan_env2025_seed0-499_48352cd1,471,18,20,1,2
20260912_215351_529_traffic_scan_env2025_seed0-499_48352cd1,471,18,21,1,2
20260912_215351_529_traffic_scan_env2025_seed0-499_48352cd1,471,18,23,2,3
20260912_215351_529_traffic_scan_env2025_seed0-499_48352cd1,471,18,26,0,1
20260912_215351_529_traffic_scan_env2025_seed0-499_48352cd1,471,18,27,2,4
20260912_215351_529_traffic_scan_env2025_seed0-499_48352cd1,471,18,29,0,5
20260912_215351_529_traffic_scan_env2025_seed0-499_48352cd1,471,18,32,1,1
20260912_215351_529_traffic_scan_env2025_seed0-499_48352cd1,471,18,34,0,2
20260912_215351_529_traffic_scan_env2025_seed0-499_48352cd1,471,18,35,0,3
20260912_215351_529_traffic_scan_env2025_seed0-499_48352cd1,471,18,35,1,2
20260912_215351_529_traffic_scan_env2025_seed0-499_48352cd1,471,18,36,0,1
20260912_215351_529_traffic_scan_env2025_seed0-499_48352cd1,471,18,40,2,4
20260912_215351_529_traffic_scan_env2025_seed0-499_48352cd1,471,18,41,0,1
20260912_215351_529_traffic_scan_env2025_seed0-499_48352cd1,471,18,41,1,1
20260912_215351_529_traffic_scan_env2025_seed0-499_48352cd1,471,18,42,0,1
20260912_215351_529_traffic_scan_env2025_seed0-499_48352cd1,471,18,42,1,1
20260912_215351_529_traffic_scan_env2025_seed0-499_48352cd1,471,18,43,0,1
20260912_215351_529_traffic_scan_env2025_seed0-499_48352cd1,471,18,43,1,6
20260912_215351_529_traffic_scan_env2025_seed0-499_48352cd1,471,18,45,1,1
20260912_215351_529_traffic_scan_env2025_seed0-499_48352cd1,471,18,46,0,3
20260912_215351_529_traffic_scan_env2025_seed0-499_48352cd1,471,18,46,1,1
20260912_215351_529_traffic_scan_env2025_seed0-499_48352cd1,471,18,47,0,1
20260912_215351_529_traffic_scan_env2025_seed0-499_48352cd1,471,18,47,1,1
20260912_215351_529_traffic_scan_env2025_seed0-499_48352cd1,471,18,50,1,2
20260912_215351_529_traffic_scan_env2025_seed0-499_48352cd1,471,18,51,1,1
20260912_215351_529_traffic_scan_env2025_seed0-499_48352cd1,471,18,53,2,1
20260912_215351_529_traffic_scan_env2025_seed0-499_48352cd1,471,18,57,0,4
20260912_215351_529_traffic_scan_env2025_seed0-499_48352cd1,471,18,57,1,1
20260912_215351_529_traffic_scan_env2025_seed0-499_48352cd1,471,19,1,0,1
20260912_215351_529_traffic_scan_env2025_seed0-499_48352cd1,471,19,3,0,1
20260912_215351_529_traffic_scan_env2025_seed0-499_48352cd1,471,19,3,1,1
20260912_215351_529_traffic_scan_env2025_seed0-499_48352cd1,471,19,4,0,1
20260912_215351_529_traffic_scan_env2025_seed0-499_48352cd1,471,19,4,1,1
20260912_215351_529_traffic_scan_env2025_seed0-499_48352cd1,471,19,5,1,1
20260912_215351_529_traffic_scan_env2025_seed0-499_48352cd1,471,19,6,0,2
20260912_215351_529_traffic_scan_env2025_seed0-499_48352cd1,471,19,11,2,1
20260912_215351_529_traffic_scan_env2025_seed0-499_48352cd1,471,19,13,1,2
20260912_215351_529_traffic_scan_env2025_seed0-499_48352cd1,471,19,14,0,3
20260912_215351_529_traffic_scan_env2025_seed0-499_48352cd1,471,19,14,1,1
20260912_215351_529_traffic_scan_env2025_seed0-499_48352cd1,471,19,15,0,1
20260912_215351_529_traffic_scan_env2025_seed0-499_48352cd1,471,19,16,0,1
20260912_215351_529_traffic_scan_env2025_seed0-499_48352cd1,471,19,16,1,1
20260912_215351_529_traffic_scan_env2025_seed0-499_48352cd1,471,19,17,0,5
20260912_215351_529_traffic_scan_env2025_seed0-499_48352cd1,471,19,17,1,4
20260912_215351_529_traffic_scan_env2025_seed0-499_48352cd1,471,19,19,0,1
20260912_215351_529_traffic_scan_env2025_seed0-499_48352cd1,471,19,20,0,1
20260912_215351_529_traffic_scan_env2025_seed0-499_48352cd1,471,19,21,0,1
20260912_215351_529_traffic_scan_env2025_seed0-499_48352cd1,471,19,21,1,2
20260912_215351_529_traffic_scan_env2025_seed0-499_48352cd1,471,19,22,1,2
20260912_215351_529_traffic_scan_env2025_seed0-499_48352cd1,471,19,23,0,1
20260912_215351_529_traffic_scan_env2025_seed0-499_48352cd1,471,19,24,0,2
20260912_215351_529_traffic_scan_env2025_seed0-499_48352cd1,471,19,24,1,3
20260912_215351_529_traffic_scan_env2025_seed0-499_48352cd1,471,19,25,0,2
20260912_215351_529_traffic_scan_env2025_seed0-499_48352cd1,471,19,25,1,2
20260912_215351_529_traffic_scan_env2025_seed0-499_48352cd1,471,19,26,0,1
20260912_215351_529_traffic_scan_env2025_seed0-499_48352cd1,471,19,26,1,3
20260912_215351_529_traffic_scan_env2025_seed0-499_48352cd1,471,19,27,0,1
20260912_215351_529_traffic_scan_env2025_seed0-499_48352cd1,471,19,27,1,3
20260912_215351_529_traffic_scan_env2025_seed0-499_48352cd1,471,19,28,0,5
20260912_215351_529_traffic_scan_env2025_seed0-499_48352cd1,471,19,29,0,2
20260912_215351_529_traffic_scan_env2025_seed0-499_48352cd1,471,19,30,1,1
20260912_215351_529_traffic_scan_env2025_seed0-499_48352cd1,471,19,31,1,2
20260912_215351_529_traffic_scan_env2025_seed0-499_48352cd1,471,19,32,1,1
20260912_215351_529_traffic_scan_env2025_seed0-499_48352cd1,471,19,33,1,1
20260912_215351_529_traffic_scan_env2025_seed0-499_48352cd1,471,19,34,0,3
20260912_215351_529_traffic_scan_env2025_seed0-499_48352cd1,471,19,34,1,3
20260912_215351_529_traffic_scan_env2025_seed0-499_48352cd1,471,19,35,0,2
20260912_215351_529_traffic_scan_env2025_seed0-499_48352cd1,471,19,35,1,1
20260912_215351_529_traffic_scan_env2025_seed0-499_48352cd1,471,19,36,1,1
20260912_215351_529_traffic_scan_env2025_seed0-499_48352cd1,471,19,37,0,1
20260912_215351_529_traffic_scan_env2025_seed0-499_48352cd1,471,19,37,1,1
20260912_215351_529_traffic_scan_env2025_seed0-499_48352cd1,471,19,38,1,5
20260912_215351_529_traffic_scan_env2025_seed0-499_48352cd1,471,19,39,1,6
20260912_215351_529_traffic_scan_env2025_seed0-499_48352cd1,471,19,42,0,2
20260912_215351_529_traffic_scan_env2025_seed0-499_48352cd1,471,19,42,1,2
20260912_215351_529_traffic_scan_env2025_seed0-499_48352cd1,471,19,43,1,3
20260912_215351_529_traffic_scan_env2025_seed0-499_48352cd1,471,19,44,1,2
20260912_215351_529_traffic_scan_env2025_seed0-499_48352cd1,471,19,45,0,3
20260912_215351_529_traffic_scan_env2025_seed0-499_48352cd1,471,19,46,0,1
20260912_215351_529_traffic_scan_env2025_seed0-499_48352cd1,471,19,46,1,1
20260912_215351_529_traffic_scan_env2025_seed0-499_48352cd1,471,19,47,1,1
20260912_215351_529_traffic_scan_env2025_seed0-499_48352cd1,471,19,49,0,1
20260912_215351_529_traffic_scan_env2025_seed0-499_48352cd1,471,19,49,1,2
20260912_215351_529_traffic_scan_env2025_seed0-499_48352cd1,471,19,50,0,1
20260912_215351_529_traffic_scan_env2025_seed0-499_48352cd1,471,19,50,1,1
20260912_215351_529_traffic_scan_env2025_seed0-499_48352cd1,471,19,51,0,1
20260912_215351_529_traffic_scan_env2025_seed0-499_48352cd1,471,19,52,0,1
20260912_215351_529_traffic_scan_env2025_seed0-499_48352cd1,471,19,53,0,1
20260912_215351_529_traffic_scan_env2025_seed0-499_48352cd1,471,19,53,2,1
20260912_215351_529_traffic_scan_env2025_seed0-499_48352cd1,471,19,54,0,1
20260912_215351_529_traffic_scan_env2025_seed0-499_48352cd1,471,19,55,0,1
20260912_215351_529_traffic_scan_env2025_seed0-499_48352cd1,471,19,56,0,4
20260912_215351_529_traffic_scan_env2025_seed0-499_48352cd1,471,19,56,1,1
20260912_215351_529_traffic_scan_env2025_seed0-499_48352cd1,471,19,58,0,1
20260912_215351_529_traffic_scan_env2025_seed0-499_48352cd1,471,20,1,0,1
20260912_215351_529_traffic_scan_env2025_seed0-499_48352cd1,471,20,2,0,1
20260912_215351_529_traffic_scan_env2025_seed0-499_48352cd1,471,20,3,1,1
20260912_215351_529_traffic_scan_env2025_seed0-499_48352cd1,471,20,4,1,1
20260912_215351_529_traffic_scan_env2025_seed0-499_48352cd1,471,20,5,0,1
20260912_215351_529_traffic_scan_env2025_seed0-499_48352cd1,471,20,6,1,1
20260912_215351_529_traffic_scan_env2025_seed0-499_48352cd1,471,20,7,0,2
20260912_215351_529_traffic_scan_env2025_seed0-499_48352cd1,471,20,11,1,1
20260912_215351_529_traffic_scan_env2025_seed0-499_48352cd1,471,20,13,0,2
20260912_215351_529_traffic_scan_env2025_seed0-499_48352cd1,471,20,13,1,3
20260912_215351_529_traffic_scan_env2025_seed0-499_48352cd1,471,20,15,0,1
20260912_215351_529_traffic_scan_env2025_seed0-499_48352cd1,471,20,16,1,1
20260912_215351_529_traffic_scan_env2025_seed0-499_48352cd1,471,20,18,0,5
20260912_215351_529_traffic_scan_env2025_seed0-499_48352cd1,471,20,18,1,4
20260912_215351_529_traffic_scan_env2025_seed0-499_48352cd1,471,20,19,0,2
20260912_215351_529_traffic_scan_env2025_seed0-499_48352cd1,471,20,20,0,2
20260912_215351_529_traffic_scan_env2025_seed0-499_48352cd1,471,20,21,0,1
20260912_215351_529_traffic_scan_env2025_seed0-499_48352cd1,471,20,22,0,3
20260912_215351_529_traffic_scan_env2025_seed0-499_48352cd1,471,20,22,1,2
20260912_215351_529_traffic_scan_env2025_seed0-499_48352cd1,471,20,23,0,1
20260912_215351_529_traffic_scan_env2025_seed0-499_48352cd1,471,20,23,1,2
20260912_215351_529_traffic_scan_env2025_seed0-499_48352cd1,471,20,25,1,2
20260912_215351_529_traffic_scan_env2025_seed0-499_48352cd1,471,20,27,0,4
20260912_215351_529_traffic_scan_env2025_seed0-499_48352cd1,471,20,27,1,5
20260912_215351_529_traffic_scan_env2025_seed0-499_48352cd1,471,20,29,0,1
20260912_215351_529_traffic_scan_env2025_seed0-499_48352cd1,471,20,30,1,2
20260912_215351_529_traffic_scan_env2025_seed0-499_48352cd1,471,20,31,1,1
20260912_215351_529_traffic_scan_env2025_seed0-499_48352cd1,471,20,33,0,3
20260912_215351_529_traffic_scan_env2025_seed0-499_48352cd1,471,20,33,1,2
20260912_215351_529_traffic_scan_env2025_seed0-499_48352cd1,471,20,36,0,2
20260912_215351_529_traffic_scan_env2025_seed0-499_48352cd1,471,20,37,0,1
20260912_215351_529_traffic_scan_env2025_seed0-499_48352cd1,471,20,37,1,4
20260912_215351_529_traffic_scan_env2025_seed0-499_48352cd1,471,20,39,0,1
20260912_215351_529_traffic_scan_env2025_seed0-499_48352cd1,471,20,40,1,2
20260912_215351_529_traffic_scan_env2025_seed0-499_48352cd1,471,20,41,0,2
20260912_215351_529_traffic_scan_env2025_seed0-499_48352cd1,471,20,41,1,4
20260912_215351_529_traffic_scan_env2025_seed0-499_48352cd1,471,20,42,1,5
20260912_215351_529_traffic_scan_env2025_seed0-499_48352cd1,471,20,43,1,2
20260912_215351_529_traffic_scan_env2025_seed0-499_48352cd1,471,20,44,0,3
20260912_215351_529_traffic_scan_env2025_seed0-499_48352cd1,471,20,44,1,2
20260912_215351_529_traffic_scan_env2025_seed0-499_48352cd1,471,20,45,1,4
20260912_215351_529_traffic_scan_env2025_seed0-499_48352cd1,471,20,46,1,3
20260912_215351_529_traffic_scan_env2025_seed0-499_48352cd1,471,20,47,1,3
20260912_215351_529_traffic_scan_env2025_seed0-499_48352cd1,471,20,48,1,4
20260912_215351_529_traffic_scan_env2025_seed0-499_48352cd1,471,20,49,2,2
20260912_215351_529_traffic_scan_env2025_seed0-499_48352cd1,471,20,50,2,1
20260912_215351_529_traffic_scan_env2025_seed0-499_48352cd1,471,20,51,1,1
20260912_215351_529_traffic_scan_env2025_seed0-499_48352cd1,471,20,52,0,1
20260912_215351_529_traffic_scan_env2025_seed0-499_48352cd1,471,20,53,0,2
20260912_215351_529_traffic_scan_env2025_seed0-499_48352cd1,471,20,53,2,1
20260912_215351_529_traffic_scan_env2025_seed0-499_48352cd1,471,20,54,0,1
20260912_215351_529_traffic_scan_env2025_seed0-499_48352cd1,471,20,55,0,3
20260912_215351_529_traffic_scan_env2025_seed0-499_48352cd1,471,20,55,1,1
20260912_215351_529_traffic_scan_env2025_seed0-499_48352cd1,471,20,56,0,1
20260912_215351_529_traffic_scan_env2025_seed0-499_48352cd1,471,20,57,0,2
20260912_215351_529_traffic_scan_env2025_seed0-499_48352cd1,471,21,1,0,2
20260912_215351_529_traffic_scan_env2025_seed0-499_48352cd1,471,21,3,1,1
20260912_215351_529_traffic_scan_env2025_seed0-499_48352cd1,471,21,5,0,1
20260912_215351_529_traffic_scan_env2025_seed0-499_48352cd1,471,21,5,1,1
20260912_215351_529_traffic_scan_env2025_seed0-499_48352cd1,471,21,7,1,1
20260912_215351_529_traffic_scan_env2025_seed0-499_48352cd1,471,21,8,0,2
20260912_215351_529_traffic_scan_env2025_seed0-499_48352cd1,471,21,9,0,1
20260912_215351_529_traffic_scan_env2025_seed0-499_48352cd1,471,21,10,0,1
20260912_215351_529_traffic_scan_env2025_seed0-499_48352cd1,471,21,11,0,1
20260912_215351_529_traffic_scan_env2025_seed0-499_48352cd1,471,21,11,1,1
20260912_215351_529_traffic_scan_env2025_seed0-499_48352cd1,471,21,12,0,2
20260912_215351_529_traffic_scan_env2025_seed0-499_48352cd1,471,21,13,1,3
20260912_215351_529_traffic_scan_env2025_seed0-499_48352cd1,471,21,16,0,1
20260912_215351_529_traffic_scan_env2025_seed0-499_48352cd1,471,21,16,1,1
20260912_215351_529_traffic_scan_env2025_seed0-499_48352cd1,471,21,19,0,5
20260912_215351_529_traffic_scan_env2025_seed0-499_48352cd1,471,21,19,1,5
20260912_215351_529_traffic_scan_env2025_seed0-499_48352cd1,471,21,21,0,1
20260912_215351_529_traffic_scan_env2025_seed0-499_48352cd1,471,21,23,0,1
20260912_215351_529_traffic_scan_env2025_seed0-499_48352cd1,471,21,23,1,2
20260912_215351_529_traffic_scan_env2025_seed0-499_48352cd1,471,21,24,1,3
20260912_215351_529_traffic_scan_env2025_seed0-499_48352cd1,471,21,26,0,4
20260912_215351_529_traffic_scan_env2025_seed0-499_48352cd1,471,21,26,1,1
20260912_215351_529_traffic_scan_env2025_seed0-499_48352cd1,471,21,27,1,3
20260912_215351_529_traffic_scan_env2025_seed0-499_48352cd1,471,21,28,1,2
20260912_215351_529_traffic_scan_env2025_seed0-499_48352cd1,471,21,29,0,1
20260912_215351_529_traffic_scan_env2025_seed0-499_48352cd1,471,21,29,1,4
20260912_215351_529_traffic_scan_env2025_seed0-499_48352cd1,471,21,32,0,3
20260912_215351_529_traffic_scan_env2025_seed0-499_48352cd1,471,21,32,1,2
20260912_215351_529_traffic_scan_env2025_seed0-499_48352cd1,471,21,36,1,4
20260912_215351_529_traffic_scan_env2025_seed0-499_48352cd1,471,21,37,0,2
20260912_215351_529_traffic_scan_env2025_seed0-499_48352cd1,471,21,38,0,1
20260912_215351_529_traffic_scan_env2025_seed0-499_48352cd1,471,21,39,0,1
20260912_215351_529_traffic_scan_env2025_seed0-499_48352cd1,471,21,40,0,3
20260912_215351_529_traffic_scan_env2025_seed0-499_48352cd1,471,21,40,1,2
20260912_215351_529_traffic_scan_env2025_seed0-499_48352cd1,471,21,41,0,1
20260912_215351_529_traffic_scan_env2025_seed0-499_48352cd1,471,21,41,1,3
20260912_215351_529_traffic_scan_env2025_seed0-499_48352cd1,471,21,43,0,3
20260912_215351_529_traffic_scan_env2025_seed0-499_48352cd1,471,21,44,1,1
20260912_215351_529_traffic_scan_env2025_seed0-499_48352cd1,471,21,46,1,2
20260912_215351_529_traffic_scan_env2025_seed0-499_48352cd1,471,21,47,2,3
20260912_215351_529_traffic_scan_env2025_seed0-499_48352cd1,471,21,48,1,1
20260912_215351_529_traffic_scan_env2025_seed0-499_48352cd1,471,21,51,0,2
20260912_215351_529_traffic_scan_env2025_seed0-499_48352cd1,471,21,52,0,2
20260912_215351_529_traffic_scan_env2025_seed0-499_48352cd1,471,21,53,0,1
20260912_215351_529_traffic_scan_env2025_seed0-499_48352cd1,471,21,53,1,1
20260912_215351_529_traffic_scan_env2025_seed0-499_48352cd1,471,21,54,0,3
20260912_215351_529_traffic_scan_env2025_seed0-499_48352cd1,471,21,54,1,1
20260912_215351_529_traffic_scan_env2025_seed0-499_48352cd1,471,21,55,0,1
20260912_215351_529_traffic_scan_env2025_seed0-499_48352cd1,471,21,58,0,2
20260912_215351_529_traffic_scan_env2025_seed0-499_48352cd1,471,22,1,0,1
20260912_215351_529_traffic_scan_env2025_seed0-499_48352cd1,471,22,3,0,1
20260912_215351_529_traffic_scan_env2025_seed0-499_48352cd1,471,22,3,1,1
20260912_215351_529_traffic_scan_env2025_seed0-499_48352cd1,471,22,4,0,1
20260912_215351_529_traffic_scan_env2025_seed0-499_48352cd1,471,22,5,0,1
20260912_215351_529_traffic_scan_env2025_seed0-499_48352cd1,471,22,6,0,1
20260912_215351_529_traffic_scan_env2025_seed0-499_48352cd1,471,22,6,1,2
20260912_215351_529_traffic_scan_env2025_seed0-499_48352cd1,471,22,7,0,1
20260912_215351_529_traffic_scan_env2025_seed0-499_48352cd1,471,22,8,0,2
20260912_215351_529_traffic_scan_env2025_seed0-499_48352cd1,471,22,8,1,1
20260912_215351_529_traffic_scan_env2025_seed0-499_48352cd1,471,22,9,0,3
20260912_215351_529_traffic_scan_env2025_seed0-499_48352cd1,471,22,10,0,1
20260912_215351_529_traffic_scan_env2025_seed0-499_48352cd1,471,22,11,0,3
20260912_215351_529_traffic_scan_env2025_seed0-499_48352cd1,471,22,11,1,1
20260912_215351_529_traffic_scan_env2025_seed0-499_48352cd1,471,22,12,1,1
20260912_215351_529_traffic_scan_env2025_seed0-499_48352cd1,471,22,13,1,2
20260912_215351_529_traffic_scan_env2025_seed0-499_48352cd1,471,22,16,0,1
20260912_215351_529_traffic_scan_env2025_seed0-499_48352cd1,471,22,16,1,3
20260912_215351_529_traffic_scan_env2025_seed0-499_48352cd1,471,22,17,1,2
20260912_215351_529_traffic_scan_env2025_seed0-499_48352cd1,471,22,18,1,2
20260912_215351_529_traffic_scan_env2025_seed0-499_48352cd1,471,22,19,0,3
20260912_215351_529_traffic_scan_env2025_seed0-499_48352cd1,471,22,19,1,2
20260912_215351_529_traffic_scan_env2025_seed0-499_48352cd1,471,22,20,0,4
20260912_215351_529_traffic_scan_env2025_seed0-499_48352cd1,471,22,20,1,7
20260912_215351_529_traffic_scan_env2025_seed0-499_48352cd1,471,22,21,1,2
20260912_215351_529_traffic_scan_env2025_seed0-499_48352cd1,471,22,22,0,3
20260912_215351_529_traffic_scan_env2025_seed0-499_48352cd1,471,22,22,1,2
20260912_215351_529_traffic_scan_env2025_seed0-499_48352cd1,471,22,23,0,1
20260912_215351_529_traffic_scan_env2025_seed0-499_48352cd1,471,22,23,1,3
20260912_215351_529_traffic_scan_env2025_seed0-499_48352cd1,471,22,24,0,1
20260912_215351_529_traffic_scan_env2025_seed0-499_48352cd1,471,22,24,1,5
20260912_215351_529_traffic_scan_env2025_seed0-499_48352cd1,471,22,25,1,9
20260912_215351_529_traffic_scan_env2025_seed0-499_48352cd1,471,22,26,1,4
20260912_215351_529_traffic_scan_env2025_seed0-499_48352cd1,471,22,27,1,6
20260912_215351_529_traffic_scan_env2025_seed0-499_48352cd1,471,22,28,1,2
20260912_215351_529_traffic_scan_env2025_seed0-499_48352cd1,471,22,29,1,3
20260912_215351_529_traffic_scan_env2025_seed0-499_48352cd1,471,22,30,0,1
20260912_215351_529_traffic_scan_env2025_seed0-499_48352cd1,471,22,30,1,5
20260912_215351_529_traffic_scan_env2025_seed0-499_48352cd1,471,22,32,0,2
20260912_215351_529_traffic_scan_env2025_seed0-499_48352cd1,471,22,32,1,6
20260912_215351_529_traffic_scan_env2025_seed0-499_48352cd1,471,22,35,2,6
20260912_215351_529_traffic_scan_env2025_seed0-499_48352cd1,471,22,36,1,2
20260912_215351_529_traffic_scan_env2025_seed0-499_48352cd1,471,22,37,1,2
20260912_215351_529_traffic_scan_env2025_seed0-499_48352cd1,471,22,38,0,2
20260912_215351_529_traffic_scan_env2025_seed0-499_48352cd1,471,22,38,1,2
20260912_215351_529_traffic_scan_env2025_seed0-499_48352cd1,471,22,39,0,5
20260912_215351_529_traffic_scan_env2025_seed0-499_48352cd1,471,22,39,1,4
20260912_215351_529_traffic_scan_env2025_seed0-499_48352cd1,471,22,40,2,5
20260912_215351_529_traffic_scan_env2025_seed0-499_48352cd1,471,22,41,2,4
20260912_215351_529_traffic_scan_env2025_seed0-499_48352cd1,471,22,42,0,1
20260912_215351_529_traffic_scan_env2025_seed0-499_48352cd1,471,22,42,1,3
20260912_215351_529_traffic_scan_env2025_seed0-499_48352cd1,471,22,43,1,2
20260912_215351_529_traffic_scan_env2025_seed0-499_48352cd1,471,22,44,1,1
20260912_215351_529_traffic_scan_env2025_seed0-499_48352cd1,471,22,45,1,1
20260912_215351_529_traffic_scan_env2025_seed0-499_48352cd1,471,22,46,1,4
20260912_215351_529_traffic_scan_env2025_seed0-499_48352cd1,471,22,47,2,4
20260912_215351_529_traffic_scan_env2025_seed0-499_48352cd1,471,22,48,0,1
20260912_215351_529_traffic_scan_env2025_seed0-499_48352cd1,471,22,48,1,1
20260912_215351_529_traffic_scan_env2025_seed0-499_48352cd1,471,22,49,0,1
20260912_215351_529_traffic_scan_env2025_seed0-499_48352cd1,471,22,49,1,1
20260912_215351_529_traffic_scan_env2025_seed0-499_48352cd1,471,22,50,0,1
20260912_215351_529_traffic_scan_env2025_seed0-499_48352cd1,471,22,50,1,1
20260912_215351_529_traffic_scan_env2025_seed0-499_48352cd1,471,22,53,0,2
20260912_215351_529_traffic_scan_env2025_seed0-499_48352cd1,471,22,53,1,2
20260912_215351_529_traffic_scan_env2025_seed0-499_48352cd1,471,22,58,0,1
20260912_215351_529_traffic_scan_env2025_seed0-499_48352cd1,471,23,1,0,1
20260912_215351_529_traffic_scan_env2025_seed0-499_48352cd1,471,23,3,1,1
20260912_215351_529_traffic_scan_env2025_seed0-499_48352cd1,471,23,7,0,2
20260912_215351_529_traffic_scan_env2025_seed0-499_48352cd1,471,23,7,1,2
20260912_215351_529_traffic_scan_env2025_seed0-499_48352cd1,471,23,8,0,1
20260912_215351_529_traffic_scan_env2025_seed0-499_48352cd1,471,23,9,1,2
20260912_215351_529_traffic_scan_env2025_seed0-499_48352cd1,471,23,10,1,4
20260912_215351_529_traffic_scan_env2025_seed0-499_48352cd1,471,23,11,2,2
20260912_215351_529_traffic_scan_env2025_seed0-499_48352cd1,471,23,12,0,1
20260912_215351_529_traffic_scan_env2025_seed0-499_48352cd1,471,23,12,1,1
20260912_215351_529_traffic_scan_env2025_seed0-499_48352cd1,471,23,13,0,1
20260912_215351_529_traffic_scan_env2025_seed0-499_48352cd1,471,23,13,1,3
20260912_215351_529_traffic_scan_env2025_seed0-499_48352cd1,471,23,14,0,1
20260912_215351_529_traffic_scan_env2025_seed0-499_48352cd1,471,23,14,1,1
20260912_215351_529_traffic_scan_env2025_seed0-499_48352cd1,471,23,15,0,1
20260912_215351_529_traffic_scan_env2025_seed0-499_48352cd1,471,23,15,1,2
20260912_215351_529_traffic_scan_env2025_seed0-499_48352cd1,471,23,17,0,1
20260912_215351_529_traffic_scan_env2025_seed0-499_48352cd1,471,23,18,0,1
20260912_215351_529_traffic_scan_env2025_seed0-499_48352cd1,471,23,19,0,2
20260912_215351_529_traffic_scan_env2025_seed0-499_48352cd1,471,23,20,0,1
20260912_215351_529_traffic_scan_env2025_seed0-499_48352cd1,471,23,21,0,3
20260912_215351_529_traffic_scan_env2025_seed0-499_48352cd1,471,23,21,1,1
20260912_215351_529_traffic_scan_env2025_seed0-499_48352cd1,471,23,21,2,5
20260912_215351_529_traffic_scan_env2025_seed0-499_48352cd1,471,23,22,2,3
20260912_215351_529_traffic_scan_env2025_seed0-499_48352cd1,471,23,23,0,2
20260912_215351_529_traffic_scan_env2025_seed0-499_48352cd1,471,23,24,0,2
20260912_215351_529_traffic_scan_env2025_seed0-499_48352cd1,471,23,24,1,4
20260912_215351_529_traffic_scan_env2025_seed0-499_48352cd1,471,23,25,0,2
20260912_215351_529_traffic_scan_env2025_seed0-499_48352cd1,471,23,25,1,4
20260912_215351_529_traffic_scan_env2025_seed0-499_48352cd1,471,23,27,0,2
20260912_215351_529_traffic_scan_env2025_seed0-499_48352cd1,471,23,27,1,3
20260912_215351_529_traffic_scan_env2025_seed0-499_48352cd1,471,23,28,2,4
20260912_215351_529_traffic_scan_env2025_seed0-499_48352cd1,471,23,29,1,2
20260912_215351_529_traffic_scan_env2025_seed0-499_48352cd1,471,23,30,0,1
20260912_215351_529_traffic_scan_env2025_seed0-499_48352cd1,471,23,30,1,1
20260912_215351_529_traffic_scan_env2025_seed0-499_48352cd1,471,23,31,0,1
20260912_215351_529_traffic_scan_env2025_seed0-499_48352cd1,471,23,31,1,10
20260912_215351_529_traffic_scan_env2025_seed0-499_48352cd1,471,23,32,1,2
20260912_215351_529_traffic_scan_env2025_seed0-499_48352cd1,471,23,33,0,1
20260912_215351_529_traffic_scan_env2025_seed0-499_48352cd1,471,23,33,1,7
20260912_215351_529_traffic_scan_env2025_seed0-499_48352cd1,471,23,34,1,7
20260912_215351_529_traffic_scan_env2025_seed0-499_48352cd1,471,23,35,1,1
20260912_215351_529_traffic_scan_env2025_seed0-499_48352cd1,471,23,36,1,1
20260912_215351_529_traffic_scan_env2025_seed0-499_48352cd1,471,23,37,1,1
20260912_215351_529_traffic_scan_env2025_seed0-499_48352cd1,471,23,38,0,3
20260912_215351_529_traffic_scan_env2025_seed0-499_48352cd1,471,23,38,1,3
20260912_215351_529_traffic_scan_env2025_seed0-499_48352cd1,471,23,39,0,3
20260912_215351_529_traffic_scan_env2025_seed0-499_48352cd1,471,23,39,1,4
20260912_215351_529_traffic_scan_env2025_seed0-499_48352cd1,471,23,40,0,1
20260912_215351_529_traffic_scan_env2025_seed0-499_48352cd1,471,23,40,1,3
20260912_215351_529_traffic_scan_env2025_seed0-499_48352cd1,471,23,42,2,2
20260912_215351_529_traffic_scan_env2025_seed0-499_48352cd1,471,23,43,2,1
20260912_215351_529_traffic_scan_env2025_seed0-499_48352cd1,471,23,44,1,1
20260912_215351_529_traffic_scan_env2025_seed0-499_48352cd1,471,23,45,1,3
20260912_215351_529_traffic_scan_env2025_seed0-499_48352cd1,471,23,46,1,3
20260912_215351_529_traffic_scan_env2025_seed0-499_48352cd1,471,23,47,1,2
20260912_215351_529_traffic_scan_env2025_seed0-499_48352cd1,471,23,48,1,1
20260912_215351_529_traffic_scan_env2025_seed0-499_48352cd1,471,23,49,0,1
20260912_215351_529_traffic_scan_env2025_seed0-499_48352cd1,471,23,50,0,1
20260912_215351_529_traffic_scan_env2025_seed0-499_48352cd1,471,23,51,0,1
20260912_215351_529_traffic_scan_env2025_seed0-499_48352cd1,471,23,52,0,3
20260912_215351_529_traffic_scan_env2025_seed0-499_48352cd1,471,23,52,1,1
20260912_215351_529_traffic_scan_env2025_seed0-499_48352cd1,471,23,53,0,1
20260912_215351_529_traffic_scan_env2025_seed0-499_48352cd1,471,23,53,1,1
20260912_215351_529_traffic_scan_env2025_seed0-499_48352cd1,471,23,54,0,1
20260912_215351_529_traffic_scan_env2025_seed0-499_48352cd1,471,23,55,0,1
20260912_215351_529_traffic_scan_env2025_seed0-499_48352cd1,471,23,56,0,1
20260912_215351_529_traffic_scan_env2025_seed0-499_48352cd1,471,23,57,0,2
20260912_215351_529_traffic_scan_env2025_seed0-499_48352cd1,471,24,1,0,1
20260912_215351_529_traffic_scan_env2025_seed0-499_48352cd1,471,24,3,2,1
20260912_215351_529_traffic_scan_env2025_seed0-499_48352cd1,471,24,5,0,1
20260912_215351_529_traffic_scan_env2025_seed0-499_48352cd1,471,24,6,0,2
20260912_215351_529_traffic_scan_env2025_seed0-499_48352cd1,471,24,7,0,1
20260912_215351_529_traffic_scan_env2025_seed0-499_48352cd1,471,24,8,0,1
20260912_215351_529_traffic_scan_env2025_seed0-499_48352cd1,471,24,8,1,2
20260912_215351_529_traffic_scan_env2025_seed0-499_48352cd1,471,24,9,1,2
20260912_215351_529_traffic_scan_env2025_seed0-499_48352cd1,471,24,10,1,3
20260912_215351_529_traffic_scan_env2025_seed0-499_48352cd1,471,24,11,0,1
20260912_215351_529_traffic_scan_env2025_seed0-499_48352cd1,471,24,11,1,3
20260912_215351_529_traffic_scan_env2025_seed0-499_48352cd1,471,24,13,1,2
20260912_215351_529_traffic_scan_env2025_seed0-499_48352cd1,471,24,15,1,1
20260912_215351_529_traffic_scan_env2025_seed0-499_48352cd1,471,24,17,0,2
20260912_215351_529_traffic_scan_env2025_seed0-499_48352cd1,471,24,18,0,2
20260912_215351_529_traffic_scan_env2025_seed0-499_48352cd1,471,24,19,0,3
20260912_215351_529_traffic_scan_env2025_seed0-499_48352cd1,471,24,21,3,2
20260912_215351_529_traffic_scan_env2025_seed0-499_48352cd1,471,24,22,3,5
20260912_215351_529_traffic_scan_env2025_seed0-499_48352cd1,471,24,23,1,5
20260912_215351_529_traffic_scan_env2025_seed0-499_48352cd1,471,24,26,1,6
20260912_215351_529_traffic_scan_env2025_seed0-499_48352cd1,471,24,27,0,1
20260912_215351_529_traffic_scan_env2025_seed0-499_48352cd1,471,24,27,1,3
20260912_215351_529_traffic_scan_env2025_seed0-499_48352cd1,471,24,28,0,3
20260912_215351_529_traffic_scan_env2025_seed0-499_48352cd1,471,24,28,1,1
20260912_215351_529_traffic_scan_env2025_seed0-499_48352cd1,471,24,29,1,1
20260912_215351_529_traffic_scan_env2025_seed0-499_48352cd1,471,24,30,0,2
20260912_215351_529_traffic_scan_env2025_seed0-499_48352cd1,471,24,30,1,4
20260912_215351_529_traffic_scan_env2025_seed0-499_48352cd1,471,24,32,0,1
20260912_215351_529_traffic_scan_env2025_seed0-499_48352cd1,471,24,32,1,3
20260912_215351_529_traffic_scan_env2025_seed0-499_48352cd1,471,24,37,0,3
20260912_215351_529_traffic_scan_env2025_seed0-499_48352cd1,471,24,37,1,2
20260912_215351_529_traffic_scan_env2025_seed0-499_48352cd1,471,24,38,1,3
20260912_215351_529_traffic_scan_env2025_seed0-499_48352cd1,471,24,39,0,1
20260912_215351_529_traffic_scan_env2025_seed0-499_48352cd1,471,24,39,1,2
20260912_215351_529_traffic_scan_env2025_seed0-499_48352cd1,471,24,40,0,2
20260912_215351_529_traffic_scan_env2025_seed0-499_48352cd1,471,24,41,0,1
20260912_215351_529_traffic_scan_env2025_seed0-499_48352cd1,471,24,41,1,2
20260912_215351_529_traffic_scan_env2025_seed0-499_48352cd1,471,24,42,2,1
20260912_215351_529_traffic_scan_env2025_seed0-499_48352cd1,471,24,43,2,1
20260912_215351_529_traffic_scan_env2025_seed0-499_48352cd1,471,24,44,1,3
20260912_215351_529_traffic_scan_env2025_seed0-499_48352cd1,471,24,45,1,2
20260912_215351_529_traffic_scan_env2025_seed0-499_48352cd1,471,24,46,1,2
20260912_215351_529_traffic_scan_env2025_seed0-499_48352cd1,471,24,47,1,2
20260912_215351_529_traffic_scan_env2025_seed0-499_48352cd1,471,24,48,1,2
20260912_215351_529_traffic_scan_env2025_seed0-499_48352cd1,471,24,51,0,3
20260912_215351_529_traffic_scan_env2025_seed0-499_48352cd1,471,24,51,1,1
20260912_215351_529_traffic_scan_env2025_seed0-499_48352cd1,471,24,52,0,1
20260912_215351_529_traffic_scan_env2025_seed0-499_48352cd1,471,24,53,0,1
20260912_215351_529_traffic_scan_env2025_seed0-499_48352cd1,471,24,53,1,1
20260912_215351_529_traffic_scan_env2025_seed0-499_48352cd1,471,24,54,0,1
20260912_215351_529_traffic_scan_env2025_seed0-499_48352cd1,471,24,55,0,1
20260912_215351_529_traffic_scan_env2025_seed0-499_48352cd1,471,24,56,0,2
20260912_215351_529_traffic_scan_env2025_seed0-499_48352cd1,471,24,58,0,1
20260912_215351_529_traffic_scan_env2025_seed0-499_48352cd1,471,25,1,0,1
20260912_215351_529_traffic_scan_env2025_seed0-499_48352cd1,471,25,3,2,1
20260912_215351_529_traffic_scan_env2025_seed0-499_48352cd1,471,25,5,0,1
20260912_215351_529_traffic_scan_env2025_seed0-499_48352cd1,471,25,9,0,1
20260912_215351_529_traffic_scan_env2025_seed0-499_48352cd1,471,25,9,1,3
20260912_215351_529_traffic_scan_env2025_seed0-499_48352cd1,471,25,11,2,2
20260912_215351_529_traffic_scan_env2025_seed0-499_48352cd1,471,25,12,0,2
20260912_215351_529_traffic_scan_env2025_seed0-499_48352cd1,471,25,12,1,2
20260912_215351_529_traffic_scan_env2025_seed0-499_48352cd1,471,25,13,1,2
20260912_215351_529_traffic_scan_env2025_seed0-499_48352cd1,471,25,15,1,1
20260912_215351_529_traffic_scan_env2025_seed0-499_48352cd1,471,25,16,0,2
20260912_215351_529_traffic_scan_env2025_seed0-499_48352cd1,471,25,19,0,3
20260912_215351_529_traffic_scan_env2025_seed0-499_48352cd1,471,25,20,2,2
20260912_215351_529_traffic_scan_env2025_seed0-499_48352cd1,471,25,23,2,10
20260912_215351_529_traffic_scan_env2025_seed0-499_48352cd1,471,25,26,0,2
20260912_215351_529_traffic_scan_env2025_seed0-499_48352cd1,471,25,26,1,2
20260912_215351_529_traffic_scan_env2025_seed0-499_48352cd1,471,25,27,0,2
20260912_215351_529_traffic_scan_env2025_seed0-499_48352cd1,471,25,27,1,4
20260912_215351_529_traffic_scan_env2025_seed0-499_48352cd1,471,25,28,0,2
20260912_215351_529_traffic_scan_env2025_seed0-499_48352cd1,471,25,28,1,1
20260912_215351_529_traffic_scan_env2025_seed0-499_48352cd1,471,25,29,0,1
20260912_215351_529_traffic_scan_env2025_seed0-499_48352cd1,471,25,29,1,6
20260912_215351_529_traffic_scan_env2025_seed0-499_48352cd1,471,25,30,0,1
20260912_215351_529_traffic_scan_env2025_seed0-499_48352cd1,471,25,30,1,2
20260912_215351_529_traffic_scan_env2025_seed0-499_48352cd1,471,25,31,0,1
20260912_215351_529_traffic_scan_env2025_seed0-499_48352cd1,471,25,31,1,2
20260912_215351_529_traffic_scan_env2025_seed0-499_48352cd1,471,25,33,1,2
20260912_215351_529_traffic_scan_env2025_seed0-499_48352cd1,471,25,36,0,3
20260912_215351_529_traffic_scan_env2025_seed0-499_48352cd1,471,25,36,1,2
20260912_215351_529_traffic_scan_env2025_seed0-499_48352cd1,471,25,37,1,3
20260912_215351_529_traffic_scan_env2025_seed0-499_48352cd1,471,25,38,1,2
20260912_215351_529_traffic_scan_env2025_seed0-499_48352cd1,471,25,39,0,1
20260912_215351_529_traffic_scan_env2025_seed0-499_48352cd1,471,25,40,1,2
20260912_215351_529_traffic_scan_env2025_seed0-499_48352cd1,471,25,41,0,2
20260912_215351_529_traffic_scan_env2025_seed0-499_48352cd1,471,25,41,1,1
20260912_215351_529_traffic_scan_env2025_seed0-499_48352cd1,471,25,42,0,1
20260912_215351_529_traffic_scan_env2025_seed0-499_48352cd1,471,25,42,1,1
20260912_215351_529_traffic_scan_env2025_seed0-499_48352cd1,471,25,43,1,3
20260912_215351_529_traffic_scan_env2025_seed0-499_48352cd1,471,25,44,1,2
20260912_215351_529_traffic_scan_env2025_seed0-499_48352cd1,471,25,45,1,1
20260912_215351_529_traffic_scan_env2025_seed0-499_48352cd1,471,25,46,1,2
20260912_215351_529_traffic_scan_env2025_seed0-499_48352cd1,471,25,47,1,2
20260912_215351_529_traffic_scan_env2025_seed0-499_48352cd1,471,25,48,1,2
20260912_215351_529_traffic_scan_env2025_seed0-499_48352cd1,471,25,49,1,1
20260912_215351_529_traffic_scan_env2025_seed0-499_48352cd1,471,25,50,0,2
20260912_215351_529_traffic_scan_env2025_seed0-499_48352cd1,471,25,50,1,2
20260912_215351_529_traffic_scan_env2025_seed0-499_48352cd1,471,25,53,1,1
20260912_215351_529_traffic_scan_env2025_seed0-499_48352cd1,471,25,57,0,1
20260912_215351_529_traffic_scan_env2025_seed0-499_48352cd1,471,26,1,0,1
20260912_215351_529_traffic_scan_env2025_seed0-499_48352cd1,471,26,3,2,1
20260912_215351_529_traffic_scan_env2025_seed0-499_48352cd1,471,26,4,0,1
20260912_215351_529_traffic_scan_env2025_seed0-499_48352cd1,471,26,7,0,1
20260912_215351_529_traffic_scan_env2025_seed0-499_48352cd1,471,26,8,0,1
20260912_215351_529_traffic_scan_env2025_seed0-499_48352cd1,471,26,8,1,1
20260912_215351_529_traffic_scan_env2025_seed0-499_48352cd1,471,26,10,2,2
20260912_215351_529_traffic_scan_env2025_seed0-499_48352cd1,471,26,11,2,1
20260912_215351_529_traffic_scan_env2025_seed0-499_48352cd1,471,26,12,1,1
20260912_215351_529_traffic_scan_env2025_seed0-499_48352cd1,471,26,13,0,2
20260912_215351_529_traffic_scan_env2025_seed0-499_48352cd1,471,26,13,1,4
20260912_215351_529_traffic_scan_env2025_seed0-499_48352cd1,471,26,15,0,2
20260912_215351_529_traffic_scan_env2025_seed0-499_48352cd1,471,26,15,1,2
20260912_215351_529_traffic_scan_env2025_seed0-499_48352cd1,471,26,16,1,1
20260912_215351_529_traffic_scan_env2025_seed0-499_48352cd1,471,26,17,1,1
20260912_215351_529_traffic_scan_env2025_seed0-499_48352cd1,471,26,18,1,1
20260912_215351_529_traffic_scan_env2025_seed0-499_48352cd1,471,26,19,1,3
20260912_215351_529_traffic_scan_env2025_seed0-499_48352cd1,471,26,20,0,2
20260912_215351_529_traffic_scan_env2025_seed0-499_48352cd1,471,26,21,0,1
20260912_215351_529_traffic_scan_env2025_seed0-499_48352cd1,471,26,21,1,1
20260912_215351_529_traffic_scan_env2025_seed0-499_48352cd1,471,26,22,0,1
20260912_215351_529_traffic_scan_env2025_seed0-499_48352cd1,471,26,22,1,4
20260912_215351_529_traffic_scan_env2025_seed0-499_48352cd1,471,26,24,2,8
20260912_215351_529_traffic_scan_env2025_seed0-499_48352cd1,471,26,25,0,1
20260912_215351_529_traffic_scan_env2025_seed0-499_48352cd1,471,26,25,1,7
20260912_215351_529_traffic_scan_env2025_seed0-499_48352cd1,471,26,27,0,1
20260912_215351_529_traffic_scan_env2025_seed0-499_48352cd1,471,26,27,1,1
20260912_215351_529_traffic_scan_env2025_seed0-499_48352cd1,471,26,28,0,5
20260912_215351_529_traffic_scan_env2025_seed0-499_48352cd1,471,26,28,1,6
20260912_215351_529_traffic_scan_env2025_seed0-499_48352cd1,471,26,30,0,1
20260912_215351_529_traffic_scan_env2025_seed0-499_48352cd1,471,26,30,1,1
20260912_215351_529_traffic_scan_env2025_seed0-499_48352cd1,471,26,31,0,1
20260912_215351_529_traffic_scan_env2025_seed0-499_48352cd1,471,26,31,1,2
20260912_215351_529_traffic_scan_env2025_seed0-499_48352cd1,471,26,32,1,1
20260912_215351_529_traffic_scan_env2025_seed0-499_48352cd1,471,26,33,1,1
20260912_215351_529_traffic_scan_env2025_seed0-499_48352cd1,471,26,34,1,3
20260912_215351_529_traffic_scan_env2025_seed0-499_48352cd1,471,26,35,0,3
20260912_215351_529_traffic_scan_env2025_seed0-499_48352cd1,471,26,35,1,3
20260912_215351_529_traffic_scan_env2025_seed0-499_48352cd1,471,26,36,1,4
20260912_215351_529_traffic_scan_env2025_seed0-499_48352cd1,471,26,37,1,3
20260912_215351_529_traffic_scan_env2025_seed0-499_48352cd1,471,26,38,1,1
20260912_215351_529_traffic_scan_env2025_seed0-499_48352cd1,471,26,39,0,1
20260912_215351_529_traffic_scan_env2025_seed0-499_48352cd1,471,26,39,1,3
20260912_215351_529_traffic_scan_env2025_seed0-499_48352cd1,471,26,40,0,1
20260912_215351_529_traffic_scan_env2025_seed0-499_48352cd1,471,26,41,0,1
20260912_215351_529_traffic_scan_env2025_seed0-499_48352cd1,471,26,42,0,3
20260912_215351_529_traffic_scan_env2025_seed0-499_48352cd1,471,26,42,1,2
20260912_215351_529_traffic_scan_env2025_seed0-499_48352cd1,471,26,43,0,2
20260912_215351_529_traffic_scan_env2025_seed0-499_48352cd1,471,26,43,1,1
20260912_215351_529_traffic_scan_env2025_seed0-499_48352cd1,471,26,44,0,1
20260912_215351_529_traffic_scan_env2025_seed0-499_48352cd1,471,26,45,0,1
20260912_215351_529_traffic_scan_env2025_seed0-499_48352cd1,471,26,46,0,1
20260912_215351_529_traffic_scan_env2025_seed0-499_48352cd1,471,26,46,1,1
20260912_215351_529_traffic_scan_env2025_seed0-499_48352cd1,471,26,47,0,1
20260912_215351_529_traffic_scan_env2025_seed0-499_48352cd1,471,26,47,1,1
20260912_215351_529_traffic_scan_env2025_seed0-499_48352cd1,471,26,48,1,1
20260912_215351_529_traffic_scan_env2025_seed0-499_48352cd1,471,26,49,0,2
20260912_215351_529_traffic_scan_env2025_seed0-499_48352cd1,471,26,49,1,1
20260912_215351_529_traffic_scan_env2025_seed0-499_48352cd1,471,26,53,1,1
20260912_215351_529_traffic_scan_env2025_seed0-499_48352cd1,471,26,56,1,1
20260912_215351_529_traffic_scan_env2025_seed0-499_48352cd1,471,27,1,0,2
20260912_215351_529_traffic_scan_env2025_seed0-499_48352cd1,471,27,2,0,1
20260912_215351_529_traffic_scan_env2025_seed0-499_48352cd1,471,27,3,0,2
20260912_215351_529_traffic_scan_env2025_seed0-499_48352cd1,471,27,3,1,1
20260912_215351_529_traffic_scan_env2025_seed0-499_48352cd1,471,27,4,0,1
20260912_215351_529_traffic_scan_env2025_seed0-499_48352cd1,471,27,5,0,1
20260912_215351_529_traffic_scan_env2025_seed0-499_48352cd1,471,27,6,0,2
20260912_215351_529_traffic_scan_env2025_seed0-499_48352cd1,471,27,7,0,1
20260912_215351_529_traffic_scan_env2025_seed0-499_48352cd1,471,27,7,1,1
20260912_215351_529_traffic_scan_env2025_seed0-499_48352cd1,471,27,8,1,1
20260912_215351_529_traffic_scan_env2025_seed0-499_48352cd1,471,27,9,1,1
20260912_215351_529_traffic_scan_env2025_seed0-499_48352cd1,471,27,10,1,1
20260912_215351_529_traffic_scan_env2025_seed0-499_48352cd1,471,27,11,1,4
20260912_215351_529_traffic_scan_env2025_seed0-499_48352cd1,471,27,12,2,1
20260912_215351_529_traffic_scan_env2025_seed0-499_48352cd1,471,27,13,0,2
20260912_215351_529_traffic_scan_env2025_seed0-499_48352cd1,471,27,13,1,3
20260912_215351_529_traffic_scan_env2025_seed0-499_48352cd1,471,27,14,0,4
20260912_215351_529_traffic_scan_env2025_seed0-499_48352cd1,471,27,14,1,4
20260912_215351_529_traffic_scan_env2025_seed0-499_48352cd1,471,27,15,0,1
20260912_215351_529_traffic_scan_env2025_seed0-499_48352cd1,471,27,15,1,1
20260912_215351_529_traffic_scan_env2025_seed0-499_48352cd1,471,27,18,2,1
20260912_215351_529_traffic_scan_env2025_seed0-499_48352cd1,471,27,20,0,1
20260912_215351_529_traffic_scan_env2025_seed0-499_48352cd1,471,27,20,1,2
20260912_215351_529_traffic_scan_env2025_seed0-499_48352cd1,471,27,21,1,3
20260912_215351_529_traffic_scan_env2025_seed0-499_48352cd1,471,27,22,0,1
20260912_215351_529_traffic_scan_env2025_seed0-499_48352cd1,471,27,23,0,2
20260912_215351_529_traffic_scan_env2025_seed0-499_48352cd1,471,27,23,1,1
20260912_215351_529_traffic_scan_env2025_seed0-499_48352cd1,471,27,24,0,2
20260912_215351_529_traffic_scan_env2025_seed0-499_48352cd1,471,27,25,1,1
20260912_215351_529_traffic_scan_env2025_seed0-499_48352cd1,471,27,26,1,5
20260912_215351_529_traffic_scan_env2025_seed0-499_48352cd1,471,27,27,0,1
20260912_215351_529_traffic_scan_env2025_seed0-499_48352cd1,471,27,27,1,5
20260912_215351_529_traffic_scan_env2025_seed0-499_48352cd1,471,27,28,0,3
20260912_215351_529_traffic_scan_env2025_seed0-499_48352cd1,471,27,29,0,2
20260912_215351_529_traffic_scan_env2025_seed0-499_48352cd1,471,27,29,1,2
20260912_215351_529_traffic_scan_env2025_seed0-499_48352cd1,471,27,30,0,2
20260912_215351_529_traffic_scan_env2025_seed0-499_48352cd1,471,27,30,1,1
20260912_215351_529_traffic_scan_env2025_seed0-499_48352cd1,471,27,31,1,1
20260912_215351_529_traffic_scan_env2025_seed0-499_48352cd1,471,27,32,1,1
20260912_215351_529_traffic_scan_env2025_seed0-499_48352cd1,471,27,34,0,3
20260912_215351_529_traffic_scan_env2025_seed0-499_48352cd1,471,27,34,1,2
20260912_215351_529_traffic_scan_env2025_seed0-499_48352cd1,471,27,35,1,5
20260912_215351_529_traffic_scan_env2025_seed0-499_48352cd1,471,27,36,1,2
20260912_215351_529_traffic_scan_env2025_seed0-499_48352cd1,471,27,38,1,2
20260912_215351_529_traffic_scan_env2025_seed0-499_48352cd1,471,27,39,0,1
20260912_215351_529_traffic_scan_env2025_seed0-499_48352cd1,471,27,41,2,2
20260912_215351_529_traffic_scan_env2025_seed0-499_48352cd1,471,27,42,2,1
20260912_215351_529_traffic_scan_env2025_seed0-499_48352cd1,471,27,43,0,2
20260912_215351_529_traffic_scan_env2025_seed0-499_48352cd1,471,27,44,1,1
20260912_215351_529_traffic_scan_env2025_seed0-499_48352cd1,471,27,46,2,1
20260912_215351_529_traffic_scan_env2025_seed0-499_48352cd1,471,27,47,1,1
20260912_215351_529_traffic_scan_env2025_seed0-499_48352cd1,471,27,48,0,2
20260912_215351_529_traffic_scan_env2025_seed0-499_48352cd1,471,27,48,1,2
20260912_215351_529_traffic_scan_env2025_seed0-499_48352cd1,471,27,53,1,1
20260912_215351_529_traffic_scan_env2025_seed0-499_48352cd1,471,27,56,2,1
20260912_215351_529_traffic_scan_env2025_seed0-499_48352cd1,471,28,1,0,1
20260912_215351_529_traffic_scan_env2025_seed0-499_48352cd1,471,28,2,0,1
20260912_215351_529_traffic_scan_env2025_seed0-499_48352cd1,471,28,3,1,1
20260912_215351_529_traffic_scan_env2025_seed0-499_48352cd1,471,28,5,0,1
20260912_215351_529_traffic_scan_env2025_seed0-499_48352cd1,471,28,7,1,1
20260912_215351_529_traffic_scan_env2025_seed0-499_48352cd1,471,28,11,0,1
20260912_215351_529_traffic_scan_env2025_seed0-499_48352cd1,471,28,12,0,2
20260912_215351_529_traffic_scan_env2025_seed0-499_48352cd1,471,28,12,2,3
20260912_215351_529_traffic_scan_env2025_seed0-499_48352cd1,471,28,13,2,1
20260912_215351_529_traffic_scan_env2025_seed0-499_48352cd1,471,28,14,1,2
20260912_215351_529_traffic_scan_env2025_seed0-499_48352cd1,471,28,15,0,1
20260912_215351_529_traffic_scan_env2025_seed0-499_48352cd1,471,28,15,1,3
20260912_215351_529_traffic_scan_env2025_seed0-499_48352cd1,471,28,16,0,1
20260912_215351_529_traffic_scan_env2025_seed0-499_48352cd1,471,28,16,1,1
20260912_215351_529_traffic_scan_env2025_seed0-499_48352cd1,471,28,17,2,1
20260912_215351_529_traffic_scan_env2025_seed0-499_48352cd1,471,28,18,2,1
20260912_215351_529_traffic_scan_env2025_seed0-499_48352cd1,471,28,19,0,2
20260912_215351_529_traffic_scan_env2025_seed0-499_48352cd1,471,28,19,2,1
20260912_215351_529_traffic_scan_env2025_seed0-499_48352cd1,471,28,20,0,1
20260912_215351_529_traffic_scan_env2025_seed0-499_48352cd1,471,28,20,1,4
20260912_215351_529_traffic_scan_env2025_seed0-499_48352cd1,471,28,21,0,2
20260912_215351_529_traffic_scan_env2025_seed0-499_48352cd1,471,28,22,0,1
20260912_215351_529_traffic_scan_env2025_seed0-499_48352cd1,471,28,22,1,1
20260912_215351_529_traffic_scan_env2025_seed0-499_48352cd1,471,28,23,0,1
20260912_215351_529_traffic_scan_env2025_seed0-499_48352cd1,471,28,25,0,2
20260912_215351_529_traffic_scan_env2025_seed0-499_48352cd1,471,28,26,0,2
20260912_215351_529_traffic_scan_env2025_seed0-499_48352cd1,471,28,26,1,5
20260912_215351_529_traffic_scan_env2025_seed0-499_48352cd1,471,28,27,0,1
20260912_215351_529_traffic_scan_env2025_seed0-499_48352cd1,471,28,27,1,6
20260912_215351_529_traffic_scan_env2025_seed0-499_48352cd1,471,28,28,0,2
20260912_215351_529_traffic_scan_env2025_seed0-499_48352cd1,471,28,29,0,2
20260912_215351_529_traffic_scan_env2025_seed0-499_48352cd1,471,28,29,1,2
20260912_215351_529_traffic_scan_env2025_seed0-499_48352cd1,471,28,30,0,3
20260912_215351_529_traffic_scan_env2025_seed0-499_48352cd1,471,28,30,1,3
20260912_215351_529_traffic_scan_env2025_seed0-499_48352cd1,471,28,31,1,1
20260912_215351_529_traffic_scan_env2025_seed0-499_48352cd1,471,28,32,1,2
20260912_215351_529_traffic_scan_env2025_seed0-499_48352cd1,471,28,33,0,3
20260912_215351_529_traffic_scan_env2025_seed0-499_48352cd1,471,28,33,1,4
20260912_215351_529_traffic_scan_env2025_seed0-499_48352cd1,471,28,34,2,4
20260912_215351_529_traffic_scan_env2025_seed0-499_48352cd1,471,28,35,2,3
20260912_215351_529_traffic_scan_env2025_seed0-499_48352cd1,471,28,36,1,3
20260912_215351_529_traffic_scan_env2025_seed0-499_48352cd1,471,28,37,1,3
20260912_215351_529_traffic_scan_env2025_seed0-499_48352cd1,471,28,38,1,1
20260912_215351_529_traffic_scan_env2025_seed0-499_48352cd1,471,28,39,0,1
20260912_215351_529_traffic_scan_env2025_seed0-499_48352cd1,471,28,39,1,1
20260912_215351_529_traffic_scan_env2025_seed0-499_48352cd1,471,28,40,1,3
20260912_215351_529_traffic_scan_env2025_seed0-499_48352cd1,471,28,41,2,2
20260912_215351_529_traffic_scan_env2025_seed0-499_48352cd1,471,28,42,2,1
20260912_215351_529_traffic_scan_env2025_seed0-499_48352cd1,471,28,43,1,1
20260912_215351_529_traffic_scan_env2025_seed0-499_48352cd1,471,28,44,0,2
20260912_215351_529_traffic_scan_env2025_seed0-499_48352cd1,471,28,44,1,1
20260912_215351_529_traffic_scan_env2025_seed0-499_48352cd1,471,28,45,1,2
20260912_215351_529_traffic_scan_env2025_seed0-499_48352cd1,471,28,46,3,1
20260912_215351_529_traffic_scan_env2025_seed0-499_48352cd1,471,28,47,0,3
20260912_215351_529_traffic_scan_env2025_seed0-499_48352cd1,471,28,47,1,2
20260912_215351_529_traffic_scan_env2025_seed0-499_48352cd1,471,28,48,0,1
20260912_215351_529_traffic_scan_env2025_seed0-499_48352cd1,471,28,48,1,1
20260912_215351_529_traffic_scan_env2025_seed0-499_48352cd1,471,28,49,0,1
20260912_215351_529_traffic_scan_env2025_seed0-499_48352cd1,471,28,50,0,1
20260912_215351_529_traffic_scan_env2025_seed0-499_48352cd1,471,28,51,0,1
20260912_215351_529_traffic_scan_env2025_seed0-499_48352cd1,471,28,52,0,1
20260912_215351_529_traffic_scan_env2025_seed0-499_48352cd1,471,28,53,0,1
20260912_215351_529_traffic_scan_env2025_seed0-499_48352cd1,471,28,53,1,1
20260912_215351_529_traffic_scan_env2025_seed0-499_48352cd1,471,28,54,0,1
20260912_215351_529_traffic_scan_env2025_seed0-499_48352cd1,471,28,55,1,1
20260912_215351_529_traffic_scan_env2025_seed0-499_48352cd1,471,29,0,0,1
20260912_215351_529_traffic_scan_env2025_seed0-499_48352cd1,471,29,1,0,1
20260912_215351_529_traffic_scan_env2025_seed0-499_48352cd1,471,29,3,1,1
20260912_215351_529_traffic_scan_env2025_seed0-499_48352cd1,471,29,4,0,1
20260912_215351_529_traffic_scan_env2025_seed0-499_48352cd1,471,29,7,1,1
20260912_215351_529_traffic_scan_env2025_seed0-499_48352cd1,471,29,10,0,1
20260912_215351_529_traffic_scan_env2025_seed0-499_48352cd1,471,29,11,0,1
20260912_215351_529_traffic_scan_env2025_seed0-499_48352cd1,471,29,13,3,4
20260912_215351_529_traffic_scan_env2025_seed0-499_48352cd1,471,29,14,1,1
20260912_215351_529_traffic_scan_env2025_seed0-499_48352cd1,471,29,15,1,2
20260912_215351_529_traffic_scan_env2025_seed0-499_48352cd1,471,29,16,0,2
20260912_215351_529_traffic_scan_env2025_seed0-499_48352cd1,471,29,16,1,3
20260912_215351_529_traffic_scan_env2025_seed0-499_48352cd1,471,29,17,1,3
20260912_215351_529_traffic_scan_env2025_seed0-499_48352cd1,471,29,18,0,2
20260912_215351_529_traffic_scan_env2025_seed0-499_48352cd1,471,29,19,0,1
20260912_215351_529_traffic_scan_env2025_seed0-499_48352cd1,471,29,19,1,3
20260912_215351_529_traffic_scan_env2025_seed0-499_48352cd1,471,29,20,0,1
20260912_215351_529_traffic_scan_env2025_seed0-499_48352cd1,471,29,20,1,2
20260912_215351_529_traffic_scan_env2025_seed0-499_48352cd1,471,29,21,1,2
20260912_215351_529_traffic_scan_env2025_seed0-499_48352cd1,471,29,22,1,1
20260912_215351_529_traffic_scan_env2025_seed0-499_48352cd1,471,29,23,1,1
20260912_215351_529_traffic_scan_env2025_seed0-499_48352cd1,471,29,24,0,1
20260912_215351_529_traffic_scan_env2025_seed0-499_48352cd1,471,29,24,1,1
20260912_215351_529_traffic_scan_env2025_seed0-499_48352cd1,471,29,25,0,1
20260912_215351_529_traffic_scan_env2025_seed0-499_48352cd1,471,29,25,1,5
20260912_215351_529_traffic_scan_env2025_seed0-499_48352cd1,471,29,26,0,1
20260912_215351_529_traffic_scan_env2025_seed0-499_48352cd1,471,29,26,1,1
20260912_215351_529_traffic_scan_env2025_seed0-499_48352cd1,471,29,27,2,3
20260912_215351_529_traffic_scan_env2025_seed0-499_48352cd1,471,29,28,0,4
20260912_215351_529_traffic_scan_env2025_seed0-499_48352cd1,471,29,28,1,7
20260912_215351_529_traffic_scan_env2025_seed0-499_48352cd1,471,29,30,0,2
20260912_215351_529_traffic_scan_env2025_seed0-499_48352cd1,471,29,31,0,2
20260912_215351_529_traffic_scan_env2025_seed0-499_48352cd1,471,29,31,1,2
20260912_215351_529_traffic_scan_env2025_seed0-499_48352cd1,471,29,32,0,1
20260912_215351_529_traffic_scan_env2025_seed0-499_48352cd1,471,29,32,1,2
20260912_215351_529_traffic_scan_env2025_seed0-499_48352cd1,471,29,33,0,2
20260912_215351_529_traffic_scan_env2025_seed0-499_48352cd1,471,29,33,1,4
20260912_215351_529_traffic_scan_env2025_seed0-499_48352cd1,471,29,34,2,3
20260912_215351_529_traffic_scan_env2025_seed0-499_48352cd1,471,29,36,1,2
20260912_215351_529_traffic_scan_env2025_seed0-499_48352cd1,471,29,37,1,2
20260912_215351_529_traffic_scan_env2025_seed0-499_48352cd1,471,29,39,0,1
20260912_215351_529_traffic_scan_env2025_seed0-499_48352cd1,471,29,39,1,2
20260912_215351_529_traffic_scan_env2025_seed0-499_48352cd1,471,29,40,1,1
20260912_215351_529_traffic_scan_env2025_seed0-499_48352cd1,471,29,45,0,2
20260912_215351_529_traffic_scan_env2025_seed0-499_48352cd1,471,29,46,0,4
20260912_215351_529_traffic_scan_env2025_seed0-499_48352cd1,471,29,46,1,2
20260912_215351_529_traffic_scan_env2025_seed0-499_48352cd1,471,29,46,2,1
20260912_215351_529_traffic_scan_env2025_seed0-499_48352cd1,471,29,47,0,1
20260912_215351_529_traffic_scan_env2025_seed0-499_48352cd1,471,29,47,1,1
20260912_215351_529_traffic_scan_env2025_seed0-499_48352cd1,471,29,48,1,1
20260912_215351_529_traffic_scan_env2025_seed0-499_48352cd1,471,29,53,1,1
20260912_215351_529_traffic_scan_env2025_seed0-499_48352cd1,471,29,54,2,1
20260912_215351_529_traffic_scan_env2025_seed0-499_48352cd1,471,30,1,0,3
20260912_215351_529_traffic_scan_env2025_seed0-499_48352cd1,471,30,2,0,3
20260912_215351_529_traffic_scan_env2025_seed0-499_48352cd1,471,30,3,0,3
20260912_215351_529_traffic_scan_env2025_seed0-499_48352cd1,471,30,3,1,1
20260912_215351_529_traffic_scan_env2025_seed0-499_48352cd1,471,30,7,1,1
20260912_215351_529_traffic_scan_env2025_seed0-499_48352cd1,471,30,9,0,1
20260912_215351_529_traffic_scan_env2025_seed0-499_48352cd1,471,30,11,0,1
20260912_215351_529_traffic_scan_env2025_seed0-499_48352cd1,471,30,14,2,5
20260912_215351_529_traffic_scan_env2025_seed0-499_48352cd1,471,30,15,0,1
20260912_215351_529_traffic_scan_env2025_seed0-499_48352cd1,471,30,15,1,2
20260912_215351_529_traffic_scan_env2025_seed0-499_48352cd1,471,30,16,1,1
20260912_215351_529_traffic_scan_env2025_seed0-499_48352cd1,471,30,17,0,1
20260912_215351_529_traffic_scan_env2025_seed0-499_48352cd1,471,30,17,1,2
20260912_215351_529_traffic_scan_env2025_seed0-499_48352cd1,471,30,18,1,3
20260912_215351_529_traffic_scan_env2025_seed0-499_48352cd1,471,30,19,0,3
20260912_215351_529_traffic_scan_env2025_seed0-499_48352cd1,471,30,19,1,1
20260912_215351_529_traffic_scan_env2025_seed0-499_48352cd1,471,30,20,0,1
20260912_215351_529_traffic_scan_env2025_seed0-499_48352cd1,471,30,20,1,1
20260912_215351_529_traffic_scan_env2025_seed0-499_48352cd1,471,30,24,0,1
20260912_215351_529_traffic_scan_env2025_seed0-499_48352cd1,471,30,24,1,4
20260912_215351_529_traffic_scan_env2025_seed0-499_48352cd1,471,30,27,0,1
20260912_215351_529_traffic_scan_env2025_seed0-499_48352cd1,471,30,27,1,2
20260912_215351_529_traffic_scan_env2025_seed0-499_48352cd1,471,30,28,0,3
20260912_215351_529_traffic_scan_env2025_seed0-499_48352cd1,471,30,28,1,1
20260912_215351_529_traffic_scan_env2025_seed0-499_48352cd1,471,30,29,0,1
20260912_215351_529_traffic_scan_env2025_seed0-499_48352cd1,471,30,29,1,6
20260912_215351_529_traffic_scan_env2025_seed0-499_48352cd1,471,30,31,0,2
20260912_215351_529_traffic_scan_env2025_seed0-499_48352cd1,471,30,31,1,2
20260912_215351_529_traffic_scan_env2025_seed0-499_48352cd1,471,30,32,0,4
20260912_215351_529_traffic_scan_env2025_seed0-499_48352cd1,471,30,32,1,5
20260912_215351_529_traffic_scan_env2025_seed0-499_48352cd1,471,30,33,1,2
20260912_215351_529_traffic_scan_env2025_seed0-499_48352cd1,471,30,34,1,1
20260912_215351_529_traffic_scan_env2025_seed0-499_48352cd1,471,30,35,1,3
20260912_215351_529_traffic_scan_env2025_seed0-499_48352cd1,471,30,38,1,4
20260912_215351_529_traffic_scan_env2025_seed0-499_48352cd1,471,30,39,0,1
20260912_215351_529_traffic_scan_env2025_seed0-499_48352cd1,471,30,39,1,3
20260912_215351_529_traffic_scan_env2025_seed0-499_48352cd1,471,30,44,0,1
20260912_215351_529_traffic_scan_env2025_seed0-499_48352cd1,471,30,45,0,3
20260912_215351_529_traffic_scan_env2025_seed0-499_48352cd1,471,30,45,1,3
20260912_215351_529_traffic_scan_env2025_seed0-499_48352cd1,471,30,48,0,1
20260912_215351_529_traffic_scan_env2025_seed0-499_48352cd1,471,30,48,1,2
20260912_215351_529_traffic_scan_env2025_seed0-499_48352cd1,471,30,53,1,2
20260912_215351_529_traffic_scan_env2025_seed0-499_48352cd1,471,31,1,0,2
20260912_215351_529_traffic_scan_env2025_seed0-499_48352cd1,471,31,3,2,1
20260912_215351_529_traffic_scan_env2025_seed0-499_48352cd1,471,31,4,0,3
20260912_215351_529_traffic_scan_env2025_seed0-499_48352cd1,471,31,5,0,1
20260912_215351_529_traffic_scan_env2025_seed0-499_48352cd1,471,31,6,0,1
20260912_215351_529_traffic_scan_env2025_seed0-499_48352cd1,471,31,7,0,1
20260912_215351_529_traffic_scan_env2025_seed0-499_48352cd1,471,31,7,1,1
20260912_215351_529_traffic_scan_env2025_seed0-499_48352cd1,471,31,8,0,2
20260912_215351_529_traffic_scan_env2025_seed0-499_48352cd1,471,31,9,0,1
20260912_215351_529_traffic_scan_env2025_seed0-499_48352cd1,471,31,10,0,2
20260912_215351_529_traffic_scan_env2025_seed0-499_48352cd1,471,31,11,0,2
20260912_215351_529_traffic_scan_env2025_seed0-499_48352cd1,471,31,12,0,2
20260912_215351_529_traffic_scan_env2025_seed0-499_48352cd1,471,31,13,0,1
20260912_215351_529_traffic_scan_env2025_seed0-499_48352cd1,471,31,13,1,2
20260912_215351_529_traffic_scan_env2025_seed0-499_48352cd1,471,31,14,0,1
20260912_215351_529_traffic_scan_env2025_seed0-499_48352cd1,471,31,14,1,1
20260912_215351_529_traffic_scan_env2025_seed0-499_48352cd1,471,31,15,1,4
20260912_215351_529_traffic_scan_env2025_seed0-499_48352cd1,471,31,17,1,4
20260912_215351_529_traffic_scan_env2025_seed0-499_48352cd1,471,31,18,0,2
20260912_215351_529_traffic_scan_env2025_seed0-499_48352cd1,471,31,18,1,3
20260912_215351_529_traffic_scan_env2025_seed0-499_48352cd1,471,31,19,0,2
20260912_215351_529_traffic_scan_env2025_seed0-499_48352cd1,471,31,20,0,1
20260912_215351_529_traffic_scan_env2025_seed0-499_48352cd1,471,31,20,1,1
20260912_215351_529_traffic_scan_env2025_seed0-499_48352cd1,471,31,23,0,1
20260912_215351_529_traffic_scan_env2025_seed0-499_48352cd1,471,31,23,1,4
20260912_215351_529_traffic_scan_env2025_seed0-499_48352cd1,471,31,26,1,1
20260912_215351_529_traffic_scan_env2025_seed0-499_48352cd1,471,31,27,0,1
20260912_215351_529_traffic_scan_env2025_seed0-499_48352cd1,471,31,27,1,1
20260912_215351_529_traffic_scan_env2025_seed0-499_48352cd1,471,31,28,0,3
20260912_215351_529_traffic_scan_env2025_seed0-499_48352cd1,471,31,29,0,1
20260912_215351_529_traffic_scan_env2025_seed0-499_48352cd1,471,31,29,1,1
20260912_215351_529_traffic_scan_env2025_seed0-499_48352cd1,471,31,30,0,1
20260912_215351_529_traffic_scan_env2025_seed0-499_48352cd1,471,31,30,1,8
20260912_215351_529_traffic_scan_env2025_seed0-499_48352cd1,471,31,31,0,2
20260912_215351_529_traffic_scan_env2025_seed0-499_48352cd1,471,31,31,1,3
20260912_215351_529_traffic_scan_env2025_seed0-499_48352cd1,471,31,32,0,1
20260912_215351_529_traffic_scan_env2025_seed0-499_48352cd1,471,31,32,1,2
20260912_215351_529_traffic_scan_env2025_seed0-499_48352cd1,471,31,33,0,2
20260912_215351_529_traffic_scan_env2025_seed0-499_48352cd1,471,31,33,1,2
20260912_215351_529_traffic_scan_env2025_seed0-499_48352cd1,471,31,34,1,2
20260912_215351_529_traffic_scan_env2025_seed0-499_48352cd1,471,31,35,1,1
20260912_215351_529_traffic_scan_env2025_seed0-499_48352cd1,471,31,36,1,1
20260912_215351_529_traffic_scan_env2025_seed0-499_48352cd1,471,31,37,1,2
20260912_215351_529_traffic_scan_env2025_seed0-499_48352cd1,471,31,38,1,1
20260912_215351_529_traffic_scan_env2025_seed0-499_48352cd1,471,31,39,0,1
20260912_215351_529_traffic_scan_env2025_seed0-499_48352cd1,471,31,40,1,2
20260912_215351_529_traffic_scan_env2025_seed0-499_48352cd1,471,31,41,0,1
20260912_215351_529_traffic_scan_env2025_seed0-499_48352cd1,471,31,42,0,1
20260912_215351_529_traffic_scan_env2025_seed0-499_48352cd1,471,31,43,0,1
20260912_215351_529_traffic_scan_env2025_seed0-499_48352cd1,471,31,44,2,1
20260912_215351_529_traffic_scan_env2025_seed0-499_48352cd1,471,31,45,0,2
20260912_215351_529_traffic_scan_env2025_seed0-499_48352cd1,471,31,45,1,2
20260912_215351_529_traffic_scan_env2025_seed0-499_48352cd1,471,31,48,1,2
20260912_215351_529_traffic_scan_env2025_seed0-499_48352cd1,471,31,49,0,1
20260912_215351_529_traffic_scan_env2025_seed0-499_48352cd1,471,31,52,1,1
20260912_215351_529_traffic_scan_env2025_seed0-499_48352cd1,471,31,53,2,1
20260912_215351_529_traffic_scan_env2025_seed0-499_48352cd1,471,32,1,0,1
20260912_215351_529_traffic_scan_env2025_seed0-499_48352cd1,471,32,3,2,1
20260912_215351_529_traffic_scan_env2025_seed0-499_48352cd1,471,32,5,0,2
20260912_215351_529_traffic_scan_env2025_seed0-499_48352cd1,471,32,6,0,1
20260912_215351_529_traffic_scan_env2025_seed0-499_48352cd1,471,32,7,0,2
20260912_215351_529_traffic_scan_env2025_seed0-499_48352cd1,471,32,7,1,1
20260912_215351_529_traffic_scan_env2025_seed0-499_48352cd1,471,32,9,0,1
20260912_215351_529_traffic_scan_env2025_seed0-499_48352cd1,471,32,10,0,1
20260912_215351_529_traffic_scan_env2025_seed0-499_48352cd1,471,32,13,0,2
20260912_215351_529_traffic_scan_env2025_seed0-499_48352cd1,471,32,13,1,2
20260912_215351_529_traffic_scan_env2025_seed0-499_48352cd1,471,32,14,0,2
20260912_215351_529_traffic_scan_env2025_seed0-499_48352cd1,471,32,15,0,2
20260912_215351_529_traffic_scan_env2025_seed0-499_48352cd1,471,32,15,1,1
20260912_215351_529_traffic_scan_env2025_seed0-499_48352cd1,471,32,16,0,3
20260912_215351_529_traffic_scan_env2025_seed0-499_48352cd1,471,32,16,1,5
20260912_215351_529_traffic_scan_env2025_seed0-499_48352cd1,471,32,17,0,3
20260912_215351_529_traffic_scan_env2025_seed0-499_48352cd1,471,32,17,1,1
20260912_215351_529_traffic_scan_env2025_seed0-499_48352cd1,471,32,18,0,3
20260912_215351_529_traffic_scan_env2025_seed0-499_48352cd1,471,32,18,1,1
20260912_215351_529_traffic_scan_env2025_seed0-499_48352cd1,471,32,19,0,4
20260912_215351_529_traffic_scan_env2025_seed0-499_48352cd1,471,32,19,1,2
20260912_215351_529_traffic_scan_env2025_seed0-499_48352cd1,471,32,20,0,2
20260912_215351_529_traffic_scan_env2025_seed0-499_48352cd1,471,32,20,1,5
20260912_215351_529_traffic_scan_env2025_seed0-499_48352cd1,471,32,21,0,3
20260912_215351_529_traffic_scan_env2025_seed0-499_48352cd1,471,32,21,1,4
20260912_215351_529_traffic_scan_env2025_seed0-499_48352cd1,471,32,22,0,4
20260912_215351_529_traffic_scan_env2025_seed0-499_48352cd1,471,32,22,1,4
20260912_215351_529_traffic_scan_env2025_seed0-499_48352cd1,471,32,23,0,3
20260912_215351_529_traffic_scan_env2025_seed0-499_48352cd1,471,32,24,0,2
20260912_215351_529_traffic_scan_env2025_seed0-499_48352cd1,471,32,25,0,2
20260912_215351_529_traffic_scan_env2025_seed0-499_48352cd1,471,32,25,1,1
20260912_215351_529_traffic_scan_env2025_seed0-499_48352cd1,471,32,26,0,4
20260912_215351_529_traffic_scan_env2025_seed0-499_48352cd1,471,32,27,0,3
20260912_215351_529_traffic_scan_env2025_seed0-499_48352cd1,471,32,27,1,1
20260912_215351_529_traffic_scan_env2025_seed0-499_48352cd1,471,32,28,0,3
20260912_215351_529_traffic_scan_env2025_seed0-499_48352cd1,471,32,29,0,4
20260912_215351_529_traffic_scan_env2025_seed0-499_48352cd1,471,32,29,1,2
20260912_215351_529_traffic_scan_env2025_seed0-499_48352cd1,471,32,30,0,3
20260912_215351_529_traffic_scan_env2025_seed0-499_48352cd1,471,32,30,1,4
20260912_215351_529_traffic_scan_env2025_seed0-499_48352cd1,471,32,31,0,1
20260912_215351_529_traffic_scan_env2025_seed0-499_48352cd1,471,32,31,1,8
20260912_215351_529_traffic_scan_env2025_seed0-499_48352cd1,471,32,32,0,1
20260912_215351_529_traffic_scan_env2025_seed0-499_48352cd1,471,32,33,0,2
20260912_215351_529_traffic_scan_env2025_seed0-499_48352cd1,471,32,33,1,2
20260912_215351_529_traffic_scan_env2025_seed0-499_48352cd1,471,32,34,0,3
20260912_215351_529_traffic_scan_env2025_seed0-499_48352cd1,471,32,34,1,2
20260912_215351_529_traffic_scan_env2025_seed0-499_48352cd1,471,32,35,0,1
20260912_215351_529_traffic_scan_env2025_seed0-499_48352cd1,471,32,36,0,1
20260912_215351_529_traffic_scan_env2025_seed0-499_48352cd1,471,32,36,1,3
20260912_215351_529_traffic_scan_env2025_seed0-499_48352cd1,471,32,37,0,1
20260912_215351_529_traffic_scan_env2025_seed0-499_48352cd1,471,32,37,1,2
20260912_215351_529_traffic_scan_env2025_seed0-499_48352cd1,471,32,39,0,1
20260912_215351_529_traffic_scan_env2025_seed0-499_48352cd1,471,32,40,0,1
20260912_215351_529_traffic_scan_env2025_seed0-499_48352cd1,471,32,41,2,2
20260912_215351_529_traffic_scan_env2025_seed0-499_48352cd1,471,32,43,1,1
20260912_215351_529_traffic_scan_env2025_seed0-499_48352cd1,471,32,45,1,1
20260912_215351_529_traffic_scan_env2025_seed0-499_48352cd1,471,32,46,0,2
20260912_215351_529_traffic_scan_env2025_seed0-499_48352cd1,471,32,46,1,1
20260912_215351_529_traffic_scan_env2025_seed0-499_48352cd1,471,32,47,2,1
20260912_215351_529_traffic_scan_env2025_seed0-499_48352cd1,471,32,48,2,1
20260912_215351_529_traffic_scan_env2025_seed0-499_48352cd1,471,32,50,0,1
20260912_215351_529_traffic_scan_env2025_seed0-499_48352cd1,471,32,51,1,1
20260912_215351_529_traffic_scan_env2025_seed0-499_48352cd1,471,32,53,3,1
20260912_215351_529_traffic_scan_env2025_seed0-499_48352cd1,471,33,1,0,1
20260912_215351_529_traffic_scan_env2025_seed0-499_48352cd1,471,33,3,1,1
20260912_215351_529_traffic_scan_env2025_seed0-499_48352cd1,471,33,6,0,2
20260912_215351_529_traffic_scan_env2025_seed0-499_48352cd1,471,33,7,0,1
20260912_215351_529_traffic_scan_env2025_seed0-499_48352cd1,471,33,7,1,1
20260912_215351_529_traffic_scan_env2025_seed0-499_48352cd1,471,33,8,0,2
20260912_215351_529_traffic_scan_env2025_seed0-499_48352cd1,471,33,9,0,3
20260912_215351_529_traffic_scan_env2025_seed0-499_48352cd1,471,33,10,0,2
20260912_215351_529_traffic_scan_env2025_seed0-499_48352cd1,471,33,11,0,2
20260912_215351_529_traffic_scan_env2025_seed0-499_48352cd1,471,33,12,0,2
20260912_215351_529_traffic_scan_env2025_seed0-499_48352cd1,471,33,12,1,1
20260912_215351_529_traffic_scan_env2025_seed0-499_48352cd1,471,33,13,0,3
20260912_215351_529_traffic_scan_env2025_seed0-499_48352cd1,471,33,13,1,1
20260912_215351_529_traffic_scan_env2025_seed0-499_48352cd1,471,33,14,1,1
20260912_215351_529_traffic_scan_env2025_seed0-499_48352cd1,471,33,15,0,2
20260912_215351_529_traffic_scan_env2025_seed0-499_48352cd1,471,33,15,1,3
20260912_215351_529_traffic_scan_env2025_seed0-499_48352cd1,471,33,16,0,1
20260912_215351_529_traffic_scan_env2025_seed0-499_48352cd1,471,33,16,1,2
20260912_215351_529_traffic_scan_env2025_seed0-499_48352cd1,471,33,17,0,1
20260912_215351_529_traffic_scan_env2025_seed0-499_48352cd1,471,33,17,1,4
20260912_215351_529_traffic_scan_env2025_seed0-499_48352cd1,471,33,18,1,1
20260912_215351_529_traffic_scan_env2025_seed0-499_48352cd1,471,33,19,0,1
20260912_215351_529_traffic_scan_env2025_seed0-499_48352cd1,471,33,19,1,6
20260912_215351_529_traffic_scan_env2025_seed0-499_48352cd1,471,33,20,0,1
20260912_215351_529_traffic_scan_env2025_seed0-499_48352cd1,471,33,20,1,4
20260912_215351_529_traffic_scan_env2025_seed0-499_48352cd1,471,33,21,0,1
20260912_215351_529_traffic_scan_env2025_seed0-499_48352cd1,471,33,21,1,1
20260912_215351_529_traffic_scan_env2025_seed0-499_48352cd1,471,33,22,1,1
20260912_215351_529_traffic_scan_env2025_seed0-499_48352cd1,471,33,23,1,1
20260912_215351_529_traffic_scan_env2025_seed0-499_48352cd1,471,33,24,0,1
20260912_215351_529_traffic_scan_env2025_seed0-499_48352cd1,471,33,24,1,2
20260912_215351_529_traffic_scan_env2025_seed0-499_48352cd1,471,33,25,0,2
20260912_215351_529_traffic_scan_env2025_seed0-499_48352cd1,471,33,25,1,1
20260912_215351_529_traffic_scan_env2025_seed0-499_48352cd1,471,33,26,2,1
20260912_215351_529_traffic_scan_env2025_seed0-499_48352cd1,471,33,27,2,2
20260912_215351_529_traffic_scan_env2025_seed0-499_48352cd1,471,33,28,0,4
20260912_215351_529_traffic_scan_env2025_seed0-499_48352cd1,471,33,28,1,3
20260912_215351_529_traffic_scan_env2025_seed0-499_48352cd1,471,33,29,0,4
20260912_215351_529_traffic_scan_env2025_seed0-499_48352cd1,471,33,29,1,4
20260912_215351_529_traffic_scan_env2025_seed0-499_48352cd1,471,33,30,0,2
20260912_215351_529_traffic_scan_env2025_seed0-499_48352cd1,471,33,30,1,3
20260912_215351_529_traffic_scan_env2025_seed0-499_48352cd1,471,33,31,0,1
20260912_215351_529_traffic_scan_env2025_seed0-499_48352cd1,471,33,31,1,2
20260912_215351_529_traffic_scan_env2025_seed0-499_48352cd1,471,33,32,0,1
20260912_215351_529_traffic_scan_env2025_seed0-499_48352cd1,471,33,32,1,9
20260912_215351_529_traffic_scan_env2025_seed0-499_48352cd1,471,33,33,1,1
20260912_215351_529_traffic_scan_env2025_seed0-499_48352cd1,471,33,34,0,1
20260912_215351_529_traffic_scan_env2025_seed0-499_48352cd1,471,33,34,1,1
20260912_215351_529_traffic_scan_env2025_seed0-499_48352cd1,471,33,35,0,2
20260912_215351_529_traffic_scan_env2025_seed0-499_48352cd1,471,33,35,1,5
20260912_215351_529_traffic_scan_env2025_seed0-499_48352cd1,471,33,36,1,2
20260912_215351_529_traffic_scan_env2025_seed0-499_48352cd1,471,33,37,0,1
20260912_215351_529_traffic_scan_env2025_seed0-499_48352cd1,471,33,37,1,1
20260912_215351_529_traffic_scan_env2025_seed0-499_48352cd1,471,33,38,0,1
20260912_215351_529_traffic_scan_env2025_seed0-499_48352cd1,471,33,38,1,2
20260912_215351_529_traffic_scan_env2025_seed0-499_48352cd1,471,33,39,0,2
20260912_215351_529_traffic_scan_env2025_seed0-499_48352cd1,471,33,39,1,1
20260912_215351_529_traffic_scan_env2025_seed0-499_48352cd1,471,33,40,1,1
20260912_215351_529_traffic_scan_env2025_seed0-499_48352cd1,471,33,41,2,1
20260912_215351_529_traffic_scan_env2025_seed0-499_48352cd1,471,33,42,2,4
20260912_215351_529_traffic_scan_env2025_seed0-499_48352cd1,471,33,43,1,1
20260912_215351_529_traffic_scan_env2025_seed0-499_48352cd1,471,33,44,0,1
20260912_215351_529_traffic_scan_env2025_seed0-499_48352cd1,471,33,45,0,1
20260912_215351_529_traffic_scan_env2025_seed0-499_48352cd1,471,33,45,1,1
20260912_215351_529_traffic_scan_env2025_seed0-499_48352cd1,471,33,46,0,3
20260912_215351_529_traffic_scan_env2025_seed0-499_48352cd1,471,33,47,2,2
20260912_215351_529_traffic_scan_env2025_seed0-499_48352cd1,471,33,48,2,1
20260912_215351_529_traffic_scan_env2025_seed0-499_48352cd1,471,33,49,0,1
20260912_215351_529_traffic_scan_env2025_seed0-499_48352cd1,471,33,50,0,2
20260912_215351_529_traffic_scan_env2025_seed0-499_48352cd1,471,33,51,1,1
20260912_215351_529_traffic_scan_env2025_seed0-499_48352cd1,471,33,53,3,1
20260912_215351_529_traffic_scan_env2025_seed0-499_48352cd1,471,34,1,0,1
20260912_215351_529_traffic_scan_env2025_seed0-499_48352cd1,471,34,3,1,1
20260912_215351_529_traffic_scan_env2025_seed0-499_48352cd1,471,34,5,0,1
20260912_215351_529_traffic_scan_env2025_seed0-499_48352cd1,471,34,7,0,1
20260912_215351_529_traffic_scan_env2025_seed0-499_48352cd1,471,34,7,1,1
20260912_215351_529_traffic_scan_env2025_seed0-499_48352cd1,471,34,8,0,1
20260912_215351_529_traffic_scan_env2025_seed0-499_48352cd1,471,34,11,1,1
20260912_215351_529_traffic_scan_env2025_seed0-499_48352cd1,471,34,13,0,2
20260912_215351_529_traffic_scan_env2025_seed0-499_48352cd1,471,34,13,1,1
20260912_215351_529_traffic_scan_env2025_seed0-499_48352cd1,471,34,14,0,2
20260912_215351_529_traffic_scan_env2025_seed0-499_48352cd1,471,34,14,1,1
20260912_215351_529_traffic_scan_env2025_seed0-499_48352cd1,471,34,15,0,1
20260912_215351_529_traffic_scan_env2025_seed0-499_48352cd1,471,34,15,1,2
20260912_215351_529_traffic_scan_env2025_seed0-499_48352cd1,471,34,16,0,1
20260912_215351_529_traffic_scan_env2025_seed0-499_48352cd1,471,34,18,1,7
20260912_215351_529_traffic_scan_env2025_seed0-499_48352cd1,471,34,19,0,1
20260912_215351_529_traffic_scan_env2025_seed0-499_48352cd1,471,34,20,0,1
20260912_215351_529_traffic_scan_env2025_seed0-499_48352cd1,471,34,20,1,2
20260912_215351_529_traffic_scan_env2025_seed0-499_48352cd1,471,34,21,0,1
20260912_215351_529_traffic_scan_env2025_seed0-499_48352cd1,471,34,21,1,2
20260912_215351_529_traffic_scan_env2025_seed0-499_48352cd1,471,34,23,1,1
20260912_215351_529_traffic_scan_env2025_seed0-499_48352cd1,471,34,24,0,1
20260912_215351_529_traffic_scan_env2025_seed0-499_48352cd1,471,34,25,0,2
20260912_215351_529_traffic_scan_env2025_seed0-499_48352cd1,471,34,27,2,2
20260912_215351_529_traffic_scan_env2025_seed0-499_48352cd1,471,34,28,0,4
20260912_215351_529_traffic_scan_env2025_seed0-499_48352cd1,471,34,28,1,4
20260912_215351_529_traffic_scan_env2025_seed0-499_48352cd1,471,34,29,0,1
20260912_215351_529_traffic_scan_env2025_seed0-499_48352cd1,471,34,29,1,2
20260912_215351_529_traffic_scan_env2025_seed0-499_48352cd1,471,34,31,0,1
20260912_215351_529_traffic_scan_env2025_seed0-499_48352cd1,471,34,31,1,3
20260912_215351_529_traffic_scan_env2025_seed0-499_48352cd1,471,34,33,0,1
20260912_215351_529_traffic_scan_env2025_seed0-499_48352cd1,471,34,33,1,6
20260912_215351_529_traffic_scan_env2025_seed0-499_48352cd1,471,34,34,0,1
20260912_215351_529_traffic_scan_env2025_seed0-499_48352cd1,471,34,34,1,2
20260912_215351_529_traffic_scan_env2025_seed0-499_48352cd1,471,34,35,0,2
20260912_215351_529_traffic_scan_env2025_seed0-499_48352cd1,471,34,35,1,1
20260912_215351_529_traffic_scan_env2025_seed0-499_48352cd1,471,34,36,0,3
20260912_215351_529_traffic_scan_env2025_seed0-499_48352cd1,471,34,36,1,2
20260912_215351_529_traffic_scan_env2025_seed0-499_48352cd1,471,34,38,0,2
20260912_215351_529_traffic_scan_env2025_seed0-499_48352cd1,471,34,39,0,3
20260912_215351_529_traffic_scan_env2025_seed0-499_48352cd1,471,34,39,1,1
20260912_215351_529_traffic_scan_env2025_seed0-499_48352cd1,471,34,41,1,1
20260912_215351_529_traffic_scan_env2025_seed0-499_48352cd1,471,34,43,1,2
20260912_215351_529_traffic_scan_env2025_seed0-499_48352cd1,471,34,46,0,1
20260912_215351_529_traffic_scan_env2025_seed0-499_48352cd1,471,34,46,1,1
20260912_215351_529_traffic_scan_env2025_seed0-499_48352cd1,471,34,47,0,2
20260912_215351_529_traffic_scan_env2025_seed0-499_48352cd1,471,34,47,1,2
20260912_215351_529_traffic_scan_env2025_seed0-499_48352cd1,471,34,48,0,1
20260912_215351_529_traffic_scan_env2025_seed0-499_48352cd1,471,34,48,1,1
20260912_215351_529_traffic_scan_env2025_seed0-499_48352cd1,471,34,50,0,1
20260912_215351_529_traffic_scan_env2025_seed0-499_48352cd1,471,34,50,1,1
20260912_215351_529_traffic_scan_env2025_seed0-499_48352cd1,471,34,53,3,1
20260912_215351_529_traffic_scan_env2025_seed0-499_48352cd1,471,35,1,0,1
20260912_215351_529_traffic_scan_env2025_seed0-499_48352cd1,471,35,3,1,1
20260912_215351_529_traffic_scan_env2025_seed0-499_48352cd1,471,35,4,0,1
20260912_215351_529_traffic_scan_env2025_seed0-499_48352cd1,471,35,5,0,1
20260912_215351_529_traffic_scan_env2025_seed0-499_48352cd1,471,35,6,0,1
20260912_215351_529_traffic_scan_env2025_seed0-499_48352cd1,471,35,7,0,2
20260912_215351_529_traffic_scan_env2025_seed0-499_48352cd1,471,35,7,1,1
20260912_215351_529_traffic_scan_env2025_seed0-499_48352cd1,471,35,8,0,2
20260912_215351_529_traffic_scan_env2025_seed0-499_48352cd1,471,35,9,0,1
20260912_215351_529_traffic_scan_env2025_seed0-499_48352cd1,471,35,10,0,1
20260912_215351_529_traffic_scan_env2025_seed0-499_48352cd1,471,35,10,1,1
20260912_215351_529_traffic_scan_env2025_seed0-499_48352cd1,471,35,11,0,1
20260912_215351_529_traffic_scan_env2025_seed0-499_48352cd1,471,35,12,0,1
20260912_215351_529_traffic_scan_env2025_seed0-499_48352cd1,471,35,13,0,2
20260912_215351_529_traffic_scan_env2025_seed0-499_48352cd1,471,35,13,1,2
20260912_215351_529_traffic_scan_env2025_seed0-499_48352cd1,471,35,14,0,1
20260912_215351_529_traffic_scan_env2025_seed0-499_48352cd1,471,35,14,1,1
20260912_215351_529_traffic_scan_env2025_seed0-499_48352cd1,471,35,15,1,1
20260912_215351_529_traffic_scan_env2025_seed0-499_48352cd1,471,35,16,0,1
20260912_215351_529_traffic_scan_env2025_seed0-499_48352cd1,471,35,17,1,4
20260912_215351_529_traffic_scan_env2025_seed0-499_48352cd1,471,35,19,0,2
20260912_215351_529_traffic_scan_env2025_seed0-499_48352cd1,471,35,19,1,3
20260912_215351_529_traffic_scan_env2025_seed0-499_48352cd1,471,35,20,1,1
20260912_215351_529_traffic_scan_env2025_seed0-499_48352cd1,471,35,21,1,1
20260912_215351_529_traffic_scan_env2025_seed0-499_48352cd1,471,35,22,0,1
20260912_215351_529_traffic_scan_env2025_seed0-499_48352cd1,471,35,22,1,3
20260912_215351_529_traffic_scan_env2025_seed0-499_48352cd1,471,35,23,0,1
20260912_215351_529_traffic_scan_env2025_seed0-499_48352cd1,471,35,25,0,1
20260912_215351_529_traffic_scan_env2025_seed0-499_48352cd1,471,35,26,0,4
20260912_215351_529_traffic_scan_env2025_seed0-499_48352cd1,471,35,26,1,1
20260912_215351_529_traffic_scan_env2025_seed0-499_48352cd1,471,35,27,0,4
20260912_215351_529_traffic_scan_env2025_seed0-499_48352cd1,471,35,27,1,4
20260912_215351_529_traffic_scan_env2025_seed0-499_48352cd1,471,35,28,1,3
20260912_215351_529_traffic_scan_env2025_seed0-499_48352cd1,471,35,29,0,1
20260912_215351_529_traffic_scan_env2025_seed0-499_48352cd1,471,35,30,1,2
20260912_215351_529_traffic_scan_env2025_seed0-499_48352cd1,471,35,32,0,1
20260912_215351_529_traffic_scan_env2025_seed0-499_48352cd1,471,35,32,1,1
20260912_215351_529_traffic_scan_env2025_seed0-499_48352cd1,471,35,33,1,2
20260912_215351_529_traffic_scan_env2025_seed0-499_48352cd1,471,35,34,1,7
20260912_215351_529_traffic_scan_env2025_seed0-499_48352cd1,471,35,36,0,1
20260912_215351_529_traffic_scan_env2025_seed0-499_48352cd1,471,35,37,0,4
20260912_215351_529_traffic_scan_env2025_seed0-499_48352cd1,471,35,37,1,2
20260912_215351_529_traffic_scan_env2025_seed0-499_48352cd1,471,35,40,0,3
20260912_215351_529_traffic_scan_env2025_seed0-499_48352cd1,471,35,40,1,2
20260912_215351_529_traffic_scan_env2025_seed0-499_48352cd1,471,35,41,0,2
20260912_215351_529_traffic_scan_env2025_seed0-499_48352cd1,471,35,42,0,1
20260912_215351_529_traffic_scan_env2025_seed0-499_48352cd1,471,35,43,0,1
20260912_215351_529_traffic_scan_env2025_seed0-499_48352cd1,471,35,44,0,1
20260912_215351_529_traffic_scan_env2025_seed0-499_48352cd1,471,35,44,1,2
20260912_215351_529_traffic_scan_env2025_seed0-499_48352cd1,471,35,45,0,2
20260912_215351_529_traffic_scan_env2025_seed0-499_48352cd1,471,35,46,0,1
20260912_215351_529_traffic_scan_env2025_seed0-499_48352cd1,471,35,46,1,1
20260912_215351_529_traffic_scan_env2025_seed0-499_48352cd1,471,35,47,0,1
20260912_215351_529_traffic_scan_env2025_seed0-499_48352cd1,471,35,47,1,2
20260912_215351_529_traffic_scan_env2025_seed0-499_48352cd1,471,35,48,0,2
20260912_215351_529_traffic_scan_env2025_seed0-499_48352cd1,471,35,48,1,1
20260912_215351_529_traffic_scan_env2025_seed0-499_48352cd1,471,35,49,1,1
20260912_215351_529_traffic_scan_env2025_seed0-499_48352cd1,471,35,53,2,1
20260912_215351_529_traffic_scan_env2025_seed0-499_48352cd1,471,36,1,0,1
20260912_215351_529_traffic_scan_env2025_seed0-499_48352cd1,471,36,3,1,1
20260912_215351_529_traffic_scan_env2025_seed0-499_48352cd1,471,36,4,0,1
20260912_215351_529_traffic_scan_env2025_seed0-499_48352cd1,471,36,8,1,1
20260912_215351_529_traffic_scan_env2025_seed0-499_48352cd1,471,36,9,0,1
20260912_215351_529_traffic_scan_env2025_seed0-499_48352cd1,471,36,9,1,1
20260912_215351_529_traffic_scan_env2025_seed0-499_48352cd1,471,36,10,0,2
20260912_215351_529_traffic_scan_env2025_seed0-499_48352cd1,471,36,11,0,1
20260912_215351_529_traffic_scan_env2025_seed0-499_48352cd1,471,36,11,1,1
20260912_215351_529_traffic_scan_env2025_seed0-499_48352cd1,471,36,12,0,1
20260912_215351_529_traffic_scan_env2025_seed0-499_48352cd1,471,36,12,1,2
20260912_215351_529_traffic_scan_env2025_seed0-499_48352cd1,471,36,13,0,2
20260912_215351_529_traffic_scan_env2025_seed0-499_48352cd1,471,36,13,1,3
20260912_215351_529_traffic_scan_env2025_seed0-499_48352cd1,471,36,14,1,1
20260912_215351_529_traffic_scan_env2025_seed0-499_48352cd1,471,36,15,0,1
20260912_215351_529_traffic_scan_env2025_seed0-499_48352cd1,471,36,15,1,2
20260912_215351_529_traffic_scan_env2025_seed0-499_48352cd1,471,36,16,1,5
20260912_215351_529_traffic_scan_env2025_seed0-499_48352cd1,471,36,17,1,1
20260912_215351_529_traffic_scan_env2025_seed0-499_48352cd1,471,36,18,2,1
20260912_215351_529_traffic_scan_env2025_seed0-499_48352cd1,471,36,19,0,3
20260912_215351_529_traffic_scan_env2025_seed0-499_48352cd1,471,36,19,1,1
20260912_215351_529_traffic_scan_env2025_seed0-499_48352cd1,471,36,20,0,1
20260912_215351_529_traffic_scan_env2025_seed0-499_48352cd1,471,36,20,1,5
20260912_215351_529_traffic_scan_env2025_seed0-499_48352cd1,471,36,21,1,2
20260912_215351_529_traffic_scan_env2025_seed0-499_48352cd1,471,36,22,0,1
20260912_215351_529_traffic_scan_env2025_seed0-499_48352cd1,471,36,22,1,2
20260912_215351_529_traffic_scan_env2025_seed0-499_48352cd1,471,36,23,0,1
20260912_215351_529_traffic_scan_env2025_seed0-499_48352cd1,471,36,23,1,3
20260912_215351_529_traffic_scan_env2025_seed0-499_48352cd1,471,36,24,0,1
20260912_215351_529_traffic_scan_env2025_seed0-499_48352cd1,471,36,24,1,1
20260912_215351_529_traffic_scan_env2025_seed0-499_48352cd1,471,36,25,0,2
20260912_215351_529_traffic_scan_env2025_seed0-499_48352cd1,471,36,25,1,1
20260912_215351_529_traffic_scan_env2025_seed0-499_48352cd1,471,36,26,1,3
20260912_215351_529_traffic_scan_env2025_seed0-499_48352cd1,471,36,27,0,3
20260912_215351_529_traffic_scan_env2025_seed0-499_48352cd1,471,36,27,1,3
20260912_215351_529_traffic_scan_env2025_seed0-499_48352cd1,471,36,28,2,1
20260912_215351_529_traffic_scan_env2025_seed0-499_48352cd1,471,36,29,0,1
20260912_215351_529_traffic_scan_env2025_seed0-499_48352cd1,471,36,29,1,2
20260912_215351_529_traffic_scan_env2025_seed0-499_48352cd1,471,36,32,1,2
20260912_215351_529_traffic_scan_env2025_seed0-499_48352cd1,471,36,33,0,1
20260912_215351_529_traffic_scan_env2025_seed0-499_48352cd1,471,36,33,1,2
20260912_215351_529_traffic_scan_env2025_seed0-499_48352cd1,471,36,35,0,6
20260912_215351_529_traffic_scan_env2025_seed0-499_48352cd1,471,36,36,0,1
20260912_215351_529_traffic_scan_env2025_seed0-499_48352cd1,471,36,37,0,1
20260912_215351_529_traffic_scan_env2025_seed0-499_48352cd1,471,36,38,0,3
20260912_215351_529_traffic_scan_env2025_seed0-499_48352cd1,471,36,38,1,2
20260912_215351_529_traffic_scan_env2025_seed0-499_48352cd1,471,36,39,1,1
20260912_215351_529_traffic_scan_env2025_seed0-499_48352cd1,471,36,40,0,1
20260912_215351_529_traffic_scan_env2025_seed0-499_48352cd1,471,36,40,1,1
20260912_215351_529_traffic_scan_env2025_seed0-499_48352cd1,471,36,42,0,1
20260912_215351_529_traffic_scan_env2025_seed0-499_48352cd1,471,36,44,0,1
20260912_215351_529_traffic_scan_env2025_seed0-499_48352cd1,471,36,45,1,2
20260912_215351_529_traffic_scan_env2025_seed0-499_48352cd1,471,36,46,1,1
20260912_215351_529_traffic_scan_env2025_seed0-499_48352cd1,471,36,47,1,2
20260912_215351_529_traffic_scan_env2025_seed0-499_48352cd1,471,36,48,1,2
20260912_215351_529_traffic_scan_env2025_seed0-499_48352cd1,471,36,49,1,1
20260912_215351_529_traffic_scan_env2025_seed0-499_48352cd1,471,36,53,1,1
20260912_215351_529_traffic_scan_env2025_seed0-499_48352cd1,471,37,1,0,1
20260912_215351_529_traffic_scan_env2025_seed0-499_48352cd1,471,37,3,1,1
20260912_215351_529_traffic_scan_env2025_seed0-499_48352cd1,471,37,4,0,1
20260912_215351_529_traffic_scan_env2025_seed0-499_48352cd1,471,37,5,0,2
20260912_215351_529_traffic_scan_env2025_seed0-499_48352cd1,471,37,8,0,1
20260912_215351_529_traffic_scan_env2025_seed0-499_48352cd1,471,37,8,1,2
20260912_215351_529_traffic_scan_env2025_seed0-499_48352cd1,471,37,9,0,1
20260912_215351_529_traffic_scan_env2025_seed0-499_48352cd1,471,37,12,0,3
20260912_215351_529_traffic_scan_env2025_seed0-499_48352cd1,471,37,12,1,2
20260912_215351_529_traffic_scan_env2025_seed0-499_48352cd1,471,37,13,1,1
20260912_215351_529_traffic_scan_env2025_seed0-499_48352cd1,471,37,14,0,2
20260912_215351_529_traffic_scan_env2025_seed0-499_48352cd1,471,37,15,1,5
20260912_215351_529_traffic_scan_env2025_seed0-499_48352cd1,471,37,17,0,1
20260912_215351_529_traffic_scan_env2025_seed0-499_48352cd1,471,37,18,0,3
20260912_215351_529_traffic_scan_env2025_seed0-499_48352cd1,471,37,20,2,2
20260912_215351_529_traffic_scan_env2025_seed0-499_48352cd1,471,37,21,0,1
20260912_215351_529_traffic_scan_env2025_seed0-499_48352cd1,471,37,21,1,3
20260912_215351_529_traffic_scan_env2025_seed0-499_48352cd1,471,37,23,0,1
20260912_215351_529_traffic_scan_env2025_seed0-499_48352cd1,471,37,23,1,1
20260912_215351_529_traffic_scan_env2025_seed0-499_48352cd1,471,37,24,0,3
20260912_215351_529_traffic_scan_env2025_seed0-499_48352cd1,471,37,24,1,2
20260912_215351_529_traffic_scan_env2025_seed0-499_48352cd1,471,37,25,1,3
20260912_215351_529_traffic_scan_env2025_seed0-499_48352cd1,471,37,26,1,2
20260912_215351_529_traffic_scan_env2025_seed0-499_48352cd1,471,37,27,0,2
20260912_215351_529_traffic_scan_env2025_seed0-499_48352cd1,471,37,27,1,1
20260912_215351_529_traffic_scan_env2025_seed0-499_48352cd1,471,37,28,0,1
20260912_215351_529_traffic_scan_env2025_seed0-499_48352cd1,471,37,28,1,3
20260912_215351_529_traffic_scan_env2025_seed0-499_48352cd1,471,37,29,0,1
20260912_215351_529_traffic_scan_env2025_seed0-499_48352cd1,471,37,31,1,3
20260912_215351_529_traffic_scan_env2025_seed0-499_48352cd1,471,37,32,1,1
20260912_215351_529_traffic_scan_env2025_seed0-499_48352cd1,471,37,34,0,1
20260912_215351_529_traffic_scan_env2025_seed0-499_48352cd1,471,37,34,1,1
20260912_215351_529_traffic_scan_env2025_seed0-499_48352cd1,471,37,35,0,1
20260912_215351_529_traffic_scan_env2025_seed0-499_48352cd1,471,37,36,0,6
20260912_215351_529_traffic_scan_env2025_seed0-499_48352cd1,471,37,38,0,1
20260912_215351_529_traffic_scan_env2025_seed0-499_48352cd1,471,37,38,1,1
20260912_215351_529_traffic_scan_env2025_seed0-499_48352cd1,471,37,39,0,4
20260912_215351_529_traffic_scan_env2025_seed0-499_48352cd1,471,37,39,1,1
20260912_215351_529_traffic_scan_env2025_seed0-499_48352cd1,471,37,40,0,1
20260912_215351_529_traffic_scan_env2025_seed0-499_48352cd1,471,37,40,1,1
20260912_215351_529_traffic_scan_env2025_seed0-499_48352cd1,471,37,43,0,2
20260912_215351_529_traffic_scan_env2025_seed0-499_48352cd1,471,37,46,2,3
20260912_215351_529_traffic_scan_env2025_seed0-499_48352cd1,471,37,47,1,3
20260912_215351_529_traffic_scan_env2025_seed0-499_48352cd1,471,37,48,1,1
20260912_215351_529_traffic_scan_env2025_seed0-499_48352cd1,471,37,50,1,1
20260912_215351_529_traffic_scan_env2025_seed0-499_48352cd1,471,37,53,2,1
20260912_215351_529_traffic_scan_env2025_seed0-499_48352cd1,471,38,1,0,1
20260912_215351_529_traffic_scan_env2025_seed0-499_48352cd1,471,38,2,0,1
20260912_215351_529_traffic_scan_env2025_seed0-499_48352cd1,471,38,3,0,1
20260912_215351_529_traffic_scan_env2025_seed0-499_48352cd1,471,38,3,1,1
20260912_215351_529_traffic_scan_env2025_seed0-499_48352cd1,471,38,4,0,1
20260912_215351_529_traffic_scan_env2025_seed0-499_48352cd1,471,38,5,0,2
20260912_215351_529_traffic_scan_env2025_seed0-499_48352cd1,471,38,6,1,4
20260912_215351_529_traffic_scan_env2025_seed0-499_48352cd1,471,38,7,1,4
20260912_215351_529_traffic_scan_env2025_seed0-499_48352cd1,471,38,8,0,1
20260912_215351_529_traffic_scan_env2025_seed0-499_48352cd1,471,38,9,0,1
20260912_215351_529_traffic_scan_env2025_seed0-499_48352cd1,471,38,10,0,1
20260912_215351_529_traffic_scan_env2025_seed0-499_48352cd1,471,38,11,0,3
20260912_215351_529_traffic_scan_env2025_seed0-499_48352cd1,471,38,11,1,2
20260912_215351_529_traffic_scan_env2025_seed0-499_48352cd1,471,38,12,0,1
20260912_215351_529_traffic_scan_env2025_seed0-499_48352cd1,471,38,13,0,3
20260912_215351_529_traffic_scan_env2025_seed0-499_48352cd1,471,38,13,1,1
20260912_215351_529_traffic_scan_env2025_seed0-499_48352cd1,471,38,14,0,1
20260912_215351_529_traffic_scan_env2025_seed0-499_48352cd1,471,38,14,1,4
20260912_215351_529_traffic_scan_env2025_seed0-499_48352cd1,471,38,15,0,2
20260912_215351_529_traffic_scan_env2025_seed0-499_48352cd1,471,38,15,1,1
20260912_215351_529_traffic_scan_env2025_seed0-499_48352cd1,471,38,16,0,1
20260912_215351_529_traffic_scan_env2025_seed0-499_48352cd1,471,38,17,0,2
20260912_215351_529_traffic_scan_env2025_seed0-499_48352cd1,471,38,19,2,1
20260912_215351_529_traffic_scan_env2025_seed0-499_48352cd1,471,38,20,2,1
20260912_215351_529_traffic_scan_env2025_seed0-499_48352cd1,471,38,21,0,1
20260912_215351_529_traffic_scan_env2025_seed0-499_48352cd1,471,38,22,0,1
20260912_215351_529_traffic_scan_env2025_seed0-499_48352cd1,471,38,22,1,3
20260912_215351_529_traffic_scan_env2025_seed0-499_48352cd1,471,38,23,0,2
20260912_215351_529_traffic_scan_env2025_seed0-499_48352cd1,471,38,24,1,6
20260912_215351_529_traffic_scan_env2025_seed0-499_48352cd1,471,38,25,0,1
20260912_215351_529_traffic_scan_env2025_seed0-499_48352cd1,471,38,25,1,4
20260912_215351_529_traffic_scan_env2025_seed0-499_48352cd1,471,38,27,0,2
20260912_215351_529_traffic_scan_env2025_seed0-499_48352cd1,471,38,27,1,3
20260912_215351_529_traffic_scan_env2025_seed0-499_48352cd1,471,38,28,1,1
20260912_215351_529_traffic_scan_env2025_seed0-499_48352cd1,471,38,29,0,2
20260912_215351_529_traffic_scan_env2025_seed0-499_48352cd1,471,38,30,1,3
20260912_215351_529_traffic_scan_env2025_seed0-499_48352cd1,471,38,34,0,1
20260912_215351_529_traffic_scan_env2025_seed0-499_48352cd1,471,38,35,0,1
20260912_215351_529_traffic_scan_env2025_seed0-499_48352cd1,471,38,35,1,1
20260912_215351_529_traffic_scan_env2025_seed0-499_48352cd1,471,38,37,0,6
20260912_215351_529_traffic_scan_env2025_seed0-499_48352cd1,471,38,37,1,1
20260912_215351_529_traffic_scan_env2025_seed0-499_48352cd1,471,38,38,0,1
20260912_215351_529_traffic_scan_env2025_seed0-499_48352cd1,471,38,39,0,1
20260912_215351_529_traffic_scan_env2025_seed0-499_48352cd1,471,38,40,0,5
20260912_215351_529_traffic_scan_env2025_seed0-499_48352cd1,471,38,40,1,2
20260912_215351_529_traffic_scan_env2025_seed0-499_48352cd1,471,38,42,0,1
20260912_215351_529_traffic_scan_env2025_seed0-499_48352cd1,471,38,44,0,1
20260912_215351_529_traffic_scan_env2025_seed0-499_48352cd1,471,38,46,1,2
20260912_215351_529_traffic_scan_env2025_seed0-499_48352cd1,471,38,47,1,4
20260912_215351_529_traffic_scan_env2025_seed0-499_48352cd1,471,38,48,1,1
20260912_215351_529_traffic_scan_env2025_seed0-499_48352cd1,471,38,51,1,1
20260912_215351_529_traffic_scan_env2025_seed0-499_48352cd1,471,38,53,2,1
20260912_215351_529_traffic_scan_env2025_seed0-499_48352cd1,471,39,1,0,1
20260912_215351_529_traffic_scan_env2025_seed0-499_48352cd1,471,39,3,1,1
20260912_215351_529_traffic_scan_env2025_seed0-499_48352cd1,471,39,4,0,1
20260912_215351_529_traffic_scan_env2025_seed0-499_48352cd1,471,39,7,1,2
20260912_215351_529_traffic_scan_env2025_seed0-499_48352cd1,471,39,10,0,1
20260912_215351_529_traffic_scan_env2025_seed0-499_48352cd1,471,39,10,1,2
20260912_215351_529_traffic_scan_env2025_seed0-499_48352cd1,471,39,12,0,1
20260912_215351_529_traffic_scan_env2025_seed0-499_48352cd1,471,39,13,1,5
20260912_215351_529_traffic_scan_env2025_seed0-499_48352cd1,471,39,14,1,1
20260912_215351_529_traffic_scan_env2025_seed0-499_48352cd1,471,39,15,1,1
20260912_215351_529_traffic_scan_env2025_seed0-499_48352cd1,471,39,16,0,2
20260912_215351_529_traffic_scan_env2025_seed0-499_48352cd1,471,39,18,0,2
20260912_215351_529_traffic_scan_env2025_seed0-499_48352cd1,471,39,18,1,1
20260912_215351_529_traffic_scan_env2025_seed0-499_48352cd1,471,39,19,0,1
20260912_215351_529_traffic_scan_env2025_seed0-499_48352cd1,471,39,20,0,1
20260912_215351_529_traffic_scan_env2025_seed0-499_48352cd1,471,39,20,1,1
20260912_215351_529_traffic_scan_env2025_seed0-499_48352cd1,471,39,22,0,2
20260912_215351_529_traffic_scan_env2025_seed0-499_48352cd1,471,39,23,1,8
20260912_215351_529_traffic_scan_env2025_seed0-499_48352cd1,471,39,25,1,1
20260912_215351_529_traffic_scan_env2025_seed0-499_48352cd1,471,39,26,0,3
20260912_215351_529_traffic_scan_env2025_seed0-499_48352cd1,471,39,26,1,4
20260912_215351_529_traffic_scan_env2025_seed0-499_48352cd1,471,39,27,1,1
20260912_215351_529_traffic_scan_env2025_seed0-499_48352cd1,471,39,28,1,1
20260912_215351_529_traffic_scan_env2025_seed0-499_48352cd1,471,39,29,0,1
20260912_215351_529_traffic_scan_env2025_seed0-499_48352cd1,471,39,29,1,2
20260912_215351_529_traffic_scan_env2025_seed0-499_48352cd1,471,39,30,0,1
20260912_215351_529_traffic_scan_env2025_seed0-499_48352cd1,471,39,30,1,1
20260912_215351_529_traffic_scan_env2025_seed0-499_48352cd1,471,39,33,0,1
20260912_215351_529_traffic_scan_env2025_seed0-499_48352cd1,471,39,36,0,1
20260912_215351_529_traffic_scan_env2025_seed0-499_48352cd1,471,39,36,1,2
20260912_215351_529_traffic_scan_env2025_seed0-499_48352cd1,471,39,38,0,5
20260912_215351_529_traffic_scan_env2025_seed0-499_48352cd1,471,39,39,0,1
20260912_215351_529_traffic_scan_env2025_seed0-499_48352cd1,471,39,40,0,2
20260912_215351_529_traffic_scan_env2025_seed0-499_48352cd1,471,39,40,1,1
20260912_215351_529_traffic_scan_env2025_seed0-499_48352cd1,471,39,41,0,4
20260912_215351_529_traffic_scan_env2025_seed0-499_48352cd1,471,39,41,1,1
20260912_215351_529_traffic_scan_env2025_seed0-499_48352cd1,471,39,42,0,1
20260912_215351_529_traffic_scan_env2025_seed0-499_48352cd1,471,39,45,0,1
20260912_215351_529_traffic_scan_env2025_seed0-499_48352cd1,471,39,45,1,1
20260912_215351_529_traffic_scan_env2025_seed0-499_48352cd1,471,39,47,1,3
20260912_215351_529_traffic_scan_env2025_seed0-499_48352cd1,471,39,48,1,3
20260912_215351_529_traffic_scan_env2025_seed0-499_48352cd1,471,39,52,1,1
20260912_215351_529_traffic_scan_env2025_seed0-499_48352cd1,471,39,53,1,1
20260912_215351_529_traffic_scan_env2025_seed0-499_48352cd1,471,40,1,0,1
20260912_215351_529_traffic_scan_env2025_seed0-499_48352cd1,471,40,3,0,1
20260912_215351_529_traffic_scan_env2025_seed0-499_48352cd1,471,40,3,1,1
20260912_215351_529_traffic_scan_env2025_seed0-499_48352cd1,471,40,7,2,1
20260912_215351_529_traffic_scan_env2025_seed0-499_48352cd1,471,40,8,1,2
20260912_215351_529_traffic_scan_env2025_seed0-499_48352cd1,471,40,9,1,1
20260912_215351_529_traffic_scan_env2025_seed0-499_48352cd1,471,40,10,0,1
20260912_215351_529_traffic_scan_env2025_seed0-499_48352cd1,471,40,10,1,1
20260912_215351_529_traffic_scan_env2025_seed0-499_48352cd1,471,40,11,0,1
20260912_215351_529_traffic_scan_env2025_seed0-499_48352cd1,471,40,12,0,4
20260912_215351_529_traffic_scan_env2025_seed0-499_48352cd1,471,40,13,1,1
20260912_215351_529_traffic_scan_env2025_seed0-499_48352cd1,471,40,15,1,3
20260912_215351_529_traffic_scan_env2025_seed0-499_48352cd1,471,40,17,0,3
20260912_215351_529_traffic_scan_env2025_seed0-499_48352cd1,471,40,17,1,1
20260912_215351_529_traffic_scan_env2025_seed0-499_48352cd1,471,40,20,1,1
20260912_215351_529_traffic_scan_env2025_seed0-499_48352cd1,471,40,21,0,2
20260912_215351_529_traffic_scan_env2025_seed0-499_48352cd1,471,40,22,1,5
20260912_215351_529_traffic_scan_env2025_seed0-499_48352cd1,471,40,24,1,3
20260912_215351_529_traffic_scan_env2025_seed0-499_48352cd1,471,40,25,1,3
20260912_215351_529_traffic_scan_env2025_seed0-499_48352cd1,471,40,26,0,2
20260912_215351_529_traffic_scan_env2025_seed0-499_48352cd1,471,40,27,0,1
20260912_215351_529_traffic_scan_env2025_seed0-499_48352cd1,471,40,27,1,3
20260912_215351_529_traffic_scan_env2025_seed0-499_48352cd1,471,40,28,1,3
20260912_215351_529_traffic_scan_env2025_seed0-499_48352cd1,471,40,29,0,1
20260912_215351_529_traffic_scan_env2025_seed0-499_48352cd1,471,40,30,1,1
20260912_215351_529_traffic_scan_env2025_seed0-499_48352cd1,471,40,31,0,1
20260912_215351_529_traffic_scan_env2025_seed0-499_48352cd1,471,40,32,0,2
20260912_215351_529_traffic_scan_env2025_seed0-499_48352cd1,471,40,35,1,1
20260912_215351_529_traffic_scan_env2025_seed0-499_48352cd1,471,40,37,0,1
20260912_215351_529_traffic_scan_env2025_seed0-499_48352cd1,471,40,37,1,1
20260912_215351_529_traffic_scan_env2025_seed0-499_48352cd1,471,40,39,0,5
20260912_215351_529_traffic_scan_env2025_seed0-499_48352cd1,471,40,40,0,2
20260912_215351_529_traffic_scan_env2025_seed0-499_48352cd1,471,40,40,1,1
20260912_215351_529_traffic_scan_env2025_seed0-499_48352cd1,471,40,41,0,2
20260912_215351_529_traffic_scan_env2025_seed0-499_48352cd1,471,40,42,0,4
20260912_215351_529_traffic_scan_env2025_seed0-499_48352cd1,471,40,42,1,1
20260912_215351_529_traffic_scan_env2025_seed0-499_48352cd1,471,40,44,1,1
20260912_215351_529_traffic_scan_env2025_seed0-499_48352cd1,471,40,46,0,1
20260912_215351_529_traffic_scan_env2025_seed0-499_48352cd1,471,40,46,1,1
20260912_215351_529_traffic_scan_env2025_seed0-499_48352cd1,471,40,47,1,2
20260912_215351_529_traffic_scan_env2025_seed0-499_48352cd1,471,40,49,0,2
20260912_215351_529_traffic_scan_env2025_seed0-499_48352cd1,471,40,49,1,1
20260912_215351_529_traffic_scan_env2025_seed0-499_48352cd1,471,40,53,1,2
20260912_215351_529_traffic_scan_env2025_seed0-499_48352cd1,471,41,1,0,1
20260912_215351_529_traffic_scan_env2025_seed0-499_48352cd1,471,41,2,0,1
20260912_215351_529_traffic_scan_env2025_seed0-499_48352cd1,471,41,3,1,1
20260912_215351_529_traffic_scan_env2025_seed0-499_48352cd1,471,41,7,1,2
20260912_215351_529_traffic_scan_env2025_seed0-499_48352cd1,471,41,9,1,1
20260912_215351_529_traffic_scan_env2025_seed0-499_48352cd1,471,41,10,0,1
20260912_215351_529_traffic_scan_env2025_seed0-499_48352cd1,471,41,10,1,1
20260912_215351_529_traffic_scan_env2025_seed0-499_48352cd1,471,41,11,0,4
20260912_215351_529_traffic_scan_env2025_seed0-499_48352cd1,471,41,14,0,1
20260912_215351_529_traffic_scan_env2025_seed0-499_48352cd1,471,41,14,1,1
20260912_215351_529_traffic_scan_env2025_seed0-499_48352cd1,471,41,15,1,1
20260912_215351_529_traffic_scan_env2025_seed0-499_48352cd1,471,41,16,0,2
20260912_215351_529_traffic_scan_env2025_seed0-499_48352cd1,471,41,16,1,2
20260912_215351_529_traffic_scan_env2025_seed0-499_48352cd1,471,41,18,0,1
20260912_215351_529_traffic_scan_env2025_seed0-499_48352cd1,471,41,20,0,2
20260912_215351_529_traffic_scan_env2025_seed0-499_48352cd1,471,41,20,1,1
20260912_215351_529_traffic_scan_env2025_seed0-499_48352cd1,471,41,21,1,5
20260912_215351_529_traffic_scan_env2025_seed0-499_48352cd1,471,41,24,1,2
20260912_215351_529_traffic_scan_env2025_seed0-499_48352cd1,471,41,25,0,4
20260912_215351_529_traffic_scan_env2025_seed0-499_48352cd1,471,41,26,0,1
20260912_215351_529_traffic_scan_env2025_seed0-499_48352cd1,471,41,26,1,1
20260912_215351_529_traffic_scan_env2025_seed0-499_48352cd1,471,41,27,1,3
20260912_215351_529_traffic_scan_env2025_seed0-499_48352cd1,471,41,28,0,1
20260912_215351_529_traffic_scan_env2025_seed0-499_48352cd1,471,41,28,1,3
20260912_215351_529_traffic_scan_env2025_seed0-499_48352cd1,471,41,29,0,1
20260912_215351_529_traffic_scan_env2025_seed0-499_48352cd1,471,41,30,1,1
20260912_215351_529_traffic_scan_env2025_seed0-499_48352cd1,471,41,31,0,1
20260912_215351_529_traffic_scan_env2025_seed0-499_48352cd1,471,41,33,0,1
20260912_215351_529_traffic_scan_env2025_seed0-499_48352cd1,471,41,34,1,1
20260912_215351_529_traffic_scan_env2025_seed0-499_48352cd1,471,41,38,0,1
20260912_215351_529_traffic_scan_env2025_seed0-499_48352cd1,471,41,38,1,1
20260912_215351_529_traffic_scan_env2025_seed0-499_48352cd1,471,41,40,0,7
20260912_215351_529_traffic_scan_env2025_seed0-499_48352cd1,471,41,40,1,1
20260912_215351_529_traffic_scan_env2025_seed0-499_48352cd1,471,41,41,0,1
20260912_215351_529_traffic_scan_env2025_seed0-499_48352cd1,471,41,42,0,1
20260912_215351_529_traffic_scan_env2025_seed0-499_48352cd1,471,41,42,1,1
20260912_215351_529_traffic_scan_env2025_seed0-499_48352cd1,471,41,43,0,4
20260912_215351_529_traffic_scan_env2025_seed0-499_48352cd1,471,41,44,1,1
20260912_215351_529_traffic_scan_env2025_seed0-499_48352cd1,471,41,45,1,1
20260912_215351_529_traffic_scan_env2025_seed0-499_48352cd1,471,41,47,0,1
20260912_215351_529_traffic_scan_env2025_seed0-499_48352cd1,471,41,47,1,2
20260912_215351_529_traffic_scan_env2025_seed0-499_48352cd1,471,41,49,0,1
20260912_215351_529_traffic_scan_env2025_seed0-499_48352cd1,471,41,49,1,1
20260912_215351_529_traffic_scan_env2025_seed0-499_48352cd1,471,41,50,0,1
20260912_215351_529_traffic_scan_env2025_seed0-499_48352cd1,471,41,53,1,1
20260912_215351_529_traffic_scan_env2025_seed0-499_48352cd1,471,41,54,1,1
20260912_215351_529_traffic_scan_env2025_seed0-499_48352cd1,471,42,1,0,2
20260912_215351_529_traffic_scan_env2025_seed0-499_48352cd1,471,42,3,1,1
20260912_215351_529_traffic_scan_env2025_seed0-499_48352cd1,471,42,6,1,1
20260912_215351_529_traffic_scan_env2025_seed0-499_48352cd1,471,42,7,1,1
20260912_215351_529_traffic_scan_env2025_seed0-499_48352cd1,471,42,9,0,1
20260912_215351_529_traffic_scan_env2025_seed0-499_48352cd1,471,42,10,0,4
20260912_215351_529_traffic_scan_env2025_seed0-499_48352cd1,471,42,10,1,2
20260912_215351_529_traffic_scan_env2025_seed0-499_48352cd1,471,42,14,0,1
20260912_215351_529_traffic_scan_env2025_seed0-499_48352cd1,471,42,14,1,1
20260912_215351_529_traffic_scan_env2025_seed0-499_48352cd1,471,42,15,0,2
20260912_215351_529_traffic_scan_env2025_seed0-499_48352cd1,471,42,15,1,2
20260912_215351_529_traffic_scan_env2025_seed0-499_48352cd1,471,42,17,1,1
20260912_215351_529_traffic_scan_env2025_seed0-499_48352cd1,471,42,19,0,3
20260912_215351_529_traffic_scan_env2025_seed0-499_48352cd1,471,42,20,0,1
20260912_215351_529_traffic_scan_env2025_seed0-499_48352cd1,471,42,20,1,5
20260912_215351_529_traffic_scan_env2025_seed0-499_48352cd1,471,42,23,1,2
20260912_215351_529_traffic_scan_env2025_seed0-499_48352cd1,471,42,24,0,1
20260912_215351_529_traffic_scan_env2025_seed0-499_48352cd1,471,42,26,0,4
20260912_215351_529_traffic_scan_env2025_seed0-499_48352cd1,471,42,26,1,2
20260912_215351_529_traffic_scan_env2025_seed0-499_48352cd1,471,42,27,1,2
20260912_215351_529_traffic_scan_env2025_seed0-499_48352cd1,471,42,28,1,1
20260912_215351_529_traffic_scan_env2025_seed0-499_48352cd1,471,42,29,0,2
20260912_215351_529_traffic_scan_env2025_seed0-499_48352cd1,471,42,29,1,2
20260912_215351_529_traffic_scan_env2025_seed0-499_48352cd1,471,42,30,0,1
20260912_215351_529_traffic_scan_env2025_seed0-499_48352cd1,471,42,30,1,1
20260912_215351_529_traffic_scan_env2025_seed0-499_48352cd1,471,42,33,1,1
20260912_215351_529_traffic_scan_env2025_seed0-499_48352cd1,471,42,34,0,1
20260912_215351_529_traffic_scan_env2025_seed0-499_48352cd1,471,42,39,0,2
20260912_215351_529_traffic_scan_env2025_seed0-499_48352cd1,471,42,39,1,1
20260912_215351_529_traffic_scan_env2025_seed0-499_48352cd1,471,42,40,0,1
20260912_215351_529_traffic_scan_env2025_seed0-499_48352cd1,471,42,40,1,1
20260912_215351_529_traffic_scan_env2025_seed0-499_48352cd1,471,42,41,0,5
20260912_215351_529_traffic_scan_env2025_seed0-499_48352cd1,471,42,42,1,1
20260912_215351_529_traffic_scan_env2025_seed0-499_48352cd1,471,42,43,1,1
20260912_215351_529_traffic_scan_env2025_seed0-499_48352cd1,471,42,44,0,4
20260912_215351_529_traffic_scan_env2025_seed0-499_48352cd1,471,42,45,1,1
20260912_215351_529_traffic_scan_env2025_seed0-499_48352cd1,471,42,47,1,2
20260912_215351_529_traffic_scan_env2025_seed0-499_48352cd1,471,42,48,0,1
20260912_215351_529_traffic_scan_env2025_seed0-499_48352cd1,471,42,49,0,1
20260912_215351_529_traffic_scan_env2025_seed0-499_48352cd1,471,42,49,1,1
20260912_215351_529_traffic_scan_env2025_seed0-499_48352cd1,471,42,50,0,1
20260912_215351_529_traffic_scan_env2025_seed0-499_48352cd1,471,42,51,0,1
20260912_215351_529_traffic_scan_env2025_seed0-499_48352cd1,471,42,53,1,1
20260912_215351_529_traffic_scan_env2025_seed0-499_48352cd1,471,42,55,1,1
20260912_215351_529_traffic_scan_env2025_seed0-499_48352cd1,471,43,1,0,1
20260912_215351_529_traffic_scan_env2025_seed0-499_48352cd1,471,43,4,0,1
20260912_215351_529_traffic_scan_env2025_seed0-499_48352cd1,471,43,5,1,1
20260912_215351_529_traffic_scan_env2025_seed0-499_48352cd1,471,43,7,1,1
20260912_215351_529_traffic_scan_env2025_seed0-499_48352cd1,471,43,8,0,1
20260912_215351_529_traffic_scan_env2025_seed0-499_48352cd1,471,43,10,0,4
20260912_215351_529_traffic_scan_env2025_seed0-499_48352cd1,471,43,10,1,1
20260912_215351_529_traffic_scan_env2025_seed0-499_48352cd1,471,43,11,2,1
20260912_215351_529_traffic_scan_env2025_seed0-499_48352cd1,471,43,14,0,3
20260912_215351_529_traffic_scan_env2025_seed0-499_48352cd1,471,43,14,1,3
20260912_215351_529_traffic_scan_env2025_seed0-499_48352cd1,471,43,18,0,2
20260912_215351_529_traffic_scan_env2025_seed0-499_48352cd1,471,43,18,1,1
20260912_215351_529_traffic_scan_env2025_seed0-499_48352cd1,471,43,19,0,1
20260912_215351_529_traffic_scan_env2025_seed0-499_48352cd1,471,43,19,1,4
20260912_215351_529_traffic_scan_env2025_seed0-499_48352cd1,471,43,20,0,1
20260912_215351_529_traffic_scan_env2025_seed0-499_48352cd1,471,43,20,1,1
20260912_215351_529_traffic_scan_env2025_seed0-499_48352cd1,471,43,22,0,2
20260912_215351_529_traffic_scan_env2025_seed0-499_48352cd1,471,43,23,0,1
20260912_215351_529_traffic_scan_env2025_seed0-499_48352cd1,471,43,25,1,2
20260912_215351_529_traffic_scan_env2025_seed0-499_48352cd1,471,43,26,0,1
20260912_215351_529_traffic_scan_env2025_seed0-499_48352cd1,471,43,27,0,3
20260912_215351_529_traffic_scan_env2025_seed0-499_48352cd1,471,43,27,1,1
20260912_215351_529_traffic_scan_env2025_seed0-499_48352cd1,471,43,28,1,2
20260912_215351_529_traffic_scan_env2025_seed0-499_48352cd1,471,43,29,0,2
20260912_215351_529_traffic_scan_env2025_seed0-499_48352cd1,471,43,30,0,1
20260912_215351_529_traffic_scan_env2025_seed0-499_48352cd1,471,43,30,1,3
20260912_215351_529_traffic_scan_env2025_seed0-499_48352cd1,471,43,32,0,1
20260912_215351_529_traffic_scan_env2025_seed0-499_48352cd1,471,43,35,0,1
20260912_215351_529_traffic_scan_env2025_seed0-499_48352cd1,471,43,38,0,2
20260912_215351_529_traffic_scan_env2025_seed0-499_48352cd1,471,43,38,1,1
20260912_215351_529_traffic_scan_env2025_seed0-499_48352cd1,471,43,39,0,1
20260912_215351_529_traffic_scan_env2025_seed0-499_48352cd1,471,43,39,1,1
20260912_215351_529_traffic_scan_env2025_seed0-499_48352cd1,471,43,40,0,2
20260912_215351_529_traffic_scan_env2025_seed0-499_48352cd1,471,43,40,1,2
20260912_215351_529_traffic_scan_env2025_seed0-499_48352cd1,471,43,42,0,5
20260912_215351_529_traffic_scan_env2025_seed0-499_48352cd1,471,43,42,1,2
20260912_215351_529_traffic_scan_env2025_seed0-499_48352cd1,471,43,45,0,4
20260912_215351_529_traffic_scan_env2025_seed0-499_48352cd1,471,43,45,1,1
20260912_215351_529_traffic_scan_env2025_seed0-499_48352cd1,471,43,47,0,1
20260912_215351_529_traffic_scan_env2025_seed0-499_48352cd1,471,43,47,1,2
20260912_215351_529_traffic_scan_env2025_seed0-499_48352cd1,471,43,48,0,2
20260912_215351_529_traffic_scan_env2025_seed0-499_48352cd1,471,43,49,0,1
20260912_215351_529_traffic_scan_env2025_seed0-499_48352cd1,471,43,49,1,1
20260912_215351_529_traffic_scan_env2025_seed0-499_48352cd1,471,43,50,0,1
20260912_215351_529_traffic_scan_env2025_seed0-499_48352cd1,471,43,51,0,1
20260912_215351_529_traffic_scan_env2025_seed0-499_48352cd1,471,43,52,0,1
20260912_215351_529_traffic_scan_env2025_seed0-499_48352cd1,471,43,53,1,1
20260912_215351_529_traffic_scan_env2025_seed0-499_48352cd1,471,43,55,1,1
20260912_215351_529_traffic_scan_env2025_seed0-499_48352cd1,471,44,0,0,1
20260912_215351_529_traffic_scan_env2025_seed0-499_48352cd1,471,44,1,0,1
20260912_215351_529_traffic_scan_env2025_seed0-499_48352cd1,471,44,4,0,2
20260912_215351_529_traffic_scan_env2025_seed0-499_48352cd1,471,44,7,1,1
20260912_215351_529_traffic_scan_env2025_seed0-499_48352cd1,471,44,8,0,3
20260912_215351_529_traffic_scan_env2025_seed0-499_48352cd1,471,44,9,0,2
20260912_215351_529_traffic_scan_env2025_seed0-499_48352cd1,471,44,10,0,2
20260912_215351_529_traffic_scan_env2025_seed0-499_48352cd1,471,44,10,1,1
20260912_215351_529_traffic_scan_env2025_seed0-499_48352cd1,471,44,12,2,1
20260912_215351_529_traffic_scan_env2025_seed0-499_48352cd1,471,44,13,0,2
20260912_215351_529_traffic_scan_env2025_seed0-499_48352cd1,471,44,13,1,2
20260912_215351_529_traffic_scan_env2025_seed0-499_48352cd1,471,44,14,0,2
20260912_215351_529_traffic_scan_env2025_seed0-499_48352cd1,471,44,17,0,2
20260912_215351_529_traffic_scan_env2025_seed0-499_48352cd1,471,44,18,0,1
20260912_215351_529_traffic_scan_env2025_seed0-499_48352cd1,471,44,18,1,4
20260912_215351_529_traffic_scan_env2025_seed0-499_48352cd1,471,44,19,1,2
20260912_215351_529_traffic_scan_env2025_seed0-499_48352cd1,471,44,20,1,3
20260912_215351_529_traffic_scan_env2025_seed0-499_48352cd1,471,44,21,0,3
20260912_215351_529_traffic_scan_env2025_seed0-499_48352cd1,471,44,21,1,2
20260912_215351_529_traffic_scan_env2025_seed0-499_48352cd1,471,44,22,0,1
20260912_215351_529_traffic_scan_env2025_seed0-499_48352cd1,471,44,22,1,2
20260912_215351_529_traffic_scan_env2025_seed0-499_48352cd1,471,44,23,2,2
20260912_215351_529_traffic_scan_env2025_seed0-499_48352cd1,471,44,24,2,3
20260912_215351_529_traffic_scan_env2025_seed0-499_48352cd1,471,44,25,1,1
20260912_215351_529_traffic_scan_env2025_seed0-499_48352cd1,471,44,26,0,1
20260912_215351_529_traffic_scan_env2025_seed0-499_48352cd1,471,44,26,1,1
20260912_215351_529_traffic_scan_env2025_seed0-499_48352cd1,471,44,27,1,2
20260912_215351_529_traffic_scan_env2025_seed0-499_48352cd1,471,44,28,0,4
20260912_215351_529_traffic_scan_env2025_seed0-499_48352cd1,471,44,28,1,2
20260912_215351_529_traffic_scan_env2025_seed0-499_48352cd1,471,44,29,0,1
20260912_215351_529_traffic_scan_env2025_seed0-499_48352cd1,471,44,29,1,2
20260912_215351_529_traffic_scan_env2025_seed0-499_48352cd1,471,44,30,1,2
20260912_215351_529_traffic_scan_env2025_seed0-499_48352cd1,471,44,31,0,2
20260912_215351_529_traffic_scan_env2025_seed0-499_48352cd1,471,44,31,1,3
20260912_215351_529_traffic_scan_env2025_seed0-499_48352cd1,471,44,32,0,1
20260912_215351_529_traffic_scan_env2025_seed0-499_48352cd1,471,44,32,1,1
20260912_215351_529_traffic_scan_env2025_seed0-499_48352cd1,471,44,33,0,1
20260912_215351_529_traffic_scan_env2025_seed0-499_48352cd1,471,44,33,1,1
20260912_215351_529_traffic_scan_env2025_seed0-499_48352cd1,471,44,34,0,1
20260912_215351_529_traffic_scan_env2025_seed0-499_48352cd1,471,44,34,1,1
20260912_215351_529_traffic_scan_env2025_seed0-499_48352cd1,471,44,35,0,1
20260912_215351_529_traffic_scan_env2025_seed0-499_48352cd1,471,44,35,1,1
20260912_215351_529_traffic_scan_env2025_seed0-499_48352cd1,471,44,36,0,2
20260912_215351_529_traffic_scan_env2025_seed0-499_48352cd1,471,44,36,1,1
20260912_215351_529_traffic_scan_env2025_seed0-499_48352cd1,471,44,37,0,2
20260912_215351_529_traffic_scan_env2025_seed0-499_48352cd1,471,44,37,1,1
20260912_215351_529_traffic_scan_env2025_seed0-499_48352cd1,471,44,40,0,2
20260912_215351_529_traffic_scan_env2025_seed0-499_48352cd1,471,44,40,1,2
20260912_215351_529_traffic_scan_env2025_seed0-499_48352cd1,471,44,41,0,2
20260912_215351_529_traffic_scan_env2025_seed0-499_48352cd1,471,44,41,1,3
20260912_215351_529_traffic_scan_env2025_seed0-499_48352cd1,471,44,42,0,1
20260912_215351_529_traffic_scan_env2025_seed0-499_48352cd1,471,44,42,1,2
20260912_215351_529_traffic_scan_env2025_seed0-499_48352cd1,471,44,43,0,5
20260912_215351_529_traffic_scan_env2025_seed0-499_48352cd1,471,44,43,1,1
20260912_215351_529_traffic_scan_env2025_seed0-499_48352cd1,471,44,44,0,1
20260912_215351_529_traffic_scan_env2025_seed0-499_48352cd1,471,44,44,1,1
20260912_215351_529_traffic_scan_env2025_seed0-499_48352cd1,471,44,45,0,1
20260912_215351_529_traffic_scan_env2025_seed0-499_48352cd1,471,44,45,1,2
20260912_215351_529_traffic_scan_env2025_seed0-499_48352cd1,471,44,46,0,5
20260912_215351_529_traffic_scan_env2025_seed0-499_48352cd1,471,44,47,0,1
20260912_215351_529_traffic_scan_env2025_seed0-499_48352cd1,471,44,47,1,2
20260912_215351_529_traffic_scan_env2025_seed0-499_48352cd1,471,44,49,0,1
20260912_215351_529_traffic_scan_env2025_seed0-499_48352cd1,471,44,49,1,1
20260912_215351_529_traffic_scan_env2025_seed0-499_48352cd1,471,44,50,0,1
20260912_215351_529_traffic_scan_env2025_seed0-499_48352cd1,471,44,52,0,1
20260912_215351_529_traffic_scan_env2025_seed0-499_48352cd1,471,44,53,0,1
20260912_215351_529_traffic_scan_env2025_seed0-499_48352cd1,471,44,53,1,1
20260912_215351_529_traffic_scan_env2025_seed0-499_48352cd1,471,44,55,1,1
20260912_215351_529_traffic_scan_env2025_seed0-499_48352cd1,471,45,1,0,2
20260912_215351_529_traffic_scan_env2025_seed0-499_48352cd1,471,45,3,0,2
20260912_215351_529_traffic_scan_env2025_seed0-499_48352cd1,471,45,7,0,3
20260912_215351_529_traffic_scan_env2025_seed0-499_48352cd1,471,45,7,1,1
20260912_215351_529_traffic_scan_env2025_seed0-499_48352cd1,471,45,9,0,1
20260912_215351_529_traffic_scan_env2025_seed0-499_48352cd1,471,45,10,0,2
20260912_215351_529_traffic_scan_env2025_seed0-499_48352cd1,471,45,10,1,1
20260912_215351_529_traffic_scan_env2025_seed0-499_48352cd1,471,45,11,0,1
20260912_215351_529_traffic_scan_env2025_seed0-499_48352cd1,471,45,12,0,2
20260912_215351_529_traffic_scan_env2025_seed0-499_48352cd1,471,45,12,1,2
20260912_215351_529_traffic_scan_env2025_seed0-499_48352cd1,471,45,13,0,3
20260912_215351_529_traffic_scan_env2025_seed0-499_48352cd1,471,45,13,1,1
20260912_215351_529_traffic_scan_env2025_seed0-499_48352cd1,471,45,14,0,1
20260912_215351_529_traffic_scan_env2025_seed0-499_48352cd1,471,45,15,0,4
20260912_215351_529_traffic_scan_env2025_seed0-499_48352cd1,471,45,16,0,3
20260912_215351_529_traffic_scan_env2025_seed0-499_48352cd1,471,45,17,0,2
20260912_215351_529_traffic_scan_env2025_seed0-499_48352cd1,471,45,17,1,4
20260912_215351_529_traffic_scan_env2025_seed0-499_48352cd1,471,45,18,0,1
20260912_215351_529_traffic_scan_env2025_seed0-499_48352cd1,471,45,20,0,3
20260912_215351_529_traffic_scan_env2025_seed0-499_48352cd1,471,45,21,0,1
20260912_215351_529_traffic_scan_env2025_seed0-499_48352cd1,471,45,22,0,1
20260912_215351_529_traffic_scan_env2025_seed0-499_48352cd1,471,45,23,2,1
20260912_215351_529_traffic_scan_env2025_seed0-499_48352cd1,471,45,26,0,1
20260912_215351_529_traffic_scan_env2025_seed0-499_48352cd1,471,45,27,0,1
20260912_215351_529_traffic_scan_env2025_seed0-499_48352cd1,471,45,27,1,1
20260912_215351_529_traffic_scan_env2025_seed0-499_48352cd1,471,45,28,1,1
20260912_215351_529_traffic_scan_env2025_seed0-499_48352cd1,471,45,29,0,4
20260912_215351_529_traffic_scan_env2025_seed0-499_48352cd1,471,45,30,0,1
20260912_215351_529_traffic_scan_env2025_seed0-499_48352cd1,471,45,30,1,2
20260912_215351_529_traffic_scan_env2025_seed0-499_48352cd1,471,45,31,1,2
20260912_215351_529_traffic_scan_env2025_seed0-499_48352cd1,471,45,37,0,2
20260912_215351_529_traffic_scan_env2025_seed0-499_48352cd1,471,45,40,0,1
20260912_215351_529_traffic_scan_env2025_seed0-499_48352cd1,471,45,40,1,2
20260912_215351_529_traffic_scan_env2025_seed0-499_48352cd1,471,45,42,0,1
20260912_215351_529_traffic_scan_env2025_seed0-499_48352cd1,471,45,42,1,2
20260912_215351_529_traffic_scan_env2025_seed0-499_48352cd1,471,45,44,0,4
20260912_215351_529_traffic_scan_env2025_seed0-499_48352cd1,471,45,45,1,1
20260912_215351_529_traffic_scan_env2025_seed0-499_48352cd1,471,45,46,0,1
20260912_215351_529_traffic_scan_env2025_seed0-499_48352cd1,471,45,47,0,4
20260912_215351_529_traffic_scan_env2025_seed0-499_48352cd1,471,45,47,1,2
20260912_215351_529_traffic_scan_env2025_seed0-499_48352cd1,471,45,49,0,1
20260912_215351_529_traffic_scan_env2025_seed0-499_48352cd1,471,45,49,1,1
20260912_215351_529_traffic_scan_env2025_seed0-499_48352cd1,471,45,50,0,1
20260912_215351_529_traffic_scan_env2025_seed0-499_48352cd1,471,45,51,0,2
20260912_215351_529_traffic_scan_env2025_seed0-499_48352cd1,471,45,52,0,2
20260912_215351_529_traffic_scan_env2025_seed0-499_48352cd1,471,45,53,0,3
20260912_215351_529_traffic_scan_env2025_seed0-499_48352cd1,471,45,53,1,1
20260912_215351_529_traffic_scan_env2025_seed0-499_48352cd1,471,45,54,0,1
20260912_215351_529_traffic_scan_env2025_seed0-499_48352cd1,471,45,55,0,1
20260912_215351_529_traffic_scan_env2025_seed0-499_48352cd1,471,45,56,0,2
20260912_215351_529_traffic_scan_env2025_seed0-499_48352cd1,471,45,57,0,1
20260912_215351_529_traffic_scan_env2025_seed0-499_48352cd1,471,45,58,0,1
20260912_215351_529_traffic_scan_env2025_seed0-499_48352cd1,471,46,1,0,1
20260912_215351_529_traffic_scan_env2025_seed0-499_48352cd1,471,46,2,0,3
20260912_215351_529_traffic_scan_env2025_seed0-499_48352cd1,471,46,6,0,2
20260912_215351_529_traffic_scan_env2025_seed0-499_48352cd1,471,46,7,1,1
20260912_215351_529_traffic_scan_env2025_seed0-499_48352cd1,471,46,8,0,1
20260912_215351_529_traffic_scan_env2025_seed0-499_48352cd1,471,46,9,0,1
20260912_215351_529_traffic_scan_env2025_seed0-499_48352cd1,471,46,10,1,1
20260912_215351_529_traffic_scan_env2025_seed0-499_48352cd1,471,46,11,1,3
20260912_215351_529_traffic_scan_env2025_seed0-499_48352cd1,471,46,12,0,1
20260912_215351_529_traffic_scan_env2025_seed0-499_48352cd1,471,46,13,0,1
20260912_215351_529_traffic_scan_env2025_seed0-499_48352cd1,471,46,14,0,3
20260912_215351_529_traffic_scan_env2025_seed0-499_48352cd1,471,46,14,1,1
20260912_215351_529_traffic_scan_env2025_seed0-499_48352cd1,471,46,16,0,1
20260912_215351_529_traffic_scan_env2025_seed0-499_48352cd1,471,46,16,1,4
20260912_215351_529_traffic_scan_env2025_seed0-499_48352cd1,471,46,19,0,2
20260912_215351_529_traffic_scan_env2025_seed0-499_48352cd1,471,46,20,0,2
20260912_215351_529_traffic_scan_env2025_seed0-499_48352cd1,471,46,23,0,1
20260912_215351_529_traffic_scan_env2025_seed0-499_48352cd1,471,46,23,1,1
20260912_215351_529_traffic_scan_env2025_seed0-499_48352cd1,471,46,26,0,2
20260912_215351_529_traffic_scan_env2025_seed0-499_48352cd1,471,46,27,1,1
20260912_215351_529_traffic_scan_env2025_seed0-499_48352cd1,471,46,28,1,1
20260912_215351_529_traffic_scan_env2025_seed0-499_48352cd1,471,46,29,0,2
20260912_215351_529_traffic_scan_env2025_seed0-499_48352cd1,471,46,30,0,2
20260912_215351_529_traffic_scan_env2025_seed0-499_48352cd1,471,46,30,1,1
20260912_215351_529_traffic_scan_env2025_seed0-499_48352cd1,471,46,31,1,3
20260912_215351_529_traffic_scan_env2025_seed0-499_48352cd1,471,46,37,0,1
20260912_215351_529_traffic_scan_env2025_seed0-499_48352cd1,471,46,38,0,1
20260912_215351_529_traffic_scan_env2025_seed0-499_48352cd1,471,46,38,1,1
20260912_215351_529_traffic_scan_env2025_seed0-499_48352cd1,471,46,39,0,1
20260912_215351_529_traffic_scan_env2025_seed0-499_48352cd1,471,46,39,1,1
20260912_215351_529_traffic_scan_env2025_seed0-499_48352cd1,471,46,40,0,2
20260912_215351_529_traffic_scan_env2025_seed0-499_48352cd1,471,46,40,1,1
20260912_215351_529_traffic_scan_env2025_seed0-499_48352cd1,471,46,42,1,1
20260912_215351_529_traffic_scan_env2025_seed0-499_48352cd1,471,46,43,0,1
20260912_215351_529_traffic_scan_env2025_seed0-499_48352cd1,471,46,43,1,1
20260912_215351_529_traffic_scan_env2025_seed0-499_48352cd1,471,46,44,0,3
20260912_215351_529_traffic_scan_env2025_seed0-499_48352cd1,471,46,44,1,1
20260912_215351_529_traffic_scan_env2025_seed0-499_48352cd1,471,46,45,0,2
20260912_215351_529_traffic_scan_env2025_seed0-499_48352cd1,471,46,47,1,2
20260912_215351_529_traffic_scan_env2025_seed0-499_48352cd1,471,46,48,0,4
20260912_215351_529_traffic_scan_env2025_seed0-499_48352cd1,471,46,49,0,2
20260912_215351_529_traffic_scan_env2025_seed0-499_48352cd1,471,46,49,1,1
20260912_215351_529_traffic_scan_env2025_seed0-499_48352cd1,471,46,53,1,1
20260912_215351_529_traffic_scan_env2025_seed0-499_48352cd1,471,46,54,0,1
20260912_215351_529_traffic_scan_env2025_seed0-499_48352cd1,471,46,56,0,1
20260912_215351_529_traffic_scan_env2025_seed0-499_48352cd1,471,47,1,0,2
20260912_215351_529_traffic_scan_env2025_seed0-499_48352cd1,471,47,2,0,1
20260912_215351_529_traffic_scan_env2025_seed0-499_48352cd1,471,47,3,0,1
20260912_215351_529_traffic_scan_env2025_seed0-499_48352cd1,471,47,5,0,2
20260912_215351_529_traffic_scan_env2025_seed0-499_48352cd1,471,47,7,0,1
20260912_215351_529_traffic_scan_env2025_seed0-499_48352cd1,471,47,7,1,1
20260912_215351_529_traffic_scan_env2025_seed0-499_48352cd1,471,47,8,0,1
20260912_215351_529_traffic_scan_env2025_seed0-499_48352cd1,471,47,10,0,2
20260912_215351_529_traffic_scan_env2025_seed0-499_48352cd1,471,47,10,1,2
20260912_215351_529_traffic_scan_env2025_seed0-499_48352cd1,471,47,13,0,3
20260912_215351_529_traffic_scan_env2025_seed0-499_48352cd1,471,47,15,0,1
20260912_215351_529_traffic_scan_env2025_seed0-499_48352cd1,471,47,15,1,5
20260912_215351_529_traffic_scan_env2025_seed0-499_48352cd1,471,47,18,0,2
20260912_215351_529_traffic_scan_env2025_seed0-499_48352cd1,471,47,20,0,2
20260912_215351_529_traffic_scan_env2025_seed0-499_48352cd1,471,47,23,0,2
20260912_215351_529_traffic_scan_env2025_seed0-499_48352cd1,471,47,25,0,1
20260912_215351_529_traffic_scan_env2025_seed0-499_48352cd1,471,47,26,0,1
20260912_215351_529_traffic_scan_env2025_seed0-499_48352cd1,471,47,27,1,1
20260912_215351_529_traffic_scan_env2025_seed0-499_48352cd1,471,47,28,0,2
20260912_215351_529_traffic_scan_env2025_seed0-499_48352cd1,471,47,28,1,1
20260912_215351_529_traffic_scan_env2025_seed0-499_48352cd1,471,47,30,1,1
20260912_215351_529_traffic_scan_env2025_seed0-499_48352cd1,471,47,31,0,2
20260912_215351_529_traffic_scan_env2025_seed0-499_48352cd1,471,47,32,0,1
20260912_215351_529_traffic_scan_env2025_seed0-499_48352cd1,471,47,32,1,2
20260912_215351_529_traffic_scan_env2025_seed0-499_48352cd1,471,47,36,0,1
20260912_215351_529_traffic_scan_env2025_seed0-499_48352cd1,471,47,37,1,2
20260912_215351_529_traffic_scan_env2025_seed0-499_48352cd1,471,47,38,1,1
20260912_215351_529_traffic_scan_env2025_seed0-499_48352cd1,471,47,39,2,1
20260912_215351_529_traffic_scan_env2025_seed0-499_48352cd1,471,47,41,0,2
20260912_215351_529_traffic_scan_env2025_seed0-499_48352cd1,471,47,41,1,1
20260912_215351_529_traffic_scan_env2025_seed0-499_48352cd1,471,47,43,0,1
20260912_215351_529_traffic_scan_env2025_seed0-499_48352cd1,471,47,43,1,1
20260912_215351_529_traffic_scan_env2025_seed0-499_48352cd1,471,47,44,1,1
20260912_215351_529_traffic_scan_env2025_seed0-499_48352cd1,471,47,45,0,3
20260912_215351_529_traffic_scan_env2025_seed0-499_48352cd1,471,47,46,0,2
20260912_215351_529_traffic_scan_env2025_seed0-499_48352cd1,471,47,47,1,2
20260912_215351_529_traffic_scan_env2025_seed0-499_48352cd1,471,47,49,0,2
20260912_215351_529_traffic_scan_env2025_seed0-499_48352cd1,471,47,50,0,2
20260912_215351_529_traffic_scan_env2025_seed0-499_48352cd1,471,47,53,1,1
20260912_215351_529_traffic_scan_env2025_seed0-499_48352cd1,471,47,56,0,1
20260912_215351_529_traffic_scan_env2025_seed0-499_48352cd1,471,48,0,0,1
20260912_215351_529_traffic_scan_env2025_seed0-499_48352cd1,471,48,1,0,1
20260912_215351_529_traffic_scan_env2025_seed0-499_48352cd1,471,48,2,0,1
20260912_215351_529_traffic_scan_env2025_seed0-499_48352cd1,471,48,4,0,3
20260912_215351_529_traffic_scan_env2025_seed0-499_48352cd1,471,48,6,0,2
20260912_215351_529_traffic_scan_env2025_seed0-499_48352cd1,471,48,7,0,1
20260912_215351_529_traffic_scan_env2025_seed0-499_48352cd1,471,48,9,0,2
20260912_215351_529_traffic_scan_env2025_seed0-499_48352cd1,471,48,9,1,1
20260912_215351_529_traffic_scan_env2025_seed0-499_48352cd1,471,48,10,1,1
20260912_215351_529_traffic_scan_env2025_seed0-499_48352cd1,471,48,12,0,2
20260912_215351_529_traffic_scan_env2025_seed0-499_48352cd1,471,48,13,0,1
20260912_215351_529_traffic_scan_env2025_seed0-499_48352cd1,471,48,14,0,1
20260912_215351_529_traffic_scan_env2025_seed0-499_48352cd1,471,48,14,1,4
20260912_215351_529_traffic_scan_env2025_seed0-499_48352cd1,471,48,16,2,1
20260912_215351_529_traffic_scan_env2025_seed0-499_48352cd1,471,48,17,0,2
20260912_215351_529_traffic_scan_env2025_seed0-499_48352cd1,471,48,17,1,1
20260912_215351_529_traffic_scan_env2025_seed0-499_48352cd1,471,48,18,1,1
20260912_215351_529_traffic_scan_env2025_seed0-499_48352cd1,471,48,19,0,1
20260912_215351_529_traffic_scan_env2025_seed0-499_48352cd1,471,48,19,1,1
20260912_215351_529_traffic_scan_env2025_seed0-499_48352cd1,471,48,20,0,1
20260912_215351_529_traffic_scan_env2025_seed0-499_48352cd1,471,48,20,1,1
20260912_215351_529_traffic_scan_env2025_seed0-499_48352cd1,471,48,21,1,1
20260912_215351_529_traffic_scan_env2025_seed0-499_48352cd1,471,48,22,0,1
20260912_215351_529_traffic_scan_env2025_seed0-499_48352cd1,471,48,22,1,1
20260912_215351_529_traffic_scan_env2025_seed0-499_48352cd1,471,48,23,0,1
20260912_215351_529_traffic_scan_env2025_seed0-499_48352cd1,471,48,23,1,1
20260912_215351_529_traffic_scan_env2025_seed0-499_48352cd1,471,48,24,0,1
20260912_215351_529_traffic_scan_env2025_seed0-499_48352cd1,471,48,24,1,1
20260912_215351_529_traffic_scan_env2025_seed0-499_48352cd1,471,48,25,1,1
20260912_215351_529_traffic_scan_env2025_seed0-499_48352cd1,471,48,26,0,1
20260912_215351_529_traffic_scan_env2025_seed0-499_48352cd1,471,48,26,1,1
20260912_215351_529_traffic_scan_env2025_seed0-499_48352cd1,471,48,27,0,3
20260912_215351_529_traffic_scan_env2025_seed0-499_48352cd1,471,48,27,1,1
20260912_215351_529_traffic_scan_env2025_seed0-499_48352cd1,471,48,28,1,2
20260912_215351_529_traffic_scan_env2025_seed0-499_48352cd1,471,48,29,1,1
20260912_215351_529_traffic_scan_env2025_seed0-499_48352cd1,471,48,30,1,2
20260912_215351_529_traffic_scan_env2025_seed0-499_48352cd1,471,48,31,1,1
20260912_215351_529_traffic_scan_env2025_seed0-499_48352cd1,471,48,32,0,2
20260912_215351_529_traffic_scan_env2025_seed0-499_48352cd1,471,48,32,1,1
20260912_215351_529_traffic_scan_env2025_seed0-499_48352cd1,471,48,33,0,1
20260912_215351_529_traffic_scan_env2025_seed0-499_48352cd1,471,48,33,1,3
20260912_215351_529_traffic_scan_env2025_seed0-499_48352cd1,471,48,34,2,1
20260912_215351_529_traffic_scan_env2025_seed0-499_48352cd1,471,48,35,0,1
20260912_215351_529_traffic_scan_env2025_seed0-499_48352cd1,471,48,35,1,1
20260912_215351_529_traffic_scan_env2025_seed0-499_48352cd1,471,48,36,1,2
20260912_215351_529_traffic_scan_env2025_seed0-499_48352cd1,471,48,40,2,1
20260912_215351_529_traffic_scan_env2025_seed0-499_48352cd1,471,48,41,0,1
20260912_215351_529_traffic_scan_env2025_seed0-499_48352cd1,471,48,41,1,2
20260912_215351_529_traffic_scan_env2025_seed0-499_48352cd1,471,48,42,0,1
20260912_215351_529_traffic_scan_env2025_seed0-499_48352cd1,471,48,42,1,2
20260912_215351_529_traffic_scan_env2025_seed0-499_48352cd1,471,48,43,0,1
20260912_215351_529_traffic_scan_env2025_seed0-499_48352cd1,471,48,43,1,1
20260912_215351_529_traffic_scan_env2025_seed0-499_48352cd1,471,48,44,1,1
20260912_215351_529_traffic_scan_env2025_seed0-499_48352cd1,471,48,45,1,1
20260912_215351_529_traffic_scan_env2025_seed0-499_48352cd1,471,48,46,0,3
20260912_215351_529_traffic_scan_env2025_seed0-499_48352cd1,471,48,47,0,2
20260912_215351_529_traffic_scan_env2025_seed0-499_48352cd1,471,48,47,1,2
20260912_215351_529_traffic_scan_env2025_seed0-499_48352cd1,471,48,49,0,1
20260912_215351_529_traffic_scan_env2025_seed0-499_48352cd1,471,48,50,0,1
20260912_215351_529_traffic_scan_env2025_seed0-499_48352cd1,471,48,51,0,2
20260912_215351_529_traffic_scan_env2025_seed0-499_48352cd1,471,48,53,1,1
20260912_215351_529_traffic_scan_env2025_seed0-499_48352cd1,471,48,56,0,1
20260912_215351_529_traffic_scan_env2025_seed0-499_48352cd1,471,49,1,0,1
20260912_215351_529_traffic_scan_env2025_seed0-499_48352cd1,471,49,2,0,1
20260912_215351_529_traffic_scan_env2025_seed0-499_48352cd1,471,49,3,0,2
20260912_215351_529_traffic_scan_env2025_seed0-499_48352cd1,471,49,5,0,2
20260912_215351_529_traffic_scan_env2025_seed0-499_48352cd1,471,49,6,0,1
20260912_215351_529_traffic_scan_env2025_seed0-499_48352cd1,471,49,7,0,1
20260912_215351_529_traffic_scan_env2025_seed0-499_48352cd1,471,49,8,0,2
20260912_215351_529_traffic_scan_env2025_seed0-499_48352cd1,471,49,8,1,1
20260912_215351_529_traffic_scan_env2025_seed0-499_48352cd1,471,49,10,1,1
20260912_215351_529_traffic_scan_env2025_seed0-499_48352cd1,471,49,11,0,2
20260912_215351_529_traffic_scan_env2025_seed0-499_48352cd1,471,49,12,0,1
20260912_215351_529_traffic_scan_env2025_seed0-499_48352cd1,471,49,13,1,5
20260912_215351_529_traffic_scan_env2025_seed0-499_48352cd1,471,49,15,0,1
20260912_215351_529_traffic_scan_env2025_seed0-499_48352cd1,471,49,16,0,2
20260912_215351_529_traffic_scan_env2025_seed0-499_48352cd1,471,49,18,0,1
20260912_215351_529_traffic_scan_env2025_seed0-499_48352cd1,471,49,20,0,1
20260912_215351_529_traffic_scan_env2025_seed0-499_48352cd1,471,49,22,0,1
20260912_215351_529_traffic_scan_env2025_seed0-499_48352cd1,471,49,23,0,1
20260912_215351_529_traffic_scan_env2025_seed0-499_48352cd1,471,49,24,0,1
20260912_215351_529_traffic_scan_env2025_seed0-499_48352cd1,471,49,26,0,3
20260912_215351_529_traffic_scan_env2025_seed0-499_48352cd1,471,49,27,0,1
20260912_215351_529_traffic_scan_env2025_seed0-499_48352cd1,471,49,29,0,1
20260912_215351_529_traffic_scan_env2025_seed0-499_48352cd1,471,49,33,0,2
20260912_215351_529_traffic_scan_env2025_seed0-499_48352cd1,471,49,34,0,2
20260912_215351_529_traffic_scan_env2025_seed0-499_48352cd1,471,49,34,1,2
20260912_215351_529_traffic_scan_env2025_seed0-499_48352cd1,471,49,36,1,1
20260912_215351_529_traffic_scan_env2025_seed0-499_48352cd1,471,49,41,0,1
20260912_215351_529_traffic_scan_env2025_seed0-499_48352cd1,471,49,41,1,2
20260912_215351_529_traffic_scan_env2025_seed0-499_48352cd1,471,49,43,0,2
20260912_215351_529_traffic_scan_env2025_seed0-499_48352cd1,471,49,45,0,1
20260912_215351_529_traffic_scan_env2025_seed0-499_48352cd1,471,49,46,0,1
20260912_215351_529_traffic_scan_env2025_seed0-499_48352cd1,471,49,46,1,1
20260912_215351_529_traffic_scan_env2025_seed0-499_48352cd1,471,49,47,0,4
20260912_215351_529_traffic_scan_env2025_seed0-499_48352cd1,471,49,47,1,3
20260912_215351_529_traffic_scan_env2025_seed0-499_48352cd1,471,49,48,0,3
20260912_215351_529_traffic_scan_env2025_seed0-499_48352cd1,471,49,49,0,2
20260912_215351_529_traffic_scan_env2025_seed0-499_48352cd1,471,49,50,0,1
20260912_215351_529_traffic_scan_env2025_seed0-499_48352cd1,471,49,51,0,2
20260912_215351_529_traffic_scan_env2025_seed0-499_48352cd1,471,49,52,0,2
20260912_215351_529_traffic_scan_env2025_seed0-499_48352cd1,471,49,53,0,1
20260912_215351_529_traffic_scan_env2025_seed0-499_48352cd1,471,49,53,1,1
20260912_215351_529_traffic_scan_env2025_seed0-499_48352cd1,471,49,55,0,1
20260912_215351_529_traffic_scan_env2025_seed0-499_48352cd1,471,49,56,0,2
20260912_215351_529_traffic_scan_env2025_seed0-499_48352cd1,471,50,1,0,1
20260912_215351_529_traffic_scan_env2025_seed0-499_48352cd1,471,50,2,0,2
20260912_215351_529_traffic_scan_env2025_seed0-499_48352cd1,471,50,3,0,1
20260912_215351_529_traffic_scan_env2025_seed0-499_48352cd1,471,50,4,0,1
20260912_215351_529_traffic_scan_env2025_seed0-499_48352cd1,471,50,6,0,3
20260912_215351_529_traffic_scan_env2025_seed0-499_48352cd1,471,50,7,0,3
20260912_215351_529_traffic_scan_env2025_seed0-499_48352cd1,471,50,7,1,1
20260912_215351_529_traffic_scan_env2025_seed0-499_48352cd1,471,50,10,0,2
20260912_215351_529_traffic_scan_env2025_seed0-499_48352cd1,471,50,10,1,1
20260912_215351_529_traffic_scan_env2025_seed0-499_48352cd1,471,50,12,0,5
20260912_215351_529_traffic_scan_env2025_seed0-499_48352cd1,471,50,12,1,1
20260912_215351_529_traffic_scan_env2025_seed0-499_48352cd1,471,50,13,0,1
20260912_215351_529_traffic_scan_env2025_seed0-499_48352cd1,471,50,14,0,1
20260912_215351_529_traffic_scan_env2025_seed0-499_48352cd1,471,50,15,0,1
20260912_215351_529_traffic_scan_env2025_seed0-499_48352cd1,471,50,17,0,1
20260912_215351_529_traffic_scan_env2025_seed0-499_48352cd1,471,50,20,0,1
20260912_215351_529_traffic_scan_env2025_seed0-499_48352cd1,471,50,22,0,2
20260912_215351_529_traffic_scan_env2025_seed0-499_48352cd1,471,50,25,0,4
20260912_215351_529_traffic_scan_env2025_seed0-499_48352cd1,471,50,27,0,1
20260912_215351_529_traffic_scan_env2025_seed0-499_48352cd1,471,50,29,0,1
20260912_215351_529_traffic_scan_env2025_seed0-499_48352cd1,471,50,33,0,1
20260912_215351_529_traffic_scan_env2025_seed0-499_48352cd1,471,50,34,0,2
20260912_215351_529_traffic_scan_env2025_seed0-499_48352cd1,471,50,35,1,4
20260912_215351_529_traffic_scan_env2025_seed0-499_48352cd1,471,50,40,2,1
20260912_215351_529_traffic_scan_env2025_seed0-499_48352cd1,471,50,41,1,1
20260912_215351_529_traffic_scan_env2025_seed0-499_48352cd1,471,50,42,0,1
20260912_215351_529_traffic_scan_env2025_seed0-499_48352cd1,471,50,43,0,1
20260912_215351_529_traffic_scan_env2025_seed0-499_48352cd1,471,50,44,0,1
20260912_215351_529_traffic_scan_env2025_seed0-499_48352cd1,471,50,48,0,6
20260912_215351_529_traffic_scan_env2025_seed0-499_48352cd1,471,50,49,0,3
20260912_215351_529_traffic_scan_env2025_seed0-499_48352cd1,471,50,51,0,1
20260912_215351_529_traffic_scan_env2025_seed0-499_48352cd1,471,50,52,0,2
20260912_215351_529_traffic_scan_env2025_seed0-499_48352cd1,471,50,53,0,2
20260912_215351_529_traffic_scan_env2025_seed0-499_48352cd1,471,50,53,1,1
20260912_215351_529_traffic_scan_env2025_seed0-499_48352cd1,471,50,54,0,1
20260912_215351_529_traffic_scan_env2025_seed0-499_48352cd1,471,50,57,0,2
20260912_215351_529_traffic_scan_env2025_seed0-499_48352cd1,471,50,58,0,1
20260912_215351_529_traffic_scan_env2025_seed0-499_48352cd1,471,50,59,0,1
20260912_215351_529_traffic_scan_env2025_seed0-499_48352cd1,471,51,1,0,2
20260912_215351_529_traffic_scan_env2025_seed0-499_48352cd1,471,51,2,0,2
20260912_215351_529_traffic_scan_env2025_seed0-499_48352cd1,471,51,6,0,3
20260912_215351_529_traffic_scan_env2025_seed0-499_48352cd1,471,51,6,2,1
20260912_215351_529_traffic_scan_env2025_seed0-499_48352cd1,471,51,8,0,1
20260912_215351_529_traffic_scan_env2025_seed0-499_48352cd1,471,51,9,0,3
20260912_215351_529_traffic_scan_env2025_seed0-499_48352cd1,471,51,11,0,6
20260912_215351_529_traffic_scan_env2025_seed0-499_48352cd1,471,51,15,0,1
20260912_215351_529_traffic_scan_env2025_seed0-499_48352cd1,471,51,16,0,3
20260912_215351_529_traffic_scan_env2025_seed0-499_48352cd1,471,51,17,0,2
20260912_215351_529_traffic_scan_env2025_seed0-499_48352cd1,471,51,18,0,2
20260912_215351_529_traffic_scan_env2025_seed0-499_48352cd1,471,51,19,0,2
20260912_215351_529_traffic_scan_env2025_seed0-499_48352cd1,471,51,20,0,3
20260912_215351_529_traffic_scan_env2025_seed0-499_48352cd1,471,51,21,1,2
20260912_215351_529_traffic_scan_env2025_seed0-499_48352cd1,471,51,22,0,1
20260912_215351_529_traffic_scan_env2025_seed0-499_48352cd1,471,51,22,1,1
20260912_215351_529_traffic_scan_env2025_seed0-499_48352cd1,471,51,23,1,1
20260912_215351_529_traffic_scan_env2025_seed0-499_48352cd1,471,51,24,0,3
20260912_215351_529_traffic_scan_env2025_seed0-499_48352cd1,471,51,24,1,1
20260912_215351_529_traffic_scan_env2025_seed0-499_48352cd1,471,51,25,1,1
20260912_215351_529_traffic_scan_env2025_seed0-499_48352cd1,471,51,26,0,1
20260912_215351_529_traffic_scan_env2025_seed0-499_48352cd1,471,51,26,1,1
20260912_215351_529_traffic_scan_env2025_seed0-499_48352cd1,471,51,27,0,1
20260912_215351_529_traffic_scan_env2025_seed0-499_48352cd1,471,51,27,1,1
20260912_215351_529_traffic_scan_env2025_seed0-499_48352cd1,471,51,28,1,1
20260912_215351_529_traffic_scan_env2025_seed0-499_48352cd1,471,51,29,0,1
20260912_215351_529_traffic_scan_env2025_seed0-499_48352cd1,471,51,29,1,1
20260912_215351_529_traffic_scan_env2025_seed0-499_48352cd1,471,51,30,1,1
20260912_215351_529_traffic_scan_env2025_seed0-499_48352cd1,471,51,31,1,1
20260912_215351_529_traffic_scan_env2025_seed0-499_48352cd1,471,51,32,0,1
20260912_215351_529_traffic_scan_env2025_seed0-499_48352cd1,471,51,32,1,1
20260912_215351_529_traffic_scan_env2025_seed0-499_48352cd1,471,51,33,1,1
20260912_215351_529_traffic_scan_env2025_seed0-499_48352cd1,471,51,34,0,1
20260912_215351_529_traffic_scan_env2025_seed0-499_48352cd1,471,51,34,1,1
20260912_215351_529_traffic_scan_env2025_seed0-499_48352cd1,471,51,35,0,2
20260912_215351_529_traffic_scan_env2025_seed0-499_48352cd1,471,51,35,1,1
20260912_215351_529_traffic_scan_env2025_seed0-499_48352cd1,471,51,36,0,2
20260912_215351_529_traffic_scan_env2025_seed0-499_48352cd1,471,51,36,1,2
20260912_215351_529_traffic_scan_env2025_seed0-499_48352cd1,471,51,37,1,1
20260912_215351_529_traffic_scan_env2025_seed0-499_48352cd1,471,51,38,1,1
20260912_215351_529_traffic_scan_env2025_seed0-499_48352cd1,471,51,39,1,2
20260912_215351_529_traffic_scan_env2025_seed0-499_48352cd1,471,51,40,1,1
20260912_215351_529_traffic_scan_env2025_seed0-499_48352cd1,471,51,41,0,1
20260912_215351_529_traffic_scan_env2025_seed0-499_48352cd1,471,51,41,1,1
20260912_215351_529_traffic_scan_env2025_seed0-499_48352cd1,471,51,42,1,1
20260912_215351_529_traffic_scan_env2025_seed0-499_48352cd1,471,51,43,0,1
20260912_215351_529_traffic_scan_env2025_seed0-499_48352cd1,471,51,43,1,1
20260912_215351_529_traffic_scan_env2025_seed0-499_48352cd1,471,51,44,1,1
20260912_215351_529_traffic_scan_env2025_seed0-499_48352cd1,471,51,45,0,1
20260912_215351_529_traffic_scan_env2025_seed0-499_48352cd1,471,51,45,1,1
20260912_215351_529_traffic_scan_env2025_seed0-499_48352cd1,471,51,48,0,5
20260912_215351_529_traffic_scan_env2025_seed0-499_48352cd1,471,51,48,1,1
20260912_215351_529_traffic_scan_env2025_seed0-499_48352cd1,471,51,49,0,2
20260912_215351_529_traffic_scan_env2025_seed0-499_48352cd1,471,51,49,1,1
20260912_215351_529_traffic_scan_env2025_seed0-499_48352cd1,471,51,50,0,2
20260912_215351_529_traffic_scan_env2025_seed0-499_48352cd1,471,51,50,1,1
20260912_215351_529_traffic_scan_env2025_seed0-499_48352cd1,471,51,53,1,1
20260912_215351_529_traffic_scan_env2025_seed0-499_48352cd1,471,51,56,0,1
20260912_215351_529_traffic_scan_env2025_seed0-499_48352cd1,471,51,58,0,1
20260912_215351_529_traffic_scan_env2025_seed0-499_48352cd1,471,52,0,0,2
20260912_215351_529_traffic_scan_env2025_seed0-499_48352cd1,471,52,5,2,1
20260912_215351_529_traffic_scan_env2025_seed0-499_48352cd1,471,52,6,0,3
20260912_215351_529_traffic_scan_env2025_seed0-499_48352cd1,471,52,8,0,2
20260912_215351_529_traffic_scan_env2025_seed0-499_48352cd1,471,52,9,0,2
20260912_215351_529_traffic_scan_env2025_seed0-499_48352cd1,471,52,10,0,5
20260912_215351_529_traffic_scan_env2025_seed0-499_48352cd1,471,52,15,0,2
20260912_215351_529_traffic_scan_env2025_seed0-499_48352cd1,471,52,20,0,1
20260912_215351_529_traffic_scan_env2025_seed0-499_48352cd1,471,52,22,0,1
20260912_215351_529_traffic_scan_env2025_seed0-499_48352cd1,471,52,23,0,3
20260912_215351_529_traffic_scan_env2025_seed0-499_48352cd1,471,52,27,0,2
20260912_215351_529_traffic_scan_env2025_seed0-499_48352cd1,471,52,29,0,1
20260912_215351_529_traffic_scan_env2025_seed0-499_48352cd1,471,52,31,0,1
20260912_215351_529_traffic_scan_env2025_seed0-499_48352cd1,471,52,33,0,1
20260912_215351_529_traffic_scan_env2025_seed0-499_48352cd1,471,52,36,0,2
20260912_215351_529_traffic_scan_env2025_seed0-499_48352cd1,471,52,37,0,3
20260912_215351_529_traffic_scan_env2025_seed0-499_48352cd1,471,52,38,1,1
20260912_215351_529_traffic_scan_env2025_seed0-499_48352cd1,471,52,40,0,1
20260912_215351_529_traffic_scan_env2025_seed0-499_48352cd1,471,52,43,0,1
20260912_215351_529_traffic_scan_env2025_seed0-499_48352cd1,471,52,46,0,1
20260912_215351_529_traffic_scan_env2025_seed0-499_48352cd1,471,52,46,1,1
20260912_215351_529_traffic_scan_env2025_seed0-499_48352cd1,471,52,47,0,1
20260912_215351_529_traffic_scan_env2025_seed0-499_48352cd1,471,52,47,1,1
20260912_215351_529_traffic_scan_env2025_seed0-499_48352cd1,471,52,48,0,2
20260912_215351_529_traffic_scan_env2025_seed0-499_48352cd1,471,52,49,0,2
20260912_215351_529_traffic_scan_env2025_seed0-499_48352cd1,471,52,50,0,1
20260912_215351_529_traffic_scan_env2025_seed0-499_48352cd1,471,52,51,0,1
20260912_215351_529_traffic_scan_env2025_seed0-499_48352cd1,471,52,52,0,1
20260912_215351_529_traffic_scan_env2025_seed0-499_48352cd1,471,52,53,0,1
20260912_215351_529_traffic_scan_env2025_seed0-499_48352cd1,471,52,56,0,1
20260912_215351_529_traffic_scan_env2025_seed0-499_48352cd1,471,52,57,0,1
20260912_215351_529_traffic_scan_env2025_seed0-499_48352cd1,471,53,0,0,1
20260912_215351_529_traffic_scan_env2025_seed0-499_48352cd1,471,53,4,2,1
20260912_215351_529_traffic_scan_env2025_seed0-499_48352cd1,471,53,6,0,3
20260912_215351_529_traffic_scan_env2025_seed0-499_48352cd1,471,53,7,0,2
20260912_215351_529_traffic_scan_env2025_seed0-499_48352cd1,471,53,9,0,6
20260912_215351_529_traffic_scan_env2025_seed0-499_48352cd1,471,53,10,0,1
20260912_215351_529_traffic_scan_env2025_seed0-499_48352cd1,471,53,11,0,1
20260912_215351_529_traffic_scan_env2025_seed0-499_48352cd1,471,53,12,0,1
20260912_215351_529_traffic_scan_env2025_seed0-499_48352cd1,471,53,13,0,1
20260912_215351_529_traffic_scan_env2025_seed0-499_48352cd1,471,53,14,0,2
20260912_215351_529_traffic_scan_env2025_seed0-499_48352cd1,471,53,15,0,1
20260912_215351_529_traffic_scan_env2025_seed0-499_48352cd1,471,53,16,0,1
20260912_215351_529_traffic_scan_env2025_seed0-499_48352cd1,471,53,17,0,1
20260912_215351_529_traffic_scan_env2025_seed0-499_48352cd1,471,53,18,0,1
20260912_215351_529_traffic_scan_env2025_seed0-499_48352cd1,471,53,19,0,1
20260912_215351_529_traffic_scan_env2025_seed0-499_48352cd1,471,53,20,0,1
20260912_215351_529_traffic_scan_env2025_seed0-499_48352cd1,471,53,21,0,1
20260912_215351_529_traffic_scan_env2025_seed0-499_48352cd1,471,53,22,0,4
20260912_215351_529_traffic_scan_env2025_seed0-499_48352cd1,471,53,23,0,2
20260912_215351_529_traffic_scan_env2025_seed0-499_48352cd1,471,53,24,0,1
20260912_215351_529_traffic_scan_env2025_seed0-499_48352cd1,471,53,27,0,2
20260912_215351_529_traffic_scan_env2025_seed0-499_48352cd1,471,53,29,0,1
20260912_215351_529_traffic_scan_env2025_seed0-499_48352cd1,471,53,30,0,1
20260912_215351_529_traffic_scan_env2025_seed0-499_48352cd1,471,53,32,0,2
20260912_215351_529_traffic_scan_env2025_seed0-499_48352cd1,471,53,33,0,1
20260912_215351_529_traffic_scan_env2025_seed0-499_48352cd1,471,53,34,0,1
20260912_215351_529_traffic_scan_env2025_seed0-499_48352cd1,471,53,35,0,1
20260912_215351_529_traffic_scan_env2025_seed0-499_48352cd1,471,53,36,0,1
20260912_215351_529_traffic_scan_env2025_seed0-499_48352cd1,471,53,37,0,3
20260912_215351_529_traffic_scan_env2025_seed0-499_48352cd1,471,53,38,0,4
20260912_215351_529_traffic_scan_env2025_seed0-499_48352cd1,471,53,39,0,1
20260912_215351_529_traffic_scan_env2025_seed0-499_48352cd1,471,53,40,0,1
20260912_215351_529_traffic_scan_env2025_seed0-499_48352cd1,471,53,41,0,2
20260912_215351_529_traffic_scan_env2025_seed0-499_48352cd1,471,53,43,0,1
20260912_215351_529_traffic_scan_env2025_seed0-499_48352cd1,471,53,45,0,1
20260912_215351_529_traffic_scan_env2025_seed0-499_48352cd1,471,53,46,0,1
20260912_215351_529_traffic_scan_env2025_seed0-499_48352cd1,471,53,47,0,2
20260912_215351_529_traffic_scan_env2025_seed0-499_48352cd1,471,53,49,0,1
20260912_215351_529_traffic_scan_env2025_seed0-499_48352cd1,471,53,50,0,1
20260912_215351_529_traffic_scan_env2025_seed0-499_48352cd1,471,53,51,0,1
20260912_215351_529_traffic_scan_env2025_seed0-499_48352cd1,471,53,53,0,2
20260912_215351_529_traffic_scan_env2025_seed0-499_48352cd1,471,53,56,0,1
20260912_215351_529_traffic_scan_env2025_seed0-499_48352cd1,471,54,0,0,1
20260912_215351_529_traffic_scan_env2025_seed0-499_48352cd1,471,54,3,2,1
20260912_215351_529_traffic_scan_env2025_seed0-499_48352cd1,471,54,6,0,3
20260912_215351_529_traffic_scan_env2025_seed0-499_48352cd1,471,54,8,0,5
20260912_215351_529_traffic_scan_env2025_seed0-499_48352cd1,471,54,9,0,1
20260912_215351_529_traffic_scan_env2025_seed0-499_48352cd1,471,54,13,0,1
20260912_215351_529_traffic_scan_env2025_seed0-499_48352cd1,471,54,21,0,2
20260912_215351_529_traffic_scan_env2025_seed0-499_48352cd1,471,54,22,0,2
20260912_215351_529_traffic_scan_env2025_seed0-499_48352cd1,471,54,25,0,1
20260912_215351_529_traffic_scan_env2025_seed0-499_48352cd1,471,54,26,0,1
20260912_215351_529_traffic_scan_env2025_seed0-499_48352cd1,471,54,27,0,2
20260912_215351_529_traffic_scan_env2025_seed0-499_48352cd1,471,54,28,0,2
20260912_215351_529_traffic_scan_env2025_seed0-499_48352cd1,471,54,29,0,3
20260912_215351_529_traffic_scan_env2025_seed0-499_48352cd1,471,54,30,0,1
20260912_215351_529_traffic_scan_env2025_seed0-499_48352cd1,471,54,31,0,2
20260912_215351_529_traffic_scan_env2025_seed0-499_48352cd1,471,54,37,0,1
20260912_215351_529_traffic_scan_env2025_seed0-499_48352cd1,471,54,38,0,1
20260912_215351_529_traffic_scan_env2025_seed0-499_48352cd1,471,54,39,0,2
20260912_215351_529_traffic_scan_env2025_seed0-499_48352cd1,471,54,41,0,1
20260912_215351_529_traffic_scan_env2025_seed0-499_48352cd1,471,54,42,0,1
20260912_215351_529_traffic_scan_env2025_seed0-499_48352cd1,471,54,43,0,2
20260912_215351_529_traffic_scan_env2025_seed0-499_48352cd1,471,54,44,0,1
20260912_215351_529_traffic_scan_env2025_seed0-499_48352cd1,471,54,46,0,2
20260912_215351_529_traffic_scan_env2025_seed0-499_48352cd1,471,54,47,0,1
20260912_215351_529_traffic_scan_env2025_seed0-499_48352cd1,471,54,48,0,3
20260912_215351_529_traffic_scan_env2025_seed0-499_48352cd1,471,54,49,0,2
20260912_215351_529_traffic_scan_env2025_seed0-499_48352cd1,471,54,51,0,1
20260912_215351_529_traffic_scan_env2025_seed0-499_48352cd1,471,54,52,0,1
20260912_215351_529_traffic_scan_env2025_seed0-499_48352cd1,471,54,53,0,1
20260912_215351_529_traffic_scan_env2025_seed0-499_48352cd1,471,54,54,0,1
20260912_215351_529_traffic_scan_env2025_seed0-499_48352cd1,471,54,55,0,1
20260912_215351_529_traffic_scan_env2025_seed0-499_48352cd1,471,55,0,0,1
20260912_215351_529_traffic_scan_env2025_seed0-499_48352cd1,471,55,2,1,1
20260912_215351_529_traffic_scan_env2025_seed0-499_48352cd1,471,55,5,0,2
20260912_215351_529_traffic_scan_env2025_seed0-499_48352cd1,471,55,6,0,1
20260912_215351_529_traffic_scan_env2025_seed0-499_48352cd1,471,55,7,0,3
20260912_215351_529_traffic_scan_env2025_seed0-499_48352cd1,471,55,9,0,1
20260912_215351_529_traffic_scan_env2025_seed0-499_48352cd1,471,55,12,0,1
20260912_215351_529_traffic_scan_env2025_seed0-499_48352cd1,471,55,20,0,2
20260912_215351_529_traffic_scan_env2025_seed0-499_48352cd1,471,55,21,0,1
20260912_215351_529_traffic_scan_env2025_seed0-499_48352cd1,471,55,27,0,1
20260912_215351_529_traffic_scan_env2025_seed0-499_48352cd1,471,55,28,0,1
20260912_215351_529_traffic_scan_env2025_seed0-499_48352cd1,471,55,29,0,2
20260912_215351_529_traffic_scan_env2025_seed0-499_48352cd1,471,55,30,0,1
20260912_215351_529_traffic_scan_env2025_seed0-499_48352cd1,471,55,39,0,1
20260912_215351_529_traffic_scan_env2025_seed0-499_48352cd1,471,55,40,0,2
20260912_215351_529_traffic_scan_env2025_seed0-499_48352cd1,471,55,46,0,1
20260912_215351_529_traffic_scan_env2025_seed0-499_48352cd1,471,55,47,0,1
20260912_215351_529_traffic_scan_env2025_seed0-499_48352cd1,471,55,50,0,1
20260912_215351_529_traffic_scan_env2025_seed0-499_48352cd1,471,55,51,0,1
20260912_215351_529_traffic_scan_env2025_seed0-499_48352cd1,471,55,52,0,1
20260912_215351_529_traffic_scan_env2025_seed0-499_48352cd1,471,55,53,0,1
20260912_215351_529_traffic_scan_env2025_seed0-499_48352cd1,471,55,54,0,1
20260912_215351_529_traffic_scan_env2025_seed0-499_48352cd1,471,55,55,0,1
20260912_215351_529_traffic_scan_env2025_seed0-499_48352cd1,471,56,0,0,1
20260912_215351_529_traffic_scan_env2025_seed0-499_48352cd1,471,56,1,0,1
20260912_215351_529_traffic_scan_env2025_seed0-499_48352cd1,471,56,4,0,2
20260912_215351_529_traffic_scan_env2025_seed0-499_48352cd1,471,56,6,0,3
20260912_215351_529_traffic_scan_env2025_seed0-499_48352cd1,471,56,9,0,1
20260912_215351_529_traffic_scan_env2025_seed0-499_48352cd1,471,56,11,0,1
20260912_215351_529_traffic_scan_env2025_seed0-499_48352cd1,471,56,19,0,2
20260912_215351_529_traffic_scan_env2025_seed0-499_48352cd1,471,56,20,0,1
20260912_215351_529_traffic_scan_env2025_seed0-499_48352cd1,471,56,27,0,2
20260912_215351_529_traffic_scan_env2025_seed0-499_48352cd1,471,56,29,0,2
20260912_215351_529_traffic_scan_env2025_seed0-499_48352cd1,471,56,30,0,1
20260912_215351_529_traffic_scan_env2025_seed0-499_48352cd1,471,56,40,0,3
20260912_215351_529_traffic_scan_env2025_seed0-499_48352cd1,471,56,46,0,1
20260912_215351_529_traffic_scan_env2025_seed0-499_48352cd1,471,56,48,0,1
20260912_215351_529_traffic_scan_env2025_seed0-499_48352cd1,471,56,51,0,1
20260912_215351_529_traffic_scan_env2025_seed0-499_48352cd1,471,56,52,0,2
20260912_215351_529_traffic_scan_env2025_seed0-499_48352cd1,471,56,53,0,2
20260912_215351_529_traffic_scan_env2025_seed0-499_48352cd1,471,56,56,0,1
20260912_215351_529_traffic_scan_env2025_seed0-499_48352cd1,471,57,0,0,1
20260912_215351_529_traffic_scan_env2025_seed0-499_48352cd1,471,57,2,0,1
20260912_215351_529_traffic_scan_env2025_seed0-499_48352cd1,471,57,3,0,3
20260912_215351_529_traffic_scan_env2025_seed0-499_48352cd1,471,57,4,0,1
20260912_215351_529_traffic_scan_env2025_seed0-499_48352cd1,471,57,5,0,2
20260912_215351_529_traffic_scan_env2025_seed0-499_48352cd1,471,57,7,0,1
20260912_215351_529_traffic_scan_env2025_seed0-499_48352cd1,471,57,8,0,1
20260912_215351_529_traffic_scan_env2025_seed0-499_48352cd1,471,57,9,0,2
20260912_215351_529_traffic_scan_env2025_seed0-499_48352cd1,471,57,10,0,2
20260912_215351_529_traffic_scan_env2025_seed0-499_48352cd1,471,57,18,0,2
20260912_215351_529_traffic_scan_env2025_seed0-499_48352cd1,471,57,19,0,1
20260912_215351_529_traffic_scan_env2025_seed0-499_48352cd1,471,57,26,0,1
20260912_215351_529_traffic_scan_env2025_seed0-499_48352cd1,471,57,28,0,1
20260912_215351_529_traffic_scan_env2025_seed0-499_48352cd1,471,57,29,0,1
20260912_215351_529_traffic_scan_env2025_seed0-499_48352cd1,471,57,31,0,1
20260912_215351_529_traffic_scan_env2025_seed0-499_48352cd1,471,57,41,0,3
20260912_215351_529_traffic_scan_env2025_seed0-499_48352cd1,471,57,46,0,1
20260912_215351_529_traffic_scan_env2025_seed0-499_48352cd1,471,57,48,0,1
20260912_215351_529_traffic_scan_env2025_seed0-499_48352cd1,471,57,52,0,2
20260912_215351_529_traffic_scan_env2025_seed0-499_48352cd1,471,57,53,0,2
20260912_215351_529_traffic_scan_env2025_seed0-499_48352cd1,471,57,57,0,1
20260912_215351_529_traffic_scan_env2025_seed0-499_48352cd1,471,58,0,0,1
20260912_215351_529_traffic_scan_env2025_seed0-499_48352cd1,471,58,2,0,1
20260912_215351_529_traffic_scan_env2025_seed0-499_48352cd1,471,58,4,0,1
20260912_215351_529_traffic_scan_env2025_seed0-499_48352cd1,471,58,9,0,2
20260912_215351_529_traffic_scan_env2025_seed0-499_48352cd1,471,58,11,0,1
20260912_215351_529_traffic_scan_env2025_seed0-499_48352cd1,471,58,12,0,1
20260912_215351_529_traffic_scan_env2025_seed0-499_48352cd1,471,58,13,0,1
20260912_215351_529_traffic_scan_env2025_seed0-499_48352cd1,471,58,14,0,1
20260912_215351_529_traffic_scan_env2025_seed0-499_48352cd1,471,58,15,0,1
20260912_215351_529_traffic_scan_env2025_seed0-499_48352cd1,471,58,16,0,1
20260912_215351_529_traffic_scan_env2025_seed0-499_48352cd1,471,58,17,0,2
20260912_215351_529_traffic_scan_env2025_seed0-499_48352cd1,471,58,18,0,2
20260912_215351_529_traffic_scan_env2025_seed0-499_48352cd1,471,58,19,0,1
20260912_215351_529_traffic_scan_env2025_seed0-499_48352cd1,471,58,20,0,1
20260912_215351_529_traffic_scan_env2025_seed0-499_48352cd1,471,58,21,0,1
20260912_215351_529_traffic_scan_env2025_seed0-499_48352cd1,471,58,22,1,1
20260912_215351_529_traffic_scan_env2025_seed0-499_48352cd1,471,58,23,1,1
20260912_215351_529_traffic_scan_env2025_seed0-499_48352cd1,471,58,24,1,1
20260912_215351_529_traffic_scan_env2025_seed0-499_48352cd1,471,58,25,0,1
20260912_215351_529_traffic_scan_env2025_seed0-499_48352cd1,471,58,25,1,1
20260912_215351_529_traffic_scan_env2025_seed0-499_48352cd1,471,58,26,1,1
20260912_215351_529_traffic_scan_env2025_seed0-499_48352cd1,471,58,27,1,1
20260912_215351_529_traffic_scan_env2025_seed0-499_48352cd1,471,58,28,1,1
20260912_215351_529_traffic_scan_env2025_seed0-499_48352cd1,471,58,29,1,1
20260912_215351_529_traffic_scan_env2025_seed0-499_48352cd1,471,58,30,1,1
20260912_215351_529_traffic_scan_env2025_seed0-499_48352cd1,471,58,31,1,1
20260912_215351_529_traffic_scan_env2025_seed0-499_48352cd1,471,58,32,1,1
20260912_215351_529_traffic_scan_env2025_seed0-499_48352cd1,471,58,33,1,1
20260912_215351_529_traffic_scan_env2025_seed0-499_48352cd1,471,58,34,1,1
20260912_215351_529_traffic_scan_env2025_seed0-499_48352cd1,471,58,35,1,1
20260912_215351_529_traffic_scan_env2025_seed0-499_48352cd1,471,58,36,1,1
20260912_215351_529_traffic_scan_env2025_seed0-499_48352cd1,471,58,37,1,1
20260912_215351_529_traffic_scan_env2025_seed0-499_48352cd1,471,58,38,1,1
20260912_215351_529_traffic_scan_env2025_seed0-499_48352cd1,471,58,39,1,1
20260912_215351_529_traffic_scan_env2025_seed0-499_48352cd1,471,58,40,1,1
20260912_215351_529_traffic_scan_env2025_seed0-499_48352cd1,471,58,41,1,1
20260912_215351_529_traffic_scan_env2025_seed0-499_48352cd1,471,58,42,0,2
20260912_215351_529_traffic_scan_env2025_seed0-499_48352cd1,471,58,42,1,1
20260912_215351_529_traffic_scan_env2025_seed0-499_48352cd1,471,58,43,1,1
20260912_215351_529_traffic_scan_env2025_seed0-499_48352cd1,471,58,46,0,2
20260912_215351_529_traffic_scan_env2025_seed0-499_48352cd1,471,58,47,0,1
20260912_215351_529_traffic_scan_env2025_seed0-499_48352cd1,471,58,48,0,2
20260912_215351_529_traffic_scan_env2025_seed0-499_48352cd1,471,58,49,0,2
20260912_215351_529_traffic_scan_env2025_seed0-499_48352cd1,471,58,50,0,2
20260912_215351_529_traffic_scan_env2025_seed0-499_48352cd1,471,58,51,0,2
20260912_215351_529_traffic_scan_env2025_seed0-499_48352cd1,471,58,52,0,2
20260912_215351_529_traffic_scan_env2025_seed0-499_48352cd1,471,58,53,0,2
20260912_215351_529_traffic_scan_env2025_seed0-499_48352cd1,471,58,54,0,1
20260912_215351_529_traffic_scan_env2025_seed0-499_48352cd1,471,58,55,0,1
20260912_215351_529_traffic_scan_env2025_seed0-499_48352cd1,471,58,56,0,1
20260912_215351_529_traffic_scan_env2025_seed0-499_48352cd1,471,58,58,0,1
20260912_215351_529_traffic_scan_env2025_seed0-499_48352cd1,471,59,0,0,1
20260912_215351_529_traffic_scan_env2025_seed0-499_48352cd1,471,59,1,0,1
20260912_215351_529_traffic_scan_env2025_seed0-499_48352cd1,471,59,5,0,1
20260912_215351_529_traffic_scan_env2025_seed0-499_48352cd1,471,59,6,0,1
20260912_215351_529_traffic_scan_env2025_seed0-499_48352cd1,471,59,7,0,1
20260912_215351_529_traffic_scan_env2025_seed0-499_48352cd1,471,59,8,0,1
20260912_215351_529_traffic_scan_env2025_seed0-499_48352cd1,471,59,9,0,1
20260912_215351_529_traffic_scan_env2025_seed0-499_48352cd1,471,59,10,0,1
20260912_215351_529_traffic_scan_env2025_seed0-499_48352cd1,471,59,11,0,1
20260912_215351_529_traffic_scan_env2025_seed0-499_48352cd1,471,59,12,0,1
20260912_215351_529_traffic_scan_env2025_seed0-499_48352cd1,471,59,13,0,1
20260912_215351_529_traffic_scan_env2025_seed0-499_48352cd1,471,59,14,0,1
20260912_215351_529_traffic_scan_env2025_seed0-499_48352cd1,471,59,15,0,1
20260912_215351_529_traffic_scan_env2025_seed0-499_48352cd1,471,59,16,0,1
20260912_215351_529_traffic_scan_env2025_seed0-499_48352cd1,471,59,17,0,2
20260912_215351_529_traffic_scan_env2025_seed0-499_48352cd1,471,59,18,0,1
20260912_215351_529_traffic_scan_env2025_seed0-499_48352cd1,471,59,19,0,1
20260912_215351_529_traffic_scan_env2025_seed0-499_48352cd1,471,59,20,0,1
20260912_215351_529_traffic_scan_env2025_seed0-499_48352cd1,471,59,21,0,1
20260912_215351_529_traffic_scan_env2025_seed0-499_48352cd1,471,59,22,0,1
20260912_215351_529_traffic_scan_env2025_seed0-499_48352cd1,471,59,23,0,1
20260912_215351_529_traffic_scan_env2025_seed0-499_48352cd1,471,59,24,0,1
20260912_215351_529_traffic_scan_env2025_seed0-499_48352cd1,471,59,25,0,1
20260912_215351_529_traffic_scan_env2025_seed0-499_48352cd1,471,59,26,0,1
20260912_215351_529_traffic_scan_env2025_seed0-499_48352cd1,471,59,27,0,1
20260912_215351_529_traffic_scan_env2025_seed0-499_48352cd1,471,59,28,0,1
20260912_215351_529_traffic_scan_env2025_seed0-499_48352cd1,471,59,29,0,1
20260912_215351_529_traffic_scan_env2025_seed0-499_48352cd1,471,59,30,0,1
20260912_215351_529_traffic_scan_env2025_seed0-499_48352cd1,471,59,31,0,1
20260912_215351_529_traffic_scan_env2025_seed0-499_48352cd1,471,59,32,0,1
20260912_215351_529_traffic_scan_env2025_seed0-499_48352cd1,471,59,33,0,1
20260912_215351_529_traffic_scan_env2025_seed0-499_48352cd1,471,59,34,0,1
20260912_215351_529_traffic_scan_env2025_seed0-499_48352cd1,471,59,35,0,1
20260912_215351_529_traffic_scan_env2025_seed0-499_48352cd1,471,59,36,0,1
20260912_215351_529_traffic_scan_env2025_seed0-499_48352cd1,471,59,37,0,1
20260912_215351_529_traffic_scan_env2025_seed0-499_48352cd1,471,59,38,0,1
20260912_215351_529_traffic_scan_env2025_seed0-499_48352cd1,471,59,39,0,1
20260912_215351_529_traffic_scan_env2025_seed0-499_48352cd1,471,59,40,0,1
20260912_215351_529_traffic_scan_env2025_seed0-499_48352cd1,471,59,41,0,1
20260912_215351_529_traffic_scan_env2025_seed0-499_48352cd1,471,59,42,0,1
20260912_215351_529_traffic_scan_env2025_seed0-499_48352cd1,471,59,43,0,3
20260912_215351_529_traffic_scan_env2025_seed0-499_48352cd1,471,59,44,0,2
20260912_215351_529_traffic_scan_env2025_seed0-499_48352cd1,471,59,44,1,1
20260912_215351_529_traffic_scan_env2025_seed0-499_48352cd1,471,59,45,0,1
20260912_215351_529_traffic_scan_env2025_seed0-499_48352cd1,471,59,45,1,1
20260912_215351_529_traffic_scan_env2025_seed0-499_48352cd1,471,59,46,0,1
20260912_215351_529_traffic_scan_env2025_seed0-499_48352cd1,471,59,46,1,1
20260912_215351_529_traffic_scan_env2025_seed0-499_48352cd1,471,59,47,1,1
20260912_215351_529_traffic_scan_env2025_seed0-499_48352cd1,471,59,59,0,1
