run_id,traffic_seed,grid_x,grid_y,grid_z,distinct_flight_count
20260912_215351_529_traffic_scan_env2025_seed0-499_48352cd1,232,0,22,0,1
20260912_215351_529_traffic_scan_env2025_seed0-499_48352cd1,232,0,23,0,1
20260912_215351_529_traffic_scan_env2025_seed0-499_48352cd1,232,0,25,0,1
20260912_215351_529_traffic_scan_env2025_seed0-499_48352cd1,232,0,38,0,1
20260912_215351_529_traffic_scan_env2025_seed0-499_48352cd1,232,0,58,0,1
20260912_215351_529_traffic_scan_env2025_seed0-499_48352cd1,232,1,7,0,1
20260912_215351_529_traffic_scan_env2025_seed0-499_48352cd1,232,1,8,0,1
20260912_215351_529_traffic_scan_env2025_seed0-499_48352cd1,232,1,12,0,1
20260912_215351_529_traffic_scan_env2025_seed0-499_48352cd1,232,1,21,0,1
20260912_215351_529_traffic_scan_env2025_seed0-499_48352cd1,232,1,24,0,1
20260912_215351_529_traffic_scan_env2025_seed0-499_48352cd1,232,1,24,1,1
20260912_215351_529_traffic_scan_env2025_seed0-499_48352cd1,232,1,25,0,1
20260912_215351_529_traffic_scan_env2025_seed0-499_48352cd1,232,1,25,1,1
20260912_215351_529_traffic_scan_env2025_seed0-499_48352cd1,232,1,26,0,1
20260912_215351_529_traffic_scan_env2025_seed0-499_48352cd1,232,1,26,1,1
20260912_215351_529_traffic_scan_env2025_seed0-499_48352cd1,232,1,27,1,1
20260912_215351_529_traffic_scan_env2025_seed0-499_48352cd1,232,1,28,0,1
20260912_215351_529_traffic_scan_env2025_seed0-499_48352cd1,232,1,28,1,1
20260912_215351_529_traffic_scan_env2025_seed0-499_48352cd1,232,1,29,1,1
20260912_215351_529_traffic_scan_env2025_seed0-499_48352cd1,232,1,30,1,1
20260912_215351_529_traffic_scan_env2025_seed0-499_48352cd1,232,1,31,0,1
20260912_215351_529_traffic_scan_env2025_seed0-499_48352cd1,232,1,31,1,1
20260912_215351_529_traffic_scan_env2025_seed0-499_48352cd1,232,1,32,0,1
20260912_215351_529_traffic_scan_env2025_seed0-499_48352cd1,232,1,32,1,1
20260912_215351_529_traffic_scan_env2025_seed0-499_48352cd1,232,1,33,1,1
20260912_215351_529_traffic_scan_env2025_seed0-499_48352cd1,232,1,34,1,1
20260912_215351_529_traffic_scan_env2025_seed0-499_48352cd1,232,1,35,1,1
20260912_215351_529_traffic_scan_env2025_seed0-499_48352cd1,232,1,36,1,1
20260912_215351_529_traffic_scan_env2025_seed0-499_48352cd1,232,1,37,1,1
20260912_215351_529_traffic_scan_env2025_seed0-499_48352cd1,232,1,38,1,1
20260912_215351_529_traffic_scan_env2025_seed0-499_48352cd1,232,1,39,0,1
20260912_215351_529_traffic_scan_env2025_seed0-499_48352cd1,232,1,39,1,1
20260912_215351_529_traffic_scan_env2025_seed0-499_48352cd1,232,1,40,1,1
20260912_215351_529_traffic_scan_env2025_seed0-499_48352cd1,232,1,41,1,1
20260912_215351_529_traffic_scan_env2025_seed0-499_48352cd1,232,1,42,1,1
20260912_215351_529_traffic_scan_env2025_seed0-499_48352cd1,232,1,43,0,1
20260912_215351_529_traffic_scan_env2025_seed0-499_48352cd1,232,1,43,1,1
20260912_215351_529_traffic_scan_env2025_seed0-499_48352cd1,232,1,44,0,1
20260912_215351_529_traffic_scan_env2025_seed0-499_48352cd1,232,1,44,1,1
20260912_215351_529_traffic_scan_env2025_seed0-499_48352cd1,232,1,45,0,3
20260912_215351_529_traffic_scan_env2025_seed0-499_48352cd1,232,1,46,0,2
20260912_215351_529_traffic_scan_env2025_seed0-499_48352cd1,232,1,47,0,2
20260912_215351_529_traffic_scan_env2025_seed0-499_48352cd1,232,1,48,0,2
20260912_215351_529_traffic_scan_env2025_seed0-499_48352cd1,232,1,49,0,1
20260912_215351_529_traffic_scan_env2025_seed0-499_48352cd1,232,1,50,0,1
20260912_215351_529_traffic_scan_env2025_seed0-499_48352cd1,232,1,51,0,1
20260912_215351_529_traffic_scan_env2025_seed0-499_48352cd1,232,1,54,0,1
20260912_215351_529_traffic_scan_env2025_seed0-499_48352cd1,232,1,58,0,1
20260912_215351_529_traffic_scan_env2025_seed0-499_48352cd1,232,2,9,0,1
20260912_215351_529_traffic_scan_env2025_seed0-499_48352cd1,232,2,12,0,1
20260912_215351_529_traffic_scan_env2025_seed0-499_48352cd1,232,2,15,1,1
20260912_215351_529_traffic_scan_env2025_seed0-499_48352cd1,232,2,16,1,1
20260912_215351_529_traffic_scan_env2025_seed0-499_48352cd1,232,2,17,1,1
20260912_215351_529_traffic_scan_env2025_seed0-499_48352cd1,232,2,18,1,1
20260912_215351_529_traffic_scan_env2025_seed0-499_48352cd1,232,2,19,2,1
20260912_215351_529_traffic_scan_env2025_seed0-499_48352cd1,232,2,20,0,1
20260912_215351_529_traffic_scan_env2025_seed0-499_48352cd1,232,2,20,1,1
20260912_215351_529_traffic_scan_env2025_seed0-499_48352cd1,232,2,21,1,1
20260912_215351_529_traffic_scan_env2025_seed0-499_48352cd1,232,2,22,1,1
20260912_215351_529_traffic_scan_env2025_seed0-499_48352cd1,232,2,23,2,1
20260912_215351_529_traffic_scan_env2025_seed0-499_48352cd1,232,2,26,0,1
20260912_215351_529_traffic_scan_env2025_seed0-499_48352cd1,232,2,27,0,1
20260912_215351_529_traffic_scan_env2025_seed0-499_48352cd1,232,2,29,0,1
20260912_215351_529_traffic_scan_env2025_seed0-499_48352cd1,232,2,31,0,1
20260912_215351_529_traffic_scan_env2025_seed0-499_48352cd1,232,2,32,0,1
20260912_215351_529_traffic_scan_env2025_seed0-499_48352cd1,232,2,38,0,1
20260912_215351_529_traffic_scan_env2025_seed0-499_48352cd1,232,2,40,0,1
20260912_215351_529_traffic_scan_env2025_seed0-499_48352cd1,232,2,43,0,2
20260912_215351_529_traffic_scan_env2025_seed0-499_48352cd1,232,2,44,1,1
20260912_215351_529_traffic_scan_env2025_seed0-499_48352cd1,232,2,47,1,1
20260912_215351_529_traffic_scan_env2025_seed0-499_48352cd1,232,2,48,0,1
20260912_215351_529_traffic_scan_env2025_seed0-499_48352cd1,232,2,49,0,1
20260912_215351_529_traffic_scan_env2025_seed0-499_48352cd1,232,2,50,0,2
20260912_215351_529_traffic_scan_env2025_seed0-499_48352cd1,232,2,51,0,2
20260912_215351_529_traffic_scan_env2025_seed0-499_48352cd1,232,2,52,0,1
20260912_215351_529_traffic_scan_env2025_seed0-499_48352cd1,232,2,53,0,1
20260912_215351_529_traffic_scan_env2025_seed0-499_48352cd1,232,2,54,0,2
20260912_215351_529_traffic_scan_env2025_seed0-499_48352cd1,232,2,57,0,1
20260912_215351_529_traffic_scan_env2025_seed0-499_48352cd1,232,2,58,0,1
20260912_215351_529_traffic_scan_env2025_seed0-499_48352cd1,232,3,0,0,1
20260912_215351_529_traffic_scan_env2025_seed0-499_48352cd1,232,3,10,0,1
20260912_215351_529_traffic_scan_env2025_seed0-499_48352cd1,232,3,11,0,2
20260912_215351_529_traffic_scan_env2025_seed0-499_48352cd1,232,3,14,1,1
20260912_215351_529_traffic_scan_env2025_seed0-499_48352cd1,232,3,19,0,1
20260912_215351_529_traffic_scan_env2025_seed0-499_48352cd1,232,3,20,1,1
20260912_215351_529_traffic_scan_env2025_seed0-499_48352cd1,232,3,21,1,1
20260912_215351_529_traffic_scan_env2025_seed0-499_48352cd1,232,3,22,1,1
20260912_215351_529_traffic_scan_env2025_seed0-499_48352cd1,232,3,23,1,1
20260912_215351_529_traffic_scan_env2025_seed0-499_48352cd1,232,3,26,1,1
20260912_215351_529_traffic_scan_env2025_seed0-499_48352cd1,232,3,27,0,1
20260912_215351_529_traffic_scan_env2025_seed0-499_48352cd1,232,3,27,1,1
20260912_215351_529_traffic_scan_env2025_seed0-499_48352cd1,232,3,28,0,1
20260912_215351_529_traffic_scan_env2025_seed0-499_48352cd1,232,3,28,1,1
20260912_215351_529_traffic_scan_env2025_seed0-499_48352cd1,232,3,29,1,1
20260912_215351_529_traffic_scan_env2025_seed0-499_48352cd1,232,3,30,0,1
20260912_215351_529_traffic_scan_env2025_seed0-499_48352cd1,232,3,30,1,1
20260912_215351_529_traffic_scan_env2025_seed0-499_48352cd1,232,3,31,0,1
20260912_215351_529_traffic_scan_env2025_seed0-499_48352cd1,232,3,31,1,1
20260912_215351_529_traffic_scan_env2025_seed0-499_48352cd1,232,3,32,1,1
20260912_215351_529_traffic_scan_env2025_seed0-499_48352cd1,232,3,33,0,1
20260912_215351_529_traffic_scan_env2025_seed0-499_48352cd1,232,3,33,1,1
20260912_215351_529_traffic_scan_env2025_seed0-499_48352cd1,232,3,34,1,1
20260912_215351_529_traffic_scan_env2025_seed0-499_48352cd1,232,3,35,1,1
20260912_215351_529_traffic_scan_env2025_seed0-499_48352cd1,232,3,36,1,1
20260912_215351_529_traffic_scan_env2025_seed0-499_48352cd1,232,3,37,1,1
20260912_215351_529_traffic_scan_env2025_seed0-499_48352cd1,232,3,38,0,1
20260912_215351_529_traffic_scan_env2025_seed0-499_48352cd1,232,3,38,1,1
20260912_215351_529_traffic_scan_env2025_seed0-499_48352cd1,232,3,39,1,1
20260912_215351_529_traffic_scan_env2025_seed0-499_48352cd1,232,3,40,1,1
20260912_215351_529_traffic_scan_env2025_seed0-499_48352cd1,232,3,41,0,2
20260912_215351_529_traffic_scan_env2025_seed0-499_48352cd1,232,3,41,1,1
20260912_215351_529_traffic_scan_env2025_seed0-499_48352cd1,232,3,42,0,1
20260912_215351_529_traffic_scan_env2025_seed0-499_48352cd1,232,3,42,1,1
20260912_215351_529_traffic_scan_env2025_seed0-499_48352cd1,232,3,43,0,1
20260912_215351_529_traffic_scan_env2025_seed0-499_48352cd1,232,3,43,1,2
20260912_215351_529_traffic_scan_env2025_seed0-499_48352cd1,232,3,44,1,1
20260912_215351_529_traffic_scan_env2025_seed0-499_48352cd1,232,3,45,1,1
20260912_215351_529_traffic_scan_env2025_seed0-499_48352cd1,232,3,46,1,1
20260912_215351_529_traffic_scan_env2025_seed0-499_48352cd1,232,3,50,0,2
20260912_215351_529_traffic_scan_env2025_seed0-499_48352cd1,232,3,54,0,1
20260912_215351_529_traffic_scan_env2025_seed0-499_48352cd1,232,3,57,0,1
20260912_215351_529_traffic_scan_env2025_seed0-499_48352cd1,232,3,58,0,1
20260912_215351_529_traffic_scan_env2025_seed0-499_48352cd1,232,4,1,0,1
20260912_215351_529_traffic_scan_env2025_seed0-499_48352cd1,232,4,11,0,3
20260912_215351_529_traffic_scan_env2025_seed0-499_48352cd1,232,4,13,2,1
20260912_215351_529_traffic_scan_env2025_seed0-499_48352cd1,232,4,14,0,2
20260912_215351_529_traffic_scan_env2025_seed0-499_48352cd1,232,4,18,0,1
20260912_215351_529_traffic_scan_env2025_seed0-499_48352cd1,232,4,19,1,1
20260912_215351_529_traffic_scan_env2025_seed0-499_48352cd1,232,4,24,1,1
20260912_215351_529_traffic_scan_env2025_seed0-499_48352cd1,232,4,25,1,1
20260912_215351_529_traffic_scan_env2025_seed0-499_48352cd1,232,4,26,0,1
20260912_215351_529_traffic_scan_env2025_seed0-499_48352cd1,232,4,28,0,1
20260912_215351_529_traffic_scan_env2025_seed0-499_48352cd1,232,4,29,0,1
20260912_215351_529_traffic_scan_env2025_seed0-499_48352cd1,232,4,31,0,2
20260912_215351_529_traffic_scan_env2025_seed0-499_48352cd1,232,4,34,1,1
20260912_215351_529_traffic_scan_env2025_seed0-499_48352cd1,232,4,38,0,1
20260912_215351_529_traffic_scan_env2025_seed0-499_48352cd1,232,4,40,0,1
20260912_215351_529_traffic_scan_env2025_seed0-499_48352cd1,232,4,41,0,1
20260912_215351_529_traffic_scan_env2025_seed0-499_48352cd1,232,4,42,0,1
20260912_215351_529_traffic_scan_env2025_seed0-499_48352cd1,232,4,42,1,1
20260912_215351_529_traffic_scan_env2025_seed0-499_48352cd1,232,4,43,0,1
20260912_215351_529_traffic_scan_env2025_seed0-499_48352cd1,232,4,44,0,1
20260912_215351_529_traffic_scan_env2025_seed0-499_48352cd1,232,4,49,0,1
20260912_215351_529_traffic_scan_env2025_seed0-499_48352cd1,232,4,50,0,2
20260912_215351_529_traffic_scan_env2025_seed0-499_48352cd1,232,4,51,0,1
20260912_215351_529_traffic_scan_env2025_seed0-499_48352cd1,232,4,52,0,2
20260912_215351_529_traffic_scan_env2025_seed0-499_48352cd1,232,4,53,0,1
20260912_215351_529_traffic_scan_env2025_seed0-499_48352cd1,232,4,54,0,2
20260912_215351_529_traffic_scan_env2025_seed0-499_48352cd1,232,4,57,0,1
20260912_215351_529_traffic_scan_env2025_seed0-499_48352cd1,232,4,58,0,1
20260912_215351_529_traffic_scan_env2025_seed0-499_48352cd1,232,5,2,0,2
20260912_215351_529_traffic_scan_env2025_seed0-499_48352cd1,232,5,3,0,1
20260912_215351_529_traffic_scan_env2025_seed0-499_48352cd1,232,5,4,0,2
20260912_215351_529_traffic_scan_env2025_seed0-499_48352cd1,232,5,5,0,1
20260912_215351_529_traffic_scan_env2025_seed0-499_48352cd1,232,5,6,0,1
20260912_215351_529_traffic_scan_env2025_seed0-499_48352cd1,232,5,7,0,1
20260912_215351_529_traffic_scan_env2025_seed0-499_48352cd1,232,5,10,0,1
20260912_215351_529_traffic_scan_env2025_seed0-499_48352cd1,232,5,12,0,3
20260912_215351_529_traffic_scan_env2025_seed0-499_48352cd1,232,5,12,1,1
20260912_215351_529_traffic_scan_env2025_seed0-499_48352cd1,232,5,13,0,1
20260912_215351_529_traffic_scan_env2025_seed0-499_48352cd1,232,5,14,0,1
20260912_215351_529_traffic_scan_env2025_seed0-499_48352cd1,232,5,15,0,2
20260912_215351_529_traffic_scan_env2025_seed0-499_48352cd1,232,5,17,0,1
20260912_215351_529_traffic_scan_env2025_seed0-499_48352cd1,232,5,18,1,1
20260912_215351_529_traffic_scan_env2025_seed0-499_48352cd1,232,5,19,0,1
20260912_215351_529_traffic_scan_env2025_seed0-499_48352cd1,232,5,26,0,1
20260912_215351_529_traffic_scan_env2025_seed0-499_48352cd1,232,5,29,0,1
20260912_215351_529_traffic_scan_env2025_seed0-499_48352cd1,232,5,30,0,2
20260912_215351_529_traffic_scan_env2025_seed0-499_48352cd1,232,5,31,0,2
20260912_215351_529_traffic_scan_env2025_seed0-499_48352cd1,232,5,34,0,1
20260912_215351_529_traffic_scan_env2025_seed0-499_48352cd1,232,5,39,1,2
20260912_215351_529_traffic_scan_env2025_seed0-499_48352cd1,232,5,40,0,1
20260912_215351_529_traffic_scan_env2025_seed0-499_48352cd1,232,5,41,2,2
20260912_215351_529_traffic_scan_env2025_seed0-499_48352cd1,232,5,42,2,1
20260912_215351_529_traffic_scan_env2025_seed0-499_48352cd1,232,5,43,0,2
20260912_215351_529_traffic_scan_env2025_seed0-499_48352cd1,232,5,43,1,1
20260912_215351_529_traffic_scan_env2025_seed0-499_48352cd1,232,5,44,0,1
20260912_215351_529_traffic_scan_env2025_seed0-499_48352cd1,232,5,44,1,1
20260912_215351_529_traffic_scan_env2025_seed0-499_48352cd1,232,5,45,1,1
20260912_215351_529_traffic_scan_env2025_seed0-499_48352cd1,232,5,46,1,1
20260912_215351_529_traffic_scan_env2025_seed0-499_48352cd1,232,5,47,1,1
20260912_215351_529_traffic_scan_env2025_seed0-499_48352cd1,232,5,48,0,3
20260912_215351_529_traffic_scan_env2025_seed0-499_48352cd1,232,5,48,1,1
20260912_215351_529_traffic_scan_env2025_seed0-499_48352cd1,232,5,49,0,3
20260912_215351_529_traffic_scan_env2025_seed0-499_48352cd1,232,5,50,0,3
20260912_215351_529_traffic_scan_env2025_seed0-499_48352cd1,232,5,51,0,2
20260912_215351_529_traffic_scan_env2025_seed0-499_48352cd1,232,5,53,0,2
20260912_215351_529_traffic_scan_env2025_seed0-499_48352cd1,232,5,55,0,1
20260912_215351_529_traffic_scan_env2025_seed0-499_48352cd1,232,5,57,0,1
20260912_215351_529_traffic_scan_env2025_seed0-499_48352cd1,232,5,58,0,1
20260912_215351_529_traffic_scan_env2025_seed0-499_48352cd1,232,6,3,0,1
20260912_215351_529_traffic_scan_env2025_seed0-499_48352cd1,232,6,4,0,2
20260912_215351_529_traffic_scan_env2025_seed0-499_48352cd1,232,6,7,0,1
20260912_215351_529_traffic_scan_env2025_seed0-499_48352cd1,232,6,8,0,1
20260912_215351_529_traffic_scan_env2025_seed0-499_48352cd1,232,6,9,0,1
20260912_215351_529_traffic_scan_env2025_seed0-499_48352cd1,232,6,10,0,1
20260912_215351_529_traffic_scan_env2025_seed0-499_48352cd1,232,6,10,1,1
20260912_215351_529_traffic_scan_env2025_seed0-499_48352cd1,232,6,11,1,1
20260912_215351_529_traffic_scan_env2025_seed0-499_48352cd1,232,6,12,0,1
20260912_215351_529_traffic_scan_env2025_seed0-499_48352cd1,232,6,13,0,2
20260912_215351_529_traffic_scan_env2025_seed0-499_48352cd1,232,6,14,0,1
20260912_215351_529_traffic_scan_env2025_seed0-499_48352cd1,232,6,16,0,3
20260912_215351_529_traffic_scan_env2025_seed0-499_48352cd1,232,6,16,1,1
20260912_215351_529_traffic_scan_env2025_seed0-499_48352cd1,232,6,17,1,1
20260912_215351_529_traffic_scan_env2025_seed0-499_48352cd1,232,6,19,0,1
20260912_215351_529_traffic_scan_env2025_seed0-499_48352cd1,232,6,22,2,1
20260912_215351_529_traffic_scan_env2025_seed0-499_48352cd1,232,6,23,1,1
20260912_215351_529_traffic_scan_env2025_seed0-499_48352cd1,232,6,24,1,1
20260912_215351_529_traffic_scan_env2025_seed0-499_48352cd1,232,6,25,1,1
20260912_215351_529_traffic_scan_env2025_seed0-499_48352cd1,232,6,26,0,1
20260912_215351_529_traffic_scan_env2025_seed0-499_48352cd1,232,6,26,1,1
20260912_215351_529_traffic_scan_env2025_seed0-499_48352cd1,232,6,27,1,1
20260912_215351_529_traffic_scan_env2025_seed0-499_48352cd1,232,6,28,1,1
20260912_215351_529_traffic_scan_env2025_seed0-499_48352cd1,232,6,29,0,1
20260912_215351_529_traffic_scan_env2025_seed0-499_48352cd1,232,6,29,1,1
20260912_215351_529_traffic_scan_env2025_seed0-499_48352cd1,232,6,30,0,1
20260912_215351_529_traffic_scan_env2025_seed0-499_48352cd1,232,6,30,1,1
20260912_215351_529_traffic_scan_env2025_seed0-499_48352cd1,232,6,31,0,3
20260912_215351_529_traffic_scan_env2025_seed0-499_48352cd1,232,6,31,1,1
20260912_215351_529_traffic_scan_env2025_seed0-499_48352cd1,232,6,32,2,1
20260912_215351_529_traffic_scan_env2025_seed0-499_48352cd1,232,6,33,0,1
20260912_215351_529_traffic_scan_env2025_seed0-499_48352cd1,232,6,33,1,1
20260912_215351_529_traffic_scan_env2025_seed0-499_48352cd1,232,6,34,1,1
20260912_215351_529_traffic_scan_env2025_seed0-499_48352cd1,232,6,35,1,1
20260912_215351_529_traffic_scan_env2025_seed0-499_48352cd1,232,6,36,1,1
20260912_215351_529_traffic_scan_env2025_seed0-499_48352cd1,232,6,37,2,1
20260912_215351_529_traffic_scan_env2025_seed0-499_48352cd1,232,6,38,2,2
20260912_215351_529_traffic_scan_env2025_seed0-499_48352cd1,232,6,39,0,1
20260912_215351_529_traffic_scan_env2025_seed0-499_48352cd1,232,6,39,1,2
20260912_215351_529_traffic_scan_env2025_seed0-499_48352cd1,232,6,40,1,2
20260912_215351_529_traffic_scan_env2025_seed0-499_48352cd1,232,6,43,0,1
20260912_215351_529_traffic_scan_env2025_seed0-499_48352cd1,232,6,44,0,3
20260912_215351_529_traffic_scan_env2025_seed0-499_48352cd1,232,6,44,1,1
20260912_215351_529_traffic_scan_env2025_seed0-499_48352cd1,232,6,45,1,1
20260912_215351_529_traffic_scan_env2025_seed0-499_48352cd1,232,6,46,0,1
20260912_215351_529_traffic_scan_env2025_seed0-499_48352cd1,232,6,46,1,1
20260912_215351_529_traffic_scan_env2025_seed0-499_48352cd1,232,6,47,0,2
20260912_215351_529_traffic_scan_env2025_seed0-499_48352cd1,232,6,47,1,1
20260912_215351_529_traffic_scan_env2025_seed0-499_48352cd1,232,6,48,0,4
20260912_215351_529_traffic_scan_env2025_seed0-499_48352cd1,232,6,49,0,2
20260912_215351_529_traffic_scan_env2025_seed0-499_48352cd1,232,6,50,0,3
20260912_215351_529_traffic_scan_env2025_seed0-499_48352cd1,232,6,51,0,2
20260912_215351_529_traffic_scan_env2025_seed0-499_48352cd1,232,6,52,0,2
20260912_215351_529_traffic_scan_env2025_seed0-499_48352cd1,232,6,53,0,2
20260912_215351_529_traffic_scan_env2025_seed0-499_48352cd1,232,6,54,0,3
20260912_215351_529_traffic_scan_env2025_seed0-499_48352cd1,232,6,55,0,1
20260912_215351_529_traffic_scan_env2025_seed0-499_48352cd1,232,6,56,0,1
20260912_215351_529_traffic_scan_env2025_seed0-499_48352cd1,232,6,57,1,1
20260912_215351_529_traffic_scan_env2025_seed0-499_48352cd1,232,6,58,0,1
20260912_215351_529_traffic_scan_env2025_seed0-499_48352cd1,232,7,3,0,2
20260912_215351_529_traffic_scan_env2025_seed0-499_48352cd1,232,7,5,0,1
20260912_215351_529_traffic_scan_env2025_seed0-499_48352cd1,232,7,8,0,1
20260912_215351_529_traffic_scan_env2025_seed0-499_48352cd1,232,7,9,1,1
20260912_215351_529_traffic_scan_env2025_seed0-499_48352cd1,232,7,10,0,2
20260912_215351_529_traffic_scan_env2025_seed0-499_48352cd1,232,7,11,0,1
20260912_215351_529_traffic_scan_env2025_seed0-499_48352cd1,232,7,14,0,3
20260912_215351_529_traffic_scan_env2025_seed0-499_48352cd1,232,7,15,0,2
20260912_215351_529_traffic_scan_env2025_seed0-499_48352cd1,232,7,16,1,2
20260912_215351_529_traffic_scan_env2025_seed0-499_48352cd1,232,7,17,0,2
20260912_215351_529_traffic_scan_env2025_seed0-499_48352cd1,232,7,17,1,2
20260912_215351_529_traffic_scan_env2025_seed0-499_48352cd1,232,7,18,2,1
20260912_215351_529_traffic_scan_env2025_seed0-499_48352cd1,232,7,19,0,2
20260912_215351_529_traffic_scan_env2025_seed0-499_48352cd1,232,7,19,1,1
20260912_215351_529_traffic_scan_env2025_seed0-499_48352cd1,232,7,20,2,1
20260912_215351_529_traffic_scan_env2025_seed0-499_48352cd1,232,7,21,3,1
20260912_215351_529_traffic_scan_env2025_seed0-499_48352cd1,232,7,26,0,1
20260912_215351_529_traffic_scan_env2025_seed0-499_48352cd1,232,7,28,1,1
20260912_215351_529_traffic_scan_env2025_seed0-499_48352cd1,232,7,29,0,1
20260912_215351_529_traffic_scan_env2025_seed0-499_48352cd1,232,7,31,0,4
20260912_215351_529_traffic_scan_env2025_seed0-499_48352cd1,232,7,33,0,1
20260912_215351_529_traffic_scan_env2025_seed0-499_48352cd1,232,7,37,2,1
20260912_215351_529_traffic_scan_env2025_seed0-499_48352cd1,232,7,38,2,1
20260912_215351_529_traffic_scan_env2025_seed0-499_48352cd1,232,7,39,0,1
20260912_215351_529_traffic_scan_env2025_seed0-499_48352cd1,232,7,39,1,1
20260912_215351_529_traffic_scan_env2025_seed0-499_48352cd1,232,7,43,0,4
20260912_215351_529_traffic_scan_env2025_seed0-499_48352cd1,232,7,43,1,1
20260912_215351_529_traffic_scan_env2025_seed0-499_48352cd1,232,7,44,0,1
20260912_215351_529_traffic_scan_env2025_seed0-499_48352cd1,232,7,45,0,2
20260912_215351_529_traffic_scan_env2025_seed0-499_48352cd1,232,7,46,0,1
20260912_215351_529_traffic_scan_env2025_seed0-499_48352cd1,232,7,47,0,2
20260912_215351_529_traffic_scan_env2025_seed0-499_48352cd1,232,7,48,0,4
20260912_215351_529_traffic_scan_env2025_seed0-499_48352cd1,232,7,50,0,1
20260912_215351_529_traffic_scan_env2025_seed0-499_48352cd1,232,7,54,0,1
20260912_215351_529_traffic_scan_env2025_seed0-499_48352cd1,232,7,57,2,1
20260912_215351_529_traffic_scan_env2025_seed0-499_48352cd1,232,7,58,1,1
20260912_215351_529_traffic_scan_env2025_seed0-499_48352cd1,232,7,59,0,1
20260912_215351_529_traffic_scan_env2025_seed0-499_48352cd1,232,8,2,0,1
20260912_215351_529_traffic_scan_env2025_seed0-499_48352cd1,232,8,3,0,2
20260912_215351_529_traffic_scan_env2025_seed0-499_48352cd1,232,8,4,0,2
20260912_215351_529_traffic_scan_env2025_seed0-499_48352cd1,232,8,5,0,1
20260912_215351_529_traffic_scan_env2025_seed0-499_48352cd1,232,8,6,0,2
20260912_215351_529_traffic_scan_env2025_seed0-499_48352cd1,232,8,7,0,1
20260912_215351_529_traffic_scan_env2025_seed0-499_48352cd1,232,8,8,0,1
20260912_215351_529_traffic_scan_env2025_seed0-499_48352cd1,232,8,8,1,1
20260912_215351_529_traffic_scan_env2025_seed0-499_48352cd1,232,8,9,0,2
20260912_215351_529_traffic_scan_env2025_seed0-499_48352cd1,232,8,11,0,2
20260912_215351_529_traffic_scan_env2025_seed0-499_48352cd1,232,8,12,0,3
20260912_215351_529_traffic_scan_env2025_seed0-499_48352cd1,232,8,14,1,1
20260912_215351_529_traffic_scan_env2025_seed0-499_48352cd1,232,8,15,0,4
20260912_215351_529_traffic_scan_env2025_seed0-499_48352cd1,232,8,15,1,2
20260912_215351_529_traffic_scan_env2025_seed0-499_48352cd1,232,8,18,0,2
20260912_215351_529_traffic_scan_env2025_seed0-499_48352cd1,232,8,18,1,1
20260912_215351_529_traffic_scan_env2025_seed0-499_48352cd1,232,8,19,0,3
20260912_215351_529_traffic_scan_env2025_seed0-499_48352cd1,232,8,26,0,1
20260912_215351_529_traffic_scan_env2025_seed0-499_48352cd1,232,8,27,1,1
20260912_215351_529_traffic_scan_env2025_seed0-499_48352cd1,232,8,30,0,1
20260912_215351_529_traffic_scan_env2025_seed0-499_48352cd1,232,8,32,0,5
20260912_215351_529_traffic_scan_env2025_seed0-499_48352cd1,232,8,33,0,2
20260912_215351_529_traffic_scan_env2025_seed0-499_48352cd1,232,8,34,1,2
20260912_215351_529_traffic_scan_env2025_seed0-499_48352cd1,232,8,36,1,1
20260912_215351_529_traffic_scan_env2025_seed0-499_48352cd1,232,8,37,2,1
20260912_215351_529_traffic_scan_env2025_seed0-499_48352cd1,232,8,38,2,1
20260912_215351_529_traffic_scan_env2025_seed0-499_48352cd1,232,8,39,0,2
20260912_215351_529_traffic_scan_env2025_seed0-499_48352cd1,232,8,39,1,1
20260912_215351_529_traffic_scan_env2025_seed0-499_48352cd1,232,8,40,0,1
20260912_215351_529_traffic_scan_env2025_seed0-499_48352cd1,232,8,40,1,1
20260912_215351_529_traffic_scan_env2025_seed0-499_48352cd1,232,8,41,0,1
20260912_215351_529_traffic_scan_env2025_seed0-499_48352cd1,232,8,41,1,1
20260912_215351_529_traffic_scan_env2025_seed0-499_48352cd1,232,8,42,0,2
20260912_215351_529_traffic_scan_env2025_seed0-499_48352cd1,232,8,42,1,1
20260912_215351_529_traffic_scan_env2025_seed0-499_48352cd1,232,8,43,0,2
20260912_215351_529_traffic_scan_env2025_seed0-499_48352cd1,232,8,46,0,4
20260912_215351_529_traffic_scan_env2025_seed0-499_48352cd1,232,8,49,0,4
20260912_215351_529_traffic_scan_env2025_seed0-499_48352cd1,232,8,50,0,2
20260912_215351_529_traffic_scan_env2025_seed0-499_48352cd1,232,8,54,0,1
20260912_215351_529_traffic_scan_env2025_seed0-499_48352cd1,232,8,57,2,1
20260912_215351_529_traffic_scan_env2025_seed0-499_48352cd1,232,8,58,0,1
20260912_215351_529_traffic_scan_env2025_seed0-499_48352cd1,232,8,58,1,1
20260912_215351_529_traffic_scan_env2025_seed0-499_48352cd1,232,8,59,0,2
20260912_215351_529_traffic_scan_env2025_seed0-499_48352cd1,232,9,3,0,1
20260912_215351_529_traffic_scan_env2025_seed0-499_48352cd1,232,9,4,0,1
20260912_215351_529_traffic_scan_env2025_seed0-499_48352cd1,232,9,7,0,1
20260912_215351_529_traffic_scan_env2025_seed0-499_48352cd1,232,9,7,1,1
20260912_215351_529_traffic_scan_env2025_seed0-499_48352cd1,232,9,8,0,1
20260912_215351_529_traffic_scan_env2025_seed0-499_48352cd1,232,9,9,0,2
20260912_215351_529_traffic_scan_env2025_seed0-499_48352cd1,232,9,10,0,2
20260912_215351_529_traffic_scan_env2025_seed0-499_48352cd1,232,9,10,1,1
20260912_215351_529_traffic_scan_env2025_seed0-499_48352cd1,232,9,11,0,2
20260912_215351_529_traffic_scan_env2025_seed0-499_48352cd1,232,9,11,1,1
20260912_215351_529_traffic_scan_env2025_seed0-499_48352cd1,232,9,12,0,4
20260912_215351_529_traffic_scan_env2025_seed0-499_48352cd1,232,9,12,1,2
20260912_215351_529_traffic_scan_env2025_seed0-499_48352cd1,232,9,13,2,1
20260912_215351_529_traffic_scan_env2025_seed0-499_48352cd1,232,9,14,1,4
20260912_215351_529_traffic_scan_env2025_seed0-499_48352cd1,232,9,15,0,2
20260912_215351_529_traffic_scan_env2025_seed0-499_48352cd1,232,9,15,1,1
20260912_215351_529_traffic_scan_env2025_seed0-499_48352cd1,232,9,16,0,2
20260912_215351_529_traffic_scan_env2025_seed0-499_48352cd1,232,9,16,1,1
20260912_215351_529_traffic_scan_env2025_seed0-499_48352cd1,232,9,17,1,1
20260912_215351_529_traffic_scan_env2025_seed0-499_48352cd1,232,9,18,1,1
20260912_215351_529_traffic_scan_env2025_seed0-499_48352cd1,232,9,19,0,4
20260912_215351_529_traffic_scan_env2025_seed0-499_48352cd1,232,9,19,1,2
20260912_215351_529_traffic_scan_env2025_seed0-499_48352cd1,232,9,20,0,1
20260912_215351_529_traffic_scan_env2025_seed0-499_48352cd1,232,9,20,1,1
20260912_215351_529_traffic_scan_env2025_seed0-499_48352cd1,232,9,21,0,2
20260912_215351_529_traffic_scan_env2025_seed0-499_48352cd1,232,9,21,1,1
20260912_215351_529_traffic_scan_env2025_seed0-499_48352cd1,232,9,22,0,2
20260912_215351_529_traffic_scan_env2025_seed0-499_48352cd1,232,9,22,1,1
20260912_215351_529_traffic_scan_env2025_seed0-499_48352cd1,232,9,23,0,2
20260912_215351_529_traffic_scan_env2025_seed0-499_48352cd1,232,9,23,1,1
20260912_215351_529_traffic_scan_env2025_seed0-499_48352cd1,232,9,24,2,1
20260912_215351_529_traffic_scan_env2025_seed0-499_48352cd1,232,9,25,1,1
20260912_215351_529_traffic_scan_env2025_seed0-499_48352cd1,232,9,26,0,1
20260912_215351_529_traffic_scan_env2025_seed0-499_48352cd1,232,9,26,1,1
20260912_215351_529_traffic_scan_env2025_seed0-499_48352cd1,232,9,27,0,1
20260912_215351_529_traffic_scan_env2025_seed0-499_48352cd1,232,9,29,0,1
20260912_215351_529_traffic_scan_env2025_seed0-499_48352cd1,232,9,31,0,3
20260912_215351_529_traffic_scan_env2025_seed0-499_48352cd1,232,9,35,2,3
20260912_215351_529_traffic_scan_env2025_seed0-499_48352cd1,232,9,36,2,1
20260912_215351_529_traffic_scan_env2025_seed0-499_48352cd1,232,9,37,1,1
20260912_215351_529_traffic_scan_env2025_seed0-499_48352cd1,232,9,38,0,2
20260912_215351_529_traffic_scan_env2025_seed0-499_48352cd1,232,9,38,1,2
20260912_215351_529_traffic_scan_env2025_seed0-499_48352cd1,232,9,39,1,1
20260912_215351_529_traffic_scan_env2025_seed0-499_48352cd1,232,9,40,1,1
20260912_215351_529_traffic_scan_env2025_seed0-499_48352cd1,232,9,41,2,1
20260912_215351_529_traffic_scan_env2025_seed0-499_48352cd1,232,9,42,0,1
20260912_215351_529_traffic_scan_env2025_seed0-499_48352cd1,232,9,42,1,2
20260912_215351_529_traffic_scan_env2025_seed0-499_48352cd1,232,9,43,0,1
20260912_215351_529_traffic_scan_env2025_seed0-499_48352cd1,232,9,43,1,1
20260912_215351_529_traffic_scan_env2025_seed0-499_48352cd1,232,9,44,0,2
20260912_215351_529_traffic_scan_env2025_seed0-499_48352cd1,232,9,44,1,1
20260912_215351_529_traffic_scan_env2025_seed0-499_48352cd1,232,9,45,0,3
20260912_215351_529_traffic_scan_env2025_seed0-499_48352cd1,232,9,45,1,1
20260912_215351_529_traffic_scan_env2025_seed0-499_48352cd1,232,9,46,1,1
20260912_215351_529_traffic_scan_env2025_seed0-499_48352cd1,232,9,47,0,1
20260912_215351_529_traffic_scan_env2025_seed0-499_48352cd1,232,9,48,0,4
20260912_215351_529_traffic_scan_env2025_seed0-499_48352cd1,232,9,49,0,1
20260912_215351_529_traffic_scan_env2025_seed0-499_48352cd1,232,9,50,1,1
20260912_215351_529_traffic_scan_env2025_seed0-499_48352cd1,232,9,53,1,1
20260912_215351_529_traffic_scan_env2025_seed0-499_48352cd1,232,9,57,0,1
20260912_215351_529_traffic_scan_env2025_seed0-499_48352cd1,232,9,57,1,1
20260912_215351_529_traffic_scan_env2025_seed0-499_48352cd1,232,9,58,0,2
20260912_215351_529_traffic_scan_env2025_seed0-499_48352cd1,232,9,58,1,1
20260912_215351_529_traffic_scan_env2025_seed0-499_48352cd1,232,10,3,0,1
20260912_215351_529_traffic_scan_env2025_seed0-499_48352cd1,232,10,4,0,1
20260912_215351_529_traffic_scan_env2025_seed0-499_48352cd1,232,10,6,1,1
20260912_215351_529_traffic_scan_env2025_seed0-499_48352cd1,232,10,8,0,1
20260912_215351_529_traffic_scan_env2025_seed0-499_48352cd1,232,10,9,0,2
20260912_215351_529_traffic_scan_env2025_seed0-499_48352cd1,232,10,10,0,2
20260912_215351_529_traffic_scan_env2025_seed0-499_48352cd1,232,10,11,0,3
20260912_215351_529_traffic_scan_env2025_seed0-499_48352cd1,232,10,11,1,1
20260912_215351_529_traffic_scan_env2025_seed0-499_48352cd1,232,10,12,0,3
20260912_215351_529_traffic_scan_env2025_seed0-499_48352cd1,232,10,13,0,4
20260912_215351_529_traffic_scan_env2025_seed0-499_48352cd1,232,10,13,1,1
20260912_215351_529_traffic_scan_env2025_seed0-499_48352cd1,232,10,14,0,2
20260912_215351_529_traffic_scan_env2025_seed0-499_48352cd1,232,10,15,0,3
20260912_215351_529_traffic_scan_env2025_seed0-499_48352cd1,232,10,16,0,1
20260912_215351_529_traffic_scan_env2025_seed0-499_48352cd1,232,10,17,0,3
20260912_215351_529_traffic_scan_env2025_seed0-499_48352cd1,232,10,18,0,1
20260912_215351_529_traffic_scan_env2025_seed0-499_48352cd1,232,10,19,0,2
20260912_215351_529_traffic_scan_env2025_seed0-499_48352cd1,232,10,20,0,4
20260912_215351_529_traffic_scan_env2025_seed0-499_48352cd1,232,10,20,1,1
20260912_215351_529_traffic_scan_env2025_seed0-499_48352cd1,232,10,24,0,2
20260912_215351_529_traffic_scan_env2025_seed0-499_48352cd1,232,10,25,0,2
20260912_215351_529_traffic_scan_env2025_seed0-499_48352cd1,232,10,25,1,1
20260912_215351_529_traffic_scan_env2025_seed0-499_48352cd1,232,10,26,0,2
20260912_215351_529_traffic_scan_env2025_seed0-499_48352cd1,232,10,26,1,1
20260912_215351_529_traffic_scan_env2025_seed0-499_48352cd1,232,10,28,0,1
20260912_215351_529_traffic_scan_env2025_seed0-499_48352cd1,232,10,29,0,2
20260912_215351_529_traffic_scan_env2025_seed0-499_48352cd1,232,10,30,0,1
20260912_215351_529_traffic_scan_env2025_seed0-499_48352cd1,232,10,31,0,1
20260912_215351_529_traffic_scan_env2025_seed0-499_48352cd1,232,10,32,0,2
20260912_215351_529_traffic_scan_env2025_seed0-499_48352cd1,232,10,32,1,2
20260912_215351_529_traffic_scan_env2025_seed0-499_48352cd1,232,10,33,0,1
20260912_215351_529_traffic_scan_env2025_seed0-499_48352cd1,232,10,34,1,2
20260912_215351_529_traffic_scan_env2025_seed0-499_48352cd1,232,10,35,2,2
20260912_215351_529_traffic_scan_env2025_seed0-499_48352cd1,232,10,36,2,4
20260912_215351_529_traffic_scan_env2025_seed0-499_48352cd1,232,10,37,0,2
20260912_215351_529_traffic_scan_env2025_seed0-499_48352cd1,232,10,37,1,2
20260912_215351_529_traffic_scan_env2025_seed0-499_48352cd1,232,10,40,0,1
20260912_215351_529_traffic_scan_env2025_seed0-499_48352cd1,232,10,41,0,1
20260912_215351_529_traffic_scan_env2025_seed0-499_48352cd1,232,10,42,0,1
20260912_215351_529_traffic_scan_env2025_seed0-499_48352cd1,232,10,42,1,1
20260912_215351_529_traffic_scan_env2025_seed0-499_48352cd1,232,10,43,0,3
20260912_215351_529_traffic_scan_env2025_seed0-499_48352cd1,232,10,44,0,1
20260912_215351_529_traffic_scan_env2025_seed0-499_48352cd1,232,10,46,0,1
20260912_215351_529_traffic_scan_env2025_seed0-499_48352cd1,232,10,47,0,3
20260912_215351_529_traffic_scan_env2025_seed0-499_48352cd1,232,10,48,0,7
20260912_215351_529_traffic_scan_env2025_seed0-499_48352cd1,232,10,49,0,3
20260912_215351_529_traffic_scan_env2025_seed0-499_48352cd1,232,10,50,0,2
20260912_215351_529_traffic_scan_env2025_seed0-499_48352cd1,232,10,50,1,1
20260912_215351_529_traffic_scan_env2025_seed0-499_48352cd1,232,10,51,0,2
20260912_215351_529_traffic_scan_env2025_seed0-499_48352cd1,232,10,52,0,2
20260912_215351_529_traffic_scan_env2025_seed0-499_48352cd1,232,10,53,0,2
20260912_215351_529_traffic_scan_env2025_seed0-499_48352cd1,232,10,53,1,1
20260912_215351_529_traffic_scan_env2025_seed0-499_48352cd1,232,10,54,0,2
20260912_215351_529_traffic_scan_env2025_seed0-499_48352cd1,232,10,55,0,1
20260912_215351_529_traffic_scan_env2025_seed0-499_48352cd1,232,10,56,0,1
20260912_215351_529_traffic_scan_env2025_seed0-499_48352cd1,232,10,57,0,2
20260912_215351_529_traffic_scan_env2025_seed0-499_48352cd1,232,10,57,1,1
20260912_215351_529_traffic_scan_env2025_seed0-499_48352cd1,232,10,58,1,1
20260912_215351_529_traffic_scan_env2025_seed0-499_48352cd1,232,11,3,0,1
20260912_215351_529_traffic_scan_env2025_seed0-499_48352cd1,232,11,4,0,2
20260912_215351_529_traffic_scan_env2025_seed0-499_48352cd1,232,11,5,1,1
20260912_215351_529_traffic_scan_env2025_seed0-499_48352cd1,232,11,9,0,1
20260912_215351_529_traffic_scan_env2025_seed0-499_48352cd1,232,11,11,0,4
20260912_215351_529_traffic_scan_env2025_seed0-499_48352cd1,232,11,11,1,1
20260912_215351_529_traffic_scan_env2025_seed0-499_48352cd1,232,11,12,0,3
20260912_215351_529_traffic_scan_env2025_seed0-499_48352cd1,232,11,14,0,3
20260912_215351_529_traffic_scan_env2025_seed0-499_48352cd1,232,11,14,1,1
20260912_215351_529_traffic_scan_env2025_seed0-499_48352cd1,232,11,15,0,2
20260912_215351_529_traffic_scan_env2025_seed0-499_48352cd1,232,11,18,0,3
20260912_215351_529_traffic_scan_env2025_seed0-499_48352cd1,232,11,21,0,3
20260912_215351_529_traffic_scan_env2025_seed0-499_48352cd1,232,11,21,1,1
20260912_215351_529_traffic_scan_env2025_seed0-499_48352cd1,232,11,22,0,1
20260912_215351_529_traffic_scan_env2025_seed0-499_48352cd1,232,11,22,1,1
20260912_215351_529_traffic_scan_env2025_seed0-499_48352cd1,232,11,24,1,1
20260912_215351_529_traffic_scan_env2025_seed0-499_48352cd1,232,11,26,0,2
20260912_215351_529_traffic_scan_env2025_seed0-499_48352cd1,232,11,27,2,1
20260912_215351_529_traffic_scan_env2025_seed0-499_48352cd1,232,11,29,0,1
20260912_215351_529_traffic_scan_env2025_seed0-499_48352cd1,232,11,31,0,1
20260912_215351_529_traffic_scan_env2025_seed0-499_48352cd1,232,11,32,0,1
20260912_215351_529_traffic_scan_env2025_seed0-499_48352cd1,232,11,32,1,2
20260912_215351_529_traffic_scan_env2025_seed0-499_48352cd1,232,11,33,2,1
20260912_215351_529_traffic_scan_env2025_seed0-499_48352cd1,232,11,34,2,1
20260912_215351_529_traffic_scan_env2025_seed0-499_48352cd1,232,11,35,2,1
20260912_215351_529_traffic_scan_env2025_seed0-499_48352cd1,232,11,36,0,1
20260912_215351_529_traffic_scan_env2025_seed0-499_48352cd1,232,11,36,1,1
20260912_215351_529_traffic_scan_env2025_seed0-499_48352cd1,232,11,37,0,1
20260912_215351_529_traffic_scan_env2025_seed0-499_48352cd1,232,11,37,1,2
20260912_215351_529_traffic_scan_env2025_seed0-499_48352cd1,232,11,38,1,1
20260912_215351_529_traffic_scan_env2025_seed0-499_48352cd1,232,11,39,0,1
20260912_215351_529_traffic_scan_env2025_seed0-499_48352cd1,232,11,42,0,2
20260912_215351_529_traffic_scan_env2025_seed0-499_48352cd1,232,11,42,1,3
20260912_215351_529_traffic_scan_env2025_seed0-499_48352cd1,232,11,43,0,2
20260912_215351_529_traffic_scan_env2025_seed0-499_48352cd1,232,11,43,1,1
20260912_215351_529_traffic_scan_env2025_seed0-499_48352cd1,232,11,44,1,1
20260912_215351_529_traffic_scan_env2025_seed0-499_48352cd1,232,11,45,1,1
20260912_215351_529_traffic_scan_env2025_seed0-499_48352cd1,232,11,47,0,2
20260912_215351_529_traffic_scan_env2025_seed0-499_48352cd1,232,11,48,0,6
20260912_215351_529_traffic_scan_env2025_seed0-499_48352cd1,232,11,49,0,1
20260912_215351_529_traffic_scan_env2025_seed0-499_48352cd1,232,11,50,0,1
20260912_215351_529_traffic_scan_env2025_seed0-499_48352cd1,232,11,50,1,1
20260912_215351_529_traffic_scan_env2025_seed0-499_48352cd1,232,11,53,0,2
20260912_215351_529_traffic_scan_env2025_seed0-499_48352cd1,232,11,53,1,1
20260912_215351_529_traffic_scan_env2025_seed0-499_48352cd1,232,11,54,0,2
20260912_215351_529_traffic_scan_env2025_seed0-499_48352cd1,232,11,55,0,1
20260912_215351_529_traffic_scan_env2025_seed0-499_48352cd1,232,11,56,0,2
20260912_215351_529_traffic_scan_env2025_seed0-499_48352cd1,232,11,57,1,1
20260912_215351_529_traffic_scan_env2025_seed0-499_48352cd1,232,11,58,1,1
20260912_215351_529_traffic_scan_env2025_seed0-499_48352cd1,232,12,3,0,1
20260912_215351_529_traffic_scan_env2025_seed0-499_48352cd1,232,12,4,0,1
20260912_215351_529_traffic_scan_env2025_seed0-499_48352cd1,232,12,4,1,1
20260912_215351_529_traffic_scan_env2025_seed0-499_48352cd1,232,12,5,0,1
20260912_215351_529_traffic_scan_env2025_seed0-499_48352cd1,232,12,9,0,1
20260912_215351_529_traffic_scan_env2025_seed0-499_48352cd1,232,12,10,0,2
20260912_215351_529_traffic_scan_env2025_seed0-499_48352cd1,232,12,11,0,2
20260912_215351_529_traffic_scan_env2025_seed0-499_48352cd1,232,12,11,1,1
20260912_215351_529_traffic_scan_env2025_seed0-499_48352cd1,232,12,12,0,3
20260912_215351_529_traffic_scan_env2025_seed0-499_48352cd1,232,12,13,0,3
20260912_215351_529_traffic_scan_env2025_seed0-499_48352cd1,232,12,15,0,5
20260912_215351_529_traffic_scan_env2025_seed0-499_48352cd1,232,12,15,1,1
20260912_215351_529_traffic_scan_env2025_seed0-499_48352cd1,232,12,16,0,1
20260912_215351_529_traffic_scan_env2025_seed0-499_48352cd1,232,12,17,0,1
20260912_215351_529_traffic_scan_env2025_seed0-499_48352cd1,232,12,18,0,5
20260912_215351_529_traffic_scan_env2025_seed0-499_48352cd1,232,12,21,1,1
20260912_215351_529_traffic_scan_env2025_seed0-499_48352cd1,232,12,22,0,2
20260912_215351_529_traffic_scan_env2025_seed0-499_48352cd1,232,12,22,1,1
20260912_215351_529_traffic_scan_env2025_seed0-499_48352cd1,232,12,23,0,1
20260912_215351_529_traffic_scan_env2025_seed0-499_48352cd1,232,12,23,1,3
20260912_215351_529_traffic_scan_env2025_seed0-499_48352cd1,232,12,24,1,1
20260912_215351_529_traffic_scan_env2025_seed0-499_48352cd1,232,12,25,2,1
20260912_215351_529_traffic_scan_env2025_seed0-499_48352cd1,232,12,26,0,1
20260912_215351_529_traffic_scan_env2025_seed0-499_48352cd1,232,12,26,1,1
20260912_215351_529_traffic_scan_env2025_seed0-499_48352cd1,232,12,27,0,2
20260912_215351_529_traffic_scan_env2025_seed0-499_48352cd1,232,12,27,1,1
20260912_215351_529_traffic_scan_env2025_seed0-499_48352cd1,232,12,28,0,1
20260912_215351_529_traffic_scan_env2025_seed0-499_48352cd1,232,12,28,1,2
20260912_215351_529_traffic_scan_env2025_seed0-499_48352cd1,232,12,29,0,1
20260912_215351_529_traffic_scan_env2025_seed0-499_48352cd1,232,12,29,1,1
20260912_215351_529_traffic_scan_env2025_seed0-499_48352cd1,232,12,30,1,1
20260912_215351_529_traffic_scan_env2025_seed0-499_48352cd1,232,12,31,0,1
20260912_215351_529_traffic_scan_env2025_seed0-499_48352cd1,232,12,31,1,1
20260912_215351_529_traffic_scan_env2025_seed0-499_48352cd1,232,12,32,0,2
20260912_215351_529_traffic_scan_env2025_seed0-499_48352cd1,232,12,32,1,4
20260912_215351_529_traffic_scan_env2025_seed0-499_48352cd1,232,12,33,2,2
20260912_215351_529_traffic_scan_env2025_seed0-499_48352cd1,232,12,34,2,2
20260912_215351_529_traffic_scan_env2025_seed0-499_48352cd1,232,12,35,0,3
20260912_215351_529_traffic_scan_env2025_seed0-499_48352cd1,232,12,35,1,2
20260912_215351_529_traffic_scan_env2025_seed0-499_48352cd1,232,12,36,0,2
20260912_215351_529_traffic_scan_env2025_seed0-499_48352cd1,232,12,36,1,1
20260912_215351_529_traffic_scan_env2025_seed0-499_48352cd1,232,12,37,0,1
20260912_215351_529_traffic_scan_env2025_seed0-499_48352cd1,232,12,37,1,1
20260912_215351_529_traffic_scan_env2025_seed0-499_48352cd1,232,12,38,0,1
20260912_215351_529_traffic_scan_env2025_seed0-499_48352cd1,232,12,38,1,4
20260912_215351_529_traffic_scan_env2025_seed0-499_48352cd1,232,12,39,2,1
20260912_215351_529_traffic_scan_env2025_seed0-499_48352cd1,232,12,40,1,2
20260912_215351_529_traffic_scan_env2025_seed0-499_48352cd1,232,12,41,0,1
20260912_215351_529_traffic_scan_env2025_seed0-499_48352cd1,232,12,41,1,3
20260912_215351_529_traffic_scan_env2025_seed0-499_48352cd1,232,12,42,0,2
20260912_215351_529_traffic_scan_env2025_seed0-499_48352cd1,232,12,42,1,2
20260912_215351_529_traffic_scan_env2025_seed0-499_48352cd1,232,12,43,0,1
20260912_215351_529_traffic_scan_env2025_seed0-499_48352cd1,232,12,43,1,1
20260912_215351_529_traffic_scan_env2025_seed0-499_48352cd1,232,12,44,1,1
20260912_215351_529_traffic_scan_env2025_seed0-499_48352cd1,232,12,45,1,1
20260912_215351_529_traffic_scan_env2025_seed0-499_48352cd1,232,12,46,0,1
20260912_215351_529_traffic_scan_env2025_seed0-499_48352cd1,232,12,46,1,1
20260912_215351_529_traffic_scan_env2025_seed0-499_48352cd1,232,12,47,0,4
20260912_215351_529_traffic_scan_env2025_seed0-499_48352cd1,232,12,47,1,1
20260912_215351_529_traffic_scan_env2025_seed0-499_48352cd1,232,12,48,0,3
20260912_215351_529_traffic_scan_env2025_seed0-499_48352cd1,232,12,48,1,1
20260912_215351_529_traffic_scan_env2025_seed0-499_48352cd1,232,12,49,1,2
20260912_215351_529_traffic_scan_env2025_seed0-499_48352cd1,232,12,50,0,1
20260912_215351_529_traffic_scan_env2025_seed0-499_48352cd1,232,12,50,1,1
20260912_215351_529_traffic_scan_env2025_seed0-499_48352cd1,232,12,51,0,2
20260912_215351_529_traffic_scan_env2025_seed0-499_48352cd1,232,12,52,0,2
20260912_215351_529_traffic_scan_env2025_seed0-499_48352cd1,232,12,53,0,1
20260912_215351_529_traffic_scan_env2025_seed0-499_48352cd1,232,12,53,1,1
20260912_215351_529_traffic_scan_env2025_seed0-499_48352cd1,232,12,55,0,2
20260912_215351_529_traffic_scan_env2025_seed0-499_48352cd1,232,12,57,1,1
20260912_215351_529_traffic_scan_env2025_seed0-499_48352cd1,232,12,58,0,1
20260912_215351_529_traffic_scan_env2025_seed0-499_48352cd1,232,12,58,1,1
20260912_215351_529_traffic_scan_env2025_seed0-499_48352cd1,232,13,3,0,2
20260912_215351_529_traffic_scan_env2025_seed0-499_48352cd1,232,13,4,1,1
20260912_215351_529_traffic_scan_env2025_seed0-499_48352cd1,232,13,6,0,1
20260912_215351_529_traffic_scan_env2025_seed0-499_48352cd1,232,13,9,0,3
20260912_215351_529_traffic_scan_env2025_seed0-499_48352cd1,232,13,11,0,1
20260912_215351_529_traffic_scan_env2025_seed0-499_48352cd1,232,13,11,1,1
20260912_215351_529_traffic_scan_env2025_seed0-499_48352cd1,232,13,12,0,1
20260912_215351_529_traffic_scan_env2025_seed0-499_48352cd1,232,13,13,0,1
20260912_215351_529_traffic_scan_env2025_seed0-499_48352cd1,232,13,14,0,2
20260912_215351_529_traffic_scan_env2025_seed0-499_48352cd1,232,13,15,0,5
20260912_215351_529_traffic_scan_env2025_seed0-499_48352cd1,232,13,16,0,1
20260912_215351_529_traffic_scan_env2025_seed0-499_48352cd1,232,13,16,1,1
20260912_215351_529_traffic_scan_env2025_seed0-499_48352cd1,232,13,18,0,1
20260912_215351_529_traffic_scan_env2025_seed0-499_48352cd1,232,13,19,0,4
20260912_215351_529_traffic_scan_env2025_seed0-499_48352cd1,232,13,20,0,1
20260912_215351_529_traffic_scan_env2025_seed0-499_48352cd1,232,13,23,0,2
20260912_215351_529_traffic_scan_env2025_seed0-499_48352cd1,232,13,23,1,1
20260912_215351_529_traffic_scan_env2025_seed0-499_48352cd1,232,13,24,0,1
20260912_215351_529_traffic_scan_env2025_seed0-499_48352cd1,232,13,24,1,1
20260912_215351_529_traffic_scan_env2025_seed0-499_48352cd1,232,13,26,0,2
20260912_215351_529_traffic_scan_env2025_seed0-499_48352cd1,232,13,29,0,1
20260912_215351_529_traffic_scan_env2025_seed0-499_48352cd1,232,13,29,1,2
20260912_215351_529_traffic_scan_env2025_seed0-499_48352cd1,232,13,31,0,2
20260912_215351_529_traffic_scan_env2025_seed0-499_48352cd1,232,13,31,1,1
20260912_215351_529_traffic_scan_env2025_seed0-499_48352cd1,232,13,32,1,3
20260912_215351_529_traffic_scan_env2025_seed0-499_48352cd1,232,13,33,0,2
20260912_215351_529_traffic_scan_env2025_seed0-499_48352cd1,232,13,33,1,1
20260912_215351_529_traffic_scan_env2025_seed0-499_48352cd1,232,13,34,0,3
20260912_215351_529_traffic_scan_env2025_seed0-499_48352cd1,232,13,34,1,1
20260912_215351_529_traffic_scan_env2025_seed0-499_48352cd1,232,13,38,2,1
20260912_215351_529_traffic_scan_env2025_seed0-499_48352cd1,232,13,39,1,3
20260912_215351_529_traffic_scan_env2025_seed0-499_48352cd1,232,13,40,0,1
20260912_215351_529_traffic_scan_env2025_seed0-499_48352cd1,232,13,40,1,1
20260912_215351_529_traffic_scan_env2025_seed0-499_48352cd1,232,13,41,0,1
20260912_215351_529_traffic_scan_env2025_seed0-499_48352cd1,232,13,42,0,1
20260912_215351_529_traffic_scan_env2025_seed0-499_48352cd1,232,13,42,1,1
20260912_215351_529_traffic_scan_env2025_seed0-499_48352cd1,232,13,43,0,1
20260912_215351_529_traffic_scan_env2025_seed0-499_48352cd1,232,13,45,0,1
20260912_215351_529_traffic_scan_env2025_seed0-499_48352cd1,232,13,46,0,3
20260912_215351_529_traffic_scan_env2025_seed0-499_48352cd1,232,13,48,0,4
20260912_215351_529_traffic_scan_env2025_seed0-499_48352cd1,232,13,48,1,1
20260912_215351_529_traffic_scan_env2025_seed0-499_48352cd1,232,13,50,0,1
20260912_215351_529_traffic_scan_env2025_seed0-499_48352cd1,232,13,50,1,1
20260912_215351_529_traffic_scan_env2025_seed0-499_48352cd1,232,13,52,0,1
20260912_215351_529_traffic_scan_env2025_seed0-499_48352cd1,232,13,52,1,1
20260912_215351_529_traffic_scan_env2025_seed0-499_48352cd1,232,13,54,0,2
20260912_215351_529_traffic_scan_env2025_seed0-499_48352cd1,232,13,57,0,1
20260912_215351_529_traffic_scan_env2025_seed0-499_48352cd1,232,13,57,1,1
20260912_215351_529_traffic_scan_env2025_seed0-499_48352cd1,232,13,58,1,1
20260912_215351_529_traffic_scan_env2025_seed0-499_48352cd1,232,14,2,0,1
20260912_215351_529_traffic_scan_env2025_seed0-499_48352cd1,232,14,3,0,1
20260912_215351_529_traffic_scan_env2025_seed0-499_48352cd1,232,14,4,1,1
20260912_215351_529_traffic_scan_env2025_seed0-499_48352cd1,232,14,7,0,2
20260912_215351_529_traffic_scan_env2025_seed0-499_48352cd1,232,14,8,0,4
20260912_215351_529_traffic_scan_env2025_seed0-499_48352cd1,232,14,9,0,3
20260912_215351_529_traffic_scan_env2025_seed0-499_48352cd1,232,14,11,0,1
20260912_215351_529_traffic_scan_env2025_seed0-499_48352cd1,232,14,11,1,1
20260912_215351_529_traffic_scan_env2025_seed0-499_48352cd1,232,14,12,0,1
20260912_215351_529_traffic_scan_env2025_seed0-499_48352cd1,232,14,13,0,1
20260912_215351_529_traffic_scan_env2025_seed0-499_48352cd1,232,14,16,0,5
20260912_215351_529_traffic_scan_env2025_seed0-499_48352cd1,232,14,17,0,2
20260912_215351_529_traffic_scan_env2025_seed0-499_48352cd1,232,14,17,1,1
20260912_215351_529_traffic_scan_env2025_seed0-499_48352cd1,232,14,18,2,1
20260912_215351_529_traffic_scan_env2025_seed0-499_48352cd1,232,14,19,0,1
20260912_215351_529_traffic_scan_env2025_seed0-499_48352cd1,232,14,20,0,2
20260912_215351_529_traffic_scan_env2025_seed0-499_48352cd1,232,14,22,1,1
20260912_215351_529_traffic_scan_env2025_seed0-499_48352cd1,232,14,24,0,2
20260912_215351_529_traffic_scan_env2025_seed0-499_48352cd1,232,14,25,0,2
20260912_215351_529_traffic_scan_env2025_seed0-499_48352cd1,232,14,25,1,1
20260912_215351_529_traffic_scan_env2025_seed0-499_48352cd1,232,14,26,0,1
20260912_215351_529_traffic_scan_env2025_seed0-499_48352cd1,232,14,29,0,1
20260912_215351_529_traffic_scan_env2025_seed0-499_48352cd1,232,14,30,0,1
20260912_215351_529_traffic_scan_env2025_seed0-499_48352cd1,232,14,30,1,3
20260912_215351_529_traffic_scan_env2025_seed0-499_48352cd1,232,14,31,0,1
20260912_215351_529_traffic_scan_env2025_seed0-499_48352cd1,232,14,31,1,1
20260912_215351_529_traffic_scan_env2025_seed0-499_48352cd1,232,14,32,1,3
20260912_215351_529_traffic_scan_env2025_seed0-499_48352cd1,232,14,33,0,3
20260912_215351_529_traffic_scan_env2025_seed0-499_48352cd1,232,14,33,1,1
20260912_215351_529_traffic_scan_env2025_seed0-499_48352cd1,232,14,37,1,1
20260912_215351_529_traffic_scan_env2025_seed0-499_48352cd1,232,14,38,1,1
20260912_215351_529_traffic_scan_env2025_seed0-499_48352cd1,232,14,39,0,1
20260912_215351_529_traffic_scan_env2025_seed0-499_48352cd1,232,14,39,1,1
20260912_215351_529_traffic_scan_env2025_seed0-499_48352cd1,232,14,40,0,1
20260912_215351_529_traffic_scan_env2025_seed0-499_48352cd1,232,14,40,1,2
20260912_215351_529_traffic_scan_env2025_seed0-499_48352cd1,232,14,42,0,1
20260912_215351_529_traffic_scan_env2025_seed0-499_48352cd1,232,14,42,1,1
20260912_215351_529_traffic_scan_env2025_seed0-499_48352cd1,232,14,43,0,1
20260912_215351_529_traffic_scan_env2025_seed0-499_48352cd1,232,14,44,0,1
20260912_215351_529_traffic_scan_env2025_seed0-499_48352cd1,232,14,45,0,1
20260912_215351_529_traffic_scan_env2025_seed0-499_48352cd1,232,14,46,0,2
20260912_215351_529_traffic_scan_env2025_seed0-499_48352cd1,232,14,47,1,2
20260912_215351_529_traffic_scan_env2025_seed0-499_48352cd1,232,14,48,0,1
20260912_215351_529_traffic_scan_env2025_seed0-499_48352cd1,232,14,48,1,2
20260912_215351_529_traffic_scan_env2025_seed0-499_48352cd1,232,14,49,0,1
20260912_215351_529_traffic_scan_env2025_seed0-499_48352cd1,232,14,51,0,1
20260912_215351_529_traffic_scan_env2025_seed0-499_48352cd1,232,14,51,1,2
20260912_215351_529_traffic_scan_env2025_seed0-499_48352cd1,232,14,53,0,3
20260912_215351_529_traffic_scan_env2025_seed0-499_48352cd1,232,14,56,0,1
20260912_215351_529_traffic_scan_env2025_seed0-499_48352cd1,232,14,57,1,1
20260912_215351_529_traffic_scan_env2025_seed0-499_48352cd1,232,14,58,0,1
20260912_215351_529_traffic_scan_env2025_seed0-499_48352cd1,232,14,58,1,1
20260912_215351_529_traffic_scan_env2025_seed0-499_48352cd1,232,15,3,0,1
20260912_215351_529_traffic_scan_env2025_seed0-499_48352cd1,232,15,4,0,1
20260912_215351_529_traffic_scan_env2025_seed0-499_48352cd1,232,15,4,1,1
20260912_215351_529_traffic_scan_env2025_seed0-499_48352cd1,232,15,7,0,2
20260912_215351_529_traffic_scan_env2025_seed0-499_48352cd1,232,15,10,0,3
20260912_215351_529_traffic_scan_env2025_seed0-499_48352cd1,232,15,11,0,1
20260912_215351_529_traffic_scan_env2025_seed0-499_48352cd1,232,15,11,1,1
20260912_215351_529_traffic_scan_env2025_seed0-499_48352cd1,232,15,13,0,2
20260912_215351_529_traffic_scan_env2025_seed0-499_48352cd1,232,15,16,0,4
20260912_215351_529_traffic_scan_env2025_seed0-499_48352cd1,232,15,17,0,1
20260912_215351_529_traffic_scan_env2025_seed0-499_48352cd1,232,15,18,0,3
20260912_215351_529_traffic_scan_env2025_seed0-499_48352cd1,232,15,19,2,1
20260912_215351_529_traffic_scan_env2025_seed0-499_48352cd1,232,15,21,0,2
20260912_215351_529_traffic_scan_env2025_seed0-499_48352cd1,232,15,21,1,1
20260912_215351_529_traffic_scan_env2025_seed0-499_48352cd1,232,15,24,0,1
20260912_215351_529_traffic_scan_env2025_seed0-499_48352cd1,232,15,25,0,2
20260912_215351_529_traffic_scan_env2025_seed0-499_48352cd1,232,15,26,0,1
20260912_215351_529_traffic_scan_env2025_seed0-499_48352cd1,232,15,26,1,1
20260912_215351_529_traffic_scan_env2025_seed0-499_48352cd1,232,15,27,1,1
20260912_215351_529_traffic_scan_env2025_seed0-499_48352cd1,232,15,29,0,2
20260912_215351_529_traffic_scan_env2025_seed0-499_48352cd1,232,15,29,1,1
20260912_215351_529_traffic_scan_env2025_seed0-499_48352cd1,232,15,30,1,1
20260912_215351_529_traffic_scan_env2025_seed0-499_48352cd1,232,15,31,0,1
20260912_215351_529_traffic_scan_env2025_seed0-499_48352cd1,232,15,31,1,3
20260912_215351_529_traffic_scan_env2025_seed0-499_48352cd1,232,15,32,0,2
20260912_215351_529_traffic_scan_env2025_seed0-499_48352cd1,232,15,32,1,3
20260912_215351_529_traffic_scan_env2025_seed0-499_48352cd1,232,15,34,0,1
20260912_215351_529_traffic_scan_env2025_seed0-499_48352cd1,232,15,37,0,1
20260912_215351_529_traffic_scan_env2025_seed0-499_48352cd1,232,15,37,1,1
20260912_215351_529_traffic_scan_env2025_seed0-499_48352cd1,232,15,38,0,1
20260912_215351_529_traffic_scan_env2025_seed0-499_48352cd1,232,15,38,1,1
20260912_215351_529_traffic_scan_env2025_seed0-499_48352cd1,232,15,39,0,1
20260912_215351_529_traffic_scan_env2025_seed0-499_48352cd1,232,15,41,1,2
20260912_215351_529_traffic_scan_env2025_seed0-499_48352cd1,232,15,42,0,1
20260912_215351_529_traffic_scan_env2025_seed0-499_48352cd1,232,15,42,1,1
20260912_215351_529_traffic_scan_env2025_seed0-499_48352cd1,232,15,43,0,2
20260912_215351_529_traffic_scan_env2025_seed0-499_48352cd1,232,15,44,0,1
20260912_215351_529_traffic_scan_env2025_seed0-499_48352cd1,232,15,45,1,2
20260912_215351_529_traffic_scan_env2025_seed0-499_48352cd1,232,15,46,1,1
20260912_215351_529_traffic_scan_env2025_seed0-499_48352cd1,232,15,47,1,1
20260912_215351_529_traffic_scan_env2025_seed0-499_48352cd1,232,15,48,0,2
20260912_215351_529_traffic_scan_env2025_seed0-499_48352cd1,232,15,48,1,2
20260912_215351_529_traffic_scan_env2025_seed0-499_48352cd1,232,15,50,0,3
20260912_215351_529_traffic_scan_env2025_seed0-499_48352cd1,232,15,50,1,1
20260912_215351_529_traffic_scan_env2025_seed0-499_48352cd1,232,15,51,0,2
20260912_215351_529_traffic_scan_env2025_seed0-499_48352cd1,232,15,51,1,1
20260912_215351_529_traffic_scan_env2025_seed0-499_48352cd1,232,15,52,0,3
20260912_215351_529_traffic_scan_env2025_seed0-499_48352cd1,232,15,55,0,1
20260912_215351_529_traffic_scan_env2025_seed0-499_48352cd1,232,15,57,1,1
20260912_215351_529_traffic_scan_env2025_seed0-499_48352cd1,232,15,58,0,1
20260912_215351_529_traffic_scan_env2025_seed0-499_48352cd1,232,15,58,1,1
20260912_215351_529_traffic_scan_env2025_seed0-499_48352cd1,232,16,4,0,2
20260912_215351_529_traffic_scan_env2025_seed0-499_48352cd1,232,16,4,1,1
20260912_215351_529_traffic_scan_env2025_seed0-499_48352cd1,232,16,7,0,2
20260912_215351_529_traffic_scan_env2025_seed0-499_48352cd1,232,16,11,0,4
20260912_215351_529_traffic_scan_env2025_seed0-499_48352cd1,232,16,12,1,2
20260912_215351_529_traffic_scan_env2025_seed0-499_48352cd1,232,16,13,0,2
20260912_215351_529_traffic_scan_env2025_seed0-499_48352cd1,232,16,13,1,1
20260912_215351_529_traffic_scan_env2025_seed0-499_48352cd1,232,16,14,1,1
20260912_215351_529_traffic_scan_env2025_seed0-499_48352cd1,232,16,15,0,1
20260912_215351_529_traffic_scan_env2025_seed0-499_48352cd1,232,16,15,1,2
20260912_215351_529_traffic_scan_env2025_seed0-499_48352cd1,232,16,16,0,1
20260912_215351_529_traffic_scan_env2025_seed0-499_48352cd1,232,16,16,1,1
20260912_215351_529_traffic_scan_env2025_seed0-499_48352cd1,232,16,17,0,1
20260912_215351_529_traffic_scan_env2025_seed0-499_48352cd1,232,16,17,1,1
20260912_215351_529_traffic_scan_env2025_seed0-499_48352cd1,232,16,18,0,2
20260912_215351_529_traffic_scan_env2025_seed0-499_48352cd1,232,16,18,1,1
20260912_215351_529_traffic_scan_env2025_seed0-499_48352cd1,232,16,19,0,3
20260912_215351_529_traffic_scan_env2025_seed0-499_48352cd1,232,16,19,1,1
20260912_215351_529_traffic_scan_env2025_seed0-499_48352cd1,232,16,20,1,3
20260912_215351_529_traffic_scan_env2025_seed0-499_48352cd1,232,16,21,1,1
20260912_215351_529_traffic_scan_env2025_seed0-499_48352cd1,232,16,22,0,2
20260912_215351_529_traffic_scan_env2025_seed0-499_48352cd1,232,16,22,1,1
20260912_215351_529_traffic_scan_env2025_seed0-499_48352cd1,232,16,23,0,2
20260912_215351_529_traffic_scan_env2025_seed0-499_48352cd1,232,16,23,1,1
20260912_215351_529_traffic_scan_env2025_seed0-499_48352cd1,232,16,24,0,1
20260912_215351_529_traffic_scan_env2025_seed0-499_48352cd1,232,16,24,1,1
20260912_215351_529_traffic_scan_env2025_seed0-499_48352cd1,232,16,25,1,2
20260912_215351_529_traffic_scan_env2025_seed0-499_48352cd1,232,16,26,1,2
20260912_215351_529_traffic_scan_env2025_seed0-499_48352cd1,232,16,27,0,1
20260912_215351_529_traffic_scan_env2025_seed0-499_48352cd1,232,16,27,1,2
20260912_215351_529_traffic_scan_env2025_seed0-499_48352cd1,232,16,28,0,1
20260912_215351_529_traffic_scan_env2025_seed0-499_48352cd1,232,16,28,1,1
20260912_215351_529_traffic_scan_env2025_seed0-499_48352cd1,232,16,29,0,1
20260912_215351_529_traffic_scan_env2025_seed0-499_48352cd1,232,16,29,1,1
20260912_215351_529_traffic_scan_env2025_seed0-499_48352cd1,232,16,30,1,1
20260912_215351_529_traffic_scan_env2025_seed0-499_48352cd1,232,16,31,0,3
20260912_215351_529_traffic_scan_env2025_seed0-499_48352cd1,232,16,31,1,1
20260912_215351_529_traffic_scan_env2025_seed0-499_48352cd1,232,16,32,1,4
20260912_215351_529_traffic_scan_env2025_seed0-499_48352cd1,232,16,35,0,1
20260912_215351_529_traffic_scan_env2025_seed0-499_48352cd1,232,16,36,1,1
20260912_215351_529_traffic_scan_env2025_seed0-499_48352cd1,232,16,37,0,3
20260912_215351_529_traffic_scan_env2025_seed0-499_48352cd1,232,16,37,1,1
20260912_215351_529_traffic_scan_env2025_seed0-499_48352cd1,232,16,38,0,1
20260912_215351_529_traffic_scan_env2025_seed0-499_48352cd1,232,16,42,0,2
20260912_215351_529_traffic_scan_env2025_seed0-499_48352cd1,232,16,42,1,3
20260912_215351_529_traffic_scan_env2025_seed0-499_48352cd1,232,16,43,0,2
20260912_215351_529_traffic_scan_env2025_seed0-499_48352cd1,232,16,44,2,2
20260912_215351_529_traffic_scan_env2025_seed0-499_48352cd1,232,16,45,2,1
20260912_215351_529_traffic_scan_env2025_seed0-499_48352cd1,232,16,47,0,1
20260912_215351_529_traffic_scan_env2025_seed0-499_48352cd1,232,16,47,1,1
20260912_215351_529_traffic_scan_env2025_seed0-499_48352cd1,232,16,48,0,4
20260912_215351_529_traffic_scan_env2025_seed0-499_48352cd1,232,16,48,1,2
20260912_215351_529_traffic_scan_env2025_seed0-499_48352cd1,232,16,49,0,3
20260912_215351_529_traffic_scan_env2025_seed0-499_48352cd1,232,16,49,1,1
20260912_215351_529_traffic_scan_env2025_seed0-499_48352cd1,232,16,51,2,1
20260912_215351_529_traffic_scan_env2025_seed0-499_48352cd1,232,16,52,1,1
20260912_215351_529_traffic_scan_env2025_seed0-499_48352cd1,232,16,53,1,1
20260912_215351_529_traffic_scan_env2025_seed0-499_48352cd1,232,16,54,0,1
20260912_215351_529_traffic_scan_env2025_seed0-499_48352cd1,232,16,56,1,1
20260912_215351_529_traffic_scan_env2025_seed0-499_48352cd1,232,16,58,0,1
20260912_215351_529_traffic_scan_env2025_seed0-499_48352cd1,232,16,58,1,1
20260912_215351_529_traffic_scan_env2025_seed0-499_48352cd1,232,17,4,0,5
20260912_215351_529_traffic_scan_env2025_seed0-499_48352cd1,232,17,4,1,1
20260912_215351_529_traffic_scan_env2025_seed0-499_48352cd1,232,17,6,0,3
20260912_215351_529_traffic_scan_env2025_seed0-499_48352cd1,232,17,7,0,1
20260912_215351_529_traffic_scan_env2025_seed0-499_48352cd1,232,17,9,0,1
20260912_215351_529_traffic_scan_env2025_seed0-499_48352cd1,232,17,10,0,1
20260912_215351_529_traffic_scan_env2025_seed0-499_48352cd1,232,17,11,0,2
20260912_215351_529_traffic_scan_env2025_seed0-499_48352cd1,232,17,12,0,3
20260912_215351_529_traffic_scan_env2025_seed0-499_48352cd1,232,17,12,1,1
20260912_215351_529_traffic_scan_env2025_seed0-499_48352cd1,232,17,13,0,2
20260912_215351_529_traffic_scan_env2025_seed0-499_48352cd1,232,17,15,0,1
20260912_215351_529_traffic_scan_env2025_seed0-499_48352cd1,232,17,15,1,1
20260912_215351_529_traffic_scan_env2025_seed0-499_48352cd1,232,17,16,0,1
20260912_215351_529_traffic_scan_env2025_seed0-499_48352cd1,232,17,18,0,1
20260912_215351_529_traffic_scan_env2025_seed0-499_48352cd1,232,17,18,1,1
20260912_215351_529_traffic_scan_env2025_seed0-499_48352cd1,232,17,20,0,3
20260912_215351_529_traffic_scan_env2025_seed0-499_48352cd1,232,17,20,1,1
20260912_215351_529_traffic_scan_env2025_seed0-499_48352cd1,232,17,21,1,1
20260912_215351_529_traffic_scan_env2025_seed0-499_48352cd1,232,17,22,1,2
20260912_215351_529_traffic_scan_env2025_seed0-499_48352cd1,232,17,26,1,2
20260912_215351_529_traffic_scan_env2025_seed0-499_48352cd1,232,17,27,0,1
20260912_215351_529_traffic_scan_env2025_seed0-499_48352cd1,232,17,27,1,5
20260912_215351_529_traffic_scan_env2025_seed0-499_48352cd1,232,17,28,0,1
20260912_215351_529_traffic_scan_env2025_seed0-499_48352cd1,232,17,28,1,5
20260912_215351_529_traffic_scan_env2025_seed0-499_48352cd1,232,17,29,0,1
20260912_215351_529_traffic_scan_env2025_seed0-499_48352cd1,232,17,29,1,1
20260912_215351_529_traffic_scan_env2025_seed0-499_48352cd1,232,17,30,0,2
20260912_215351_529_traffic_scan_env2025_seed0-499_48352cd1,232,17,30,1,1
20260912_215351_529_traffic_scan_env2025_seed0-499_48352cd1,232,17,31,0,1
20260912_215351_529_traffic_scan_env2025_seed0-499_48352cd1,232,17,32,1,2
20260912_215351_529_traffic_scan_env2025_seed0-499_48352cd1,232,17,33,1,2
20260912_215351_529_traffic_scan_env2025_seed0-499_48352cd1,232,17,35,1,1
20260912_215351_529_traffic_scan_env2025_seed0-499_48352cd1,232,17,36,0,4
20260912_215351_529_traffic_scan_env2025_seed0-499_48352cd1,232,17,36,1,1
20260912_215351_529_traffic_scan_env2025_seed0-499_48352cd1,232,17,41,0,1
20260912_215351_529_traffic_scan_env2025_seed0-499_48352cd1,232,17,42,0,2
20260912_215351_529_traffic_scan_env2025_seed0-499_48352cd1,232,17,42,1,1
20260912_215351_529_traffic_scan_env2025_seed0-499_48352cd1,232,17,43,1,5
20260912_215351_529_traffic_scan_env2025_seed0-499_48352cd1,232,17,44,2,1
20260912_215351_529_traffic_scan_env2025_seed0-499_48352cd1,232,17,46,0,1
20260912_215351_529_traffic_scan_env2025_seed0-499_48352cd1,232,17,47,0,4
20260912_215351_529_traffic_scan_env2025_seed0-499_48352cd1,232,17,47,1,1
20260912_215351_529_traffic_scan_env2025_seed0-499_48352cd1,232,17,48,2,3
20260912_215351_529_traffic_scan_env2025_seed0-499_48352cd1,232,17,51,2,1
20260912_215351_529_traffic_scan_env2025_seed0-499_48352cd1,232,17,52,1,2
20260912_215351_529_traffic_scan_env2025_seed0-499_48352cd1,232,17,56,1,1
20260912_215351_529_traffic_scan_env2025_seed0-499_48352cd1,232,17,58,0,1
20260912_215351_529_traffic_scan_env2025_seed0-499_48352cd1,232,17,58,1,1
20260912_215351_529_traffic_scan_env2025_seed0-499_48352cd1,232,18,5,0,5
20260912_215351_529_traffic_scan_env2025_seed0-499_48352cd1,232,18,5,1,2
20260912_215351_529_traffic_scan_env2025_seed0-499_48352cd1,232,18,6,0,1
20260912_215351_529_traffic_scan_env2025_seed0-499_48352cd1,232,18,7,0,1
20260912_215351_529_traffic_scan_env2025_seed0-499_48352cd1,232,18,8,1,2
20260912_215351_529_traffic_scan_env2025_seed0-499_48352cd1,232,18,9,1,1
20260912_215351_529_traffic_scan_env2025_seed0-499_48352cd1,232,18,10,0,1
20260912_215351_529_traffic_scan_env2025_seed0-499_48352cd1,232,18,10,1,1
20260912_215351_529_traffic_scan_env2025_seed0-499_48352cd1,232,18,11,2,1
20260912_215351_529_traffic_scan_env2025_seed0-499_48352cd1,232,18,12,2,2
20260912_215351_529_traffic_scan_env2025_seed0-499_48352cd1,232,18,13,0,5
20260912_215351_529_traffic_scan_env2025_seed0-499_48352cd1,232,18,15,0,1
20260912_215351_529_traffic_scan_env2025_seed0-499_48352cd1,232,18,16,0,1
20260912_215351_529_traffic_scan_env2025_seed0-499_48352cd1,232,18,16,1,1
20260912_215351_529_traffic_scan_env2025_seed0-499_48352cd1,232,18,19,0,1
20260912_215351_529_traffic_scan_env2025_seed0-499_48352cd1,232,18,19,1,2
20260912_215351_529_traffic_scan_env2025_seed0-499_48352cd1,232,18,20,0,1
20260912_215351_529_traffic_scan_env2025_seed0-499_48352cd1,232,18,20,1,1
20260912_215351_529_traffic_scan_env2025_seed0-499_48352cd1,232,18,21,1,3
20260912_215351_529_traffic_scan_env2025_seed0-499_48352cd1,232,18,22,1,1
20260912_215351_529_traffic_scan_env2025_seed0-499_48352cd1,232,18,23,2,1
20260912_215351_529_traffic_scan_env2025_seed0-499_48352cd1,232,18,26,0,1
20260912_215351_529_traffic_scan_env2025_seed0-499_48352cd1,232,18,26,1,1
20260912_215351_529_traffic_scan_env2025_seed0-499_48352cd1,232,18,27,2,5
20260912_215351_529_traffic_scan_env2025_seed0-499_48352cd1,232,18,29,0,3
20260912_215351_529_traffic_scan_env2025_seed0-499_48352cd1,232,18,29,1,5
20260912_215351_529_traffic_scan_env2025_seed0-499_48352cd1,232,18,30,1,2
20260912_215351_529_traffic_scan_env2025_seed0-499_48352cd1,232,18,31,2,1
20260912_215351_529_traffic_scan_env2025_seed0-499_48352cd1,232,18,32,1,3
20260912_215351_529_traffic_scan_env2025_seed0-499_48352cd1,232,18,33,1,2
20260912_215351_529_traffic_scan_env2025_seed0-499_48352cd1,232,18,34,1,4
20260912_215351_529_traffic_scan_env2025_seed0-499_48352cd1,232,18,35,0,2
20260912_215351_529_traffic_scan_env2025_seed0-499_48352cd1,232,18,35,1,4
20260912_215351_529_traffic_scan_env2025_seed0-499_48352cd1,232,18,36,0,2
20260912_215351_529_traffic_scan_env2025_seed0-499_48352cd1,232,18,36,1,1
20260912_215351_529_traffic_scan_env2025_seed0-499_48352cd1,232,18,39,3,2
20260912_215351_529_traffic_scan_env2025_seed0-499_48352cd1,232,18,40,2,2
20260912_215351_529_traffic_scan_env2025_seed0-499_48352cd1,232,18,41,0,2
20260912_215351_529_traffic_scan_env2025_seed0-499_48352cd1,232,18,41,1,1
20260912_215351_529_traffic_scan_env2025_seed0-499_48352cd1,232,18,42,1,2
20260912_215351_529_traffic_scan_env2025_seed0-499_48352cd1,232,18,43,0,3
20260912_215351_529_traffic_scan_env2025_seed0-499_48352cd1,232,18,43,1,4
20260912_215351_529_traffic_scan_env2025_seed0-499_48352cd1,232,18,45,0,1
20260912_215351_529_traffic_scan_env2025_seed0-499_48352cd1,232,18,46,0,3
20260912_215351_529_traffic_scan_env2025_seed0-499_48352cd1,232,18,47,0,1
20260912_215351_529_traffic_scan_env2025_seed0-499_48352cd1,232,18,47,1,2
20260912_215351_529_traffic_scan_env2025_seed0-499_48352cd1,232,18,48,2,2
20260912_215351_529_traffic_scan_env2025_seed0-499_48352cd1,232,18,50,1,1
20260912_215351_529_traffic_scan_env2025_seed0-499_48352cd1,232,18,51,0,1
20260912_215351_529_traffic_scan_env2025_seed0-499_48352cd1,232,18,51,1,1
20260912_215351_529_traffic_scan_env2025_seed0-499_48352cd1,232,18,56,1,1
20260912_215351_529_traffic_scan_env2025_seed0-499_48352cd1,232,18,57,0,1
20260912_215351_529_traffic_scan_env2025_seed0-499_48352cd1,232,18,58,1,1
20260912_215351_529_traffic_scan_env2025_seed0-499_48352cd1,232,19,5,0,1
20260912_215351_529_traffic_scan_env2025_seed0-499_48352cd1,232,19,5,1,1
20260912_215351_529_traffic_scan_env2025_seed0-499_48352cd1,232,19,6,0,2
20260912_215351_529_traffic_scan_env2025_seed0-499_48352cd1,232,19,6,1,1
20260912_215351_529_traffic_scan_env2025_seed0-499_48352cd1,232,19,7,0,1
20260912_215351_529_traffic_scan_env2025_seed0-499_48352cd1,232,19,8,1,1
20260912_215351_529_traffic_scan_env2025_seed0-499_48352cd1,232,19,9,1,1
20260912_215351_529_traffic_scan_env2025_seed0-499_48352cd1,232,19,10,0,2
20260912_215351_529_traffic_scan_env2025_seed0-499_48352cd1,232,19,12,2,1
20260912_215351_529_traffic_scan_env2025_seed0-499_48352cd1,232,19,13,0,2
20260912_215351_529_traffic_scan_env2025_seed0-499_48352cd1,232,19,13,1,1
20260912_215351_529_traffic_scan_env2025_seed0-499_48352cd1,232,19,14,0,7
20260912_215351_529_traffic_scan_env2025_seed0-499_48352cd1,232,19,14,1,1
20260912_215351_529_traffic_scan_env2025_seed0-499_48352cd1,232,19,15,0,3
20260912_215351_529_traffic_scan_env2025_seed0-499_48352cd1,232,19,15,1,1
20260912_215351_529_traffic_scan_env2025_seed0-499_48352cd1,232,19,16,0,2
20260912_215351_529_traffic_scan_env2025_seed0-499_48352cd1,232,19,16,1,1
20260912_215351_529_traffic_scan_env2025_seed0-499_48352cd1,232,19,17,0,2
20260912_215351_529_traffic_scan_env2025_seed0-499_48352cd1,232,19,17,1,3
20260912_215351_529_traffic_scan_env2025_seed0-499_48352cd1,232,19,18,2,2
20260912_215351_529_traffic_scan_env2025_seed0-499_48352cd1,232,19,19,0,1
20260912_215351_529_traffic_scan_env2025_seed0-499_48352cd1,232,19,19,1,1
20260912_215351_529_traffic_scan_env2025_seed0-499_48352cd1,232,19,20,1,2
20260912_215351_529_traffic_scan_env2025_seed0-499_48352cd1,232,19,21,0,1
20260912_215351_529_traffic_scan_env2025_seed0-499_48352cd1,232,19,21,1,2
20260912_215351_529_traffic_scan_env2025_seed0-499_48352cd1,232,19,22,1,3
20260912_215351_529_traffic_scan_env2025_seed0-499_48352cd1,232,19,23,0,2
20260912_215351_529_traffic_scan_env2025_seed0-499_48352cd1,232,19,23,1,1
20260912_215351_529_traffic_scan_env2025_seed0-499_48352cd1,232,19,24,0,4
20260912_215351_529_traffic_scan_env2025_seed0-499_48352cd1,232,19,24,1,2
20260912_215351_529_traffic_scan_env2025_seed0-499_48352cd1,232,19,25,0,4
20260912_215351_529_traffic_scan_env2025_seed0-499_48352cd1,232,19,25,1,2
20260912_215351_529_traffic_scan_env2025_seed0-499_48352cd1,232,19,26,0,3
20260912_215351_529_traffic_scan_env2025_seed0-499_48352cd1,232,19,26,1,3
20260912_215351_529_traffic_scan_env2025_seed0-499_48352cd1,232,19,27,0,2
20260912_215351_529_traffic_scan_env2025_seed0-499_48352cd1,232,19,27,1,2
20260912_215351_529_traffic_scan_env2025_seed0-499_48352cd1,232,19,28,0,5
20260912_215351_529_traffic_scan_env2025_seed0-499_48352cd1,232,19,28,1,4
20260912_215351_529_traffic_scan_env2025_seed0-499_48352cd1,232,19,29,0,2
20260912_215351_529_traffic_scan_env2025_seed0-499_48352cd1,232,19,29,1,1
20260912_215351_529_traffic_scan_env2025_seed0-499_48352cd1,232,19,30,1,7
20260912_215351_529_traffic_scan_env2025_seed0-499_48352cd1,232,19,31,1,3
20260912_215351_529_traffic_scan_env2025_seed0-499_48352cd1,232,19,32,1,6
20260912_215351_529_traffic_scan_env2025_seed0-499_48352cd1,232,19,33,1,3
20260912_215351_529_traffic_scan_env2025_seed0-499_48352cd1,232,19,34,0,2
20260912_215351_529_traffic_scan_env2025_seed0-499_48352cd1,232,19,34,1,4
20260912_215351_529_traffic_scan_env2025_seed0-499_48352cd1,232,19,35,1,3
20260912_215351_529_traffic_scan_env2025_seed0-499_48352cd1,232,19,36,1,5
20260912_215351_529_traffic_scan_env2025_seed0-499_48352cd1,232,19,37,0,2
20260912_215351_529_traffic_scan_env2025_seed0-499_48352cd1,232,19,37,1,4
20260912_215351_529_traffic_scan_env2025_seed0-499_48352cd1,232,19,38,1,2
20260912_215351_529_traffic_scan_env2025_seed0-499_48352cd1,232,19,38,2,2
20260912_215351_529_traffic_scan_env2025_seed0-499_48352cd1,232,19,39,1,2
20260912_215351_529_traffic_scan_env2025_seed0-499_48352cd1,232,19,41,0,2
20260912_215351_529_traffic_scan_env2025_seed0-499_48352cd1,232,19,41,1,1
20260912_215351_529_traffic_scan_env2025_seed0-499_48352cd1,232,19,42,0,2
20260912_215351_529_traffic_scan_env2025_seed0-499_48352cd1,232,19,42,1,3
20260912_215351_529_traffic_scan_env2025_seed0-499_48352cd1,232,19,43,0,1
20260912_215351_529_traffic_scan_env2025_seed0-499_48352cd1,232,19,43,1,3
20260912_215351_529_traffic_scan_env2025_seed0-499_48352cd1,232,19,44,0,1
20260912_215351_529_traffic_scan_env2025_seed0-499_48352cd1,232,19,44,1,2
20260912_215351_529_traffic_scan_env2025_seed0-499_48352cd1,232,19,45,0,3
20260912_215351_529_traffic_scan_env2025_seed0-499_48352cd1,232,19,46,1,1
20260912_215351_529_traffic_scan_env2025_seed0-499_48352cd1,232,19,47,0,1
20260912_215351_529_traffic_scan_env2025_seed0-499_48352cd1,232,19,47,1,1
20260912_215351_529_traffic_scan_env2025_seed0-499_48352cd1,232,19,48,1,2
20260912_215351_529_traffic_scan_env2025_seed0-499_48352cd1,232,19,49,0,2
20260912_215351_529_traffic_scan_env2025_seed0-499_48352cd1,232,19,49,1,1
20260912_215351_529_traffic_scan_env2025_seed0-499_48352cd1,232,19,50,0,2
20260912_215351_529_traffic_scan_env2025_seed0-499_48352cd1,232,19,50,1,1
20260912_215351_529_traffic_scan_env2025_seed0-499_48352cd1,232,19,51,0,2
20260912_215351_529_traffic_scan_env2025_seed0-499_48352cd1,232,19,52,0,1
20260912_215351_529_traffic_scan_env2025_seed0-499_48352cd1,232,19,53,0,1
20260912_215351_529_traffic_scan_env2025_seed0-499_48352cd1,232,19,54,0,1
20260912_215351_529_traffic_scan_env2025_seed0-499_48352cd1,232,19,55,0,1
20260912_215351_529_traffic_scan_env2025_seed0-499_48352cd1,232,19,56,0,2
20260912_215351_529_traffic_scan_env2025_seed0-499_48352cd1,232,19,56,1,1
20260912_215351_529_traffic_scan_env2025_seed0-499_48352cd1,232,19,58,1,1
20260912_215351_529_traffic_scan_env2025_seed0-499_48352cd1,232,20,1,0,1
20260912_215351_529_traffic_scan_env2025_seed0-499_48352cd1,232,20,2,0,1
20260912_215351_529_traffic_scan_env2025_seed0-499_48352cd1,232,20,3,0,1
20260912_215351_529_traffic_scan_env2025_seed0-499_48352cd1,232,20,4,0,1
20260912_215351_529_traffic_scan_env2025_seed0-499_48352cd1,232,20,5,0,2
20260912_215351_529_traffic_scan_env2025_seed0-499_48352cd1,232,20,5,1,1
20260912_215351_529_traffic_scan_env2025_seed0-499_48352cd1,232,20,6,0,2
20260912_215351_529_traffic_scan_env2025_seed0-499_48352cd1,232,20,7,0,3
20260912_215351_529_traffic_scan_env2025_seed0-499_48352cd1,232,20,7,1,1
20260912_215351_529_traffic_scan_env2025_seed0-499_48352cd1,232,20,8,0,2
20260912_215351_529_traffic_scan_env2025_seed0-499_48352cd1,232,20,9,0,2
20260912_215351_529_traffic_scan_env2025_seed0-499_48352cd1,232,20,10,0,3
20260912_215351_529_traffic_scan_env2025_seed0-499_48352cd1,232,20,11,0,3
20260912_215351_529_traffic_scan_env2025_seed0-499_48352cd1,232,20,12,0,3
20260912_215351_529_traffic_scan_env2025_seed0-499_48352cd1,232,20,12,1,1
20260912_215351_529_traffic_scan_env2025_seed0-499_48352cd1,232,20,13,0,3
20260912_215351_529_traffic_scan_env2025_seed0-499_48352cd1,232,20,15,0,6
20260912_215351_529_traffic_scan_env2025_seed0-499_48352cd1,232,20,16,0,1
20260912_215351_529_traffic_scan_env2025_seed0-499_48352cd1,232,20,17,0,1
20260912_215351_529_traffic_scan_env2025_seed0-499_48352cd1,232,20,17,1,1
20260912_215351_529_traffic_scan_env2025_seed0-499_48352cd1,232,20,18,0,3
20260912_215351_529_traffic_scan_env2025_seed0-499_48352cd1,232,20,18,1,2
20260912_215351_529_traffic_scan_env2025_seed0-499_48352cd1,232,20,19,0,4
20260912_215351_529_traffic_scan_env2025_seed0-499_48352cd1,232,20,19,1,1
20260912_215351_529_traffic_scan_env2025_seed0-499_48352cd1,232,20,20,0,3
20260912_215351_529_traffic_scan_env2025_seed0-499_48352cd1,232,20,21,0,3
20260912_215351_529_traffic_scan_env2025_seed0-499_48352cd1,232,20,22,0,5
20260912_215351_529_traffic_scan_env2025_seed0-499_48352cd1,232,20,22,1,1
20260912_215351_529_traffic_scan_env2025_seed0-499_48352cd1,232,20,23,0,3
20260912_215351_529_traffic_scan_env2025_seed0-499_48352cd1,232,20,23,1,2
20260912_215351_529_traffic_scan_env2025_seed0-499_48352cd1,232,20,24,2,1
20260912_215351_529_traffic_scan_env2025_seed0-499_48352cd1,232,20,25,1,3
20260912_215351_529_traffic_scan_env2025_seed0-499_48352cd1,232,20,27,0,4
20260912_215351_529_traffic_scan_env2025_seed0-499_48352cd1,232,20,27,1,2
20260912_215351_529_traffic_scan_env2025_seed0-499_48352cd1,232,20,29,1,2
20260912_215351_529_traffic_scan_env2025_seed0-499_48352cd1,232,20,30,1,2
20260912_215351_529_traffic_scan_env2025_seed0-499_48352cd1,232,20,31,1,4
20260912_215351_529_traffic_scan_env2025_seed0-499_48352cd1,232,20,31,2,1
20260912_215351_529_traffic_scan_env2025_seed0-499_48352cd1,232,20,32,1,2
20260912_215351_529_traffic_scan_env2025_seed0-499_48352cd1,232,20,33,0,2
20260912_215351_529_traffic_scan_env2025_seed0-499_48352cd1,232,20,33,1,1
20260912_215351_529_traffic_scan_env2025_seed0-499_48352cd1,232,20,37,0,2
20260912_215351_529_traffic_scan_env2025_seed0-499_48352cd1,232,20,37,1,2
20260912_215351_529_traffic_scan_env2025_seed0-499_48352cd1,232,20,40,0,2
20260912_215351_529_traffic_scan_env2025_seed0-499_48352cd1,232,20,40,1,2
20260912_215351_529_traffic_scan_env2025_seed0-499_48352cd1,232,20,41,0,2
20260912_215351_529_traffic_scan_env2025_seed0-499_48352cd1,232,20,41,1,3
20260912_215351_529_traffic_scan_env2025_seed0-499_48352cd1,232,20,42,1,3
20260912_215351_529_traffic_scan_env2025_seed0-499_48352cd1,232,20,43,0,2
20260912_215351_529_traffic_scan_env2025_seed0-499_48352cd1,232,20,43,1,3
20260912_215351_529_traffic_scan_env2025_seed0-499_48352cd1,232,20,44,0,3
20260912_215351_529_traffic_scan_env2025_seed0-499_48352cd1,232,20,44,1,4
20260912_215351_529_traffic_scan_env2025_seed0-499_48352cd1,232,20,45,1,5
20260912_215351_529_traffic_scan_env2025_seed0-499_48352cd1,232,20,46,1,2
20260912_215351_529_traffic_scan_env2025_seed0-499_48352cd1,232,20,47,0,1
20260912_215351_529_traffic_scan_env2025_seed0-499_48352cd1,232,20,47,1,3
20260912_215351_529_traffic_scan_env2025_seed0-499_48352cd1,232,20,48,0,1
20260912_215351_529_traffic_scan_env2025_seed0-499_48352cd1,232,20,48,1,4
20260912_215351_529_traffic_scan_env2025_seed0-499_48352cd1,232,20,49,2,1
20260912_215351_529_traffic_scan_env2025_seed0-499_48352cd1,232,20,51,0,2
20260912_215351_529_traffic_scan_env2025_seed0-499_48352cd1,232,20,52,0,1
20260912_215351_529_traffic_scan_env2025_seed0-499_48352cd1,232,20,53,0,1
20260912_215351_529_traffic_scan_env2025_seed0-499_48352cd1,232,20,54,0,1
20260912_215351_529_traffic_scan_env2025_seed0-499_48352cd1,232,20,55,0,1
20260912_215351_529_traffic_scan_env2025_seed0-499_48352cd1,232,20,56,1,1
20260912_215351_529_traffic_scan_env2025_seed0-499_48352cd1,232,20,58,1,1
20260912_215351_529_traffic_scan_env2025_seed0-499_48352cd1,232,21,1,0,1
20260912_215351_529_traffic_scan_env2025_seed0-499_48352cd1,232,21,2,0,1
20260912_215351_529_traffic_scan_env2025_seed0-499_48352cd1,232,21,3,0,1
20260912_215351_529_traffic_scan_env2025_seed0-499_48352cd1,232,21,4,0,2
20260912_215351_529_traffic_scan_env2025_seed0-499_48352cd1,232,21,5,0,1
20260912_215351_529_traffic_scan_env2025_seed0-499_48352cd1,232,21,5,1,1
20260912_215351_529_traffic_scan_env2025_seed0-499_48352cd1,232,21,6,0,1
20260912_215351_529_traffic_scan_env2025_seed0-499_48352cd1,232,21,7,0,1
20260912_215351_529_traffic_scan_env2025_seed0-499_48352cd1,232,21,8,0,2
20260912_215351_529_traffic_scan_env2025_seed0-499_48352cd1,232,21,8,1,1
20260912_215351_529_traffic_scan_env2025_seed0-499_48352cd1,232,21,10,0,1
20260912_215351_529_traffic_scan_env2025_seed0-499_48352cd1,232,21,12,1,1
20260912_215351_529_traffic_scan_env2025_seed0-499_48352cd1,232,21,13,0,1
20260912_215351_529_traffic_scan_env2025_seed0-499_48352cd1,232,21,16,0,5
20260912_215351_529_traffic_scan_env2025_seed0-499_48352cd1,232,21,17,1,1
20260912_215351_529_traffic_scan_env2025_seed0-499_48352cd1,232,21,18,1,1
20260912_215351_529_traffic_scan_env2025_seed0-499_48352cd1,232,21,19,0,1
20260912_215351_529_traffic_scan_env2025_seed0-499_48352cd1,232,21,19,1,2
20260912_215351_529_traffic_scan_env2025_seed0-499_48352cd1,232,21,21,0,1
20260912_215351_529_traffic_scan_env2025_seed0-499_48352cd1,232,21,23,0,1
20260912_215351_529_traffic_scan_env2025_seed0-499_48352cd1,232,21,23,1,2
20260912_215351_529_traffic_scan_env2025_seed0-499_48352cd1,232,21,24,0,1
20260912_215351_529_traffic_scan_env2025_seed0-499_48352cd1,232,21,24,1,4
20260912_215351_529_traffic_scan_env2025_seed0-499_48352cd1,232,21,25,0,1
20260912_215351_529_traffic_scan_env2025_seed0-499_48352cd1,232,21,26,0,3
20260912_215351_529_traffic_scan_env2025_seed0-499_48352cd1,232,21,26,1,2
20260912_215351_529_traffic_scan_env2025_seed0-499_48352cd1,232,21,27,1,1
20260912_215351_529_traffic_scan_env2025_seed0-499_48352cd1,232,21,28,0,1
20260912_215351_529_traffic_scan_env2025_seed0-499_48352cd1,232,21,29,0,2
20260912_215351_529_traffic_scan_env2025_seed0-499_48352cd1,232,21,29,1,1
20260912_215351_529_traffic_scan_env2025_seed0-499_48352cd1,232,21,30,3,1
20260912_215351_529_traffic_scan_env2025_seed0-499_48352cd1,232,21,32,0,4
20260912_215351_529_traffic_scan_env2025_seed0-499_48352cd1,232,21,32,1,5
20260912_215351_529_traffic_scan_env2025_seed0-499_48352cd1,232,21,37,0,1
20260912_215351_529_traffic_scan_env2025_seed0-499_48352cd1,232,21,38,0,1
20260912_215351_529_traffic_scan_env2025_seed0-499_48352cd1,232,21,38,1,2
20260912_215351_529_traffic_scan_env2025_seed0-499_48352cd1,232,21,39,0,2
20260912_215351_529_traffic_scan_env2025_seed0-499_48352cd1,232,21,40,0,5
20260912_215351_529_traffic_scan_env2025_seed0-499_48352cd1,232,21,40,1,1
20260912_215351_529_traffic_scan_env2025_seed0-499_48352cd1,232,21,41,0,3
20260912_215351_529_traffic_scan_env2025_seed0-499_48352cd1,232,21,41,1,1
20260912_215351_529_traffic_scan_env2025_seed0-499_48352cd1,232,21,42,0,1
20260912_215351_529_traffic_scan_env2025_seed0-499_48352cd1,232,21,43,0,4
20260912_215351_529_traffic_scan_env2025_seed0-499_48352cd1,232,21,43,1,1
20260912_215351_529_traffic_scan_env2025_seed0-499_48352cd1,232,21,44,1,1
20260912_215351_529_traffic_scan_env2025_seed0-499_48352cd1,232,21,45,1,2
20260912_215351_529_traffic_scan_env2025_seed0-499_48352cd1,232,21,46,1,2
20260912_215351_529_traffic_scan_env2025_seed0-499_48352cd1,232,21,47,2,2
20260912_215351_529_traffic_scan_env2025_seed0-499_48352cd1,232,21,48,0,1
20260912_215351_529_traffic_scan_env2025_seed0-499_48352cd1,232,21,48,1,3
20260912_215351_529_traffic_scan_env2025_seed0-499_48352cd1,232,21,51,0,1
20260912_215351_529_traffic_scan_env2025_seed0-499_48352cd1,232,21,54,0,1
20260912_215351_529_traffic_scan_env2025_seed0-499_48352cd1,232,21,55,1,1
20260912_215351_529_traffic_scan_env2025_seed0-499_48352cd1,232,21,58,1,1
20260912_215351_529_traffic_scan_env2025_seed0-499_48352cd1,232,22,3,0,1
20260912_215351_529_traffic_scan_env2025_seed0-499_48352cd1,232,22,5,1,1
20260912_215351_529_traffic_scan_env2025_seed0-499_48352cd1,232,22,6,0,1
20260912_215351_529_traffic_scan_env2025_seed0-499_48352cd1,232,22,7,0,1
20260912_215351_529_traffic_scan_env2025_seed0-499_48352cd1,232,22,8,0,1
20260912_215351_529_traffic_scan_env2025_seed0-499_48352cd1,232,22,9,0,2
20260912_215351_529_traffic_scan_env2025_seed0-499_48352cd1,232,22,9,1,2
20260912_215351_529_traffic_scan_env2025_seed0-499_48352cd1,232,22,10,0,2
20260912_215351_529_traffic_scan_env2025_seed0-499_48352cd1,232,22,10,1,1
20260912_215351_529_traffic_scan_env2025_seed0-499_48352cd1,232,22,11,0,1
20260912_215351_529_traffic_scan_env2025_seed0-499_48352cd1,232,22,11,1,1
20260912_215351_529_traffic_scan_env2025_seed0-499_48352cd1,232,22,12,0,1
20260912_215351_529_traffic_scan_env2025_seed0-499_48352cd1,232,22,12,1,2
20260912_215351_529_traffic_scan_env2025_seed0-499_48352cd1,232,22,13,0,2
20260912_215351_529_traffic_scan_env2025_seed0-499_48352cd1,232,22,13,1,1
20260912_215351_529_traffic_scan_env2025_seed0-499_48352cd1,232,22,16,0,3
20260912_215351_529_traffic_scan_env2025_seed0-499_48352cd1,232,22,16,1,2
20260912_215351_529_traffic_scan_env2025_seed0-499_48352cd1,232,22,17,0,2
20260912_215351_529_traffic_scan_env2025_seed0-499_48352cd1,232,22,17,1,4
20260912_215351_529_traffic_scan_env2025_seed0-499_48352cd1,232,22,18,1,2
20260912_215351_529_traffic_scan_env2025_seed0-499_48352cd1,232,22,19,0,2
20260912_215351_529_traffic_scan_env2025_seed0-499_48352cd1,232,22,19,1,2
20260912_215351_529_traffic_scan_env2025_seed0-499_48352cd1,232,22,20,0,1
20260912_215351_529_traffic_scan_env2025_seed0-499_48352cd1,232,22,20,1,4
20260912_215351_529_traffic_scan_env2025_seed0-499_48352cd1,232,22,21,1,2
20260912_215351_529_traffic_scan_env2025_seed0-499_48352cd1,232,22,22,1,3
20260912_215351_529_traffic_scan_env2025_seed0-499_48352cd1,232,22,23,1,4
20260912_215351_529_traffic_scan_env2025_seed0-499_48352cd1,232,22,24,0,1
20260912_215351_529_traffic_scan_env2025_seed0-499_48352cd1,232,22,24,1,3
20260912_215351_529_traffic_scan_env2025_seed0-499_48352cd1,232,22,25,1,8
20260912_215351_529_traffic_scan_env2025_seed0-499_48352cd1,232,22,26,0,2
20260912_215351_529_traffic_scan_env2025_seed0-499_48352cd1,232,22,26,1,2
20260912_215351_529_traffic_scan_env2025_seed0-499_48352cd1,232,22,27,1,3
20260912_215351_529_traffic_scan_env2025_seed0-499_48352cd1,232,22,28,0,1
20260912_215351_529_traffic_scan_env2025_seed0-499_48352cd1,232,22,29,0,1
20260912_215351_529_traffic_scan_env2025_seed0-499_48352cd1,232,22,29,1,1
20260912_215351_529_traffic_scan_env2025_seed0-499_48352cd1,232,22,30,0,2
20260912_215351_529_traffic_scan_env2025_seed0-499_48352cd1,232,22,30,1,2
20260912_215351_529_traffic_scan_env2025_seed0-499_48352cd1,232,22,30,2,1
20260912_215351_529_traffic_scan_env2025_seed0-499_48352cd1,232,22,32,0,5
20260912_215351_529_traffic_scan_env2025_seed0-499_48352cd1,232,22,32,1,5
20260912_215351_529_traffic_scan_env2025_seed0-499_48352cd1,232,22,37,0,1
20260912_215351_529_traffic_scan_env2025_seed0-499_48352cd1,232,22,38,0,2
20260912_215351_529_traffic_scan_env2025_seed0-499_48352cd1,232,22,39,0,6
20260912_215351_529_traffic_scan_env2025_seed0-499_48352cd1,232,22,39,1,3
20260912_215351_529_traffic_scan_env2025_seed0-499_48352cd1,232,22,40,2,1
20260912_215351_529_traffic_scan_env2025_seed0-499_48352cd1,232,22,42,0,2
20260912_215351_529_traffic_scan_env2025_seed0-499_48352cd1,232,22,42,1,1
20260912_215351_529_traffic_scan_env2025_seed0-499_48352cd1,232,22,43,0,1
20260912_215351_529_traffic_scan_env2025_seed0-499_48352cd1,232,22,43,1,2
20260912_215351_529_traffic_scan_env2025_seed0-499_48352cd1,232,22,46,1,3
20260912_215351_529_traffic_scan_env2025_seed0-499_48352cd1,232,22,47,2,4
20260912_215351_529_traffic_scan_env2025_seed0-499_48352cd1,232,22,48,0,2
20260912_215351_529_traffic_scan_env2025_seed0-499_48352cd1,232,22,48,1,2
20260912_215351_529_traffic_scan_env2025_seed0-499_48352cd1,232,22,50,0,1
20260912_215351_529_traffic_scan_env2025_seed0-499_48352cd1,232,22,53,0,1
20260912_215351_529_traffic_scan_env2025_seed0-499_48352cd1,232,22,55,1,1
20260912_215351_529_traffic_scan_env2025_seed0-499_48352cd1,232,22,58,1,1
20260912_215351_529_traffic_scan_env2025_seed0-499_48352cd1,232,23,2,0,1
20260912_215351_529_traffic_scan_env2025_seed0-499_48352cd1,232,23,5,1,1
20260912_215351_529_traffic_scan_env2025_seed0-499_48352cd1,232,23,10,1,3
20260912_215351_529_traffic_scan_env2025_seed0-499_48352cd1,232,23,12,1,1
20260912_215351_529_traffic_scan_env2025_seed0-499_48352cd1,232,23,13,0,1
20260912_215351_529_traffic_scan_env2025_seed0-499_48352cd1,232,23,14,0,1
20260912_215351_529_traffic_scan_env2025_seed0-499_48352cd1,232,23,14,1,1
20260912_215351_529_traffic_scan_env2025_seed0-499_48352cd1,232,23,15,0,2
20260912_215351_529_traffic_scan_env2025_seed0-499_48352cd1,232,23,15,1,1
20260912_215351_529_traffic_scan_env2025_seed0-499_48352cd1,232,23,16,1,1
20260912_215351_529_traffic_scan_env2025_seed0-499_48352cd1,232,23,17,0,2
20260912_215351_529_traffic_scan_env2025_seed0-499_48352cd1,232,23,17,1,1
20260912_215351_529_traffic_scan_env2025_seed0-499_48352cd1,232,23,18,0,3
20260912_215351_529_traffic_scan_env2025_seed0-499_48352cd1,232,23,19,0,1
20260912_215351_529_traffic_scan_env2025_seed0-499_48352cd1,232,23,21,1,1
20260912_215351_529_traffic_scan_env2025_seed0-499_48352cd1,232,23,21,2,2
20260912_215351_529_traffic_scan_env2025_seed0-499_48352cd1,232,23,22,2,2
20260912_215351_529_traffic_scan_env2025_seed0-499_48352cd1,232,23,24,1,4
20260912_215351_529_traffic_scan_env2025_seed0-499_48352cd1,232,23,25,0,1
20260912_215351_529_traffic_scan_env2025_seed0-499_48352cd1,232,23,25,1,2
20260912_215351_529_traffic_scan_env2025_seed0-499_48352cd1,232,23,27,0,2
20260912_215351_529_traffic_scan_env2025_seed0-499_48352cd1,232,23,27,1,2
20260912_215351_529_traffic_scan_env2025_seed0-499_48352cd1,232,23,28,2,2
20260912_215351_529_traffic_scan_env2025_seed0-499_48352cd1,232,23,30,1,1
20260912_215351_529_traffic_scan_env2025_seed0-499_48352cd1,232,23,31,0,4
20260912_215351_529_traffic_scan_env2025_seed0-499_48352cd1,232,23,31,1,3
20260912_215351_529_traffic_scan_env2025_seed0-499_48352cd1,232,23,33,0,3
20260912_215351_529_traffic_scan_env2025_seed0-499_48352cd1,232,23,33,1,3
20260912_215351_529_traffic_scan_env2025_seed0-499_48352cd1,232,23,34,0,3
20260912_215351_529_traffic_scan_env2025_seed0-499_48352cd1,232,23,35,0,3
20260912_215351_529_traffic_scan_env2025_seed0-499_48352cd1,232,23,37,0,3
20260912_215351_529_traffic_scan_env2025_seed0-499_48352cd1,232,23,38,0,4
20260912_215351_529_traffic_scan_env2025_seed0-499_48352cd1,232,23,38,1,1
20260912_215351_529_traffic_scan_env2025_seed0-499_48352cd1,232,23,39,1,1
20260912_215351_529_traffic_scan_env2025_seed0-499_48352cd1,232,23,40,0,2
20260912_215351_529_traffic_scan_env2025_seed0-499_48352cd1,232,23,40,1,2
20260912_215351_529_traffic_scan_env2025_seed0-499_48352cd1,232,23,42,2,2
20260912_215351_529_traffic_scan_env2025_seed0-499_48352cd1,232,23,43,2,1
20260912_215351_529_traffic_scan_env2025_seed0-499_48352cd1,232,23,44,0,1
20260912_215351_529_traffic_scan_env2025_seed0-499_48352cd1,232,23,45,1,1
20260912_215351_529_traffic_scan_env2025_seed0-499_48352cd1,232,23,46,1,1
20260912_215351_529_traffic_scan_env2025_seed0-499_48352cd1,232,23,47,1,3
20260912_215351_529_traffic_scan_env2025_seed0-499_48352cd1,232,23,48,0,1
20260912_215351_529_traffic_scan_env2025_seed0-499_48352cd1,232,23,48,1,4
20260912_215351_529_traffic_scan_env2025_seed0-499_48352cd1,232,23,49,0,1
20260912_215351_529_traffic_scan_env2025_seed0-499_48352cd1,232,23,50,0,1
20260912_215351_529_traffic_scan_env2025_seed0-499_48352cd1,232,23,52,1,1
20260912_215351_529_traffic_scan_env2025_seed0-499_48352cd1,232,23,56,1,1
20260912_215351_529_traffic_scan_env2025_seed0-499_48352cd1,232,23,57,0,1
20260912_215351_529_traffic_scan_env2025_seed0-499_48352cd1,232,23,57,1,1
20260912_215351_529_traffic_scan_env2025_seed0-499_48352cd1,232,24,1,0,1
20260912_215351_529_traffic_scan_env2025_seed0-499_48352cd1,232,24,5,1,1
20260912_215351_529_traffic_scan_env2025_seed0-499_48352cd1,232,24,10,1,1
20260912_215351_529_traffic_scan_env2025_seed0-499_48352cd1,232,24,11,0,1
20260912_215351_529_traffic_scan_env2025_seed0-499_48352cd1,232,24,11,1,1
20260912_215351_529_traffic_scan_env2025_seed0-499_48352cd1,232,24,12,1,1
20260912_215351_529_traffic_scan_env2025_seed0-499_48352cd1,232,24,13,0,1
20260912_215351_529_traffic_scan_env2025_seed0-499_48352cd1,232,24,15,0,1
20260912_215351_529_traffic_scan_env2025_seed0-499_48352cd1,232,24,15,1,1
20260912_215351_529_traffic_scan_env2025_seed0-499_48352cd1,232,24,17,0,1
20260912_215351_529_traffic_scan_env2025_seed0-499_48352cd1,232,24,17,1,1
20260912_215351_529_traffic_scan_env2025_seed0-499_48352cd1,232,24,18,0,2
20260912_215351_529_traffic_scan_env2025_seed0-499_48352cd1,232,24,19,0,3
20260912_215351_529_traffic_scan_env2025_seed0-499_48352cd1,232,24,20,2,1
20260912_215351_529_traffic_scan_env2025_seed0-499_48352cd1,232,24,21,3,2
20260912_215351_529_traffic_scan_env2025_seed0-499_48352cd1,232,24,22,3,2
20260912_215351_529_traffic_scan_env2025_seed0-499_48352cd1,232,24,23,1,4
20260912_215351_529_traffic_scan_env2025_seed0-499_48352cd1,232,24,26,1,4
20260912_215351_529_traffic_scan_env2025_seed0-499_48352cd1,232,24,27,1,1
20260912_215351_529_traffic_scan_env2025_seed0-499_48352cd1,232,24,28,0,2
20260912_215351_529_traffic_scan_env2025_seed0-499_48352cd1,232,24,28,1,1
20260912_215351_529_traffic_scan_env2025_seed0-499_48352cd1,232,24,29,1,1
20260912_215351_529_traffic_scan_env2025_seed0-499_48352cd1,232,24,30,0,2
20260912_215351_529_traffic_scan_env2025_seed0-499_48352cd1,232,24,30,1,2
20260912_215351_529_traffic_scan_env2025_seed0-499_48352cd1,232,24,31,1,1
20260912_215351_529_traffic_scan_env2025_seed0-499_48352cd1,232,24,32,0,1
20260912_215351_529_traffic_scan_env2025_seed0-499_48352cd1,232,24,32,1,1
20260912_215351_529_traffic_scan_env2025_seed0-499_48352cd1,232,24,33,1,1
20260912_215351_529_traffic_scan_env2025_seed0-499_48352cd1,232,24,34,1,2
20260912_215351_529_traffic_scan_env2025_seed0-499_48352cd1,232,24,36,0,5
20260912_215351_529_traffic_scan_env2025_seed0-499_48352cd1,232,24,37,0,5
20260912_215351_529_traffic_scan_env2025_seed0-499_48352cd1,232,24,37,1,1
20260912_215351_529_traffic_scan_env2025_seed0-499_48352cd1,232,24,38,0,1
20260912_215351_529_traffic_scan_env2025_seed0-499_48352cd1,232,24,38,1,1
20260912_215351_529_traffic_scan_env2025_seed0-499_48352cd1,232,24,41,0,2
20260912_215351_529_traffic_scan_env2025_seed0-499_48352cd1,232,24,41,1,4
20260912_215351_529_traffic_scan_env2025_seed0-499_48352cd1,232,24,43,2,1
20260912_215351_529_traffic_scan_env2025_seed0-499_48352cd1,232,24,44,0,1
20260912_215351_529_traffic_scan_env2025_seed0-499_48352cd1,232,24,44,1,1
20260912_215351_529_traffic_scan_env2025_seed0-499_48352cd1,232,24,45,1,1
20260912_215351_529_traffic_scan_env2025_seed0-499_48352cd1,232,24,47,1,1
20260912_215351_529_traffic_scan_env2025_seed0-499_48352cd1,232,24,48,0,2
20260912_215351_529_traffic_scan_env2025_seed0-499_48352cd1,232,24,48,1,2
20260912_215351_529_traffic_scan_env2025_seed0-499_48352cd1,232,24,49,1,2
20260912_215351_529_traffic_scan_env2025_seed0-499_48352cd1,232,24,50,0,2
20260912_215351_529_traffic_scan_env2025_seed0-499_48352cd1,232,24,51,1,1
20260912_215351_529_traffic_scan_env2025_seed0-499_48352cd1,232,24,52,0,2
20260912_215351_529_traffic_scan_env2025_seed0-499_48352cd1,232,24,53,0,1
20260912_215351_529_traffic_scan_env2025_seed0-499_48352cd1,232,24,56,0,1
20260912_215351_529_traffic_scan_env2025_seed0-499_48352cd1,232,24,56,1,1
20260912_215351_529_traffic_scan_env2025_seed0-499_48352cd1,232,24,57,2,1
20260912_215351_529_traffic_scan_env2025_seed0-499_48352cd1,232,25,1,0,1
20260912_215351_529_traffic_scan_env2025_seed0-499_48352cd1,232,25,5,1,1
20260912_215351_529_traffic_scan_env2025_seed0-499_48352cd1,232,25,10,2,1
20260912_215351_529_traffic_scan_env2025_seed0-499_48352cd1,232,25,12,0,2
20260912_215351_529_traffic_scan_env2025_seed0-499_48352cd1,232,25,12,1,1
20260912_215351_529_traffic_scan_env2025_seed0-499_48352cd1,232,25,13,0,1
20260912_215351_529_traffic_scan_env2025_seed0-499_48352cd1,232,25,14,1,1
20260912_215351_529_traffic_scan_env2025_seed0-499_48352cd1,232,25,15,0,1
20260912_215351_529_traffic_scan_env2025_seed0-499_48352cd1,232,25,16,0,1
20260912_215351_529_traffic_scan_env2025_seed0-499_48352cd1,232,25,17,1,1
20260912_215351_529_traffic_scan_env2025_seed0-499_48352cd1,232,25,19,0,5
20260912_215351_529_traffic_scan_env2025_seed0-499_48352cd1,232,25,19,1,1
20260912_215351_529_traffic_scan_env2025_seed0-499_48352cd1,232,25,20,2,2
20260912_215351_529_traffic_scan_env2025_seed0-499_48352cd1,232,25,23,2,6
20260912_215351_529_traffic_scan_env2025_seed0-499_48352cd1,232,25,26,0,1
20260912_215351_529_traffic_scan_env2025_seed0-499_48352cd1,232,25,26,1,2
20260912_215351_529_traffic_scan_env2025_seed0-499_48352cd1,232,25,27,0,1
20260912_215351_529_traffic_scan_env2025_seed0-499_48352cd1,232,25,27,1,1
20260912_215351_529_traffic_scan_env2025_seed0-499_48352cd1,232,25,29,0,4
20260912_215351_529_traffic_scan_env2025_seed0-499_48352cd1,232,25,29,1,2
20260912_215351_529_traffic_scan_env2025_seed0-499_48352cd1,232,25,30,1,2
20260912_215351_529_traffic_scan_env2025_seed0-499_48352cd1,232,25,31,1,1
20260912_215351_529_traffic_scan_env2025_seed0-499_48352cd1,232,25,33,0,1
20260912_215351_529_traffic_scan_env2025_seed0-499_48352cd1,232,25,33,1,2
20260912_215351_529_traffic_scan_env2025_seed0-499_48352cd1,232,25,35,0,2
20260912_215351_529_traffic_scan_env2025_seed0-499_48352cd1,232,25,35,1,2
20260912_215351_529_traffic_scan_env2025_seed0-499_48352cd1,232,25,36,0,4
20260912_215351_529_traffic_scan_env2025_seed0-499_48352cd1,232,25,36,1,1
20260912_215351_529_traffic_scan_env2025_seed0-499_48352cd1,232,25,37,0,5
20260912_215351_529_traffic_scan_env2025_seed0-499_48352cd1,232,25,37,1,1
20260912_215351_529_traffic_scan_env2025_seed0-499_48352cd1,232,25,40,0,1
20260912_215351_529_traffic_scan_env2025_seed0-499_48352cd1,232,25,40,1,2
20260912_215351_529_traffic_scan_env2025_seed0-499_48352cd1,232,25,42,0,1
20260912_215351_529_traffic_scan_env2025_seed0-499_48352cd1,232,25,42,1,2
20260912_215351_529_traffic_scan_env2025_seed0-499_48352cd1,232,25,43,0,1
20260912_215351_529_traffic_scan_env2025_seed0-499_48352cd1,232,25,43,1,2
20260912_215351_529_traffic_scan_env2025_seed0-499_48352cd1,232,25,44,1,1
20260912_215351_529_traffic_scan_env2025_seed0-499_48352cd1,232,25,47,1,1
20260912_215351_529_traffic_scan_env2025_seed0-499_48352cd1,232,25,48,0,1
20260912_215351_529_traffic_scan_env2025_seed0-499_48352cd1,232,25,48,1,2
20260912_215351_529_traffic_scan_env2025_seed0-499_48352cd1,232,25,49,0,1
20260912_215351_529_traffic_scan_env2025_seed0-499_48352cd1,232,25,50,0,1
20260912_215351_529_traffic_scan_env2025_seed0-499_48352cd1,232,25,50,1,3
20260912_215351_529_traffic_scan_env2025_seed0-499_48352cd1,232,25,51,0,3
20260912_215351_529_traffic_scan_env2025_seed0-499_48352cd1,232,25,55,0,1
20260912_215351_529_traffic_scan_env2025_seed0-499_48352cd1,232,25,56,1,1
20260912_215351_529_traffic_scan_env2025_seed0-499_48352cd1,232,25,57,0,1
20260912_215351_529_traffic_scan_env2025_seed0-499_48352cd1,232,25,57,1,1
20260912_215351_529_traffic_scan_env2025_seed0-499_48352cd1,232,26,5,1,1
20260912_215351_529_traffic_scan_env2025_seed0-499_48352cd1,232,26,10,2,1
20260912_215351_529_traffic_scan_env2025_seed0-499_48352cd1,232,26,12,0,2
20260912_215351_529_traffic_scan_env2025_seed0-499_48352cd1,232,26,13,0,1
20260912_215351_529_traffic_scan_env2025_seed0-499_48352cd1,232,26,13,1,2
20260912_215351_529_traffic_scan_env2025_seed0-499_48352cd1,232,26,15,0,2
20260912_215351_529_traffic_scan_env2025_seed0-499_48352cd1,232,26,17,1,1
20260912_215351_529_traffic_scan_env2025_seed0-499_48352cd1,232,26,18,1,1
20260912_215351_529_traffic_scan_env2025_seed0-499_48352cd1,232,26,19,1,2
20260912_215351_529_traffic_scan_env2025_seed0-499_48352cd1,232,26,20,0,5
20260912_215351_529_traffic_scan_env2025_seed0-499_48352cd1,232,26,21,0,2
20260912_215351_529_traffic_scan_env2025_seed0-499_48352cd1,232,26,21,1,1
20260912_215351_529_traffic_scan_env2025_seed0-499_48352cd1,232,26,22,0,2
20260912_215351_529_traffic_scan_env2025_seed0-499_48352cd1,232,26,22,1,3
20260912_215351_529_traffic_scan_env2025_seed0-499_48352cd1,232,26,23,2,1
20260912_215351_529_traffic_scan_env2025_seed0-499_48352cd1,232,26,24,2,4
20260912_215351_529_traffic_scan_env2025_seed0-499_48352cd1,232,26,25,1,3
20260912_215351_529_traffic_scan_env2025_seed0-499_48352cd1,232,26,26,1,1
20260912_215351_529_traffic_scan_env2025_seed0-499_48352cd1,232,26,27,0,1
20260912_215351_529_traffic_scan_env2025_seed0-499_48352cd1,232,26,28,0,3
20260912_215351_529_traffic_scan_env2025_seed0-499_48352cd1,232,26,28,1,2
20260912_215351_529_traffic_scan_env2025_seed0-499_48352cd1,232,26,30,0,2
20260912_215351_529_traffic_scan_env2025_seed0-499_48352cd1,232,26,30,1,2
20260912_215351_529_traffic_scan_env2025_seed0-499_48352cd1,232,26,31,1,1
20260912_215351_529_traffic_scan_env2025_seed0-499_48352cd1,232,26,32,1,1
20260912_215351_529_traffic_scan_env2025_seed0-499_48352cd1,232,26,33,1,1
20260912_215351_529_traffic_scan_env2025_seed0-499_48352cd1,232,26,34,0,3
20260912_215351_529_traffic_scan_env2025_seed0-499_48352cd1,232,26,34,1,1
20260912_215351_529_traffic_scan_env2025_seed0-499_48352cd1,232,26,35,0,4
20260912_215351_529_traffic_scan_env2025_seed0-499_48352cd1,232,26,35,1,1
20260912_215351_529_traffic_scan_env2025_seed0-499_48352cd1,232,26,36,0,1
20260912_215351_529_traffic_scan_env2025_seed0-499_48352cd1,232,26,36,1,3
20260912_215351_529_traffic_scan_env2025_seed0-499_48352cd1,232,26,37,0,1
20260912_215351_529_traffic_scan_env2025_seed0-499_48352cd1,232,26,38,0,3
20260912_215351_529_traffic_scan_env2025_seed0-499_48352cd1,232,26,39,0,1
20260912_215351_529_traffic_scan_env2025_seed0-499_48352cd1,232,26,39,1,2
20260912_215351_529_traffic_scan_env2025_seed0-499_48352cd1,232,26,41,0,1
20260912_215351_529_traffic_scan_env2025_seed0-499_48352cd1,232,26,42,0,1
20260912_215351_529_traffic_scan_env2025_seed0-499_48352cd1,232,26,42,1,1
20260912_215351_529_traffic_scan_env2025_seed0-499_48352cd1,232,26,43,0,2
20260912_215351_529_traffic_scan_env2025_seed0-499_48352cd1,232,26,43,1,4
20260912_215351_529_traffic_scan_env2025_seed0-499_48352cd1,232,26,46,0,2
20260912_215351_529_traffic_scan_env2025_seed0-499_48352cd1,232,26,47,1,1
20260912_215351_529_traffic_scan_env2025_seed0-499_48352cd1,232,26,48,0,1
20260912_215351_529_traffic_scan_env2025_seed0-499_48352cd1,232,26,48,1,2
20260912_215351_529_traffic_scan_env2025_seed0-499_48352cd1,232,26,49,1,1
20260912_215351_529_traffic_scan_env2025_seed0-499_48352cd1,232,26,50,0,4
20260912_215351_529_traffic_scan_env2025_seed0-499_48352cd1,232,26,51,1,2
20260912_215351_529_traffic_scan_env2025_seed0-499_48352cd1,232,26,52,0,1
20260912_215351_529_traffic_scan_env2025_seed0-499_48352cd1,232,26,54,1,1
20260912_215351_529_traffic_scan_env2025_seed0-499_48352cd1,232,26,55,1,1
20260912_215351_529_traffic_scan_env2025_seed0-499_48352cd1,232,26,56,0,1
20260912_215351_529_traffic_scan_env2025_seed0-499_48352cd1,232,26,57,1,1
20260912_215351_529_traffic_scan_env2025_seed0-499_48352cd1,232,27,5,1,1
20260912_215351_529_traffic_scan_env2025_seed0-499_48352cd1,232,27,10,1,1
20260912_215351_529_traffic_scan_env2025_seed0-499_48352cd1,232,27,11,0,1
20260912_215351_529_traffic_scan_env2025_seed0-499_48352cd1,232,27,12,2,1
20260912_215351_529_traffic_scan_env2025_seed0-499_48352cd1,232,27,13,0,3
20260912_215351_529_traffic_scan_env2025_seed0-499_48352cd1,232,27,14,0,1
20260912_215351_529_traffic_scan_env2025_seed0-499_48352cd1,232,27,14,1,1
20260912_215351_529_traffic_scan_env2025_seed0-499_48352cd1,232,27,15,0,1
20260912_215351_529_traffic_scan_env2025_seed0-499_48352cd1,232,27,15,1,1
20260912_215351_529_traffic_scan_env2025_seed0-499_48352cd1,232,27,16,1,1
20260912_215351_529_traffic_scan_env2025_seed0-499_48352cd1,232,27,17,2,2
20260912_215351_529_traffic_scan_env2025_seed0-499_48352cd1,232,27,18,2,4
20260912_215351_529_traffic_scan_env2025_seed0-499_48352cd1,232,27,20,0,1
20260912_215351_529_traffic_scan_env2025_seed0-499_48352cd1,232,27,20,1,1
20260912_215351_529_traffic_scan_env2025_seed0-499_48352cd1,232,27,21,0,2
20260912_215351_529_traffic_scan_env2025_seed0-499_48352cd1,232,27,21,1,2
20260912_215351_529_traffic_scan_env2025_seed0-499_48352cd1,232,27,22,1,1
20260912_215351_529_traffic_scan_env2025_seed0-499_48352cd1,232,27,23,0,2
20260912_215351_529_traffic_scan_env2025_seed0-499_48352cd1,232,27,23,1,1
20260912_215351_529_traffic_scan_env2025_seed0-499_48352cd1,232,27,24,0,2
20260912_215351_529_traffic_scan_env2025_seed0-499_48352cd1,232,27,24,1,1
20260912_215351_529_traffic_scan_env2025_seed0-499_48352cd1,232,27,25,1,1
20260912_215351_529_traffic_scan_env2025_seed0-499_48352cd1,232,27,26,1,4
20260912_215351_529_traffic_scan_env2025_seed0-499_48352cd1,232,27,27,0,2
20260912_215351_529_traffic_scan_env2025_seed0-499_48352cd1,232,27,27,1,2
20260912_215351_529_traffic_scan_env2025_seed0-499_48352cd1,232,27,28,0,1
20260912_215351_529_traffic_scan_env2025_seed0-499_48352cd1,232,27,28,1,1
20260912_215351_529_traffic_scan_env2025_seed0-499_48352cd1,232,27,29,0,1
20260912_215351_529_traffic_scan_env2025_seed0-499_48352cd1,232,27,29,1,2
20260912_215351_529_traffic_scan_env2025_seed0-499_48352cd1,232,27,30,1,2
20260912_215351_529_traffic_scan_env2025_seed0-499_48352cd1,232,27,31,0,2
20260912_215351_529_traffic_scan_env2025_seed0-499_48352cd1,232,27,31,1,2
20260912_215351_529_traffic_scan_env2025_seed0-499_48352cd1,232,27,32,1,3
20260912_215351_529_traffic_scan_env2025_seed0-499_48352cd1,232,27,33,0,2
20260912_215351_529_traffic_scan_env2025_seed0-499_48352cd1,232,27,33,1,2
20260912_215351_529_traffic_scan_env2025_seed0-499_48352cd1,232,27,34,0,5
20260912_215351_529_traffic_scan_env2025_seed0-499_48352cd1,232,27,34,1,2
20260912_215351_529_traffic_scan_env2025_seed0-499_48352cd1,232,27,35,0,2
20260912_215351_529_traffic_scan_env2025_seed0-499_48352cd1,232,27,35,1,3
20260912_215351_529_traffic_scan_env2025_seed0-499_48352cd1,232,27,36,1,1
20260912_215351_529_traffic_scan_env2025_seed0-499_48352cd1,232,27,37,0,1
20260912_215351_529_traffic_scan_env2025_seed0-499_48352cd1,232,27,37,1,3
20260912_215351_529_traffic_scan_env2025_seed0-499_48352cd1,232,27,38,0,1
20260912_215351_529_traffic_scan_env2025_seed0-499_48352cd1,232,27,38,1,3
20260912_215351_529_traffic_scan_env2025_seed0-499_48352cd1,232,27,39,0,4
20260912_215351_529_traffic_scan_env2025_seed0-499_48352cd1,232,27,39,1,1
20260912_215351_529_traffic_scan_env2025_seed0-499_48352cd1,232,27,40,0,1
20260912_215351_529_traffic_scan_env2025_seed0-499_48352cd1,232,27,40,1,1
20260912_215351_529_traffic_scan_env2025_seed0-499_48352cd1,232,27,41,2,2
20260912_215351_529_traffic_scan_env2025_seed0-499_48352cd1,232,27,42,2,2
20260912_215351_529_traffic_scan_env2025_seed0-499_48352cd1,232,27,43,0,2
20260912_215351_529_traffic_scan_env2025_seed0-499_48352cd1,232,27,43,1,2
20260912_215351_529_traffic_scan_env2025_seed0-499_48352cd1,232,27,44,1,5
20260912_215351_529_traffic_scan_env2025_seed0-499_48352cd1,232,27,45,0,2
20260912_215351_529_traffic_scan_env2025_seed0-499_48352cd1,232,27,47,0,2
20260912_215351_529_traffic_scan_env2025_seed0-499_48352cd1,232,27,47,1,1
20260912_215351_529_traffic_scan_env2025_seed0-499_48352cd1,232,27,48,0,2
20260912_215351_529_traffic_scan_env2025_seed0-499_48352cd1,232,27,48,1,3
20260912_215351_529_traffic_scan_env2025_seed0-499_48352cd1,232,27,49,0,3
20260912_215351_529_traffic_scan_env2025_seed0-499_48352cd1,232,27,50,0,2
20260912_215351_529_traffic_scan_env2025_seed0-499_48352cd1,232,27,51,0,1
20260912_215351_529_traffic_scan_env2025_seed0-499_48352cd1,232,27,52,1,2
20260912_215351_529_traffic_scan_env2025_seed0-499_48352cd1,232,27,53,0,1
20260912_215351_529_traffic_scan_env2025_seed0-499_48352cd1,232,27,53,1,1
20260912_215351_529_traffic_scan_env2025_seed0-499_48352cd1,232,27,54,1,1
20260912_215351_529_traffic_scan_env2025_seed0-499_48352cd1,232,27,55,0,1
20260912_215351_529_traffic_scan_env2025_seed0-499_48352cd1,232,27,57,2,1
20260912_215351_529_traffic_scan_env2025_seed0-499_48352cd1,232,28,5,1,1
20260912_215351_529_traffic_scan_env2025_seed0-499_48352cd1,232,28,10,1,1
20260912_215351_529_traffic_scan_env2025_seed0-499_48352cd1,232,28,11,0,2
20260912_215351_529_traffic_scan_env2025_seed0-499_48352cd1,232,28,11,1,1
20260912_215351_529_traffic_scan_env2025_seed0-499_48352cd1,232,28,12,0,1
20260912_215351_529_traffic_scan_env2025_seed0-499_48352cd1,232,28,12,1,1
20260912_215351_529_traffic_scan_env2025_seed0-499_48352cd1,232,28,13,0,2
20260912_215351_529_traffic_scan_env2025_seed0-499_48352cd1,232,28,13,1,1
20260912_215351_529_traffic_scan_env2025_seed0-499_48352cd1,232,28,14,1,1
20260912_215351_529_traffic_scan_env2025_seed0-499_48352cd1,232,28,15,0,1
20260912_215351_529_traffic_scan_env2025_seed0-499_48352cd1,232,28,15,1,1
20260912_215351_529_traffic_scan_env2025_seed0-499_48352cd1,232,28,16,1,1
20260912_215351_529_traffic_scan_env2025_seed0-499_48352cd1,232,28,17,2,4
20260912_215351_529_traffic_scan_env2025_seed0-499_48352cd1,232,28,18,2,3
20260912_215351_529_traffic_scan_env2025_seed0-499_48352cd1,232,28,19,0,1
20260912_215351_529_traffic_scan_env2025_seed0-499_48352cd1,232,28,19,1,3
20260912_215351_529_traffic_scan_env2025_seed0-499_48352cd1,232,28,20,1,4
20260912_215351_529_traffic_scan_env2025_seed0-499_48352cd1,232,28,21,1,3
20260912_215351_529_traffic_scan_env2025_seed0-499_48352cd1,232,28,22,0,2
20260912_215351_529_traffic_scan_env2025_seed0-499_48352cd1,232,28,22,1,3
20260912_215351_529_traffic_scan_env2025_seed0-499_48352cd1,232,28,23,1,2
20260912_215351_529_traffic_scan_env2025_seed0-499_48352cd1,232,28,25,0,2
20260912_215351_529_traffic_scan_env2025_seed0-499_48352cd1,232,28,26,0,3
20260912_215351_529_traffic_scan_env2025_seed0-499_48352cd1,232,28,26,1,1
20260912_215351_529_traffic_scan_env2025_seed0-499_48352cd1,232,28,27,1,2
20260912_215351_529_traffic_scan_env2025_seed0-499_48352cd1,232,28,29,0,1
20260912_215351_529_traffic_scan_env2025_seed0-499_48352cd1,232,28,30,0,1
20260912_215351_529_traffic_scan_env2025_seed0-499_48352cd1,232,28,30,1,2
20260912_215351_529_traffic_scan_env2025_seed0-499_48352cd1,232,28,32,0,4
20260912_215351_529_traffic_scan_env2025_seed0-499_48352cd1,232,28,32,1,2
20260912_215351_529_traffic_scan_env2025_seed0-499_48352cd1,232,28,33,0,5
20260912_215351_529_traffic_scan_env2025_seed0-499_48352cd1,232,28,33,1,3
20260912_215351_529_traffic_scan_env2025_seed0-499_48352cd1,232,28,34,2,2
20260912_215351_529_traffic_scan_env2025_seed0-499_48352cd1,232,28,35,2,1
20260912_215351_529_traffic_scan_env2025_seed0-499_48352cd1,232,28,36,0,1
20260912_215351_529_traffic_scan_env2025_seed0-499_48352cd1,232,28,36,1,2
20260912_215351_529_traffic_scan_env2025_seed0-499_48352cd1,232,28,37,0,2
20260912_215351_529_traffic_scan_env2025_seed0-499_48352cd1,232,28,37,1,2
20260912_215351_529_traffic_scan_env2025_seed0-499_48352cd1,232,28,38,1,4
20260912_215351_529_traffic_scan_env2025_seed0-499_48352cd1,232,28,40,0,3
20260912_215351_529_traffic_scan_env2025_seed0-499_48352cd1,232,28,40,1,1
20260912_215351_529_traffic_scan_env2025_seed0-499_48352cd1,232,28,41,2,1
20260912_215351_529_traffic_scan_env2025_seed0-499_48352cd1,232,28,43,0,2
20260912_215351_529_traffic_scan_env2025_seed0-499_48352cd1,232,28,43,1,1
20260912_215351_529_traffic_scan_env2025_seed0-499_48352cd1,232,28,45,0,2
20260912_215351_529_traffic_scan_env2025_seed0-499_48352cd1,232,28,45,1,1
20260912_215351_529_traffic_scan_env2025_seed0-499_48352cd1,232,28,47,1,2
20260912_215351_529_traffic_scan_env2025_seed0-499_48352cd1,232,28,48,0,3
20260912_215351_529_traffic_scan_env2025_seed0-499_48352cd1,232,28,48,1,2
20260912_215351_529_traffic_scan_env2025_seed0-499_48352cd1,232,28,49,0,1
20260912_215351_529_traffic_scan_env2025_seed0-499_48352cd1,232,28,50,0,1
20260912_215351_529_traffic_scan_env2025_seed0-499_48352cd1,232,28,52,0,1
20260912_215351_529_traffic_scan_env2025_seed0-499_48352cd1,232,28,52,1,2
20260912_215351_529_traffic_scan_env2025_seed0-499_48352cd1,232,28,53,1,2
20260912_215351_529_traffic_scan_env2025_seed0-499_48352cd1,232,28,54,0,2
20260912_215351_529_traffic_scan_env2025_seed0-499_48352cd1,232,28,57,2,1
20260912_215351_529_traffic_scan_env2025_seed0-499_48352cd1,232,29,4,0,1
20260912_215351_529_traffic_scan_env2025_seed0-499_48352cd1,232,29,5,1,1
20260912_215351_529_traffic_scan_env2025_seed0-499_48352cd1,232,29,8,1,1
20260912_215351_529_traffic_scan_env2025_seed0-499_48352cd1,232,29,9,2,1
20260912_215351_529_traffic_scan_env2025_seed0-499_48352cd1,232,29,10,1,3
20260912_215351_529_traffic_scan_env2025_seed0-499_48352cd1,232,29,11,0,1
20260912_215351_529_traffic_scan_env2025_seed0-499_48352cd1,232,29,11,1,1
20260912_215351_529_traffic_scan_env2025_seed0-499_48352cd1,232,29,14,0,2
20260912_215351_529_traffic_scan_env2025_seed0-499_48352cd1,232,29,15,0,1
20260912_215351_529_traffic_scan_env2025_seed0-499_48352cd1,232,29,16,0,1
20260912_215351_529_traffic_scan_env2025_seed0-499_48352cd1,232,29,16,1,2
20260912_215351_529_traffic_scan_env2025_seed0-499_48352cd1,232,29,17,1,2
20260912_215351_529_traffic_scan_env2025_seed0-499_48352cd1,232,29,18,1,1
20260912_215351_529_traffic_scan_env2025_seed0-499_48352cd1,232,29,19,0,1
20260912_215351_529_traffic_scan_env2025_seed0-499_48352cd1,232,29,19,1,2
20260912_215351_529_traffic_scan_env2025_seed0-499_48352cd1,232,29,20,1,1
20260912_215351_529_traffic_scan_env2025_seed0-499_48352cd1,232,29,21,1,1
20260912_215351_529_traffic_scan_env2025_seed0-499_48352cd1,232,29,23,0,2
20260912_215351_529_traffic_scan_env2025_seed0-499_48352cd1,232,29,24,1,1
20260912_215351_529_traffic_scan_env2025_seed0-499_48352cd1,232,29,25,0,4
20260912_215351_529_traffic_scan_env2025_seed0-499_48352cd1,232,29,25,1,2
20260912_215351_529_traffic_scan_env2025_seed0-499_48352cd1,232,29,26,0,1
20260912_215351_529_traffic_scan_env2025_seed0-499_48352cd1,232,29,26,1,1
20260912_215351_529_traffic_scan_env2025_seed0-499_48352cd1,232,29,27,2,1
20260912_215351_529_traffic_scan_env2025_seed0-499_48352cd1,232,29,28,1,3
20260912_215351_529_traffic_scan_env2025_seed0-499_48352cd1,232,29,30,0,2
20260912_215351_529_traffic_scan_env2025_seed0-499_48352cd1,232,29,30,1,1
20260912_215351_529_traffic_scan_env2025_seed0-499_48352cd1,232,29,31,0,3
20260912_215351_529_traffic_scan_env2025_seed0-499_48352cd1,232,29,31,1,1
20260912_215351_529_traffic_scan_env2025_seed0-499_48352cd1,232,29,32,0,4
20260912_215351_529_traffic_scan_env2025_seed0-499_48352cd1,232,29,32,1,2
20260912_215351_529_traffic_scan_env2025_seed0-499_48352cd1,232,29,33,0,3
20260912_215351_529_traffic_scan_env2025_seed0-499_48352cd1,232,29,33,1,4
20260912_215351_529_traffic_scan_env2025_seed0-499_48352cd1,232,29,34,2,1
20260912_215351_529_traffic_scan_env2025_seed0-499_48352cd1,232,29,36,0,2
20260912_215351_529_traffic_scan_env2025_seed0-499_48352cd1,232,29,36,1,1
20260912_215351_529_traffic_scan_env2025_seed0-499_48352cd1,232,29,37,0,1
20260912_215351_529_traffic_scan_env2025_seed0-499_48352cd1,232,29,37,1,2
20260912_215351_529_traffic_scan_env2025_seed0-499_48352cd1,232,29,39,1,3
20260912_215351_529_traffic_scan_env2025_seed0-499_48352cd1,232,29,40,1,1
20260912_215351_529_traffic_scan_env2025_seed0-499_48352cd1,232,29,41,0,3
20260912_215351_529_traffic_scan_env2025_seed0-499_48352cd1,232,29,42,0,2
20260912_215351_529_traffic_scan_env2025_seed0-499_48352cd1,232,29,43,2,1
20260912_215351_529_traffic_scan_env2025_seed0-499_48352cd1,232,29,44,0,1
20260912_215351_529_traffic_scan_env2025_seed0-499_48352cd1,232,29,45,0,1
20260912_215351_529_traffic_scan_env2025_seed0-499_48352cd1,232,29,46,0,5
20260912_215351_529_traffic_scan_env2025_seed0-499_48352cd1,232,29,46,1,3
20260912_215351_529_traffic_scan_env2025_seed0-499_48352cd1,232,29,47,0,5
20260912_215351_529_traffic_scan_env2025_seed0-499_48352cd1,232,29,48,0,2
20260912_215351_529_traffic_scan_env2025_seed0-499_48352cd1,232,29,48,1,2
20260912_215351_529_traffic_scan_env2025_seed0-499_48352cd1,232,29,50,0,2
20260912_215351_529_traffic_scan_env2025_seed0-499_48352cd1,232,29,51,1,1
20260912_215351_529_traffic_scan_env2025_seed0-499_48352cd1,232,29,52,1,2
20260912_215351_529_traffic_scan_env2025_seed0-499_48352cd1,232,29,53,0,2
20260912_215351_529_traffic_scan_env2025_seed0-499_48352cd1,232,29,54,2,1
20260912_215351_529_traffic_scan_env2025_seed0-499_48352cd1,232,29,55,0,1
20260912_215351_529_traffic_scan_env2025_seed0-499_48352cd1,232,29,56,1,1
20260912_215351_529_traffic_scan_env2025_seed0-499_48352cd1,232,30,5,0,1
20260912_215351_529_traffic_scan_env2025_seed0-499_48352cd1,232,30,5,1,2
20260912_215351_529_traffic_scan_env2025_seed0-499_48352cd1,232,30,6,1,1
20260912_215351_529_traffic_scan_env2025_seed0-499_48352cd1,232,30,7,1,1
20260912_215351_529_traffic_scan_env2025_seed0-499_48352cd1,232,30,9,1,1
20260912_215351_529_traffic_scan_env2025_seed0-499_48352cd1,232,30,10,1,1
20260912_215351_529_traffic_scan_env2025_seed0-499_48352cd1,232,30,11,0,1
20260912_215351_529_traffic_scan_env2025_seed0-499_48352cd1,232,30,15,0,4
20260912_215351_529_traffic_scan_env2025_seed0-499_48352cd1,232,30,15,1,2
20260912_215351_529_traffic_scan_env2025_seed0-499_48352cd1,232,30,17,1,1
20260912_215351_529_traffic_scan_env2025_seed0-499_48352cd1,232,30,18,1,3
20260912_215351_529_traffic_scan_env2025_seed0-499_48352cd1,232,30,19,0,1
20260912_215351_529_traffic_scan_env2025_seed0-499_48352cd1,232,30,19,1,1
20260912_215351_529_traffic_scan_env2025_seed0-499_48352cd1,232,30,20,0,1
20260912_215351_529_traffic_scan_env2025_seed0-499_48352cd1,232,30,24,0,4
20260912_215351_529_traffic_scan_env2025_seed0-499_48352cd1,232,30,24,1,1
20260912_215351_529_traffic_scan_env2025_seed0-499_48352cd1,232,30,26,0,2
20260912_215351_529_traffic_scan_env2025_seed0-499_48352cd1,232,30,27,0,1
20260912_215351_529_traffic_scan_env2025_seed0-499_48352cd1,232,30,29,0,1
20260912_215351_529_traffic_scan_env2025_seed0-499_48352cd1,232,30,29,1,3
20260912_215351_529_traffic_scan_env2025_seed0-499_48352cd1,232,30,30,2,2
20260912_215351_529_traffic_scan_env2025_seed0-499_48352cd1,232,30,31,0,6
20260912_215351_529_traffic_scan_env2025_seed0-499_48352cd1,232,30,31,1,2
20260912_215351_529_traffic_scan_env2025_seed0-499_48352cd1,232,30,32,0,2
20260912_215351_529_traffic_scan_env2025_seed0-499_48352cd1,232,30,32,1,5
20260912_215351_529_traffic_scan_env2025_seed0-499_48352cd1,232,30,33,1,2
20260912_215351_529_traffic_scan_env2025_seed0-499_48352cd1,232,30,34,0,2
20260912_215351_529_traffic_scan_env2025_seed0-499_48352cd1,232,30,34,1,2
20260912_215351_529_traffic_scan_env2025_seed0-499_48352cd1,232,30,35,0,3
20260912_215351_529_traffic_scan_env2025_seed0-499_48352cd1,232,30,35,1,3
20260912_215351_529_traffic_scan_env2025_seed0-499_48352cd1,232,30,36,1,1
20260912_215351_529_traffic_scan_env2025_seed0-499_48352cd1,232,30,37,0,1
20260912_215351_529_traffic_scan_env2025_seed0-499_48352cd1,232,30,37,1,2
20260912_215351_529_traffic_scan_env2025_seed0-499_48352cd1,232,30,38,0,1
20260912_215351_529_traffic_scan_env2025_seed0-499_48352cd1,232,30,38,1,3
20260912_215351_529_traffic_scan_env2025_seed0-499_48352cd1,232,30,39,1,2
20260912_215351_529_traffic_scan_env2025_seed0-499_48352cd1,232,30,40,1,3
20260912_215351_529_traffic_scan_env2025_seed0-499_48352cd1,232,30,41,1,1
20260912_215351_529_traffic_scan_env2025_seed0-499_48352cd1,232,30,42,0,3
20260912_215351_529_traffic_scan_env2025_seed0-499_48352cd1,232,30,43,0,1
20260912_215351_529_traffic_scan_env2025_seed0-499_48352cd1,232,30,43,1,1
20260912_215351_529_traffic_scan_env2025_seed0-499_48352cd1,232,30,44,0,2
20260912_215351_529_traffic_scan_env2025_seed0-499_48352cd1,232,30,45,0,2
20260912_215351_529_traffic_scan_env2025_seed0-499_48352cd1,232,30,45,1,3
20260912_215351_529_traffic_scan_env2025_seed0-499_48352cd1,232,30,48,0,3
20260912_215351_529_traffic_scan_env2025_seed0-499_48352cd1,232,30,48,1,2
20260912_215351_529_traffic_scan_env2025_seed0-499_48352cd1,232,30,50,0,1
20260912_215351_529_traffic_scan_env2025_seed0-499_48352cd1,232,30,50,1,1
20260912_215351_529_traffic_scan_env2025_seed0-499_48352cd1,232,30,51,1,1
20260912_215351_529_traffic_scan_env2025_seed0-499_48352cd1,232,30,52,0,1
20260912_215351_529_traffic_scan_env2025_seed0-499_48352cd1,232,30,52,1,1
20260912_215351_529_traffic_scan_env2025_seed0-499_48352cd1,232,30,54,0,1
20260912_215351_529_traffic_scan_env2025_seed0-499_48352cd1,232,30,55,0,1
20260912_215351_529_traffic_scan_env2025_seed0-499_48352cd1,232,30,55,1,2
20260912_215351_529_traffic_scan_env2025_seed0-499_48352cd1,232,31,4,1,1
20260912_215351_529_traffic_scan_env2025_seed0-499_48352cd1,232,31,5,1,1
20260912_215351_529_traffic_scan_env2025_seed0-499_48352cd1,232,31,6,0,1
20260912_215351_529_traffic_scan_env2025_seed0-499_48352cd1,232,31,8,1,1
20260912_215351_529_traffic_scan_env2025_seed0-499_48352cd1,232,31,10,1,1
20260912_215351_529_traffic_scan_env2025_seed0-499_48352cd1,232,31,11,0,2
20260912_215351_529_traffic_scan_env2025_seed0-499_48352cd1,232,31,12,0,1
20260912_215351_529_traffic_scan_env2025_seed0-499_48352cd1,232,31,13,0,1
20260912_215351_529_traffic_scan_env2025_seed0-499_48352cd1,232,31,14,0,1
20260912_215351_529_traffic_scan_env2025_seed0-499_48352cd1,232,31,14,1,2
20260912_215351_529_traffic_scan_env2025_seed0-499_48352cd1,232,31,15,0,3
20260912_215351_529_traffic_scan_env2025_seed0-499_48352cd1,232,31,17,1,3
20260912_215351_529_traffic_scan_env2025_seed0-499_48352cd1,232,31,18,1,2
20260912_215351_529_traffic_scan_env2025_seed0-499_48352cd1,232,31,19,0,2
20260912_215351_529_traffic_scan_env2025_seed0-499_48352cd1,232,31,23,0,2
20260912_215351_529_traffic_scan_env2025_seed0-499_48352cd1,232,31,23,1,1
20260912_215351_529_traffic_scan_env2025_seed0-499_48352cd1,232,31,25,0,2
20260912_215351_529_traffic_scan_env2025_seed0-499_48352cd1,232,31,27,0,3
20260912_215351_529_traffic_scan_env2025_seed0-499_48352cd1,232,31,28,0,1
20260912_215351_529_traffic_scan_env2025_seed0-499_48352cd1,232,31,30,0,5
20260912_215351_529_traffic_scan_env2025_seed0-499_48352cd1,232,31,30,1,4
20260912_215351_529_traffic_scan_env2025_seed0-499_48352cd1,232,31,31,0,1
20260912_215351_529_traffic_scan_env2025_seed0-499_48352cd1,232,31,31,1,2
20260912_215351_529_traffic_scan_env2025_seed0-499_48352cd1,232,31,32,0,1
20260912_215351_529_traffic_scan_env2025_seed0-499_48352cd1,232,31,32,1,1
20260912_215351_529_traffic_scan_env2025_seed0-499_48352cd1,232,31,33,0,1
20260912_215351_529_traffic_scan_env2025_seed0-499_48352cd1,232,31,33,1,2
20260912_215351_529_traffic_scan_env2025_seed0-499_48352cd1,232,31,34,0,1
20260912_215351_529_traffic_scan_env2025_seed0-499_48352cd1,232,31,34,1,1
20260912_215351_529_traffic_scan_env2025_seed0-499_48352cd1,232,31,35,1,1
20260912_215351_529_traffic_scan_env2025_seed0-499_48352cd1,232,31,36,0,2
20260912_215351_529_traffic_scan_env2025_seed0-499_48352cd1,232,31,36,1,1
20260912_215351_529_traffic_scan_env2025_seed0-499_48352cd1,232,31,37,1,2
20260912_215351_529_traffic_scan_env2025_seed0-499_48352cd1,232,31,38,0,2
20260912_215351_529_traffic_scan_env2025_seed0-499_48352cd1,232,31,38,1,1
20260912_215351_529_traffic_scan_env2025_seed0-499_48352cd1,232,31,39,1,1
20260912_215351_529_traffic_scan_env2025_seed0-499_48352cd1,232,31,41,0,3
20260912_215351_529_traffic_scan_env2025_seed0-499_48352cd1,232,31,41,1,1
20260912_215351_529_traffic_scan_env2025_seed0-499_48352cd1,232,31,42,0,3
20260912_215351_529_traffic_scan_env2025_seed0-499_48352cd1,232,31,43,0,6
20260912_215351_529_traffic_scan_env2025_seed0-499_48352cd1,232,31,43,1,1
20260912_215351_529_traffic_scan_env2025_seed0-499_48352cd1,232,31,44,2,1
20260912_215351_529_traffic_scan_env2025_seed0-499_48352cd1,232,31,45,1,2
20260912_215351_529_traffic_scan_env2025_seed0-499_48352cd1,232,31,48,0,3
20260912_215351_529_traffic_scan_env2025_seed0-499_48352cd1,232,31,48,1,3
20260912_215351_529_traffic_scan_env2025_seed0-499_48352cd1,232,31,49,0,1
20260912_215351_529_traffic_scan_env2025_seed0-499_48352cd1,232,31,49,1,1
20260912_215351_529_traffic_scan_env2025_seed0-499_48352cd1,232,31,50,0,1
20260912_215351_529_traffic_scan_env2025_seed0-499_48352cd1,232,31,50,1,1
20260912_215351_529_traffic_scan_env2025_seed0-499_48352cd1,232,31,51,0,1
20260912_215351_529_traffic_scan_env2025_seed0-499_48352cd1,232,31,52,0,1
20260912_215351_529_traffic_scan_env2025_seed0-499_48352cd1,232,31,52,1,1
20260912_215351_529_traffic_scan_env2025_seed0-499_48352cd1,232,31,53,0,1
20260912_215351_529_traffic_scan_env2025_seed0-499_48352cd1,232,31,54,0,1
20260912_215351_529_traffic_scan_env2025_seed0-499_48352cd1,232,31,54,2,1
20260912_215351_529_traffic_scan_env2025_seed0-499_48352cd1,232,31,55,1,1
20260912_215351_529_traffic_scan_env2025_seed0-499_48352cd1,232,31,56,0,2
20260912_215351_529_traffic_scan_env2025_seed0-499_48352cd1,232,31,57,0,1
20260912_215351_529_traffic_scan_env2025_seed0-499_48352cd1,232,31,58,0,1
20260912_215351_529_traffic_scan_env2025_seed0-499_48352cd1,232,32,1,0,1
20260912_215351_529_traffic_scan_env2025_seed0-499_48352cd1,232,32,3,2,1
20260912_215351_529_traffic_scan_env2025_seed0-499_48352cd1,232,32,5,1,1
20260912_215351_529_traffic_scan_env2025_seed0-499_48352cd1,232,32,7,0,1
20260912_215351_529_traffic_scan_env2025_seed0-499_48352cd1,232,32,7,1,1
20260912_215351_529_traffic_scan_env2025_seed0-499_48352cd1,232,32,10,0,1
20260912_215351_529_traffic_scan_env2025_seed0-499_48352cd1,232,32,10,1,1
20260912_215351_529_traffic_scan_env2025_seed0-499_48352cd1,232,32,11,0,1
20260912_215351_529_traffic_scan_env2025_seed0-499_48352cd1,232,32,13,1,2
20260912_215351_529_traffic_scan_env2025_seed0-499_48352cd1,232,32,15,0,2
20260912_215351_529_traffic_scan_env2025_seed0-499_48352cd1,232,32,16,0,1
20260912_215351_529_traffic_scan_env2025_seed0-499_48352cd1,232,32,16,1,2
20260912_215351_529_traffic_scan_env2025_seed0-499_48352cd1,232,32,17,1,2
20260912_215351_529_traffic_scan_env2025_seed0-499_48352cd1,232,32,18,0,1
20260912_215351_529_traffic_scan_env2025_seed0-499_48352cd1,232,32,18,1,1
20260912_215351_529_traffic_scan_env2025_seed0-499_48352cd1,232,32,19,0,1
20260912_215351_529_traffic_scan_env2025_seed0-499_48352cd1,232,32,20,0,1
20260912_215351_529_traffic_scan_env2025_seed0-499_48352cd1,232,32,20,1,1
20260912_215351_529_traffic_scan_env2025_seed0-499_48352cd1,232,32,21,0,1
20260912_215351_529_traffic_scan_env2025_seed0-499_48352cd1,232,32,21,1,1
20260912_215351_529_traffic_scan_env2025_seed0-499_48352cd1,232,32,22,0,2
20260912_215351_529_traffic_scan_env2025_seed0-499_48352cd1,232,32,22,1,1
20260912_215351_529_traffic_scan_env2025_seed0-499_48352cd1,232,32,26,0,5
20260912_215351_529_traffic_scan_env2025_seed0-499_48352cd1,232,32,27,0,6
20260912_215351_529_traffic_scan_env2025_seed0-499_48352cd1,232,32,28,0,2
20260912_215351_529_traffic_scan_env2025_seed0-499_48352cd1,232,32,29,0,5
20260912_215351_529_traffic_scan_env2025_seed0-499_48352cd1,232,32,29,1,1
20260912_215351_529_traffic_scan_env2025_seed0-499_48352cd1,232,32,30,0,1
20260912_215351_529_traffic_scan_env2025_seed0-499_48352cd1,232,32,30,1,3
20260912_215351_529_traffic_scan_env2025_seed0-499_48352cd1,232,32,31,1,2
20260912_215351_529_traffic_scan_env2025_seed0-499_48352cd1,232,32,32,1,1
20260912_215351_529_traffic_scan_env2025_seed0-499_48352cd1,232,32,33,0,2
20260912_215351_529_traffic_scan_env2025_seed0-499_48352cd1,232,32,33,1,2
20260912_215351_529_traffic_scan_env2025_seed0-499_48352cd1,232,32,34,0,1
20260912_215351_529_traffic_scan_env2025_seed0-499_48352cd1,232,32,34,1,1
20260912_215351_529_traffic_scan_env2025_seed0-499_48352cd1,232,32,36,1,2
20260912_215351_529_traffic_scan_env2025_seed0-499_48352cd1,232,32,37,0,2
20260912_215351_529_traffic_scan_env2025_seed0-499_48352cd1,232,32,37,1,3
20260912_215351_529_traffic_scan_env2025_seed0-499_48352cd1,232,32,38,0,1
20260912_215351_529_traffic_scan_env2025_seed0-499_48352cd1,232,32,39,0,1
20260912_215351_529_traffic_scan_env2025_seed0-499_48352cd1,232,32,40,0,2
20260912_215351_529_traffic_scan_env2025_seed0-499_48352cd1,232,32,40,1,1
20260912_215351_529_traffic_scan_env2025_seed0-499_48352cd1,232,32,42,2,1
20260912_215351_529_traffic_scan_env2025_seed0-499_48352cd1,232,32,43,0,2
20260912_215351_529_traffic_scan_env2025_seed0-499_48352cd1,232,32,43,1,2
20260912_215351_529_traffic_scan_env2025_seed0-499_48352cd1,232,32,44,0,3
20260912_215351_529_traffic_scan_env2025_seed0-499_48352cd1,232,32,44,1,1
20260912_215351_529_traffic_scan_env2025_seed0-499_48352cd1,232,32,45,0,1
20260912_215351_529_traffic_scan_env2025_seed0-499_48352cd1,232,32,46,1,1
20260912_215351_529_traffic_scan_env2025_seed0-499_48352cd1,232,32,47,2,3
20260912_215351_529_traffic_scan_env2025_seed0-499_48352cd1,232,32,48,2,1
20260912_215351_529_traffic_scan_env2025_seed0-499_48352cd1,232,32,49,0,3
20260912_215351_529_traffic_scan_env2025_seed0-499_48352cd1,232,32,49,1,1
20260912_215351_529_traffic_scan_env2025_seed0-499_48352cd1,232,32,50,0,2
20260912_215351_529_traffic_scan_env2025_seed0-499_48352cd1,232,32,51,0,2
20260912_215351_529_traffic_scan_env2025_seed0-499_48352cd1,232,32,53,3,1
20260912_215351_529_traffic_scan_env2025_seed0-499_48352cd1,232,32,55,0,1
20260912_215351_529_traffic_scan_env2025_seed0-499_48352cd1,232,32,55,1,1
20260912_215351_529_traffic_scan_env2025_seed0-499_48352cd1,232,33,2,1,1
20260912_215351_529_traffic_scan_env2025_seed0-499_48352cd1,232,33,5,1,1
20260912_215351_529_traffic_scan_env2025_seed0-499_48352cd1,232,33,6,1,1
20260912_215351_529_traffic_scan_env2025_seed0-499_48352cd1,232,33,8,0,1
20260912_215351_529_traffic_scan_env2025_seed0-499_48352cd1,232,33,10,1,1
20260912_215351_529_traffic_scan_env2025_seed0-499_48352cd1,232,33,12,0,2
20260912_215351_529_traffic_scan_env2025_seed0-499_48352cd1,232,33,12,1,1
20260912_215351_529_traffic_scan_env2025_seed0-499_48352cd1,232,33,15,0,2
20260912_215351_529_traffic_scan_env2025_seed0-499_48352cd1,232,33,15,1,2
20260912_215351_529_traffic_scan_env2025_seed0-499_48352cd1,232,33,16,1,1
20260912_215351_529_traffic_scan_env2025_seed0-499_48352cd1,232,33,17,0,2
20260912_215351_529_traffic_scan_env2025_seed0-499_48352cd1,232,33,17,1,1
20260912_215351_529_traffic_scan_env2025_seed0-499_48352cd1,232,33,18,1,1
20260912_215351_529_traffic_scan_env2025_seed0-499_48352cd1,232,33,19,0,2
20260912_215351_529_traffic_scan_env2025_seed0-499_48352cd1,232,33,19,1,1
20260912_215351_529_traffic_scan_env2025_seed0-499_48352cd1,232,33,21,0,1
20260912_215351_529_traffic_scan_env2025_seed0-499_48352cd1,232,33,25,0,3
20260912_215351_529_traffic_scan_env2025_seed0-499_48352cd1,232,33,28,0,8
20260912_215351_529_traffic_scan_env2025_seed0-499_48352cd1,232,33,28,1,1
20260912_215351_529_traffic_scan_env2025_seed0-499_48352cd1,232,33,29,0,3
20260912_215351_529_traffic_scan_env2025_seed0-499_48352cd1,232,33,29,1,3
20260912_215351_529_traffic_scan_env2025_seed0-499_48352cd1,232,33,32,0,1
20260912_215351_529_traffic_scan_env2025_seed0-499_48352cd1,232,33,32,1,4
20260912_215351_529_traffic_scan_env2025_seed0-499_48352cd1,232,33,33,1,1
20260912_215351_529_traffic_scan_env2025_seed0-499_48352cd1,232,33,34,0,1
20260912_215351_529_traffic_scan_env2025_seed0-499_48352cd1,232,33,35,0,1
20260912_215351_529_traffic_scan_env2025_seed0-499_48352cd1,232,33,35,1,2
20260912_215351_529_traffic_scan_env2025_seed0-499_48352cd1,232,33,36,1,1
20260912_215351_529_traffic_scan_env2025_seed0-499_48352cd1,232,33,37,0,1
20260912_215351_529_traffic_scan_env2025_seed0-499_48352cd1,232,33,37,1,1
20260912_215351_529_traffic_scan_env2025_seed0-499_48352cd1,232,33,38,0,3
20260912_215351_529_traffic_scan_env2025_seed0-499_48352cd1,232,33,38,1,1
20260912_215351_529_traffic_scan_env2025_seed0-499_48352cd1,232,33,39,0,2
20260912_215351_529_traffic_scan_env2025_seed0-499_48352cd1,232,33,40,0,1
20260912_215351_529_traffic_scan_env2025_seed0-499_48352cd1,232,33,41,2,1
20260912_215351_529_traffic_scan_env2025_seed0-499_48352cd1,232,33,42,2,1
20260912_215351_529_traffic_scan_env2025_seed0-499_48352cd1,232,33,43,0,1
20260912_215351_529_traffic_scan_env2025_seed0-499_48352cd1,232,33,43,1,3
20260912_215351_529_traffic_scan_env2025_seed0-499_48352cd1,232,33,44,0,1
20260912_215351_529_traffic_scan_env2025_seed0-499_48352cd1,232,33,45,0,2
20260912_215351_529_traffic_scan_env2025_seed0-499_48352cd1,232,33,45,1,1
20260912_215351_529_traffic_scan_env2025_seed0-499_48352cd1,232,33,46,0,1
20260912_215351_529_traffic_scan_env2025_seed0-499_48352cd1,232,33,46,1,1
20260912_215351_529_traffic_scan_env2025_seed0-499_48352cd1,232,33,47,2,4
20260912_215351_529_traffic_scan_env2025_seed0-499_48352cd1,232,33,48,2,1
20260912_215351_529_traffic_scan_env2025_seed0-499_48352cd1,232,33,49,0,5
20260912_215351_529_traffic_scan_env2025_seed0-499_48352cd1,232,33,50,0,2
20260912_215351_529_traffic_scan_env2025_seed0-499_48352cd1,232,33,51,0,1
20260912_215351_529_traffic_scan_env2025_seed0-499_48352cd1,232,33,52,3,1
20260912_215351_529_traffic_scan_env2025_seed0-499_48352cd1,232,33,55,1,1
20260912_215351_529_traffic_scan_env2025_seed0-499_48352cd1,232,34,1,0,1
20260912_215351_529_traffic_scan_env2025_seed0-499_48352cd1,232,34,5,1,2
20260912_215351_529_traffic_scan_env2025_seed0-499_48352cd1,232,34,9,0,1
20260912_215351_529_traffic_scan_env2025_seed0-499_48352cd1,232,34,10,1,1
20260912_215351_529_traffic_scan_env2025_seed0-499_48352cd1,232,34,11,0,1
20260912_215351_529_traffic_scan_env2025_seed0-499_48352cd1,232,34,11,1,1
20260912_215351_529_traffic_scan_env2025_seed0-499_48352cd1,232,34,12,0,1
20260912_215351_529_traffic_scan_env2025_seed0-499_48352cd1,232,34,14,1,2
20260912_215351_529_traffic_scan_env2025_seed0-499_48352cd1,232,34,15,0,2
20260912_215351_529_traffic_scan_env2025_seed0-499_48352cd1,232,34,15,1,1
20260912_215351_529_traffic_scan_env2025_seed0-499_48352cd1,232,34,16,0,1
20260912_215351_529_traffic_scan_env2025_seed0-499_48352cd1,232,34,17,2,1
20260912_215351_529_traffic_scan_env2025_seed0-499_48352cd1,232,34,18,0,2
20260912_215351_529_traffic_scan_env2025_seed0-499_48352cd1,232,34,18,1,2
20260912_215351_529_traffic_scan_env2025_seed0-499_48352cd1,232,34,19,0,1
20260912_215351_529_traffic_scan_env2025_seed0-499_48352cd1,232,34,20,0,1
20260912_215351_529_traffic_scan_env2025_seed0-499_48352cd1,232,34,24,0,3
20260912_215351_529_traffic_scan_env2025_seed0-499_48352cd1,232,34,27,2,1
20260912_215351_529_traffic_scan_env2025_seed0-499_48352cd1,232,34,28,0,5
20260912_215351_529_traffic_scan_env2025_seed0-499_48352cd1,232,34,28,1,3
20260912_215351_529_traffic_scan_env2025_seed0-499_48352cd1,232,34,29,0,2
20260912_215351_529_traffic_scan_env2025_seed0-499_48352cd1,232,34,30,0,2
20260912_215351_529_traffic_scan_env2025_seed0-499_48352cd1,232,34,31,0,1
20260912_215351_529_traffic_scan_env2025_seed0-499_48352cd1,232,34,31,1,1
20260912_215351_529_traffic_scan_env2025_seed0-499_48352cd1,232,34,33,0,1
20260912_215351_529_traffic_scan_env2025_seed0-499_48352cd1,232,34,33,1,3
20260912_215351_529_traffic_scan_env2025_seed0-499_48352cd1,232,34,34,1,1
20260912_215351_529_traffic_scan_env2025_seed0-499_48352cd1,232,34,35,0,1
20260912_215351_529_traffic_scan_env2025_seed0-499_48352cd1,232,34,35,1,1
20260912_215351_529_traffic_scan_env2025_seed0-499_48352cd1,232,34,36,0,1
20260912_215351_529_traffic_scan_env2025_seed0-499_48352cd1,232,34,36,1,1
20260912_215351_529_traffic_scan_env2025_seed0-499_48352cd1,232,34,37,1,1
20260912_215351_529_traffic_scan_env2025_seed0-499_48352cd1,232,34,38,0,4
20260912_215351_529_traffic_scan_env2025_seed0-499_48352cd1,232,34,39,0,2
20260912_215351_529_traffic_scan_env2025_seed0-499_48352cd1,232,34,39,1,1
20260912_215351_529_traffic_scan_env2025_seed0-499_48352cd1,232,34,41,0,1
20260912_215351_529_traffic_scan_env2025_seed0-499_48352cd1,232,34,41,1,1
20260912_215351_529_traffic_scan_env2025_seed0-499_48352cd1,232,34,42,1,2
20260912_215351_529_traffic_scan_env2025_seed0-499_48352cd1,232,34,43,0,1
20260912_215351_529_traffic_scan_env2025_seed0-499_48352cd1,232,34,43,1,1
20260912_215351_529_traffic_scan_env2025_seed0-499_48352cd1,232,34,44,0,2
20260912_215351_529_traffic_scan_env2025_seed0-499_48352cd1,232,34,44,1,1
20260912_215351_529_traffic_scan_env2025_seed0-499_48352cd1,232,34,46,0,2
20260912_215351_529_traffic_scan_env2025_seed0-499_48352cd1,232,34,46,1,1
20260912_215351_529_traffic_scan_env2025_seed0-499_48352cd1,232,34,47,0,1
20260912_215351_529_traffic_scan_env2025_seed0-499_48352cd1,232,34,47,1,3
20260912_215351_529_traffic_scan_env2025_seed0-499_48352cd1,232,34,48,0,2
20260912_215351_529_traffic_scan_env2025_seed0-499_48352cd1,232,34,48,1,1
20260912_215351_529_traffic_scan_env2025_seed0-499_48352cd1,232,34,49,0,2
20260912_215351_529_traffic_scan_env2025_seed0-499_48352cd1,232,34,50,0,5
20260912_215351_529_traffic_scan_env2025_seed0-499_48352cd1,232,34,51,2,1
20260912_215351_529_traffic_scan_env2025_seed0-499_48352cd1,232,34,54,0,1
20260912_215351_529_traffic_scan_env2025_seed0-499_48352cd1,232,34,55,2,1
20260912_215351_529_traffic_scan_env2025_seed0-499_48352cd1,232,35,2,0,1
20260912_215351_529_traffic_scan_env2025_seed0-499_48352cd1,232,35,4,1,1
20260912_215351_529_traffic_scan_env2025_seed0-499_48352cd1,232,35,5,1,1
20260912_215351_529_traffic_scan_env2025_seed0-499_48352cd1,232,35,10,0,2
20260912_215351_529_traffic_scan_env2025_seed0-499_48352cd1,232,35,10,1,2
20260912_215351_529_traffic_scan_env2025_seed0-499_48352cd1,232,35,12,0,1
20260912_215351_529_traffic_scan_env2025_seed0-499_48352cd1,232,35,13,1,2
20260912_215351_529_traffic_scan_env2025_seed0-499_48352cd1,232,35,14,1,1
20260912_215351_529_traffic_scan_env2025_seed0-499_48352cd1,232,35,15,0,3
20260912_215351_529_traffic_scan_env2025_seed0-499_48352cd1,232,35,16,0,1
20260912_215351_529_traffic_scan_env2025_seed0-499_48352cd1,232,35,17,0,1
20260912_215351_529_traffic_scan_env2025_seed0-499_48352cd1,232,35,17,1,2
20260912_215351_529_traffic_scan_env2025_seed0-499_48352cd1,232,35,18,1,1
20260912_215351_529_traffic_scan_env2025_seed0-499_48352cd1,232,35,19,0,3
20260912_215351_529_traffic_scan_env2025_seed0-499_48352cd1,232,35,23,0,3
20260912_215351_529_traffic_scan_env2025_seed0-499_48352cd1,232,35,26,0,1
20260912_215351_529_traffic_scan_env2025_seed0-499_48352cd1,232,35,26,1,1
20260912_215351_529_traffic_scan_env2025_seed0-499_48352cd1,232,35,27,0,5
20260912_215351_529_traffic_scan_env2025_seed0-499_48352cd1,232,35,27,1,3
20260912_215351_529_traffic_scan_env2025_seed0-499_48352cd1,232,35,30,0,2
20260912_215351_529_traffic_scan_env2025_seed0-499_48352cd1,232,35,30,1,1
20260912_215351_529_traffic_scan_env2025_seed0-499_48352cd1,232,35,31,0,3
20260912_215351_529_traffic_scan_env2025_seed0-499_48352cd1,232,35,33,0,1
20260912_215351_529_traffic_scan_env2025_seed0-499_48352cd1,232,35,33,1,1
20260912_215351_529_traffic_scan_env2025_seed0-499_48352cd1,232,35,34,1,4
20260912_215351_529_traffic_scan_env2025_seed0-499_48352cd1,232,35,36,0,1
20260912_215351_529_traffic_scan_env2025_seed0-499_48352cd1,232,35,37,0,3
20260912_215351_529_traffic_scan_env2025_seed0-499_48352cd1,232,35,37,1,2
20260912_215351_529_traffic_scan_env2025_seed0-499_48352cd1,232,35,38,0,1
20260912_215351_529_traffic_scan_env2025_seed0-499_48352cd1,232,35,39,0,1
20260912_215351_529_traffic_scan_env2025_seed0-499_48352cd1,232,35,40,0,2
20260912_215351_529_traffic_scan_env2025_seed0-499_48352cd1,232,35,40,1,2
20260912_215351_529_traffic_scan_env2025_seed0-499_48352cd1,232,35,41,0,2
20260912_215351_529_traffic_scan_env2025_seed0-499_48352cd1,232,35,41,1,1
20260912_215351_529_traffic_scan_env2025_seed0-499_48352cd1,232,35,42,0,1
20260912_215351_529_traffic_scan_env2025_seed0-499_48352cd1,232,35,43,0,1
20260912_215351_529_traffic_scan_env2025_seed0-499_48352cd1,232,35,43,1,3
20260912_215351_529_traffic_scan_env2025_seed0-499_48352cd1,232,35,45,0,2
20260912_215351_529_traffic_scan_env2025_seed0-499_48352cd1,232,35,45,1,1
20260912_215351_529_traffic_scan_env2025_seed0-499_48352cd1,232,35,46,0,1
20260912_215351_529_traffic_scan_env2025_seed0-499_48352cd1,232,35,46,1,1
20260912_215351_529_traffic_scan_env2025_seed0-499_48352cd1,232,35,47,0,5
20260912_215351_529_traffic_scan_env2025_seed0-499_48352cd1,232,35,47,1,2
20260912_215351_529_traffic_scan_env2025_seed0-499_48352cd1,232,35,48,0,3
20260912_215351_529_traffic_scan_env2025_seed0-499_48352cd1,232,35,48,1,1
20260912_215351_529_traffic_scan_env2025_seed0-499_48352cd1,232,35,49,0,3
20260912_215351_529_traffic_scan_env2025_seed0-499_48352cd1,232,35,50,0,3
20260912_215351_529_traffic_scan_env2025_seed0-499_48352cd1,232,35,51,0,5
20260912_215351_529_traffic_scan_env2025_seed0-499_48352cd1,232,35,52,0,4
20260912_215351_529_traffic_scan_env2025_seed0-499_48352cd1,232,35,52,1,1
20260912_215351_529_traffic_scan_env2025_seed0-499_48352cd1,232,35,53,0,3
20260912_215351_529_traffic_scan_env2025_seed0-499_48352cd1,232,35,54,0,2
20260912_215351_529_traffic_scan_env2025_seed0-499_48352cd1,232,35,55,0,2
20260912_215351_529_traffic_scan_env2025_seed0-499_48352cd1,232,35,55,1,1
20260912_215351_529_traffic_scan_env2025_seed0-499_48352cd1,232,35,56,0,2
20260912_215351_529_traffic_scan_env2025_seed0-499_48352cd1,232,35,57,0,1
20260912_215351_529_traffic_scan_env2025_seed0-499_48352cd1,232,36,3,0,1
20260912_215351_529_traffic_scan_env2025_seed0-499_48352cd1,232,36,3,1,1
20260912_215351_529_traffic_scan_env2025_seed0-499_48352cd1,232,36,5,1,1
20260912_215351_529_traffic_scan_env2025_seed0-499_48352cd1,232,36,9,0,1
20260912_215351_529_traffic_scan_env2025_seed0-499_48352cd1,232,36,9,1,1
20260912_215351_529_traffic_scan_env2025_seed0-499_48352cd1,232,36,10,1,1
20260912_215351_529_traffic_scan_env2025_seed0-499_48352cd1,232,36,11,0,1
20260912_215351_529_traffic_scan_env2025_seed0-499_48352cd1,232,36,12,0,1
20260912_215351_529_traffic_scan_env2025_seed0-499_48352cd1,232,36,12,1,2
20260912_215351_529_traffic_scan_env2025_seed0-499_48352cd1,232,36,13,1,1
20260912_215351_529_traffic_scan_env2025_seed0-499_48352cd1,232,36,14,0,1
20260912_215351_529_traffic_scan_env2025_seed0-499_48352cd1,232,36,15,0,3
20260912_215351_529_traffic_scan_env2025_seed0-499_48352cd1,232,36,16,1,1
20260912_215351_529_traffic_scan_env2025_seed0-499_48352cd1,232,36,17,1,1
20260912_215351_529_traffic_scan_env2025_seed0-499_48352cd1,232,36,18,2,1
20260912_215351_529_traffic_scan_env2025_seed0-499_48352cd1,232,36,19,0,4
20260912_215351_529_traffic_scan_env2025_seed0-499_48352cd1,232,36,20,0,3
20260912_215351_529_traffic_scan_env2025_seed0-499_48352cd1,232,36,22,0,3
20260912_215351_529_traffic_scan_env2025_seed0-499_48352cd1,232,36,25,0,1
20260912_215351_529_traffic_scan_env2025_seed0-499_48352cd1,232,36,25,1,1
20260912_215351_529_traffic_scan_env2025_seed0-499_48352cd1,232,36,26,0,3
20260912_215351_529_traffic_scan_env2025_seed0-499_48352cd1,232,36,26,1,3
20260912_215351_529_traffic_scan_env2025_seed0-499_48352cd1,232,36,27,0,1
20260912_215351_529_traffic_scan_env2025_seed0-499_48352cd1,232,36,29,1,2
20260912_215351_529_traffic_scan_env2025_seed0-499_48352cd1,232,36,30,0,1
20260912_215351_529_traffic_scan_env2025_seed0-499_48352cd1,232,36,30,1,1
20260912_215351_529_traffic_scan_env2025_seed0-499_48352cd1,232,36,31,0,2
20260912_215351_529_traffic_scan_env2025_seed0-499_48352cd1,232,36,31,1,1
20260912_215351_529_traffic_scan_env2025_seed0-499_48352cd1,232,36,32,0,2
20260912_215351_529_traffic_scan_env2025_seed0-499_48352cd1,232,36,32,1,2
20260912_215351_529_traffic_scan_env2025_seed0-499_48352cd1,232,36,33,0,1
20260912_215351_529_traffic_scan_env2025_seed0-499_48352cd1,232,36,33,1,2
20260912_215351_529_traffic_scan_env2025_seed0-499_48352cd1,232,36,34,1,1
20260912_215351_529_traffic_scan_env2025_seed0-499_48352cd1,232,36,35,0,3
20260912_215351_529_traffic_scan_env2025_seed0-499_48352cd1,232,36,35,1,1
20260912_215351_529_traffic_scan_env2025_seed0-499_48352cd1,232,36,36,0,2
20260912_215351_529_traffic_scan_env2025_seed0-499_48352cd1,232,36,36,1,1
20260912_215351_529_traffic_scan_env2025_seed0-499_48352cd1,232,36,37,0,1
20260912_215351_529_traffic_scan_env2025_seed0-499_48352cd1,232,36,37,1,3
20260912_215351_529_traffic_scan_env2025_seed0-499_48352cd1,232,36,38,0,2
20260912_215351_529_traffic_scan_env2025_seed0-499_48352cd1,232,36,38,1,1
20260912_215351_529_traffic_scan_env2025_seed0-499_48352cd1,232,36,39,1,2
20260912_215351_529_traffic_scan_env2025_seed0-499_48352cd1,232,36,40,0,1
20260912_215351_529_traffic_scan_env2025_seed0-499_48352cd1,232,36,40,1,2
20260912_215351_529_traffic_scan_env2025_seed0-499_48352cd1,232,36,41,1,2
20260912_215351_529_traffic_scan_env2025_seed0-499_48352cd1,232,36,42,0,2
20260912_215351_529_traffic_scan_env2025_seed0-499_48352cd1,232,36,42,1,2
20260912_215351_529_traffic_scan_env2025_seed0-499_48352cd1,232,36,43,0,2
20260912_215351_529_traffic_scan_env2025_seed0-499_48352cd1,232,36,43,1,2
20260912_215351_529_traffic_scan_env2025_seed0-499_48352cd1,232,36,44,1,3
20260912_215351_529_traffic_scan_env2025_seed0-499_48352cd1,232,36,45,1,2
20260912_215351_529_traffic_scan_env2025_seed0-499_48352cd1,232,36,46,0,3
20260912_215351_529_traffic_scan_env2025_seed0-499_48352cd1,232,36,46,1,1
20260912_215351_529_traffic_scan_env2025_seed0-499_48352cd1,232,36,47,0,1
20260912_215351_529_traffic_scan_env2025_seed0-499_48352cd1,232,36,47,1,2
20260912_215351_529_traffic_scan_env2025_seed0-499_48352cd1,232,36,48,0,2
20260912_215351_529_traffic_scan_env2025_seed0-499_48352cd1,232,36,48,1,1
20260912_215351_529_traffic_scan_env2025_seed0-499_48352cd1,232,36,49,1,1
20260912_215351_529_traffic_scan_env2025_seed0-499_48352cd1,232,36,50,0,1
20260912_215351_529_traffic_scan_env2025_seed0-499_48352cd1,232,36,51,0,1
20260912_215351_529_traffic_scan_env2025_seed0-499_48352cd1,232,36,51,1,1
20260912_215351_529_traffic_scan_env2025_seed0-499_48352cd1,232,36,52,0,2
20260912_215351_529_traffic_scan_env2025_seed0-499_48352cd1,232,36,53,0,2
20260912_215351_529_traffic_scan_env2025_seed0-499_48352cd1,232,36,54,0,1
20260912_215351_529_traffic_scan_env2025_seed0-499_48352cd1,232,36,55,0,2
20260912_215351_529_traffic_scan_env2025_seed0-499_48352cd1,232,36,55,1,1
20260912_215351_529_traffic_scan_env2025_seed0-499_48352cd1,232,36,58,0,1
20260912_215351_529_traffic_scan_env2025_seed0-499_48352cd1,232,36,59,0,1
20260912_215351_529_traffic_scan_env2025_seed0-499_48352cd1,232,37,2,1,1
20260912_215351_529_traffic_scan_env2025_seed0-499_48352cd1,232,37,4,0,1
20260912_215351_529_traffic_scan_env2025_seed0-499_48352cd1,232,37,5,1,1
20260912_215351_529_traffic_scan_env2025_seed0-499_48352cd1,232,37,8,0,1
20260912_215351_529_traffic_scan_env2025_seed0-499_48352cd1,232,37,8,1,1
20260912_215351_529_traffic_scan_env2025_seed0-499_48352cd1,232,37,9,1,1
20260912_215351_529_traffic_scan_env2025_seed0-499_48352cd1,232,37,12,0,2
20260912_215351_529_traffic_scan_env2025_seed0-499_48352cd1,232,37,12,1,3
20260912_215351_529_traffic_scan_env2025_seed0-499_48352cd1,232,37,13,0,1
20260912_215351_529_traffic_scan_env2025_seed0-499_48352cd1,232,37,14,0,1
20260912_215351_529_traffic_scan_env2025_seed0-499_48352cd1,232,37,15,0,2
20260912_215351_529_traffic_scan_env2025_seed0-499_48352cd1,232,37,15,1,1
20260912_215351_529_traffic_scan_env2025_seed0-499_48352cd1,232,37,17,1,1
20260912_215351_529_traffic_scan_env2025_seed0-499_48352cd1,232,37,18,0,4
20260912_215351_529_traffic_scan_env2025_seed0-499_48352cd1,232,37,18,1,1
20260912_215351_529_traffic_scan_env2025_seed0-499_48352cd1,232,37,21,0,4
20260912_215351_529_traffic_scan_env2025_seed0-499_48352cd1,232,37,24,0,1
20260912_215351_529_traffic_scan_env2025_seed0-499_48352cd1,232,37,24,1,1
20260912_215351_529_traffic_scan_env2025_seed0-499_48352cd1,232,37,25,0,3
20260912_215351_529_traffic_scan_env2025_seed0-499_48352cd1,232,37,25,1,3
20260912_215351_529_traffic_scan_env2025_seed0-499_48352cd1,232,37,27,0,1
20260912_215351_529_traffic_scan_env2025_seed0-499_48352cd1,232,37,28,1,2
20260912_215351_529_traffic_scan_env2025_seed0-499_48352cd1,232,37,29,0,1
20260912_215351_529_traffic_scan_env2025_seed0-499_48352cd1,232,37,31,1,1
20260912_215351_529_traffic_scan_env2025_seed0-499_48352cd1,232,37,32,0,2
20260912_215351_529_traffic_scan_env2025_seed0-499_48352cd1,232,37,32,1,2
20260912_215351_529_traffic_scan_env2025_seed0-499_48352cd1,232,37,33,0,3
20260912_215351_529_traffic_scan_env2025_seed0-499_48352cd1,232,37,35,0,2
20260912_215351_529_traffic_scan_env2025_seed0-499_48352cd1,232,37,36,0,3
20260912_215351_529_traffic_scan_env2025_seed0-499_48352cd1,232,37,37,2,2
20260912_215351_529_traffic_scan_env2025_seed0-499_48352cd1,232,37,38,0,2
20260912_215351_529_traffic_scan_env2025_seed0-499_48352cd1,232,37,38,1,1
20260912_215351_529_traffic_scan_env2025_seed0-499_48352cd1,232,37,39,0,1
20260912_215351_529_traffic_scan_env2025_seed0-499_48352cd1,232,37,39,1,1
20260912_215351_529_traffic_scan_env2025_seed0-499_48352cd1,232,37,41,0,1
20260912_215351_529_traffic_scan_env2025_seed0-499_48352cd1,232,37,41,1,1
20260912_215351_529_traffic_scan_env2025_seed0-499_48352cd1,232,37,42,1,1
20260912_215351_529_traffic_scan_env2025_seed0-499_48352cd1,232,37,43,0,3
20260912_215351_529_traffic_scan_env2025_seed0-499_48352cd1,232,37,43,1,2
20260912_215351_529_traffic_scan_env2025_seed0-499_48352cd1,232,37,44,0,1
20260912_215351_529_traffic_scan_env2025_seed0-499_48352cd1,232,37,44,1,1
20260912_215351_529_traffic_scan_env2025_seed0-499_48352cd1,232,37,45,0,2
20260912_215351_529_traffic_scan_env2025_seed0-499_48352cd1,232,37,45,1,1
20260912_215351_529_traffic_scan_env2025_seed0-499_48352cd1,232,37,47,0,1
20260912_215351_529_traffic_scan_env2025_seed0-499_48352cd1,232,37,47,1,2
20260912_215351_529_traffic_scan_env2025_seed0-499_48352cd1,232,37,48,1,1
20260912_215351_529_traffic_scan_env2025_seed0-499_48352cd1,232,37,49,0,2
20260912_215351_529_traffic_scan_env2025_seed0-499_48352cd1,232,37,49,1,1
20260912_215351_529_traffic_scan_env2025_seed0-499_48352cd1,232,37,50,0,1
20260912_215351_529_traffic_scan_env2025_seed0-499_48352cd1,232,37,50,1,1
20260912_215351_529_traffic_scan_env2025_seed0-499_48352cd1,232,37,52,0,1
20260912_215351_529_traffic_scan_env2025_seed0-499_48352cd1,232,37,54,0,1
20260912_215351_529_traffic_scan_env2025_seed0-499_48352cd1,232,37,55,1,1
20260912_215351_529_traffic_scan_env2025_seed0-499_48352cd1,232,37,56,0,1
20260912_215351_529_traffic_scan_env2025_seed0-499_48352cd1,232,38,2,1,1
20260912_215351_529_traffic_scan_env2025_seed0-499_48352cd1,232,38,4,0,1
20260912_215351_529_traffic_scan_env2025_seed0-499_48352cd1,232,38,5,0,3
20260912_215351_529_traffic_scan_env2025_seed0-499_48352cd1,232,38,5,1,1
20260912_215351_529_traffic_scan_env2025_seed0-499_48352cd1,232,38,6,1,2
20260912_215351_529_traffic_scan_env2025_seed0-499_48352cd1,232,38,7,1,2
20260912_215351_529_traffic_scan_env2025_seed0-499_48352cd1,232,38,10,1,1
20260912_215351_529_traffic_scan_env2025_seed0-499_48352cd1,232,38,11,0,2
20260912_215351_529_traffic_scan_env2025_seed0-499_48352cd1,232,38,11,1,2
20260912_215351_529_traffic_scan_env2025_seed0-499_48352cd1,232,38,12,0,1
20260912_215351_529_traffic_scan_env2025_seed0-499_48352cd1,232,38,13,0,2
20260912_215351_529_traffic_scan_env2025_seed0-499_48352cd1,232,38,14,1,1
20260912_215351_529_traffic_scan_env2025_seed0-499_48352cd1,232,38,15,0,2
20260912_215351_529_traffic_scan_env2025_seed0-499_48352cd1,232,38,17,0,4
20260912_215351_529_traffic_scan_env2025_seed0-499_48352cd1,232,38,17,1,2
20260912_215351_529_traffic_scan_env2025_seed0-499_48352cd1,232,38,21,0,2
20260912_215351_529_traffic_scan_env2025_seed0-499_48352cd1,232,38,23,0,1
20260912_215351_529_traffic_scan_env2025_seed0-499_48352cd1,232,38,23,1,1
20260912_215351_529_traffic_scan_env2025_seed0-499_48352cd1,232,38,24,0,3
20260912_215351_529_traffic_scan_env2025_seed0-499_48352cd1,232,38,24,1,3
20260912_215351_529_traffic_scan_env2025_seed0-499_48352cd1,232,38,27,0,1
20260912_215351_529_traffic_scan_env2025_seed0-499_48352cd1,232,38,27,1,2
20260912_215351_529_traffic_scan_env2025_seed0-499_48352cd1,232,38,28,0,1
20260912_215351_529_traffic_scan_env2025_seed0-499_48352cd1,232,38,30,1,1
20260912_215351_529_traffic_scan_env2025_seed0-499_48352cd1,232,38,33,0,2
20260912_215351_529_traffic_scan_env2025_seed0-499_48352cd1,232,38,33,1,1
20260912_215351_529_traffic_scan_env2025_seed0-499_48352cd1,232,38,34,0,5
20260912_215351_529_traffic_scan_env2025_seed0-499_48352cd1,232,38,37,0,4
20260912_215351_529_traffic_scan_env2025_seed0-499_48352cd1,232,38,37,1,3
20260912_215351_529_traffic_scan_env2025_seed0-499_48352cd1,232,38,38,1,1
20260912_215351_529_traffic_scan_env2025_seed0-499_48352cd1,232,38,39,0,1
20260912_215351_529_traffic_scan_env2025_seed0-499_48352cd1,232,38,40,0,1
20260912_215351_529_traffic_scan_env2025_seed0-499_48352cd1,232,38,40,1,1
20260912_215351_529_traffic_scan_env2025_seed0-499_48352cd1,232,38,42,0,1
20260912_215351_529_traffic_scan_env2025_seed0-499_48352cd1,232,38,42,1,1
20260912_215351_529_traffic_scan_env2025_seed0-499_48352cd1,232,38,43,2,3
20260912_215351_529_traffic_scan_env2025_seed0-499_48352cd1,232,38,44,0,5
20260912_215351_529_traffic_scan_env2025_seed0-499_48352cd1,232,38,45,0,1
20260912_215351_529_traffic_scan_env2025_seed0-499_48352cd1,232,38,46,0,1
20260912_215351_529_traffic_scan_env2025_seed0-499_48352cd1,232,38,47,1,2
20260912_215351_529_traffic_scan_env2025_seed0-499_48352cd1,232,38,48,0,1
20260912_215351_529_traffic_scan_env2025_seed0-499_48352cd1,232,38,48,1,1
20260912_215351_529_traffic_scan_env2025_seed0-499_48352cd1,232,38,49,1,2
20260912_215351_529_traffic_scan_env2025_seed0-499_48352cd1,232,38,50,0,3
20260912_215351_529_traffic_scan_env2025_seed0-499_48352cd1,232,38,52,0,1
20260912_215351_529_traffic_scan_env2025_seed0-499_48352cd1,232,38,55,0,1
20260912_215351_529_traffic_scan_env2025_seed0-499_48352cd1,232,38,55,1,1
20260912_215351_529_traffic_scan_env2025_seed0-499_48352cd1,232,38,57,0,1
20260912_215351_529_traffic_scan_env2025_seed0-499_48352cd1,232,38,58,0,1
20260912_215351_529_traffic_scan_env2025_seed0-499_48352cd1,232,39,2,1,1
20260912_215351_529_traffic_scan_env2025_seed0-499_48352cd1,232,39,5,1,1
20260912_215351_529_traffic_scan_env2025_seed0-499_48352cd1,232,39,6,0,1
20260912_215351_529_traffic_scan_env2025_seed0-499_48352cd1,232,39,7,0,1
20260912_215351_529_traffic_scan_env2025_seed0-499_48352cd1,232,39,10,0,1
20260912_215351_529_traffic_scan_env2025_seed0-499_48352cd1,232,39,10,1,3
20260912_215351_529_traffic_scan_env2025_seed0-499_48352cd1,232,39,11,0,2
20260912_215351_529_traffic_scan_env2025_seed0-499_48352cd1,232,39,12,0,1
20260912_215351_529_traffic_scan_env2025_seed0-499_48352cd1,232,39,13,1,1
20260912_215351_529_traffic_scan_env2025_seed0-499_48352cd1,232,39,14,1,1
20260912_215351_529_traffic_scan_env2025_seed0-499_48352cd1,232,39,15,0,2
20260912_215351_529_traffic_scan_env2025_seed0-499_48352cd1,232,39,16,0,3
20260912_215351_529_traffic_scan_env2025_seed0-499_48352cd1,232,39,17,1,2
20260912_215351_529_traffic_scan_env2025_seed0-499_48352cd1,232,39,18,0,1
20260912_215351_529_traffic_scan_env2025_seed0-499_48352cd1,232,39,20,0,1
20260912_215351_529_traffic_scan_env2025_seed0-499_48352cd1,232,39,22,0,2
20260912_215351_529_traffic_scan_env2025_seed0-499_48352cd1,232,39,22,1,1
20260912_215351_529_traffic_scan_env2025_seed0-499_48352cd1,232,39,23,0,3
20260912_215351_529_traffic_scan_env2025_seed0-499_48352cd1,232,39,23,1,3
20260912_215351_529_traffic_scan_env2025_seed0-499_48352cd1,232,39,26,1,2
20260912_215351_529_traffic_scan_env2025_seed0-499_48352cd1,232,39,27,0,2
20260912_215351_529_traffic_scan_env2025_seed0-499_48352cd1,232,39,29,1,1
20260912_215351_529_traffic_scan_env2025_seed0-499_48352cd1,232,39,33,0,2
20260912_215351_529_traffic_scan_env2025_seed0-499_48352cd1,232,39,33,1,1
20260912_215351_529_traffic_scan_env2025_seed0-499_48352cd1,232,39,34,0,2
20260912_215351_529_traffic_scan_env2025_seed0-499_48352cd1,232,39,35,0,3
20260912_215351_529_traffic_scan_env2025_seed0-499_48352cd1,232,39,36,1,1
20260912_215351_529_traffic_scan_env2025_seed0-499_48352cd1,232,39,37,0,1
20260912_215351_529_traffic_scan_env2025_seed0-499_48352cd1,232,39,37,1,3
20260912_215351_529_traffic_scan_env2025_seed0-499_48352cd1,232,39,38,0,3
20260912_215351_529_traffic_scan_env2025_seed0-499_48352cd1,232,39,39,1,1
20260912_215351_529_traffic_scan_env2025_seed0-499_48352cd1,232,39,40,0,1
20260912_215351_529_traffic_scan_env2025_seed0-499_48352cd1,232,39,41,0,1
20260912_215351_529_traffic_scan_env2025_seed0-499_48352cd1,232,39,41,1,1
20260912_215351_529_traffic_scan_env2025_seed0-499_48352cd1,232,39,42,1,1
20260912_215351_529_traffic_scan_env2025_seed0-499_48352cd1,232,39,43,0,3
20260912_215351_529_traffic_scan_env2025_seed0-499_48352cd1,232,39,43,1,1
20260912_215351_529_traffic_scan_env2025_seed0-499_48352cd1,232,39,44,1,1
20260912_215351_529_traffic_scan_env2025_seed0-499_48352cd1,232,39,45,0,3
20260912_215351_529_traffic_scan_env2025_seed0-499_48352cd1,232,39,47,1,3
20260912_215351_529_traffic_scan_env2025_seed0-499_48352cd1,232,39,48,1,2
20260912_215351_529_traffic_scan_env2025_seed0-499_48352cd1,232,39,49,0,1
20260912_215351_529_traffic_scan_env2025_seed0-499_48352cd1,232,39,49,1,1
20260912_215351_529_traffic_scan_env2025_seed0-499_48352cd1,232,39,50,0,1
20260912_215351_529_traffic_scan_env2025_seed0-499_48352cd1,232,39,51,0,1
20260912_215351_529_traffic_scan_env2025_seed0-499_48352cd1,232,39,53,0,1
20260912_215351_529_traffic_scan_env2025_seed0-499_48352cd1,232,39,55,1,1
20260912_215351_529_traffic_scan_env2025_seed0-499_48352cd1,232,39,59,0,1
20260912_215351_529_traffic_scan_env2025_seed0-499_48352cd1,232,40,2,1,1
20260912_215351_529_traffic_scan_env2025_seed0-499_48352cd1,232,40,5,1,1
20260912_215351_529_traffic_scan_env2025_seed0-499_48352cd1,232,40,8,0,1
20260912_215351_529_traffic_scan_env2025_seed0-499_48352cd1,232,40,8,1,1
20260912_215351_529_traffic_scan_env2025_seed0-499_48352cd1,232,40,9,0,1
20260912_215351_529_traffic_scan_env2025_seed0-499_48352cd1,232,40,9,1,2
20260912_215351_529_traffic_scan_env2025_seed0-499_48352cd1,232,40,10,0,2
20260912_215351_529_traffic_scan_env2025_seed0-499_48352cd1,232,40,10,1,1
20260912_215351_529_traffic_scan_env2025_seed0-499_48352cd1,232,40,11,0,3
20260912_215351_529_traffic_scan_env2025_seed0-499_48352cd1,232,40,12,0,3
20260912_215351_529_traffic_scan_env2025_seed0-499_48352cd1,232,40,12,1,1
20260912_215351_529_traffic_scan_env2025_seed0-499_48352cd1,232,40,13,1,3
20260912_215351_529_traffic_scan_env2025_seed0-499_48352cd1,232,40,14,2,1
20260912_215351_529_traffic_scan_env2025_seed0-499_48352cd1,232,40,15,1,5
20260912_215351_529_traffic_scan_env2025_seed0-499_48352cd1,232,40,16,0,1
20260912_215351_529_traffic_scan_env2025_seed0-499_48352cd1,232,40,17,1,2
20260912_215351_529_traffic_scan_env2025_seed0-499_48352cd1,232,40,18,0,1
20260912_215351_529_traffic_scan_env2025_seed0-499_48352cd1,232,40,19,0,1
20260912_215351_529_traffic_scan_env2025_seed0-499_48352cd1,232,40,21,0,1
20260912_215351_529_traffic_scan_env2025_seed0-499_48352cd1,232,40,21,1,1
20260912_215351_529_traffic_scan_env2025_seed0-499_48352cd1,232,40,22,0,3
20260912_215351_529_traffic_scan_env2025_seed0-499_48352cd1,232,40,22,1,3
20260912_215351_529_traffic_scan_env2025_seed0-499_48352cd1,232,40,23,0,1
20260912_215351_529_traffic_scan_env2025_seed0-499_48352cd1,232,40,25,1,2
20260912_215351_529_traffic_scan_env2025_seed0-499_48352cd1,232,40,26,0,1
20260912_215351_529_traffic_scan_env2025_seed0-499_48352cd1,232,40,27,0,1
20260912_215351_529_traffic_scan_env2025_seed0-499_48352cd1,232,40,28,1,1
20260912_215351_529_traffic_scan_env2025_seed0-499_48352cd1,232,40,32,0,2
20260912_215351_529_traffic_scan_env2025_seed0-499_48352cd1,232,40,32,1,1
20260912_215351_529_traffic_scan_env2025_seed0-499_48352cd1,232,40,35,0,2
20260912_215351_529_traffic_scan_env2025_seed0-499_48352cd1,232,40,35,1,1
20260912_215351_529_traffic_scan_env2025_seed0-499_48352cd1,232,40,36,0,4
20260912_215351_529_traffic_scan_env2025_seed0-499_48352cd1,232,40,36,1,1
20260912_215351_529_traffic_scan_env2025_seed0-499_48352cd1,232,40,37,0,2
20260912_215351_529_traffic_scan_env2025_seed0-499_48352cd1,232,40,37,1,2
20260912_215351_529_traffic_scan_env2025_seed0-499_48352cd1,232,40,38,0,1
20260912_215351_529_traffic_scan_env2025_seed0-499_48352cd1,232,40,38,1,1
20260912_215351_529_traffic_scan_env2025_seed0-499_48352cd1,232,40,39,0,4
20260912_215351_529_traffic_scan_env2025_seed0-499_48352cd1,232,40,40,0,1
20260912_215351_529_traffic_scan_env2025_seed0-499_48352cd1,232,40,40,1,1
20260912_215351_529_traffic_scan_env2025_seed0-499_48352cd1,232,40,41,0,2
20260912_215351_529_traffic_scan_env2025_seed0-499_48352cd1,232,40,41,1,1
20260912_215351_529_traffic_scan_env2025_seed0-499_48352cd1,232,40,42,0,4
20260912_215351_529_traffic_scan_env2025_seed0-499_48352cd1,232,40,43,0,1
20260912_215351_529_traffic_scan_env2025_seed0-499_48352cd1,232,40,43,1,1
20260912_215351_529_traffic_scan_env2025_seed0-499_48352cd1,232,40,44,0,2
20260912_215351_529_traffic_scan_env2025_seed0-499_48352cd1,232,40,44,1,1
20260912_215351_529_traffic_scan_env2025_seed0-499_48352cd1,232,40,46,0,4
20260912_215351_529_traffic_scan_env2025_seed0-499_48352cd1,232,40,47,1,4
20260912_215351_529_traffic_scan_env2025_seed0-499_48352cd1,232,40,49,0,1
20260912_215351_529_traffic_scan_env2025_seed0-499_48352cd1,232,40,49,1,2
20260912_215351_529_traffic_scan_env2025_seed0-499_48352cd1,232,40,50,0,1
20260912_215351_529_traffic_scan_env2025_seed0-499_48352cd1,232,40,52,0,1
20260912_215351_529_traffic_scan_env2025_seed0-499_48352cd1,232,40,53,0,1
20260912_215351_529_traffic_scan_env2025_seed0-499_48352cd1,232,40,55,1,1
20260912_215351_529_traffic_scan_env2025_seed0-499_48352cd1,232,41,2,1,1
20260912_215351_529_traffic_scan_env2025_seed0-499_48352cd1,232,41,4,0,1
20260912_215351_529_traffic_scan_env2025_seed0-499_48352cd1,232,41,5,0,1
20260912_215351_529_traffic_scan_env2025_seed0-499_48352cd1,232,41,5,1,1
20260912_215351_529_traffic_scan_env2025_seed0-499_48352cd1,232,41,6,0,1
20260912_215351_529_traffic_scan_env2025_seed0-499_48352cd1,232,41,7,0,1
20260912_215351_529_traffic_scan_env2025_seed0-499_48352cd1,232,41,7,1,1
20260912_215351_529_traffic_scan_env2025_seed0-499_48352cd1,232,41,8,0,2
20260912_215351_529_traffic_scan_env2025_seed0-499_48352cd1,232,41,8,1,1
20260912_215351_529_traffic_scan_env2025_seed0-499_48352cd1,232,41,9,0,3
20260912_215351_529_traffic_scan_env2025_seed0-499_48352cd1,232,41,10,0,3
20260912_215351_529_traffic_scan_env2025_seed0-499_48352cd1,232,41,10,1,1
20260912_215351_529_traffic_scan_env2025_seed0-499_48352cd1,232,41,11,0,3
20260912_215351_529_traffic_scan_env2025_seed0-499_48352cd1,232,41,14,0,2
20260912_215351_529_traffic_scan_env2025_seed0-499_48352cd1,232,41,14,1,1
20260912_215351_529_traffic_scan_env2025_seed0-499_48352cd1,232,41,15,1,1
20260912_215351_529_traffic_scan_env2025_seed0-499_48352cd1,232,41,16,0,1
20260912_215351_529_traffic_scan_env2025_seed0-499_48352cd1,232,41,16,1,1
20260912_215351_529_traffic_scan_env2025_seed0-499_48352cd1,232,41,17,1,2
20260912_215351_529_traffic_scan_env2025_seed0-499_48352cd1,232,41,18,0,2
20260912_215351_529_traffic_scan_env2025_seed0-499_48352cd1,232,41,20,0,1
20260912_215351_529_traffic_scan_env2025_seed0-499_48352cd1,232,41,20,1,1
20260912_215351_529_traffic_scan_env2025_seed0-499_48352cd1,232,41,21,0,3
20260912_215351_529_traffic_scan_env2025_seed0-499_48352cd1,232,41,21,1,3
20260912_215351_529_traffic_scan_env2025_seed0-499_48352cd1,232,41,24,0,1
20260912_215351_529_traffic_scan_env2025_seed0-499_48352cd1,232,41,24,1,2
20260912_215351_529_traffic_scan_env2025_seed0-499_48352cd1,232,41,25,0,1
20260912_215351_529_traffic_scan_env2025_seed0-499_48352cd1,232,41,27,0,1
20260912_215351_529_traffic_scan_env2025_seed0-499_48352cd1,232,41,27,1,1
20260912_215351_529_traffic_scan_env2025_seed0-499_48352cd1,232,41,31,0,2
20260912_215351_529_traffic_scan_env2025_seed0-499_48352cd1,232,41,32,1,1
20260912_215351_529_traffic_scan_env2025_seed0-499_48352cd1,232,41,34,1,1
20260912_215351_529_traffic_scan_env2025_seed0-499_48352cd1,232,41,35,1,1
20260912_215351_529_traffic_scan_env2025_seed0-499_48352cd1,232,41,36,0,1
20260912_215351_529_traffic_scan_env2025_seed0-499_48352cd1,232,41,37,0,4
20260912_215351_529_traffic_scan_env2025_seed0-499_48352cd1,232,41,37,1,3
20260912_215351_529_traffic_scan_env2025_seed0-499_48352cd1,232,41,39,1,1
20260912_215351_529_traffic_scan_env2025_seed0-499_48352cd1,232,41,40,0,3
20260912_215351_529_traffic_scan_env2025_seed0-499_48352cd1,232,41,40,1,1
20260912_215351_529_traffic_scan_env2025_seed0-499_48352cd1,232,41,41,0,2
20260912_215351_529_traffic_scan_env2025_seed0-499_48352cd1,232,41,42,0,1
20260912_215351_529_traffic_scan_env2025_seed0-499_48352cd1,232,41,43,0,1
20260912_215351_529_traffic_scan_env2025_seed0-499_48352cd1,232,41,43,1,1
20260912_215351_529_traffic_scan_env2025_seed0-499_48352cd1,232,41,44,1,1
20260912_215351_529_traffic_scan_env2025_seed0-499_48352cd1,232,41,45,0,2
20260912_215351_529_traffic_scan_env2025_seed0-499_48352cd1,232,41,46,0,2
20260912_215351_529_traffic_scan_env2025_seed0-499_48352cd1,232,41,47,0,6
20260912_215351_529_traffic_scan_env2025_seed0-499_48352cd1,232,41,47,1,1
20260912_215351_529_traffic_scan_env2025_seed0-499_48352cd1,232,41,49,0,1
20260912_215351_529_traffic_scan_env2025_seed0-499_48352cd1,232,41,49,1,2
20260912_215351_529_traffic_scan_env2025_seed0-499_48352cd1,232,41,50,0,2
20260912_215351_529_traffic_scan_env2025_seed0-499_48352cd1,232,41,52,0,1
20260912_215351_529_traffic_scan_env2025_seed0-499_48352cd1,232,41,53,0,3
20260912_215351_529_traffic_scan_env2025_seed0-499_48352cd1,232,41,54,0,1
20260912_215351_529_traffic_scan_env2025_seed0-499_48352cd1,232,41,55,1,1
20260912_215351_529_traffic_scan_env2025_seed0-499_48352cd1,232,42,2,1,1
20260912_215351_529_traffic_scan_env2025_seed0-499_48352cd1,232,42,5,1,1
20260912_215351_529_traffic_scan_env2025_seed0-499_48352cd1,232,42,6,1,1
20260912_215351_529_traffic_scan_env2025_seed0-499_48352cd1,232,42,7,0,2
20260912_215351_529_traffic_scan_env2025_seed0-499_48352cd1,232,42,8,0,1
20260912_215351_529_traffic_scan_env2025_seed0-499_48352cd1,232,42,9,0,1
20260912_215351_529_traffic_scan_env2025_seed0-499_48352cd1,232,42,10,0,2
20260912_215351_529_traffic_scan_env2025_seed0-499_48352cd1,232,42,10,1,1
20260912_215351_529_traffic_scan_env2025_seed0-499_48352cd1,232,42,14,0,1
20260912_215351_529_traffic_scan_env2025_seed0-499_48352cd1,232,42,15,0,1
20260912_215351_529_traffic_scan_env2025_seed0-499_48352cd1,232,42,15,1,2
20260912_215351_529_traffic_scan_env2025_seed0-499_48352cd1,232,42,16,2,2
20260912_215351_529_traffic_scan_env2025_seed0-499_48352cd1,232,42,17,1,4
20260912_215351_529_traffic_scan_env2025_seed0-499_48352cd1,232,42,18,0,1
20260912_215351_529_traffic_scan_env2025_seed0-499_48352cd1,232,42,19,0,1
20260912_215351_529_traffic_scan_env2025_seed0-499_48352cd1,232,42,19,1,1
20260912_215351_529_traffic_scan_env2025_seed0-499_48352cd1,232,42,20,0,3
20260912_215351_529_traffic_scan_env2025_seed0-499_48352cd1,232,42,20,1,3
20260912_215351_529_traffic_scan_env2025_seed0-499_48352cd1,232,42,23,1,2
20260912_215351_529_traffic_scan_env2025_seed0-499_48352cd1,232,42,24,0,1
20260912_215351_529_traffic_scan_env2025_seed0-499_48352cd1,232,42,25,0,1
20260912_215351_529_traffic_scan_env2025_seed0-499_48352cd1,232,42,26,1,1
20260912_215351_529_traffic_scan_env2025_seed0-499_48352cd1,232,42,27,0,1
20260912_215351_529_traffic_scan_env2025_seed0-499_48352cd1,232,42,30,0,2
20260912_215351_529_traffic_scan_env2025_seed0-499_48352cd1,232,42,32,1,1
20260912_215351_529_traffic_scan_env2025_seed0-499_48352cd1,232,42,33,1,1
20260912_215351_529_traffic_scan_env2025_seed0-499_48352cd1,232,42,34,1,1
20260912_215351_529_traffic_scan_env2025_seed0-499_48352cd1,232,42,36,1,1
20260912_215351_529_traffic_scan_env2025_seed0-499_48352cd1,232,42,37,0,2
20260912_215351_529_traffic_scan_env2025_seed0-499_48352cd1,232,42,37,1,2
20260912_215351_529_traffic_scan_env2025_seed0-499_48352cd1,232,42,38,0,3
20260912_215351_529_traffic_scan_env2025_seed0-499_48352cd1,232,42,38,1,1
20260912_215351_529_traffic_scan_env2025_seed0-499_48352cd1,232,42,39,1,1
20260912_215351_529_traffic_scan_env2025_seed0-499_48352cd1,232,42,40,0,2
20260912_215351_529_traffic_scan_env2025_seed0-499_48352cd1,232,42,41,0,3
20260912_215351_529_traffic_scan_env2025_seed0-499_48352cd1,232,42,43,0,1
20260912_215351_529_traffic_scan_env2025_seed0-499_48352cd1,232,42,43,1,1
20260912_215351_529_traffic_scan_env2025_seed0-499_48352cd1,232,42,44,0,1
20260912_215351_529_traffic_scan_env2025_seed0-499_48352cd1,232,42,44,1,1
20260912_215351_529_traffic_scan_env2025_seed0-499_48352cd1,232,42,46,0,1
20260912_215351_529_traffic_scan_env2025_seed0-499_48352cd1,232,42,47,0,3
20260912_215351_529_traffic_scan_env2025_seed0-499_48352cd1,232,42,48,0,4
20260912_215351_529_traffic_scan_env2025_seed0-499_48352cd1,232,42,49,0,2
20260912_215351_529_traffic_scan_env2025_seed0-499_48352cd1,232,42,49,1,2
20260912_215351_529_traffic_scan_env2025_seed0-499_48352cd1,232,42,50,0,1
20260912_215351_529_traffic_scan_env2025_seed0-499_48352cd1,232,42,51,0,1
20260912_215351_529_traffic_scan_env2025_seed0-499_48352cd1,232,42,53,0,1
20260912_215351_529_traffic_scan_env2025_seed0-499_48352cd1,232,42,55,1,1
20260912_215351_529_traffic_scan_env2025_seed0-499_48352cd1,232,43,1,1,1
20260912_215351_529_traffic_scan_env2025_seed0-499_48352cd1,232,43,4,0,1
20260912_215351_529_traffic_scan_env2025_seed0-499_48352cd1,232,43,5,1,2
20260912_215351_529_traffic_scan_env2025_seed0-499_48352cd1,232,43,6,1,1
20260912_215351_529_traffic_scan_env2025_seed0-499_48352cd1,232,43,7,0,2
20260912_215351_529_traffic_scan_env2025_seed0-499_48352cd1,232,43,8,0,1
20260912_215351_529_traffic_scan_env2025_seed0-499_48352cd1,232,43,10,0,1
20260912_215351_529_traffic_scan_env2025_seed0-499_48352cd1,232,43,10,1,1
20260912_215351_529_traffic_scan_env2025_seed0-499_48352cd1,232,43,14,0,3
20260912_215351_529_traffic_scan_env2025_seed0-499_48352cd1,232,43,15,3,1
20260912_215351_529_traffic_scan_env2025_seed0-499_48352cd1,232,43,17,0,1
20260912_215351_529_traffic_scan_env2025_seed0-499_48352cd1,232,43,17,1,2
20260912_215351_529_traffic_scan_env2025_seed0-499_48352cd1,232,43,18,0,2
20260912_215351_529_traffic_scan_env2025_seed0-499_48352cd1,232,43,18,1,2
20260912_215351_529_traffic_scan_env2025_seed0-499_48352cd1,232,43,19,0,3
20260912_215351_529_traffic_scan_env2025_seed0-499_48352cd1,232,43,19,1,3
20260912_215351_529_traffic_scan_env2025_seed0-499_48352cd1,232,43,22,0,2
20260912_215351_529_traffic_scan_env2025_seed0-499_48352cd1,232,43,23,0,1
20260912_215351_529_traffic_scan_env2025_seed0-499_48352cd1,232,43,25,1,1
20260912_215351_529_traffic_scan_env2025_seed0-499_48352cd1,232,43,26,0,1
20260912_215351_529_traffic_scan_env2025_seed0-499_48352cd1,232,43,27,0,1
20260912_215351_529_traffic_scan_env2025_seed0-499_48352cd1,232,43,29,0,2
20260912_215351_529_traffic_scan_env2025_seed0-499_48352cd1,232,43,32,0,1
20260912_215351_529_traffic_scan_env2025_seed0-499_48352cd1,232,43,32,1,1
20260912_215351_529_traffic_scan_env2025_seed0-499_48352cd1,232,43,33,1,1
20260912_215351_529_traffic_scan_env2025_seed0-499_48352cd1,232,43,35,1,1
20260912_215351_529_traffic_scan_env2025_seed0-499_48352cd1,232,43,37,0,1
20260912_215351_529_traffic_scan_env2025_seed0-499_48352cd1,232,43,37,1,3
20260912_215351_529_traffic_scan_env2025_seed0-499_48352cd1,232,43,38,0,3
20260912_215351_529_traffic_scan_env2025_seed0-499_48352cd1,232,43,38,1,1
20260912_215351_529_traffic_scan_env2025_seed0-499_48352cd1,232,43,39,0,6
20260912_215351_529_traffic_scan_env2025_seed0-499_48352cd1,232,43,42,0,3
20260912_215351_529_traffic_scan_env2025_seed0-499_48352cd1,232,43,43,1,1
20260912_215351_529_traffic_scan_env2025_seed0-499_48352cd1,232,43,44,0,1
20260912_215351_529_traffic_scan_env2025_seed0-499_48352cd1,232,43,44,1,1
20260912_215351_529_traffic_scan_env2025_seed0-499_48352cd1,232,43,45,0,2
20260912_215351_529_traffic_scan_env2025_seed0-499_48352cd1,232,43,47,0,2
20260912_215351_529_traffic_scan_env2025_seed0-499_48352cd1,232,43,48,0,1
20260912_215351_529_traffic_scan_env2025_seed0-499_48352cd1,232,43,49,0,1
20260912_215351_529_traffic_scan_env2025_seed0-499_48352cd1,232,43,49,1,2
20260912_215351_529_traffic_scan_env2025_seed0-499_48352cd1,232,43,50,0,3
20260912_215351_529_traffic_scan_env2025_seed0-499_48352cd1,232,43,53,0,1
20260912_215351_529_traffic_scan_env2025_seed0-499_48352cd1,232,43,55,1,1
20260912_215351_529_traffic_scan_env2025_seed0-499_48352cd1,232,44,1,1,1
20260912_215351_529_traffic_scan_env2025_seed0-499_48352cd1,232,44,4,0,1
20260912_215351_529_traffic_scan_env2025_seed0-499_48352cd1,232,44,5,0,2
20260912_215351_529_traffic_scan_env2025_seed0-499_48352cd1,232,44,6,0,3
20260912_215351_529_traffic_scan_env2025_seed0-499_48352cd1,232,44,7,0,1
20260912_215351_529_traffic_scan_env2025_seed0-499_48352cd1,232,44,8,0,1
20260912_215351_529_traffic_scan_env2025_seed0-499_48352cd1,232,44,10,0,1
20260912_215351_529_traffic_scan_env2025_seed0-499_48352cd1,232,44,10,1,1
20260912_215351_529_traffic_scan_env2025_seed0-499_48352cd1,232,44,13,1,1
20260912_215351_529_traffic_scan_env2025_seed0-499_48352cd1,232,44,14,0,3
20260912_215351_529_traffic_scan_env2025_seed0-499_48352cd1,232,44,14,2,1
20260912_215351_529_traffic_scan_env2025_seed0-499_48352cd1,232,44,17,0,2
20260912_215351_529_traffic_scan_env2025_seed0-499_48352cd1,232,44,17,1,2
20260912_215351_529_traffic_scan_env2025_seed0-499_48352cd1,232,44,18,0,4
20260912_215351_529_traffic_scan_env2025_seed0-499_48352cd1,232,44,18,1,4
20260912_215351_529_traffic_scan_env2025_seed0-499_48352cd1,232,44,19,1,1
20260912_215351_529_traffic_scan_env2025_seed0-499_48352cd1,232,44,21,0,2
20260912_215351_529_traffic_scan_env2025_seed0-499_48352cd1,232,44,22,0,1
20260912_215351_529_traffic_scan_env2025_seed0-499_48352cd1,232,44,24,2,1
20260912_215351_529_traffic_scan_env2025_seed0-499_48352cd1,232,44,27,0,2
20260912_215351_529_traffic_scan_env2025_seed0-499_48352cd1,232,44,28,0,2
20260912_215351_529_traffic_scan_env2025_seed0-499_48352cd1,232,44,31,0,1
20260912_215351_529_traffic_scan_env2025_seed0-499_48352cd1,232,44,32,1,3
20260912_215351_529_traffic_scan_env2025_seed0-499_48352cd1,232,44,33,1,1
20260912_215351_529_traffic_scan_env2025_seed0-499_48352cd1,232,44,34,1,1
20260912_215351_529_traffic_scan_env2025_seed0-499_48352cd1,232,44,36,1,1
20260912_215351_529_traffic_scan_env2025_seed0-499_48352cd1,232,44,37,0,3
20260912_215351_529_traffic_scan_env2025_seed0-499_48352cd1,232,44,37,1,3
20260912_215351_529_traffic_scan_env2025_seed0-499_48352cd1,232,44,40,0,4
20260912_215351_529_traffic_scan_env2025_seed0-499_48352cd1,232,44,43,0,3
20260912_215351_529_traffic_scan_env2025_seed0-499_48352cd1,232,44,43,1,1
20260912_215351_529_traffic_scan_env2025_seed0-499_48352cd1,232,44,44,1,1
20260912_215351_529_traffic_scan_env2025_seed0-499_48352cd1,232,44,45,0,2
20260912_215351_529_traffic_scan_env2025_seed0-499_48352cd1,232,44,46,0,1
20260912_215351_529_traffic_scan_env2025_seed0-499_48352cd1,232,44,47,0,2
20260912_215351_529_traffic_scan_env2025_seed0-499_48352cd1,232,44,49,0,1
20260912_215351_529_traffic_scan_env2025_seed0-499_48352cd1,232,44,49,1,2
20260912_215351_529_traffic_scan_env2025_seed0-499_48352cd1,232,44,50,0,2
20260912_215351_529_traffic_scan_env2025_seed0-499_48352cd1,232,44,51,0,2
20260912_215351_529_traffic_scan_env2025_seed0-499_48352cd1,232,44,53,0,1
20260912_215351_529_traffic_scan_env2025_seed0-499_48352cd1,232,44,55,1,1
20260912_215351_529_traffic_scan_env2025_seed0-499_48352cd1,232,45,1,0,1
20260912_215351_529_traffic_scan_env2025_seed0-499_48352cd1,232,45,1,1,1
20260912_215351_529_traffic_scan_env2025_seed0-499_48352cd1,232,45,2,0,1
20260912_215351_529_traffic_scan_env2025_seed0-499_48352cd1,232,45,3,0,1
20260912_215351_529_traffic_scan_env2025_seed0-499_48352cd1,232,45,4,0,1
20260912_215351_529_traffic_scan_env2025_seed0-499_48352cd1,232,45,5,0,3
20260912_215351_529_traffic_scan_env2025_seed0-499_48352cd1,232,45,7,0,5
20260912_215351_529_traffic_scan_env2025_seed0-499_48352cd1,232,45,8,0,1
20260912_215351_529_traffic_scan_env2025_seed0-499_48352cd1,232,45,9,0,2
20260912_215351_529_traffic_scan_env2025_seed0-499_48352cd1,232,45,10,0,1
20260912_215351_529_traffic_scan_env2025_seed0-499_48352cd1,232,45,11,0,2
20260912_215351_529_traffic_scan_env2025_seed0-499_48352cd1,232,45,12,0,1
20260912_215351_529_traffic_scan_env2025_seed0-499_48352cd1,232,45,14,0,3
20260912_215351_529_traffic_scan_env2025_seed0-499_48352cd1,232,45,15,0,1
20260912_215351_529_traffic_scan_env2025_seed0-499_48352cd1,232,45,16,0,3
20260912_215351_529_traffic_scan_env2025_seed0-499_48352cd1,232,45,17,0,3
20260912_215351_529_traffic_scan_env2025_seed0-499_48352cd1,232,45,17,1,4
20260912_215351_529_traffic_scan_env2025_seed0-499_48352cd1,232,45,18,0,1
20260912_215351_529_traffic_scan_env2025_seed0-499_48352cd1,232,45,19,1,1
20260912_215351_529_traffic_scan_env2025_seed0-499_48352cd1,232,45,20,0,2
20260912_215351_529_traffic_scan_env2025_seed0-499_48352cd1,232,45,20,1,1
20260912_215351_529_traffic_scan_env2025_seed0-499_48352cd1,232,45,21,0,2
20260912_215351_529_traffic_scan_env2025_seed0-499_48352cd1,232,45,21,1,2
20260912_215351_529_traffic_scan_env2025_seed0-499_48352cd1,232,45,22,0,1
20260912_215351_529_traffic_scan_env2025_seed0-499_48352cd1,232,45,22,1,2
20260912_215351_529_traffic_scan_env2025_seed0-499_48352cd1,232,45,23,2,1
20260912_215351_529_traffic_scan_env2025_seed0-499_48352cd1,232,45,27,0,3
20260912_215351_529_traffic_scan_env2025_seed0-499_48352cd1,232,45,28,0,1
20260912_215351_529_traffic_scan_env2025_seed0-499_48352cd1,232,45,30,0,1
20260912_215351_529_traffic_scan_env2025_seed0-499_48352cd1,232,45,31,0,1
20260912_215351_529_traffic_scan_env2025_seed0-499_48352cd1,232,45,31,1,2
20260912_215351_529_traffic_scan_env2025_seed0-499_48352cd1,232,45,35,1,1
20260912_215351_529_traffic_scan_env2025_seed0-499_48352cd1,232,45,36,0,3
20260912_215351_529_traffic_scan_env2025_seed0-499_48352cd1,232,45,37,1,3
20260912_215351_529_traffic_scan_env2025_seed0-499_48352cd1,232,45,40,0,1
20260912_215351_529_traffic_scan_env2025_seed0-499_48352cd1,232,45,41,0,3
20260912_215351_529_traffic_scan_env2025_seed0-499_48352cd1,232,45,43,2,1
20260912_215351_529_traffic_scan_env2025_seed0-499_48352cd1,232,45,44,0,4
20260912_215351_529_traffic_scan_env2025_seed0-499_48352cd1,232,45,44,1,1
20260912_215351_529_traffic_scan_env2025_seed0-499_48352cd1,232,45,45,0,1
20260912_215351_529_traffic_scan_env2025_seed0-499_48352cd1,232,45,46,0,2
20260912_215351_529_traffic_scan_env2025_seed0-499_48352cd1,232,45,47,0,4
20260912_215351_529_traffic_scan_env2025_seed0-499_48352cd1,232,45,49,0,2
20260912_215351_529_traffic_scan_env2025_seed0-499_48352cd1,232,45,49,1,2
20260912_215351_529_traffic_scan_env2025_seed0-499_48352cd1,232,45,50,0,3
20260912_215351_529_traffic_scan_env2025_seed0-499_48352cd1,232,45,51,0,1
20260912_215351_529_traffic_scan_env2025_seed0-499_48352cd1,232,45,52,0,3
20260912_215351_529_traffic_scan_env2025_seed0-499_48352cd1,232,45,55,1,1
20260912_215351_529_traffic_scan_env2025_seed0-499_48352cd1,232,46,0,0,1
20260912_215351_529_traffic_scan_env2025_seed0-499_48352cd1,232,46,1,1,1
20260912_215351_529_traffic_scan_env2025_seed0-499_48352cd1,232,46,4,0,1
20260912_215351_529_traffic_scan_env2025_seed0-499_48352cd1,232,46,5,0,1
20260912_215351_529_traffic_scan_env2025_seed0-499_48352cd1,232,46,6,0,2
20260912_215351_529_traffic_scan_env2025_seed0-499_48352cd1,232,46,7,0,2
20260912_215351_529_traffic_scan_env2025_seed0-499_48352cd1,232,46,8,0,2
20260912_215351_529_traffic_scan_env2025_seed0-499_48352cd1,232,46,11,1,1
20260912_215351_529_traffic_scan_env2025_seed0-499_48352cd1,232,46,13,0,1
20260912_215351_529_traffic_scan_env2025_seed0-499_48352cd1,232,46,14,0,5
20260912_215351_529_traffic_scan_env2025_seed0-499_48352cd1,232,46,15,0,4
20260912_215351_529_traffic_scan_env2025_seed0-499_48352cd1,232,46,16,0,5
20260912_215351_529_traffic_scan_env2025_seed0-499_48352cd1,232,46,16,1,3
20260912_215351_529_traffic_scan_env2025_seed0-499_48352cd1,232,46,17,0,1
20260912_215351_529_traffic_scan_env2025_seed0-499_48352cd1,232,46,17,1,1
20260912_215351_529_traffic_scan_env2025_seed0-499_48352cd1,232,46,18,0,2
20260912_215351_529_traffic_scan_env2025_seed0-499_48352cd1,232,46,19,0,3
20260912_215351_529_traffic_scan_env2025_seed0-499_48352cd1,232,46,20,0,2
20260912_215351_529_traffic_scan_env2025_seed0-499_48352cd1,232,46,20,1,1
20260912_215351_529_traffic_scan_env2025_seed0-499_48352cd1,232,46,22,3,1
20260912_215351_529_traffic_scan_env2025_seed0-499_48352cd1,232,46,23,0,1
20260912_215351_529_traffic_scan_env2025_seed0-499_48352cd1,232,46,23,1,2
20260912_215351_529_traffic_scan_env2025_seed0-499_48352cd1,232,46,24,0,1
20260912_215351_529_traffic_scan_env2025_seed0-499_48352cd1,232,46,25,0,1
20260912_215351_529_traffic_scan_env2025_seed0-499_48352cd1,232,46,26,0,3
20260912_215351_529_traffic_scan_env2025_seed0-499_48352cd1,232,46,27,0,1
20260912_215351_529_traffic_scan_env2025_seed0-499_48352cd1,232,46,28,0,2
20260912_215351_529_traffic_scan_env2025_seed0-499_48352cd1,232,46,29,0,3
20260912_215351_529_traffic_scan_env2025_seed0-499_48352cd1,232,46,30,0,1
20260912_215351_529_traffic_scan_env2025_seed0-499_48352cd1,232,46,30,1,1
20260912_215351_529_traffic_scan_env2025_seed0-499_48352cd1,232,46,31,0,2
20260912_215351_529_traffic_scan_env2025_seed0-499_48352cd1,232,46,31,1,1
20260912_215351_529_traffic_scan_env2025_seed0-499_48352cd1,232,46,34,0,1
20260912_215351_529_traffic_scan_env2025_seed0-499_48352cd1,232,46,34,1,1
20260912_215351_529_traffic_scan_env2025_seed0-499_48352cd1,232,46,35,0,4
20260912_215351_529_traffic_scan_env2025_seed0-499_48352cd1,232,46,36,1,1
20260912_215351_529_traffic_scan_env2025_seed0-499_48352cd1,232,46,37,1,3
20260912_215351_529_traffic_scan_env2025_seed0-499_48352cd1,232,46,38,1,2
20260912_215351_529_traffic_scan_env2025_seed0-499_48352cd1,232,46,39,1,1
20260912_215351_529_traffic_scan_env2025_seed0-499_48352cd1,232,46,40,0,1
20260912_215351_529_traffic_scan_env2025_seed0-499_48352cd1,232,46,40,1,1
20260912_215351_529_traffic_scan_env2025_seed0-499_48352cd1,232,46,41,1,1
20260912_215351_529_traffic_scan_env2025_seed0-499_48352cd1,232,46,42,0,3
20260912_215351_529_traffic_scan_env2025_seed0-499_48352cd1,232,46,42,1,1
20260912_215351_529_traffic_scan_env2025_seed0-499_48352cd1,232,46,43,0,1
20260912_215351_529_traffic_scan_env2025_seed0-499_48352cd1,232,46,43,1,2
20260912_215351_529_traffic_scan_env2025_seed0-499_48352cd1,232,46,44,0,2
20260912_215351_529_traffic_scan_env2025_seed0-499_48352cd1,232,46,44,1,1
20260912_215351_529_traffic_scan_env2025_seed0-499_48352cd1,232,46,45,0,2
20260912_215351_529_traffic_scan_env2025_seed0-499_48352cd1,232,46,46,0,1
20260912_215351_529_traffic_scan_env2025_seed0-499_48352cd1,232,46,47,0,2
20260912_215351_529_traffic_scan_env2025_seed0-499_48352cd1,232,46,48,0,3
20260912_215351_529_traffic_scan_env2025_seed0-499_48352cd1,232,46,49,1,1
20260912_215351_529_traffic_scan_env2025_seed0-499_48352cd1,232,46,50,0,3
20260912_215351_529_traffic_scan_env2025_seed0-499_48352cd1,232,46,53,0,2
20260912_215351_529_traffic_scan_env2025_seed0-499_48352cd1,232,46,56,0,1
20260912_215351_529_traffic_scan_env2025_seed0-499_48352cd1,232,47,1,1,1
20260912_215351_529_traffic_scan_env2025_seed0-499_48352cd1,232,47,4,0,2
20260912_215351_529_traffic_scan_env2025_seed0-499_48352cd1,232,47,5,0,2
20260912_215351_529_traffic_scan_env2025_seed0-499_48352cd1,232,47,6,0,1
20260912_215351_529_traffic_scan_env2025_seed0-499_48352cd1,232,47,7,0,3
20260912_215351_529_traffic_scan_env2025_seed0-499_48352cd1,232,47,8,0,2
20260912_215351_529_traffic_scan_env2025_seed0-499_48352cd1,232,47,9,0,2
20260912_215351_529_traffic_scan_env2025_seed0-499_48352cd1,232,47,10,0,1
20260912_215351_529_traffic_scan_env2025_seed0-499_48352cd1,232,47,11,0,2
20260912_215351_529_traffic_scan_env2025_seed0-499_48352cd1,232,47,12,0,1
20260912_215351_529_traffic_scan_env2025_seed0-499_48352cd1,232,47,13,0,2
20260912_215351_529_traffic_scan_env2025_seed0-499_48352cd1,232,47,14,0,3
20260912_215351_529_traffic_scan_env2025_seed0-499_48352cd1,232,47,15,0,3
20260912_215351_529_traffic_scan_env2025_seed0-499_48352cd1,232,47,15,1,3
20260912_215351_529_traffic_scan_env2025_seed0-499_48352cd1,232,47,16,0,1
20260912_215351_529_traffic_scan_env2025_seed0-499_48352cd1,232,47,17,1,1
20260912_215351_529_traffic_scan_env2025_seed0-499_48352cd1,232,47,18,0,3
20260912_215351_529_traffic_scan_env2025_seed0-499_48352cd1,232,47,20,0,1
20260912_215351_529_traffic_scan_env2025_seed0-499_48352cd1,232,47,21,3,1
20260912_215351_529_traffic_scan_env2025_seed0-499_48352cd1,232,47,24,1,3
20260912_215351_529_traffic_scan_env2025_seed0-499_48352cd1,232,47,25,0,2
20260912_215351_529_traffic_scan_env2025_seed0-499_48352cd1,232,47,25,1,1
20260912_215351_529_traffic_scan_env2025_seed0-499_48352cd1,232,47,26,1,1
20260912_215351_529_traffic_scan_env2025_seed0-499_48352cd1,232,47,27,1,1
20260912_215351_529_traffic_scan_env2025_seed0-499_48352cd1,232,47,28,0,1
20260912_215351_529_traffic_scan_env2025_seed0-499_48352cd1,232,47,28,1,1
20260912_215351_529_traffic_scan_env2025_seed0-499_48352cd1,232,47,29,0,1
20260912_215351_529_traffic_scan_env2025_seed0-499_48352cd1,232,47,29,1,2
20260912_215351_529_traffic_scan_env2025_seed0-499_48352cd1,232,47,30,0,1
20260912_215351_529_traffic_scan_env2025_seed0-499_48352cd1,232,47,30,1,2
20260912_215351_529_traffic_scan_env2025_seed0-499_48352cd1,232,47,31,0,1
20260912_215351_529_traffic_scan_env2025_seed0-499_48352cd1,232,47,31,1,1
20260912_215351_529_traffic_scan_env2025_seed0-499_48352cd1,232,47,32,0,1
20260912_215351_529_traffic_scan_env2025_seed0-499_48352cd1,232,47,32,1,1
20260912_215351_529_traffic_scan_env2025_seed0-499_48352cd1,232,47,33,0,1
20260912_215351_529_traffic_scan_env2025_seed0-499_48352cd1,232,47,33,1,1
20260912_215351_529_traffic_scan_env2025_seed0-499_48352cd1,232,47,34,0,3
20260912_215351_529_traffic_scan_env2025_seed0-499_48352cd1,232,47,37,1,3
20260912_215351_529_traffic_scan_env2025_seed0-499_48352cd1,232,47,41,0,1
20260912_215351_529_traffic_scan_env2025_seed0-499_48352cd1,232,47,43,0,3
20260912_215351_529_traffic_scan_env2025_seed0-499_48352cd1,232,47,43,1,1
20260912_215351_529_traffic_scan_env2025_seed0-499_48352cd1,232,47,45,0,4
20260912_215351_529_traffic_scan_env2025_seed0-499_48352cd1,232,47,46,0,1
20260912_215351_529_traffic_scan_env2025_seed0-499_48352cd1,232,47,47,0,1
20260912_215351_529_traffic_scan_env2025_seed0-499_48352cd1,232,47,48,0,2
20260912_215351_529_traffic_scan_env2025_seed0-499_48352cd1,232,47,49,0,1
20260912_215351_529_traffic_scan_env2025_seed0-499_48352cd1,232,47,49,1,1
20260912_215351_529_traffic_scan_env2025_seed0-499_48352cd1,232,47,50,0,2
20260912_215351_529_traffic_scan_env2025_seed0-499_48352cd1,232,47,51,0,1
20260912_215351_529_traffic_scan_env2025_seed0-499_48352cd1,232,47,53,0,2
20260912_215351_529_traffic_scan_env2025_seed0-499_48352cd1,232,47,56,0,1
20260912_215351_529_traffic_scan_env2025_seed0-499_48352cd1,232,48,1,1,1
20260912_215351_529_traffic_scan_env2025_seed0-499_48352cd1,232,48,3,0,1
20260912_215351_529_traffic_scan_env2025_seed0-499_48352cd1,232,48,4,0,2
20260912_215351_529_traffic_scan_env2025_seed0-499_48352cd1,232,48,9,0,1
20260912_215351_529_traffic_scan_env2025_seed0-499_48352cd1,232,48,10,0,1
20260912_215351_529_traffic_scan_env2025_seed0-499_48352cd1,232,48,11,1,1
20260912_215351_529_traffic_scan_env2025_seed0-499_48352cd1,232,48,12,0,2
20260912_215351_529_traffic_scan_env2025_seed0-499_48352cd1,232,48,13,0,1
20260912_215351_529_traffic_scan_env2025_seed0-499_48352cd1,232,48,14,0,4
20260912_215351_529_traffic_scan_env2025_seed0-499_48352cd1,232,48,14,1,3
20260912_215351_529_traffic_scan_env2025_seed0-499_48352cd1,232,48,15,0,2
20260912_215351_529_traffic_scan_env2025_seed0-499_48352cd1,232,48,17,0,4
20260912_215351_529_traffic_scan_env2025_seed0-499_48352cd1,232,48,17,1,1
20260912_215351_529_traffic_scan_env2025_seed0-499_48352cd1,232,48,18,0,2
20260912_215351_529_traffic_scan_env2025_seed0-499_48352cd1,232,48,19,0,2
20260912_215351_529_traffic_scan_env2025_seed0-499_48352cd1,232,48,20,0,1
20260912_215351_529_traffic_scan_env2025_seed0-499_48352cd1,232,48,20,2,1
20260912_215351_529_traffic_scan_env2025_seed0-499_48352cd1,232,48,21,0,1
20260912_215351_529_traffic_scan_env2025_seed0-499_48352cd1,232,48,22,0,1
20260912_215351_529_traffic_scan_env2025_seed0-499_48352cd1,232,48,23,0,1
20260912_215351_529_traffic_scan_env2025_seed0-499_48352cd1,232,48,24,0,2
20260912_215351_529_traffic_scan_env2025_seed0-499_48352cd1,232,48,25,1,2
20260912_215351_529_traffic_scan_env2025_seed0-499_48352cd1,232,48,27,0,1
20260912_215351_529_traffic_scan_env2025_seed0-499_48352cd1,232,48,28,1,1
20260912_215351_529_traffic_scan_env2025_seed0-499_48352cd1,232,48,29,1,1
20260912_215351_529_traffic_scan_env2025_seed0-499_48352cd1,232,48,30,0,1
20260912_215351_529_traffic_scan_env2025_seed0-499_48352cd1,232,48,31,0,2
20260912_215351_529_traffic_scan_env2025_seed0-499_48352cd1,232,48,33,0,3
20260912_215351_529_traffic_scan_env2025_seed0-499_48352cd1,232,48,36,0,1
20260912_215351_529_traffic_scan_env2025_seed0-499_48352cd1,232,48,36,1,2
20260912_215351_529_traffic_scan_env2025_seed0-499_48352cd1,232,48,41,0,1
20260912_215351_529_traffic_scan_env2025_seed0-499_48352cd1,232,48,43,1,1
20260912_215351_529_traffic_scan_env2025_seed0-499_48352cd1,232,48,44,0,3
20260912_215351_529_traffic_scan_env2025_seed0-499_48352cd1,232,48,45,0,1
20260912_215351_529_traffic_scan_env2025_seed0-499_48352cd1,232,48,46,0,3
20260912_215351_529_traffic_scan_env2025_seed0-499_48352cd1,232,48,47,0,1
20260912_215351_529_traffic_scan_env2025_seed0-499_48352cd1,232,48,48,0,1
20260912_215351_529_traffic_scan_env2025_seed0-499_48352cd1,232,48,49,0,2
20260912_215351_529_traffic_scan_env2025_seed0-499_48352cd1,232,48,50,0,3
20260912_215351_529_traffic_scan_env2025_seed0-499_48352cd1,232,48,52,0,1
20260912_215351_529_traffic_scan_env2025_seed0-499_48352cd1,232,48,54,0,1
20260912_215351_529_traffic_scan_env2025_seed0-499_48352cd1,232,48,55,0,1
20260912_215351_529_traffic_scan_env2025_seed0-499_48352cd1,232,48,56,0,1
20260912_215351_529_traffic_scan_env2025_seed0-499_48352cd1,232,49,1,1,1
20260912_215351_529_traffic_scan_env2025_seed0-499_48352cd1,232,49,2,0,1
20260912_215351_529_traffic_scan_env2025_seed0-499_48352cd1,232,49,3,0,2
20260912_215351_529_traffic_scan_env2025_seed0-499_48352cd1,232,49,10,0,1
20260912_215351_529_traffic_scan_env2025_seed0-499_48352cd1,232,49,11,0,4
20260912_215351_529_traffic_scan_env2025_seed0-499_48352cd1,232,49,12,0,1
20260912_215351_529_traffic_scan_env2025_seed0-499_48352cd1,232,49,13,1,5
20260912_215351_529_traffic_scan_env2025_seed0-499_48352cd1,232,49,15,0,3
20260912_215351_529_traffic_scan_env2025_seed0-499_48352cd1,232,49,15,1,1
20260912_215351_529_traffic_scan_env2025_seed0-499_48352cd1,232,49,16,0,4
20260912_215351_529_traffic_scan_env2025_seed0-499_48352cd1,232,49,16,1,1
20260912_215351_529_traffic_scan_env2025_seed0-499_48352cd1,232,49,17,1,2
20260912_215351_529_traffic_scan_env2025_seed0-499_48352cd1,232,49,18,0,2
20260912_215351_529_traffic_scan_env2025_seed0-499_48352cd1,232,49,18,1,1
20260912_215351_529_traffic_scan_env2025_seed0-499_48352cd1,232,49,19,1,1
20260912_215351_529_traffic_scan_env2025_seed0-499_48352cd1,232,49,23,0,2
20260912_215351_529_traffic_scan_env2025_seed0-499_48352cd1,232,49,26,0,1
20260912_215351_529_traffic_scan_env2025_seed0-499_48352cd1,232,49,26,1,2
20260912_215351_529_traffic_scan_env2025_seed0-499_48352cd1,232,49,27,1,1
20260912_215351_529_traffic_scan_env2025_seed0-499_48352cd1,232,49,28,1,1
20260912_215351_529_traffic_scan_env2025_seed0-499_48352cd1,232,49,31,0,3
20260912_215351_529_traffic_scan_env2025_seed0-499_48352cd1,232,49,32,0,2
20260912_215351_529_traffic_scan_env2025_seed0-499_48352cd1,232,49,33,0,1
20260912_215351_529_traffic_scan_env2025_seed0-499_48352cd1,232,49,36,0,1
20260912_215351_529_traffic_scan_env2025_seed0-499_48352cd1,232,49,36,1,2
20260912_215351_529_traffic_scan_env2025_seed0-499_48352cd1,232,49,41,0,1
20260912_215351_529_traffic_scan_env2025_seed0-499_48352cd1,232,49,43,0,1
20260912_215351_529_traffic_scan_env2025_seed0-499_48352cd1,232,49,43,1,1
20260912_215351_529_traffic_scan_env2025_seed0-499_48352cd1,232,49,45,0,3
20260912_215351_529_traffic_scan_env2025_seed0-499_48352cd1,232,49,46,0,1
20260912_215351_529_traffic_scan_env2025_seed0-499_48352cd1,232,49,47,0,2
20260912_215351_529_traffic_scan_env2025_seed0-499_48352cd1,232,49,48,0,2
20260912_215351_529_traffic_scan_env2025_seed0-499_48352cd1,232,49,49,0,1
20260912_215351_529_traffic_scan_env2025_seed0-499_48352cd1,232,49,50,0,3
20260912_215351_529_traffic_scan_env2025_seed0-499_48352cd1,232,49,51,0,1
20260912_215351_529_traffic_scan_env2025_seed0-499_48352cd1,232,49,53,0,1
20260912_215351_529_traffic_scan_env2025_seed0-499_48352cd1,232,49,54,0,1
20260912_215351_529_traffic_scan_env2025_seed0-499_48352cd1,232,49,55,0,1
20260912_215351_529_traffic_scan_env2025_seed0-499_48352cd1,232,49,56,0,1
20260912_215351_529_traffic_scan_env2025_seed0-499_48352cd1,232,50,1,0,2
20260912_215351_529_traffic_scan_env2025_seed0-499_48352cd1,232,50,2,0,1
20260912_215351_529_traffic_scan_env2025_seed0-499_48352cd1,232,50,4,0,1
20260912_215351_529_traffic_scan_env2025_seed0-499_48352cd1,232,50,6,0,1
20260912_215351_529_traffic_scan_env2025_seed0-499_48352cd1,232,50,7,0,1
20260912_215351_529_traffic_scan_env2025_seed0-499_48352cd1,232,50,8,1,1
20260912_215351_529_traffic_scan_env2025_seed0-499_48352cd1,232,50,9,0,1
20260912_215351_529_traffic_scan_env2025_seed0-499_48352cd1,232,50,10,0,3
20260912_215351_529_traffic_scan_env2025_seed0-499_48352cd1,232,50,11,0,4
20260912_215351_529_traffic_scan_env2025_seed0-499_48352cd1,232,50,12,0,7
20260912_215351_529_traffic_scan_env2025_seed0-499_48352cd1,232,50,13,0,3
20260912_215351_529_traffic_scan_env2025_seed0-499_48352cd1,232,50,14,0,3
20260912_215351_529_traffic_scan_env2025_seed0-499_48352cd1,232,50,15,0,4
20260912_215351_529_traffic_scan_env2025_seed0-499_48352cd1,232,50,16,0,2
20260912_215351_529_traffic_scan_env2025_seed0-499_48352cd1,232,50,17,0,3
20260912_215351_529_traffic_scan_env2025_seed0-499_48352cd1,232,50,17,1,1
20260912_215351_529_traffic_scan_env2025_seed0-499_48352cd1,232,50,18,0,1
20260912_215351_529_traffic_scan_env2025_seed0-499_48352cd1,232,50,19,0,1
20260912_215351_529_traffic_scan_env2025_seed0-499_48352cd1,232,50,20,0,1
20260912_215351_529_traffic_scan_env2025_seed0-499_48352cd1,232,50,21,0,1
20260912_215351_529_traffic_scan_env2025_seed0-499_48352cd1,232,50,22,0,3
20260912_215351_529_traffic_scan_env2025_seed0-499_48352cd1,232,50,23,0,1
20260912_215351_529_traffic_scan_env2025_seed0-499_48352cd1,232,50,24,0,1
20260912_215351_529_traffic_scan_env2025_seed0-499_48352cd1,232,50,25,0,2
20260912_215351_529_traffic_scan_env2025_seed0-499_48352cd1,232,50,26,0,1
20260912_215351_529_traffic_scan_env2025_seed0-499_48352cd1,232,50,26,1,1
20260912_215351_529_traffic_scan_env2025_seed0-499_48352cd1,232,50,27,0,1
20260912_215351_529_traffic_scan_env2025_seed0-499_48352cd1,232,50,27,1,3
20260912_215351_529_traffic_scan_env2025_seed0-499_48352cd1,232,50,28,0,1
20260912_215351_529_traffic_scan_env2025_seed0-499_48352cd1,232,50,29,0,1
20260912_215351_529_traffic_scan_env2025_seed0-499_48352cd1,232,50,30,0,1
20260912_215351_529_traffic_scan_env2025_seed0-499_48352cd1,232,50,31,0,2
20260912_215351_529_traffic_scan_env2025_seed0-499_48352cd1,232,50,32,0,2
20260912_215351_529_traffic_scan_env2025_seed0-499_48352cd1,232,50,35,1,1
20260912_215351_529_traffic_scan_env2025_seed0-499_48352cd1,232,50,36,0,1
20260912_215351_529_traffic_scan_env2025_seed0-499_48352cd1,232,50,37,0,1
20260912_215351_529_traffic_scan_env2025_seed0-499_48352cd1,232,50,42,0,2
20260912_215351_529_traffic_scan_env2025_seed0-499_48352cd1,232,50,43,1,1
20260912_215351_529_traffic_scan_env2025_seed0-499_48352cd1,232,50,44,0,2
20260912_215351_529_traffic_scan_env2025_seed0-499_48352cd1,232,50,48,0,3
20260912_215351_529_traffic_scan_env2025_seed0-499_48352cd1,232,50,49,0,3
20260912_215351_529_traffic_scan_env2025_seed0-499_48352cd1,232,50,50,0,3
20260912_215351_529_traffic_scan_env2025_seed0-499_48352cd1,232,50,51,0,2
20260912_215351_529_traffic_scan_env2025_seed0-499_48352cd1,232,50,52,0,2
20260912_215351_529_traffic_scan_env2025_seed0-499_48352cd1,232,50,53,0,1
20260912_215351_529_traffic_scan_env2025_seed0-499_48352cd1,232,50,54,0,1
20260912_215351_529_traffic_scan_env2025_seed0-499_48352cd1,232,50,57,0,1
20260912_215351_529_traffic_scan_env2025_seed0-499_48352cd1,232,51,0,0,1
20260912_215351_529_traffic_scan_env2025_seed0-499_48352cd1,232,51,1,0,2
20260912_215351_529_traffic_scan_env2025_seed0-499_48352cd1,232,51,4,0,1
20260912_215351_529_traffic_scan_env2025_seed0-499_48352cd1,232,51,9,0,2
20260912_215351_529_traffic_scan_env2025_seed0-499_48352cd1,232,51,10,0,1
20260912_215351_529_traffic_scan_env2025_seed0-499_48352cd1,232,51,11,0,5
20260912_215351_529_traffic_scan_env2025_seed0-499_48352cd1,232,51,12,0,2
20260912_215351_529_traffic_scan_env2025_seed0-499_48352cd1,232,51,13,0,2
20260912_215351_529_traffic_scan_env2025_seed0-499_48352cd1,232,51,14,0,2
20260912_215351_529_traffic_scan_env2025_seed0-499_48352cd1,232,51,15,0,1
20260912_215351_529_traffic_scan_env2025_seed0-499_48352cd1,232,51,16,0,3
20260912_215351_529_traffic_scan_env2025_seed0-499_48352cd1,232,51,17,0,1
20260912_215351_529_traffic_scan_env2025_seed0-499_48352cd1,232,51,21,1,2
20260912_215351_529_traffic_scan_env2025_seed0-499_48352cd1,232,51,22,0,1
20260912_215351_529_traffic_scan_env2025_seed0-499_48352cd1,232,51,23,0,1
20260912_215351_529_traffic_scan_env2025_seed0-499_48352cd1,232,51,24,0,2
20260912_215351_529_traffic_scan_env2025_seed0-499_48352cd1,232,51,24,1,1
20260912_215351_529_traffic_scan_env2025_seed0-499_48352cd1,232,51,25,0,1
20260912_215351_529_traffic_scan_env2025_seed0-499_48352cd1,232,51,25,1,1
20260912_215351_529_traffic_scan_env2025_seed0-499_48352cd1,232,51,26,0,1
20260912_215351_529_traffic_scan_env2025_seed0-499_48352cd1,232,51,26,1,1
20260912_215351_529_traffic_scan_env2025_seed0-499_48352cd1,232,51,27,0,1
20260912_215351_529_traffic_scan_env2025_seed0-499_48352cd1,232,51,28,0,1
20260912_215351_529_traffic_scan_env2025_seed0-499_48352cd1,232,51,28,1,2
20260912_215351_529_traffic_scan_env2025_seed0-499_48352cd1,232,51,29,0,1
20260912_215351_529_traffic_scan_env2025_seed0-499_48352cd1,232,51,30,0,1
20260912_215351_529_traffic_scan_env2025_seed0-499_48352cd1,232,51,31,0,1
20260912_215351_529_traffic_scan_env2025_seed0-499_48352cd1,232,51,33,0,1
20260912_215351_529_traffic_scan_env2025_seed0-499_48352cd1,232,51,34,0,1
20260912_215351_529_traffic_scan_env2025_seed0-499_48352cd1,232,51,37,0,2
20260912_215351_529_traffic_scan_env2025_seed0-499_48352cd1,232,51,41,0,1
20260912_215351_529_traffic_scan_env2025_seed0-499_48352cd1,232,51,43,0,1
20260912_215351_529_traffic_scan_env2025_seed0-499_48352cd1,232,51,43,1,1
20260912_215351_529_traffic_scan_env2025_seed0-499_48352cd1,232,51,44,0,1
20260912_215351_529_traffic_scan_env2025_seed0-499_48352cd1,232,51,45,0,1
20260912_215351_529_traffic_scan_env2025_seed0-499_48352cd1,232,51,48,0,1
20260912_215351_529_traffic_scan_env2025_seed0-499_48352cd1,232,51,49,0,2
20260912_215351_529_traffic_scan_env2025_seed0-499_48352cd1,232,51,50,0,2
20260912_215351_529_traffic_scan_env2025_seed0-499_48352cd1,232,51,52,0,2
20260912_215351_529_traffic_scan_env2025_seed0-499_48352cd1,232,51,53,0,1
20260912_215351_529_traffic_scan_env2025_seed0-499_48352cd1,232,51,55,0,1
20260912_215351_529_traffic_scan_env2025_seed0-499_48352cd1,232,51,56,0,1
20260912_215351_529_traffic_scan_env2025_seed0-499_48352cd1,232,52,1,0,1
20260912_215351_529_traffic_scan_env2025_seed0-499_48352cd1,232,52,4,0,1
20260912_215351_529_traffic_scan_env2025_seed0-499_48352cd1,232,52,8,0,2
20260912_215351_529_traffic_scan_env2025_seed0-499_48352cd1,232,52,9,0,1
20260912_215351_529_traffic_scan_env2025_seed0-499_48352cd1,232,52,10,0,4
20260912_215351_529_traffic_scan_env2025_seed0-499_48352cd1,232,52,11,0,2
20260912_215351_529_traffic_scan_env2025_seed0-499_48352cd1,232,52,12,0,2
20260912_215351_529_traffic_scan_env2025_seed0-499_48352cd1,232,52,13,0,3
20260912_215351_529_traffic_scan_env2025_seed0-499_48352cd1,232,52,14,0,3
20260912_215351_529_traffic_scan_env2025_seed0-499_48352cd1,232,52,15,0,4
20260912_215351_529_traffic_scan_env2025_seed0-499_48352cd1,232,52,16,0,1
20260912_215351_529_traffic_scan_env2025_seed0-499_48352cd1,232,52,17,0,2
20260912_215351_529_traffic_scan_env2025_seed0-499_48352cd1,232,52,19,0,1
20260912_215351_529_traffic_scan_env2025_seed0-499_48352cd1,232,52,20,0,2
20260912_215351_529_traffic_scan_env2025_seed0-499_48352cd1,232,52,20,1,1
20260912_215351_529_traffic_scan_env2025_seed0-499_48352cd1,232,52,21,0,1
20260912_215351_529_traffic_scan_env2025_seed0-499_48352cd1,232,52,23,0,1
20260912_215351_529_traffic_scan_env2025_seed0-499_48352cd1,232,52,23,1,1
20260912_215351_529_traffic_scan_env2025_seed0-499_48352cd1,232,52,25,2,1
20260912_215351_529_traffic_scan_env2025_seed0-499_48352cd1,232,52,29,1,2
20260912_215351_529_traffic_scan_env2025_seed0-499_48352cd1,232,52,30,1,1
20260912_215351_529_traffic_scan_env2025_seed0-499_48352cd1,232,52,31,0,1
20260912_215351_529_traffic_scan_env2025_seed0-499_48352cd1,232,52,31,1,1
20260912_215351_529_traffic_scan_env2025_seed0-499_48352cd1,232,52,32,1,1
20260912_215351_529_traffic_scan_env2025_seed0-499_48352cd1,232,52,33,0,1
20260912_215351_529_traffic_scan_env2025_seed0-499_48352cd1,232,52,33,1,1
20260912_215351_529_traffic_scan_env2025_seed0-499_48352cd1,232,52,34,0,1
20260912_215351_529_traffic_scan_env2025_seed0-499_48352cd1,232,52,34,1,1
20260912_215351_529_traffic_scan_env2025_seed0-499_48352cd1,232,52,35,1,1
20260912_215351_529_traffic_scan_env2025_seed0-499_48352cd1,232,52,36,1,1
20260912_215351_529_traffic_scan_env2025_seed0-499_48352cd1,232,52,37,0,2
20260912_215351_529_traffic_scan_env2025_seed0-499_48352cd1,232,52,37,1,1
20260912_215351_529_traffic_scan_env2025_seed0-499_48352cd1,232,52,38,1,1
20260912_215351_529_traffic_scan_env2025_seed0-499_48352cd1,232,52,40,0,1
20260912_215351_529_traffic_scan_env2025_seed0-499_48352cd1,232,52,42,0,1
20260912_215351_529_traffic_scan_env2025_seed0-499_48352cd1,232,52,43,0,1
20260912_215351_529_traffic_scan_env2025_seed0-499_48352cd1,232,52,44,0,1
20260912_215351_529_traffic_scan_env2025_seed0-499_48352cd1,232,52,45,0,1
20260912_215351_529_traffic_scan_env2025_seed0-499_48352cd1,232,52,48,0,3
20260912_215351_529_traffic_scan_env2025_seed0-499_48352cd1,232,52,49,0,2
20260912_215351_529_traffic_scan_env2025_seed0-499_48352cd1,232,52,50,0,1
20260912_215351_529_traffic_scan_env2025_seed0-499_48352cd1,232,52,51,0,4
20260912_215351_529_traffic_scan_env2025_seed0-499_48352cd1,232,52,52,0,1
20260912_215351_529_traffic_scan_env2025_seed0-499_48352cd1,232,52,54,0,1
20260912_215351_529_traffic_scan_env2025_seed0-499_48352cd1,232,52,56,0,2
20260912_215351_529_traffic_scan_env2025_seed0-499_48352cd1,232,53,1,0,1
20260912_215351_529_traffic_scan_env2025_seed0-499_48352cd1,232,53,4,0,1
20260912_215351_529_traffic_scan_env2025_seed0-499_48352cd1,232,53,7,0,2
20260912_215351_529_traffic_scan_env2025_seed0-499_48352cd1,232,53,8,0,1
20260912_215351_529_traffic_scan_env2025_seed0-499_48352cd1,232,53,9,0,4
20260912_215351_529_traffic_scan_env2025_seed0-499_48352cd1,232,53,10,0,1
20260912_215351_529_traffic_scan_env2025_seed0-499_48352cd1,232,53,11,0,2
20260912_215351_529_traffic_scan_env2025_seed0-499_48352cd1,232,53,14,0,4
20260912_215351_529_traffic_scan_env2025_seed0-499_48352cd1,232,53,15,0,2
20260912_215351_529_traffic_scan_env2025_seed0-499_48352cd1,232,53,17,0,2
20260912_215351_529_traffic_scan_env2025_seed0-499_48352cd1,232,53,18,0,2
20260912_215351_529_traffic_scan_env2025_seed0-499_48352cd1,232,53,19,0,2
20260912_215351_529_traffic_scan_env2025_seed0-499_48352cd1,232,53,19,1,1
20260912_215351_529_traffic_scan_env2025_seed0-499_48352cd1,232,53,20,0,1
20260912_215351_529_traffic_scan_env2025_seed0-499_48352cd1,232,53,21,0,1
20260912_215351_529_traffic_scan_env2025_seed0-499_48352cd1,232,53,22,0,1
20260912_215351_529_traffic_scan_env2025_seed0-499_48352cd1,232,53,22,1,1
20260912_215351_529_traffic_scan_env2025_seed0-499_48352cd1,232,53,23,0,2
20260912_215351_529_traffic_scan_env2025_seed0-499_48352cd1,232,53,24,0,1
20260912_215351_529_traffic_scan_env2025_seed0-499_48352cd1,232,53,24,1,1
20260912_215351_529_traffic_scan_env2025_seed0-499_48352cd1,232,53,27,0,1
20260912_215351_529_traffic_scan_env2025_seed0-499_48352cd1,232,53,28,0,1
20260912_215351_529_traffic_scan_env2025_seed0-499_48352cd1,232,53,29,0,1
20260912_215351_529_traffic_scan_env2025_seed0-499_48352cd1,232,53,30,0,1
20260912_215351_529_traffic_scan_env2025_seed0-499_48352cd1,232,53,30,1,1
20260912_215351_529_traffic_scan_env2025_seed0-499_48352cd1,232,53,31,0,1
20260912_215351_529_traffic_scan_env2025_seed0-499_48352cd1,232,53,32,0,3
20260912_215351_529_traffic_scan_env2025_seed0-499_48352cd1,232,53,33,0,2
20260912_215351_529_traffic_scan_env2025_seed0-499_48352cd1,232,53,34,0,2
20260912_215351_529_traffic_scan_env2025_seed0-499_48352cd1,232,53,35,0,2
20260912_215351_529_traffic_scan_env2025_seed0-499_48352cd1,232,53,36,0,2
20260912_215351_529_traffic_scan_env2025_seed0-499_48352cd1,232,53,37,0,3
20260912_215351_529_traffic_scan_env2025_seed0-499_48352cd1,232,53,38,0,3
20260912_215351_529_traffic_scan_env2025_seed0-499_48352cd1,232,53,39,0,2
20260912_215351_529_traffic_scan_env2025_seed0-499_48352cd1,232,53,39,1,1
20260912_215351_529_traffic_scan_env2025_seed0-499_48352cd1,232,53,40,0,3
20260912_215351_529_traffic_scan_env2025_seed0-499_48352cd1,232,53,40,1,1
20260912_215351_529_traffic_scan_env2025_seed0-499_48352cd1,232,53,41,0,2
20260912_215351_529_traffic_scan_env2025_seed0-499_48352cd1,232,53,41,1,1
20260912_215351_529_traffic_scan_env2025_seed0-499_48352cd1,232,53,42,0,4
20260912_215351_529_traffic_scan_env2025_seed0-499_48352cd1,232,53,42,1,1
20260912_215351_529_traffic_scan_env2025_seed0-499_48352cd1,232,53,43,0,2
20260912_215351_529_traffic_scan_env2025_seed0-499_48352cd1,232,53,43,1,1
20260912_215351_529_traffic_scan_env2025_seed0-499_48352cd1,232,53,44,0,2
20260912_215351_529_traffic_scan_env2025_seed0-499_48352cd1,232,53,44,1,1
20260912_215351_529_traffic_scan_env2025_seed0-499_48352cd1,232,53,45,0,4
20260912_215351_529_traffic_scan_env2025_seed0-499_48352cd1,232,53,45,1,1
20260912_215351_529_traffic_scan_env2025_seed0-499_48352cd1,232,53,46,0,1
20260912_215351_529_traffic_scan_env2025_seed0-499_48352cd1,232,53,46,1,1
20260912_215351_529_traffic_scan_env2025_seed0-499_48352cd1,232,53,47,0,2
20260912_215351_529_traffic_scan_env2025_seed0-499_48352cd1,232,53,49,0,3
20260912_215351_529_traffic_scan_env2025_seed0-499_48352cd1,232,53,50,0,2
20260912_215351_529_traffic_scan_env2025_seed0-499_48352cd1,232,53,51,0,2
20260912_215351_529_traffic_scan_env2025_seed0-499_48352cd1,232,53,52,0,3
20260912_215351_529_traffic_scan_env2025_seed0-499_48352cd1,232,53,53,0,3
20260912_215351_529_traffic_scan_env2025_seed0-499_48352cd1,232,53,54,0,1
20260912_215351_529_traffic_scan_env2025_seed0-499_48352cd1,232,53,55,0,2
20260912_215351_529_traffic_scan_env2025_seed0-499_48352cd1,232,53,56,0,3
20260912_215351_529_traffic_scan_env2025_seed0-499_48352cd1,232,53,57,0,1
20260912_215351_529_traffic_scan_env2025_seed0-499_48352cd1,232,53,58,0,1
20260912_215351_529_traffic_scan_env2025_seed0-499_48352cd1,232,53,59,0,1
20260912_215351_529_traffic_scan_env2025_seed0-499_48352cd1,232,54,1,0,1
20260912_215351_529_traffic_scan_env2025_seed0-499_48352cd1,232,54,6,0,3
20260912_215351_529_traffic_scan_env2025_seed0-499_48352cd1,232,54,7,0,2
20260912_215351_529_traffic_scan_env2025_seed0-499_48352cd1,232,54,8,0,5
20260912_215351_529_traffic_scan_env2025_seed0-499_48352cd1,232,54,9,0,2
20260912_215351_529_traffic_scan_env2025_seed0-499_48352cd1,232,54,10,0,2
20260912_215351_529_traffic_scan_env2025_seed0-499_48352cd1,232,54,11,0,2
20260912_215351_529_traffic_scan_env2025_seed0-499_48352cd1,232,54,12,0,2
20260912_215351_529_traffic_scan_env2025_seed0-499_48352cd1,232,54,13,0,4
20260912_215351_529_traffic_scan_env2025_seed0-499_48352cd1,232,54,14,0,3
20260912_215351_529_traffic_scan_env2025_seed0-499_48352cd1,232,54,15,0,2
20260912_215351_529_traffic_scan_env2025_seed0-499_48352cd1,232,54,16,0,2
20260912_215351_529_traffic_scan_env2025_seed0-499_48352cd1,232,54,18,0,2
20260912_215351_529_traffic_scan_env2025_seed0-499_48352cd1,232,54,18,1,1
20260912_215351_529_traffic_scan_env2025_seed0-499_48352cd1,232,54,20,0,1
20260912_215351_529_traffic_scan_env2025_seed0-499_48352cd1,232,54,21,0,1
20260912_215351_529_traffic_scan_env2025_seed0-499_48352cd1,232,54,21,1,1
20260912_215351_529_traffic_scan_env2025_seed0-499_48352cd1,232,54,22,0,2
20260912_215351_529_traffic_scan_env2025_seed0-499_48352cd1,232,54,23,0,1
20260912_215351_529_traffic_scan_env2025_seed0-499_48352cd1,232,54,24,0,2
20260912_215351_529_traffic_scan_env2025_seed0-499_48352cd1,232,54,25,0,3
20260912_215351_529_traffic_scan_env2025_seed0-499_48352cd1,232,54,26,0,3
20260912_215351_529_traffic_scan_env2025_seed0-499_48352cd1,232,54,27,0,2
20260912_215351_529_traffic_scan_env2025_seed0-499_48352cd1,232,54,28,0,2
20260912_215351_529_traffic_scan_env2025_seed0-499_48352cd1,232,54,29,0,2
20260912_215351_529_traffic_scan_env2025_seed0-499_48352cd1,232,54,30,0,2
20260912_215351_529_traffic_scan_env2025_seed0-499_48352cd1,232,54,31,0,3
20260912_215351_529_traffic_scan_env2025_seed0-499_48352cd1,232,54,31,1,1
20260912_215351_529_traffic_scan_env2025_seed0-499_48352cd1,232,54,37,0,2
20260912_215351_529_traffic_scan_env2025_seed0-499_48352cd1,232,54,38,0,2
20260912_215351_529_traffic_scan_env2025_seed0-499_48352cd1,232,54,39,0,2
20260912_215351_529_traffic_scan_env2025_seed0-499_48352cd1,232,54,40,0,1
20260912_215351_529_traffic_scan_env2025_seed0-499_48352cd1,232,54,41,0,2
20260912_215351_529_traffic_scan_env2025_seed0-499_48352cd1,232,54,42,0,2
20260912_215351_529_traffic_scan_env2025_seed0-499_48352cd1,232,54,43,0,1
20260912_215351_529_traffic_scan_env2025_seed0-499_48352cd1,232,54,44,0,1
20260912_215351_529_traffic_scan_env2025_seed0-499_48352cd1,232,54,46,0,1
20260912_215351_529_traffic_scan_env2025_seed0-499_48352cd1,232,54,47,0,1
20260912_215351_529_traffic_scan_env2025_seed0-499_48352cd1,232,54,48,0,2
20260912_215351_529_traffic_scan_env2025_seed0-499_48352cd1,232,54,49,0,2
20260912_215351_529_traffic_scan_env2025_seed0-499_48352cd1,232,54,51,0,1
20260912_215351_529_traffic_scan_env2025_seed0-499_48352cd1,232,54,54,0,1
20260912_215351_529_traffic_scan_env2025_seed0-499_48352cd1,232,54,56,0,1
20260912_215351_529_traffic_scan_env2025_seed0-499_48352cd1,232,54,57,0,1
20260912_215351_529_traffic_scan_env2025_seed0-499_48352cd1,232,55,1,0,1
20260912_215351_529_traffic_scan_env2025_seed0-499_48352cd1,232,55,4,0,2
20260912_215351_529_traffic_scan_env2025_seed0-499_48352cd1,232,55,5,0,2
20260912_215351_529_traffic_scan_env2025_seed0-499_48352cd1,232,55,7,0,3
20260912_215351_529_traffic_scan_env2025_seed0-499_48352cd1,232,55,8,0,2
20260912_215351_529_traffic_scan_env2025_seed0-499_48352cd1,232,55,9,0,1
20260912_215351_529_traffic_scan_env2025_seed0-499_48352cd1,232,55,10,0,1
20260912_215351_529_traffic_scan_env2025_seed0-499_48352cd1,232,55,12,0,2
20260912_215351_529_traffic_scan_env2025_seed0-499_48352cd1,232,55,14,0,1
20260912_215351_529_traffic_scan_env2025_seed0-499_48352cd1,232,55,15,0,1
20260912_215351_529_traffic_scan_env2025_seed0-499_48352cd1,232,55,16,0,2
20260912_215351_529_traffic_scan_env2025_seed0-499_48352cd1,232,55,17,0,4
20260912_215351_529_traffic_scan_env2025_seed0-499_48352cd1,232,55,17,1,1
20260912_215351_529_traffic_scan_env2025_seed0-499_48352cd1,232,55,18,0,2
20260912_215351_529_traffic_scan_env2025_seed0-499_48352cd1,232,55,19,0,2
20260912_215351_529_traffic_scan_env2025_seed0-499_48352cd1,232,55,20,0,1
20260912_215351_529_traffic_scan_env2025_seed0-499_48352cd1,232,55,20,1,1
20260912_215351_529_traffic_scan_env2025_seed0-499_48352cd1,232,55,21,0,1
20260912_215351_529_traffic_scan_env2025_seed0-499_48352cd1,232,55,22,0,1
20260912_215351_529_traffic_scan_env2025_seed0-499_48352cd1,232,55,23,0,1
20260912_215351_529_traffic_scan_env2025_seed0-499_48352cd1,232,55,24,0,1
20260912_215351_529_traffic_scan_env2025_seed0-499_48352cd1,232,55,31,0,1
20260912_215351_529_traffic_scan_env2025_seed0-499_48352cd1,232,55,32,0,1
20260912_215351_529_traffic_scan_env2025_seed0-499_48352cd1,232,55,32,1,1
20260912_215351_529_traffic_scan_env2025_seed0-499_48352cd1,232,55,33,0,1
20260912_215351_529_traffic_scan_env2025_seed0-499_48352cd1,232,55,34,0,1
20260912_215351_529_traffic_scan_env2025_seed0-499_48352cd1,232,55,35,0,1
20260912_215351_529_traffic_scan_env2025_seed0-499_48352cd1,232,55,36,0,2
20260912_215351_529_traffic_scan_env2025_seed0-499_48352cd1,232,55,38,0,2
20260912_215351_529_traffic_scan_env2025_seed0-499_48352cd1,232,55,40,0,1
20260912_215351_529_traffic_scan_env2025_seed0-499_48352cd1,232,55,43,0,1
20260912_215351_529_traffic_scan_env2025_seed0-499_48352cd1,232,55,45,0,1
20260912_215351_529_traffic_scan_env2025_seed0-499_48352cd1,232,55,46,0,1
20260912_215351_529_traffic_scan_env2025_seed0-499_48352cd1,232,55,47,0,1
20260912_215351_529_traffic_scan_env2025_seed0-499_48352cd1,232,55,50,0,1
20260912_215351_529_traffic_scan_env2025_seed0-499_48352cd1,232,55,51,0,1
20260912_215351_529_traffic_scan_env2025_seed0-499_48352cd1,232,55,52,0,2
20260912_215351_529_traffic_scan_env2025_seed0-499_48352cd1,232,55,53,0,1
20260912_215351_529_traffic_scan_env2025_seed0-499_48352cd1,232,55,55,0,1
20260912_215351_529_traffic_scan_env2025_seed0-499_48352cd1,232,55,58,0,1
20260912_215351_529_traffic_scan_env2025_seed0-499_48352cd1,232,56,1,0,2
20260912_215351_529_traffic_scan_env2025_seed0-499_48352cd1,232,56,2,0,2
20260912_215351_529_traffic_scan_env2025_seed0-499_48352cd1,232,56,3,0,3
20260912_215351_529_traffic_scan_env2025_seed0-499_48352cd1,232,56,4,0,1
20260912_215351_529_traffic_scan_env2025_seed0-499_48352cd1,232,56,5,0,1
20260912_215351_529_traffic_scan_env2025_seed0-499_48352cd1,232,56,6,0,2
20260912_215351_529_traffic_scan_env2025_seed0-499_48352cd1,232,56,7,0,1
20260912_215351_529_traffic_scan_env2025_seed0-499_48352cd1,232,56,9,0,1
20260912_215351_529_traffic_scan_env2025_seed0-499_48352cd1,232,56,11,0,2
20260912_215351_529_traffic_scan_env2025_seed0-499_48352cd1,232,56,13,0,1
20260912_215351_529_traffic_scan_env2025_seed0-499_48352cd1,232,56,14,2,1
20260912_215351_529_traffic_scan_env2025_seed0-499_48352cd1,232,56,15,2,1
20260912_215351_529_traffic_scan_env2025_seed0-499_48352cd1,232,56,16,0,1
20260912_215351_529_traffic_scan_env2025_seed0-499_48352cd1,232,56,16,1,2
20260912_215351_529_traffic_scan_env2025_seed0-499_48352cd1,232,56,17,0,1
20260912_215351_529_traffic_scan_env2025_seed0-499_48352cd1,232,56,17,1,1
20260912_215351_529_traffic_scan_env2025_seed0-499_48352cd1,232,56,18,1,1
20260912_215351_529_traffic_scan_env2025_seed0-499_48352cd1,232,56,19,1,1
20260912_215351_529_traffic_scan_env2025_seed0-499_48352cd1,232,56,30,0,1
20260912_215351_529_traffic_scan_env2025_seed0-499_48352cd1,232,56,33,1,1
20260912_215351_529_traffic_scan_env2025_seed0-499_48352cd1,232,56,37,0,2
20260912_215351_529_traffic_scan_env2025_seed0-499_48352cd1,232,56,38,0,1
20260912_215351_529_traffic_scan_env2025_seed0-499_48352cd1,232,56,40,0,1
20260912_215351_529_traffic_scan_env2025_seed0-499_48352cd1,232,56,43,0,1
20260912_215351_529_traffic_scan_env2025_seed0-499_48352cd1,232,56,53,0,1
20260912_215351_529_traffic_scan_env2025_seed0-499_48352cd1,232,56,56,0,1
20260912_215351_529_traffic_scan_env2025_seed0-499_48352cd1,232,56,59,0,1
20260912_215351_529_traffic_scan_env2025_seed0-499_48352cd1,232,57,2,0,1
20260912_215351_529_traffic_scan_env2025_seed0-499_48352cd1,232,57,5,0,1
20260912_215351_529_traffic_scan_env2025_seed0-499_48352cd1,232,57,6,0,1
20260912_215351_529_traffic_scan_env2025_seed0-499_48352cd1,232,57,7,0,1
20260912_215351_529_traffic_scan_env2025_seed0-499_48352cd1,232,57,8,0,2
20260912_215351_529_traffic_scan_env2025_seed0-499_48352cd1,232,57,9,0,1
20260912_215351_529_traffic_scan_env2025_seed0-499_48352cd1,232,57,10,0,2
20260912_215351_529_traffic_scan_env2025_seed0-499_48352cd1,232,57,12,0,1
20260912_215351_529_traffic_scan_env2025_seed0-499_48352cd1,232,57,13,0,1
20260912_215351_529_traffic_scan_env2025_seed0-499_48352cd1,232,57,13,1,1
20260912_215351_529_traffic_scan_env2025_seed0-499_48352cd1,232,57,15,2,1
20260912_215351_529_traffic_scan_env2025_seed0-499_48352cd1,232,57,16,0,1
20260912_215351_529_traffic_scan_env2025_seed0-499_48352cd1,232,57,17,0,1
20260912_215351_529_traffic_scan_env2025_seed0-499_48352cd1,232,57,29,0,1
20260912_215351_529_traffic_scan_env2025_seed0-499_48352cd1,232,57,34,1,1
20260912_215351_529_traffic_scan_env2025_seed0-499_48352cd1,232,57,36,0,1
20260912_215351_529_traffic_scan_env2025_seed0-499_48352cd1,232,57,37,0,1
20260912_215351_529_traffic_scan_env2025_seed0-499_48352cd1,232,57,38,0,1
20260912_215351_529_traffic_scan_env2025_seed0-499_48352cd1,232,57,40,0,1
20260912_215351_529_traffic_scan_env2025_seed0-499_48352cd1,232,57,42,0,1
20260912_215351_529_traffic_scan_env2025_seed0-499_48352cd1,232,57,54,0,1
20260912_215351_529_traffic_scan_env2025_seed0-499_48352cd1,232,57,57,0,1
20260912_215351_529_traffic_scan_env2025_seed0-499_48352cd1,232,58,1,0,1
20260912_215351_529_traffic_scan_env2025_seed0-499_48352cd1,232,58,4,0,1
20260912_215351_529_traffic_scan_env2025_seed0-499_48352cd1,232,58,7,0,1
20260912_215351_529_traffic_scan_env2025_seed0-499_48352cd1,232,58,10,0,1
20260912_215351_529_traffic_scan_env2025_seed0-499_48352cd1,232,58,10,1,1
20260912_215351_529_traffic_scan_env2025_seed0-499_48352cd1,232,58,11,1,1
20260912_215351_529_traffic_scan_env2025_seed0-499_48352cd1,232,58,12,1,1
20260912_215351_529_traffic_scan_env2025_seed0-499_48352cd1,232,58,13,1,1
20260912_215351_529_traffic_scan_env2025_seed0-499_48352cd1,232,58,14,0,1
20260912_215351_529_traffic_scan_env2025_seed0-499_48352cd1,232,58,14,1,1
20260912_215351_529_traffic_scan_env2025_seed0-499_48352cd1,232,58,17,0,1
20260912_215351_529_traffic_scan_env2025_seed0-499_48352cd1,232,58,35,0,1
20260912_215351_529_traffic_scan_env2025_seed0-499_48352cd1,232,58,35,1,1
20260912_215351_529_traffic_scan_env2025_seed0-499_48352cd1,232,58,36,1,1
20260912_215351_529_traffic_scan_env2025_seed0-499_48352cd1,232,58,37,0,1
20260912_215351_529_traffic_scan_env2025_seed0-499_48352cd1,232,58,37,1,1
20260912_215351_529_traffic_scan_env2025_seed0-499_48352cd1,232,58,38,0,1
20260912_215351_529_traffic_scan_env2025_seed0-499_48352cd1,232,58,38,1,1
20260912_215351_529_traffic_scan_env2025_seed0-499_48352cd1,232,58,39,0,1
20260912_215351_529_traffic_scan_env2025_seed0-499_48352cd1,232,58,39,1,1
20260912_215351_529_traffic_scan_env2025_seed0-499_48352cd1,232,58,40,1,1
20260912_215351_529_traffic_scan_env2025_seed0-499_48352cd1,232,58,41,1,1
20260912_215351_529_traffic_scan_env2025_seed0-499_48352cd1,232,58,42,0,1
20260912_215351_529_traffic_scan_env2025_seed0-499_48352cd1,232,58,42,1,1
20260912_215351_529_traffic_scan_env2025_seed0-499_48352cd1,232,58,43,1,1
20260912_215351_529_traffic_scan_env2025_seed0-499_48352cd1,232,58,58,0,1
20260912_215351_529_traffic_scan_env2025_seed0-499_48352cd1,232,59,0,0,1
20260912_215351_529_traffic_scan_env2025_seed0-499_48352cd1,232,59,2,0,1
20260912_215351_529_traffic_scan_env2025_seed0-499_48352cd1,232,59,3,0,1
20260912_215351_529_traffic_scan_env2025_seed0-499_48352cd1,232,59,4,0,1
20260912_215351_529_traffic_scan_env2025_seed0-499_48352cd1,232,59,5,0,1
20260912_215351_529_traffic_scan_env2025_seed0-499_48352cd1,232,59,6,0,2
20260912_215351_529_traffic_scan_env2025_seed0-499_48352cd1,232,59,7,0,1
20260912_215351_529_traffic_scan_env2025_seed0-499_48352cd1,232,59,8,0,1
20260912_215351_529_traffic_scan_env2025_seed0-499_48352cd1,232,59,9,0,2
20260912_215351_529_traffic_scan_env2025_seed0-499_48352cd1,232,59,34,0,1
20260912_215351_529_traffic_scan_env2025_seed0-499_48352cd1,232,59,38,0,1
20260912_215351_529_traffic_scan_env2025_seed0-499_48352cd1,232,59,42,0,1
20260912_215351_529_traffic_scan_env2025_seed0-499_48352cd1,232,59,44,1,1
20260912_215351_529_traffic_scan_env2025_seed0-499_48352cd1,232,59,45,1,1
20260912_215351_529_traffic_scan_env2025_seed0-499_48352cd1,232,59,46,1,1
20260912_215351_529_traffic_scan_env2025_seed0-499_48352cd1,232,59,47,1,1
20260912_215351_529_traffic_scan_env2025_seed0-499_48352cd1,232,59,48,1,1
20260912_215351_529_traffic_scan_env2025_seed0-499_48352cd1,232,59,49,1,1
20260912_215351_529_traffic_scan_env2025_seed0-499_48352cd1,232,59,50,1,1
20260912_215351_529_traffic_scan_env2025_seed0-499_48352cd1,232,59,51,0,1
20260912_215351_529_traffic_scan_env2025_seed0-499_48352cd1,232,59,52,0,1
20260912_215351_529_traffic_scan_env2025_seed0-499_48352cd1,232,59,53,0,1
20260912_215351_529_traffic_scan_env2025_seed0-499_48352cd1,232,59,54,0,1
20260912_215351_529_traffic_scan_env2025_seed0-499_48352cd1,232,59,55,0,1
20260912_215351_529_traffic_scan_env2025_seed0-499_48352cd1,232,59,56,0,1
20260912_215351_529_traffic_scan_env2025_seed0-499_48352cd1,232,59,57,0,1
