run_id,traffic_seed,grid_x,grid_y,grid_z,distinct_flight_count
20260912_215351_529_traffic_scan_env2025_seed0-499_48352cd1,483,0,1,0,1
20260912_215351_529_traffic_scan_env2025_seed0-499_48352cd1,483,0,2,0,1
20260912_215351_529_traffic_scan_env2025_seed0-499_48352cd1,483,0,3,0,1
20260912_215351_529_traffic_scan_env2025_seed0-499_48352cd1,483,0,4,0,1
20260912_215351_529_traffic_scan_env2025_seed0-499_48352cd1,483,0,5,0,1
20260912_215351_529_traffic_scan_env2025_seed0-499_48352cd1,483,0,6,0,1
20260912_215351_529_traffic_scan_env2025_seed0-499_48352cd1,483,0,7,0,2
20260912_215351_529_traffic_scan_env2025_seed0-499_48352cd1,483,0,8,0,2
20260912_215351_529_traffic_scan_env2025_seed0-499_48352cd1,483,0,9,0,1
20260912_215351_529_traffic_scan_env2025_seed0-499_48352cd1,483,0,25,0,1
20260912_215351_529_traffic_scan_env2025_seed0-499_48352cd1,483,0,35,0,1
20260912_215351_529_traffic_scan_env2025_seed0-499_48352cd1,483,0,36,0,1
20260912_215351_529_traffic_scan_env2025_seed0-499_48352cd1,483,0,37,0,1
20260912_215351_529_traffic_scan_env2025_seed0-499_48352cd1,483,1,2,0,1
20260912_215351_529_traffic_scan_env2025_seed0-499_48352cd1,483,1,4,0,1
20260912_215351_529_traffic_scan_env2025_seed0-499_48352cd1,483,1,8,0,2
20260912_215351_529_traffic_scan_env2025_seed0-499_48352cd1,483,1,10,0,1
20260912_215351_529_traffic_scan_env2025_seed0-499_48352cd1,483,1,11,0,2
20260912_215351_529_traffic_scan_env2025_seed0-499_48352cd1,483,1,12,0,3
20260912_215351_529_traffic_scan_env2025_seed0-499_48352cd1,483,1,13,0,1
20260912_215351_529_traffic_scan_env2025_seed0-499_48352cd1,483,1,14,0,1
20260912_215351_529_traffic_scan_env2025_seed0-499_48352cd1,483,1,15,0,1
20260912_215351_529_traffic_scan_env2025_seed0-499_48352cd1,483,1,16,0,1
20260912_215351_529_traffic_scan_env2025_seed0-499_48352cd1,483,1,17,0,2
20260912_215351_529_traffic_scan_env2025_seed0-499_48352cd1,483,1,18,0,1
20260912_215351_529_traffic_scan_env2025_seed0-499_48352cd1,483,1,19,0,1
20260912_215351_529_traffic_scan_env2025_seed0-499_48352cd1,483,1,20,0,1
20260912_215351_529_traffic_scan_env2025_seed0-499_48352cd1,483,1,21,0,1
20260912_215351_529_traffic_scan_env2025_seed0-499_48352cd1,483,1,22,0,1
20260912_215351_529_traffic_scan_env2025_seed0-499_48352cd1,483,1,23,0,1
20260912_215351_529_traffic_scan_env2025_seed0-499_48352cd1,483,1,24,0,1
20260912_215351_529_traffic_scan_env2025_seed0-499_48352cd1,483,1,25,0,2
20260912_215351_529_traffic_scan_env2025_seed0-499_48352cd1,483,1,26,0,1
20260912_215351_529_traffic_scan_env2025_seed0-499_48352cd1,483,1,27,0,1
20260912_215351_529_traffic_scan_env2025_seed0-499_48352cd1,483,1,28,0,1
20260912_215351_529_traffic_scan_env2025_seed0-499_48352cd1,483,1,29,0,1
20260912_215351_529_traffic_scan_env2025_seed0-499_48352cd1,483,1,30,0,2
20260912_215351_529_traffic_scan_env2025_seed0-499_48352cd1,483,1,31,0,1
20260912_215351_529_traffic_scan_env2025_seed0-499_48352cd1,483,1,32,0,1
20260912_215351_529_traffic_scan_env2025_seed0-499_48352cd1,483,1,33,0,1
20260912_215351_529_traffic_scan_env2025_seed0-499_48352cd1,483,1,34,0,2
20260912_215351_529_traffic_scan_env2025_seed0-499_48352cd1,483,1,35,0,1
20260912_215351_529_traffic_scan_env2025_seed0-499_48352cd1,483,1,36,0,2
20260912_215351_529_traffic_scan_env2025_seed0-499_48352cd1,483,1,37,0,2
20260912_215351_529_traffic_scan_env2025_seed0-499_48352cd1,483,1,38,0,4
20260912_215351_529_traffic_scan_env2025_seed0-499_48352cd1,483,1,39,0,2
20260912_215351_529_traffic_scan_env2025_seed0-499_48352cd1,483,1,40,0,2
20260912_215351_529_traffic_scan_env2025_seed0-499_48352cd1,483,1,41,0,2
20260912_215351_529_traffic_scan_env2025_seed0-499_48352cd1,483,1,42,0,3
20260912_215351_529_traffic_scan_env2025_seed0-499_48352cd1,483,1,43,0,2
20260912_215351_529_traffic_scan_env2025_seed0-499_48352cd1,483,1,44,0,1
20260912_215351_529_traffic_scan_env2025_seed0-499_48352cd1,483,1,45,0,1
20260912_215351_529_traffic_scan_env2025_seed0-499_48352cd1,483,1,46,0,1
20260912_215351_529_traffic_scan_env2025_seed0-499_48352cd1,483,1,47,0,1
20260912_215351_529_traffic_scan_env2025_seed0-499_48352cd1,483,1,58,0,1
20260912_215351_529_traffic_scan_env2025_seed0-499_48352cd1,483,2,3,0,1
20260912_215351_529_traffic_scan_env2025_seed0-499_48352cd1,483,2,5,0,1
20260912_215351_529_traffic_scan_env2025_seed0-499_48352cd1,483,2,8,0,1
20260912_215351_529_traffic_scan_env2025_seed0-499_48352cd1,483,2,9,0,1
20260912_215351_529_traffic_scan_env2025_seed0-499_48352cd1,483,2,12,0,3
20260912_215351_529_traffic_scan_env2025_seed0-499_48352cd1,483,2,18,0,1
20260912_215351_529_traffic_scan_env2025_seed0-499_48352cd1,483,2,22,0,2
20260912_215351_529_traffic_scan_env2025_seed0-499_48352cd1,483,2,26,0,1
20260912_215351_529_traffic_scan_env2025_seed0-499_48352cd1,483,2,27,0,1
20260912_215351_529_traffic_scan_env2025_seed0-499_48352cd1,483,2,31,0,2
20260912_215351_529_traffic_scan_env2025_seed0-499_48352cd1,483,2,32,0,1
20260912_215351_529_traffic_scan_env2025_seed0-499_48352cd1,483,2,33,0,2
20260912_215351_529_traffic_scan_env2025_seed0-499_48352cd1,483,2,34,0,1
20260912_215351_529_traffic_scan_env2025_seed0-499_48352cd1,483,2,35,0,1
20260912_215351_529_traffic_scan_env2025_seed0-499_48352cd1,483,2,38,0,2
20260912_215351_529_traffic_scan_env2025_seed0-499_48352cd1,483,2,42,0,1
20260912_215351_529_traffic_scan_env2025_seed0-499_48352cd1,483,2,48,0,1
20260912_215351_529_traffic_scan_env2025_seed0-499_48352cd1,483,2,58,0,1
20260912_215351_529_traffic_scan_env2025_seed0-499_48352cd1,483,3,4,0,1
20260912_215351_529_traffic_scan_env2025_seed0-499_48352cd1,483,3,6,0,1
20260912_215351_529_traffic_scan_env2025_seed0-499_48352cd1,483,3,8,0,1
20260912_215351_529_traffic_scan_env2025_seed0-499_48352cd1,483,3,10,0,1
20260912_215351_529_traffic_scan_env2025_seed0-499_48352cd1,483,3,11,0,3
20260912_215351_529_traffic_scan_env2025_seed0-499_48352cd1,483,3,18,0,2
20260912_215351_529_traffic_scan_env2025_seed0-499_48352cd1,483,3,19,0,1
20260912_215351_529_traffic_scan_env2025_seed0-499_48352cd1,483,3,22,0,2
20260912_215351_529_traffic_scan_env2025_seed0-499_48352cd1,483,3,26,0,1
20260912_215351_529_traffic_scan_env2025_seed0-499_48352cd1,483,3,27,0,1
20260912_215351_529_traffic_scan_env2025_seed0-499_48352cd1,483,3,30,0,1
20260912_215351_529_traffic_scan_env2025_seed0-499_48352cd1,483,3,31,0,2
20260912_215351_529_traffic_scan_env2025_seed0-499_48352cd1,483,3,32,0,2
20260912_215351_529_traffic_scan_env2025_seed0-499_48352cd1,483,3,37,0,1
20260912_215351_529_traffic_scan_env2025_seed0-499_48352cd1,483,3,38,0,2
20260912_215351_529_traffic_scan_env2025_seed0-499_48352cd1,483,3,41,0,1
20260912_215351_529_traffic_scan_env2025_seed0-499_48352cd1,483,3,49,0,2
20260912_215351_529_traffic_scan_env2025_seed0-499_48352cd1,483,3,51,0,1
20260912_215351_529_traffic_scan_env2025_seed0-499_48352cd1,483,3,57,0,1
20260912_215351_529_traffic_scan_env2025_seed0-499_48352cd1,483,4,4,0,1
20260912_215351_529_traffic_scan_env2025_seed0-499_48352cd1,483,4,5,0,1
20260912_215351_529_traffic_scan_env2025_seed0-499_48352cd1,483,4,6,1,1
20260912_215351_529_traffic_scan_env2025_seed0-499_48352cd1,483,4,8,0,1
20260912_215351_529_traffic_scan_env2025_seed0-499_48352cd1,483,4,11,0,6
20260912_215351_529_traffic_scan_env2025_seed0-499_48352cd1,483,4,17,0,1
20260912_215351_529_traffic_scan_env2025_seed0-499_48352cd1,483,4,18,0,2
20260912_215351_529_traffic_scan_env2025_seed0-499_48352cd1,483,4,20,0,1
20260912_215351_529_traffic_scan_env2025_seed0-499_48352cd1,483,4,22,0,2
20260912_215351_529_traffic_scan_env2025_seed0-499_48352cd1,483,4,25,0,1
20260912_215351_529_traffic_scan_env2025_seed0-499_48352cd1,483,4,26,0,1
20260912_215351_529_traffic_scan_env2025_seed0-499_48352cd1,483,4,27,0,1
20260912_215351_529_traffic_scan_env2025_seed0-499_48352cd1,483,4,29,0,1
20260912_215351_529_traffic_scan_env2025_seed0-499_48352cd1,483,4,30,0,2
20260912_215351_529_traffic_scan_env2025_seed0-499_48352cd1,483,4,31,0,2
20260912_215351_529_traffic_scan_env2025_seed0-499_48352cd1,483,4,36,0,1
20260912_215351_529_traffic_scan_env2025_seed0-499_48352cd1,483,4,37,0,2
20260912_215351_529_traffic_scan_env2025_seed0-499_48352cd1,483,4,40,0,1
20260912_215351_529_traffic_scan_env2025_seed0-499_48352cd1,483,4,41,0,1
20260912_215351_529_traffic_scan_env2025_seed0-499_48352cd1,483,4,49,0,1
20260912_215351_529_traffic_scan_env2025_seed0-499_48352cd1,483,4,50,0,2
20260912_215351_529_traffic_scan_env2025_seed0-499_48352cd1,483,4,52,0,1
20260912_215351_529_traffic_scan_env2025_seed0-499_48352cd1,483,4,53,0,1
20260912_215351_529_traffic_scan_env2025_seed0-499_48352cd1,483,4,54,0,2
20260912_215351_529_traffic_scan_env2025_seed0-499_48352cd1,483,4,55,0,3
20260912_215351_529_traffic_scan_env2025_seed0-499_48352cd1,483,4,56,0,3
20260912_215351_529_traffic_scan_env2025_seed0-499_48352cd1,483,4,57,0,1
20260912_215351_529_traffic_scan_env2025_seed0-499_48352cd1,483,4,58,0,1
20260912_215351_529_traffic_scan_env2025_seed0-499_48352cd1,483,4,59,0,1
20260912_215351_529_traffic_scan_env2025_seed0-499_48352cd1,483,5,4,0,1
20260912_215351_529_traffic_scan_env2025_seed0-499_48352cd1,483,5,5,0,1
20260912_215351_529_traffic_scan_env2025_seed0-499_48352cd1,483,5,6,0,3
20260912_215351_529_traffic_scan_env2025_seed0-499_48352cd1,483,5,7,0,1
20260912_215351_529_traffic_scan_env2025_seed0-499_48352cd1,483,5,7,1,1
20260912_215351_529_traffic_scan_env2025_seed0-499_48352cd1,483,5,9,0,2
20260912_215351_529_traffic_scan_env2025_seed0-499_48352cd1,483,5,10,0,2
20260912_215351_529_traffic_scan_env2025_seed0-499_48352cd1,483,5,12,0,6
20260912_215351_529_traffic_scan_env2025_seed0-499_48352cd1,483,5,13,0,2
20260912_215351_529_traffic_scan_env2025_seed0-499_48352cd1,483,5,14,0,2
20260912_215351_529_traffic_scan_env2025_seed0-499_48352cd1,483,5,15,0,2
20260912_215351_529_traffic_scan_env2025_seed0-499_48352cd1,483,5,16,0,3
20260912_215351_529_traffic_scan_env2025_seed0-499_48352cd1,483,5,17,0,1
20260912_215351_529_traffic_scan_env2025_seed0-499_48352cd1,483,5,18,0,3
20260912_215351_529_traffic_scan_env2025_seed0-499_48352cd1,483,5,19,0,1
20260912_215351_529_traffic_scan_env2025_seed0-499_48352cd1,483,5,20,0,1
20260912_215351_529_traffic_scan_env2025_seed0-499_48352cd1,483,5,21,0,2
20260912_215351_529_traffic_scan_env2025_seed0-499_48352cd1,483,5,22,0,3
20260912_215351_529_traffic_scan_env2025_seed0-499_48352cd1,483,5,23,0,1
20260912_215351_529_traffic_scan_env2025_seed0-499_48352cd1,483,5,24,0,1
20260912_215351_529_traffic_scan_env2025_seed0-499_48352cd1,483,5,25,0,2
20260912_215351_529_traffic_scan_env2025_seed0-499_48352cd1,483,5,26,0,1
20260912_215351_529_traffic_scan_env2025_seed0-499_48352cd1,483,5,27,0,3
20260912_215351_529_traffic_scan_env2025_seed0-499_48352cd1,483,5,28,0,2
20260912_215351_529_traffic_scan_env2025_seed0-499_48352cd1,483,5,29,0,3
20260912_215351_529_traffic_scan_env2025_seed0-499_48352cd1,483,5,30,0,1
20260912_215351_529_traffic_scan_env2025_seed0-499_48352cd1,483,5,31,0,2
20260912_215351_529_traffic_scan_env2025_seed0-499_48352cd1,483,5,31,1,1
20260912_215351_529_traffic_scan_env2025_seed0-499_48352cd1,483,5,32,2,1
20260912_215351_529_traffic_scan_env2025_seed0-499_48352cd1,483,5,33,2,1
20260912_215351_529_traffic_scan_env2025_seed0-499_48352cd1,483,5,34,1,1
20260912_215351_529_traffic_scan_env2025_seed0-499_48352cd1,483,5,35,0,1
20260912_215351_529_traffic_scan_env2025_seed0-499_48352cd1,483,5,35,1,1
20260912_215351_529_traffic_scan_env2025_seed0-499_48352cd1,483,5,36,0,2
20260912_215351_529_traffic_scan_env2025_seed0-499_48352cd1,483,5,36,1,1
20260912_215351_529_traffic_scan_env2025_seed0-499_48352cd1,483,5,37,2,1
20260912_215351_529_traffic_scan_env2025_seed0-499_48352cd1,483,5,38,2,1
20260912_215351_529_traffic_scan_env2025_seed0-499_48352cd1,483,5,39,1,2
20260912_215351_529_traffic_scan_env2025_seed0-499_48352cd1,483,5,40,0,1
20260912_215351_529_traffic_scan_env2025_seed0-499_48352cd1,483,5,40,1,1
20260912_215351_529_traffic_scan_env2025_seed0-499_48352cd1,483,5,41,2,3
20260912_215351_529_traffic_scan_env2025_seed0-499_48352cd1,483,5,42,2,3
20260912_215351_529_traffic_scan_env2025_seed0-499_48352cd1,483,5,43,1,2
20260912_215351_529_traffic_scan_env2025_seed0-499_48352cd1,483,5,44,1,2
20260912_215351_529_traffic_scan_env2025_seed0-499_48352cd1,483,5,45,1,2
20260912_215351_529_traffic_scan_env2025_seed0-499_48352cd1,483,5,46,1,2
20260912_215351_529_traffic_scan_env2025_seed0-499_48352cd1,483,5,47,1,2
20260912_215351_529_traffic_scan_env2025_seed0-499_48352cd1,483,5,48,1,2
20260912_215351_529_traffic_scan_env2025_seed0-499_48352cd1,483,5,49,0,3
20260912_215351_529_traffic_scan_env2025_seed0-499_48352cd1,483,5,49,1,2
20260912_215351_529_traffic_scan_env2025_seed0-499_48352cd1,483,5,50,1,2
20260912_215351_529_traffic_scan_env2025_seed0-499_48352cd1,483,5,51,0,1
20260912_215351_529_traffic_scan_env2025_seed0-499_48352cd1,483,5,51,1,1
20260912_215351_529_traffic_scan_env2025_seed0-499_48352cd1,483,5,53,0,2
20260912_215351_529_traffic_scan_env2025_seed0-499_48352cd1,483,5,55,0,2
20260912_215351_529_traffic_scan_env2025_seed0-499_48352cd1,483,5,56,0,2
20260912_215351_529_traffic_scan_env2025_seed0-499_48352cd1,483,6,1,0,1
20260912_215351_529_traffic_scan_env2025_seed0-499_48352cd1,483,6,2,0,1
20260912_215351_529_traffic_scan_env2025_seed0-499_48352cd1,483,6,3,0,1
20260912_215351_529_traffic_scan_env2025_seed0-499_48352cd1,483,6,4,0,3
20260912_215351_529_traffic_scan_env2025_seed0-499_48352cd1,483,6,5,0,2
20260912_215351_529_traffic_scan_env2025_seed0-499_48352cd1,483,6,6,0,3
20260912_215351_529_traffic_scan_env2025_seed0-499_48352cd1,483,6,7,0,5
20260912_215351_529_traffic_scan_env2025_seed0-499_48352cd1,483,6,8,0,3
20260912_215351_529_traffic_scan_env2025_seed0-499_48352cd1,483,6,8,1,1
20260912_215351_529_traffic_scan_env2025_seed0-499_48352cd1,483,6,9,0,1
20260912_215351_529_traffic_scan_env2025_seed0-499_48352cd1,483,6,10,0,1
20260912_215351_529_traffic_scan_env2025_seed0-499_48352cd1,483,6,11,0,1
20260912_215351_529_traffic_scan_env2025_seed0-499_48352cd1,483,6,12,0,3
20260912_215351_529_traffic_scan_env2025_seed0-499_48352cd1,483,6,13,0,3
20260912_215351_529_traffic_scan_env2025_seed0-499_48352cd1,483,6,15,0,1
20260912_215351_529_traffic_scan_env2025_seed0-499_48352cd1,483,6,17,1,1
20260912_215351_529_traffic_scan_env2025_seed0-499_48352cd1,483,6,18,0,2
20260912_215351_529_traffic_scan_env2025_seed0-499_48352cd1,483,6,18,1,1
20260912_215351_529_traffic_scan_env2025_seed0-499_48352cd1,483,6,19,1,1
20260912_215351_529_traffic_scan_env2025_seed0-499_48352cd1,483,6,20,1,1
20260912_215351_529_traffic_scan_env2025_seed0-499_48352cd1,483,6,21,1,1
20260912_215351_529_traffic_scan_env2025_seed0-499_48352cd1,483,6,22,1,4
20260912_215351_529_traffic_scan_env2025_seed0-499_48352cd1,483,6,23,1,1
20260912_215351_529_traffic_scan_env2025_seed0-499_48352cd1,483,6,24,1,1
20260912_215351_529_traffic_scan_env2025_seed0-499_48352cd1,483,6,25,0,1
20260912_215351_529_traffic_scan_env2025_seed0-499_48352cd1,483,6,25,1,1
20260912_215351_529_traffic_scan_env2025_seed0-499_48352cd1,483,6,26,1,1
20260912_215351_529_traffic_scan_env2025_seed0-499_48352cd1,483,6,27,0,2
20260912_215351_529_traffic_scan_env2025_seed0-499_48352cd1,483,6,27,1,1
20260912_215351_529_traffic_scan_env2025_seed0-499_48352cd1,483,6,28,0,3
20260912_215351_529_traffic_scan_env2025_seed0-499_48352cd1,483,6,28,1,1
20260912_215351_529_traffic_scan_env2025_seed0-499_48352cd1,483,6,30,0,1
20260912_215351_529_traffic_scan_env2025_seed0-499_48352cd1,483,6,31,0,1
20260912_215351_529_traffic_scan_env2025_seed0-499_48352cd1,483,6,32,2,1
20260912_215351_529_traffic_scan_env2025_seed0-499_48352cd1,483,6,33,1,1
20260912_215351_529_traffic_scan_env2025_seed0-499_48352cd1,483,6,34,1,2
20260912_215351_529_traffic_scan_env2025_seed0-499_48352cd1,483,6,35,1,1
20260912_215351_529_traffic_scan_env2025_seed0-499_48352cd1,483,6,36,0,2
20260912_215351_529_traffic_scan_env2025_seed0-499_48352cd1,483,6,36,1,1
20260912_215351_529_traffic_scan_env2025_seed0-499_48352cd1,483,6,37,2,1
20260912_215351_529_traffic_scan_env2025_seed0-499_48352cd1,483,6,38,2,2
20260912_215351_529_traffic_scan_env2025_seed0-499_48352cd1,483,6,39,0,1
20260912_215351_529_traffic_scan_env2025_seed0-499_48352cd1,483,6,39,1,1
20260912_215351_529_traffic_scan_env2025_seed0-499_48352cd1,483,6,40,1,2
20260912_215351_529_traffic_scan_env2025_seed0-499_48352cd1,483,6,43,1,1
20260912_215351_529_traffic_scan_env2025_seed0-499_48352cd1,483,6,44,1,1
20260912_215351_529_traffic_scan_env2025_seed0-499_48352cd1,483,6,45,1,1
20260912_215351_529_traffic_scan_env2025_seed0-499_48352cd1,483,6,46,1,1
20260912_215351_529_traffic_scan_env2025_seed0-499_48352cd1,483,6,47,1,1
20260912_215351_529_traffic_scan_env2025_seed0-499_48352cd1,483,6,48,0,1
20260912_215351_529_traffic_scan_env2025_seed0-499_48352cd1,483,6,48,1,1
20260912_215351_529_traffic_scan_env2025_seed0-499_48352cd1,483,6,49,0,2
20260912_215351_529_traffic_scan_env2025_seed0-499_48352cd1,483,6,49,1,1
20260912_215351_529_traffic_scan_env2025_seed0-499_48352cd1,483,6,50,1,1
20260912_215351_529_traffic_scan_env2025_seed0-499_48352cd1,483,6,51,0,1
20260912_215351_529_traffic_scan_env2025_seed0-499_48352cd1,483,6,52,0,4
20260912_215351_529_traffic_scan_env2025_seed0-499_48352cd1,483,6,53,0,1
20260912_215351_529_traffic_scan_env2025_seed0-499_48352cd1,483,6,54,0,3
20260912_215351_529_traffic_scan_env2025_seed0-499_48352cd1,483,6,55,0,2
20260912_215351_529_traffic_scan_env2025_seed0-499_48352cd1,483,6,56,0,3
20260912_215351_529_traffic_scan_env2025_seed0-499_48352cd1,483,6,57,0,2
20260912_215351_529_traffic_scan_env2025_seed0-499_48352cd1,483,6,58,0,1
20260912_215351_529_traffic_scan_env2025_seed0-499_48352cd1,483,7,2,0,1
20260912_215351_529_traffic_scan_env2025_seed0-499_48352cd1,483,7,3,0,2
20260912_215351_529_traffic_scan_env2025_seed0-499_48352cd1,483,7,7,0,1
20260912_215351_529_traffic_scan_env2025_seed0-499_48352cd1,483,7,8,0,4
20260912_215351_529_traffic_scan_env2025_seed0-499_48352cd1,483,7,9,1,1
20260912_215351_529_traffic_scan_env2025_seed0-499_48352cd1,483,7,10,1,1
20260912_215351_529_traffic_scan_env2025_seed0-499_48352cd1,483,7,11,0,3
20260912_215351_529_traffic_scan_env2025_seed0-499_48352cd1,483,7,14,0,4
20260912_215351_529_traffic_scan_env2025_seed0-499_48352cd1,483,7,15,0,1
20260912_215351_529_traffic_scan_env2025_seed0-499_48352cd1,483,7,16,0,1
20260912_215351_529_traffic_scan_env2025_seed0-499_48352cd1,483,7,17,0,3
20260912_215351_529_traffic_scan_env2025_seed0-499_48352cd1,483,7,23,2,3
20260912_215351_529_traffic_scan_env2025_seed0-499_48352cd1,483,7,25,0,1
20260912_215351_529_traffic_scan_env2025_seed0-499_48352cd1,483,7,26,0,1
20260912_215351_529_traffic_scan_env2025_seed0-499_48352cd1,483,7,27,0,4
20260912_215351_529_traffic_scan_env2025_seed0-499_48352cd1,483,7,28,1,1
20260912_215351_529_traffic_scan_env2025_seed0-499_48352cd1,483,7,29,0,2
20260912_215351_529_traffic_scan_env2025_seed0-499_48352cd1,483,7,29,1,2
20260912_215351_529_traffic_scan_env2025_seed0-499_48352cd1,483,7,30,1,1
20260912_215351_529_traffic_scan_env2025_seed0-499_48352cd1,483,7,31,0,1
20260912_215351_529_traffic_scan_env2025_seed0-499_48352cd1,483,7,31,1,2
20260912_215351_529_traffic_scan_env2025_seed0-499_48352cd1,483,7,33,1,1
20260912_215351_529_traffic_scan_env2025_seed0-499_48352cd1,483,7,35,1,1
20260912_215351_529_traffic_scan_env2025_seed0-499_48352cd1,483,7,36,0,2
20260912_215351_529_traffic_scan_env2025_seed0-499_48352cd1,483,7,36,1,1
20260912_215351_529_traffic_scan_env2025_seed0-499_48352cd1,483,7,37,2,2
20260912_215351_529_traffic_scan_env2025_seed0-499_48352cd1,483,7,38,2,1
20260912_215351_529_traffic_scan_env2025_seed0-499_48352cd1,483,7,39,0,1
20260912_215351_529_traffic_scan_env2025_seed0-499_48352cd1,483,7,39,1,1
20260912_215351_529_traffic_scan_env2025_seed0-499_48352cd1,483,7,43,0,1
20260912_215351_529_traffic_scan_env2025_seed0-499_48352cd1,483,7,47,0,1
20260912_215351_529_traffic_scan_env2025_seed0-499_48352cd1,483,7,49,0,2
20260912_215351_529_traffic_scan_env2025_seed0-499_48352cd1,483,7,50,0,1
20260912_215351_529_traffic_scan_env2025_seed0-499_48352cd1,483,7,51,0,4
20260912_215351_529_traffic_scan_env2025_seed0-499_48352cd1,483,7,52,0,1
20260912_215351_529_traffic_scan_env2025_seed0-499_48352cd1,483,7,53,0,4
20260912_215351_529_traffic_scan_env2025_seed0-499_48352cd1,483,7,54,0,3
20260912_215351_529_traffic_scan_env2025_seed0-499_48352cd1,483,7,55,0,2
20260912_215351_529_traffic_scan_env2025_seed0-499_48352cd1,483,7,58,0,1
20260912_215351_529_traffic_scan_env2025_seed0-499_48352cd1,483,7,59,0,1
20260912_215351_529_traffic_scan_env2025_seed0-499_48352cd1,483,8,3,0,1
20260912_215351_529_traffic_scan_env2025_seed0-499_48352cd1,483,8,4,0,1
20260912_215351_529_traffic_scan_env2025_seed0-499_48352cd1,483,8,8,0,2
20260912_215351_529_traffic_scan_env2025_seed0-499_48352cd1,483,8,9,0,4
20260912_215351_529_traffic_scan_env2025_seed0-499_48352cd1,483,8,11,1,1
20260912_215351_529_traffic_scan_env2025_seed0-499_48352cd1,483,8,12,0,3
20260912_215351_529_traffic_scan_env2025_seed0-499_48352cd1,483,8,14,1,1
20260912_215351_529_traffic_scan_env2025_seed0-499_48352cd1,483,8,15,0,2
20260912_215351_529_traffic_scan_env2025_seed0-499_48352cd1,483,8,15,1,1
20260912_215351_529_traffic_scan_env2025_seed0-499_48352cd1,483,8,16,1,1
20260912_215351_529_traffic_scan_env2025_seed0-499_48352cd1,483,8,17,1,1
20260912_215351_529_traffic_scan_env2025_seed0-499_48352cd1,483,8,18,0,3
20260912_215351_529_traffic_scan_env2025_seed0-499_48352cd1,483,8,18,1,1
20260912_215351_529_traffic_scan_env2025_seed0-499_48352cd1,483,8,19,0,1
20260912_215351_529_traffic_scan_env2025_seed0-499_48352cd1,483,8,19,1,1
20260912_215351_529_traffic_scan_env2025_seed0-499_48352cd1,483,8,20,2,1
20260912_215351_529_traffic_scan_env2025_seed0-499_48352cd1,483,8,21,2,1
20260912_215351_529_traffic_scan_env2025_seed0-499_48352cd1,483,8,22,2,3
20260912_215351_529_traffic_scan_env2025_seed0-499_48352cd1,483,8,23,2,2
20260912_215351_529_traffic_scan_env2025_seed0-499_48352cd1,483,8,24,1,1
20260912_215351_529_traffic_scan_env2025_seed0-499_48352cd1,483,8,25,0,1
20260912_215351_529_traffic_scan_env2025_seed0-499_48352cd1,483,8,25,1,1
20260912_215351_529_traffic_scan_env2025_seed0-499_48352cd1,483,8,26,0,3
20260912_215351_529_traffic_scan_env2025_seed0-499_48352cd1,483,8,26,1,2
20260912_215351_529_traffic_scan_env2025_seed0-499_48352cd1,483,8,27,0,1
20260912_215351_529_traffic_scan_env2025_seed0-499_48352cd1,483,8,27,1,1
20260912_215351_529_traffic_scan_env2025_seed0-499_48352cd1,483,8,28,0,1
20260912_215351_529_traffic_scan_env2025_seed0-499_48352cd1,483,8,28,1,1
20260912_215351_529_traffic_scan_env2025_seed0-499_48352cd1,483,8,29,2,1
20260912_215351_529_traffic_scan_env2025_seed0-499_48352cd1,483,8,30,0,1
20260912_215351_529_traffic_scan_env2025_seed0-499_48352cd1,483,8,30,1,2
20260912_215351_529_traffic_scan_env2025_seed0-499_48352cd1,483,8,32,0,1
20260912_215351_529_traffic_scan_env2025_seed0-499_48352cd1,483,8,32,1,2
20260912_215351_529_traffic_scan_env2025_seed0-499_48352cd1,483,8,33,1,1
20260912_215351_529_traffic_scan_env2025_seed0-499_48352cd1,483,8,34,1,1
20260912_215351_529_traffic_scan_env2025_seed0-499_48352cd1,483,8,36,0,2
20260912_215351_529_traffic_scan_env2025_seed0-499_48352cd1,483,8,36,1,1
20260912_215351_529_traffic_scan_env2025_seed0-499_48352cd1,483,8,39,0,1
20260912_215351_529_traffic_scan_env2025_seed0-499_48352cd1,483,8,42,0,1
20260912_215351_529_traffic_scan_env2025_seed0-499_48352cd1,483,8,46,0,1
20260912_215351_529_traffic_scan_env2025_seed0-499_48352cd1,483,8,49,0,2
20260912_215351_529_traffic_scan_env2025_seed0-499_48352cd1,483,8,50,0,3
20260912_215351_529_traffic_scan_env2025_seed0-499_48352cd1,483,8,51,0,1
20260912_215351_529_traffic_scan_env2025_seed0-499_48352cd1,483,8,52,0,1
20260912_215351_529_traffic_scan_env2025_seed0-499_48352cd1,483,8,52,1,1
20260912_215351_529_traffic_scan_env2025_seed0-499_48352cd1,483,8,53,0,2
20260912_215351_529_traffic_scan_env2025_seed0-499_48352cd1,483,8,54,0,1
20260912_215351_529_traffic_scan_env2025_seed0-499_48352cd1,483,8,55,0,1
20260912_215351_529_traffic_scan_env2025_seed0-499_48352cd1,483,8,59,0,1
20260912_215351_529_traffic_scan_env2025_seed0-499_48352cd1,483,9,4,0,2
20260912_215351_529_traffic_scan_env2025_seed0-499_48352cd1,483,9,9,0,3
20260912_215351_529_traffic_scan_env2025_seed0-499_48352cd1,483,9,10,0,3
20260912_215351_529_traffic_scan_env2025_seed0-499_48352cd1,483,9,12,0,3
20260912_215351_529_traffic_scan_env2025_seed0-499_48352cd1,483,9,12,1,1
20260912_215351_529_traffic_scan_env2025_seed0-499_48352cd1,483,9,13,2,1
20260912_215351_529_traffic_scan_env2025_seed0-499_48352cd1,483,9,14,1,1
20260912_215351_529_traffic_scan_env2025_seed0-499_48352cd1,483,9,16,0,2
20260912_215351_529_traffic_scan_env2025_seed0-499_48352cd1,483,9,18,0,2
20260912_215351_529_traffic_scan_env2025_seed0-499_48352cd1,483,9,20,0,1
20260912_215351_529_traffic_scan_env2025_seed0-499_48352cd1,483,9,21,0,1
20260912_215351_529_traffic_scan_env2025_seed0-499_48352cd1,483,9,22,0,1
20260912_215351_529_traffic_scan_env2025_seed0-499_48352cd1,483,9,22,1,2
20260912_215351_529_traffic_scan_env2025_seed0-499_48352cd1,483,9,23,0,4
20260912_215351_529_traffic_scan_env2025_seed0-499_48352cd1,483,9,23,1,1
20260912_215351_529_traffic_scan_env2025_seed0-499_48352cd1,483,9,25,0,4
20260912_215351_529_traffic_scan_env2025_seed0-499_48352cd1,483,9,26,1,1
20260912_215351_529_traffic_scan_env2025_seed0-499_48352cd1,483,9,27,0,2
20260912_215351_529_traffic_scan_env2025_seed0-499_48352cd1,483,9,30,0,1
20260912_215351_529_traffic_scan_env2025_seed0-499_48352cd1,483,9,31,0,2
20260912_215351_529_traffic_scan_env2025_seed0-499_48352cd1,483,9,31,1,2
20260912_215351_529_traffic_scan_env2025_seed0-499_48352cd1,483,9,35,2,1
20260912_215351_529_traffic_scan_env2025_seed0-499_48352cd1,483,9,37,0,2
20260912_215351_529_traffic_scan_env2025_seed0-499_48352cd1,483,9,38,0,1
20260912_215351_529_traffic_scan_env2025_seed0-499_48352cd1,483,9,42,0,1
20260912_215351_529_traffic_scan_env2025_seed0-499_48352cd1,483,9,45,0,1
20260912_215351_529_traffic_scan_env2025_seed0-499_48352cd1,483,9,49,0,4
20260912_215351_529_traffic_scan_env2025_seed0-499_48352cd1,483,9,50,0,2
20260912_215351_529_traffic_scan_env2025_seed0-499_48352cd1,483,9,51,2,1
20260912_215351_529_traffic_scan_env2025_seed0-499_48352cd1,483,9,52,0,3
20260912_215351_529_traffic_scan_env2025_seed0-499_48352cd1,483,9,55,0,1
20260912_215351_529_traffic_scan_env2025_seed0-499_48352cd1,483,9,56,0,1
20260912_215351_529_traffic_scan_env2025_seed0-499_48352cd1,483,9,58,0,1
20260912_215351_529_traffic_scan_env2025_seed0-499_48352cd1,483,10,0,0,1
20260912_215351_529_traffic_scan_env2025_seed0-499_48352cd1,483,10,1,0,1
20260912_215351_529_traffic_scan_env2025_seed0-499_48352cd1,483,10,2,0,1
20260912_215351_529_traffic_scan_env2025_seed0-499_48352cd1,483,10,3,0,1
20260912_215351_529_traffic_scan_env2025_seed0-499_48352cd1,483,10,4,0,3
20260912_215351_529_traffic_scan_env2025_seed0-499_48352cd1,483,10,6,1,1
20260912_215351_529_traffic_scan_env2025_seed0-499_48352cd1,483,10,7,0,1
20260912_215351_529_traffic_scan_env2025_seed0-499_48352cd1,483,10,9,0,1
20260912_215351_529_traffic_scan_env2025_seed0-499_48352cd1,483,10,10,0,2
20260912_215351_529_traffic_scan_env2025_seed0-499_48352cd1,483,10,11,0,3
20260912_215351_529_traffic_scan_env2025_seed0-499_48352cd1,483,10,12,0,1
20260912_215351_529_traffic_scan_env2025_seed0-499_48352cd1,483,10,12,1,1
20260912_215351_529_traffic_scan_env2025_seed0-499_48352cd1,483,10,13,0,3
20260912_215351_529_traffic_scan_env2025_seed0-499_48352cd1,483,10,13,1,3
20260912_215351_529_traffic_scan_env2025_seed0-499_48352cd1,483,10,17,0,2
20260912_215351_529_traffic_scan_env2025_seed0-499_48352cd1,483,10,18,0,2
20260912_215351_529_traffic_scan_env2025_seed0-499_48352cd1,483,10,19,0,1
20260912_215351_529_traffic_scan_env2025_seed0-499_48352cd1,483,10,20,0,1
20260912_215351_529_traffic_scan_env2025_seed0-499_48352cd1,483,10,22,2,2
20260912_215351_529_traffic_scan_env2025_seed0-499_48352cd1,483,10,23,0,3
20260912_215351_529_traffic_scan_env2025_seed0-499_48352cd1,483,10,23,1,1
20260912_215351_529_traffic_scan_env2025_seed0-499_48352cd1,483,10,24,0,7
20260912_215351_529_traffic_scan_env2025_seed0-499_48352cd1,483,10,25,0,1
20260912_215351_529_traffic_scan_env2025_seed0-499_48352cd1,483,10,26,0,1
20260912_215351_529_traffic_scan_env2025_seed0-499_48352cd1,483,10,26,1,1
20260912_215351_529_traffic_scan_env2025_seed0-499_48352cd1,483,10,28,1,1
20260912_215351_529_traffic_scan_env2025_seed0-499_48352cd1,483,10,30,0,1
20260912_215351_529_traffic_scan_env2025_seed0-499_48352cd1,483,10,30,1,1
20260912_215351_529_traffic_scan_env2025_seed0-499_48352cd1,483,10,32,0,2
20260912_215351_529_traffic_scan_env2025_seed0-499_48352cd1,483,10,32,1,1
20260912_215351_529_traffic_scan_env2025_seed0-499_48352cd1,483,10,33,1,1
20260912_215351_529_traffic_scan_env2025_seed0-499_48352cd1,483,10,34,1,1
20260912_215351_529_traffic_scan_env2025_seed0-499_48352cd1,483,10,37,0,3
20260912_215351_529_traffic_scan_env2025_seed0-499_48352cd1,483,10,40,0,2
20260912_215351_529_traffic_scan_env2025_seed0-499_48352cd1,483,10,41,0,2
20260912_215351_529_traffic_scan_env2025_seed0-499_48352cd1,483,10,42,0,1
20260912_215351_529_traffic_scan_env2025_seed0-499_48352cd1,483,10,43,0,1
20260912_215351_529_traffic_scan_env2025_seed0-499_48352cd1,483,10,44,0,3
20260912_215351_529_traffic_scan_env2025_seed0-499_48352cd1,483,10,45,0,2
20260912_215351_529_traffic_scan_env2025_seed0-499_48352cd1,483,10,46,0,2
20260912_215351_529_traffic_scan_env2025_seed0-499_48352cd1,483,10,47,0,2
20260912_215351_529_traffic_scan_env2025_seed0-499_48352cd1,483,10,48,0,5
20260912_215351_529_traffic_scan_env2025_seed0-499_48352cd1,483,10,49,0,3
20260912_215351_529_traffic_scan_env2025_seed0-499_48352cd1,483,10,50,0,1
20260912_215351_529_traffic_scan_env2025_seed0-499_48352cd1,483,10,50,1,1
20260912_215351_529_traffic_scan_env2025_seed0-499_48352cd1,483,10,51,0,5
20260912_215351_529_traffic_scan_env2025_seed0-499_48352cd1,483,10,52,0,1
20260912_215351_529_traffic_scan_env2025_seed0-499_48352cd1,483,10,56,0,1
20260912_215351_529_traffic_scan_env2025_seed0-499_48352cd1,483,10,57,0,1
20260912_215351_529_traffic_scan_env2025_seed0-499_48352cd1,483,11,4,0,2
20260912_215351_529_traffic_scan_env2025_seed0-499_48352cd1,483,11,5,1,2
20260912_215351_529_traffic_scan_env2025_seed0-499_48352cd1,483,11,8,1,1
20260912_215351_529_traffic_scan_env2025_seed0-499_48352cd1,483,11,9,0,1
20260912_215351_529_traffic_scan_env2025_seed0-499_48352cd1,483,11,9,1,1
20260912_215351_529_traffic_scan_env2025_seed0-499_48352cd1,483,11,10,1,1
20260912_215351_529_traffic_scan_env2025_seed0-499_48352cd1,483,11,11,0,3
20260912_215351_529_traffic_scan_env2025_seed0-499_48352cd1,483,11,11,1,2
20260912_215351_529_traffic_scan_env2025_seed0-499_48352cd1,483,11,12,0,3
20260912_215351_529_traffic_scan_env2025_seed0-499_48352cd1,483,11,12,1,1
20260912_215351_529_traffic_scan_env2025_seed0-499_48352cd1,483,11,13,1,3
20260912_215351_529_traffic_scan_env2025_seed0-499_48352cd1,483,11,14,0,2
20260912_215351_529_traffic_scan_env2025_seed0-499_48352cd1,483,11,14,1,2
20260912_215351_529_traffic_scan_env2025_seed0-499_48352cd1,483,11,15,1,1
20260912_215351_529_traffic_scan_env2025_seed0-499_48352cd1,483,11,16,1,1
20260912_215351_529_traffic_scan_env2025_seed0-499_48352cd1,483,11,17,1,1
20260912_215351_529_traffic_scan_env2025_seed0-499_48352cd1,483,11,18,0,2
20260912_215351_529_traffic_scan_env2025_seed0-499_48352cd1,483,11,18,1,3
20260912_215351_529_traffic_scan_env2025_seed0-499_48352cd1,483,11,19,2,1
20260912_215351_529_traffic_scan_env2025_seed0-499_48352cd1,483,11,20,2,1
20260912_215351_529_traffic_scan_env2025_seed0-499_48352cd1,483,11,21,0,1
20260912_215351_529_traffic_scan_env2025_seed0-499_48352cd1,483,11,21,1,3
20260912_215351_529_traffic_scan_env2025_seed0-499_48352cd1,483,11,22,0,2
20260912_215351_529_traffic_scan_env2025_seed0-499_48352cd1,483,11,22,1,1
20260912_215351_529_traffic_scan_env2025_seed0-499_48352cd1,483,11,23,0,3
20260912_215351_529_traffic_scan_env2025_seed0-499_48352cd1,483,11,23,1,2
20260912_215351_529_traffic_scan_env2025_seed0-499_48352cd1,483,11,24,1,1
20260912_215351_529_traffic_scan_env2025_seed0-499_48352cd1,483,11,25,0,3
20260912_215351_529_traffic_scan_env2025_seed0-499_48352cd1,483,11,25,1,1
20260912_215351_529_traffic_scan_env2025_seed0-499_48352cd1,483,11,26,0,3
20260912_215351_529_traffic_scan_env2025_seed0-499_48352cd1,483,11,26,1,2
20260912_215351_529_traffic_scan_env2025_seed0-499_48352cd1,483,11,27,2,2
20260912_215351_529_traffic_scan_env2025_seed0-499_48352cd1,483,11,28,1,1
20260912_215351_529_traffic_scan_env2025_seed0-499_48352cd1,483,11,29,1,2
20260912_215351_529_traffic_scan_env2025_seed0-499_48352cd1,483,11,30,0,1
20260912_215351_529_traffic_scan_env2025_seed0-499_48352cd1,483,11,30,1,1
20260912_215351_529_traffic_scan_env2025_seed0-499_48352cd1,483,11,31,1,1
20260912_215351_529_traffic_scan_env2025_seed0-499_48352cd1,483,11,32,0,2
20260912_215351_529_traffic_scan_env2025_seed0-499_48352cd1,483,11,32,1,1
20260912_215351_529_traffic_scan_env2025_seed0-499_48352cd1,483,11,33,2,2
20260912_215351_529_traffic_scan_env2025_seed0-499_48352cd1,483,11,34,2,2
20260912_215351_529_traffic_scan_env2025_seed0-499_48352cd1,483,11,36,0,2
20260912_215351_529_traffic_scan_env2025_seed0-499_48352cd1,483,11,37,0,1
20260912_215351_529_traffic_scan_env2025_seed0-499_48352cd1,483,11,38,0,1
20260912_215351_529_traffic_scan_env2025_seed0-499_48352cd1,483,11,38,1,2
20260912_215351_529_traffic_scan_env2025_seed0-499_48352cd1,483,11,39,0,3
20260912_215351_529_traffic_scan_env2025_seed0-499_48352cd1,483,11,42,0,1
20260912_215351_529_traffic_scan_env2025_seed0-499_48352cd1,483,11,43,0,3
20260912_215351_529_traffic_scan_env2025_seed0-499_48352cd1,483,11,46,0,1
20260912_215351_529_traffic_scan_env2025_seed0-499_48352cd1,483,11,47,0,3
20260912_215351_529_traffic_scan_env2025_seed0-499_48352cd1,483,11,48,0,1
20260912_215351_529_traffic_scan_env2025_seed0-499_48352cd1,483,11,48,1,1
20260912_215351_529_traffic_scan_env2025_seed0-499_48352cd1,483,11,49,0,1
20260912_215351_529_traffic_scan_env2025_seed0-499_48352cd1,483,11,49,1,1
20260912_215351_529_traffic_scan_env2025_seed0-499_48352cd1,483,11,50,0,4
20260912_215351_529_traffic_scan_env2025_seed0-499_48352cd1,483,11,51,0,2
20260912_215351_529_traffic_scan_env2025_seed0-499_48352cd1,483,11,53,0,1
20260912_215351_529_traffic_scan_env2025_seed0-499_48352cd1,483,11,54,0,1
20260912_215351_529_traffic_scan_env2025_seed0-499_48352cd1,483,11,55,0,1
20260912_215351_529_traffic_scan_env2025_seed0-499_48352cd1,483,11,56,0,3
20260912_215351_529_traffic_scan_env2025_seed0-499_48352cd1,483,11,57,0,1
20260912_215351_529_traffic_scan_env2025_seed0-499_48352cd1,483,12,1,0,1
20260912_215351_529_traffic_scan_env2025_seed0-499_48352cd1,483,12,4,1,1
20260912_215351_529_traffic_scan_env2025_seed0-499_48352cd1,483,12,5,0,1
20260912_215351_529_traffic_scan_env2025_seed0-499_48352cd1,483,12,6,1,1
20260912_215351_529_traffic_scan_env2025_seed0-499_48352cd1,483,12,9,0,1
20260912_215351_529_traffic_scan_env2025_seed0-499_48352cd1,483,12,10,0,1
20260912_215351_529_traffic_scan_env2025_seed0-499_48352cd1,483,12,10,1,1
20260912_215351_529_traffic_scan_env2025_seed0-499_48352cd1,483,12,12,0,2
20260912_215351_529_traffic_scan_env2025_seed0-499_48352cd1,483,12,13,0,3
20260912_215351_529_traffic_scan_env2025_seed0-499_48352cd1,483,12,13,1,2
20260912_215351_529_traffic_scan_env2025_seed0-499_48352cd1,483,12,15,0,2
20260912_215351_529_traffic_scan_env2025_seed0-499_48352cd1,483,12,15,1,1
20260912_215351_529_traffic_scan_env2025_seed0-499_48352cd1,483,12,18,0,1
20260912_215351_529_traffic_scan_env2025_seed0-499_48352cd1,483,12,18,1,2
20260912_215351_529_traffic_scan_env2025_seed0-499_48352cd1,483,12,21,0,2
20260912_215351_529_traffic_scan_env2025_seed0-499_48352cd1,483,12,21,1,2
20260912_215351_529_traffic_scan_env2025_seed0-499_48352cd1,483,12,22,0,4
20260912_215351_529_traffic_scan_env2025_seed0-499_48352cd1,483,12,23,0,3
20260912_215351_529_traffic_scan_env2025_seed0-499_48352cd1,483,12,23,1,1
20260912_215351_529_traffic_scan_env2025_seed0-499_48352cd1,483,12,24,0,2
20260912_215351_529_traffic_scan_env2025_seed0-499_48352cd1,483,12,26,0,3
20260912_215351_529_traffic_scan_env2025_seed0-499_48352cd1,483,12,26,1,1
20260912_215351_529_traffic_scan_env2025_seed0-499_48352cd1,483,12,27,0,3
20260912_215351_529_traffic_scan_env2025_seed0-499_48352cd1,483,12,27,1,1
20260912_215351_529_traffic_scan_env2025_seed0-499_48352cd1,483,12,28,0,3
20260912_215351_529_traffic_scan_env2025_seed0-499_48352cd1,483,12,28,1,1
20260912_215351_529_traffic_scan_env2025_seed0-499_48352cd1,483,12,29,0,2
20260912_215351_529_traffic_scan_env2025_seed0-499_48352cd1,483,12,30,0,3
20260912_215351_529_traffic_scan_env2025_seed0-499_48352cd1,483,12,31,0,2
20260912_215351_529_traffic_scan_env2025_seed0-499_48352cd1,483,12,32,0,5
20260912_215351_529_traffic_scan_env2025_seed0-499_48352cd1,483,12,32,1,1
20260912_215351_529_traffic_scan_env2025_seed0-499_48352cd1,483,12,35,0,5
20260912_215351_529_traffic_scan_env2025_seed0-499_48352cd1,483,12,35,1,2
20260912_215351_529_traffic_scan_env2025_seed0-499_48352cd1,483,12,36,0,3
20260912_215351_529_traffic_scan_env2025_seed0-499_48352cd1,483,12,37,0,3
20260912_215351_529_traffic_scan_env2025_seed0-499_48352cd1,483,12,38,0,3
20260912_215351_529_traffic_scan_env2025_seed0-499_48352cd1,483,12,38,1,2
20260912_215351_529_traffic_scan_env2025_seed0-499_48352cd1,483,12,40,0,1
20260912_215351_529_traffic_scan_env2025_seed0-499_48352cd1,483,12,41,0,2
20260912_215351_529_traffic_scan_env2025_seed0-499_48352cd1,483,12,42,0,2
20260912_215351_529_traffic_scan_env2025_seed0-499_48352cd1,483,12,43,0,2
20260912_215351_529_traffic_scan_env2025_seed0-499_48352cd1,483,12,44,0,1
20260912_215351_529_traffic_scan_env2025_seed0-499_48352cd1,483,12,45,0,1
20260912_215351_529_traffic_scan_env2025_seed0-499_48352cd1,483,12,46,0,5
20260912_215351_529_traffic_scan_env2025_seed0-499_48352cd1,483,12,47,0,3
20260912_215351_529_traffic_scan_env2025_seed0-499_48352cd1,483,12,48,0,2
20260912_215351_529_traffic_scan_env2025_seed0-499_48352cd1,483,12,48,1,3
20260912_215351_529_traffic_scan_env2025_seed0-499_48352cd1,483,12,49,1,4
20260912_215351_529_traffic_scan_env2025_seed0-499_48352cd1,483,12,50,0,1
20260912_215351_529_traffic_scan_env2025_seed0-499_48352cd1,483,12,51,0,2
20260912_215351_529_traffic_scan_env2025_seed0-499_48352cd1,483,12,51,1,1
20260912_215351_529_traffic_scan_env2025_seed0-499_48352cd1,483,12,52,0,1
20260912_215351_529_traffic_scan_env2025_seed0-499_48352cd1,483,12,55,0,1
20260912_215351_529_traffic_scan_env2025_seed0-499_48352cd1,483,12,55,1,1
20260912_215351_529_traffic_scan_env2025_seed0-499_48352cd1,483,13,2,0,1
20260912_215351_529_traffic_scan_env2025_seed0-499_48352cd1,483,13,4,1,1
20260912_215351_529_traffic_scan_env2025_seed0-499_48352cd1,483,13,6,0,1
20260912_215351_529_traffic_scan_env2025_seed0-499_48352cd1,483,13,7,1,1
20260912_215351_529_traffic_scan_env2025_seed0-499_48352cd1,483,13,9,0,1
20260912_215351_529_traffic_scan_env2025_seed0-499_48352cd1,483,13,9,1,1
20260912_215351_529_traffic_scan_env2025_seed0-499_48352cd1,483,13,13,0,2
20260912_215351_529_traffic_scan_env2025_seed0-499_48352cd1,483,13,13,1,2
20260912_215351_529_traffic_scan_env2025_seed0-499_48352cd1,483,13,14,0,4
20260912_215351_529_traffic_scan_env2025_seed0-499_48352cd1,483,13,15,0,4
20260912_215351_529_traffic_scan_env2025_seed0-499_48352cd1,483,13,16,0,2
20260912_215351_529_traffic_scan_env2025_seed0-499_48352cd1,483,13,16,1,1
20260912_215351_529_traffic_scan_env2025_seed0-499_48352cd1,483,13,18,1,2
20260912_215351_529_traffic_scan_env2025_seed0-499_48352cd1,483,13,19,0,1
20260912_215351_529_traffic_scan_env2025_seed0-499_48352cd1,483,13,20,0,3
20260912_215351_529_traffic_scan_env2025_seed0-499_48352cd1,483,13,21,0,3
20260912_215351_529_traffic_scan_env2025_seed0-499_48352cd1,483,13,21,1,2
20260912_215351_529_traffic_scan_env2025_seed0-499_48352cd1,483,13,23,0,1
20260912_215351_529_traffic_scan_env2025_seed0-499_48352cd1,483,13,23,1,1
20260912_215351_529_traffic_scan_env2025_seed0-499_48352cd1,483,13,25,0,1
20260912_215351_529_traffic_scan_env2025_seed0-499_48352cd1,483,13,25,1,1
20260912_215351_529_traffic_scan_env2025_seed0-499_48352cd1,483,13,26,0,3
20260912_215351_529_traffic_scan_env2025_seed0-499_48352cd1,483,13,26,1,1
20260912_215351_529_traffic_scan_env2025_seed0-499_48352cd1,483,13,27,2,2
20260912_215351_529_traffic_scan_env2025_seed0-499_48352cd1,483,13,29,0,1
20260912_215351_529_traffic_scan_env2025_seed0-499_48352cd1,483,13,30,0,1
20260912_215351_529_traffic_scan_env2025_seed0-499_48352cd1,483,13,31,0,1
20260912_215351_529_traffic_scan_env2025_seed0-499_48352cd1,483,13,31,1,1
20260912_215351_529_traffic_scan_env2025_seed0-499_48352cd1,483,13,33,0,6
20260912_215351_529_traffic_scan_env2025_seed0-499_48352cd1,483,13,34,0,5
20260912_215351_529_traffic_scan_env2025_seed0-499_48352cd1,483,13,36,2,2
20260912_215351_529_traffic_scan_env2025_seed0-499_48352cd1,483,13,39,0,1
20260912_215351_529_traffic_scan_env2025_seed0-499_48352cd1,483,13,39,1,2
20260912_215351_529_traffic_scan_env2025_seed0-499_48352cd1,483,13,40,0,1
20260912_215351_529_traffic_scan_env2025_seed0-499_48352cd1,483,13,40,1,1
20260912_215351_529_traffic_scan_env2025_seed0-499_48352cd1,483,13,41,0,2
20260912_215351_529_traffic_scan_env2025_seed0-499_48352cd1,483,13,42,0,1
20260912_215351_529_traffic_scan_env2025_seed0-499_48352cd1,483,13,43,0,2
20260912_215351_529_traffic_scan_env2025_seed0-499_48352cd1,483,13,44,0,1
20260912_215351_529_traffic_scan_env2025_seed0-499_48352cd1,483,13,45,0,4
20260912_215351_529_traffic_scan_env2025_seed0-499_48352cd1,483,13,46,0,3
20260912_215351_529_traffic_scan_env2025_seed0-499_48352cd1,483,13,47,2,3
20260912_215351_529_traffic_scan_env2025_seed0-499_48352cd1,483,13,48,1,3
20260912_215351_529_traffic_scan_env2025_seed0-499_48352cd1,483,13,49,0,1
20260912_215351_529_traffic_scan_env2025_seed0-499_48352cd1,483,13,50,0,1
20260912_215351_529_traffic_scan_env2025_seed0-499_48352cd1,483,13,51,2,1
20260912_215351_529_traffic_scan_env2025_seed0-499_48352cd1,483,13,52,0,2
20260912_215351_529_traffic_scan_env2025_seed0-499_48352cd1,483,13,53,0,2
20260912_215351_529_traffic_scan_env2025_seed0-499_48352cd1,483,13,54,0,3
20260912_215351_529_traffic_scan_env2025_seed0-499_48352cd1,483,13,55,0,2
20260912_215351_529_traffic_scan_env2025_seed0-499_48352cd1,483,13,55,1,1
20260912_215351_529_traffic_scan_env2025_seed0-499_48352cd1,483,13,56,0,2
20260912_215351_529_traffic_scan_env2025_seed0-499_48352cd1,483,13,57,0,1
20260912_215351_529_traffic_scan_env2025_seed0-499_48352cd1,483,13,58,0,1
20260912_215351_529_traffic_scan_env2025_seed0-499_48352cd1,483,13,59,0,1
20260912_215351_529_traffic_scan_env2025_seed0-499_48352cd1,483,14,3,0,1
20260912_215351_529_traffic_scan_env2025_seed0-499_48352cd1,483,14,4,1,1
20260912_215351_529_traffic_scan_env2025_seed0-499_48352cd1,483,14,7,0,1
20260912_215351_529_traffic_scan_env2025_seed0-499_48352cd1,483,14,8,0,2
20260912_215351_529_traffic_scan_env2025_seed0-499_48352cd1,483,14,8,1,2
20260912_215351_529_traffic_scan_env2025_seed0-499_48352cd1,483,14,9,0,3
20260912_215351_529_traffic_scan_env2025_seed0-499_48352cd1,483,14,9,1,1
20260912_215351_529_traffic_scan_env2025_seed0-499_48352cd1,483,14,10,0,1
20260912_215351_529_traffic_scan_env2025_seed0-499_48352cd1,483,14,11,0,1
20260912_215351_529_traffic_scan_env2025_seed0-499_48352cd1,483,14,12,0,2
20260912_215351_529_traffic_scan_env2025_seed0-499_48352cd1,483,14,13,0,1
20260912_215351_529_traffic_scan_env2025_seed0-499_48352cd1,483,14,13,1,2
20260912_215351_529_traffic_scan_env2025_seed0-499_48352cd1,483,14,16,0,4
20260912_215351_529_traffic_scan_env2025_seed0-499_48352cd1,483,14,17,0,2
20260912_215351_529_traffic_scan_env2025_seed0-499_48352cd1,483,14,17,1,1
20260912_215351_529_traffic_scan_env2025_seed0-499_48352cd1,483,14,18,2,2
20260912_215351_529_traffic_scan_env2025_seed0-499_48352cd1,483,14,19,0,4
20260912_215351_529_traffic_scan_env2025_seed0-499_48352cd1,483,14,20,0,4
20260912_215351_529_traffic_scan_env2025_seed0-499_48352cd1,483,14,21,1,2
20260912_215351_529_traffic_scan_env2025_seed0-499_48352cd1,483,14,23,0,1
20260912_215351_529_traffic_scan_env2025_seed0-499_48352cd1,483,14,23,1,1
20260912_215351_529_traffic_scan_env2025_seed0-499_48352cd1,483,14,24,1,1
20260912_215351_529_traffic_scan_env2025_seed0-499_48352cd1,483,14,26,0,2
20260912_215351_529_traffic_scan_env2025_seed0-499_48352cd1,483,14,26,1,2
20260912_215351_529_traffic_scan_env2025_seed0-499_48352cd1,483,14,27,2,1
20260912_215351_529_traffic_scan_env2025_seed0-499_48352cd1,483,14,30,0,3
20260912_215351_529_traffic_scan_env2025_seed0-499_48352cd1,483,14,31,1,1
20260912_215351_529_traffic_scan_env2025_seed0-499_48352cd1,483,14,33,0,5
20260912_215351_529_traffic_scan_env2025_seed0-499_48352cd1,483,14,37,1,2
20260912_215351_529_traffic_scan_env2025_seed0-499_48352cd1,483,14,38,0,1
20260912_215351_529_traffic_scan_env2025_seed0-499_48352cd1,483,14,39,1,3
20260912_215351_529_traffic_scan_env2025_seed0-499_48352cd1,483,14,40,0,1
20260912_215351_529_traffic_scan_env2025_seed0-499_48352cd1,483,14,43,0,1
20260912_215351_529_traffic_scan_env2025_seed0-499_48352cd1,483,14,44,0,2
20260912_215351_529_traffic_scan_env2025_seed0-499_48352cd1,483,14,44,1,1
20260912_215351_529_traffic_scan_env2025_seed0-499_48352cd1,483,14,46,0,2
20260912_215351_529_traffic_scan_env2025_seed0-499_48352cd1,483,14,46,1,4
20260912_215351_529_traffic_scan_env2025_seed0-499_48352cd1,483,14,47,1,4
20260912_215351_529_traffic_scan_env2025_seed0-499_48352cd1,483,14,48,1,1
20260912_215351_529_traffic_scan_env2025_seed0-499_48352cd1,483,14,49,1,1
20260912_215351_529_traffic_scan_env2025_seed0-499_48352cd1,483,14,50,1,1
20260912_215351_529_traffic_scan_env2025_seed0-499_48352cd1,483,14,51,1,2
20260912_215351_529_traffic_scan_env2025_seed0-499_48352cd1,483,14,53,0,1
20260912_215351_529_traffic_scan_env2025_seed0-499_48352cd1,483,14,55,1,1
20260912_215351_529_traffic_scan_env2025_seed0-499_48352cd1,483,15,4,0,2
20260912_215351_529_traffic_scan_env2025_seed0-499_48352cd1,483,15,4,1,1
20260912_215351_529_traffic_scan_env2025_seed0-499_48352cd1,483,15,7,0,1
20260912_215351_529_traffic_scan_env2025_seed0-499_48352cd1,483,15,7,1,1
20260912_215351_529_traffic_scan_env2025_seed0-499_48352cd1,483,15,10,0,3
20260912_215351_529_traffic_scan_env2025_seed0-499_48352cd1,483,15,10,1,1
20260912_215351_529_traffic_scan_env2025_seed0-499_48352cd1,483,15,11,0,1
20260912_215351_529_traffic_scan_env2025_seed0-499_48352cd1,483,15,13,0,3
20260912_215351_529_traffic_scan_env2025_seed0-499_48352cd1,483,15,13,1,2
20260912_215351_529_traffic_scan_env2025_seed0-499_48352cd1,483,15,16,0,1
20260912_215351_529_traffic_scan_env2025_seed0-499_48352cd1,483,15,17,0,7
20260912_215351_529_traffic_scan_env2025_seed0-499_48352cd1,483,15,18,0,5
20260912_215351_529_traffic_scan_env2025_seed0-499_48352cd1,483,15,18,1,3
20260912_215351_529_traffic_scan_env2025_seed0-499_48352cd1,483,15,21,0,4
20260912_215351_529_traffic_scan_env2025_seed0-499_48352cd1,483,15,21,1,2
20260912_215351_529_traffic_scan_env2025_seed0-499_48352cd1,483,15,23,0,1
20260912_215351_529_traffic_scan_env2025_seed0-499_48352cd1,483,15,23,1,2
20260912_215351_529_traffic_scan_env2025_seed0-499_48352cd1,483,15,25,1,1
20260912_215351_529_traffic_scan_env2025_seed0-499_48352cd1,483,15,26,1,1
20260912_215351_529_traffic_scan_env2025_seed0-499_48352cd1,483,15,27,0,3
20260912_215351_529_traffic_scan_env2025_seed0-499_48352cd1,483,15,27,1,1
20260912_215351_529_traffic_scan_env2025_seed0-499_48352cd1,483,15,29,0,1
20260912_215351_529_traffic_scan_env2025_seed0-499_48352cd1,483,15,30,0,1
20260912_215351_529_traffic_scan_env2025_seed0-499_48352cd1,483,15,31,0,1
20260912_215351_529_traffic_scan_env2025_seed0-499_48352cd1,483,15,31,1,1
20260912_215351_529_traffic_scan_env2025_seed0-499_48352cd1,483,15,32,0,2
20260912_215351_529_traffic_scan_env2025_seed0-499_48352cd1,483,15,33,0,1
20260912_215351_529_traffic_scan_env2025_seed0-499_48352cd1,483,15,34,0,2
20260912_215351_529_traffic_scan_env2025_seed0-499_48352cd1,483,15,38,0,1
20260912_215351_529_traffic_scan_env2025_seed0-499_48352cd1,483,15,38,1,1
20260912_215351_529_traffic_scan_env2025_seed0-499_48352cd1,483,15,39,0,2
20260912_215351_529_traffic_scan_env2025_seed0-499_48352cd1,483,15,39,1,2
20260912_215351_529_traffic_scan_env2025_seed0-499_48352cd1,483,15,43,0,3
20260912_215351_529_traffic_scan_env2025_seed0-499_48352cd1,483,15,43,1,1
20260912_215351_529_traffic_scan_env2025_seed0-499_48352cd1,483,15,45,1,6
20260912_215351_529_traffic_scan_env2025_seed0-499_48352cd1,483,15,46,1,3
20260912_215351_529_traffic_scan_env2025_seed0-499_48352cd1,483,15,50,0,1
20260912_215351_529_traffic_scan_env2025_seed0-499_48352cd1,483,15,51,0,1
20260912_215351_529_traffic_scan_env2025_seed0-499_48352cd1,483,15,51,1,1
20260912_215351_529_traffic_scan_env2025_seed0-499_48352cd1,483,15,52,0,1
20260912_215351_529_traffic_scan_env2025_seed0-499_48352cd1,483,15,55,1,1
20260912_215351_529_traffic_scan_env2025_seed0-499_48352cd1,483,16,4,0,2
20260912_215351_529_traffic_scan_env2025_seed0-499_48352cd1,483,16,4,1,1
20260912_215351_529_traffic_scan_env2025_seed0-499_48352cd1,483,16,7,1,1
20260912_215351_529_traffic_scan_env2025_seed0-499_48352cd1,483,16,11,0,2
20260912_215351_529_traffic_scan_env2025_seed0-499_48352cd1,483,16,11,1,1
20260912_215351_529_traffic_scan_env2025_seed0-499_48352cd1,483,16,13,1,2
20260912_215351_529_traffic_scan_env2025_seed0-499_48352cd1,483,16,14,0,3
20260912_215351_529_traffic_scan_env2025_seed0-499_48352cd1,483,16,15,0,1
20260912_215351_529_traffic_scan_env2025_seed0-499_48352cd1,483,16,16,0,3
20260912_215351_529_traffic_scan_env2025_seed0-499_48352cd1,483,16,17,0,1
20260912_215351_529_traffic_scan_env2025_seed0-499_48352cd1,483,16,18,0,4
20260912_215351_529_traffic_scan_env2025_seed0-499_48352cd1,483,16,18,1,2
20260912_215351_529_traffic_scan_env2025_seed0-499_48352cd1,483,16,19,0,3
20260912_215351_529_traffic_scan_env2025_seed0-499_48352cd1,483,16,19,1,1
20260912_215351_529_traffic_scan_env2025_seed0-499_48352cd1,483,16,20,0,3
20260912_215351_529_traffic_scan_env2025_seed0-499_48352cd1,483,16,21,0,2
20260912_215351_529_traffic_scan_env2025_seed0-499_48352cd1,483,16,21,1,2
20260912_215351_529_traffic_scan_env2025_seed0-499_48352cd1,483,16,22,0,1
20260912_215351_529_traffic_scan_env2025_seed0-499_48352cd1,483,16,22,1,1
20260912_215351_529_traffic_scan_env2025_seed0-499_48352cd1,483,16,23,1,2
20260912_215351_529_traffic_scan_env2025_seed0-499_48352cd1,483,16,24,1,1
20260912_215351_529_traffic_scan_env2025_seed0-499_48352cd1,483,16,26,1,2
20260912_215351_529_traffic_scan_env2025_seed0-499_48352cd1,483,16,27,1,1
20260912_215351_529_traffic_scan_env2025_seed0-499_48352cd1,483,16,28,0,3
20260912_215351_529_traffic_scan_env2025_seed0-499_48352cd1,483,16,30,0,1
20260912_215351_529_traffic_scan_env2025_seed0-499_48352cd1,483,16,31,0,2
20260912_215351_529_traffic_scan_env2025_seed0-499_48352cd1,483,16,31,1,1
20260912_215351_529_traffic_scan_env2025_seed0-499_48352cd1,483,16,32,0,1
20260912_215351_529_traffic_scan_env2025_seed0-499_48352cd1,483,16,33,0,1
20260912_215351_529_traffic_scan_env2025_seed0-499_48352cd1,483,16,35,0,2
20260912_215351_529_traffic_scan_env2025_seed0-499_48352cd1,483,16,37,0,2
20260912_215351_529_traffic_scan_env2025_seed0-499_48352cd1,483,16,37,1,2
20260912_215351_529_traffic_scan_env2025_seed0-499_48352cd1,483,16,38,0,2
20260912_215351_529_traffic_scan_env2025_seed0-499_48352cd1,483,16,38,1,1
20260912_215351_529_traffic_scan_env2025_seed0-499_48352cd1,483,16,39,0,1
20260912_215351_529_traffic_scan_env2025_seed0-499_48352cd1,483,16,39,1,2
20260912_215351_529_traffic_scan_env2025_seed0-499_48352cd1,483,16,40,0,1
20260912_215351_529_traffic_scan_env2025_seed0-499_48352cd1,483,16,41,0,1
20260912_215351_529_traffic_scan_env2025_seed0-499_48352cd1,483,16,42,0,2
20260912_215351_529_traffic_scan_env2025_seed0-499_48352cd1,483,16,42,1,1
20260912_215351_529_traffic_scan_env2025_seed0-499_48352cd1,483,16,43,0,1
20260912_215351_529_traffic_scan_env2025_seed0-499_48352cd1,483,16,44,2,6
20260912_215351_529_traffic_scan_env2025_seed0-499_48352cd1,483,16,45,2,3
20260912_215351_529_traffic_scan_env2025_seed0-499_48352cd1,483,16,48,0,1
20260912_215351_529_traffic_scan_env2025_seed0-499_48352cd1,483,16,49,0,1
20260912_215351_529_traffic_scan_env2025_seed0-499_48352cd1,483,16,50,2,1
20260912_215351_529_traffic_scan_env2025_seed0-499_48352cd1,483,16,55,1,1
20260912_215351_529_traffic_scan_env2025_seed0-499_48352cd1,483,17,4,0,2
20260912_215351_529_traffic_scan_env2025_seed0-499_48352cd1,483,17,4,1,1
20260912_215351_529_traffic_scan_env2025_seed0-499_48352cd1,483,17,7,1,1
20260912_215351_529_traffic_scan_env2025_seed0-499_48352cd1,483,17,12,0,2
20260912_215351_529_traffic_scan_env2025_seed0-499_48352cd1,483,17,12,1,1
20260912_215351_529_traffic_scan_env2025_seed0-499_48352cd1,483,17,13,1,2
20260912_215351_529_traffic_scan_env2025_seed0-499_48352cd1,483,17,15,0,5
20260912_215351_529_traffic_scan_env2025_seed0-499_48352cd1,483,17,18,0,4
20260912_215351_529_traffic_scan_env2025_seed0-499_48352cd1,483,17,18,1,2
20260912_215351_529_traffic_scan_env2025_seed0-499_48352cd1,483,17,20,0,4
20260912_215351_529_traffic_scan_env2025_seed0-499_48352cd1,483,17,20,1,1
20260912_215351_529_traffic_scan_env2025_seed0-499_48352cd1,483,17,21,1,4
20260912_215351_529_traffic_scan_env2025_seed0-499_48352cd1,483,17,22,1,2
20260912_215351_529_traffic_scan_env2025_seed0-499_48352cd1,483,17,23,2,3
20260912_215351_529_traffic_scan_env2025_seed0-499_48352cd1,483,17,26,1,2
20260912_215351_529_traffic_scan_env2025_seed0-499_48352cd1,483,17,27,0,1
20260912_215351_529_traffic_scan_env2025_seed0-499_48352cd1,483,17,27,1,1
20260912_215351_529_traffic_scan_env2025_seed0-499_48352cd1,483,17,29,0,3
20260912_215351_529_traffic_scan_env2025_seed0-499_48352cd1,483,17,30,0,2
20260912_215351_529_traffic_scan_env2025_seed0-499_48352cd1,483,17,31,1,1
20260912_215351_529_traffic_scan_env2025_seed0-499_48352cd1,483,17,33,0,2
20260912_215351_529_traffic_scan_env2025_seed0-499_48352cd1,483,17,35,1,1
20260912_215351_529_traffic_scan_env2025_seed0-499_48352cd1,483,17,36,0,4
20260912_215351_529_traffic_scan_env2025_seed0-499_48352cd1,483,17,36,1,2
20260912_215351_529_traffic_scan_env2025_seed0-499_48352cd1,483,17,39,0,1
20260912_215351_529_traffic_scan_env2025_seed0-499_48352cd1,483,17,39,1,2
20260912_215351_529_traffic_scan_env2025_seed0-499_48352cd1,483,17,39,2,1
20260912_215351_529_traffic_scan_env2025_seed0-499_48352cd1,483,17,40,0,2
20260912_215351_529_traffic_scan_env2025_seed0-499_48352cd1,483,17,40,2,1
20260912_215351_529_traffic_scan_env2025_seed0-499_48352cd1,483,17,41,0,2
20260912_215351_529_traffic_scan_env2025_seed0-499_48352cd1,483,17,41,1,1
20260912_215351_529_traffic_scan_env2025_seed0-499_48352cd1,483,17,41,2,1
20260912_215351_529_traffic_scan_env2025_seed0-499_48352cd1,483,17,42,0,1
20260912_215351_529_traffic_scan_env2025_seed0-499_48352cd1,483,17,42,2,1
20260912_215351_529_traffic_scan_env2025_seed0-499_48352cd1,483,17,43,1,7
20260912_215351_529_traffic_scan_env2025_seed0-499_48352cd1,483,17,43,2,1
20260912_215351_529_traffic_scan_env2025_seed0-499_48352cd1,483,17,44,2,3
20260912_215351_529_traffic_scan_env2025_seed0-499_48352cd1,483,17,46,0,1
20260912_215351_529_traffic_scan_env2025_seed0-499_48352cd1,483,17,47,0,1
20260912_215351_529_traffic_scan_env2025_seed0-499_48352cd1,483,17,50,2,1
20260912_215351_529_traffic_scan_env2025_seed0-499_48352cd1,483,17,55,1,1
20260912_215351_529_traffic_scan_env2025_seed0-499_48352cd1,483,18,1,0,1
20260912_215351_529_traffic_scan_env2025_seed0-499_48352cd1,483,18,2,0,1
20260912_215351_529_traffic_scan_env2025_seed0-499_48352cd1,483,18,3,0,1
20260912_215351_529_traffic_scan_env2025_seed0-499_48352cd1,483,18,4,0,1
20260912_215351_529_traffic_scan_env2025_seed0-499_48352cd1,483,18,5,0,3
20260912_215351_529_traffic_scan_env2025_seed0-499_48352cd1,483,18,5,1,1
20260912_215351_529_traffic_scan_env2025_seed0-499_48352cd1,483,18,6,0,1
20260912_215351_529_traffic_scan_env2025_seed0-499_48352cd1,483,18,7,0,1
20260912_215351_529_traffic_scan_env2025_seed0-499_48352cd1,483,18,7,1,1
20260912_215351_529_traffic_scan_env2025_seed0-499_48352cd1,483,18,8,1,1
20260912_215351_529_traffic_scan_env2025_seed0-499_48352cd1,483,18,13,0,2
20260912_215351_529_traffic_scan_env2025_seed0-499_48352cd1,483,18,13,1,3
20260912_215351_529_traffic_scan_env2025_seed0-499_48352cd1,483,18,14,0,3
20260912_215351_529_traffic_scan_env2025_seed0-499_48352cd1,483,18,16,0,2
20260912_215351_529_traffic_scan_env2025_seed0-499_48352cd1,483,18,18,1,1
20260912_215351_529_traffic_scan_env2025_seed0-499_48352cd1,483,18,19,0,6
20260912_215351_529_traffic_scan_env2025_seed0-499_48352cd1,483,18,19,1,1
20260912_215351_529_traffic_scan_env2025_seed0-499_48352cd1,483,18,20,0,2
20260912_215351_529_traffic_scan_env2025_seed0-499_48352cd1,483,18,21,1,6
20260912_215351_529_traffic_scan_env2025_seed0-499_48352cd1,483,18,22,1,1
20260912_215351_529_traffic_scan_env2025_seed0-499_48352cd1,483,18,23,2,4
20260912_215351_529_traffic_scan_env2025_seed0-499_48352cd1,483,18,26,0,1
20260912_215351_529_traffic_scan_env2025_seed0-499_48352cd1,483,18,26,1,2
20260912_215351_529_traffic_scan_env2025_seed0-499_48352cd1,483,18,27,2,1
20260912_215351_529_traffic_scan_env2025_seed0-499_48352cd1,483,18,29,0,3
20260912_215351_529_traffic_scan_env2025_seed0-499_48352cd1,483,18,29,1,1
20260912_215351_529_traffic_scan_env2025_seed0-499_48352cd1,483,18,30,1,3
20260912_215351_529_traffic_scan_env2025_seed0-499_48352cd1,483,18,31,2,2
20260912_215351_529_traffic_scan_env2025_seed0-499_48352cd1,483,18,32,1,1
20260912_215351_529_traffic_scan_env2025_seed0-499_48352cd1,483,18,33,0,1
20260912_215351_529_traffic_scan_env2025_seed0-499_48352cd1,483,18,33,1,1
20260912_215351_529_traffic_scan_env2025_seed0-499_48352cd1,483,18,34,0,1
20260912_215351_529_traffic_scan_env2025_seed0-499_48352cd1,483,18,34,1,1
20260912_215351_529_traffic_scan_env2025_seed0-499_48352cd1,483,18,35,0,3
20260912_215351_529_traffic_scan_env2025_seed0-499_48352cd1,483,18,35,1,1
20260912_215351_529_traffic_scan_env2025_seed0-499_48352cd1,483,18,36,0,2
20260912_215351_529_traffic_scan_env2025_seed0-499_48352cd1,483,18,40,2,3
20260912_215351_529_traffic_scan_env2025_seed0-499_48352cd1,483,18,41,0,2
20260912_215351_529_traffic_scan_env2025_seed0-499_48352cd1,483,18,42,1,1
20260912_215351_529_traffic_scan_env2025_seed0-499_48352cd1,483,18,43,0,7
20260912_215351_529_traffic_scan_env2025_seed0-499_48352cd1,483,18,43,1,2
20260912_215351_529_traffic_scan_env2025_seed0-499_48352cd1,483,18,45,0,1
20260912_215351_529_traffic_scan_env2025_seed0-499_48352cd1,483,18,46,0,1
20260912_215351_529_traffic_scan_env2025_seed0-499_48352cd1,483,18,47,0,1
20260912_215351_529_traffic_scan_env2025_seed0-499_48352cd1,483,18,50,0,1
20260912_215351_529_traffic_scan_env2025_seed0-499_48352cd1,483,18,50,1,1
20260912_215351_529_traffic_scan_env2025_seed0-499_48352cd1,483,18,55,1,1
20260912_215351_529_traffic_scan_env2025_seed0-499_48352cd1,483,19,5,1,1
20260912_215351_529_traffic_scan_env2025_seed0-499_48352cd1,483,19,6,0,2
20260912_215351_529_traffic_scan_env2025_seed0-499_48352cd1,483,19,7,1,1
20260912_215351_529_traffic_scan_env2025_seed0-499_48352cd1,483,19,9,1,1
20260912_215351_529_traffic_scan_env2025_seed0-499_48352cd1,483,19,10,1,1
20260912_215351_529_traffic_scan_env2025_seed0-499_48352cd1,483,19,11,2,1
20260912_215351_529_traffic_scan_env2025_seed0-499_48352cd1,483,19,12,2,1
20260912_215351_529_traffic_scan_env2025_seed0-499_48352cd1,483,19,13,0,3
20260912_215351_529_traffic_scan_env2025_seed0-499_48352cd1,483,19,13,1,2
20260912_215351_529_traffic_scan_env2025_seed0-499_48352cd1,483,19,14,0,2
20260912_215351_529_traffic_scan_env2025_seed0-499_48352cd1,483,19,14,1,3
20260912_215351_529_traffic_scan_env2025_seed0-499_48352cd1,483,19,15,1,1
20260912_215351_529_traffic_scan_env2025_seed0-499_48352cd1,483,19,16,1,1
20260912_215351_529_traffic_scan_env2025_seed0-499_48352cd1,483,19,17,0,2
20260912_215351_529_traffic_scan_env2025_seed0-499_48352cd1,483,19,17,1,1
20260912_215351_529_traffic_scan_env2025_seed0-499_48352cd1,483,19,18,2,2
20260912_215351_529_traffic_scan_env2025_seed0-499_48352cd1,483,19,19,0,3
20260912_215351_529_traffic_scan_env2025_seed0-499_48352cd1,483,19,19,1,2
20260912_215351_529_traffic_scan_env2025_seed0-499_48352cd1,483,19,20,0,3
20260912_215351_529_traffic_scan_env2025_seed0-499_48352cd1,483,19,20,1,1
20260912_215351_529_traffic_scan_env2025_seed0-499_48352cd1,483,19,21,0,1
20260912_215351_529_traffic_scan_env2025_seed0-499_48352cd1,483,19,21,1,5
20260912_215351_529_traffic_scan_env2025_seed0-499_48352cd1,483,19,22,1,4
20260912_215351_529_traffic_scan_env2025_seed0-499_48352cd1,483,19,23,0,1
20260912_215351_529_traffic_scan_env2025_seed0-499_48352cd1,483,19,23,1,3
20260912_215351_529_traffic_scan_env2025_seed0-499_48352cd1,483,19,24,0,1
20260912_215351_529_traffic_scan_env2025_seed0-499_48352cd1,483,19,24,1,3
20260912_215351_529_traffic_scan_env2025_seed0-499_48352cd1,483,19,25,0,1
20260912_215351_529_traffic_scan_env2025_seed0-499_48352cd1,483,19,25,1,4
20260912_215351_529_traffic_scan_env2025_seed0-499_48352cd1,483,19,26,1,2
20260912_215351_529_traffic_scan_env2025_seed0-499_48352cd1,483,19,27,1,2
20260912_215351_529_traffic_scan_env2025_seed0-499_48352cd1,483,19,28,0,1
20260912_215351_529_traffic_scan_env2025_seed0-499_48352cd1,483,19,28,1,1
20260912_215351_529_traffic_scan_env2025_seed0-499_48352cd1,483,19,29,0,2
20260912_215351_529_traffic_scan_env2025_seed0-499_48352cd1,483,19,31,1,2
20260912_215351_529_traffic_scan_env2025_seed0-499_48352cd1,483,19,31,2,1
20260912_215351_529_traffic_scan_env2025_seed0-499_48352cd1,483,19,33,0,1
20260912_215351_529_traffic_scan_env2025_seed0-499_48352cd1,483,19,34,0,2
20260912_215351_529_traffic_scan_env2025_seed0-499_48352cd1,483,19,34,1,1
20260912_215351_529_traffic_scan_env2025_seed0-499_48352cd1,483,19,36,0,1
20260912_215351_529_traffic_scan_env2025_seed0-499_48352cd1,483,19,37,0,2
20260912_215351_529_traffic_scan_env2025_seed0-499_48352cd1,483,19,38,1,1
20260912_215351_529_traffic_scan_env2025_seed0-499_48352cd1,483,19,39,1,3
20260912_215351_529_traffic_scan_env2025_seed0-499_48352cd1,483,19,41,0,1
20260912_215351_529_traffic_scan_env2025_seed0-499_48352cd1,483,19,41,1,1
20260912_215351_529_traffic_scan_env2025_seed0-499_48352cd1,483,19,42,0,7
20260912_215351_529_traffic_scan_env2025_seed0-499_48352cd1,483,19,42,1,2
20260912_215351_529_traffic_scan_env2025_seed0-499_48352cd1,483,19,44,0,1
20260912_215351_529_traffic_scan_env2025_seed0-499_48352cd1,483,19,45,0,1
20260912_215351_529_traffic_scan_env2025_seed0-499_48352cd1,483,19,48,0,1
20260912_215351_529_traffic_scan_env2025_seed0-499_48352cd1,483,19,49,0,1
20260912_215351_529_traffic_scan_env2025_seed0-499_48352cd1,483,19,50,1,1
20260912_215351_529_traffic_scan_env2025_seed0-499_48352cd1,483,19,51,0,1
20260912_215351_529_traffic_scan_env2025_seed0-499_48352cd1,483,19,55,1,1
20260912_215351_529_traffic_scan_env2025_seed0-499_48352cd1,483,20,1,0,1
20260912_215351_529_traffic_scan_env2025_seed0-499_48352cd1,483,20,3,0,1
20260912_215351_529_traffic_scan_env2025_seed0-499_48352cd1,483,20,5,1,1
20260912_215351_529_traffic_scan_env2025_seed0-499_48352cd1,483,20,7,0,2
20260912_215351_529_traffic_scan_env2025_seed0-499_48352cd1,483,20,7,1,1
20260912_215351_529_traffic_scan_env2025_seed0-499_48352cd1,483,20,10,0,3
20260912_215351_529_traffic_scan_env2025_seed0-499_48352cd1,483,20,11,0,3
20260912_215351_529_traffic_scan_env2025_seed0-499_48352cd1,483,20,12,0,3
20260912_215351_529_traffic_scan_env2025_seed0-499_48352cd1,483,20,13,1,1
20260912_215351_529_traffic_scan_env2025_seed0-499_48352cd1,483,20,15,0,2
20260912_215351_529_traffic_scan_env2025_seed0-499_48352cd1,483,20,15,1,2
20260912_215351_529_traffic_scan_env2025_seed0-499_48352cd1,483,20,18,0,4
20260912_215351_529_traffic_scan_env2025_seed0-499_48352cd1,483,20,18,1,2
20260912_215351_529_traffic_scan_env2025_seed0-499_48352cd1,483,20,19,1,1
20260912_215351_529_traffic_scan_env2025_seed0-499_48352cd1,483,20,20,1,1
20260912_215351_529_traffic_scan_env2025_seed0-499_48352cd1,483,20,21,0,3
20260912_215351_529_traffic_scan_env2025_seed0-499_48352cd1,483,20,21,1,3
20260912_215351_529_traffic_scan_env2025_seed0-499_48352cd1,483,20,22,0,2
20260912_215351_529_traffic_scan_env2025_seed0-499_48352cd1,483,20,23,1,5
20260912_215351_529_traffic_scan_env2025_seed0-499_48352cd1,483,20,24,2,1
20260912_215351_529_traffic_scan_env2025_seed0-499_48352cd1,483,20,25,1,2
20260912_215351_529_traffic_scan_env2025_seed0-499_48352cd1,483,20,27,0,1
20260912_215351_529_traffic_scan_env2025_seed0-499_48352cd1,483,20,27,1,2
20260912_215351_529_traffic_scan_env2025_seed0-499_48352cd1,483,20,29,0,2
20260912_215351_529_traffic_scan_env2025_seed0-499_48352cd1,483,20,31,1,1
20260912_215351_529_traffic_scan_env2025_seed0-499_48352cd1,483,20,32,1,2
20260912_215351_529_traffic_scan_env2025_seed0-499_48352cd1,483,20,33,0,2
20260912_215351_529_traffic_scan_env2025_seed0-499_48352cd1,483,20,33,1,1
20260912_215351_529_traffic_scan_env2025_seed0-499_48352cd1,483,20,34,0,1
20260912_215351_529_traffic_scan_env2025_seed0-499_48352cd1,483,20,37,0,4
20260912_215351_529_traffic_scan_env2025_seed0-499_48352cd1,483,20,37,1,1
20260912_215351_529_traffic_scan_env2025_seed0-499_48352cd1,483,20,39,0,1
20260912_215351_529_traffic_scan_env2025_seed0-499_48352cd1,483,20,39,1,2
20260912_215351_529_traffic_scan_env2025_seed0-499_48352cd1,483,20,40,0,1
20260912_215351_529_traffic_scan_env2025_seed0-499_48352cd1,483,20,40,1,1
20260912_215351_529_traffic_scan_env2025_seed0-499_48352cd1,483,20,41,0,6
20260912_215351_529_traffic_scan_env2025_seed0-499_48352cd1,483,20,41,1,2
20260912_215351_529_traffic_scan_env2025_seed0-499_48352cd1,483,20,43,0,1
20260912_215351_529_traffic_scan_env2025_seed0-499_48352cd1,483,20,44,0,1
20260912_215351_529_traffic_scan_env2025_seed0-499_48352cd1,483,20,50,2,1
20260912_215351_529_traffic_scan_env2025_seed0-499_48352cd1,483,20,52,0,1
20260912_215351_529_traffic_scan_env2025_seed0-499_48352cd1,483,20,55,1,1
20260912_215351_529_traffic_scan_env2025_seed0-499_48352cd1,483,20,56,0,2
20260912_215351_529_traffic_scan_env2025_seed0-499_48352cd1,483,20,57,0,1
20260912_215351_529_traffic_scan_env2025_seed0-499_48352cd1,483,21,2,0,1
20260912_215351_529_traffic_scan_env2025_seed0-499_48352cd1,483,21,3,0,1
20260912_215351_529_traffic_scan_env2025_seed0-499_48352cd1,483,21,5,1,1
20260912_215351_529_traffic_scan_env2025_seed0-499_48352cd1,483,21,7,1,1
20260912_215351_529_traffic_scan_env2025_seed0-499_48352cd1,483,21,8,0,2
20260912_215351_529_traffic_scan_env2025_seed0-499_48352cd1,483,21,9,0,3
20260912_215351_529_traffic_scan_env2025_seed0-499_48352cd1,483,21,13,1,1
20260912_215351_529_traffic_scan_env2025_seed0-499_48352cd1,483,21,16,0,2
20260912_215351_529_traffic_scan_env2025_seed0-499_48352cd1,483,21,16,1,2
20260912_215351_529_traffic_scan_env2025_seed0-499_48352cd1,483,21,17,0,2
20260912_215351_529_traffic_scan_env2025_seed0-499_48352cd1,483,21,18,0,1
20260912_215351_529_traffic_scan_env2025_seed0-499_48352cd1,483,21,18,1,1
20260912_215351_529_traffic_scan_env2025_seed0-499_48352cd1,483,21,19,0,1
20260912_215351_529_traffic_scan_env2025_seed0-499_48352cd1,483,21,19,1,3
20260912_215351_529_traffic_scan_env2025_seed0-499_48352cd1,483,21,21,0,1
20260912_215351_529_traffic_scan_env2025_seed0-499_48352cd1,483,21,21,1,3
20260912_215351_529_traffic_scan_env2025_seed0-499_48352cd1,483,21,22,0,3
20260912_215351_529_traffic_scan_env2025_seed0-499_48352cd1,483,21,23,0,1
20260912_215351_529_traffic_scan_env2025_seed0-499_48352cd1,483,21,23,1,3
20260912_215351_529_traffic_scan_env2025_seed0-499_48352cd1,483,21,24,1,3
20260912_215351_529_traffic_scan_env2025_seed0-499_48352cd1,483,21,25,1,1
20260912_215351_529_traffic_scan_env2025_seed0-499_48352cd1,483,21,26,0,1
20260912_215351_529_traffic_scan_env2025_seed0-499_48352cd1,483,21,26,1,1
20260912_215351_529_traffic_scan_env2025_seed0-499_48352cd1,483,21,28,1,2
20260912_215351_529_traffic_scan_env2025_seed0-499_48352cd1,483,21,29,0,2
20260912_215351_529_traffic_scan_env2025_seed0-499_48352cd1,483,21,29,1,1
20260912_215351_529_traffic_scan_env2025_seed0-499_48352cd1,483,21,32,0,2
20260912_215351_529_traffic_scan_env2025_seed0-499_48352cd1,483,21,32,1,4
20260912_215351_529_traffic_scan_env2025_seed0-499_48352cd1,483,21,35,1,1
20260912_215351_529_traffic_scan_env2025_seed0-499_48352cd1,483,21,36,0,1
20260912_215351_529_traffic_scan_env2025_seed0-499_48352cd1,483,21,36,1,1
20260912_215351_529_traffic_scan_env2025_seed0-499_48352cd1,483,21,37,1,1
20260912_215351_529_traffic_scan_env2025_seed0-499_48352cd1,483,21,38,0,3
20260912_215351_529_traffic_scan_env2025_seed0-499_48352cd1,483,21,38,1,1
20260912_215351_529_traffic_scan_env2025_seed0-499_48352cd1,483,21,39,0,2
20260912_215351_529_traffic_scan_env2025_seed0-499_48352cd1,483,21,39,1,1
20260912_215351_529_traffic_scan_env2025_seed0-499_48352cd1,483,21,40,0,7
20260912_215351_529_traffic_scan_env2025_seed0-499_48352cd1,483,21,40,1,2
20260912_215351_529_traffic_scan_env2025_seed0-499_48352cd1,483,21,41,0,1
20260912_215351_529_traffic_scan_env2025_seed0-499_48352cd1,483,21,43,0,1
20260912_215351_529_traffic_scan_env2025_seed0-499_48352cd1,483,21,44,0,1
20260912_215351_529_traffic_scan_env2025_seed0-499_48352cd1,483,21,50,2,1
20260912_215351_529_traffic_scan_env2025_seed0-499_48352cd1,483,21,51,0,1
20260912_215351_529_traffic_scan_env2025_seed0-499_48352cd1,483,21,52,0,1
20260912_215351_529_traffic_scan_env2025_seed0-499_48352cd1,483,21,53,0,2
20260912_215351_529_traffic_scan_env2025_seed0-499_48352cd1,483,21,54,0,1
20260912_215351_529_traffic_scan_env2025_seed0-499_48352cd1,483,21,55,0,2
20260912_215351_529_traffic_scan_env2025_seed0-499_48352cd1,483,21,55,1,1
20260912_215351_529_traffic_scan_env2025_seed0-499_48352cd1,483,21,58,0,1
20260912_215351_529_traffic_scan_env2025_seed0-499_48352cd1,483,22,1,0,1
20260912_215351_529_traffic_scan_env2025_seed0-499_48352cd1,483,22,2,0,1
20260912_215351_529_traffic_scan_env2025_seed0-499_48352cd1,483,22,3,0,2
20260912_215351_529_traffic_scan_env2025_seed0-499_48352cd1,483,22,4,0,2
20260912_215351_529_traffic_scan_env2025_seed0-499_48352cd1,483,22,5,0,1
20260912_215351_529_traffic_scan_env2025_seed0-499_48352cd1,483,22,5,1,1
20260912_215351_529_traffic_scan_env2025_seed0-499_48352cd1,483,22,6,0,1
20260912_215351_529_traffic_scan_env2025_seed0-499_48352cd1,483,22,7,0,1
20260912_215351_529_traffic_scan_env2025_seed0-499_48352cd1,483,22,7,1,1
20260912_215351_529_traffic_scan_env2025_seed0-499_48352cd1,483,22,8,0,4
20260912_215351_529_traffic_scan_env2025_seed0-499_48352cd1,483,22,9,0,3
20260912_215351_529_traffic_scan_env2025_seed0-499_48352cd1,483,22,10,0,1
20260912_215351_529_traffic_scan_env2025_seed0-499_48352cd1,483,22,11,0,1
20260912_215351_529_traffic_scan_env2025_seed0-499_48352cd1,483,22,13,1,1
20260912_215351_529_traffic_scan_env2025_seed0-499_48352cd1,483,22,16,0,2
20260912_215351_529_traffic_scan_env2025_seed0-499_48352cd1,483,22,16,1,2
20260912_215351_529_traffic_scan_env2025_seed0-499_48352cd1,483,22,17,0,2
20260912_215351_529_traffic_scan_env2025_seed0-499_48352cd1,483,22,17,1,2
20260912_215351_529_traffic_scan_env2025_seed0-499_48352cd1,483,22,18,0,1
20260912_215351_529_traffic_scan_env2025_seed0-499_48352cd1,483,22,18,1,3
20260912_215351_529_traffic_scan_env2025_seed0-499_48352cd1,483,22,19,0,1
20260912_215351_529_traffic_scan_env2025_seed0-499_48352cd1,483,22,19,1,2
20260912_215351_529_traffic_scan_env2025_seed0-499_48352cd1,483,22,20,0,2
20260912_215351_529_traffic_scan_env2025_seed0-499_48352cd1,483,22,20,1,2
20260912_215351_529_traffic_scan_env2025_seed0-499_48352cd1,483,22,21,1,4
20260912_215351_529_traffic_scan_env2025_seed0-499_48352cd1,483,22,22,1,2
20260912_215351_529_traffic_scan_env2025_seed0-499_48352cd1,483,22,23,0,3
20260912_215351_529_traffic_scan_env2025_seed0-499_48352cd1,483,22,23,1,3
20260912_215351_529_traffic_scan_env2025_seed0-499_48352cd1,483,22,24,0,1
20260912_215351_529_traffic_scan_env2025_seed0-499_48352cd1,483,22,24,1,1
20260912_215351_529_traffic_scan_env2025_seed0-499_48352cd1,483,22,25,1,6
20260912_215351_529_traffic_scan_env2025_seed0-499_48352cd1,483,22,26,1,2
20260912_215351_529_traffic_scan_env2025_seed0-499_48352cd1,483,22,27,1,1
20260912_215351_529_traffic_scan_env2025_seed0-499_48352cd1,483,22,28,1,1
20260912_215351_529_traffic_scan_env2025_seed0-499_48352cd1,483,22,29,0,1
20260912_215351_529_traffic_scan_env2025_seed0-499_48352cd1,483,22,30,0,1
20260912_215351_529_traffic_scan_env2025_seed0-499_48352cd1,483,22,30,1,2
20260912_215351_529_traffic_scan_env2025_seed0-499_48352cd1,483,22,32,0,2
20260912_215351_529_traffic_scan_env2025_seed0-499_48352cd1,483,22,32,1,4
20260912_215351_529_traffic_scan_env2025_seed0-499_48352cd1,483,22,35,2,2
20260912_215351_529_traffic_scan_env2025_seed0-499_48352cd1,483,22,36,0,1
20260912_215351_529_traffic_scan_env2025_seed0-499_48352cd1,483,22,36,1,1
20260912_215351_529_traffic_scan_env2025_seed0-499_48352cd1,483,22,38,0,1
20260912_215351_529_traffic_scan_env2025_seed0-499_48352cd1,483,22,39,0,11
20260912_215351_529_traffic_scan_env2025_seed0-499_48352cd1,483,22,39,1,3
20260912_215351_529_traffic_scan_env2025_seed0-499_48352cd1,483,22,41,2,1
20260912_215351_529_traffic_scan_env2025_seed0-499_48352cd1,483,22,42,0,1
20260912_215351_529_traffic_scan_env2025_seed0-499_48352cd1,483,22,42,1,1
20260912_215351_529_traffic_scan_env2025_seed0-499_48352cd1,483,22,43,1,1
20260912_215351_529_traffic_scan_env2025_seed0-499_48352cd1,483,22,44,0,1
20260912_215351_529_traffic_scan_env2025_seed0-499_48352cd1,483,22,45,0,2
20260912_215351_529_traffic_scan_env2025_seed0-499_48352cd1,483,22,46,0,2
20260912_215351_529_traffic_scan_env2025_seed0-499_48352cd1,483,22,48,0,2
20260912_215351_529_traffic_scan_env2025_seed0-499_48352cd1,483,22,49,0,2
20260912_215351_529_traffic_scan_env2025_seed0-499_48352cd1,483,22,50,0,2
20260912_215351_529_traffic_scan_env2025_seed0-499_48352cd1,483,22,50,1,1
20260912_215351_529_traffic_scan_env2025_seed0-499_48352cd1,483,22,54,0,2
20260912_215351_529_traffic_scan_env2025_seed0-499_48352cd1,483,22,55,0,1
20260912_215351_529_traffic_scan_env2025_seed0-499_48352cd1,483,22,55,1,1
20260912_215351_529_traffic_scan_env2025_seed0-499_48352cd1,483,23,4,0,1
20260912_215351_529_traffic_scan_env2025_seed0-499_48352cd1,483,23,5,0,1
20260912_215351_529_traffic_scan_env2025_seed0-499_48352cd1,483,23,5,1,1
20260912_215351_529_traffic_scan_env2025_seed0-499_48352cd1,483,23,7,0,3
20260912_215351_529_traffic_scan_env2025_seed0-499_48352cd1,483,23,7,1,1
20260912_215351_529_traffic_scan_env2025_seed0-499_48352cd1,483,23,10,1,2
20260912_215351_529_traffic_scan_env2025_seed0-499_48352cd1,483,23,12,1,1
20260912_215351_529_traffic_scan_env2025_seed0-499_48352cd1,483,23,13,1,2
20260912_215351_529_traffic_scan_env2025_seed0-499_48352cd1,483,23,14,0,1
20260912_215351_529_traffic_scan_env2025_seed0-499_48352cd1,483,23,14,1,1
20260912_215351_529_traffic_scan_env2025_seed0-499_48352cd1,483,23,15,0,1
20260912_215351_529_traffic_scan_env2025_seed0-499_48352cd1,483,23,15,1,1
20260912_215351_529_traffic_scan_env2025_seed0-499_48352cd1,483,23,16,1,1
20260912_215351_529_traffic_scan_env2025_seed0-499_48352cd1,483,23,17,0,2
20260912_215351_529_traffic_scan_env2025_seed0-499_48352cd1,483,23,17,1,1
20260912_215351_529_traffic_scan_env2025_seed0-499_48352cd1,483,23,18,0,3
20260912_215351_529_traffic_scan_env2025_seed0-499_48352cd1,483,23,18,1,2
20260912_215351_529_traffic_scan_env2025_seed0-499_48352cd1,483,23,19,1,1
20260912_215351_529_traffic_scan_env2025_seed0-499_48352cd1,483,23,21,1,3
20260912_215351_529_traffic_scan_env2025_seed0-499_48352cd1,483,23,21,2,3
20260912_215351_529_traffic_scan_env2025_seed0-499_48352cd1,483,23,22,2,1
20260912_215351_529_traffic_scan_env2025_seed0-499_48352cd1,483,23,23,1,2
20260912_215351_529_traffic_scan_env2025_seed0-499_48352cd1,483,23,24,0,3
20260912_215351_529_traffic_scan_env2025_seed0-499_48352cd1,483,23,24,1,1
20260912_215351_529_traffic_scan_env2025_seed0-499_48352cd1,483,23,25,0,2
20260912_215351_529_traffic_scan_env2025_seed0-499_48352cd1,483,23,25,1,4
20260912_215351_529_traffic_scan_env2025_seed0-499_48352cd1,483,23,27,1,2
20260912_215351_529_traffic_scan_env2025_seed0-499_48352cd1,483,23,28,2,3
20260912_215351_529_traffic_scan_env2025_seed0-499_48352cd1,483,23,29,1,3
20260912_215351_529_traffic_scan_env2025_seed0-499_48352cd1,483,23,30,1,1
20260912_215351_529_traffic_scan_env2025_seed0-499_48352cd1,483,23,31,0,3
20260912_215351_529_traffic_scan_env2025_seed0-499_48352cd1,483,23,31,1,5
20260912_215351_529_traffic_scan_env2025_seed0-499_48352cd1,483,23,32,1,1
20260912_215351_529_traffic_scan_env2025_seed0-499_48352cd1,483,23,33,1,4
20260912_215351_529_traffic_scan_env2025_seed0-499_48352cd1,483,23,34,1,3
20260912_215351_529_traffic_scan_env2025_seed0-499_48352cd1,483,23,35,0,1
20260912_215351_529_traffic_scan_env2025_seed0-499_48352cd1,483,23,35,1,2
20260912_215351_529_traffic_scan_env2025_seed0-499_48352cd1,483,23,36,1,1
20260912_215351_529_traffic_scan_env2025_seed0-499_48352cd1,483,23,37,0,1
20260912_215351_529_traffic_scan_env2025_seed0-499_48352cd1,483,23,37,1,1
20260912_215351_529_traffic_scan_env2025_seed0-499_48352cd1,483,23,38,0,4
20260912_215351_529_traffic_scan_env2025_seed0-499_48352cd1,483,23,38,1,3
20260912_215351_529_traffic_scan_env2025_seed0-499_48352cd1,483,23,39,0,1
20260912_215351_529_traffic_scan_env2025_seed0-499_48352cd1,483,23,39,1,2
20260912_215351_529_traffic_scan_env2025_seed0-499_48352cd1,483,23,40,0,6
20260912_215351_529_traffic_scan_env2025_seed0-499_48352cd1,483,23,40,1,1
20260912_215351_529_traffic_scan_env2025_seed0-499_48352cd1,483,23,45,0,1
20260912_215351_529_traffic_scan_env2025_seed0-499_48352cd1,483,23,46,0,1
20260912_215351_529_traffic_scan_env2025_seed0-499_48352cd1,483,23,47,1,2
20260912_215351_529_traffic_scan_env2025_seed0-499_48352cd1,483,23,50,1,1
20260912_215351_529_traffic_scan_env2025_seed0-499_48352cd1,483,23,53,0,1
20260912_215351_529_traffic_scan_env2025_seed0-499_48352cd1,483,23,54,0,1
20260912_215351_529_traffic_scan_env2025_seed0-499_48352cd1,483,23,55,0,1
20260912_215351_529_traffic_scan_env2025_seed0-499_48352cd1,483,23,55,1,1
20260912_215351_529_traffic_scan_env2025_seed0-499_48352cd1,483,24,5,0,1
20260912_215351_529_traffic_scan_env2025_seed0-499_48352cd1,483,24,5,1,1
20260912_215351_529_traffic_scan_env2025_seed0-499_48352cd1,483,24,6,0,4
20260912_215351_529_traffic_scan_env2025_seed0-499_48352cd1,483,24,7,1,1
20260912_215351_529_traffic_scan_env2025_seed0-499_48352cd1,483,24,11,1,2
20260912_215351_529_traffic_scan_env2025_seed0-499_48352cd1,483,24,13,0,1
20260912_215351_529_traffic_scan_env2025_seed0-499_48352cd1,483,24,13,1,1
20260912_215351_529_traffic_scan_env2025_seed0-499_48352cd1,483,24,17,0,2
20260912_215351_529_traffic_scan_env2025_seed0-499_48352cd1,483,24,17,1,2
20260912_215351_529_traffic_scan_env2025_seed0-499_48352cd1,483,24,18,0,2
20260912_215351_529_traffic_scan_env2025_seed0-499_48352cd1,483,24,18,1,1
20260912_215351_529_traffic_scan_env2025_seed0-499_48352cd1,483,24,19,0,1
20260912_215351_529_traffic_scan_env2025_seed0-499_48352cd1,483,24,19,1,2
20260912_215351_529_traffic_scan_env2025_seed0-499_48352cd1,483,24,20,2,2
20260912_215351_529_traffic_scan_env2025_seed0-499_48352cd1,483,24,21,3,2
20260912_215351_529_traffic_scan_env2025_seed0-499_48352cd1,483,24,22,3,1
20260912_215351_529_traffic_scan_env2025_seed0-499_48352cd1,483,24,23,1,5
20260912_215351_529_traffic_scan_env2025_seed0-499_48352cd1,483,24,26,1,6
20260912_215351_529_traffic_scan_env2025_seed0-499_48352cd1,483,24,27,0,1
20260912_215351_529_traffic_scan_env2025_seed0-499_48352cd1,483,24,28,0,1
20260912_215351_529_traffic_scan_env2025_seed0-499_48352cd1,483,24,28,1,2
20260912_215351_529_traffic_scan_env2025_seed0-499_48352cd1,483,24,29,1,2
20260912_215351_529_traffic_scan_env2025_seed0-499_48352cd1,483,24,30,0,2
20260912_215351_529_traffic_scan_env2025_seed0-499_48352cd1,483,24,30,1,1
20260912_215351_529_traffic_scan_env2025_seed0-499_48352cd1,483,24,31,0,1
20260912_215351_529_traffic_scan_env2025_seed0-499_48352cd1,483,24,31,1,1
20260912_215351_529_traffic_scan_env2025_seed0-499_48352cd1,483,24,32,1,3
20260912_215351_529_traffic_scan_env2025_seed0-499_48352cd1,483,24,34,0,1
20260912_215351_529_traffic_scan_env2025_seed0-499_48352cd1,483,24,34,1,4
20260912_215351_529_traffic_scan_env2025_seed0-499_48352cd1,483,24,36,0,1
20260912_215351_529_traffic_scan_env2025_seed0-499_48352cd1,483,24,37,0,4
20260912_215351_529_traffic_scan_env2025_seed0-499_48352cd1,483,24,37,1,2
20260912_215351_529_traffic_scan_env2025_seed0-499_48352cd1,483,24,39,0,1
20260912_215351_529_traffic_scan_env2025_seed0-499_48352cd1,483,24,39,1,1
20260912_215351_529_traffic_scan_env2025_seed0-499_48352cd1,483,24,41,0,7
20260912_215351_529_traffic_scan_env2025_seed0-499_48352cd1,483,24,44,0,2
20260912_215351_529_traffic_scan_env2025_seed0-499_48352cd1,483,24,47,0,1
20260912_215351_529_traffic_scan_env2025_seed0-499_48352cd1,483,24,49,1,1
20260912_215351_529_traffic_scan_env2025_seed0-499_48352cd1,483,24,52,0,2
20260912_215351_529_traffic_scan_env2025_seed0-499_48352cd1,483,24,53,0,1
20260912_215351_529_traffic_scan_env2025_seed0-499_48352cd1,483,24,55,1,1
20260912_215351_529_traffic_scan_env2025_seed0-499_48352cd1,483,24,56,0,1
20260912_215351_529_traffic_scan_env2025_seed0-499_48352cd1,483,24,58,0,1
20260912_215351_529_traffic_scan_env2025_seed0-499_48352cd1,483,25,5,0,3
20260912_215351_529_traffic_scan_env2025_seed0-499_48352cd1,483,25,5,1,1
20260912_215351_529_traffic_scan_env2025_seed0-499_48352cd1,483,25,6,0,1
20260912_215351_529_traffic_scan_env2025_seed0-499_48352cd1,483,25,7,0,1
20260912_215351_529_traffic_scan_env2025_seed0-499_48352cd1,483,25,7,1,1
20260912_215351_529_traffic_scan_env2025_seed0-499_48352cd1,483,25,12,1,2
20260912_215351_529_traffic_scan_env2025_seed0-499_48352cd1,483,25,13,0,1
20260912_215351_529_traffic_scan_env2025_seed0-499_48352cd1,483,25,13,1,1
20260912_215351_529_traffic_scan_env2025_seed0-499_48352cd1,483,25,16,0,1
20260912_215351_529_traffic_scan_env2025_seed0-499_48352cd1,483,25,16,1,1
20260912_215351_529_traffic_scan_env2025_seed0-499_48352cd1,483,25,17,0,1
20260912_215351_529_traffic_scan_env2025_seed0-499_48352cd1,483,25,18,0,1
20260912_215351_529_traffic_scan_env2025_seed0-499_48352cd1,483,25,18,1,2
20260912_215351_529_traffic_scan_env2025_seed0-499_48352cd1,483,25,19,0,2
20260912_215351_529_traffic_scan_env2025_seed0-499_48352cd1,483,25,19,1,2
20260912_215351_529_traffic_scan_env2025_seed0-499_48352cd1,483,25,20,2,3
20260912_215351_529_traffic_scan_env2025_seed0-499_48352cd1,483,25,21,3,1
20260912_215351_529_traffic_scan_env2025_seed0-499_48352cd1,483,25,23,2,6
20260912_215351_529_traffic_scan_env2025_seed0-499_48352cd1,483,25,26,0,2
20260912_215351_529_traffic_scan_env2025_seed0-499_48352cd1,483,25,26,1,1
20260912_215351_529_traffic_scan_env2025_seed0-499_48352cd1,483,25,27,1,4
20260912_215351_529_traffic_scan_env2025_seed0-499_48352cd1,483,25,28,1,1
20260912_215351_529_traffic_scan_env2025_seed0-499_48352cd1,483,25,29,0,2
20260912_215351_529_traffic_scan_env2025_seed0-499_48352cd1,483,25,29,1,3
20260912_215351_529_traffic_scan_env2025_seed0-499_48352cd1,483,25,30,1,1
20260912_215351_529_traffic_scan_env2025_seed0-499_48352cd1,483,25,31,0,1
20260912_215351_529_traffic_scan_env2025_seed0-499_48352cd1,483,25,31,1,2
20260912_215351_529_traffic_scan_env2025_seed0-499_48352cd1,483,25,33,0,1
20260912_215351_529_traffic_scan_env2025_seed0-499_48352cd1,483,25,33,1,3
20260912_215351_529_traffic_scan_env2025_seed0-499_48352cd1,483,25,34,1,1
20260912_215351_529_traffic_scan_env2025_seed0-499_48352cd1,483,25,35,0,1
20260912_215351_529_traffic_scan_env2025_seed0-499_48352cd1,483,25,35,1,2
20260912_215351_529_traffic_scan_env2025_seed0-499_48352cd1,483,25,36,0,4
20260912_215351_529_traffic_scan_env2025_seed0-499_48352cd1,483,25,36,1,2
20260912_215351_529_traffic_scan_env2025_seed0-499_48352cd1,483,25,39,0,1
20260912_215351_529_traffic_scan_env2025_seed0-499_48352cd1,483,25,39,1,1
20260912_215351_529_traffic_scan_env2025_seed0-499_48352cd1,483,25,40,0,2
20260912_215351_529_traffic_scan_env2025_seed0-499_48352cd1,483,25,42,0,6
20260912_215351_529_traffic_scan_env2025_seed0-499_48352cd1,483,25,43,0,2
20260912_215351_529_traffic_scan_env2025_seed0-499_48352cd1,483,25,45,0,1
20260912_215351_529_traffic_scan_env2025_seed0-499_48352cd1,483,25,48,0,1
20260912_215351_529_traffic_scan_env2025_seed0-499_48352cd1,483,25,48,1,1
20260912_215351_529_traffic_scan_env2025_seed0-499_48352cd1,483,25,51,0,2
20260912_215351_529_traffic_scan_env2025_seed0-499_48352cd1,483,25,53,0,1
20260912_215351_529_traffic_scan_env2025_seed0-499_48352cd1,483,25,54,0,1
20260912_215351_529_traffic_scan_env2025_seed0-499_48352cd1,483,25,55,0,1
20260912_215351_529_traffic_scan_env2025_seed0-499_48352cd1,483,25,55,1,1
20260912_215351_529_traffic_scan_env2025_seed0-499_48352cd1,483,25,56,0,1
20260912_215351_529_traffic_scan_env2025_seed0-499_48352cd1,483,25,57,0,3
20260912_215351_529_traffic_scan_env2025_seed0-499_48352cd1,483,25,58,0,2
20260912_215351_529_traffic_scan_env2025_seed0-499_48352cd1,483,25,59,0,1
20260912_215351_529_traffic_scan_env2025_seed0-499_48352cd1,483,26,4,0,2
20260912_215351_529_traffic_scan_env2025_seed0-499_48352cd1,483,26,5,1,1
20260912_215351_529_traffic_scan_env2025_seed0-499_48352cd1,483,26,7,0,1
20260912_215351_529_traffic_scan_env2025_seed0-499_48352cd1,483,26,7,1,1
20260912_215351_529_traffic_scan_env2025_seed0-499_48352cd1,483,26,8,0,1
20260912_215351_529_traffic_scan_env2025_seed0-499_48352cd1,483,26,12,0,1
20260912_215351_529_traffic_scan_env2025_seed0-499_48352cd1,483,26,13,1,3
20260912_215351_529_traffic_scan_env2025_seed0-499_48352cd1,483,26,15,0,1
20260912_215351_529_traffic_scan_env2025_seed0-499_48352cd1,483,26,15,1,1
20260912_215351_529_traffic_scan_env2025_seed0-499_48352cd1,483,26,17,0,1
20260912_215351_529_traffic_scan_env2025_seed0-499_48352cd1,483,26,18,1,3
20260912_215351_529_traffic_scan_env2025_seed0-499_48352cd1,483,26,19,1,2
20260912_215351_529_traffic_scan_env2025_seed0-499_48352cd1,483,26,20,0,2
20260912_215351_529_traffic_scan_env2025_seed0-499_48352cd1,483,26,21,0,1
20260912_215351_529_traffic_scan_env2025_seed0-499_48352cd1,483,26,21,1,3
20260912_215351_529_traffic_scan_env2025_seed0-499_48352cd1,483,26,21,2,1
20260912_215351_529_traffic_scan_env2025_seed0-499_48352cd1,483,26,22,0,1
20260912_215351_529_traffic_scan_env2025_seed0-499_48352cd1,483,26,22,1,2
20260912_215351_529_traffic_scan_env2025_seed0-499_48352cd1,483,26,23,2,1
20260912_215351_529_traffic_scan_env2025_seed0-499_48352cd1,483,26,24,2,3
20260912_215351_529_traffic_scan_env2025_seed0-499_48352cd1,483,26,25,0,1
20260912_215351_529_traffic_scan_env2025_seed0-499_48352cd1,483,26,25,1,1
20260912_215351_529_traffic_scan_env2025_seed0-499_48352cd1,483,26,26,1,1
20260912_215351_529_traffic_scan_env2025_seed0-499_48352cd1,483,26,27,0,1
20260912_215351_529_traffic_scan_env2025_seed0-499_48352cd1,483,26,28,0,2
20260912_215351_529_traffic_scan_env2025_seed0-499_48352cd1,483,26,28,1,6
20260912_215351_529_traffic_scan_env2025_seed0-499_48352cd1,483,26,29,1,1
20260912_215351_529_traffic_scan_env2025_seed0-499_48352cd1,483,26,30,1,1
20260912_215351_529_traffic_scan_env2025_seed0-499_48352cd1,483,26,31,0,1
20260912_215351_529_traffic_scan_env2025_seed0-499_48352cd1,483,26,31,1,4
20260912_215351_529_traffic_scan_env2025_seed0-499_48352cd1,483,26,32,0,1
20260912_215351_529_traffic_scan_env2025_seed0-499_48352cd1,483,26,32,1,1
20260912_215351_529_traffic_scan_env2025_seed0-499_48352cd1,483,26,34,0,1
20260912_215351_529_traffic_scan_env2025_seed0-499_48352cd1,483,26,34,1,3
20260912_215351_529_traffic_scan_env2025_seed0-499_48352cd1,483,26,35,0,4
20260912_215351_529_traffic_scan_env2025_seed0-499_48352cd1,483,26,35,1,2
20260912_215351_529_traffic_scan_env2025_seed0-499_48352cd1,483,26,36,1,2
20260912_215351_529_traffic_scan_env2025_seed0-499_48352cd1,483,26,38,0,1
20260912_215351_529_traffic_scan_env2025_seed0-499_48352cd1,483,26,39,0,3
20260912_215351_529_traffic_scan_env2025_seed0-499_48352cd1,483,26,39,1,1
20260912_215351_529_traffic_scan_env2025_seed0-499_48352cd1,483,26,41,0,2
20260912_215351_529_traffic_scan_env2025_seed0-499_48352cd1,483,26,43,0,2
20260912_215351_529_traffic_scan_env2025_seed0-499_48352cd1,483,26,46,0,2
20260912_215351_529_traffic_scan_env2025_seed0-499_48352cd1,483,26,47,1,1
20260912_215351_529_traffic_scan_env2025_seed0-499_48352cd1,483,26,49,0,2
20260912_215351_529_traffic_scan_env2025_seed0-499_48352cd1,483,26,50,0,3
20260912_215351_529_traffic_scan_env2025_seed0-499_48352cd1,483,26,51,0,1
20260912_215351_529_traffic_scan_env2025_seed0-499_48352cd1,483,26,52,0,1
20260912_215351_529_traffic_scan_env2025_seed0-499_48352cd1,483,26,55,0,1
20260912_215351_529_traffic_scan_env2025_seed0-499_48352cd1,483,26,55,1,1
20260912_215351_529_traffic_scan_env2025_seed0-499_48352cd1,483,26,56,0,2
20260912_215351_529_traffic_scan_env2025_seed0-499_48352cd1,483,26,57,0,1
20260912_215351_529_traffic_scan_env2025_seed0-499_48352cd1,483,26,58,0,1
20260912_215351_529_traffic_scan_env2025_seed0-499_48352cd1,483,26,59,0,1
20260912_215351_529_traffic_scan_env2025_seed0-499_48352cd1,483,27,2,0,2
20260912_215351_529_traffic_scan_env2025_seed0-499_48352cd1,483,27,3,0,2
20260912_215351_529_traffic_scan_env2025_seed0-499_48352cd1,483,27,5,1,1
20260912_215351_529_traffic_scan_env2025_seed0-499_48352cd1,483,27,7,1,1
20260912_215351_529_traffic_scan_env2025_seed0-499_48352cd1,483,27,8,0,1
20260912_215351_529_traffic_scan_env2025_seed0-499_48352cd1,483,27,9,0,2
20260912_215351_529_traffic_scan_env2025_seed0-499_48352cd1,483,27,11,0,1
20260912_215351_529_traffic_scan_env2025_seed0-499_48352cd1,483,27,13,0,1
20260912_215351_529_traffic_scan_env2025_seed0-499_48352cd1,483,27,13,1,1
20260912_215351_529_traffic_scan_env2025_seed0-499_48352cd1,483,27,14,0,1
20260912_215351_529_traffic_scan_env2025_seed0-499_48352cd1,483,27,14,1,3
20260912_215351_529_traffic_scan_env2025_seed0-499_48352cd1,483,27,16,0,1
20260912_215351_529_traffic_scan_env2025_seed0-499_48352cd1,483,27,17,2,1
20260912_215351_529_traffic_scan_env2025_seed0-499_48352cd1,483,27,18,2,2
20260912_215351_529_traffic_scan_env2025_seed0-499_48352cd1,483,27,20,0,2
20260912_215351_529_traffic_scan_env2025_seed0-499_48352cd1,483,27,20,1,1
20260912_215351_529_traffic_scan_env2025_seed0-499_48352cd1,483,27,21,0,1
20260912_215351_529_traffic_scan_env2025_seed0-499_48352cd1,483,27,21,1,5
20260912_215351_529_traffic_scan_env2025_seed0-499_48352cd1,483,27,22,0,1
20260912_215351_529_traffic_scan_env2025_seed0-499_48352cd1,483,27,22,1,2
20260912_215351_529_traffic_scan_env2025_seed0-499_48352cd1,483,27,23,0,3
20260912_215351_529_traffic_scan_env2025_seed0-499_48352cd1,483,27,23,1,2
20260912_215351_529_traffic_scan_env2025_seed0-499_48352cd1,483,27,24,0,2
20260912_215351_529_traffic_scan_env2025_seed0-499_48352cd1,483,27,24,1,1
20260912_215351_529_traffic_scan_env2025_seed0-499_48352cd1,483,27,25,1,3
20260912_215351_529_traffic_scan_env2025_seed0-499_48352cd1,483,27,26,1,3
20260912_215351_529_traffic_scan_env2025_seed0-499_48352cd1,483,27,27,0,2
20260912_215351_529_traffic_scan_env2025_seed0-499_48352cd1,483,27,27,1,2
20260912_215351_529_traffic_scan_env2025_seed0-499_48352cd1,483,27,28,0,1
20260912_215351_529_traffic_scan_env2025_seed0-499_48352cd1,483,27,28,1,2
20260912_215351_529_traffic_scan_env2025_seed0-499_48352cd1,483,27,29,1,6
20260912_215351_529_traffic_scan_env2025_seed0-499_48352cd1,483,27,30,1,3
20260912_215351_529_traffic_scan_env2025_seed0-499_48352cd1,483,27,31,0,2
20260912_215351_529_traffic_scan_env2025_seed0-499_48352cd1,483,27,31,1,3
20260912_215351_529_traffic_scan_env2025_seed0-499_48352cd1,483,27,32,1,2
20260912_215351_529_traffic_scan_env2025_seed0-499_48352cd1,483,27,33,0,1
20260912_215351_529_traffic_scan_env2025_seed0-499_48352cd1,483,27,33,1,1
20260912_215351_529_traffic_scan_env2025_seed0-499_48352cd1,483,27,34,0,4
20260912_215351_529_traffic_scan_env2025_seed0-499_48352cd1,483,27,34,1,4
20260912_215351_529_traffic_scan_env2025_seed0-499_48352cd1,483,27,35,1,2
20260912_215351_529_traffic_scan_env2025_seed0-499_48352cd1,483,27,35,2,1
20260912_215351_529_traffic_scan_env2025_seed0-499_48352cd1,483,27,36,2,1
20260912_215351_529_traffic_scan_env2025_seed0-499_48352cd1,483,27,37,0,1
20260912_215351_529_traffic_scan_env2025_seed0-499_48352cd1,483,27,37,1,2
20260912_215351_529_traffic_scan_env2025_seed0-499_48352cd1,483,27,37,2,1
20260912_215351_529_traffic_scan_env2025_seed0-499_48352cd1,483,27,38,0,2
20260912_215351_529_traffic_scan_env2025_seed0-499_48352cd1,483,27,38,2,1
20260912_215351_529_traffic_scan_env2025_seed0-499_48352cd1,483,27,39,0,1
20260912_215351_529_traffic_scan_env2025_seed0-499_48352cd1,483,27,39,1,1
20260912_215351_529_traffic_scan_env2025_seed0-499_48352cd1,483,27,39,2,1
20260912_215351_529_traffic_scan_env2025_seed0-499_48352cd1,483,27,40,0,2
20260912_215351_529_traffic_scan_env2025_seed0-499_48352cd1,483,27,40,2,1
20260912_215351_529_traffic_scan_env2025_seed0-499_48352cd1,483,27,41,2,1
20260912_215351_529_traffic_scan_env2025_seed0-499_48352cd1,483,27,42,2,1
20260912_215351_529_traffic_scan_env2025_seed0-499_48352cd1,483,27,43,0,1
20260912_215351_529_traffic_scan_env2025_seed0-499_48352cd1,483,27,43,1,1
20260912_215351_529_traffic_scan_env2025_seed0-499_48352cd1,483,27,44,1,2
20260912_215351_529_traffic_scan_env2025_seed0-499_48352cd1,483,27,45,0,1
20260912_215351_529_traffic_scan_env2025_seed0-499_48352cd1,483,27,46,2,1
20260912_215351_529_traffic_scan_env2025_seed0-499_48352cd1,483,27,47,0,2
20260912_215351_529_traffic_scan_env2025_seed0-499_48352cd1,483,27,48,0,2
20260912_215351_529_traffic_scan_env2025_seed0-499_48352cd1,483,27,49,0,3
20260912_215351_529_traffic_scan_env2025_seed0-499_48352cd1,483,27,50,0,2
20260912_215351_529_traffic_scan_env2025_seed0-499_48352cd1,483,27,51,0,1
20260912_215351_529_traffic_scan_env2025_seed0-499_48352cd1,483,27,52,0,1
20260912_215351_529_traffic_scan_env2025_seed0-499_48352cd1,483,27,53,0,1
20260912_215351_529_traffic_scan_env2025_seed0-499_48352cd1,483,27,54,0,1
20260912_215351_529_traffic_scan_env2025_seed0-499_48352cd1,483,27,55,0,1
20260912_215351_529_traffic_scan_env2025_seed0-499_48352cd1,483,27,55,1,1
20260912_215351_529_traffic_scan_env2025_seed0-499_48352cd1,483,28,0,0,1
20260912_215351_529_traffic_scan_env2025_seed0-499_48352cd1,483,28,1,0,3
20260912_215351_529_traffic_scan_env2025_seed0-499_48352cd1,483,28,2,0,1
20260912_215351_529_traffic_scan_env2025_seed0-499_48352cd1,483,28,3,0,1
20260912_215351_529_traffic_scan_env2025_seed0-499_48352cd1,483,28,4,0,1
20260912_215351_529_traffic_scan_env2025_seed0-499_48352cd1,483,28,5,0,1
20260912_215351_529_traffic_scan_env2025_seed0-499_48352cd1,483,28,5,1,1
20260912_215351_529_traffic_scan_env2025_seed0-499_48352cd1,483,28,6,0,1
20260912_215351_529_traffic_scan_env2025_seed0-499_48352cd1,483,28,7,1,2
20260912_215351_529_traffic_scan_env2025_seed0-499_48352cd1,483,28,8,2,1
20260912_215351_529_traffic_scan_env2025_seed0-499_48352cd1,483,28,9,2,1
20260912_215351_529_traffic_scan_env2025_seed0-499_48352cd1,483,28,10,0,2
20260912_215351_529_traffic_scan_env2025_seed0-499_48352cd1,483,28,10,1,1
20260912_215351_529_traffic_scan_env2025_seed0-499_48352cd1,483,28,11,0,1
20260912_215351_529_traffic_scan_env2025_seed0-499_48352cd1,483,28,11,1,1
20260912_215351_529_traffic_scan_env2025_seed0-499_48352cd1,483,28,12,0,1
20260912_215351_529_traffic_scan_env2025_seed0-499_48352cd1,483,28,12,1,1
20260912_215351_529_traffic_scan_env2025_seed0-499_48352cd1,483,28,13,1,3
20260912_215351_529_traffic_scan_env2025_seed0-499_48352cd1,483,28,14,1,1
20260912_215351_529_traffic_scan_env2025_seed0-499_48352cd1,483,28,15,1,3
20260912_215351_529_traffic_scan_env2025_seed0-499_48352cd1,483,28,16,0,1
20260912_215351_529_traffic_scan_env2025_seed0-499_48352cd1,483,28,16,1,2
20260912_215351_529_traffic_scan_env2025_seed0-499_48352cd1,483,28,17,2,1
20260912_215351_529_traffic_scan_env2025_seed0-499_48352cd1,483,28,18,2,2
20260912_215351_529_traffic_scan_env2025_seed0-499_48352cd1,483,28,19,0,2
20260912_215351_529_traffic_scan_env2025_seed0-499_48352cd1,483,28,19,1,2
20260912_215351_529_traffic_scan_env2025_seed0-499_48352cd1,483,28,20,1,1
20260912_215351_529_traffic_scan_env2025_seed0-499_48352cd1,483,28,21,0,1
20260912_215351_529_traffic_scan_env2025_seed0-499_48352cd1,483,28,21,1,3
20260912_215351_529_traffic_scan_env2025_seed0-499_48352cd1,483,28,22,0,1
20260912_215351_529_traffic_scan_env2025_seed0-499_48352cd1,483,28,23,0,1
20260912_215351_529_traffic_scan_env2025_seed0-499_48352cd1,483,28,23,1,2
20260912_215351_529_traffic_scan_env2025_seed0-499_48352cd1,483,28,25,0,1
20260912_215351_529_traffic_scan_env2025_seed0-499_48352cd1,483,28,26,0,2
20260912_215351_529_traffic_scan_env2025_seed0-499_48352cd1,483,28,26,1,4
20260912_215351_529_traffic_scan_env2025_seed0-499_48352cd1,483,28,27,1,1
20260912_215351_529_traffic_scan_env2025_seed0-499_48352cd1,483,28,28,1,1
20260912_215351_529_traffic_scan_env2025_seed0-499_48352cd1,483,28,29,0,1
20260912_215351_529_traffic_scan_env2025_seed0-499_48352cd1,483,28,29,1,3
20260912_215351_529_traffic_scan_env2025_seed0-499_48352cd1,483,28,30,0,1
20260912_215351_529_traffic_scan_env2025_seed0-499_48352cd1,483,28,30,1,4
20260912_215351_529_traffic_scan_env2025_seed0-499_48352cd1,483,28,31,0,1
20260912_215351_529_traffic_scan_env2025_seed0-499_48352cd1,483,28,31,1,1
20260912_215351_529_traffic_scan_env2025_seed0-499_48352cd1,483,28,32,0,1
20260912_215351_529_traffic_scan_env2025_seed0-499_48352cd1,483,28,32,1,1
20260912_215351_529_traffic_scan_env2025_seed0-499_48352cd1,483,28,33,0,4
20260912_215351_529_traffic_scan_env2025_seed0-499_48352cd1,483,28,33,1,3
20260912_215351_529_traffic_scan_env2025_seed0-499_48352cd1,483,28,34,2,1
20260912_215351_529_traffic_scan_env2025_seed0-499_48352cd1,483,28,36,0,1
20260912_215351_529_traffic_scan_env2025_seed0-499_48352cd1,483,28,36,1,2
20260912_215351_529_traffic_scan_env2025_seed0-499_48352cd1,483,28,37,0,2
20260912_215351_529_traffic_scan_env2025_seed0-499_48352cd1,483,28,38,0,1
20260912_215351_529_traffic_scan_env2025_seed0-499_48352cd1,483,28,38,1,2
20260912_215351_529_traffic_scan_env2025_seed0-499_48352cd1,483,28,39,0,2
20260912_215351_529_traffic_scan_env2025_seed0-499_48352cd1,483,28,39,1,1
20260912_215351_529_traffic_scan_env2025_seed0-499_48352cd1,483,28,40,0,3
20260912_215351_529_traffic_scan_env2025_seed0-499_48352cd1,483,28,43,0,2
20260912_215351_529_traffic_scan_env2025_seed0-499_48352cd1,483,28,44,0,1
20260912_215351_529_traffic_scan_env2025_seed0-499_48352cd1,483,28,45,0,1
20260912_215351_529_traffic_scan_env2025_seed0-499_48352cd1,483,28,45,1,2
20260912_215351_529_traffic_scan_env2025_seed0-499_48352cd1,483,28,47,0,3
20260912_215351_529_traffic_scan_env2025_seed0-499_48352cd1,483,28,48,0,3
20260912_215351_529_traffic_scan_env2025_seed0-499_48352cd1,483,28,49,0,1
20260912_215351_529_traffic_scan_env2025_seed0-499_48352cd1,483,28,50,0,1
20260912_215351_529_traffic_scan_env2025_seed0-499_48352cd1,483,28,51,0,2
20260912_215351_529_traffic_scan_env2025_seed0-499_48352cd1,483,28,54,0,2
20260912_215351_529_traffic_scan_env2025_seed0-499_48352cd1,483,28,55,1,1
20260912_215351_529_traffic_scan_env2025_seed0-499_48352cd1,483,29,0,0,1
20260912_215351_529_traffic_scan_env2025_seed0-499_48352cd1,483,29,5,1,1
20260912_215351_529_traffic_scan_env2025_seed0-499_48352cd1,483,29,7,1,1
20260912_215351_529_traffic_scan_env2025_seed0-499_48352cd1,483,29,10,0,2
20260912_215351_529_traffic_scan_env2025_seed0-499_48352cd1,483,29,11,0,2
20260912_215351_529_traffic_scan_env2025_seed0-499_48352cd1,483,29,14,1,2
20260912_215351_529_traffic_scan_env2025_seed0-499_48352cd1,483,29,15,1,1
20260912_215351_529_traffic_scan_env2025_seed0-499_48352cd1,483,29,16,0,1
20260912_215351_529_traffic_scan_env2025_seed0-499_48352cd1,483,29,16,1,2
20260912_215351_529_traffic_scan_env2025_seed0-499_48352cd1,483,29,18,0,1
20260912_215351_529_traffic_scan_env2025_seed0-499_48352cd1,483,29,18,1,1
20260912_215351_529_traffic_scan_env2025_seed0-499_48352cd1,483,29,19,0,1
20260912_215351_529_traffic_scan_env2025_seed0-499_48352cd1,483,29,19,1,2
20260912_215351_529_traffic_scan_env2025_seed0-499_48352cd1,483,29,20,0,1
20260912_215351_529_traffic_scan_env2025_seed0-499_48352cd1,483,29,21,1,3
20260912_215351_529_traffic_scan_env2025_seed0-499_48352cd1,483,29,23,0,1
20260912_215351_529_traffic_scan_env2025_seed0-499_48352cd1,483,29,23,1,1
20260912_215351_529_traffic_scan_env2025_seed0-499_48352cd1,483,29,24,0,1
20260912_215351_529_traffic_scan_env2025_seed0-499_48352cd1,483,29,24,1,1
20260912_215351_529_traffic_scan_env2025_seed0-499_48352cd1,483,29,25,0,2
20260912_215351_529_traffic_scan_env2025_seed0-499_48352cd1,483,29,25,1,1
20260912_215351_529_traffic_scan_env2025_seed0-499_48352cd1,483,29,26,0,1
20260912_215351_529_traffic_scan_env2025_seed0-499_48352cd1,483,29,26,1,1
20260912_215351_529_traffic_scan_env2025_seed0-499_48352cd1,483,29,27,2,2
20260912_215351_529_traffic_scan_env2025_seed0-499_48352cd1,483,29,28,1,5
20260912_215351_529_traffic_scan_env2025_seed0-499_48352cd1,483,29,30,0,2
20260912_215351_529_traffic_scan_env2025_seed0-499_48352cd1,483,29,31,0,2
20260912_215351_529_traffic_scan_env2025_seed0-499_48352cd1,483,29,31,1,5
20260912_215351_529_traffic_scan_env2025_seed0-499_48352cd1,483,29,32,0,1
20260912_215351_529_traffic_scan_env2025_seed0-499_48352cd1,483,29,32,1,2
20260912_215351_529_traffic_scan_env2025_seed0-499_48352cd1,483,29,33,0,5
20260912_215351_529_traffic_scan_env2025_seed0-499_48352cd1,483,29,33,1,1
20260912_215351_529_traffic_scan_env2025_seed0-499_48352cd1,483,29,34,2,2
20260912_215351_529_traffic_scan_env2025_seed0-499_48352cd1,483,29,36,0,4
20260912_215351_529_traffic_scan_env2025_seed0-499_48352cd1,483,29,37,0,1
20260912_215351_529_traffic_scan_env2025_seed0-499_48352cd1,483,29,37,1,2
20260912_215351_529_traffic_scan_env2025_seed0-499_48352cd1,483,29,39,0,3
20260912_215351_529_traffic_scan_env2025_seed0-499_48352cd1,483,29,39,1,3
20260912_215351_529_traffic_scan_env2025_seed0-499_48352cd1,483,29,41,0,1
20260912_215351_529_traffic_scan_env2025_seed0-499_48352cd1,483,29,42,0,1
20260912_215351_529_traffic_scan_env2025_seed0-499_48352cd1,483,29,44,0,1
20260912_215351_529_traffic_scan_env2025_seed0-499_48352cd1,483,29,44,1,1
20260912_215351_529_traffic_scan_env2025_seed0-499_48352cd1,483,29,46,0,4
20260912_215351_529_traffic_scan_env2025_seed0-499_48352cd1,483,29,46,1,1
20260912_215351_529_traffic_scan_env2025_seed0-499_48352cd1,483,29,47,0,2
20260912_215351_529_traffic_scan_env2025_seed0-499_48352cd1,483,29,52,0,1
20260912_215351_529_traffic_scan_env2025_seed0-499_48352cd1,483,29,53,0,2
20260912_215351_529_traffic_scan_env2025_seed0-499_48352cd1,483,29,55,1,1
20260912_215351_529_traffic_scan_env2025_seed0-499_48352cd1,483,30,5,1,1
20260912_215351_529_traffic_scan_env2025_seed0-499_48352cd1,483,30,7,1,1
20260912_215351_529_traffic_scan_env2025_seed0-499_48352cd1,483,30,9,0,1
20260912_215351_529_traffic_scan_env2025_seed0-499_48352cd1,483,30,11,0,3
20260912_215351_529_traffic_scan_env2025_seed0-499_48352cd1,483,30,14,2,3
20260912_215351_529_traffic_scan_env2025_seed0-499_48352cd1,483,30,16,0,1
20260912_215351_529_traffic_scan_env2025_seed0-499_48352cd1,483,30,17,1,2
20260912_215351_529_traffic_scan_env2025_seed0-499_48352cd1,483,30,18,1,2
20260912_215351_529_traffic_scan_env2025_seed0-499_48352cd1,483,30,19,0,3
20260912_215351_529_traffic_scan_env2025_seed0-499_48352cd1,483,30,19,1,1
20260912_215351_529_traffic_scan_env2025_seed0-499_48352cd1,483,30,20,0,1
20260912_215351_529_traffic_scan_env2025_seed0-499_48352cd1,483,30,20,1,2
20260912_215351_529_traffic_scan_env2025_seed0-499_48352cd1,483,30,23,1,1
20260912_215351_529_traffic_scan_env2025_seed0-499_48352cd1,483,30,24,0,4
20260912_215351_529_traffic_scan_env2025_seed0-499_48352cd1,483,30,24,1,1
20260912_215351_529_traffic_scan_env2025_seed0-499_48352cd1,483,30,25,1,1
20260912_215351_529_traffic_scan_env2025_seed0-499_48352cd1,483,30,26,1,1
20260912_215351_529_traffic_scan_env2025_seed0-499_48352cd1,483,30,27,0,1
20260912_215351_529_traffic_scan_env2025_seed0-499_48352cd1,483,30,27,1,2
20260912_215351_529_traffic_scan_env2025_seed0-499_48352cd1,483,30,28,1,4
20260912_215351_529_traffic_scan_env2025_seed0-499_48352cd1,483,30,29,0,1
20260912_215351_529_traffic_scan_env2025_seed0-499_48352cd1,483,30,29,1,1
20260912_215351_529_traffic_scan_env2025_seed0-499_48352cd1,483,30,31,0,4
20260912_215351_529_traffic_scan_env2025_seed0-499_48352cd1,483,30,31,1,3
20260912_215351_529_traffic_scan_env2025_seed0-499_48352cd1,483,30,32,0,5
20260912_215351_529_traffic_scan_env2025_seed0-499_48352cd1,483,30,32,1,4
20260912_215351_529_traffic_scan_env2025_seed0-499_48352cd1,483,30,34,0,2
20260912_215351_529_traffic_scan_env2025_seed0-499_48352cd1,483,30,34,1,2
20260912_215351_529_traffic_scan_env2025_seed0-499_48352cd1,483,30,35,0,4
20260912_215351_529_traffic_scan_env2025_seed0-499_48352cd1,483,30,35,1,1
20260912_215351_529_traffic_scan_env2025_seed0-499_48352cd1,483,30,38,0,2
20260912_215351_529_traffic_scan_env2025_seed0-499_48352cd1,483,30,38,1,2
20260912_215351_529_traffic_scan_env2025_seed0-499_48352cd1,483,30,39,0,1
20260912_215351_529_traffic_scan_env2025_seed0-499_48352cd1,483,30,39,1,3
20260912_215351_529_traffic_scan_env2025_seed0-499_48352cd1,483,30,40,1,2
20260912_215351_529_traffic_scan_env2025_seed0-499_48352cd1,483,30,43,1,1
20260912_215351_529_traffic_scan_env2025_seed0-499_48352cd1,483,30,44,0,3
20260912_215351_529_traffic_scan_env2025_seed0-499_48352cd1,483,30,45,0,2
20260912_215351_529_traffic_scan_env2025_seed0-499_48352cd1,483,30,45,1,2
20260912_215351_529_traffic_scan_env2025_seed0-499_48352cd1,483,30,52,0,2
20260912_215351_529_traffic_scan_env2025_seed0-499_48352cd1,483,30,53,0,1
20260912_215351_529_traffic_scan_env2025_seed0-499_48352cd1,483,30,55,1,1
20260912_215351_529_traffic_scan_env2025_seed0-499_48352cd1,483,31,5,1,1
20260912_215351_529_traffic_scan_env2025_seed0-499_48352cd1,483,31,7,1,1
20260912_215351_529_traffic_scan_env2025_seed0-499_48352cd1,483,31,8,0,1
20260912_215351_529_traffic_scan_env2025_seed0-499_48352cd1,483,31,10,0,1
20260912_215351_529_traffic_scan_env2025_seed0-499_48352cd1,483,31,12,0,2
20260912_215351_529_traffic_scan_env2025_seed0-499_48352cd1,483,31,13,0,1
20260912_215351_529_traffic_scan_env2025_seed0-499_48352cd1,483,31,13,1,3
20260912_215351_529_traffic_scan_env2025_seed0-499_48352cd1,483,31,14,0,1
20260912_215351_529_traffic_scan_env2025_seed0-499_48352cd1,483,31,15,0,1
20260912_215351_529_traffic_scan_env2025_seed0-499_48352cd1,483,31,16,0,1
20260912_215351_529_traffic_scan_env2025_seed0-499_48352cd1,483,31,17,1,1
20260912_215351_529_traffic_scan_env2025_seed0-499_48352cd1,483,31,18,0,1
20260912_215351_529_traffic_scan_env2025_seed0-499_48352cd1,483,31,18,1,3
20260912_215351_529_traffic_scan_env2025_seed0-499_48352cd1,483,31,19,0,1
20260912_215351_529_traffic_scan_env2025_seed0-499_48352cd1,483,31,19,1,1
20260912_215351_529_traffic_scan_env2025_seed0-499_48352cd1,483,31,20,0,2
20260912_215351_529_traffic_scan_env2025_seed0-499_48352cd1,483,31,20,1,2
20260912_215351_529_traffic_scan_env2025_seed0-499_48352cd1,483,31,23,0,2
20260912_215351_529_traffic_scan_env2025_seed0-499_48352cd1,483,31,23,1,2
20260912_215351_529_traffic_scan_env2025_seed0-499_48352cd1,483,31,24,0,1
20260912_215351_529_traffic_scan_env2025_seed0-499_48352cd1,483,31,25,0,1
20260912_215351_529_traffic_scan_env2025_seed0-499_48352cd1,483,31,26,1,4
20260912_215351_529_traffic_scan_env2025_seed0-499_48352cd1,483,31,28,0,2
20260912_215351_529_traffic_scan_env2025_seed0-499_48352cd1,483,31,28,1,2
20260912_215351_529_traffic_scan_env2025_seed0-499_48352cd1,483,31,29,1,2
20260912_215351_529_traffic_scan_env2025_seed0-499_48352cd1,483,31,30,0,2
20260912_215351_529_traffic_scan_env2025_seed0-499_48352cd1,483,31,30,1,3
20260912_215351_529_traffic_scan_env2025_seed0-499_48352cd1,483,31,31,0,6
20260912_215351_529_traffic_scan_env2025_seed0-499_48352cd1,483,31,31,1,1
20260912_215351_529_traffic_scan_env2025_seed0-499_48352cd1,483,31,32,0,1
20260912_215351_529_traffic_scan_env2025_seed0-499_48352cd1,483,31,33,1,4
20260912_215351_529_traffic_scan_env2025_seed0-499_48352cd1,483,31,34,0,2
20260912_215351_529_traffic_scan_env2025_seed0-499_48352cd1,483,31,34,1,1
20260912_215351_529_traffic_scan_env2025_seed0-499_48352cd1,483,31,35,1,1
20260912_215351_529_traffic_scan_env2025_seed0-499_48352cd1,483,31,36,1,1
20260912_215351_529_traffic_scan_env2025_seed0-499_48352cd1,483,31,37,0,2
20260912_215351_529_traffic_scan_env2025_seed0-499_48352cd1,483,31,39,0,1
20260912_215351_529_traffic_scan_env2025_seed0-499_48352cd1,483,31,40,1,3
20260912_215351_529_traffic_scan_env2025_seed0-499_48352cd1,483,31,41,0,2
20260912_215351_529_traffic_scan_env2025_seed0-499_48352cd1,483,31,41,1,2
20260912_215351_529_traffic_scan_env2025_seed0-499_48352cd1,483,31,42,0,2
20260912_215351_529_traffic_scan_env2025_seed0-499_48352cd1,483,31,42,1,1
20260912_215351_529_traffic_scan_env2025_seed0-499_48352cd1,483,31,43,0,3
20260912_215351_529_traffic_scan_env2025_seed0-499_48352cd1,483,31,44,2,1
20260912_215351_529_traffic_scan_env2025_seed0-499_48352cd1,483,31,45,1,1
20260912_215351_529_traffic_scan_env2025_seed0-499_48352cd1,483,31,51,0,2
20260912_215351_529_traffic_scan_env2025_seed0-499_48352cd1,483,31,54,0,1
20260912_215351_529_traffic_scan_env2025_seed0-499_48352cd1,483,31,55,1,1
20260912_215351_529_traffic_scan_env2025_seed0-499_48352cd1,483,32,5,1,1
20260912_215351_529_traffic_scan_env2025_seed0-499_48352cd1,483,32,7,0,1
20260912_215351_529_traffic_scan_env2025_seed0-499_48352cd1,483,32,7,1,1
20260912_215351_529_traffic_scan_env2025_seed0-499_48352cd1,483,32,9,0,1
20260912_215351_529_traffic_scan_env2025_seed0-499_48352cd1,483,32,12,2,1
20260912_215351_529_traffic_scan_env2025_seed0-499_48352cd1,483,32,13,0,1
20260912_215351_529_traffic_scan_env2025_seed0-499_48352cd1,483,32,13,1,2
20260912_215351_529_traffic_scan_env2025_seed0-499_48352cd1,483,32,16,0,2
20260912_215351_529_traffic_scan_env2025_seed0-499_48352cd1,483,32,16,1,1
20260912_215351_529_traffic_scan_env2025_seed0-499_48352cd1,483,32,17,0,1
20260912_215351_529_traffic_scan_env2025_seed0-499_48352cd1,483,32,18,1,1
20260912_215351_529_traffic_scan_env2025_seed0-499_48352cd1,483,32,19,0,1
20260912_215351_529_traffic_scan_env2025_seed0-499_48352cd1,483,32,19,1,3
20260912_215351_529_traffic_scan_env2025_seed0-499_48352cd1,483,32,20,1,1
20260912_215351_529_traffic_scan_env2025_seed0-499_48352cd1,483,32,21,0,2
20260912_215351_529_traffic_scan_env2025_seed0-499_48352cd1,483,32,21,1,3
20260912_215351_529_traffic_scan_env2025_seed0-499_48352cd1,483,32,22,0,2
20260912_215351_529_traffic_scan_env2025_seed0-499_48352cd1,483,32,22,1,1
20260912_215351_529_traffic_scan_env2025_seed0-499_48352cd1,483,32,23,1,1
20260912_215351_529_traffic_scan_env2025_seed0-499_48352cd1,483,32,24,0,1
20260912_215351_529_traffic_scan_env2025_seed0-499_48352cd1,483,32,25,1,2
20260912_215351_529_traffic_scan_env2025_seed0-499_48352cd1,483,32,26,0,2
20260912_215351_529_traffic_scan_env2025_seed0-499_48352cd1,483,32,26,1,1
20260912_215351_529_traffic_scan_env2025_seed0-499_48352cd1,483,32,27,0,2
20260912_215351_529_traffic_scan_env2025_seed0-499_48352cd1,483,32,27,1,1
20260912_215351_529_traffic_scan_env2025_seed0-499_48352cd1,483,32,28,1,2
20260912_215351_529_traffic_scan_env2025_seed0-499_48352cd1,483,32,29,0,3
20260912_215351_529_traffic_scan_env2025_seed0-499_48352cd1,483,32,29,1,1
20260912_215351_529_traffic_scan_env2025_seed0-499_48352cd1,483,32,30,0,5
20260912_215351_529_traffic_scan_env2025_seed0-499_48352cd1,483,32,30,1,3
20260912_215351_529_traffic_scan_env2025_seed0-499_48352cd1,483,32,31,0,1
20260912_215351_529_traffic_scan_env2025_seed0-499_48352cd1,483,32,31,1,2
20260912_215351_529_traffic_scan_env2025_seed0-499_48352cd1,483,32,33,0,3
20260912_215351_529_traffic_scan_env2025_seed0-499_48352cd1,483,32,34,1,5
20260912_215351_529_traffic_scan_env2025_seed0-499_48352cd1,483,32,36,0,2
20260912_215351_529_traffic_scan_env2025_seed0-499_48352cd1,483,32,36,1,1
20260912_215351_529_traffic_scan_env2025_seed0-499_48352cd1,483,32,37,1,1
20260912_215351_529_traffic_scan_env2025_seed0-499_48352cd1,483,32,39,0,1
20260912_215351_529_traffic_scan_env2025_seed0-499_48352cd1,483,32,40,0,2
20260912_215351_529_traffic_scan_env2025_seed0-499_48352cd1,483,32,41,2,4
20260912_215351_529_traffic_scan_env2025_seed0-499_48352cd1,483,32,42,2,2
20260912_215351_529_traffic_scan_env2025_seed0-499_48352cd1,483,32,43,0,1
20260912_215351_529_traffic_scan_env2025_seed0-499_48352cd1,483,32,43,1,1
20260912_215351_529_traffic_scan_env2025_seed0-499_48352cd1,483,32,46,1,1
20260912_215351_529_traffic_scan_env2025_seed0-499_48352cd1,483,32,50,0,2
20260912_215351_529_traffic_scan_env2025_seed0-499_48352cd1,483,32,55,0,1
20260912_215351_529_traffic_scan_env2025_seed0-499_48352cd1,483,32,55,1,1
20260912_215351_529_traffic_scan_env2025_seed0-499_48352cd1,483,33,5,1,1
20260912_215351_529_traffic_scan_env2025_seed0-499_48352cd1,483,33,6,0,1
20260912_215351_529_traffic_scan_env2025_seed0-499_48352cd1,483,33,7,0,1
20260912_215351_529_traffic_scan_env2025_seed0-499_48352cd1,483,33,7,1,1
20260912_215351_529_traffic_scan_env2025_seed0-499_48352cd1,483,33,8,0,1
20260912_215351_529_traffic_scan_env2025_seed0-499_48352cd1,483,33,11,1,1
20260912_215351_529_traffic_scan_env2025_seed0-499_48352cd1,483,33,13,1,2
20260912_215351_529_traffic_scan_env2025_seed0-499_48352cd1,483,33,14,1,1
20260912_215351_529_traffic_scan_env2025_seed0-499_48352cd1,483,33,15,1,1
20260912_215351_529_traffic_scan_env2025_seed0-499_48352cd1,483,33,16,0,3
20260912_215351_529_traffic_scan_env2025_seed0-499_48352cd1,483,33,17,0,2
20260912_215351_529_traffic_scan_env2025_seed0-499_48352cd1,483,33,18,1,2
20260912_215351_529_traffic_scan_env2025_seed0-499_48352cd1,483,33,19,0,2
20260912_215351_529_traffic_scan_env2025_seed0-499_48352cd1,483,33,19,1,2
20260912_215351_529_traffic_scan_env2025_seed0-499_48352cd1,483,33,20,0,1
20260912_215351_529_traffic_scan_env2025_seed0-499_48352cd1,483,33,20,1,2
20260912_215351_529_traffic_scan_env2025_seed0-499_48352cd1,483,33,21,0,3
20260912_215351_529_traffic_scan_env2025_seed0-499_48352cd1,483,33,21,1,2
20260912_215351_529_traffic_scan_env2025_seed0-499_48352cd1,483,33,22,0,1
20260912_215351_529_traffic_scan_env2025_seed0-499_48352cd1,483,33,23,1,1
20260912_215351_529_traffic_scan_env2025_seed0-499_48352cd1,483,33,24,0,1
20260912_215351_529_traffic_scan_env2025_seed0-499_48352cd1,483,33,24,1,2
20260912_215351_529_traffic_scan_env2025_seed0-499_48352cd1,483,33,25,0,1
20260912_215351_529_traffic_scan_env2025_seed0-499_48352cd1,483,33,26,2,1
20260912_215351_529_traffic_scan_env2025_seed0-499_48352cd1,483,33,28,0,3
20260912_215351_529_traffic_scan_env2025_seed0-499_48352cd1,483,33,28,1,4
20260912_215351_529_traffic_scan_env2025_seed0-499_48352cd1,483,33,29,0,5
20260912_215351_529_traffic_scan_env2025_seed0-499_48352cd1,483,33,30,0,1
20260912_215351_529_traffic_scan_env2025_seed0-499_48352cd1,483,33,30,1,1
20260912_215351_529_traffic_scan_env2025_seed0-499_48352cd1,483,33,31,0,1
20260912_215351_529_traffic_scan_env2025_seed0-499_48352cd1,483,33,31,1,3
20260912_215351_529_traffic_scan_env2025_seed0-499_48352cd1,483,33,32,0,2
20260912_215351_529_traffic_scan_env2025_seed0-499_48352cd1,483,33,32,1,1
20260912_215351_529_traffic_scan_env2025_seed0-499_48352cd1,483,33,34,0,1
20260912_215351_529_traffic_scan_env2025_seed0-499_48352cd1,483,33,34,1,1
20260912_215351_529_traffic_scan_env2025_seed0-499_48352cd1,483,33,35,0,3
20260912_215351_529_traffic_scan_env2025_seed0-499_48352cd1,483,33,35,1,3
20260912_215351_529_traffic_scan_env2025_seed0-499_48352cd1,483,33,37,1,1
20260912_215351_529_traffic_scan_env2025_seed0-499_48352cd1,483,33,38,1,1
20260912_215351_529_traffic_scan_env2025_seed0-499_48352cd1,483,33,39,0,3
20260912_215351_529_traffic_scan_env2025_seed0-499_48352cd1,483,33,40,1,1
20260912_215351_529_traffic_scan_env2025_seed0-499_48352cd1,483,33,42,2,4
20260912_215351_529_traffic_scan_env2025_seed0-499_48352cd1,483,33,43,0,1
20260912_215351_529_traffic_scan_env2025_seed0-499_48352cd1,483,33,43,1,2
20260912_215351_529_traffic_scan_env2025_seed0-499_48352cd1,483,33,47,2,1
20260912_215351_529_traffic_scan_env2025_seed0-499_48352cd1,483,33,49,0,2
20260912_215351_529_traffic_scan_env2025_seed0-499_48352cd1,483,33,55,0,1
20260912_215351_529_traffic_scan_env2025_seed0-499_48352cd1,483,33,55,1,1
20260912_215351_529_traffic_scan_env2025_seed0-499_48352cd1,483,34,5,0,1
20260912_215351_529_traffic_scan_env2025_seed0-499_48352cd1,483,34,6,0,1
20260912_215351_529_traffic_scan_env2025_seed0-499_48352cd1,483,34,6,1,1
20260912_215351_529_traffic_scan_env2025_seed0-499_48352cd1,483,34,7,1,1
20260912_215351_529_traffic_scan_env2025_seed0-499_48352cd1,483,34,10,1,1
20260912_215351_529_traffic_scan_env2025_seed0-499_48352cd1,483,34,13,1,2
20260912_215351_529_traffic_scan_env2025_seed0-499_48352cd1,483,34,14,1,1
20260912_215351_529_traffic_scan_env2025_seed0-499_48352cd1,483,34,15,0,1
20260912_215351_529_traffic_scan_env2025_seed0-499_48352cd1,483,34,15,1,1
20260912_215351_529_traffic_scan_env2025_seed0-499_48352cd1,483,34,16,0,1
20260912_215351_529_traffic_scan_env2025_seed0-499_48352cd1,483,34,18,0,1
20260912_215351_529_traffic_scan_env2025_seed0-499_48352cd1,483,34,18,1,2
20260912_215351_529_traffic_scan_env2025_seed0-499_48352cd1,483,34,19,0,1
20260912_215351_529_traffic_scan_env2025_seed0-499_48352cd1,483,34,19,1,1
20260912_215351_529_traffic_scan_env2025_seed0-499_48352cd1,483,34,20,0,1
20260912_215351_529_traffic_scan_env2025_seed0-499_48352cd1,483,34,21,0,1
20260912_215351_529_traffic_scan_env2025_seed0-499_48352cd1,483,34,21,1,4
20260912_215351_529_traffic_scan_env2025_seed0-499_48352cd1,483,34,22,1,1
20260912_215351_529_traffic_scan_env2025_seed0-499_48352cd1,483,34,23,0,1
20260912_215351_529_traffic_scan_env2025_seed0-499_48352cd1,483,34,23,1,4
20260912_215351_529_traffic_scan_env2025_seed0-499_48352cd1,483,34,24,0,2
20260912_215351_529_traffic_scan_env2025_seed0-499_48352cd1,483,34,24,1,1
20260912_215351_529_traffic_scan_env2025_seed0-499_48352cd1,483,34,25,1,1
20260912_215351_529_traffic_scan_env2025_seed0-499_48352cd1,483,34,26,2,2
20260912_215351_529_traffic_scan_env2025_seed0-499_48352cd1,483,34,27,2,2
20260912_215351_529_traffic_scan_env2025_seed0-499_48352cd1,483,34,28,0,7
20260912_215351_529_traffic_scan_env2025_seed0-499_48352cd1,483,34,28,1,3
20260912_215351_529_traffic_scan_env2025_seed0-499_48352cd1,483,34,29,0,1
20260912_215351_529_traffic_scan_env2025_seed0-499_48352cd1,483,34,29,1,2
20260912_215351_529_traffic_scan_env2025_seed0-499_48352cd1,483,34,30,1,2
20260912_215351_529_traffic_scan_env2025_seed0-499_48352cd1,483,34,31,0,4
20260912_215351_529_traffic_scan_env2025_seed0-499_48352cd1,483,34,31,1,4
20260912_215351_529_traffic_scan_env2025_seed0-499_48352cd1,483,34,33,1,1
20260912_215351_529_traffic_scan_env2025_seed0-499_48352cd1,483,34,34,0,2
20260912_215351_529_traffic_scan_env2025_seed0-499_48352cd1,483,34,34,1,1
20260912_215351_529_traffic_scan_env2025_seed0-499_48352cd1,483,34,35,0,1
20260912_215351_529_traffic_scan_env2025_seed0-499_48352cd1,483,34,36,0,1
20260912_215351_529_traffic_scan_env2025_seed0-499_48352cd1,483,34,36,1,3
20260912_215351_529_traffic_scan_env2025_seed0-499_48352cd1,483,34,38,0,3
20260912_215351_529_traffic_scan_env2025_seed0-499_48352cd1,483,34,39,0,1
20260912_215351_529_traffic_scan_env2025_seed0-499_48352cd1,483,34,39,1,2
20260912_215351_529_traffic_scan_env2025_seed0-499_48352cd1,483,34,41,1,1
20260912_215351_529_traffic_scan_env2025_seed0-499_48352cd1,483,34,43,0,1
20260912_215351_529_traffic_scan_env2025_seed0-499_48352cd1,483,34,43,1,3
20260912_215351_529_traffic_scan_env2025_seed0-499_48352cd1,483,34,44,1,2
20260912_215351_529_traffic_scan_env2025_seed0-499_48352cd1,483,34,48,0,2
20260912_215351_529_traffic_scan_env2025_seed0-499_48352cd1,483,34,48,1,1
20260912_215351_529_traffic_scan_env2025_seed0-499_48352cd1,483,34,55,2,1
20260912_215351_529_traffic_scan_env2025_seed0-499_48352cd1,483,34,56,0,1
20260912_215351_529_traffic_scan_env2025_seed0-499_48352cd1,483,35,4,0,1
20260912_215351_529_traffic_scan_env2025_seed0-499_48352cd1,483,35,5,0,1
20260912_215351_529_traffic_scan_env2025_seed0-499_48352cd1,483,35,7,0,1
20260912_215351_529_traffic_scan_env2025_seed0-499_48352cd1,483,35,7,1,2
20260912_215351_529_traffic_scan_env2025_seed0-499_48352cd1,483,35,9,1,1
20260912_215351_529_traffic_scan_env2025_seed0-499_48352cd1,483,35,13,1,3
20260912_215351_529_traffic_scan_env2025_seed0-499_48352cd1,483,35,14,0,1
20260912_215351_529_traffic_scan_env2025_seed0-499_48352cd1,483,35,16,0,1
20260912_215351_529_traffic_scan_env2025_seed0-499_48352cd1,483,35,16,1,1
20260912_215351_529_traffic_scan_env2025_seed0-499_48352cd1,483,35,17,1,1
20260912_215351_529_traffic_scan_env2025_seed0-499_48352cd1,483,35,18,0,1
20260912_215351_529_traffic_scan_env2025_seed0-499_48352cd1,483,35,18,1,1
20260912_215351_529_traffic_scan_env2025_seed0-499_48352cd1,483,35,19,0,3
20260912_215351_529_traffic_scan_env2025_seed0-499_48352cd1,483,35,19,1,1
20260912_215351_529_traffic_scan_env2025_seed0-499_48352cd1,483,35,21,0,1
20260912_215351_529_traffic_scan_env2025_seed0-499_48352cd1,483,35,21,1,2
20260912_215351_529_traffic_scan_env2025_seed0-499_48352cd1,483,35,22,1,3
20260912_215351_529_traffic_scan_env2025_seed0-499_48352cd1,483,35,23,0,1
20260912_215351_529_traffic_scan_env2025_seed0-499_48352cd1,483,35,23,1,1
20260912_215351_529_traffic_scan_env2025_seed0-499_48352cd1,483,35,24,0,2
20260912_215351_529_traffic_scan_env2025_seed0-499_48352cd1,483,35,25,0,1
20260912_215351_529_traffic_scan_env2025_seed0-499_48352cd1,483,35,26,0,5
20260912_215351_529_traffic_scan_env2025_seed0-499_48352cd1,483,35,26,1,2
20260912_215351_529_traffic_scan_env2025_seed0-499_48352cd1,483,35,27,0,7
20260912_215351_529_traffic_scan_env2025_seed0-499_48352cd1,483,35,28,1,2
20260912_215351_529_traffic_scan_env2025_seed0-499_48352cd1,483,35,30,0,2
20260912_215351_529_traffic_scan_env2025_seed0-499_48352cd1,483,35,30,1,2
20260912_215351_529_traffic_scan_env2025_seed0-499_48352cd1,483,35,31,0,2
20260912_215351_529_traffic_scan_env2025_seed0-499_48352cd1,483,35,31,1,1
20260912_215351_529_traffic_scan_env2025_seed0-499_48352cd1,483,35,32,0,1
20260912_215351_529_traffic_scan_env2025_seed0-499_48352cd1,483,35,32,1,3
20260912_215351_529_traffic_scan_env2025_seed0-499_48352cd1,483,35,33,0,2
20260912_215351_529_traffic_scan_env2025_seed0-499_48352cd1,483,35,33,1,1
20260912_215351_529_traffic_scan_env2025_seed0-499_48352cd1,483,35,34,1,3
20260912_215351_529_traffic_scan_env2025_seed0-499_48352cd1,483,35,35,1,1
20260912_215351_529_traffic_scan_env2025_seed0-499_48352cd1,483,35,36,0,2
20260912_215351_529_traffic_scan_env2025_seed0-499_48352cd1,483,35,36,1,1
20260912_215351_529_traffic_scan_env2025_seed0-499_48352cd1,483,35,37,0,2
20260912_215351_529_traffic_scan_env2025_seed0-499_48352cd1,483,35,37,1,4
20260912_215351_529_traffic_scan_env2025_seed0-499_48352cd1,483,35,38,1,2
20260912_215351_529_traffic_scan_env2025_seed0-499_48352cd1,483,35,39,0,3
20260912_215351_529_traffic_scan_env2025_seed0-499_48352cd1,483,35,39,1,1
20260912_215351_529_traffic_scan_env2025_seed0-499_48352cd1,483,35,40,0,1
20260912_215351_529_traffic_scan_env2025_seed0-499_48352cd1,483,35,40,1,3
20260912_215351_529_traffic_scan_env2025_seed0-499_48352cd1,483,35,41,0,1
20260912_215351_529_traffic_scan_env2025_seed0-499_48352cd1,483,35,41,1,1
20260912_215351_529_traffic_scan_env2025_seed0-499_48352cd1,483,35,42,0,1
20260912_215351_529_traffic_scan_env2025_seed0-499_48352cd1,483,35,42,1,1
20260912_215351_529_traffic_scan_env2025_seed0-499_48352cd1,483,35,43,0,2
20260912_215351_529_traffic_scan_env2025_seed0-499_48352cd1,483,35,43,1,1
20260912_215351_529_traffic_scan_env2025_seed0-499_48352cd1,483,35,44,0,1
20260912_215351_529_traffic_scan_env2025_seed0-499_48352cd1,483,35,44,1,4
20260912_215351_529_traffic_scan_env2025_seed0-499_48352cd1,483,35,45,0,1
20260912_215351_529_traffic_scan_env2025_seed0-499_48352cd1,483,35,45,1,3
20260912_215351_529_traffic_scan_env2025_seed0-499_48352cd1,483,35,46,0,1
20260912_215351_529_traffic_scan_env2025_seed0-499_48352cd1,483,35,46,1,1
20260912_215351_529_traffic_scan_env2025_seed0-499_48352cd1,483,35,47,0,3
20260912_215351_529_traffic_scan_env2025_seed0-499_48352cd1,483,35,47,1,1
20260912_215351_529_traffic_scan_env2025_seed0-499_48352cd1,483,35,48,1,1
20260912_215351_529_traffic_scan_env2025_seed0-499_48352cd1,483,35,49,1,2
20260912_215351_529_traffic_scan_env2025_seed0-499_48352cd1,483,35,50,0,1
20260912_215351_529_traffic_scan_env2025_seed0-499_48352cd1,483,35,51,0,1
20260912_215351_529_traffic_scan_env2025_seed0-499_48352cd1,483,35,52,0,1
20260912_215351_529_traffic_scan_env2025_seed0-499_48352cd1,483,35,53,0,1
20260912_215351_529_traffic_scan_env2025_seed0-499_48352cd1,483,35,54,0,1
20260912_215351_529_traffic_scan_env2025_seed0-499_48352cd1,483,35,55,0,1
20260912_215351_529_traffic_scan_env2025_seed0-499_48352cd1,483,35,55,1,1
20260912_215351_529_traffic_scan_env2025_seed0-499_48352cd1,483,35,56,0,2
20260912_215351_529_traffic_scan_env2025_seed0-499_48352cd1,483,35,57,0,3
20260912_215351_529_traffic_scan_env2025_seed0-499_48352cd1,483,35,58,0,1
20260912_215351_529_traffic_scan_env2025_seed0-499_48352cd1,483,36,8,0,1
20260912_215351_529_traffic_scan_env2025_seed0-499_48352cd1,483,36,8,1,3
20260912_215351_529_traffic_scan_env2025_seed0-499_48352cd1,483,36,10,0,1
20260912_215351_529_traffic_scan_env2025_seed0-499_48352cd1,483,36,11,0,1
20260912_215351_529_traffic_scan_env2025_seed0-499_48352cd1,483,36,12,0,1
20260912_215351_529_traffic_scan_env2025_seed0-499_48352cd1,483,36,12,1,1
20260912_215351_529_traffic_scan_env2025_seed0-499_48352cd1,483,36,13,0,2
20260912_215351_529_traffic_scan_env2025_seed0-499_48352cd1,483,36,13,1,2
20260912_215351_529_traffic_scan_env2025_seed0-499_48352cd1,483,36,14,0,1
20260912_215351_529_traffic_scan_env2025_seed0-499_48352cd1,483,36,15,0,1
20260912_215351_529_traffic_scan_env2025_seed0-499_48352cd1,483,36,16,0,2
20260912_215351_529_traffic_scan_env2025_seed0-499_48352cd1,483,36,16,1,2
20260912_215351_529_traffic_scan_env2025_seed0-499_48352cd1,483,36,17,0,1
20260912_215351_529_traffic_scan_env2025_seed0-499_48352cd1,483,36,17,1,2
20260912_215351_529_traffic_scan_env2025_seed0-499_48352cd1,483,36,18,2,2
20260912_215351_529_traffic_scan_env2025_seed0-499_48352cd1,483,36,19,1,1
20260912_215351_529_traffic_scan_env2025_seed0-499_48352cd1,483,36,20,0,2
20260912_215351_529_traffic_scan_env2025_seed0-499_48352cd1,483,36,20,1,2
20260912_215351_529_traffic_scan_env2025_seed0-499_48352cd1,483,36,21,0,1
20260912_215351_529_traffic_scan_env2025_seed0-499_48352cd1,483,36,21,1,5
20260912_215351_529_traffic_scan_env2025_seed0-499_48352cd1,483,36,22,0,1
20260912_215351_529_traffic_scan_env2025_seed0-499_48352cd1,483,36,22,1,1
20260912_215351_529_traffic_scan_env2025_seed0-499_48352cd1,483,36,23,1,3
20260912_215351_529_traffic_scan_env2025_seed0-499_48352cd1,483,36,24,0,1
20260912_215351_529_traffic_scan_env2025_seed0-499_48352cd1,483,36,24,1,1
20260912_215351_529_traffic_scan_env2025_seed0-499_48352cd1,483,36,25,0,6
20260912_215351_529_traffic_scan_env2025_seed0-499_48352cd1,483,36,25,1,2
20260912_215351_529_traffic_scan_env2025_seed0-499_48352cd1,483,36,26,0,2
20260912_215351_529_traffic_scan_env2025_seed0-499_48352cd1,483,36,26,1,2
20260912_215351_529_traffic_scan_env2025_seed0-499_48352cd1,483,36,27,1,1
20260912_215351_529_traffic_scan_env2025_seed0-499_48352cd1,483,36,28,2,3
20260912_215351_529_traffic_scan_env2025_seed0-499_48352cd1,483,36,29,0,1
20260912_215351_529_traffic_scan_env2025_seed0-499_48352cd1,483,36,29,1,1
20260912_215351_529_traffic_scan_env2025_seed0-499_48352cd1,483,36,30,0,1
20260912_215351_529_traffic_scan_env2025_seed0-499_48352cd1,483,36,30,1,2
20260912_215351_529_traffic_scan_env2025_seed0-499_48352cd1,483,36,31,0,1
20260912_215351_529_traffic_scan_env2025_seed0-499_48352cd1,483,36,31,1,3
20260912_215351_529_traffic_scan_env2025_seed0-499_48352cd1,483,36,32,0,3
20260912_215351_529_traffic_scan_env2025_seed0-499_48352cd1,483,36,32,1,1
20260912_215351_529_traffic_scan_env2025_seed0-499_48352cd1,483,36,33,0,1
20260912_215351_529_traffic_scan_env2025_seed0-499_48352cd1,483,36,33,1,3
20260912_215351_529_traffic_scan_env2025_seed0-499_48352cd1,483,36,34,1,1
20260912_215351_529_traffic_scan_env2025_seed0-499_48352cd1,483,36,35,0,2
20260912_215351_529_traffic_scan_env2025_seed0-499_48352cd1,483,36,35,1,1
20260912_215351_529_traffic_scan_env2025_seed0-499_48352cd1,483,36,36,0,2
20260912_215351_529_traffic_scan_env2025_seed0-499_48352cd1,483,36,36,1,1
20260912_215351_529_traffic_scan_env2025_seed0-499_48352cd1,483,36,37,0,2
20260912_215351_529_traffic_scan_env2025_seed0-499_48352cd1,483,36,37,1,2
20260912_215351_529_traffic_scan_env2025_seed0-499_48352cd1,483,36,38,1,4
20260912_215351_529_traffic_scan_env2025_seed0-499_48352cd1,483,36,39,0,1
20260912_215351_529_traffic_scan_env2025_seed0-499_48352cd1,483,36,39,1,1
20260912_215351_529_traffic_scan_env2025_seed0-499_48352cd1,483,36,40,0,1
20260912_215351_529_traffic_scan_env2025_seed0-499_48352cd1,483,36,41,1,1
20260912_215351_529_traffic_scan_env2025_seed0-499_48352cd1,483,36,43,0,1
20260912_215351_529_traffic_scan_env2025_seed0-499_48352cd1,483,36,45,1,3
20260912_215351_529_traffic_scan_env2025_seed0-499_48352cd1,483,36,46,0,2
20260912_215351_529_traffic_scan_env2025_seed0-499_48352cd1,483,36,46,1,2
20260912_215351_529_traffic_scan_env2025_seed0-499_48352cd1,483,36,50,1,1
20260912_215351_529_traffic_scan_env2025_seed0-499_48352cd1,483,36,53,0,2
20260912_215351_529_traffic_scan_env2025_seed0-499_48352cd1,483,36,54,1,1
20260912_215351_529_traffic_scan_env2025_seed0-499_48352cd1,483,36,55,0,1
20260912_215351_529_traffic_scan_env2025_seed0-499_48352cd1,483,36,58,0,1
20260912_215351_529_traffic_scan_env2025_seed0-499_48352cd1,483,37,8,1,2
20260912_215351_529_traffic_scan_env2025_seed0-499_48352cd1,483,37,9,0,1
20260912_215351_529_traffic_scan_env2025_seed0-499_48352cd1,483,37,9,1,1
20260912_215351_529_traffic_scan_env2025_seed0-499_48352cd1,483,37,12,0,1
20260912_215351_529_traffic_scan_env2025_seed0-499_48352cd1,483,37,12,1,1
20260912_215351_529_traffic_scan_env2025_seed0-499_48352cd1,483,37,13,1,2
20260912_215351_529_traffic_scan_env2025_seed0-499_48352cd1,483,37,15,1,2
20260912_215351_529_traffic_scan_env2025_seed0-499_48352cd1,483,37,17,0,1
20260912_215351_529_traffic_scan_env2025_seed0-499_48352cd1,483,37,18,1,2
20260912_215351_529_traffic_scan_env2025_seed0-499_48352cd1,483,37,20,2,2
20260912_215351_529_traffic_scan_env2025_seed0-499_48352cd1,483,37,21,0,4
20260912_215351_529_traffic_scan_env2025_seed0-499_48352cd1,483,37,21,1,3
20260912_215351_529_traffic_scan_env2025_seed0-499_48352cd1,483,37,23,0,1
20260912_215351_529_traffic_scan_env2025_seed0-499_48352cd1,483,37,23,1,1
20260912_215351_529_traffic_scan_env2025_seed0-499_48352cd1,483,37,24,0,4
20260912_215351_529_traffic_scan_env2025_seed0-499_48352cd1,483,37,24,1,2
20260912_215351_529_traffic_scan_env2025_seed0-499_48352cd1,483,37,25,0,2
20260912_215351_529_traffic_scan_env2025_seed0-499_48352cd1,483,37,26,0,4
20260912_215351_529_traffic_scan_env2025_seed0-499_48352cd1,483,37,26,2,1
20260912_215351_529_traffic_scan_env2025_seed0-499_48352cd1,483,37,27,0,2
20260912_215351_529_traffic_scan_env2025_seed0-499_48352cd1,483,37,28,0,3
20260912_215351_529_traffic_scan_env2025_seed0-499_48352cd1,483,37,28,1,2
20260912_215351_529_traffic_scan_env2025_seed0-499_48352cd1,483,37,29,0,3
20260912_215351_529_traffic_scan_env2025_seed0-499_48352cd1,483,37,30,0,2
20260912_215351_529_traffic_scan_env2025_seed0-499_48352cd1,483,37,30,1,1
20260912_215351_529_traffic_scan_env2025_seed0-499_48352cd1,483,37,31,0,4
20260912_215351_529_traffic_scan_env2025_seed0-499_48352cd1,483,37,31,1,2
20260912_215351_529_traffic_scan_env2025_seed0-499_48352cd1,483,37,32,0,3
20260912_215351_529_traffic_scan_env2025_seed0-499_48352cd1,483,37,32,1,2
20260912_215351_529_traffic_scan_env2025_seed0-499_48352cd1,483,37,33,0,3
20260912_215351_529_traffic_scan_env2025_seed0-499_48352cd1,483,37,33,1,1
20260912_215351_529_traffic_scan_env2025_seed0-499_48352cd1,483,37,34,0,3
20260912_215351_529_traffic_scan_env2025_seed0-499_48352cd1,483,37,34,1,3
20260912_215351_529_traffic_scan_env2025_seed0-499_48352cd1,483,37,35,0,4
20260912_215351_529_traffic_scan_env2025_seed0-499_48352cd1,483,37,35,1,1
20260912_215351_529_traffic_scan_env2025_seed0-499_48352cd1,483,37,36,0,5
20260912_215351_529_traffic_scan_env2025_seed0-499_48352cd1,483,37,36,1,2
20260912_215351_529_traffic_scan_env2025_seed0-499_48352cd1,483,37,38,0,1
20260912_215351_529_traffic_scan_env2025_seed0-499_48352cd1,483,37,38,1,1
20260912_215351_529_traffic_scan_env2025_seed0-499_48352cd1,483,37,39,0,1
20260912_215351_529_traffic_scan_env2025_seed0-499_48352cd1,483,37,39,1,3
20260912_215351_529_traffic_scan_env2025_seed0-499_48352cd1,483,37,40,0,1
20260912_215351_529_traffic_scan_env2025_seed0-499_48352cd1,483,37,41,0,2
20260912_215351_529_traffic_scan_env2025_seed0-499_48352cd1,483,37,42,0,1
20260912_215351_529_traffic_scan_env2025_seed0-499_48352cd1,483,37,42,1,1
20260912_215351_529_traffic_scan_env2025_seed0-499_48352cd1,483,37,43,0,3
20260912_215351_529_traffic_scan_env2025_seed0-499_48352cd1,483,37,44,0,2
20260912_215351_529_traffic_scan_env2025_seed0-499_48352cd1,483,37,45,0,4
20260912_215351_529_traffic_scan_env2025_seed0-499_48352cd1,483,37,46,2,3
20260912_215351_529_traffic_scan_env2025_seed0-499_48352cd1,483,37,47,0,1
20260912_215351_529_traffic_scan_env2025_seed0-499_48352cd1,483,37,47,1,2
20260912_215351_529_traffic_scan_env2025_seed0-499_48352cd1,483,37,50,1,1
20260912_215351_529_traffic_scan_env2025_seed0-499_48352cd1,483,37,52,0,2
20260912_215351_529_traffic_scan_env2025_seed0-499_48352cd1,483,37,53,2,1
20260912_215351_529_traffic_scan_env2025_seed0-499_48352cd1,483,37,54,0,2
20260912_215351_529_traffic_scan_env2025_seed0-499_48352cd1,483,37,55,0,1
20260912_215351_529_traffic_scan_env2025_seed0-499_48352cd1,483,37,56,0,1
20260912_215351_529_traffic_scan_env2025_seed0-499_48352cd1,483,37,58,0,2
20260912_215351_529_traffic_scan_env2025_seed0-499_48352cd1,483,37,59,0,1
20260912_215351_529_traffic_scan_env2025_seed0-499_48352cd1,483,38,7,1,2
20260912_215351_529_traffic_scan_env2025_seed0-499_48352cd1,483,38,10,0,1
20260912_215351_529_traffic_scan_env2025_seed0-499_48352cd1,483,38,10,1,1
20260912_215351_529_traffic_scan_env2025_seed0-499_48352cd1,483,38,11,0,1
20260912_215351_529_traffic_scan_env2025_seed0-499_48352cd1,483,38,11,1,1
20260912_215351_529_traffic_scan_env2025_seed0-499_48352cd1,483,38,13,1,2
20260912_215351_529_traffic_scan_env2025_seed0-499_48352cd1,483,38,14,1,2
20260912_215351_529_traffic_scan_env2025_seed0-499_48352cd1,483,38,17,0,1
20260912_215351_529_traffic_scan_env2025_seed0-499_48352cd1,483,38,17,1,1
20260912_215351_529_traffic_scan_env2025_seed0-499_48352cd1,483,38,19,2,3
20260912_215351_529_traffic_scan_env2025_seed0-499_48352cd1,483,38,21,0,5
20260912_215351_529_traffic_scan_env2025_seed0-499_48352cd1,483,38,21,1,2
20260912_215351_529_traffic_scan_env2025_seed0-499_48352cd1,483,38,22,0,2
20260912_215351_529_traffic_scan_env2025_seed0-499_48352cd1,483,38,22,1,1
20260912_215351_529_traffic_scan_env2025_seed0-499_48352cd1,483,38,23,0,6
20260912_215351_529_traffic_scan_env2025_seed0-499_48352cd1,483,38,23,1,2
20260912_215351_529_traffic_scan_env2025_seed0-499_48352cd1,483,38,24,0,4
20260912_215351_529_traffic_scan_env2025_seed0-499_48352cd1,483,38,24,1,1
20260912_215351_529_traffic_scan_env2025_seed0-499_48352cd1,483,38,25,0,2
20260912_215351_529_traffic_scan_env2025_seed0-499_48352cd1,483,38,25,1,2
20260912_215351_529_traffic_scan_env2025_seed0-499_48352cd1,483,38,26,2,2
20260912_215351_529_traffic_scan_env2025_seed0-499_48352cd1,483,38,27,0,3
20260912_215351_529_traffic_scan_env2025_seed0-499_48352cd1,483,38,27,1,1
20260912_215351_529_traffic_scan_env2025_seed0-499_48352cd1,483,38,28,0,1
20260912_215351_529_traffic_scan_env2025_seed0-499_48352cd1,483,38,28,1,3
20260912_215351_529_traffic_scan_env2025_seed0-499_48352cd1,483,38,29,1,1
20260912_215351_529_traffic_scan_env2025_seed0-499_48352cd1,483,38,30,0,2
20260912_215351_529_traffic_scan_env2025_seed0-499_48352cd1,483,38,30,1,3
20260912_215351_529_traffic_scan_env2025_seed0-499_48352cd1,483,38,33,0,1
20260912_215351_529_traffic_scan_env2025_seed0-499_48352cd1,483,38,33,1,1
20260912_215351_529_traffic_scan_env2025_seed0-499_48352cd1,483,38,34,0,3
20260912_215351_529_traffic_scan_env2025_seed0-499_48352cd1,483,38,35,0,1
20260912_215351_529_traffic_scan_env2025_seed0-499_48352cd1,483,38,35,1,3
20260912_215351_529_traffic_scan_env2025_seed0-499_48352cd1,483,38,37,0,5
20260912_215351_529_traffic_scan_env2025_seed0-499_48352cd1,483,38,37,1,2
20260912_215351_529_traffic_scan_env2025_seed0-499_48352cd1,483,38,38,0,2
20260912_215351_529_traffic_scan_env2025_seed0-499_48352cd1,483,38,38,1,1
20260912_215351_529_traffic_scan_env2025_seed0-499_48352cd1,483,38,39,0,3
20260912_215351_529_traffic_scan_env2025_seed0-499_48352cd1,483,38,39,1,1
20260912_215351_529_traffic_scan_env2025_seed0-499_48352cd1,483,38,40,0,2
20260912_215351_529_traffic_scan_env2025_seed0-499_48352cd1,483,38,40,1,4
20260912_215351_529_traffic_scan_env2025_seed0-499_48352cd1,483,38,41,0,1
20260912_215351_529_traffic_scan_env2025_seed0-499_48352cd1,483,38,41,1,1
20260912_215351_529_traffic_scan_env2025_seed0-499_48352cd1,483,38,42,0,2
20260912_215351_529_traffic_scan_env2025_seed0-499_48352cd1,483,38,42,1,2
20260912_215351_529_traffic_scan_env2025_seed0-499_48352cd1,483,38,43,2,1
20260912_215351_529_traffic_scan_env2025_seed0-499_48352cd1,483,38,44,0,3
20260912_215351_529_traffic_scan_env2025_seed0-499_48352cd1,483,38,44,1,1
20260912_215351_529_traffic_scan_env2025_seed0-499_48352cd1,483,38,45,0,1
20260912_215351_529_traffic_scan_env2025_seed0-499_48352cd1,483,38,46,0,3
20260912_215351_529_traffic_scan_env2025_seed0-499_48352cd1,483,38,47,0,2
20260912_215351_529_traffic_scan_env2025_seed0-499_48352cd1,483,38,47,1,3
20260912_215351_529_traffic_scan_env2025_seed0-499_48352cd1,483,38,48,0,2
20260912_215351_529_traffic_scan_env2025_seed0-499_48352cd1,483,38,48,1,2
20260912_215351_529_traffic_scan_env2025_seed0-499_48352cd1,483,38,49,0,2
20260912_215351_529_traffic_scan_env2025_seed0-499_48352cd1,483,38,50,0,2
20260912_215351_529_traffic_scan_env2025_seed0-499_48352cd1,483,38,50,1,1
20260912_215351_529_traffic_scan_env2025_seed0-499_48352cd1,483,38,51,0,2
20260912_215351_529_traffic_scan_env2025_seed0-499_48352cd1,483,38,52,1,1
20260912_215351_529_traffic_scan_env2025_seed0-499_48352cd1,483,38,57,0,1
20260912_215351_529_traffic_scan_env2025_seed0-499_48352cd1,483,38,59,0,1
20260912_215351_529_traffic_scan_env2025_seed0-499_48352cd1,483,39,6,1,1
20260912_215351_529_traffic_scan_env2025_seed0-499_48352cd1,483,39,7,1,1
20260912_215351_529_traffic_scan_env2025_seed0-499_48352cd1,483,39,10,0,1
20260912_215351_529_traffic_scan_env2025_seed0-499_48352cd1,483,39,10,1,2
20260912_215351_529_traffic_scan_env2025_seed0-499_48352cd1,483,39,11,0,1
20260912_215351_529_traffic_scan_env2025_seed0-499_48352cd1,483,39,11,1,2
20260912_215351_529_traffic_scan_env2025_seed0-499_48352cd1,483,39,12,1,1
20260912_215351_529_traffic_scan_env2025_seed0-499_48352cd1,483,39,13,1,4
20260912_215351_529_traffic_scan_env2025_seed0-499_48352cd1,483,39,14,1,2
20260912_215351_529_traffic_scan_env2025_seed0-499_48352cd1,483,39,15,1,1
20260912_215351_529_traffic_scan_env2025_seed0-499_48352cd1,483,39,16,1,1
20260912_215351_529_traffic_scan_env2025_seed0-499_48352cd1,483,39,17,0,1
20260912_215351_529_traffic_scan_env2025_seed0-499_48352cd1,483,39,17,1,2
20260912_215351_529_traffic_scan_env2025_seed0-499_48352cd1,483,39,18,0,1
20260912_215351_529_traffic_scan_env2025_seed0-499_48352cd1,483,39,18,1,3
20260912_215351_529_traffic_scan_env2025_seed0-499_48352cd1,483,39,19,0,1
20260912_215351_529_traffic_scan_env2025_seed0-499_48352cd1,483,39,19,1,1
20260912_215351_529_traffic_scan_env2025_seed0-499_48352cd1,483,39,20,0,2
20260912_215351_529_traffic_scan_env2025_seed0-499_48352cd1,483,39,20,1,2
20260912_215351_529_traffic_scan_env2025_seed0-499_48352cd1,483,39,21,0,3
20260912_215351_529_traffic_scan_env2025_seed0-499_48352cd1,483,39,21,1,3
20260912_215351_529_traffic_scan_env2025_seed0-499_48352cd1,483,39,22,0,6
20260912_215351_529_traffic_scan_env2025_seed0-499_48352cd1,483,39,22,1,2
20260912_215351_529_traffic_scan_env2025_seed0-499_48352cd1,483,39,23,0,2
20260912_215351_529_traffic_scan_env2025_seed0-499_48352cd1,483,39,23,1,3
20260912_215351_529_traffic_scan_env2025_seed0-499_48352cd1,483,39,26,0,1
20260912_215351_529_traffic_scan_env2025_seed0-499_48352cd1,483,39,26,1,2
20260912_215351_529_traffic_scan_env2025_seed0-499_48352cd1,483,39,27,0,1
20260912_215351_529_traffic_scan_env2025_seed0-499_48352cd1,483,39,28,0,2
20260912_215351_529_traffic_scan_env2025_seed0-499_48352cd1,483,39,28,1,2
20260912_215351_529_traffic_scan_env2025_seed0-499_48352cd1,483,39,30,0,2
20260912_215351_529_traffic_scan_env2025_seed0-499_48352cd1,483,39,30,1,2
20260912_215351_529_traffic_scan_env2025_seed0-499_48352cd1,483,39,33,0,2
20260912_215351_529_traffic_scan_env2025_seed0-499_48352cd1,483,39,34,0,1
20260912_215351_529_traffic_scan_env2025_seed0-499_48352cd1,483,39,34,1,1
20260912_215351_529_traffic_scan_env2025_seed0-499_48352cd1,483,39,35,0,1
20260912_215351_529_traffic_scan_env2025_seed0-499_48352cd1,483,39,35,1,2
20260912_215351_529_traffic_scan_env2025_seed0-499_48352cd1,483,39,36,0,1
20260912_215351_529_traffic_scan_env2025_seed0-499_48352cd1,483,39,36,1,3
20260912_215351_529_traffic_scan_env2025_seed0-499_48352cd1,483,39,37,0,1
20260912_215351_529_traffic_scan_env2025_seed0-499_48352cd1,483,39,38,0,2
20260912_215351_529_traffic_scan_env2025_seed0-499_48352cd1,483,39,40,0,1
20260912_215351_529_traffic_scan_env2025_seed0-499_48352cd1,483,39,41,0,1
20260912_215351_529_traffic_scan_env2025_seed0-499_48352cd1,483,39,41,1,3
20260912_215351_529_traffic_scan_env2025_seed0-499_48352cd1,483,39,42,1,1
20260912_215351_529_traffic_scan_env2025_seed0-499_48352cd1,483,39,43,0,3
20260912_215351_529_traffic_scan_env2025_seed0-499_48352cd1,483,39,44,0,1
20260912_215351_529_traffic_scan_env2025_seed0-499_48352cd1,483,39,48,1,5
20260912_215351_529_traffic_scan_env2025_seed0-499_48352cd1,483,39,49,1,2
20260912_215351_529_traffic_scan_env2025_seed0-499_48352cd1,483,39,50,0,1
20260912_215351_529_traffic_scan_env2025_seed0-499_48352cd1,483,39,50,1,1
20260912_215351_529_traffic_scan_env2025_seed0-499_48352cd1,483,39,51,1,1
20260912_215351_529_traffic_scan_env2025_seed0-499_48352cd1,483,39,55,0,1
20260912_215351_529_traffic_scan_env2025_seed0-499_48352cd1,483,40,5,1,1
20260912_215351_529_traffic_scan_env2025_seed0-499_48352cd1,483,40,7,2,1
20260912_215351_529_traffic_scan_env2025_seed0-499_48352cd1,483,40,8,0,1
20260912_215351_529_traffic_scan_env2025_seed0-499_48352cd1,483,40,8,1,1
20260912_215351_529_traffic_scan_env2025_seed0-499_48352cd1,483,40,9,0,1
20260912_215351_529_traffic_scan_env2025_seed0-499_48352cd1,483,40,9,1,2
20260912_215351_529_traffic_scan_env2025_seed0-499_48352cd1,483,40,12,0,3
20260912_215351_529_traffic_scan_env2025_seed0-499_48352cd1,483,40,12,1,1
20260912_215351_529_traffic_scan_env2025_seed0-499_48352cd1,483,40,13,1,2
20260912_215351_529_traffic_scan_env2025_seed0-499_48352cd1,483,40,15,1,1
20260912_215351_529_traffic_scan_env2025_seed0-499_48352cd1,483,40,17,0,2
20260912_215351_529_traffic_scan_env2025_seed0-499_48352cd1,483,40,17,1,3
20260912_215351_529_traffic_scan_env2025_seed0-499_48352cd1,483,40,19,0,1
20260912_215351_529_traffic_scan_env2025_seed0-499_48352cd1,483,40,20,0,1
20260912_215351_529_traffic_scan_env2025_seed0-499_48352cd1,483,40,21,0,6
20260912_215351_529_traffic_scan_env2025_seed0-499_48352cd1,483,40,21,1,4
20260912_215351_529_traffic_scan_env2025_seed0-499_48352cd1,483,40,22,0,2
20260912_215351_529_traffic_scan_env2025_seed0-499_48352cd1,483,40,23,0,2
20260912_215351_529_traffic_scan_env2025_seed0-499_48352cd1,483,40,23,1,1
20260912_215351_529_traffic_scan_env2025_seed0-499_48352cd1,483,40,24,1,1
20260912_215351_529_traffic_scan_env2025_seed0-499_48352cd1,483,40,25,0,1
20260912_215351_529_traffic_scan_env2025_seed0-499_48352cd1,483,40,26,0,1
20260912_215351_529_traffic_scan_env2025_seed0-499_48352cd1,483,40,26,1,1
20260912_215351_529_traffic_scan_env2025_seed0-499_48352cd1,483,40,27,1,1
20260912_215351_529_traffic_scan_env2025_seed0-499_48352cd1,483,40,28,1,2
20260912_215351_529_traffic_scan_env2025_seed0-499_48352cd1,483,40,29,0,2
20260912_215351_529_traffic_scan_env2025_seed0-499_48352cd1,483,40,30,0,2
20260912_215351_529_traffic_scan_env2025_seed0-499_48352cd1,483,40,30,1,2
20260912_215351_529_traffic_scan_env2025_seed0-499_48352cd1,483,40,32,0,2
20260912_215351_529_traffic_scan_env2025_seed0-499_48352cd1,483,40,34,1,2
20260912_215351_529_traffic_scan_env2025_seed0-499_48352cd1,483,40,35,0,1
20260912_215351_529_traffic_scan_env2025_seed0-499_48352cd1,483,40,35,1,1
20260912_215351_529_traffic_scan_env2025_seed0-499_48352cd1,483,40,36,0,1
20260912_215351_529_traffic_scan_env2025_seed0-499_48352cd1,483,40,37,0,3
20260912_215351_529_traffic_scan_env2025_seed0-499_48352cd1,483,40,37,1,1
20260912_215351_529_traffic_scan_env2025_seed0-499_48352cd1,483,40,39,0,2
20260912_215351_529_traffic_scan_env2025_seed0-499_48352cd1,483,40,41,0,1
20260912_215351_529_traffic_scan_env2025_seed0-499_48352cd1,483,40,41,1,1
20260912_215351_529_traffic_scan_env2025_seed0-499_48352cd1,483,40,42,0,3
20260912_215351_529_traffic_scan_env2025_seed0-499_48352cd1,483,40,42,1,3
20260912_215351_529_traffic_scan_env2025_seed0-499_48352cd1,483,40,43,0,1
20260912_215351_529_traffic_scan_env2025_seed0-499_48352cd1,483,40,44,0,3
20260912_215351_529_traffic_scan_env2025_seed0-499_48352cd1,483,40,46,0,1
20260912_215351_529_traffic_scan_env2025_seed0-499_48352cd1,483,40,47,1,2
20260912_215351_529_traffic_scan_env2025_seed0-499_48352cd1,483,40,49,0,5
20260912_215351_529_traffic_scan_env2025_seed0-499_48352cd1,483,40,50,0,1
20260912_215351_529_traffic_scan_env2025_seed0-499_48352cd1,483,40,50,1,4
20260912_215351_529_traffic_scan_env2025_seed0-499_48352cd1,483,40,51,0,1
20260912_215351_529_traffic_scan_env2025_seed0-499_48352cd1,483,40,54,0,1
20260912_215351_529_traffic_scan_env2025_seed0-499_48352cd1,483,41,5,1,1
20260912_215351_529_traffic_scan_env2025_seed0-499_48352cd1,483,41,7,0,1
20260912_215351_529_traffic_scan_env2025_seed0-499_48352cd1,483,41,7,1,2
20260912_215351_529_traffic_scan_env2025_seed0-499_48352cd1,483,41,8,1,2
20260912_215351_529_traffic_scan_env2025_seed0-499_48352cd1,483,41,9,1,1
20260912_215351_529_traffic_scan_env2025_seed0-499_48352cd1,483,41,10,1,1
20260912_215351_529_traffic_scan_env2025_seed0-499_48352cd1,483,41,11,0,2
20260912_215351_529_traffic_scan_env2025_seed0-499_48352cd1,483,41,11,1,1
20260912_215351_529_traffic_scan_env2025_seed0-499_48352cd1,483,41,12,2,1
20260912_215351_529_traffic_scan_env2025_seed0-499_48352cd1,483,41,13,2,3
20260912_215351_529_traffic_scan_env2025_seed0-499_48352cd1,483,41,14,1,1
20260912_215351_529_traffic_scan_env2025_seed0-499_48352cd1,483,41,16,0,2
20260912_215351_529_traffic_scan_env2025_seed0-499_48352cd1,483,41,16,1,3
20260912_215351_529_traffic_scan_env2025_seed0-499_48352cd1,483,41,17,0,2
20260912_215351_529_traffic_scan_env2025_seed0-499_48352cd1,483,41,17,1,1
20260912_215351_529_traffic_scan_env2025_seed0-499_48352cd1,483,41,18,0,2
20260912_215351_529_traffic_scan_env2025_seed0-499_48352cd1,483,41,19,0,2
20260912_215351_529_traffic_scan_env2025_seed0-499_48352cd1,483,41,20,0,6
20260912_215351_529_traffic_scan_env2025_seed0-499_48352cd1,483,41,20,1,1
20260912_215351_529_traffic_scan_env2025_seed0-499_48352cd1,483,41,21,0,3
20260912_215351_529_traffic_scan_env2025_seed0-499_48352cd1,483,41,21,1,2
20260912_215351_529_traffic_scan_env2025_seed0-499_48352cd1,483,41,22,0,1
20260912_215351_529_traffic_scan_env2025_seed0-499_48352cd1,483,41,22,1,1
20260912_215351_529_traffic_scan_env2025_seed0-499_48352cd1,483,41,23,0,3
20260912_215351_529_traffic_scan_env2025_seed0-499_48352cd1,483,41,23,1,1
20260912_215351_529_traffic_scan_env2025_seed0-499_48352cd1,483,41,24,0,3
20260912_215351_529_traffic_scan_env2025_seed0-499_48352cd1,483,41,24,1,1
20260912_215351_529_traffic_scan_env2025_seed0-499_48352cd1,483,41,25,0,3
20260912_215351_529_traffic_scan_env2025_seed0-499_48352cd1,483,41,25,1,1
20260912_215351_529_traffic_scan_env2025_seed0-499_48352cd1,483,41,26,0,1
20260912_215351_529_traffic_scan_env2025_seed0-499_48352cd1,483,41,26,1,2
20260912_215351_529_traffic_scan_env2025_seed0-499_48352cd1,483,41,27,0,1
20260912_215351_529_traffic_scan_env2025_seed0-499_48352cd1,483,41,27,1,1
20260912_215351_529_traffic_scan_env2025_seed0-499_48352cd1,483,41,28,0,1
20260912_215351_529_traffic_scan_env2025_seed0-499_48352cd1,483,41,28,1,4
20260912_215351_529_traffic_scan_env2025_seed0-499_48352cd1,483,41,29,0,3
20260912_215351_529_traffic_scan_env2025_seed0-499_48352cd1,483,41,29,1,1
20260912_215351_529_traffic_scan_env2025_seed0-499_48352cd1,483,41,30,0,3
20260912_215351_529_traffic_scan_env2025_seed0-499_48352cd1,483,41,30,1,3
20260912_215351_529_traffic_scan_env2025_seed0-499_48352cd1,483,41,31,0,3
20260912_215351_529_traffic_scan_env2025_seed0-499_48352cd1,483,41,31,1,1
20260912_215351_529_traffic_scan_env2025_seed0-499_48352cd1,483,41,32,0,1
20260912_215351_529_traffic_scan_env2025_seed0-499_48352cd1,483,41,32,1,1
20260912_215351_529_traffic_scan_env2025_seed0-499_48352cd1,483,41,33,0,1
20260912_215351_529_traffic_scan_env2025_seed0-499_48352cd1,483,41,33,1,3
20260912_215351_529_traffic_scan_env2025_seed0-499_48352cd1,483,41,34,0,1
20260912_215351_529_traffic_scan_env2025_seed0-499_48352cd1,483,41,34,1,1
20260912_215351_529_traffic_scan_env2025_seed0-499_48352cd1,483,41,35,0,1
20260912_215351_529_traffic_scan_env2025_seed0-499_48352cd1,483,41,35,1,1
20260912_215351_529_traffic_scan_env2025_seed0-499_48352cd1,483,41,36,0,2
20260912_215351_529_traffic_scan_env2025_seed0-499_48352cd1,483,41,36,1,2
20260912_215351_529_traffic_scan_env2025_seed0-499_48352cd1,483,41,37,0,3
20260912_215351_529_traffic_scan_env2025_seed0-499_48352cd1,483,41,37,1,1
20260912_215351_529_traffic_scan_env2025_seed0-499_48352cd1,483,41,38,0,3
20260912_215351_529_traffic_scan_env2025_seed0-499_48352cd1,483,41,38,1,2
20260912_215351_529_traffic_scan_env2025_seed0-499_48352cd1,483,41,39,0,1
20260912_215351_529_traffic_scan_env2025_seed0-499_48352cd1,483,41,39,1,1
20260912_215351_529_traffic_scan_env2025_seed0-499_48352cd1,483,41,40,0,3
20260912_215351_529_traffic_scan_env2025_seed0-499_48352cd1,483,41,40,1,1
20260912_215351_529_traffic_scan_env2025_seed0-499_48352cd1,483,41,41,0,3
20260912_215351_529_traffic_scan_env2025_seed0-499_48352cd1,483,41,41,1,2
20260912_215351_529_traffic_scan_env2025_seed0-499_48352cd1,483,41,42,0,2
20260912_215351_529_traffic_scan_env2025_seed0-499_48352cd1,483,41,42,1,2
20260912_215351_529_traffic_scan_env2025_seed0-499_48352cd1,483,41,43,0,2
20260912_215351_529_traffic_scan_env2025_seed0-499_48352cd1,483,41,43,1,2
20260912_215351_529_traffic_scan_env2025_seed0-499_48352cd1,483,41,44,0,1
20260912_215351_529_traffic_scan_env2025_seed0-499_48352cd1,483,41,45,0,2
20260912_215351_529_traffic_scan_env2025_seed0-499_48352cd1,483,41,46,1,1
20260912_215351_529_traffic_scan_env2025_seed0-499_48352cd1,483,41,49,0,1
20260912_215351_529_traffic_scan_env2025_seed0-499_48352cd1,483,41,49,1,1
20260912_215351_529_traffic_scan_env2025_seed0-499_48352cd1,483,41,50,0,2
20260912_215351_529_traffic_scan_env2025_seed0-499_48352cd1,483,41,50,1,1
20260912_215351_529_traffic_scan_env2025_seed0-499_48352cd1,483,41,51,2,2
20260912_215351_529_traffic_scan_env2025_seed0-499_48352cd1,483,41,53,0,1
20260912_215351_529_traffic_scan_env2025_seed0-499_48352cd1,483,42,0,0,1
20260912_215351_529_traffic_scan_env2025_seed0-499_48352cd1,483,42,1,0,1
20260912_215351_529_traffic_scan_env2025_seed0-499_48352cd1,483,42,2,0,1
20260912_215351_529_traffic_scan_env2025_seed0-499_48352cd1,483,42,3,0,1
20260912_215351_529_traffic_scan_env2025_seed0-499_48352cd1,483,42,4,0,1
20260912_215351_529_traffic_scan_env2025_seed0-499_48352cd1,483,42,5,1,2
20260912_215351_529_traffic_scan_env2025_seed0-499_48352cd1,483,42,6,1,2
20260912_215351_529_traffic_scan_env2025_seed0-499_48352cd1,483,42,7,0,1
20260912_215351_529_traffic_scan_env2025_seed0-499_48352cd1,483,42,7,1,1
20260912_215351_529_traffic_scan_env2025_seed0-499_48352cd1,483,42,8,1,1
20260912_215351_529_traffic_scan_env2025_seed0-499_48352cd1,483,42,10,0,2
20260912_215351_529_traffic_scan_env2025_seed0-499_48352cd1,483,42,14,1,3
20260912_215351_529_traffic_scan_env2025_seed0-499_48352cd1,483,42,15,0,2
20260912_215351_529_traffic_scan_env2025_seed0-499_48352cd1,483,42,15,1,4
20260912_215351_529_traffic_scan_env2025_seed0-499_48352cd1,483,42,16,2,2
20260912_215351_529_traffic_scan_env2025_seed0-499_48352cd1,483,42,17,1,5
20260912_215351_529_traffic_scan_env2025_seed0-499_48352cd1,483,42,18,1,1
20260912_215351_529_traffic_scan_env2025_seed0-499_48352cd1,483,42,19,0,5
20260912_215351_529_traffic_scan_env2025_seed0-499_48352cd1,483,42,19,1,2
20260912_215351_529_traffic_scan_env2025_seed0-499_48352cd1,483,42,20,0,1
20260912_215351_529_traffic_scan_env2025_seed0-499_48352cd1,483,42,20,1,2
20260912_215351_529_traffic_scan_env2025_seed0-499_48352cd1,483,42,21,0,1
20260912_215351_529_traffic_scan_env2025_seed0-499_48352cd1,483,42,21,1,2
20260912_215351_529_traffic_scan_env2025_seed0-499_48352cd1,483,42,22,1,1
20260912_215351_529_traffic_scan_env2025_seed0-499_48352cd1,483,42,23,1,5
20260912_215351_529_traffic_scan_env2025_seed0-499_48352cd1,483,42,24,0,3
20260912_215351_529_traffic_scan_env2025_seed0-499_48352cd1,483,42,24,1,1
20260912_215351_529_traffic_scan_env2025_seed0-499_48352cd1,483,42,25,0,1
20260912_215351_529_traffic_scan_env2025_seed0-499_48352cd1,483,42,25,1,1
20260912_215351_529_traffic_scan_env2025_seed0-499_48352cd1,483,42,26,0,1
20260912_215351_529_traffic_scan_env2025_seed0-499_48352cd1,483,42,26,1,1
20260912_215351_529_traffic_scan_env2025_seed0-499_48352cd1,483,42,27,1,2
20260912_215351_529_traffic_scan_env2025_seed0-499_48352cd1,483,42,28,0,2
20260912_215351_529_traffic_scan_env2025_seed0-499_48352cd1,483,42,28,1,3
20260912_215351_529_traffic_scan_env2025_seed0-499_48352cd1,483,42,29,1,2
20260912_215351_529_traffic_scan_env2025_seed0-499_48352cd1,483,42,30,0,2
20260912_215351_529_traffic_scan_env2025_seed0-499_48352cd1,483,42,30,1,3
20260912_215351_529_traffic_scan_env2025_seed0-499_48352cd1,483,42,31,0,2
20260912_215351_529_traffic_scan_env2025_seed0-499_48352cd1,483,42,31,1,1
20260912_215351_529_traffic_scan_env2025_seed0-499_48352cd1,483,42,32,1,3
20260912_215351_529_traffic_scan_env2025_seed0-499_48352cd1,483,42,33,1,1
20260912_215351_529_traffic_scan_env2025_seed0-499_48352cd1,483,42,34,0,1
20260912_215351_529_traffic_scan_env2025_seed0-499_48352cd1,483,42,35,0,1
20260912_215351_529_traffic_scan_env2025_seed0-499_48352cd1,483,42,36,0,1
20260912_215351_529_traffic_scan_env2025_seed0-499_48352cd1,483,42,37,0,3
20260912_215351_529_traffic_scan_env2025_seed0-499_48352cd1,483,42,37,1,1
20260912_215351_529_traffic_scan_env2025_seed0-499_48352cd1,483,42,38,0,2
20260912_215351_529_traffic_scan_env2025_seed0-499_48352cd1,483,42,39,0,2
20260912_215351_529_traffic_scan_env2025_seed0-499_48352cd1,483,42,39,1,1
20260912_215351_529_traffic_scan_env2025_seed0-499_48352cd1,483,42,40,0,3
20260912_215351_529_traffic_scan_env2025_seed0-499_48352cd1,483,42,41,0,3
20260912_215351_529_traffic_scan_env2025_seed0-499_48352cd1,483,42,41,1,1
20260912_215351_529_traffic_scan_env2025_seed0-499_48352cd1,483,42,42,0,1
20260912_215351_529_traffic_scan_env2025_seed0-499_48352cd1,483,42,42,1,1
20260912_215351_529_traffic_scan_env2025_seed0-499_48352cd1,483,42,43,0,2
20260912_215351_529_traffic_scan_env2025_seed0-499_48352cd1,483,42,44,0,4
20260912_215351_529_traffic_scan_env2025_seed0-499_48352cd1,483,42,44,1,2
20260912_215351_529_traffic_scan_env2025_seed0-499_48352cd1,483,42,45,0,3
20260912_215351_529_traffic_scan_env2025_seed0-499_48352cd1,483,42,45,1,1
20260912_215351_529_traffic_scan_env2025_seed0-499_48352cd1,483,42,46,0,2
20260912_215351_529_traffic_scan_env2025_seed0-499_48352cd1,483,42,47,0,1
20260912_215351_529_traffic_scan_env2025_seed0-499_48352cd1,483,42,48,0,1
20260912_215351_529_traffic_scan_env2025_seed0-499_48352cd1,483,42,48,1,1
20260912_215351_529_traffic_scan_env2025_seed0-499_48352cd1,483,42,49,0,1
20260912_215351_529_traffic_scan_env2025_seed0-499_48352cd1,483,42,50,0,2
20260912_215351_529_traffic_scan_env2025_seed0-499_48352cd1,483,42,50,1,1
20260912_215351_529_traffic_scan_env2025_seed0-499_48352cd1,483,42,51,0,3
20260912_215351_529_traffic_scan_env2025_seed0-499_48352cd1,483,42,52,0,3
20260912_215351_529_traffic_scan_env2025_seed0-499_48352cd1,483,42,52,1,2
20260912_215351_529_traffic_scan_env2025_seed0-499_48352cd1,483,43,5,1,2
20260912_215351_529_traffic_scan_env2025_seed0-499_48352cd1,483,43,7,1,1
20260912_215351_529_traffic_scan_env2025_seed0-499_48352cd1,483,43,8,1,1
20260912_215351_529_traffic_scan_env2025_seed0-499_48352cd1,483,43,10,0,2
20260912_215351_529_traffic_scan_env2025_seed0-499_48352cd1,483,43,14,0,2
20260912_215351_529_traffic_scan_env2025_seed0-499_48352cd1,483,43,14,1,4
20260912_215351_529_traffic_scan_env2025_seed0-499_48352cd1,483,43,17,0,2
20260912_215351_529_traffic_scan_env2025_seed0-499_48352cd1,483,43,17,1,3
20260912_215351_529_traffic_scan_env2025_seed0-499_48352cd1,483,43,18,0,5
20260912_215351_529_traffic_scan_env2025_seed0-499_48352cd1,483,43,18,1,1
20260912_215351_529_traffic_scan_env2025_seed0-499_48352cd1,483,43,19,0,1
20260912_215351_529_traffic_scan_env2025_seed0-499_48352cd1,483,43,19,1,1
20260912_215351_529_traffic_scan_env2025_seed0-499_48352cd1,483,43,21,0,1
20260912_215351_529_traffic_scan_env2025_seed0-499_48352cd1,483,43,21,1,1
20260912_215351_529_traffic_scan_env2025_seed0-499_48352cd1,483,43,22,0,1
20260912_215351_529_traffic_scan_env2025_seed0-499_48352cd1,483,43,22,1,1
20260912_215351_529_traffic_scan_env2025_seed0-499_48352cd1,483,43,23,0,3
20260912_215351_529_traffic_scan_env2025_seed0-499_48352cd1,483,43,23,1,1
20260912_215351_529_traffic_scan_env2025_seed0-499_48352cd1,483,43,24,0,3
20260912_215351_529_traffic_scan_env2025_seed0-499_48352cd1,483,43,24,1,1
20260912_215351_529_traffic_scan_env2025_seed0-499_48352cd1,483,43,25,0,1
20260912_215351_529_traffic_scan_env2025_seed0-499_48352cd1,483,43,26,0,1
20260912_215351_529_traffic_scan_env2025_seed0-499_48352cd1,483,43,27,0,3
20260912_215351_529_traffic_scan_env2025_seed0-499_48352cd1,483,43,28,1,3
20260912_215351_529_traffic_scan_env2025_seed0-499_48352cd1,483,43,29,0,2
20260912_215351_529_traffic_scan_env2025_seed0-499_48352cd1,483,43,30,1,3
20260912_215351_529_traffic_scan_env2025_seed0-499_48352cd1,483,43,31,1,2
20260912_215351_529_traffic_scan_env2025_seed0-499_48352cd1,483,43,32,0,2
20260912_215351_529_traffic_scan_env2025_seed0-499_48352cd1,483,43,37,0,1
20260912_215351_529_traffic_scan_env2025_seed0-499_48352cd1,483,43,38,0,4
20260912_215351_529_traffic_scan_env2025_seed0-499_48352cd1,483,43,38,1,1
20260912_215351_529_traffic_scan_env2025_seed0-499_48352cd1,483,43,39,0,5
20260912_215351_529_traffic_scan_env2025_seed0-499_48352cd1,483,43,39,1,2
20260912_215351_529_traffic_scan_env2025_seed0-499_48352cd1,483,43,40,0,1
20260912_215351_529_traffic_scan_env2025_seed0-499_48352cd1,483,43,41,1,1
20260912_215351_529_traffic_scan_env2025_seed0-499_48352cd1,483,43,42,0,2
20260912_215351_529_traffic_scan_env2025_seed0-499_48352cd1,483,43,42,1,1
20260912_215351_529_traffic_scan_env2025_seed0-499_48352cd1,483,43,44,0,2
20260912_215351_529_traffic_scan_env2025_seed0-499_48352cd1,483,43,44,1,1
20260912_215351_529_traffic_scan_env2025_seed0-499_48352cd1,483,43,45,0,2
20260912_215351_529_traffic_scan_env2025_seed0-499_48352cd1,483,43,45,1,1
20260912_215351_529_traffic_scan_env2025_seed0-499_48352cd1,483,43,47,0,1
20260912_215351_529_traffic_scan_env2025_seed0-499_48352cd1,483,43,47,1,1
20260912_215351_529_traffic_scan_env2025_seed0-499_48352cd1,483,43,48,0,2
20260912_215351_529_traffic_scan_env2025_seed0-499_48352cd1,483,43,50,1,1
20260912_215351_529_traffic_scan_env2025_seed0-499_48352cd1,483,43,51,0,2
20260912_215351_529_traffic_scan_env2025_seed0-499_48352cd1,483,43,52,0,1
20260912_215351_529_traffic_scan_env2025_seed0-499_48352cd1,483,43,53,0,2
20260912_215351_529_traffic_scan_env2025_seed0-499_48352cd1,483,43,53,1,1
20260912_215351_529_traffic_scan_env2025_seed0-499_48352cd1,483,44,4,0,1
20260912_215351_529_traffic_scan_env2025_seed0-499_48352cd1,483,44,5,1,1
20260912_215351_529_traffic_scan_env2025_seed0-499_48352cd1,483,44,7,1,1
20260912_215351_529_traffic_scan_env2025_seed0-499_48352cd1,483,44,8,0,2
20260912_215351_529_traffic_scan_env2025_seed0-499_48352cd1,483,44,8,1,1
20260912_215351_529_traffic_scan_env2025_seed0-499_48352cd1,483,44,9,0,2
20260912_215351_529_traffic_scan_env2025_seed0-499_48352cd1,483,44,10,0,1
20260912_215351_529_traffic_scan_env2025_seed0-499_48352cd1,483,44,13,0,3
20260912_215351_529_traffic_scan_env2025_seed0-499_48352cd1,483,44,13,1,3
20260912_215351_529_traffic_scan_env2025_seed0-499_48352cd1,483,44,17,0,10
20260912_215351_529_traffic_scan_env2025_seed0-499_48352cd1,483,44,17,1,2
20260912_215351_529_traffic_scan_env2025_seed0-499_48352cd1,483,44,18,0,3
20260912_215351_529_traffic_scan_env2025_seed0-499_48352cd1,483,44,18,1,2
20260912_215351_529_traffic_scan_env2025_seed0-499_48352cd1,483,44,19,0,2
20260912_215351_529_traffic_scan_env2025_seed0-499_48352cd1,483,44,20,0,2
20260912_215351_529_traffic_scan_env2025_seed0-499_48352cd1,483,44,21,0,4
20260912_215351_529_traffic_scan_env2025_seed0-499_48352cd1,483,44,21,1,2
20260912_215351_529_traffic_scan_env2025_seed0-499_48352cd1,483,44,22,0,3
20260912_215351_529_traffic_scan_env2025_seed0-499_48352cd1,483,44,23,2,1
20260912_215351_529_traffic_scan_env2025_seed0-499_48352cd1,483,44,25,0,3
20260912_215351_529_traffic_scan_env2025_seed0-499_48352cd1,483,44,25,1,1
20260912_215351_529_traffic_scan_env2025_seed0-499_48352cd1,483,44,26,0,5
20260912_215351_529_traffic_scan_env2025_seed0-499_48352cd1,483,44,27,0,3
20260912_215351_529_traffic_scan_env2025_seed0-499_48352cd1,483,44,28,0,5
20260912_215351_529_traffic_scan_env2025_seed0-499_48352cd1,483,44,28,1,2
20260912_215351_529_traffic_scan_env2025_seed0-499_48352cd1,483,44,29,0,2
20260912_215351_529_traffic_scan_env2025_seed0-499_48352cd1,483,44,29,1,1
20260912_215351_529_traffic_scan_env2025_seed0-499_48352cd1,483,44,30,0,2
20260912_215351_529_traffic_scan_env2025_seed0-499_48352cd1,483,44,30,1,4
20260912_215351_529_traffic_scan_env2025_seed0-499_48352cd1,483,44,31,0,2
20260912_215351_529_traffic_scan_env2025_seed0-499_48352cd1,483,44,31,1,1
20260912_215351_529_traffic_scan_env2025_seed0-499_48352cd1,483,44,32,0,2
20260912_215351_529_traffic_scan_env2025_seed0-499_48352cd1,483,44,32,1,1
20260912_215351_529_traffic_scan_env2025_seed0-499_48352cd1,483,44,33,0,4
20260912_215351_529_traffic_scan_env2025_seed0-499_48352cd1,483,44,33,1,1
20260912_215351_529_traffic_scan_env2025_seed0-499_48352cd1,483,44,34,0,2
20260912_215351_529_traffic_scan_env2025_seed0-499_48352cd1,483,44,35,0,2
20260912_215351_529_traffic_scan_env2025_seed0-499_48352cd1,483,44,36,0,2
20260912_215351_529_traffic_scan_env2025_seed0-499_48352cd1,483,44,37,0,3
20260912_215351_529_traffic_scan_env2025_seed0-499_48352cd1,483,44,40,0,3
20260912_215351_529_traffic_scan_env2025_seed0-499_48352cd1,483,44,40,1,2
20260912_215351_529_traffic_scan_env2025_seed0-499_48352cd1,483,44,41,0,2
20260912_215351_529_traffic_scan_env2025_seed0-499_48352cd1,483,44,41,1,1
20260912_215351_529_traffic_scan_env2025_seed0-499_48352cd1,483,44,42,0,1
20260912_215351_529_traffic_scan_env2025_seed0-499_48352cd1,483,44,42,1,1
20260912_215351_529_traffic_scan_env2025_seed0-499_48352cd1,483,44,43,0,3
20260912_215351_529_traffic_scan_env2025_seed0-499_48352cd1,483,44,43,1,1
20260912_215351_529_traffic_scan_env2025_seed0-499_48352cd1,483,44,44,0,2
20260912_215351_529_traffic_scan_env2025_seed0-499_48352cd1,483,44,45,0,2
20260912_215351_529_traffic_scan_env2025_seed0-499_48352cd1,483,44,46,0,3
20260912_215351_529_traffic_scan_env2025_seed0-499_48352cd1,483,44,46,1,2
20260912_215351_529_traffic_scan_env2025_seed0-499_48352cd1,483,44,47,0,1
20260912_215351_529_traffic_scan_env2025_seed0-499_48352cd1,483,44,49,0,2
20260912_215351_529_traffic_scan_env2025_seed0-499_48352cd1,483,44,50,0,2
20260912_215351_529_traffic_scan_env2025_seed0-499_48352cd1,483,44,50,1,1
20260912_215351_529_traffic_scan_env2025_seed0-499_48352cd1,483,44,51,0,1
20260912_215351_529_traffic_scan_env2025_seed0-499_48352cd1,483,44,52,0,2
20260912_215351_529_traffic_scan_env2025_seed0-499_48352cd1,483,44,53,0,3
20260912_215351_529_traffic_scan_env2025_seed0-499_48352cd1,483,44,53,1,1
20260912_215351_529_traffic_scan_env2025_seed0-499_48352cd1,483,45,2,0,1
20260912_215351_529_traffic_scan_env2025_seed0-499_48352cd1,483,45,3,0,2
20260912_215351_529_traffic_scan_env2025_seed0-499_48352cd1,483,45,4,0,1
20260912_215351_529_traffic_scan_env2025_seed0-499_48352cd1,483,45,5,0,2
20260912_215351_529_traffic_scan_env2025_seed0-499_48352cd1,483,45,5,1,1
20260912_215351_529_traffic_scan_env2025_seed0-499_48352cd1,483,45,7,0,4
20260912_215351_529_traffic_scan_env2025_seed0-499_48352cd1,483,45,7,1,1
20260912_215351_529_traffic_scan_env2025_seed0-499_48352cd1,483,45,8,0,2
20260912_215351_529_traffic_scan_env2025_seed0-499_48352cd1,483,45,8,1,1
20260912_215351_529_traffic_scan_env2025_seed0-499_48352cd1,483,45,9,0,3
20260912_215351_529_traffic_scan_env2025_seed0-499_48352cd1,483,45,10,0,3
20260912_215351_529_traffic_scan_env2025_seed0-499_48352cd1,483,45,11,0,4
20260912_215351_529_traffic_scan_env2025_seed0-499_48352cd1,483,45,12,0,5
20260912_215351_529_traffic_scan_env2025_seed0-499_48352cd1,483,45,12,1,2
20260912_215351_529_traffic_scan_env2025_seed0-499_48352cd1,483,45,13,0,2
20260912_215351_529_traffic_scan_env2025_seed0-499_48352cd1,483,45,14,0,2
20260912_215351_529_traffic_scan_env2025_seed0-499_48352cd1,483,45,14,1,1
20260912_215351_529_traffic_scan_env2025_seed0-499_48352cd1,483,45,15,0,4
20260912_215351_529_traffic_scan_env2025_seed0-499_48352cd1,483,45,16,0,10
20260912_215351_529_traffic_scan_env2025_seed0-499_48352cd1,483,45,16,1,1
20260912_215351_529_traffic_scan_env2025_seed0-499_48352cd1,483,45,17,0,2
20260912_215351_529_traffic_scan_env2025_seed0-499_48352cd1,483,45,17,1,1
20260912_215351_529_traffic_scan_env2025_seed0-499_48352cd1,483,45,19,1,1
20260912_215351_529_traffic_scan_env2025_seed0-499_48352cd1,483,45,20,0,1
20260912_215351_529_traffic_scan_env2025_seed0-499_48352cd1,483,45,20,1,1
20260912_215351_529_traffic_scan_env2025_seed0-499_48352cd1,483,45,21,0,2
20260912_215351_529_traffic_scan_env2025_seed0-499_48352cd1,483,45,21,1,1
20260912_215351_529_traffic_scan_env2025_seed0-499_48352cd1,483,45,22,0,1
20260912_215351_529_traffic_scan_env2025_seed0-499_48352cd1,483,45,22,1,1
20260912_215351_529_traffic_scan_env2025_seed0-499_48352cd1,483,45,23,2,1
20260912_215351_529_traffic_scan_env2025_seed0-499_48352cd1,483,45,25,0,3
20260912_215351_529_traffic_scan_env2025_seed0-499_48352cd1,483,45,26,1,1
20260912_215351_529_traffic_scan_env2025_seed0-499_48352cd1,483,45,27,0,3
20260912_215351_529_traffic_scan_env2025_seed0-499_48352cd1,483,45,28,0,1
20260912_215351_529_traffic_scan_env2025_seed0-499_48352cd1,483,45,28,1,2
20260912_215351_529_traffic_scan_env2025_seed0-499_48352cd1,483,45,29,0,1
20260912_215351_529_traffic_scan_env2025_seed0-499_48352cd1,483,45,29,1,2
20260912_215351_529_traffic_scan_env2025_seed0-499_48352cd1,483,45,30,1,3
20260912_215351_529_traffic_scan_env2025_seed0-499_48352cd1,483,45,34,0,3
20260912_215351_529_traffic_scan_env2025_seed0-499_48352cd1,483,45,36,0,1
20260912_215351_529_traffic_scan_env2025_seed0-499_48352cd1,483,45,40,0,1
20260912_215351_529_traffic_scan_env2025_seed0-499_48352cd1,483,45,40,1,1
20260912_215351_529_traffic_scan_env2025_seed0-499_48352cd1,483,45,41,0,2
20260912_215351_529_traffic_scan_env2025_seed0-499_48352cd1,483,45,41,1,2
20260912_215351_529_traffic_scan_env2025_seed0-499_48352cd1,483,45,42,1,2
20260912_215351_529_traffic_scan_env2025_seed0-499_48352cd1,483,45,44,0,3
20260912_215351_529_traffic_scan_env2025_seed0-499_48352cd1,483,45,45,1,1
20260912_215351_529_traffic_scan_env2025_seed0-499_48352cd1,483,45,46,0,1
20260912_215351_529_traffic_scan_env2025_seed0-499_48352cd1,483,45,47,0,2
20260912_215351_529_traffic_scan_env2025_seed0-499_48352cd1,483,45,47,1,1
20260912_215351_529_traffic_scan_env2025_seed0-499_48352cd1,483,45,50,1,1
20260912_215351_529_traffic_scan_env2025_seed0-499_48352cd1,483,45,53,0,1
20260912_215351_529_traffic_scan_env2025_seed0-499_48352cd1,483,45,54,0,4
20260912_215351_529_traffic_scan_env2025_seed0-499_48352cd1,483,45,55,0,1
20260912_215351_529_traffic_scan_env2025_seed0-499_48352cd1,483,46,1,0,1
20260912_215351_529_traffic_scan_env2025_seed0-499_48352cd1,483,46,5,0,1
20260912_215351_529_traffic_scan_env2025_seed0-499_48352cd1,483,46,5,1,1
20260912_215351_529_traffic_scan_env2025_seed0-499_48352cd1,483,46,6,0,4
20260912_215351_529_traffic_scan_env2025_seed0-499_48352cd1,483,46,7,1,1
20260912_215351_529_traffic_scan_env2025_seed0-499_48352cd1,483,46,8,0,1
20260912_215351_529_traffic_scan_env2025_seed0-499_48352cd1,483,46,8,1,1
20260912_215351_529_traffic_scan_env2025_seed0-499_48352cd1,483,46,9,0,1
20260912_215351_529_traffic_scan_env2025_seed0-499_48352cd1,483,46,11,1,2
20260912_215351_529_traffic_scan_env2025_seed0-499_48352cd1,483,46,12,0,1
20260912_215351_529_traffic_scan_env2025_seed0-499_48352cd1,483,46,14,0,2
20260912_215351_529_traffic_scan_env2025_seed0-499_48352cd1,483,46,15,0,5
20260912_215351_529_traffic_scan_env2025_seed0-499_48352cd1,483,46,15,1,1
20260912_215351_529_traffic_scan_env2025_seed0-499_48352cd1,483,46,16,0,2
20260912_215351_529_traffic_scan_env2025_seed0-499_48352cd1,483,46,16,1,1
20260912_215351_529_traffic_scan_env2025_seed0-499_48352cd1,483,46,17,0,2
20260912_215351_529_traffic_scan_env2025_seed0-499_48352cd1,483,46,19,0,1
20260912_215351_529_traffic_scan_env2025_seed0-499_48352cd1,483,46,19,1,1
20260912_215351_529_traffic_scan_env2025_seed0-499_48352cd1,483,46,20,0,2
20260912_215351_529_traffic_scan_env2025_seed0-499_48352cd1,483,46,20,1,1
20260912_215351_529_traffic_scan_env2025_seed0-499_48352cd1,483,46,23,0,1
20260912_215351_529_traffic_scan_env2025_seed0-499_48352cd1,483,46,23,1,2
20260912_215351_529_traffic_scan_env2025_seed0-499_48352cd1,483,46,24,0,3
20260912_215351_529_traffic_scan_env2025_seed0-499_48352cd1,483,46,26,0,2
20260912_215351_529_traffic_scan_env2025_seed0-499_48352cd1,483,46,27,1,1
20260912_215351_529_traffic_scan_env2025_seed0-499_48352cd1,483,46,28,0,1
20260912_215351_529_traffic_scan_env2025_seed0-499_48352cd1,483,46,28,1,4
20260912_215351_529_traffic_scan_env2025_seed0-499_48352cd1,483,46,29,0,1
20260912_215351_529_traffic_scan_env2025_seed0-499_48352cd1,483,46,30,0,1
20260912_215351_529_traffic_scan_env2025_seed0-499_48352cd1,483,46,30,1,2
20260912_215351_529_traffic_scan_env2025_seed0-499_48352cd1,483,46,31,1,1
20260912_215351_529_traffic_scan_env2025_seed0-499_48352cd1,483,46,34,0,2
20260912_215351_529_traffic_scan_env2025_seed0-499_48352cd1,483,46,35,0,2
20260912_215351_529_traffic_scan_env2025_seed0-499_48352cd1,483,46,36,1,1
20260912_215351_529_traffic_scan_env2025_seed0-499_48352cd1,483,46,37,0,1
20260912_215351_529_traffic_scan_env2025_seed0-499_48352cd1,483,46,38,0,1
20260912_215351_529_traffic_scan_env2025_seed0-499_48352cd1,483,46,39,0,1
20260912_215351_529_traffic_scan_env2025_seed0-499_48352cd1,483,46,40,0,2
20260912_215351_529_traffic_scan_env2025_seed0-499_48352cd1,483,46,40,1,1
20260912_215351_529_traffic_scan_env2025_seed0-499_48352cd1,483,46,41,0,2
20260912_215351_529_traffic_scan_env2025_seed0-499_48352cd1,483,46,41,1,2
20260912_215351_529_traffic_scan_env2025_seed0-499_48352cd1,483,46,42,0,2
20260912_215351_529_traffic_scan_env2025_seed0-499_48352cd1,483,46,42,1,2
20260912_215351_529_traffic_scan_env2025_seed0-499_48352cd1,483,46,44,0,2
20260912_215351_529_traffic_scan_env2025_seed0-499_48352cd1,483,46,44,1,1
20260912_215351_529_traffic_scan_env2025_seed0-499_48352cd1,483,46,45,0,1
20260912_215351_529_traffic_scan_env2025_seed0-499_48352cd1,483,46,47,0,1
20260912_215351_529_traffic_scan_env2025_seed0-499_48352cd1,483,46,48,0,2
20260912_215351_529_traffic_scan_env2025_seed0-499_48352cd1,483,46,48,1,1
20260912_215351_529_traffic_scan_env2025_seed0-499_48352cd1,483,46,50,1,1
20260912_215351_529_traffic_scan_env2025_seed0-499_48352cd1,483,46,54,0,1
20260912_215351_529_traffic_scan_env2025_seed0-499_48352cd1,483,46,55,0,3
20260912_215351_529_traffic_scan_env2025_seed0-499_48352cd1,483,46,56,0,1
20260912_215351_529_traffic_scan_env2025_seed0-499_48352cd1,483,47,4,0,1
20260912_215351_529_traffic_scan_env2025_seed0-499_48352cd1,483,47,5,0,1
20260912_215351_529_traffic_scan_env2025_seed0-499_48352cd1,483,47,5,1,1
20260912_215351_529_traffic_scan_env2025_seed0-499_48352cd1,483,47,7,0,1
20260912_215351_529_traffic_scan_env2025_seed0-499_48352cd1,483,47,7,1,1
20260912_215351_529_traffic_scan_env2025_seed0-499_48352cd1,483,47,8,0,1
20260912_215351_529_traffic_scan_env2025_seed0-499_48352cd1,483,47,8,1,1
20260912_215351_529_traffic_scan_env2025_seed0-499_48352cd1,483,47,10,0,2
20260912_215351_529_traffic_scan_env2025_seed0-499_48352cd1,483,47,12,0,1
20260912_215351_529_traffic_scan_env2025_seed0-499_48352cd1,483,47,13,0,2
20260912_215351_529_traffic_scan_env2025_seed0-499_48352cd1,483,47,14,0,5
20260912_215351_529_traffic_scan_env2025_seed0-499_48352cd1,483,47,15,0,1
20260912_215351_529_traffic_scan_env2025_seed0-499_48352cd1,483,47,15,1,1
20260912_215351_529_traffic_scan_env2025_seed0-499_48352cd1,483,47,16,0,1
20260912_215351_529_traffic_scan_env2025_seed0-499_48352cd1,483,47,16,1,1
20260912_215351_529_traffic_scan_env2025_seed0-499_48352cd1,483,47,17,0,1
20260912_215351_529_traffic_scan_env2025_seed0-499_48352cd1,483,47,18,0,2
20260912_215351_529_traffic_scan_env2025_seed0-499_48352cd1,483,47,18,1,1
20260912_215351_529_traffic_scan_env2025_seed0-499_48352cd1,483,47,20,0,2
20260912_215351_529_traffic_scan_env2025_seed0-499_48352cd1,483,47,23,0,4
20260912_215351_529_traffic_scan_env2025_seed0-499_48352cd1,483,47,24,0,1
20260912_215351_529_traffic_scan_env2025_seed0-499_48352cd1,483,47,24,1,1
20260912_215351_529_traffic_scan_env2025_seed0-499_48352cd1,483,47,25,0,2
20260912_215351_529_traffic_scan_env2025_seed0-499_48352cd1,483,47,27,1,2
20260912_215351_529_traffic_scan_env2025_seed0-499_48352cd1,483,47,28,1,3
20260912_215351_529_traffic_scan_env2025_seed0-499_48352cd1,483,47,29,0,1
20260912_215351_529_traffic_scan_env2025_seed0-499_48352cd1,483,47,30,0,1
20260912_215351_529_traffic_scan_env2025_seed0-499_48352cd1,483,47,30,1,2
20260912_215351_529_traffic_scan_env2025_seed0-499_48352cd1,483,47,31,0,1
20260912_215351_529_traffic_scan_env2025_seed0-499_48352cd1,483,47,32,1,1
20260912_215351_529_traffic_scan_env2025_seed0-499_48352cd1,483,47,34,0,3
20260912_215351_529_traffic_scan_env2025_seed0-499_48352cd1,483,47,37,1,2
20260912_215351_529_traffic_scan_env2025_seed0-499_48352cd1,483,47,38,1,2
20260912_215351_529_traffic_scan_env2025_seed0-499_48352cd1,483,47,39,2,2
20260912_215351_529_traffic_scan_env2025_seed0-499_48352cd1,483,47,40,2,2
20260912_215351_529_traffic_scan_env2025_seed0-499_48352cd1,483,47,41,0,2
20260912_215351_529_traffic_scan_env2025_seed0-499_48352cd1,483,47,41,1,1
20260912_215351_529_traffic_scan_env2025_seed0-499_48352cd1,483,47,42,1,1
20260912_215351_529_traffic_scan_env2025_seed0-499_48352cd1,483,47,43,0,1
20260912_215351_529_traffic_scan_env2025_seed0-499_48352cd1,483,47,43,1,2
20260912_215351_529_traffic_scan_env2025_seed0-499_48352cd1,483,47,44,0,1
20260912_215351_529_traffic_scan_env2025_seed0-499_48352cd1,483,47,45,0,1
20260912_215351_529_traffic_scan_env2025_seed0-499_48352cd1,483,47,46,0,1
20260912_215351_529_traffic_scan_env2025_seed0-499_48352cd1,483,47,49,0,2
20260912_215351_529_traffic_scan_env2025_seed0-499_48352cd1,483,47,49,1,1
20260912_215351_529_traffic_scan_env2025_seed0-499_48352cd1,483,47,50,1,1
20260912_215351_529_traffic_scan_env2025_seed0-499_48352cd1,483,47,55,0,1
20260912_215351_529_traffic_scan_env2025_seed0-499_48352cd1,483,47,56,0,3
20260912_215351_529_traffic_scan_env2025_seed0-499_48352cd1,483,47,57,0,1
20260912_215351_529_traffic_scan_env2025_seed0-499_48352cd1,483,48,3,0,1
20260912_215351_529_traffic_scan_env2025_seed0-499_48352cd1,483,48,4,0,1
20260912_215351_529_traffic_scan_env2025_seed0-499_48352cd1,483,48,5,1,1
20260912_215351_529_traffic_scan_env2025_seed0-499_48352cd1,483,48,6,0,1
20260912_215351_529_traffic_scan_env2025_seed0-499_48352cd1,483,48,7,0,2
20260912_215351_529_traffic_scan_env2025_seed0-499_48352cd1,483,48,7,1,1
20260912_215351_529_traffic_scan_env2025_seed0-499_48352cd1,483,48,9,0,2
20260912_215351_529_traffic_scan_env2025_seed0-499_48352cd1,483,48,12,0,3
20260912_215351_529_traffic_scan_env2025_seed0-499_48352cd1,483,48,13,0,5
20260912_215351_529_traffic_scan_env2025_seed0-499_48352cd1,483,48,14,0,1
20260912_215351_529_traffic_scan_env2025_seed0-499_48352cd1,483,48,14,1,1
20260912_215351_529_traffic_scan_env2025_seed0-499_48352cd1,483,48,17,0,4
20260912_215351_529_traffic_scan_env2025_seed0-499_48352cd1,483,48,17,1,2
20260912_215351_529_traffic_scan_env2025_seed0-499_48352cd1,483,48,18,0,1
20260912_215351_529_traffic_scan_env2025_seed0-499_48352cd1,483,48,19,0,2
20260912_215351_529_traffic_scan_env2025_seed0-499_48352cd1,483,48,20,0,1
20260912_215351_529_traffic_scan_env2025_seed0-499_48352cd1,483,48,21,0,4
20260912_215351_529_traffic_scan_env2025_seed0-499_48352cd1,483,48,22,0,4
20260912_215351_529_traffic_scan_env2025_seed0-499_48352cd1,483,48,23,0,2
20260912_215351_529_traffic_scan_env2025_seed0-499_48352cd1,483,48,24,0,3
20260912_215351_529_traffic_scan_env2025_seed0-499_48352cd1,483,48,25,1,1
20260912_215351_529_traffic_scan_env2025_seed0-499_48352cd1,483,48,26,0,2
20260912_215351_529_traffic_scan_env2025_seed0-499_48352cd1,483,48,26,1,1
20260912_215351_529_traffic_scan_env2025_seed0-499_48352cd1,483,48,27,1,1
20260912_215351_529_traffic_scan_env2025_seed0-499_48352cd1,483,48,28,1,3
20260912_215351_529_traffic_scan_env2025_seed0-499_48352cd1,483,48,29,1,2
20260912_215351_529_traffic_scan_env2025_seed0-499_48352cd1,483,48,30,0,1
20260912_215351_529_traffic_scan_env2025_seed0-499_48352cd1,483,48,30,1,4
20260912_215351_529_traffic_scan_env2025_seed0-499_48352cd1,483,48,31,0,1
20260912_215351_529_traffic_scan_env2025_seed0-499_48352cd1,483,48,31,1,1
20260912_215351_529_traffic_scan_env2025_seed0-499_48352cd1,483,48,32,0,1
20260912_215351_529_traffic_scan_env2025_seed0-499_48352cd1,483,48,32,1,1
20260912_215351_529_traffic_scan_env2025_seed0-499_48352cd1,483,48,33,0,1
20260912_215351_529_traffic_scan_env2025_seed0-499_48352cd1,483,48,33,1,2
20260912_215351_529_traffic_scan_env2025_seed0-499_48352cd1,483,48,34,2,1
20260912_215351_529_traffic_scan_env2025_seed0-499_48352cd1,483,48,35,0,2
20260912_215351_529_traffic_scan_env2025_seed0-499_48352cd1,483,48,35,1,1
20260912_215351_529_traffic_scan_env2025_seed0-499_48352cd1,483,48,36,1,2
20260912_215351_529_traffic_scan_env2025_seed0-499_48352cd1,483,48,40,2,2
20260912_215351_529_traffic_scan_env2025_seed0-499_48352cd1,483,48,41,0,2
20260912_215351_529_traffic_scan_env2025_seed0-499_48352cd1,483,48,41,1,2
20260912_215351_529_traffic_scan_env2025_seed0-499_48352cd1,483,48,42,1,3
20260912_215351_529_traffic_scan_env2025_seed0-499_48352cd1,483,48,43,1,1
20260912_215351_529_traffic_scan_env2025_seed0-499_48352cd1,483,48,44,0,2
20260912_215351_529_traffic_scan_env2025_seed0-499_48352cd1,483,48,44,1,1
20260912_215351_529_traffic_scan_env2025_seed0-499_48352cd1,483,48,45,0,1
20260912_215351_529_traffic_scan_env2025_seed0-499_48352cd1,483,48,46,0,1
20260912_215351_529_traffic_scan_env2025_seed0-499_48352cd1,483,48,47,0,1
20260912_215351_529_traffic_scan_env2025_seed0-499_48352cd1,483,48,49,1,1
20260912_215351_529_traffic_scan_env2025_seed0-499_48352cd1,483,48,50,0,2
20260912_215351_529_traffic_scan_env2025_seed0-499_48352cd1,483,48,50,1,1
20260912_215351_529_traffic_scan_env2025_seed0-499_48352cd1,483,48,56,0,3
20260912_215351_529_traffic_scan_env2025_seed0-499_48352cd1,483,48,57,0,1
20260912_215351_529_traffic_scan_env2025_seed0-499_48352cd1,483,49,2,0,1
20260912_215351_529_traffic_scan_env2025_seed0-499_48352cd1,483,49,3,0,1
20260912_215351_529_traffic_scan_env2025_seed0-499_48352cd1,483,49,5,0,1
20260912_215351_529_traffic_scan_env2025_seed0-499_48352cd1,483,49,5,1,1
20260912_215351_529_traffic_scan_env2025_seed0-499_48352cd1,483,49,6,0,1
20260912_215351_529_traffic_scan_env2025_seed0-499_48352cd1,483,49,7,0,2
20260912_215351_529_traffic_scan_env2025_seed0-499_48352cd1,483,49,7,1,1
20260912_215351_529_traffic_scan_env2025_seed0-499_48352cd1,483,49,8,0,2
20260912_215351_529_traffic_scan_env2025_seed0-499_48352cd1,483,49,9,0,1
20260912_215351_529_traffic_scan_env2025_seed0-499_48352cd1,483,49,9,1,1
20260912_215351_529_traffic_scan_env2025_seed0-499_48352cd1,483,49,10,0,1
20260912_215351_529_traffic_scan_env2025_seed0-499_48352cd1,483,49,10,1,1
20260912_215351_529_traffic_scan_env2025_seed0-499_48352cd1,483,49,11,0,3
20260912_215351_529_traffic_scan_env2025_seed0-499_48352cd1,483,49,11,1,1
20260912_215351_529_traffic_scan_env2025_seed0-499_48352cd1,483,49,12,0,7
20260912_215351_529_traffic_scan_env2025_seed0-499_48352cd1,483,49,12,1,1
20260912_215351_529_traffic_scan_env2025_seed0-499_48352cd1,483,49,13,1,3
20260912_215351_529_traffic_scan_env2025_seed0-499_48352cd1,483,49,15,0,2
20260912_215351_529_traffic_scan_env2025_seed0-499_48352cd1,483,49,16,0,3
20260912_215351_529_traffic_scan_env2025_seed0-499_48352cd1,483,49,16,1,1
20260912_215351_529_traffic_scan_env2025_seed0-499_48352cd1,483,49,17,0,1
20260912_215351_529_traffic_scan_env2025_seed0-499_48352cd1,483,49,18,1,1
20260912_215351_529_traffic_scan_env2025_seed0-499_48352cd1,483,49,20,0,3
20260912_215351_529_traffic_scan_env2025_seed0-499_48352cd1,483,49,21,0,1
20260912_215351_529_traffic_scan_env2025_seed0-499_48352cd1,483,49,22,0,1
20260912_215351_529_traffic_scan_env2025_seed0-499_48352cd1,483,49,23,0,2
20260912_215351_529_traffic_scan_env2025_seed0-499_48352cd1,483,49,24,0,1
20260912_215351_529_traffic_scan_env2025_seed0-499_48352cd1,483,49,25,0,2
20260912_215351_529_traffic_scan_env2025_seed0-499_48352cd1,483,49,28,1,2
20260912_215351_529_traffic_scan_env2025_seed0-499_48352cd1,483,49,29,0,2
20260912_215351_529_traffic_scan_env2025_seed0-499_48352cd1,483,49,31,0,1
20260912_215351_529_traffic_scan_env2025_seed0-499_48352cd1,483,49,31,1,1
20260912_215351_529_traffic_scan_env2025_seed0-499_48352cd1,483,49,32,0,2
20260912_215351_529_traffic_scan_env2025_seed0-499_48352cd1,483,49,33,0,1
20260912_215351_529_traffic_scan_env2025_seed0-499_48352cd1,483,49,34,1,1
20260912_215351_529_traffic_scan_env2025_seed0-499_48352cd1,483,49,35,1,1
20260912_215351_529_traffic_scan_env2025_seed0-499_48352cd1,483,49,36,0,2
20260912_215351_529_traffic_scan_env2025_seed0-499_48352cd1,483,49,40,2,1
20260912_215351_529_traffic_scan_env2025_seed0-499_48352cd1,483,49,41,0,2
20260912_215351_529_traffic_scan_env2025_seed0-499_48352cd1,483,49,41,1,2
20260912_215351_529_traffic_scan_env2025_seed0-499_48352cd1,483,49,42,1,1
20260912_215351_529_traffic_scan_env2025_seed0-499_48352cd1,483,49,45,0,2
20260912_215351_529_traffic_scan_env2025_seed0-499_48352cd1,483,49,46,0,2
20260912_215351_529_traffic_scan_env2025_seed0-499_48352cd1,483,49,47,0,3
20260912_215351_529_traffic_scan_env2025_seed0-499_48352cd1,483,49,48,0,3
20260912_215351_529_traffic_scan_env2025_seed0-499_48352cd1,483,49,49,0,2
20260912_215351_529_traffic_scan_env2025_seed0-499_48352cd1,483,49,49,1,1
20260912_215351_529_traffic_scan_env2025_seed0-499_48352cd1,483,49,50,0,2
20260912_215351_529_traffic_scan_env2025_seed0-499_48352cd1,483,49,50,1,1
20260912_215351_529_traffic_scan_env2025_seed0-499_48352cd1,483,49,51,0,4
20260912_215351_529_traffic_scan_env2025_seed0-499_48352cd1,483,49,52,0,2
20260912_215351_529_traffic_scan_env2025_seed0-499_48352cd1,483,49,53,0,2
20260912_215351_529_traffic_scan_env2025_seed0-499_48352cd1,483,49,56,0,2
20260912_215351_529_traffic_scan_env2025_seed0-499_48352cd1,483,49,57,0,1
20260912_215351_529_traffic_scan_env2025_seed0-499_48352cd1,483,49,58,0,1
20260912_215351_529_traffic_scan_env2025_seed0-499_48352cd1,483,50,1,0,2
20260912_215351_529_traffic_scan_env2025_seed0-499_48352cd1,483,50,2,0,2
20260912_215351_529_traffic_scan_env2025_seed0-499_48352cd1,483,50,3,0,1
20260912_215351_529_traffic_scan_env2025_seed0-499_48352cd1,483,50,4,0,3
20260912_215351_529_traffic_scan_env2025_seed0-499_48352cd1,483,50,5,0,2
20260912_215351_529_traffic_scan_env2025_seed0-499_48352cd1,483,50,6,0,2
20260912_215351_529_traffic_scan_env2025_seed0-499_48352cd1,483,50,7,0,3
20260912_215351_529_traffic_scan_env2025_seed0-499_48352cd1,483,50,8,1,1
20260912_215351_529_traffic_scan_env2025_seed0-499_48352cd1,483,50,10,0,2
20260912_215351_529_traffic_scan_env2025_seed0-499_48352cd1,483,50,11,0,4
20260912_215351_529_traffic_scan_env2025_seed0-499_48352cd1,483,50,12,0,2
20260912_215351_529_traffic_scan_env2025_seed0-499_48352cd1,483,50,14,0,2
20260912_215351_529_traffic_scan_env2025_seed0-499_48352cd1,483,50,15,1,1
20260912_215351_529_traffic_scan_env2025_seed0-499_48352cd1,483,50,17,0,1
20260912_215351_529_traffic_scan_env2025_seed0-499_48352cd1,483,50,19,0,2
20260912_215351_529_traffic_scan_env2025_seed0-499_48352cd1,483,50,19,1,1
20260912_215351_529_traffic_scan_env2025_seed0-499_48352cd1,483,50,21,0,2
20260912_215351_529_traffic_scan_env2025_seed0-499_48352cd1,483,50,22,0,2
20260912_215351_529_traffic_scan_env2025_seed0-499_48352cd1,483,50,23,0,1
20260912_215351_529_traffic_scan_env2025_seed0-499_48352cd1,483,50,24,0,3
20260912_215351_529_traffic_scan_env2025_seed0-499_48352cd1,483,50,28,1,1
20260912_215351_529_traffic_scan_env2025_seed0-499_48352cd1,483,50,29,0,2
20260912_215351_529_traffic_scan_env2025_seed0-499_48352cd1,483,50,29,1,1
20260912_215351_529_traffic_scan_env2025_seed0-499_48352cd1,483,50,31,0,2
20260912_215351_529_traffic_scan_env2025_seed0-499_48352cd1,483,50,32,1,1
20260912_215351_529_traffic_scan_env2025_seed0-499_48352cd1,483,50,33,0,1
20260912_215351_529_traffic_scan_env2025_seed0-499_48352cd1,483,50,34,0,1
20260912_215351_529_traffic_scan_env2025_seed0-499_48352cd1,483,50,34,1,1
20260912_215351_529_traffic_scan_env2025_seed0-499_48352cd1,483,50,35,1,1
20260912_215351_529_traffic_scan_env2025_seed0-499_48352cd1,483,50,37,0,2
20260912_215351_529_traffic_scan_env2025_seed0-499_48352cd1,483,50,38,0,1
20260912_215351_529_traffic_scan_env2025_seed0-499_48352cd1,483,50,40,2,2
20260912_215351_529_traffic_scan_env2025_seed0-499_48352cd1,483,50,41,0,2
20260912_215351_529_traffic_scan_env2025_seed0-499_48352cd1,483,50,42,0,1
20260912_215351_529_traffic_scan_env2025_seed0-499_48352cd1,483,50,43,0,1
20260912_215351_529_traffic_scan_env2025_seed0-499_48352cd1,483,50,44,0,1
20260912_215351_529_traffic_scan_env2025_seed0-499_48352cd1,483,50,48,0,1
20260912_215351_529_traffic_scan_env2025_seed0-499_48352cd1,483,50,49,0,1
20260912_215351_529_traffic_scan_env2025_seed0-499_48352cd1,483,50,49,1,1
20260912_215351_529_traffic_scan_env2025_seed0-499_48352cd1,483,50,50,1,1
20260912_215351_529_traffic_scan_env2025_seed0-499_48352cd1,483,50,52,0,2
20260912_215351_529_traffic_scan_env2025_seed0-499_48352cd1,483,50,57,0,2
20260912_215351_529_traffic_scan_env2025_seed0-499_48352cd1,483,51,0,0,1
20260912_215351_529_traffic_scan_env2025_seed0-499_48352cd1,483,51,3,0,1
20260912_215351_529_traffic_scan_env2025_seed0-499_48352cd1,483,51,4,0,2
20260912_215351_529_traffic_scan_env2025_seed0-499_48352cd1,483,51,6,0,3
20260912_215351_529_traffic_scan_env2025_seed0-499_48352cd1,483,51,9,0,1
20260912_215351_529_traffic_scan_env2025_seed0-499_48352cd1,483,51,10,0,4
20260912_215351_529_traffic_scan_env2025_seed0-499_48352cd1,483,51,12,0,1
20260912_215351_529_traffic_scan_env2025_seed0-499_48352cd1,483,51,13,0,1
20260912_215351_529_traffic_scan_env2025_seed0-499_48352cd1,483,51,14,1,1
20260912_215351_529_traffic_scan_env2025_seed0-499_48352cd1,483,51,17,0,1
20260912_215351_529_traffic_scan_env2025_seed0-499_48352cd1,483,51,18,0,3
20260912_215351_529_traffic_scan_env2025_seed0-499_48352cd1,483,51,19,0,1
20260912_215351_529_traffic_scan_env2025_seed0-499_48352cd1,483,51,20,0,2
20260912_215351_529_traffic_scan_env2025_seed0-499_48352cd1,483,51,20,1,1
20260912_215351_529_traffic_scan_env2025_seed0-499_48352cd1,483,51,21,1,2
20260912_215351_529_traffic_scan_env2025_seed0-499_48352cd1,483,51,22,0,2
20260912_215351_529_traffic_scan_env2025_seed0-499_48352cd1,483,51,22,1,1
20260912_215351_529_traffic_scan_env2025_seed0-499_48352cd1,483,51,23,0,2
20260912_215351_529_traffic_scan_env2025_seed0-499_48352cd1,483,51,23,1,1
20260912_215351_529_traffic_scan_env2025_seed0-499_48352cd1,483,51,24,1,1
20260912_215351_529_traffic_scan_env2025_seed0-499_48352cd1,483,51,25,1,1
20260912_215351_529_traffic_scan_env2025_seed0-499_48352cd1,483,51,26,1,1
20260912_215351_529_traffic_scan_env2025_seed0-499_48352cd1,483,51,27,1,1
20260912_215351_529_traffic_scan_env2025_seed0-499_48352cd1,483,51,28,1,2
20260912_215351_529_traffic_scan_env2025_seed0-499_48352cd1,483,51,29,0,1
20260912_215351_529_traffic_scan_env2025_seed0-499_48352cd1,483,51,29,1,1
20260912_215351_529_traffic_scan_env2025_seed0-499_48352cd1,483,51,30,0,2
20260912_215351_529_traffic_scan_env2025_seed0-499_48352cd1,483,51,30,1,2
20260912_215351_529_traffic_scan_env2025_seed0-499_48352cd1,483,51,31,1,1
20260912_215351_529_traffic_scan_env2025_seed0-499_48352cd1,483,51,32,0,1
20260912_215351_529_traffic_scan_env2025_seed0-499_48352cd1,483,51,32,1,1
20260912_215351_529_traffic_scan_env2025_seed0-499_48352cd1,483,51,33,0,1
20260912_215351_529_traffic_scan_env2025_seed0-499_48352cd1,483,51,33,1,2
20260912_215351_529_traffic_scan_env2025_seed0-499_48352cd1,483,51,34,0,1
20260912_215351_529_traffic_scan_env2025_seed0-499_48352cd1,483,51,34,1,1
20260912_215351_529_traffic_scan_env2025_seed0-499_48352cd1,483,51,35,0,1
20260912_215351_529_traffic_scan_env2025_seed0-499_48352cd1,483,51,35,1,1
20260912_215351_529_traffic_scan_env2025_seed0-499_48352cd1,483,51,36,0,1
20260912_215351_529_traffic_scan_env2025_seed0-499_48352cd1,483,51,36,1,1
20260912_215351_529_traffic_scan_env2025_seed0-499_48352cd1,483,51,37,1,1
20260912_215351_529_traffic_scan_env2025_seed0-499_48352cd1,483,51,38,1,1
20260912_215351_529_traffic_scan_env2025_seed0-499_48352cd1,483,51,39,0,1
20260912_215351_529_traffic_scan_env2025_seed0-499_48352cd1,483,51,39,1,2
20260912_215351_529_traffic_scan_env2025_seed0-499_48352cd1,483,51,40,1,2
20260912_215351_529_traffic_scan_env2025_seed0-499_48352cd1,483,51,41,0,1
20260912_215351_529_traffic_scan_env2025_seed0-499_48352cd1,483,51,41,1,1
20260912_215351_529_traffic_scan_env2025_seed0-499_48352cd1,483,51,42,0,1
20260912_215351_529_traffic_scan_env2025_seed0-499_48352cd1,483,51,42,1,1
20260912_215351_529_traffic_scan_env2025_seed0-499_48352cd1,483,51,43,0,1
20260912_215351_529_traffic_scan_env2025_seed0-499_48352cd1,483,51,43,1,1
20260912_215351_529_traffic_scan_env2025_seed0-499_48352cd1,483,51,44,0,1
20260912_215351_529_traffic_scan_env2025_seed0-499_48352cd1,483,51,45,0,2
20260912_215351_529_traffic_scan_env2025_seed0-499_48352cd1,483,51,48,0,2
20260912_215351_529_traffic_scan_env2025_seed0-499_48352cd1,483,51,49,0,1
20260912_215351_529_traffic_scan_env2025_seed0-499_48352cd1,483,51,50,0,3
20260912_215351_529_traffic_scan_env2025_seed0-499_48352cd1,483,51,50,1,1
20260912_215351_529_traffic_scan_env2025_seed0-499_48352cd1,483,51,56,0,2
20260912_215351_529_traffic_scan_env2025_seed0-499_48352cd1,483,52,2,0,3
20260912_215351_529_traffic_scan_env2025_seed0-499_48352cd1,483,52,3,0,2
20260912_215351_529_traffic_scan_env2025_seed0-499_48352cd1,483,52,4,0,2
20260912_215351_529_traffic_scan_env2025_seed0-499_48352cd1,483,52,5,0,1
20260912_215351_529_traffic_scan_env2025_seed0-499_48352cd1,483,52,6,0,4
20260912_215351_529_traffic_scan_env2025_seed0-499_48352cd1,483,52,8,0,2
20260912_215351_529_traffic_scan_env2025_seed0-499_48352cd1,483,52,9,0,5
20260912_215351_529_traffic_scan_env2025_seed0-499_48352cd1,483,52,10,0,1
20260912_215351_529_traffic_scan_env2025_seed0-499_48352cd1,483,52,11,0,1
20260912_215351_529_traffic_scan_env2025_seed0-499_48352cd1,483,52,12,0,3
20260912_215351_529_traffic_scan_env2025_seed0-499_48352cd1,483,52,13,0,1
20260912_215351_529_traffic_scan_env2025_seed0-499_48352cd1,483,52,13,1,1
20260912_215351_529_traffic_scan_env2025_seed0-499_48352cd1,483,52,14,0,1
20260912_215351_529_traffic_scan_env2025_seed0-499_48352cd1,483,52,15,0,1
20260912_215351_529_traffic_scan_env2025_seed0-499_48352cd1,483,52,16,0,1
20260912_215351_529_traffic_scan_env2025_seed0-499_48352cd1,483,52,17,0,4
20260912_215351_529_traffic_scan_env2025_seed0-499_48352cd1,483,52,20,0,1
20260912_215351_529_traffic_scan_env2025_seed0-499_48352cd1,483,52,20,1,1
20260912_215351_529_traffic_scan_env2025_seed0-499_48352cd1,483,52,21,1,1
20260912_215351_529_traffic_scan_env2025_seed0-499_48352cd1,483,52,22,0,2
20260912_215351_529_traffic_scan_env2025_seed0-499_48352cd1,483,52,23,0,2
20260912_215351_529_traffic_scan_env2025_seed0-499_48352cd1,483,52,28,1,1
20260912_215351_529_traffic_scan_env2025_seed0-499_48352cd1,483,52,29,0,2
20260912_215351_529_traffic_scan_env2025_seed0-499_48352cd1,483,52,30,0,1
20260912_215351_529_traffic_scan_env2025_seed0-499_48352cd1,483,52,31,1,1
20260912_215351_529_traffic_scan_env2025_seed0-499_48352cd1,483,52,32,1,1
20260912_215351_529_traffic_scan_env2025_seed0-499_48352cd1,483,52,33,0,1
20260912_215351_529_traffic_scan_env2025_seed0-499_48352cd1,483,52,34,0,1
20260912_215351_529_traffic_scan_env2025_seed0-499_48352cd1,483,52,35,0,1
20260912_215351_529_traffic_scan_env2025_seed0-499_48352cd1,483,52,36,0,1
20260912_215351_529_traffic_scan_env2025_seed0-499_48352cd1,483,52,37,0,1
20260912_215351_529_traffic_scan_env2025_seed0-499_48352cd1,483,52,38,1,1
20260912_215351_529_traffic_scan_env2025_seed0-499_48352cd1,483,52,40,0,2
20260912_215351_529_traffic_scan_env2025_seed0-499_48352cd1,483,52,42,0,2
20260912_215351_529_traffic_scan_env2025_seed0-499_48352cd1,483,52,43,0,1
20260912_215351_529_traffic_scan_env2025_seed0-499_48352cd1,483,52,46,0,2
20260912_215351_529_traffic_scan_env2025_seed0-499_48352cd1,483,52,47,0,1
20260912_215351_529_traffic_scan_env2025_seed0-499_48352cd1,483,52,48,0,1
20260912_215351_529_traffic_scan_env2025_seed0-499_48352cd1,483,52,50,0,1
20260912_215351_529_traffic_scan_env2025_seed0-499_48352cd1,483,52,51,0,2
20260912_215351_529_traffic_scan_env2025_seed0-499_48352cd1,483,52,52,0,1
20260912_215351_529_traffic_scan_env2025_seed0-499_48352cd1,483,52,56,0,2
20260912_215351_529_traffic_scan_env2025_seed0-499_48352cd1,483,53,1,0,3
20260912_215351_529_traffic_scan_env2025_seed0-499_48352cd1,483,53,4,0,2
20260912_215351_529_traffic_scan_env2025_seed0-499_48352cd1,483,53,5,0,2
20260912_215351_529_traffic_scan_env2025_seed0-499_48352cd1,483,53,6,0,2
20260912_215351_529_traffic_scan_env2025_seed0-499_48352cd1,483,53,7,0,5
20260912_215351_529_traffic_scan_env2025_seed0-499_48352cd1,483,53,8,0,5
20260912_215351_529_traffic_scan_env2025_seed0-499_48352cd1,483,53,9,0,1
20260912_215351_529_traffic_scan_env2025_seed0-499_48352cd1,483,53,10,0,1
20260912_215351_529_traffic_scan_env2025_seed0-499_48352cd1,483,53,11,0,2
20260912_215351_529_traffic_scan_env2025_seed0-499_48352cd1,483,53,12,0,2
20260912_215351_529_traffic_scan_env2025_seed0-499_48352cd1,483,53,13,0,1
20260912_215351_529_traffic_scan_env2025_seed0-499_48352cd1,483,53,14,0,1
20260912_215351_529_traffic_scan_env2025_seed0-499_48352cd1,483,53,15,0,1
20260912_215351_529_traffic_scan_env2025_seed0-499_48352cd1,483,53,16,0,3
20260912_215351_529_traffic_scan_env2025_seed0-499_48352cd1,483,53,17,0,2
20260912_215351_529_traffic_scan_env2025_seed0-499_48352cd1,483,53,18,0,1
20260912_215351_529_traffic_scan_env2025_seed0-499_48352cd1,483,53,19,0,1
20260912_215351_529_traffic_scan_env2025_seed0-499_48352cd1,483,53,19,1,1
20260912_215351_529_traffic_scan_env2025_seed0-499_48352cd1,483,53,20,0,1
20260912_215351_529_traffic_scan_env2025_seed0-499_48352cd1,483,53,21,0,1
20260912_215351_529_traffic_scan_env2025_seed0-499_48352cd1,483,53,22,0,1
20260912_215351_529_traffic_scan_env2025_seed0-499_48352cd1,483,53,22,1,1
20260912_215351_529_traffic_scan_env2025_seed0-499_48352cd1,483,53,24,0,1
20260912_215351_529_traffic_scan_env2025_seed0-499_48352cd1,483,53,27,0,1
20260912_215351_529_traffic_scan_env2025_seed0-499_48352cd1,483,53,28,0,3
20260912_215351_529_traffic_scan_env2025_seed0-499_48352cd1,483,53,29,0,2
20260912_215351_529_traffic_scan_env2025_seed0-499_48352cd1,483,53,30,0,2
20260912_215351_529_traffic_scan_env2025_seed0-499_48352cd1,483,53,31,0,1
20260912_215351_529_traffic_scan_env2025_seed0-499_48352cd1,483,53,31,1,1
20260912_215351_529_traffic_scan_env2025_seed0-499_48352cd1,483,53,32,0,1
20260912_215351_529_traffic_scan_env2025_seed0-499_48352cd1,483,53,32,1,1
20260912_215351_529_traffic_scan_env2025_seed0-499_48352cd1,483,53,33,0,1
20260912_215351_529_traffic_scan_env2025_seed0-499_48352cd1,483,53,34,0,2
20260912_215351_529_traffic_scan_env2025_seed0-499_48352cd1,483,53,35,0,2
20260912_215351_529_traffic_scan_env2025_seed0-499_48352cd1,483,53,36,0,2
20260912_215351_529_traffic_scan_env2025_seed0-499_48352cd1,483,53,37,0,2
20260912_215351_529_traffic_scan_env2025_seed0-499_48352cd1,483,53,38,0,3
20260912_215351_529_traffic_scan_env2025_seed0-499_48352cd1,483,53,39,0,1
20260912_215351_529_traffic_scan_env2025_seed0-499_48352cd1,483,53,40,0,2
20260912_215351_529_traffic_scan_env2025_seed0-499_48352cd1,483,53,41,0,2
20260912_215351_529_traffic_scan_env2025_seed0-499_48352cd1,483,53,42,0,3
20260912_215351_529_traffic_scan_env2025_seed0-499_48352cd1,483,53,43,0,2
20260912_215351_529_traffic_scan_env2025_seed0-499_48352cd1,483,53,44,0,1
20260912_215351_529_traffic_scan_env2025_seed0-499_48352cd1,483,53,45,0,1
20260912_215351_529_traffic_scan_env2025_seed0-499_48352cd1,483,53,47,0,1
20260912_215351_529_traffic_scan_env2025_seed0-499_48352cd1,483,53,49,0,1
20260912_215351_529_traffic_scan_env2025_seed0-499_48352cd1,483,53,50,0,1
20260912_215351_529_traffic_scan_env2025_seed0-499_48352cd1,483,53,51,0,1
20260912_215351_529_traffic_scan_env2025_seed0-499_48352cd1,483,53,53,0,1
20260912_215351_529_traffic_scan_env2025_seed0-499_48352cd1,483,53,56,0,1
20260912_215351_529_traffic_scan_env2025_seed0-499_48352cd1,483,54,0,0,1
20260912_215351_529_traffic_scan_env2025_seed0-499_48352cd1,483,54,4,0,2
20260912_215351_529_traffic_scan_env2025_seed0-499_48352cd1,483,54,6,0,2
20260912_215351_529_traffic_scan_env2025_seed0-499_48352cd1,483,54,7,0,3
20260912_215351_529_traffic_scan_env2025_seed0-499_48352cd1,483,54,10,0,1
20260912_215351_529_traffic_scan_env2025_seed0-499_48352cd1,483,54,11,0,1
20260912_215351_529_traffic_scan_env2025_seed0-499_48352cd1,483,54,15,0,2
20260912_215351_529_traffic_scan_env2025_seed0-499_48352cd1,483,54,18,1,1
20260912_215351_529_traffic_scan_env2025_seed0-499_48352cd1,483,54,20,0,3
20260912_215351_529_traffic_scan_env2025_seed0-499_48352cd1,483,54,21,0,1
20260912_215351_529_traffic_scan_env2025_seed0-499_48352cd1,483,54,22,0,1
20260912_215351_529_traffic_scan_env2025_seed0-499_48352cd1,483,54,23,0,1
20260912_215351_529_traffic_scan_env2025_seed0-499_48352cd1,483,54,23,1,1
20260912_215351_529_traffic_scan_env2025_seed0-499_48352cd1,483,54,24,0,1
20260912_215351_529_traffic_scan_env2025_seed0-499_48352cd1,483,54,25,0,2
20260912_215351_529_traffic_scan_env2025_seed0-499_48352cd1,483,54,26,0,1
20260912_215351_529_traffic_scan_env2025_seed0-499_48352cd1,483,54,27,0,1
20260912_215351_529_traffic_scan_env2025_seed0-499_48352cd1,483,54,28,0,1
20260912_215351_529_traffic_scan_env2025_seed0-499_48352cd1,483,54,29,0,1
20260912_215351_529_traffic_scan_env2025_seed0-499_48352cd1,483,54,30,0,1
20260912_215351_529_traffic_scan_env2025_seed0-499_48352cd1,483,54,30,1,1
20260912_215351_529_traffic_scan_env2025_seed0-499_48352cd1,483,54,33,1,1
20260912_215351_529_traffic_scan_env2025_seed0-499_48352cd1,483,54,36,0,1
20260912_215351_529_traffic_scan_env2025_seed0-499_48352cd1,483,54,37,0,3
20260912_215351_529_traffic_scan_env2025_seed0-499_48352cd1,483,54,38,0,2
20260912_215351_529_traffic_scan_env2025_seed0-499_48352cd1,483,54,39,0,1
20260912_215351_529_traffic_scan_env2025_seed0-499_48352cd1,483,54,40,0,2
20260912_215351_529_traffic_scan_env2025_seed0-499_48352cd1,483,54,41,0,1
20260912_215351_529_traffic_scan_env2025_seed0-499_48352cd1,483,54,42,0,3
20260912_215351_529_traffic_scan_env2025_seed0-499_48352cd1,483,54,43,0,2
20260912_215351_529_traffic_scan_env2025_seed0-499_48352cd1,483,54,46,0,1
20260912_215351_529_traffic_scan_env2025_seed0-499_48352cd1,483,54,47,0,1
20260912_215351_529_traffic_scan_env2025_seed0-499_48352cd1,483,54,48,0,2
20260912_215351_529_traffic_scan_env2025_seed0-499_48352cd1,483,54,49,0,3
20260912_215351_529_traffic_scan_env2025_seed0-499_48352cd1,483,54,51,0,1
20260912_215351_529_traffic_scan_env2025_seed0-499_48352cd1,483,54,54,0,1
20260912_215351_529_traffic_scan_env2025_seed0-499_48352cd1,483,55,4,0,3
20260912_215351_529_traffic_scan_env2025_seed0-499_48352cd1,483,55,5,0,1
20260912_215351_529_traffic_scan_env2025_seed0-499_48352cd1,483,55,6,0,3
20260912_215351_529_traffic_scan_env2025_seed0-499_48352cd1,483,55,7,0,1
20260912_215351_529_traffic_scan_env2025_seed0-499_48352cd1,483,55,9,0,1
20260912_215351_529_traffic_scan_env2025_seed0-499_48352cd1,483,55,10,0,1
20260912_215351_529_traffic_scan_env2025_seed0-499_48352cd1,483,55,14,0,1
20260912_215351_529_traffic_scan_env2025_seed0-499_48352cd1,483,55,17,1,1
20260912_215351_529_traffic_scan_env2025_seed0-499_48352cd1,483,55,20,0,1
20260912_215351_529_traffic_scan_env2025_seed0-499_48352cd1,483,55,24,0,1
20260912_215351_529_traffic_scan_env2025_seed0-499_48352cd1,483,55,24,1,1
20260912_215351_529_traffic_scan_env2025_seed0-499_48352cd1,483,55,26,0,2
20260912_215351_529_traffic_scan_env2025_seed0-499_48352cd1,483,55,28,0,1
20260912_215351_529_traffic_scan_env2025_seed0-499_48352cd1,483,55,29,0,1
20260912_215351_529_traffic_scan_env2025_seed0-499_48352cd1,483,55,29,1,1
20260912_215351_529_traffic_scan_env2025_seed0-499_48352cd1,483,55,30,0,1
20260912_215351_529_traffic_scan_env2025_seed0-499_48352cd1,483,55,33,0,1
20260912_215351_529_traffic_scan_env2025_seed0-499_48352cd1,483,55,39,0,1
20260912_215351_529_traffic_scan_env2025_seed0-499_48352cd1,483,55,40,0,1
20260912_215351_529_traffic_scan_env2025_seed0-499_48352cd1,483,55,43,0,3
20260912_215351_529_traffic_scan_env2025_seed0-499_48352cd1,483,55,44,0,1
20260912_215351_529_traffic_scan_env2025_seed0-499_48352cd1,483,55,47,0,1
20260912_215351_529_traffic_scan_env2025_seed0-499_48352cd1,483,55,50,0,3
20260912_215351_529_traffic_scan_env2025_seed0-499_48352cd1,483,55,51,0,2
20260912_215351_529_traffic_scan_env2025_seed0-499_48352cd1,483,55,52,0,1
20260912_215351_529_traffic_scan_env2025_seed0-499_48352cd1,483,55,53,0,1
20260912_215351_529_traffic_scan_env2025_seed0-499_48352cd1,483,55,54,0,1
20260912_215351_529_traffic_scan_env2025_seed0-499_48352cd1,483,55,55,0,1
20260912_215351_529_traffic_scan_env2025_seed0-499_48352cd1,483,56,3,0,2
20260912_215351_529_traffic_scan_env2025_seed0-499_48352cd1,483,56,4,0,1
20260912_215351_529_traffic_scan_env2025_seed0-499_48352cd1,483,56,5,0,1
20260912_215351_529_traffic_scan_env2025_seed0-499_48352cd1,483,56,6,0,2
20260912_215351_529_traffic_scan_env2025_seed0-499_48352cd1,483,56,7,0,1
20260912_215351_529_traffic_scan_env2025_seed0-499_48352cd1,483,56,8,0,1
20260912_215351_529_traffic_scan_env2025_seed0-499_48352cd1,483,56,9,0,1
20260912_215351_529_traffic_scan_env2025_seed0-499_48352cd1,483,56,13,0,1
20260912_215351_529_traffic_scan_env2025_seed0-499_48352cd1,483,56,16,1,1
20260912_215351_529_traffic_scan_env2025_seed0-499_48352cd1,483,56,19,0,1
20260912_215351_529_traffic_scan_env2025_seed0-499_48352cd1,483,56,20,0,2
20260912_215351_529_traffic_scan_env2025_seed0-499_48352cd1,483,56,21,0,1
20260912_215351_529_traffic_scan_env2025_seed0-499_48352cd1,483,56,22,0,1
20260912_215351_529_traffic_scan_env2025_seed0-499_48352cd1,483,56,23,0,1
20260912_215351_529_traffic_scan_env2025_seed0-499_48352cd1,483,56,25,1,2
20260912_215351_529_traffic_scan_env2025_seed0-499_48352cd1,483,56,27,0,1
20260912_215351_529_traffic_scan_env2025_seed0-499_48352cd1,483,56,28,0,1
20260912_215351_529_traffic_scan_env2025_seed0-499_48352cd1,483,56,28,1,1
20260912_215351_529_traffic_scan_env2025_seed0-499_48352cd1,483,56,29,0,1
20260912_215351_529_traffic_scan_env2025_seed0-499_48352cd1,483,56,30,0,1
20260912_215351_529_traffic_scan_env2025_seed0-499_48352cd1,483,56,34,0,1
20260912_215351_529_traffic_scan_env2025_seed0-499_48352cd1,483,56,40,0,2
20260912_215351_529_traffic_scan_env2025_seed0-499_48352cd1,483,56,43,0,3
20260912_215351_529_traffic_scan_env2025_seed0-499_48352cd1,483,56,45,0,1
20260912_215351_529_traffic_scan_env2025_seed0-499_48352cd1,483,56,48,0,1
20260912_215351_529_traffic_scan_env2025_seed0-499_48352cd1,483,56,50,0,2
20260912_215351_529_traffic_scan_env2025_seed0-499_48352cd1,483,56,51,0,1
20260912_215351_529_traffic_scan_env2025_seed0-499_48352cd1,483,56,56,0,1
20260912_215351_529_traffic_scan_env2025_seed0-499_48352cd1,483,57,1,0,1
20260912_215351_529_traffic_scan_env2025_seed0-499_48352cd1,483,57,2,0,3
20260912_215351_529_traffic_scan_env2025_seed0-499_48352cd1,483,57,3,0,1
20260912_215351_529_traffic_scan_env2025_seed0-499_48352cd1,483,57,4,0,3
20260912_215351_529_traffic_scan_env2025_seed0-499_48352cd1,483,57,5,0,1
20260912_215351_529_traffic_scan_env2025_seed0-499_48352cd1,483,57,6,0,3
20260912_215351_529_traffic_scan_env2025_seed0-499_48352cd1,483,57,7,0,2
20260912_215351_529_traffic_scan_env2025_seed0-499_48352cd1,483,57,8,0,1
20260912_215351_529_traffic_scan_env2025_seed0-499_48352cd1,483,57,13,0,1
20260912_215351_529_traffic_scan_env2025_seed0-499_48352cd1,483,57,15,2,1
20260912_215351_529_traffic_scan_env2025_seed0-499_48352cd1,483,57,16,1,1
20260912_215351_529_traffic_scan_env2025_seed0-499_48352cd1,483,57,17,1,1
20260912_215351_529_traffic_scan_env2025_seed0-499_48352cd1,483,57,18,1,1
20260912_215351_529_traffic_scan_env2025_seed0-499_48352cd1,483,57,19,1,1
20260912_215351_529_traffic_scan_env2025_seed0-499_48352cd1,483,57,20,0,1
20260912_215351_529_traffic_scan_env2025_seed0-499_48352cd1,483,57,20,1,1
20260912_215351_529_traffic_scan_env2025_seed0-499_48352cd1,483,57,21,1,1
20260912_215351_529_traffic_scan_env2025_seed0-499_48352cd1,483,57,22,1,1
20260912_215351_529_traffic_scan_env2025_seed0-499_48352cd1,483,57,23,1,1
20260912_215351_529_traffic_scan_env2025_seed0-499_48352cd1,483,57,24,1,1
20260912_215351_529_traffic_scan_env2025_seed0-499_48352cd1,483,57,25,1,1
20260912_215351_529_traffic_scan_env2025_seed0-499_48352cd1,483,57,26,0,1
20260912_215351_529_traffic_scan_env2025_seed0-499_48352cd1,483,57,26,1,1
20260912_215351_529_traffic_scan_env2025_seed0-499_48352cd1,483,57,27,1,1
20260912_215351_529_traffic_scan_env2025_seed0-499_48352cd1,483,57,28,0,2
20260912_215351_529_traffic_scan_env2025_seed0-499_48352cd1,483,57,30,0,1
20260912_215351_529_traffic_scan_env2025_seed0-499_48352cd1,483,57,40,0,2
20260912_215351_529_traffic_scan_env2025_seed0-499_48352cd1,483,57,42,0,3
20260912_215351_529_traffic_scan_env2025_seed0-499_48352cd1,483,57,46,0,1
20260912_215351_529_traffic_scan_env2025_seed0-499_48352cd1,483,57,50,0,1
20260912_215351_529_traffic_scan_env2025_seed0-499_48352cd1,483,57,51,0,2
20260912_215351_529_traffic_scan_env2025_seed0-499_48352cd1,483,57,57,0,1
20260912_215351_529_traffic_scan_env2025_seed0-499_48352cd1,483,58,1,0,1
20260912_215351_529_traffic_scan_env2025_seed0-499_48352cd1,483,58,3,0,1
20260912_215351_529_traffic_scan_env2025_seed0-499_48352cd1,483,58,4,0,1
20260912_215351_529_traffic_scan_env2025_seed0-499_48352cd1,483,58,5,0,1
20260912_215351_529_traffic_scan_env2025_seed0-499_48352cd1,483,58,6,0,3
20260912_215351_529_traffic_scan_env2025_seed0-499_48352cd1,483,58,7,0,1
20260912_215351_529_traffic_scan_env2025_seed0-499_48352cd1,483,58,8,0,2
20260912_215351_529_traffic_scan_env2025_seed0-499_48352cd1,483,58,9,0,2
20260912_215351_529_traffic_scan_env2025_seed0-499_48352cd1,483,58,10,0,2
20260912_215351_529_traffic_scan_env2025_seed0-499_48352cd1,483,58,11,0,2
20260912_215351_529_traffic_scan_env2025_seed0-499_48352cd1,483,58,12,0,1
20260912_215351_529_traffic_scan_env2025_seed0-499_48352cd1,483,58,12,1,1
20260912_215351_529_traffic_scan_env2025_seed0-499_48352cd1,483,58,13,0,2
20260912_215351_529_traffic_scan_env2025_seed0-499_48352cd1,483,58,13,1,1
20260912_215351_529_traffic_scan_env2025_seed0-499_48352cd1,483,58,14,0,1
20260912_215351_529_traffic_scan_env2025_seed0-499_48352cd1,483,58,14,1,1
20260912_215351_529_traffic_scan_env2025_seed0-499_48352cd1,483,58,15,0,1
20260912_215351_529_traffic_scan_env2025_seed0-499_48352cd1,483,58,20,0,1
20260912_215351_529_traffic_scan_env2025_seed0-499_48352cd1,483,58,27,0,1
20260912_215351_529_traffic_scan_env2025_seed0-499_48352cd1,483,58,28,0,1
20260912_215351_529_traffic_scan_env2025_seed0-499_48352cd1,483,58,29,0,1
20260912_215351_529_traffic_scan_env2025_seed0-499_48352cd1,483,58,30,0,1
20260912_215351_529_traffic_scan_env2025_seed0-499_48352cd1,483,58,40,0,1
20260912_215351_529_traffic_scan_env2025_seed0-499_48352cd1,483,58,41,0,1
20260912_215351_529_traffic_scan_env2025_seed0-499_48352cd1,483,58,43,0,1
20260912_215351_529_traffic_scan_env2025_seed0-499_48352cd1,483,58,46,0,1
20260912_215351_529_traffic_scan_env2025_seed0-499_48352cd1,483,58,50,0,1
20260912_215351_529_traffic_scan_env2025_seed0-499_48352cd1,483,58,51,0,1
20260912_215351_529_traffic_scan_env2025_seed0-499_48352cd1,483,58,52,0,1
20260912_215351_529_traffic_scan_env2025_seed0-499_48352cd1,483,58,58,0,1
20260912_215351_529_traffic_scan_env2025_seed0-499_48352cd1,483,59,2,0,1
20260912_215351_529_traffic_scan_env2025_seed0-499_48352cd1,483,59,19,0,1
20260912_215351_529_traffic_scan_env2025_seed0-499_48352cd1,483,59,28,0,1
20260912_215351_529_traffic_scan_env2025_seed0-499_48352cd1,483,59,30,0,1
20260912_215351_529_traffic_scan_env2025_seed0-499_48352cd1,483,59,51,0,1
20260912_215351_529_traffic_scan_env2025_seed0-499_48352cd1,483,59,59,0,1
