run_id,generation,conflict_id,P_schedule,P_speed,P_reroute
20260912_174204_152_paper_strict_raw_equation_seed2025_01f04b03,0,0,0.3333333333333333,0.3333333333333333,0.3333333333333333
20260912_174204_152_paper_strict_raw_equation_seed2025_01f04b03,0,1,0.3333333333333333,0.3333333333333333,0.3333333333333333
20260912_174204_152_paper_strict_raw_equation_seed2025_01f04b03,0,2,0.3333333333333333,0.3333333333333333,0.3333333333333333
20260912_174204_152_paper_strict_raw_equation_seed2025_01f04b03,0,3,0.3333333333333333,0.3333333333333333,0.3333333333333333
20260912_174204_152_paper_strict_raw_equation_seed2025_01f04b03,0,4,0.3333333333333333,0.3333333333333333,0.3333333333333333
20260912_174204_152_paper_strict_raw_equation_seed2025_01f04b03,0,5,0.3333333333333333,0.3333333333333333,0.3333333333333333
20260912_174204_152_paper_strict_raw_equation_seed2025_01f04b03,0,6,0.3333333333333333,0.3333333333333333,0.3333333333333333
20260912_174204_152_paper_strict_raw_equation_seed2025_01f04b03,0,7,0.3333333333333333,0.3333333333333333,0.3333333333333333
20260912_174204_152_paper_strict_raw_equation_seed2025_01f04b03,0,8,0.3333333333333333,0.3333333333333333,0.3333333333333333
20260912_174204_152_paper_strict_raw_equation_seed2025_01f04b03,0,9,0.3333333333333333,0.3333333333333333,0.3333333333333333
20260912_174204_152_paper_strict_raw_equation_seed2025_01f04b03,0,10,0.3333333333333333,0.3333333333333333,0.3333333333333333
20260912_174204_152_paper_strict_raw_equation_seed2025_01f04b03,0,11,0.3333333333333333,0.3333333333333333,0.3333333333333333
20260912_174204_152_paper_strict_raw_equation_seed2025_01f04b03,0,12,0.3333333333333333,0.3333333333333333,0.3333333333333333
20260912_174204_152_paper_strict_raw_equation_seed2025_01f04b03,0,13,0.3333333333333333,0.3333333333333333,0.3333333333333333
20260912_174204_152_paper_strict_raw_equation_seed2025_01f04b03,0,14,0.3333333333333333,0.3333333333333333,0.3333333333333333
20260912_174204_152_paper_strict_raw_equation_seed2025_01f04b03,0,15,0.3333333333333333,0.3333333333333333,0.3333333333333333
20260912_174204_152_paper_strict_raw_equation_seed2025_01f04b03,0,16,0.3333333333333333,0.3333333333333333,0.3333333333333333
20260912_174204_152_paper_strict_raw_equation_seed2025_01f04b03,0,17,0.3333333333333333,0.3333333333333333,0.3333333333333333
20260912_174204_152_paper_strict_raw_equation_seed2025_01f04b03,0,18,0.3333333333333333,0.3333333333333333,0.3333333333333333
20260912_174204_152_paper_strict_raw_equation_seed2025_01f04b03,0,19,0.3333333333333333,0.3333333333333333,0.3333333333333333
20260912_174204_152_paper_strict_raw_equation_seed2025_01f04b03,0,20,0.3333333333333333,0.3333333333333333,0.3333333333333333
20260912_174204_152_paper_strict_raw_equation_seed2025_01f04b03,0,21,0.3333333333333333,0.3333333333333333,0.3333333333333333
20260912_174204_152_paper_strict_raw_equation_seed2025_01f04b03,0,22,0.3333333333333333,0.3333333333333333,0.3333333333333333
20260912_174204_152_paper_strict_raw_equation_seed2025_01f04b03,0,23,0.3333333333333333,0.3333333333333333,0.3333333333333333
20260912_174204_152_paper_strict_raw_equation_seed2025_01f04b03,0,24,0.3333333333333333,0.3333333333333333,0.3333333333333333
20260912_174204_152_paper_strict_raw_equation_seed2025_01f04b03,0,25,0.3333333333333333,0.3333333333333333,0.3333333333333333
20260912_174204_152_paper_strict_raw_equation_seed2025_01f04b03,0,26,0.3333333333333333,0.3333333333333333,0.3333333333333333
20260912_174204_152_paper_strict_raw_equation_seed2025_01f04b03,0,27,0.3333333333333333,0.3333333333333333,0.3333333333333333
20260912_174204_152_paper_strict_raw_equation_seed2025_01f04b03,0,28,0.3333333333333333,0.3333333333333333,0.3333333333333333
20260912_174204_152_paper_strict_raw_equation_seed2025_01f04b03,0,29,0.3333333333333333,0.3333333333333333,0.3333333333333333
20260912_174204_152_paper_strict_raw_equation_seed2025_01f04b03,0,30,0.3333333333333333,0.3333333333333333,0.3333333333333333
20260912_174204_152_paper_strict_raw_equation_seed2025_01f04b03,0,31,0.3333333333333333,0.3333333333333333,0.3333333333333333
20260912_174204_152_paper_strict_raw_equation_seed2025_01f04b03,0,32,0.3333333333333333,0.3333333333333333,0.3333333333333333
20260912_174204_152_paper_strict_raw_equation_seed2025_01f04b03,0,33,0.3333333333333333,0.3333333333333333,0.3333333333333333
20260912_174204_152_paper_strict_raw_equation_seed2025_01f04b03,0,34,0.3333333333333333,0.3333333333333333,0.3333333333333333
20260912_174204_152_paper_strict_raw_equation_seed2025_01f04b03,0,35,0.3333333333333333,0.3333333333333333,0.3333333333333333
20260912_174204_152_paper_strict_raw_equation_seed2025_01f04b03,0,36,0.3333333333333333,0.3333333333333333,0.3333333333333333
20260912_174204_152_paper_strict_raw_equation_seed2025_01f04b03,0,37,0.3333333333333333,0.3333333333333333,0.3333333333333333
20260912_174204_152_paper_strict_raw_equation_seed2025_01f04b03,0,38,0.3333333333333333,0.3333333333333333,0.3333333333333333
20260912_174204_152_paper_strict_raw_equation_seed2025_01f04b03,0,39,0.3333333333333333,0.3333333333333333,0.3333333333333333
20260912_174204_152_paper_strict_raw_equation_seed2025_01f04b03,0,40,0.3333333333333333,0.3333333333333333,0.3333333333333333
20260912_174204_152_paper_strict_raw_equation_seed2025_01f04b03,0,41,0.3333333333333333,0.3333333333333333,0.3333333333333333
20260912_174204_152_paper_strict_raw_equation_seed2025_01f04b03,0,42,0.3333333333333333,0.3333333333333333,0.3333333333333333
20260912_174204_152_paper_strict_raw_equation_seed2025_01f04b03,0,43,0.3333333333333333,0.3333333333333333,0.3333333333333333
20260912_174204_152_paper_strict_raw_equation_seed2025_01f04b03,0,44,0.3333333333333333,0.3333333333333333,0.3333333333333333
20260912_174204_152_paper_strict_raw_equation_seed2025_01f04b03,0,45,0.3333333333333333,0.3333333333333333,0.3333333333333333
20260912_174204_152_paper_strict_raw_equation_seed2025_01f04b03,0,46,0.3333333333333333,0.3333333333333333,0.3333333333333333
20260912_174204_152_paper_strict_raw_equation_seed2025_01f04b03,0,47,0.3333333333333333,0.3333333333333333,0.3333333333333333
20260912_174204_152_paper_strict_raw_equation_seed2025_01f04b03,0,48,0.3333333333333333,0.3333333333333333,0.3333333333333333
20260912_174204_152_paper_strict_raw_equation_seed2025_01f04b03,0,49,0.3333333333333333,0.3333333333333333,0.3333333333333333
20260912_174204_152_paper_strict_raw_equation_seed2025_01f04b03,0,50,0.3333333333333333,0.3333333333333333,0.3333333333333333
20260912_174204_152_paper_strict_raw_equation_seed2025_01f04b03,0,51,0.3333333333333333,0.3333333333333333,0.3333333333333333
20260912_174204_152_paper_strict_raw_equation_seed2025_01f04b03,0,52,0.3333333333333333,0.3333333333333333,0.3333333333333333
20260912_174204_152_paper_strict_raw_equation_seed2025_01f04b03,0,53,0.3333333333333333,0.3333333333333333,0.3333333333333333
20260912_174204_152_paper_strict_raw_equation_seed2025_01f04b03,0,54,0.3333333333333333,0.3333333333333333,0.3333333333333333
20260912_174204_152_paper_strict_raw_equation_seed2025_01f04b03,0,55,0.3333333333333333,0.3333333333333333,0.3333333333333333
20260912_174204_152_paper_strict_raw_equation_seed2025_01f04b03,0,56,0.3333333333333333,0.3333333333333333,0.3333333333333333
20260912_174204_152_paper_strict_raw_equation_seed2025_01f04b03,0,57,0.3333333333333333,0.3333333333333333,0.3333333333333333
20260912_174204_152_paper_strict_raw_equation_seed2025_01f04b03,0,58,0.3333333333333333,0.3333333333333333,0.3333333333333333
20260912_174204_152_paper_strict_raw_equation_seed2025_01f04b03,0,59,0.3333333333333333,0.3333333333333333,0.3333333333333333
20260912_174204_152_paper_strict_raw_equation_seed2025_01f04b03,0,60,0.3333333333333333,0.3333333333333333,0.3333333333333333
20260912_174204_152_paper_strict_raw_equation_seed2025_01f04b03,0,61,0.3333333333333333,0.3333333333333333,0.3333333333333333
20260912_174204_152_paper_strict_raw_equation_seed2025_01f04b03,0,62,0.3333333333333333,0.3333333333333333,0.3333333333333333
20260912_174204_152_paper_strict_raw_equation_seed2025_01f04b03,0,63,0.3333333333333333,0.3333333333333333,0.3333333333333333
20260912_174204_152_paper_strict_raw_equation_seed2025_01f04b03,0,64,0.3333333333333333,0.3333333333333333,0.3333333333333333
20260912_174204_152_paper_strict_raw_equation_seed2025_01f04b03,0,65,0.3333333333333333,0.3333333333333333,0.3333333333333333
20260912_174204_152_paper_strict_raw_equation_seed2025_01f04b03,0,66,0.3333333333333333,0.3333333333333333,0.3333333333333333
20260912_174204_152_paper_strict_raw_equation_seed2025_01f04b03,0,67,0.3333333333333333,0.3333333333333333,0.3333333333333333
20260912_174204_152_paper_strict_raw_equation_seed2025_01f04b03,0,68,0.3333333333333333,0.3333333333333333,0.3333333333333333
20260912_174204_152_paper_strict_raw_equation_seed2025_01f04b03,0,69,0.3333333333333333,0.3333333333333333,0.3333333333333333
20260912_174204_152_paper_strict_raw_equation_seed2025_01f04b03,0,70,0.3333333333333333,0.3333333333333333,0.3333333333333333
20260912_174204_152_paper_strict_raw_equation_seed2025_01f04b03,0,71,0.3333333333333333,0.3333333333333333,0.3333333333333333
20260912_174204_152_paper_strict_raw_equation_seed2025_01f04b03,0,72,0.3333333333333333,0.3333333333333333,0.3333333333333333
20260912_174204_152_paper_strict_raw_equation_seed2025_01f04b03,0,73,0.3333333333333333,0.3333333333333333,0.3333333333333333
20260912_174204_152_paper_strict_raw_equation_seed2025_01f04b03,0,74,0.3333333333333333,0.3333333333333333,0.3333333333333333
20260912_174204_152_paper_strict_raw_equation_seed2025_01f04b03,0,75,0.3333333333333333,0.3333333333333333,0.3333333333333333
20260912_174204_152_paper_strict_raw_equation_seed2025_01f04b03,0,76,0.3333333333333333,0.3333333333333333,0.3333333333333333
20260912_174204_152_paper_strict_raw_equation_seed2025_01f04b03,0,77,0.3333333333333333,0.3333333333333333,0.3333333333333333
20260912_174204_152_paper_strict_raw_equation_seed2025_01f04b03,0,78,0.3333333333333333,0.3333333333333333,0.3333333333333333
20260912_174204_152_paper_strict_raw_equation_seed2025_01f04b03,0,79,0.3333333333333333,0.3333333333333333,0.3333333333333333
20260912_174204_152_paper_strict_raw_equation_seed2025_01f04b03,0,80,0.3333333333333333,0.3333333333333333,0.3333333333333333
20260912_174204_152_paper_strict_raw_equation_seed2025_01f04b03,0,81,0.3333333333333333,0.3333333333333333,0.3333333333333333
20260912_174204_152_paper_strict_raw_equation_seed2025_01f04b03,0,82,0.3333333333333333,0.3333333333333333,0.3333333333333333
20260912_174204_152_paper_strict_raw_equation_seed2025_01f04b03,0,83,0.3333333333333333,0.3333333333333333,0.3333333333333333
20260912_174204_152_paper_strict_raw_equation_seed2025_01f04b03,0,84,0.3333333333333333,0.3333333333333333,0.3333333333333333
20260912_174204_152_paper_strict_raw_equation_seed2025_01f04b03,0,85,0.3333333333333333,0.3333333333333333,0.3333333333333333
20260912_174204_152_paper_strict_raw_equation_seed2025_01f04b03,0,86,0.3333333333333333,0.3333333333333333,0.3333333333333333
20260912_174204_152_paper_strict_raw_equation_seed2025_01f04b03,0,87,0.3333333333333333,0.3333333333333333,0.3333333333333333
20260912_174204_152_paper_strict_raw_equation_seed2025_01f04b03,0,88,0.3333333333333333,0.3333333333333333,0.3333333333333333
20260912_174204_152_paper_strict_raw_equation_seed2025_01f04b03,0,89,0.3333333333333333,0.3333333333333333,0.3333333333333333
20260912_174204_152_paper_strict_raw_equation_seed2025_01f04b03,0,90,0.3333333333333333,0.3333333333333333,0.3333333333333333
20260912_174204_152_paper_strict_raw_equation_seed2025_01f04b03,0,91,0.3333333333333333,0.3333333333333333,0.3333333333333333
20260912_174204_152_paper_strict_raw_equation_seed2025_01f04b03,0,92,0.3333333333333333,0.3333333333333333,0.3333333333333333
20260912_174204_152_paper_strict_raw_equation_seed2025_01f04b03,0,93,0.3333333333333333,0.3333333333333333,0.3333333333333333
20260912_174204_152_paper_strict_raw_equation_seed2025_01f04b03,0,94,0.3333333333333333,0.3333333333333333,0.3333333333333333
20260912_174204_152_paper_strict_raw_equation_seed2025_01f04b03,0,95,0.3333333333333333,0.3333333333333333,0.3333333333333333
20260912_174204_152_paper_strict_raw_equation_seed2025_01f04b03,0,96,0.3333333333333333,0.3333333333333333,0.3333333333333333
20260912_174204_152_paper_strict_raw_equation_seed2025_01f04b03,0,97,0.3333333333333333,0.3333333333333333,0.3333333333333333
20260912_174204_152_paper_strict_raw_equation_seed2025_01f04b03,0,98,0.3333333333333333,0.3333333333333333,0.3333333333333333
20260912_174204_152_paper_strict_raw_equation_seed2025_01f04b03,0,99,0.3333333333333333,0.3333333333333333,0.3333333333333333
20260912_174204_152_paper_strict_raw_equation_seed2025_01f04b03,0,100,0.3333333333333333,0.3333333333333333,0.3333333333333333
20260912_174204_152_paper_strict_raw_equation_seed2025_01f04b03,0,101,0.3333333333333333,0.3333333333333333,0.3333333333333333
20260912_174204_152_paper_strict_raw_equation_seed2025_01f04b03,1,0,0.6666666666666667,0.16666666666666669,0.16666666666666669
20260912_174204_152_paper_strict_raw_equation_seed2025_01f04b03,1,1,0.16666666666666666,0.16666666666666666,0.6666666666666666
20260912_174204_152_paper_strict_raw_equation_seed2025_01f04b03,1,2,0.16666666666666669,0.6666666666666667,0.16666666666666669
20260912_174204_152_paper_strict_raw_equation_seed2025_01f04b03,1,3,0.6666666666666667,0.16666666666666669,0.16666666666666669
20260912_174204_152_paper_strict_raw_equation_seed2025_01f04b03,1,4,0.6666666666666667,0.16666666666666669,0.16666666666666669
20260912_174204_152_paper_strict_raw_equation_seed2025_01f04b03,1,5,0.6666666666666667,0.16666666666666669,0.16666666666666669
20260912_174204_152_paper_strict_raw_equation_seed2025_01f04b03,1,6,0.16666666666666669,0.6666666666666667,0.16666666666666669
20260912_174204_152_paper_strict_raw_equation_seed2025_01f04b03,1,7,0.16666666666666669,0.6666666666666667,0.16666666666666669
20260912_174204_152_paper_strict_raw_equation_seed2025_01f04b03,1,8,0.6666666666666667,0.16666666666666669,0.16666666666666669
20260912_174204_152_paper_strict_raw_equation_seed2025_01f04b03,1,9,0.6666666666666667,0.16666666666666669,0.16666666666666669
20260912_174204_152_paper_strict_raw_equation_seed2025_01f04b03,1,10,0.16666666666666669,0.6666666666666667,0.16666666666666669
20260912_174204_152_paper_strict_raw_equation_seed2025_01f04b03,1,11,0.16666666666666669,0.6666666666666667,0.16666666666666669
20260912_174204_152_paper_strict_raw_equation_seed2025_01f04b03,1,12,0.16666666666666669,0.6666666666666667,0.16666666666666669
20260912_174204_152_paper_strict_raw_equation_seed2025_01f04b03,1,13,0.6666666666666667,0.16666666666666669,0.16666666666666669
20260912_174204_152_paper_strict_raw_equation_seed2025_01f04b03,1,14,0.6666666666666667,0.16666666666666669,0.16666666666666669
20260912_174204_152_paper_strict_raw_equation_seed2025_01f04b03,1,15,0.16666666666666666,0.16666666666666666,0.6666666666666666
20260912_174204_152_paper_strict_raw_equation_seed2025_01f04b03,1,16,0.16666666666666669,0.6666666666666667,0.16666666666666669
20260912_174204_152_paper_strict_raw_equation_seed2025_01f04b03,1,17,0.6666666666666667,0.16666666666666669,0.16666666666666669
20260912_174204_152_paper_strict_raw_equation_seed2025_01f04b03,1,18,0.16666666666666666,0.16666666666666666,0.6666666666666666
20260912_174204_152_paper_strict_raw_equation_seed2025_01f04b03,1,19,0.16666666666666666,0.16666666666666666,0.6666666666666666
20260912_174204_152_paper_strict_raw_equation_seed2025_01f04b03,1,20,0.16666666666666669,0.6666666666666667,0.16666666666666669
20260912_174204_152_paper_strict_raw_equation_seed2025_01f04b03,1,21,0.6666666666666667,0.16666666666666669,0.16666666666666669
20260912_174204_152_paper_strict_raw_equation_seed2025_01f04b03,1,22,0.6666666666666667,0.16666666666666669,0.16666666666666669
20260912_174204_152_paper_strict_raw_equation_seed2025_01f04b03,1,23,0.6666666666666667,0.16666666666666669,0.16666666666666669
20260912_174204_152_paper_strict_raw_equation_seed2025_01f04b03,1,24,0.6666666666666667,0.16666666666666669,0.16666666666666669
20260912_174204_152_paper_strict_raw_equation_seed2025_01f04b03,1,25,0.6666666666666667,0.16666666666666669,0.16666666666666669
20260912_174204_152_paper_strict_raw_equation_seed2025_01f04b03,1,26,0.16666666666666666,0.16666666666666666,0.6666666666666666
20260912_174204_152_paper_strict_raw_equation_seed2025_01f04b03,1,27,0.16666666666666666,0.16666666666666666,0.6666666666666666
20260912_174204_152_paper_strict_raw_equation_seed2025_01f04b03,1,28,0.16666666666666669,0.6666666666666667,0.16666666666666669
20260912_174204_152_paper_strict_raw_equation_seed2025_01f04b03,1,29,0.6666666666666667,0.16666666666666669,0.16666666666666669
20260912_174204_152_paper_strict_raw_equation_seed2025_01f04b03,1,30,0.6666666666666667,0.16666666666666669,0.16666666666666669
20260912_174204_152_paper_strict_raw_equation_seed2025_01f04b03,1,31,0.6666666666666667,0.16666666666666669,0.16666666666666669
20260912_174204_152_paper_strict_raw_equation_seed2025_01f04b03,1,32,0.16666666666666666,0.16666666666666666,0.6666666666666666
20260912_174204_152_paper_strict_raw_equation_seed2025_01f04b03,1,33,0.16666666666666666,0.16666666666666666,0.6666666666666666
20260912_174204_152_paper_strict_raw_equation_seed2025_01f04b03,1,34,0.6666666666666667,0.16666666666666669,0.16666666666666669
20260912_174204_152_paper_strict_raw_equation_seed2025_01f04b03,1,35,0.16666666666666666,0.16666666666666666,0.6666666666666666
20260912_174204_152_paper_strict_raw_equation_seed2025_01f04b03,1,36,0.6666666666666667,0.16666666666666669,0.16666666666666669
20260912_174204_152_paper_strict_raw_equation_seed2025_01f04b03,1,37,0.16666666666666669,0.6666666666666667,0.16666666666666669
20260912_174204_152_paper_strict_raw_equation_seed2025_01f04b03,1,38,0.16666666666666666,0.16666666666666666,0.6666666666666666
20260912_174204_152_paper_strict_raw_equation_seed2025_01f04b03,1,39,0.6666666666666667,0.16666666666666669,0.16666666666666669
20260912_174204_152_paper_strict_raw_equation_seed2025_01f04b03,1,40,0.16666666666666669,0.6666666666666667,0.16666666666666669
20260912_174204_152_paper_strict_raw_equation_seed2025_01f04b03,1,41,0.16666666666666669,0.6666666666666667,0.16666666666666669
20260912_174204_152_paper_strict_raw_equation_seed2025_01f04b03,1,42,0.6666666666666667,0.16666666666666669,0.16666666666666669
20260912_174204_152_paper_strict_raw_equation_seed2025_01f04b03,1,43,0.16666666666666669,0.6666666666666667,0.16666666666666669
20260912_174204_152_paper_strict_raw_equation_seed2025_01f04b03,1,44,0.16666666666666669,0.6666666666666667,0.16666666666666669
20260912_174204_152_paper_strict_raw_equation_seed2025_01f04b03,1,45,0.16666666666666669,0.6666666666666667,0.16666666666666669
20260912_174204_152_paper_strict_raw_equation_seed2025_01f04b03,1,46,0.16666666666666669,0.6666666666666667,0.16666666666666669
20260912_174204_152_paper_strict_raw_equation_seed2025_01f04b03,1,47,0.6666666666666667,0.16666666666666669,0.16666666666666669
20260912_174204_152_paper_strict_raw_equation_seed2025_01f04b03,1,48,0.16666666666666669,0.6666666666666667,0.16666666666666669
20260912_174204_152_paper_strict_raw_equation_seed2025_01f04b03,1,49,0.16666666666666669,0.6666666666666667,0.16666666666666669
20260912_174204_152_paper_strict_raw_equation_seed2025_01f04b03,1,50,0.6666666666666667,0.16666666666666669,0.16666666666666669
20260912_174204_152_paper_strict_raw_equation_seed2025_01f04b03,1,51,0.16666666666666666,0.16666666666666666,0.6666666666666666
20260912_174204_152_paper_strict_raw_equation_seed2025_01f04b03,1,52,0.16666666666666666,0.16666666666666666,0.6666666666666666
20260912_174204_152_paper_strict_raw_equation_seed2025_01f04b03,1,53,0.16666666666666669,0.6666666666666667,0.16666666666666669
20260912_174204_152_paper_strict_raw_equation_seed2025_01f04b03,1,54,0.6666666666666667,0.16666666666666669,0.16666666666666669
20260912_174204_152_paper_strict_raw_equation_seed2025_01f04b03,1,55,0.6666666666666667,0.16666666666666669,0.16666666666666669
20260912_174204_152_paper_strict_raw_equation_seed2025_01f04b03,1,56,0.6666666666666667,0.16666666666666669,0.16666666666666669
20260912_174204_152_paper_strict_raw_equation_seed2025_01f04b03,1,57,0.16666666666666669,0.6666666666666667,0.16666666666666669
20260912_174204_152_paper_strict_raw_equation_seed2025_01f04b03,1,58,0.6666666666666667,0.16666666666666669,0.16666666666666669
20260912_174204_152_paper_strict_raw_equation_seed2025_01f04b03,1,59,0.6666666666666667,0.16666666666666669,0.16666666666666669
20260912_174204_152_paper_strict_raw_equation_seed2025_01f04b03,1,60,0.16666666666666666,0.16666666666666666,0.6666666666666666
20260912_174204_152_paper_strict_raw_equation_seed2025_01f04b03,1,61,0.16666666666666666,0.16666666666666666,0.6666666666666666
20260912_174204_152_paper_strict_raw_equation_seed2025_01f04b03,1,62,0.6666666666666667,0.16666666666666669,0.16666666666666669
20260912_174204_152_paper_strict_raw_equation_seed2025_01f04b03,1,63,0.6666666666666667,0.16666666666666669,0.16666666666666669
20260912_174204_152_paper_strict_raw_equation_seed2025_01f04b03,1,64,0.16666666666666666,0.16666666666666666,0.6666666666666666
20260912_174204_152_paper_strict_raw_equation_seed2025_01f04b03,1,65,0.6666666666666667,0.16666666666666669,0.16666666666666669
20260912_174204_152_paper_strict_raw_equation_seed2025_01f04b03,1,66,0.6666666666666667,0.16666666666666669,0.16666666666666669
20260912_174204_152_paper_strict_raw_equation_seed2025_01f04b03,1,67,0.16666666666666666,0.16666666666666666,0.6666666666666666
20260912_174204_152_paper_strict_raw_equation_seed2025_01f04b03,1,68,0.16666666666666669,0.6666666666666667,0.16666666666666669
20260912_174204_152_paper_strict_raw_equation_seed2025_01f04b03,1,69,0.6666666666666667,0.16666666666666669,0.16666666666666669
20260912_174204_152_paper_strict_raw_equation_seed2025_01f04b03,1,70,0.6666666666666667,0.16666666666666669,0.16666666666666669
20260912_174204_152_paper_strict_raw_equation_seed2025_01f04b03,1,71,0.6666666666666667,0.16666666666666669,0.16666666666666669
20260912_174204_152_paper_strict_raw_equation_seed2025_01f04b03,1,72,0.16666666666666669,0.6666666666666667,0.16666666666666669
20260912_174204_152_paper_strict_raw_equation_seed2025_01f04b03,1,73,0.16666666666666666,0.16666666666666666,0.6666666666666666
20260912_174204_152_paper_strict_raw_equation_seed2025_01f04b03,1,74,0.16666666666666669,0.6666666666666667,0.16666666666666669
20260912_174204_152_paper_strict_raw_equation_seed2025_01f04b03,1,75,0.16666666666666666,0.16666666666666666,0.6666666666666666
20260912_174204_152_paper_strict_raw_equation_seed2025_01f04b03,1,76,0.16666666666666666,0.16666666666666666,0.6666666666666666
20260912_174204_152_paper_strict_raw_equation_seed2025_01f04b03,1,77,0.6666666666666667,0.16666666666666669,0.16666666666666669
20260912_174204_152_paper_strict_raw_equation_seed2025_01f04b03,1,78,0.16666666666666666,0.16666666666666666,0.6666666666666666
20260912_174204_152_paper_strict_raw_equation_seed2025_01f04b03,1,79,0.16666666666666669,0.6666666666666667,0.16666666666666669
20260912_174204_152_paper_strict_raw_equation_seed2025_01f04b03,1,80,0.16666666666666669,0.6666666666666667,0.16666666666666669
20260912_174204_152_paper_strict_raw_equation_seed2025_01f04b03,1,81,0.6666666666666667,0.16666666666666669,0.16666666666666669
20260912_174204_152_paper_strict_raw_equation_seed2025_01f04b03,1,82,0.16666666666666666,0.16666666666666666,0.6666666666666666
20260912_174204_152_paper_strict_raw_equation_seed2025_01f04b03,1,83,0.16666666666666669,0.6666666666666667,0.16666666666666669
20260912_174204_152_paper_strict_raw_equation_seed2025_01f04b03,1,84,0.6666666666666667,0.16666666666666669,0.16666666666666669
20260912_174204_152_paper_strict_raw_equation_seed2025_01f04b03,1,85,0.16666666666666666,0.16666666666666666,0.6666666666666666
20260912_174204_152_paper_strict_raw_equation_seed2025_01f04b03,1,86,0.6666666666666667,0.16666666666666669,0.16666666666666669
20260912_174204_152_paper_strict_raw_equation_seed2025_01f04b03,1,87,0.16666666666666666,0.16666666666666666,0.6666666666666666
20260912_174204_152_paper_strict_raw_equation_seed2025_01f04b03,1,88,0.6666666666666667,0.16666666666666669,0.16666666666666669
20260912_174204_152_paper_strict_raw_equation_seed2025_01f04b03,1,89,0.16666666666666669,0.6666666666666667,0.16666666666666669
20260912_174204_152_paper_strict_raw_equation_seed2025_01f04b03,1,90,0.6666666666666667,0.16666666666666669,0.16666666666666669
20260912_174204_152_paper_strict_raw_equation_seed2025_01f04b03,1,91,0.16666666666666669,0.6666666666666667,0.16666666666666669
20260912_174204_152_paper_strict_raw_equation_seed2025_01f04b03,1,92,0.6666666666666667,0.16666666666666669,0.16666666666666669
20260912_174204_152_paper_strict_raw_equation_seed2025_01f04b03,1,93,0.16666666666666669,0.6666666666666667,0.16666666666666669
20260912_174204_152_paper_strict_raw_equation_seed2025_01f04b03,1,94,0.16666666666666666,0.16666666666666666,0.6666666666666666
20260912_174204_152_paper_strict_raw_equation_seed2025_01f04b03,1,95,0.16666666666666666,0.16666666666666666,0.6666666666666666
20260912_174204_152_paper_strict_raw_equation_seed2025_01f04b03,1,96,0.16666666666666669,0.6666666666666667,0.16666666666666669
20260912_174204_152_paper_strict_raw_equation_seed2025_01f04b03,1,97,0.16666666666666666,0.16666666666666666,0.6666666666666666
20260912_174204_152_paper_strict_raw_equation_seed2025_01f04b03,1,98,0.6666666666666667,0.16666666666666669,0.16666666666666669
20260912_174204_152_paper_strict_raw_equation_seed2025_01f04b03,1,99,0.6666666666666667,0.16666666666666669,0.16666666666666669
20260912_174204_152_paper_strict_raw_equation_seed2025_01f04b03,1,100,0.16666666666666666,0.16666666666666666,0.6666666666666666
20260912_174204_152_paper_strict_raw_equation_seed2025_01f04b03,1,101,0.6666666666666667,0.16666666666666669,0.16666666666666669
20260912_174204_152_paper_strict_raw_equation_seed2025_01f04b03,2,0,0.8333333333333334,0.08333333333333334,0.08333333333333334
20260912_174204_152_paper_strict_raw_equation_seed2025_01f04b03,2,1,0.08333333333333334,0.08333333333333334,0.8333333333333334
20260912_174204_152_paper_strict_raw_equation_seed2025_01f04b03,2,2,0.08333333333333334,0.5833333333333334,0.33333333333333337
20260912_174204_152_paper_strict_raw_equation_seed2025_01f04b03,2,3,0.5833333333333334,0.33333333333333337,0.08333333333333334
20260912_174204_152_paper_strict_raw_equation_seed2025_01f04b03,2,4,0.5833333333333334,0.08333333333333334,0.33333333333333337
20260912_174204_152_paper_strict_raw_equation_seed2025_01f04b03,2,5,0.33333333333333337,0.33333333333333337,0.33333333333333337
20260912_174204_152_paper_strict_raw_equation_seed2025_01f04b03,2,6,0.08333333333333334,0.5833333333333334,0.33333333333333337
20260912_174204_152_paper_strict_raw_equation_seed2025_01f04b03,2,7,0.08333333333333334,0.8333333333333334,0.08333333333333334
20260912_174204_152_paper_strict_raw_equation_seed2025_01f04b03,2,8,0.5833333333333334,0.33333333333333337,0.08333333333333334
20260912_174204_152_paper_strict_raw_equation_seed2025_01f04b03,2,9,0.8333333333333334,0.08333333333333334,0.08333333333333334
20260912_174204_152_paper_strict_raw_equation_seed2025_01f04b03,2,10,0.33333333333333337,0.5833333333333334,0.08333333333333334
20260912_174204_152_paper_strict_raw_equation_seed2025_01f04b03,2,11,0.08333333333333334,0.8333333333333334,0.08333333333333334
20260912_174204_152_paper_strict_raw_equation_seed2025_01f04b03,2,12,0.33333333333333337,0.5833333333333334,0.08333333333333334
20260912_174204_152_paper_strict_raw_equation_seed2025_01f04b03,2,13,0.33333333333333337,0.5833333333333334,0.08333333333333334
20260912_174204_152_paper_strict_raw_equation_seed2025_01f04b03,2,14,0.8333333333333334,0.08333333333333334,0.08333333333333334
20260912_174204_152_paper_strict_raw_equation_seed2025_01f04b03,2,15,0.08333333333333334,0.08333333333333334,0.8333333333333334
20260912_174204_152_paper_strict_raw_equation_seed2025_01f04b03,2,16,0.08333333333333334,0.8333333333333334,0.08333333333333334
20260912_174204_152_paper_strict_raw_equation_seed2025_01f04b03,2,17,0.8333333333333334,0.08333333333333334,0.08333333333333334
20260912_174204_152_paper_strict_raw_equation_seed2025_01f04b03,2,18,0.33333333333333337,0.08333333333333334,0.5833333333333334
20260912_174204_152_paper_strict_raw_equation_seed2025_01f04b03,2,19,0.08333333333333334,0.33333333333333337,0.5833333333333334
20260912_174204_152_paper_strict_raw_equation_seed2025_01f04b03,2,20,0.08333333333333334,0.8333333333333334,0.08333333333333334
20260912_174204_152_paper_strict_raw_equation_seed2025_01f04b03,2,21,0.8333333333333334,0.08333333333333334,0.08333333333333334
20260912_174204_152_paper_strict_raw_equation_seed2025_01f04b03,2,22,0.8333333333333334,0.08333333333333334,0.08333333333333334
20260912_174204_152_paper_strict_raw_equation_seed2025_01f04b03,2,23,0.8333333333333334,0.08333333333333334,0.08333333333333334
20260912_174204_152_paper_strict_raw_equation_seed2025_01f04b03,2,24,0.5833333333333334,0.08333333333333334,0.33333333333333337
20260912_174204_152_paper_strict_raw_equation_seed2025_01f04b03,2,25,0.33333333333333337,0.5833333333333334,0.08333333333333334
20260912_174204_152_paper_strict_raw_equation_seed2025_01f04b03,2,26,0.08333333333333334,0.33333333333333337,0.5833333333333334
20260912_174204_152_paper_strict_raw_equation_seed2025_01f04b03,2,27,0.08333333333333334,0.08333333333333334,0.8333333333333334
20260912_174204_152_paper_strict_raw_equation_seed2025_01f04b03,2,28,0.08333333333333334,0.8333333333333334,0.08333333333333334
20260912_174204_152_paper_strict_raw_equation_seed2025_01f04b03,2,29,0.33333333333333337,0.33333333333333337,0.33333333333333337
20260912_174204_152_paper_strict_raw_equation_seed2025_01f04b03,2,30,0.33333333333333337,0.08333333333333334,0.5833333333333334
20260912_174204_152_paper_strict_raw_equation_seed2025_01f04b03,2,31,0.5833333333333334,0.33333333333333337,0.08333333333333334
20260912_174204_152_paper_strict_raw_equation_seed2025_01f04b03,2,32,0.08333333333333334,0.08333333333333334,0.8333333333333334
20260912_174204_152_paper_strict_raw_equation_seed2025_01f04b03,2,33,0.33333333333333337,0.08333333333333334,0.5833333333333334
20260912_174204_152_paper_strict_raw_equation_seed2025_01f04b03,2,34,0.8333333333333334,0.08333333333333334,0.08333333333333334
20260912_174204_152_paper_strict_raw_equation_seed2025_01f04b03,2,35,0.33333333333333337,0.08333333333333334,0.5833333333333334
20260912_174204_152_paper_strict_raw_equation_seed2025_01f04b03,2,36,0.5833333333333334,0.08333333333333334,0.33333333333333337
20260912_174204_152_paper_strict_raw_equation_seed2025_01f04b03,2,37,0.08333333333333334,0.5833333333333334,0.33333333333333337
20260912_174204_152_paper_strict_raw_equation_seed2025_01f04b03,2,38,0.3333333333333333,0.3333333333333333,0.3333333333333333
20260912_174204_152_paper_strict_raw_equation_seed2025_01f04b03,2,39,0.5833333333333334,0.08333333333333334,0.33333333333333337
20260912_174204_152_paper_strict_raw_equation_seed2025_01f04b03,2,40,0.08333333333333334,0.8333333333333334,0.08333333333333334
20260912_174204_152_paper_strict_raw_equation_seed2025_01f04b03,2,41,0.08333333333333334,0.8333333333333334,0.08333333333333334
20260912_174204_152_paper_strict_raw_equation_seed2025_01f04b03,2,42,0.8333333333333334,0.08333333333333334,0.08333333333333334
20260912_174204_152_paper_strict_raw_equation_seed2025_01f04b03,2,43,0.33333333333333337,0.33333333333333337,0.33333333333333337
20260912_174204_152_paper_strict_raw_equation_seed2025_01f04b03,2,44,0.08333333333333334,0.5833333333333334,0.33333333333333337
20260912_174204_152_paper_strict_raw_equation_seed2025_01f04b03,2,45,0.08333333333333334,0.5833333333333334,0.33333333333333337
20260912_174204_152_paper_strict_raw_equation_seed2025_01f04b03,2,46,0.08333333333333334,0.5833333333333334,0.33333333333333337
20260912_174204_152_paper_strict_raw_equation_seed2025_01f04b03,2,47,0.8333333333333334,0.08333333333333334,0.08333333333333334
20260912_174204_152_paper_strict_raw_equation_seed2025_01f04b03,2,48,0.08333333333333334,0.5833333333333334,0.33333333333333337
20260912_174204_152_paper_strict_raw_equation_seed2025_01f04b03,2,49,0.08333333333333334,0.8333333333333334,0.08333333333333334
20260912_174204_152_paper_strict_raw_equation_seed2025_01f04b03,2,50,0.8333333333333334,0.08333333333333334,0.08333333333333334
20260912_174204_152_paper_strict_raw_equation_seed2025_01f04b03,2,51,0.08333333333333334,0.33333333333333337,0.5833333333333334
20260912_174204_152_paper_strict_raw_equation_seed2025_01f04b03,2,52,0.08333333333333334,0.08333333333333334,0.8333333333333334
20260912_174204_152_paper_strict_raw_equation_seed2025_01f04b03,2,53,0.33333333333333337,0.5833333333333334,0.08333333333333334
20260912_174204_152_paper_strict_raw_equation_seed2025_01f04b03,2,54,0.8333333333333334,0.08333333333333334,0.08333333333333334
20260912_174204_152_paper_strict_raw_equation_seed2025_01f04b03,2,55,0.33333333333333337,0.33333333333333337,0.33333333333333337
20260912_174204_152_paper_strict_raw_equation_seed2025_01f04b03,2,56,0.5833333333333334,0.33333333333333337,0.08333333333333334
20260912_174204_152_paper_strict_raw_equation_seed2025_01f04b03,2,57,0.08333333333333334,0.5833333333333334,0.33333333333333337
20260912_174204_152_paper_strict_raw_equation_seed2025_01f04b03,2,58,0.5833333333333334,0.08333333333333334,0.33333333333333337
20260912_174204_152_paper_strict_raw_equation_seed2025_01f04b03,2,59,0.8333333333333334,0.08333333333333334,0.08333333333333334
20260912_174204_152_paper_strict_raw_equation_seed2025_01f04b03,2,60,0.08333333333333334,0.08333333333333334,0.8333333333333334
20260912_174204_152_paper_strict_raw_equation_seed2025_01f04b03,2,61,0.08333333333333334,0.33333333333333337,0.5833333333333334
20260912_174204_152_paper_strict_raw_equation_seed2025_01f04b03,2,62,0.5833333333333334,0.33333333333333337,0.08333333333333334
20260912_174204_152_paper_strict_raw_equation_seed2025_01f04b03,2,63,0.5833333333333334,0.08333333333333334,0.33333333333333337
20260912_174204_152_paper_strict_raw_equation_seed2025_01f04b03,2,64,0.08333333333333334,0.08333333333333334,0.8333333333333334
20260912_174204_152_paper_strict_raw_equation_seed2025_01f04b03,2,65,0.5833333333333334,0.33333333333333337,0.08333333333333334
20260912_174204_152_paper_strict_raw_equation_seed2025_01f04b03,2,66,0.8333333333333334,0.08333333333333334,0.08333333333333334
20260912_174204_152_paper_strict_raw_equation_seed2025_01f04b03,2,67,0.3333333333333333,0.3333333333333333,0.3333333333333333
20260912_174204_152_paper_strict_raw_equation_seed2025_01f04b03,2,68,0.08333333333333334,0.8333333333333334,0.08333333333333334
20260912_174204_152_paper_strict_raw_equation_seed2025_01f04b03,2,69,0.5833333333333334,0.08333333333333334,0.33333333333333337
20260912_174204_152_paper_strict_raw_equation_seed2025_01f04b03,2,70,0.8333333333333334,0.08333333333333334,0.08333333333333334
20260912_174204_152_paper_strict_raw_equation_seed2025_01f04b03,2,71,0.5833333333333334,0.08333333333333334,0.33333333333333337
20260912_174204_152_paper_strict_raw_equation_seed2025_01f04b03,2,72,0.08333333333333334,0.8333333333333334,0.08333333333333334
20260912_174204_152_paper_strict_raw_equation_seed2025_01f04b03,2,73,0.08333333333333334,0.33333333333333337,0.5833333333333334
20260912_174204_152_paper_strict_raw_equation_seed2025_01f04b03,2,74,0.08333333333333334,0.8333333333333334,0.08333333333333334
20260912_174204_152_paper_strict_raw_equation_seed2025_01f04b03,2,75,0.33333333333333337,0.08333333333333334,0.5833333333333334
20260912_174204_152_paper_strict_raw_equation_seed2025_01f04b03,2,76,0.08333333333333334,0.08333333333333334,0.8333333333333334
20260912_174204_152_paper_strict_raw_equation_seed2025_01f04b03,2,77,0.8333333333333334,0.08333333333333334,0.08333333333333334
20260912_174204_152_paper_strict_raw_equation_seed2025_01f04b03,2,78,0.33333333333333337,0.08333333333333334,0.5833333333333334
20260912_174204_152_paper_strict_raw_equation_seed2025_01f04b03,2,79,0.08333333333333334,0.8333333333333334,0.08333333333333334
20260912_174204_152_paper_strict_raw_equation_seed2025_01f04b03,2,80,0.33333333333333337,0.5833333333333334,0.08333333333333334
20260912_174204_152_paper_strict_raw_equation_seed2025_01f04b03,2,81,0.33333333333333337,0.08333333333333334,0.5833333333333334
20260912_174204_152_paper_strict_raw_equation_seed2025_01f04b03,2,82,0.08333333333333334,0.08333333333333334,0.8333333333333334
20260912_174204_152_paper_strict_raw_equation_seed2025_01f04b03,2,83,0.08333333333333334,0.33333333333333337,0.5833333333333334
20260912_174204_152_paper_strict_raw_equation_seed2025_01f04b03,2,84,0.8333333333333334,0.08333333333333334,0.08333333333333334
20260912_174204_152_paper_strict_raw_equation_seed2025_01f04b03,2,85,0.08333333333333333,0.5833333333333334,0.3333333333333333
20260912_174204_152_paper_strict_raw_equation_seed2025_01f04b03,2,86,0.8333333333333334,0.08333333333333334,0.08333333333333334
20260912_174204_152_paper_strict_raw_equation_seed2025_01f04b03,2,87,0.08333333333333334,0.08333333333333334,0.8333333333333334
20260912_174204_152_paper_strict_raw_equation_seed2025_01f04b03,2,88,0.33333333333333337,0.33333333333333337,0.33333333333333337
20260912_174204_152_paper_strict_raw_equation_seed2025_01f04b03,2,89,0.33333333333333337,0.5833333333333334,0.08333333333333334
20260912_174204_152_paper_strict_raw_equation_seed2025_01f04b03,2,90,0.5833333333333334,0.08333333333333334,0.33333333333333337
20260912_174204_152_paper_strict_raw_equation_seed2025_01f04b03,2,91,0.08333333333333334,0.5833333333333334,0.33333333333333337
20260912_174204_152_paper_strict_raw_equation_seed2025_01f04b03,2,92,0.5833333333333334,0.08333333333333334,0.33333333333333337
20260912_174204_152_paper_strict_raw_equation_seed2025_01f04b03,2,93,0.08333333333333334,0.8333333333333334,0.08333333333333334
20260912_174204_152_paper_strict_raw_equation_seed2025_01f04b03,2,94,0.08333333333333334,0.08333333333333334,0.8333333333333334
20260912_174204_152_paper_strict_raw_equation_seed2025_01f04b03,2,95,0.08333333333333334,0.33333333333333337,0.5833333333333334
20260912_174204_152_paper_strict_raw_equation_seed2025_01f04b03,2,96,0.33333333333333337,0.5833333333333334,0.08333333333333334
20260912_174204_152_paper_strict_raw_equation_seed2025_01f04b03,2,97,0.08333333333333334,0.08333333333333334,0.8333333333333334
20260912_174204_152_paper_strict_raw_equation_seed2025_01f04b03,2,98,0.8333333333333334,0.08333333333333334,0.08333333333333334
20260912_174204_152_paper_strict_raw_equation_seed2025_01f04b03,2,99,0.5833333333333334,0.33333333333333337,0.08333333333333334
20260912_174204_152_paper_strict_raw_equation_seed2025_01f04b03,2,100,0.08333333333333334,0.08333333333333334,0.8333333333333334
20260912_174204_152_paper_strict_raw_equation_seed2025_01f04b03,2,101,0.8333333333333334,0.08333333333333334,0.08333333333333334
20260912_174204_152_paper_strict_raw_equation_seed2025_01f04b03,3,0,0.9166666666666667,0.04166666666666667,0.04166666666666667
20260912_174204_152_paper_strict_raw_equation_seed2025_01f04b03,3,1,0.04166666666666667,0.04166666666666667,0.9166666666666667
20260912_174204_152_paper_strict_raw_equation_seed2025_01f04b03,3,2,0.04166666666666667,0.7916666666666667,0.16666666666666669
20260912_174204_152_paper_strict_raw_equation_seed2025_01f04b03,3,3,0.45833333333333337,0.33333333333333337,0.20833333333333331
20260912_174204_152_paper_strict_raw_equation_seed2025_01f04b03,3,4,0.625,0.04166666666666667,0.33333333333333337
20260912_174204_152_paper_strict_raw_equation_seed2025_01f04b03,3,5,0.33333333333333337,0.16666666666666669,0.5
20260912_174204_152_paper_strict_raw_equation_seed2025_01f04b03,3,6,0.04166666666666667,0.7916666666666667,0.16666666666666669
20260912_174204_152_paper_strict_raw_equation_seed2025_01f04b03,3,7,0.20833333333333331,0.5833333333333334,0.20833333333333331
20260912_174204_152_paper_strict_raw_equation_seed2025_01f04b03,3,8,0.2916666666666667,0.5,0.20833333333333331
20260912_174204_152_paper_strict_raw_equation_seed2025_01f04b03,3,9,0.75,0.04166666666666667,0.20833333333333331
20260912_174204_152_paper_strict_raw_equation_seed2025_01f04b03,3,10,0.33333333333333337,0.625,0.04166666666666667
20260912_174204_152_paper_strict_raw_equation_seed2025_01f04b03,3,11,0.04166666666666667,0.75,0.20833333333333331
20260912_174204_152_paper_strict_raw_equation_seed2025_01f04b03,3,12,0.16666666666666669,0.625,0.20833333333333331
20260912_174204_152_paper_strict_raw_equation_seed2025_01f04b03,3,13,0.6666666666666666,0.29166666666666663,0.041666666666666664
20260912_174204_152_paper_strict_raw_equation_seed2025_01f04b03,3,14,0.9166666666666667,0.04166666666666667,0.04166666666666667
20260912_174204_152_paper_strict_raw_equation_seed2025_01f04b03,3,15,0.20833333333333331,0.04166666666666667,0.75
20260912_174204_152_paper_strict_raw_equation_seed2025_01f04b03,3,16,0.04166666666666667,0.9166666666666667,0.04166666666666667
20260912_174204_152_paper_strict_raw_equation_seed2025_01f04b03,3,17,0.9166666666666667,0.04166666666666667,0.04166666666666667
20260912_174204_152_paper_strict_raw_equation_seed2025_01f04b03,3,18,0.16666666666666669,0.04166666666666667,0.7916666666666667
20260912_174204_152_paper_strict_raw_equation_seed2025_01f04b03,3,19,0.04166666666666667,0.5,0.45833333333333337
20260912_174204_152_paper_strict_raw_equation_seed2025_01f04b03,3,20,0.04166666666666667,0.9166666666666667,0.04166666666666667
20260912_174204_152_paper_strict_raw_equation_seed2025_01f04b03,3,21,0.9166666666666667,0.04166666666666667,0.04166666666666667
20260912_174204_152_paper_strict_raw_equation_seed2025_01f04b03,3,22,0.9166666666666667,0.04166666666666667,0.04166666666666667
20260912_174204_152_paper_strict_raw_equation_seed2025_01f04b03,3,23,0.9166666666666667,0.04166666666666667,0.04166666666666667
20260912_174204_152_paper_strict_raw_equation_seed2025_01f04b03,3,24,0.625,0.04166666666666667,0.33333333333333337
20260912_174204_152_paper_strict_raw_equation_seed2025_01f04b03,3,25,0.16666666666666669,0.625,0.20833333333333331
20260912_174204_152_paper_strict_raw_equation_seed2025_01f04b03,3,26,0.20833333333333331,0.16666666666666669,0.625
20260912_174204_152_paper_strict_raw_equation_seed2025_01f04b03,3,27,0.04166666666666667,0.20833333333333331,0.75
20260912_174204_152_paper_strict_raw_equation_seed2025_01f04b03,3,28,0.375,0.4166666666666667,0.20833333333333331
20260912_174204_152_paper_strict_raw_equation_seed2025_01f04b03,3,29,0.33333333333333337,0.33333333333333337,0.33333333333333337
20260912_174204_152_paper_strict_raw_equation_seed2025_01f04b03,3,30,0.33333333333333337,0.04166666666666667,0.625
20260912_174204_152_paper_strict_raw_equation_seed2025_01f04b03,3,31,0.7916666666666665,0.16666666666666666,0.041666666666666664
20260912_174204_152_paper_strict_raw_equation_seed2025_01f04b03,3,32,0.04166666666666667,0.04166666666666667,0.9166666666666667
20260912_174204_152_paper_strict_raw_equation_seed2025_01f04b03,3,33,0.5,0.04166666666666667,0.45833333333333337
20260912_174204_152_paper_strict_raw_equation_seed2025_01f04b03,3,34,0.4166666666666667,0.375,0.20833333333333331
20260912_174204_152_paper_strict_raw_equation_seed2025_01f04b03,3,35,0.33333333333333337,0.04166666666666667,0.625
20260912_174204_152_paper_strict_raw_equation_seed2025_01f04b03,3,36,0.45833333333333337,0.04166666666666667,0.5
20260912_174204_152_paper_strict_raw_equation_seed2025_01f04b03,3,37,0.04166666666666667,0.45833333333333337,0.5
20260912_174204_152_paper_strict_raw_equation_seed2025_01f04b03,3,38,0.16666666666666666,0.3333333333333333,0.5
20260912_174204_152_paper_strict_raw_equation_seed2025_01f04b03,3,39,0.45833333333333337,0.20833333333333331,0.33333333333333337
20260912_174204_152_paper_strict_raw_equation_seed2025_01f04b03,3,40,0.04166666666666667,0.75,0.20833333333333331
20260912_174204_152_paper_strict_raw_equation_seed2025_01f04b03,3,41,0.20833333333333334,0.7500000000000001,0.04166666666666668
20260912_174204_152_paper_strict_raw_equation_seed2025_01f04b03,3,42,0.9166666666666667,0.04166666666666667,0.04166666666666667
20260912_174204_152_paper_strict_raw_equation_seed2025_01f04b03,3,43,0.5,0.16666666666666669,0.33333333333333337
20260912_174204_152_paper_strict_raw_equation_seed2025_01f04b03,3,44,0.04166666666666667,0.7916666666666667,0.16666666666666669
20260912_174204_152_paper_strict_raw_equation_seed2025_01f04b03,3,45,0.04166666666666667,0.625,0.33333333333333337
20260912_174204_152_paper_strict_raw_equation_seed2025_01f04b03,3,46,0.20833333333333331,0.2916666666666667,0.5
20260912_174204_152_paper_strict_raw_equation_seed2025_01f04b03,3,47,0.9166666666666667,0.04166666666666667,0.04166666666666667
20260912_174204_152_paper_strict_raw_equation_seed2025_01f04b03,3,48,0.04166666666666667,0.625,0.33333333333333337
20260912_174204_152_paper_strict_raw_equation_seed2025_01f04b03,3,49,0.04166666666666667,0.9166666666666667,0.04166666666666667
20260912_174204_152_paper_strict_raw_equation_seed2025_01f04b03,3,50,0.9166666666666667,0.04166666666666667,0.04166666666666667
20260912_174204_152_paper_strict_raw_equation_seed2025_01f04b03,3,51,0.04166666666666667,0.33333333333333337,0.625
20260912_174204_152_paper_strict_raw_equation_seed2025_01f04b03,3,52,0.04166666666666667,0.04166666666666667,0.9166666666666667
20260912_174204_152_paper_strict_raw_equation_seed2025_01f04b03,3,53,0.5,0.45833333333333337,0.04166666666666667
20260912_174204_152_paper_strict_raw_equation_seed2025_01f04b03,3,54,0.5833333333333334,0.20833333333333331,0.20833333333333331
20260912_174204_152_paper_strict_raw_equation_seed2025_01f04b03,3,55,0.16666666666666669,0.5,0.33333333333333337
20260912_174204_152_paper_strict_raw_equation_seed2025_01f04b03,3,56,0.625,0.33333333333333337,0.04166666666666667
20260912_174204_152_paper_strict_raw_equation_seed2025_01f04b03,3,57,0.04166666666666667,0.625,0.33333333333333337
20260912_174204_152_paper_strict_raw_equation_seed2025_01f04b03,3,58,0.625,0.04166666666666667,0.33333333333333337
20260912_174204_152_paper_strict_raw_equation_seed2025_01f04b03,3,59,0.5833333333333334,0.20833333333333331,0.20833333333333331
20260912_174204_152_paper_strict_raw_equation_seed2025_01f04b03,3,60,0.04166666666666667,0.20833333333333331,0.75
20260912_174204_152_paper_strict_raw_equation_seed2025_01f04b03,3,61,0.04166666666666667,0.5,0.45833333333333337
20260912_174204_152_paper_strict_raw_equation_seed2025_01f04b03,3,62,0.625,0.33333333333333337,0.04166666666666667
20260912_174204_152_paper_strict_raw_equation_seed2025_01f04b03,3,63,0.625,0.04166666666666667,0.33333333333333337
20260912_174204_152_paper_strict_raw_equation_seed2025_01f04b03,3,64,0.04166666666666667,0.20833333333333331,0.75
20260912_174204_152_paper_strict_raw_equation_seed2025_01f04b03,3,65,0.625,0.33333333333333337,0.04166666666666667
20260912_174204_152_paper_strict_raw_equation_seed2025_01f04b03,3,66,0.75,0.04166666666666667,0.20833333333333331
20260912_174204_152_paper_strict_raw_equation_seed2025_01f04b03,3,67,0.16666666666666666,0.3333333333333333,0.5
20260912_174204_152_paper_strict_raw_equation_seed2025_01f04b03,3,68,0.20833333333333334,0.7500000000000001,0.04166666666666668
20260912_174204_152_paper_strict_raw_equation_seed2025_01f04b03,3,69,0.625,0.04166666666666667,0.33333333333333337
20260912_174204_152_paper_strict_raw_equation_seed2025_01f04b03,3,70,0.9166666666666667,0.04166666666666667,0.04166666666666667
20260912_174204_152_paper_strict_raw_equation_seed2025_01f04b03,3,71,0.45833333333333337,0.04166666666666667,0.5
20260912_174204_152_paper_strict_raw_equation_seed2025_01f04b03,3,72,0.04166666666666667,0.9166666666666667,0.04166666666666667
20260912_174204_152_paper_strict_raw_equation_seed2025_01f04b03,3,73,0.04166666666666667,0.5,0.45833333333333337
20260912_174204_152_paper_strict_raw_equation_seed2025_01f04b03,3,74,0.20833333333333334,0.7500000000000001,0.04166666666666668
20260912_174204_152_paper_strict_raw_equation_seed2025_01f04b03,3,75,0.5,0.04166666666666667,0.45833333333333337
20260912_174204_152_paper_strict_raw_equation_seed2025_01f04b03,3,76,0.20833333333333331,0.04166666666666667,0.75
20260912_174204_152_paper_strict_raw_equation_seed2025_01f04b03,3,77,0.7500000000000001,0.20833333333333334,0.04166666666666668
20260912_174204_152_paper_strict_raw_equation_seed2025_01f04b03,3,78,0.33333333333333337,0.04166666666666667,0.625
20260912_174204_152_paper_strict_raw_equation_seed2025_01f04b03,3,79,0.20833333333333334,0.7500000000000001,0.04166666666666668
20260912_174204_152_paper_strict_raw_equation_seed2025_01f04b03,3,80,0.16666666666666666,0.7916666666666665,0.041666666666666664
20260912_174204_152_paper_strict_raw_equation_seed2025_01f04b03,3,81,0.5,0.04166666666666667,0.45833333333333337
20260912_174204_152_paper_strict_raw_equation_seed2025_01f04b03,3,82,0.04166666666666667,0.04166666666666667,0.9166666666666667
20260912_174204_152_paper_strict_raw_equation_seed2025_01f04b03,3,83,0.04166666666666667,0.16666666666666669,0.7916666666666667
20260912_174204_152_paper_strict_raw_equation_seed2025_01f04b03,3,84,0.9166666666666667,0.04166666666666667,0.04166666666666667
20260912_174204_152_paper_strict_raw_equation_seed2025_01f04b03,3,85,0.041666666666666664,0.625,0.3333333333333333
20260912_174204_152_paper_strict_raw_equation_seed2025_01f04b03,3,86,0.9166666666666667,0.04166666666666667,0.04166666666666667
20260912_174204_152_paper_strict_raw_equation_seed2025_01f04b03,3,87,0.04166666666666667,0.04166666666666667,0.9166666666666667
20260912_174204_152_paper_strict_raw_equation_seed2025_01f04b03,3,88,0.33333333333333337,0.33333333333333337,0.33333333333333337
20260912_174204_152_paper_strict_raw_equation_seed2025_01f04b03,3,89,0.33333333333333337,0.625,0.04166666666666667
20260912_174204_152_paper_strict_raw_equation_seed2025_01f04b03,3,90,0.45833333333333337,0.04166666666666667,0.5
20260912_174204_152_paper_strict_raw_equation_seed2025_01f04b03,3,91,0.20833333333333331,0.625,0.16666666666666669
20260912_174204_152_paper_strict_raw_equation_seed2025_01f04b03,3,92,0.45833333333333337,0.04166666666666667,0.5
20260912_174204_152_paper_strict_raw_equation_seed2025_01f04b03,3,93,0.04166666666666667,0.9166666666666667,0.04166666666666667
20260912_174204_152_paper_strict_raw_equation_seed2025_01f04b03,3,94,0.04166666666666667,0.20833333333333331,0.75
20260912_174204_152_paper_strict_raw_equation_seed2025_01f04b03,3,95,0.04166666666666667,0.33333333333333337,0.625
20260912_174204_152_paper_strict_raw_equation_seed2025_01f04b03,3,96,0.16666666666666666,0.7916666666666665,0.041666666666666664
20260912_174204_152_paper_strict_raw_equation_seed2025_01f04b03,3,97,0.04166666666666667,0.04166666666666667,0.9166666666666667
20260912_174204_152_paper_strict_raw_equation_seed2025_01f04b03,3,98,0.9166666666666667,0.04166666666666667,0.04166666666666667
20260912_174204_152_paper_strict_raw_equation_seed2025_01f04b03,3,99,0.45833333333333337,0.33333333333333337,0.20833333333333331
20260912_174204_152_paper_strict_raw_equation_seed2025_01f04b03,3,100,0.04166666666666667,0.20833333333333331,0.75
20260912_174204_152_paper_strict_raw_equation_seed2025_01f04b03,3,101,0.7500000000000001,0.20833333333333334,0.04166666666666668
20260912_174204_152_paper_strict_raw_equation_seed2025_01f04b03,4,0,0.9583333333333334,0.020833333333333336,0.020833333333333336
20260912_174204_152_paper_strict_raw_equation_seed2025_01f04b03,4,1,0.020833333333333336,0.020833333333333336,0.9583333333333334
20260912_174204_152_paper_strict_raw_equation_seed2025_01f04b03,4,2,0.2708333333333333,0.6458333333333334,0.08333333333333334
20260912_174204_152_paper_strict_raw_equation_seed2025_01f04b03,4,3,0.4791666666666667,0.2916666666666667,0.22916666666666666
20260912_174204_152_paper_strict_raw_equation_seed2025_01f04b03,4,4,0.8125,0.020833333333333336,0.16666666666666669
20260912_174204_152_paper_strict_raw_equation_seed2025_01f04b03,4,5,0.2916666666666667,0.20833333333333334,0.5
20260912_174204_152_paper_strict_raw_equation_seed2025_01f04b03,4,6,0.020833333333333336,0.6458333333333334,0.33333333333333337
20260912_174204_152_paper_strict_raw_equation_seed2025_01f04b03,4,7,0.10416666666666666,0.7916666666666667,0.10416666666666666
20260912_174204_152_paper_strict_raw_equation_seed2025_01f04b03,4,8,0.5208333333333334,0.375,0.10416666666666666
20260912_174204_152_paper_strict_raw_equation_seed2025_01f04b03,4,9,0.875,0.020833333333333336,0.10416666666666666
20260912_174204_152_paper_strict_raw_equation_seed2025_01f04b03,4,10,0.4166666666666667,0.5625,0.020833333333333336
20260912_174204_152_paper_strict_raw_equation_seed2025_01f04b03,4,11,0.020833333333333336,0.75,0.22916666666666666
20260912_174204_152_paper_strict_raw_equation_seed2025_01f04b03,4,12,0.20833333333333334,0.6875,0.10416666666666666
20260912_174204_152_paper_strict_raw_equation_seed2025_01f04b03,4,13,0.7083333333333334,0.27083333333333337,0.020833333333333336
20260912_174204_152_paper_strict_raw_equation_seed2025_01f04b03,4,14,0.9583333333333334,0.020833333333333336,0.020833333333333336
20260912_174204_152_paper_strict_raw_equation_seed2025_01f04b03,4,15,0.10416666666666666,0.14583333333333334,0.75
20260912_174204_152_paper_strict_raw_equation_seed2025_01f04b03,4,16,0.14583333333333334,0.8333333333333334,0.020833333333333336
20260912_174204_152_paper_strict_raw_equation_seed2025_01f04b03,4,17,0.9583333333333334,0.020833333333333336,0.020833333333333336
20260912_174204_152_paper_strict_raw_equation_seed2025_01f04b03,4,18,0.08333333333333334,0.020833333333333336,0.8958333333333334
20260912_174204_152_paper_strict_raw_equation_seed2025_01f04b03,4,19,0.020833333333333336,0.5,0.4791666666666667
20260912_174204_152_paper_strict_raw_equation_seed2025_01f04b03,4,20,0.020833333333333336,0.9583333333333334,0.020833333333333336
20260912_174204_152_paper_strict_raw_equation_seed2025_01f04b03,4,21,0.8333333333333334,0.14583333333333334,0.020833333333333336
20260912_174204_152_paper_strict_raw_equation_seed2025_01f04b03,4,22,0.8333333333333334,0.020833333333333336,0.14583333333333334
20260912_174204_152_paper_strict_raw_equation_seed2025_01f04b03,4,23,0.9583333333333334,0.020833333333333336,0.020833333333333336
20260912_174204_152_paper_strict_raw_equation_seed2025_01f04b03,4,24,0.6875,0.020833333333333336,0.2916666666666667
20260912_174204_152_paper_strict_raw_equation_seed2025_01f04b03,4,25,0.33333333333333337,0.4375,0.22916666666666666
20260912_174204_152_paper_strict_raw_equation_seed2025_01f04b03,4,26,0.35416666666666663,0.08333333333333334,0.5625
20260912_174204_152_paper_strict_raw_equation_seed2025_01f04b03,4,27,0.14583333333333334,0.10416666666666666,0.75
20260912_174204_152_paper_strict_raw_equation_seed2025_01f04b03,4,28,0.3125,0.33333333333333337,0.35416666666666663
20260912_174204_152_paper_strict_raw_equation_seed2025_01f04b03,4,29,0.16666666666666666,0.5416666666666666,0.29166666666666663
20260912_174204_152_paper_strict_raw_equation_seed2025_01f04b03,4,30,0.2916666666666667,0.020833333333333336,0.6875
20260912_174204_152_paper_strict_raw_equation_seed2025_01f04b03,4,31,0.8958333333333333,0.08333333333333333,0.020833333333333332
20260912_174204_152_paper_strict_raw_equation_seed2025_01f04b03,4,32,0.14583333333333334,0.020833333333333336,0.8333333333333334
20260912_174204_152_paper_strict_raw_equation_seed2025_01f04b03,4,33,0.375,0.14583333333333334,0.4791666666666667
20260912_174204_152_paper_strict_raw_equation_seed2025_01f04b03,4,34,0.45833333333333337,0.3125,0.22916666666666666
20260912_174204_152_paper_strict_raw_equation_seed2025_01f04b03,4,35,0.4166666666666667,0.020833333333333336,0.5625
20260912_174204_152_paper_strict_raw_equation_seed2025_01f04b03,4,36,0.6041666666666667,0.020833333333333336,0.375
20260912_174204_152_paper_strict_raw_equation_seed2025_01f04b03,4,37,0.020833333333333336,0.6041666666666667,0.375
20260912_174204_152_paper_strict_raw_equation_seed2025_01f04b03,4,38,0.08333333333333333,0.5416666666666666,0.375
20260912_174204_152_paper_strict_raw_equation_seed2025_01f04b03,4,39,0.6041666666666667,0.22916666666666666,0.16666666666666669
20260912_174204_152_paper_strict_raw_equation_seed2025_01f04b03,4,40,0.020833333333333336,0.875,0.10416666666666666
20260912_174204_152_paper_strict_raw_equation_seed2025_01f04b03,4,41,0.3541666666666667,0.625,0.02083333333333334
20260912_174204_152_paper_strict_raw_equation_seed2025_01f04b03,4,42,0.9583333333333334,0.020833333333333336,0.020833333333333336
20260912_174204_152_paper_strict_raw_equation_seed2025_01f04b03,4,43,0.75,0.08333333333333334,0.16666666666666669
20260912_174204_152_paper_strict_raw_equation_seed2025_01f04b03,4,44,0.020833333333333336,0.7708333333333334,0.20833333333333334
20260912_174204_152_paper_strict_raw_equation_seed2025_01f04b03,4,45,0.020833333333333336,0.8125,0.16666666666666669
20260912_174204_152_paper_strict_raw_equation_seed2025_01f04b03,4,46,0.10416666666666666,0.6458333333333334,0.25
20260912_174204_152_paper_strict_raw_equation_seed2025_01f04b03,4,47,0.9583333333333334,0.020833333333333336,0.020833333333333336
20260912_174204_152_paper_strict_raw_equation_seed2025_01f04b03,4,48,0.14583333333333334,0.6875,0.16666666666666669
20260912_174204_152_paper_strict_raw_equation_seed2025_01f04b03,4,49,0.020833333333333336,0.9583333333333334,0.020833333333333336
20260912_174204_152_paper_strict_raw_equation_seed2025_01f04b03,4,50,0.8333333333333334,0.020833333333333336,0.14583333333333334
20260912_174204_152_paper_strict_raw_equation_seed2025_01f04b03,4,51,0.020833333333333336,0.2916666666666667,0.6875
20260912_174204_152_paper_strict_raw_equation_seed2025_01f04b03,4,52,0.020833333333333336,0.020833333333333336,0.9583333333333334
20260912_174204_152_paper_strict_raw_equation_seed2025_01f04b03,4,53,0.625,0.3541666666666667,0.020833333333333336
20260912_174204_152_paper_strict_raw_equation_seed2025_01f04b03,4,54,0.41666666666666674,0.3541666666666667,0.22916666666666669
20260912_174204_152_paper_strict_raw_equation_seed2025_01f04b03,4,55,0.08333333333333334,0.5,0.4166666666666667
20260912_174204_152_paper_strict_raw_equation_seed2025_01f04b03,4,56,0.8125,0.16666666666666669,0.020833333333333336
20260912_174204_152_paper_strict_raw_equation_seed2025_01f04b03,4,57,0.020833333333333336,0.5625,0.4166666666666667
20260912_174204_152_paper_strict_raw_equation_seed2025_01f04b03,4,58,0.8125,0.020833333333333336,0.16666666666666669
20260912_174204_152_paper_strict_raw_equation_seed2025_01f04b03,4,59,0.6666666666666667,0.10416666666666666,0.22916666666666666
20260912_174204_152_paper_strict_raw_equation_seed2025_01f04b03,4,60,0.020833333333333336,0.22916666666666666,0.75
20260912_174204_152_paper_strict_raw_equation_seed2025_01f04b03,4,61,0.020833333333333336,0.375,0.6041666666666667
20260912_174204_152_paper_strict_raw_equation_seed2025_01f04b03,4,62,0.6875,0.2916666666666667,0.020833333333333336
20260912_174204_152_paper_strict_raw_equation_seed2025_01f04b03,4,63,0.5625,0.020833333333333336,0.4166666666666667
20260912_174204_152_paper_strict_raw_equation_seed2025_01f04b03,4,64,0.020833333333333336,0.10416666666666666,0.875
20260912_174204_152_paper_strict_raw_equation_seed2025_01f04b03,4,65,0.8125,0.16666666666666669,0.020833333333333336
20260912_174204_152_paper_strict_raw_equation_seed2025_01f04b03,4,66,0.875,0.020833333333333336,0.10416666666666666
20260912_174204_152_paper_strict_raw_equation_seed2025_01f04b03,4,67,0.20833333333333331,0.29166666666666663,0.5
20260912_174204_152_paper_strict_raw_equation_seed2025_01f04b03,4,68,0.10416666666666667,0.875,0.02083333333333334
20260912_174204_152_paper_strict_raw_equation_seed2025_01f04b03,4,69,0.4375,0.020833333333333336,0.5416666666666667
20260912_174204_152_paper_strict_raw_equation_seed2025_01f04b03,4,70,0.9583333333333334,0.020833333333333336,0.020833333333333336
20260912_174204_152_paper_strict_raw_equation_seed2025_01f04b03,4,71,0.4791666666666667,0.020833333333333336,0.5
20260912_174204_152_paper_strict_raw_equation_seed2025_01f04b03,4,72,0.14583333333333334,0.8333333333333334,0.020833333333333336
20260912_174204_152_paper_strict_raw_equation_seed2025_01f04b03,4,73,0.2708333333333333,0.375,0.3541666666666667
20260912_174204_152_paper_strict_raw_equation_seed2025_01f04b03,4,74,0.22916666666666669,0.75,0.02083333333333334
20260912_174204_152_paper_strict_raw_equation_seed2025_01f04b03,4,75,0.5,0.020833333333333336,0.4791666666666667
20260912_174204_152_paper_strict_raw_equation_seed2025_01f04b03,4,76,0.22916666666666666,0.020833333333333336,0.75
20260912_174204_152_paper_strict_raw_equation_seed2025_01f04b03,4,77,0.75,0.22916666666666669,0.02083333333333334
20260912_174204_152_paper_strict_raw_equation_seed2025_01f04b03,4,78,0.6666666666666667,0.020833333333333336,0.3125
20260912_174204_152_paper_strict_raw_equation_seed2025_01f04b03,4,79,0.22916666666666669,0.625,0.14583333333333334
20260912_174204_152_paper_strict_raw_equation_seed2025_01f04b03,4,80,0.08333333333333333,0.8958333333333333,0.020833333333333332
20260912_174204_152_paper_strict_raw_equation_seed2025_01f04b03,4,81,0.5,0.020833333333333336,0.4791666666666667
20260912_174204_152_paper_strict_raw_equation_seed2025_01f04b03,4,82,0.020833333333333336,0.14583333333333334,0.8333333333333334
20260912_174204_152_paper_strict_raw_equation_seed2025_01f04b03,4,83,0.020833333333333336,0.20833333333333334,0.7708333333333334
20260912_174204_152_paper_strict_raw_equation_seed2025_01f04b03,4,84,0.9583333333333334,0.020833333333333336,0.020833333333333336
20260912_174204_152_paper_strict_raw_equation_seed2025_01f04b03,4,85,0.020833333333333332,0.5625,0.41666666666666663
20260912_174204_152_paper_strict_raw_equation_seed2025_01f04b03,4,86,0.9583333333333334,0.020833333333333336,0.020833333333333336
20260912_174204_152_paper_strict_raw_equation_seed2025_01f04b03,4,87,0.020833333333333336,0.020833333333333336,0.9583333333333334
20260912_174204_152_paper_strict_raw_equation_seed2025_01f04b03,4,88,0.4166666666666667,0.4166666666666667,0.16666666666666669
20260912_174204_152_paper_strict_raw_equation_seed2025_01f04b03,4,89,0.2916666666666667,0.6875,0.020833333333333336
20260912_174204_152_paper_strict_raw_equation_seed2025_01f04b03,4,90,0.6041666666666667,0.020833333333333336,0.375
20260912_174204_152_paper_strict_raw_equation_seed2025_01f04b03,4,91,0.10416666666666666,0.5625,0.33333333333333337
20260912_174204_152_paper_strict_raw_equation_seed2025_01f04b03,4,92,0.4791666666666667,0.020833333333333336,0.5
20260912_174204_152_paper_strict_raw_equation_seed2025_01f04b03,4,93,0.020833333333333336,0.9583333333333334,0.020833333333333336
20260912_174204_152_paper_strict_raw_equation_seed2025_01f04b03,4,94,0.14583333333333334,0.10416666666666666,0.75
20260912_174204_152_paper_strict_raw_equation_seed2025_01f04b03,4,95,0.020833333333333336,0.16666666666666669,0.8125
20260912_174204_152_paper_strict_raw_equation_seed2025_01f04b03,4,96,0.20833333333333337,0.5208333333333334,0.27083333333333337
20260912_174204_152_paper_strict_raw_equation_seed2025_01f04b03,4,97,0.020833333333333336,0.020833333333333336,0.9583333333333334
20260912_174204_152_paper_strict_raw_equation_seed2025_01f04b03,4,98,0.9583333333333334,0.020833333333333336,0.020833333333333336
20260912_174204_152_paper_strict_raw_equation_seed2025_01f04b03,4,99,0.6041666666666666,0.29166666666666663,0.10416666666666663
20260912_174204_152_paper_strict_raw_equation_seed2025_01f04b03,4,100,0.020833333333333336,0.22916666666666666,0.75
20260912_174204_152_paper_strict_raw_equation_seed2025_01f04b03,4,101,0.75,0.22916666666666669,0.02083333333333334
20260912_174204_152_paper_strict_raw_equation_seed2025_01f04b03,5,0,0.9791666666666667,0.010416666666666668,0.010416666666666668
20260912_174204_152_paper_strict_raw_equation_seed2025_01f04b03,5,1,0.010416666666666668,0.010416666666666668,0.9791666666666667
20260912_174204_152_paper_strict_raw_equation_seed2025_01f04b03,5,2,0.13541666666666666,0.8229166666666667,0.04166666666666667
20260912_174204_152_paper_strict_raw_equation_seed2025_01f04b03,5,3,0.7395833333333334,0.14583333333333334,0.11458333333333333
20260912_174204_152_paper_strict_raw_equation_seed2025_01f04b03,5,4,0.40625,0.010416666666666668,0.5833333333333334
20260912_174204_152_paper_strict_raw_equation_seed2025_01f04b03,5,5,0.14583333333333334,0.6041666666666666,0.25
20260912_174204_152_paper_strict_raw_equation_seed2025_01f04b03,5,6,0.010416666666666668,0.8229166666666667,0.16666666666666669
20260912_174204_152_paper_strict_raw_equation_seed2025_01f04b03,5,7,0.05208333333333333,0.8958333333333334,0.05208333333333333
20260912_174204_152_paper_strict_raw_equation_seed2025_01f04b03,5,8,0.2604166666666667,0.6875,0.05208333333333333
20260912_174204_152_paper_strict_raw_equation_seed2025_01f04b03,5,9,0.9375,0.010416666666666668,0.05208333333333333
20260912_174204_152_paper_strict_raw_equation_seed2025_01f04b03,5,10,0.7083333333333334,0.28125,0.010416666666666668
20260912_174204_152_paper_strict_raw_equation_seed2025_01f04b03,5,11,0.010416666666666668,0.875,0.11458333333333333
20260912_174204_152_paper_strict_raw_equation_seed2025_01f04b03,5,12,0.10416666666666667,0.84375,0.05208333333333333
20260912_174204_152_paper_strict_raw_equation_seed2025_01f04b03,5,13,0.35416666666666663,0.6354166666666666,0.010416666666666666
20260912_174204_152_paper_strict_raw_equation_seed2025_01f04b03,5,14,0.9791666666666667,0.010416666666666668,0.010416666666666668
20260912_174204_152_paper_strict_raw_equation_seed2025_01f04b03,5,15,0.5520833333333334,0.07291666666666667,0.375
20260912_174204_152_paper_strict_raw_equation_seed2025_01f04b03,5,16,0.07291666666666667,0.9166666666666667,0.010416666666666668
20260912_174204_152_paper_strict_raw_equation_seed2025_01f04b03,5,17,0.9791666666666667,0.010416666666666668,0.010416666666666668
20260912_174204_152_paper_strict_raw_equation_seed2025_01f04b03,5,18,0.04166666666666667,0.010416666666666668,0.9479166666666667
20260912_174204_152_paper_strict_raw_equation_seed2025_01f04b03,5,19,0.010416666666666668,0.75,0.23958333333333334
20260912_174204_152_paper_strict_raw_equation_seed2025_01f04b03,5,20,0.010416666666666668,0.9791666666666667,0.010416666666666668
20260912_174204_152_paper_strict_raw_equation_seed2025_01f04b03,5,21,0.9166666666666667,0.07291666666666667,0.010416666666666668
20260912_174204_152_paper_strict_raw_equation_seed2025_01f04b03,5,22,0.9166666666666667,0.010416666666666668,0.07291666666666667
20260912_174204_152_paper_strict_raw_equation_seed2025_01f04b03,5,23,0.9791666666666667,0.010416666666666668,0.010416666666666668
20260912_174204_152_paper_strict_raw_equation_seed2025_01f04b03,5,24,0.34375,0.010416666666666668,0.6458333333333334
20260912_174204_152_paper_strict_raw_equation_seed2025_01f04b03,5,25,0.16666666666666669,0.71875,0.11458333333333333
20260912_174204_152_paper_strict_raw_equation_seed2025_01f04b03,5,26,0.6770833333333334,0.04166666666666668,0.28125000000000006
20260912_174204_152_paper_strict_raw_equation_seed2025_01f04b03,5,27,0.07291666666666667,0.05208333333333333,0.875
20260912_174204_152_paper_strict_raw_equation_seed2025_01f04b03,5,28,0.15625,0.6666666666666667,0.17708333333333331
20260912_174204_152_paper_strict_raw_equation_seed2025_01f04b03,5,29,0.08333333333333333,0.7708333333333333,0.14583333333333331
20260912_174204_152_paper_strict_raw_equation_seed2025_01f04b03,5,30,0.14583333333333334,0.010416666666666668,0.84375
20260912_174204_152_paper_strict_raw_equation_seed2025_01f04b03,5,31,0.9479166666666667,0.04166666666666667,0.010416666666666668
20260912_174204_152_paper_strict_raw_equation_seed2025_01f04b03,5,32,0.07291666666666667,0.010416666666666668,0.9166666666666667
20260912_174204_152_paper_strict_raw_equation_seed2025_01f04b03,5,33,0.1875,0.07291666666666667,0.7395833333333334
20260912_174204_152_paper_strict_raw_equation_seed2025_01f04b03,5,34,0.22916666666666669,0.65625,0.11458333333333333
20260912_174204_152_paper_strict_raw_equation_seed2025_01f04b03,5,35,0.20833333333333334,0.010416666666666668,0.78125
20260912_174204_152_paper_strict_raw_equation_seed2025_01f04b03,5,36,0.30208333333333337,0.5104166666666666,0.1875
20260912_174204_152_paper_strict_raw_equation_seed2025_01f04b03,5,37,0.010416666666666668,0.8020833333333334,0.1875
20260912_174204_152_paper_strict_raw_equation_seed2025_01f04b03,5,38,0.04166666666666667,0.7708333333333334,0.18750000000000003
20260912_174204_152_paper_strict_raw_equation_seed2025_01f04b03,5,39,0.30208333333333337,0.11458333333333333,0.5833333333333334
20260912_174204_152_paper_strict_raw_equation_seed2025_01f04b03,5,40,0.010416666666666668,0.4375,0.5520833333333334
20260912_174204_152_paper_strict_raw_equation_seed2025_01f04b03,5,41,0.17708333333333334,0.8125,0.01041666666666667
20260912_174204_152_paper_strict_raw_equation_seed2025_01f04b03,5,42,0.9791666666666667,0.010416666666666668,0.010416666666666668
20260912_174204_152_paper_strict_raw_equation_seed2025_01f04b03,5,43,0.375,0.04166666666666667,0.5833333333333334
20260912_174204_152_paper_strict_raw_equation_seed2025_01f04b03,5,44,0.010416666666666668,0.8854166666666667,0.10416666666666667
20260912_174204_152_paper_strict_raw_equation_seed2025_01f04b03,5,45,0.010416666666666668,0.90625,0.08333333333333334
20260912_174204_152_paper_strict_raw_equation_seed2025_01f04b03,5,46,0.05208333333333333,0.8229166666666667,0.125
20260912_174204_152_paper_strict_raw_equation_seed2025_01f04b03,5,47,0.9791666666666667,0.010416666666666668,0.010416666666666668
20260912_174204_152_paper_strict_raw_equation_seed2025_01f04b03,5,48,0.07291666666666667,0.34375,0.5833333333333334
20260912_174204_152_paper_strict_raw_equation_seed2025_01f04b03,5,49,0.010416666666666668,0.9791666666666667,0.010416666666666668
20260912_174204_152_paper_strict_raw_equation_seed2025_01f04b03,5,50,0.4166666666666667,0.010416666666666668,0.5729166666666666
20260912_174204_152_paper_strict_raw_equation_seed2025_01f04b03,5,51,0.010416666666666668,0.14583333333333334,0.84375
20260912_174204_152_paper_strict_raw_equation_seed2025_01f04b03,5,52,0.010416666666666668,0.010416666666666668,0.9791666666666667
20260912_174204_152_paper_strict_raw_equation_seed2025_01f04b03,5,53,0.8125,0.17708333333333334,0.010416666666666668
20260912_174204_152_paper_strict_raw_equation_seed2025_01f04b03,5,54,0.7083333333333334,0.17708333333333334,0.11458333333333334
20260912_174204_152_paper_strict_raw_equation_seed2025_01f04b03,5,55,0.04166666666666667,0.25,0.7083333333333334
20260912_174204_152_paper_strict_raw_equation_seed2025_01f04b03,5,56,0.40625,0.5833333333333334,0.010416666666666668
20260912_174204_152_paper_strict_raw_equation_seed2025_01f04b03,5,57,0.010416666666666668,0.78125,0.20833333333333334
20260912_174204_152_paper_strict_raw_equation_seed2025_01f04b03,5,58,0.90625,0.010416666666666668,0.08333333333333334
20260912_174204_152_paper_strict_raw_equation_seed2025_01f04b03,5,59,0.8333333333333334,0.05208333333333333,0.11458333333333333
20260912_174204_152_paper_strict_raw_equation_seed2025_01f04b03,5,60,0.010416666666666668,0.11458333333333333,0.875
20260912_174204_152_paper_strict_raw_equation_seed2025_01f04b03,5,61,0.010416666666666668,0.6875,0.30208333333333337
20260912_174204_152_paper_strict_raw_equation_seed2025_01f04b03,5,62,0.84375,0.14583333333333334,0.010416666666666668
20260912_174204_152_paper_strict_raw_equation_seed2025_01f04b03,5,63,0.28125,0.010416666666666668,0.7083333333333334
20260912_174204_152_paper_strict_raw_equation_seed2025_01f04b03,5,64,0.010416666666666668,0.05208333333333333,0.9375
20260912_174204_152_paper_strict_raw_equation_seed2025_01f04b03,5,65,0.90625,0.08333333333333334,0.010416666666666668
20260912_174204_152_paper_strict_raw_equation_seed2025_01f04b03,5,66,0.9375,0.010416666666666668,0.05208333333333333
20260912_174204_152_paper_strict_raw_equation_seed2025_01f04b03,5,67,0.6041666666666666,0.14583333333333331,0.25
20260912_174204_152_paper_strict_raw_equation_seed2025_01f04b03,5,68,0.052083333333333336,0.9375,0.01041666666666667
20260912_174204_152_paper_strict_raw_equation_seed2025_01f04b03,5,69,0.21875,0.010416666666666668,0.7708333333333334
20260912_174204_152_paper_strict_raw_equation_seed2025_01f04b03,5,70,0.4791666666666667,0.010416666666666668,0.5104166666666666
20260912_174204_152_paper_strict_raw_equation_seed2025_01f04b03,5,71,0.7395833333333334,0.010416666666666668,0.25
20260912_174204_152_paper_strict_raw_equation_seed2025_01f04b03,5,72,0.07291666666666667,0.9166666666666667,0.010416666666666668
20260912_174204_152_paper_strict_raw_equation_seed2025_01f04b03,5,73,0.6354166666666666,0.1875,0.17708333333333334
20260912_174204_152_paper_strict_raw_equation_seed2025_01f04b03,5,74,0.6145833333333334,0.375,0.01041666666666667
20260912_174204_152_paper_strict_raw_equation_seed2025_01f04b03,5,75,0.75,0.010416666666666668,0.23958333333333334
20260912_174204_152_paper_strict_raw_equation_seed2025_01f04b03,5,76,0.6145833333333334,0.010416666666666668,0.375
20260912_174204_152_paper_strict_raw_equation_seed2025_01f04b03,5,77,0.875,0.11458333333333334,0.01041666666666667
20260912_174204_152_paper_strict_raw_equation_seed2025_01f04b03,5,78,0.33333333333333337,0.010416666666666668,0.65625
20260912_174204_152_paper_strict_raw_equation_seed2025_01f04b03,5,79,0.11458333333333334,0.8125,0.07291666666666667
20260912_174204_152_paper_strict_raw_equation_seed2025_01f04b03,5,80,0.04166666666666667,0.9479166666666667,0.010416666666666668
20260912_174204_152_paper_strict_raw_equation_seed2025_01f04b03,5,81,0.75,0.010416666666666668,0.23958333333333334
20260912_174204_152_paper_strict_raw_equation_seed2025_01f04b03,5,82,0.010416666666666668,0.07291666666666667,0.9166666666666667
20260912_174204_152_paper_strict_raw_equation_seed2025_01f04b03,5,83,0.010416666666666668,0.10416666666666667,0.8854166666666667
20260912_174204_152_paper_strict_raw_equation_seed2025_01f04b03,5,84,0.9791666666666667,0.010416666666666668,0.010416666666666668
20260912_174204_152_paper_strict_raw_equation_seed2025_01f04b03,5,85,0.010416666666666666,0.78125,0.20833333333333331
20260912_174204_152_paper_strict_raw_equation_seed2025_01f04b03,5,86,0.9791666666666667,0.010416666666666668,0.010416666666666668
20260912_174204_152_paper_strict_raw_equation_seed2025_01f04b03,5,87,0.010416666666666668,0.010416666666666668,0.9791666666666667
20260912_174204_152_paper_strict_raw_equation_seed2025_01f04b03,5,88,0.20833333333333334,0.7083333333333334,0.08333333333333334
20260912_174204_152_paper_strict_raw_equation_seed2025_01f04b03,5,89,0.14583333333333334,0.84375,0.010416666666666668
20260912_174204_152_paper_strict_raw_equation_seed2025_01f04b03,5,90,0.30208333333333337,0.010416666666666668,0.6875
20260912_174204_152_paper_strict_raw_equation_seed2025_01f04b03,5,91,0.05208333333333333,0.78125,0.16666666666666669
20260912_174204_152_paper_strict_raw_equation_seed2025_01f04b03,5,92,0.23958333333333334,0.010416666666666668,0.75
20260912_174204_152_paper_strict_raw_equation_seed2025_01f04b03,5,93,0.010416666666666668,0.9791666666666667,0.010416666666666668
20260912_174204_152_paper_strict_raw_equation_seed2025_01f04b03,5,94,0.07291666666666667,0.05208333333333333,0.875
20260912_174204_152_paper_strict_raw_equation_seed2025_01f04b03,5,95,0.010416666666666668,0.08333333333333334,0.90625
20260912_174204_152_paper_strict_raw_equation_seed2025_01f04b03,5,96,0.10416666666666666,0.7604166666666665,0.13541666666666666
20260912_174204_152_paper_strict_raw_equation_seed2025_01f04b03,5,97,0.010416666666666668,0.010416666666666668,0.9791666666666667
20260912_174204_152_paper_strict_raw_equation_seed2025_01f04b03,5,98,0.9791666666666667,0.010416666666666668,0.010416666666666668
20260912_174204_152_paper_strict_raw_equation_seed2025_01f04b03,5,99,0.30208333333333337,0.6458333333333334,0.05208333333333333
20260912_174204_152_paper_strict_raw_equation_seed2025_01f04b03,5,100,0.010416666666666668,0.6145833333333334,0.375
20260912_174204_152_paper_strict_raw_equation_seed2025_01f04b03,5,101,0.875,0.11458333333333334,0.01041666666666667
20260912_174204_152_paper_strict_raw_equation_seed2025_01f04b03,6,0,0.9895833333333334,0.005208333333333334,0.005208333333333334
20260912_174204_152_paper_strict_raw_equation_seed2025_01f04b03,6,1,0.005208333333333334,0.005208333333333334,0.9895833333333334
20260912_174204_152_paper_strict_raw_equation_seed2025_01f04b03,6,2,0.06770833333333333,0.9114583333333334,0.020833333333333336
20260912_174204_152_paper_strict_raw_equation_seed2025_01f04b03,6,3,0.8697916666666667,0.07291666666666667,0.057291666666666664
20260912_174204_152_paper_strict_raw_equation_seed2025_01f04b03,6,4,0.203125,0.005208333333333334,0.7916666666666667
20260912_174204_152_paper_strict_raw_equation_seed2025_01f04b03,6,5,0.07291666666666669,0.8020833333333334,0.12500000000000003
20260912_174204_152_paper_strict_raw_equation_seed2025_01f04b03,6,6,0.005208333333333334,0.7864583333333334,0.20833333333333334
20260912_174204_152_paper_strict_raw_equation_seed2025_01f04b03,6,7,0.026041666666666664,0.9479166666666667,0.026041666666666664
20260912_174204_152_paper_strict_raw_equation_seed2025_01f04b03,6,8,0.25520833333333337,0.71875,0.026041666666666664
20260912_174204_152_paper_strict_raw_equation_seed2025_01f04b03,6,9,0.96875,0.005208333333333334,0.026041666666666664
20260912_174204_152_paper_strict_raw_equation_seed2025_01f04b03,6,10,0.6041666666666667,0.390625,0.005208333333333334
20260912_174204_152_paper_strict_raw_equation_seed2025_01f04b03,6,11,0.005208333333333334,0.8125,0.18229166666666666
20260912_174204_152_paper_strict_raw_equation_seed2025_01f04b03,6,12,0.17708333333333334,0.796875,0.026041666666666664
20260912_174204_152_paper_strict_raw_equation_seed2025_01f04b03,6,13,0.17708333333333334,0.8177083333333334,0.005208333333333334
20260912_174204_152_paper_strict_raw_equation_seed2025_01f04b03,6,14,0.9895833333333334,0.005208333333333334,0.005208333333333334
20260912_174204_152_paper_strict_raw_equation_seed2025_01f04b03,6,15,0.4010416666666667,0.16145833333333334,0.4375
20260912_174204_152_paper_strict_raw_equation_seed2025_01f04b03,6,16,0.036458333333333336,0.9583333333333334,0.005208333333333334
20260912_174204_152_paper_strict_raw_equation_seed2025_01f04b03,6,17,0.9895833333333334,0.005208333333333334,0.005208333333333334
20260912_174204_152_paper_strict_raw_equation_seed2025_01f04b03,6,18,0.020833333333333336,0.005208333333333334,0.9739583333333334
20260912_174204_152_paper_strict_raw_equation_seed2025_01f04b03,6,19,0.005208333333333334,0.75,0.24479166666666669
20260912_174204_152_paper_strict_raw_equation_seed2025_01f04b03,6,20,0.005208333333333334,0.9895833333333334,0.005208333333333334
20260912_174204_152_paper_strict_raw_equation_seed2025_01f04b03,6,21,0.8333333333333334,0.16145833333333334,0.005208333333333334
20260912_174204_152_paper_strict_raw_equation_seed2025_01f04b03,6,22,0.8333333333333334,0.13020833333333334,0.036458333333333336
20260912_174204_152_paper_strict_raw_equation_seed2025_01f04b03,6,23,0.9895833333333334,0.005208333333333334,0.005208333333333334
20260912_174204_152_paper_strict_raw_equation_seed2025_01f04b03,6,24,0.171875,0.005208333333333334,0.8229166666666667
20260912_174204_152_paper_strict_raw_equation_seed2025_01f04b03,6,25,0.20833333333333334,0.734375,0.057291666666666664
20260912_174204_152_paper_strict_raw_equation_seed2025_01f04b03,6,26,0.7135416666666667,0.02083333333333334,0.265625
20260912_174204_152_paper_strict_raw_equation_seed2025_01f04b03,6,27,0.036458333333333336,0.026041666666666664,0.9375
20260912_174204_152_paper_strict_raw_equation_seed2025_01f04b03,6,28,0.078125,0.8333333333333334,0.08854166666666666
20260912_174204_152_paper_strict_raw_equation_seed2025_01f04b03,6,29,0.04166666666666667,0.8854166666666667,0.07291666666666667
20260912_174204_152_paper_strict_raw_equation_seed2025_01f04b03,6,30,0.07291666666666667,0.005208333333333334,0.921875
20260912_174204_152_paper_strict_raw_equation_seed2025_01f04b03,6,31,0.9739583333333334,0.020833333333333336,0.005208333333333334
20260912_174204_152_paper_strict_raw_equation_seed2025_01f04b03,6,32,0.036458333333333336,0.005208333333333334,0.9583333333333334
20260912_174204_152_paper_strict_raw_equation_seed2025_01f04b03,6,33,0.21875,0.16145833333333334,0.6197916666666667
20260912_174204_152_paper_strict_raw_equation_seed2025_01f04b03,6,34,0.11458333333333334,0.828125,0.057291666666666664
20260912_174204_152_paper_strict_raw_equation_seed2025_01f04b03,6,35,0.22916666666666669,0.005208333333333334,0.765625
20260912_174204_152_paper_strict_raw_equation_seed2025_01f04b03,6,36,0.15104166666666669,0.6302083333333333,0.21875
20260912_174204_152_paper_strict_raw_equation_seed2025_01f04b03,6,37,0.005208333333333334,0.9010416666666667,0.09375
20260912_174204_152_paper_strict_raw_equation_seed2025_01f04b03,6,38,0.020833333333333336,0.7604166666666667,0.21875
20260912_174204_152_paper_strict_raw_equation_seed2025_01f04b03,6,39,0.15104166666666669,0.057291666666666664,0.7916666666666667
20260912_174204_152_paper_strict_raw_equation_seed2025_01f04b03,6,40,0.005208333333333334,0.59375,0.4010416666666667
20260912_174204_152_paper_strict_raw_equation_seed2025_01f04b03,6,41,0.21354166666666669,0.78125,0.005208333333333335
20260912_174204_152_paper_strict_raw_equation_seed2025_01f04b03,6,42,0.9895833333333334,0.005208333333333334,0.005208333333333334
20260912_174204_152_paper_strict_raw_equation_seed2025_01f04b03,6,43,0.1875,0.14583333333333334,0.6666666666666667
20260912_174204_152_paper_strict_raw_equation_seed2025_01f04b03,6,44,0.005208333333333334,0.9427083333333334,0.052083333333333336
20260912_174204_152_paper_strict_raw_equation_seed2025_01f04b03,6,45,0.005208333333333334,0.953125,0.04166666666666667
20260912_174204_152_paper_strict_raw_equation_seed2025_01f04b03,6,46,0.026041666666666664,0.9114583333333334,0.0625
20260912_174204_152_paper_strict_raw_equation_seed2025_01f04b03,6,47,0.9895833333333334,0.005208333333333334,0.005208333333333334
20260912_174204_152_paper_strict_raw_equation_seed2025_01f04b03,6,48,0.16145833333333334,0.296875,0.5416666666666667
20260912_174204_152_paper_strict_raw_equation_seed2025_01f04b03,6,49,0.005208333333333334,0.9895833333333334,0.005208333333333334
20260912_174204_152_paper_strict_raw_equation_seed2025_01f04b03,6,50,0.33333333333333337,0.005208333333333334,0.6614583333333333
20260912_174204_152_paper_strict_raw_equation_seed2025_01f04b03,6,51,0.005208333333333334,0.19791666666666669,0.796875
20260912_174204_152_paper_strict_raw_equation_seed2025_01f04b03,6,52,0.005208333333333334,0.005208333333333334,0.9895833333333334
20260912_174204_152_paper_strict_raw_equation_seed2025_01f04b03,6,53,0.78125,0.21354166666666669,0.005208333333333334
20260912_174204_152_paper_strict_raw_equation_seed2025_01f04b03,6,54,0.4791666666666667,0.3385416666666667,0.18229166666666669
20260912_174204_152_paper_strict_raw_equation_seed2025_01f04b03,6,55,0.14583333333333334,0.125,0.7291666666666667
20260912_174204_152_paper_strict_raw_equation_seed2025_01f04b03,6,56,0.203125,0.7916666666666667,0.005208333333333334
20260912_174204_152_paper_strict_raw_equation_seed2025_01f04b03,6,57,0.005208333333333334,0.890625,0.10416666666666667
20260912_174204_152_paper_strict_raw_equation_seed2025_01f04b03,6,58,0.703125,0.005208333333333334,0.2916666666666667
20260912_174204_152_paper_strict_raw_equation_seed2025_01f04b03,6,59,0.7916666666666667,0.15104166666666666,0.057291666666666664
20260912_174204_152_paper_strict_raw_equation_seed2025_01f04b03,6,60,0.005208333333333334,0.18229166666666666,0.8125
20260912_174204_152_paper_strict_raw_equation_seed2025_01f04b03,6,61,0.005208333333333334,0.71875,0.2760416666666667
20260912_174204_152_paper_strict_raw_equation_seed2025_01f04b03,6,62,0.796875,0.19791666666666669,0.005208333333333334
20260912_174204_152_paper_strict_raw_equation_seed2025_01f04b03,6,63,0.515625,0.005208333333333334,0.4791666666666667
20260912_174204_152_paper_strict_raw_equation_seed2025_01f04b03,6,64,0.005208333333333334,0.026041666666666664,0.96875
20260912_174204_152_paper_strict_raw_equation_seed2025_01f04b03,6,65,0.953125,0.04166666666666667,0.005208333333333334
20260912_174204_152_paper_strict_raw_equation_seed2025_01f04b03,6,66,0.96875,0.005208333333333334,0.026041666666666664
20260912_174204_152_paper_strict_raw_equation_seed2025_01f04b03,6,67,0.4270833333333333,0.19791666666666666,0.375
20260912_174204_152_paper_strict_raw_equation_seed2025_01f04b03,6,68,0.026041666666666668,0.96875,0.005208333333333335
20260912_174204_152_paper_strict_raw_equation_seed2025_01f04b03,6,69,0.234375,0.005208333333333334,0.7604166666666667
20260912_174204_152_paper_strict_raw_equation_seed2025_01f04b03,6,70,0.36458333333333337,0.005208333333333334,0.6302083333333333
20260912_174204_152_paper_strict_raw_equation_seed2025_01f04b03,6,71,0.4947916666666667,0.005208333333333334,0.5
20260912_174204_152_paper_strict_raw_equation_seed2025_01f04b03,6,72,0.036458333333333336,0.9583333333333334,0.005208333333333334
20260912_174204_152_paper_strict_raw_equation_seed2025_01f04b03,6,73,0.8177083333333334,0.09375000000000001,0.08854166666666669
20260912_174204_152_paper_strict_raw_equation_seed2025_01f04b03,6,74,0.6822916666666667,0.3125,0.005208333333333335
20260912_174204_152_paper_strict_raw_equation_seed2025_01f04b03,6,75,0.875,0.005208333333333334,0.11979166666666667
20260912_174204_152_paper_strict_raw_equation_seed2025_01f04b03,6,76,0.5572916666666667,0.005208333333333334,0.4375
20260912_174204_152_paper_strict_raw_equation_seed2025_01f04b03,6,77,0.9375,0.05729166666666667,0.005208333333333335
20260912_174204_152_paper_strict_raw_equation_seed2025_01f04b03,6,78,0.2916666666666667,0.005208333333333334,0.703125
20260912_174204_152_paper_strict_raw_equation_seed2025_01f04b03,6,79,0.05729166666666667,0.90625,0.036458333333333336
20260912_174204_152_paper_strict_raw_equation_seed2025_01f04b03,6,80,0.020833333333333336,0.9739583333333334,0.005208333333333334
20260912_174204_152_paper_strict_raw_equation_seed2025_01f04b03,6,81,0.75,0.005208333333333334,0.24479166666666669
20260912_174204_152_paper_strict_raw_equation_seed2025_01f04b03,6,82,0.005208333333333334,0.036458333333333336,0.9583333333333334
20260912_174204_152_paper_strict_raw_equation_seed2025_01f04b03,6,83,0.005208333333333334,0.052083333333333336,0.9427083333333334
20260912_174204_152_paper_strict_raw_equation_seed2025_01f04b03,6,84,0.9895833333333334,0.005208333333333334,0.005208333333333334
20260912_174204_152_paper_strict_raw_equation_seed2025_01f04b03,6,85,0.005208333333333333,0.765625,0.22916666666666666
20260912_174204_152_paper_strict_raw_equation_seed2025_01f04b03,6,86,0.9895833333333334,0.005208333333333334,0.005208333333333334
20260912_174204_152_paper_strict_raw_equation_seed2025_01f04b03,6,87,0.005208333333333334,0.005208333333333334,0.9895833333333334
20260912_174204_152_paper_strict_raw_equation_seed2025_01f04b03,6,88,0.10416666666666667,0.7291666666666667,0.16666666666666669
20260912_174204_152_paper_strict_raw_equation_seed2025_01f04b03,6,89,0.07291666666666667,0.921875,0.005208333333333334
20260912_174204_152_paper_strict_raw_equation_seed2025_01f04b03,6,90,0.15104166666666669,0.005208333333333334,0.84375
20260912_174204_152_paper_strict_raw_equation_seed2025_01f04b03,6,91,0.026041666666666664,0.890625,0.08333333333333334
20260912_174204_152_paper_strict_raw_equation_seed2025_01f04b03,6,92,0.11979166666666667,0.005208333333333334,0.875
20260912_174204_152_paper_strict_raw_equation_seed2025_01f04b03,6,93,0.005208333333333334,0.9895833333333334,0.005208333333333334
20260912_174204_152_paper_strict_raw_equation_seed2025_01f04b03,6,94,0.036458333333333336,0.026041666666666664,0.9375
20260912_174204_152_paper_strict_raw_equation_seed2025_01f04b03,6,95,0.005208333333333334,0.04166666666666667,0.953125
20260912_174204_152_paper_strict_raw_equation_seed2025_01f04b03,6,96,0.05208333333333333,0.7552083333333333,0.19270833333333331
20260912_174204_152_paper_strict_raw_equation_seed2025_01f04b03,6,97,0.005208333333333334,0.005208333333333334,0.9895833333333334
20260912_174204_152_paper_strict_raw_equation_seed2025_01f04b03,6,98,0.9895833333333334,0.005208333333333334,0.005208333333333334
20260912_174204_152_paper_strict_raw_equation_seed2025_01f04b03,6,99,0.5260416666666666,0.4479166666666666,0.026041666666666657
20260912_174204_152_paper_strict_raw_equation_seed2025_01f04b03,6,100,0.005208333333333334,0.6822916666666667,0.3125
20260912_174204_152_paper_strict_raw_equation_seed2025_01f04b03,6,101,0.9375,0.05729166666666667,0.005208333333333335
20260912_174204_152_paper_strict_raw_equation_seed2025_01f04b03,7,0,0.9947916666666667,0.002604166666666667,0.002604166666666667
20260912_174204_152_paper_strict_raw_equation_seed2025_01f04b03,7,1,0.002604166666666667,0.002604166666666667,0.9947916666666667
20260912_174204_152_paper_strict_raw_equation_seed2025_01f04b03,7,2,0.033854166666666664,0.9557291666666667,0.010416666666666668
20260912_174204_152_paper_strict_raw_equation_seed2025_01f04b03,7,3,0.7682291666666667,0.203125,0.028645833333333332
20260912_174204_152_paper_strict_raw_equation_seed2025_01f04b03,7,4,0.26822916666666663,0.002604166666666667,0.7291666666666667
20260912_174204_152_paper_strict_raw_equation_seed2025_01f04b03,7,5,0.036458333333333336,0.9010416666666665,0.0625
20260912_174204_152_paper_strict_raw_equation_seed2025_01f04b03,7,6,0.002604166666666667,0.8932291666666667,0.10416666666666667
20260912_174204_152_paper_strict_raw_equation_seed2025_01f04b03,7,7,0.013020833333333332,0.9739583333333334,0.013020833333333332
20260912_174204_152_paper_strict_raw_equation_seed2025_01f04b03,7,8,0.12760416666666669,0.859375,0.013020833333333332
20260912_174204_152_paper_strict_raw_equation_seed2025_01f04b03,7,9,0.984375,0.002604166666666667,0.013020833333333332
20260912_174204_152_paper_strict_raw_equation_seed2025_01f04b03,7,10,0.46875000000000006,0.5286458333333334,0.0026041666666666674
20260912_174204_152_paper_strict_raw_equation_seed2025_01f04b03,7,11,0.002604166666666667,0.90625,0.09114583333333333
20260912_174204_152_paper_strict_raw_equation_seed2025_01f04b03,7,12,0.08854166666666667,0.8984375,0.013020833333333332
20260912_174204_152_paper_strict_raw_equation_seed2025_01f04b03,7,13,0.25520833333333337,0.7421875000000001,0.0026041666666666674
20260912_174204_152_paper_strict_raw_equation_seed2025_01f04b03,7,14,0.9947916666666667,0.002604166666666667,0.002604166666666667
20260912_174204_152_paper_strict_raw_equation_seed2025_01f04b03,7,15,0.5338541666666667,0.08072916666666669,0.3854166666666667
20260912_174204_152_paper_strict_raw_equation_seed2025_01f04b03,7,16,0.018229166666666668,0.9791666666666667,0.002604166666666667
20260912_174204_152_paper_strict_raw_equation_seed2025_01f04b03,7,17,0.9947916666666667,0.002604166666666667,0.002604166666666667
20260912_174204_152_paper_strict_raw_equation_seed2025_01f04b03,7,18,0.010416666666666668,0.002604166666666667,0.9869791666666667
20260912_174204_152_paper_strict_raw_equation_seed2025_01f04b03,7,19,0.002604166666666667,0.875,0.12239583333333334
20260912_174204_152_paper_strict_raw_equation_seed2025_01f04b03,7,20,0.002604166666666667,0.9947916666666667,0.002604166666666667
20260912_174204_152_paper_strict_raw_equation_seed2025_01f04b03,7,21,0.9166666666666667,0.08072916666666667,0.002604166666666667
20260912_174204_152_paper_strict_raw_equation_seed2025_01f04b03,7,22,0.5833333333333334,0.3984375,0.018229166666666668
20260912_174204_152_paper_strict_raw_equation_seed2025_01f04b03,7,23,0.9947916666666667,0.002604166666666667,0.002604166666666667
20260912_174204_152_paper_strict_raw_equation_seed2025_01f04b03,7,24,0.4192708333333333,0.002604166666666667,0.578125
20260912_174204_152_paper_strict_raw_equation_seed2025_01f04b03,7,25,0.10416666666666667,0.8671875,0.028645833333333332
20260912_174204_152_paper_strict_raw_equation_seed2025_01f04b03,7,26,0.5234375,0.01041666666666667,0.4661458333333333
20260912_174204_152_paper_strict_raw_equation_seed2025_01f04b03,7,27,0.01822916666666667,0.17968750000000003,0.8020833333333334
20260912_174204_152_paper_strict_raw_equation_seed2025_01f04b03,7,28,0.0390625,0.9166666666666667,0.04427083333333333
20260912_174204_152_paper_strict_raw_equation_seed2025_01f04b03,7,29,0.020833333333333336,0.7760416666666667,0.203125
20260912_174204_152_paper_strict_raw_equation_seed2025_01f04b03,7,30,0.20312500000000003,0.0026041666666666674,0.7942708333333334
20260912_174204_152_paper_strict_raw_equation_seed2025_01f04b03,7,31,0.9869791666666667,0.010416666666666668,0.002604166666666667
20260912_174204_152_paper_strict_raw_equation_seed2025_01f04b03,7,32,0.018229166666666668,0.002604166666666667,0.9791666666666667
20260912_174204_152_paper_strict_raw_equation_seed2025_01f04b03,7,33,0.109375,0.08072916666666667,0.8098958333333334
20260912_174204_152_paper_strict_raw_equation_seed2025_01f04b03,7,34,0.05729166666666667,0.9140625,0.028645833333333332
20260912_174204_152_paper_strict_raw_equation_seed2025_01f04b03,7,35,0.28125,0.002604166666666667,0.7161458333333333
20260912_174204_152_paper_strict_raw_equation_seed2025_01f04b03,7,36,0.4088541666666667,0.3151041666666667,0.2760416666666667
20260912_174204_152_paper_strict_raw_equation_seed2025_01f04b03,7,37,0.002604166666666667,0.9505208333333334,0.046875
20260912_174204_152_paper_strict_raw_equation_seed2025_01f04b03,7,38,0.010416666666666668,0.8802083333333334,0.109375
20260912_174204_152_paper_strict_raw_equation_seed2025_01f04b03,7,39,0.2421875,0.028645833333333332,0.7291666666666667
20260912_174204_152_paper_strict_raw_equation_seed2025_01f04b03,7,40,0.0026041666666666674,0.6302083333333334,0.36718750000000006
20260912_174204_152_paper_strict_raw_equation_seed2025_01f04b03,7,41,0.27343750000000006,0.7239583333333334,0.002604166666666668
20260912_174204_152_paper_strict_raw_equation_seed2025_01f04b03,7,42,0.9947916666666667,0.002604166666666667,0.002604166666666667
20260912_174204_152_paper_strict_raw_equation_seed2025_01f04b03,7,43,0.26041666666666663,0.23958333333333331,0.5
20260912_174204_152_paper_strict_raw_equation_seed2025_01f04b03,7,44,0.002604166666666667,0.9713541666666667,0.026041666666666668
20260912_174204_152_paper_strict_raw_equation_seed2025_01f04b03,7,45,0.002604166666666667,0.9765625,0.020833333333333336
20260912_174204_152_paper_strict_raw_equation_seed2025_01f04b03,7,46,0.013020833333333332,0.9557291666666667,0.03125
20260912_174204_152_paper_strict_raw_equation_seed2025_01f04b03,7,47,0.9947916666666667,0.002604166666666667,0.002604166666666667
20260912_174204_152_paper_strict_raw_equation_seed2025_01f04b03,7,48,0.08072916666666667,0.31510416666666663,0.6041666666666667
20260912_174204_152_paper_strict_raw_equation_seed2025_01f04b03,7,49,0.002604166666666667,0.9947916666666667,0.002604166666666667
20260912_174204_152_paper_strict_raw_equation_seed2025_01f04b03,7,50,0.5000000000000001,0.0026041666666666674,0.4973958333333333
20260912_174204_152_paper_strict_raw_equation_seed2025_01f04b03,7,51,0.002604166666666667,0.265625,0.7317708333333333
20260912_174204_152_paper_strict_raw_equation_seed2025_01f04b03,7,52,0.002604166666666667,0.002604166666666667,0.9947916666666667
20260912_174204_152_paper_strict_raw_equation_seed2025_01f04b03,7,53,0.890625,0.10677083333333334,0.002604166666666667
20260912_174204_152_paper_strict_raw_equation_seed2025_01f04b03,7,54,0.23958333333333334,0.3359375,0.42447916666666663
20260912_174204_152_paper_strict_raw_equation_seed2025_01f04b03,7,55,0.07291666666666667,0.0625,0.8645833333333334
20260912_174204_152_paper_strict_raw_equation_seed2025_01f04b03,7,56,0.1015625,0.8958333333333334,0.002604166666666667
20260912_174204_152_paper_strict_raw_equation_seed2025_01f04b03,7,57,0.002604166666666667,0.9453125,0.052083333333333336
20260912_174204_152_paper_strict_raw_equation_seed2025_01f04b03,7,58,0.8515625,0.002604166666666667,0.14583333333333334
20260912_174204_152_paper_strict_raw_equation_seed2025_01f04b03,7,59,0.7291666666666667,0.2421875,0.028645833333333332
20260912_174204_152_paper_strict_raw_equation_seed2025_01f04b03,7,60,0.002604166666666667,0.2578125,0.7395833333333333
20260912_174204_152_paper_strict_raw_equation_seed2025_01f04b03,7,61,0.0026041666666666674,0.6927083333333334,0.30468750000000006
20260912_174204_152_paper_strict_raw_equation_seed2025_01f04b03,7,62,0.8984375,0.09895833333333334,0.002604166666666667
20260912_174204_152_paper_strict_raw_equation_seed2025_01f04b03,7,63,0.5911458333333334,0.0026041666666666674,0.40625000000000006
20260912_174204_152_paper_strict_raw_equation_seed2025_01f04b03,7,64,0.002604166666666667,0.013020833333333332,0.984375
20260912_174204_152_paper_strict_raw_equation_seed2025_01f04b03,7,65,0.9765625,0.020833333333333336,0.002604166666666667
20260912_174204_152_paper_strict_raw_equation_seed2025_01f04b03,7,66,0.984375,0.002604166666666667,0.013020833333333332
20260912_174204_152_paper_strict_raw_equation_seed2025_01f04b03,7,67,0.546875,0.265625,0.1875
20260912_174204_152_paper_strict_raw_equation_seed2025_01f04b03,7,68,0.013020833333333334,0.984375,0.0026041666666666674
20260912_174204_152_paper_strict_raw_equation_seed2025_01f04b03,7,69,0.28385416666666663,0.002604166666666667,0.7135416666666667
20260912_174204_152_paper_strict_raw_equation_seed2025_01f04b03,7,70,0.18229166666666669,0.002604166666666667,0.8151041666666666
20260912_174204_152_paper_strict_raw_equation_seed2025_01f04b03,7,71,0.24739583333333334,0.002604166666666667,0.75
20260912_174204_152_paper_strict_raw_equation_seed2025_01f04b03,7,72,0.018229166666666668,0.9791666666666667,0.002604166666666667
20260912_174204_152_paper_strict_raw_equation_seed2025_01f04b03,7,73,0.7421875,0.21354166666666666,0.04427083333333334
20260912_174204_152_paper_strict_raw_equation_seed2025_01f04b03,7,74,0.6744791666666667,0.32291666666666663,0.0026041666666666674
20260912_174204_152_paper_strict_raw_equation_seed2025_01f04b03,7,75,0.6041666666666667,0.0026041666666666674,0.3932291666666667
20260912_174204_152_paper_strict_raw_equation_seed2025_01f04b03,7,76,0.6119791666666667,0.002604166666666667,0.38541666666666663
20260912_174204_152_paper_strict_raw_equation_seed2025_01f04b03,7,77,0.96875,0.028645833333333336,0.0026041666666666674
20260912_174204_152_paper_strict_raw_equation_seed2025_01f04b03,7,78,0.3125,0.002604166666666667,0.6848958333333333
20260912_174204_152_paper_strict_raw_equation_seed2025_01f04b03,7,79,0.028645833333333336,0.953125,0.018229166666666668
20260912_174204_152_paper_strict_raw_equation_seed2025_01f04b03,7,80,0.010416666666666668,0.9869791666666667,0.002604166666666667
20260912_174204_152_paper_strict_raw_equation_seed2025_01f04b03,7,81,0.7083333333333334,0.0026041666666666674,0.28906250000000006
20260912_174204_152_paper_strict_raw_equation_seed2025_01f04b03,7,82,0.002604166666666667,0.018229166666666668,0.9791666666666667
20260912_174204_152_paper_strict_raw_equation_seed2025_01f04b03,7,83,0.002604166666666667,0.026041666666666668,0.9713541666666667
20260912_174204_152_paper_strict_raw_equation_seed2025_01f04b03,7,84,0.9947916666666667,0.002604166666666667,0.002604166666666667
20260912_174204_152_paper_strict_raw_equation_seed2025_01f04b03,7,85,0.002604166666666667,0.7161458333333334,0.28125000000000006
20260912_174204_152_paper_strict_raw_equation_seed2025_01f04b03,7,86,0.9947916666666667,0.002604166666666667,0.002604166666666667
20260912_174204_152_paper_strict_raw_equation_seed2025_01f04b03,7,87,0.002604166666666667,0.002604166666666667,0.9947916666666667
20260912_174204_152_paper_strict_raw_equation_seed2025_01f04b03,7,88,0.052083333333333336,0.6979166666666667,0.25
20260912_174204_152_paper_strict_raw_equation_seed2025_01f04b03,7,89,0.036458333333333336,0.9609375,0.002604166666666667
20260912_174204_152_paper_strict_raw_equation_seed2025_01f04b03,7,90,0.07552083333333334,0.002604166666666667,0.921875
20260912_174204_152_paper_strict_raw_equation_seed2025_01f04b03,7,91,0.013020833333333332,0.6119791666666666,0.375
20260912_174204_152_paper_strict_raw_equation_seed2025_01f04b03,7,92,0.05989583333333334,0.16927083333333334,0.7708333333333334
20260912_174204_152_paper_strict_raw_equation_seed2025_01f04b03,7,93,0.002604166666666667,0.9947916666666667,0.002604166666666667
20260912_174204_152_paper_strict_raw_equation_seed2025_01f04b03,7,94,0.018229166666666668,0.013020833333333332,0.96875
20260912_174204_152_paper_strict_raw_equation_seed2025_01f04b03,7,95,0.002604166666666667,0.020833333333333336,0.9765625
20260912_174204_152_paper_strict_raw_equation_seed2025_01f04b03,7,96,0.026041666666666664,0.7109375,0.2630208333333333
20260912_174204_152_paper_strict_raw_equation_seed2025_01f04b03,7,97,0.002604166666666667,0.002604166666666667,0.9947916666666667
20260912_174204_152_paper_strict_raw_equation_seed2025_01f04b03,7,98,0.9947916666666667,0.002604166666666667,0.002604166666666667
20260912_174204_152_paper_strict_raw_equation_seed2025_01f04b03,7,99,0.26302083333333337,0.7239583333333334,0.01302083333333333
20260912_174204_152_paper_strict_raw_equation_seed2025_01f04b03,7,100,0.002604166666666667,0.8411458333333334,0.15625
20260912_174204_152_paper_strict_raw_equation_seed2025_01f04b03,7,101,0.96875,0.028645833333333336,0.0026041666666666674
20260912_174204_152_paper_strict_raw_equation_seed2025_01f04b03,8,0,0.9973958333333334,0.0013020833333333335,0.0013020833333333335
20260912_174204_152_paper_strict_raw_equation_seed2025_01f04b03,8,1,0.0013020833333333335,0.0013020833333333335,0.9973958333333334
20260912_174204_152_paper_strict_raw_equation_seed2025_01f04b03,8,2,0.016927083333333332,0.9778645833333334,0.005208333333333334
20260912_174204_152_paper_strict_raw_equation_seed2025_01f04b03,8,3,0.8841145833333334,0.1015625,0.014322916666666666
20260912_174204_152_paper_strict_raw_equation_seed2025_01f04b03,8,4,0.13411458333333331,0.0013020833333333335,0.8645833333333334
20260912_174204_152_paper_strict_raw_equation_seed2025_01f04b03,8,5,0.01822916666666667,0.9505208333333334,0.03125000000000001
20260912_174204_152_paper_strict_raw_equation_seed2025_01f04b03,8,6,0.0013020833333333335,0.9466145833333334,0.052083333333333336
20260912_174204_152_paper_strict_raw_equation_seed2025_01f04b03,8,7,0.006510416666666666,0.9869791666666667,0.006510416666666666
20260912_174204_152_paper_strict_raw_equation_seed2025_01f04b03,8,8,0.31380208333333337,0.6796875,0.006510416666666666
20260912_174204_152_paper_strict_raw_equation_seed2025_01f04b03,8,9,0.9921875,0.0013020833333333335,0.006510416666666666
20260912_174204_152_paper_strict_raw_equation_seed2025_01f04b03,8,10,0.484375,0.5143229166666667,0.0013020833333333337
20260912_174204_152_paper_strict_raw_equation_seed2025_01f04b03,8,11,0.0013020833333333335,0.453125,0.5455729166666666
20260912_174204_152_paper_strict_raw_equation_seed2025_01f04b03,8,12,0.29427083333333337,0.6992187500000001,0.006510416666666667
20260912_174204_152_paper_strict_raw_equation_seed2025_01f04b03,8,13,0.3776041666666667,0.62109375,0.0013020833333333337
20260912_174204_152_paper_strict_raw_equation_seed2025_01f04b03,8,14,0.9973958333333334,0.0013020833333333335,0.0013020833333333335
20260912_174204_152_paper_strict_raw_equation_seed2025_01f04b03,8,15,0.5169270833333334,0.29036458333333337,0.19270833333333334
20260912_174204_152_paper_strict_raw_equation_seed2025_01f04b03,8,16,0.009114583333333334,0.9895833333333334,0.0013020833333333335
20260912_174204_152_paper_strict_raw_equation_seed2025_01f04b03,8,17,0.9973958333333334,0.0013020833333333335,0.0013020833333333335
20260912_174204_152_paper_strict_raw_equation_seed2025_01f04b03,8,18,0.005208333333333334,0.0013020833333333335,0.9934895833333334
20260912_174204_152_paper_strict_raw_equation_seed2025_01f04b03,8,19,0.0013020833333333335,0.9375,0.06119791666666667
20260912_174204_152_paper_strict_raw_equation_seed2025_01f04b03,8,20,0.0013020833333333335,0.9973958333333334,0.0013020833333333335
20260912_174204_152_paper_strict_raw_equation_seed2025_01f04b03,8,21,0.9583333333333334,0.040364583333333336,0.0013020833333333335
20260912_174204_152_paper_strict_raw_equation_seed2025_01f04b03,8,22,0.7916666666666667,0.19921875,0.009114583333333334
20260912_174204_152_paper_strict_raw_equation_seed2025_01f04b03,8,23,0.9973958333333334,0.0013020833333333335,0.0013020833333333335
20260912_174204_152_paper_strict_raw_equation_seed2025_01f04b03,8,24,0.20963541666666666,0.0013020833333333335,0.7890625
20260912_174204_152_paper_strict_raw_equation_seed2025_01f04b03,8,25,0.052083333333333336,0.93359375,0.014322916666666666
20260912_174204_152_paper_strict_raw_equation_seed2025_01f04b03,8,26,0.26171875,0.005208333333333335,0.7330729166666666
20260912_174204_152_paper_strict_raw_equation_seed2025_01f04b03,8,27,0.009114583333333336,0.08984375000000001,0.9010416666666667
20260912_174204_152_paper_strict_raw_equation_seed2025_01f04b03,8,28,0.01953125,0.9583333333333334,0.022135416666666664
20260912_174204_152_paper_strict_raw_equation_seed2025_01f04b03,8,29,0.010416666666666668,0.6380208333333334,0.3515625
20260912_174204_152_paper_strict_raw_equation_seed2025_01f04b03,8,30,0.10156250000000001,0.0013020833333333337,0.8971354166666667
20260912_174204_152_paper_strict_raw_equation_seed2025_01f04b03,8,31,0.9934895833333334,0.005208333333333334,0.0013020833333333335
20260912_174204_152_paper_strict_raw_equation_seed2025_01f04b03,8,32,0.009114583333333334,0.0013020833333333335,0.9895833333333334
20260912_174204_152_paper_strict_raw_equation_seed2025_01f04b03,8,33,0.0546875,0.040364583333333336,0.9049479166666667
20260912_174204_152_paper_strict_raw_equation_seed2025_01f04b03,8,34,0.028645833333333336,0.95703125,0.014322916666666666
20260912_174204_152_paper_strict_raw_equation_seed2025_01f04b03,8,35,0.390625,0.0013020833333333335,0.6080729166666666
20260912_174204_152_paper_strict_raw_equation_seed2025_01f04b03,8,36,0.45442708333333337,0.40755208333333337,0.13802083333333334
20260912_174204_152_paper_strict_raw_equation_seed2025_01f04b03,8,37,0.0013020833333333335,0.9752604166666667,0.0234375
20260912_174204_152_paper_strict_raw_equation_seed2025_01f04b03,8,38,0.005208333333333334,0.9401041666666667,0.0546875
20260912_174204_152_paper_strict_raw_equation_seed2025_01f04b03,8,39,0.12109375,0.2643229166666667,0.6145833333333334
20260912_174204_152_paper_strict_raw_equation_seed2025_01f04b03,8,40,0.0013020833333333335,0.8151041666666665,0.18359375
20260912_174204_152_paper_strict_raw_equation_seed2025_01f04b03,8,41,0.38671875,0.6119791666666667,0.001302083333333334
20260912_174204_152_paper_strict_raw_equation_seed2025_01f04b03,8,42,0.9973958333333334,0.0013020833333333335,0.0013020833333333335
20260912_174204_152_paper_strict_raw_equation_seed2025_01f04b03,8,43,0.13020833333333331,0.36979166666666663,0.5
20260912_174204_152_paper_strict_raw_equation_seed2025_01f04b03,8,44,0.0013020833333333335,0.9856770833333334,0.013020833333333334
20260912_174204_152_paper_strict_raw_equation_seed2025_01f04b03,8,45,0.0013020833333333335,0.98828125,0.010416666666666668
20260912_174204_152_paper_strict_raw_equation_seed2025_01f04b03,8,46,0.006510416666666666,0.9778645833333334,0.015625
20260912_174204_152_paper_strict_raw_equation_seed2025_01f04b03,8,47,0.9973958333333334,0.0013020833333333335,0.0013020833333333335
20260912_174204_152_paper_strict_raw_equation_seed2025_01f04b03,8,48,0.040364583333333336,0.6575520833333333,0.30208333333333337
20260912_174204_152_paper_strict_raw_equation_seed2025_01f04b03,8,49,0.0013020833333333335,0.9973958333333334,0.0013020833333333335
20260912_174204_152_paper_strict_raw_equation_seed2025_01f04b03,8,50,0.5,0.0013020833333333337,0.49869791666666663
20260912_174204_152_paper_strict_raw_equation_seed2025_01f04b03,8,51,0.0013020833333333335,0.1328125,0.8658854166666666
20260912_174204_152_paper_strict_raw_equation_seed2025_01f04b03,8,52,0.0013020833333333335,0.2513020833333333,0.7473958333333334
20260912_174204_152_paper_strict_raw_equation_seed2025_01f04b03,8,53,0.9453125,0.05338541666666667,0.0013020833333333335
20260912_174204_152_paper_strict_raw_equation_seed2025_01f04b03,8,54,0.11979166666666667,0.41796875,0.4622395833333333
20260912_174204_152_paper_strict_raw_equation_seed2025_01f04b03,8,55,0.036458333333333336,0.03125,0.9322916666666667
20260912_174204_152_paper_strict_raw_equation_seed2025_01f04b03,8,56,0.05078125,0.9479166666666667,0.0013020833333333335
20260912_174204_152_paper_strict_raw_equation_seed2025_01f04b03,8,57,0.0013020833333333335,0.97265625,0.026041666666666668
20260912_174204_152_paper_strict_raw_equation_seed2025_01f04b03,8,58,0.92578125,0.0013020833333333335,0.07291666666666667
20260912_174204_152_paper_strict_raw_equation_seed2025_01f04b03,8,59,0.8645833333333334,0.12109375,0.014322916666666666
20260912_174204_152_paper_strict_raw_equation_seed2025_01f04b03,8,60,0.0013020833333333335,0.37890625,0.6197916666666666
20260912_174204_152_paper_strict_raw_equation_seed2025_01f04b03,8,61,0.0013020833333333337,0.5963541666666667,0.40234375
20260912_174204_152_paper_strict_raw_equation_seed2025_01f04b03,8,62,0.44921875,0.5494791666666666,0.0013020833333333335
20260912_174204_152_paper_strict_raw_equation_seed2025_01f04b03,8,63,0.5455729166666667,0.0013020833333333337,0.453125
20260912_174204_152_paper_strict_raw_equation_seed2025_01f04b03,8,64,0.0013020833333333335,0.006510416666666666,0.9921875
20260912_174204_152_paper_strict_raw_equation_seed2025_01f04b03,8,65,0.98828125,0.010416666666666668,0.0013020833333333335
20260912_174204_152_paper_strict_raw_equation_seed2025_01f04b03,8,66,0.9921875,0.0013020833333333335,0.006510416666666666
20260912_174204_152_paper_strict_raw_equation_seed2025_01f04b03,8,67,0.5234375,0.1328125,0.34375
20260912_174204_152_paper_strict_raw_equation_seed2025_01f04b03,8,68,0.2565104166666667,0.7421875,0.0013020833333333337
20260912_174204_152_paper_strict_raw_equation_seed2025_01f04b03,8,69,0.14192708333333331,0.0013020833333333335,0.8567708333333334
20260912_174204_152_paper_strict_raw_equation_seed2025_01f04b03,8,70,0.09114583333333336,0.0013020833333333337,0.9075520833333334
20260912_174204_152_paper_strict_raw_equation_seed2025_01f04b03,8,71,0.3736979166666667,0.0013020833333333335,0.625
20260912_174204_152_paper_strict_raw_equation_seed2025_01f04b03,8,72,0.2591145833333333,0.7395833333333334,0.0013020833333333335
20260912_174204_152_paper_strict_raw_equation_seed2025_01f04b03,8,73,0.87109375,0.10677083333333333,0.02213541666666667
20260912_174204_152_paper_strict_raw_equation_seed2025_01f04b03,8,74,0.5872395833333334,0.4114583333333333,0.0013020833333333337
20260912_174204_152_paper_strict_raw_equation_seed2025_01f04b03,8,75,0.5520833333333334,0.0013020833333333337,0.44661458333333337
20260912_174204_152_paper_strict_raw_equation_seed2025_01f04b03,8,76,0.5559895833333334,0.0013020833333333335,0.4427083333333333
20260912_174204_152_paper_strict_raw_equation_seed2025_01f04b03,8,77,0.984375,0.014322916666666668,0.0013020833333333337
20260912_174204_152_paper_strict_raw_equation_seed2025_01f04b03,8,78,0.40625,0.0013020833333333335,0.5924479166666666
20260912_174204_152_paper_strict_raw_equation_seed2025_01f04b03,8,79,0.014322916666666668,0.9765625,0.009114583333333334
20260912_174204_152_paper_strict_raw_equation_seed2025_01f04b03,8,80,0.005208333333333334,0.9934895833333334,0.0013020833333333335
20260912_174204_152_paper_strict_raw_equation_seed2025_01f04b03,8,81,0.6041666666666667,0.0013020833333333337,0.39453125
20260912_174204_152_paper_strict_raw_equation_seed2025_01f04b03,8,82,0.0013020833333333335,0.009114583333333334,0.9895833333333334
20260912_174204_152_paper_strict_raw_equation_seed2025_01f04b03,8,83,0.0013020833333333335,0.013020833333333334,0.9856770833333334
20260912_174204_152_paper_strict_raw_equation_seed2025_01f04b03,8,84,0.9973958333333334,0.0013020833333333335,0.0013020833333333335
20260912_174204_152_paper_strict_raw_equation_seed2025_01f04b03,8,85,0.0013020833333333335,0.6080729166666667,0.390625
20260912_174204_152_paper_strict_raw_equation_seed2025_01f04b03,8,86,0.9973958333333334,0.0013020833333333335,0.0013020833333333335
20260912_174204_152_paper_strict_raw_equation_seed2025_01f04b03,8,87,0.0013020833333333335,0.0013020833333333335,0.9973958333333334
20260912_174204_152_paper_strict_raw_equation_seed2025_01f04b03,8,88,0.026041666666666668,0.5989583333333334,0.375
20260912_174204_152_paper_strict_raw_equation_seed2025_01f04b03,8,89,0.018229166666666668,0.98046875,0.0013020833333333335
20260912_174204_152_paper_strict_raw_equation_seed2025_01f04b03,8,90,0.03776041666666667,0.0013020833333333335,0.9609375
20260912_174204_152_paper_strict_raw_equation_seed2025_01f04b03,8,91,0.006510416666666667,0.5559895833333334,0.43750000000000006
20260912_174204_152_paper_strict_raw_equation_seed2025_01f04b03,8,92,0.2799479166666667,0.08463541666666667,0.6354166666666667
20260912_174204_152_paper_strict_raw_equation_seed2025_01f04b03,8,93,0.0013020833333333335,0.9973958333333334,0.0013020833333333335
20260912_174204_152_paper_strict_raw_equation_seed2025_01f04b03,8,94,0.009114583333333334,0.006510416666666666,0.984375
20260912_174204_152_paper_strict_raw_equation_seed2025_01f04b03,8,95,0.0013020833333333335,0.010416666666666668,0.98828125
20260912_174204_152_paper_strict_raw_equation_seed2025_01f04b03,8,96,0.013020833333333332,0.85546875,0.13151041666666666
20260912_174204_152_paper_strict_raw_equation_seed2025_01f04b03,8,97,0.0013020833333333335,0.0013020833333333335,0.9973958333333334
20260912_174204_152_paper_strict_raw_equation_seed2025_01f04b03,8,98,0.9973958333333334,0.0013020833333333335,0.0013020833333333335
20260912_174204_152_paper_strict_raw_equation_seed2025_01f04b03,8,99,0.13151041666666666,0.8619791666666665,0.0065104166666666635
20260912_174204_152_paper_strict_raw_equation_seed2025_01f04b03,8,100,0.0013020833333333335,0.9205729166666667,0.078125
20260912_174204_152_paper_strict_raw_equation_seed2025_01f04b03,8,101,0.984375,0.014322916666666668,0.0013020833333333337
20260912_174204_152_paper_strict_raw_equation_seed2025_01f04b03,9,0,0.9986979166666667,0.0006510416666666667,0.0006510416666666667
20260912_174204_152_paper_strict_raw_equation_seed2025_01f04b03,9,1,0.0006510416666666667,0.0006510416666666667,0.9986979166666667
20260912_174204_152_paper_strict_raw_equation_seed2025_01f04b03,9,2,0.008463541666666666,0.9889322916666667,0.002604166666666667
20260912_174204_152_paper_strict_raw_equation_seed2025_01f04b03,9,3,0.775390625,0.21744791666666666,0.007161458333333333
20260912_174204_152_paper_strict_raw_equation_seed2025_01f04b03,9,4,0.06705729166666666,0.0006510416666666667,0.9322916666666667
20260912_174204_152_paper_strict_raw_equation_seed2025_01f04b03,9,5,0.009114583333333334,0.9752604166666665,0.015625
20260912_174204_152_paper_strict_raw_equation_seed2025_01f04b03,9,6,0.0006510416666666667,0.9733072916666667,0.026041666666666668
20260912_174204_152_paper_strict_raw_equation_seed2025_01f04b03,9,7,0.003255208333333333,0.9934895833333334,0.003255208333333333
20260912_174204_152_paper_strict_raw_equation_seed2025_01f04b03,9,8,0.32356770833333337,0.6731770833333333,0.003255208333333333
20260912_174204_152_paper_strict_raw_equation_seed2025_01f04b03,9,9,0.99609375,0.0006510416666666667,0.003255208333333333
20260912_174204_152_paper_strict_raw_equation_seed2025_01f04b03,9,10,0.40885416666666663,0.5904947916666667,0.0006510416666666668
20260912_174204_152_paper_strict_raw_equation_seed2025_01f04b03,9,11,0.0006510416666666667,0.39322916666666663,0.6061197916666666
20260912_174204_152_paper_strict_raw_equation_seed2025_01f04b03,9,12,0.31380208333333337,0.6829427083333334,0.0032552083333333335
20260912_174204_152_paper_strict_raw_equation_seed2025_01f04b03,9,13,0.35546875000000006,0.6438802083333334,0.000651041666666667
20260912_174204_152_paper_strict_raw_equation_seed2025_01f04b03,9,14,0.9986979166666667,0.0006510416666666667,0.0006510416666666667
20260912_174204_152_paper_strict_raw_equation_seed2025_01f04b03,9,15,0.2584635416666667,0.14518229166666669,0.5963541666666666
20260912_174204_152_paper_strict_raw_equation_seed2025_01f04b03,9,16,0.004557291666666667,0.9947916666666667,0.0006510416666666667
20260912_174204_152_paper_strict_raw_equation_seed2025_01f04b03,9,17,0.9986979166666667,0.0006510416666666667,0.0006510416666666667
20260912_174204_152_paper_strict_raw_equation_seed2025_01f04b03,9,18,0.002604166666666667,0.0006510416666666667,0.9967447916666667
20260912_174204_152_paper_strict_raw_equation_seed2025_01f04b03,9,19,0.0006510416666666667,0.96875,0.030598958333333336
20260912_174204_152_paper_strict_raw_equation_seed2025_01f04b03,9,20,0.0006510416666666667,0.9986979166666667,0.0006510416666666667
20260912_174204_152_paper_strict_raw_equation_seed2025_01f04b03,9,21,0.9791666666666667,0.020182291666666668,0.0006510416666666667
20260912_174204_152_paper_strict_raw_equation_seed2025_01f04b03,9,22,0.8958333333333334,0.099609375,0.004557291666666667
20260912_174204_152_paper_strict_raw_equation_seed2025_01f04b03,9,23,0.9986979166666667,0.0006510416666666667,0.0006510416666666667
20260912_174204_152_paper_strict_raw_equation_seed2025_01f04b03,9,24,0.10481770833333333,0.0006510416666666667,0.89453125
20260912_174204_152_paper_strict_raw_equation_seed2025_01f04b03,9,25,0.026041666666666668,0.966796875,0.007161458333333333
20260912_174204_152_paper_strict_raw_equation_seed2025_01f04b03,9,26,0.29752604166666663,0.0026041666666666674,0.6998697916666666
20260912_174204_152_paper_strict_raw_equation_seed2025_01f04b03,9,27,0.004557291666666668,0.04492187500000001,0.9505208333333334
20260912_174204_152_paper_strict_raw_equation_seed2025_01f04b03,9,28,0.009765625,0.9791666666666667,0.011067708333333332
20260912_174204_152_paper_strict_raw_equation_seed2025_01f04b03,9,29,0.005208333333333334,0.65234375,0.34244791666666663
20260912_174204_152_paper_strict_raw_equation_seed2025_01f04b03,9,30,0.05078125000000001,0.0006510416666666668,0.9485677083333334
20260912_174204_152_paper_strict_raw_equation_seed2025_01f04b03,9,31,0.830078125,0.002604166666666667,0.16731770833333331
20260912_174204_152_paper_strict_raw_equation_seed2025_01f04b03,9,32,0.004557291666666667,0.0006510416666666667,0.9947916666666667
20260912_174204_152_paper_strict_raw_equation_seed2025_01f04b03,9,33,0.02734375,0.020182291666666668,0.9524739583333334
20260912_174204_152_paper_strict_raw_equation_seed2025_01f04b03,9,34,0.014322916666666668,0.978515625,0.007161458333333333
20260912_174204_152_paper_strict_raw_equation_seed2025_01f04b03,9,35,0.36197916666666663,0.0006510416666666667,0.6373697916666666
20260912_174204_152_paper_strict_raw_equation_seed2025_01f04b03,9,36,0.560546875,0.37044270833333337,0.06901041666666667
20260912_174204_152_paper_strict_raw_equation_seed2025_01f04b03,9,37,0.0006510416666666667,0.9876302083333334,0.01171875
20260912_174204_152_paper_strict_raw_equation_seed2025_01f04b03,9,38,0.002604166666666667,0.9700520833333334,0.02734375
20260912_174204_152_paper_strict_raw_equation_seed2025_01f04b03,9,39,0.22721354166666666,0.13216145833333334,0.640625
20260912_174204_152_paper_strict_raw_equation_seed2025_01f04b03,9,40,0.0006510416666666668,0.9075520833333334,0.09179687500000001
20260912_174204_152_paper_strict_raw_equation_seed2025_01f04b03,9,41,0.5266927083333334,0.47265625000000006,0.0006510416666666671
20260912_174204_152_paper_strict_raw_equation_seed2025_01f04b03,9,42,0.9986979166666667,0.0006510416666666667,0.0006510416666666667
20260912_174204_152_paper_strict_raw_equation_seed2025_01f04b03,9,43,0.06510416666666667,0.5182291666666667,0.4166666666666667
20260912_174204_152_paper_strict_raw_equation_seed2025_01f04b03,9,44,0.0006510416666666667,0.9928385416666667,0.006510416666666667
20260912_174204_152_paper_strict_raw_equation_seed2025_01f04b03,9,45,0.0006510416666666667,0.994140625,0.005208333333333334
20260912_174204_152_paper_strict_raw_equation_seed2025_01f04b03,9,46,0.003255208333333333,0.9889322916666667,0.0078125
20260912_174204_152_paper_strict_raw_equation_seed2025_01f04b03,9,47,0.9986979166666667,0.0006510416666666667,0.0006510416666666667
20260912_174204_152_paper_strict_raw_equation_seed2025_01f04b03,9,48,0.02018229166666667,0.4954427083333333,0.48437500000000006
20260912_174204_152_paper_strict_raw_equation_seed2025_01f04b03,9,49,0.0006510416666666667,0.9986979166666667,0.0006510416666666667
20260912_174204_152_paper_strict_raw_equation_seed2025_01f04b03,9,50,0.5833333333333334,0.000651041666666667,0.41601562500000006
20260912_174204_152_paper_strict_raw_equation_seed2025_01f04b03,9,51,0.0006510416666666668,0.06640625000000001,0.9329427083333334
20260912_174204_152_paper_strict_raw_equation_seed2025_01f04b03,9,52,0.0006510416666666667,0.2923177083333333,0.70703125
20260912_174204_152_paper_strict_raw_equation_seed2025_01f04b03,9,53,0.97265625,0.026692708333333336,0.0006510416666666667
20260912_174204_152_paper_strict_raw_equation_seed2025_01f04b03,9,54,0.059895833333333336,0.37565104166666663,0.564453125
20260912_174204_152_paper_strict_raw_equation_seed2025_01f04b03,9,55,0.018229166666666668,0.015625,0.9661458333333334
20260912_174204_152_paper_strict_raw_equation_seed2025_01f04b03,9,56,0.025390625,0.9739583333333334,0.0006510416666666667
20260912_174204_152_paper_strict_raw_equation_seed2025_01f04b03,9,57,0.0006510416666666668,0.8196614583333334,0.17968750000000003
20260912_174204_152_paper_strict_raw_equation_seed2025_01f04b03,9,58,0.962890625,0.0006510416666666667,0.036458333333333336
20260912_174204_152_paper_strict_raw_equation_seed2025_01f04b03,9,59,0.9322916666666667,0.060546875,0.007161458333333333
20260912_174204_152_paper_strict_raw_equation_seed2025_01f04b03,9,60,0.0006510416666666668,0.18945312500000003,0.8098958333333334
20260912_174204_152_paper_strict_raw_equation_seed2025_01f04b03,9,61,0.0006510416666666668,0.46484375,0.5345052083333333
20260912_174204_152_paper_strict_raw_equation_seed2025_01f04b03,9,62,0.5579427083333334,0.44140625000000006,0.0006510416666666668
20260912_174204_152_paper_strict_raw_equation_seed2025_01f04b03,9,63,0.439453125,0.0006510416666666668,0.5598958333333333
20260912_174204_152_paper_strict_raw_equation_seed2025_01f04b03,9,64,0.0006510416666666667,0.003255208333333333,0.99609375
20260912_174204_152_paper_strict_raw_equation_seed2025_01f04b03,9,65,0.994140625,0.005208333333333334,0.0006510416666666667
20260912_174204_152_paper_strict_raw_equation_seed2025_01f04b03,9,66,0.99609375,0.0006510416666666667,0.003255208333333333
20260912_174204_152_paper_strict_raw_equation_seed2025_01f04b03,9,67,0.5950520833333334,0.06640625000000001,0.3385416666666667
20260912_174204_152_paper_strict_raw_equation_seed2025_01f04b03,9,68,0.12825520833333334,0.87109375,0.0006510416666666668
20260912_174204_152_paper_strict_raw_equation_seed2025_01f04b03,9,69,0.07096354166666666,0.0006510416666666667,0.9283854166666667
20260912_174204_152_paper_strict_raw_equation_seed2025_01f04b03,9,70,0.04557291666666668,0.0006510416666666668,0.9537760416666667
20260912_174204_152_paper_strict_raw_equation_seed2025_01f04b03,9,71,0.353515625,0.0006510416666666667,0.6458333333333333
20260912_174204_152_paper_strict_raw_equation_seed2025_01f04b03,9,72,0.29622395833333337,0.7031250000000001,0.0006510416666666668
20260912_174204_152_paper_strict_raw_equation_seed2025_01f04b03,9,73,0.935546875,0.053385416666666664,0.011067708333333336
20260912_174204_152_paper_strict_raw_equation_seed2025_01f04b03,9,74,0.7936197916666667,0.20572916666666666,0.0006510416666666668
20260912_174204_152_paper_strict_raw_equation_seed2025_01f04b03,9,75,0.609375,0.0006510416666666668,0.38997395833333337
20260912_174204_152_paper_strict_raw_equation_seed2025_01f04b03,9,76,0.611328125,0.0006510416666666667,0.3880208333333333
20260912_174204_152_paper_strict_raw_equation_seed2025_01f04b03,9,77,0.9921875,0.007161458333333334,0.0006510416666666668
20260912_174204_152_paper_strict_raw_equation_seed2025_01f04b03,9,78,0.36979166666666663,0.0006510416666666667,0.6295572916666666
20260912_174204_152_paper_strict_raw_equation_seed2025_01f04b03,9,79,0.007161458333333334,0.98828125,0.004557291666666667
20260912_174204_152_paper_strict_raw_equation_seed2025_01f04b03,9,80,0.002604166666666667,0.9967447916666667,0.0006510416666666667
20260912_174204_152_paper_strict_raw_equation_seed2025_01f04b03,9,81,0.6354166666666667,0.0006510416666666668,0.36393229166666663
20260912_174204_152_paper_strict_raw_equation_seed2025_01f04b03,9,82,0.0006510416666666667,0.004557291666666667,0.9947916666666667
20260912_174204_152_paper_strict_raw_equation_seed2025_01f04b03,9,83,0.0006510416666666667,0.006510416666666667,0.9928385416666667
20260912_174204_152_paper_strict_raw_equation_seed2025_01f04b03,9,84,0.9986979166666667,0.0006510416666666667,0.0006510416666666667
20260912_174204_152_paper_strict_raw_equation_seed2025_01f04b03,9,85,0.0006510416666666667,0.470703125,0.5286458333333333
20260912_174204_152_paper_strict_raw_equation_seed2025_01f04b03,9,86,0.9986979166666667,0.0006510416666666667,0.0006510416666666667
20260912_174204_152_paper_strict_raw_equation_seed2025_01f04b03,9,87,0.0006510416666666667,0.0006510416666666667,0.9986979166666667
20260912_174204_152_paper_strict_raw_equation_seed2025_01f04b03,9,88,0.013020833333333334,0.6328125,0.35416666666666663
20260912_174204_152_paper_strict_raw_equation_seed2025_01f04b03,9,89,0.009114583333333334,0.990234375,0.0006510416666666667
20260912_174204_152_paper_strict_raw_equation_seed2025_01f04b03,9,90,0.018880208333333336,0.0006510416666666667,0.98046875
20260912_174204_152_paper_strict_raw_equation_seed2025_01f04b03,9,91,0.0032552083333333335,0.44466145833333337,0.5520833333333334
20260912_174204_152_paper_strict_raw_equation_seed2025_01f04b03,9,92,0.306640625,0.042317708333333336,0.6510416666666667
20260912_174204_152_paper_strict_raw_equation_seed2025_01f04b03,9,93,0.0006510416666666667,0.9986979166666667,0.0006510416666666667
20260912_174204_152_paper_strict_raw_equation_seed2025_01f04b03,9,94,0.004557291666666667,0.003255208333333333,0.9921875
20260912_174204_152_paper_strict_raw_equation_seed2025_01f04b03,9,95,0.0006510416666666667,0.005208333333333334,0.994140625
20260912_174204_152_paper_strict_raw_equation_seed2025_01f04b03,9,96,0.006510416666666666,0.927734375,0.06575520833333333
20260912_174204_152_paper_strict_raw_equation_seed2025_01f04b03,9,97,0.0006510416666666667,0.0006510416666666667,0.9986979166666667
20260912_174204_152_paper_strict_raw_equation_seed2025_01f04b03,9,98,0.9986979166666667,0.0006510416666666667,0.0006510416666666667
20260912_174204_152_paper_strict_raw_equation_seed2025_01f04b03,9,99,0.06575520833333333,0.9309895833333333,0.0032552083333333317
20260912_174204_152_paper_strict_raw_equation_seed2025_01f04b03,9,100,0.0006510416666666667,0.9602864583333334,0.0390625
20260912_174204_152_paper_strict_raw_equation_seed2025_01f04b03,9,101,0.9921875,0.007161458333333334,0.0006510416666666668
20260912_174204_152_paper_strict_raw_equation_seed2025_01f04b03,10,0,0.9993489583333334,0.00032552083333333337,0.00032552083333333337
20260912_174204_152_paper_strict_raw_equation_seed2025_01f04b03,10,1,0.00032552083333333337,0.00032552083333333337,0.9993489583333334
20260912_174204_152_paper_strict_raw_equation_seed2025_01f04b03,10,2,0.004231770833333333,0.9944661458333334,0.0013020833333333335
20260912_174204_152_paper_strict_raw_equation_seed2025_01f04b03,10,3,0.7210286458333334,0.27539062500000006,0.003580729166666667
20260912_174204_152_paper_strict_raw_equation_seed2025_01f04b03,10,4,0.03352864583333333,0.00032552083333333337,0.9661458333333334
20260912_174204_152_paper_strict_raw_equation_seed2025_01f04b03,10,5,0.004557291666666668,0.9876302083333334,0.007812500000000002
20260912_174204_152_paper_strict_raw_equation_seed2025_01f04b03,10,6,0.00032552083333333337,0.9866536458333334,0.013020833333333334
20260912_174204_152_paper_strict_raw_equation_seed2025_01f04b03,10,7,0.0016276041666666665,0.9967447916666667,0.0016276041666666665
20260912_174204_152_paper_strict_raw_equation_seed2025_01f04b03,10,8,0.1617838541666667,0.8365885416666667,0.0016276041666666667
20260912_174204_152_paper_strict_raw_equation_seed2025_01f04b03,10,9,0.998046875,0.00032552083333333337,0.0016276041666666665
20260912_174204_152_paper_strict_raw_equation_seed2025_01f04b03,10,10,0.20442708333333331,0.7952473958333334,0.0003255208333333334
20260912_174204_152_paper_strict_raw_equation_seed2025_01f04b03,10,11,0.00032552083333333337,0.36328125,0.6363932291666666
20260912_174204_152_paper_strict_raw_equation_seed2025_01f04b03,10,12,0.15690104166666666,0.8414713541666665,0.0016276041666666663
20260912_174204_152_paper_strict_raw_equation_seed2025_01f04b03,10,13,0.3444010416666667,0.6552734375,0.0003255208333333335
20260912_174204_152_paper_strict_raw_equation_seed2025_01f04b03,10,14,0.9993489583333334,0.00032552083333333337,0.00032552083333333337
20260912_174204_152_paper_strict_raw_equation_seed2025_01f04b03,10,15,0.12923177083333334,0.2392578125,0.6315104166666666
20260912_174204_152_paper_strict_raw_equation_seed2025_01f04b03,10,16,0.0022786458333333335,0.9973958333333334,0.00032552083333333337
20260912_174204_152_paper_strict_raw_equation_seed2025_01f04b03,10,17,0.9993489583333334,0.00032552083333333337,0.00032552083333333337
20260912_174204_152_paper_strict_raw_equation_seed2025_01f04b03,10,18,0.0013020833333333335,0.00032552083333333337,0.9983723958333334
20260912_174204_152_paper_strict_raw_equation_seed2025_01f04b03,10,19,0.00032552083333333337,0.984375,0.015299479166666668
20260912_174204_152_paper_strict_raw_equation_seed2025_01f04b03,10,20,0.00032552083333333337,0.9993489583333334,0.00032552083333333337
20260912_174204_152_paper_strict_raw_equation_seed2025_01f04b03,10,21,0.9895833333333334,0.010091145833333334,0.00032552083333333337
20260912_174204_152_paper_strict_raw_equation_seed2025_01f04b03,10,22,0.78125,0.21647135416666666,0.0022786458333333335
20260912_174204_152_paper_strict_raw_equation_seed2025_01f04b03,10,23,0.9993489583333334,0.00032552083333333337,0.00032552083333333337
20260912_174204_152_paper_strict_raw_equation_seed2025_01f04b03,10,24,0.21907552083333334,0.0003255208333333334,0.7805989583333334
20260912_174204_152_paper_strict_raw_equation_seed2025_01f04b03,10,25,0.013020833333333334,0.9833984375,0.0035807291666666665
20260912_174204_152_paper_strict_raw_equation_seed2025_01f04b03,10,26,0.48209635416666663,0.0013020833333333337,0.5166015625
20260912_174204_152_paper_strict_raw_equation_seed2025_01f04b03,10,27,0.002278645833333334,0.022460937500000003,0.9752604166666667
20260912_174204_152_paper_strict_raw_equation_seed2025_01f04b03,10,28,0.0048828125,0.9895833333333334,0.005533854166666666
20260912_174204_152_paper_strict_raw_equation_seed2025_01f04b03,10,29,0.0026041666666666674,0.6595052083333334,0.33789062500000006
20260912_174204_152_paper_strict_raw_equation_seed2025_01f04b03,10,30,0.025390625000000003,0.0003255208333333334,0.9742838541666667
20260912_174204_152_paper_strict_raw_equation_seed2025_01f04b03,10,31,0.9150390625,0.0013020833333333335,0.08365885416666666
20260912_174204_152_paper_strict_raw_equation_seed2025_01f04b03,10,32,0.0022786458333333335,0.00032552083333333337,0.9973958333333334
20260912_174204_152_paper_strict_raw_equation_seed2025_01f04b03,10,33,0.013671875,0.010091145833333334,0.9762369791666667
20260912_174204_152_paper_strict_raw_equation_seed2025_01f04b03,10,34,0.007161458333333334,0.9892578125,0.0035807291666666665
20260912_174204_152_paper_strict_raw_equation_seed2025_01f04b03,10,35,0.34765625,0.00032552083333333337,0.6520182291666666
20260912_174204_152_paper_strict_raw_equation_seed2025_01f04b03,10,36,0.6136067708333333,0.35188802083333337,0.034505208333333336
20260912_174204_152_paper_strict_raw_equation_seed2025_01f04b03,10,37,0.00032552083333333337,0.9938151041666667,0.005859375
20260912_174204_152_paper_strict_raw_equation_seed2025_01f04b03,10,38,0.0013020833333333335,0.9850260416666667,0.013671875
20260912_174204_152_paper_strict_raw_equation_seed2025_01f04b03,10,39,0.4469401041666667,0.06608072916666669,0.4869791666666667
20260912_174204_152_paper_strict_raw_equation_seed2025_01f04b03,10,40,0.00032552083333333337,0.9537760416666665,0.0458984375
20260912_174204_152_paper_strict_raw_equation_seed2025_01f04b03,10,41,0.43001302083333337,0.5696614583333334,0.00032552083333333353
20260912_174204_152_paper_strict_raw_equation_seed2025_01f04b03,10,42,0.9993489583333334,0.00032552083333333337,0.00032552083333333337
20260912_174204_152_paper_strict_raw_equation_seed2025_01f04b03,10,43,0.032552083333333336,0.5924479166666667,0.375
20260912_174204_152_paper_strict_raw_equation_seed2025_01f04b03,10,44,0.00032552083333333337,0.9964192708333334,0.0032552083333333335
20260912_174204_152_paper_strict_raw_equation_seed2025_01f04b03,10,45,0.00032552083333333337,0.9970703125,0.002604166666666667
20260912_174204_152_paper_strict_raw_equation_seed2025_01f04b03,10,46,0.0016276041666666665,0.9944661458333334,0.00390625
20260912_174204_152_paper_strict_raw_equation_seed2025_01f04b03,10,47,0.9993489583333334,0.00032552083333333337,0.00032552083333333337
20260912_174204_152_paper_strict_raw_equation_seed2025_01f04b03,10,48,0.010091145833333336,0.7477213541666666,0.24218750000000003
20260912_174204_152_paper_strict_raw_equation_seed2025_01f04b03,10,49,0.00032552083333333337,0.9993489583333334,0.00032552083333333337
20260912_174204_152_paper_strict_raw_equation_seed2025_01f04b03,10,50,0.625,0.0003255208333333335,0.3746744791666667
20260912_174204_152_paper_strict_raw_equation_seed2025_01f04b03,10,51,0.0003255208333333334,0.03320312500000001,0.9664713541666667
20260912_174204_152_paper_strict_raw_equation_seed2025_01f04b03,10,52,0.0003255208333333334,0.31282552083333337,0.6868489583333334
20260912_174204_152_paper_strict_raw_equation_seed2025_01f04b03,10,53,0.986328125,0.013346354166666668,0.00032552083333333337
20260912_174204_152_paper_strict_raw_equation_seed2025_01f04b03,10,54,0.029947916666666668,0.3544921875,0.6155598958333333
20260912_174204_152_paper_strict_raw_equation_seed2025_01f04b03,10,55,0.009114583333333334,0.0078125,0.9830729166666667
20260912_174204_152_paper_strict_raw_equation_seed2025_01f04b03,10,56,0.0126953125,0.9869791666666667,0.00032552083333333337
20260912_174204_152_paper_strict_raw_equation_seed2025_01f04b03,10,57,0.00032552083333333337,0.9098307291666665,0.08984375
20260912_174204_152_paper_strict_raw_equation_seed2025_01f04b03,10,58,0.9814453125,0.00032552083333333337,0.018229166666666668
20260912_174204_152_paper_strict_raw_equation_seed2025_01f04b03,10,59,0.9661458333333334,0.0302734375,0.0035807291666666665
20260912_174204_152_paper_strict_raw_equation_seed2025_01f04b03,10,60,0.0003255208333333334,0.2613932291666667,0.73828125
20260912_174204_152_paper_strict_raw_equation_seed2025_01f04b03,10,61,0.0003255208333333335,0.5657552083333334,0.4339192708333333
20260912_174204_152_paper_strict_raw_equation_seed2025_01f04b03,10,62,0.6123046875,0.3873697916666667,0.0003255208333333334
20260912_174204_152_paper_strict_raw_equation_seed2025_01f04b03,10,63,0.38639322916666663,0.0003255208333333334,0.61328125
20260912_174204_152_paper_strict_raw_equation_seed2025_01f04b03,10,64,0.00032552083333333337,0.0016276041666666665,0.998046875
20260912_174204_152_paper_strict_raw_equation_seed2025_01f04b03,10,65,0.9970703125,0.002604166666666667,0.00032552083333333337
20260912_174204_152_paper_strict_raw_equation_seed2025_01f04b03,10,66,0.998046875,0.00032552083333333337,0.0016276041666666665
20260912_174204_152_paper_strict_raw_equation_seed2025_01f04b03,10,67,0.630859375,0.03320312500000001,0.3359375
20260912_174204_152_paper_strict_raw_equation_seed2025_01f04b03,10,68,0.06412760416666667,0.935546875,0.0003255208333333334
20260912_174204_152_paper_strict_raw_equation_seed2025_01f04b03,10,69,0.03548177083333333,0.00032552083333333337,0.9641927083333334
20260912_174204_152_paper_strict_raw_equation_seed2025_01f04b03,10,70,0.02278645833333334,0.0003255208333333334,0.9768880208333334
20260912_174204_152_paper_strict_raw_equation_seed2025_01f04b03,10,71,0.34342447916666663,0.00032552083333333337,0.65625
20260912_174204_152_paper_strict_raw_equation_seed2025_01f04b03,10,72,0.31477864583333337,0.6848958333333334,0.0003255208333333334
20260912_174204_152_paper_strict_raw_equation_seed2025_01f04b03,10,73,0.9677734375,0.026692708333333332,0.005533854166666668
20260912_174204_152_paper_strict_raw_equation_seed2025_01f04b03,10,74,0.7301432291666667,0.26953125,0.0003255208333333334
20260912_174204_152_paper_strict_raw_equation_seed2025_01f04b03,10,75,0.47135416666666663,0.0003255208333333334,0.5283203125
20260912_174204_152_paper_strict_raw_equation_seed2025_01f04b03,10,76,0.8056640625,0.00032552083333333337,0.19401041666666666
20260912_174204_152_paper_strict_raw_equation_seed2025_01f04b03,10,77,0.99609375,0.003580729166666667,0.0003255208333333334
20260912_174204_152_paper_strict_raw_equation_seed2025_01f04b03,10,78,0.3515625,0.00032552083333333337,0.6481119791666666
20260912_174204_152_paper_strict_raw_equation_seed2025_01f04b03,10,79,0.0035807291666666674,0.8274739583333334,0.16894531250000003
20260912_174204_152_paper_strict_raw_equation_seed2025_01f04b03,10,80,0.0013020833333333335,0.9983723958333334,0.00032552083333333337
20260912_174204_152_paper_strict_raw_equation_seed2025_01f04b03,10,81,0.6510416666666667,0.0003255208333333334,0.3486328125
20260912_174204_152_paper_strict_raw_equation_seed2025_01f04b03,10,82,0.00032552083333333337,0.0022786458333333335,0.9973958333333334
20260912_174204_152_paper_strict_raw_equation_seed2025_01f04b03,10,83,0.00032552083333333337,0.0032552083333333335,0.9964192708333334
20260912_174204_152_paper_strict_raw_equation_seed2025_01f04b03,10,84,0.9993489583333334,0.00032552083333333337,0.00032552083333333337
20260912_174204_152_paper_strict_raw_equation_seed2025_01f04b03,10,85,0.0003255208333333334,0.5686848958333334,0.4309895833333333
20260912_174204_152_paper_strict_raw_equation_seed2025_01f04b03,10,86,0.9993489583333334,0.00032552083333333337,0.00032552083333333337
20260912_174204_152_paper_strict_raw_equation_seed2025_01f04b03,10,87,0.00032552083333333337,0.00032552083333333337,0.9993489583333334
20260912_174204_152_paper_strict_raw_equation_seed2025_01f04b03,10,88,0.006510416666666667,0.81640625,0.17708333333333331
20260912_174204_152_paper_strict_raw_equation_seed2025_01f04b03,10,89,0.004557291666666667,0.9951171875,0.00032552083333333337
20260912_174204_152_paper_strict_raw_equation_seed2025_01f04b03,10,90,0.009440104166666668,0.00032552083333333337,0.990234375
20260912_174204_152_paper_strict_raw_equation_seed2025_01f04b03,10,91,0.0016276041666666667,0.5556640625,0.44270833333333337
20260912_174204_152_paper_strict_raw_equation_seed2025_01f04b03,10,92,0.1533203125,0.18782552083333331,0.6588541666666667
20260912_174204_152_paper_strict_raw_equation_seed2025_01f04b03,10,93,0.00032552083333333337,0.9993489583333334,0.00032552083333333337
20260912_174204_152_paper_strict_raw_equation_seed2025_01f04b03,10,94,0.0022786458333333335,0.0016276041666666665,0.99609375
20260912_174204_152_paper_strict_raw_equation_seed2025_01f04b03,10,95,0.00032552083333333337,0.002604166666666667,0.9970703125
20260912_174204_152_paper_strict_raw_equation_seed2025_01f04b03,10,96,0.003255208333333333,0.9638671875,0.032877604166666664
20260912_174204_152_paper_strict_raw_equation_seed2025_01f04b03,10,97,0.00032552083333333337,0.00032552083333333337,0.9993489583333334
20260912_174204_152_paper_strict_raw_equation_seed2025_01f04b03,10,98,0.9993489583333334,0.00032552083333333337,0.00032552083333333337
20260912_174204_152_paper_strict_raw_equation_seed2025_01f04b03,10,99,0.03287760416666667,0.9654947916666667,0.001627604166666666
20260912_174204_152_paper_strict_raw_equation_seed2025_01f04b03,10,100,0.00032552083333333337,0.9801432291666667,0.01953125
20260912_174204_152_paper_strict_raw_equation_seed2025_01f04b03,10,101,0.99609375,0.003580729166666667,0.0003255208333333334
20260912_174204_152_paper_strict_raw_equation_seed2025_01f04b03,11,0,0.9996744791666667,0.00016276041666666668,0.00016276041666666668
20260912_174204_152_paper_strict_raw_equation_seed2025_01f04b03,11,1,0.00016276041666666668,0.00016276041666666668,0.9996744791666667
20260912_174204_152_paper_strict_raw_equation_seed2025_01f04b03,11,2,0.0021158854166666665,0.9972330729166667,0.0006510416666666667
20260912_174204_152_paper_strict_raw_equation_seed2025_01f04b03,11,3,0.8605143229166667,0.13769531250000003,0.0017903645833333335
20260912_174204_152_paper_strict_raw_equation_seed2025_01f04b03,11,4,0.016764322916666664,0.00016276041666666668,0.9830729166666667
20260912_174204_152_paper_strict_raw_equation_seed2025_01f04b03,11,5,0.0022786458333333335,0.9938151041666665,0.00390625
20260912_174204_152_paper_strict_raw_equation_seed2025_01f04b03,11,6,0.00016276041666666668,0.9933268229166667,0.006510416666666667
20260912_174204_152_paper_strict_raw_equation_seed2025_01f04b03,11,7,0.0008138020833333333,0.9983723958333334,0.0008138020833333333
20260912_174204_152_paper_strict_raw_equation_seed2025_01f04b03,11,8,0.08089192708333336,0.9182942708333334,0.0008138020833333334
20260912_174204_152_paper_strict_raw_equation_seed2025_01f04b03,11,9,0.9990234375,0.00016276041666666668,0.0008138020833333333
20260912_174204_152_paper_strict_raw_equation_seed2025_01f04b03,11,10,0.10221354166666666,0.8976236979166667,0.0001627604166666667
20260912_174204_152_paper_strict_raw_equation_seed2025_01f04b03,11,11,0.00016276041666666668,0.431640625,0.5681966145833333
20260912_174204_152_paper_strict_raw_equation_seed2025_01f04b03,11,12,0.07845052083333333,0.9207356770833333,0.0008138020833333332
20260912_174204_152_paper_strict_raw_equation_seed2025_01f04b03,11,13,0.42220052083333337,0.57763671875,0.00016276041666666674
20260912_174204_152_paper_strict_raw_equation_seed2025_01f04b03,11,14,0.9996744791666667,0.00016276041666666668,0.00016276041666666668
20260912_174204_152_paper_strict_raw_equation_seed2025_01f04b03,11,15,0.3146158854166667,0.11962890625,0.5657552083333333
20260912_174204_152_paper_strict_raw_equation_seed2025_01f04b03,11,16,0.0011393229166666667,0.9986979166666667,0.00016276041666666668
20260912_174204_152_paper_strict_raw_equation_seed2025_01f04b03,11,17,0.9996744791666667,0.00016276041666666668,0.00016276041666666668
20260912_174204_152_paper_strict_raw_equation_seed2025_01f04b03,11,18,0.0006510416666666667,0.00016276041666666668,0.9991861979166667
20260912_174204_152_paper_strict_raw_equation_seed2025_01f04b03,11,19,0.00016276041666666668,0.9921875,0.007649739583333334
20260912_174204_152_paper_strict_raw_equation_seed2025_01f04b03,11,20,0.00016276041666666668,0.9996744791666667,0.00016276041666666668
20260912_174204_152_paper_strict_raw_equation_seed2025_01f04b03,11,21,0.9947916666666667,0.005045572916666667,0.00016276041666666668
20260912_174204_152_paper_strict_raw_equation_seed2025_01f04b03,11,22,0.890625,0.10823567708333333,0.0011393229166666667
20260912_174204_152_paper_strict_raw_equation_seed2025_01f04b03,11,23,0.9996744791666667,0.00016276041666666668,0.00016276041666666668
20260912_174204_152_paper_strict_raw_equation_seed2025_01f04b03,11,24,0.3595377604166667,0.0001627604166666667,0.6402994791666667
20260912_174204_152_paper_strict_raw_equation_seed2025_01f04b03,11,25,0.006510416666666667,0.99169921875,0.0017903645833333333
20260912_174204_152_paper_strict_raw_equation_seed2025_01f04b03,11,26,0.7410481770833334,0.000651041666666667,0.25830078125000006
20260912_174204_152_paper_strict_raw_equation_seed2025_01f04b03,11,27,0.001139322916666667,0.011230468750000002,0.9876302083333334
20260912_174204_152_paper_strict_raw_equation_seed2025_01f04b03,11,28,0.00244140625,0.9947916666666667,0.002766927083333333
20260912_174204_152_paper_strict_raw_equation_seed2025_01f04b03,11,29,0.0013020833333333335,0.8297526041666665,0.1689453125
20260912_174204_152_paper_strict_raw_equation_seed2025_01f04b03,11,30,0.012695312500000002,0.0001627604166666667,0.9871419270833334
20260912_174204_152_paper_strict_raw_equation_seed2025_01f04b03,11,31,0.95751953125,0.0006510416666666667,0.04182942708333333
20260912_174204_152_paper_strict_raw_equation_seed2025_01f04b03,11,32,0.0011393229166666667,0.00016276041666666668,0.9986979166666667
20260912_174204_152_paper_strict_raw_equation_seed2025_01f04b03,11,33,0.0068359375,0.005045572916666667,0.9881184895833334
20260912_174204_152_paper_strict_raw_equation_seed2025_01f04b03,11,34,0.003580729166666667,0.99462890625,0.0017903645833333333
20260912_174204_152_paper_strict_raw_equation_seed2025_01f04b03,11,35,0.17382812500000003,0.0001627604166666667,0.8260091145833334
20260912_174204_152_paper_strict_raw_equation_seed2025_01f04b03,11,36,0.30680338541666663,0.6759440104166667,0.017252604166666668
20260912_174204_152_paper_strict_raw_equation_seed2025_01f04b03,11,37,0.00016276041666666668,0.9969075520833334,0.0029296875
20260912_174204_152_paper_strict_raw_equation_seed2025_01f04b03,11,38,0.0006510416666666667,0.9925130208333334,0.0068359375
20260912_174204_152_paper_strict_raw_equation_seed2025_01f04b03,11,39,0.22347005208333334,0.03304036458333334,0.7434895833333334
20260912_174204_152_paper_strict_raw_equation_seed2025_01f04b03,11,40,0.0001627604166666667,0.9768880208333334,0.022949218750000003
20260912_174204_152_paper_strict_raw_equation_seed2025_01f04b03,11,41,0.4650065104166666,0.5348307291666666,0.00016276041666666674
20260912_174204_152_paper_strict_raw_equation_seed2025_01f04b03,11,42,0.9996744791666667,0.00016276041666666668,0.00016276041666666668
20260912_174204_152_paper_strict_raw_equation_seed2025_01f04b03,11,43,0.016276041666666668,0.29622395833333337,0.6875
20260912_174204_152_paper_strict_raw_equation_seed2025_01f04b03,11,44,0.00016276041666666668,0.9982096354166667,0.0016276041666666667
20260912_174204_152_paper_strict_raw_equation_seed2025_01f04b03,11,45,0.00016276041666666668,0.99853515625,0.0013020833333333335
20260912_174204_152_paper_strict_raw_equation_seed2025_01f04b03,11,46,0.0008138020833333333,0.9972330729166667,0.001953125
20260912_174204_152_paper_strict_raw_equation_seed2025_01f04b03,11,47,0.9996744791666667,0.00016276041666666668,0.00016276041666666668
20260912_174204_152_paper_strict_raw_equation_seed2025_01f04b03,11,48,0.005045572916666669,0.6238606770833334,0.37109375000000006
20260912_174204_152_paper_strict_raw_equation_seed2025_01f04b03,11,49,0.00016276041666666668,0.9996744791666667,0.00016276041666666668
20260912_174204_152_paper_strict_raw_equation_seed2025_01f04b03,11,50,0.5625,0.00016276041666666674,0.43733723958333337
20260912_174204_152_paper_strict_raw_equation_seed2025_01f04b03,11,51,0.0001627604166666667,0.016601562500000003,0.9832356770833334
20260912_174204_152_paper_strict_raw_equation_seed2025_01f04b03,11,52,0.0001627604166666667,0.15641276041666669,0.8434244791666667
20260912_174204_152_paper_strict_raw_equation_seed2025_01f04b03,11,53,0.9931640625,0.006673177083333334,0.00016276041666666668
20260912_174204_152_paper_strict_raw_equation_seed2025_01f04b03,11,54,0.014973958333333334,0.17724609375,0.8077799479166666
20260912_174204_152_paper_strict_raw_equation_seed2025_01f04b03,11,55,0.004557291666666667,0.00390625,0.9915364583333334
20260912_174204_152_paper_strict_raw_equation_seed2025_01f04b03,11,56,0.00634765625,0.9934895833333334,0.00016276041666666668
20260912_174204_152_paper_strict_raw_equation_seed2025_01f04b03,11,57,0.0001627604166666667,0.9549153645833334,0.04492187500000001
20260912_174204_152_paper_strict_raw_equation_seed2025_01f04b03,11,58,0.99072265625,0.00016276041666666668,0.009114583333333334
20260912_174204_152_paper_strict_raw_equation_seed2025_01f04b03,11,59,0.9830729166666667,0.01513671875,0.0017903645833333333
20260912_174204_152_paper_strict_raw_equation_seed2025_01f04b03,11,60,0.0001627604166666667,0.13069661458333334,0.869140625
20260912_174204_152_paper_strict_raw_equation_seed2025_01f04b03,11,61,0.00016276041666666674,0.5328776041666667,0.46695963541666663
20260912_174204_152_paper_strict_raw_equation_seed2025_01f04b03,11,62,0.30615234375,0.6936848958333334,0.0001627604166666667
20260912_174204_152_paper_strict_raw_equation_seed2025_01f04b03,11,63,0.4431966145833333,0.0001627604166666667,0.556640625
20260912_174204_152_paper_strict_raw_equation_seed2025_01f04b03,11,64,0.00016276041666666668,0.0008138020833333333,0.9990234375
20260912_174204_152_paper_strict_raw_equation_seed2025_01f04b03,11,65,0.99853515625,0.0013020833333333335,0.00016276041666666668
20260912_174204_152_paper_strict_raw_equation_seed2025_01f04b03,11,66,0.9990234375,0.00016276041666666668,0.0008138020833333333
20260912_174204_152_paper_strict_raw_equation_seed2025_01f04b03,11,67,0.8154296875,0.016601562500000003,0.16796875
20260912_174204_152_paper_strict_raw_equation_seed2025_01f04b03,11,68,0.032063802083333336,0.9677734375,0.0001627604166666667
20260912_174204_152_paper_strict_raw_equation_seed2025_01f04b03,11,69,0.017740885416666664,0.00016276041666666668,0.9820963541666667
20260912_174204_152_paper_strict_raw_equation_seed2025_01f04b03,11,70,0.01139322916666667,0.0001627604166666667,0.9884440104166667
20260912_174204_152_paper_strict_raw_equation_seed2025_01f04b03,11,71,0.17171223958333331,0.00016276041666666668,0.828125
20260912_174204_152_paper_strict_raw_equation_seed2025_01f04b03,11,72,0.15738932291666666,0.8424479166666665,0.00016276041666666668
20260912_174204_152_paper_strict_raw_equation_seed2025_01f04b03,11,73,0.98388671875,0.013346354166666666,0.002766927083333334
20260912_174204_152_paper_strict_raw_equation_seed2025_01f04b03,11,74,0.8650716145833334,0.134765625,0.0001627604166666667
20260912_174204_152_paper_strict_raw_equation_seed2025_01f04b03,11,75,0.4856770833333333,0.0001627604166666667,0.51416015625
20260912_174204_152_paper_strict_raw_equation_seed2025_01f04b03,11,76,0.90283203125,0.00016276041666666668,0.09700520833333333
20260912_174204_152_paper_strict_raw_equation_seed2025_01f04b03,11,77,0.998046875,0.0017903645833333335,0.0001627604166666667
20260912_174204_152_paper_strict_raw_equation_seed2025_01f04b03,11,78,0.42578125,0.00016276041666666668,0.5740559895833333
20260912_174204_152_paper_strict_raw_equation_seed2025_01f04b03,11,79,0.0017903645833333337,0.6637369791666667,0.33447265625
20260912_174204_152_paper_strict_raw_equation_seed2025_01f04b03,11,80,0.0006510416666666667,0.9991861979166667,0.00016276041666666668
20260912_174204_152_paper_strict_raw_equation_seed2025_01f04b03,11,81,0.8255208333333334,0.0001627604166666667,0.17431640625
20260912_174204_152_paper_strict_raw_equation_seed2025_01f04b03,11,82,0.00016276041666666668,0.0011393229166666667,0.9986979166666667
20260912_174204_152_paper_strict_raw_equation_seed2025_01f04b03,11,83,0.00016276041666666668,0.0016276041666666667,0.9982096354166667
20260912_174204_152_paper_strict_raw_equation_seed2025_01f04b03,11,84,0.9996744791666667,0.00016276041666666668,0.00016276041666666668
20260912_174204_152_paper_strict_raw_equation_seed2025_01f04b03,11,85,0.0001627604166666667,0.5343424479166667,0.46549479166666663
20260912_174204_152_paper_strict_raw_equation_seed2025_01f04b03,11,86,0.9996744791666667,0.00016276041666666668,0.00016276041666666668
20260912_174204_152_paper_strict_raw_equation_seed2025_01f04b03,11,87,0.00016276041666666668,0.00016276041666666668,0.9996744791666667
20260912_174204_152_paper_strict_raw_equation_seed2025_01f04b03,11,88,0.0032552083333333335,0.908203125,0.08854166666666666
20260912_174204_152_paper_strict_raw_equation_seed2025_01f04b03,11,89,0.0022786458333333335,0.99755859375,0.00016276041666666668
20260912_174204_152_paper_strict_raw_equation_seed2025_01f04b03,11,90,0.004720052083333334,0.00016276041666666668,0.9951171875
20260912_174204_152_paper_strict_raw_equation_seed2025_01f04b03,11,91,0.0008138020833333334,0.27783203125,0.7213541666666667
20260912_174204_152_paper_strict_raw_equation_seed2025_01f04b03,11,92,0.07666015625,0.34391276041666663,0.5794270833333334
20260912_174204_152_paper_strict_raw_equation_seed2025_01f04b03,11,93,0.00016276041666666668,0.9996744791666667,0.00016276041666666668
20260912_174204_152_paper_strict_raw_equation_seed2025_01f04b03,11,94,0.0011393229166666667,0.0008138020833333333,0.998046875
20260912_174204_152_paper_strict_raw_equation_seed2025_01f04b03,11,95,0.00016276041666666668,0.0013020833333333335,0.99853515625
20260912_174204_152_paper_strict_raw_equation_seed2025_01f04b03,11,96,0.0016276041666666665,0.98193359375,0.016438802083333332
20260912_174204_152_paper_strict_raw_equation_seed2025_01f04b03,11,97,0.00016276041666666668,0.00016276041666666668,0.9996744791666667
20260912_174204_152_paper_strict_raw_equation_seed2025_01f04b03,11,98,0.9996744791666667,0.00016276041666666668,0.00016276041666666668
20260912_174204_152_paper_strict_raw_equation_seed2025_01f04b03,11,99,0.016438802083333336,0.9827473958333334,0.000813802083333333
20260912_174204_152_paper_strict_raw_equation_seed2025_01f04b03,11,100,0.00016276041666666668,0.9900716145833334,0.009765625
20260912_174204_152_paper_strict_raw_equation_seed2025_01f04b03,11,101,0.998046875,0.0017903645833333335,0.0001627604166666667
20260912_174204_152_paper_strict_raw_equation_seed2025_01f04b03,12,0,0.9998372395833334,8.138020833333334e-05,8.138020833333334e-05
20260912_174204_152_paper_strict_raw_equation_seed2025_01f04b03,12,1,8.138020833333334e-05,8.138020833333334e-05,0.9998372395833334
20260912_174204_152_paper_strict_raw_equation_seed2025_01f04b03,12,2,0.0010579427083333333,0.9986165364583334,0.00032552083333333337
20260912_174204_152_paper_strict_raw_equation_seed2025_01f04b03,12,3,0.9302571614583334,0.06884765625000001,0.0008951822916666667
20260912_174204_152_paper_strict_raw_equation_seed2025_01f04b03,12,4,0.008382161458333332,8.138020833333334e-05,0.9915364583333334
20260912_174204_152_paper_strict_raw_equation_seed2025_01f04b03,12,5,0.001139322916666667,0.9969075520833334,0.0019531250000000004
20260912_174204_152_paper_strict_raw_equation_seed2025_01f04b03,12,6,8.138020833333334e-05,0.9966634114583334,0.0032552083333333335
20260912_174204_152_paper_strict_raw_equation_seed2025_01f04b03,12,7,0.00040690104166666663,0.9991861979166667,0.00040690104166666663
20260912_174204_152_paper_strict_raw_equation_seed2025_01f04b03,12,8,0.20711263020833334,0.79248046875,0.0004069010416666667
20260912_174204_152_paper_strict_raw_equation_seed2025_01f04b03,12,9,0.99951171875,8.138020833333334e-05,0.00040690104166666663
20260912_174204_152_paper_strict_raw_equation_seed2025_01f04b03,12,10,0.2177734375,0.7821451822916667,8.138020833333336e-05
20260912_174204_152_paper_strict_raw_equation_seed2025_01f04b03,12,11,8.138020833333334e-05,0.2158203125,0.7840983072916666
20260912_174204_152_paper_strict_raw_equation_seed2025_01f04b03,12,12,0.03922526041666667,0.9603678385416667,0.00040690104166666663
20260912_174204_152_paper_strict_raw_equation_seed2025_01f04b03,12,13,0.37776692708333337,0.6221516927083333,8.138020833333337e-05
20260912_174204_152_paper_strict_raw_equation_seed2025_01f04b03,12,14,0.9998372395833334,8.138020833333334e-05,8.138020833333334e-05
20260912_174204_152_paper_strict_raw_equation_seed2025_01f04b03,12,15,0.32397460937500006,0.39314778645833337,0.2828776041666667
20260912_174204_152_paper_strict_raw_equation_seed2025_01f04b03,12,16,0.0005696614583333334,0.9993489583333334,8.138020833333334e-05
20260912_174204_152_paper_strict_raw_equation_seed2025_01f04b03,12,17,0.9998372395833334,8.138020833333334e-05,8.138020833333334e-05
20260912_174204_152_paper_strict_raw_equation_seed2025_01f04b03,12,18,0.00032552083333333337,8.138020833333334e-05,0.9995930989583334
20260912_174204_152_paper_strict_raw_equation_seed2025_01f04b03,12,19,8.138020833333334e-05,0.99609375,0.003824869791666667
20260912_174204_152_paper_strict_raw_equation_seed2025_01f04b03,12,20,8.138020833333334e-05,0.9998372395833334,8.138020833333334e-05
20260912_174204_152_paper_strict_raw_equation_seed2025_01f04b03,12,21,0.9973958333333334,0.0025227864583333335,8.138020833333334e-05
20260912_174204_152_paper_strict_raw_equation_seed2025_01f04b03,12,22,0.9453125,0.054117838541666664,0.0005696614583333334
20260912_174204_152_paper_strict_raw_equation_seed2025_01f04b03,12,23,0.9998372395833334,8.138020833333334e-05,8.138020833333334e-05
20260912_174204_152_paper_strict_raw_equation_seed2025_01f04b03,12,24,0.5131022135416666,8.138020833333336e-05,0.48681640625
20260912_174204_152_paper_strict_raw_equation_seed2025_01f04b03,12,25,0.0032552083333333335,0.995849609375,0.0008951822916666666
20260912_174204_152_paper_strict_raw_equation_seed2025_01f04b03,12,26,0.703857421875,0.0003255208333333335,0.2958170572916667
20260912_174204_152_paper_strict_raw_equation_seed2025_01f04b03,12,27,0.0005696614583333335,0.005615234375000001,0.9938151041666667
20260912_174204_152_paper_strict_raw_equation_seed2025_01f04b03,12,28,0.001220703125,0.9973958333333334,0.0013834635416666665
20260912_174204_152_paper_strict_raw_equation_seed2025_01f04b03,12,29,0.0006510416666666668,0.9148763020833334,0.08447265625000001
20260912_174204_152_paper_strict_raw_equation_seed2025_01f04b03,12,30,0.006347656250000001,8.138020833333336e-05,0.9935709635416667
20260912_174204_152_paper_strict_raw_equation_seed2025_01f04b03,12,31,0.978759765625,0.00032552083333333337,0.020914713541666664
20260912_174204_152_paper_strict_raw_equation_seed2025_01f04b03,12,32,0.0005696614583333334,8.138020833333334e-05,0.9993489583333334
20260912_174204_152_paper_strict_raw_equation_seed2025_01f04b03,12,33,0.00341796875,0.0025227864583333335,0.9940592447916667
20260912_174204_152_paper_strict_raw_equation_seed2025_01f04b03,12,34,0.0017903645833333335,0.997314453125,0.0008951822916666666
20260912_174204_152_paper_strict_raw_equation_seed2025_01f04b03,12,35,0.2535807291666667,8.138020833333336e-05,0.746337890625
20260912_174204_152_paper_strict_raw_equation_seed2025_01f04b03,12,36,0.48673502604166663,0.504638671875,0.008626302083333334
20260912_174204_152_paper_strict_raw_equation_seed2025_01f04b03,12,37,8.138020833333334e-05,0.9984537760416667,0.00146484375
20260912_174204_152_paper_strict_raw_equation_seed2025_01f04b03,12,38,0.00032552083333333337,0.9962565104166667,0.00341796875
20260912_174204_152_paper_strict_raw_equation_seed2025_01f04b03,12,39,0.11173502604166667,0.01652018229166667,0.8717447916666667
20260912_174204_152_paper_strict_raw_equation_seed2025_01f04b03,12,40,8.138020833333334e-05,0.9884440104166665,0.011474609375
20260912_174204_152_paper_strict_raw_equation_seed2025_01f04b03,12,41,0.399169921875,0.6007486979166667,8.138020833333338e-05
20260912_174204_152_paper_strict_raw_equation_seed2025_01f04b03,12,42,0.9998372395833334,8.138020833333334e-05,8.138020833333334e-05
20260912_174204_152_paper_strict_raw_equation_seed2025_01f04b03,12,43,0.008138020833333334,0.4814453125,0.5104166666666666
20260912_174204_152_paper_strict_raw_equation_seed2025_01f04b03,12,44,8.138020833333334e-05,0.9991048177083334,0.0008138020833333334
20260912_174204_152_paper_strict_raw_equation_seed2025_01f04b03,12,45,8.138020833333334e-05,0.999267578125,0.0006510416666666667
20260912_174204_152_paper_strict_raw_equation_seed2025_01f04b03,12,46,0.00040690104166666663,0.9986165364583334,0.0009765625
20260912_174204_152_paper_strict_raw_equation_seed2025_01f04b03,12,47,0.9998372395833334,8.138020833333334e-05,8.138020833333334e-05
20260912_174204_152_paper_strict_raw_equation_seed2025_01f04b03,12,48,0.002522786458333334,0.8119303385416665,0.185546875
20260912_174204_152_paper_strict_raw_equation_seed2025_01f04b03,12,49,8.138020833333334e-05,0.9998372395833334,8.138020833333334e-05
20260912_174204_152_paper_strict_raw_equation_seed2025_01f04b03,12,50,0.44791666666666663,8.138020833333337e-05,0.552001953125
20260912_174204_152_paper_strict_raw_equation_seed2025_01f04b03,12,51,8.138020833333336e-05,0.008300781250000002,0.9916178385416667
20260912_174204_152_paper_strict_raw_equation_seed2025_01f04b03,12,52,8.138020833333336e-05,0.244873046875,0.7550455729166667
20260912_174204_152_paper_strict_raw_equation_seed2025_01f04b03,12,53,0.99658203125,0.003336588541666667,8.138020833333334e-05
20260912_174204_152_paper_strict_raw_equation_seed2025_01f04b03,12,54,0.007486979166666668,0.08862304687500001,0.9038899739583334
20260912_174204_152_paper_strict_raw_equation_seed2025_01f04b03,12,55,0.0022786458333333335,0.001953125,0.9957682291666667
20260912_174204_152_paper_strict_raw_equation_seed2025_01f04b03,12,56,0.003173828125,0.9967447916666667,8.138020833333334e-05
20260912_174204_152_paper_strict_raw_equation_seed2025_01f04b03,12,57,8.138020833333336e-05,0.810791015625,0.18912760416666666
20260912_174204_152_paper_strict_raw_equation_seed2025_01f04b03,12,58,0.995361328125,8.138020833333334e-05,0.004557291666666667
20260912_174204_152_paper_strict_raw_equation_seed2025_01f04b03,12,59,0.9915364583333334,0.007568359375,0.0008951822916666666
20260912_174204_152_paper_strict_raw_equation_seed2025_01f04b03,12,60,8.138020833333336e-05,0.06534830729166667,0.9345703125
20260912_174204_152_paper_strict_raw_equation_seed2025_01f04b03,12,61,8.138020833333337e-05,0.7664388020833334,0.23347981770833331
20260912_174204_152_paper_strict_raw_equation_seed2025_01f04b03,12,62,0.31974283854166663,0.68017578125,8.138020833333336e-05
20260912_174204_152_paper_strict_raw_equation_seed2025_01f04b03,12,63,0.554931640625,8.138020833333336e-05,0.44498697916666663
20260912_174204_152_paper_strict_raw_equation_seed2025_01f04b03,12,64,8.138020833333334e-05,0.00040690104166666663,0.99951171875
20260912_174204_152_paper_strict_raw_equation_seed2025_01f04b03,12,65,0.999267578125,0.0006510416666666667,8.138020833333334e-05
20260912_174204_152_paper_strict_raw_equation_seed2025_01f04b03,12,66,0.99951171875,8.138020833333334e-05,0.00040690104166666663
20260912_174204_152_paper_strict_raw_equation_seed2025_01f04b03,12,67,0.90771484375,0.008300781250000002,0.083984375
20260912_174204_152_paper_strict_raw_equation_seed2025_01f04b03,12,68,0.016031901041666668,0.98388671875,8.138020833333336e-05
20260912_174204_152_paper_strict_raw_equation_seed2025_01f04b03,12,69,0.008870442708333332,8.138020833333334e-05,0.9910481770833334
20260912_174204_152_paper_strict_raw_equation_seed2025_01f04b03,12,70,0.005696614583333335,8.138020833333336e-05,0.9942220052083334
20260912_174204_152_paper_strict_raw_equation_seed2025_01f04b03,12,71,0.25252278645833337,8.138020833333336e-05,0.7473958333333334
20260912_174204_152_paper_strict_raw_equation_seed2025_01f04b03,12,72,0.07869466145833333,0.9212239583333333,8.138020833333334e-05
20260912_174204_152_paper_strict_raw_equation_seed2025_01f04b03,12,73,0.991943359375,0.006673177083333333,0.001383463541666667
20260912_174204_152_paper_strict_raw_equation_seed2025_01f04b03,12,74,0.9325358072916667,0.0673828125,8.138020833333336e-05
20260912_174204_152_paper_strict_raw_equation_seed2025_01f04b03,12,75,0.576171875,8.138020833333336e-05,0.42374674479166663
20260912_174204_152_paper_strict_raw_equation_seed2025_01f04b03,12,76,0.951416015625,8.138020833333334e-05,0.048502604166666664
20260912_174204_152_paper_strict_raw_equation_seed2025_01f04b03,12,77,0.9990234375,0.0008951822916666667,8.138020833333336e-05
20260912_174204_152_paper_strict_raw_equation_seed2025_01f04b03,12,78,0.5462239583333334,8.138020833333336e-05,0.4536946614583333
20260912_174204_152_paper_strict_raw_equation_seed2025_01f04b03,12,79,0.0008951822916666668,0.49853515625,0.5005696614583333
20260912_174204_152_paper_strict_raw_equation_seed2025_01f04b03,12,80,0.00032552083333333337,0.9995930989583334,8.138020833333334e-05
20260912_174204_152_paper_strict_raw_equation_seed2025_01f04b03,12,81,0.9127604166666667,8.138020833333336e-05,0.087158203125
20260912_174204_152_paper_strict_raw_equation_seed2025_01f04b03,12,82,8.138020833333334e-05,0.0005696614583333334,0.9993489583333334
20260912_174204_152_paper_strict_raw_equation_seed2025_01f04b03,12,83,8.138020833333334e-05,0.0008138020833333334,0.9991048177083334
20260912_174204_152_paper_strict_raw_equation_seed2025_01f04b03,12,84,0.9998372395833334,8.138020833333334e-05,8.138020833333334e-05
20260912_174204_152_paper_strict_raw_equation_seed2025_01f04b03,12,85,8.138020833333336e-05,0.433837890625,0.5660807291666666
20260912_174204_152_paper_strict_raw_equation_seed2025_01f04b03,12,86,0.9998372395833334,8.138020833333334e-05,8.138020833333334e-05
20260912_174204_152_paper_strict_raw_equation_seed2025_01f04b03,12,87,8.138020833333334e-05,8.138020833333334e-05,0.9998372395833334
20260912_174204_152_paper_strict_raw_equation_seed2025_01f04b03,12,88,0.0016276041666666667,0.9541015625,0.04427083333333333
20260912_174204_152_paper_strict_raw_equation_seed2025_01f04b03,12,89,0.0011393229166666667,0.998779296875,8.138020833333334e-05
20260912_174204_152_paper_strict_raw_equation_seed2025_01f04b03,12,90,0.002360026041666667,8.138020833333334e-05,0.99755859375
20260912_174204_152_paper_strict_raw_equation_seed2025_01f04b03,12,91,0.0004069010416666667,0.30558268229166663,0.6940104166666667
20260912_174204_152_paper_strict_raw_equation_seed2025_01f04b03,12,92,0.038330078125,0.338623046875,0.623046875
20260912_174204_152_paper_strict_raw_equation_seed2025_01f04b03,12,93,8.138020833333334e-05,0.9998372395833334,8.138020833333334e-05
20260912_174204_152_paper_strict_raw_equation_seed2025_01f04b03,12,94,0.0005696614583333334,0.00040690104166666663,0.9990234375
20260912_174204_152_paper_strict_raw_equation_seed2025_01f04b03,12,95,8.138020833333334e-05,0.0006510416666666667,0.999267578125
20260912_174204_152_paper_strict_raw_equation_seed2025_01f04b03,12,96,0.0008138020833333333,0.990966796875,0.008219401041666666
20260912_174204_152_paper_strict_raw_equation_seed2025_01f04b03,12,97,8.138020833333334e-05,8.138020833333334e-05,0.9998372395833334
20260912_174204_152_paper_strict_raw_equation_seed2025_01f04b03,12,98,0.9998372395833334,8.138020833333334e-05,8.138020833333334e-05
20260912_174204_152_paper_strict_raw_equation_seed2025_01f04b03,12,99,0.008219401041666668,0.9913736979166667,0.0004069010416666665
20260912_174204_152_paper_strict_raw_equation_seed2025_01f04b03,12,100,8.138020833333334e-05,0.9950358072916667,0.0048828125
20260912_174204_152_paper_strict_raw_equation_seed2025_01f04b03,12,101,0.9990234375,0.0008951822916666667,8.138020833333336e-05
20260912_174204_152_paper_strict_raw_equation_seed2025_01f04b03,13,0,0.9999186197916667,4.069010416666667e-05,4.069010416666667e-05
20260912_174204_152_paper_strict_raw_equation_seed2025_01f04b03,13,1,4.069010416666667e-05,4.069010416666667e-05,0.9999186197916667
20260912_174204_152_paper_strict_raw_equation_seed2025_01f04b03,13,2,0.0005289713541666666,0.9993082682291667,0.00016276041666666668
20260912_174204_152_paper_strict_raw_equation_seed2025_01f04b03,13,3,0.9651285807291667,0.03442382812500001,0.00044759114583333337
20260912_174204_152_paper_strict_raw_equation_seed2025_01f04b03,13,4,0.004191080729166666,4.069010416666667e-05,0.9957682291666667
20260912_174204_152_paper_strict_raw_equation_seed2025_01f04b03,13,5,0.0005696614583333334,0.9984537760416665,0.0009765625
20260912_174204_152_paper_strict_raw_equation_seed2025_01f04b03,13,6,4.069010416666667e-05,0.9983317057291667,0.0016276041666666667
20260912_174204_152_paper_strict_raw_equation_seed2025_01f04b03,13,7,0.00020345052083333332,0.9995930989583334,0.00020345052083333332
20260912_174204_152_paper_strict_raw_equation_seed2025_01f04b03,13,8,0.10355631510416667,0.896240234375,0.00020345052083333334
20260912_174204_152_paper_strict_raw_equation_seed2025_01f04b03,13,9,0.999755859375,4.069010416666667e-05,0.00020345052083333332
20260912_174204_152_paper_strict_raw_equation_seed2025_01f04b03,13,10,0.44222005208333337,0.5577392578125001,4.0690104166666685e-05
20260912_174204_152_paper_strict_raw_equation_seed2025_01f04b03,13,11,4.069010416666668e-05,0.10791015625000001,0.8920491536458334
20260912_174204_152_paper_strict_raw_equation_seed2025_01f04b03,13,12,0.019612630208333336,0.9801839192708334,0.00020345052083333332
20260912_174204_152_paper_strict_raw_equation_seed2025_01f04b03,13,13,0.35555013020833337,0.6444091796875,4.0690104166666685e-05
20260912_174204_152_paper_strict_raw_equation_seed2025_01f04b03,13,14,0.9999186197916667,4.069010416666667e-05,4.069010416666667e-05
20260912_174204_152_paper_strict_raw_equation_seed2025_01f04b03,13,15,0.6619873046875,0.19657389322916669,0.14143880208333334
20260912_174204_152_paper_strict_raw_equation_seed2025_01f04b03,13,16,0.0002848307291666667,0.9996744791666667,4.069010416666667e-05
20260912_174204_152_paper_strict_raw_equation_seed2025_01f04b03,13,17,0.9999186197916667,4.069010416666667e-05,4.069010416666667e-05
20260912_174204_152_paper_strict_raw_equation_seed2025_01f04b03,13,18,0.00016276041666666668,4.069010416666667e-05,0.9997965494791667
20260912_174204_152_paper_strict_raw_equation_seed2025_01f04b03,13,19,4.069010416666667e-05,0.998046875,0.0019124348958333335
20260912_174204_152_paper_strict_raw_equation_seed2025_01f04b03,13,20,4.069010416666667e-05,0.9999186197916667,4.069010416666667e-05
20260912_174204_152_paper_strict_raw_equation_seed2025_01f04b03,13,21,0.9986979166666667,0.0012613932291666667,4.069010416666667e-05
20260912_174204_152_paper_strict_raw_equation_seed2025_01f04b03,13,22,0.97265625,0.027058919270833332,0.0002848307291666667
20260912_174204_152_paper_strict_raw_equation_seed2025_01f04b03,13,23,0.9999186197916667,4.069010416666667e-05,4.069010416666667e-05
20260912_174204_152_paper_strict_raw_equation_seed2025_01f04b03,13,24,0.4232177734375,4.069010416666668e-05,0.5767415364583333
20260912_174204_152_paper_strict_raw_equation_seed2025_01f04b03,13,25,0.0016276041666666667,0.9979248046875,0.0004475911458333333
20260912_174204_152_paper_strict_raw_equation_seed2025_01f04b03,13,26,0.6852620442708334,0.00016276041666666677,0.31457519531250006
20260912_174204_152_paper_strict_raw_equation_seed2025_01f04b03,13,27,0.00028483072916666674,0.0028076171875000004,0.9969075520833334
20260912_174204_152_paper_strict_raw_equation_seed2025_01f04b03,13,28,0.0006103515625,0.9986979166666667,0.0006917317708333333
20260912_174204_152_paper_strict_raw_equation_seed2025_01f04b03,13,29,0.00032552083333333337,0.9574381510416665,0.042236328125
20260912_174204_152_paper_strict_raw_equation_seed2025_01f04b03,13,30,0.0031738281250000004,4.069010416666668e-05,0.9967854817708334
20260912_174204_152_paper_strict_raw_equation_seed2025_01f04b03,13,31,0.9893798828125,0.00016276041666666668,0.010457356770833332
20260912_174204_152_paper_strict_raw_equation_seed2025_01f04b03,13,32,0.0002848307291666667,4.069010416666667e-05,0.9996744791666667
20260912_174204_152_paper_strict_raw_equation_seed2025_01f04b03,13,33,0.001708984375,0.0012613932291666667,0.9970296223958334
20260912_174204_152_paper_strict_raw_equation_seed2025_01f04b03,13,34,0.0008951822916666667,0.9986572265625,0.0004475911458333333
20260912_174204_152_paper_strict_raw_equation_seed2025_01f04b03,13,35,0.12679036458333334,4.069010416666668e-05,0.8731689453125
20260912_174204_152_paper_strict_raw_equation_seed2025_01f04b03,13,36,0.41003417968750006,0.5856526692708334,0.004313151041666668
20260912_174204_152_paper_strict_raw_equation_seed2025_01f04b03,13,37,4.069010416666667e-05,0.9992268880208334,0.000732421875
20260912_174204_152_paper_strict_raw_equation_seed2025_01f04b03,13,38,0.00016276041666666668,0.9981282552083334,0.001708984375
20260912_174204_152_paper_strict_raw_equation_seed2025_01f04b03,13,39,0.055867513020833336,0.008260091145833336,0.9358723958333334
20260912_174204_152_paper_strict_raw_equation_seed2025_01f04b03,13,40,4.069010416666668e-05,0.9942220052083334,0.005737304687500001
20260912_174204_152_paper_strict_raw_equation_seed2025_01f04b03,13,41,0.6995849609375,0.30037434895833337,4.069010416666669e-05
20260912_174204_152_paper_strict_raw_equation_seed2025_01f04b03,13,42,0.9999186197916667,4.069010416666667e-05,4.069010416666667e-05
20260912_174204_152_paper_strict_raw_equation_seed2025_01f04b03,13,43,0.004069010416666667,0.74072265625,0.2552083333333333
20260912_174204_152_paper_strict_raw_equation_seed2025_01f04b03,13,44,4.069010416666667e-05,0.9995524088541667,0.0004069010416666667
20260912_174204_152_paper_strict_raw_equation_seed2025_01f04b03,13,45,4.069010416666667e-05,0.9996337890625,0.00032552083333333337
20260912_174204_152_paper_strict_raw_equation_seed2025_01f04b03,13,46,0.00020345052083333332,0.9993082682291667,0.00048828125
20260912_174204_152_paper_strict_raw_equation_seed2025_01f04b03,13,47,0.9999186197916667,4.069010416666667e-05,4.069010416666667e-05
20260912_174204_152_paper_strict_raw_equation_seed2025_01f04b03,13,48,0.0012613932291666672,0.9059651692708334,0.09277343750000001
20260912_174204_152_paper_strict_raw_equation_seed2025_01f04b03,13,49,4.069010416666667e-05,0.9999186197916667,4.069010416666667e-05
20260912_174204_152_paper_strict_raw_equation_seed2025_01f04b03,13,50,0.7239583333333334,4.069010416666669e-05,0.27600097656250006
20260912_174204_152_paper_strict_raw_equation_seed2025_01f04b03,13,51,4.069010416666668e-05,0.004150390625000001,0.9958089192708334
20260912_174204_152_paper_strict_raw_equation_seed2025_01f04b03,13,52,4.069010416666668e-05,0.28910319010416663,0.7108561197916667
20260912_174204_152_paper_strict_raw_equation_seed2025_01f04b03,13,53,0.998291015625,0.0016682942708333335,4.069010416666667e-05
20260912_174204_152_paper_strict_raw_equation_seed2025_01f04b03,13,54,0.003743489583333334,0.04431152343750001,0.9519449869791667
20260912_174204_152_paper_strict_raw_equation_seed2025_01f04b03,13,55,0.0011393229166666667,0.0009765625,0.9978841145833334
20260912_174204_152_paper_strict_raw_equation_seed2025_01f04b03,13,56,0.0015869140625,0.9983723958333334,4.069010416666667e-05
20260912_174204_152_paper_strict_raw_equation_seed2025_01f04b03,13,57,4.0690104166666685e-05,0.7387288411458334,0.26123046875000006
20260912_174204_152_paper_strict_raw_equation_seed2025_01f04b03,13,58,0.9976806640625,4.069010416666667e-05,0.0022786458333333335
20260912_174204_152_paper_strict_raw_equation_seed2025_01f04b03,13,59,0.8291015625,0.17045084635416666,0.0004475911458333333
20260912_174204_152_paper_strict_raw_equation_seed2025_01f04b03,13,60,4.069010416666668e-05,0.032674153645833336,0.96728515625
20260912_174204_152_paper_strict_raw_equation_seed2025_01f04b03,13,61,4.0690104166666685e-05,0.8832194010416667,0.11673990885416666
20260912_174204_152_paper_strict_raw_equation_seed2025_01f04b03,13,62,0.4932047526041667,0.5067545572916667,4.0690104166666685e-05
20260912_174204_152_paper_strict_raw_equation_seed2025_01f04b03,13,63,0.44413248697916663,4.069010416666668e-05,0.5558268229166666
20260912_174204_152_paper_strict_raw_equation_seed2025_01f04b03,13,64,4.069010416666667e-05,0.00020345052083333332,0.999755859375
20260912_174204_152_paper_strict_raw_equation_seed2025_01f04b03,13,65,0.9996337890625,0.00032552083333333337,4.069010416666667e-05
20260912_174204_152_paper_strict_raw_equation_seed2025_01f04b03,13,66,0.999755859375,4.069010416666667e-05,0.00020345052083333332
20260912_174204_152_paper_strict_raw_equation_seed2025_01f04b03,13,67,0.7871907552083334,0.004150390625000002,0.20865885416666669
20260912_174204_152_paper_strict_raw_equation_seed2025_01f04b03,13,68,0.008015950520833334,0.991943359375,4.069010416666668e-05
20260912_174204_152_paper_strict_raw_equation_seed2025_01f04b03,13,69,0.004435221354166666,4.069010416666667e-05,0.9955240885416667
20260912_174204_152_paper_strict_raw_equation_seed2025_01f04b03,13,70,0.0028483072916666674,4.069010416666668e-05,0.9971110026041667
20260912_174204_152_paper_strict_raw_equation_seed2025_01f04b03,13,71,0.29292805989583337,4.069010416666668e-05,0.70703125
20260912_174204_152_paper_strict_raw_equation_seed2025_01f04b03,13,72,0.20601399739583334,0.7939453125000001,4.069010416666668e-05
20260912_174204_152_paper_strict_raw_equation_seed2025_01f04b03,13,73,0.9959716796875,0.0033365885416666665,0.0006917317708333335
20260912_174204_152_paper_strict_raw_equation_seed2025_01f04b03,13,74,0.7996012369791667,0.20035807291666666,4.069010416666668e-05
20260912_174204_152_paper_strict_raw_equation_seed2025_01f04b03,13,75,0.6214192708333334,4.0690104166666685e-05,0.37854003906250006
20260912_174204_152_paper_strict_raw_equation_seed2025_01f04b03,13,76,0.9757080078125,4.069010416666667e-05,0.024251302083333332
20260912_174204_152_paper_strict_raw_equation_seed2025_01f04b03,13,77,0.99951171875,0.00044759114583333337,4.069010416666668e-05
20260912_174204_152_paper_strict_raw_equation_seed2025_01f04b03,13,78,0.7731119791666667,4.069010416666668e-05,0.22684733072916666
20260912_174204_152_paper_strict_raw_equation_seed2025_01f04b03,13,79,0.0004475911458333334,0.249267578125,0.7502848307291666
20260912_174204_152_paper_strict_raw_equation_seed2025_01f04b03,13,80,0.00016276041666666668,0.9997965494791667,4.069010416666667e-05
20260912_174204_152_paper_strict_raw_equation_seed2025_01f04b03,13,81,0.9563802083333334,4.069010416666668e-05,0.0435791015625
20260912_174204_152_paper_strict_raw_equation_seed2025_01f04b03,13,82,4.069010416666667e-05,0.0002848307291666667,0.9996744791666667
20260912_174204_152_paper_strict_raw_equation_seed2025_01f04b03,13,83,4.069010416666667e-05,0.0004069010416666667,0.9995524088541667
20260912_174204_152_paper_strict_raw_equation_seed2025_01f04b03,13,84,0.9999186197916667,4.069010416666667e-05,4.069010416666667e-05
20260912_174204_152_paper_strict_raw_equation_seed2025_01f04b03,13,85,4.0690104166666685e-05,0.5502522786458334,0.44970703125000006
20260912_174204_152_paper_strict_raw_equation_seed2025_01f04b03,13,86,0.9999186197916667,4.069010416666667e-05,4.069010416666667e-05
20260912_174204_152_paper_strict_raw_equation_seed2025_01f04b03,13,87,4.069010416666667e-05,4.069010416666667e-05,0.9999186197916667
20260912_174204_152_paper_strict_raw_equation_seed2025_01f04b03,13,88,0.0008138020833333334,0.97705078125,0.022135416666666664
20260912_174204_152_paper_strict_raw_equation_seed2025_01f04b03,13,89,0.0005696614583333334,0.9993896484375,4.069010416666667e-05
20260912_174204_152_paper_strict_raw_equation_seed2025_01f04b03,13,90,0.0011800130208333335,4.069010416666667e-05,0.998779296875
20260912_174204_152_paper_strict_raw_equation_seed2025_01f04b03,13,91,0.00020345052083333334,0.3194580078125,0.6803385416666667
20260912_174204_152_paper_strict_raw_equation_seed2025_01f04b03,13,92,0.019165039062500003,0.3359781901041667,0.6448567708333334
20260912_174204_152_paper_strict_raw_equation_seed2025_01f04b03,13,93,4.069010416666667e-05,0.9999186197916667,4.069010416666667e-05
20260912_174204_152_paper_strict_raw_equation_seed2025_01f04b03,13,94,0.0002848307291666667,0.00020345052083333332,0.99951171875
20260912_174204_152_paper_strict_raw_equation_seed2025_01f04b03,13,95,4.069010416666667e-05,0.00032552083333333337,0.9996337890625
20260912_174204_152_paper_strict_raw_equation_seed2025_01f04b03,13,96,0.00040690104166666663,0.9954833984375,0.004109700520833333
20260912_174204_152_paper_strict_raw_equation_seed2025_01f04b03,13,97,4.069010416666667e-05,4.069010416666667e-05,0.9999186197916667
20260912_174204_152_paper_strict_raw_equation_seed2025_01f04b03,13,98,0.9999186197916667,4.069010416666667e-05,4.069010416666667e-05
20260912_174204_152_paper_strict_raw_equation_seed2025_01f04b03,13,99,0.004109700520833334,0.9956868489583334,0.00020345052083333326
20260912_174204_152_paper_strict_raw_equation_seed2025_01f04b03,13,100,4.069010416666667e-05,0.9975179036458334,0.00244140625
20260912_174204_152_paper_strict_raw_equation_seed2025_01f04b03,13,101,0.99951171875,0.00044759114583333337,4.069010416666668e-05
20260912_174204_152_paper_strict_raw_equation_seed2025_01f04b03,14,0,0.9999593098958334,2.0345052083333336e-05,2.0345052083333336e-05
20260912_174204_152_paper_strict_raw_equation_seed2025_01f04b03,14,1,2.0345052083333336e-05,2.0345052083333336e-05,0.9999593098958334
20260912_174204_152_paper_strict_raw_equation_seed2025_01f04b03,14,2,0.0002644856770833333,0.9996541341145834,8.138020833333334e-05
20260912_174204_152_paper_strict_raw_equation_seed2025_01f04b03,14,3,0.9825642903645834,0.017211914062500003,0.00022379557291666668
20260912_174204_152_paper_strict_raw_equation_seed2025_01f04b03,14,4,0.002095540364583333,2.0345052083333336e-05,0.9978841145833334
20260912_174204_152_paper_strict_raw_equation_seed2025_01f04b03,14,5,0.00028483072916666674,0.9992268880208334,0.0004882812500000001
20260912_174204_152_paper_strict_raw_equation_seed2025_01f04b03,14,6,2.0345052083333336e-05,0.9991658528645834,0.0008138020833333334
20260912_174204_152_paper_strict_raw_equation_seed2025_01f04b03,14,7,0.00010172526041666666,0.9997965494791667,0.00010172526041666666
20260912_174204_152_paper_strict_raw_equation_seed2025_01f04b03,14,8,0.17677815755208334,0.8231201171875,0.00010172526041666667
20260912_174204_152_paper_strict_raw_equation_seed2025_01f04b03,14,9,0.9998779296875,2.0345052083333336e-05,0.00010172526041666666
20260912_174204_152_paper_strict_raw_equation_seed2025_01f04b03,14,10,0.4711100260416667,0.52886962890625,2.0345052083333342e-05
20260912_174204_152_paper_strict_raw_equation_seed2025_01f04b03,14,11,2.034505208333334e-05,0.178955078125,0.8210245768229167
20260912_174204_152_paper_strict_raw_equation_seed2025_01f04b03,14,12,0.009806315104166668,0.9900919596354167,0.00010172526041666666
20260912_174204_152_paper_strict_raw_equation_seed2025_01f04b03,14,13,0.3027750651041667,0.69720458984375,2.0345052083333342e-05
20260912_174204_152_paper_strict_raw_equation_seed2025_01f04b03,14,14,0.9999593098958334,2.0345052083333336e-05,2.0345052083333336e-05
20260912_174204_152_paper_strict_raw_equation_seed2025_01f04b03,14,15,0.33099365234375,0.34828694661458337,0.3207194010416667
20260912_174204_152_paper_strict_raw_equation_seed2025_01f04b03,14,16,0.00014241536458333334,0.9998372395833334,2.0345052083333336e-05
20260912_174204_152_paper_strict_raw_equation_seed2025_01f04b03,14,17,0.9999593098958334,2.0345052083333336e-05,2.0345052083333336e-05
20260912_174204_152_paper_strict_raw_equation_seed2025_01f04b03,14,18,8.138020833333334e-05,2.0345052083333336e-05,0.9998982747395834
20260912_174204_152_paper_strict_raw_equation_seed2025_01f04b03,14,19,2.0345052083333336e-05,0.9990234375,0.0009562174479166667
20260912_174204_152_paper_strict_raw_equation_seed2025_01f04b03,14,20,2.0345052083333336e-05,0.9999593098958334,2.0345052083333336e-05
20260912_174204_152_paper_strict_raw_equation_seed2025_01f04b03,14,21,0.9993489583333334,0.0006306966145833334,2.0345052083333336e-05
20260912_174204_152_paper_strict_raw_equation_seed2025_01f04b03,14,22,0.986328125,0.013529459635416666,0.00014241536458333334
20260912_174204_152_paper_strict_raw_equation_seed2025_01f04b03,14,23,0.9999593098958334,2.0345052083333336e-05,2.0345052083333336e-05
20260912_174204_152_paper_strict_raw_equation_seed2025_01f04b03,14,24,0.58660888671875,2.034505208333334e-05,0.41337076822916663
20260912_174204_152_paper_strict_raw_equation_seed2025_01f04b03,14,25,0.0008138020833333334,0.99896240234375,0.00022379557291666666
20260912_174204_152_paper_strict_raw_equation_seed2025_01f04b03,14,26,0.5926310221354167,8.138020833333338e-05,0.40728759765625
20260912_174204_152_paper_strict_raw_equation_seed2025_01f04b03,14,27,0.00014241536458333337,0.0014038085937500002,0.9984537760416667
20260912_174204_152_paper_strict_raw_equation_seed2025_01f04b03,14,28,0.00030517578125,0.9993489583333334,0.00034586588541666663
20260912_174204_152_paper_strict_raw_equation_seed2025_01f04b03,14,29,0.0001627604166666667,0.9787190755208334,0.021118164062500003
20260912_174204_152_paper_strict_raw_equation_seed2025_01f04b03,14,30,0.0015869140625000002,2.034505208333334e-05,0.9983927408854167
20260912_174204_152_paper_strict_raw_equation_seed2025_01f04b03,14,31,0.99468994140625,8.138020833333334e-05,0.005228678385416666
20260912_174204_152_paper_strict_raw_equation_seed2025_01f04b03,14,32,0.00014241536458333334,2.0345052083333336e-05,0.9998372395833334
20260912_174204_152_paper_strict_raw_equation_seed2025_01f04b03,14,33,0.0008544921875,0.0006306966145833334,0.9985148111979167
20260912_174204_152_paper_strict_raw_equation_seed2025_01f04b03,14,34,0.00044759114583333337,0.99932861328125,0.00022379557291666666
20260912_174204_152_paper_strict_raw_equation_seed2025_01f04b03,14,35,0.06339518229166667,2.034505208333334e-05,0.93658447265625
20260912_174204_152_paper_strict_raw_equation_seed2025_01f04b03,14,36,0.33001708984375,0.6678263346354167,0.002156575520833334
20260912_174204_152_paper_strict_raw_equation_seed2025_01f04b03,14,37,2.0345052083333336e-05,0.9996134440104167,0.0003662109375
20260912_174204_152_paper_strict_raw_equation_seed2025_01f04b03,14,38,8.138020833333334e-05,0.9990641276041667,0.0008544921875
20260912_174204_152_paper_strict_raw_equation_seed2025_01f04b03,14,39,0.027933756510416668,0.004130045572916668,0.9679361979166667
20260912_174204_152_paper_strict_raw_equation_seed2025_01f04b03,14,40,2.0345052083333336e-05,0.9971110026041665,0.00286865234375
20260912_174204_152_paper_strict_raw_equation_seed2025_01f04b03,14,41,0.84979248046875,0.15018717447916669,2.0345052083333346e-05
20260912_174204_152_paper_strict_raw_equation_seed2025_01f04b03,14,42,0.9999593098958334,2.0345052083333336e-05,2.0345052083333336e-05
20260912_174204_152_paper_strict_raw_equation_seed2025_01f04b03,14,43,0.0020345052083333335,0.745361328125,0.25260416666666663
20260912_174204_152_paper_strict_raw_equation_seed2025_01f04b03,14,44,2.0345052083333336e-05,0.9997762044270834,0.00020345052083333334
20260912_174204_152_paper_strict_raw_equation_seed2025_01f04b03,14,45,2.0345052083333336e-05,0.99981689453125,0.00016276041666666668
20260912_174204_152_paper_strict_raw_equation_seed2025_01f04b03,14,46,0.00010172526041666666,0.9996541341145834,0.000244140625
20260912_174204_152_paper_strict_raw_equation_seed2025_01f04b03,14,47,0.9999593098958334,2.0345052083333336e-05,2.0345052083333336e-05
20260912_174204_152_paper_strict_raw_equation_seed2025_01f04b03,14,48,0.0006306966145833336,0.8279825846354167,0.17138671875
20260912_174204_152_paper_strict_raw_equation_seed2025_01f04b03,14,49,2.0345052083333336e-05,0.9999593098958334,2.0345052083333336e-05
20260912_174204_152_paper_strict_raw_equation_seed2025_01f04b03,14,50,0.8619791666666665,2.0345052083333342e-05,0.13800048828125
20260912_174204_152_paper_strict_raw_equation_seed2025_01f04b03,14,51,2.034505208333334e-05,0.0020751953125000004,0.9979044596354167
20260912_174204_152_paper_strict_raw_equation_seed2025_01f04b03,14,52,2.034505208333334e-05,0.14455159505208331,0.8554280598958334
20260912_174204_152_paper_strict_raw_equation_seed2025_01f04b03,14,53,0.9991455078125,0.0008341471354166667,2.0345052083333336e-05
20260912_174204_152_paper_strict_raw_equation_seed2025_01f04b03,14,54,0.001871744791666667,0.022155761718750003,0.9759724934895834
20260912_174204_152_paper_strict_raw_equation_seed2025_01f04b03,14,55,0.0005696614583333334,0.00048828125,0.9989420572916667
20260912_174204_152_paper_strict_raw_equation_seed2025_01f04b03,14,56,0.00079345703125,0.9991861979166667,2.0345052083333336e-05
20260912_174204_152_paper_strict_raw_equation_seed2025_01f04b03,14,57,2.034505208333334e-05,0.8693644205729165,0.130615234375
20260912_174204_152_paper_strict_raw_equation_seed2025_01f04b03,14,58,0.99884033203125,2.0345052083333336e-05,0.0011393229166666667
20260912_174204_152_paper_strict_raw_equation_seed2025_01f04b03,14,59,0.91455078125,0.08522542317708333,0.00022379557291666666
20260912_174204_152_paper_strict_raw_equation_seed2025_01f04b03,14,60,2.034505208333334e-05,0.016337076822916668,0.983642578125
20260912_174204_152_paper_strict_raw_equation_seed2025_01f04b03,14,61,2.0345052083333342e-05,0.8166097005208334,0.18336995442708331
20260912_174204_152_paper_strict_raw_equation_seed2025_01f04b03,14,62,0.6216023763020834,0.37837727864583337,2.0345052083333342e-05
20260912_174204_152_paper_strict_raw_equation_seed2025_01f04b03,14,63,0.22206624348958334,2.0345052083333342e-05,0.7779134114583334
20260912_174204_152_paper_strict_raw_equation_seed2025_01f04b03,14,64,2.0345052083333336e-05,0.00010172526041666666,0.9998779296875
20260912_174204_152_paper_strict_raw_equation_seed2025_01f04b03,14,65,0.99981689453125,0.00016276041666666668,2.0345052083333336e-05
20260912_174204_152_paper_strict_raw_equation_seed2025_01f04b03,14,66,0.9998779296875,2.0345052083333336e-05,0.00010172526041666666
20260912_174204_152_paper_strict_raw_equation_seed2025_01f04b03,14,67,0.6435953776041667,0.002075195312500001,0.35432942708333337
20260912_174204_152_paper_strict_raw_equation_seed2025_01f04b03,14,68,0.004007975260416667,0.9959716796875,2.034505208333334e-05
20260912_174204_152_paper_strict_raw_equation_seed2025_01f04b03,14,69,0.002217610677083333,2.0345052083333336e-05,0.9977620442708334
20260912_174204_152_paper_strict_raw_equation_seed2025_01f04b03,14,70,0.0014241536458333337,2.034505208333334e-05,0.9985555013020834
20260912_174204_152_paper_strict_raw_equation_seed2025_01f04b03,14,71,0.14646402994791669,2.034505208333334e-05,0.853515625
20260912_174204_152_paper_strict_raw_equation_seed2025_01f04b03,14,72,0.22800699869791669,0.77197265625,2.034505208333334e-05
20260912_174204_152_paper_strict_raw_equation_seed2025_01f04b03,14,73,0.99798583984375,0.0016682942708333333,0.00034586588541666674
20260912_174204_152_paper_strict_raw_equation_seed2025_01f04b03,14,74,0.7748006184895834,0.22517903645833331,2.034505208333334e-05
20260912_174204_152_paper_strict_raw_equation_seed2025_01f04b03,14,75,0.5607096354166667,2.0345052083333342e-05,0.43927001953125
20260912_174204_152_paper_strict_raw_equation_seed2025_01f04b03,14,76,0.98785400390625,2.0345052083333336e-05,0.012125651041666666
20260912_174204_152_paper_strict_raw_equation_seed2025_01f04b03,14,77,0.999755859375,0.00022379557291666668,2.034505208333334e-05
20260912_174204_152_paper_strict_raw_equation_seed2025_01f04b03,14,78,0.8865559895833334,2.034505208333334e-05,0.11342366536458333
20260912_174204_152_paper_strict_raw_equation_seed2025_01f04b03,14,79,0.00022379557291666674,0.24963378906250003,0.7501424153645834
20260912_174204_152_paper_strict_raw_equation_seed2025_01f04b03,14,80,8.138020833333334e-05,0.9998982747395834,2.0345052083333336e-05
20260912_174204_152_paper_strict_raw_equation_seed2025_01f04b03,14,81,0.9781901041666667,2.034505208333334e-05,0.02178955078125
20260912_174204_152_paper_strict_raw_equation_seed2025_01f04b03,14,82,2.0345052083333336e-05,0.00014241536458333334,0.9998372395833334
20260912_174204_152_paper_strict_raw_equation_seed2025_01f04b03,14,83,2.0345052083333336e-05,0.00020345052083333334,0.9997762044270834
20260912_174204_152_paper_strict_raw_equation_seed2025_01f04b03,14,84,0.9999593098958334,2.0345052083333336e-05,2.0345052083333336e-05
20260912_174204_152_paper_strict_raw_equation_seed2025_01f04b03,14,85,2.0345052083333342e-05,0.6501261393229167,0.349853515625
20260912_174204_152_paper_strict_raw_equation_seed2025_01f04b03,14,86,0.9999593098958334,2.0345052083333336e-05,2.0345052083333336e-05
20260912_174204_152_paper_strict_raw_equation_seed2025_01f04b03,14,87,2.0345052083333336e-05,2.0345052083333336e-05,0.9999593098958334
20260912_174204_152_paper_strict_raw_equation_seed2025_01f04b03,14,88,0.0004069010416666667,0.988525390625,0.011067708333333332
20260912_174204_152_paper_strict_raw_equation_seed2025_01f04b03,14,89,0.0002848307291666667,0.99969482421875,2.0345052083333336e-05
20260912_174204_152_paper_strict_raw_equation_seed2025_01f04b03,14,90,0.0005900065104166667,2.0345052083333336e-05,0.9993896484375
20260912_174204_152_paper_strict_raw_equation_seed2025_01f04b03,14,91,0.00010172526041666667,0.40972900390625,0.5901692708333334
20260912_174204_152_paper_strict_raw_equation_seed2025_01f04b03,14,92,0.009582519531250002,0.29298909505208337,0.6974283854166667
20260912_174204_152_paper_strict_raw_equation_seed2025_01f04b03,14,93,2.0345052083333336e-05,0.9999593098958334,2.0345052083333336e-05
20260912_174204_152_paper_strict_raw_equation_seed2025_01f04b03,14,94,0.00014241536458333334,0.00010172526041666666,0.999755859375
20260912_174204_152_paper_strict_raw_equation_seed2025_01f04b03,14,95,2.0345052083333336e-05,0.00016276041666666668,0.99981689453125
20260912_174204_152_paper_strict_raw_equation_seed2025_01f04b03,14,96,0.00020345052083333332,0.99774169921875,0.0020548502604166665
20260912_174204_152_paper_strict_raw_equation_seed2025_01f04b03,14,97,2.0345052083333336e-05,2.0345052083333336e-05,0.9999593098958334
20260912_174204_152_paper_strict_raw_equation_seed2025_01f04b03,14,98,0.9999593098958334,2.0345052083333336e-05,2.0345052083333336e-05
20260912_174204_152_paper_strict_raw_equation_seed2025_01f04b03,14,99,0.002054850260416667,0.9978434244791667,0.00010172526041666663
20260912_174204_152_paper_strict_raw_equation_seed2025_01f04b03,14,100,2.0345052083333336e-05,0.9987589518229167,0.001220703125
20260912_174204_152_paper_strict_raw_equation_seed2025_01f04b03,14,101,0.999755859375,0.00022379557291666668,2.034505208333334e-05
20260912_174204_152_paper_strict_raw_equation_seed2025_01f04b03,15,0,0.9999796549479167,1.0172526041666668e-05,1.0172526041666668e-05
20260912_174204_152_paper_strict_raw_equation_seed2025_01f04b03,15,1,1.0172526041666668e-05,1.0172526041666668e-05,0.9999796549479167
20260912_174204_152_paper_strict_raw_equation_seed2025_01f04b03,15,2,0.00013224283854166666,0.9998270670572917,4.069010416666667e-05
20260912_174204_152_paper_strict_raw_equation_seed2025_01f04b03,15,3,0.9912821451822917,0.008605957031250002,0.00011189778645833334
20260912_174204_152_paper_strict_raw_equation_seed2025_01f04b03,15,4,0.0010477701822916665,1.0172526041666668e-05,0.9989420572916667
20260912_174204_152_paper_strict_raw_equation_seed2025_01f04b03,15,5,0.00014241536458333334,0.9996134440104165,0.000244140625
20260912_174204_152_paper_strict_raw_equation_seed2025_01f04b03,15,6,1.0172526041666668e-05,0.9995829264322917,0.0004069010416666667
20260912_174204_152_paper_strict_raw_equation_seed2025_01f04b03,15,7,5.086263020833333e-05,0.9998982747395834,5.086263020833333e-05
20260912_174204_152_paper_strict_raw_equation_seed2025_01f04b03,15,8,0.25505574544270837,0.7448933919270834,5.086263020833334e-05
20260912_174204_152_paper_strict_raw_equation_seed2025_01f04b03,15,9,0.99993896484375,1.0172526041666668e-05,5.086263020833333e-05
20260912_174204_152_paper_strict_raw_equation_seed2025_01f04b03,15,10,0.40222167968750006,0.5977681477864584,1.0172526041666673e-05
20260912_174204_152_paper_strict_raw_equation_seed2025_01f04b03,15,11,1.017252604166667e-05,0.4228108723958333,0.577178955078125
20260912_174204_152_paper_strict_raw_equation_seed2025_01f04b03,15,12,0.004903157552083334,0.9950459798177084,5.086263020833333e-05
20260912_174204_152_paper_strict_raw_equation_seed2025_01f04b03,15,13,0.31805419921875006,0.6819356282552084,1.0172526041666673e-05
20260912_174204_152_paper_strict_raw_equation_seed2025_01f04b03,15,14,0.9999796549479167,1.0172526041666668e-05,1.0172526041666668e-05
20260912_174204_152_paper_strict_raw_equation_seed2025_01f04b03,15,15,0.33216349283854163,0.507476806640625,0.16035970052083334
20260912_174204_152_paper_strict_raw_equation_seed2025_01f04b03,15,16,7.120768229166667e-05,0.9999186197916667,1.0172526041666668e-05
20260912_174204_152_paper_strict_raw_equation_seed2025_01f04b03,15,17,0.9999796549479167,1.0172526041666668e-05,1.0172526041666668e-05
20260912_174204_152_paper_strict_raw_equation_seed2025_01f04b03,15,18,4.069010416666667e-05,1.0172526041666668e-05,0.9999491373697917
20260912_174204_152_paper_strict_raw_equation_seed2025_01f04b03,15,19,1.0172526041666668e-05,0.99951171875,0.00047810872395833337
20260912_174204_152_paper_strict_raw_equation_seed2025_01f04b03,15,20,1.0172526041666668e-05,0.9999796549479167,1.0172526041666668e-05
20260912_174204_152_paper_strict_raw_equation_seed2025_01f04b03,15,21,0.9996744791666667,0.0003153483072916667,1.0172526041666668e-05
20260912_174204_152_paper_strict_raw_equation_seed2025_01f04b03,15,22,0.9931640625,0.006764729817708333,7.120768229166667e-05
20260912_174204_152_paper_strict_raw_equation_seed2025_01f04b03,15,23,0.9999796549479167,1.0172526041666668e-05,1.0172526041666668e-05
20260912_174204_152_paper_strict_raw_equation_seed2025_01f04b03,15,24,0.793304443359375,1.017252604166667e-05,0.20668538411458331
20260912_174204_152_paper_strict_raw_equation_seed2025_01f04b03,15,25,0.0004069010416666667,0.999481201171875,0.00011189778645833333
20260912_174204_152_paper_strict_raw_equation_seed2025_01f04b03,15,26,0.6296488444010417,4.069010416666669e-05,0.37031046549479163
20260912_174204_152_paper_strict_raw_equation_seed2025_01f04b03,15,27,7.120768229166668e-05,0.0007019042968750001,0.9992268880208334
20260912_174204_152_paper_strict_raw_equation_seed2025_01f04b03,15,28,0.000152587890625,0.9996744791666667,0.00017293294270833332
20260912_174204_152_paper_strict_raw_equation_seed2025_01f04b03,15,29,8.138020833333334e-05,0.9893595377604165,0.01055908203125
20260912_174204_152_paper_strict_raw_equation_seed2025_01f04b03,15,30,0.0007934570312500001,1.017252604166667e-05,0.9991963704427084
20260912_174204_152_paper_strict_raw_equation_seed2025_01f04b03,15,31,0.997344970703125,4.069010416666667e-05,0.002614339192708333
20260912_174204_152_paper_strict_raw_equation_seed2025_01f04b03,15,32,7.120768229166667e-05,1.0172526041666668e-05,0.9999186197916667
20260912_174204_152_paper_strict_raw_equation_seed2025_01f04b03,15,33,0.00042724609375,0.0003153483072916667,0.9992574055989584
20260912_174204_152_paper_strict_raw_equation_seed2025_01f04b03,15,34,0.00022379557291666668,0.999664306640625,0.00011189778645833333
20260912_174204_152_paper_strict_raw_equation_seed2025_01f04b03,15,35,0.031697591145833336,1.017252604166667e-05,0.968292236328125
20260912_174204_152_paper_strict_raw_equation_seed2025_01f04b03,15,36,0.33167521158854163,0.6672465006510417,0.001078287760416667
20260912_174204_152_paper_strict_raw_equation_seed2025_01f04b03,15,37,1.0172526041666668e-05,0.9998067220052084,0.00018310546875
20260912_174204_152_paper_strict_raw_equation_seed2025_01f04b03,15,38,4.069010416666667e-05,0.9995320638020834,0.00042724609375
20260912_174204_152_paper_strict_raw_equation_seed2025_01f04b03,15,39,0.013966878255208334,0.002065022786458334,0.9839680989583334
20260912_174204_152_paper_strict_raw_equation_seed2025_01f04b03,15,40,1.017252604166667e-05,0.9985555013020834,0.0014343261718750002
20260912_174204_152_paper_strict_raw_equation_seed2025_01f04b03,15,41,0.7582295735677084,0.24176025390625003,1.0172526041666675e-05
20260912_174204_152_paper_strict_raw_equation_seed2025_01f04b03,15,42,0.9999796549479167,1.0172526041666668e-05,1.0172526041666668e-05
20260912_174204_152_paper_strict_raw_equation_seed2025_01f04b03,15,43,0.0010172526041666667,0.8726806640625,0.12630208333333331
20260912_174204_152_paper_strict_raw_equation_seed2025_01f04b03,15,44,1.0172526041666668e-05,0.9998881022135417,0.00010172526041666667
20260912_174204_152_paper_strict_raw_equation_seed2025_01f04b03,15,45,1.0172526041666668e-05,0.999908447265625,8.138020833333334e-05
20260912_174204_152_paper_strict_raw_equation_seed2025_01f04b03,15,46,5.086263020833333e-05,0.9998270670572917,0.0001220703125
20260912_174204_152_paper_strict_raw_equation_seed2025_01f04b03,15,47,0.9999796549479167,1.0172526041666668e-05,1.0172526041666668e-05
20260912_174204_152_paper_strict_raw_equation_seed2025_01f04b03,15,48,0.0003153483072916668,0.7473246256510417,0.25236002604166663
20260912_174204_152_paper_strict_raw_equation_seed2025_01f04b03,15,49,1.0172526041666668e-05,0.9999796549479167,1.0172526041666668e-05
20260912_174204_152_paper_strict_raw_equation_seed2025_01f04b03,15,50,0.9309895833333334,1.0172526041666673e-05,0.06900024414062501
20260912_174204_152_paper_strict_raw_equation_seed2025_01f04b03,15,51,1.017252604166667e-05,0.0010375976562500002,0.9989522298177084
20260912_174204_152_paper_strict_raw_equation_seed2025_01f04b03,15,52,1.017252604166667e-05,0.07227579752604166,0.9277140299479167
20260912_174204_152_paper_strict_raw_equation_seed2025_01f04b03,15,53,0.99957275390625,0.00041707356770833337,1.0172526041666668e-05
20260912_174204_152_paper_strict_raw_equation_seed2025_01f04b03,15,54,0.0009358723958333335,0.011077880859375002,0.9879862467447917
20260912_174204_152_paper_strict_raw_equation_seed2025_01f04b03,15,55,0.0002848307291666667,0.000244140625,0.9994710286458334
20260912_174204_152_paper_strict_raw_equation_seed2025_01f04b03,15,56,0.000396728515625,0.9995930989583334,1.0172526041666668e-05
20260912_174204_152_paper_strict_raw_equation_seed2025_01f04b03,15,57,1.0172526041666671e-05,0.7680155436197917,0.2319742838541667
20260912_174204_152_paper_strict_raw_equation_seed2025_01f04b03,15,58,0.999420166015625,1.0172526041666668e-05,0.0005696614583333334
20260912_174204_152_paper_strict_raw_equation_seed2025_01f04b03,15,59,0.957275390625,0.042612711588541664,0.00011189778645833333
20260912_174204_152_paper_strict_raw_equation_seed2025_01f04b03,15,60,1.017252604166667e-05,0.008168538411458334,0.9918212890625
20260912_174204_152_paper_strict_raw_equation_seed2025_01f04b03,15,61,1.0172526041666671e-05,0.5749715169270834,0.425018310546875
20260912_174204_152_paper_strict_raw_equation_seed2025_01f04b03,15,62,0.644134521484375,0.35585530598958337,1.0172526041666671e-05
20260912_174204_152_paper_strict_raw_equation_seed2025_01f04b03,15,63,0.11103312174479167,1.0172526041666671e-05,0.8889567057291667
20260912_174204_152_paper_strict_raw_equation_seed2025_01f04b03,15,64,1.0172526041666668e-05,5.086263020833333e-05,0.99993896484375
20260912_174204_152_paper_strict_raw_equation_seed2025_01f04b03,15,65,0.999908447265625,8.138020833333334e-05,1.0172526041666668e-05
20260912_174204_152_paper_strict_raw_equation_seed2025_01f04b03,15,66,0.99993896484375,1.0172526041666668e-05,5.086263020833333e-05
20260912_174204_152_paper_strict_raw_equation_seed2025_01f04b03,15,67,0.6551310221354167,0.0010375976562500004,0.34383138020833337
20260912_174204_152_paper_strict_raw_equation_seed2025_01f04b03,15,68,0.0020039876302083335,0.99798583984375,1.017252604166667e-05
20260912_174204_152_paper_strict_raw_equation_seed2025_01f04b03,15,69,0.0011088053385416665,1.0172526041666668e-05,0.9988810221354167
20260912_174204_152_paper_strict_raw_equation_seed2025_01f04b03,15,70,0.0007120768229166668,1.017252604166667e-05,0.9992777506510417
20260912_174204_152_paper_strict_raw_equation_seed2025_01f04b03,15,71,0.23989868164062503,1.0172526041666671e-05,0.7600911458333334
20260912_174204_152_paper_strict_raw_equation_seed2025_01f04b03,15,72,0.11400349934895834,0.885986328125,1.017252604166667e-05
20260912_174204_152_paper_strict_raw_equation_seed2025_01f04b03,15,73,0.998992919921875,0.0008341471354166666,0.00017293294270833337
20260912_174204_152_paper_strict_raw_equation_seed2025_01f04b03,15,74,0.8874003092447917,0.11258951822916666,1.017252604166667e-05
20260912_174204_152_paper_strict_raw_equation_seed2025_01f04b03,15,75,0.447021484375,1.0172526041666671e-05,0.5529683430989583
20260912_174204_152_paper_strict_raw_equation_seed2025_01f04b03,15,76,0.993927001953125,1.0172526041666668e-05,0.006062825520833333
20260912_174204_152_paper_strict_raw_equation_seed2025_01f04b03,15,77,0.9998779296875,0.00011189778645833334,1.017252604166667e-05
20260912_174204_152_paper_strict_raw_equation_seed2025_01f04b03,15,78,0.9432779947916667,1.017252604166667e-05,0.056711832682291664
20260912_174204_152_paper_strict_raw_equation_seed2025_01f04b03,15,79,0.00011189778645833337,0.2914835611979167,0.708404541015625
20260912_174204_152_paper_strict_raw_equation_seed2025_01f04b03,15,80,4.069010416666667e-05,0.9999491373697917,1.0172526041666668e-05
20260912_174204_152_paper_strict_raw_equation_seed2025_01f04b03,15,81,0.9890950520833334,1.017252604166667e-05,0.010894775390625
20260912_174204_152_paper_strict_raw_equation_seed2025_01f04b03,15,82,1.0172526041666668e-05,7.120768229166667e-05,0.9999186197916667
20260912_174204_152_paper_strict_raw_equation_seed2025_01f04b03,15,83,1.0172526041666668e-05,0.00010172526041666667,0.9998881022135417
20260912_174204_152_paper_strict_raw_equation_seed2025_01f04b03,15,84,0.9999796549479167,1.0172526041666668e-05,1.0172526041666668e-05
20260912_174204_152_paper_strict_raw_equation_seed2025_01f04b03,15,85,1.0172526041666671e-05,0.6583964029947917,0.34159342447916663
20260912_174204_152_paper_strict_raw_equation_seed2025_01f04b03,15,86,0.9999796549479167,1.0172526041666668e-05,1.0172526041666668e-05
20260912_174204_152_paper_strict_raw_equation_seed2025_01f04b03,15,87,1.0172526041666668e-05,1.0172526041666668e-05,0.9999796549479167
20260912_174204_152_paper_strict_raw_equation_seed2025_01f04b03,15,88,0.00020345052083333334,0.9942626953125,0.005533854166666666
20260912_174204_152_paper_strict_raw_equation_seed2025_01f04b03,15,89,0.00014241536458333334,0.999847412109375,1.0172526041666668e-05
20260912_174204_152_paper_strict_raw_equation_seed2025_01f04b03,15,90,0.00029500325520833337,1.0172526041666668e-05,0.99969482421875
20260912_174204_152_paper_strict_raw_equation_seed2025_01f04b03,15,91,5.0862630208333336e-05,0.204864501953125,0.7950846354166667
20260912_174204_152_paper_strict_raw_equation_seed2025_01f04b03,15,92,0.004791259765625001,0.31316121419270837,0.6820475260416667
20260912_174204_152_paper_strict_raw_equation_seed2025_01f04b03,15,93,1.0172526041666668e-05,0.9999796549479167,1.0172526041666668e-05
20260912_174204_152_paper_strict_raw_equation_seed2025_01f04b03,15,94,7.120768229166667e-05,5.086263020833333e-05,0.9998779296875
20260912_174204_152_paper_strict_raw_equation_seed2025_01f04b03,15,95,1.0172526041666668e-05,8.138020833333334e-05,0.999908447265625
20260912_174204_152_paper_strict_raw_equation_seed2025_01f04b03,15,96,0.00010172526041666666,0.998870849609375,0.0010274251302083333
20260912_174204_152_paper_strict_raw_equation_seed2025_01f04b03,15,97,1.0172526041666668e-05,1.0172526041666668e-05,0.9999796549479167
20260912_174204_152_paper_strict_raw_equation_seed2025_01f04b03,15,98,0.9999796549479167,1.0172526041666668e-05,1.0172526041666668e-05
20260912_174204_152_paper_strict_raw_equation_seed2025_01f04b03,15,99,0.0010274251302083335,0.9989217122395834,5.0862630208333315e-05
20260912_174204_152_paper_strict_raw_equation_seed2025_01f04b03,15,100,1.0172526041666668e-05,0.9993794759114584,0.0006103515625
20260912_174204_152_paper_strict_raw_equation_seed2025_01f04b03,15,101,0.9998779296875,0.00011189778645833334,1.017252604166667e-05
20260912_174204_152_paper_strict_raw_equation_seed2025_01f04b03,16,0,0.9999898274739584,5.086263020833334e-06,5.086263020833334e-06
20260912_174204_152_paper_strict_raw_equation_seed2025_01f04b03,16,1,5.086263020833334e-06,5.086263020833334e-06,0.9999898274739584
20260912_174204_152_paper_strict_raw_equation_seed2025_01f04b03,16,2,6.612141927083333e-05,0.9999135335286459,2.0345052083333336e-05
20260912_174204_152_paper_strict_raw_equation_seed2025_01f04b03,16,3,0.9956410725911459,0.004302978515625001,5.594889322916667e-05
20260912_174204_152_paper_strict_raw_equation_seed2025_01f04b03,16,4,0.0005238850911458333,5.086263020833334e-06,0.9994710286458334
20260912_174204_152_paper_strict_raw_equation_seed2025_01f04b03,16,5,7.120768229166668e-05,0.9998067220052084,0.00012207031250000003
20260912_174204_152_paper_strict_raw_equation_seed2025_01f04b03,16,6,5.086263020833334e-06,0.9997914632161459,0.00020345052083333334
20260912_174204_152_paper_strict_raw_equation_seed2025_01f04b03,16,7,2.5431315104166664e-05,0.9999491373697917,2.5431315104166664e-05
20260912_174204_152_paper_strict_raw_equation_seed2025_01f04b03,16,8,0.12752787272135416,0.8724466959635415,2.5431315104166664e-05
20260912_174204_152_paper_strict_raw_equation_seed2025_01f04b03,16,9,0.999969482421875,5.086263020833334e-06,2.5431315104166664e-05
20260912_174204_152_paper_strict_raw_equation_seed2025_01f04b03,16,10,0.32611083984375,0.6738840738932292,5.0862630208333364e-06
20260912_174204_152_paper_strict_raw_equation_seed2025_01f04b03,16,11,5.086263020833335e-06,0.46140543619791663,0.5385894775390625
20260912_174204_152_paper_strict_raw_equation_seed2025_01f04b03,16,12,0.002451578776041667,0.9975229899088542,2.5431315104166664e-05
20260912_174204_152_paper_strict_raw_equation_seed2025_01f04b03,16,13,0.409027099609375,0.5909678141276042,5.0862630208333364e-06
20260912_174204_152_paper_strict_raw_equation_seed2025_01f04b03,16,14,0.9999898274739584,5.086263020833334e-06,5.086263020833334e-06
20260912_174204_152_paper_strict_raw_equation_seed2025_01f04b03,16,15,0.5410817464192708,0.2537384033203125,0.20517985026041669
20260912_174204_152_paper_strict_raw_equation_seed2025_01f04b03,16,16,3.5603841145833336e-05,0.9999593098958334,5.086263020833334e-06
20260912_174204_152_paper_strict_raw_equation_seed2025_01f04b03,16,17,0.9999898274739584,5.086263020833334e-06,5.086263020833334e-06
20260912_174204_152_paper_strict_raw_equation_seed2025_01f04b03,16,18,2.0345052083333336e-05,5.086263020833334e-06,0.9999745686848959
20260912_174204_152_paper_strict_raw_equation_seed2025_01f04b03,16,19,5.086263020833334e-06,0.999755859375,0.00023905436197916668
20260912_174204_152_paper_strict_raw_equation_seed2025_01f04b03,16,20,5.086263020833334e-06,0.9999898274739584,5.086263020833334e-06
20260912_174204_152_paper_strict_raw_equation_seed2025_01f04b03,16,21,0.9998372395833334,0.00015767415364583334,5.086263020833334e-06
20260912_174204_152_paper_strict_raw_equation_seed2025_01f04b03,16,22,0.99658203125,0.0033823649088541665,3.5603841145833336e-05
20260912_174204_152_paper_strict_raw_equation_seed2025_01f04b03,16,23,0.9999898274739584,5.086263020833334e-06,5.086263020833334e-06
20260912_174204_152_paper_strict_raw_equation_seed2025_01f04b03,16,24,0.7716522216796875,5.086263020833335e-06,0.22834269205729166
20260912_174204_152_paper_strict_raw_equation_seed2025_01f04b03,16,25,0.00020345052083333334,0.9997406005859375,5.5948893229166664e-05
20260912_174204_152_paper_strict_raw_equation_seed2025_01f04b03,16,26,0.43982442220052087,2.0345052083333346e-05,0.5601552327473958
20260912_174204_152_paper_strict_raw_equation_seed2025_01f04b03,16,27,3.560384114583334e-05,0.00035095214843750005,0.9996134440104167
20260912_174204_152_paper_strict_raw_equation_seed2025_01f04b03,16,28,7.62939453125e-05,0.9998372395833334,8.646647135416666e-05
20260912_174204_152_paper_strict_raw_equation_seed2025_01f04b03,16,29,4.069010416666668e-05,0.9946797688802084,0.005279541015625001
20260912_174204_152_paper_strict_raw_equation_seed2025_01f04b03,16,30,0.00039672851562500005,5.086263020833335e-06,0.9995981852213542
20260912_174204_152_paper_strict_raw_equation_seed2025_01f04b03,16,31,0.9986724853515625,2.0345052083333336e-05,0.0013071695963541665
20260912_174204_152_paper_strict_raw_equation_seed2025_01f04b03,16,32,3.5603841145833336e-05,5.086263020833334e-06,0.9999593098958334
20260912_174204_152_paper_strict_raw_equation_seed2025_01f04b03,16,33,0.000213623046875,0.00015767415364583334,0.9996287027994792
20260912_174204_152_paper_strict_raw_equation_seed2025_01f04b03,16,34,0.00011189778645833334,0.9998321533203125,5.5948893229166664e-05
20260912_174204_152_paper_strict_raw_equation_seed2025_01f04b03,16,35,0.015848795572916668,5.086263020833335e-06,0.9841461181640625
20260912_174204_152_paper_strict_raw_equation_seed2025_01f04b03,16,36,0.2908376057942708,0.7086232503255209,0.0005391438802083335
20260912_174204_152_paper_strict_raw_equation_seed2025_01f04b03,16,37,5.086263020833334e-06,0.9999033610026042,9.1552734375e-05
20260912_174204_152_paper_strict_raw_equation_seed2025_01f04b03,16,38,2.0345052083333336e-05,0.9997660319010417,0.000213623046875
20260912_174204_152_paper_strict_raw_equation_seed2025_01f04b03,16,39,0.006983439127604167,0.001032511393229167,0.9919840494791667
20260912_174204_152_paper_strict_raw_equation_seed2025_01f04b03,16,40,5.086263020833334e-06,0.9992777506510415,0.0007171630859375
20260912_174204_152_paper_strict_raw_equation_seed2025_01f04b03,16,41,0.6291147867838542,0.370880126953125,5.086263020833337e-06
20260912_174204_152_paper_strict_raw_equation_seed2025_01f04b03,16,42,0.9999898274739584,5.086263020833334e-06,5.086263020833334e-06
20260912_174204_152_paper_strict_raw_equation_seed2025_01f04b03,16,43,0.0005086263020833334,0.93634033203125,0.06315104166666666
20260912_174204_152_paper_strict_raw_equation_seed2025_01f04b03,16,44,5.086263020833334e-06,0.9999440511067709,5.0862630208333336e-05
20260912_174204_152_paper_strict_raw_equation_seed2025_01f04b03,16,45,5.086263020833334e-06,0.9999542236328125,4.069010416666667e-05
20260912_174204_152_paper_strict_raw_equation_seed2025_01f04b03,16,46,2.5431315104166664e-05,0.9999135335286459,6.103515625e-05
20260912_174204_152_paper_strict_raw_equation_seed2025_01f04b03,16,47,0.9999898274739584,5.086263020833334e-06,5.086263020833334e-06
20260912_174204_152_paper_strict_raw_equation_seed2025_01f04b03,16,48,0.0001576741536458334,0.7486623128255209,0.2511800130208333
20260912_174204_152_paper_strict_raw_equation_seed2025_01f04b03,16,49,5.086263020833334e-06,0.9999898274739584,5.086263020833334e-06
20260912_174204_152_paper_strict_raw_equation_seed2025_01f04b03,16,50,0.9654947916666665,5.086263020833336e-06,0.0345001220703125
20260912_174204_152_paper_strict_raw_equation_seed2025_01f04b03,16,51,5.086263020833335e-06,0.0005187988281250001,0.9994761149088542
20260912_174204_152_paper_strict_raw_equation_seed2025_01f04b03,16,52,5.086263020833335e-06,0.03613789876302083,0.9638570149739584
20260912_174204_152_paper_strict_raw_equation_seed2025_01f04b03,16,53,0.999786376953125,0.00020853678385416668,5.086263020833334e-06
20260912_174204_152_paper_strict_raw_equation_seed2025_01f04b03,16,54,0.00046793619791666674,0.005538940429687501,0.9939931233723959
20260912_174204_152_paper_strict_raw_equation_seed2025_01f04b03,16,55,0.00014241536458333334,0.0001220703125,0.9997355143229167
20260912_174204_152_paper_strict_raw_equation_seed2025_01f04b03,16,56,0.0001983642578125,0.9997965494791667,5.086263020833334e-06
20260912_174204_152_paper_strict_raw_equation_seed2025_01f04b03,16,57,5.086263020833336e-06,0.8840077718098959,0.11598714192708336
20260912_174204_152_paper_strict_raw_equation_seed2025_01f04b03,16,58,0.9997100830078125,5.086263020833334e-06,0.0002848307291666667
20260912_174204_152_paper_strict_raw_equation_seed2025_01f04b03,16,59,0.9786376953125,0.021306355794270832,5.5948893229166664e-05
20260912_174204_152_paper_strict_raw_equation_seed2025_01f04b03,16,60,5.086263020833335e-06,0.004084269205729167,0.99591064453125
20260912_174204_152_paper_strict_raw_equation_seed2025_01f04b03,16,61,5.086263020833336e-06,0.2874857584635417,0.7125091552734375
20260912_174204_152_paper_strict_raw_equation_seed2025_01f04b03,16,62,0.4470672607421875,0.5529276529947917,5.086263020833336e-06
20260912_174204_152_paper_strict_raw_equation_seed2025_01f04b03,16,63,0.055516560872395836,5.086263020833336e-06,0.9444783528645834
20260912_174204_152_paper_strict_raw_equation_seed2025_01f04b03,16,64,5.086263020833334e-06,2.5431315104166664e-05,0.999969482421875
20260912_174204_152_paper_strict_raw_equation_seed2025_01f04b03,16,65,0.9999542236328125,4.069010416666667e-05,5.086263020833334e-06
20260912_174204_152_paper_strict_raw_equation_seed2025_01f04b03,16,66,0.999969482421875,5.086263020833334e-06,2.5431315104166664e-05
20260912_174204_152_paper_strict_raw_equation_seed2025_01f04b03,16,67,0.5775655110677084,0.0005187988281250002,0.4219156901041667
20260912_174204_152_paper_strict_raw_equation_seed2025_01f04b03,16,68,0.0010019938151041667,0.998992919921875,5.086263020833335e-06
20260912_174204_152_paper_strict_raw_equation_seed2025_01f04b03,16,69,0.0005544026692708333,5.086263020833334e-06,0.9994405110677084
20260912_174204_152_paper_strict_raw_equation_seed2025_01f04b03,16,70,0.0003560384114583334,5.086263020833335e-06,0.9996388753255209
20260912_174204_152_paper_strict_raw_equation_seed2025_01f04b03,16,71,0.2449493408203125,5.086263020833336e-06,0.7550455729166667
20260912_174204_152_paper_strict_raw_equation_seed2025_01f04b03,16,72,0.18200174967447919,0.8179931640625,5.086263020833335e-06
20260912_174204_152_paper_strict_raw_equation_seed2025_01f04b03,16,73,0.9994964599609375,0.0004170735677083333,8.646647135416668e-05
20260912_174204_152_paper_strict_raw_equation_seed2025_01f04b03,16,74,0.9437001546223959,0.05629475911458333,5.086263020833335e-06
20260912_174204_152_paper_strict_raw_equation_seed2025_01f04b03,16,75,0.4735107421875,5.086263020833336e-06,0.5264841715494791
20260912_174204_152_paper_strict_raw_equation_seed2025_01f04b03,16,76,0.9969635009765625,5.086263020833334e-06,0.0030314127604166665
20260912_174204_152_paper_strict_raw_equation_seed2025_01f04b03,16,77,0.99993896484375,5.594889322916667e-05,5.086263020833335e-06
20260912_174204_152_paper_strict_raw_equation_seed2025_01f04b03,16,78,0.9716389973958334,5.086263020833335e-06,0.028355916341145832
20260912_174204_152_paper_strict_raw_equation_seed2025_01f04b03,16,79,5.5948893229166685e-05,0.27074178059895837,0.7292022705078125
20260912_174204_152_paper_strict_raw_equation_seed2025_01f04b03,16,80,2.0345052083333336e-05,0.9999745686848959,5.086263020833334e-06
20260912_174204_152_paper_strict_raw_equation_seed2025_01f04b03,16,81,0.9945475260416667,5.086263020833335e-06,0.0054473876953125
20260912_174204_152_paper_strict_raw_equation_seed2025_01f04b03,16,82,5.086263020833334e-06,3.5603841145833336e-05,0.9999593098958334
20260912_174204_152_paper_strict_raw_equation_seed2025_01f04b03,16,83,5.086263020833334e-06,5.0862630208333336e-05,0.9999440511067709
20260912_174204_152_paper_strict_raw_equation_seed2025_01f04b03,16,84,0.9999898274739584,5.086263020833334e-06,5.086263020833334e-06
20260912_174204_152_paper_strict_raw_equation_seed2025_01f04b03,16,85,5.086263020833336e-06,0.45419820149739587,0.5457967122395833
20260912_174204_152_paper_strict_raw_equation_seed2025_01f04b03,16,86,0.9999898274739584,5.086263020833334e-06,5.086263020833334e-06
20260912_174204_152_paper_strict_raw_equation_seed2025_01f04b03,16,87,5.086263020833334e-06,5.086263020833334e-06,0.9999898274739584
20260912_174204_152_paper_strict_raw_equation_seed2025_01f04b03,16,88,0.00010172526041666667,0.99713134765625,0.002766927083333333
20260912_174204_152_paper_strict_raw_equation_seed2025_01f04b03,16,89,7.120768229166667e-05,0.9999237060546875,5.086263020833334e-06
20260912_174204_152_paper_strict_raw_equation_seed2025_01f04b03,16,90,0.00014750162760416668,5.086263020833334e-06,0.999847412109375
20260912_174204_152_paper_strict_raw_equation_seed2025_01f04b03,16,91,2.5431315104166668e-05,0.4774322509765625,0.5225423177083334
20260912_174204_152_paper_strict_raw_equation_seed2025_01f04b03,16,92,0.0023956298828125004,0.15658060709635419,0.8410237630208334
20260912_174204_152_paper_strict_raw_equation_seed2025_01f04b03,16,93,5.086263020833334e-06,0.9999898274739584,5.086263020833334e-06
20260912_174204_152_paper_strict_raw_equation_seed2025_01f04b03,16,94,3.5603841145833336e-05,2.5431315104166664e-05,0.99993896484375
20260912_174204_152_paper_strict_raw_equation_seed2025_01f04b03,16,95,5.086263020833334e-06,4.069010416666667e-05,0.9999542236328125
20260912_174204_152_paper_strict_raw_equation_seed2025_01f04b03,16,96,5.086263020833333e-05,0.9994354248046875,0.0005137125651041666
20260912_174204_152_paper_strict_raw_equation_seed2025_01f04b03,16,97,5.086263020833334e-06,5.086263020833334e-06,0.9999898274739584
20260912_174204_152_paper_strict_raw_equation_seed2025_01f04b03,16,98,0.9999898274739584,5.086263020833334e-06,5.086263020833334e-06
20260912_174204_152_paper_strict_raw_equation_seed2025_01f04b03,16,99,0.0005137125651041667,0.9994608561197917,2.5431315104166658e-05
20260912_174204_152_paper_strict_raw_equation_seed2025_01f04b03,16,100,5.086263020833334e-06,0.9996897379557292,0.00030517578125
20260912_174204_152_paper_strict_raw_equation_seed2025_01f04b03,16,101,0.99993896484375,5.594889322916667e-05,5.086263020833335e-06
20260912_174204_152_paper_strict_raw_equation_seed2025_01f04b03,17,0,0.9999949137369792,2.543131510416667e-06,2.543131510416667e-06
20260912_174204_152_paper_strict_raw_equation_seed2025_01f04b03,17,1,2.543131510416667e-06,2.543131510416667e-06,0.9999949137369792
20260912_174204_152_paper_strict_raw_equation_seed2025_01f04b03,17,2,3.3060709635416664e-05,0.999956766764323,1.0172526041666668e-05
20260912_174204_152_paper_strict_raw_equation_seed2025_01f04b03,17,3,0.997820536295573,0.0021514892578125004,2.7974446614583336e-05
20260912_174204_152_paper_strict_raw_equation_seed2025_01f04b03,17,4,0.00026194254557291663,2.543131510416667e-06,0.9997355143229167
20260912_174204_152_paper_strict_raw_equation_seed2025_01f04b03,17,5,3.5603841145833336e-05,0.999903361002604,6.103515625e-05
20260912_174204_152_paper_strict_raw_equation_seed2025_01f04b03,17,6,2.543131510416667e-06,0.999895731608073,0.00010172526041666667
20260912_174204_152_paper_strict_raw_equation_seed2025_01f04b03,17,7,1.2715657552083332e-05,0.9999745686848959,1.2715657552083332e-05
20260912_174204_152_paper_strict_raw_equation_seed2025_01f04b03,17,8,0.06376393636067708,0.9362233479817708,1.2715657552083332e-05
20260912_174204_152_paper_strict_raw_equation_seed2025_01f04b03,17,9,0.9999847412109375,2.543131510416667e-06,1.2715657552083332e-05
20260912_174204_152_paper_strict_raw_equation_seed2025_01f04b03,17,10,0.288055419921875,0.7119420369466146,2.5431315104166682e-06
20260912_174204_152_paper_strict_raw_equation_seed2025_01f04b03,17,11,2.5431315104166674e-06,0.3557027180989583,0.6442947387695312
20260912_174204_152_paper_strict_raw_equation_seed2025_01f04b03,17,12,0.0012257893880208335,0.9987614949544271,1.2715657552083332e-05
20260912_174204_152_paper_strict_raw_equation_seed2025_01f04b03,17,13,0.4545135498046875,0.5454839070638021,2.5431315104166682e-06
20260912_174204_152_paper_strict_raw_equation_seed2025_01f04b03,17,14,0.9999949137369792,2.543131510416667e-06,2.543131510416667e-06
20260912_174204_152_paper_strict_raw_equation_seed2025_01f04b03,17,15,0.7705408732096354,0.12686920166015625,0.10258992513020834
20260912_174204_152_paper_strict_raw_equation_seed2025_01f04b03,17,16,1.7801920572916668e-05,0.9999796549479167,2.543131510416667e-06
20260912_174204_152_paper_strict_raw_equation_seed2025_01f04b03,17,17,0.9999949137369792,2.543131510416667e-06,2.543131510416667e-06
20260912_174204_152_paper_strict_raw_equation_seed2025_01f04b03,17,18,1.0172526041666668e-05,2.543131510416667e-06,0.999987284342448
20260912_174204_152_paper_strict_raw_equation_seed2025_01f04b03,17,19,2.543131510416667e-06,0.9998779296875,0.00011952718098958334
20260912_174204_152_paper_strict_raw_equation_seed2025_01f04b03,17,20,2.543131510416667e-06,0.9999949137369792,2.543131510416667e-06
20260912_174204_152_paper_strict_raw_equation_seed2025_01f04b03,17,21,0.9999186197916667,7.883707682291667e-05,2.543131510416667e-06
20260912_174204_152_paper_strict_raw_equation_seed2025_01f04b03,17,22,0.998291015625,0.0016911824544270833,1.7801920572916668e-05
20260912_174204_152_paper_strict_raw_equation_seed2025_01f04b03,17,23,0.9999949137369792,2.543131510416667e-06,2.543131510416667e-06
20260912_174204_152_paper_strict_raw_equation_seed2025_01f04b03,17,24,0.7608261108398438,2.5431315104166674e-06,0.23917134602864581
20260912_174204_152_paper_strict_raw_equation_seed2025_01f04b03,17,25,0.00010172526041666667,0.9998703002929688,2.7974446614583332e-05
20260912_174204_152_paper_strict_raw_equation_seed2025_01f04b03,17,26,0.34491221110026044,1.0172526041666673e-05,0.6550776163736979
20260912_174204_152_paper_strict_raw_equation_seed2025_01f04b03,17,27,1.780192057291667e-05,0.00017547607421875003,0.9998067220052084
20260912_174204_152_paper_strict_raw_equation_seed2025_01f04b03,17,28,3.814697265625e-05,0.9999186197916667,4.323323567708333e-05
20260912_174204_152_paper_strict_raw_equation_seed2025_01f04b03,17,29,2.0345052083333336e-05,0.997339884440104,0.0026397705078125
20260912_174204_152_paper_strict_raw_equation_seed2025_01f04b03,17,30,0.00019836425781250003,2.5431315104166674e-06,0.9997990926106771
20260912_174204_152_paper_strict_raw_equation_seed2025_01f04b03,17,31,0.9993362426757812,1.0172526041666668e-05,0.0006535847981770833
20260912_174204_152_paper_strict_raw_equation_seed2025_01f04b03,17,32,1.7801920572916668e-05,2.543131510416667e-06,0.9999796549479167
20260912_174204_152_paper_strict_raw_equation_seed2025_01f04b03,17,33,0.0001068115234375,7.883707682291667e-05,0.9998143513997396
20260912_174204_152_paper_strict_raw_equation_seed2025_01f04b03,17,34,5.594889322916667e-05,0.9999160766601562,2.7974446614583332e-05
20260912_174204_152_paper_strict_raw_equation_seed2025_01f04b03,17,35,0.007924397786458334,2.5431315104166674e-06,0.9920730590820312
20260912_174204_152_paper_strict_raw_equation_seed2025_01f04b03,17,36,0.2704188028971354,0.7293116251627605,0.00026957194010416674
20260912_174204_152_paper_strict_raw_equation_seed2025_01f04b03,17,37,2.543131510416667e-06,0.9999516805013021,4.57763671875e-05
20260912_174204_152_paper_strict_raw_equation_seed2025_01f04b03,17,38,1.0172526041666668e-05,0.9998830159505209,0.0001068115234375
20260912_174204_152_paper_strict_raw_equation_seed2025_01f04b03,17,39,0.0034917195638020835,0.0005162556966145835,0.9959920247395834
20260912_174204_152_paper_strict_raw_equation_seed2025_01f04b03,17,40,2.5431315104166674e-06,0.9996388753255209,0.00035858154296875005
20260912_174204_152_paper_strict_raw_equation_seed2025_01f04b03,17,41,0.6895573933919271,0.3104400634765625,2.5431315104166686e-06
20260912_174204_152_paper_strict_raw_equation_seed2025_01f04b03,17,42,0.9999949137369792,2.543131510416667e-06,2.543131510416667e-06
20260912_174204_152_paper_strict_raw_equation_seed2025_01f04b03,17,43,0.0002543131510416667,0.968170166015625,0.03157552083333333
20260912_174204_152_paper_strict_raw_equation_seed2025_01f04b03,17,44,2.543131510416667e-06,0.9999720255533855,2.5431315104166668e-05
20260912_174204_152_paper_strict_raw_equation_seed2025_01f04b03,17,45,2.543131510416667e-06,0.9999771118164062,2.0345052083333336e-05
20260912_174204_152_paper_strict_raw_equation_seed2025_01f04b03,17,46,1.2715657552083332e-05,0.999956766764323,3.0517578125e-05
20260912_174204_152_paper_strict_raw_equation_seed2025_01f04b03,17,47,0.9999949137369792,2.543131510416667e-06,2.543131510416667e-06
20260912_174204_152_paper_strict_raw_equation_seed2025_01f04b03,17,48,7.88370768229167e-05,0.7493311564127605,0.25059000651041663
20260912_174204_152_paper_strict_raw_equation_seed2025_01f04b03,17,49,2.543131510416667e-06,0.9999949137369792,2.543131510416667e-06
20260912_174204_152_paper_strict_raw_equation_seed2025_01f04b03,17,50,0.9827473958333334,2.5431315104166682e-06,0.017250061035156253
20260912_174204_152_paper_strict_raw_equation_seed2025_01f04b03,17,51,2.5431315104166674e-06,0.00025939941406250005,0.9997380574544271
20260912_174204_152_paper_strict_raw_equation_seed2025_01f04b03,17,52,2.5431315104166674e-06,0.018068949381510414,0.9819285074869792
20260912_174204_152_paper_strict_raw_equation_seed2025_01f04b03,17,53,0.9998931884765625,0.00010426839192708334,2.543131510416667e-06
20260912_174204_152_paper_strict_raw_equation_seed2025_01f04b03,17,54,0.00023396809895833337,0.0027694702148437504,0.996996561686198
20260912_174204_152_paper_strict_raw_equation_seed2025_01f04b03,17,55,7.120768229166667e-05,6.103515625e-05,0.9998677571614584
20260912_174204_152_paper_strict_raw_equation_seed2025_01f04b03,17,56,9.918212890625e-05,0.9998982747395834,2.543131510416667e-06
20260912_174204_152_paper_strict_raw_equation_seed2025_01f04b03,17,57,2.543131510416668e-06,0.942003885904948,0.05799357096354168
20260912_174204_152_paper_strict_raw_equation_seed2025_01f04b03,17,58,0.9998550415039062,2.543131510416667e-06,0.00014241536458333334
20260912_174204_152_paper_strict_raw_equation_seed2025_01f04b03,17,59,0.86431884765625,0.1356531778971354,2.7974446614583332e-05
20260912_174204_152_paper_strict_raw_equation_seed2025_01f04b03,17,60,2.5431315104166674e-06,0.0020421346028645835,0.997955322265625
20260912_174204_152_paper_strict_raw_equation_seed2025_01f04b03,17,61,2.543131510416668e-06,0.26874287923177087,0.7312545776367188
20260912_174204_152_paper_strict_raw_equation_seed2025_01f04b03,17,62,0.5985336303710938,0.40146382649739587,2.543131510416668e-06
20260912_174204_152_paper_strict_raw_equation_seed2025_01f04b03,17,63,0.027758280436197918,2.543131510416668e-06,0.9722391764322917
20260912_174204_152_paper_strict_raw_equation_seed2025_01f04b03,17,64,2.543131510416667e-06,1.2715657552083332e-05,0.9999847412109375
20260912_174204_152_paper_strict_raw_equation_seed2025_01f04b03,17,65,0.9999771118164062,2.0345052083333336e-05,2.543131510416667e-06
20260912_174204_152_paper_strict_raw_equation_seed2025_01f04b03,17,66,0.9999847412109375,2.543131510416667e-06,1.2715657552083332e-05
20260912_174204_152_paper_strict_raw_equation_seed2025_01f04b03,17,67,0.5387827555338542,0.0002593994140625001,0.46095784505208337
20260912_174204_152_paper_strict_raw_equation_seed2025_01f04b03,17,68,0.0005009969075520834,0.9994964599609375,2.5431315104166674e-06
20260912_174204_152_paper_strict_raw_equation_seed2025_01f04b03,17,69,0.00027720133463541663,2.543131510416667e-06,0.9997202555338542
20260912_174204_152_paper_strict_raw_equation_seed2025_01f04b03,17,70,0.0001780192057291667,2.5431315104166674e-06,0.9998194376627605
20260912_174204_152_paper_strict_raw_equation_seed2025_01f04b03,17,71,0.12247467041015625,2.543131510416668e-06,0.8775227864583334
20260912_174204_152_paper_strict_raw_equation_seed2025_01f04b03,17,72,0.09100087483723959,0.90899658203125,2.5431315104166674e-06
20260912_174204_152_paper_strict_raw_equation_seed2025_01f04b03,17,73,0.9997482299804688,0.00020853678385416666,4.323323567708334e-05
20260912_174204_152_paper_strict_raw_equation_seed2025_01f04b03,17,74,0.846850077311198,0.15314737955729166,2.5431315104166674e-06
20260912_174204_152_paper_strict_raw_equation_seed2025_01f04b03,17,75,0.48675537109375,2.543131510416668e-06,0.5132420857747395
20260912_174204_152_paper_strict_raw_equation_seed2025_01f04b03,17,76,0.9984817504882812,2.543131510416667e-06,0.0015157063802083333
20260912_174204_152_paper_strict_raw_equation_seed2025_01f04b03,17,77,0.999969482421875,2.7974446614583336e-05,2.5431315104166674e-06
20260912_174204_152_paper_strict_raw_equation_seed2025_01f04b03,17,78,0.9858194986979167,2.5431315104166674e-06,0.014177958170572916
20260912_174204_152_paper_strict_raw_equation_seed2025_01f04b03,17,79,2.7974446614583342e-05,0.13537089029947919,0.8646011352539062
20260912_174204_152_paper_strict_raw_equation_seed2025_01f04b03,17,80,1.0172526041666668e-05,0.999987284342448,2.543131510416667e-06
20260912_174204_152_paper_strict_raw_equation_seed2025_01f04b03,17,81,0.9972737630208334,2.5431315104166674e-06,0.00272369384765625
20260912_174204_152_paper_strict_raw_equation_seed2025_01f04b03,17,82,2.543131510416667e-06,1.7801920572916668e-05,0.9999796549479167
20260912_174204_152_paper_strict_raw_equation_seed2025_01f04b03,17,83,2.543131510416667e-06,2.5431315104166668e-05,0.9999720255533855
20260912_174204_152_paper_strict_raw_equation_seed2025_01f04b03,17,84,0.9999949137369792,2.543131510416667e-06,2.543131510416667e-06
20260912_174204_152_paper_strict_raw_equation_seed2025_01f04b03,17,85,2.543131510416668e-06,0.727099100748698,0.27289835611979163
20260912_174204_152_paper_strict_raw_equation_seed2025_01f04b03,17,86,0.9999949137369792,2.543131510416667e-06,2.543131510416667e-06
20260912_174204_152_paper_strict_raw_equation_seed2025_01f04b03,17,87,2.543131510416667e-06,2.543131510416667e-06,0.9999949137369792
20260912_174204_152_paper_strict_raw_equation_seed2025_01f04b03,17,88,5.0862630208333336e-05,0.998565673828125,0.0013834635416666665
20260912_174204_152_paper_strict_raw_equation_seed2025_01f04b03,17,89,3.5603841145833336e-05,0.9999618530273438,2.543131510416667e-06
20260912_174204_152_paper_strict_raw_equation_seed2025_01f04b03,17,90,7.375081380208334e-05,2.543131510416667e-06,0.9999237060546875
20260912_174204_152_paper_strict_raw_equation_seed2025_01f04b03,17,91,1.2715657552083334e-05,0.36371612548828125,0.6362711588541667
20260912_174204_152_paper_strict_raw_equation_seed2025_01f04b03,17,92,0.0011978149414062502,0.2032903035481771,0.7955118815104167
20260912_174204_152_paper_strict_raw_equation_seed2025_01f04b03,17,93,2.543131510416667e-06,0.9999949137369792,2.543131510416667e-06
20260912_174204_152_paper_strict_raw_equation_seed2025_01f04b03,17,94,1.7801920572916668e-05,1.2715657552083332e-05,0.999969482421875
20260912_174204_152_paper_strict_raw_equation_seed2025_01f04b03,17,95,2.543131510416667e-06,2.0345052083333336e-05,0.9999771118164062
20260912_174204_152_paper_strict_raw_equation_seed2025_01f04b03,17,96,2.5431315104166664e-05,0.9997177124023438,0.0002568562825520833
20260912_174204_152_paper_strict_raw_equation_seed2025_01f04b03,17,97,2.543131510416667e-06,2.543131510416667e-06,0.9999949137369792
20260912_174204_152_paper_strict_raw_equation_seed2025_01f04b03,17,98,0.9999949137369792,2.543131510416667e-06,2.543131510416667e-06
20260912_174204_152_paper_strict_raw_equation_seed2025_01f04b03,17,99,0.00025685628255208337,0.9997304280598959,1.2715657552083329e-05
20260912_174204_152_paper_strict_raw_equation_seed2025_01f04b03,17,100,2.543131510416667e-06,0.9998448689778646,0.000152587890625
20260912_174204_152_paper_strict_raw_equation_seed2025_01f04b03,17,101,0.999969482421875,2.7974446614583336e-05,2.5431315104166674e-06
20260912_174204_152_paper_strict_raw_equation_seed2025_01f04b03,18,0,0.9999974568684896,1.2715657552083335e-06,1.2715657552083335e-06
20260912_174204_152_paper_strict_raw_equation_seed2025_01f04b03,18,1,1.2715657552083335e-06,1.2715657552083335e-06,0.9999974568684896
20260912_174204_152_paper_strict_raw_equation_seed2025_01f04b03,18,2,1.6530354817708332e-05,0.9999783833821615,5.086263020833334e-06
20260912_174204_152_paper_strict_raw_equation_seed2025_01f04b03,18,3,0.9989102681477865,0.0010757446289062502,1.3987223307291668e-05
20260912_174204_152_paper_strict_raw_equation_seed2025_01f04b03,18,4,0.00013097127278645832,1.2715657552083335e-06,0.9998677571614584
20260912_174204_152_paper_strict_raw_equation_seed2025_01f04b03,18,5,1.780192057291667e-05,0.9999516805013021,3.051757812500001e-05
20260912_174204_152_paper_strict_raw_equation_seed2025_01f04b03,18,6,1.2715657552083335e-06,0.9999478658040365,5.0862630208333336e-05
20260912_174204_152_paper_strict_raw_equation_seed2025_01f04b03,18,7,6.357828776041666e-06,0.999987284342448,6.357828776041666e-06
20260912_174204_152_paper_strict_raw_equation_seed2025_01f04b03,18,8,0.15688196818033856,0.8431116739908855,6.357828776041667e-06
20260912_174204_152_paper_strict_raw_equation_seed2025_01f04b03,18,9,0.9999923706054688,1.2715657552083335e-06,6.357828776041666e-06
20260912_174204_152_paper_strict_raw_equation_seed2025_01f04b03,18,10,0.2690277099609375,0.7309710184733074,1.2715657552083341e-06
20260912_174204_152_paper_strict_raw_equation_seed2025_01f04b03,18,11,1.2715657552083337e-06,0.42785135904947913,0.5721473693847656
20260912_174204_152_paper_strict_raw_equation_seed2025_01f04b03,18,12,0.0006128946940104167,0.9993807474772136,6.357828776041666e-06
20260912_174204_152_paper_strict_raw_equation_seed2025_01f04b03,18,13,0.35225677490234375,0.6477419535319011,1.2715657552083341e-06
20260912_174204_152_paper_strict_raw_equation_seed2025_01f04b03,18,14,0.9999974568684896,1.2715657552083335e-06,1.2715657552083335e-06
20260912_174204_152_paper_strict_raw_equation_seed2025_01f04b03,18,15,0.7602704366048177,0.18843460083007815,0.05129496256510418
20260912_174204_152_paper_strict_raw_equation_seed2025_01f04b03,18,16,8.900960286458334e-06,0.9999898274739584,1.2715657552083335e-06
20260912_174204_152_paper_strict_raw_equation_seed2025_01f04b03,18,17,0.9999974568684896,1.2715657552083335e-06,1.2715657552083335e-06
20260912_174204_152_paper_strict_raw_equation_seed2025_01f04b03,18,18,5.086263020833334e-06,1.2715657552083335e-06,0.999993642171224
20260912_174204_152_paper_strict_raw_equation_seed2025_01f04b03,18,19,1.2715657552083335e-06,0.99993896484375,5.976359049479167e-05
20260912_174204_152_paper_strict_raw_equation_seed2025_01f04b03,18,20,1.2715657552083335e-06,0.9999974568684896,1.2715657552083335e-06
20260912_174204_152_paper_strict_raw_equation_seed2025_01f04b03,18,21,0.9999593098958334,3.9418538411458336e-05,1.2715657552083335e-06
20260912_174204_152_paper_strict_raw_equation_seed2025_01f04b03,18,22,0.9991455078125,0.0008455912272135416,8.900960286458334e-06
20260912_174204_152_paper_strict_raw_equation_seed2025_01f04b03,18,23,0.9999974568684896,1.2715657552083335e-06,1.2715657552083335e-06
20260912_174204_152_paper_strict_raw_equation_seed2025_01f04b03,18,24,0.6304130554199219,1.2715657552083337e-06,0.3695856730143229
20260912_174204_152_paper_strict_raw_equation_seed2025_01f04b03,18,25,5.0862630208333336e-05,0.9999351501464844,1.3987223307291666e-05
20260912_174204_152_paper_strict_raw_equation_seed2025_01f04b03,18,26,0.29745610555013025,5.0862630208333364e-06,0.7025388081868489
20260912_174204_152_paper_strict_raw_equation_seed2025_01f04b03,18,27,8.900960286458336e-06,8.773803710937501e-05,0.9999033610026042
20260912_174204_152_paper_strict_raw_equation_seed2025_01f04b03,18,28,1.9073486328125e-05,0.9999593098958334,2.1616617838541664e-05
20260912_174204_152_paper_strict_raw_equation_seed2025_01f04b03,18,29,1.017252604166667e-05,0.9986699422200521,0.0013198852539062502
20260912_174204_152_paper_strict_raw_equation_seed2025_01f04b03,18,30,9.918212890625001e-05,1.2715657552083337e-06,0.9998995463053386
20260912_174204_152_paper_strict_raw_equation_seed2025_01f04b03,18,31,0.9996681213378906,5.086263020833334e-06,0.00032679239908854163
20260912_174204_152_paper_strict_raw_equation_seed2025_01f04b03,18,32,8.900960286458334e-06,1.2715657552083335e-06,0.9999898274739584
20260912_174204_152_paper_strict_raw_equation_seed2025_01f04b03,18,33,5.340576171875e-05,3.9418538411458336e-05,0.9999071756998699
20260912_174204_152_paper_strict_raw_equation_seed2025_01f04b03,18,34,2.7974446614583336e-05,0.9999580383300781,1.3987223307291666e-05
20260912_174204_152_paper_strict_raw_equation_seed2025_01f04b03,18,35,0.003962198893229167,1.2715657552083337e-06,0.9960365295410156
20260912_174204_152_paper_strict_raw_equation_seed2025_01f04b03,18,36,0.2602094014485677,0.7396558125813802,0.00013478597005208337
20260912_174204_152_paper_strict_raw_equation_seed2025_01f04b03,18,37,1.2715657552083335e-06,0.9999758402506511,2.288818359375e-05
20260912_174204_152_paper_strict_raw_equation_seed2025_01f04b03,18,38,5.086263020833334e-06,0.9999415079752605,5.340576171875e-05
20260912_174204_152_paper_strict_raw_equation_seed2025_01f04b03,18,39,0.0017458597819010417,0.00025812784830729174,0.9979960123697917
20260912_174204_152_paper_strict_raw_equation_seed2025_01f04b03,18,40,1.2715657552083335e-06,0.9998194376627603,0.000179290771484375
20260912_174204_152_paper_strict_raw_equation_seed2025_01f04b03,18,41,0.7197786966959636,0.28022003173828125,1.2715657552083343e-06
20260912_174204_152_paper_strict_raw_equation_seed2025_01f04b03,18,42,0.9999974568684896,1.2715657552083335e-06,1.2715657552083335e-06
20260912_174204_152_paper_strict_raw_equation_seed2025_01f04b03,18,43,0.00012715657552083334,0.9840850830078125,0.015787760416666664
20260912_174204_152_paper_strict_raw_equation_seed2025_01f04b03,18,44,1.2715657552083335e-06,0.9999860127766927,1.2715657552083334e-05
20260912_174204_152_paper_strict_raw_equation_seed2025_01f04b03,18,45,1.2715657552083335e-06,0.9999885559082031,1.0172526041666668e-05
20260912_174204_152_paper_strict_raw_equation_seed2025_01f04b03,18,46,6.357828776041666e-06,0.9999783833821615,1.52587890625e-05
20260912_174204_152_paper_strict_raw_equation_seed2025_01f04b03,18,47,0.9999974568684896,1.2715657552083335e-06,1.2715657552083335e-06
20260912_174204_152_paper_strict_raw_equation_seed2025_01f04b03,18,48,3.941853841145835e-05,0.7496655782063802,0.2502950032552083
20260912_174204_152_paper_strict_raw_equation_seed2025_01f04b03,18,49,1.2715657552083335e-06,0.9999974568684896,1.2715657552083335e-06
20260912_174204_152_paper_strict_raw_equation_seed2025_01f04b03,18,50,0.9913736979166665,1.271565755208334e-06,0.008625030517578125
20260912_174204_152_paper_strict_raw_equation_seed2025_01f04b03,18,51,1.2715657552083337e-06,0.00012969970703125003,0.9998690287272136
20260912_174204_152_paper_strict_raw_equation_seed2025_01f04b03,18,52,1.2715657552083337e-06,0.009034474690755207,0.9909642537434896
20260912_174204_152_paper_strict_raw_equation_seed2025_01f04b03,18,53,0.9999465942382812,5.213419596354167e-05,1.2715657552083335e-06
20260912_174204_152_paper_strict_raw_equation_seed2025_01f04b03,18,54,0.00011698404947916668,0.0013847351074218752,0.998498280843099
20260912_174204_152_paper_strict_raw_equation_seed2025_01f04b03,18,55,3.5603841145833336e-05,3.0517578125e-05,0.9999338785807292
20260912_174204_152_paper_strict_raw_equation_seed2025_01f04b03,18,56,4.9591064453125e-05,0.9999491373697917,1.2715657552083335e-06
20260912_174204_152_paper_strict_raw_equation_seed2025_01f04b03,18,57,1.271565755208334e-06,0.971001942952474,0.02899678548177084
20260912_174204_152_paper_strict_raw_equation_seed2025_01f04b03,18,58,0.9999275207519531,1.2715657552083335e-06,7.120768229166667e-05
20260912_174204_152_paper_strict_raw_equation_seed2025_01f04b03,18,59,0.932159423828125,0.0678265889485677,1.3987223307291666e-05
20260912_174204_152_paper_strict_raw_equation_seed2025_01f04b03,18,60,1.2715657552083337e-06,0.0010210673014322917,0.9989776611328125
20260912_174204_152_paper_strict_raw_equation_seed2025_01f04b03,18,61,1.271565755208334e-06,0.25937143961588544,0.7406272888183594
20260912_174204_152_paper_strict_raw_equation_seed2025_01f04b03,18,62,0.7992668151855469,0.20073191324869794,1.271565755208334e-06
20260912_174204_152_paper_strict_raw_equation_seed2025_01f04b03,18,63,0.013879140218098959,1.271565755208334e-06,0.9861195882161459
20260912_174204_152_paper_strict_raw_equation_seed2025_01f04b03,18,64,1.2715657552083335e-06,6.357828776041666e-06,0.9999923706054688
20260912_174204_152_paper_strict_raw_equation_seed2025_01f04b03,18,65,0.9999885559082031,1.0172526041666668e-05,1.2715657552083335e-06
20260912_174204_152_paper_strict_raw_equation_seed2025_01f04b03,18,66,0.9999923706054688,1.2715657552083335e-06,6.357828776041666e-06
20260912_174204_152_paper_strict_raw_equation_seed2025_01f04b03,18,67,0.6443913777669271,0.00012969970703125005,0.3554789225260417
20260912_174204_152_paper_strict_raw_equation_seed2025_01f04b03,18,68,0.0002504984537760417,0.9997482299804688,1.2715657552083337e-06
20260912_174204_152_paper_strict_raw_equation_seed2025_01f04b03,18,69,0.00013860066731770832,1.2715657552083335e-06,0.9998601277669271
20260912_174204_152_paper_strict_raw_equation_seed2025_01f04b03,18,70,8.900960286458336e-05,1.2715657552083337e-06,0.9999097188313802
20260912_174204_152_paper_strict_raw_equation_seed2025_01f04b03,18,71,0.061237335205078125,1.271565755208334e-06,0.9387613932291667
20260912_174204_152_paper_strict_raw_equation_seed2025_01f04b03,18,72,0.045500437418619796,0.954498291015625,1.2715657552083337e-06
20260912_174204_152_paper_strict_raw_equation_seed2025_01f04b03,18,73,0.9998741149902344,0.00010426839192708333,2.161661783854167e-05
20260912_174204_152_paper_strict_raw_equation_seed2025_01f04b03,18,74,0.798425038655599,0.20157368977864581,1.2715657552083337e-06
20260912_174204_152_paper_strict_raw_equation_seed2025_01f04b03,18,75,0.618377685546875,1.271565755208334e-06,0.38162104288736975
20260912_174204_152_paper_strict_raw_equation_seed2025_01f04b03,18,76,0.9992408752441406,1.2715657552083335e-06,0.0007578531901041666
20260912_174204_152_paper_strict_raw_equation_seed2025_01f04b03,18,77,0.9999847412109375,1.3987223307291668e-05,1.2715657552083337e-06
20260912_174204_152_paper_strict_raw_equation_seed2025_01f04b03,18,78,0.9929097493489584,1.2715657552083337e-06,0.007088979085286458
20260912_174204_152_paper_strict_raw_equation_seed2025_01f04b03,18,79,1.3987223307291671e-05,0.06768544514973959,0.9323005676269531
20260912_174204_152_paper_strict_raw_equation_seed2025_01f04b03,18,80,5.086263020833334e-06,0.999993642171224,1.2715657552083335e-06
20260912_174204_152_paper_strict_raw_equation_seed2025_01f04b03,18,81,0.9986368815104167,1.2715657552083337e-06,0.001361846923828125
20260912_174204_152_paper_strict_raw_equation_seed2025_01f04b03,18,82,1.2715657552083335e-06,8.900960286458334e-06,0.9999898274739584
20260912_174204_152_paper_strict_raw_equation_seed2025_01f04b03,18,83,1.2715657552083335e-06,1.2715657552083334e-05,0.9999860127766927
20260912_174204_152_paper_strict_raw_equation_seed2025_01f04b03,18,84,0.9999974568684896,1.2715657552083335e-06,1.2715657552083335e-06
20260912_174204_152_paper_strict_raw_equation_seed2025_01f04b03,18,85,1.271565755208334e-06,0.738549550374349,0.2614491780598958
20260912_174204_152_paper_strict_raw_equation_seed2025_01f04b03,18,86,0.9999974568684896,1.2715657552083335e-06,1.2715657552083335e-06
20260912_174204_152_paper_strict_raw_equation_seed2025_01f04b03,18,87,1.2715657552083335e-06,1.2715657552083335e-06,0.9999974568684896
20260912_174204_152_paper_strict_raw_equation_seed2025_01f04b03,18,88,2.5431315104166668e-05,0.9992828369140625,0.0006917317708333333
20260912_174204_152_paper_strict_raw_equation_seed2025_01f04b03,18,89,1.7801920572916668e-05,0.9999809265136719,1.2715657552083335e-06
20260912_174204_152_paper_strict_raw_equation_seed2025_01f04b03,18,90,3.687540690104167e-05,1.2715657552083335e-06,0.9999618530273438
20260912_174204_152_paper_strict_raw_equation_seed2025_01f04b03,18,91,6.357828776041667e-06,0.18185806274414062,0.8181355794270834
20260912_174204_152_paper_strict_raw_equation_seed2025_01f04b03,18,92,0.0005989074707031251,0.10164515177408855,0.8977559407552084
20260912_174204_152_paper_strict_raw_equation_seed2025_01f04b03,18,93,1.2715657552083335e-06,0.9999974568684896,1.2715657552083335e-06
20260912_174204_152_paper_strict_raw_equation_seed2025_01f04b03,18,94,8.900960286458334e-06,6.357828776041666e-06,0.9999847412109375
20260912_174204_152_paper_strict_raw_equation_seed2025_01f04b03,18,95,1.2715657552083335e-06,1.0172526041666668e-05,0.9999885559082031
20260912_174204_152_paper_strict_raw_equation_seed2025_01f04b03,18,96,1.2715657552083332e-05,0.9998588562011719,0.00012842814127604166
20260912_174204_152_paper_strict_raw_equation_seed2025_01f04b03,18,97,1.2715657552083335e-06,1.2715657552083335e-06,0.9999974568684896
20260912_174204_152_paper_strict_raw_equation_seed2025_01f04b03,18,98,0.9999974568684896,1.2715657552083335e-06,1.2715657552083335e-06
20260912_174204_152_paper_strict_raw_equation_seed2025_01f04b03,18,99,0.00012842814127604168,0.999865214029948,6.357828776041664e-06
20260912_174204_152_paper_strict_raw_equation_seed2025_01f04b03,18,100,1.2715657552083335e-06,0.9999224344889324,7.62939453125e-05
20260912_174204_152_paper_strict_raw_equation_seed2025_01f04b03,18,101,0.9999847412109375,1.3987223307291668e-05,1.2715657552083337e-06
20260912_174204_152_paper_strict_raw_equation_seed2025_01f04b03,19,0,0.9999987284342449,6.357828776041667e-07,6.357828776041667e-07
20260912_174204_152_paper_strict_raw_equation_seed2025_01f04b03,19,1,6.357828776041667e-07,6.357828776041667e-07,0.9999987284342449
20260912_174204_152_paper_strict_raw_equation_seed2025_01f04b03,19,2,8.265177408854166e-06,0.9999891916910808,2.543131510416667e-06
20260912_174204_152_paper_strict_raw_equation_seed2025_01f04b03,19,3,0.9994551340738933,0.0005378723144531251,6.993611653645834e-06
20260912_174204_152_paper_strict_raw_equation_seed2025_01f04b03,19,4,6.548563639322916e-05,6.357828776041667e-07,0.9999338785807292
20260912_174204_152_paper_strict_raw_equation_seed2025_01f04b03,19,5,8.900960286458334e-06,0.9999758402506509,1.52587890625e-05
20260912_174204_152_paper_strict_raw_equation_seed2025_01f04b03,19,6,6.357828776041667e-07,0.9999739329020183,2.5431315104166668e-05
20260912_174204_152_paper_strict_raw_equation_seed2025_01f04b03,19,7,3.178914388020833e-06,0.999993642171224,3.178914388020833e-06
20260912_174204_152_paper_strict_raw_equation_seed2025_01f04b03,19,8,0.07844098409016928,0.9215558369954427,3.1789143880208335e-06
20260912_174204_152_paper_strict_raw_equation_seed2025_01f04b03,19,9,0.9999961853027344,6.357828776041667e-07,3.178914388020833e-06
20260912_174204_152_paper_strict_raw_equation_seed2025_01f04b03,19,10,0.38451385498046875,0.6154855092366537,6.357828776041671e-07
20260912_174204_152_paper_strict_raw_equation_seed2025_01f04b03,19,11,6.357828776041668e-07,0.21392567952473956,0.7860736846923828
20260912_174204_152_paper_strict_raw_equation_seed2025_01f04b03,19,12,0.00030644734700520837,0.9996903737386068,3.178914388020833e-06
20260912_174204_152_paper_strict_raw_equation_seed2025_01f04b03,19,13,0.3011283874511719,0.6988709767659506,6.357828776041671e-07
20260912_174204_152_paper_strict_raw_equation_seed2025_01f04b03,19,14,0.9999987284342449,6.357828776041667e-07,6.357828776041667e-07
20260912_174204_152_paper_strict_raw_equation_seed2025_01f04b03,19,15,0.8801352183024089,0.09421730041503908,0.02564748128255209
20260912_174204_152_paper_strict_raw_equation_seed2025_01f04b03,19,16,4.450480143229167e-06,0.9999949137369792,6.357828776041667e-07
20260912_174204_152_paper_strict_raw_equation_seed2025_01f04b03,19,17,0.9999987284342449,6.357828776041667e-07,6.357828776041667e-07
20260912_174204_152_paper_strict_raw_equation_seed2025_01f04b03,19,18,2.543131510416667e-06,6.357828776041667e-07,0.999996821085612
20260912_174204_152_paper_strict_raw_equation_seed2025_01f04b03,19,19,6.357828776041667e-07,0.999969482421875,2.9881795247395836e-05
20260912_174204_152_paper_strict_raw_equation_seed2025_01f04b03,19,20,6.357828776041667e-07,0.9999987284342449,6.357828776041667e-07
20260912_174204_152_paper_strict_raw_equation_seed2025_01f04b03,19,21,0.9999796549479167,1.9709269205729168e-05,6.357828776041667e-07
20260912_174204_152_paper_strict_raw_equation_seed2025_01f04b03,19,22,0.99957275390625,0.0004227956136067708,4.450480143229167e-06
20260912_174204_152_paper_strict_raw_equation_seed2025_01f04b03,19,23,0.9999987284342449,6.357828776041667e-07,6.357828776041667e-07
20260912_174204_152_paper_strict_raw_equation_seed2025_01f04b03,19,24,0.6902065277099609,6.357828776041668e-07,0.30979283650716144
20260912_174204_152_paper_strict_raw_equation_seed2025_01f04b03,19,25,2.5431315104166668e-05,0.9999675750732422,6.993611653645833e-06
20260912_174204_152_paper_strict_raw_equation_seed2025_01f04b03,19,26,0.2737280527750651,2.5431315104166682e-06,0.7262694040934244
20260912_174204_152_paper_strict_raw_equation_seed2025_01f04b03,19,27,4.450480143229168e-06,4.386901855468751e-05,0.9999516805013021
20260912_174204_152_paper_strict_raw_equation_seed2025_01f04b03,19,28,9.5367431640625e-06,0.9999796549479167,1.0808308919270832e-05
20260912_174204_152_paper_strict_raw_equation_seed2025_01f04b03,19,29,5.086263020833334e-06,0.9993349711100259,0.000659942626953125
20260912_174204_152_paper_strict_raw_equation_seed2025_01f04b03,19,30,4.959106445312501e-05,6.357828776041668e-07,0.9999497731526693
20260912_174204_152_paper_strict_raw_equation_seed2025_01f04b03,19,31,0.9998340606689453,2.543131510416667e-06,0.00016339619954427082
20260912_174204_152_paper_strict_raw_equation_seed2025_01f04b03,19,32,4.450480143229167e-06,6.357828776041667e-07,0.9999949137369792
20260912_174204_152_paper_strict_raw_equation_seed2025_01f04b03,19,33,2.6702880859375e-05,1.9709269205729168e-05,0.9999535878499349
20260912_174204_152_paper_strict_raw_equation_seed2025_01f04b03,19,34,1.3987223307291668e-05,0.9999790191650391,6.993611653645833e-06
20260912_174204_152_paper_strict_raw_equation_seed2025_01f04b03,19,35,0.0019810994466145835,6.357828776041668e-07,0.9980182647705078
20260912_174204_152_paper_strict_raw_equation_seed2025_01f04b03,19,36,0.13010470072428384,0.8698279062906902,6.739298502604168e-05
20260912_174204_152_paper_strict_raw_equation_seed2025_01f04b03,19,37,6.357828776041667e-07,0.9999879201253256,1.1444091796875e-05
20260912_174204_152_paper_strict_raw_equation_seed2025_01f04b03,19,38,2.543131510416667e-06,0.9999707539876302,2.6702880859375e-05
20260912_174204_152_paper_strict_raw_equation_seed2025_01f04b03,19,39,0.0008729298909505209,0.00012906392415364587,0.9989980061848959
20260912_174204_152_paper_strict_raw_equation_seed2025_01f04b03,19,40,6.357828776041668e-07,0.9999097188313802,8.964538574218751e-05
20260912_174204_152_paper_strict_raw_equation_seed2025_01f04b03,19,41,0.7348893483479818,0.2651100158691406,6.357828776041672e-07
20260912_174204_152_paper_strict_raw_equation_seed2025_01f04b03,19,42,0.9999987284342449,6.357828776041667e-07,6.357828776041667e-07
20260912_174204_152_paper_strict_raw_equation_seed2025_01f04b03,19,43,6.357828776041667e-05,0.8670425415039062,0.13289388020833334
20260912_174204_152_paper_strict_raw_equation_seed2025_01f04b03,19,44,6.357828776041667e-07,0.9999930063883464,6.357828776041667e-06
20260912_174204_152_paper_strict_raw_equation_seed2025_01f04b03,19,45,6.357828776041667e-07,0.9999942779541016,5.086263020833334e-06
20260912_174204_152_paper_strict_raw_equation_seed2025_01f04b03,19,46,3.178914388020833e-06,0.9999891916910808,7.62939453125e-06
20260912_174204_152_paper_strict_raw_equation_seed2025_01f04b03,19,47,0.9999987284342449,6.357828776041667e-07,6.357828776041667e-07
20260912_174204_152_paper_strict_raw_equation_seed2025_01f04b03,19,48,1.9709269205729175e-05,0.7498327891031902,0.25014750162760413
20260912_174204_152_paper_strict_raw_equation_seed2025_01f04b03,19,49,6.357828776041667e-07,0.9999987284342449,6.357828776041667e-07
20260912_174204_152_paper_strict_raw_equation_seed2025_01f04b03,19,50,0.9956868489583334,6.357828776041671e-07,0.004312515258789063
20260912_174204_152_paper_strict_raw_equation_seed2025_01f04b03,19,51,6.357828776041668e-07,6.484985351562501e-05,0.9999345143636068
20260912_174204_152_paper_strict_raw_equation_seed2025_01f04b03,19,52,6.357828776041668e-07,0.004517237345377604,0.9954821268717449
20260912_174204_152_paper_strict_raw_equation_seed2025_01f04b03,19,53,0.9999732971191406,2.6067097981770836e-05,6.357828776041667e-07
20260912_174204_152_paper_strict_raw_equation_seed2025_01f04b03,19,54,5.849202473958334e-05,0.0006923675537109376,0.9992491404215496
20260912_174204_152_paper_strict_raw_equation_seed2025_01f04b03,19,55,1.7801920572916668e-05,1.52587890625e-05,0.9999669392903646
20260912_174204_152_paper_strict_raw_equation_seed2025_01f04b03,19,56,2.47955322265625e-05,0.9999745686848959,6.357828776041667e-07
20260912_174204_152_paper_strict_raw_equation_seed2025_01f04b03,19,57,6.35782877604167e-07,0.985500971476237,0.01449839274088542
20260912_174204_152_paper_strict_raw_equation_seed2025_01f04b03,19,58,0.9999637603759766,6.357828776041667e-07,3.5603841145833336e-05
20260912_174204_152_paper_strict_raw_equation_seed2025_01f04b03,19,59,0.9660797119140625,0.03391329447428385,6.993611653645833e-06
20260912_174204_152_paper_strict_raw_equation_seed2025_01f04b03,19,60,6.357828776041668e-07,0.0005105336507161459,0.9994888305664062
20260912_174204_152_paper_strict_raw_equation_seed2025_01f04b03,19,61,6.35782877604167e-07,0.12968571980794272,0.8703136444091797
20260912_174204_152_paper_strict_raw_equation_seed2025_01f04b03,19,62,0.8996334075927734,0.10036595662434897,6.35782877604167e-07
20260912_174204_152_paper_strict_raw_equation_seed2025_01f04b03,19,63,0.0069395701090494795,6.35782877604167e-07,0.993059794108073
20260912_174204_152_paper_strict_raw_equation_seed2025_01f04b03,19,64,6.357828776041667e-07,3.178914388020833e-06,0.9999961853027344
20260912_174204_152_paper_strict_raw_equation_seed2025_01f04b03,19,65,0.9999942779541016,5.086263020833334e-06,6.357828776041667e-07
20260912_174204_152_paper_strict_raw_equation_seed2025_01f04b03,19,66,0.9999961853027344,6.357828776041667e-07,3.178914388020833e-06
20260912_174204_152_paper_strict_raw_equation_seed2025_01f04b03,19,67,0.5721956888834636,6.484985351562503e-05,0.42773946126302087
20260912_174204_152_paper_strict_raw_equation_seed2025_01f04b03,19,68,0.00012524922688802084,0.9998741149902344,6.357828776041668e-07
20260912_174204_152_paper_strict_raw_equation_seed2025_01f04b03,19,69,6.930033365885416e-05,6.357828776041667e-07,0.9999300638834636
20260912_174204_152_paper_strict_raw_equation_seed2025_01f04b03,19,70,4.450480143229168e-05,6.357828776041668e-07,0.9999548594156902
20260912_174204_152_paper_strict_raw_equation_seed2025_01f04b03,19,71,0.030618667602539062,6.35782877604167e-07,0.9693806966145834
20260912_174204_152_paper_strict_raw_equation_seed2025_01f04b03,19,72,0.022750218709309898,0.9772491455078125,6.357828776041668e-07
20260912_174204_152_paper_strict_raw_equation_seed2025_01f04b03,19,73,0.9999370574951172,5.2134195963541664e-05,1.0808308919270836e-05
20260912_174204_152_paper_strict_raw_equation_seed2025_01f04b03,19,74,0.8992125193277996,0.10078684488932291,6.357828776041668e-07
20260912_174204_152_paper_strict_raw_equation_seed2025_01f04b03,19,75,0.3091888427734375,6.35782877604167e-07,0.6908105214436848
20260912_174204_152_paper_strict_raw_equation_seed2025_01f04b03,19,76,0.9996204376220703,6.357828776041667e-07,0.0003789265950520833
20260912_174204_152_paper_strict_raw_equation_seed2025_01f04b03,19,77,0.9999923706054688,6.993611653645834e-06,6.357828776041668e-07
20260912_174204_152_paper_strict_raw_equation_seed2025_01f04b03,19,78,0.9964548746744792,6.357828776041668e-07,0.003544489542643229
20260912_174204_152_paper_strict_raw_equation_seed2025_01f04b03,19,79,6.993611653645836e-06,0.2838427225748698,0.7161502838134766
20260912_174204_152_paper_strict_raw_equation_seed2025_01f04b03,19,80,2.543131510416667e-06,0.999996821085612,6.357828776041667e-07
20260912_174204_152_paper_strict_raw_equation_seed2025_01f04b03,19,81,0.9993184407552084,6.357828776041668e-07,0.0006809234619140625
20260912_174204_152_paper_strict_raw_equation_seed2025_01f04b03,19,82,6.357828776041667e-07,4.450480143229167e-06,0.9999949137369792
20260912_174204_152_paper_strict_raw_equation_seed2025_01f04b03,19,83,6.357828776041667e-07,6.357828776041667e-06,0.9999930063883464
20260912_174204_152_paper_strict_raw_equation_seed2025_01f04b03,19,84,0.9999987284342449,6.357828776041667e-07,6.357828776041667e-07
20260912_174204_152_paper_strict_raw_equation_seed2025_01f04b03,19,85,6.35782877604167e-07,0.7442747751871746,0.2557245890299479
20260912_174204_152_paper_strict_raw_equation_seed2025_01f04b03,19,86,0.9999987284342449,6.357828776041667e-07,6.357828776041667e-07
20260912_174204_152_paper_strict_raw_equation_seed2025_01f04b03,19,87,6.357828776041667e-07,6.357828776041667e-07,0.9999987284342449
20260912_174204_152_paper_strict_raw_equation_seed2025_01f04b03,19,88,1.2715657552083334e-05,0.9996414184570312,0.00034586588541666663
20260912_174204_152_paper_strict_raw_equation_seed2025_01f04b03,19,89,8.900960286458334e-06,0.9999904632568359,6.357828776041667e-07
20260912_174204_152_paper_strict_raw_equation_seed2025_01f04b03,19,90,1.8437703450520836e-05,6.357828776041667e-07,0.9999809265136719
20260912_174204_152_paper_strict_raw_equation_seed2025_01f04b03,19,91,3.1789143880208335e-06,0.09092903137207031,0.9090677897135417
20260912_174204_152_paper_strict_raw_equation_seed2025_01f04b03,19,92,0.00029945373535156255,0.05082257588704427,0.9488779703776042
20260912_174204_152_paper_strict_raw_equation_seed2025_01f04b03,19,93,6.357828776041667e-07,0.9999987284342449,6.357828776041667e-07
20260912_174204_152_paper_strict_raw_equation_seed2025_01f04b03,19,94,4.450480143229167e-06,3.178914388020833e-06,0.9999923706054688
20260912_174204_152_paper_strict_raw_equation_seed2025_01f04b03,19,95,6.357828776041667e-07,5.086263020833334e-06,0.9999942779541016
20260912_174204_152_paper_strict_raw_equation_seed2025_01f04b03,19,96,6.357828776041666e-06,0.9999294281005859,6.421407063802083e-05
20260912_174204_152_paper_strict_raw_equation_seed2025_01f04b03,19,97,6.357828776041667e-07,6.357828776041667e-07,0.9999987284342449
20260912_174204_152_paper_strict_raw_equation_seed2025_01f04b03,19,98,0.9999987284342449,6.357828776041667e-07,6.357828776041667e-07
20260912_174204_152_paper_strict_raw_equation_seed2025_01f04b03,19,99,6.421407063802084e-05,0.999932607014974,3.178914388020832e-06
20260912_174204_152_paper_strict_raw_equation_seed2025_01f04b03,19,100,6.357828776041667e-07,0.9999612172444662,3.814697265625e-05
20260912_174204_152_paper_strict_raw_equation_seed2025_01f04b03,19,101,0.9999923706054688,6.993611653645834e-06,6.357828776041668e-07
20260912_174204_152_paper_strict_raw_equation_seed2025_01f04b03,20,0,0.9999993642171224,3.1789143880208337e-07,3.1789143880208337e-07
20260912_174204_152_paper_strict_raw_equation_seed2025_01f04b03,20,1,3.1789143880208337e-07,3.1789143880208337e-07,0.9999993642171224
20260912_174204_152_paper_strict_raw_equation_seed2025_01f04b03,20,2,4.132588704427083e-06,0.9999945958455404,1.2715657552083335e-06
20260912_174204_152_paper_strict_raw_equation_seed2025_01f04b03,20,3,0.9997275670369467,0.00026893615722656255,3.496805826822917e-06
20260912_174204_152_paper_strict_raw_equation_seed2025_01f04b03,20,4,3.274281819661458e-05,3.1789143880208337e-07,0.9999669392903646
20260912_174204_152_paper_strict_raw_equation_seed2025_01f04b03,20,5,4.450480143229168e-06,0.9999879201253256,7.629394531250002e-06
20260912_174204_152_paper_strict_raw_equation_seed2025_01f04b03,20,6,3.1789143880208337e-07,0.9999869664510092,1.2715657552083334e-05
20260912_174204_152_paper_strict_raw_equation_seed2025_01f04b03,20,7,1.5894571940104165e-06,0.999996821085612,1.5894571940104165e-06
20260912_174204_152_paper_strict_raw_equation_seed2025_01f04b03,20,8,0.03922049204508464,0.9607779184977214,1.5894571940104167e-06
20260912_174204_152_paper_strict_raw_equation_seed2025_01f04b03,20,9,0.9999980926513672,3.1789143880208337e-07,1.5894571940104165e-06
20260912_174204_152_paper_strict_raw_equation_seed2025_01f04b03,20,10,0.19225692749023438,0.8077427546183269,3.1789143880208353e-07
20260912_174204_152_paper_strict_raw_equation_seed2025_01f04b03,20,11,3.178914388020834e-07,0.6069628397623698,0.3930368423461914
20260912_174204_152_paper_strict_raw_equation_seed2025_01f04b03,20,12,0.00015322367350260418,0.9998451868693035,1.5894571940104165e-06
20260912_174204_152_paper_strict_raw_equation_seed2025_01f04b03,20,13,0.15056419372558594,0.8494354883829753,3.1789143880208353e-07
20260912_174204_152_paper_strict_raw_equation_seed2025_01f04b03,20,14,0.9999993642171224,3.1789143880208337e-07,3.1789143880208337e-07
20260912_174204_152_paper_strict_raw_equation_seed2025_01f04b03,20,15,0.9400676091512045,0.04710865020751954,0.012823740641276045
20260912_174204_152_paper_strict_raw_equation_seed2025_01f04b03,20,16,2.2252400716145835e-06,0.9999974568684896,3.1789143880208337e-07
20260912_174204_152_paper_strict_raw_equation_seed2025_01f04b03,20,17,0.9999993642171224,3.1789143880208337e-07,3.1789143880208337e-07
20260912_174204_152_paper_strict_raw_equation_seed2025_01f04b03,20,18,1.2715657552083335e-06,3.1789143880208337e-07,0.999998410542806
20260912_174204_152_paper_strict_raw_equation_seed2025_01f04b03,20,19,3.1789143880208337e-07,0.9999847412109375,1.4940897623697918e-05
20260912_174204_152_paper_strict_raw_equation_seed2025_01f04b03,20,20,3.1789143880208337e-07,0.9999993642171224,3.1789143880208337e-07
20260912_174204_152_paper_strict_raw_equation_seed2025_01f04b03,20,21,0.9999898274739584,9.854634602864584e-06,3.1789143880208337e-07
20260912_174204_152_paper_strict_raw_equation_seed2025_01f04b03,20,22,0.999786376953125,0.0002113978068033854,2.2252400716145835e-06
20260912_174204_152_paper_strict_raw_equation_seed2025_01f04b03,20,23,0.9999993642171224,3.1789143880208337e-07,3.1789143880208337e-07
20260912_174204_152_paper_strict_raw_equation_seed2025_01f04b03,20,24,0.8451032638549805,3.178914388020834e-07,0.15489641825358072
20260912_174204_152_paper_strict_raw_equation_seed2025_01f04b03,20,25,1.2715657552083334e-05,0.9999837875366211,3.4968058268229165e-06
20260912_174204_152_paper_strict_raw_equation_seed2025_01f04b03,20,26,0.6368640263875326,1.2715657552083341e-06,0.3631347020467122
20260912_174204_152_paper_strict_raw_equation_seed2025_01f04b03,20,27,2.225240071614584e-06,2.1934509277343753e-05,0.9999758402506511
20260912_174204_152_paper_strict_raw_equation_seed2025_01f04b03,20,28,4.76837158203125e-06,0.9999898274739584,5.404154459635416e-06
20260912_174204_152_paper_strict_raw_equation_seed2025_01f04b03,20,29,2.5431315104166674e-06,0.9996674855550131,0.00032997131347656255
20260912_174204_152_paper_strict_raw_equation_seed2025_01f04b03,20,30,2.4795532226562503e-05,3.178914388020834e-07,0.9999748865763347
20260912_174204_152_paper_strict_raw_equation_seed2025_01f04b03,20,31,0.9999170303344727,1.2715657552083335e-06,8.169809977213541e-05
20260912_174204_152_paper_strict_raw_equation_seed2025_01f04b03,20,32,2.2252400716145835e-06,3.1789143880208337e-07,0.9999974568684896
20260912_174204_152_paper_strict_raw_equation_seed2025_01f04b03,20,33,1.33514404296875e-05,9.854634602864584e-06,0.9999767939249675
20260912_174204_152_paper_strict_raw_equation_seed2025_01f04b03,20,34,6.993611653645834e-06,0.9999895095825195,3.4968058268229165e-06
20260912_174204_152_paper_strict_raw_equation_seed2025_01f04b03,20,35,0.0009905497233072917,3.178914388020834e-07,0.9990091323852539
20260912_174204_152_paper_strict_raw_equation_seed2025_01f04b03,20,36,0.565052350362142,0.4349139531453451,3.369649251302084e-05
20260912_174204_152_paper_strict_raw_equation_seed2025_01f04b03,20,37,3.1789143880208337e-07,0.9999939600626628,5.7220458984375e-06
20260912_174204_152_paper_strict_raw_equation_seed2025_01f04b03,20,38,1.2715657552083335e-06,0.9999853769938152,1.33514404296875e-05
20260912_174204_152_paper_strict_raw_equation_seed2025_01f04b03,20,39,0.00043646494547526043,6.453196207682293e-05,0.999499003092448
20260912_174204_152_paper_strict_raw_equation_seed2025_01f04b03,20,40,3.1789143880208337e-07,0.99995485941569,4.482269287109375e-05
20260912_174204_152_paper_strict_raw_equation_seed2025_01f04b03,20,41,0.867444674173991,0.1325550079345703,3.178914388020836e-07
20260912_174204_152_paper_strict_raw_equation_seed2025_01f04b03,20,42,0.9999993642171224,3.1789143880208337e-07,3.1789143880208337e-07
20260912_174204_152_paper_strict_raw_equation_seed2025_01f04b03,20,43,3.1789143880208336e-05,0.9335212707519531,0.06644694010416667
20260912_174204_152_paper_strict_raw_equation_seed2025_01f04b03,20,44,3.1789143880208337e-07,0.9999965031941732,3.1789143880208335e-06
20260912_174204_152_paper_strict_raw_equation_seed2025_01f04b03,20,45,3.1789143880208337e-07,0.9999971389770508,2.543131510416667e-06
20260912_174204_152_paper_strict_raw_equation_seed2025_01f04b03,20,46,1.5894571940104165e-06,0.9999945958455404,3.814697265625e-06
20260912_174204_152_paper_strict_raw_equation_seed2025_01f04b03,20,47,0.9999993642171224,3.1789143880208337e-07,3.1789143880208337e-07
20260912_174204_152_paper_strict_raw_equation_seed2025_01f04b03,20,48,9.854634602864587e-06,0.3749163945515951,0.625073750813802
20260912_174204_152_paper_strict_raw_equation_seed2025_01f04b03,20,49,3.1789143880208337e-07,0.9999993642171224,3.1789143880208337e-07
20260912_174204_152_paper_strict_raw_equation_seed2025_01f04b03,20,50,0.9978434244791665,3.178914388020835e-07,0.0021562576293945312
20260912_174204_152_paper_strict_raw_equation_seed2025_01f04b03,20,51,3.178914388020834e-07,3.242492675781251e-05,0.9999672571818035
20260912_174204_152_paper_strict_raw_equation_seed2025_01f04b03,20,52,3.178914388020834e-07,0.002258618672688802,0.9977410634358724
20260912_174204_152_paper_strict_raw_equation_seed2025_01f04b03,20,53,0.9999866485595703,1.3033548990885418e-05,3.1789143880208337e-07
20260912_174204_152_paper_strict_raw_equation_seed2025_01f04b03,20,54,2.924601236979167e-05,0.0003461837768554688,0.9996245702107748
20260912_174204_152_paper_strict_raw_equation_seed2025_01f04b03,20,55,8.900960286458334e-06,7.62939453125e-06,0.9999834696451824
20260912_174204_152_paper_strict_raw_equation_seed2025_01f04b03,20,56,1.239776611328125e-05,0.999987284342448,3.1789143880208337e-07
20260912_174204_152_paper_strict_raw_equation_seed2025_01f04b03,20,57,3.178914388020835e-07,0.9927504857381185,0.00724919637044271
20260912_174204_152_paper_strict_raw_equation_seed2025_01f04b03,20,58,0.9999818801879883,3.1789143880208337e-07,1.7801920572916668e-05
20260912_174204_152_paper_strict_raw_equation_seed2025_01f04b03,20,59,0.9830398559570312,0.016956647237141926,3.4968058268229165e-06
20260912_174204_152_paper_strict_raw_equation_seed2025_01f04b03,20,60,3.178914388020834e-07,0.00025526682535807293,0.9997444152832031
20260912_174204_152_paper_strict_raw_equation_seed2025_01f04b03,20,61,3.178914388020835e-07,0.06484285990397136,0.9351568222045898
20260912_174204_152_paper_strict_raw_equation_seed2025_01f04b03,20,62,0.9498167037963867,0.050182978312174484,3.178914388020835e-07
20260912_174204_152_paper_strict_raw_equation_seed2025_01f04b03,20,63,0.0034697850545247397,3.178914388020835e-07,0.9965298970540365
20260912_174204_152_paper_strict_raw_equation_seed2025_01f04b03,20,64,3.1789143880208337e-07,1.5894571940104165e-06,0.9999980926513672
20260912_174204_152_paper_strict_raw_equation_seed2025_01f04b03,20,65,0.9999971389770508,2.543131510416667e-06,3.1789143880208337e-07
20260912_174204_152_paper_strict_raw_equation_seed2025_01f04b03,20,66,0.9999980926513672,3.1789143880208337e-07,1.5894571940104165e-06
20260912_174204_152_paper_strict_raw_equation_seed2025_01f04b03,20,67,0.7860978444417318,3.2424926757812514e-05,0.21386973063151044
20260912_174204_152_paper_strict_raw_equation_seed2025_01f04b03,20,68,6.262461344401042e-05,0.9999370574951172,3.178914388020834e-07
20260912_174204_152_paper_strict_raw_equation_seed2025_01f04b03,20,69,3.465016682942708e-05,3.1789143880208337e-07,0.9999650319417318
20260912_174204_152_paper_strict_raw_equation_seed2025_01f04b03,20,70,2.225240071614584e-05,3.178914388020834e-07,0.9999774297078451
20260912_174204_152_paper_strict_raw_equation_seed2025_01f04b03,20,71,0.015309333801269531,3.178914388020835e-07,0.9846903483072917
20260912_174204_152_paper_strict_raw_equation_seed2025_01f04b03,20,72,0.011375109354654949,0.9886245727539062,3.178914388020834e-07
20260912_174204_152_paper_strict_raw_equation_seed2025_01f04b03,20,73,0.9999685287475586,2.6067097981770832e-05,5.404154459635418e-06
20260912_174204_152_paper_strict_raw_equation_seed2025_01f04b03,20,74,0.9496062596638998,0.050393422444661454,3.178914388020834e-07
20260912_174204_152_paper_strict_raw_equation_seed2025_01f04b03,20,75,0.15459442138671875,3.178914388020835e-07,0.8454052607218424
20260912_174204_152_paper_strict_raw_equation_seed2025_01f04b03,20,76,0.9998102188110352,3.1789143880208337e-07,0.00018946329752604166
20260912_174204_152_paper_strict_raw_equation_seed2025_01f04b03,20,77,0.9999961853027344,3.496805826822917e-06,3.178914388020834e-07
20260912_174204_152_paper_strict_raw_equation_seed2025_01f04b03,20,78,0.9982274373372396,3.178914388020834e-07,0.0017722447713216145
20260912_174204_152_paper_strict_raw_equation_seed2025_01f04b03,20,79,3.496805826822918e-06,0.6419213612874349,0.3580751419067383
20260912_174204_152_paper_strict_raw_equation_seed2025_01f04b03,20,80,1.2715657552083335e-06,0.999998410542806,3.1789143880208337e-07
20260912_174204_152_paper_strict_raw_equation_seed2025_01f04b03,20,81,0.9996592203776042,3.178914388020834e-07,0.00034046173095703125
20260912_174204_152_paper_strict_raw_equation_seed2025_01f04b03,20,82,3.1789143880208337e-07,2.2252400716145835e-06,0.9999974568684896
20260912_174204_152_paper_strict_raw_equation_seed2025_01f04b03,20,83,3.1789143880208337e-07,3.1789143880208335e-06,0.9999965031941732
20260912_174204_152_paper_strict_raw_equation_seed2025_01f04b03,20,84,0.9999993642171224,3.1789143880208337e-07,3.1789143880208337e-07
20260912_174204_152_paper_strict_raw_equation_seed2025_01f04b03,20,85,3.178914388020835e-07,0.8721373875935873,0.12786229451497394
20260912_174204_152_paper_strict_raw_equation_seed2025_01f04b03,20,86,0.9999993642171224,3.1789143880208337e-07,3.1789143880208337e-07
20260912_174204_152_paper_strict_raw_equation_seed2025_01f04b03,20,87,3.1789143880208337e-07,3.1789143880208337e-07,0.9999993642171224
20260912_174204_152_paper_strict_raw_equation_seed2025_01f04b03,20,88,6.357828776041667e-06,0.9998207092285156,0.00017293294270833332
20260912_174204_152_paper_strict_raw_equation_seed2025_01f04b03,20,89,4.450480143229167e-06,0.999995231628418,3.1789143880208337e-07
20260912_174204_152_paper_strict_raw_equation_seed2025_01f04b03,20,90,9.218851725260418e-06,3.1789143880208337e-07,0.9999904632568359
20260912_174204_152_paper_strict_raw_equation_seed2025_01f04b03,20,91,1.5894571940104167e-06,0.045464515686035156,0.9545338948567709
20260912_174204_152_paper_strict_raw_equation_seed2025_01f04b03,20,92,0.00014972686767578128,0.025411287943522137,0.9744389851888021
20260912_174204_152_paper_strict_raw_equation_seed2025_01f04b03,20,93,3.1789143880208337e-07,0.9999993642171224,3.1789143880208337e-07
20260912_174204_152_paper_strict_raw_equation_seed2025_01f04b03,20,94,2.2252400716145835e-06,1.5894571940104165e-06,0.9999961853027344
20260912_174204_152_paper_strict_raw_equation_seed2025_01f04b03,20,95,3.1789143880208337e-07,2.543131510416667e-06,0.9999971389770508
20260912_174204_152_paper_strict_raw_equation_seed2025_01f04b03,20,96,3.178914388020833e-06,0.999964714050293,3.2107035319010414e-05
20260912_174204_152_paper_strict_raw_equation_seed2025_01f04b03,20,97,3.1789143880208337e-07,3.1789143880208337e-07,0.9999993642171224
20260912_174204_152_paper_strict_raw_equation_seed2025_01f04b03,20,98,0.9999993642171224,3.1789143880208337e-07,3.1789143880208337e-07
20260912_174204_152_paper_strict_raw_equation_seed2025_01f04b03,20,99,3.210703531901042e-05,0.999966303507487,1.589457194010416e-06
20260912_174204_152_paper_strict_raw_equation_seed2025_01f04b03,20,100,3.1789143880208337e-07,0.9999806086222331,1.9073486328125e-05
20260912_174204_152_paper_strict_raw_equation_seed2025_01f04b03,20,101,0.9999961853027344,3.496805826822917e-06,3.178914388020834e-07
20260912_174204_152_paper_strict_raw_equation_seed2025_01f04b03,21,0,0.9999996821085613,1.5894571940104168e-07,1.5894571940104168e-07
20260912_174204_152_paper_strict_raw_equation_seed2025_01f04b03,21,1,1.5894571940104168e-07,1.5894571940104168e-07,0.9999996821085613
20260912_174204_152_paper_strict_raw_equation_seed2025_01f04b03,21,2,2.0662943522135415e-06,0.9999972979227703,6.357828776041667e-07
20260912_174204_152_paper_strict_raw_equation_seed2025_01f04b03,21,3,0.9998637835184734,0.00013446807861328128,1.7484029134114585e-06
20260912_174204_152_paper_strict_raw_equation_seed2025_01f04b03,21,4,1.637140909830729e-05,1.5894571940104168e-07,0.9999834696451824
20260912_174204_152_paper_strict_raw_equation_seed2025_01f04b03,21,5,2.2252400716145835e-06,0.9999939600626626,3.814697265625e-06
20260912_174204_152_paper_strict_raw_equation_seed2025_01f04b03,21,6,1.5894571940104168e-07,0.9999934832255046,6.357828776041667e-06
20260912_174204_152_paper_strict_raw_equation_seed2025_01f04b03,21,7,7.947285970052083e-07,0.999998410542806,7.947285970052083e-07
20260912_174204_152_paper_strict_raw_equation_seed2025_01f04b03,21,8,0.01961024602254232,0.9803889592488607,7.947285970052084e-07
20260912_174204_152_paper_strict_raw_equation_seed2025_01f04b03,21,9,0.9999990463256836,1.5894571940104168e-07,7.947285970052083e-07
20260912_174204_152_paper_strict_raw_equation_seed2025_01f04b03,21,10,0.3461284637451172,0.6538713773091634,1.5894571940104176e-07
20260912_174204_152_paper_strict_raw_equation_seed2025_01f04b03,21,11,1.5894571940104174e-07,0.5534814198811849,0.44651842117309576
20260912_174204_152_paper_strict_raw_equation_seed2025_01f04b03,21,12,7.661183675130209e-05,0.9999225934346517,7.947285970052083e-07
20260912_174204_152_paper_strict_raw_equation_seed2025_01f04b03,21,13,0.20028209686279297,0.7997177441914877,1.5894571940104176e-07
20260912_174204_152_paper_strict_raw_equation_seed2025_01f04b03,21,14,0.9999996821085613,1.5894571940104168e-07,1.5894571940104168e-07
20260912_174204_152_paper_strict_raw_equation_seed2025_01f04b03,21,15,0.9700338045756023,0.02355432510375977,0.006411870320638022
20260912_174204_152_paper_strict_raw_equation_seed2025_01f04b03,21,16,1.1126200358072917e-06,0.9999987284342449,1.5894571940104168e-07
20260912_174204_152_paper_strict_raw_equation_seed2025_01f04b03,21,17,0.9999996821085613,1.5894571940104168e-07,1.5894571940104168e-07
20260912_174204_152_paper_strict_raw_equation_seed2025_01f04b03,21,18,6.357828776041667e-07,1.5894571940104168e-07,0.9999992052714031
20260912_174204_152_paper_strict_raw_equation_seed2025_01f04b03,21,19,1.5894571940104168e-07,0.9999923706054688,7.470448811848959e-06
20260912_174204_152_paper_strict_raw_equation_seed2025_01f04b03,21,20,1.5894571940104168e-07,0.9999996821085613,1.5894571940104168e-07
20260912_174204_152_paper_strict_raw_equation_seed2025_01f04b03,21,21,0.9999949137369792,4.927317301432292e-06,1.5894571940104168e-07
20260912_174204_152_paper_strict_raw_equation_seed2025_01f04b03,21,22,0.9998931884765625,0.0001056989034016927,1.1126200358072917e-06
20260912_174204_152_paper_strict_raw_equation_seed2025_01f04b03,21,23,0.9999996821085613,1.5894571940104168e-07,1.5894571940104168e-07
20260912_174204_152_paper_strict_raw_equation_seed2025_01f04b03,21,24,0.7975516319274902,1.589457194010417e-07,0.20244820912679035
20260912_174204_152_paper_strict_raw_equation_seed2025_01f04b03,21,25,6.357828776041667e-06,0.9999918937683105,1.7484029134114583e-06
20260912_174204_152_paper_strict_raw_equation_seed2025_01f04b03,21,26,0.5684320131937664,6.357828776041671e-07,0.4315673510233561
20260912_174204_152_paper_strict_raw_equation_seed2025_01f04b03,21,27,1.112620035807292e-06,1.0967254638671877e-05,0.9999879201253256
20260912_174204_152_paper_strict_raw_equation_seed2025_01f04b03,21,28,2.384185791015625e-06,0.9999949137369792,2.702077229817708e-06
20260912_174204_152_paper_strict_raw_equation_seed2025_01f04b03,21,29,1.2715657552083335e-06,0.9998337427775064,0.00016498565673828125
20260912_174204_152_paper_strict_raw_equation_seed2025_01f04b03,21,30,1.2397766113281252e-05,1.589457194010417e-07,0.9999874432881674
20260912_174204_152_paper_strict_raw_equation_seed2025_01f04b03,21,31,0.9999585151672363,6.357828776041667e-07,4.0849049886067704e-05
20260912_174204_152_paper_strict_raw_equation_seed2025_01f04b03,21,32,1.1126200358072917e-06,1.5894571940104168e-07,0.9999987284342449
20260912_174204_152_paper_strict_raw_equation_seed2025_01f04b03,21,33,6.67572021484375e-06,4.927317301432292e-06,0.9999883969624838
20260912_174204_152_paper_strict_raw_equation_seed2025_01f04b03,21,34,3.496805826822917e-06,0.9999947547912598,1.7484029134114583e-06
20260912_174204_152_paper_strict_raw_equation_seed2025_01f04b03,21,35,0.0004952748616536459,1.589457194010417e-07,0.999504566192627
20260912_174204_152_paper_strict_raw_equation_seed2025_01f04b03,21,36,0.5325261751810709,0.46745697657267243,1.6848246256510418e-05
20260912_174204_152_paper_strict_raw_equation_seed2025_01f04b03,21,37,1.5894571940104168e-07,0.9999969800313314,2.86102294921875e-06
20260912_174204_152_paper_strict_raw_equation_seed2025_01f04b03,21,38,6.357828776041667e-07,0.9999926884969076,6.67572021484375e-06
20260912_174204_152_paper_strict_raw_equation_seed2025_01f04b03,21,39,0.00021823247273763022,3.226598103841147e-05,0.999749501546224
20260912_174204_152_paper_strict_raw_equation_seed2025_01f04b03,21,40,1.589457194010417e-07,0.9999774297078451,2.241134643554688e-05
20260912_174204_152_paper_strict_raw_equation_seed2025_01f04b03,21,41,0.9337223370869955,0.06627750396728516,1.589457194010418e-07
20260912_174204_152_paper_strict_raw_equation_seed2025_01f04b03,21,42,0.9999996821085613,1.5894571940104168e-07,1.5894571940104168e-07
20260912_174204_152_paper_strict_raw_equation_seed2025_01f04b03,21,43,1.5894571940104168e-05,0.9667606353759766,0.033223470052083336
20260912_174204_152_paper_strict_raw_equation_seed2025_01f04b03,21,44,1.5894571940104168e-07,0.9999982515970867,1.5894571940104167e-06
20260912_174204_152_paper_strict_raw_equation_seed2025_01f04b03,21,45,1.5894571940104168e-07,0.9999985694885254,1.2715657552083335e-06
20260912_174204_152_paper_strict_raw_equation_seed2025_01f04b03,21,46,7.947285970052083e-07,0.9999972979227703,1.9073486328125e-06
20260912_174204_152_paper_strict_raw_equation_seed2025_01f04b03,21,47,0.9999996821085613,1.5894571940104168e-07,1.5894571940104168e-07
20260912_174204_152_paper_strict_raw_equation_seed2025_01f04b03,21,48,4.927317301432294e-06,0.31245819727579754,0.687536875406901
20260912_174204_152_paper_strict_raw_equation_seed2025_01f04b03,21,49,1.5894571940104168e-07,0.9999996821085613,1.5894571940104168e-07
20260912_174204_152_paper_strict_raw_equation_seed2025_01f04b03,21,50,0.9989217122395834,1.5894571940104176e-07,0.0010781288146972658
20260912_174204_152_paper_strict_raw_equation_seed2025_01f04b03,21,51,1.589457194010417e-07,1.6212463378906253e-05,0.9999836285909017
20260912_174204_152_paper_strict_raw_equation_seed2025_01f04b03,21,52,1.589457194010417e-07,0.001129309336344401,0.9988705317179363
20260912_174204_152_paper_strict_raw_equation_seed2025_01f04b03,21,53,0.9999933242797852,6.516774495442709e-06,1.5894571940104168e-07
20260912_174204_152_paper_strict_raw_equation_seed2025_01f04b03,21,54,1.4623006184895836e-05,0.0001730918884277344,0.9998122851053874
20260912_174204_152_paper_strict_raw_equation_seed2025_01f04b03,21,55,4.450480143229167e-06,3.814697265625e-06,0.9999917348225912
20260912_174204_152_paper_strict_raw_equation_seed2025_01f04b03,21,56,6.198883056640625e-06,0.999993642171224,1.5894571940104168e-07
20260912_174204_152_paper_strict_raw_equation_seed2025_01f04b03,21,57,1.5894571940104174e-07,0.9963752428690593,0.003624598185221355
20260912_174204_152_paper_strict_raw_equation_seed2025_01f04b03,21,58,0.9999909400939941,1.5894571940104168e-07,8.900960286458334e-06
20260912_174204_152_paper_strict_raw_equation_seed2025_01f04b03,21,59,0.9915199279785156,0.008478323618570963,1.7484029134114583e-06
20260912_174204_152_paper_strict_raw_equation_seed2025_01f04b03,21,60,1.589457194010417e-07,0.00012763341267903647,0.9998722076416016
20260912_174204_152_paper_strict_raw_equation_seed2025_01f04b03,21,61,1.5894571940104174e-07,0.03242142995198568,0.9675784111022949
20260912_174204_152_paper_strict_raw_equation_seed2025_01f04b03,21,62,0.9749083518981934,0.025091489156087242,1.5894571940104174e-07
20260912_174204_152_paper_strict_raw_equation_seed2025_01f04b03,21,63,0.0017348925272623699,1.5894571940104174e-07,0.9982649485270183
20260912_174204_152_paper_strict_raw_equation_seed2025_01f04b03,21,64,1.5894571940104168e-07,7.947285970052083e-07,0.9999990463256836
20260912_174204_152_paper_strict_raw_equation_seed2025_01f04b03,21,65,0.9999985694885254,1.2715657552083335e-06,1.5894571940104168e-07
20260912_174204_152_paper_strict_raw_equation_seed2025_01f04b03,21,66,0.9999990463256836,1.5894571940104168e-07,7.947285970052083e-07
20260912_174204_152_paper_strict_raw_equation_seed2025_01f04b03,21,67,0.768048922220866,1.6212463378906257e-05,0.23193486531575522
20260912_174204_152_paper_strict_raw_equation_seed2025_01f04b03,21,68,3.131230672200521e-05,0.9999685287475586,1.589457194010417e-07
20260912_174204_152_paper_strict_raw_equation_seed2025_01f04b03,21,69,1.732508341471354e-05,1.5894571940104168e-07,0.999982515970866
20260912_174204_152_paper_strict_raw_equation_seed2025_01f04b03,21,70,1.112620035807292e-05,1.589457194010417e-07,0.9999887148539226
20260912_174204_152_paper_strict_raw_equation_seed2025_01f04b03,21,71,0.007654666900634766,1.5894571940104174e-07,0.9923451741536459
20260912_174204_152_paper_strict_raw_equation_seed2025_01f04b03,21,72,0.13068755467732748,0.8693122863769531,1.589457194010417e-07
20260912_174204_152_paper_strict_raw_equation_seed2025_01f04b03,21,73,0.9999842643737793,1.3033548990885416e-05,2.702077229817709e-06
20260912_174204_152_paper_strict_raw_equation_seed2025_01f04b03,21,74,0.9748031298319499,0.025196711222330727,1.589457194010417e-07
20260912_174204_152_paper_strict_raw_equation_seed2025_01f04b03,21,75,0.2022972106933594,1.5894571940104176e-07,0.7977026303609213
20260912_174204_152_paper_strict_raw_equation_seed2025_01f04b03,21,76,0.9999051094055176,1.5894571940104168e-07,9.473164876302083e-05
20260912_174204_152_paper_strict_raw_equation_seed2025_01f04b03,21,77,0.9999980926513672,1.7484029134114585e-06,1.589457194010417e-07
20260912_174204_152_paper_strict_raw_equation_seed2025_01f04b03,21,78,0.9991137186686199,1.589457194010417e-07,0.0008861223856608073
20260912_174204_152_paper_strict_raw_equation_seed2025_01f04b03,21,79,1.748402913411459e-06,0.8209606806437175,0.17903757095336914
20260912_174204_152_paper_strict_raw_equation_seed2025_01f04b03,21,80,6.357828776041667e-07,0.9999992052714031,1.5894571940104168e-07
20260912_174204_152_paper_strict_raw_equation_seed2025_01f04b03,21,81,0.9998296101888021,1.589457194010417e-07,0.00017023086547851562
20260912_174204_152_paper_strict_raw_equation_seed2025_01f04b03,21,82,1.5894571940104168e-07,1.1126200358072917e-06,0.9999987284342449
20260912_174204_152_paper_strict_raw_equation_seed2025_01f04b03,21,83,1.5894571940104168e-07,1.5894571940104167e-06,0.9999982515970867
20260912_174204_152_paper_strict_raw_equation_seed2025_01f04b03,21,84,0.9999996821085613,1.5894571940104168e-07,1.5894571940104168e-07
20260912_174204_152_paper_strict_raw_equation_seed2025_01f04b03,21,85,1.5894571940104174e-07,0.9360686937967937,0.06393114725748697
20260912_174204_152_paper_strict_raw_equation_seed2025_01f04b03,21,86,0.9999996821085613,1.5894571940104168e-07,1.5894571940104168e-07
20260912_174204_152_paper_strict_raw_equation_seed2025_01f04b03,21,87,1.5894571940104168e-07,1.5894571940104168e-07,0.9999996821085613
20260912_174204_152_paper_strict_raw_equation_seed2025_01f04b03,21,88,3.1789143880208335e-06,0.9999103546142578,8.646647135416666e-05
20260912_174204_152_paper_strict_raw_equation_seed2025_01f04b03,21,89,2.2252400716145835e-06,0.999997615814209,1.5894571940104168e-07
20260912_174204_152_paper_strict_raw_equation_seed2025_01f04b03,21,90,4.609425862630209e-06,1.5894571940104168e-07,0.999995231628418
20260912_174204_152_paper_strict_raw_equation_seed2025_01f04b03,21,91,7.947285970052084e-07,0.022732257843017578,0.9772669474283855
20260912_174204_152_paper_strict_raw_equation_seed2025_01f04b03,21,92,7.486343383789064e-05,0.012705643971761068,0.9872194925944011
20260912_174204_152_paper_strict_raw_equation_seed2025_01f04b03,21,93,1.5894571940104168e-07,0.9999996821085613,1.5894571940104168e-07
20260912_174204_152_paper_strict_raw_equation_seed2025_01f04b03,21,94,1.1126200358072917e-06,7.947285970052083e-07,0.9999980926513672
20260912_174204_152_paper_strict_raw_equation_seed2025_01f04b03,21,95,1.5894571940104168e-07,1.2715657552083335e-06,0.9999985694885254
20260912_174204_152_paper_strict_raw_equation_seed2025_01f04b03,21,96,1.5894571940104165e-06,0.9999823570251465,1.6053517659505207e-05
20260912_174204_152_paper_strict_raw_equation_seed2025_01f04b03,21,97,1.5894571940104168e-07,1.5894571940104168e-07,0.9999996821085613
20260912_174204_152_paper_strict_raw_equation_seed2025_01f04b03,21,98,0.9999996821085613,1.5894571940104168e-07,1.5894571940104168e-07
20260912_174204_152_paper_strict_raw_equation_seed2025_01f04b03,21,99,1.605351765950521e-05,0.9999831517537435,7.94728597005208e-07
20260912_174204_152_paper_strict_raw_equation_seed2025_01f04b03,21,100,1.5894571940104168e-07,0.9999903043111166,9.5367431640625e-06
20260912_174204_152_paper_strict_raw_equation_seed2025_01f04b03,21,101,0.9999980926513672,1.7484029134114585e-06,1.589457194010417e-07
20260912_174204_152_paper_strict_raw_equation_seed2025_01f04b03,22,0,0.9999998410542806,7.947285970052084e-08,7.947285970052084e-08
20260912_174204_152_paper_strict_raw_equation_seed2025_01f04b03,22,1,7.947285970052084e-08,7.947285970052084e-08,0.9999998410542806
20260912_174204_152_paper_strict_raw_equation_seed2025_01f04b03,22,2,1.0331471761067708e-06,0.9999986489613851,3.1789143880208337e-07
20260912_174204_152_paper_strict_raw_equation_seed2025_01f04b03,22,3,0.9999318917592367,6.723403930664064e-05,8.742014567057292e-07
20260912_174204_152_paper_strict_raw_equation_seed2025_01f04b03,22,4,8.185704549153645e-06,7.947285970052084e-08,0.9999917348225912
20260912_174204_152_paper_strict_raw_equation_seed2025_01f04b03,22,5,1.112620035807292e-06,0.9999969800313314,1.9073486328125004e-06
20260912_174204_152_paper_strict_raw_equation_seed2025_01f04b03,22,6,7.947285970052084e-08,0.9999967416127523,3.1789143880208335e-06
20260912_174204_152_paper_strict_raw_equation_seed2025_01f04b03,22,7,3.9736429850260413e-07,0.9999992052714031,3.9736429850260413e-07
20260912_174204_152_paper_strict_raw_equation_seed2025_01f04b03,22,8,0.00980512301127116,0.9901944796244304,3.973642985026042e-07
20260912_174204_152_paper_strict_raw_equation_seed2025_01f04b03,22,9,0.9999995231628418,7.947285970052084e-08,3.9736429850260413e-07
20260912_174204_152_paper_strict_raw_equation_seed2025_01f04b03,22,10,0.2980642318725586,0.7019356886545818,7.947285970052088e-08
20260912_174204_152_paper_strict_raw_equation_seed2025_01f04b03,22,11,7.947285970052087e-08,0.5267407099405925,0.47325921058654785
20260912_174204_152_paper_strict_raw_equation_seed2025_01f04b03,22,12,3.8305918375651046e-05,0.9999612967173259,3.9736429850260413e-07
20260912_174204_152_paper_strict_raw_equation_seed2025_01f04b03,22,13,0.22514104843139648,0.7748588720957439,7.947285970052088e-08
20260912_174204_152_paper_strict_raw_equation_seed2025_01f04b03,22,14,0.9999998410542806,7.947285970052084e-08,7.947285970052084e-08
20260912_174204_152_paper_strict_raw_equation_seed2025_01f04b03,22,15,0.9850169022878011,0.011777162551879885,0.003205935160319011
20260912_174204_152_paper_strict_raw_equation_seed2025_01f04b03,22,16,5.563100179036459e-07,0.9999993642171224,7.947285970052084e-08
20260912_174204_152_paper_strict_raw_equation_seed2025_01f04b03,22,17,0.9999998410542806,7.947285970052084e-08,7.947285970052084e-08
20260912_174204_152_paper_strict_raw_equation_seed2025_01f04b03,22,18,3.1789143880208337e-07,7.947285970052084e-08,0.9999996026357015
20260912_174204_152_paper_strict_raw_equation_seed2025_01f04b03,22,19,7.947285970052084e-08,0.9999961853027344,3.7352244059244794e-06
20260912_174204_152_paper_strict_raw_equation_seed2025_01f04b03,22,20,7.947285970052084e-08,0.9999998410542806,7.947285970052084e-08
20260912_174204_152_paper_strict_raw_equation_seed2025_01f04b03,22,21,0.9999974568684896,2.463658650716146e-06,7.947285970052084e-08
20260912_174204_152_paper_strict_raw_equation_seed2025_01f04b03,22,22,0.9999465942382812,5.284945170084635e-05,5.563100179036459e-07
20260912_174204_152_paper_strict_raw_equation_seed2025_01f04b03,22,23,0.9999998410542806,7.947285970052084e-08,7.947285970052084e-08
20260912_174204_152_paper_strict_raw_equation_seed2025_01f04b03,22,24,0.8987758159637451,7.947285970052086e-08,0.10122410456339517
20260912_174204_152_paper_strict_raw_equation_seed2025_01f04b03,22,25,3.1789143880208335e-06,0.9999959468841553,8.742014567057291e-07
20260912_174204_152_paper_strict_raw_equation_seed2025_01f04b03,22,26,0.5342160065968832,3.1789143880208353e-07,0.46578367551167804
20260912_174204_152_paper_strict_raw_equation_seed2025_01f04b03,22,27,5.56310017903646e-07,5.483627319335938e-06,0.9999939600626628
20260912_174204_152_paper_strict_raw_equation_seed2025_01f04b03,22,28,1.1920928955078125e-06,0.9999974568684896,1.351038614908854e-06
20260912_174204_152_paper_strict_raw_equation_seed2025_01f04b03,22,29,6.357828776041668e-07,0.9999168713887533,8.249282836914064e-05
20260912_174204_152_paper_strict_raw_equation_seed2025_01f04b03,22,30,6.198883056640626e-06,7.947285970052086e-08,0.9999937216440837
20260912_174204_152_paper_strict_raw_equation_seed2025_01f04b03,22,31,0.9999792575836182,3.1789143880208337e-07,2.0424524943033852e-05
20260912_174204_152_paper_strict_raw_equation_seed2025_01f04b03,22,32,5.563100179036459e-07,7.947285970052084e-08,0.9999993642171224
20260912_174204_152_paper_strict_raw_equation_seed2025_01f04b03,22,33,3.337860107421875e-06,2.463658650716146e-06,0.9999941984812419
20260912_174204_152_paper_strict_raw_equation_seed2025_01f04b03,22,34,1.7484029134114585e-06,0.9999973773956299,8.742014567057291e-07
20260912_174204_152_paper_strict_raw_equation_seed2025_01f04b03,22,35,0.00024763743082682293,7.947285970052086e-08,0.9997522830963135
20260912_174204_152_paper_strict_raw_equation_seed2025_01f04b03,22,36,0.5162630875905355,0.48372848828633624,8.42412312825521e-06
20260912_174204_152_paper_strict_raw_equation_seed2025_01f04b03,22,37,7.947285970052084e-08,0.9999984900156658,1.430511474609375e-06
20260912_174204_152_paper_strict_raw_equation_seed2025_01f04b03,22,38,3.1789143880208337e-07,0.9999963442484539,3.337860107421875e-06
20260912_174204_152_paper_strict_raw_equation_seed2025_01f04b03,22,39,0.00010911623636881511,1.6132990519205734e-05,0.999874750773112
20260912_174204_152_paper_strict_raw_equation_seed2025_01f04b03,22,40,7.947285970052084e-08,0.9999887148539224,1.1205673217773438e-05
20260912_174204_152_paper_strict_raw_equation_seed2025_01f04b03,22,41,0.8418611685434978,0.15813875198364258,7.94728597005209e-08
20260912_174204_152_paper_strict_raw_equation_seed2025_01f04b03,22,42,0.9999998410542806,7.947285970052084e-08,7.947285970052084e-08
20260912_174204_152_paper_strict_raw_equation_seed2025_01f04b03,22,43,7.947285970052084e-06,0.9833803176879883,0.016611735026041668
20260912_174204_152_paper_strict_raw_equation_seed2025_01f04b03,22,44,7.947285970052084e-08,0.9999991257985433,7.947285970052084e-07
20260912_174204_152_paper_strict_raw_equation_seed2025_01f04b03,22,45,7.947285970052084e-08,0.9999992847442627,6.357828776041667e-07
20260912_174204_152_paper_strict_raw_equation_seed2025_01f04b03,22,46,3.9736429850260413e-07,0.9999986489613851,9.5367431640625e-07
20260912_174204_152_paper_strict_raw_equation_seed2025_01f04b03,22,47,0.9999998410542806,7.947285970052084e-08,7.947285970052084e-08
20260912_174204_152_paper_strict_raw_equation_seed2025_01f04b03,22,48,2.463658650716147e-06,0.4062290986378988,0.5937684377034504
20260912_174204_152_paper_strict_raw_equation_seed2025_01f04b03,22,49,7.947285970052084e-08,0.9999998410542806,7.947285970052084e-08
20260912_174204_152_paper_strict_raw_equation_seed2025_01f04b03,22,50,0.9994608561197915,7.947285970052087e-08,0.0005390644073486328
20260912_174204_152_paper_strict_raw_equation_seed2025_01f04b03,22,51,7.947285970052086e-08,8.106231689453127e-06,0.9999918142954509
20260912_174204_152_paper_strict_raw_equation_seed2025_01f04b03,22,52,7.947285970052086e-08,0.0005646546681722004,0.9994352658589681
20260912_174204_152_paper_strict_raw_equation_seed2025_01f04b03,22,53,0.9999966621398926,3.2583872477213544e-06,7.947285970052084e-08
20260912_174204_152_paper_strict_raw_equation_seed2025_01f04b03,22,54,7.311503092447918e-06,8.65459442138672e-05,0.9999061425526937
20260912_174204_152_paper_strict_raw_equation_seed2025_01f04b03,22,55,2.2252400716145835e-06,1.9073486328125e-06,0.9999958674112956
20260912_174204_152_paper_strict_raw_equation_seed2025_01f04b03,22,56,3.0994415283203125e-06,0.999996821085612,7.947285970052084e-08
20260912_174204_152_paper_strict_raw_equation_seed2025_01f04b03,22,57,7.947285970052087e-08,0.9981876214345297,0.0018122990926106774
20260912_174204_152_paper_strict_raw_equation_seed2025_01f04b03,22,58,0.9999954700469971,7.947285970052084e-08,4.450480143229167e-06
20260912_174204_152_paper_strict_raw_equation_seed2025_01f04b03,22,59,0.9957599639892578,0.0042391618092854815,8.742014567057291e-07
20260912_174204_152_paper_strict_raw_equation_seed2025_01f04b03,22,60,7.947285970052086e-08,6.381670633951823e-05,0.9999361038208008
20260912_174204_152_paper_strict_raw_equation_seed2025_01f04b03,22,61,7.947285970052087e-08,0.01621071497599284,0.9837892055511475
20260912_174204_152_paper_strict_raw_equation_seed2025_01f04b03,22,62,0.9874541759490967,0.012545744578043621,7.947285970052087e-08
20260912_174204_152_paper_strict_raw_equation_seed2025_01f04b03,22,63,0.0008674462636311849,7.947285970052087e-08,0.9991324742635092
20260912_174204_152_paper_strict_raw_equation_seed2025_01f04b03,22,64,7.947285970052084e-08,3.9736429850260413e-07,0.9999995231628418
20260912_174204_152_paper_strict_raw_equation_seed2025_01f04b03,22,65,0.9999992847442627,6.357828776041667e-07,7.947285970052084e-08
20260912_174204_152_paper_strict_raw_equation_seed2025_01f04b03,22,66,0.9999995231628418,7.947285970052084e-08,3.9736429850260413e-07
20260912_174204_152_paper_strict_raw_equation_seed2025_01f04b03,22,67,0.759024461110433,8.106231689453128e-06,0.24096743265787762
20260912_174204_152_paper_strict_raw_equation_seed2025_01f04b03,22,68,1.5656153361002605e-05,0.9999842643737793,7.947285970052086e-08
20260912_174204_152_paper_strict_raw_equation_seed2025_01f04b03,22,69,8.66254170735677e-06,7.947285970052084e-08,0.999991257985433
20260912_174204_152_paper_strict_raw_equation_seed2025_01f04b03,22,70,5.56310017903646e-06,7.947285970052086e-08,0.9999943574269613
20260912_174204_152_paper_strict_raw_equation_seed2025_01f04b03,22,71,0.003827333450317383,7.947285970052087e-08,0.996172587076823
20260912_174204_152_paper_strict_raw_equation_seed2025_01f04b03,22,72,0.06534377733866374,0.9346561431884766,7.947285970052086e-08
20260912_174204_152_paper_strict_raw_equation_seed2025_01f04b03,22,73,0.9999921321868896,6.516774495442708e-06,1.3510386149088544e-06
20260912_174204_152_paper_strict_raw_equation_seed2025_01f04b03,22,74,0.987401564915975,0.012598355611165363,7.947285970052086e-08
20260912_174204_152_paper_strict_raw_equation_seed2025_01f04b03,22,75,0.3511486053466797,7.947285970052088e-08,0.6488513151804607
20260912_174204_152_paper_strict_raw_equation_seed2025_01f04b03,22,76,0.9999525547027588,7.947285970052084e-08,4.7365824381510414e-05
20260912_174204_152_paper_strict_raw_equation_seed2025_01f04b03,22,77,0.9999990463256836,8.742014567057292e-07,7.947285970052086e-08
20260912_174204_152_paper_strict_raw_equation_seed2025_01f04b03,22,78,0.9995568593343099,7.947285970052086e-08,0.00044306119283040363
20260912_174204_152_paper_strict_raw_equation_seed2025_01f04b03,22,79,8.742014567057294e-07,0.6604803403218588,0.33951878547668457
20260912_174204_152_paper_strict_raw_equation_seed2025_01f04b03,22,80,3.1789143880208337e-07,0.9999996026357015,7.947285970052084e-08
20260912_174204_152_paper_strict_raw_equation_seed2025_01f04b03,22,81,0.9999148050944011,7.947285970052086e-08,8.511543273925781e-05
20260912_174204_152_paper_strict_raw_equation_seed2025_01f04b03,22,82,7.947285970052084e-08,5.563100179036459e-07,0.9999993642171224
20260912_174204_152_paper_strict_raw_equation_seed2025_01f04b03,22,83,7.947285970052084e-08,7.947285970052084e-07,0.9999991257985433
20260912_174204_152_paper_strict_raw_equation_seed2025_01f04b03,22,84,0.9999998410542806,7.947285970052084e-08,7.947285970052084e-08
20260912_174204_152_paper_strict_raw_equation_seed2025_01f04b03,22,85,7.947285970052087e-08,0.9680343468983968,0.031965573628743485
20260912_174204_152_paper_strict_raw_equation_seed2025_01f04b03,22,86,0.9999998410542806,7.947285970052084e-08,7.947285970052084e-08
20260912_174204_152_paper_strict_raw_equation_seed2025_01f04b03,22,87,7.947285970052084e-08,7.947285970052084e-08,0.9999998410542806
20260912_174204_152_paper_strict_raw_equation_seed2025_01f04b03,22,88,1.5894571940104167e-06,0.9999551773071289,4.323323567708333e-05
20260912_174204_152_paper_strict_raw_equation_seed2025_01f04b03,22,89,1.1126200358072917e-06,0.9999988079071045,7.947285970052084e-08
20260912_174204_152_paper_strict_raw_equation_seed2025_01f04b03,22,90,2.3047129313151044e-06,7.947285970052084e-08,0.999997615814209
20260912_174204_152_paper_strict_raw_equation_seed2025_01f04b03,22,91,3.973642985026042e-07,0.011366128921508789,0.9886334737141927
20260912_174204_152_paper_strict_raw_equation_seed2025_01f04b03,22,92,3.743171691894532e-05,0.006352821985880534,0.9936097462972006
20260912_174204_152_paper_strict_raw_equation_seed2025_01f04b03,22,93,7.947285970052084e-08,0.9999998410542806,7.947285970052084e-08
20260912_174204_152_paper_strict_raw_equation_seed2025_01f04b03,22,94,5.563100179036459e-07,3.9736429850260413e-07,0.9999990463256836
20260912_174204_152_paper_strict_raw_equation_seed2025_01f04b03,22,95,7.947285970052084e-08,6.357828776041667e-07,0.9999992847442627
20260912_174204_152_paper_strict_raw_equation_seed2025_01f04b03,22,96,7.947285970052083e-07,0.9999911785125732,8.026758829752604e-06
20260912_174204_152_paper_strict_raw_equation_seed2025_01f04b03,22,97,7.947285970052084e-08,7.947285970052084e-08,0.9999998410542806
20260912_174204_152_paper_strict_raw_equation_seed2025_01f04b03,22,98,0.9999998410542806,7.947285970052084e-08,7.947285970052084e-08
20260912_174204_152_paper_strict_raw_equation_seed2025_01f04b03,22,99,8.026758829752605e-06,0.9999915758768718,3.97364298502604e-07
20260912_174204_152_paper_strict_raw_equation_seed2025_01f04b03,22,100,7.947285970052084e-08,0.9999951521555583,4.76837158203125e-06
20260912_174204_152_paper_strict_raw_equation_seed2025_01f04b03,22,101,0.9999990463256836,8.742014567057292e-07,7.947285970052086e-08
20260912_174204_152_paper_strict_raw_equation_seed2025_01f04b03,23,0,0.9999999205271404,3.973642985026042e-08,3.973642985026042e-08
20260912_174204_152_paper_strict_raw_equation_seed2025_01f04b03,23,1,3.973642985026042e-08,3.973642985026042e-08,0.9999999205271404
20260912_174204_152_paper_strict_raw_equation_seed2025_01f04b03,23,2,5.165735880533854e-07,0.9999993244806926,1.5894571940104168e-07
20260912_174204_152_paper_strict_raw_equation_seed2025_01f04b03,23,3,0.9999659458796184,3.361701965332032e-05,4.371007283528646e-07
20260912_174204_152_paper_strict_raw_equation_seed2025_01f04b03,23,4,4.092852274576822e-06,3.973642985026042e-08,0.9999958674112956
20260912_174204_152_paper_strict_raw_equation_seed2025_01f04b03,23,5,5.563100179036459e-07,0.9999984900156655,9.5367431640625e-07
20260912_174204_152_paper_strict_raw_equation_seed2025_01f04b03,23,6,3.973642985026042e-08,0.9999983708063762,1.5894571940104167e-06
20260912_174204_152_paper_strict_raw_equation_seed2025_01f04b03,23,7,1.9868214925130207e-07,0.9999996026357015,1.9868214925130207e-07
20260912_174204_152_paper_strict_raw_equation_seed2025_01f04b03,23,8,0.00490256150563558,0.9950972398122152,1.986821492513021e-07
20260912_174204_152_paper_strict_raw_equation_seed2025_01f04b03,23,9,0.9999997615814209,3.973642985026042e-08,1.9868214925130207e-07
20260912_174204_152_paper_strict_raw_equation_seed2025_01f04b03,23,10,0.2740321159362793,0.7259678443272909,3.973642985026044e-08
20260912_174204_152_paper_strict_raw_equation_seed2025_01f04b03,23,11,3.9736429850260434e-08,0.6383703549702963,0.3616296052932739
20260912_174204_152_paper_strict_raw_equation_seed2025_01f04b03,23,12,1.9152959187825523e-05,0.999980648358663,1.9868214925130207e-07
20260912_174204_152_paper_strict_raw_equation_seed2025_01f04b03,23,13,0.11257052421569824,0.887429436047872,3.973642985026044e-08
20260912_174204_152_paper_strict_raw_equation_seed2025_01f04b03,23,14,0.9999999205271404,3.973642985026042e-08,3.973642985026042e-08
20260912_174204_152_paper_strict_raw_equation_seed2025_01f04b03,23,15,0.8675084511439006,0.13088858127593994,0.0016029675801595056
20260912_174204_152_paper_strict_raw_equation_seed2025_01f04b03,23,16,2.7815500895182293e-07,0.9999996821085613,3.973642985026042e-08
20260912_174204_152_paper_strict_raw_equation_seed2025_01f04b03,23,17,0.9999999205271404,3.973642985026042e-08,3.973642985026042e-08
20260912_174204_152_paper_strict_raw_equation_seed2025_01f04b03,23,18,1.5894571940104168e-07,3.973642985026042e-08,0.9999998013178508
20260912_174204_152_paper_strict_raw_equation_seed2025_01f04b03,23,19,3.973642985026042e-08,0.9999980926513672,1.8676122029622397e-06
20260912_174204_152_paper_strict_raw_equation_seed2025_01f04b03,23,20,3.973642985026042e-08,0.9999999205271404,3.973642985026042e-08
20260912_174204_152_paper_strict_raw_equation_seed2025_01f04b03,23,21,0.9999987284342449,1.231829325358073e-06,3.973642985026042e-08
20260912_174204_152_paper_strict_raw_equation_seed2025_01f04b03,23,22,0.9999732971191406,2.6424725850423176e-05,2.7815500895182293e-07
20260912_174204_152_paper_strict_raw_equation_seed2025_01f04b03,23,23,0.9999999205271404,3.973642985026042e-08,3.973642985026042e-08
20260912_174204_152_paper_strict_raw_equation_seed2025_01f04b03,23,24,0.9493879079818726,3.973642985026043e-08,0.050612052281697587
20260912_174204_152_paper_strict_raw_equation_seed2025_01f04b03,23,25,1.5894571940104167e-06,0.9999979734420776,4.3710072835286457e-07
20260912_174204_152_paper_strict_raw_equation_seed2025_01f04b03,23,26,0.5171080032984416,1.5894571940104176e-07,0.482891837755839
20260912_174204_152_paper_strict_raw_equation_seed2025_01f04b03,23,27,2.78155008951823e-07,2.741813659667969e-06,0.9999969800313314
20260912_174204_152_paper_strict_raw_equation_seed2025_01f04b03,23,28,5.960464477539062e-07,0.9999987284342449,6.75519307454427e-07
20260912_174204_152_paper_strict_raw_equation_seed2025_01f04b03,23,29,3.1789143880208337e-07,0.9999584356943765,4.124641418457031e-05
20260912_174204_152_paper_strict_raw_equation_seed2025_01f04b03,23,30,3.099441528320313e-06,3.973642985026043e-08,0.9999968608220419
20260912_174204_152_paper_strict_raw_equation_seed2025_01f04b03,23,31,0.9999896287918091,1.5894571940104168e-07,1.0212262471516926e-05
20260912_174204_152_paper_strict_raw_equation_seed2025_01f04b03,23,32,2.7815500895182293e-07,3.973642985026042e-08,0.9999996821085613
20260912_174204_152_paper_strict_raw_equation_seed2025_01f04b03,23,33,1.6689300537109375e-06,1.231829325358073e-06,0.999997099240621
20260912_174204_152_paper_strict_raw_equation_seed2025_01f04b03,23,34,8.742014567057292e-07,0.9999986886978149,4.3710072835286457e-07
20260912_174204_152_paper_strict_raw_equation_seed2025_01f04b03,23,35,0.00012381871541341147,3.973642985026043e-08,0.9998761415481567
20260912_174204_152_paper_strict_raw_equation_seed2025_01f04b03,23,36,0.3831315437952678,0.6168642441431682,4.212061564127606e-06
20260912_174204_152_paper_strict_raw_equation_seed2025_01f04b03,23,37,3.973642985026042e-08,0.9999992450078329,7.152557373046875e-07
20260912_174204_152_paper_strict_raw_equation_seed2025_01f04b03,23,38,1.5894571940104168e-07,0.9999981721242269,1.6689300537109375e-06
20260912_174204_152_paper_strict_raw_equation_seed2025_01f04b03,23,39,5.4558118184407554e-05,8.066495259602867e-06,0.999937375386556
20260912_174204_152_paper_strict_raw_equation_seed2025_01f04b03,23,40,3.973642985026043e-08,0.9999943574269613,5.60283660888672e-06
20260912_174204_152_paper_strict_raw_equation_seed2025_01f04b03,23,41,0.7959305842717489,0.2040693759918213,3.973642985026045e-08
20260912_174204_152_paper_strict_raw_equation_seed2025_01f04b03,23,42,0.9999999205271404,3.973642985026042e-08,3.973642985026042e-08
20260912_174204_152_paper_strict_raw_equation_seed2025_01f04b03,23,43,3.973642985026042e-06,0.9916901588439941,0.008305867513020834
20260912_174204_152_paper_strict_raw_equation_seed2025_01f04b03,23,44,3.973642985026042e-08,0.9999995628992717,3.973642985026042e-07
20260912_174204_152_paper_strict_raw_equation_seed2025_01f04b03,23,45,3.973642985026042e-08,0.9999996423721313,3.1789143880208337e-07
20260912_174204_152_paper_strict_raw_equation_seed2025_01f04b03,23,46,1.9868214925130207e-07,0.9999993244806926,4.76837158203125e-07
20260912_174204_152_paper_strict_raw_equation_seed2025_01f04b03,23,47,0.9999999205271404,3.973642985026042e-08,3.973642985026042e-08
20260912_174204_152_paper_strict_raw_equation_seed2025_01f04b03,23,48,1.2318293253580734e-06,0.3281145493189494,0.6718842188517252
20260912_174204_152_paper_strict_raw_equation_seed2025_01f04b03,23,49,3.973642985026042e-08,0.9999999205271404,3.973642985026042e-08
20260912_174204_152_paper_strict_raw_equation_seed2025_01f04b03,23,50,0.9997304280598959,3.973642985026044e-08,0.00026953220367431646
20260912_174204_152_paper_strict_raw_equation_seed2025_01f04b03,23,51,3.973642985026043e-08,4.053115844726563e-06,0.9999959071477255
20260912_174204_152_paper_strict_raw_equation_seed2025_01f04b03,23,52,3.973642985026043e-08,0.0002823273340861002,0.9997176329294841
20260912_174204_152_paper_strict_raw_equation_seed2025_01f04b03,23,53,0.9999983310699463,1.6291936238606772e-06,3.973642985026042e-08
20260912_174204_152_paper_strict_raw_equation_seed2025_01f04b03,23,54,3.655751546223959e-06,4.32729721069336e-05,0.9999530712763469
20260912_174204_152_paper_strict_raw_equation_seed2025_01f04b03,23,55,1.1126200358072917e-06,9.5367431640625e-07,0.9999979337056478
20260912_174204_152_paper_strict_raw_equation_seed2025_01f04b03,23,56,1.5497207641601562e-06,0.999998410542806,3.973642985026042e-08
20260912_174204_152_paper_strict_raw_equation_seed2025_01f04b03,23,57,3.9736429850260434e-08,0.9990938107172649,0.0009061495463053387
20260912_174204_152_paper_strict_raw_equation_seed2025_01f04b03,23,58,0.9999977350234985,3.973642985026042e-08,2.2252400716145835e-06
20260912_174204_152_paper_strict_raw_equation_seed2025_01f04b03,23,59,0.9978799819946289,0.0021195809046427407,4.3710072835286457e-07
20260912_174204_152_paper_strict_raw_equation_seed2025_01f04b03,23,60,3.973642985026043e-08,3.190835316975912e-05,0.9999680519104004
20260912_174204_152_paper_strict_raw_equation_seed2025_01f04b03,23,61,3.9736429850260434e-08,0.00810535748799642,0.9918946027755737
20260912_174204_152_paper_strict_raw_equation_seed2025_01f04b03,23,62,0.9937270879745483,0.0062728722890218105,3.9736429850260434e-08
20260912_174204_152_paper_strict_raw_equation_seed2025_01f04b03,23,63,0.00043372313181559247,3.9736429850260434e-08,0.9995662371317546
20260912_174204_152_paper_strict_raw_equation_seed2025_01f04b03,23,64,3.973642985026042e-08,1.9868214925130207e-07,0.9999997615814209
20260912_174204_152_paper_strict_raw_equation_seed2025_01f04b03,23,65,0.9999996423721313,3.1789143880208337e-07,3.973642985026042e-08
20260912_174204_152_paper_strict_raw_equation_seed2025_01f04b03,23,66,0.9999997615814209,3.973642985026042e-08,1.9868214925130207e-07
20260912_174204_152_paper_strict_raw_equation_seed2025_01f04b03,23,67,0.8795122305552165,4.053115844726564e-06,0.12048371632893881
20260912_174204_152_paper_strict_raw_equation_seed2025_01f04b03,23,68,7.828076680501303e-06,0.9999921321868896,3.973642985026043e-08
20260912_174204_152_paper_strict_raw_equation_seed2025_01f04b03,23,69,4.331270853678385e-06,3.973642985026042e-08,0.9999956289927165
20260912_174204_152_paper_strict_raw_equation_seed2025_01f04b03,23,70,2.78155008951823e-06,3.973642985026043e-08,0.9999971787134807
20260912_174204_152_paper_strict_raw_equation_seed2025_01f04b03,23,71,0.0019136667251586914,3.9736429850260434e-08,0.9980862935384115
20260912_174204_152_paper_strict_raw_equation_seed2025_01f04b03,23,72,0.03267188866933187,0.9673280715942383,3.973642985026043e-08
20260912_174204_152_paper_strict_raw_equation_seed2025_01f04b03,23,73,0.9999960660934448,3.258387247721354e-06,6.755193074544272e-07
20260912_174204_152_paper_strict_raw_equation_seed2025_01f04b03,23,74,0.9937007824579875,0.006299177805582682,3.973642985026043e-08
20260912_174204_152_paper_strict_raw_equation_seed2025_01f04b03,23,75,0.42557430267333984,3.973642985026044e-08,0.5744256575902303
20260912_174204_152_paper_strict_raw_equation_seed2025_01f04b03,23,76,0.9999762773513794,3.973642985026042e-08,2.3682912190755207e-05
20260912_174204_152_paper_strict_raw_equation_seed2025_01f04b03,23,77,0.9999995231628418,4.371007283528646e-07,3.973642985026043e-08
20260912_174204_152_paper_strict_raw_equation_seed2025_01f04b03,23,78,0.999778429667155,3.973642985026043e-08,0.00022153059641520181
20260912_174204_152_paper_strict_raw_equation_seed2025_01f04b03,23,79,4.371007283528647e-07,0.7052401701609294,0.2947593927383423
20260912_174204_152_paper_strict_raw_equation_seed2025_01f04b03,23,80,1.5894571940104168e-07,0.9999998013178508,3.973642985026042e-08
20260912_174204_152_paper_strict_raw_equation_seed2025_01f04b03,23,81,0.9999574025472006,3.973642985026043e-08,4.2557716369628906e-05
20260912_174204_152_paper_strict_raw_equation_seed2025_01f04b03,23,82,3.973642985026042e-08,2.7815500895182293e-07,0.9999996821085613
20260912_174204_152_paper_strict_raw_equation_seed2025_01f04b03,23,83,3.973642985026042e-08,3.973642985026042e-07,0.9999995628992717
20260912_174204_152_paper_strict_raw_equation_seed2025_01f04b03,23,84,0.9999999205271404,3.973642985026042e-08,3.973642985026042e-08
20260912_174204_152_paper_strict_raw_equation_seed2025_01f04b03,23,85,3.9736429850260434e-08,0.9840171734491985,0.015982786814371742
20260912_174204_152_paper_strict_raw_equation_seed2025_01f04b03,23,86,0.9999999205271404,3.973642985026042e-08,3.973642985026042e-08
20260912_174204_152_paper_strict_raw_equation_seed2025_01f04b03,23,87,3.973642985026042e-08,3.973642985026042e-08,0.9999999205271404
20260912_174204_152_paper_strict_raw_equation_seed2025_01f04b03,23,88,7.947285970052084e-07,0.9999775886535645,2.1616617838541664e-05
20260912_174204_152_paper_strict_raw_equation_seed2025_01f04b03,23,89,5.563100179036459e-07,0.9999994039535522,3.973642985026042e-08
20260912_174204_152_paper_strict_raw_equation_seed2025_01f04b03,23,90,1.1523564656575522e-06,3.973642985026042e-08,0.9999988079071045
20260912_174204_152_paper_strict_raw_equation_seed2025_01f04b03,23,91,1.986821492513021e-07,0.0056830644607543945,0.9943167368570964
20260912_174204_152_paper_strict_raw_equation_seed2025_01f04b03,23,92,1.871585845947266e-05,0.003176410992940267,0.9968048731486003
20260912_174204_152_paper_strict_raw_equation_seed2025_01f04b03,23,93,3.973642985026042e-08,0.9999999205271404,3.973642985026042e-08
20260912_174204_152_paper_strict_raw_equation_seed2025_01f04b03,23,94,2.7815500895182293e-07,1.9868214925130207e-07,0.9999995231628418
20260912_174204_152_paper_strict_raw_equation_seed2025_01f04b03,23,95,3.973642985026042e-08,3.1789143880208337e-07,0.9999996423721313
20260912_174204_152_paper_strict_raw_equation_seed2025_01f04b03,23,96,3.9736429850260413e-07,0.9999955892562866,4.013379414876302e-06
20260912_174204_152_paper_strict_raw_equation_seed2025_01f04b03,23,97,3.973642985026042e-08,3.973642985026042e-08,0.9999999205271404
20260912_174204_152_paper_strict_raw_equation_seed2025_01f04b03,23,98,0.9999999205271404,3.973642985026042e-08,3.973642985026042e-08
20260912_174204_152_paper_strict_raw_equation_seed2025_01f04b03,23,99,4.013379414876303e-06,0.9999957879384359,1.98682149251302e-07
20260912_174204_152_paper_strict_raw_equation_seed2025_01f04b03,23,100,3.973642985026042e-08,0.9999975760777792,2.384185791015625e-06
20260912_174204_152_paper_strict_raw_equation_seed2025_01f04b03,23,101,0.9999995231628418,4.371007283528646e-07,3.973642985026043e-08
20260912_174204_152_paper_strict_raw_equation_seed2025_01f04b03,24,0,0.9999999602635702,1.986821492513021e-08,1.986821492513021e-08
20260912_174204_152_paper_strict_raw_equation_seed2025_01f04b03,24,1,1.986821492513021e-08,1.986821492513021e-08,0.9999999602635702
20260912_174204_152_paper_strict_raw_equation_seed2025_01f04b03,24,2,2.582867940266927e-07,0.9999996622403463,7.947285970052084e-08
20260912_174204_152_paper_strict_raw_equation_seed2025_01f04b03,24,3,0.9999829729398092,1.680850982666016e-05,2.185503641764323e-07
20260912_174204_152_paper_strict_raw_equation_seed2025_01f04b03,24,4,2.046426137288411e-06,1.986821492513021e-08,0.9999979337056478
20260912_174204_152_paper_strict_raw_equation_seed2025_01f04b03,24,5,2.78155008951823e-07,0.9999992450078329,4.768371582031251e-07
20260912_174204_152_paper_strict_raw_equation_seed2025_01f04b03,24,6,1.986821492513021e-08,0.9999991854031881,7.947285970052084e-07
20260912_174204_152_paper_strict_raw_equation_seed2025_01f04b03,24,7,9.934107462565103e-08,0.9999998013178508,9.934107462565103e-08
20260912_174204_152_paper_strict_raw_equation_seed2025_01f04b03,24,8,0.00245128075281779,0.9975486199061077,9.934107462565105e-08
20260912_174204_152_paper_strict_raw_equation_seed2025_01f04b03,24,9,0.9999998807907104,1.986821492513021e-08,9.934107462565103e-08
20260912_174204_152_paper_strict_raw_equation_seed2025_01f04b03,24,10,0.3036827246348063,0.6963172554969788,1.986821492513022e-08
20260912_174204_152_paper_strict_raw_equation_seed2025_01f04b03,24,11,1.9868214925130217e-08,0.6525185108184814,0.3474814693133036
20260912_174204_152_paper_strict_raw_equation_seed2025_01f04b03,24,12,9.576479593912762e-06,0.9999903241793315,9.934107462565103e-08
20260912_174204_152_paper_strict_raw_equation_seed2025_01f04b03,24,13,0.05628526210784912,0.943714718023936,1.986821492513022e-08
20260912_174204_152_paper_strict_raw_equation_seed2025_01f04b03,24,14,0.9999999602635702,1.986821492513021e-08,1.986821492513021e-08
20260912_174204_152_paper_strict_raw_equation_seed2025_01f04b03,24,15,0.7670875589052837,0.23211095730463663,0.0008014837900797528
20260912_174204_152_paper_strict_raw_equation_seed2025_01f04b03,24,16,1.3907750447591147e-07,0.9999998410542806,1.986821492513021e-08
20260912_174204_152_paper_strict_raw_equation_seed2025_01f04b03,24,17,0.9999999602635702,1.986821492513021e-08,1.986821492513021e-08
20260912_174204_152_paper_strict_raw_equation_seed2025_01f04b03,24,18,7.947285970052084e-08,1.986821492513021e-08,0.9999999006589254
20260912_174204_152_paper_strict_raw_equation_seed2025_01f04b03,24,19,1.986821492513021e-08,0.9999990463256836,9.338061014811199e-07
20260912_174204_152_paper_strict_raw_equation_seed2025_01f04b03,24,20,1.986821492513021e-08,0.9999999602635702,1.986821492513021e-08
20260912_174204_152_paper_strict_raw_equation_seed2025_01f04b03,24,21,0.9999993642171224,6.159146626790365e-07,1.986821492513021e-08
20260912_174204_152_paper_strict_raw_equation_seed2025_01f04b03,24,22,0.9999866485595703,1.3212362925211588e-05,1.3907750447591147e-07
20260912_174204_152_paper_strict_raw_equation_seed2025_01f04b03,24,23,0.9999999602635702,1.986821492513021e-08,1.986821492513021e-08
20260912_174204_152_paper_strict_raw_equation_seed2025_01f04b03,24,24,0.9746939539909363,1.9868214925130214e-08,0.025306026140848793
20260912_174204_152_paper_strict_raw_equation_seed2025_01f04b03,24,25,7.947285970052084e-07,0.9999989867210388,2.1855036417643228e-07
20260912_174204_152_paper_strict_raw_equation_seed2025_01f04b03,24,26,0.5918873349825542,7.947285970052088e-08,0.4081125855445862
20260912_174204_152_paper_strict_raw_equation_seed2025_01f04b03,24,27,1.390775044759115e-07,1.3709068298339846e-06,0.9999984900156658
20260912_174204_152_paper_strict_raw_equation_seed2025_01f04b03,24,28,2.980232238769531e-07,0.9999993642171224,3.377596537272135e-07
20260912_174204_152_paper_strict_raw_equation_seed2025_01f04b03,24,29,1.589457194010417e-07,0.9999792178471884,2.062320709228516e-05
20260912_174204_152_paper_strict_raw_equation_seed2025_01f04b03,24,30,1.5497207641601565e-06,1.9868214925130214e-08,0.999998430411021
20260912_174204_152_paper_strict_raw_equation_seed2025_01f04b03,24,31,0.9999948143959045,7.947285970052084e-08,5.106131235758463e-06
20260912_174204_152_paper_strict_raw_equation_seed2025_01f04b03,24,32,1.3907750447591147e-07,1.986821492513021e-08,0.9999998410542806
20260912_174204_152_paper_strict_raw_equation_seed2025_01f04b03,24,33,8.344650268554688e-07,6.159146626790365e-07,0.9999985496203105
20260912_174204_152_paper_strict_raw_equation_seed2025_01f04b03,24,34,4.371007283528646e-07,0.9999993443489075,2.1855036417643228e-07
20260912_174204_152_paper_strict_raw_equation_seed2025_01f04b03,24,35,6.190935770670573e-05,1.9868214925130214e-08,0.9999380707740784
20260912_174204_152_paper_strict_raw_equation_seed2025_01f04b03,24,36,0.35823243856430054,0.6417654554049175,2.106030782063803e-06
20260912_174204_152_paper_strict_raw_equation_seed2025_01f04b03,24,37,1.986821492513021e-08,0.9999996225039165,3.5762786865234375e-07
20260912_174204_152_paper_strict_raw_equation_seed2025_01f04b03,24,38,7.947285970052084e-08,0.9999990860621135,8.344650268554688e-07
20260912_174204_152_paper_strict_raw_equation_seed2025_01f04b03,24,39,2.7279059092203777e-05,4.033247629801433e-06,0.9999686876932781
20260912_174204_152_paper_strict_raw_equation_seed2025_01f04b03,24,40,1.986821492513021e-08,0.9999971787134805,2.8014183044433594e-06
20260912_174204_152_paper_strict_raw_equation_seed2025_01f04b03,24,41,0.8979652921358745,0.10203468799591064,1.9868214925130224e-08
20260912_174204_152_paper_strict_raw_equation_seed2025_01f04b03,24,42,0.9999999602635702,1.986821492513021e-08,1.986821492513021e-08
20260912_174204_152_paper_strict_raw_equation_seed2025_01f04b03,24,43,1.986821492513021e-06,0.9958450794219971,0.004152933756510417
20260912_174204_152_paper_strict_raw_equation_seed2025_01f04b03,24,44,1.986821492513021e-08,0.9999997814496359,1.986821492513021e-07
20260912_174204_152_paper_strict_raw_equation_seed2025_01f04b03,24,45,1.986821492513021e-08,0.9999998211860657,1.5894571940104168e-07
20260912_174204_152_paper_strict_raw_equation_seed2025_01f04b03,24,46,9.934107462565103e-08,0.9999996622403463,2.384185791015625e-07
20260912_174204_152_paper_strict_raw_equation_seed2025_01f04b03,24,47,0.9999999602635702,1.986821492513021e-08,1.986821492513021e-08
20260912_174204_152_paper_strict_raw_equation_seed2025_01f04b03,24,48,6.159146626790367e-07,0.1640572746594747,0.8359421094258626
20260912_174204_152_paper_strict_raw_equation_seed2025_01f04b03,24,49,1.986821492513021e-08,0.9999999602635702,1.986821492513021e-08
20260912_174204_152_paper_strict_raw_equation_seed2025_01f04b03,24,50,0.9998652140299478,1.9868214925130217e-08,0.0001347661018371582
20260912_174204_152_paper_strict_raw_equation_seed2025_01f04b03,24,51,1.9868214925130214e-08,2.0265579223632817e-06,0.9999979535738628
20260912_174204_152_paper_strict_raw_equation_seed2025_01f04b03,24,52,1.9868214925130214e-08,0.0001411636670430501,0.9998588164647421
20260912_174204_152_paper_strict_raw_equation_seed2025_01f04b03,24,53,0.9999991655349731,8.145968119303386e-07,1.986821492513021e-08
20260912_174204_152_paper_strict_raw_equation_seed2025_01f04b03,24,54,1.8278757731119794e-06,2.16364860534668e-05,0.9999765356381735
20260912_174204_152_paper_strict_raw_equation_seed2025_01f04b03,24,55,5.563100179036459e-07,4.76837158203125e-07,0.999998966852824
20260912_174204_152_paper_strict_raw_equation_seed2025_01f04b03,24,56,7.748603820800781e-07,0.9999992052714031,1.986821492513021e-08
20260912_174204_152_paper_strict_raw_equation_seed2025_01f04b03,24,57,1.9868214925130217e-08,0.9995469053586324,0.00045307477315266936
20260912_174204_152_paper_strict_raw_equation_seed2025_01f04b03,24,58,0.9999988675117493,1.986821492513021e-08,1.1126200358072917e-06
20260912_174204_152_paper_strict_raw_equation_seed2025_01f04b03,24,59,0.9989399909973145,0.0010597904523213704,2.1855036417643228e-07
20260912_174204_152_paper_strict_raw_equation_seed2025_01f04b03,24,60,1.9868214925130214e-08,1.595417658487956e-05,0.9999840259552002
20260912_174204_152_paper_strict_raw_equation_seed2025_01f04b03,24,61,1.9868214925130217e-08,0.00405267874399821,0.9959473013877869
20260912_174204_152_paper_strict_raw_equation_seed2025_01f04b03,24,62,0.9968635439872742,0.0031364361445109052,1.9868214925130217e-08
20260912_174204_152_paper_strict_raw_equation_seed2025_01f04b03,24,63,0.00021686156590779623,1.9868214925130217e-08,0.9997831185658773
20260912_174204_152_paper_strict_raw_equation_seed2025_01f04b03,24,64,1.986821492513021e-08,9.934107462565103e-08,0.9999998807907104
20260912_174204_152_paper_strict_raw_equation_seed2025_01f04b03,24,65,0.9999998211860657,1.5894571940104168e-07,1.986821492513021e-08
20260912_174204_152_paper_strict_raw_equation_seed2025_01f04b03,24,66,0.9999998807907104,1.986821492513021e-08,9.934107462565103e-08
20260912_174204_152_paper_strict_raw_equation_seed2025_01f04b03,24,67,0.7730894486109416,2.026557922363282e-06,0.22690852483113605
20260912_174204_152_paper_strict_raw_equation_seed2025_01f04b03,24,68,3.914038340250651e-06,0.9999960660934448,1.9868214925130214e-08
20260912_174204_152_paper_strict_raw_equation_seed2025_01f04b03,24,69,2.1656354268391924e-06,1.986821492513021e-08,0.9999978144963583
20260912_174204_152_paper_strict_raw_equation_seed2025_01f04b03,24,70,1.390775044759115e-06,1.9868214925130214e-08,0.9999985893567404
20260912_174204_152_paper_strict_raw_equation_seed2025_01f04b03,24,71,0.0009568333625793457,1.9868214925130217e-08,0.9990431467692058
20260912_174204_152_paper_strict_raw_equation_seed2025_01f04b03,24,72,0.016335944334665935,0.9836640357971191,1.9868214925130214e-08
20260912_174204_152_paper_strict_raw_equation_seed2025_01f04b03,24,73,0.9999980330467224,1.629193623860677e-06,3.377596537272136e-07
20260912_174204_152_paper_strict_raw_equation_seed2025_01f04b03,24,74,0.9968503912289938,0.003149588902791341,1.9868214925130214e-08
20260912_174204_152_paper_strict_raw_equation_seed2025_01f04b03,24,75,0.5461204846700032,1.986821492513022e-08,0.45387949546178186
20260912_174204_152_paper_strict_raw_equation_seed2025_01f04b03,24,76,0.9999881386756897,1.986821492513021e-08,1.1841456095377604e-05
20260912_174204_152_paper_strict_raw_equation_seed2025_01f04b03,24,77,0.9999997615814209,2.185503641764323e-07,1.9868214925130214e-08
20260912_174204_152_paper_strict_raw_equation_seed2025_01f04b03,24,78,0.9998892148335775,1.9868214925130214e-08,0.00011076529820760091
20260912_174204_152_paper_strict_raw_equation_seed2025_01f04b03,24,79,2.1855036417643236e-07,0.8526200850804647,0.14737969636917114
20260912_174204_152_paper_strict_raw_equation_seed2025_01f04b03,24,80,7.947285970052084e-08,0.9999999006589254,1.986821492513021e-08
20260912_174204_152_paper_strict_raw_equation_seed2025_01f04b03,24,81,0.9999787012736003,1.9868214925130214e-08,2.1278858184814453e-05
20260912_174204_152_paper_strict_raw_equation_seed2025_01f04b03,24,82,1.986821492513021e-08,1.3907750447591147e-07,0.9999998410542806
20260912_174204_152_paper_strict_raw_equation_seed2025_01f04b03,24,83,1.986821492513021e-08,1.986821492513021e-07,0.9999997814496359
20260912_174204_152_paper_strict_raw_equation_seed2025_01f04b03,24,84,0.9999999602635702,1.986821492513021e-08,1.986821492513021e-08
20260912_174204_152_paper_strict_raw_equation_seed2025_01f04b03,24,85,1.9868214925130217e-08,0.9920085867245992,0.007991393407185871
20260912_174204_152_paper_strict_raw_equation_seed2025_01f04b03,24,86,0.9999999602635702,1.986821492513021e-08,1.986821492513021e-08
20260912_174204_152_paper_strict_raw_equation_seed2025_01f04b03,24,87,1.986821492513021e-08,1.986821492513021e-08,0.9999999602635702
20260912_174204_152_paper_strict_raw_equation_seed2025_01f04b03,24,88,3.973642985026042e-07,0.9999887943267822,1.0808308919270832e-05
20260912_174204_152_paper_strict_raw_equation_seed2025_01f04b03,24,89,2.7815500895182293e-07,0.9999997019767761,1.986821492513021e-08
20260912_174204_152_paper_strict_raw_equation_seed2025_01f04b03,24,90,5.761782328287761e-07,1.986821492513021e-08,0.9999994039535522
20260912_174204_152_paper_strict_raw_equation_seed2025_01f04b03,24,91,9.934107462565105e-08,0.0028415322303771973,0.9971583684285482
20260912_174204_152_paper_strict_raw_equation_seed2025_01f04b03,24,92,9.35792922973633e-06,0.0015882054964701335,0.9984024365743002
20260912_174204_152_paper_strict_raw_equation_seed2025_01f04b03,24,93,1.986821492513021e-08,0.9999999602635702,1.986821492513021e-08
20260912_174204_152_paper_strict_raw_equation_seed2025_01f04b03,24,94,1.3907750447591147e-07,9.934107462565103e-08,0.9999997615814209
20260912_174204_152_paper_strict_raw_equation_seed2025_01f04b03,24,95,1.986821492513021e-08,1.5894571940104168e-07,0.9999998211860657
20260912_174204_152_paper_strict_raw_equation_seed2025_01f04b03,24,96,1.9868214925130207e-07,0.9999977946281433,2.006689707438151e-06
20260912_174204_152_paper_strict_raw_equation_seed2025_01f04b03,24,97,1.986821492513021e-08,1.986821492513021e-08,0.9999999602635702
20260912_174204_152_paper_strict_raw_equation_seed2025_01f04b03,24,98,0.9999999602635702,1.986821492513021e-08,1.986821492513021e-08
20260912_174204_152_paper_strict_raw_equation_seed2025_01f04b03,24,99,2.0066897074381513e-06,0.999997893969218,9.9341074625651e-08
20260912_174204_152_paper_strict_raw_equation_seed2025_01f04b03,24,100,1.986821492513021e-08,0.9999987880388896,1.1920928955078125e-06
20260912_174204_152_paper_strict_raw_equation_seed2025_01f04b03,24,101,0.9999997615814209,2.185503641764323e-07,1.9868214925130214e-08
20260912_174204_152_paper_strict_raw_equation_seed2025_01f04b03,25,0,0.9999999801317851,9.934107462565105e-09,9.934107462565105e-09
20260912_174204_152_paper_strict_raw_equation_seed2025_01f04b03,25,1,9.934107462565105e-09,9.934107462565105e-09,0.9999999801317851
20260912_174204_152_paper_strict_raw_equation_seed2025_01f04b03,25,2,1.2914339701334635e-07,0.9999998311201732,3.973642985026042e-08
20260912_174204_152_paper_strict_raw_equation_seed2025_01f04b03,25,3,0.9999914864699047,8.40425491333008e-06,1.0927518208821615e-07
20260912_174204_152_paper_strict_raw_equation_seed2025_01f04b03,25,4,1.0232130686442056e-06,9.934107462565105e-09,0.999998966852824
20260912_174204_152_paper_strict_raw_equation_seed2025_01f04b03,25,5,1.3907750447591147e-07,0.9999996225039163,2.384185791015625e-07
20260912_174204_152_paper_strict_raw_equation_seed2025_01f04b03,25,6,9.934107462565105e-09,0.9999995927015941,3.973642985026042e-07
20260912_174204_152_paper_strict_raw_equation_seed2025_01f04b03,25,7,4.9670537312825516e-08,0.9999999006589254,4.9670537312825516e-08
20260912_174204_152_paper_strict_raw_equation_seed2025_01f04b03,25,8,0.001225640376408895,0.9987743099530538,4.967053731282552e-08
20260912_174204_152_paper_strict_raw_equation_seed2025_01f04b03,25,9,0.9999999403953552,9.934107462565105e-09,4.9670537312825516e-08
20260912_174204_152_paper_strict_raw_equation_seed2025_01f04b03,25,10,0.4018413623174032,0.5981586277484895,9.934107462565112e-09
20260912_174204_152_paper_strict_raw_equation_seed2025_01f04b03,25,11,9.934107462565109e-09,0.7012592554092407,0.2987407346566518
20260912_174204_152_paper_strict_raw_equation_seed2025_01f04b03,25,12,4.788239796956381e-06,0.9999951620896658,4.9670537312825516e-08
20260912_174204_152_paper_strict_raw_equation_seed2025_01f04b03,25,13,0.15314263105392456,0.846857359011968,9.93410746256511e-09
20260912_174204_152_paper_strict_raw_equation_seed2025_01f04b03,25,14,0.9999999801317851,9.934107462565105e-09,9.934107462565105e-09
20260912_174204_152_paper_strict_raw_equation_seed2025_01f04b03,25,15,0.8835437794526418,0.11605547865231831,0.0004007418950398764
20260912_174204_152_paper_strict_raw_equation_seed2025_01f04b03,25,16,6.953875223795573e-08,0.9999999205271404,9.934107462565105e-09
20260912_174204_152_paper_strict_raw_equation_seed2025_01f04b03,25,17,0.9999999801317851,9.934107462565105e-09,9.934107462565105e-09
20260912_174204_152_paper_strict_raw_equation_seed2025_01f04b03,25,18,3.973642985026042e-08,9.934107462565105e-09,0.9999999503294628
20260912_174204_152_paper_strict_raw_equation_seed2025_01f04b03,25,19,9.934107462565105e-09,0.9999995231628418,4.6690305074055993e-07
20260912_174204_152_paper_strict_raw_equation_seed2025_01f04b03,25,20,9.934107462565105e-09,0.9999999801317851,9.934107462565105e-09
20260912_174204_152_paper_strict_raw_equation_seed2025_01f04b03,25,21,0.9999996821085613,3.0795733133951825e-07,9.934107462565105e-09
20260912_174204_152_paper_strict_raw_equation_seed2025_01f04b03,25,22,0.9999933242797852,6.606181462605794e-06,6.953875223795573e-08
20260912_174204_152_paper_strict_raw_equation_seed2025_01f04b03,25,23,0.9999999801317851,9.934107462565105e-09,9.934107462565105e-09
20260912_174204_152_paper_strict_raw_equation_seed2025_01f04b03,25,24,0.9873469769954681,9.934107462565107e-09,0.012653013070424397
20260912_174204_152_paper_strict_raw_equation_seed2025_01f04b03,25,25,3.973642985026042e-07,0.9999994933605194,1.0927518208821614e-07
20260912_174204_152_paper_strict_raw_equation_seed2025_01f04b03,25,26,0.5459436674912771,3.973642985026044e-08,0.4540562927722931
20260912_174204_152_paper_strict_raw_equation_seed2025_01f04b03,25,27,6.953875223795575e-08,6.854534149169923e-07,0.9999992450078329
20260912_174204_152_paper_strict_raw_equation_seed2025_01f04b03,25,28,1.4901161193847656e-07,0.9999996821085613,1.6887982686360675e-07
20260912_174204_152_paper_strict_raw_equation_seed2025_01f04b03,25,29,7.947285970052084e-08,0.999989608923594,1.0311603546142578e-05
20260912_174204_152_paper_strict_raw_equation_seed2025_01f04b03,25,30,7.748603820800782e-07,9.934107462565107e-09,0.9999992152055105
20260912_174204_152_paper_strict_raw_equation_seed2025_01f04b03,25,31,0.9999974071979523,3.973642985026042e-08,2.5530656178792315e-06
20260912_174204_152_paper_strict_raw_equation_seed2025_01f04b03,25,32,6.953875223795573e-08,9.934107462565105e-09,0.9999999205271404
20260912_174204_152_paper_strict_raw_equation_seed2025_01f04b03,25,33,4.172325134277344e-07,3.0795733133951825e-07,0.9999992748101553
20260912_174204_152_paper_strict_raw_equation_seed2025_01f04b03,25,34,2.185503641764323e-07,0.9999996721744537,1.0927518208821614e-07
20260912_174204_152_paper_strict_raw_equation_seed2025_01f04b03,25,35,3.095467885335287e-05,9.934107462565107e-09,0.9999690353870392
20260912_174204_152_paper_strict_raw_equation_seed2025_01f04b03,25,36,0.42911621928215027,0.5708827277024587,1.0530153910319015e-06
20260912_174204_152_paper_strict_raw_equation_seed2025_01f04b03,25,37,9.934107462565105e-09,0.9999998112519582,1.7881393432617188e-07
20260912_174204_152_paper_strict_raw_equation_seed2025_01f04b03,25,38,3.973642985026042e-08,0.9999995430310568,4.172325134277344e-07
20260912_174204_152_paper_strict_raw_equation_seed2025_01f04b03,25,39,1.3639529546101889e-05,2.0166238149007167e-06,0.999984343846639
20260912_174204_152_paper_strict_raw_equation_seed2025_01f04b03,25,40,9.934107462565107e-09,0.9999985893567404,1.40070915222168e-06
20260912_174204_152_paper_strict_raw_equation_seed2025_01f04b03,25,41,0.9489826460679373,0.05101734399795532,9.934107462565112e-09
20260912_174204_152_paper_strict_raw_equation_seed2025_01f04b03,25,42,0.9999999801317851,9.934107462565105e-09,9.934107462565105e-09
20260912_174204_152_paper_strict_raw_equation_seed2025_01f04b03,25,43,9.934107462565105e-07,0.9979225397109985,0.0020764668782552085
20260912_174204_152_paper_strict_raw_equation_seed2025_01f04b03,25,44,9.934107462565105e-09,0.999999890724818,9.934107462565105e-08
20260912_174204_152_paper_strict_raw_equation_seed2025_01f04b03,25,45,9.934107462565105e-09,0.9999999105930328,7.947285970052084e-08
20260912_174204_152_paper_strict_raw_equation_seed2025_01f04b03,25,46,4.9670537312825516e-08,0.9999998311201732,1.1920928955078125e-07
20260912_174204_152_paper_strict_raw_equation_seed2025_01f04b03,25,47,0.9999999801317851,9.934107462565105e-09,9.934107462565105e-09
20260912_174204_152_paper_strict_raw_equation_seed2025_01f04b03,25,48,3.0795733133951835e-07,0.08202863732973735,0.9179710547129313
20260912_174204_152_paper_strict_raw_equation_seed2025_01f04b03,25,49,9.934107462565105e-09,0.9999999801317851,9.934107462565105e-09
20260912_174204_152_paper_strict_raw_equation_seed2025_01f04b03,25,50,0.999932607014974,9.93410746256511e-09,6.738305091857912e-05
20260912_174204_152_paper_strict_raw_equation_seed2025_01f04b03,25,51,9.934107462565107e-09,1.0132789611816408e-06,0.9999989767869314
20260912_174204_152_paper_strict_raw_equation_seed2025_01f04b03,25,52,9.934107462565107e-09,7.058183352152506e-05,0.9999294082323711
20260912_174204_152_paper_strict_raw_equation_seed2025_01f04b03,25,53,0.9999995827674866,4.072984059651693e-07,9.934107462565105e-09
20260912_174204_152_paper_strict_raw_equation_seed2025_01f04b03,25,54,9.139378865559897e-07,1.08182430267334e-05,0.9999882678190868
20260912_174204_152_paper_strict_raw_equation_seed2025_01f04b03,25,55,2.7815500895182293e-07,2.384185791015625e-07,0.999999483426412
20260912_174204_152_paper_strict_raw_equation_seed2025_01f04b03,25,56,3.8743019104003906e-07,0.9999996026357015,9.934107462565105e-09
20260912_174204_152_paper_strict_raw_equation_seed2025_01f04b03,25,57,9.934107462565109e-09,0.9997734526793163,0.00022653738657633468
20260912_174204_152_paper_strict_raw_equation_seed2025_01f04b03,25,58,0.9999994337558746,9.934107462565105e-09,5.563100179036459e-07
20260912_174204_152_paper_strict_raw_equation_seed2025_01f04b03,25,59,0.9994699954986572,0.0005298952261606852,1.0927518208821614e-07
20260912_174204_152_paper_strict_raw_equation_seed2025_01f04b03,25,60,9.934107462565107e-09,7.97708829243978e-06,0.9999920129776001
20260912_174204_152_paper_strict_raw_equation_seed2025_01f04b03,25,61,9.934107462565109e-09,0.002026339371999105,0.9979736506938934
20260912_174204_152_paper_strict_raw_equation_seed2025_01f04b03,25,62,0.9984317719936371,0.0015682180722554526,9.934107462565109e-09
20260912_174204_152_paper_strict_raw_equation_seed2025_01f04b03,25,63,0.00010843078295389812,9.934107462565109e-09,0.9998915592829387
20260912_174204_152_paper_strict_raw_equation_seed2025_01f04b03,25,64,9.934107462565105e-09,4.9670537312825516e-08,0.9999999403953552
20260912_174204_152_paper_strict_raw_equation_seed2025_01f04b03,25,65,0.9999999105930328,7.947285970052084e-08,9.934107462565105e-09
20260912_174204_152_paper_strict_raw_equation_seed2025_01f04b03,25,66,0.9999999403953552,9.934107462565105e-09,4.9670537312825516e-08
20260912_174204_152_paper_strict_raw_equation_seed2025_01f04b03,25,67,0.8865447243054708,1.013278961181641e-06,0.11345426241556802
20260912_174204_152_paper_strict_raw_equation_seed2025_01f04b03,25,68,1.9570191701253257e-06,0.9999980330467224,9.934107462565107e-09
20260912_174204_152_paper_strict_raw_equation_seed2025_01f04b03,25,69,1.0828177134195962e-06,9.934107462565105e-09,0.9999989072481792
20260912_174204_152_paper_strict_raw_equation_seed2025_01f04b03,25,70,6.953875223795575e-07,9.934107462565107e-09,0.9999992946783702
20260912_174204_152_paper_strict_raw_equation_seed2025_01f04b03,25,71,0.00047841668128967285,9.934107462565109e-09,0.9995215733846029
20260912_174204_152_paper_strict_raw_equation_seed2025_01f04b03,25,72,0.008167972167332968,0.9918320178985596,9.934107462565107e-09
20260912_174204_152_paper_strict_raw_equation_seed2025_01f04b03,25,73,0.9999990165233612,8.145968119303385e-07,1.688798268636068e-07
20260912_174204_152_paper_strict_raw_equation_seed2025_01f04b03,25,74,0.9984251956144969,0.0015747944513956704,9.934107462565107e-09
20260912_174204_152_paper_strict_raw_equation_seed2025_01f04b03,25,75,0.3980602423350016,9.93410746256511e-09,0.601939747730891
20260912_174204_152_paper_strict_raw_equation_seed2025_01f04b03,25,76,0.9999940693378448,9.934107462565105e-09,5.920728047688802e-06
20260912_174204_152_paper_strict_raw_equation_seed2025_01f04b03,25,77,0.9999998807907104,1.0927518208821615e-07,9.934107462565107e-09
20260912_174204_152_paper_strict_raw_equation_seed2025_01f04b03,25,78,0.9999446074167888,9.934107462565107e-09,5.5382649103800453e-05
20260912_174204_152_paper_strict_raw_equation_seed2025_01f04b03,25,79,1.0927518208821618e-07,0.9263100425402324,0.07368984818458557
20260912_174204_152_paper_strict_raw_equation_seed2025_01f04b03,25,80,3.973642985026042e-08,0.9999999503294628,9.934107462565105e-09
20260912_174204_152_paper_strict_raw_equation_seed2025_01f04b03,25,81,0.9999893506368002,9.934107462565107e-09,1.0639429092407227e-05
20260912_174204_152_paper_strict_raw_equation_seed2025_01f04b03,25,82,9.934107462565105e-09,6.953875223795573e-08,0.9999999205271404
20260912_174204_152_paper_strict_raw_equation_seed2025_01f04b03,25,83,9.934107462565105e-09,9.934107462565105e-08,0.999999890724818
20260912_174204_152_paper_strict_raw_equation_seed2025_01f04b03,25,84,0.9999999801317851,9.934107462565105e-09,9.934107462565105e-09
20260912_174204_152_paper_strict_raw_equation_seed2025_01f04b03,25,85,9.934107462565109e-09,0.9960042933622997,0.003995696703592936
20260912_174204_152_paper_strict_raw_equation_seed2025_01f04b03,25,86,0.9999999801317851,9.934107462565105e-09,9.934107462565105e-09
20260912_174204_152_paper_strict_raw_equation_seed2025_01f04b03,25,87,9.934107462565105e-09,9.934107462565105e-09,0.9999999801317851
20260912_174204_152_paper_strict_raw_equation_seed2025_01f04b03,25,88,1.986821492513021e-07,0.9999943971633911,5.404154459635416e-06
20260912_174204_152_paper_strict_raw_equation_seed2025_01f04b03,25,89,1.3907750447591147e-07,0.9999998509883881,9.934107462565105e-09
20260912_174204_152_paper_strict_raw_equation_seed2025_01f04b03,25,90,2.8808911641438806e-07,9.934107462565105e-09,0.9999997019767761
20260912_174204_152_paper_strict_raw_equation_seed2025_01f04b03,25,91,4.967053731282552e-08,0.0014207661151885986,0.9985791842142742
20260912_174204_152_paper_strict_raw_equation_seed2025_01f04b03,25,92,4.678964614868165e-06,0.0007941027482350668,0.9992012182871501
20260912_174204_152_paper_strict_raw_equation_seed2025_01f04b03,25,93,9.934107462565105e-09,0.9999999801317851,9.934107462565105e-09
20260912_174204_152_paper_strict_raw_equation_seed2025_01f04b03,25,94,6.953875223795573e-08,4.9670537312825516e-08,0.9999998807907104
20260912_174204_152_paper_strict_raw_equation_seed2025_01f04b03,25,95,9.934107462565105e-09,7.947285970052084e-08,0.9999999105930328
20260912_174204_152_paper_strict_raw_equation_seed2025_01f04b03,25,96,9.934107462565103e-08,0.9999988973140717,1.0033448537190755e-06
20260912_174204_152_paper_strict_raw_equation_seed2025_01f04b03,25,97,9.934107462565105e-09,9.934107462565105e-09,0.9999999801317851
20260912_174204_152_paper_strict_raw_equation_seed2025_01f04b03,25,98,0.9999999801317851,9.934107462565105e-09,9.934107462565105e-09
20260912_174204_152_paper_strict_raw_equation_seed2025_01f04b03,25,99,1.0033448537190757e-06,0.999998946984609,4.96705373128255e-08
20260912_174204_152_paper_strict_raw_equation_seed2025_01f04b03,25,100,9.934107462565105e-09,0.9999993940194448,5.960464477539062e-07
20260912_174204_152_paper_strict_raw_equation_seed2025_01f04b03,25,101,0.9999998807907104,1.0927518208821615e-07,9.934107462565107e-09
20260912_174204_152_paper_strict_raw_equation_seed2025_01f04b03,26,0,0.9999999900658926,4.967053731282553e-09,4.967053731282553e-09
20260912_174204_152_paper_strict_raw_equation_seed2025_01f04b03,26,1,4.967053731282553e-09,4.967053731282553e-09,0.9999999900658926
20260912_174204_152_paper_strict_raw_equation_seed2025_01f04b03,26,2,6.457169850667317e-08,0.9999999155600866,1.986821492513021e-08
20260912_174204_152_paper_strict_raw_equation_seed2025_01f04b03,26,3,0.9999957432349523,4.20212745666504e-06,5.463759104410808e-08
20260912_174204_152_paper_strict_raw_equation_seed2025_01f04b03,26,4,5.116065343221028e-07,4.967053731282553e-09,0.999999483426412
20260912_174204_152_paper_strict_raw_equation_seed2025_01f04b03,26,5,6.953875223795575e-08,0.9999998112519582,1.1920928955078128e-07
20260912_174204_152_paper_strict_raw_equation_seed2025_01f04b03,26,6,4.967053731282553e-09,0.999999796350797,1.986821492513021e-07
20260912_174204_152_paper_strict_raw_equation_seed2025_01f04b03,26,7,2.4835268656412758e-08,0.9999999503294628,2.4835268656412758e-08
20260912_174204_152_paper_strict_raw_equation_seed2025_01f04b03,26,8,0.0006128201882044475,0.999387154976527,2.483526865641276e-08
20260912_174204_152_paper_strict_raw_equation_seed2025_01f04b03,26,9,0.9999999701976776,4.967053731282553e-09,2.4835268656412758e-08
20260912_174204_152_paper_strict_raw_equation_seed2025_01f04b03,26,10,0.4509206811587016,0.5490793138742447,4.967053731282556e-09
20260912_174204_152_paper_strict_raw_equation_seed2025_01f04b03,26,11,4.967053731282554e-09,0.6006296277046204,0.39937036732832587
20260912_174204_152_paper_strict_raw_equation_seed2025_01f04b03,26,12,2.3941198984781904e-06,0.9999975810448329,2.4835268656412758e-08
20260912_174204_152_paper_strict_raw_equation_seed2025_01f04b03,26,13,0.3265713155269623,0.6734286795059841,4.967053731282555e-09
20260912_174204_152_paper_strict_raw_equation_seed2025_01f04b03,26,14,0.9999999900658926,4.967053731282553e-09,4.967053731282553e-09
20260912_174204_152_paper_strict_raw_equation_seed2025_01f04b03,26,15,0.6917718897263209,0.3080277393261591,0.00020037094751993814
20260912_174204_152_paper_strict_raw_equation_seed2025_01f04b03,26,16,3.476937611897787e-08,0.9999999602635702,4.967053731282553e-09
20260912_174204_152_paper_strict_raw_equation_seed2025_01f04b03,26,17,0.9999999900658926,4.967053731282553e-09,4.967053731282553e-09
20260912_174204_152_paper_strict_raw_equation_seed2025_01f04b03,26,18,1.986821492513021e-08,4.967053731282553e-09,0.9999999751647314
20260912_174204_152_paper_strict_raw_equation_seed2025_01f04b03,26,19,4.967053731282553e-09,0.9999997615814209,2.3345152537027997e-07
20260912_174204_152_paper_strict_raw_equation_seed2025_01f04b03,26,20,4.967053731282553e-09,0.9999999900658926,4.967053731282553e-09
20260912_174204_152_paper_strict_raw_equation_seed2025_01f04b03,26,21,0.9999998410542806,1.5397866566975912e-07,4.967053731282553e-09
20260912_174204_152_paper_strict_raw_equation_seed2025_01f04b03,26,22,0.9999966621398926,3.303090731302897e-06,3.476937611897787e-08
20260912_174204_152_paper_strict_raw_equation_seed2025_01f04b03,26,23,0.9999999900658926,4.967053731282553e-09,4.967053731282553e-09
20260912_174204_152_paper_strict_raw_equation_seed2025_01f04b03,26,24,0.9936734884977341,4.9670537312825535e-09,0.006326506535212198
20260912_174204_152_paper_strict_raw_equation_seed2025_01f04b03,26,25,1.986821492513021e-07,0.9999997466802597,5.463759104410807e-08
20260912_174204_152_paper_strict_raw_equation_seed2025_01f04b03,26,26,0.5229718337456386,1.986821492513022e-08,0.47702814638614655
20260912_174204_152_paper_strict_raw_equation_seed2025_01f04b03,26,27,3.4769376118977873e-08,3.4272670745849615e-07,0.9999996225039165
20260912_174204_152_paper_strict_raw_equation_seed2025_01f04b03,26,28,7.450580596923828e-08,0.9999998410542806,8.443991343180338e-08
20260912_174204_152_paper_strict_raw_equation_seed2025_01f04b03,26,29,3.973642985026043e-08,0.9999948044617971,5.15580177307129e-06
20260912_174204_152_paper_strict_raw_equation_seed2025_01f04b03,26,30,3.874301910400391e-07,4.9670537312825535e-09,0.9999996076027553
20260912_174204_152_paper_strict_raw_equation_seed2025_01f04b03,26,31,0.9999987035989761,1.986821492513021e-08,1.2765328089396157e-06
20260912_174204_152_paper_strict_raw_equation_seed2025_01f04b03,26,32,3.476937611897787e-08,4.967053731282553e-09,0.9999999602635702
20260912_174204_152_paper_strict_raw_equation_seed2025_01f04b03,26,33,2.086162567138672e-07,1.5397866566975912e-07,0.9999996374050777
20260912_174204_152_paper_strict_raw_equation_seed2025_01f04b03,26,34,1.0927518208821615e-07,0.9999998360872269,5.463759104410807e-08
20260912_174204_152_paper_strict_raw_equation_seed2025_01f04b03,26,35,1.5477339426676433e-05,4.9670537312825535e-09,0.9999845176935196
20260912_174204_152_paper_strict_raw_equation_seed2025_01f04b03,26,36,0.33955810964107513,0.6604413638512294,5.265076955159508e-07
20260912_174204_152_paper_strict_raw_equation_seed2025_01f04b03,26,37,4.967053731282553e-09,0.9999999056259792,8.940696716308594e-08
20260912_174204_152_paper_strict_raw_equation_seed2025_01f04b03,26,38,1.986821492513021e-08,0.9999997715155284,2.086162567138672e-07
20260912_174204_152_paper_strict_raw_equation_seed2025_01f04b03,26,39,6.819764773050944e-06,1.0083119074503584e-06,0.9999921719233196
20260912_174204_152_paper_strict_raw_equation_seed2025_01f04b03,26,40,4.967053731282553e-09,0.99999929467837,7.003545761108398e-07
20260912_174204_152_paper_strict_raw_equation_seed2025_01f04b03,26,41,0.9744913230339687,0.02550867199897766,4.967053731282556e-09
20260912_174204_152_paper_strict_raw_equation_seed2025_01f04b03,26,42,0.9999999900658926,4.967053731282553e-09,4.967053731282553e-09
20260912_174204_152_paper_strict_raw_equation_seed2025_01f04b03,26,43,4.967053731282552e-07,0.9989612698554993,0.0010382334391276042
20260912_174204_152_paper_strict_raw_equation_seed2025_01f04b03,26,44,4.967053731282553e-09,0.999999945362409,4.967053731282552e-08
20260912_174204_152_paper_strict_raw_equation_seed2025_01f04b03,26,45,4.967053731282553e-09,0.9999999552965164,3.973642985026042e-08
20260912_174204_152_paper_strict_raw_equation_seed2025_01f04b03,26,46,2.4835268656412758e-08,0.9999999155600866,5.960464477539063e-08
20260912_174204_152_paper_strict_raw_equation_seed2025_01f04b03,26,47,0.9999999900658926,4.967053731282553e-09,4.967053731282553e-09
20260912_174204_152_paper_strict_raw_equation_seed2025_01f04b03,26,48,1.539786656697592e-07,0.04101431866486868,0.9589855273564657
20260912_174204_152_paper_strict_raw_equation_seed2025_01f04b03,26,49,4.967053731282553e-09,0.9999999900658926,4.967053731282553e-09
20260912_174204_152_paper_strict_raw_equation_seed2025_01f04b03,26,50,0.9999663035074868,4.967053731282554e-09,3.369152545928955e-05
20260912_174204_152_paper_strict_raw_equation_seed2025_01f04b03,26,51,4.9670537312825535e-09,5.066394805908204e-07,0.9999994883934658
20260912_174204_152_paper_strict_raw_equation_seed2025_01f04b03,26,52,4.9670537312825535e-09,3.529091676076253e-05,0.9999647041161855
20260912_174204_152_paper_strict_raw_equation_seed2025_01f04b03,26,53,0.9999997913837433,2.0364920298258465e-07,4.967053731282553e-09
20260912_174204_152_paper_strict_raw_equation_seed2025_01f04b03,26,54,4.5696894327799486e-07,5.4091215133667e-06,0.9999941339095434
20260912_174204_152_paper_strict_raw_equation_seed2025_01f04b03,26,55,1.3907750447591147e-07,1.1920928955078125e-07,0.999999741713206
20260912_174204_152_paper_strict_raw_equation_seed2025_01f04b03,26,56,1.9371509552001953e-07,0.9999998013178508,4.967053731282553e-09
20260912_174204_152_paper_strict_raw_equation_seed2025_01f04b03,26,57,4.967053731282554e-09,0.9998867263396581,0.00011326869328816734
20260912_174204_152_paper_strict_raw_equation_seed2025_01f04b03,26,58,0.9999997168779373,4.967053731282553e-09,2.7815500895182293e-07
20260912_174204_152_paper_strict_raw_equation_seed2025_01f04b03,26,59,0.9997349977493286,0.0002649476130803426,5.463759104410807e-08
20260912_174204_152_paper_strict_raw_equation_seed2025_01f04b03,26,60,4.9670537312825535e-09,3.98854414621989e-06,0.9999960064888
20260912_174204_152_paper_strict_raw_equation_seed2025_01f04b03,26,61,4.967053731282554e-09,0.0010131696859995525,0.9989868253469467
20260912_174204_152_paper_strict_raw_equation_seed2025_01f04b03,26,62,0.9992158859968185,0.0007841090361277263,4.967053731282554e-09
20260912_174204_152_paper_strict_raw_equation_seed2025_01f04b03,26,63,5.421539147694906e-05,4.967053731282554e-09,0.9999457796414694
20260912_174204_152_paper_strict_raw_equation_seed2025_01f04b03,26,64,4.967053731282553e-09,2.4835268656412758e-08,0.9999999701976776
20260912_174204_152_paper_strict_raw_equation_seed2025_01f04b03,26,65,0.9999999552965164,3.973642985026042e-08,4.967053731282553e-09
20260912_174204_152_paper_strict_raw_equation_seed2025_01f04b03,26,66,0.9999999701976776,4.967053731282553e-09,2.4835268656412758e-08
20260912_174204_152_paper_strict_raw_equation_seed2025_01f04b03,26,67,0.6932723621527355,5.066394805908205e-07,0.306727131207784
20260912_174204_152_paper_strict_raw_equation_seed2025_01f04b03,26,68,9.785095850626628e-07,0.9999990165233612,4.9670537312825535e-09
20260912_174204_152_paper_strict_raw_equation_seed2025_01f04b03,26,69,5.414088567097981e-07,4.967053731282553e-09,0.9999994536240896
20260912_174204_152_paper_strict_raw_equation_seed2025_01f04b03,26,70,3.4769376118977873e-07,4.9670537312825535e-09,0.9999996473391851
20260912_174204_152_paper_strict_raw_equation_seed2025_01f04b03,26,71,0.00023920834064483643,4.967053731282554e-09,0.9997607866923015
20260912_174204_152_paper_strict_raw_equation_seed2025_01f04b03,26,72,0.004083986083666484,0.9959160089492798,4.9670537312825535e-09
20260912_174204_152_paper_strict_raw_equation_seed2025_01f04b03,26,73,0.9999995082616806,4.0729840596516925e-07,8.44399134318034e-08
20260912_174204_152_paper_strict_raw_equation_seed2025_01f04b03,26,74,0.9992125978072485,0.0007873972256978352,4.9670537312825535e-09
20260912_174204_152_paper_strict_raw_equation_seed2025_01f04b03,26,75,0.3240301211675008,4.967053731282555e-09,0.6759698738654455
20260912_174204_152_paper_strict_raw_equation_seed2025_01f04b03,26,76,0.9999970346689224,4.967053731282553e-09,2.960364023844401e-06
20260912_174204_152_paper_strict_raw_equation_seed2025_01f04b03,26,77,0.9999999403953552,5.463759104410808e-08,4.9670537312825535e-09
20260912_174204_152_paper_strict_raw_equation_seed2025_01f04b03,26,78,0.9999723037083944,4.9670537312825535e-09,2.7691324551900227e-05
20260912_174204_152_paper_strict_raw_equation_seed2025_01f04b03,26,79,5.463759104410809e-08,0.9631550212701162,0.036844924092292786
20260912_174204_152_paper_strict_raw_equation_seed2025_01f04b03,26,80,1.986821492513021e-08,0.9999999751647314,4.967053731282553e-09
20260912_174204_152_paper_strict_raw_equation_seed2025_01f04b03,26,81,0.9999946753184001,4.9670537312825535e-09,5.319714546203613e-06
20260912_174204_152_paper_strict_raw_equation_seed2025_01f04b03,26,82,4.967053731282553e-09,3.476937611897787e-08,0.9999999602635702
20260912_174204_152_paper_strict_raw_equation_seed2025_01f04b03,26,83,4.967053731282553e-09,4.967053731282552e-08,0.999999945362409
20260912_174204_152_paper_strict_raw_equation_seed2025_01f04b03,26,84,0.9999999900658926,4.967053731282553e-09,4.967053731282553e-09
20260912_174204_152_paper_strict_raw_equation_seed2025_01f04b03,26,85,4.967053731282554e-09,0.9980021466811498,0.001997848351796468
20260912_174204_152_paper_strict_raw_equation_seed2025_01f04b03,26,86,0.9999999900658926,4.967053731282553e-09,4.967053731282553e-09
20260912_174204_152_paper_strict_raw_equation_seed2025_01f04b03,26,87,4.967053731282553e-09,4.967053731282553e-09,0.9999999900658926
20260912_174204_152_paper_strict_raw_equation_seed2025_01f04b03,26,88,9.934107462565105e-08,0.9999971985816956,2.702077229817708e-06
20260912_174204_152_paper_strict_raw_equation_seed2025_01f04b03,26,89,6.953875223795573e-08,0.999999925494194,4.967053731282553e-09
20260912_174204_152_paper_strict_raw_equation_seed2025_01f04b03,26,90,1.4404455820719403e-07,4.967053731282553e-09,0.9999998509883881
20260912_174204_152_paper_strict_raw_equation_seed2025_01f04b03,26,91,2.483526865641276e-08,0.0007103830575942993,0.9992895921071371
20260912_174204_152_paper_strict_raw_equation_seed2025_01f04b03,26,92,2.3394823074340825e-06,0.0003970513741175334,0.9996006091435751
20260912_174204_152_paper_strict_raw_equation_seed2025_01f04b03,26,93,4.967053731282553e-09,0.9999999900658926,4.967053731282553e-09
20260912_174204_152_paper_strict_raw_equation_seed2025_01f04b03,26,94,3.476937611897787e-08,2.4835268656412758e-08,0.9999999403953552
20260912_174204_152_paper_strict_raw_equation_seed2025_01f04b03,26,95,4.967053731282553e-09,3.973642985026042e-08,0.9999999552965164
20260912_174204_152_paper_strict_raw_equation_seed2025_01f04b03,26,96,4.9670537312825516e-08,0.9999994486570358,5.016724268595377e-07
20260912_174204_152_paper_strict_raw_equation_seed2025_01f04b03,26,97,4.967053731282553e-09,4.967053731282553e-09,0.9999999900658926
20260912_174204_152_paper_strict_raw_equation_seed2025_01f04b03,26,98,0.9999999900658926,4.967053731282553e-09,4.967053731282553e-09
20260912_174204_152_paper_strict_raw_equation_seed2025_01f04b03,26,99,5.016724268595378e-07,0.9999994734923046,2.483526865641275e-08
20260912_174204_152_paper_strict_raw_equation_seed2025_01f04b03,26,100,4.967053731282553e-09,0.9999996970097225,2.980232238769531e-07
20260912_174204_152_paper_strict_raw_equation_seed2025_01f04b03,26,101,0.9999999403953552,5.463759104410808e-08,4.9670537312825535e-09
20260912_174204_152_paper_strict_raw_equation_seed2025_01f04b03,27,0,0.9999999950329463,2.4835268656412763e-09,2.4835268656412763e-09
20260912_174204_152_paper_strict_raw_equation_seed2025_01f04b03,27,1,2.4835268656412763e-09,2.4835268656412763e-09,0.9999999950329463
20260912_174204_152_paper_strict_raw_equation_seed2025_01f04b03,27,2,3.2285849253336586e-08,0.9999999577800434,9.934107462565105e-09
20260912_174204_152_paper_strict_raw_equation_seed2025_01f04b03,27,3,0.9999978716174762,2.10106372833252e-06,2.731879552205404e-08
20260912_174204_152_paper_strict_raw_equation_seed2025_01f04b03,27,4,2.558032671610514e-07,2.4835268656412763e-09,0.999999741713206
20260912_174204_152_paper_strict_raw_equation_seed2025_01f04b03,27,5,3.476937611897787e-08,0.999999905625979,5.960464477539063e-08
20260912_174204_152_paper_strict_raw_equation_seed2025_01f04b03,27,6,2.4835268656412763e-09,0.9999998981753986,9.934107462565105e-08
20260912_174204_152_paper_strict_raw_equation_seed2025_01f04b03,27,7,1.2417634328206379e-08,0.9999999751647314,1.2417634328206379e-08
20260912_174204_152_paper_strict_raw_equation_seed2025_01f04b03,27,8,0.00030641009410222375,0.9996935774882635,1.241763432820638e-08
20260912_174204_152_paper_strict_raw_equation_seed2025_01f04b03,27,9,0.9999999850988388,2.4835268656412763e-09,1.2417634328206379e-08
20260912_174204_152_paper_strict_raw_equation_seed2025_01f04b03,27,10,0.4754603405793508,0.5245396569371223,2.483526865641278e-09
20260912_174204_152_paper_strict_raw_equation_seed2025_01f04b03,27,11,2.483526865641277e-09,0.5503148138523102,0.44968518366416294
20260912_174204_152_paper_strict_raw_equation_seed2025_01f04b03,27,12,1.1970599492390952e-06,0.9999987905224165,1.2417634328206379e-08
20260912_174204_152_paper_strict_raw_equation_seed2025_01f04b03,27,13,0.28828565776348114,0.711714339752992,2.4835268656412776e-09
20260912_174204_152_paper_strict_raw_equation_seed2025_01f04b03,27,14,0.9999999950329463,2.4835268656412763e-09,2.4835268656412763e-09
20260912_174204_152_paper_strict_raw_equation_seed2025_01f04b03,27,15,0.5958859448631605,0.4040138696630796,0.00010018547375996908
20260912_174204_152_paper_strict_raw_equation_seed2025_01f04b03,27,16,1.7384688059488933e-08,0.9999999801317851,2.4835268656412763e-09
20260912_174204_152_paper_strict_raw_equation_seed2025_01f04b03,27,17,0.9999999950329463,2.4835268656412763e-09,2.4835268656412763e-09
20260912_174204_152_paper_strict_raw_equation_seed2025_01f04b03,27,18,9.934107462565105e-09,2.4835268656412763e-09,0.9999999875823657
20260912_174204_152_paper_strict_raw_equation_seed2025_01f04b03,27,19,2.4835268656412763e-09,0.9999998807907104,1.1672576268513998e-07
20260912_174204_152_paper_strict_raw_equation_seed2025_01f04b03,27,20,2.4835268656412763e-09,0.9999999950329463,2.4835268656412763e-09
20260912_174204_152_paper_strict_raw_equation_seed2025_01f04b03,27,21,0.9999999205271404,7.698933283487956e-08,2.4835268656412763e-09
20260912_174204_152_paper_strict_raw_equation_seed2025_01f04b03,27,22,0.9999983310699463,1.6515453656514485e-06,1.7384688059488933e-08
20260912_174204_152_paper_strict_raw_equation_seed2025_01f04b03,27,23,0.9999999950329463,2.4835268656412763e-09,2.4835268656412763e-09
20260912_174204_152_paper_strict_raw_equation_seed2025_01f04b03,27,24,0.996836744248867,2.4835268656412767e-09,0.003163253267606099
20260912_174204_152_paper_strict_raw_equation_seed2025_01f04b03,27,25,9.934107462565105e-08,0.9999998733401299,2.7318795522054035e-08
20260912_174204_152_paper_strict_raw_equation_seed2025_01f04b03,27,26,0.7614859168728193,9.93410746256511e-09,0.23851407319307327
20260912_174204_152_paper_strict_raw_equation_seed2025_01f04b03,27,27,1.7384688059488937e-08,1.7136335372924807e-07,0.9999998112519582
20260912_174204_152_paper_strict_raw_equation_seed2025_01f04b03,27,28,3.725290298461914e-08,0.9999999205271404,4.221995671590169e-08
20260912_174204_152_paper_strict_raw_equation_seed2025_01f04b03,27,29,1.986821492513021e-08,0.9999974022308984,2.5779008865356445e-06
20260912_174204_152_paper_strict_raw_equation_seed2025_01f04b03,27,30,1.9371509552001956e-07,2.4835268656412767e-09,0.9999998038013777
20260912_174204_152_paper_strict_raw_equation_seed2025_01f04b03,27,31,0.9999993517994881,9.934107462565105e-09,6.382664044698079e-07
20260912_174204_152_paper_strict_raw_equation_seed2025_01f04b03,27,32,1.7384688059488933e-08,2.4835268656412763e-09,0.9999999801317851
20260912_174204_152_paper_strict_raw_equation_seed2025_01f04b03,27,33,1.043081283569336e-07,7.698933283487956e-08,0.9999998187025388
20260912_174204_152_paper_strict_raw_equation_seed2025_01f04b03,27,34,5.463759104410808e-08,0.9999999180436134,2.7318795522054035e-08
20260912_174204_152_paper_strict_raw_equation_seed2025_01f04b03,27,35,7.738669713338217e-06,2.4835268656412767e-09,0.9999922588467598
20260912_174204_152_paper_strict_raw_equation_seed2025_01f04b03,27,36,0.16977905482053757,0.8302206819256147,2.632538477579754e-07
20260912_174204_152_paper_strict_raw_equation_seed2025_01f04b03,27,37,2.4835268656412763e-09,0.9999999528129896,4.470348358154297e-08
20260912_174204_152_paper_strict_raw_equation_seed2025_01f04b03,27,38,9.934107462565105e-09,0.9999998857577642,1.043081283569336e-07
20260912_174204_152_paper_strict_raw_equation_seed2025_01f04b03,27,39,3.409882386525472e-06,5.041559537251792e-07,0.9999960859616598
20260912_174204_152_paper_strict_raw_equation_seed2025_01f04b03,27,40,2.4835268656412767e-09,0.9999996473391851,3.5017728805542e-07
20260912_174204_152_paper_strict_raw_equation_seed2025_01f04b03,27,41,0.9872456615169843,0.01275433599948883,2.483526865641278e-09
20260912_174204_152_paper_strict_raw_equation_seed2025_01f04b03,27,42,0.9999999950329463,2.4835268656412763e-09,2.4835268656412763e-09
20260912_174204_152_paper_strict_raw_equation_seed2025_01f04b03,27,43,2.483526865641276e-07,0.9994806349277496,0.0005191167195638021
20260912_174204_152_paper_strict_raw_equation_seed2025_01f04b03,27,44,2.4835268656412763e-09,0.9999999726812046,2.483526865641276e-08
20260912_174204_152_paper_strict_raw_equation_seed2025_01f04b03,27,45,2.4835268656412763e-09,0.9999999776482582,1.986821492513021e-08
20260912_174204_152_paper_strict_raw_equation_seed2025_01f04b03,27,46,1.2417634328206379e-08,0.9999999577800434,2.9802322387695312e-08
20260912_174204_152_paper_strict_raw_equation_seed2025_01f04b03,27,47,0.9999999950329463,2.4835268656412763e-09,2.4835268656412763e-09
20260912_174204_152_paper_strict_raw_equation_seed2025_01f04b03,27,48,7.69893328348796e-08,0.02050715933243434,0.9794927636782329
20260912_174204_152_paper_strict_raw_equation_seed2025_01f04b03,27,49,2.4835268656412763e-09,0.9999999950329463,2.4835268656412763e-09
20260912_174204_152_paper_strict_raw_equation_seed2025_01f04b03,27,50,0.9999831517537435,2.4835268656412776e-09,1.684576272964478e-05
20260912_174204_152_paper_strict_raw_equation_seed2025_01f04b03,27,51,2.4835268656412767e-09,2.533197402954102e-07,0.9999997441967329
20260912_174204_152_paper_strict_raw_equation_seed2025_01f04b03,27,52,2.4835268656412767e-09,1.7645458380381264e-05,0.9999823520580928
20260912_174204_152_paper_strict_raw_equation_seed2025_01f04b03,27,53,0.9999998956918716,1.0182460149129233e-07,2.4835268656412763e-09
20260912_174204_152_paper_strict_raw_equation_seed2025_01f04b03,27,54,2.2848447163899743e-07,2.70456075668335e-06,0.9999970669547718
20260912_174204_152_paper_strict_raw_equation_seed2025_01f04b03,27,55,6.953875223795573e-08,5.960464477539063e-08,0.999999870856603
20260912_174204_152_paper_strict_raw_equation_seed2025_01f04b03,27,56,9.685754776000977e-08,0.9999999006589254,2.4835268656412763e-09
20260912_174204_152_paper_strict_raw_equation_seed2025_01f04b03,27,57,2.483526865641277e-09,0.9999433631698291,5.663434664408367e-05
20260912_174204_152_paper_strict_raw_equation_seed2025_01f04b03,27,58,0.9999998584389687,2.4835268656412763e-09,1.3907750447591147e-07
20260912_174204_152_paper_strict_raw_equation_seed2025_01f04b03,27,59,0.9998674988746643,0.0001324738065401713,2.7318795522054035e-08
20260912_174204_152_paper_strict_raw_equation_seed2025_01f04b03,27,60,2.4835268656412767e-09,1.994272073109945e-06,0.9999980032444
20260912_174204_152_paper_strict_raw_equation_seed2025_01f04b03,27,61,2.483526865641277e-09,0.0005065848429997762,0.9994934126734734
20260912_174204_152_paper_strict_raw_equation_seed2025_01f04b03,27,62,0.9996079429984093,0.00039205451806386315,2.483526865641277e-09
20260912_174204_152_paper_strict_raw_equation_seed2025_01f04b03,27,63,2.710769573847453e-05,2.483526865641277e-09,0.9999728898207347
20260912_174204_152_paper_strict_raw_equation_seed2025_01f04b03,27,64,2.4835268656412763e-09,1.2417634328206379e-08,0.9999999850988388
20260912_174204_152_paper_strict_raw_equation_seed2025_01f04b03,27,65,0.9999999776482582,1.986821492513021e-08,2.4835268656412763e-09
20260912_174204_152_paper_strict_raw_equation_seed2025_01f04b03,27,66,0.9999999850988388,2.4835268656412763e-09,1.2417634328206379e-08
20260912_174204_152_paper_strict_raw_equation_seed2025_01f04b03,27,67,0.7216361810763677,2.5331974029541026e-07,0.27836356560389197
20260912_174204_152_paper_strict_raw_equation_seed2025_01f04b03,27,68,4.892547925313314e-07,0.9999995082616806,2.4835268656412767e-09
20260912_174204_152_paper_strict_raw_equation_seed2025_01f04b03,27,69,2.7070442835489905e-07,2.4835268656412763e-09,0.9999997268120449
20260912_174204_152_paper_strict_raw_equation_seed2025_01f04b03,27,70,1.7384688059488937e-07,2.4835268656412767e-09,0.9999998236695926
20260912_174204_152_paper_strict_raw_equation_seed2025_01f04b03,27,71,0.00011960417032241821,2.483526865641277e-09,0.9998803933461508
20260912_174204_152_paper_strict_raw_equation_seed2025_01f04b03,27,72,0.002041993041833242,0.9979580044746399,2.4835268656412767e-09
20260912_174204_152_paper_strict_raw_equation_seed2025_01f04b03,27,73,0.9999997541308403,2.0364920298258463e-07,4.22199567159017e-08
20260912_174204_152_paper_strict_raw_equation_seed2025_01f04b03,27,74,0.9996062989036243,0.0003936986128489176,2.4835268656412767e-09
20260912_174204_152_paper_strict_raw_equation_seed2025_01f04b03,27,75,0.28701506058375037,2.4835268656412776e-09,0.7129849369327228
20260912_174204_152_paper_strict_raw_equation_seed2025_01f04b03,27,76,0.9999985173344612,2.4835268656412763e-09,1.4801820119222005e-06
20260912_174204_152_paper_strict_raw_equation_seed2025_01f04b03,27,77,0.9999999701976776,2.731879552205404e-08,2.4835268656412767e-09
20260912_174204_152_paper_strict_raw_equation_seed2025_01f04b03,27,78,0.9999861518541973,2.4835268656412767e-09,1.3845662275950113e-05
20260912_174204_152_paper_strict_raw_equation_seed2025_01f04b03,27,79,2.7318795522054045e-08,0.9815775106350582,0.018422462046146393
20260912_174204_152_paper_strict_raw_equation_seed2025_01f04b03,27,80,9.934107462565105e-09,0.9999999875823657,2.4835268656412763e-09
20260912_174204_152_paper_strict_raw_equation_seed2025_01f04b03,27,81,0.9999973376592001,2.4835268656412767e-09,2.6598572731018066e-06
20260912_174204_152_paper_strict_raw_equation_seed2025_01f04b03,27,82,2.4835268656412763e-09,1.7384688059488933e-08,0.9999999801317851
20260912_174204_152_paper_strict_raw_equation_seed2025_01f04b03,27,83,2.4835268656412763e-09,2.483526865641276e-08,0.9999999726812046
20260912_174204_152_paper_strict_raw_equation_seed2025_01f04b03,27,84,0.9999999950329463,2.4835268656412763e-09,2.4835268656412763e-09
20260912_174204_152_paper_strict_raw_equation_seed2025_01f04b03,27,85,2.483526865641277e-09,0.999001073340575,0.000998924175898234
20260912_174204_152_paper_strict_raw_equation_seed2025_01f04b03,27,86,0.9999999950329463,2.4835268656412763e-09,2.4835268656412763e-09
20260912_174204_152_paper_strict_raw_equation_seed2025_01f04b03,27,87,2.4835268656412763e-09,2.4835268656412763e-09,0.9999999950329463
20260912_174204_152_paper_strict_raw_equation_seed2025_01f04b03,27,88,4.967053731282552e-08,0.9999985992908478,1.351038614908854e-06
20260912_174204_152_paper_strict_raw_equation_seed2025_01f04b03,27,89,3.476937611897787e-08,0.999999962747097,2.4835268656412763e-09
20260912_174204_152_paper_strict_raw_equation_seed2025_01f04b03,27,90,7.202227910359701e-08,2.4835268656412763e-09,0.999999925494194
20260912_174204_152_paper_strict_raw_equation_seed2025_01f04b03,27,91,1.241763432820638e-08,0.00035519152879714966,0.9996447960535686
20260912_174204_152_paper_strict_raw_equation_seed2025_01f04b03,27,92,1.1697411537170412e-06,0.0001985256870587667,0.9998003045717876
20260912_174204_152_paper_strict_raw_equation_seed2025_01f04b03,27,93,2.4835268656412763e-09,0.9999999950329463,2.4835268656412763e-09
20260912_174204_152_paper_strict_raw_equation_seed2025_01f04b03,27,94,1.7384688059488933e-08,1.2417634328206379e-08,0.9999999701976776
20260912_174204_152_paper_strict_raw_equation_seed2025_01f04b03,27,95,2.4835268656412763e-09,1.986821492513021e-08,0.9999999776482582
20260912_174204_152_paper_strict_raw_equation_seed2025_01f04b03,27,96,2.4835268656412758e-08,0.9999997243285179,2.5083621342976886e-07
20260912_174204_152_paper_strict_raw_equation_seed2025_01f04b03,27,97,2.4835268656412763e-09,2.4835268656412763e-09,0.9999999950329463
20260912_174204_152_paper_strict_raw_equation_seed2025_01f04b03,27,98,0.9999999950329463,2.4835268656412763e-09,2.4835268656412763e-09
20260912_174204_152_paper_strict_raw_equation_seed2025_01f04b03,27,99,2.508362134297689e-07,0.9999997367461523,1.2417634328206376e-08
20260912_174204_152_paper_strict_raw_equation_seed2025_01f04b03,27,100,2.4835268656412763e-09,0.9999998485048612,1.4901161193847656e-07
20260912_174204_152_paper_strict_raw_equation_seed2025_01f04b03,27,101,0.9999999701976776,2.731879552205404e-08,2.4835268656412767e-09
20260912_174204_152_paper_strict_raw_equation_seed2025_01f04b03,28,0,0.9999999975164732,1.2417634328206382e-09,1.2417634328206382e-09
20260912_174204_152_paper_strict_raw_equation_seed2025_01f04b03,28,1,1.2417634328206382e-09,1.2417634328206382e-09,0.9999999975164732
20260912_174204_152_paper_strict_raw_equation_seed2025_01f04b03,28,2,1.6142924626668293e-08,0.9999999788900217,4.967053731282553e-09
20260912_174204_152_paper_strict_raw_equation_seed2025_01f04b03,28,3,0.9999989358087381,1.05053186416626e-06,1.365939776102702e-08
20260912_174204_152_paper_strict_raw_equation_seed2025_01f04b03,28,4,1.279016335805257e-07,1.2417634328206382e-09,0.999999870856603
20260912_174204_152_paper_strict_raw_equation_seed2025_01f04b03,28,5,1.7384688059488937e-08,0.9999999528129896,2.980232238769532e-08
20260912_174204_152_paper_strict_raw_equation_seed2025_01f04b03,28,6,1.2417634328206382e-09,0.9999999490876993,4.967053731282552e-08
20260912_174204_152_paper_strict_raw_equation_seed2025_01f04b03,28,7,6.2088171641031896e-09,0.9999999875823657,6.2088171641031896e-09
20260912_174204_152_paper_strict_raw_equation_seed2025_01f04b03,28,8,0.00015320504705111188,0.9998467887441318,6.20881716410319e-09
20260912_174204_152_paper_strict_raw_equation_seed2025_01f04b03,28,9,0.9999999925494194,1.2417634328206382e-09,6.2088171641031896e-09
20260912_174204_152_paper_strict_raw_equation_seed2025_01f04b03,28,10,0.3627301702896754,0.6372698284685612,1.241763432820639e-09
20260912_174204_152_paper_strict_raw_equation_seed2025_01f04b03,28,11,1.2417634328206386e-09,0.6501574069261551,0.34984259183208144
20260912_174204_152_paper_strict_raw_equation_seed2025_01f04b03,28,12,5.985299746195476e-07,0.9999993952612083,6.2088171641031896e-09
20260912_174204_152_paper_strict_raw_equation_seed2025_01f04b03,28,13,0.39414282888174057,0.6058571698764961,1.2417634328206388e-09
20260912_174204_152_paper_strict_raw_equation_seed2025_01f04b03,28,14,0.9999999975164732,1.2417634328206382e-09,1.2417634328206382e-09
20260912_174204_152_paper_strict_raw_equation_seed2025_01f04b03,28,15,0.5479429724315802,0.4520069348315397,5.009273687998453e-05
20260912_174204_152_paper_strict_raw_equation_seed2025_01f04b03,28,16,8.692344029744467e-09,0.9999999900658926,1.2417634328206382e-09
20260912_174204_152_paper_strict_raw_equation_seed2025_01f04b03,28,17,0.9999999975164732,1.2417634328206382e-09,1.2417634328206382e-09
20260912_174204_152_paper_strict_raw_equation_seed2025_01f04b03,28,18,4.967053731282553e-09,1.2417634328206382e-09,0.9999999937911829
20260912_174204_152_paper_strict_raw_equation_seed2025_01f04b03,28,19,1.2417634328206382e-09,0.9999999403953552,5.836288134256999e-08
20260912_174204_152_paper_strict_raw_equation_seed2025_01f04b03,28,20,1.2417634328206382e-09,0.9999999975164732,1.2417634328206382e-09
20260912_174204_152_paper_strict_raw_equation_seed2025_01f04b03,28,21,0.9999999602635702,3.849466641743978e-08,1.2417634328206382e-09
20260912_174204_152_paper_strict_raw_equation_seed2025_01f04b03,28,22,0.9999991655349731,8.257726828257242e-07,8.692344029744467e-09
20260912_174204_152_paper_strict_raw_equation_seed2025_01f04b03,28,23,0.9999999975164732,1.2417634328206382e-09,1.2417634328206382e-09
20260912_174204_152_paper_strict_raw_equation_seed2025_01f04b03,28,24,0.9984183721244335,1.2417634328206384e-09,0.0015816266338030496
20260912_174204_152_paper_strict_raw_equation_seed2025_01f04b03,28,25,4.967053731282552e-08,0.9999999366700649,1.3659397761027018e-08
20260912_174204_152_paper_strict_raw_equation_seed2025_01f04b03,28,26,0.6307429584364097,4.967053731282555e-09,0.36925703659653664
20260912_174204_152_paper_strict_raw_equation_seed2025_01f04b03,28,27,8.692344029744468e-09,8.568167686462404e-08,0.9999999056259792
20260912_174204_152_paper_strict_raw_equation_seed2025_01f04b03,28,28,1.862645149230957e-08,0.9999999602635702,2.1109978357950844e-08
20260912_174204_152_paper_strict_raw_equation_seed2025_01f04b03,28,29,9.934107462565107e-09,0.9999987011154493,1.2889504432678225e-06
20260912_174204_152_paper_strict_raw_equation_seed2025_01f04b03,28,30,9.685754776000978e-08,1.2417634328206384e-09,0.9999999019006889
20260912_174204_152_paper_strict_raw_equation_seed2025_01f04b03,28,31,0.999999675899744,4.967053731282553e-09,3.1913320223490394e-07
20260912_174204_152_paper_strict_raw_equation_seed2025_01f04b03,28,32,8.692344029744467e-09,1.2417634328206382e-09,0.9999999900658926
20260912_174204_152_paper_strict_raw_equation_seed2025_01f04b03,28,33,5.21540641784668e-08,3.849466641743978e-08,0.9999999093512695
20260912_174204_152_paper_strict_raw_equation_seed2025_01f04b03,28,34,2.731879552205404e-08,0.9999999590218067,1.3659397761027018e-08
20260912_174204_152_paper_strict_raw_equation_seed2025_01f04b03,28,35,3.869334856669108e-06,1.2417634328206384e-09,0.9999961294233799
20260912_174204_152_paper_strict_raw_equation_seed2025_01f04b03,28,36,0.08488952741026878,0.9151103409628074,1.316269238789877e-07
20260912_174204_152_paper_strict_raw_equation_seed2025_01f04b03,28,37,1.2417634328206382e-09,0.9999999764064949,2.2351741790771484e-08
20260912_174204_152_paper_strict_raw_equation_seed2025_01f04b03,28,38,4.967053731282553e-09,0.9999999428788822,5.21540641784668e-08
20260912_174204_152_paper_strict_raw_equation_seed2025_01f04b03,28,39,1.704941193262736e-06,2.520779768625896e-07,0.99999804298083
20260912_174204_152_paper_strict_raw_equation_seed2025_01f04b03,28,40,1.2417634328206382e-09,0.9999998236695924,1.7508864402770996e-07
20260912_174204_152_paper_strict_raw_equation_seed2025_01f04b03,28,41,0.9936228307584922,0.006377167999744415,1.241763432820639e-09
20260912_174204_152_paper_strict_raw_equation_seed2025_01f04b03,28,42,0.9999999975164732,1.2417634328206382e-09,1.2417634328206382e-09
20260912_174204_152_paper_strict_raw_equation_seed2025_01f04b03,28,43,1.241763432820638e-07,0.9997403174638748,0.00025955835978190106
20260912_174204_152_paper_strict_raw_equation_seed2025_01f04b03,28,44,1.2417634328206382e-09,0.9999999863406023,1.241763432820638e-08
20260912_174204_152_paper_strict_raw_equation_seed2025_01f04b03,28,45,1.2417634328206382e-09,0.9999999888241291,9.934107462565105e-09
20260912_174204_152_paper_strict_raw_equation_seed2025_01f04b03,28,46,6.2088171641031896e-09,0.9999999788900217,1.4901161193847656e-08
20260912_174204_152_paper_strict_raw_equation_seed2025_01f04b03,28,47,0.9999999975164732,1.2417634328206382e-09,1.2417634328206382e-09
20260912_174204_152_paper_strict_raw_equation_seed2025_01f04b03,28,48,3.84946664174398e-08,0.13525357966621718,0.8647463818391165
20260912_174204_152_paper_strict_raw_equation_seed2025_01f04b03,28,49,1.2417634328206382e-09,0.9999999975164732,1.2417634328206382e-09
20260912_174204_152_paper_strict_raw_equation_seed2025_01f04b03,28,50,0.9999915758768716,1.2417634328206386e-09,8.422881364822388e-06
20260912_174204_152_paper_strict_raw_equation_seed2025_01f04b03,28,51,1.2417634328206384e-09,1.266598701477051e-07,0.9999998720983665
20260912_174204_152_paper_strict_raw_equation_seed2025_01f04b03,28,52,1.2417634328206384e-09,8.822729190190632e-06,0.9999911760290464
20260912_174204_152_paper_strict_raw_equation_seed2025_01f04b03,28,53,0.9999999478459358,5.091230074564616e-08,1.2417634328206382e-09
20260912_174204_152_paper_strict_raw_equation_seed2025_01f04b03,28,54,1.1424223581949872e-07,1.352280378341675e-06,0.9999985334773859
20260912_174204_152_paper_strict_raw_equation_seed2025_01f04b03,28,55,3.476937611897787e-08,2.9802322387695312e-08,0.9999999354283016
20260912_174204_152_paper_strict_raw_equation_seed2025_01f04b03,28,56,4.842877388000488e-08,0.9999999503294628,1.2417634328206382e-09
20260912_174204_152_paper_strict_raw_equation_seed2025_01f04b03,28,57,1.2417634328206386e-09,0.9999716815849146,2.8317173322041835e-05
20260912_174204_152_paper_strict_raw_equation_seed2025_01f04b03,28,58,0.9999999292194843,1.2417634328206382e-09,6.953875223795573e-08
20260912_174204_152_paper_strict_raw_equation_seed2025_01f04b03,28,59,0.9999337494373322,6.623690327008565e-05,1.3659397761027018e-08
20260912_174204_152_paper_strict_raw_equation_seed2025_01f04b03,28,60,1.2417634328206384e-09,9.971360365549724e-07,0.9999990016222
20260912_174204_152_paper_strict_raw_equation_seed2025_01f04b03,28,61,1.2417634328206386e-09,0.0002532924214998881,0.9997467063367367
20260912_174204_152_paper_strict_raw_equation_seed2025_01f04b03,28,62,0.9998039714992046,0.00019602725903193158,1.2417634328206386e-09
20260912_174204_152_paper_strict_raw_equation_seed2025_01f04b03,28,63,1.3553847869237265e-05,1.2417634328206386e-09,0.9999864449103674
20260912_174204_152_paper_strict_raw_equation_seed2025_01f04b03,28,64,1.2417634328206382e-09,6.2088171641031896e-09,0.9999999925494194
20260912_174204_152_paper_strict_raw_equation_seed2025_01f04b03,28,65,0.9999999888241291,9.934107462565105e-09,1.2417634328206382e-09
20260912_174204_152_paper_strict_raw_equation_seed2025_01f04b03,28,66,0.9999999925494194,1.2417634328206382e-09,6.2088171641031896e-09
20260912_174204_152_paper_strict_raw_equation_seed2025_01f04b03,28,67,0.6108180905381839,1.2665987014770513e-07,0.389181782801946
20260912_174204_152_paper_strict_raw_equation_seed2025_01f04b03,28,68,2.446273962656657e-07,0.9999997541308403,1.2417634328206384e-09
20260912_174204_152_paper_strict_raw_equation_seed2025_01f04b03,28,69,1.3535221417744953e-07,1.2417634328206382e-09,0.9999998634060224
20260912_174204_152_paper_strict_raw_equation_seed2025_01f04b03,28,70,8.692344029744468e-08,1.2417634328206384e-09,0.9999999118347963
20260912_174204_152_paper_strict_raw_equation_seed2025_01f04b03,28,71,5.9802085161209106e-05,1.2417634328206386e-09,0.9999401966730754
20260912_174204_152_paper_strict_raw_equation_seed2025_01f04b03,28,72,0.001020996520916621,0.99897900223732,1.2417634328206384e-09
20260912_174204_152_paper_strict_raw_equation_seed2025_01f04b03,28,73,0.9999998770654202,1.0182460149129231e-07,2.110997835795085e-08
20260912_174204_152_paper_strict_raw_equation_seed2025_01f04b03,28,74,0.9998031494518121,0.0001968493064244588,1.2417634328206384e-09
20260912_174204_152_paper_strict_raw_equation_seed2025_01f04b03,28,75,0.2685075302918752,1.2417634328206388e-09,0.7314924684663614
20260912_174204_152_paper_strict_raw_equation_seed2025_01f04b03,28,76,0.9999992586672306,1.2417634328206382e-09,7.400910059611002e-07
20260912_174204_152_paper_strict_raw_equation_seed2025_01f04b03,28,77,0.9999999850988388,1.365939776102702e-08,1.2417634328206384e-09
20260912_174204_152_paper_strict_raw_equation_seed2025_01f04b03,28,78,0.9999930759270986,1.2417634328206384e-09,6.922831137975057e-06
20260912_174204_152_paper_strict_raw_equation_seed2025_01f04b03,28,79,1.3659397761027023e-08,0.9907887553175291,0.009211231023073196
20260912_174204_152_paper_strict_raw_equation_seed2025_01f04b03,28,80,4.967053731282553e-09,0.9999999937911829,1.2417634328206382e-09
20260912_174204_152_paper_strict_raw_equation_seed2025_01f04b03,28,81,0.9999986688296001,1.2417634328206384e-09,1.3299286365509033e-06
20260912_174204_152_paper_strict_raw_equation_seed2025_01f04b03,28,82,1.2417634328206382e-09,8.692344029744467e-09,0.9999999900658926
20260912_174204_152_paper_strict_raw_equation_seed2025_01f04b03,28,83,1.2417634328206382e-09,1.241763432820638e-08,0.9999999863406023
20260912_174204_152_paper_strict_raw_equation_seed2025_01f04b03,28,84,0.9999999975164732,1.2417634328206382e-09,1.2417634328206382e-09
20260912_174204_152_paper_strict_raw_equation_seed2025_01f04b03,28,85,1.2417634328206386e-09,0.9995005366702875,0.000499462087949117
20260912_174204_152_paper_strict_raw_equation_seed2025_01f04b03,28,86,0.9999999975164732,1.2417634328206382e-09,1.2417634328206382e-09
20260912_174204_152_paper_strict_raw_equation_seed2025_01f04b03,28,87,1.2417634328206382e-09,1.2417634328206382e-09,0.9999999975164732
20260912_174204_152_paper_strict_raw_equation_seed2025_01f04b03,28,88,2.483526865641276e-08,0.9999992996454239,6.75519307454427e-07
20260912_174204_152_paper_strict_raw_equation_seed2025_01f04b03,28,89,1.7384688059488933e-08,0.9999999813735485,1.2417634328206382e-09
20260912_174204_152_paper_strict_raw_equation_seed2025_01f04b03,28,90,3.601113955179851e-08,1.2417634328206382e-09,0.999999962747097
20260912_174204_152_paper_strict_raw_equation_seed2025_01f04b03,28,91,6.20881716410319e-09,0.00017759576439857483,0.9998223980267843
20260912_174204_152_paper_strict_raw_equation_seed2025_01f04b03,28,92,5.848705768585206e-07,9.926284352938335e-05,0.9999001522858938
20260912_174204_152_paper_strict_raw_equation_seed2025_01f04b03,28,93,1.2417634328206382e-09,0.9999999975164732,1.2417634328206382e-09
20260912_174204_152_paper_strict_raw_equation_seed2025_01f04b03,28,94,8.692344029744467e-09,6.2088171641031896e-09,0.9999999850988388
20260912_174204_152_paper_strict_raw_equation_seed2025_01f04b03,28,95,1.2417634328206382e-09,9.934107462565105e-09,0.9999999888241291
20260912_174204_152_paper_strict_raw_equation_seed2025_01f04b03,28,96,1.2417634328206379e-08,0.999999862164259,1.2541810671488443e-07
20260912_174204_152_paper_strict_raw_equation_seed2025_01f04b03,28,97,1.2417634328206382e-09,1.2417634328206382e-09,0.9999999975164732
20260912_174204_152_paper_strict_raw_equation_seed2025_01f04b03,28,98,0.9999999975164732,1.2417634328206382e-09,1.2417634328206382e-09
20260912_174204_152_paper_strict_raw_equation_seed2025_01f04b03,28,99,1.2541810671488446e-07,0.9999998683730762,6.208817164103188e-09
20260912_174204_152_paper_strict_raw_equation_seed2025_01f04b03,28,100,1.2417634328206382e-09,0.9999999242524307,7.450580596923828e-08
20260912_174204_152_paper_strict_raw_equation_seed2025_01f04b03,28,101,0.9999999850988388,1.365939776102702e-08,1.2417634328206384e-09
20260912_174204_152_paper_strict_raw_equation_seed2025_01f04b03,29,0,0.9999999987582366,6.208817164103191e-10,6.208817164103191e-10
20260912_174204_152_paper_strict_raw_equation_seed2025_01f04b03,29,1,6.208817164103191e-10,6.208817164103191e-10,0.9999999987582366
20260912_174204_152_paper_strict_raw_equation_seed2025_01f04b03,29,2,8.071462313334147e-09,0.9999999894450109,2.4835268656412763e-09
20260912_174204_152_paper_strict_raw_equation_seed2025_01f04b03,29,3,0.9999994679043691,5.2526593208313e-07,6.82969888051351e-09
20260912_174204_152_paper_strict_raw_equation_seed2025_01f04b03,29,4,6.395081679026285e-08,6.208817164103191e-10,0.9999999354283016
20260912_174204_152_paper_strict_raw_equation_seed2025_01f04b03,29,5,8.692344029744467e-09,0.9999999764064946,1.4901161193847656e-08
20260912_174204_152_paper_strict_raw_equation_seed2025_01f04b03,29,6,6.208817164103191e-10,0.9999999745438497,2.483526865641276e-08
20260912_174204_152_paper_strict_raw_equation_seed2025_01f04b03,29,7,3.1044085820515948e-09,0.9999999937911829,3.1044085820515948e-09
20260912_174204_152_paper_strict_raw_equation_seed2025_01f04b03,29,8,7.660252352555594e-05,0.9999233943720659,3.104408582051595e-09
20260912_174204_152_paper_strict_raw_equation_seed2025_01f04b03,29,9,0.9999999962747097,6.208817164103191e-10,3.1044085820515948e-09
20260912_174204_152_paper_strict_raw_equation_seed2025_01f04b03,29,10,0.30636508514483773,0.6936349142342806,6.208817164103195e-10
20260912_174204_152_paper_strict_raw_equation_seed2025_01f04b03,29,11,6.208817164103193e-10,0.5750787034630775,0.4249212959160407
20260912_174204_152_paper_strict_raw_equation_seed2025_01f04b03,29,12,2.992649873097738e-07,0.9999996976306041,3.1044085820515948e-09
20260912_174204_152_paper_strict_raw_equation_seed2025_01f04b03,29,13,0.5720714144408703,0.42792858493824804,6.208817164103194e-10
20260912_174204_152_paper_strict_raw_equation_seed2025_01f04b03,29,14,0.9999999987582366,6.208817164103191e-10,6.208817164103191e-10
20260912_174204_152_paper_strict_raw_equation_seed2025_01f04b03,29,15,0.5239714862157901,0.4760034674157699,2.5046368439992268e-05
20260912_174204_152_paper_strict_raw_equation_seed2025_01f04b03,29,16,4.346172014872233e-09,0.9999999950329463,6.208817164103191e-10
20260912_174204_152_paper_strict_raw_equation_seed2025_01f04b03,29,17,0.9999999987582366,6.208817164103191e-10,6.208817164103191e-10
20260912_174204_152_paper_strict_raw_equation_seed2025_01f04b03,29,18,2.4835268656412763e-09,6.208817164103191e-10,0.9999999968955915
20260912_174204_152_paper_strict_raw_equation_seed2025_01f04b03,29,19,6.208817164103191e-10,0.9999999701976776,2.9181440671284996e-08
20260912_174204_152_paper_strict_raw_equation_seed2025_01f04b03,29,20,6.208817164103191e-10,0.9999999987582366,6.208817164103191e-10
20260912_174204_152_paper_strict_raw_equation_seed2025_01f04b03,29,21,0.9999999801317851,1.924733320871989e-08,6.208817164103191e-10
20260912_174204_152_paper_strict_raw_equation_seed2025_01f04b03,29,22,0.9999995827674866,4.128863414128621e-07,4.346172014872233e-09
20260912_174204_152_paper_strict_raw_equation_seed2025_01f04b03,29,23,0.9999999987582366,6.208817164103191e-10,6.208817164103191e-10
20260912_174204_152_paper_strict_raw_equation_seed2025_01f04b03,29,24,0.9992091860622168,6.208817164103192e-10,0.0007908133169015248
20260912_174204_152_paper_strict_raw_equation_seed2025_01f04b03,29,25,2.483526865641276e-08,0.9999999683350325,6.829698880513509e-09
20260912_174204_152_paper_strict_raw_equation_seed2025_01f04b03,29,26,0.5653714792182049,2.4835268656412776e-09,0.4346285182982683
20260912_174204_152_paper_strict_raw_equation_seed2025_01f04b03,29,27,4.346172014872234e-09,4.284083843231202e-08,0.9999999528129896
20260912_174204_152_paper_strict_raw_equation_seed2025_01f04b03,29,28,9.313225746154785e-09,0.9999999801317851,1.0554989178975422e-08
20260912_174204_152_paper_strict_raw_equation_seed2025_01f04b03,29,29,4.967053731282553e-09,0.9999993505577245,6.444752216339111e-07
20260912_174204_152_paper_strict_raw_equation_seed2025_01f04b03,29,30,4.842877388000489e-08,6.208817164103192e-10,0.9999999509503444
20260912_174204_152_paper_strict_raw_equation_seed2025_01f04b03,29,31,0.999999837949872,2.4835268656412763e-09,1.5956660111745197e-07
20260912_174204_152_paper_strict_raw_equation_seed2025_01f04b03,29,32,4.346172014872233e-09,6.208817164103191e-10,0.9999999950329463
20260912_174204_152_paper_strict_raw_equation_seed2025_01f04b03,29,33,2.60770320892334e-08,1.924733320871989e-08,0.9999999546756347
20260912_174204_152_paper_strict_raw_equation_seed2025_01f04b03,29,34,1.365939776102702e-08,0.9999999795109034,6.829698880513509e-09
20260912_174204_152_paper_strict_raw_equation_seed2025_01f04b03,29,35,1.934667428334554e-06,6.208817164103192e-10,0.99999806471169
20260912_174204_152_paper_strict_raw_equation_seed2025_01f04b03,29,36,0.04244476370513439,0.9575551704814037,6.581346193949385e-08
20260912_174204_152_paper_strict_raw_equation_seed2025_01f04b03,29,37,6.208817164103191e-10,0.9999999882032474,1.1175870895385742e-08
20260912_174204_152_paper_strict_raw_equation_seed2025_01f04b03,29,38,2.4835268656412763e-09,0.9999999714394411,2.60770320892334e-08
20260912_174204_152_paper_strict_raw_equation_seed2025_01f04b03,29,39,8.52470596631368e-07,1.260389884312948e-07,0.999999021490415
20260912_174204_152_paper_strict_raw_equation_seed2025_01f04b03,29,40,6.208817164103192e-10,0.9999999118347963,8.7544322013855e-08
20260912_174204_152_paper_strict_raw_equation_seed2025_01f04b03,29,41,0.9968114153792461,0.0031885839998722076,6.208817164103195e-10
20260912_174204_152_paper_strict_raw_equation_seed2025_01f04b03,29,42,0.9999999987582366,6.208817164103191e-10,6.208817164103191e-10
20260912_174204_152_paper_strict_raw_equation_seed2025_01f04b03,29,43,6.20881716410319e-08,0.9998701587319374,0.00012977917989095053
20260912_174204_152_paper_strict_raw_equation_seed2025_01f04b03,29,44,6.208817164103191e-10,0.9999999931703012,6.20881716410319e-09
20260912_174204_152_paper_strict_raw_equation_seed2025_01f04b03,29,45,6.208817164103191e-10,0.9999999944120646,4.967053731282553e-09
20260912_174204_152_paper_strict_raw_equation_seed2025_01f04b03,29,46,3.1044085820515948e-09,0.9999999894450109,7.450580596923828e-09
20260912_174204_152_paper_strict_raw_equation_seed2025_01f04b03,29,47,0.9999999987582366,6.208817164103191e-10,6.208817164103191e-10
20260912_174204_152_paper_strict_raw_equation_seed2025_01f04b03,29,48,1.92473332087199e-08,0.1926267898331086,0.8073731909195583
20260912_174204_152_paper_strict_raw_equation_seed2025_01f04b03,29,49,6.208817164103191e-10,0.9999999987582366,6.208817164103191e-10
20260912_174204_152_paper_strict_raw_equation_seed2025_01f04b03,29,50,0.9999957879384359,6.208817164103194e-10,4.211440682411195e-06
20260912_174204_152_paper_strict_raw_equation_seed2025_01f04b03,29,51,6.208817164103192e-10,6.332993507385255e-08,0.9999999360491832
20260912_174204_152_paper_strict_raw_equation_seed2025_01f04b03,29,52,6.208817164103192e-10,4.411364595095316e-06,0.9999955880145233
20260912_174204_152_paper_strict_raw_equation_seed2025_01f04b03,29,53,0.9999999739229679,2.545615037282308e-08,6.208817164103191e-10
20260912_174204_152_paper_strict_raw_equation_seed2025_01f04b03,29,54,5.712111790974936e-08,6.761401891708375e-07,0.999999266738693
20260912_174204_152_paper_strict_raw_equation_seed2025_01f04b03,29,55,1.7384688059488933e-08,1.4901161193847656e-08,0.9999999677141508
20260912_174204_152_paper_strict_raw_equation_seed2025_01f04b03,29,56,2.421438694000244e-08,0.9999999751647314,6.208817164103191e-10
20260912_174204_152_paper_strict_raw_equation_seed2025_01f04b03,29,57,6.208817164103193e-10,0.9999858407924573,1.4158586661020918e-05
20260912_174204_152_paper_strict_raw_equation_seed2025_01f04b03,29,58,0.9999999646097422,6.208817164103191e-10,3.476937611897787e-08
20260912_174204_152_paper_strict_raw_equation_seed2025_01f04b03,29,59,0.9999668747186661,3.3118451635042824e-05,6.829698880513509e-09
20260912_174204_152_paper_strict_raw_equation_seed2025_01f04b03,29,60,6.208817164103192e-10,4.985680182774862e-07,0.9999995008111
20260912_174204_152_paper_strict_raw_equation_seed2025_01f04b03,29,61,6.208817164103193e-10,0.00012664621074994406,0.9998733531683683
20260912_174204_152_paper_strict_raw_equation_seed2025_01f04b03,29,62,0.9999019857496023,9.801362951596579e-05,6.208817164103193e-10
20260912_174204_152_paper_strict_raw_equation_seed2025_01f04b03,29,63,6.776923934618632e-06,6.208817164103193e-10,0.9999932224551837
20260912_174204_152_paper_strict_raw_equation_seed2025_01f04b03,29,64,6.208817164103191e-10,3.1044085820515948e-09,0.9999999962747097
20260912_174204_152_paper_strict_raw_equation_seed2025_01f04b03,29,65,0.9999999944120646,4.967053731282553e-09,6.208817164103191e-10
20260912_174204_152_paper_strict_raw_equation_seed2025_01f04b03,29,66,0.9999999962747097,6.208817164103191e-10,3.1044085820515948e-09
20260912_174204_152_paper_strict_raw_equation_seed2025_01f04b03,29,67,0.555409045269092,6.332993507385257e-08,0.44459089140097297
20260912_174204_152_paper_strict_raw_equation_seed2025_01f04b03,29,68,1.2231369813283285e-07,0.9999998770654202,6.208817164103192e-10
20260912_174204_152_paper_strict_raw_equation_seed2025_01f04b03,29,69,6.767610708872476e-08,6.208817164103191e-10,0.9999999317030113
20260912_174204_152_paper_strict_raw_equation_seed2025_01f04b03,29,70,4.346172014872234e-08,6.208817164103192e-10,0.9999999559173982
20260912_174204_152_paper_strict_raw_equation_seed2025_01f04b03,29,71,2.9901042580604553e-05,6.208817164103193e-10,0.9999700983365377
20260912_174204_152_paper_strict_raw_equation_seed2025_01f04b03,29,72,0.0005104982604583105,0.99948950111866,6.208817164103192e-10
20260912_174204_152_paper_strict_raw_equation_seed2025_01f04b03,29,73,0.9999999385327101,5.0912300745646157e-08,1.0554989178975425e-08
20260912_174204_152_paper_strict_raw_equation_seed2025_01f04b03,29,74,0.9999015747259061,9.84246532122294e-05,6.208817164103192e-10
20260912_174204_152_paper_strict_raw_equation_seed2025_01f04b03,29,75,0.25925376514593756,6.208817164103194e-10,0.7407462342331808
20260912_174204_152_paper_strict_raw_equation_seed2025_01f04b03,29,76,0.9999996293336153,6.208817164103191e-10,3.700455029805501e-07
20260912_174204_152_paper_strict_raw_equation_seed2025_01f04b03,29,77,0.9999999925494194,6.82969888051351e-09,6.208817164103192e-10
20260912_174204_152_paper_strict_raw_equation_seed2025_01f04b03,29,78,0.9999965379635494,6.208817164103192e-10,3.4614155689875283e-06
20260912_174204_152_paper_strict_raw_equation_seed2025_01f04b03,29,79,6.829698880513511e-09,0.9953943776587646,0.004605615511536598
20260912_174204_152_paper_strict_raw_equation_seed2025_01f04b03,29,80,2.4835268656412763e-09,0.9999999968955915,6.208817164103191e-10
20260912_174204_152_paper_strict_raw_equation_seed2025_01f04b03,29,81,0.9999993344148,6.208817164103192e-10,6.649643182754517e-07
20260912_174204_152_paper_strict_raw_equation_seed2025_01f04b03,29,82,6.208817164103191e-10,4.346172014872233e-09,0.9999999950329463
20260912_174204_152_paper_strict_raw_equation_seed2025_01f04b03,29,83,6.208817164103191e-10,6.20881716410319e-09,0.9999999931703012
20260912_174204_152_paper_strict_raw_equation_seed2025_01f04b03,29,84,0.9999999987582366,6.208817164103191e-10,6.208817164103191e-10
20260912_174204_152_paper_strict_raw_equation_seed2025_01f04b03,29,85,6.208817164103193e-10,0.9997502683351438,0.0002497310439745585
20260912_174204_152_paper_strict_raw_equation_seed2025_01f04b03,29,86,0.9999999987582366,6.208817164103191e-10,6.208817164103191e-10
20260912_174204_152_paper_strict_raw_equation_seed2025_01f04b03,29,87,6.208817164103191e-10,6.208817164103191e-10,0.9999999987582366
20260912_174204_152_paper_strict_raw_equation_seed2025_01f04b03,29,88,1.241763432820638e-08,0.999999649822712,3.377596537272135e-07
20260912_174204_152_paper_strict_raw_equation_seed2025_01f04b03,29,89,8.692344029744467e-09,0.9999999906867743,6.208817164103191e-10
20260912_174204_152_paper_strict_raw_equation_seed2025_01f04b03,29,90,1.8005569775899254e-08,6.208817164103191e-10,0.9999999813735485
20260912_174204_152_paper_strict_raw_equation_seed2025_01f04b03,29,91,3.104408582051595e-09,8.879788219928741e-05,0.9999111990133922
20260912_174204_152_paper_strict_raw_equation_seed2025_01f04b03,29,92,2.924352884292603e-07,4.963142176469167e-05,0.999950076142947
20260912_174204_152_paper_strict_raw_equation_seed2025_01f04b03,29,93,6.208817164103191e-10,0.9999999987582366,6.208817164103191e-10
20260912_174204_152_paper_strict_raw_equation_seed2025_01f04b03,29,94,4.346172014872233e-09,3.1044085820515948e-09,0.9999999925494194
20260912_174204_152_paper_strict_raw_equation_seed2025_01f04b03,29,95,6.208817164103191e-10,4.967053731282553e-09,0.9999999944120646
20260912_174204_152_paper_strict_raw_equation_seed2025_01f04b03,29,96,6.2088171641031896e-09,0.9999999310821295,6.270905335744222e-08
20260912_174204_152_paper_strict_raw_equation_seed2025_01f04b03,29,97,6.208817164103191e-10,6.208817164103191e-10,0.9999999987582366
20260912_174204_152_paper_strict_raw_equation_seed2025_01f04b03,29,98,0.9999999987582366,6.208817164103191e-10,6.208817164103191e-10
20260912_174204_152_paper_strict_raw_equation_seed2025_01f04b03,29,99,6.270905335744223e-08,0.9999999341865381,3.104408582051594e-09
20260912_174204_152_paper_strict_raw_equation_seed2025_01f04b03,29,100,6.208817164103191e-10,0.9999999621262153,3.725290298461914e-08
20260912_174204_152_paper_strict_raw_equation_seed2025_01f04b03,29,101,0.9999999925494194,6.82969888051351e-09,6.208817164103192e-10
20260912_174204_152_paper_strict_raw_equation_seed2025_01f04b03,30,0,0.9999999993791183,3.1044085820515954e-10,3.1044085820515954e-10
20260912_174204_152_paper_strict_raw_equation_seed2025_01f04b03,30,1,3.1044085820515954e-10,3.1044085820515954e-10,0.9999999993791183
20260912_174204_152_paper_strict_raw_equation_seed2025_01f04b03,30,2,4.035731156667073e-09,0.9999999947225054,1.2417634328206382e-09
20260912_174204_152_paper_strict_raw_equation_seed2025_01f04b03,30,3,0.9999997339521846,2.62632966041565e-07,3.414849440256755e-09
20260912_174204_152_paper_strict_raw_equation_seed2025_01f04b03,30,4,3.1975408395131425e-08,3.1044085820515954e-10,0.9999999677141508
20260912_174204_152_paper_strict_raw_equation_seed2025_01f04b03,30,5,4.346172014872234e-09,0.9999999882032474,7.45058059692383e-09
20260912_174204_152_paper_strict_raw_equation_seed2025_01f04b03,30,6,3.1044085820515954e-10,0.9999999872719249,1.241763432820638e-08
20260912_174204_152_paper_strict_raw_equation_seed2025_01f04b03,30,7,1.5522042910257974e-09,0.9999999968955915,1.5522042910257974e-09
20260912_174204_152_paper_strict_raw_equation_seed2025_01f04b03,30,8,3.830126176277797e-05,0.999961697186033,1.5522042910257976e-09
20260912_174204_152_paper_strict_raw_equation_seed2025_01f04b03,30,9,0.9999999981373549,3.1044085820515954e-10,1.5522042910257974e-09
20260912_174204_152_paper_strict_raw_equation_seed2025_01f04b03,30,10,0.40318254257241887,0.5968174571171403,3.1044085820515975e-10
20260912_174204_152_paper_strict_raw_equation_seed2025_01f04b03,30,11,3.1044085820515964e-10,0.5375393517315388,0.46246064795802033
20260912_174204_152_paper_strict_raw_equation_seed2025_01f04b03,30,12,1.496324936548869e-07,0.9999998488153021,1.5522042910257974e-09
20260912_174204_152_paper_strict_raw_equation_seed2025_01f04b03,30,13,0.41103570722043514,0.5889642924691241,3.104408582051597e-10
20260912_174204_152_paper_strict_raw_equation_seed2025_01f04b03,30,14,0.9999999993791183,3.1044085820515954e-10,3.1044085820515954e-10
20260912_174204_152_paper_strict_raw_equation_seed2025_01f04b03,30,15,0.5119857431078951,0.4880017337078849,1.2523184219996134e-05
20260912_174204_152_paper_strict_raw_equation_seed2025_01f04b03,30,16,2.1730860074361167e-09,0.9999999975164732,3.1044085820515954e-10
20260912_174204_152_paper_strict_raw_equation_seed2025_01f04b03,30,17,0.9999999993791183,3.1044085820515954e-10,3.1044085820515954e-10
20260912_174204_152_paper_strict_raw_equation_seed2025_01f04b03,30,18,1.2417634328206382e-09,3.1044085820515954e-10,0.9999999984477957
20260912_174204_152_paper_strict_raw_equation_seed2025_01f04b03,30,19,3.1044085820515954e-10,0.9999999850988388,1.4590720335642498e-08
20260912_174204_152_paper_strict_raw_equation_seed2025_01f04b03,30,20,3.1044085820515954e-10,0.9999999993791183,3.1044085820515954e-10
20260912_174204_152_paper_strict_raw_equation_seed2025_01f04b03,30,21,0.9999999900658926,9.623666604359945e-09,3.1044085820515954e-10
20260912_174204_152_paper_strict_raw_equation_seed2025_01f04b03,30,22,0.9999997913837433,2.0644317070643106e-07,2.1730860074361167e-09
20260912_174204_152_paper_strict_raw_equation_seed2025_01f04b03,30,23,0.9999999993791183,3.1044085820515954e-10,3.1044085820515954e-10
20260912_174204_152_paper_strict_raw_equation_seed2025_01f04b03,30,24,0.9996045930311084,3.104408582051596e-10,0.0003954066584507624
20260912_174204_152_paper_strict_raw_equation_seed2025_01f04b03,30,25,1.241763432820638e-08,0.9999999841675162,3.4148494402567544e-09
20260912_174204_152_paper_strict_raw_equation_seed2025_01f04b03,30,26,0.6576857396091025,1.2417634328206388e-09,0.34231425914913416
20260912_174204_152_paper_strict_raw_equation_seed2025_01f04b03,30,27,2.173086007436117e-09,2.142041921615601e-08,0.9999999764064949
20260912_174204_152_paper_strict_raw_equation_seed2025_01f04b03,30,28,4.6566128730773926e-09,0.9999999900658926,5.277494589487711e-09
20260912_174204_152_paper_strict_raw_equation_seed2025_01f04b03,30,29,2.4835268656412767e-09,0.9999996752788624,3.222376108169556e-07
20260912_174204_152_paper_strict_raw_equation_seed2025_01f04b03,30,30,2.4214386940002445e-08,3.104408582051596e-10,0.9999999754751723
20260912_174204_152_paper_strict_raw_equation_seed2025_01f04b03,30,31,0.999999918974936,1.2417634328206382e-09,7.978330055872598e-08
20260912_174204_152_paper_strict_raw_equation_seed2025_01f04b03,30,32,2.1730860074361167e-09,3.1044085820515954e-10,0.9999999975164732
20260912_174204_152_paper_strict_raw_equation_seed2025_01f04b03,30,33,1.30385160446167e-08,9.623666604359945e-09,0.9999999773378174
20260912_174204_152_paper_strict_raw_equation_seed2025_01f04b03,30,34,6.82969888051351e-09,0.9999999897554517,3.4148494402567544e-09
20260912_174204_152_paper_strict_raw_equation_seed2025_01f04b03,30,35,9.67333714167277e-07,3.104408582051596e-10,0.999999032355845
20260912_174204_152_paper_strict_raw_equation_seed2025_01f04b03,30,36,0.021222381852567196,0.9787775852407019,3.290673096974692e-08
20260912_174204_152_paper_strict_raw_equation_seed2025_01f04b03,30,37,3.1044085820515954e-10,0.9999999941016238,5.587935447692871e-09
20260912_174204_152_paper_strict_raw_equation_seed2025_01f04b03,30,38,1.2417634328206382e-09,0.9999999857197206,1.30385160446167e-08
20260912_174204_152_paper_strict_raw_equation_seed2025_01f04b03,30,39,4.26235298315684e-07,6.30194942156474e-08,0.9999995107452075
20260912_174204_152_paper_strict_raw_equation_seed2025_01f04b03,30,40,3.1044085820515954e-10,0.999999955917398,4.377216100692749e-08
20260912_174204_152_paper_strict_raw_equation_seed2025_01f04b03,30,41,0.9984057076896231,0.0015942919999361038,3.1044085820515975e-10
20260912_174204_152_paper_strict_raw_equation_seed2025_01f04b03,30,42,0.9999999993791183,3.1044085820515954e-10,3.1044085820515954e-10
20260912_174204_152_paper_strict_raw_equation_seed2025_01f04b03,30,43,3.104408582051595e-08,0.9999350793659687,6.488958994547526e-05
20260912_174204_152_paper_strict_raw_equation_seed2025_01f04b03,30,44,3.1044085820515954e-10,0.9999999965851506,3.104408582051595e-09
20260912_174204_152_paper_strict_raw_equation_seed2025_01f04b03,30,45,3.1044085820515954e-10,0.9999999972060323,2.4835268656412763e-09
20260912_174204_152_paper_strict_raw_equation_seed2025_01f04b03,30,46,1.5522042910257974e-09,0.9999999947225054,3.725290298461914e-09
20260912_174204_152_paper_strict_raw_equation_seed2025_01f04b03,30,47,0.9999999993791183,3.1044085820515954e-10,3.1044085820515954e-10
20260912_174204_152_paper_strict_raw_equation_seed2025_01f04b03,30,48,9.62366660435995e-09,0.2213133949165543,0.7786865954597791
20260912_174204_152_paper_strict_raw_equation_seed2025_01f04b03,30,49,3.1044085820515954e-10,0.9999999993791183,3.1044085820515954e-10
20260912_174204_152_paper_strict_raw_equation_seed2025_01f04b03,30,50,0.9999978939692178,3.1044085820515964e-10,2.105720341205597e-06
20260912_174204_152_paper_strict_raw_equation_seed2025_01f04b03,30,51,3.104408582051596e-10,3.1664967536926276e-08,0.9999999680245917
20260912_174204_152_paper_strict_raw_equation_seed2025_01f04b03,30,52,3.104408582051596e-10,2.205682297547658e-06,0.9999977940072616
20260912_174204_152_paper_strict_raw_equation_seed2025_01f04b03,30,53,0.999999986961484,1.272807518641154e-08,3.1044085820515954e-10
20260912_174204_152_paper_strict_raw_equation_seed2025_01f04b03,30,54,2.856055895487468e-08,3.3807009458541875e-07,0.9999996333693465
20260912_174204_152_paper_strict_raw_equation_seed2025_01f04b03,30,55,8.692344029744467e-09,7.450580596923828e-09,0.9999999838570754
20260912_174204_152_paper_strict_raw_equation_seed2025_01f04b03,30,56,1.210719347000122e-08,0.9999999875823657,3.1044085820515954e-10
20260912_174204_152_paper_strict_raw_equation_seed2025_01f04b03,30,57,3.1044085820515964e-10,0.9999929203962287,7.079293330510459e-06
20260912_174204_152_paper_strict_raw_equation_seed2025_01f04b03,30,58,0.9999999823048711,3.1044085820515954e-10,1.7384688059488933e-08
20260912_174204_152_paper_strict_raw_equation_seed2025_01f04b03,30,59,0.999983437359333,1.6559225817521412e-05,3.4148494402567544e-09
20260912_174204_152_paper_strict_raw_equation_seed2025_01f04b03,30,60,3.104408582051596e-10,2.492840091387431e-07,0.99999975040555
20260912_174204_152_paper_strict_raw_equation_seed2025_01f04b03,30,61,3.1044085820515964e-10,6.332310537497203e-05,0.9999366765841842
20260912_174204_152_paper_strict_raw_equation_seed2025_01f04b03,30,62,0.9999509928748012,4.9006814757982894e-05,3.1044085820515964e-10
20260912_174204_152_paper_strict_raw_equation_seed2025_01f04b03,30,63,3.388461967309316e-06,3.1044085820515964e-10,0.9999966112275919
20260912_174204_152_paper_strict_raw_equation_seed2025_01f04b03,30,64,3.1044085820515954e-10,1.5522042910257974e-09,0.9999999981373549
20260912_174204_152_paper_strict_raw_equation_seed2025_01f04b03,30,65,0.9999999972060323,2.4835268656412763e-09,3.1044085820515954e-10
20260912_174204_152_paper_strict_raw_equation_seed2025_01f04b03,30,66,0.9999999981373549,3.1044085820515954e-10,1.5522042910257974e-09
20260912_174204_152_paper_strict_raw_equation_seed2025_01f04b03,30,67,0.527704522634546,3.166496753692628e-08,0.4722954457004865
20260912_174204_152_paper_strict_raw_equation_seed2025_01f04b03,30,68,6.115684906641643e-08,0.9999999385327101,3.104408582051596e-10
20260912_174204_152_paper_strict_raw_equation_seed2025_01f04b03,30,69,3.383805354436238e-08,3.1044085820515954e-10,0.9999999658515056
20260912_174204_152_paper_strict_raw_equation_seed2025_01f04b03,30,70,2.173086007436117e-08,3.104408582051596e-10,0.9999999779586991
20260912_174204_152_paper_strict_raw_equation_seed2025_01f04b03,30,71,1.4950521290302277e-05,3.1044085820515964e-10,0.9999850491682689
20260912_174204_152_paper_strict_raw_equation_seed2025_01f04b03,30,72,0.00025524913022915524,0.99974475055933,3.104408582051596e-10
20260912_174204_152_paper_strict_raw_equation_seed2025_01f04b03,30,73,0.999999969266355,2.5456150372823078e-08,5.277494589487713e-09
20260912_174204_152_paper_strict_raw_equation_seed2025_01f04b03,30,74,0.9999507873629531,4.92123266061147e-05,3.104408582051596e-10
20260912_174204_152_paper_strict_raw_equation_seed2025_01f04b03,30,75,0.3796268825729688,3.104408582051597e-10,0.6203731171165904
20260912_174204_152_paper_strict_raw_equation_seed2025_01f04b03,30,76,0.9999998146668077,3.1044085820515954e-10,1.8502275149027506e-07
20260912_174204_152_paper_strict_raw_equation_seed2025_01f04b03,30,77,0.9999999962747097,3.414849440256755e-09,3.104408582051596e-10
20260912_174204_152_paper_strict_raw_equation_seed2025_01f04b03,30,78,0.9999982689817747,3.104408582051596e-10,1.7307077844937642e-06
20260912_174204_152_paper_strict_raw_equation_seed2025_01f04b03,30,79,3.4148494402567557e-09,0.9976971888293823,0.002302807755768299
20260912_174204_152_paper_strict_raw_equation_seed2025_01f04b03,30,80,1.2417634328206382e-09,0.9999999984477957,3.1044085820515954e-10
20260912_174204_152_paper_strict_raw_equation_seed2025_01f04b03,30,81,0.9999996672074001,3.104408582051596e-10,3.3248215913772583e-07
20260912_174204_152_paper_strict_raw_equation_seed2025_01f04b03,30,82,3.1044085820515954e-10,2.1730860074361167e-09,0.9999999975164732
20260912_174204_152_paper_strict_raw_equation_seed2025_01f04b03,30,83,3.1044085820515954e-10,3.104408582051595e-09,0.9999999965851506
20260912_174204_152_paper_strict_raw_equation_seed2025_01f04b03,30,84,0.9999999993791183,3.1044085820515954e-10,3.1044085820515954e-10
20260912_174204_152_paper_strict_raw_equation_seed2025_01f04b03,30,85,3.1044085820515964e-10,0.9998751341675719,0.00012486552198727924
20260912_174204_152_paper_strict_raw_equation_seed2025_01f04b03,30,86,0.9999999993791183,3.1044085820515954e-10,3.1044085820515954e-10
20260912_174204_152_paper_strict_raw_equation_seed2025_01f04b03,30,87,3.1044085820515954e-10,3.1044085820515954e-10,0.9999999993791183
20260912_174204_152_paper_strict_raw_equation_seed2025_01f04b03,30,88,6.20881716410319e-09,0.999999824911356,1.6887982686360675e-07
20260912_174204_152_paper_strict_raw_equation_seed2025_01f04b03,30,89,4.346172014872233e-09,0.9999999953433871,3.1044085820515954e-10
20260912_174204_152_paper_strict_raw_equation_seed2025_01f04b03,30,90,9.002784887949627e-09,3.1044085820515954e-10,0.9999999906867743
20260912_174204_152_paper_strict_raw_equation_seed2025_01f04b03,30,91,1.5522042910257976e-09,4.439894109964371e-05,0.9999555995066961
20260912_174204_152_paper_strict_raw_equation_seed2025_01f04b03,30,92,1.4621764421463015e-07,2.4815710882345836e-05,0.9999750380714735
20260912_174204_152_paper_strict_raw_equation_seed2025_01f04b03,30,93,3.1044085820515954e-10,0.9999999993791183,3.1044085820515954e-10
20260912_174204_152_paper_strict_raw_equation_seed2025_01f04b03,30,94,2.1730860074361167e-09,1.5522042910257974e-09,0.9999999962747097
20260912_174204_152_paper_strict_raw_equation_seed2025_01f04b03,30,95,3.1044085820515954e-10,2.4835268656412763e-09,0.9999999972060323
20260912_174204_152_paper_strict_raw_equation_seed2025_01f04b03,30,96,3.1044085820515948e-09,0.9999999655410647,3.135452667872111e-08
20260912_174204_152_paper_strict_raw_equation_seed2025_01f04b03,30,97,3.1044085820515954e-10,3.1044085820515954e-10,0.9999999993791183
20260912_174204_152_paper_strict_raw_equation_seed2025_01f04b03,30,98,0.9999999993791183,3.1044085820515954e-10,3.1044085820515954e-10
20260912_174204_152_paper_strict_raw_equation_seed2025_01f04b03,30,99,3.1354526678721114e-08,0.9999999670932691,1.552204291025797e-09
20260912_174204_152_paper_strict_raw_equation_seed2025_01f04b03,30,100,3.1044085820515954e-10,0.9999999810631077,1.862645149230957e-08
20260912_174204_152_paper_strict_raw_equation_seed2025_01f04b03,30,101,0.9999999962747097,3.414849440256755e-09,3.104408582051596e-10
20260912_174204_152_paper_strict_raw_equation_seed2025_01f04b03,31,0,0.9999999996895592,1.5522042910257977e-10,1.5522042910257977e-10
20260912_174204_152_paper_strict_raw_equation_seed2025_01f04b03,31,1,1.5522042910257977e-10,1.5522042910257977e-10,0.9999999996895592
20260912_174204_152_paper_strict_raw_equation_seed2025_01f04b03,31,2,2.0178655783335366e-09,0.9999999973612528,6.208817164103191e-10
20260912_174204_152_paper_strict_raw_equation_seed2025_01f04b03,31,3,0.9999998669760923,1.313164830207825e-07,1.7074247201283774e-09
20260912_174204_152_paper_strict_raw_equation_seed2025_01f04b03,31,4,1.5987704197565712e-08,1.5522042910257977e-10,0.9999999838570754
20260912_174204_152_paper_strict_raw_equation_seed2025_01f04b03,31,5,2.1730860074361167e-09,0.9999999941016235,3.725290298461914e-09
20260912_174204_152_paper_strict_raw_equation_seed2025_01f04b03,31,6,1.5522042910257977e-10,0.9999999936359625,6.20881716410319e-09
20260912_174204_152_paper_strict_raw_equation_seed2025_01f04b03,31,7,7.761021455128987e-10,0.9999999984477957,7.761021455128987e-10
20260912_174204_152_paper_strict_raw_equation_seed2025_01f04b03,31,8,1.9150630881388984e-05,0.9999808485930165,7.761021455128988e-10
20260912_174204_152_paper_strict_raw_equation_seed2025_01f04b03,31,9,0.9999999990686774,1.5522042910257977e-10,7.761021455128987e-10
20260912_174204_152_paper_strict_raw_equation_seed2025_01f04b03,31,10,0.45159127128620946,0.5484087285585701,1.5522042910257987e-10
20260912_174204_152_paper_strict_raw_equation_seed2025_01f04b03,31,11,1.5522042910257982e-10,0.3937696758657694,0.6062303239790101
20260912_174204_152_paper_strict_raw_equation_seed2025_01f04b03,31,12,7.481624682744345e-08,0.9999999244076511,7.761021455128987e-10
20260912_174204_152_paper_strict_raw_equation_seed2025_01f04b03,31,13,0.20551785361021757,0.794482146234562,1.5522042910257985e-10
20260912_174204_152_paper_strict_raw_equation_seed2025_01f04b03,31,14,0.9999999996895592,1.5522042910257977e-10,1.5522042910257977e-10
20260912_174204_152_paper_strict_raw_equation_seed2025_01f04b03,31,15,0.6309928715539476,0.36900086685394246,6.261592109998067e-06
20260912_174204_152_paper_strict_raw_equation_seed2025_01f04b03,31,16,1.0865430037180583e-09,0.9999999987582366,1.5522042910257977e-10
20260912_174204_152_paper_strict_raw_equation_seed2025_01f04b03,31,17,0.9999999996895592,1.5522042910257977e-10,1.5522042910257977e-10
20260912_174204_152_paper_strict_raw_equation_seed2025_01f04b03,31,18,6.208817164103191e-10,1.5522042910257977e-10,0.9999999992238979
20260912_174204_152_paper_strict_raw_equation_seed2025_01f04b03,31,19,1.5522042910257977e-10,0.9999999925494194,7.295360167821249e-09
20260912_174204_152_paper_strict_raw_equation_seed2025_01f04b03,31,20,1.5522042910257977e-10,0.9999999996895592,1.5522042910257977e-10
20260912_174204_152_paper_strict_raw_equation_seed2025_01f04b03,31,21,0.9999999950329463,4.811833302179973e-09,1.5522042910257977e-10
20260912_174204_152_paper_strict_raw_equation_seed2025_01f04b03,31,22,0.9999998956918716,1.0322158535321553e-07,1.0865430037180583e-09
20260912_174204_152_paper_strict_raw_equation_seed2025_01f04b03,31,23,0.9999999996895592,1.5522042910257977e-10,1.5522042910257977e-10
20260912_174204_152_paper_strict_raw_equation_seed2025_01f04b03,31,24,0.9998022965155542,1.552204291025798e-10,0.0001977033292253812
20260912_174204_152_paper_strict_raw_equation_seed2025_01f04b03,31,25,6.20881716410319e-09,0.9999999920837581,1.7074247201283772e-09
20260912_174204_152_paper_strict_raw_equation_seed2025_01f04b03,31,26,0.45384286980455124,6.208817164103194e-10,0.5461571295745671
20260912_174204_152_paper_strict_raw_equation_seed2025_01f04b03,31,27,1.0865430037180585e-09,1.0710209608078005e-08,0.9999999882032474
20260912_174204_152_paper_strict_raw_equation_seed2025_01f04b03,31,28,2.3283064365386963e-09,0.9999999950329463,2.6387472947438555e-09
20260912_174204_152_paper_strict_raw_equation_seed2025_01f04b03,31,29,1.2417634328206382e-09,0.999999837639431,1.6111880540847778e-07
20260912_174204_152_paper_strict_raw_equation_seed2025_01f04b03,31,30,1.2107193470001222e-08,1.552204291025798e-10,0.9999999877375861
20260912_174204_152_paper_strict_raw_equation_seed2025_01f04b03,31,31,0.999999959487468,6.208817164103191e-10,3.989165027936299e-08
20260912_174204_152_paper_strict_raw_equation_seed2025_01f04b03,31,32,1.0865430037180583e-09,1.5522042910257977e-10,0.9999999987582366
20260912_174204_152_paper_strict_raw_equation_seed2025_01f04b03,31,33,6.51925802230835e-09,4.811833302179973e-09,0.9999999886689087
20260912_174204_152_paper_strict_raw_equation_seed2025_01f04b03,31,34,3.414849440256755e-09,0.9999999948777258,1.7074247201283772e-09
20260912_174204_152_paper_strict_raw_equation_seed2025_01f04b03,31,35,4.836668570836385e-07,1.552204291025798e-10,0.9999995161779225
20260912_174204_152_paper_strict_raw_equation_seed2025_01f04b03,31,36,0.010611190926283598,0.989388792620351,1.645336548487346e-08
20260912_174204_152_paper_strict_raw_equation_seed2025_01f04b03,31,37,1.5522042910257977e-10,0.9999999970508119,2.7939677238464355e-09
20260912_174204_152_paper_strict_raw_equation_seed2025_01f04b03,31,38,6.208817164103191e-10,0.9999999928598603,6.51925802230835e-09
20260912_174204_152_paper_strict_raw_equation_seed2025_01f04b03,31,39,2.13117649157842e-07,3.15097471078237e-08,0.9999997553726038
20260912_174204_152_paper_strict_raw_equation_seed2025_01f04b03,31,40,1.552204291025798e-10,0.9999999779586991,2.188608050346375e-08
20260912_174204_152_paper_strict_raw_equation_seed2025_01f04b03,31,41,0.9992028538448116,0.0007971459999680519,1.5522042910257987e-10
20260912_174204_152_paper_strict_raw_equation_seed2025_01f04b03,31,42,0.9999999996895592,1.5522042910257977e-10,1.5522042910257977e-10
20260912_174204_152_paper_strict_raw_equation_seed2025_01f04b03,31,43,1.5522042910257976e-08,0.9999675396829844,3.244479497273763e-05
20260912_174204_152_paper_strict_raw_equation_seed2025_01f04b03,31,44,1.5522042910257977e-10,0.9999999982925754,1.5522042910257976e-09
20260912_174204_152_paper_strict_raw_equation_seed2025_01f04b03,31,45,1.5522042910257977e-10,0.9999999986030161,1.2417634328206382e-09
20260912_174204_152_paper_strict_raw_equation_seed2025_01f04b03,31,46,7.761021455128987e-10,0.9999999973612528,1.862645149230957e-09
20260912_174204_152_paper_strict_raw_equation_seed2025_01f04b03,31,47,0.9999999996895592,1.5522042910257977e-10,1.5522042910257977e-10
20260912_174204_152_paper_strict_raw_equation_seed2025_01f04b03,31,48,4.811833302179975e-09,0.11065669745827715,0.8893432977298896
20260912_174204_152_paper_strict_raw_equation_seed2025_01f04b03,31,49,1.5522042910257977e-10,0.9999999996895592,1.5522042910257977e-10
20260912_174204_152_paper_strict_raw_equation_seed2025_01f04b03,31,50,0.999998946984609,1.5522042910257985e-10,1.0528601706027987e-06
20260912_174204_152_paper_strict_raw_equation_seed2025_01f04b03,31,51,1.552204291025798e-10,1.5832483768463138e-08,0.9999999840122958
20260912_174204_152_paper_strict_raw_equation_seed2025_01f04b03,31,52,1.552204291025798e-10,1.102841148773829e-06,0.9999988970036309
20260912_174204_152_paper_strict_raw_equation_seed2025_01f04b03,31,53,0.999999993480742,6.36403759320577e-09,1.5522042910257977e-10
20260912_174204_152_paper_strict_raw_equation_seed2025_01f04b03,31,54,1.428027947743734e-08,1.6903504729270938e-07,0.9999998166846733
20260912_174204_152_paper_strict_raw_equation_seed2025_01f04b03,31,55,4.346172014872233e-09,3.725290298461914e-09,0.9999999919285377
20260912_174204_152_paper_strict_raw_equation_seed2025_01f04b03,31,56,6.05359673500061e-09,0.9999999937911829,1.5522042910257977e-10
20260912_174204_152_paper_strict_raw_equation_seed2025_01f04b03,31,57,1.5522042910257982e-10,0.9999964601981144,3.5396466652552294e-06
20260912_174204_152_paper_strict_raw_equation_seed2025_01f04b03,31,58,0.9999999911524355,1.5522042910257977e-10,8.692344029744467e-09
20260912_174204_152_paper_strict_raw_equation_seed2025_01f04b03,31,59,0.9999917186796665,8.279612908760706e-06,1.7074247201283772e-09
20260912_174204_152_paper_strict_raw_equation_seed2025_01f04b03,31,60,1.552204291025798e-10,1.2464200456937155e-07,0.999999875202775
20260912_174204_152_paper_strict_raw_equation_seed2025_01f04b03,31,61,1.5522042910257982e-10,3.1661552687486015e-05,0.9999683382920921
20260912_174204_152_paper_strict_raw_equation_seed2025_01f04b03,31,62,0.9999754964374006,2.4503407378991447e-05,1.5522042910257982e-10
20260912_174204_152_paper_strict_raw_equation_seed2025_01f04b03,31,63,1.694230983654658e-06,1.5522042910257982e-10,0.999998305613796
20260912_174204_152_paper_strict_raw_equation_seed2025_01f04b03,31,64,1.5522042910257977e-10,7.761021455128987e-10,0.9999999990686774
20260912_174204_152_paper_strict_raw_equation_seed2025_01f04b03,31,65,0.9999999986030161,1.2417634328206382e-09,1.5522042910257977e-10
20260912_174204_152_paper_strict_raw_equation_seed2025_01f04b03,31,66,0.9999999990686774,1.5522042910257977e-10,7.761021455128987e-10
20260912_174204_152_paper_strict_raw_equation_seed2025_01f04b03,31,67,0.263852261317273,1.583248376846314e-08,0.7361477228502432
20260912_174204_152_paper_strict_raw_equation_seed2025_01f04b03,31,68,3.0578424533208213e-08,0.999999969266355,1.552204291025798e-10
20260912_174204_152_paper_strict_raw_equation_seed2025_01f04b03,31,69,1.691902677218119e-08,1.5522042910257977e-10,0.9999999829257529
20260912_174204_152_paper_strict_raw_equation_seed2025_01f04b03,31,70,1.0865430037180585e-08,1.552204291025798e-10,0.9999999889793496
20260912_174204_152_paper_strict_raw_equation_seed2025_01f04b03,31,71,7.475260645151138e-06,1.5522042910257982e-10,0.9999925245841345
20260912_174204_152_paper_strict_raw_equation_seed2025_01f04b03,31,72,0.00012762456511457762,0.999872375279665,1.552204291025798e-10
20260912_174204_152_paper_strict_raw_equation_seed2025_01f04b03,31,73,0.9999999846331775,1.2728075186411539e-08,2.6387472947438563e-09
20260912_174204_152_paper_strict_raw_equation_seed2025_01f04b03,31,74,0.9999753936814766,2.460616330305735e-05,1.552204291025798e-10
20260912_174204_152_paper_strict_raw_equation_seed2025_01f04b03,31,75,0.5648134412864844,1.5522042910257985e-10,0.4351865585582952
20260912_174204_152_paper_strict_raw_equation_seed2025_01f04b03,31,76,0.9999999073334038,1.5522042910257977e-10,9.251137574513753e-08
20260912_174204_152_paper_strict_raw_equation_seed2025_01f04b03,31,77,0.9999999981373549,1.7074247201283774e-09,1.552204291025798e-10
20260912_174204_152_paper_strict_raw_equation_seed2025_01f04b03,31,78,0.9999991344908874,1.552204291025798e-10,8.653538922468821e-07
20260912_174204_152_paper_strict_raw_equation_seed2025_01f04b03,31,79,1.7074247201283778e-09,0.9988485944146912,0.0011514038778841496
20260912_174204_152_paper_strict_raw_equation_seed2025_01f04b03,31,80,6.208817164103191e-10,0.9999999992238979,1.5522042910257977e-10
20260912_174204_152_paper_strict_raw_equation_seed2025_01f04b03,31,81,0.9999998336037,1.552204291025798e-10,1.6624107956886292e-07
20260912_174204_152_paper_strict_raw_equation_seed2025_01f04b03,31,82,1.5522042910257977e-10,1.0865430037180583e-09,0.9999999987582366
20260912_174204_152_paper_strict_raw_equation_seed2025_01f04b03,31,83,1.5522042910257977e-10,1.5522042910257976e-09,0.9999999982925754
20260912_174204_152_paper_strict_raw_equation_seed2025_01f04b03,31,84,0.9999999996895592,1.5522042910257977e-10,1.5522042910257977e-10
20260912_174204_152_paper_strict_raw_equation_seed2025_01f04b03,31,85,1.5522042910257982e-10,0.999937567083786,6.243276099363962e-05
20260912_174204_152_paper_strict_raw_equation_seed2025_01f04b03,31,86,0.9999999996895592,1.5522042910257977e-10,1.5522042910257977e-10
20260912_174204_152_paper_strict_raw_equation_seed2025_01f04b03,31,87,1.5522042910257977e-10,1.5522042910257977e-10,0.9999999996895592
20260912_174204_152_paper_strict_raw_equation_seed2025_01f04b03,31,88,3.104408582051595e-09,0.999999912455678,8.443991343180338e-08
20260912_174204_152_paper_strict_raw_equation_seed2025_01f04b03,31,89,2.1730860074361167e-09,0.9999999976716936,1.5522042910257977e-10
20260912_174204_152_paper_strict_raw_equation_seed2025_01f04b03,31,90,4.501392443974813e-09,1.5522042910257977e-10,0.9999999953433871
20260912_174204_152_paper_strict_raw_equation_seed2025_01f04b03,31,91,7.761021455128988e-10,2.2199470549821854e-05,0.9999777997533481
20260912_174204_152_paper_strict_raw_equation_seed2025_01f04b03,31,92,7.310882210731508e-08,1.2407855441172918e-05,0.9999875190357368
20260912_174204_152_paper_strict_raw_equation_seed2025_01f04b03,31,93,1.5522042910257977e-10,0.9999999996895592,1.5522042910257977e-10
20260912_174204_152_paper_strict_raw_equation_seed2025_01f04b03,31,94,1.0865430037180583e-09,7.761021455128987e-10,0.9999999981373549
20260912_174204_152_paper_strict_raw_equation_seed2025_01f04b03,31,95,1.5522042910257977e-10,1.2417634328206382e-09,0.9999999986030161
20260912_174204_152_paper_strict_raw_equation_seed2025_01f04b03,31,96,1.5522042910257974e-09,0.9999999827705324,1.5677263339360554e-08
20260912_174204_152_paper_strict_raw_equation_seed2025_01f04b03,31,97,1.5522042910257977e-10,1.5522042910257977e-10,0.9999999996895592
20260912_174204_152_paper_strict_raw_equation_seed2025_01f04b03,31,98,0.9999999996895592,1.5522042910257977e-10,1.5522042910257977e-10
20260912_174204_152_paper_strict_raw_equation_seed2025_01f04b03,31,99,1.5677263339360557e-08,0.9999999835466346,7.761021455128985e-10
20260912_174204_152_paper_strict_raw_equation_seed2025_01f04b03,31,100,1.5522042910257977e-10,0.9999999905315539,9.313225746154785e-09
20260912_174204_152_paper_strict_raw_equation_seed2025_01f04b03,31,101,0.9999999981373549,1.7074247201283774e-09,1.552204291025798e-10
20260912_174204_152_paper_strict_raw_equation_seed2025_01f04b03,32,0,0.9999999998447796,7.761021455128988e-11,7.761021455128988e-11
20260912_174204_152_paper_strict_raw_equation_seed2025_01f04b03,32,1,7.761021455128988e-11,7.761021455128988e-11,0.9999999998447796
20260912_174204_152_paper_strict_raw_equation_seed2025_01f04b03,32,2,1.0089327891667683e-09,0.9999999986806264,3.1044085820515954e-10
20260912_174204_152_paper_strict_raw_equation_seed2025_01f04b03,32,3,0.9999999334880462,6.565824151039125e-08,8.537123600641887e-10
20260912_174204_152_paper_strict_raw_equation_seed2025_01f04b03,32,4,7.993852098782856e-09,7.761021455128988e-11,0.9999999919285377
20260912_174204_152_paper_strict_raw_equation_seed2025_01f04b03,32,5,1.0865430037180585e-09,0.9999999970508119,1.8626451492309574e-09
20260912_174204_152_paper_strict_raw_equation_seed2025_01f04b03,32,6,7.761021455128988e-11,0.9999999968179812,3.104408582051595e-09
20260912_174204_152_paper_strict_raw_equation_seed2025_01f04b03,32,7,3.8805107275644935e-10,0.9999999992238979,3.8805107275644935e-10
20260912_174204_152_paper_strict_raw_equation_seed2025_01f04b03,32,8,9.575315440694492e-06,0.9999904242965083,3.880510727564494e-10
20260912_174204_152_paper_strict_raw_equation_seed2025_01f04b03,32,9,0.9999999995343387,7.761021455128988e-11,3.8805107275644935e-10
20260912_174204_152_paper_strict_raw_equation_seed2025_01f04b03,32,10,0.47579563564310473,0.5242043642792851,7.761021455128994e-11
20260912_174204_152_paper_strict_raw_equation_seed2025_01f04b03,32,11,7.761021455128991e-11,0.4468848379328847,0.553115161989505
20260912_174204_152_paper_strict_raw_equation_seed2025_01f04b03,32,12,3.7408123413721725e-08,0.9999999622038256,3.8805107275644935e-10
20260912_174204_152_paper_strict_raw_equation_seed2025_01f04b03,32,13,0.3527589268051088,0.6472410731172811,7.761021455128992e-11
20260912_174204_152_paper_strict_raw_equation_seed2025_01f04b03,32,14,0.9999999998447796,7.761021455128988e-11,7.761021455128988e-11
20260912_174204_152_paper_strict_raw_equation_seed2025_01f04b03,32,15,0.8154964357769738,0.18450043342697123,3.1307960549990335e-06
20260912_174204_152_paper_strict_raw_equation_seed2025_01f04b03,32,16,5.432715018590292e-10,0.9999999993791183,7.761021455128988e-11
20260912_174204_152_paper_strict_raw_equation_seed2025_01f04b03,32,17,0.9999999998447796,7.761021455128988e-11,7.761021455128988e-11
20260912_174204_152_paper_strict_raw_equation_seed2025_01f04b03,32,18,3.1044085820515954e-10,7.761021455128988e-11,0.999999999611949
20260912_174204_152_paper_strict_raw_equation_seed2025_01f04b03,32,19,7.761021455128988e-11,0.9999999962747097,3.6476800839106245e-09
20260912_174204_152_paper_strict_raw_equation_seed2025_01f04b03,32,20,7.761021455128988e-11,0.9999999998447796,7.761021455128988e-11
20260912_174204_152_paper_strict_raw_equation_seed2025_01f04b03,32,21,0.9999999975164732,2.4059166510899863e-09,7.761021455128988e-11
20260912_174204_152_paper_strict_raw_equation_seed2025_01f04b03,32,22,0.9999999478459358,5.1610792676607766e-08,5.432715018590292e-10
20260912_174204_152_paper_strict_raw_equation_seed2025_01f04b03,32,23,0.9999999998447796,7.761021455128988e-11,7.761021455128988e-11
20260912_174204_152_paper_strict_raw_equation_seed2025_01f04b03,32,24,0.9999011482577771,7.76102145512899e-11,9.88516646126906e-05
20260912_174204_152_paper_strict_raw_equation_seed2025_01f04b03,32,25,3.104408582051595e-09,0.9999999960418791,8.537123600641886e-10
20260912_174204_152_paper_strict_raw_equation_seed2025_01f04b03,32,26,0.4769214349022756,3.104408582051597e-10,0.5230785647872835
20260912_174204_152_paper_strict_raw_equation_seed2025_01f04b03,32,27,5.432715018590293e-10,5.355104804039002e-09,0.9999999941016238
20260912_174204_152_paper_strict_raw_equation_seed2025_01f04b03,32,28,1.1641532182693481e-09,0.9999999975164732,1.3193736473719278e-09
20260912_174204_152_paper_strict_raw_equation_seed2025_01f04b03,32,29,6.208817164103192e-10,0.9999999188197156,8.05594027042389e-08
20260912_174204_152_paper_strict_raw_equation_seed2025_01f04b03,32,30,6.053596735000611e-09,7.76102145512899e-11,0.9999999938687931
20260912_174204_152_paper_strict_raw_equation_seed2025_01f04b03,32,31,0.999999979743734,3.1044085820515954e-10,1.9945825139681496e-08
20260912_174204_152_paper_strict_raw_equation_seed2025_01f04b03,32,32,5.432715018590292e-10,7.761021455128988e-11,0.9999999993791183
20260912_174204_152_paper_strict_raw_equation_seed2025_01f04b03,32,33,3.259629011154175e-09,2.4059166510899863e-09,0.9999999943344544
20260912_174204_152_paper_strict_raw_equation_seed2025_01f04b03,32,34,1.7074247201283774e-09,0.9999999974388629,8.537123600641886e-10
20260912_174204_152_paper_strict_raw_equation_seed2025_01f04b03,32,35,2.4183342854181927e-07,7.76102145512899e-11,0.9999997580889612
20260912_174204_152_paper_strict_raw_equation_seed2025_01f04b03,32,36,0.005305595463141799,0.9946943963101755,8.22668274243673e-09
20260912_174204_152_paper_strict_raw_equation_seed2025_01f04b03,32,37,7.761021455128988e-11,0.999999998525406,1.3969838619232178e-09
20260912_174204_152_paper_strict_raw_equation_seed2025_01f04b03,32,38,3.1044085820515954e-10,0.9999999964299302,3.259629011154175e-09
20260912_174204_152_paper_strict_raw_equation_seed2025_01f04b03,32,39,1.06558824578921e-07,1.575487355391185e-08,0.9999998776863019
20260912_174204_152_paper_strict_raw_equation_seed2025_01f04b03,32,40,7.761021455128988e-11,0.9999999889793494,1.0943040251731873e-08
20260912_174204_152_paper_strict_raw_equation_seed2025_01f04b03,32,41,0.9996014269224058,0.00039857299998402596,7.761021455128994e-11
20260912_174204_152_paper_strict_raw_equation_seed2025_01f04b03,32,42,0.9999999998447796,7.761021455128988e-11,7.761021455128988e-11
20260912_174204_152_paper_strict_raw_equation_seed2025_01f04b03,32,43,7.761021455128988e-09,0.9999837698414922,1.6222397486368816e-05
20260912_174204_152_paper_strict_raw_equation_seed2025_01f04b03,32,44,7.761021455128988e-11,0.9999999991462877,7.761021455128988e-10
20260912_174204_152_paper_strict_raw_equation_seed2025_01f04b03,32,45,7.761021455128988e-11,0.9999999993015081,6.208817164103191e-10
20260912_174204_152_paper_strict_raw_equation_seed2025_01f04b03,32,46,3.8805107275644935e-10,0.9999999986806264,9.313225746154785e-10
20260912_174204_152_paper_strict_raw_equation_seed2025_01f04b03,32,47,0.9999999998447796,7.761021455128988e-11,7.761021455128988e-11
20260912_174204_152_paper_strict_raw_equation_seed2025_01f04b03,32,48,2.4059166510899875e-09,0.055328348729138575,0.9446716488649448
20260912_174204_152_paper_strict_raw_equation_seed2025_01f04b03,32,49,7.761021455128988e-11,0.9999999998447796,7.761021455128988e-11
20260912_174204_152_paper_strict_raw_equation_seed2025_01f04b03,32,50,0.9999994734923043,7.761021455128991e-11,5.264300853013992e-07
20260912_174204_152_paper_strict_raw_equation_seed2025_01f04b03,32,51,7.76102145512899e-11,7.916241884231569e-09,0.999999992006148
20260912_174204_152_paper_strict_raw_equation_seed2025_01f04b03,32,52,7.76102145512899e-11,5.514205743869145e-07,0.9999994485018154
20260912_174204_152_paper_strict_raw_equation_seed2025_01f04b03,32,53,0.999999996740371,3.182018796602885e-09,7.761021455128988e-11
20260912_174204_152_paper_strict_raw_equation_seed2025_01f04b03,32,54,7.14013973871867e-09,8.451752364635469e-08,0.9999999083423367
20260912_174204_152_paper_strict_raw_equation_seed2025_01f04b03,32,55,2.1730860074361167e-09,1.862645149230957e-09,0.9999999959642689
20260912_174204_152_paper_strict_raw_equation_seed2025_01f04b03,32,56,3.026798367500305e-09,0.9999999968955915,7.761021455128988e-11
20260912_174204_152_paper_strict_raw_equation_seed2025_01f04b03,32,57,7.761021455128991e-11,0.9999982300990572,1.7698233326276147e-06
20260912_174204_152_paper_strict_raw_equation_seed2025_01f04b03,32,58,0.9999999955762178,7.761021455128988e-11,4.346172014872233e-09
20260912_174204_152_paper_strict_raw_equation_seed2025_01f04b03,32,59,0.9999958593398333,4.139806454380353e-06,8.537123600641886e-10
20260912_174204_152_paper_strict_raw_equation_seed2025_01f04b03,32,60,7.76102145512899e-11,6.232100228468578e-08,0.9999999376013875
20260912_174204_152_paper_strict_raw_equation_seed2025_01f04b03,32,61,7.761021455128991e-11,1.5830776343743008e-05,0.999984169146046
20260912_174204_152_paper_strict_raw_equation_seed2025_01f04b03,32,62,0.9999877482187003,1.2251703689495724e-05,7.761021455128991e-11
20260912_174204_152_paper_strict_raw_equation_seed2025_01f04b03,32,63,8.47115491827329e-07,7.761021455128991e-11,0.999999152806898
20260912_174204_152_paper_strict_raw_equation_seed2025_01f04b03,32,64,7.761021455128988e-11,3.8805107275644935e-10,0.9999999995343387
20260912_174204_152_paper_strict_raw_equation_seed2025_01f04b03,32,65,0.9999999993015081,6.208817164103191e-10,7.761021455128988e-11
20260912_174204_152_paper_strict_raw_equation_seed2025_01f04b03,32,66,0.9999999995343387,7.761021455128988e-11,3.8805107275644935e-10
20260912_174204_152_paper_strict_raw_equation_seed2025_01f04b03,32,67,0.1319261306586365,7.91624188423157e-09,0.8680738614251216
20260912_174204_152_paper_strict_raw_equation_seed2025_01f04b03,32,68,1.5289212266604107e-08,0.9999999846331775,7.76102145512899e-11
20260912_174204_152_paper_strict_raw_equation_seed2025_01f04b03,32,69,8.459513386090595e-09,7.761021455128988e-11,0.9999999914628764
20260912_174204_152_paper_strict_raw_equation_seed2025_01f04b03,32,70,5.432715018590293e-09,7.76102145512899e-11,0.9999999944896748
20260912_174204_152_paper_strict_raw_equation_seed2025_01f04b03,32,71,3.737630322575569e-06,7.761021455128991e-11,0.9999962622920673
20260912_174204_152_paper_strict_raw_equation_seed2025_01f04b03,32,72,6.381228255728881e-05,0.9999361876398325,7.76102145512899e-11
20260912_174204_152_paper_strict_raw_equation_seed2025_01f04b03,32,73,0.9999999923165888,6.3640375932057696e-09,1.3193736473719282e-09
20260912_174204_152_paper_strict_raw_equation_seed2025_01f04b03,32,74,0.9999876968407383,1.2303081651528675e-05,7.76102145512899e-11
20260912_174204_152_paper_strict_raw_equation_seed2025_01f04b03,32,75,0.5324067206432421,7.761021455128992e-11,0.4675932792791476
20260912_174204_152_paper_strict_raw_equation_seed2025_01f04b03,32,76,0.9999999536667019,7.761021455128988e-11,4.6255687872568764e-08
20260912_174204_152_paper_strict_raw_equation_seed2025_01f04b03,32,77,0.9999999990686774,8.537123600641887e-10,7.76102145512899e-11
20260912_174204_152_paper_strict_raw_equation_seed2025_01f04b03,32,78,0.9999995672454437,7.76102145512899e-11,4.3267694612344104e-07
20260912_174204_152_paper_strict_raw_equation_seed2025_01f04b03,32,79,8.537123600641889e-10,0.9994242972073456,0.0005757019389420748
20260912_174204_152_paper_strict_raw_equation_seed2025_01f04b03,32,80,3.1044085820515954e-10,0.999999999611949,7.761021455128988e-11
20260912_174204_152_paper_strict_raw_equation_seed2025_01f04b03,32,81,0.9999999168018501,7.76102145512899e-11,8.312053978443146e-08
20260912_174204_152_paper_strict_raw_equation_seed2025_01f04b03,32,82,7.761021455128988e-11,5.432715018590292e-10,0.9999999993791183
20260912_174204_152_paper_strict_raw_equation_seed2025_01f04b03,32,83,7.761021455128988e-11,7.761021455128988e-10,0.9999999991462877
20260912_174204_152_paper_strict_raw_equation_seed2025_01f04b03,32,84,0.9999999998447796,7.761021455128988e-11,7.761021455128988e-11
20260912_174204_152_paper_strict_raw_equation_seed2025_01f04b03,32,85,7.761021455128991e-11,0.999968783541893,3.121638049681981e-05
20260912_174204_152_paper_strict_raw_equation_seed2025_01f04b03,32,86,0.9999999998447796,7.761021455128988e-11,7.761021455128988e-11
20260912_174204_152_paper_strict_raw_equation_seed2025_01f04b03,32,87,7.761021455128988e-11,7.761021455128988e-11,0.9999999998447796
20260912_174204_152_paper_strict_raw_equation_seed2025_01f04b03,32,88,1.5522042910257976e-09,0.999999956227839,4.221995671590169e-08
20260912_174204_152_paper_strict_raw_equation_seed2025_01f04b03,32,89,1.0865430037180583e-09,0.9999999988358468,7.761021455128988e-11
20260912_174204_152_paper_strict_raw_equation_seed2025_01f04b03,32,90,2.2506962219874067e-09,7.761021455128988e-11,0.9999999976716936
20260912_174204_152_paper_strict_raw_equation_seed2025_01f04b03,32,91,3.880510727564494e-10,1.1099735274910927e-05,0.999988899876674
20260912_174204_152_paper_strict_raw_equation_seed2025_01f04b03,32,92,3.655441105365754e-08,6.203927720586459e-06,0.9999937595178684
20260912_174204_152_paper_strict_raw_equation_seed2025_01f04b03,32,93,7.761021455128988e-11,0.9999999998447796,7.761021455128988e-11
20260912_174204_152_paper_strict_raw_equation_seed2025_01f04b03,32,94,5.432715018590292e-10,3.8805107275644935e-10,0.9999999990686774
20260912_174204_152_paper_strict_raw_equation_seed2025_01f04b03,32,95,7.761021455128988e-11,6.208817164103191e-10,0.9999999993015081
20260912_174204_152_paper_strict_raw_equation_seed2025_01f04b03,32,96,7.761021455128987e-10,0.9999999913852662,7.838631669680277e-09
20260912_174204_152_paper_strict_raw_equation_seed2025_01f04b03,32,97,7.761021455128988e-11,7.761021455128988e-11,0.9999999998447796
20260912_174204_152_paper_strict_raw_equation_seed2025_01f04b03,32,98,0.9999999998447796,7.761021455128988e-11,7.761021455128988e-11
20260912_174204_152_paper_strict_raw_equation_seed2025_01f04b03,32,99,7.838631669680279e-09,0.9999999917733173,3.8805107275644924e-10
20260912_174204_152_paper_strict_raw_equation_seed2025_01f04b03,32,100,7.761021455128988e-11,0.999999995265777,4.6566128730773926e-09
20260912_174204_152_paper_strict_raw_equation_seed2025_01f04b03,32,101,0.9999999990686774,8.537123600641887e-10,7.76102145512899e-11
20260912_174204_152_paper_strict_raw_equation_seed2025_01f04b03,33,0,0.9999999999223899,3.880510727564494e-11,3.880510727564494e-11
20260912_174204_152_paper_strict_raw_equation_seed2025_01f04b03,33,1,3.880510727564494e-11,3.880510727564494e-11,0.9999999999223899
20260912_174204_152_paper_strict_raw_equation_seed2025_01f04b03,33,2,5.044663945833842e-10,0.9999999993403133,1.5522042910257977e-10
20260912_174204_152_paper_strict_raw_equation_seed2025_01f04b03,33,3,0.9999999667440231,3.2829120755195624e-08,4.2685618003209435e-10
20260912_174204_152_paper_strict_raw_equation_seed2025_01f04b03,33,4,3.996926049391428e-09,3.880510727564494e-11,0.9999999959642689
20260912_174204_152_paper_strict_raw_equation_seed2025_01f04b03,33,5,5.432715018590292e-10,0.9999999985254058,9.313225746154785e-10
20260912_174204_152_paper_strict_raw_equation_seed2025_01f04b03,33,6,3.880510727564494e-11,0.9999999984089907,1.5522042910257976e-09
20260912_174204_152_paper_strict_raw_equation_seed2025_01f04b03,33,7,1.9402553637822467e-10,0.999999999611949,1.9402553637822467e-10
20260912_174204_152_paper_strict_raw_equation_seed2025_01f04b03,33,8,4.787657720347246e-06,0.9999952121482542,1.940255363782247e-10
20260912_174204_152_paper_strict_raw_equation_seed2025_01f04b03,33,9,0.9999999997671694,3.880510727564494e-11,1.9402553637822467e-10
20260912_174204_152_paper_strict_raw_equation_seed2025_01f04b03,33,10,0.4878978178215524,0.5121021821396425,3.880510727564497e-11
20260912_174204_152_paper_strict_raw_equation_seed2025_01f04b03,33,11,3.8805107275644955e-11,0.34844241896644235,0.6515575809947525
20260912_174204_152_paper_strict_raw_equation_seed2025_01f04b03,33,12,1.8704061706860862e-08,0.9999999811019128,1.9402553637822467e-10
20260912_174204_152_paper_strict_raw_equation_seed2025_01f04b03,33,13,0.3013794634025544,0.6986205365586405,3.880510727564496e-11
20260912_174204_152_paper_strict_raw_equation_seed2025_01f04b03,33,14,0.9999999999223899,3.880510727564494e-11,3.880510727564494e-11
20260912_174204_152_paper_strict_raw_equation_seed2025_01f04b03,33,15,0.6577482178884869,0.3422502167134856,1.5653980274995167e-06
20260912_174204_152_paper_strict_raw_equation_seed2025_01f04b03,33,16,2.716357509295146e-10,0.9999999996895592,3.880510727564494e-11
20260912_174204_152_paper_strict_raw_equation_seed2025_01f04b03,33,17,0.9999999999223899,3.880510727564494e-11,3.880510727564494e-11
20260912_174204_152_paper_strict_raw_equation_seed2025_01f04b03,33,18,1.5522042910257977e-10,3.880510727564494e-11,0.9999999998059745
20260912_174204_152_paper_strict_raw_equation_seed2025_01f04b03,33,19,3.880510727564494e-11,0.9999999981373549,1.8238400419553122e-09
20260912_174204_152_paper_strict_raw_equation_seed2025_01f04b03,33,20,3.880510727564494e-11,0.9999999999223899,3.880510727564494e-11
20260912_174204_152_paper_strict_raw_equation_seed2025_01f04b03,33,21,0.9999999987582366,1.2029583255449932e-09,3.880510727564494e-11
20260912_174204_152_paper_strict_raw_equation_seed2025_01f04b03,33,22,0.9999999739229679,2.5805396338303883e-08,2.716357509295146e-10
20260912_174204_152_paper_strict_raw_equation_seed2025_01f04b03,33,23,0.9999999999223899,3.880510727564494e-11,3.880510727564494e-11
20260912_174204_152_paper_strict_raw_equation_seed2025_01f04b03,33,24,0.9999505741288885,3.880510727564495e-11,4.94258323063453e-05
20260912_174204_152_paper_strict_raw_equation_seed2025_01f04b03,33,25,1.5522042910257976e-09,0.9999999980209395,4.268561800320943e-10
20260912_174204_152_paper_strict_raw_equation_seed2025_01f04b03,33,26,0.36346071745113784,1.5522042910257985e-10,0.6365392823936418
20260912_174204_152_paper_strict_raw_equation_seed2025_01f04b03,33,27,2.7163575092951464e-10,2.677552402019501e-09,0.9999999970508119
20260912_174204_152_paper_strict_raw_equation_seed2025_01f04b03,33,28,5.820766091346741e-10,0.9999999987582366,6.596868236859639e-10
20260912_174204_152_paper_strict_raw_equation_seed2025_01f04b03,33,29,3.1044085820515954e-10,0.9999999594098576,4.0279701352119446e-08
20260912_174204_152_paper_strict_raw_equation_seed2025_01f04b03,33,30,3.0267983675003056e-09,3.880510727564495e-11,0.9999999969343966
20260912_174204_152_paper_strict_raw_equation_seed2025_01f04b03,33,31,0.999999989871867,1.5522042910257977e-10,9.972912569840748e-09
20260912_174204_152_paper_strict_raw_equation_seed2025_01f04b03,33,32,2.716357509295146e-10,3.880510727564494e-11,0.9999999996895592
20260912_174204_152_paper_strict_raw_equation_seed2025_01f04b03,33,33,1.6298145055770874e-09,1.2029583255449932e-09,0.9999999971672272
20260912_174204_152_paper_strict_raw_equation_seed2025_01f04b03,33,34,8.537123600641887e-10,0.9999999987194315,4.268561800320943e-10
20260912_174204_152_paper_strict_raw_equation_seed2025_01f04b03,33,35,1.2091671427090964e-07,3.880510727564495e-11,0.9999998790444806
20260912_174204_152_paper_strict_raw_equation_seed2025_01f04b03,33,36,0.0026527977315708995,0.9973471981550878,4.113341371218365e-09
20260912_174204_152_paper_strict_raw_equation_seed2025_01f04b03,33,37,3.880510727564494e-11,0.999999999262703,6.984919309616089e-10
20260912_174204_152_paper_strict_raw_equation_seed2025_01f04b03,33,38,1.5522042910257977e-10,0.9999999982149651,1.6298145055770874e-09
20260912_174204_152_paper_strict_raw_equation_seed2025_01f04b03,33,39,5.32794122894605e-08,7.877436776955925e-09,0.999999938843151
20260912_174204_152_paper_strict_raw_equation_seed2025_01f04b03,33,40,3.880510727564495e-11,0.9999999944896748,5.471520125865937e-09
20260912_174204_152_paper_strict_raw_equation_seed2025_01f04b03,33,41,0.9998007134612029,0.00019928649999201298,3.880510727564497e-11
20260912_174204_152_paper_strict_raw_equation_seed2025_01f04b03,33,42,0.9999999999223899,3.880510727564494e-11,3.880510727564494e-11
20260912_174204_152_paper_strict_raw_equation_seed2025_01f04b03,33,43,3.880510727564494e-09,0.9999918849207461,8.111198743184408e-06
20260912_174204_152_paper_strict_raw_equation_seed2025_01f04b03,33,44,3.880510727564494e-11,0.9999999995731439,3.880510727564494e-10
20260912_174204_152_paper_strict_raw_equation_seed2025_01f04b03,33,45,3.880510727564494e-11,0.999999999650754,3.1044085820515954e-10
20260912_174204_152_paper_strict_raw_equation_seed2025_01f04b03,33,46,1.9402553637822467e-10,0.9999999993403133,4.656612873077393e-10
20260912_174204_152_paper_strict_raw_equation_seed2025_01f04b03,33,47,0.9999999999223899,3.880510727564494e-11,3.880510727564494e-11
20260912_174204_152_paper_strict_raw_equation_seed2025_01f04b03,33,48,1.2029583255449938e-09,0.027664174364569288,0.9723358244324725
20260912_174204_152_paper_strict_raw_equation_seed2025_01f04b03,33,49,3.880510727564494e-11,0.9999999999223899,3.880510727564494e-11
20260912_174204_152_paper_strict_raw_equation_seed2025_01f04b03,33,50,0.9999997367461523,3.880510727564496e-11,2.6321504265069967e-07
20260912_174204_152_paper_strict_raw_equation_seed2025_01f04b03,33,51,3.880510727564495e-11,3.9581209421157845e-09,0.999999996003074
20260912_174204_152_paper_strict_raw_equation_seed2025_01f04b03,33,52,3.880510727564495e-11,2.7571028719345725e-07,0.9999997242509078
20260912_174204_152_paper_strict_raw_equation_seed2025_01f04b03,33,53,0.9999999983701855,1.5910093983014426e-09,3.880510727564494e-11
20260912_174204_152_paper_strict_raw_equation_seed2025_01f04b03,33,54,3.570069869359335e-09,4.2258761823177344e-08,0.9999999541711684
20260912_174204_152_paper_strict_raw_equation_seed2025_01f04b03,33,55,1.0865430037180583e-09,9.313225746154785e-10,0.9999999979821345
20260912_174204_152_paper_strict_raw_equation_seed2025_01f04b03,33,56,1.5133991837501526e-09,0.9999999984477957,3.880510727564494e-11
20260912_174204_152_paper_strict_raw_equation_seed2025_01f04b03,33,57,3.8805107275644955e-11,0.9999991150495287,8.849116663138073e-07
20260912_174204_152_paper_strict_raw_equation_seed2025_01f04b03,33,58,0.9999999977881089,3.880510727564494e-11,2.1730860074361167e-09
20260912_174204_152_paper_strict_raw_equation_seed2025_01f04b03,33,59,0.9999979296699166,2.0699032271901765e-06,4.268561800320943e-10
20260912_174204_152_paper_strict_raw_equation_seed2025_01f04b03,33,60,3.880510727564495e-11,3.116050114234289e-08,0.9999999688006938
20260912_174204_152_paper_strict_raw_equation_seed2025_01f04b03,33,61,3.8805107275644955e-11,7.915388171871504e-06,0.999992084573023
20260912_174204_152_paper_strict_raw_equation_seed2025_01f04b03,33,62,0.9999938741093501,6.125851844747862e-06,3.8805107275644955e-11
20260912_174204_152_paper_strict_raw_equation_seed2025_01f04b03,33,63,4.235577459136645e-07,3.8805107275644955e-11,0.999999576403449
20260912_174204_152_paper_strict_raw_equation_seed2025_01f04b03,33,64,3.880510727564494e-11,1.9402553637822467e-10,0.9999999997671694
20260912_174204_152_paper_strict_raw_equation_seed2025_01f04b03,33,65,0.999999999650754,3.1044085820515954e-10,3.880510727564494e-11
20260912_174204_152_paper_strict_raw_equation_seed2025_01f04b03,33,66,0.9999999997671694,3.880510727564494e-11,1.9402553637822467e-10
20260912_174204_152_paper_strict_raw_equation_seed2025_01f04b03,33,67,0.06596306532931825,3.958120942115785e-09,0.9340369307125608
20260912_174204_152_paper_strict_raw_equation_seed2025_01f04b03,33,68,7.644606133302053e-09,0.9999999923165888,3.880510727564495e-11
20260912_174204_152_paper_strict_raw_equation_seed2025_01f04b03,33,69,4.229756693045298e-09,3.880510727564494e-11,0.9999999957314383
20260912_174204_152_paper_strict_raw_equation_seed2025_01f04b03,33,70,2.7163575092951464e-09,3.880510727564495e-11,0.9999999972448375
20260912_174204_152_paper_strict_raw_equation_seed2025_01f04b03,33,71,1.8688151612877846e-06,3.8805107275644955e-11,0.9999981311460336
20260912_174204_152_paper_strict_raw_equation_seed2025_01f04b03,33,72,3.1906141278644405e-05,0.9999680938199162,3.880510727564495e-11
20260912_174204_152_paper_strict_raw_equation_seed2025_01f04b03,33,73,0.9999999961582944,3.1820187966028848e-09,6.596868236859641e-10
20260912_174204_152_paper_strict_raw_equation_seed2025_01f04b03,33,74,0.9999938484203692,6.151540825764338e-06,3.880510727564495e-11
20260912_174204_152_paper_strict_raw_equation_seed2025_01f04b03,33,75,0.39120336032162106,3.880510727564496e-11,0.6087966396395739
20260912_174204_152_paper_strict_raw_equation_seed2025_01f04b03,33,76,0.999999976833351,3.880510727564494e-11,2.3127843936284382e-08
20260912_174204_152_paper_strict_raw_equation_seed2025_01f04b03,33,77,0.9999999995343387,4.2685618003209435e-10,3.880510727564495e-11
20260912_174204_152_paper_strict_raw_equation_seed2025_01f04b03,33,78,0.9999997836227219,3.880510727564495e-11,2.1633847306172052e-07
20260912_174204_152_paper_strict_raw_equation_seed2025_01f04b03,33,79,4.2685618003209446e-10,0.9997121486036729,0.0002878509694710374
20260912_174204_152_paper_strict_raw_equation_seed2025_01f04b03,33,80,1.5522042910257977e-10,0.9999999998059745,3.880510727564494e-11
20260912_174204_152_paper_strict_raw_equation_seed2025_01f04b03,33,81,0.999999958400925,3.880510727564495e-11,4.156026989221573e-08
20260912_174204_152_paper_strict_raw_equation_seed2025_01f04b03,33,82,3.880510727564494e-11,2.716357509295146e-10,0.9999999996895592
20260912_174204_152_paper_strict_raw_equation_seed2025_01f04b03,33,83,3.880510727564494e-11,3.880510727564494e-10,0.9999999995731439
20260912_174204_152_paper_strict_raw_equation_seed2025_01f04b03,33,84,0.9999999999223899,3.880510727564494e-11,3.880510727564494e-11
20260912_174204_152_paper_strict_raw_equation_seed2025_01f04b03,33,85,3.8805107275644955e-11,0.9999843917709466,1.5608190248409905e-05
20260912_174204_152_paper_strict_raw_equation_seed2025_01f04b03,33,86,0.9999999999223899,3.880510727564494e-11,3.880510727564494e-11
20260912_174204_152_paper_strict_raw_equation_seed2025_01f04b03,33,87,3.880510727564494e-11,3.880510727564494e-11,0.9999999999223899
20260912_174204_152_paper_strict_raw_equation_seed2025_01f04b03,33,88,7.761021455128988e-10,0.9999999781139195,2.1109978357950844e-08
20260912_174204_152_paper_strict_raw_equation_seed2025_01f04b03,33,89,5.432715018590292e-10,0.9999999994179234,3.880510727564494e-11
20260912_174204_152_paper_strict_raw_equation_seed2025_01f04b03,33,90,1.1253481109937033e-09,3.880510727564494e-11,0.9999999988358468
20260912_174204_152_paper_strict_raw_equation_seed2025_01f04b03,33,91,1.940255363782247e-10,5.549867637455463e-06,0.9999944499383371
20260912_174204_152_paper_strict_raw_equation_seed2025_01f04b03,33,92,1.827720552682877e-08,3.1019638602932296e-06,0.9999968797589343
20260912_174204_152_paper_strict_raw_equation_seed2025_01f04b03,33,93,3.880510727564494e-11,0.9999999999223899,3.880510727564494e-11
20260912_174204_152_paper_strict_raw_equation_seed2025_01f04b03,33,94,2.716357509295146e-10,1.9402553637822467e-10,0.9999999995343387
20260912_174204_152_paper_strict_raw_equation_seed2025_01f04b03,33,95,3.880510727564494e-11,3.1044085820515954e-10,0.999999999650754
20260912_174204_152_paper_strict_raw_equation_seed2025_01f04b03,33,96,3.8805107275644935e-10,0.9999999956926331,3.9193158348401385e-09
20260912_174204_152_paper_strict_raw_equation_seed2025_01f04b03,33,97,3.880510727564494e-11,3.880510727564494e-11,0.9999999999223899
20260912_174204_152_paper_strict_raw_equation_seed2025_01f04b03,33,98,0.9999999999223899,3.880510727564494e-11,3.880510727564494e-11
20260912_174204_152_paper_strict_raw_equation_seed2025_01f04b03,33,99,3.919315834840139e-09,0.9999999958866587,1.9402553637822462e-10
20260912_174204_152_paper_strict_raw_equation_seed2025_01f04b03,33,100,3.880510727564494e-11,0.9999999976328885,2.3283064365386963e-09
20260912_174204_152_paper_strict_raw_equation_seed2025_01f04b03,33,101,0.9999999995343387,4.2685618003209435e-10,3.880510727564495e-11
20260912_174204_152_paper_strict_raw_equation_seed2025_01f04b03,34,0,0.9999999999611949,1.940255363782247e-11,1.940255363782247e-11
20260912_174204_152_paper_strict_raw_equation_seed2025_01f04b03,34,1,1.940255363782247e-11,1.940255363782247e-11,0.9999999999611949
20260912_174204_152_paper_strict_raw_equation_seed2025_01f04b03,34,2,2.522331972916921e-10,0.9999999996701566,7.761021455128988e-11
20260912_174204_152_paper_strict_raw_equation_seed2025_01f04b03,34,3,0.9999999833720116,1.6414560377597812e-08,2.1342809001604718e-10
20260912_174204_152_paper_strict_raw_equation_seed2025_01f04b03,34,4,1.998463024695714e-09,1.940255363782247e-11,0.9999999979821345
20260912_174204_152_paper_strict_raw_equation_seed2025_01f04b03,34,5,2.7163575092951464e-10,0.999999999262703,4.656612873077394e-10
20260912_174204_152_paper_strict_raw_equation_seed2025_01f04b03,34,6,1.940255363782247e-11,0.9999999992044953,7.761021455128988e-10
20260912_174204_152_paper_strict_raw_equation_seed2025_01f04b03,34,7,9.701276818911234e-11,0.9999999998059745,9.701276818911234e-11
20260912_174204_152_paper_strict_raw_equation_seed2025_01f04b03,34,8,2.393828860173623e-06,0.9999976060741271,9.701276818911235e-11
20260912_174204_152_paper_strict_raw_equation_seed2025_01f04b03,34,9,0.9999999998835847,1.940255363782247e-11,9.701276818911234e-11
20260912_174204_152_paper_strict_raw_equation_seed2025_01f04b03,34,10,0.7439489089107763,0.25605109106982127,1.9402553637822484e-11
20260912_174204_152_paper_strict_raw_equation_seed2025_01f04b03,34,11,1.9402553637822478e-11,0.17422120948322117,0.8257787904973762
20260912_174204_152_paper_strict_raw_equation_seed2025_01f04b03,34,12,9.352030853430431e-09,0.9999999905509565,9.701276818911234e-11
20260912_174204_152_paper_strict_raw_equation_seed2025_01f04b03,34,13,0.1506897317012772,0.8493102682793203,1.940255363782248e-11
20260912_174204_152_paper_strict_raw_equation_seed2025_01f04b03,34,14,0.9999999999611949,1.940255363782247e-11,1.940255363782247e-11
20260912_174204_152_paper_strict_raw_equation_seed2025_01f04b03,34,15,0.8288741089442435,0.1711251083567428,7.826990137497584e-07
20260912_174204_152_paper_strict_raw_equation_seed2025_01f04b03,34,16,1.358178754647573e-10,0.9999999998447796,1.940255363782247e-11
20260912_174204_152_paper_strict_raw_equation_seed2025_01f04b03,34,17,0.9999999999611949,1.940255363782247e-11,1.940255363782247e-11
20260912_174204_152_paper_strict_raw_equation_seed2025_01f04b03,34,18,7.761021455128988e-11,1.940255363782247e-11,0.9999999999029873
20260912_174204_152_paper_strict_raw_equation_seed2025_01f04b03,34,19,1.940255363782247e-11,0.9999999990686774,9.119200209776561e-10
20260912_174204_152_paper_strict_raw_equation_seed2025_01f04b03,34,20,1.940255363782247e-11,0.9999999999611949,1.940255363782247e-11
20260912_174204_152_paper_strict_raw_equation_seed2025_01f04b03,34,21,0.9999999993791183,6.014791627724966e-10,1.940255363782247e-11
20260912_174204_152_paper_strict_raw_equation_seed2025_01f04b03,34,22,0.999999986961484,1.2902698169151941e-08,1.358178754647573e-10
20260912_174204_152_paper_strict_raw_equation_seed2025_01f04b03,34,23,0.9999999999611949,1.940255363782247e-11,1.940255363782247e-11
20260912_174204_152_paper_strict_raw_equation_seed2025_01f04b03,34,24,0.9999752870644443,1.9402553637822474e-11,2.471291615317265e-05
20260912_174204_152_paper_strict_raw_equation_seed2025_01f04b03,34,25,7.761021455128988e-10,0.9999999990104698,2.1342809001604715e-10
20260912_174204_152_paper_strict_raw_equation_seed2025_01f04b03,34,26,0.681730358725569,7.761021455128992e-11,0.3182696411968209
20260912_174204_152_paper_strict_raw_equation_seed2025_01f04b03,34,27,1.3581787546475732e-10,1.3387762010097506e-09,0.999999998525406
20260912_174204_152_paper_strict_raw_equation_seed2025_01f04b03,34,28,2.9103830456733704e-10,0.9999999993791183,3.2984341184298194e-10
20260912_174204_152_paper_strict_raw_equation_seed2025_01f04b03,34,29,1.552204291025798e-10,0.9999999797049289,2.0139850676059726e-08
20260912_174204_152_paper_strict_raw_equation_seed2025_01f04b03,34,30,1.5133991837501528e-09,1.9402553637822474e-11,0.9999999984671983
20260912_174204_152_paper_strict_raw_equation_seed2025_01f04b03,34,31,0.9999999949359335,7.761021455128988e-11,4.986456284920374e-09
20260912_174204_152_paper_strict_raw_equation_seed2025_01f04b03,34,32,1.358178754647573e-10,1.940255363782247e-11,0.9999999998447796
20260912_174204_152_paper_strict_raw_equation_seed2025_01f04b03,34,33,8.149072527885437e-10,6.014791627724966e-10,0.9999999985836137
20260912_174204_152_paper_strict_raw_equation_seed2025_01f04b03,34,34,4.2685618003209435e-10,0.9999999993597157,2.1342809001604715e-10
20260912_174204_152_paper_strict_raw_equation_seed2025_01f04b03,34,35,6.045835713545482e-08,1.9402553637822474e-11,0.9999999395222403
20260912_174204_152_paper_strict_raw_equation_seed2025_01f04b03,34,36,0.0013263988657854497,0.9986735990775439,2.0566706856091827e-09
20260912_174204_152_paper_strict_raw_equation_seed2025_01f04b03,34,37,1.940255363782247e-11,0.9999999996313516,3.4924596548080444e-10
20260912_174204_152_paper_strict_raw_equation_seed2025_01f04b03,34,38,7.761021455128988e-11,0.9999999991074826,8.149072527885437e-10
20260912_174204_152_paper_strict_raw_equation_seed2025_01f04b03,34,39,2.663970614473025e-08,3.938718388477962e-09,0.9999999694215755
20260912_174204_152_paper_strict_raw_equation_seed2025_01f04b03,34,40,1.940255363782247e-11,0.9999999972448372,2.735760062932968e-09
20260912_174204_152_paper_strict_raw_equation_seed2025_01f04b03,34,41,0.9999003567306015,9.964324999600649e-05,1.9402553637822484e-11
20260912_174204_152_paper_strict_raw_equation_seed2025_01f04b03,34,42,0.9999999999611949,1.940255363782247e-11,1.940255363782247e-11
20260912_174204_152_paper_strict_raw_equation_seed2025_01f04b03,34,43,1.940255363782247e-09,0.999995942460373,4.055599371592204e-06
20260912_174204_152_paper_strict_raw_equation_seed2025_01f04b03,34,44,1.940255363782247e-11,0.999999999786572,1.940255363782247e-10
20260912_174204_152_paper_strict_raw_equation_seed2025_01f04b03,34,45,1.940255363782247e-11,0.999999999825377,1.5522042910257977e-10
20260912_174204_152_paper_strict_raw_equation_seed2025_01f04b03,34,46,9.701276818911234e-11,0.9999999996701566,2.3283064365386963e-10
20260912_174204_152_paper_strict_raw_equation_seed2025_01f04b03,34,47,0.9999999999611949,1.940255363782247e-11,1.940255363782247e-11
20260912_174204_152_paper_strict_raw_equation_seed2025_01f04b03,34,48,6.014791627724969e-10,0.013832087182284644,0.9861679122162362
20260912_174204_152_paper_strict_raw_equation_seed2025_01f04b03,34,49,1.940255363782247e-11,0.9999999999611949,1.940255363782247e-11
20260912_174204_152_paper_strict_raw_equation_seed2025_01f04b03,34,50,0.999999868373076,1.9402553637822478e-11,1.316075213253498e-07
20260912_174204_152_paper_strict_raw_equation_seed2025_01f04b03,34,51,1.9402553637822474e-11,1.9790604710578923e-09,0.999999998001537
20260912_174204_152_paper_strict_raw_equation_seed2025_01f04b03,34,52,1.9402553637822474e-11,1.3785514359672863e-07,0.9999998621254539
20260912_174204_152_paper_strict_raw_equation_seed2025_01f04b03,34,53,0.9999999991850927,7.955046991507213e-10,1.940255363782247e-11
20260912_174204_152_paper_strict_raw_equation_seed2025_01f04b03,34,54,1.7850349346796674e-09,2.1129380911588672e-08,0.9999999770855842
20260912_174204_152_paper_strict_raw_equation_seed2025_01f04b03,34,55,5.432715018590292e-10,4.656612873077393e-10,0.9999999989910673
20260912_174204_152_paper_strict_raw_equation_seed2025_01f04b03,34,56,7.566995918750763e-10,0.9999999992238979,1.940255363782247e-11
20260912_174204_152_paper_strict_raw_equation_seed2025_01f04b03,34,57,1.9402553637822478e-11,0.9999995575247643,4.4245583315690367e-07
20260912_174204_152_paper_strict_raw_equation_seed2025_01f04b03,34,58,0.9999999988940544,1.940255363782247e-11,1.0865430037180583e-09
20260912_174204_152_paper_strict_raw_equation_seed2025_01f04b03,34,59,0.9999989648349583,1.0349516135950883e-06,2.1342809001604715e-10
20260912_174204_152_paper_strict_raw_equation_seed2025_01f04b03,34,60,1.9402553637822474e-11,1.5580250571171444e-08,0.9999999844003469
20260912_174204_152_paper_strict_raw_equation_seed2025_01f04b03,34,61,1.9402553637822478e-11,3.957694085935752e-06,0.9999960422865115
20260912_174204_152_paper_strict_raw_equation_seed2025_01f04b03,34,62,0.9999969370546751,3.062925922373931e-06,1.9402553637822478e-11
20260912_174204_152_paper_strict_raw_equation_seed2025_01f04b03,34,63,2.1177887295683226e-07,1.9402553637822478e-11,0.9999997882017245
20260912_174204_152_paper_strict_raw_equation_seed2025_01f04b03,34,64,1.940255363782247e-11,9.701276818911234e-11,0.9999999998835847
20260912_174204_152_paper_strict_raw_equation_seed2025_01f04b03,34,65,0.999999999825377,1.5522042910257977e-10,1.940255363782247e-11
20260912_174204_152_paper_strict_raw_equation_seed2025_01f04b03,34,66,0.9999999998835847,1.940255363782247e-11,9.701276818911234e-11
20260912_174204_152_paper_strict_raw_equation_seed2025_01f04b03,34,67,0.032981532664659134,1.979060471057893e-09,0.9670184653562804
20260912_174204_152_paper_strict_raw_equation_seed2025_01f04b03,34,68,3.822303066651027e-09,0.9999999961582944,1.9402553637822474e-11
20260912_174204_152_paper_strict_raw_equation_seed2025_01f04b03,34,69,2.114878346522649e-09,1.940255363782247e-11,0.9999999978657191
20260912_174204_152_paper_strict_raw_equation_seed2025_01f04b03,34,70,1.3581787546475732e-09,1.9402553637822474e-11,0.9999999986224187
20260912_174204_152_paper_strict_raw_equation_seed2025_01f04b03,34,71,9.344075806438923e-07,1.9402553637822478e-11,0.9999990655730169
20260912_174204_152_paper_strict_raw_equation_seed2025_01f04b03,34,72,1.5953070639322203e-05,0.9999840469099581,1.9402553637822474e-11
20260912_174204_152_paper_strict_raw_equation_seed2025_01f04b03,34,73,0.9999999980791472,1.5910093983014424e-09,3.2984341184298204e-10
20260912_174204_152_paper_strict_raw_equation_seed2025_01f04b03,34,74,0.9999969242101846,3.075770412882169e-06,1.9402553637822474e-11
20260912_174204_152_paper_strict_raw_equation_seed2025_01f04b03,34,75,0.19560168016081053,1.940255363782248e-11,0.8043983198197869
20260912_174204_152_paper_strict_raw_equation_seed2025_01f04b03,34,76,0.9999999884166755,1.940255363782247e-11,1.1563921968142191e-08
20260912_174204_152_paper_strict_raw_equation_seed2025_01f04b03,34,77,0.9999999997671694,2.1342809001604718e-10,1.9402553637822474e-11
20260912_174204_152_paper_strict_raw_equation_seed2025_01f04b03,34,78,0.999999891811361,1.9402553637822474e-11,1.0816923653086026e-07
20260912_174204_152_paper_strict_raw_equation_seed2025_01f04b03,34,79,2.1342809001604723e-10,0.9998560743018364,0.0001439254847355187
20260912_174204_152_paper_strict_raw_equation_seed2025_01f04b03,34,80,7.761021455128988e-11,0.9999999999029873,1.940255363782247e-11
20260912_174204_152_paper_strict_raw_equation_seed2025_01f04b03,34,81,0.9999999792004626,1.9402553637822474e-11,2.0780134946107864e-08
20260912_174204_152_paper_strict_raw_equation_seed2025_01f04b03,34,82,1.940255363782247e-11,1.358178754647573e-10,0.9999999998447796
20260912_174204_152_paper_strict_raw_equation_seed2025_01f04b03,34,83,1.940255363782247e-11,1.940255363782247e-10,0.999999999786572
20260912_174204_152_paper_strict_raw_equation_seed2025_01f04b03,34,84,0.9999999999611949,1.940255363782247e-11,1.940255363782247e-11
20260912_174204_152_paper_strict_raw_equation_seed2025_01f04b03,34,85,1.9402553637822478e-11,0.9999921958854733,7.804095124204952e-06
20260912_174204_152_paper_strict_raw_equation_seed2025_01f04b03,34,86,0.9999999999611949,1.940255363782247e-11,1.940255363782247e-11
20260912_174204_152_paper_strict_raw_equation_seed2025_01f04b03,34,87,1.940255363782247e-11,1.940255363782247e-11,0.9999999999611949
20260912_174204_152_paper_strict_raw_equation_seed2025_01f04b03,34,88,3.880510727564494e-10,0.9999999890569597,1.0554989178975422e-08
20260912_174204_152_paper_strict_raw_equation_seed2025_01f04b03,34,89,2.716357509295146e-10,0.9999999997089617,1.940255363782247e-11
20260912_174204_152_paper_strict_raw_equation_seed2025_01f04b03,34,90,5.626740554968517e-10,1.940255363782247e-11,0.9999999994179234
20260912_174204_152_paper_strict_raw_equation_seed2025_01f04b03,34,91,9.701276818911235e-11,2.7749338187277317e-06,0.9999972249691685
20260912_174204_152_paper_strict_raw_equation_seed2025_01f04b03,34,92,9.138602763414385e-09,1.5509819301466148e-06,0.9999984398794671
20260912_174204_152_paper_strict_raw_equation_seed2025_01f04b03,34,93,1.940255363782247e-11,0.9999999999611949,1.940255363782247e-11
20260912_174204_152_paper_strict_raw_equation_seed2025_01f04b03,34,94,1.358178754647573e-10,9.701276818911234e-11,0.9999999997671694
20260912_174204_152_paper_strict_raw_equation_seed2025_01f04b03,34,95,1.940255363782247e-11,1.5522042910257977e-10,0.999999999825377
20260912_174204_152_paper_strict_raw_equation_seed2025_01f04b03,34,96,1.9402553637822467e-10,0.9999999978463165,1.9596579174200692e-09
20260912_174204_152_paper_strict_raw_equation_seed2025_01f04b03,34,97,1.940255363782247e-11,1.940255363782247e-11,0.9999999999611949
20260912_174204_152_paper_strict_raw_equation_seed2025_01f04b03,34,98,0.9999999999611949,1.940255363782247e-11,1.940255363782247e-11
20260912_174204_152_paper_strict_raw_equation_seed2025_01f04b03,34,99,1.9596579174200697e-09,0.9999999979433294,9.701276818911231e-11
20260912_174204_152_paper_strict_raw_equation_seed2025_01f04b03,34,100,1.940255363782247e-11,0.9999999988164443,1.1641532182693481e-09
20260912_174204_152_paper_strict_raw_equation_seed2025_01f04b03,34,101,0.9999999997671694,2.1342809001604718e-10,1.9402553637822474e-11
20260912_174204_152_paper_strict_raw_equation_seed2025_01f04b03,35,0,0.9999999999805975,9.701276818911236e-12,9.701276818911236e-12
20260912_174204_152_paper_strict_raw_equation_seed2025_01f04b03,35,1,9.701276818911236e-12,9.701276818911236e-12,0.9999999999805975
20260912_174204_152_paper_strict_raw_equation_seed2025_01f04b03,35,2,1.2611659864584604e-10,0.9999999998350784,3.880510727564494e-11
20260912_174204_152_paper_strict_raw_equation_seed2025_01f04b03,35,3,0.9999999916860058,8.207280188798906e-09,1.0671404500802359e-10
20260912_174204_152_paper_strict_raw_equation_seed2025_01f04b03,35,4,9.99231512347857e-10,9.701276818911236e-12,0.9999999989910673
20260912_174204_152_paper_strict_raw_equation_seed2025_01f04b03,35,5,1.358178754647573e-10,0.9999999996313513,2.3283064365386963e-10
20260912_174204_152_paper_strict_raw_equation_seed2025_01f04b03,35,6,9.701276818911236e-12,0.9999999996022477,3.880510727564494e-10
20260912_174204_152_paper_strict_raw_equation_seed2025_01f04b03,35,7,4.850638409455617e-11,0.9999999999029873,4.850638409455617e-11
20260912_174204_152_paper_strict_raw_equation_seed2025_01f04b03,35,8,1.1969144300868115e-06,0.9999988030370636,4.8506384094556175e-11
20260912_174204_152_paper_strict_raw_equation_seed2025_01f04b03,35,9,0.9999999999417923,9.701276818911236e-12,4.850638409455617e-11
20260912_174204_152_paper_strict_raw_equation_seed2025_01f04b03,35,10,0.7053077877887215,0.29469221220157726,9.701276818911242e-12
20260912_174204_152_paper_strict_raw_equation_seed2025_01f04b03,35,11,9.70127681891124e-12,0.0871106047416106,0.9128893952486882
20260912_174204_152_paper_strict_raw_equation_seed2025_01f04b03,35,12,4.676015426715216e-09,0.9999999952754782,4.850638409455617e-11
20260912_174204_152_paper_strict_raw_equation_seed2025_01f04b03,35,13,0.24201153251730526,0.7579884674729935,9.70127681891124e-12
20260912_174204_152_paper_strict_raw_equation_seed2025_01f04b03,35,14,0.9999999999805975,9.701276818911236e-12,9.701276818911236e-12
20260912_174204_152_paper_strict_raw_equation_seed2025_01f04b03,35,15,0.9144370544721218,0.0855625541783714,3.913495068748792e-07
20260912_174204_152_paper_strict_raw_equation_seed2025_01f04b03,35,16,6.790893773237865e-11,0.9999999999223899,9.701276818911236e-12
20260912_174204_152_paper_strict_raw_equation_seed2025_01f04b03,35,17,0.9999999999805975,9.701276818911236e-12,9.701276818911236e-12
20260912_174204_152_paper_strict_raw_equation_seed2025_01f04b03,35,18,3.880510727564494e-11,9.701276818911236e-12,0.9999999999514937
20260912_174204_152_paper_strict_raw_equation_seed2025_01f04b03,35,19,9.701276818911236e-12,0.9999999995343387,4.5596001048882806e-10
20260912_174204_152_paper_strict_raw_equation_seed2025_01f04b03,35,20,9.701276818911236e-12,0.9999999999805975,9.701276818911236e-12
20260912_174204_152_paper_strict_raw_equation_seed2025_01f04b03,35,21,0.9999999996895592,3.007395813862483e-10,9.701276818911236e-12
20260912_174204_152_paper_strict_raw_equation_seed2025_01f04b03,35,22,0.999999993480742,6.451349084575971e-09,6.790893773237865e-11
20260912_174204_152_paper_strict_raw_equation_seed2025_01f04b03,35,23,0.9999999999805975,9.701276818911236e-12,9.701276818911236e-12
20260912_174204_152_paper_strict_raw_equation_seed2025_01f04b03,35,24,0.9999876435322221,9.701276818911237e-12,1.2356458076586325e-05
20260912_174204_152_paper_strict_raw_equation_seed2025_01f04b03,35,25,3.880510727564494e-10,0.9999999995052349,1.0671404500802358e-10
20260912_174204_152_paper_strict_raw_equation_seed2025_01f04b03,35,26,0.5075318460294511,3.880510727564496e-11,0.49246815393174376
20260912_174204_152_paper_strict_raw_equation_seed2025_01f04b03,35,27,6.790893773237866e-11,6.693881005048753e-10,0.999999999262703
20260912_174204_152_paper_strict_raw_equation_seed2025_01f04b03,35,28,1.4551915228366852e-10,0.9999999996895592,1.6492170592149097e-10
20260912_174204_152_paper_strict_raw_equation_seed2025_01f04b03,35,29,7.761021455128988e-11,0.9999999898524643,1.0069925338029861e-08
20260912_174204_152_paper_strict_raw_equation_seed2025_01f04b03,35,30,7.566995918750764e-10,9.701276818911237e-12,0.9999999992335992
20260912_174204_152_paper_strict_raw_equation_seed2025_01f04b03,35,31,0.9999999974679668,3.880510727564494e-11,2.493228142460187e-09
20260912_174204_152_paper_strict_raw_equation_seed2025_01f04b03,35,32,6.790893773237865e-11,9.701276818911236e-12,0.9999999999223899
20260912_174204_152_paper_strict_raw_equation_seed2025_01f04b03,35,33,4.0745362639427185e-10,3.007395813862483e-10,0.9999999992918068
20260912_174204_152_paper_strict_raw_equation_seed2025_01f04b03,35,34,2.1342809001604718e-10,0.9999999996798579,1.0671404500802358e-10
20260912_174204_152_paper_strict_raw_equation_seed2025_01f04b03,35,35,3.022917856772741e-08,9.701276818911237e-12,0.9999999697611202
20260912_174204_152_paper_strict_raw_equation_seed2025_01f04b03,35,36,0.0006631994328927249,0.999336799538772,1.0283353428045913e-09
20260912_174204_152_paper_strict_raw_equation_seed2025_01f04b03,35,37,9.701276818911236e-12,0.9999999998156758,1.7462298274040222e-10
20260912_174204_152_paper_strict_raw_equation_seed2025_01f04b03,35,38,3.880510727564494e-11,0.9999999995537413,4.0745362639427185e-10
20260912_174204_152_paper_strict_raw_equation_seed2025_01f04b03,35,39,1.3319853072365126e-08,1.969359194238981e-09,0.9999999847107878
20260912_174204_152_paper_strict_raw_equation_seed2025_01f04b03,35,40,9.701276818911237e-12,0.9999999986224187,1.3678800314664843e-09
20260912_174204_152_paper_strict_raw_equation_seed2025_01f04b03,35,41,0.9999501783653008,4.9821624998003244e-05,9.701276818911242e-12
20260912_174204_152_paper_strict_raw_equation_seed2025_01f04b03,35,42,0.9999999999805975,9.701276818911236e-12,9.701276818911236e-12
20260912_174204_152_paper_strict_raw_equation_seed2025_01f04b03,35,43,9.701276818911235e-10,0.9999979712301865,2.027799685796102e-06
20260912_174204_152_paper_strict_raw_equation_seed2025_01f04b03,35,44,9.701276818911236e-12,0.999999999893286,9.701276818911235e-11
20260912_174204_152_paper_strict_raw_equation_seed2025_01f04b03,35,45,9.701276818911236e-12,0.9999999999126885,7.761021455128988e-11
20260912_174204_152_paper_strict_raw_equation_seed2025_01f04b03,35,46,4.850638409455617e-11,0.9999999998350784,1.1641532182693481e-10
20260912_174204_152_paper_strict_raw_equation_seed2025_01f04b03,35,47,0.9999999999805975,9.701276818911236e-12,9.701276818911236e-12
20260912_174204_152_paper_strict_raw_equation_seed2025_01f04b03,35,48,3.0073958138624844e-10,0.006916043591142322,0.9930839561081182
20260912_174204_152_paper_strict_raw_equation_seed2025_01f04b03,35,49,9.701276818911236e-12,0.9999999999805975,9.701276818911236e-12
20260912_174204_152_paper_strict_raw_equation_seed2025_01f04b03,35,50,0.9999999341865381,9.70127681891124e-12,6.580376066267492e-08
20260912_174204_152_paper_strict_raw_equation_seed2025_01f04b03,35,51,9.701276818911237e-12,9.895302355289461e-10,0.9999999990007685
20260912_174204_152_paper_strict_raw_equation_seed2025_01f04b03,35,52,9.701276818911237e-12,6.892757179836431e-08,0.999999931062727
20260912_174204_152_paper_strict_raw_equation_seed2025_01f04b03,35,53,0.9999999995925464,3.9775234957536065e-10,9.701276818911236e-12
20260912_174204_152_paper_strict_raw_equation_seed2025_01f04b03,35,54,8.925174673398337e-10,1.0564690455794336e-08,0.9999999885427922
20260912_174204_152_paper_strict_raw_equation_seed2025_01f04b03,35,55,2.716357509295146e-10,2.3283064365386963e-10,0.9999999994955336
20260912_174204_152_paper_strict_raw_equation_seed2025_01f04b03,35,56,3.7834979593753815e-10,0.999999999611949,9.701276818911236e-12
20260912_174204_152_paper_strict_raw_equation_seed2025_01f04b03,35,57,9.701276818911239e-12,0.9999997787623822,2.2122791657845184e-07
20260912_174204_152_paper_strict_raw_equation_seed2025_01f04b03,35,58,0.9999999994470272,9.701276818911236e-12,5.432715018590292e-10
20260912_174204_152_paper_strict_raw_equation_seed2025_01f04b03,35,59,0.9999994824174792,5.174758067975441e-07,1.0671404500802358e-10
20260912_174204_152_paper_strict_raw_equation_seed2025_01f04b03,35,60,9.701276818911237e-12,7.790125285585722e-09,0.9999999922001734
20260912_174204_152_paper_strict_raw_equation_seed2025_01f04b03,35,61,9.701276818911239e-12,1.978847042967876e-06,0.9999980211432558
20260912_174204_152_paper_strict_raw_equation_seed2025_01f04b03,35,62,0.9999984685273375,1.5314629611869654e-06,9.701276818911239e-12
20260912_174204_152_paper_strict_raw_equation_seed2025_01f04b03,35,63,1.0588943647841613e-07,9.701276818911239e-12,0.9999998941008623
20260912_174204_152_paper_strict_raw_equation_seed2025_01f04b03,35,64,9.701276818911236e-12,4.850638409455617e-11,0.9999999999417923
20260912_174204_152_paper_strict_raw_equation_seed2025_01f04b03,35,65,0.9999999999126885,7.761021455128988e-11,9.701276818911236e-12
20260912_174204_152_paper_strict_raw_equation_seed2025_01f04b03,35,66,0.9999999999417923,9.701276818911236e-12,4.850638409455617e-11
20260912_174204_152_paper_strict_raw_equation_seed2025_01f04b03,35,67,0.016490766332329567,9.895302355289465e-10,0.9835092326781403
20260912_174204_152_paper_strict_raw_equation_seed2025_01f04b03,35,68,1.9111515333255133e-09,0.9999999980791472,9.701276818911237e-12
20260912_174204_152_paper_strict_raw_equation_seed2025_01f04b03,35,69,1.0574391732613244e-09,9.701276818911236e-12,0.9999999989328596
20260912_174204_152_paper_strict_raw_equation_seed2025_01f04b03,35,70,6.790893773237866e-10,9.701276818911237e-12,0.9999999993112094
20260912_174204_152_paper_strict_raw_equation_seed2025_01f04b03,35,71,4.6720379032194614e-07,9.701276818911239e-12,0.9999995327865084
20260912_174204_152_paper_strict_raw_equation_seed2025_01f04b03,35,72,7.976535319661101e-06,0.9999920234549791,9.701276818911237e-12
20260912_174204_152_paper_strict_raw_equation_seed2025_01f04b03,35,73,0.9999999990395736,7.955046991507212e-10,1.6492170592149102e-10
20260912_174204_152_paper_strict_raw_equation_seed2025_01f04b03,35,74,0.9999984621050924,1.5378852064410844e-06,9.701276818911237e-12
20260912_174204_152_paper_strict_raw_equation_seed2025_01f04b03,35,75,0.09780084008040527,9.70127681891124e-12,0.9021991599098935
20260912_174204_152_paper_strict_raw_equation_seed2025_01f04b03,35,76,0.9999999942083377,9.701276818911236e-12,5.7819609840710955e-09
20260912_174204_152_paper_strict_raw_equation_seed2025_01f04b03,35,77,0.9999999998835847,1.0671404500802359e-10,9.701276818911237e-12
20260912_174204_152_paper_strict_raw_equation_seed2025_01f04b03,35,78,0.9999999459056805,9.701276818911237e-12,5.408461826543013e-08
20260912_174204_152_paper_strict_raw_equation_seed2025_01f04b03,35,79,1.0671404500802361e-10,0.9999280371509183,7.196274236775935e-05
20260912_174204_152_paper_strict_raw_equation_seed2025_01f04b03,35,80,3.880510727564494e-11,0.9999999999514937,9.701276818911236e-12
20260912_174204_152_paper_strict_raw_equation_seed2025_01f04b03,35,81,0.9999999896002313,9.701276818911237e-12,1.0390067473053932e-08
20260912_174204_152_paper_strict_raw_equation_seed2025_01f04b03,35,82,9.701276818911236e-12,6.790893773237865e-11,0.9999999999223899
20260912_174204_152_paper_strict_raw_equation_seed2025_01f04b03,35,83,9.701276818911236e-12,9.701276818911235e-11,0.999999999893286
20260912_174204_152_paper_strict_raw_equation_seed2025_01f04b03,35,84,0.9999999999805975,9.701276818911236e-12,9.701276818911236e-12
20260912_174204_152_paper_strict_raw_equation_seed2025_01f04b03,35,85,9.701276818911239e-12,0.9999960979427367,3.902047562102476e-06
20260912_174204_152_paper_strict_raw_equation_seed2025_01f04b03,35,86,0.9999999999805975,9.701276818911236e-12,9.701276818911236e-12
20260912_174204_152_paper_strict_raw_equation_seed2025_01f04b03,35,87,9.701276818911236e-12,9.701276818911236e-12,0.9999999999805975
20260912_174204_152_paper_strict_raw_equation_seed2025_01f04b03,35,88,1.940255363782247e-10,0.9999999945284799,5.277494589487711e-09
20260912_174204_152_paper_strict_raw_equation_seed2025_01f04b03,35,89,1.358178754647573e-10,0.9999999998544808,9.701276818911236e-12
20260912_174204_152_paper_strict_raw_equation_seed2025_01f04b03,35,90,2.8133702774842584e-10,9.701276818911236e-12,0.9999999997089617
20260912_174204_152_paper_strict_raw_equation_seed2025_01f04b03,35,91,4.8506384094556175e-11,1.3874669093638659e-06,0.9999986124845843
20260912_174204_152_paper_strict_raw_equation_seed2025_01f04b03,35,92,4.569301381707192e-09,7.754909650733074e-07,0.9999992199397336
20260912_174204_152_paper_strict_raw_equation_seed2025_01f04b03,35,93,9.701276818911236e-12,0.9999999999805975,9.701276818911236e-12
20260912_174204_152_paper_strict_raw_equation_seed2025_01f04b03,35,94,6.790893773237865e-11,4.850638409455617e-11,0.9999999998835847
20260912_174204_152_paper_strict_raw_equation_seed2025_01f04b03,35,95,9.701276818911236e-12,7.761021455128988e-11,0.9999999999126885
20260912_174204_152_paper_strict_raw_equation_seed2025_01f04b03,35,96,9.701276818911234e-11,0.9999999989231583,9.798289587100346e-10
20260912_174204_152_paper_strict_raw_equation_seed2025_01f04b03,35,97,9.701276818911236e-12,9.701276818911236e-12,0.9999999999805975
20260912_174204_152_paper_strict_raw_equation_seed2025_01f04b03,35,98,0.9999999999805975,9.701276818911236e-12,9.701276818911236e-12
20260912_174204_152_paper_strict_raw_equation_seed2025_01f04b03,35,99,9.798289587100348e-10,0.9999999989716647,4.8506384094556155e-11
20260912_174204_152_paper_strict_raw_equation_seed2025_01f04b03,35,100,9.701276818911236e-12,0.9999999994082222,5.820766091346741e-10
20260912_174204_152_paper_strict_raw_equation_seed2025_01f04b03,35,101,0.9999999998835847,1.0671404500802359e-10,9.701276818911237e-12
20260912_174204_152_paper_strict_raw_equation_seed2025_01f04b03,36,0,0.9999999999902988,4.850638409455618e-12,4.850638409455618e-12
20260912_174204_152_paper_strict_raw_equation_seed2025_01f04b03,36,1,4.850638409455618e-12,4.850638409455618e-12,0.9999999999902988
20260912_174204_152_paper_strict_raw_equation_seed2025_01f04b03,36,2,6.305829932292302e-11,0.9999999999175392,1.940255363782247e-11
20260912_174204_152_paper_strict_raw_equation_seed2025_01f04b03,36,3,0.9999999958430029,4.103640094399453e-09,5.3357022504011794e-11
20260912_174204_152_paper_strict_raw_equation_seed2025_01f04b03,36,4,4.996157561739285e-10,4.850638409455618e-12,0.9999999994955336
20260912_174204_152_paper_strict_raw_equation_seed2025_01f04b03,36,5,6.790893773237866e-11,0.9999999998156758,1.1641532182693484e-10
20260912_174204_152_paper_strict_raw_equation_seed2025_01f04b03,36,6,4.850638409455618e-12,0.9999999998011239,1.940255363782247e-10
20260912_174204_152_paper_strict_raw_equation_seed2025_01f04b03,36,7,2.4253192047278084e-11,0.9999999999514937,2.4253192047278084e-11
20260912_174204_152_paper_strict_raw_equation_seed2025_01f04b03,36,8,5.984572150434058e-07,0.9999994015185318,2.4253192047278087e-11
20260912_174204_152_paper_strict_raw_equation_seed2025_01f04b03,36,9,0.9999999999708962,4.850638409455618e-12,2.4253192047278084e-11
20260912_174204_152_paper_strict_raw_equation_seed2025_01f04b03,36,10,0.6026538938943607,0.39734610610078863,4.850638409455621e-12
20260912_174204_152_paper_strict_raw_equation_seed2025_01f04b03,36,11,4.85063840945562e-12,0.1685553023708053,0.8314446976243441
20260912_174204_152_paper_strict_raw_equation_seed2025_01f04b03,36,12,2.338007713357608e-09,0.9999999976377392,2.4253192047278084e-11
20260912_174204_152_paper_strict_raw_equation_seed2025_01f04b03,36,13,0.12100576625865263,0.8789942337364968,4.85063840945562e-12
20260912_174204_152_paper_strict_raw_equation_seed2025_01f04b03,36,14,0.9999999999902988,4.850638409455618e-12,4.850638409455618e-12
20260912_174204_152_paper_strict_raw_equation_seed2025_01f04b03,36,15,0.9572185272360609,0.0427812770891857,1.956747534374396e-07
20260912_174204_152_paper_strict_raw_equation_seed2025_01f04b03,36,16,3.395446886618932e-11,0.9999999999611949,4.850638409455618e-12
20260912_174204_152_paper_strict_raw_equation_seed2025_01f04b03,36,17,0.9999999999902988,4.850638409455618e-12,4.850638409455618e-12
20260912_174204_152_paper_strict_raw_equation_seed2025_01f04b03,36,18,1.940255363782247e-11,4.850638409455618e-12,0.9999999999757468
20260912_174204_152_paper_strict_raw_equation_seed2025_01f04b03,36,19,4.850638409455618e-12,0.9999999997671694,2.2798000524441403e-10
20260912_174204_152_paper_strict_raw_equation_seed2025_01f04b03,36,20,4.850638409455618e-12,0.9999999999902988,4.850638409455618e-12
20260912_174204_152_paper_strict_raw_equation_seed2025_01f04b03,36,21,0.9999999998447796,1.5036979069312414e-10,4.850638409455618e-12
20260912_174204_152_paper_strict_raw_equation_seed2025_01f04b03,36,22,0.999999996740371,3.2256745422879853e-09,3.395446886618932e-11
20260912_174204_152_paper_strict_raw_equation_seed2025_01f04b03,36,23,0.9999999999902988,4.850638409455618e-12,4.850638409455618e-12
20260912_174204_152_paper_strict_raw_equation_seed2025_01f04b03,36,24,0.9999938217661111,4.850638409455619e-12,6.178229038293162e-06
20260912_174204_152_paper_strict_raw_equation_seed2025_01f04b03,36,25,1.940255363782247e-10,0.9999999997526174,5.335702250401179e-11
20260912_174204_152_paper_strict_raw_equation_seed2025_01f04b03,36,26,0.6287659230147256,1.940255363782248e-11,0.37123407696587185
20260912_174204_152_paper_strict_raw_equation_seed2025_01f04b03,36,27,3.395446886618933e-11,3.3469405025243764e-10,0.9999999996313516
20260912_174204_152_paper_strict_raw_equation_seed2025_01f04b03,36,28,7.275957614183426e-11,0.9999999998447796,8.246085296074548e-11
20260912_174204_152_paper_strict_raw_equation_seed2025_01f04b03,36,29,3.880510727564495e-11,0.9999999949262323,5.0349626690149316e-09
20260912_174204_152_paper_strict_raw_equation_seed2025_01f04b03,36,30,3.783497959375382e-10,4.850638409455619e-12,0.9999999996167996
20260912_174204_152_paper_strict_raw_equation_seed2025_01f04b03,36,31,0.9999999987339834,1.940255363782247e-11,1.2466140712300935e-09
20260912_174204_152_paper_strict_raw_equation_seed2025_01f04b03,36,32,3.395446886618932e-11,4.850638409455618e-12,0.9999999999611949
20260912_174204_152_paper_strict_raw_equation_seed2025_01f04b03,36,33,2.0372681319713593e-10,1.5036979069312414e-10,0.9999999996459035
20260912_174204_152_paper_strict_raw_equation_seed2025_01f04b03,36,34,1.0671404500802359e-10,0.9999999998399289,5.335702250401179e-11
20260912_174204_152_paper_strict_raw_equation_seed2025_01f04b03,36,35,1.5114589283863705e-08,4.850638409455619e-12,0.9999999848805601
20260912_174204_152_paper_strict_raw_equation_seed2025_01f04b03,36,36,0.00033159971644636244,0.999668399769386,5.141676714022957e-10
20260912_174204_152_paper_strict_raw_equation_seed2025_01f04b03,36,37,4.850638409455618e-12,0.9999999999078379,8.731149137020111e-11
20260912_174204_152_paper_strict_raw_equation_seed2025_01f04b03,36,38,1.940255363782247e-11,0.9999999997768707,2.0372681319713593e-10
20260912_174204_152_paper_strict_raw_equation_seed2025_01f04b03,36,39,6.659926536182563e-09,9.846795971194906e-10,0.9999999923553939
20260912_174204_152_paper_strict_raw_equation_seed2025_01f04b03,36,40,4.850638409455618e-12,0.9999999993112092,6.83940015733242e-10
20260912_174204_152_paper_strict_raw_equation_seed2025_01f04b03,36,41,0.9999750891826504,2.4910812499001622e-05,4.850638409455621e-12
20260912_174204_152_paper_strict_raw_equation_seed2025_01f04b03,36,42,0.9999999999902988,4.850638409455618e-12,4.850638409455618e-12
20260912_174204_152_paper_strict_raw_equation_seed2025_01f04b03,36,43,4.850638409455618e-10,0.9999989856150933,1.013899842898051e-06
20260912_174204_152_paper_strict_raw_equation_seed2025_01f04b03,36,44,4.850638409455618e-12,0.999999999946643,4.8506384094556175e-11
20260912_174204_152_paper_strict_raw_equation_seed2025_01f04b03,36,45,4.850638409455618e-12,0.9999999999563443,3.880510727564494e-11
20260912_174204_152_paper_strict_raw_equation_seed2025_01f04b03,36,46,2.4253192047278084e-11,0.9999999999175392,5.820766091346741e-11
20260912_174204_152_paper_strict_raw_equation_seed2025_01f04b03,36,47,0.9999999999902988,4.850638409455618e-12,4.850638409455618e-12
20260912_174204_152_paper_strict_raw_equation_seed2025_01f04b03,36,48,1.5036979069312422e-10,0.003458021795571161,0.9965419780540591
20260912_174204_152_paper_strict_raw_equation_seed2025_01f04b03,36,49,4.850638409455618e-12,0.9999999999902988,4.850638409455618e-12
20260912_174204_152_paper_strict_raw_equation_seed2025_01f04b03,36,50,0.9999999670932689,4.8506384094556194e-12,3.290188033133745e-08
20260912_174204_152_paper_strict_raw_equation_seed2025_01f04b03,36,51,4.850638409455619e-12,4.947651177644731e-10,0.9999999995003843
20260912_174204_152_paper_strict_raw_equation_seed2025_01f04b03,36,52,4.850638409455619e-12,3.4463785899182156e-08,0.9999999655313635
20260912_174204_152_paper_strict_raw_equation_seed2025_01f04b03,36,53,0.9999999997962732,1.9887617478768033e-10,4.850638409455618e-12
20260912_174204_152_paper_strict_raw_equation_seed2025_01f04b03,36,54,4.4625873366991686e-10,5.282345227897168e-09,0.9999999942713961
20260912_174204_152_paper_strict_raw_equation_seed2025_01f04b03,36,55,1.358178754647573e-10,1.1641532182693481e-10,0.9999999997477669
20260912_174204_152_paper_strict_raw_equation_seed2025_01f04b03,36,56,1.8917489796876907e-10,0.9999999998059745,4.850638409455618e-12
20260912_174204_152_paper_strict_raw_equation_seed2025_01f04b03,36,57,4.8506384094556194e-12,0.9999998893811911,1.1061395828922592e-07
20260912_174204_152_paper_strict_raw_equation_seed2025_01f04b03,36,58,0.9999999997235136,4.850638409455618e-12,2.716357509295146e-10
20260912_174204_152_paper_strict_raw_equation_seed2025_01f04b03,36,59,0.9999997412087396,2.5873790339877206e-07,5.335702250401179e-11
20260912_174204_152_paper_strict_raw_equation_seed2025_01f04b03,36,60,4.850638409455619e-12,3.895062642792861e-09,0.9999999961000867
20260912_174204_152_paper_strict_raw_equation_seed2025_01f04b03,36,61,4.8506384094556194e-12,9.89423521483938e-07,0.9999990105716279
20260912_174204_152_paper_strict_raw_equation_seed2025_01f04b03,36,62,0.9999992342636688,7.657314805934827e-07,4.8506384094556194e-12
20260912_174204_152_paper_strict_raw_equation_seed2025_01f04b03,36,63,5.2944718239208065e-08,4.8506384094556194e-12,0.9999999470504312
20260912_174204_152_paper_strict_raw_equation_seed2025_01f04b03,36,64,4.850638409455618e-12,2.4253192047278084e-11,0.9999999999708962
20260912_174204_152_paper_strict_raw_equation_seed2025_01f04b03,36,65,0.9999999999563443,3.880510727564494e-11,4.850638409455618e-12
20260912_174204_152_paper_strict_raw_equation_seed2025_01f04b03,36,66,0.9999999999708962,4.850638409455618e-12,2.4253192047278084e-11
20260912_174204_152_paper_strict_raw_equation_seed2025_01f04b03,36,67,0.008245383166164784,4.947651177644733e-10,0.9917546163390701
20260912_174204_152_paper_strict_raw_equation_seed2025_01f04b03,36,68,9.555757666627567e-10,0.9999999990395736,4.850638409455619e-12
20260912_174204_152_paper_strict_raw_equation_seed2025_01f04b03,36,69,5.287195866306622e-10,4.850638409455618e-12,0.9999999994664298
20260912_174204_152_paper_strict_raw_equation_seed2025_01f04b03,36,70,3.395446886618933e-10,4.850638409455619e-12,0.9999999996556047
20260912_174204_152_paper_strict_raw_equation_seed2025_01f04b03,36,71,2.3360189516097307e-07,4.8506384094556194e-12,0.9999997663932543
20260912_174204_152_paper_strict_raw_equation_seed2025_01f04b03,36,72,3.988267659830551e-06,0.9999960117274895,4.850638409455619e-12
20260912_174204_152_paper_strict_raw_equation_seed2025_01f04b03,36,73,0.9999999995197868,3.977523495753606e-10,8.246085296074551e-11
20260912_174204_152_paper_strict_raw_equation_seed2025_01f04b03,36,74,0.9999992310525462,7.689426032205422e-07,4.850638409455619e-12
20260912_174204_152_paper_strict_raw_equation_seed2025_01f04b03,36,75,0.04890042004020263,4.85063840945562e-12,0.9510995799549468
20260912_174204_152_paper_strict_raw_equation_seed2025_01f04b03,36,76,0.9999999971041689,4.850638409455618e-12,2.8909804920355478e-09
20260912_174204_152_paper_strict_raw_equation_seed2025_01f04b03,36,77,0.9999999999417923,5.3357022504011794e-11,4.850638409455619e-12
20260912_174204_152_paper_strict_raw_equation_seed2025_01f04b03,36,78,0.9999999729528403,4.850638409455619e-12,2.7042309132715065e-08
20260912_174204_152_paper_strict_raw_equation_seed2025_01f04b03,36,79,5.335702250401181e-11,0.9999640185754591,3.5981371183879673e-05
20260912_174204_152_paper_strict_raw_equation_seed2025_01f04b03,36,80,1.940255363782247e-11,0.9999999999757468,4.850638409455618e-12
20260912_174204_152_paper_strict_raw_equation_seed2025_01f04b03,36,81,0.9999999948001157,4.850638409455619e-12,5.195033736526966e-09
20260912_174204_152_paper_strict_raw_equation_seed2025_01f04b03,36,82,4.850638409455618e-12,3.395446886618932e-11,0.9999999999611949
20260912_174204_152_paper_strict_raw_equation_seed2025_01f04b03,36,83,4.850638409455618e-12,4.8506384094556175e-11,0.999999999946643
20260912_174204_152_paper_strict_raw_equation_seed2025_01f04b03,36,84,0.9999999999902988,4.850638409455618e-12,4.850638409455618e-12
20260912_174204_152_paper_strict_raw_equation_seed2025_01f04b03,36,85,4.8506384094556194e-12,0.9999980489713683,1.951023781051238e-06
20260912_174204_152_paper_strict_raw_equation_seed2025_01f04b03,36,86,0.9999999999902988,4.850638409455618e-12,4.850638409455618e-12
20260912_174204_152_paper_strict_raw_equation_seed2025_01f04b03,36,87,4.850638409455618e-12,4.850638409455618e-12,0.9999999999902988
20260912_174204_152_paper_strict_raw_equation_seed2025_01f04b03,36,88,9.701276818911235e-11,0.9999999972642399,2.6387472947438555e-09
20260912_174204_152_paper_strict_raw_equation_seed2025_01f04b03,36,89,6.790893773237865e-11,0.9999999999272404,4.850638409455618e-12
20260912_174204_152_paper_strict_raw_equation_seed2025_01f04b03,36,90,1.4066851387421292e-10,4.850638409455618e-12,0.9999999998544808
20260912_174204_152_paper_strict_raw_equation_seed2025_01f04b03,36,91,2.4253192047278087e-11,6.937334546819329e-07,0.9999993062422922
20260912_174204_152_paper_strict_raw_equation_seed2025_01f04b03,36,92,2.284650690853596e-09,3.877454825366537e-07,0.9999996099698668
20260912_174204_152_paper_strict_raw_equation_seed2025_01f04b03,36,93,4.850638409455618e-12,0.9999999999902988,4.850638409455618e-12
20260912_174204_152_paper_strict_raw_equation_seed2025_01f04b03,36,94,3.395446886618932e-11,2.4253192047278084e-11,0.9999999999417923
20260912_174204_152_paper_strict_raw_equation_seed2025_01f04b03,36,95,4.850638409455618e-12,3.880510727564494e-11,0.9999999999563443
20260912_174204_152_paper_strict_raw_equation_seed2025_01f04b03,36,96,4.850638409455617e-11,0.9999999994615791,4.899144793550173e-10
20260912_174204_152_paper_strict_raw_equation_seed2025_01f04b03,36,97,4.850638409455618e-12,4.850638409455618e-12,0.9999999999902988
20260912_174204_152_paper_strict_raw_equation_seed2025_01f04b03,36,98,0.9999999999902988,4.850638409455618e-12,4.850638409455618e-12
20260912_174204_152_paper_strict_raw_equation_seed2025_01f04b03,36,99,4.899144793550174e-10,0.9999999994858324,2.4253192047278078e-11
20260912_174204_152_paper_strict_raw_equation_seed2025_01f04b03,36,100,4.850638409455618e-12,0.9999999997041111,2.9103830456733704e-10
20260912_174204_152_paper_strict_raw_equation_seed2025_01f04b03,36,101,0.9999999999417923,5.3357022504011794e-11,4.850638409455619e-12
20260912_174204_152_paper_strict_raw_equation_seed2025_01f04b03,37,0,0.9999999999951494,2.425319204727809e-12,2.425319204727809e-12
20260912_174204_152_paper_strict_raw_equation_seed2025_01f04b03,37,1,2.425319204727809e-12,2.425319204727809e-12,0.9999999999951494
20260912_174204_152_paper_strict_raw_equation_seed2025_01f04b03,37,2,3.152914966146151e-11,0.9999999999587696,9.701276818911236e-12
20260912_174204_152_paper_strict_raw_equation_seed2025_01f04b03,37,3,0.9999999979215015,2.0518200471997265e-09,2.6678511252005897e-11
20260912_174204_152_paper_strict_raw_equation_seed2025_01f04b03,37,4,2.4980787808696425e-10,2.425319204727809e-12,0.9999999997477669
20260912_174204_152_paper_strict_raw_equation_seed2025_01f04b03,37,5,3.395446886618932e-11,0.9999999999078377,5.820766091346741e-11
20260912_174204_152_paper_strict_raw_equation_seed2025_01f04b03,37,6,2.425319204727809e-12,0.999999999900562,9.701276818911235e-11
20260912_174204_152_paper_strict_raw_equation_seed2025_01f04b03,37,7,1.2126596023639042e-11,0.9999999999757468,1.2126596023639042e-11
20260912_174204_152_paper_strict_raw_equation_seed2025_01f04b03,37,8,2.992286075217029e-07,0.9999997007592659,1.2126596023639044e-11
20260912_174204_152_paper_strict_raw_equation_seed2025_01f04b03,37,9,0.9999999999854481,2.425319204727809e-12,1.2126596023639042e-11
20260912_174204_152_paper_strict_raw_equation_seed2025_01f04b03,37,10,0.5513269469471804,0.4486730530503943,2.4253192047278105e-12
20260912_174204_152_paper_strict_raw_equation_seed2025_01f04b03,37,11,2.42531920472781e-12,0.33427765118540265,0.6657223488121721
20260912_174204_152_paper_strict_raw_equation_seed2025_01f04b03,37,12,1.169003856678804e-09,0.9999999988188696,1.2126596023639042e-11
20260912_174204_152_paper_strict_raw_equation_seed2025_01f04b03,37,13,0.060502883129326314,0.9394971168682484,2.42531920472781e-12
20260912_174204_152_paper_strict_raw_equation_seed2025_01f04b03,37,14,0.9999999999951494,2.425319204727809e-12,2.425319204727809e-12
20260912_174204_152_paper_strict_raw_equation_seed2025_01f04b03,37,15,0.9786092636180305,0.02139063854459285,9.78373767187198e-08
20260912_174204_152_paper_strict_raw_equation_seed2025_01f04b03,37,16,1.697723443309466e-11,0.9999999999805975,2.425319204727809e-12
20260912_174204_152_paper_strict_raw_equation_seed2025_01f04b03,37,17,0.9999999999951494,2.425319204727809e-12,2.425319204727809e-12
20260912_174204_152_paper_strict_raw_equation_seed2025_01f04b03,37,18,9.701276818911236e-12,2.425319204727809e-12,0.9999999999878735
20260912_174204_152_paper_strict_raw_equation_seed2025_01f04b03,37,19,2.425319204727809e-12,0.9999999998835847,1.1399000262220701e-10
20260912_174204_152_paper_strict_raw_equation_seed2025_01f04b03,37,20,2.425319204727809e-12,0.9999999999951494,2.425319204727809e-12
20260912_174204_152_paper_strict_raw_equation_seed2025_01f04b03,37,21,0.9999999999223899,7.518489534656207e-11,2.425319204727809e-12
20260912_174204_152_paper_strict_raw_equation_seed2025_01f04b03,37,22,0.9999999983701855,1.6128372711439927e-09,1.697723443309466e-11
20260912_174204_152_paper_strict_raw_equation_seed2025_01f04b03,37,23,0.9999999999951494,2.425319204727809e-12,2.425319204727809e-12
20260912_174204_152_paper_strict_raw_equation_seed2025_01f04b03,37,24,0.9999969108830555,2.4253192047278093e-12,3.089114519146581e-06
20260912_174204_152_paper_strict_raw_equation_seed2025_01f04b03,37,25,9.701276818911235e-11,0.9999999998763087,2.6678511252005894e-11
20260912_174204_152_paper_strict_raw_equation_seed2025_01f04b03,37,26,0.5643829615073628,9.70127681891124e-12,0.4356170384829359
20260912_174204_152_paper_strict_raw_equation_seed2025_01f04b03,37,27,1.6977234433094665e-11,1.6734702512621882e-10,0.9999999998156758
20260912_174204_152_paper_strict_raw_equation_seed2025_01f04b03,37,28,3.637978807091713e-11,0.9999999999223899,4.123042648037274e-11
20260912_174204_152_paper_strict_raw_equation_seed2025_01f04b03,37,29,1.940255363782247e-11,0.999999997463116,2.5174813345074654e-09
20260912_174204_152_paper_strict_raw_equation_seed2025_01f04b03,37,30,1.891748979687691e-10,2.4253192047278093e-12,0.9999999998083998
20260912_174204_152_paper_strict_raw_equation_seed2025_01f04b03,37,31,0.9999999993669917,9.701276818911236e-12,6.233070356150468e-10
20260912_174204_152_paper_strict_raw_equation_seed2025_01f04b03,37,32,1.697723443309466e-11,2.425319204727809e-12,0.9999999999805975
20260912_174204_152_paper_strict_raw_equation_seed2025_01f04b03,37,33,1.0186340659856796e-10,7.518489534656207e-11,0.9999999998229517
20260912_174204_152_paper_strict_raw_equation_seed2025_01f04b03,37,34,5.3357022504011794e-11,0.9999999999199645,2.6678511252005894e-11
20260912_174204_152_paper_strict_raw_equation_seed2025_01f04b03,37,35,7.557294641931852e-09,2.4253192047278093e-12,0.99999999244028
20260912_174204_152_paper_strict_raw_equation_seed2025_01f04b03,37,36,0.00016579985822318122,0.999834199884693,2.5708383570114784e-10
20260912_174204_152_paper_strict_raw_equation_seed2025_01f04b03,37,37,2.425319204727809e-12,0.999999999953919,4.3655745685100555e-11
20260912_174204_152_paper_strict_raw_equation_seed2025_01f04b03,37,38,9.701276818911236e-12,0.9999999998884354,1.0186340659856796e-10
20260912_174204_152_paper_strict_raw_equation_seed2025_01f04b03,37,39,3.3299632680912814e-09,4.923397985597453e-10,0.999999996177697
20260912_174204_152_paper_strict_raw_equation_seed2025_01f04b03,37,40,2.4253192047278093e-12,0.9999999996556047,3.4197000786662107e-10
20260912_174204_152_paper_strict_raw_equation_seed2025_01f04b03,37,41,0.9999875445913252,1.2455406249500811e-05,2.4253192047278105e-12
20260912_174204_152_paper_strict_raw_equation_seed2025_01f04b03,37,42,0.9999999999951494,2.425319204727809e-12,2.425319204727809e-12
20260912_174204_152_paper_strict_raw_equation_seed2025_01f04b03,37,43,2.425319204727809e-10,0.9999994928075466,5.069499214490255e-07
20260912_174204_152_paper_strict_raw_equation_seed2025_01f04b03,37,44,2.425319204727809e-12,0.9999999999733216,2.4253192047278087e-11
20260912_174204_152_paper_strict_raw_equation_seed2025_01f04b03,37,45,2.425319204727809e-12,0.9999999999781721,1.940255363782247e-11
20260912_174204_152_paper_strict_raw_equation_seed2025_01f04b03,37,46,1.2126596023639042e-11,0.9999999999587696,2.9103830456733704e-11
20260912_174204_152_paper_strict_raw_equation_seed2025_01f04b03,37,47,0.9999999999951494,2.425319204727809e-12,2.425319204727809e-12
20260912_174204_152_paper_strict_raw_equation_seed2025_01f04b03,37,48,7.518489534656211e-11,0.0017290108977855805,0.9982709890270296
20260912_174204_152_paper_strict_raw_equation_seed2025_01f04b03,37,49,2.425319204727809e-12,0.9999999999951494,2.425319204727809e-12
20260912_174204_152_paper_strict_raw_equation_seed2025_01f04b03,37,50,0.9999999835466346,2.42531920472781e-12,1.645094016566873e-08
20260912_174204_152_paper_strict_raw_equation_seed2025_01f04b03,37,51,2.4253192047278093e-12,2.4738255888223653e-10,0.9999999997501922
20260912_174204_152_paper_strict_raw_equation_seed2025_01f04b03,37,52,2.4253192047278093e-12,1.7231892949591078e-08,0.9999999827656818
20260912_174204_152_paper_strict_raw_equation_seed2025_01f04b03,37,53,0.9999999998981366,9.943808739384016e-11,2.425319204727809e-12
20260912_174204_152_paper_strict_raw_equation_seed2025_01f04b03,37,54,2.2312936683495843e-10,2.641172613948584e-09,0.9999999971356981
20260912_174204_152_paper_strict_raw_equation_seed2025_01f04b03,37,55,6.790893773237865e-11,5.820766091346741e-11,0.9999999998738834
20260912_174204_152_paper_strict_raw_equation_seed2025_01f04b03,37,56,9.458744898438454e-11,0.9999999999029873,2.425319204727809e-12
20260912_174204_152_paper_strict_raw_equation_seed2025_01f04b03,37,57,2.4253192047278097e-12,0.9999999446905956,5.530697914461296e-08
20260912_174204_152_paper_strict_raw_equation_seed2025_01f04b03,37,58,0.9999999998617568,2.425319204727809e-12,1.358178754647573e-10
20260912_174204_152_paper_strict_raw_equation_seed2025_01f04b03,37,59,0.9999998706043698,1.2936895169938603e-07,2.6678511252005894e-11
20260912_174204_152_paper_strict_raw_equation_seed2025_01f04b03,37,60,2.4253192047278093e-12,1.9475313213964305e-09,0.9999999980500434
20260912_174204_152_paper_strict_raw_equation_seed2025_01f04b03,37,61,2.4253192047278097e-12,4.94711760741969e-07,0.9999995052858139
20260912_174204_152_paper_strict_raw_equation_seed2025_01f04b03,37,62,0.9999996171318344,3.8286574029674136e-07,2.4253192047278097e-12
20260912_174204_152_paper_strict_raw_equation_seed2025_01f04b03,37,63,2.6472359119604032e-08,2.4253192047278097e-12,0.9999999735252156
20260912_174204_152_paper_strict_raw_equation_seed2025_01f04b03,37,64,2.425319204727809e-12,1.2126596023639042e-11,0.9999999999854481
20260912_174204_152_paper_strict_raw_equation_seed2025_01f04b03,37,65,0.9999999999781721,1.940255363782247e-11,2.425319204727809e-12
20260912_174204_152_paper_strict_raw_equation_seed2025_01f04b03,37,66,0.9999999999854481,2.425319204727809e-12,1.2126596023639042e-11
20260912_174204_152_paper_strict_raw_equation_seed2025_01f04b03,37,67,0.004122691583082392,2.4738255888223664e-10,0.9958773081695351
20260912_174204_152_paper_strict_raw_equation_seed2025_01f04b03,37,68,4.777878833313783e-10,0.9999999995197868,2.4253192047278093e-12
20260912_174204_152_paper_strict_raw_equation_seed2025_01f04b03,37,69,2.643597933153311e-10,2.425319204727809e-12,0.999999999733215
20260912_174204_152_paper_strict_raw_equation_seed2025_01f04b03,37,70,1.6977234433094665e-10,2.4253192047278093e-12,0.9999999998278024
20260912_174204_152_paper_strict_raw_equation_seed2025_01f04b03,37,71,1.1680094758048654e-07,2.4253192047278097e-12,0.9999998831966271
20260912_174204_152_paper_strict_raw_equation_seed2025_01f04b03,37,72,1.9941338299152753e-06,0.9999980058637448,2.4253192047278093e-12
20260912_174204_152_paper_strict_raw_equation_seed2025_01f04b03,37,73,0.9999999997598934,1.988761747876803e-10,4.1230426480372755e-11
20260912_174204_152_paper_strict_raw_equation_seed2025_01f04b03,37,74,0.9999996155262731,3.844713016102711e-07,2.4253192047278093e-12
20260912_174204_152_paper_strict_raw_equation_seed2025_01f04b03,37,75,0.024450210020101316,2.42531920472781e-12,0.9755497899774734
20260912_174204_152_paper_strict_raw_equation_seed2025_01f04b03,37,76,0.9999999985520844,2.425319204727809e-12,1.4454902460177739e-09
20260912_174204_152_paper_strict_raw_equation_seed2025_01f04b03,37,77,0.9999999999708962,2.6678511252005897e-11,2.4253192047278093e-12
20260912_174204_152_paper_strict_raw_equation_seed2025_01f04b03,37,78,0.9999999864764202,2.4253192047278093e-12,1.3521154566357533e-08
20260912_174204_152_paper_strict_raw_equation_seed2025_01f04b03,37,79,2.6678511252005904e-11,0.9999820092877296,1.7990685591939837e-05
20260912_174204_152_paper_strict_raw_equation_seed2025_01f04b03,37,80,9.701276818911236e-12,0.9999999999878735,2.425319204727809e-12
20260912_174204_152_paper_strict_raw_equation_seed2025_01f04b03,37,81,0.9999999974000578,2.4253192047278093e-12,2.597516868263483e-09
20260912_174204_152_paper_strict_raw_equation_seed2025_01f04b03,37,82,2.425319204727809e-12,1.697723443309466e-11,0.9999999999805975
20260912_174204_152_paper_strict_raw_equation_seed2025_01f04b03,37,83,2.425319204727809e-12,2.4253192047278087e-11,0.9999999999733216
20260912_174204_152_paper_strict_raw_equation_seed2025_01f04b03,37,84,0.9999999999951494,2.425319204727809e-12,2.425319204727809e-12
20260912_174204_152_paper_strict_raw_equation_seed2025_01f04b03,37,85,2.4253192047278097e-12,0.9999990244856842,9.75511890525619e-07
20260912_174204_152_paper_strict_raw_equation_seed2025_01f04b03,37,86,0.9999999999951494,2.425319204727809e-12,2.425319204727809e-12
20260912_174204_152_paper_strict_raw_equation_seed2025_01f04b03,37,87,2.425319204727809e-12,2.425319204727809e-12,0.9999999999951494
20260912_174204_152_paper_strict_raw_equation_seed2025_01f04b03,37,88,4.8506384094556175e-11,0.99999999863212,1.3193736473719278e-09
20260912_174204_152_paper_strict_raw_equation_seed2025_01f04b03,37,89,3.395446886618932e-11,0.9999999999636202,2.425319204727809e-12
20260912_174204_152_paper_strict_raw_equation_seed2025_01f04b03,37,90,7.033425693710646e-11,2.425319204727809e-12,0.9999999999272404
20260912_174204_152_paper_strict_raw_equation_seed2025_01f04b03,37,91,1.2126596023639044e-11,3.4686672734096646e-07,0.9999996531211461
20260912_174204_152_paper_strict_raw_equation_seed2025_01f04b03,37,92,1.142325345426798e-09,1.9387274126832685e-07,0.9999998049849335
20260912_174204_152_paper_strict_raw_equation_seed2025_01f04b03,37,93,2.425319204727809e-12,0.9999999999951494,2.425319204727809e-12
20260912_174204_152_paper_strict_raw_equation_seed2025_01f04b03,37,94,1.697723443309466e-11,1.2126596023639042e-11,0.9999999999708962
20260912_174204_152_paper_strict_raw_equation_seed2025_01f04b03,37,95,2.425319204727809e-12,1.940255363782247e-11,0.9999999999781721
20260912_174204_152_paper_strict_raw_equation_seed2025_01f04b03,37,96,2.4253192047278084e-11,0.9999999997307896,2.4495723967750865e-10
20260912_174204_152_paper_strict_raw_equation_seed2025_01f04b03,37,97,2.425319204727809e-12,2.425319204727809e-12,0.9999999999951494
20260912_174204_152_paper_strict_raw_equation_seed2025_01f04b03,37,98,0.9999999999951494,2.425319204727809e-12,2.425319204727809e-12
20260912_174204_152_paper_strict_raw_equation_seed2025_01f04b03,37,99,2.449572396775087e-10,0.9999999997429162,1.2126596023639039e-11
20260912_174204_152_paper_strict_raw_equation_seed2025_01f04b03,37,100,2.425319204727809e-12,0.9999999998520556,1.4551915228366852e-10
20260912_174204_152_paper_strict_raw_equation_seed2025_01f04b03,37,101,0.9999999999708962,2.6678511252005897e-11,2.4253192047278093e-12
20260912_174204_152_paper_strict_raw_equation_seed2025_01f04b03,38,0,0.9999999999975747,1.2126596023639045e-12,1.2126596023639045e-12
20260912_174204_152_paper_strict_raw_equation_seed2025_01f04b03,38,1,1.2126596023639045e-12,1.2126596023639045e-12,0.9999999999975747
20260912_174204_152_paper_strict_raw_equation_seed2025_01f04b03,38,2,1.5764574830730755e-11,0.9999999999793848,4.850638409455618e-12
20260912_174204_152_paper_strict_raw_equation_seed2025_01f04b03,38,3,0.9999999989607508,1.0259100235998633e-09,1.3339255626002949e-11
20260912_174204_152_paper_strict_raw_equation_seed2025_01f04b03,38,4,1.2490393904348213e-10,1.2126596023639045e-12,0.9999999998738834
20260912_174204_152_paper_strict_raw_equation_seed2025_01f04b03,38,5,1.6977234433094665e-11,0.999999999953919,2.910383045673371e-11
20260912_174204_152_paper_strict_raw_equation_seed2025_01f04b03,38,6,1.2126596023639045e-12,0.999999999950281,4.8506384094556175e-11
20260912_174204_152_paper_strict_raw_equation_seed2025_01f04b03,38,7,6.063298011819521e-12,0.9999999999878735,6.063298011819521e-12
20260912_174204_152_paper_strict_raw_equation_seed2025_01f04b03,38,8,1.4961430376085144e-07,0.999999850379633,6.063298011819522e-12
20260912_174204_152_paper_strict_raw_equation_seed2025_01f04b03,38,9,0.999999999992724,1.2126596023639045e-12,6.063298011819521e-12
20260912_174204_152_paper_strict_raw_equation_seed2025_01f04b03,38,10,0.5256634734735902,0.47433652652519714,1.2126596023639053e-12
20260912_174204_152_paper_strict_raw_equation_seed2025_01f04b03,38,11,1.212659602363905e-12,0.16713882559270132,0.8328611744060861
20260912_174204_152_paper_strict_raw_equation_seed2025_01f04b03,38,12,5.84501928339402e-10,0.9999999994094348,6.063298011819521e-12
20260912_174204_152_paper_strict_raw_equation_seed2025_01f04b03,38,13,0.15525144156466317,0.8447485584341242,1.212659602363905e-12
20260912_174204_152_paper_strict_raw_equation_seed2025_01f04b03,38,14,0.9999999999975747,1.2126596023639045e-12,1.2126596023639045e-12
20260912_174204_152_paper_strict_raw_equation_seed2025_01f04b03,38,15,0.8643046318090153,0.13569531927229642,4.89186883593599e-08
20260912_174204_152_paper_strict_raw_equation_seed2025_01f04b03,38,16,8.48861721654733e-12,0.9999999999902988,1.2126596023639045e-12
20260912_174204_152_paper_strict_raw_equation_seed2025_01f04b03,38,17,0.9999999999975747,1.2126596023639045e-12,1.2126596023639045e-12
20260912_174204_152_paper_strict_raw_equation_seed2025_01f04b03,38,18,4.850638409455618e-12,1.2126596023639045e-12,0.9999999999939367
20260912_174204_152_paper_strict_raw_equation_seed2025_01f04b03,38,19,1.2126596023639045e-12,0.9999999999417923,5.699500131110351e-11
20260912_174204_152_paper_strict_raw_equation_seed2025_01f04b03,38,20,1.2126596023639045e-12,0.9999999999975747,1.2126596023639045e-12
20260912_174204_152_paper_strict_raw_equation_seed2025_01f04b03,38,21,0.9999999999611949,3.7592447673281036e-11,1.2126596023639045e-12
20260912_174204_152_paper_strict_raw_equation_seed2025_01f04b03,38,22,0.9999999991850927,8.064186355719963e-10,8.48861721654733e-12
20260912_174204_152_paper_strict_raw_equation_seed2025_01f04b03,38,23,0.9999999999975747,1.2126596023639045e-12,1.2126596023639045e-12
20260912_174204_152_paper_strict_raw_equation_seed2025_01f04b03,38,24,0.9999984554415278,1.2126596023639047e-12,1.5445572595732906e-06
20260912_174204_152_paper_strict_raw_equation_seed2025_01f04b03,38,25,4.8506384094556175e-11,0.9999999999381544,1.3339255626002947e-11
20260912_174204_152_paper_strict_raw_equation_seed2025_01f04b03,38,26,0.6571914807536814,4.85063840945562e-12,0.34280851924146793
20260912_174204_152_paper_strict_raw_equation_seed2025_01f04b03,38,27,8.488617216547332e-12,8.367351256310941e-11,0.9999999999078379
20260912_174204_152_paper_strict_raw_equation_seed2025_01f04b03,38,28,1.8189894035458565e-11,0.9999999999611949,2.061521324018637e-11
20260912_174204_152_paper_strict_raw_equation_seed2025_01f04b03,38,29,9.701276818911237e-12,0.9999999987315581,1.2587406672537329e-09
20260912_174204_152_paper_strict_raw_equation_seed2025_01f04b03,38,30,9.458744898438455e-11,1.2126596023639047e-12,0.9999999999042
20260912_174204_152_paper_strict_raw_equation_seed2025_01f04b03,38,31,0.9999999996834958,4.850638409455618e-12,3.116535178075234e-10
20260912_174204_152_paper_strict_raw_equation_seed2025_01f04b03,38,32,8.48861721654733e-12,1.2126596023639045e-12,0.9999999999902988
20260912_174204_152_paper_strict_raw_equation_seed2025_01f04b03,38,33,5.093170329928398e-11,3.7592447673281036e-11,0.9999999999114759
20260912_174204_152_paper_strict_raw_equation_seed2025_01f04b03,38,34,2.6678511252005897e-11,0.9999999999599822,1.3339255626002947e-11
20260912_174204_152_paper_strict_raw_equation_seed2025_01f04b03,38,35,3.778647320965926e-09,1.2126596023639047e-12,0.99999999622014
20260912_174204_152_paper_strict_raw_equation_seed2025_01f04b03,38,36,8.289992911159061e-05,0.9999170999423466,1.2854191785057392e-10
20260912_174204_152_paper_strict_raw_equation_seed2025_01f04b03,38,37,1.2126596023639045e-12,0.9999999999769595,2.1827872842550278e-11
20260912_174204_152_paper_strict_raw_equation_seed2025_01f04b03,38,38,4.850638409455618e-12,0.9999999999442177,5.093170329928398e-11
20260912_174204_152_paper_strict_raw_equation_seed2025_01f04b03,38,39,1.6649816340456407e-09,2.4616989927987265e-10,0.9999999980888485
20260912_174204_152_paper_strict_raw_equation_seed2025_01f04b03,38,40,1.2126596023639045e-12,0.9999999998278022,1.709850039333105e-10
20260912_174204_152_paper_strict_raw_equation_seed2025_01f04b03,38,41,0.9999937722956627,6.2277031247504056e-06,1.2126596023639053e-12
20260912_174204_152_paper_strict_raw_equation_seed2025_01f04b03,38,42,0.9999999999975747,1.2126596023639045e-12,1.2126596023639045e-12
20260912_174204_152_paper_strict_raw_equation_seed2025_01f04b03,38,43,1.2126596023639044e-10,0.9999997464037733,2.5347496072451275e-07
20260912_174204_152_paper_strict_raw_equation_seed2025_01f04b03,38,44,1.2126596023639045e-12,0.9999999999866608,1.2126596023639044e-11
20260912_174204_152_paper_strict_raw_equation_seed2025_01f04b03,38,45,1.2126596023639045e-12,0.9999999999890861,9.701276818911236e-12
20260912_174204_152_paper_strict_raw_equation_seed2025_01f04b03,38,46,6.063298011819521e-12,0.9999999999793848,1.4551915228366852e-11
20260912_174204_152_paper_strict_raw_equation_seed2025_01f04b03,38,47,0.9999999999975747,1.2126596023639045e-12,1.2126596023639045e-12
20260912_174204_152_paper_strict_raw_equation_seed2025_01f04b03,38,48,3.7592447673281055e-11,0.0008645054488927902,0.9991354945135148
20260912_174204_152_paper_strict_raw_equation_seed2025_01f04b03,38,49,1.2126596023639045e-12,0.9999999999975747,1.2126596023639045e-12
20260912_174204_152_paper_strict_raw_equation_seed2025_01f04b03,38,50,0.9999999917733171,1.2126596023639049e-12,8.225470082834363e-09
20260912_174204_152_paper_strict_raw_equation_seed2025_01f04b03,38,51,1.2126596023639047e-12,1.2369127944111827e-10,0.9999999998750961
20260912_174204_152_paper_strict_raw_equation_seed2025_01f04b03,38,52,1.2126596023639047e-12,8.615946474795539e-09,0.9999999913828409
20260912_174204_152_paper_strict_raw_equation_seed2025_01f04b03,38,53,0.9999999999490683,4.971904369692008e-11,1.2126596023639045e-12
20260912_174204_152_paper_strict_raw_equation_seed2025_01f04b03,38,54,1.1156468341747921e-10,1.320586306974292e-09,0.999999998567849
20260912_174204_152_paper_strict_raw_equation_seed2025_01f04b03,38,55,3.395446886618932e-11,2.9103830456733704e-11,0.9999999999369418
20260912_174204_152_paper_strict_raw_equation_seed2025_01f04b03,38,56,4.729372449219227e-11,0.9999999999514937,1.2126596023639045e-12
20260912_174204_152_paper_strict_raw_equation_seed2025_01f04b03,38,57,1.2126596023639049e-12,0.9999999723452978,2.765348957230648e-08
20260912_174204_152_paper_strict_raw_equation_seed2025_01f04b03,38,58,0.9999999999308784,1.2126596023639045e-12,6.790893773237865e-11
20260912_174204_152_paper_strict_raw_equation_seed2025_01f04b03,38,59,0.9999999353021849,6.468447584969302e-08,1.3339255626002947e-11
20260912_174204_152_paper_strict_raw_equation_seed2025_01f04b03,38,60,1.2126596023639047e-12,9.737656606982152e-10,0.9999999990250217
20260912_174204_152_paper_strict_raw_equation_seed2025_01f04b03,38,61,1.2126596023639049e-12,2.473558803709845e-07,0.999999752642907
20260912_174204_152_paper_strict_raw_equation_seed2025_01f04b03,38,62,0.9999998085659172,1.9143287014837068e-07,1.2126596023639049e-12
20260912_174204_152_paper_strict_raw_equation_seed2025_01f04b03,38,63,1.3236179559802016e-08,1.2126596023639049e-12,0.9999999867626078
20260912_174204_152_paper_strict_raw_equation_seed2025_01f04b03,38,64,1.2126596023639045e-12,6.063298011819521e-12,0.999999999992724
20260912_174204_152_paper_strict_raw_equation_seed2025_01f04b03,38,65,0.9999999999890861,9.701276818911236e-12,1.2126596023639045e-12
20260912_174204_152_paper_strict_raw_equation_seed2025_01f04b03,38,66,0.999999999992724,1.2126596023639045e-12,6.063298011819521e-12
20260912_174204_152_paper_strict_raw_equation_seed2025_01f04b03,38,67,0.002061345791541196,1.2369127944111832e-10,0.9979386540847676
20260912_174204_152_paper_strict_raw_equation_seed2025_01f04b03,38,68,2.3889394166568917e-10,0.9999999997598934,1.2126596023639047e-12
20260912_174204_152_paper_strict_raw_equation_seed2025_01f04b03,38,69,1.3217989665766555e-10,1.2126596023639045e-12,0.9999999998666075
20260912_174204_152_paper_strict_raw_equation_seed2025_01f04b03,38,70,8.488617216547332e-11,1.2126596023639047e-12,0.9999999999139012
20260912_174204_152_paper_strict_raw_equation_seed2025_01f04b03,38,71,5.840047379024327e-08,1.2126596023639049e-12,0.9999999415983136
20260912_174204_152_paper_strict_raw_equation_seed2025_01f04b03,38,72,9.970669149576377e-07,0.9999990029318724,1.2126596023639047e-12
20260912_174204_152_paper_strict_raw_equation_seed2025_01f04b03,38,73,0.9999999998799467,9.943808739384015e-11,2.0615213240186378e-11
20260912_174204_152_paper_strict_raw_equation_seed2025_01f04b03,38,74,0.9999998077631366,1.9223565080513555e-07,1.2126596023639047e-12
20260912_174204_152_paper_strict_raw_equation_seed2025_01f04b03,38,75,0.012225105010050658,1.212659602363905e-12,0.9877748949887367
20260912_174204_152_paper_strict_raw_equation_seed2025_01f04b03,38,76,0.9999999992760422,1.2126596023639045e-12,7.227451230088869e-10
20260912_174204_152_paper_strict_raw_equation_seed2025_01f04b03,38,77,0.9999999999854481,1.3339255626002949e-11,1.2126596023639047e-12
20260912_174204_152_paper_strict_raw_equation_seed2025_01f04b03,38,78,0.9999999932382101,1.2126596023639047e-12,6.760577283178766e-09
20260912_174204_152_paper_strict_raw_equation_seed2025_01f04b03,38,79,1.3339255626002952e-11,0.9999910046438648,8.995342795969918e-06
20260912_174204_152_paper_strict_raw_equation_seed2025_01f04b03,38,80,4.850638409455618e-12,0.9999999999939367,1.2126596023639045e-12
20260912_174204_152_paper_strict_raw_equation_seed2025_01f04b03,38,81,0.999999998700029,1.2126596023639047e-12,1.2987584341317415e-09
20260912_174204_152_paper_strict_raw_equation_seed2025_01f04b03,38,82,1.2126596023639045e-12,8.48861721654733e-12,0.9999999999902988
20260912_174204_152_paper_strict_raw_equation_seed2025_01f04b03,38,83,1.2126596023639045e-12,1.2126596023639044e-11,0.9999999999866608
20260912_174204_152_paper_strict_raw_equation_seed2025_01f04b03,38,84,0.9999999999975747,1.2126596023639045e-12,1.2126596023639045e-12
20260912_174204_152_paper_strict_raw_equation_seed2025_01f04b03,38,85,1.2126596023639049e-12,0.9999995122428421,4.877559452628095e-07
20260912_174204_152_paper_strict_raw_equation_seed2025_01f04b03,38,86,0.9999999999975747,1.2126596023639045e-12,1.2126596023639045e-12
20260912_174204_152_paper_strict_raw_equation_seed2025_01f04b03,38,87,1.2126596023639045e-12,1.2126596023639045e-12,0.9999999999975747
20260912_174204_152_paper_strict_raw_equation_seed2025_01f04b03,38,88,2.4253192047278087e-11,0.99999999931606,6.596868236859639e-10
20260912_174204_152_paper_strict_raw_equation_seed2025_01f04b03,38,89,1.697723443309466e-11,0.9999999999818101,1.2126596023639045e-12
20260912_174204_152_paper_strict_raw_equation_seed2025_01f04b03,38,90,3.516712846855323e-11,1.2126596023639045e-12,0.9999999999636202
20260912_174204_152_paper_strict_raw_equation_seed2025_01f04b03,38,91,6.063298011819522e-12,1.7343336367048323e-07,0.9999998265605731
20260912_174204_152_paper_strict_raw_equation_seed2025_01f04b03,38,92,5.71162672713399e-10,9.693637063416342e-08,0.9999999024924667
20260912_174204_152_paper_strict_raw_equation_seed2025_01f04b03,38,93,1.2126596023639045e-12,0.9999999999975747,1.2126596023639045e-12
20260912_174204_152_paper_strict_raw_equation_seed2025_01f04b03,38,94,8.48861721654733e-12,6.063298011819521e-12,0.9999999999854481
20260912_174204_152_paper_strict_raw_equation_seed2025_01f04b03,38,95,1.2126596023639045e-12,9.701276818911236e-12,0.9999999999890861
20260912_174204_152_paper_strict_raw_equation_seed2025_01f04b03,38,96,1.2126596023639042e-11,0.9999999998653948,1.2247861983875433e-10
20260912_174204_152_paper_strict_raw_equation_seed2025_01f04b03,38,97,1.2126596023639045e-12,1.2126596023639045e-12,0.9999999999975747
20260912_174204_152_paper_strict_raw_equation_seed2025_01f04b03,38,98,0.9999999999975747,1.2126596023639045e-12,1.2126596023639045e-12
20260912_174204_152_paper_strict_raw_equation_seed2025_01f04b03,38,99,1.2247861983875435e-10,0.9999999998714582,6.0632980118195194e-12
20260912_174204_152_paper_strict_raw_equation_seed2025_01f04b03,38,100,1.2126596023639045e-12,0.9999999999260278,7.275957614183426e-11
20260912_174204_152_paper_strict_raw_equation_seed2025_01f04b03,38,101,0.9999999999854481,1.3339255626002949e-11,1.2126596023639047e-12
20260912_174204_152_paper_strict_raw_equation_seed2025_01f04b03,39,0,0.9999999999975747,1.2126596023639045e-12,1.2126596023639045e-12
20260912_174204_152_paper_strict_raw_equation_seed2025_01f04b03,39,1,1.2126596023639045e-12,1.2126596023639045e-12,0.9999999999975747
20260912_174204_152_paper_strict_raw_equation_seed2025_01f04b03,39,2,1.5764574830730755e-11,0.9999999999793848,4.850638409455618e-12
20260912_174204_152_paper_strict_raw_equation_seed2025_01f04b03,39,3,0.9999999989607508,1.0259100235998633e-09,1.3339255626002949e-11
20260912_174204_152_paper_strict_raw_equation_seed2025_01f04b03,39,4,1.2490393904348213e-10,1.2126596023639045e-12,0.9999999998738834
20260912_174204_152_paper_strict_raw_equation_seed2025_01f04b03,39,5,1.6977234433094665e-11,0.999999999953919,2.910383045673371e-11
20260912_174204_152_paper_strict_raw_equation_seed2025_01f04b03,39,6,1.2126596023639045e-12,0.999999999950281,4.8506384094556175e-11
20260912_174204_152_paper_strict_raw_equation_seed2025_01f04b03,39,7,6.063298011819521e-12,0.9999999999878735,6.063298011819521e-12
20260912_174204_152_paper_strict_raw_equation_seed2025_01f04b03,39,8,1.4961430376085144e-07,0.999999850379633,6.063298011819522e-12
20260912_174204_152_paper_strict_raw_equation_seed2025_01f04b03,39,9,0.999999999992724,1.2126596023639045e-12,6.063298011819521e-12
20260912_174204_152_paper_strict_raw_equation_seed2025_01f04b03,39,10,0.5256634734735902,0.47433652652519714,1.2126596023639053e-12
20260912_174204_152_paper_strict_raw_equation_seed2025_01f04b03,39,11,1.212659602363905e-12,0.16713882559270132,0.8328611744060861
20260912_174204_152_paper_strict_raw_equation_seed2025_01f04b03,39,12,5.84501928339402e-10,0.9999999994094348,6.063298011819521e-12
20260912_174204_152_paper_strict_raw_equation_seed2025_01f04b03,39,13,0.15525144156466317,0.8447485584341242,1.212659602363905e-12
20260912_174204_152_paper_strict_raw_equation_seed2025_01f04b03,39,14,0.9999999999975747,1.2126596023639045e-12,1.2126596023639045e-12
20260912_174204_152_paper_strict_raw_equation_seed2025_01f04b03,39,15,0.8643046318090153,0.13569531927229642,4.89186883593599e-08
20260912_174204_152_paper_strict_raw_equation_seed2025_01f04b03,39,16,8.48861721654733e-12,0.9999999999902988,1.2126596023639045e-12
20260912_174204_152_paper_strict_raw_equation_seed2025_01f04b03,39,17,0.9999999999975747,1.2126596023639045e-12,1.2126596023639045e-12
20260912_174204_152_paper_strict_raw_equation_seed2025_01f04b03,39,18,4.850638409455618e-12,1.2126596023639045e-12,0.9999999999939367
20260912_174204_152_paper_strict_raw_equation_seed2025_01f04b03,39,19,1.2126596023639045e-12,0.9999999999417923,5.699500131110351e-11
20260912_174204_152_paper_strict_raw_equation_seed2025_01f04b03,39,20,1.2126596023639045e-12,0.9999999999975747,1.2126596023639045e-12
20260912_174204_152_paper_strict_raw_equation_seed2025_01f04b03,39,21,0.9999999999611949,3.7592447673281036e-11,1.2126596023639045e-12
20260912_174204_152_paper_strict_raw_equation_seed2025_01f04b03,39,22,0.9999999991850927,8.064186355719963e-10,8.48861721654733e-12
20260912_174204_152_paper_strict_raw_equation_seed2025_01f04b03,39,23,0.9999999999975747,1.2126596023639045e-12,1.2126596023639045e-12
20260912_174204_152_paper_strict_raw_equation_seed2025_01f04b03,39,24,0.9999984554415278,1.2126596023639047e-12,1.5445572595732906e-06
20260912_174204_152_paper_strict_raw_equation_seed2025_01f04b03,39,25,4.8506384094556175e-11,0.9999999999381544,1.3339255626002947e-11
20260912_174204_152_paper_strict_raw_equation_seed2025_01f04b03,39,26,0.6571914807536814,4.85063840945562e-12,0.34280851924146793
20260912_174204_152_paper_strict_raw_equation_seed2025_01f04b03,39,27,8.488617216547332e-12,8.367351256310941e-11,0.9999999999078379
20260912_174204_152_paper_strict_raw_equation_seed2025_01f04b03,39,28,1.8189894035458565e-11,0.9999999999611949,2.061521324018637e-11
20260912_174204_152_paper_strict_raw_equation_seed2025_01f04b03,39,29,9.701276818911237e-12,0.9999999987315581,1.2587406672537329e-09
20260912_174204_152_paper_strict_raw_equation_seed2025_01f04b03,39,30,9.458744898438455e-11,1.2126596023639047e-12,0.9999999999042
20260912_174204_152_paper_strict_raw_equation_seed2025_01f04b03,39,31,0.9999999996834958,4.850638409455618e-12,3.116535178075234e-10
20260912_174204_152_paper_strict_raw_equation_seed2025_01f04b03,39,32,8.48861721654733e-12,1.2126596023639045e-12,0.9999999999902988
20260912_174204_152_paper_strict_raw_equation_seed2025_01f04b03,39,33,5.093170329928398e-11,3.7592447673281036e-11,0.9999999999114759
20260912_174204_152_paper_strict_raw_equation_seed2025_01f04b03,39,34,2.6678511252005897e-11,0.9999999999599822,1.3339255626002947e-11
20260912_174204_152_paper_strict_raw_equation_seed2025_01f04b03,39,35,3.778647320965926e-09,1.2126596023639047e-12,0.99999999622014
20260912_174204_152_paper_strict_raw_equation_seed2025_01f04b03,39,36,8.289992911159061e-05,0.9999170999423466,1.2854191785057392e-10
20260912_174204_152_paper_strict_raw_equation_seed2025_01f04b03,39,37,1.2126596023639045e-12,0.9999999999769595,2.1827872842550278e-11
20260912_174204_152_paper_strict_raw_equation_seed2025_01f04b03,39,38,4.850638409455618e-12,0.9999999999442177,5.093170329928398e-11
20260912_174204_152_paper_strict_raw_equation_seed2025_01f04b03,39,39,1.6649816340456407e-09,2.4616989927987265e-10,0.9999999980888485
20260912_174204_152_paper_strict_raw_equation_seed2025_01f04b03,39,40,1.2126596023639045e-12,0.9999999998278022,1.709850039333105e-10
20260912_174204_152_paper_strict_raw_equation_seed2025_01f04b03,39,41,0.9999937722956627,6.2277031247504056e-06,1.2126596023639053e-12
20260912_174204_152_paper_strict_raw_equation_seed2025_01f04b03,39,42,0.9999999999975747,1.2126596023639045e-12,1.2126596023639045e-12
20260912_174204_152_paper_strict_raw_equation_seed2025_01f04b03,39,43,1.2126596023639044e-10,0.9999997464037733,2.5347496072451275e-07
20260912_174204_152_paper_strict_raw_equation_seed2025_01f04b03,39,44,1.2126596023639045e-12,0.9999999999866608,1.2126596023639044e-11
20260912_174204_152_paper_strict_raw_equation_seed2025_01f04b03,39,45,1.2126596023639045e-12,0.9999999999890861,9.701276818911236e-12
20260912_174204_152_paper_strict_raw_equation_seed2025_01f04b03,39,46,6.063298011819521e-12,0.9999999999793848,1.4551915228366852e-11
20260912_174204_152_paper_strict_raw_equation_seed2025_01f04b03,39,47,0.9999999999975747,1.2126596023639045e-12,1.2126596023639045e-12
20260912_174204_152_paper_strict_raw_equation_seed2025_01f04b03,39,48,3.7592447673281055e-11,0.0008645054488927902,0.9991354945135148
20260912_174204_152_paper_strict_raw_equation_seed2025_01f04b03,39,49,1.2126596023639045e-12,0.9999999999975747,1.2126596023639045e-12
20260912_174204_152_paper_strict_raw_equation_seed2025_01f04b03,39,50,0.9999999917733171,1.2126596023639049e-12,8.225470082834363e-09
20260912_174204_152_paper_strict_raw_equation_seed2025_01f04b03,39,51,1.2126596023639047e-12,1.2369127944111827e-10,0.9999999998750961
20260912_174204_152_paper_strict_raw_equation_seed2025_01f04b03,39,52,1.2126596023639047e-12,8.615946474795539e-09,0.9999999913828409
20260912_174204_152_paper_strict_raw_equation_seed2025_01f04b03,39,53,0.9999999999490683,4.971904369692008e-11,1.2126596023639045e-12
20260912_174204_152_paper_strict_raw_equation_seed2025_01f04b03,39,54,1.1156468341747921e-10,1.320586306974292e-09,0.999999998567849
20260912_174204_152_paper_strict_raw_equation_seed2025_01f04b03,39,55,3.395446886618932e-11,2.9103830456733704e-11,0.9999999999369418
20260912_174204_152_paper_strict_raw_equation_seed2025_01f04b03,39,56,4.729372449219227e-11,0.9999999999514937,1.2126596023639045e-12
20260912_174204_152_paper_strict_raw_equation_seed2025_01f04b03,39,57,1.2126596023639049e-12,0.9999999723452978,2.765348957230648e-08
20260912_174204_152_paper_strict_raw_equation_seed2025_01f04b03,39,58,0.9999999999308784,1.2126596023639045e-12,6.790893773237865e-11
20260912_174204_152_paper_strict_raw_equation_seed2025_01f04b03,39,59,0.9999999353021849,6.468447584969302e-08,1.3339255626002947e-11
20260912_174204_152_paper_strict_raw_equation_seed2025_01f04b03,39,60,1.2126596023639047e-12,9.737656606982152e-10,0.9999999990250217
20260912_174204_152_paper_strict_raw_equation_seed2025_01f04b03,39,61,1.2126596023639049e-12,2.473558803709845e-07,0.999999752642907
20260912_174204_152_paper_strict_raw_equation_seed2025_01f04b03,39,62,0.9999998085659172,1.9143287014837068e-07,1.2126596023639049e-12
20260912_174204_152_paper_strict_raw_equation_seed2025_01f04b03,39,63,1.3236179559802016e-08,1.2126596023639049e-12,0.9999999867626078
20260912_174204_152_paper_strict_raw_equation_seed2025_01f04b03,39,64,1.2126596023639045e-12,6.063298011819521e-12,0.999999999992724
20260912_174204_152_paper_strict_raw_equation_seed2025_01f04b03,39,65,0.9999999999890861,9.701276818911236e-12,1.2126596023639045e-12
20260912_174204_152_paper_strict_raw_equation_seed2025_01f04b03,39,66,0.999999999992724,1.2126596023639045e-12,6.063298011819521e-12
20260912_174204_152_paper_strict_raw_equation_seed2025_01f04b03,39,67,0.002061345791541196,1.2369127944111832e-10,0.9979386540847676
20260912_174204_152_paper_strict_raw_equation_seed2025_01f04b03,39,68,2.3889394166568917e-10,0.9999999997598934,1.2126596023639047e-12
20260912_174204_152_paper_strict_raw_equation_seed2025_01f04b03,39,69,1.3217989665766555e-10,1.2126596023639045e-12,0.9999999998666075
20260912_174204_152_paper_strict_raw_equation_seed2025_01f04b03,39,70,8.488617216547332e-11,1.2126596023639047e-12,0.9999999999139012
20260912_174204_152_paper_strict_raw_equation_seed2025_01f04b03,39,71,5.840047379024327e-08,1.2126596023639049e-12,0.9999999415983136
20260912_174204_152_paper_strict_raw_equation_seed2025_01f04b03,39,72,9.970669149576377e-07,0.9999990029318724,1.2126596023639047e-12
20260912_174204_152_paper_strict_raw_equation_seed2025_01f04b03,39,73,0.9999999998799467,9.943808739384015e-11,2.0615213240186378e-11
20260912_174204_152_paper_strict_raw_equation_seed2025_01f04b03,39,74,0.9999998077631366,1.9223565080513555e-07,1.2126596023639047e-12
20260912_174204_152_paper_strict_raw_equation_seed2025_01f04b03,39,75,0.012225105010050658,1.212659602363905e-12,0.9877748949887367
20260912_174204_152_paper_strict_raw_equation_seed2025_01f04b03,39,76,0.9999999992760422,1.2126596023639045e-12,7.227451230088869e-10
20260912_174204_152_paper_strict_raw_equation_seed2025_01f04b03,39,77,0.9999999999854481,1.3339255626002949e-11,1.2126596023639047e-12
20260912_174204_152_paper_strict_raw_equation_seed2025_01f04b03,39,78,0.9999999932382101,1.2126596023639047e-12,6.760577283178766e-09
20260912_174204_152_paper_strict_raw_equation_seed2025_01f04b03,39,79,1.3339255626002952e-11,0.9999910046438648,8.995342795969918e-06
20260912_174204_152_paper_strict_raw_equation_seed2025_01f04b03,39,80,4.850638409455618e-12,0.9999999999939367,1.2126596023639045e-12
20260912_174204_152_paper_strict_raw_equation_seed2025_01f04b03,39,81,0.999999998700029,1.2126596023639047e-12,1.2987584341317415e-09
20260912_174204_152_paper_strict_raw_equation_seed2025_01f04b03,39,82,1.2126596023639045e-12,8.48861721654733e-12,0.9999999999902988
20260912_174204_152_paper_strict_raw_equation_seed2025_01f04b03,39,83,1.2126596023639045e-12,1.2126596023639044e-11,0.9999999999866608
20260912_174204_152_paper_strict_raw_equation_seed2025_01f04b03,39,84,0.9999999999975747,1.2126596023639045e-12,1.2126596023639045e-12
20260912_174204_152_paper_strict_raw_equation_seed2025_01f04b03,39,85,1.2126596023639049e-12,0.9999995122428421,4.877559452628095e-07
20260912_174204_152_paper_strict_raw_equation_seed2025_01f04b03,39,86,0.9999999999975747,1.2126596023639045e-12,1.2126596023639045e-12
20260912_174204_152_paper_strict_raw_equation_seed2025_01f04b03,39,87,1.2126596023639045e-12,1.2126596023639045e-12,0.9999999999975747
20260912_174204_152_paper_strict_raw_equation_seed2025_01f04b03,39,88,2.4253192047278087e-11,0.99999999931606,6.596868236859639e-10
20260912_174204_152_paper_strict_raw_equation_seed2025_01f04b03,39,89,1.697723443309466e-11,0.9999999999818101,1.2126596023639045e-12
20260912_174204_152_paper_strict_raw_equation_seed2025_01f04b03,39,90,3.516712846855323e-11,1.2126596023639045e-12,0.9999999999636202
20260912_174204_152_paper_strict_raw_equation_seed2025_01f04b03,39,91,6.063298011819522e-12,1.7343336367048323e-07,0.9999998265605731
20260912_174204_152_paper_strict_raw_equation_seed2025_01f04b03,39,92,5.71162672713399e-10,9.693637063416342e-08,0.9999999024924667
20260912_174204_152_paper_strict_raw_equation_seed2025_01f04b03,39,93,1.2126596023639045e-12,0.9999999999975747,1.2126596023639045e-12
20260912_174204_152_paper_strict_raw_equation_seed2025_01f04b03,39,94,8.48861721654733e-12,6.063298011819521e-12,0.9999999999854481
20260912_174204_152_paper_strict_raw_equation_seed2025_01f04b03,39,95,1.2126596023639045e-12,9.701276818911236e-12,0.9999999999890861
20260912_174204_152_paper_strict_raw_equation_seed2025_01f04b03,39,96,1.2126596023639042e-11,0.9999999998653948,1.2247861983875433e-10
20260912_174204_152_paper_strict_raw_equation_seed2025_01f04b03,39,97,1.2126596023639045e-12,1.2126596023639045e-12,0.9999999999975747
20260912_174204_152_paper_strict_raw_equation_seed2025_01f04b03,39,98,0.9999999999975747,1.2126596023639045e-12,1.2126596023639045e-12
20260912_174204_152_paper_strict_raw_equation_seed2025_01f04b03,39,99,1.2247861983875435e-10,0.9999999998714582,6.0632980118195194e-12
20260912_174204_152_paper_strict_raw_equation_seed2025_01f04b03,39,100,1.2126596023639045e-12,0.9999999999260278,7.275957614183426e-11
20260912_174204_152_paper_strict_raw_equation_seed2025_01f04b03,39,101,0.9999999999854481,1.3339255626002949e-11,1.2126596023639047e-12
20260912_174204_152_paper_strict_raw_equation_seed2025_01f04b03,40,0,0.999999999998,9.999999999992126e-13,9.999999999992126e-13
20260912_174204_152_paper_strict_raw_equation_seed2025_01f04b03,40,1,9.999999999992126e-13,9.999999999992126e-13,0.999999999998
20260912_174204_152_paper_strict_raw_equation_seed2025_01f04b03,40,2,7.882287415365378e-12,0.9999999999896925,2.425319204727809e-12
20260912_174204_152_paper_strict_raw_equation_seed2025_01f04b03,40,3,0.9999999994803754,5.129550117999316e-10,6.669627813001474e-12
20260912_174204_152_paper_strict_raw_equation_seed2025_01f04b03,40,4,6.245196952171648e-11,9.999999999996064e-13,0.9999999999365481
20260912_174204_152_paper_strict_raw_equation_seed2025_01f04b03,40,5,8.48861721654733e-12,0.9999999999769593,1.4551915228366852e-11
20260912_174204_152_paper_strict_raw_equation_seed2025_01f04b03,40,6,9.999999999996064e-13,0.9999999999747469,2.425319204726854e-11
20260912_174204_152_paper_strict_raw_equation_seed2025_01f04b03,40,7,3.0316490059097605e-12,0.9999999999939367,3.0316490059097605e-12
20260912_174204_152_paper_strict_raw_equation_seed2025_01f04b03,40,8,7.480715188042572e-08,0.9999999251898165,3.031649005909761e-12
20260912_174204_152_paper_strict_raw_equation_seed2025_01f04b03,40,9,0.9999999999959683,9.999999999996064e-13,3.031649005908567e-12
20260912_174204_152_paper_strict_raw_equation_seed2025_01f04b03,40,10,0.26283173673669163,0.7371682632623083,9.999999999996064e-13
20260912_174204_152_paper_strict_raw_equation_seed2025_01f04b03,40,11,9.999999999996064e-13,0.41690274612951983,0.5830972538694801
20260912_174204_152_paper_strict_raw_equation_seed2025_01f04b03,40,12,2.92250964169701e-10,0.9999999997047174,3.0316490059097605e-12
20260912_174204_152_paper_strict_raw_equation_seed2025_01f04b03,40,13,0.07762572078230102,0.922374279216699,9.999999999996064e-13
20260912_174204_152_paper_strict_raw_equation_seed2025_01f04b03,40,14,0.999999999998,9.999999999992126e-13,9.999999999992126e-13
20260912_174204_152_paper_strict_raw_equation_seed2025_01f04b03,40,15,0.9321523159045076,0.06784765963614821,2.445934417967995e-08
20260912_174204_152_paper_strict_raw_equation_seed2025_01f04b03,40,16,4.244308608271995e-12,0.9999999999947558,9.999999999996064e-13
20260912_174204_152_paper_strict_raw_equation_seed2025_01f04b03,40,17,0.999999999998,9.999999999992126e-13,9.999999999992126e-13
20260912_174204_152_paper_strict_raw_equation_seed2025_01f04b03,40,18,2.425319204726854e-12,9.999999999996064e-13,0.9999999999965747
20260912_174204_152_paper_strict_raw_equation_seed2025_01f04b03,40,19,9.999999999996064e-13,0.9999999999705025,2.8497500655540535e-11
20260912_174204_152_paper_strict_raw_equation_seed2025_01f04b03,40,20,9.999999999992126e-13,0.999999999998,9.999999999992126e-13
20260912_174204_152_paper_strict_raw_equation_seed2025_01f04b03,40,21,0.9999999999802038,1.879622383663312e-11,9.999999999996064e-13
20260912_174204_152_paper_strict_raw_equation_seed2025_01f04b03,40,22,0.9999999995925464,4.0320931778599817e-10,4.244308608273665e-12
20260912_174204_152_paper_strict_raw_equation_seed2025_01f04b03,40,23,0.999999999998,9.999999999992126e-13,9.999999999992126e-13
20260912_174204_152_paper_strict_raw_equation_seed2025_01f04b03,40,24,0.9999992277203702,9.999999999996064e-13,7.722786297863412e-07
20260912_174204_152_paper_strict_raw_equation_seed2025_01f04b03,40,25,2.4253192047278087e-11,0.9999999999690772,6.6696278130014735e-12
20260912_174204_152_paper_strict_raw_equation_seed2025_01f04b03,40,26,0.6619290737101741,2.4253192047278105e-12,0.3380709262874007
20260912_174204_152_paper_strict_raw_equation_seed2025_01f04b03,40,27,4.244308608273666e-12,4.1836756281554705e-11,0.999999999953919
20260912_174204_152_paper_strict_raw_equation_seed2025_01f04b03,40,28,9.094947017729282e-12,0.9999999999805975,1.0307606620093186e-11
20260912_174204_152_paper_strict_raw_equation_seed2025_01f04b03,40,29,4.850638409455618e-12,0.9999999993657789,6.293703336268663e-10
20260912_174204_152_paper_strict_raw_equation_seed2025_01f04b03,40,30,4.729372449217366e-11,9.999999999996064e-13,0.9999999999517063
20260912_174204_152_paper_strict_raw_equation_seed2025_01f04b03,40,31,0.9999999998417479,2.425319204727809e-12,1.558267589037617e-10
20260912_174204_152_paper_strict_raw_equation_seed2025_01f04b03,40,32,4.244308608271995e-12,9.999999999996064e-13,0.9999999999947558
20260912_174204_152_paper_strict_raw_equation_seed2025_01f04b03,40,33,2.546585164964199e-11,1.8796223836640518e-11,0.999999999955738
20260912_174204_152_paper_strict_raw_equation_seed2025_01f04b03,40,34,1.3339255626002949e-11,0.9999999999799911,6.6696278130014735e-12
20260912_174204_152_paper_strict_raw_equation_seed2025_01f04b03,40,35,1.8893236604822194e-09,9.999999999996064e-13,0.9999999981096763
20260912_174204_152_paper_strict_raw_equation_seed2025_01f04b03,40,36,4.1449964555795304e-05,0.9999585499711733,6.427095892528696e-11
20260912_174204_152_paper_strict_raw_equation_seed2025_01f04b03,40,37,9.999999999996064e-13,0.9999999999880861,1.0913936421270843e-11
20260912_174204_152_paper_strict_raw_equation_seed2025_01f04b03,40,38,2.425319204727809e-12,0.9999999999721089,2.546585164964199e-11
20260912_174204_152_paper_strict_raw_equation_seed2025_01f04b03,40,39,8.324908170228203e-10,1.2308494963993632e-10,0.9999999990444243
20260912_174204_152_paper_strict_raw_equation_seed2025_01f04b03,40,40,9.999999999996066e-13,0.9999999999135076,8.549250196662161e-11
20260912_174204_152_paper_strict_raw_equation_seed2025_01f04b03,40,41,0.9999968861474376,3.1138515623739767e-06,9.999999999996064e-13
20260912_174204_152_paper_strict_raw_equation_seed2025_01f04b03,40,42,0.999999999998,9.999999999992126e-13,9.999999999992126e-13
20260912_174204_152_paper_strict_raw_equation_seed2025_01f04b03,40,43,6.063298011819522e-11,0.9999998732018867,1.2673748036225638e-07
20260912_174204_152_paper_strict_raw_equation_seed2025_01f04b03,40,44,9.999999999996064e-13,0.9999999999929368,6.063298011817135e-12
20260912_174204_152_paper_strict_raw_equation_seed2025_01f04b03,40,45,9.999999999996064e-13,0.9999999999941493,4.850638409453708e-12
20260912_174204_152_paper_strict_raw_equation_seed2025_01f04b03,40,46,3.0316490059097605e-12,0.9999999999896925,7.275957614183426e-12
20260912_174204_152_paper_strict_raw_equation_seed2025_01f04b03,40,47,0.999999999998,9.999999999992126e-13,9.999999999992126e-13
20260912_174204_152_paper_strict_raw_equation_seed2025_01f04b03,40,48,1.8796223836640528e-11,0.0004322527244463951,0.9995677472567575
20260912_174204_152_paper_strict_raw_equation_seed2025_01f04b03,40,49,9.999999999992126e-13,0.999999999998,9.999999999992126e-13
20260912_174204_152_paper_strict_raw_equation_seed2025_01f04b03,40,50,0.9999999958862651,9.999999999996066e-13,4.1127350414155635e-09
20260912_174204_152_paper_strict_raw_equation_seed2025_01f04b03,40,51,9.999999999996064e-13,6.184563972053478e-11,0.9999999999371544
20260912_174204_152_paper_strict_raw_equation_seed2025_01f04b03,40,52,9.999999999996064e-13,4.307973237396074e-09,0.9999999956910268
20260912_174204_152_paper_strict_raw_equation_seed2025_01f04b03,40,53,0.9999999999741405,2.4859521848450253e-11,9.999999999996064e-13
20260912_174204_152_paper_strict_raw_equation_seed2025_01f04b03,40,54,5.578234170873961e-11,6.60293153487146e-10,0.9999999992839246
20260912_174204_152_paper_strict_raw_equation_seed2025_01f04b03,40,55,1.697723443309466e-11,1.4551915228366852e-11,0.9999999999684709
20260912_174204_152_paper_strict_raw_equation_seed2025_01f04b03,40,56,2.3646862246086825e-11,0.9999999999753532,9.999999999996064e-13
20260912_174204_152_paper_strict_raw_equation_seed2025_01f04b03,40,57,9.999999999996064e-13,0.9999999861722553,1.3826744786147797e-08
20260912_174204_152_paper_strict_raw_equation_seed2025_01f04b03,40,58,0.9999999999650455,9.999999999996064e-13,3.395446886617596e-11
20260912_174204_152_paper_strict_raw_equation_seed2025_01f04b03,40,59,0.9999999676510924,3.234223792484651e-08,6.6696278130014735e-12
20260912_174204_152_paper_strict_raw_equation_seed2025_01f04b03,40,60,9.999999999996064e-13,4.868828303489159e-10,0.9999999995121172
20260912_174204_152_paper_strict_raw_equation_seed2025_01f04b03,40,61,9.999999999996064e-13,1.2367794018544357e-07,0.9999998763210598
20260912_174204_152_paper_strict_raw_equation_seed2025_01f04b03,40,62,0.9999999042825649,9.571643507414766e-08,9.999999999996064e-13
20260912_174204_152_paper_strict_raw_equation_seed2025_01f04b03,40,63,6.6180897798984025e-09,9.999999999996064e-13,0.9999999933809103
20260912_174204_152_paper_strict_raw_equation_seed2025_01f04b03,40,64,9.999999999996064e-13,3.031649005908567e-12,0.9999999999959683
20260912_174204_152_paper_strict_raw_equation_seed2025_01f04b03,40,65,0.9999999999941493,4.850638409453708e-12,9.999999999996064e-13
20260912_174204_152_paper_strict_raw_equation_seed2025_01f04b03,40,66,0.9999999999959683,9.999999999996064e-13,3.031649005908567e-12
20260912_174204_152_paper_strict_raw_equation_seed2025_01f04b03,40,67,0.001030672895770598,6.184563972055916e-11,0.9989693270423838
20260912_174204_152_paper_strict_raw_equation_seed2025_01f04b03,40,68,1.1944697083279756e-10,0.999999999879553,9.999999999996064e-13
20260912_174204_152_paper_strict_raw_equation_seed2025_01f04b03,40,69,6.608994832880676e-11,9.999999999996064e-13,0.9999999999329101
20260912_174204_152_paper_strict_raw_equation_seed2025_01f04b03,40,70,4.244308608271995e-11,9.999999999996064e-13,0.999999999956557
20260912_174204_152_paper_strict_raw_equation_seed2025_01f04b03,40,71,2.920023689511014e-08,9.999999999996064e-13,0.9999999707987631
20260912_174204_152_paper_strict_raw_equation_seed2025_01f04b03,40,72,4.985334574786225e-07,0.9999995014655425,9.999999999996064e-13
20260912_174204_152_paper_strict_raw_equation_seed2025_01f04b03,40,73,0.9999999999399733,4.9719043696920075e-11,1.0307606620093189e-11
20260912_174204_152_paper_strict_raw_equation_seed2025_01f04b03,40,74,0.9999999038811747,9.611782540252994e-08,9.999999999996064e-13
20260912_174204_152_paper_strict_raw_equation_seed2025_01f04b03,40,75,0.006112552505022923,9.999999999996064e-13,0.9938874474939772
20260912_174204_152_paper_strict_raw_equation_seed2025_01f04b03,40,76,0.9999999996376274,9.999999999996064e-13,3.613725615043012e-10
20260912_174204_152_paper_strict_raw_equation_seed2025_01f04b03,40,77,0.9999999999923304,6.669627812998849e-12,9.999999999996064e-13
20260912_174204_152_paper_strict_raw_equation_seed2025_01f04b03,40,78,0.9999999966187114,9.999999999996064e-13,3.3802886415880522e-09
20260912_174204_152_paper_strict_raw_equation_seed2025_01f04b03,40,79,6.669627813001476e-12,0.9999955023219325,4.497671397984959e-06
20260912_174204_152_paper_strict_raw_equation_seed2025_01f04b03,40,80,2.425319204726854e-12,0.9999999999965747,9.999999999996064e-13
20260912_174204_152_paper_strict_raw_equation_seed2025_01f04b03,40,81,0.9999999993496208,9.999999999996064e-13,6.493792170656151e-10
20260912_174204_152_paper_strict_raw_equation_seed2025_01f04b03,40,82,9.999999999996064e-13,4.244308608271995e-12,0.9999999999947558
20260912_174204_152_paper_strict_raw_equation_seed2025_01f04b03,40,83,9.999999999996064e-13,6.063298011817135e-12,0.9999999999929368
20260912_174204_152_paper_strict_raw_equation_seed2025_01f04b03,40,84,0.999999999998,9.999999999992126e-13,9.999999999992126e-13
20260912_174204_152_paper_strict_raw_equation_seed2025_01f04b03,40,85,9.999999999996064e-13,0.9999997561210274,2.4387797263130873e-07
20260912_174204_152_paper_strict_raw_equation_seed2025_01f04b03,40,86,0.999999999998,9.999999999992126e-13,9.999999999992126e-13
20260912_174204_152_paper_strict_raw_equation_seed2025_01f04b03,40,87,9.999999999992126e-13,9.999999999992126e-13,0.999999999998
20260912_174204_152_paper_strict_raw_equation_seed2025_01f04b03,40,88,1.2126596023639044e-11,0.99999999965803,3.2984341184298194e-10
20260912_174204_152_paper_strict_raw_equation_seed2025_01f04b03,40,89,8.48861721654399e-12,0.9999999999905114,9.999999999996064e-13
20260912_174204_152_paper_strict_raw_equation_seed2025_01f04b03,40,90,1.7583564234269694e-11,9.999999999996064e-13,0.9999999999814164
20260912_174204_152_paper_strict_raw_equation_seed2025_01f04b03,40,91,3.031649005909761e-12,8.671668183524162e-08,0.9999999132802866
20260912_174204_152_paper_strict_raw_equation_seed2025_01f04b03,40,92,2.855813363566995e-10,4.846818531708171e-08,0.9999999512462334
20260912_174204_152_paper_strict_raw_equation_seed2025_01f04b03,40,93,9.999999999992126e-13,0.999999999998,9.999999999992126e-13
20260912_174204_152_paper_strict_raw_equation_seed2025_01f04b03,40,94,4.244308608273665e-12,3.0316490059097605e-12,0.999999999992724
20260912_174204_152_paper_strict_raw_equation_seed2025_01f04b03,40,95,9.999999999996064e-13,4.850638409453708e-12,0.9999999999941493
20260912_174204_152_paper_strict_raw_equation_seed2025_01f04b03,40,96,6.063298011819521e-12,0.9999999999326974,6.123930991937716e-11
20260912_174204_152_paper_strict_raw_equation_seed2025_01f04b03,40,97,9.999999999992126e-13,9.999999999992126e-13,0.999999999998
20260912_174204_152_paper_strict_raw_equation_seed2025_01f04b03,40,98,0.999999999998,9.999999999992126e-13,9.999999999992126e-13
20260912_174204_152_paper_strict_raw_equation_seed2025_01f04b03,40,99,6.123930991937718e-11,0.9999999999357291,3.0316490059097597e-12
20260912_174204_152_paper_strict_raw_equation_seed2025_01f04b03,40,100,9.999999999996064e-13,0.9999999999626202,3.637978807090281e-11
20260912_174204_152_paper_strict_raw_equation_seed2025_01f04b03,40,101,0.9999999999923304,6.669627812998849e-12,9.999999999996064e-13
20260912_174204_152_paper_strict_raw_equation_seed2025_01f04b03,41,0,0.9999999999979999,9.99999999999e-13,9.99999999999e-13
20260912_174204_152_paper_strict_raw_equation_seed2025_01f04b03,41,1,9.99999999999e-13,9.99999999999e-13,0.9999999999979999
20260912_174204_152_paper_strict_raw_equation_seed2025_01f04b03,41,2,3.941143707682689e-12,0.9999999999948462,1.2126596023639045e-12
20260912_174204_152_paper_strict_raw_equation_seed2025_01f04b03,41,3,0.9999999997401877,2.564775058999658e-10,3.334813906500737e-12
20260912_174204_152_paper_strict_raw_equation_seed2025_01f04b03,41,4,3.122598476084263e-11,9.999999999995e-13,0.999999999967774
20260912_174204_152_paper_strict_raw_equation_seed2025_01f04b03,41,5,4.244308608273666e-12,0.9999999999884798,7.275957614183428e-12
20260912_174204_152_paper_strict_raw_equation_seed2025_01f04b03,41,6,9.999999999995e-13,0.9999999999868734,1.2126596023628206e-11
20260912_174204_152_paper_strict_raw_equation_seed2025_01f04b03,41,7,1.5158245029548803e-12,0.9999999999969684,1.5158245029548803e-12
20260912_174204_152_paper_strict_raw_equation_seed2025_01f04b03,41,8,3.740357594021286e-08,0.9999999625949083,1.5158245029548805e-12
20260912_174204_152_paper_strict_raw_equation_seed2025_01f04b03,41,9,0.9999999999974841,9.999999999995e-13,1.5158245029535256e-12
20260912_174204_152_paper_strict_raw_equation_seed2025_01f04b03,41,10,0.1314158683682801,0.8685841316307199,9.999999999995e-13
20260912_174204_152_paper_strict_raw_equation_seed2025_01f04b03,41,11,9.999999999995e-13,0.45845137306453065,0.5415486269344693
20260912_174204_152_paper_strict_raw_equation_seed2025_01f04b03,41,12,1.461254820848505e-10,0.9999999998523588,1.5158245029548803e-12
20260912_174204_152_paper_strict_raw_equation_seed2025_01f04b03,41,13,0.038812860391131104,0.961187139607869,9.999999999995e-13
20260912_174204_152_paper_strict_raw_equation_seed2025_01f04b03,41,14,0.9999999999979999,9.99999999999e-13,9.99999999999e-13
20260912_174204_152_paper_strict_raw_equation_seed2025_01f04b03,41,15,0.9660761579522539,0.033923829818074104,1.2229672089839974e-08
20260912_174204_152_paper_strict_raw_equation_seed2025_01f04b03,41,16,2.1221543041349364e-12,0.9999999999968778,9.999999999995e-13
20260912_174204_152_paper_strict_raw_equation_seed2025_01f04b03,41,17,0.9999999999979999,9.99999999999e-13,9.99999999999e-13
20260912_174204_152_paper_strict_raw_equation_seed2025_01f04b03,41,18,1.2126596023628206e-12,9.999999999995e-13,0.9999999999977873
20260912_174204_152_paper_strict_raw_equation_seed2025_01f04b03,41,19,9.999999999995e-13,0.9999999999847512,1.4248750327763143e-11
20260912_174204_152_paper_strict_raw_equation_seed2025_01f04b03,41,20,9.99999999999e-13,0.9999999999979999,9.99999999999e-13
20260912_174204_152_paper_strict_raw_equation_seed2025_01f04b03,41,21,0.9999999999896019,9.39811191831186e-12,9.999999999995e-13
20260912_174204_152_paper_strict_raw_equation_seed2025_01f04b03,41,22,0.9999999997962732,2.0160465889299908e-10,2.1221543041368327e-12
20260912_174204_152_paper_strict_raw_equation_seed2025_01f04b03,41,23,0.9999999999979999,9.99999999999e-13,9.99999999999e-13
20260912_174204_152_paper_strict_raw_equation_seed2025_01f04b03,41,24,0.999999613859685,9.999999999995e-13,3.8613931489297754e-07
20260912_174204_152_paper_strict_raw_equation_seed2025_01f04b03,41,25,1.2126596023639044e-11,0.9999999999845386,3.3348139065007367e-12
20260912_174204_152_paper_strict_raw_equation_seed2025_01f04b03,41,26,0.5809645368550871,1.2126596023639053e-12,0.4190354631437003
20260912_174204_152_paper_strict_raw_equation_seed2025_01f04b03,41,27,2.122154304136833e-12,2.0918378140777353e-11,0.9999999999769595
20260912_174204_152_paper_strict_raw_equation_seed2025_01f04b03,41,28,4.547473508864641e-12,0.9999999999902988,5.153803310046593e-12
20260912_174204_152_paper_strict_raw_equation_seed2025_01f04b03,41,29,2.4253192047278093e-12,0.9999999996828896,3.146851668134332e-10
20260912_174204_152_paper_strict_raw_equation_seed2025_01f04b03,41,30,2.3646862246075006e-11,9.999999999995e-13,0.999999999975353
20260912_174204_152_paper_strict_raw_equation_seed2025_01f04b03,41,31,0.999999999920874,1.2126596023639045e-12,7.791337945188084e-11
20260912_174204_152_paper_strict_raw_equation_seed2025_01f04b03,41,32,2.1221543041349364e-12,9.999999999995e-13,0.9999999999968778
20260912_174204_152_paper_strict_raw_equation_seed2025_01f04b03,41,33,1.2732925824820995e-11,9.398111918320259e-12,0.999999999977869
20260912_174204_152_paper_strict_raw_equation_seed2025_01f04b03,41,34,6.669627813001474e-12,0.9999999999899956,3.3348139065007367e-12
20260912_174204_152_paper_strict_raw_equation_seed2025_01f04b03,41,35,9.446618302406374e-10,9.999999999995e-13,0.9999999990543381
20260912_174204_152_paper_strict_raw_equation_seed2025_01f04b03,41,36,2.0724982277897652e-05,0.9999792749855867,3.213547946264348e-11
20260912_174204_152_paper_strict_raw_equation_seed2025_01f04b03,41,37,9.999999999995002e-13,0.9999999999935432,5.456968210632694e-12
20260912_174204_152_paper_strict_raw_equation_seed2025_01f04b03,41,38,1.2126596023639045e-12,0.9999999999860545,1.2732925824820995e-11
20260912_174204_152_paper_strict_raw_equation_seed2025_01f04b03,41,39,4.1624540851141017e-10,6.154247481996816e-11,0.9999999995222122
20260912_174204_152_paper_strict_raw_equation_seed2025_01f04b03,41,40,9.999999999995e-13,0.9999999999562538,4.274625098328943e-11
20260912_174204_152_paper_strict_raw_equation_seed2025_01f04b03,41,41,0.9999984430732187,1.5569257811862097e-06,9.999999999995e-13
20260912_174204_152_paper_strict_raw_equation_seed2025_01f04b03,41,42,0.9999999999979999,9.99999999999e-13,9.99999999999e-13
20260912_174204_152_paper_strict_raw_equation_seed2025_01f04b03,41,43,3.031649005909761e-11,0.9999999366009433,6.336874018112819e-08
20260912_174204_152_paper_strict_raw_equation_seed2025_01f04b03,41,44,9.999999999995e-13,0.9999999999959683,3.0316490059070516e-12
20260912_174204_152_paper_strict_raw_equation_seed2025_01f04b03,41,45,9.999999999995e-13,0.9999999999965746,2.425319204725641e-12
20260912_174204_152_paper_strict_raw_equation_seed2025_01f04b03,41,46,1.5158245029548803e-12,0.9999999999948462,3.637978807091713e-12
20260912_174204_152_paper_strict_raw_equation_seed2025_01f04b03,41,47,0.9999999999979999,9.99999999999e-13,9.99999999999e-13
20260912_174204_152_paper_strict_raw_equation_seed2025_01f04b03,41,48,9.398111918320264e-12,0.00021612636222319756,0.9997838736283787
20260912_174204_152_paper_strict_raw_equation_seed2025_01f04b03,41,49,9.99999999999e-13,0.9999999999979999,9.99999999999e-13
20260912_174204_152_paper_strict_raw_equation_seed2025_01f04b03,41,50,0.9999999979426325,9.999999999995e-13,2.0563675207067536e-09
20260912_174204_152_paper_strict_raw_equation_seed2025_01f04b03,41,51,9.999999999995e-13,3.092281986025193e-11,0.9999999999680771
20260912_174204_152_paper_strict_raw_equation_seed2025_01f04b03,41,52,9.999999999995e-13,2.15398661869696e-09,0.9999999978450134
20260912_174204_152_paper_strict_raw_equation_seed2025_01f04b03,41,53,0.9999999999865702,1.2429760924218912e-11,9.999999999995e-13
20260912_174204_152_paper_strict_raw_equation_seed2025_01f04b03,41,54,2.7891170854369804e-11,3.30146576743573e-10,0.9999999996419623
20260912_174204_152_paper_strict_raw_equation_seed2025_01f04b03,41,55,8.48861721654733e-12,7.275957614183426e-12,0.9999999999842355
20260912_174204_152_paper_strict_raw_equation_seed2025_01f04b03,41,56,1.1823431123037501e-11,0.9999999999871765,9.999999999995e-13
20260912_174204_152_paper_strict_raw_equation_seed2025_01f04b03,41,57,9.999999999995e-13,0.9999999930856276,6.913372393070442e-09
20260912_174204_152_paper_strict_raw_equation_seed2025_01f04b03,41,58,0.9999999999820227,9.999999999995e-13,1.697723443307949e-11
20260912_174204_152_paper_strict_raw_equation_seed2025_01f04b03,41,59,0.9999999838255462,1.6171118962423254e-08,3.3348139065007367e-12
20260912_174204_152_paper_strict_raw_equation_seed2025_01f04b03,41,60,9.999999999995e-13,2.434414151743362e-10,0.9999999997555585
20260912_174204_152_paper_strict_raw_equation_seed2025_01f04b03,41,61,9.999999999995e-13,6.183897009269087e-08,0.9999999381600299
20260912_174204_152_paper_strict_raw_equation_seed2025_01f04b03,41,62,0.9999999521407824,4.78582175370499e-08,9.999999999995e-13
20260912_174204_152_paper_strict_raw_equation_seed2025_01f04b03,41,63,3.3090448899475465e-09,9.999999999995e-13,0.9999999966899551
20260912_174204_152_paper_strict_raw_equation_seed2025_01f04b03,41,64,9.999999999995e-13,1.5158245029535256e-12,0.9999999999974841
20260912_174204_152_paper_strict_raw_equation_seed2025_01f04b03,41,65,0.9999999999965746,2.425319204725641e-12,9.999999999995e-13
20260912_174204_152_paper_strict_raw_equation_seed2025_01f04b03,41,66,0.9999999999974841,9.999999999995e-13,1.5158245029535256e-12
20260912_174204_152_paper_strict_raw_equation_seed2025_01f04b03,41,67,0.000515336447885299,3.092281986027958e-11,0.9994846635211919
20260912_174204_152_paper_strict_raw_equation_seed2025_01f04b03,41,68,5.972348541636891e-11,0.9999999999392765,9.999999999995e-13
20260912_174204_152_paper_strict_raw_equation_seed2025_01f04b03,41,69,3.3044974164386855e-11,9.999999999995e-13,0.999999999965955
20260912_174204_152_paper_strict_raw_equation_seed2025_01f04b03,41,70,2.1221543041349364e-11,9.999999999995e-13,0.9999999999777784
20260912_174204_152_paper_strict_raw_equation_seed2025_01f04b03,41,71,1.4600118447547769e-08,9.999999999995e-13,0.9999999853988815
20260912_174204_152_paper_strict_raw_equation_seed2025_01f04b03,41,72,2.4926672873918665e-07,0.9999997507322712,9.999999999995e-13
20260912_174204_152_paper_strict_raw_equation_seed2025_01f04b03,41,73,0.9999999999699867,2.4859521848460037e-11,5.1538033100465944e-12
20260912_174204_152_paper_strict_raw_equation_seed2025_01f04b03,41,74,0.9999999519400873,4.8058912701240934e-08,9.999999999995e-13
20260912_174204_152_paper_strict_raw_equation_seed2025_01f04b03,41,75,0.0030562762525099332,9.999999999995e-13,0.9969437237464901
20260912_174204_152_paper_strict_raw_equation_seed2025_01f04b03,41,76,0.9999999998183137,9.999999999995e-13,1.8068628075206025e-10
20260912_174204_152_paper_strict_raw_equation_seed2025_01f04b03,41,77,0.9999999999956651,3.3348139064977568e-12,9.999999999995e-13
20260912_174204_152_paper_strict_raw_equation_seed2025_01f04b03,41,78,0.9999999983088557,9.999999999995e-13,1.690144320793181e-09
20260912_174204_152_paper_strict_raw_equation_seed2025_01f04b03,41,79,3.334813906500738e-12,0.9999977511609662,2.2488356989924796e-06
20260912_174204_152_paper_strict_raw_equation_seed2025_01f04b03,41,80,1.2126596023628206e-12,0.9999999999977873,9.999999999995e-13
20260912_174204_152_paper_strict_raw_equation_seed2025_01f04b03,41,81,0.9999999996743105,9.999999999995002e-13,3.2468960853264525e-10
20260912_174204_152_paper_strict_raw_equation_seed2025_01f04b03,41,82,9.999999999995e-13,2.1221543041349364e-12,0.9999999999968778
20260912_174204_152_paper_strict_raw_equation_seed2025_01f04b03,41,83,9.999999999995e-13,3.0316490059070516e-12,0.9999999999959683
20260912_174204_152_paper_strict_raw_equation_seed2025_01f04b03,41,84,0.9999999999979999,9.99999999999e-13,9.99999999999e-13
20260912_174204_152_paper_strict_raw_equation_seed2025_01f04b03,41,85,9.999999999995e-13,0.9999998780600137,1.2193898631559338e-07
20260912_174204_152_paper_strict_raw_equation_seed2025_01f04b03,41,86,0.9999999999979999,9.99999999999e-13,9.99999999999e-13
20260912_174204_152_paper_strict_raw_equation_seed2025_01f04b03,41,87,9.99999999999e-13,9.99999999999e-13,0.9999999999979999
20260912_174204_152_paper_strict_raw_equation_seed2025_01f04b03,41,88,6.063298011819522e-12,0.999999999829015,1.6492170592149097e-10
20260912_174204_152_paper_strict_raw_equation_seed2025_01f04b03,41,89,4.244308608269873e-12,0.9999999999947556,9.999999999995e-13
20260912_174204_152_paper_strict_raw_equation_seed2025_01f04b03,41,90,8.79178211713045e-12,9.999999999995e-13,0.9999999999902082
20260912_174204_152_paper_strict_raw_equation_seed2025_01f04b03,41,91,1.5158245029548805e-12,4.335834091762081e-08,0.9999999566401433
20260912_174204_152_paper_strict_raw_equation_seed2025_01f04b03,41,92,1.4279066817834976e-10,2.4234092658540856e-08,0.9999999756231167
20260912_174204_152_paper_strict_raw_equation_seed2025_01f04b03,41,93,9.99999999999e-13,0.9999999999979999,9.99999999999e-13
20260912_174204_152_paper_strict_raw_equation_seed2025_01f04b03,41,94,2.1221543041368327e-12,1.5158245029548803e-12,0.999999999996362
20260912_174204_152_paper_strict_raw_equation_seed2025_01f04b03,41,95,9.999999999995e-13,2.425319204725641e-12,0.9999999999965746
20260912_174204_152_paper_strict_raw_equation_seed2025_01f04b03,41,96,3.0316490059097605e-12,0.9999999999663487,3.061965495968858e-11
20260912_174204_152_paper_strict_raw_equation_seed2025_01f04b03,41,97,9.99999999999e-13,9.99999999999e-13,0.9999999999979999
20260912_174204_152_paper_strict_raw_equation_seed2025_01f04b03,41,98,0.9999999999979999,9.99999999999e-13,9.99999999999e-13
20260912_174204_152_paper_strict_raw_equation_seed2025_01f04b03,41,99,3.061965495968859e-11,0.9999999999678646,1.5158245029548799e-12
20260912_174204_152_paper_strict_raw_equation_seed2025_01f04b03,41,100,9.999999999995002e-13,0.9999999999808102,1.8189894035442312e-11
20260912_174204_152_paper_strict_raw_equation_seed2025_01f04b03,41,101,0.9999999999956651,3.3348139064977568e-12,9.999999999995e-13
20260912_174204_152_paper_strict_raw_equation_seed2025_01f04b03,42,0,0.999999999998,9.999999999990001e-13,9.999999999990001e-13
20260912_174204_152_paper_strict_raw_equation_seed2025_01f04b03,42,1,9.999999999990001e-13,9.999999999990001e-13,0.999999999998
20260912_174204_152_paper_strict_raw_equation_seed2025_01f04b03,42,2,1.9705718538405685e-12,0.9999999999970295,9.999999999996064e-13
20260912_174204_152_paper_strict_raw_equation_seed2025_01f04b03,42,3,0.9999999998700939,1.282387529499829e-10,1.6674069532503686e-12
20260912_174204_152_paper_strict_raw_equation_seed2025_01f04b03,42,4,1.5612992380413507e-11,9.999999999995e-13,0.999999999983387
20260912_174204_152_paper_strict_raw_equation_seed2025_01f04b03,42,5,2.1221543041368327e-12,0.9999999999942397,3.637978807091713e-12
20260912_174204_152_paper_strict_raw_equation_seed2025_01f04b03,42,6,9.999999999995e-13,0.9999999999929367,6.0632980118110715e-12
20260912_174204_152_paper_strict_raw_equation_seed2025_01f04b03,42,7,9.999999999995157e-13,0.9999999999979999,9.999999999995157e-13
20260912_174204_152_paper_strict_raw_equation_seed2025_01f04b03,42,8,1.87017879701019e-08,0.9999999812972119,9.999999999997576e-13
20260912_174204_152_paper_strict_raw_equation_seed2025_01f04b03,42,9,0.999999999998,9.999999999992578e-13,9.999999999992578e-13
20260912_174204_152_paper_strict_raw_equation_seed2025_01f04b03,42,10,0.06570793418410718,0.9342920658148928,9.999999999995e-13
20260912_174204_152_paper_strict_raw_equation_seed2025_01f04b03,42,11,9.999999999995e-13,0.2292256865321507,0.7707743134668492
20260912_174204_152_paper_strict_raw_equation_seed2025_01f04b03,42,12,7.306274104240755e-11,0.9999999999259371,9.999999999997576e-13
20260912_174204_152_paper_strict_raw_equation_seed2025_01f04b03,42,13,0.5194064301953059,0.48059356980369417,9.999999999995e-13
20260912_174204_152_paper_strict_raw_equation_seed2025_01f04b03,42,14,0.999999999998,9.999999999990001e-13,9.999999999990001e-13
20260912_174204_152_paper_strict_raw_equation_seed2025_01f04b03,42,15,0.9830380789761269,0.016961914909037052,6.114836044919987e-09
20260912_174204_152_paper_strict_raw_equation_seed2025_01f04b03,42,16,1.0610771520669377e-12,0.9999999999979389,9.999999999995e-13
20260912_174204_152_paper_strict_raw_equation_seed2025_01f04b03,42,17,0.999999999998,9.999999999990001e-13,9.999999999990001e-13
20260912_174204_152_paper_strict_raw_equation_seed2025_01f04b03,42,18,9.999999999991062e-13,9.999999999991062e-13,0.9999999999979999
20260912_174204_152_paper_strict_raw_equation_seed2025_01f04b03,42,19,9.999999999995e-13,0.9999999999918756,7.124375163878009e-12
20260912_174204_152_paper_strict_raw_equation_seed2025_01f04b03,42,20,9.999999999990001e-13,0.999999999998,9.999999999990001e-13
20260912_174204_152_paper_strict_raw_equation_seed2025_01f04b03,42,21,0.9999999999943009,4.69905595915358e-12,9.999999999995e-13
20260912_174204_152_paper_strict_raw_equation_seed2025_01f04b03,42,22,0.9999999998981366,1.0080232944649954e-10,1.0610771520684163e-12
20260912_174204_152_paper_strict_raw_equation_seed2025_01f04b03,42,23,0.999999999998,9.999999999990001e-13,9.999999999990001e-13
20260912_174204_152_paper_strict_raw_equation_seed2025_01f04b03,42,24,0.9999998069293425,9.999999999995e-13,1.9306965744639223e-07
20260912_174204_152_paper_strict_raw_equation_seed2025_01f04b03,42,25,6.063298011819522e-12,0.9999999999922693,1.6674069532503684e-12
20260912_174204_152_paper_strict_raw_equation_seed2025_01f04b03,42,26,0.2904822684274292,9.999999999996064e-13,0.7095177315715708
20260912_174204_152_paper_strict_raw_equation_seed2025_01f04b03,42,27,1.0610771520684165e-12,1.0459189070388676e-11,0.9999999999884798
20260912_174204_152_paper_strict_raw_equation_seed2025_01f04b03,42,28,2.2737367544323206e-12,0.9999999999951494,2.5769016550232964e-12
20260912_174204_152_paper_strict_raw_equation_seed2025_01f04b03,42,29,1.2126596023639045e-12,0.9999999998414446,1.5734258340671659e-10
20260912_174204_152_paper_strict_raw_equation_seed2025_01f04b03,42,30,1.1823431123031591e-11,9.999999999995e-13,0.9999999999871765
20260912_174204_152_paper_strict_raw_equation_seed2025_01f04b03,42,31,0.9999999999600433,9.999999999996064e-13,3.8956689725925087e-11
20260912_174204_152_paper_strict_raw_equation_seed2025_01f04b03,42,32,1.0610771520669377e-12,9.999999999995e-13,0.9999999999979389
20260912_174204_152_paper_strict_raw_equation_seed2025_01f04b03,42,33,6.366462912410498e-12,4.6990559591601295e-12,0.9999999999889345
20260912_174204_152_paper_strict_raw_equation_seed2025_01f04b03,42,34,3.334813906500737e-12,0.9999999999949978,1.6674069532503684e-12
20260912_174204_152_paper_strict_raw_equation_seed2025_01f04b03,42,35,4.723309151200825e-10,9.999999999995e-13,0.9999999995266691
20260912_174204_152_paper_strict_raw_equation_seed2025_01f04b03,42,36,1.0362491138948826e-05,0.9999896374927933,1.606773973132174e-11
20260912_174204_152_paper_strict_raw_equation_seed2025_01f04b03,42,37,9.999999999995e-13,0.9999999999962715,2.728484105314983e-12
20260912_174204_152_paper_strict_raw_equation_seed2025_01f04b03,42,38,9.999999999996064e-13,0.9999999999926336,6.366462912407991e-12
20260912_174204_152_paper_strict_raw_equation_seed2025_01f04b03,42,39,2.0812270425570509e-10,3.077123740998408e-11,0.9999999997611061
20260912_174204_152_paper_strict_raw_equation_seed2025_01f04b03,42,40,9.999999999995002e-13,0.999999999977627,2.1373125491634032e-11
20260912_174204_152_paper_strict_raw_equation_seed2025_01f04b03,42,41,0.9999992215361093,7.784628905927155e-07,9.999999999995e-13
20260912_174204_152_paper_strict_raw_equation_seed2025_01f04b03,42,42,0.999999999998,9.999999999990001e-13,9.999999999990001e-13
20260912_174204_152_paper_strict_raw_equation_seed2025_01f04b03,42,43,1.5158245029548805e-11,0.9999999683004717,3.1684370090564094e-08
20260912_174204_152_paper_strict_raw_equation_seed2025_01f04b03,42,44,9.999999999995e-13,0.9999999999974841,1.5158245029527679e-12
20260912_174204_152_paper_strict_raw_equation_seed2025_01f04b03,42,45,9.999999999995e-13,0.9999999999977873,1.2126596023622141e-12
20260912_174204_152_paper_strict_raw_equation_seed2025_01f04b03,42,46,9.99999999999758e-13,0.9999999999971811,1.8189894035454162e-12
20260912_174204_152_paper_strict_raw_equation_seed2025_01f04b03,42,47,0.999999999998,9.999999999990001e-13,9.999999999990001e-13
20260912_174204_152_paper_strict_raw_equation_seed2025_01f04b03,42,48,4.699055959160132e-12,0.00010806318111159878,0.9998919368141894
20260912_174204_152_paper_strict_raw_equation_seed2025_01f04b03,42,49,9.999999999990001e-13,0.999999999998,9.999999999990001e-13
20260912_174204_152_paper_strict_raw_equation_seed2025_01f04b03,42,50,0.9999999989708164,9.999999999995002e-13,1.028183760352863e-09
20260912_174204_152_paper_strict_raw_equation_seed2025_01f04b03,42,51,9.999999999995e-13,1.546140993011823e-11,0.9999999999835385
20260912_174204_152_paper_strict_raw_equation_seed2025_01f04b03,42,52,9.999999999995e-13,1.0769933093479415e-09,0.9999999989220066
20260912_174204_152_paper_strict_raw_equation_seed2025_01f04b03,42,53,0.9999999999927851,6.214880462106348e-12,9.999999999995e-13
20260912_174204_152_paper_strict_raw_equation_seed2025_01f04b03,42,54,1.3945585427184902e-11,1.650732883717865e-10,0.9999999998209812
20260912_174204_152_paper_strict_raw_equation_seed2025_01f04b03,42,55,4.244308608273665e-12,3.637978807091713e-12,0.9999999999921177
20260912_174204_152_paper_strict_raw_equation_seed2025_01f04b03,42,56,5.911715561515795e-12,0.9999999999930882,9.999999999995e-13
20260912_174204_152_paper_strict_raw_equation_seed2025_01f04b03,42,57,9.999999999995e-13,0.9999999965423138,3.4566861965334924e-09
20260912_174204_152_paper_strict_raw_equation_seed2025_01f04b03,42,58,0.9999999999905114,9.999999999995e-13,8.488617216535501e-12
20260912_174204_152_paper_strict_raw_equation_seed2025_01f04b03,42,59,0.9999999919127731,8.085559481211627e-09,1.6674069532503684e-12
20260912_174204_152_paper_strict_raw_equation_seed2025_01f04b03,42,60,9.999999999995e-13,1.2172070758710723e-10,0.9999999998772793
20260912_174204_152_paper_strict_raw_equation_seed2025_01f04b03,42,61,9.999999999995e-13,3.0919485046329975e-08,0.9999999690795149
20260912_174204_152_paper_strict_raw_equation_seed2025_01f04b03,42,62,0.9999999760698912,2.3929108768512987e-08,9.999999999995e-13
20260912_174204_152_paper_strict_raw_equation_seed2025_01f04b03,42,63,1.6545224449729458e-09,9.999999999995e-13,0.9999999983444775
20260912_174204_152_paper_strict_raw_equation_seed2025_01f04b03,42,64,9.999999999992578e-13,9.999999999992578e-13,0.999999999998
20260912_174204_152_paper_strict_raw_equation_seed2025_01f04b03,42,65,0.9999999999977873,1.2126596023622141e-12,9.999999999995e-13
20260912_174204_152_paper_strict_raw_equation_seed2025_01f04b03,42,66,0.999999999998,9.999999999992578e-13,9.999999999992578e-13
20260912_174204_152_paper_strict_raw_equation_seed2025_01f04b03,42,67,0.0002576682239426495,1.546140993013979e-11,0.999742331760596
20260912_174204_152_paper_strict_raw_equation_seed2025_01f04b03,42,68,2.986174270816952e-11,0.9999999999691382,9.999999999995e-13
20260912_174204_152_paper_strict_raw_equation_seed2025_01f04b03,42,69,1.6522487082185166e-11,9.999999999995e-13,0.9999999999824775
20260912_174204_152_paper_strict_raw_equation_seed2025_01f04b03,42,70,1.0610771520669376e-11,9.999999999995e-13,0.9999999999883892
20260912_174204_152_paper_strict_raw_equation_seed2025_01f04b03,42,71,7.300059223770234e-09,9.999999999995e-13,0.9999999926989407
20260912_174204_152_paper_strict_raw_equation_seed2025_01f04b03,42,72,1.24633364369531e-07,0.9999998753656356,9.999999999995e-13
20260912_174204_152_paper_strict_raw_equation_seed2025_01f04b03,42,73,0.9999999999849933,1.2429760924230019e-11,2.5769016550232972e-12
20260912_174204_152_paper_strict_raw_equation_seed2025_01f04b03,42,74,0.9999999759695436,2.402945635060845e-08,9.999999999995e-13
20260912_174204_152_paper_strict_raw_equation_seed2025_01f04b03,42,75,0.0015281381262542025,9.999999999995e-13,0.9984718618727458
20260912_174204_152_paper_strict_raw_equation_seed2025_01f04b03,42,76,0.9999999999086568,9.999999999995e-13,9.034314037598495e-11
20260912_174204_152_paper_strict_raw_equation_seed2025_01f04b03,42,77,0.9999999999973326,1.6674069532480445e-12,9.999999999995e-13
20260912_174204_152_paper_strict_raw_equation_seed2025_01f04b03,42,78,0.9999999991539278,9.999999999995e-13,8.450721603961679e-10
20260912_174204_152_paper_strict_raw_equation_seed2025_01f04b03,42,79,1.667406953250369e-12,0.9999988755804832,1.1244178494962398e-06
20260912_174204_152_paper_strict_raw_equation_seed2025_01f04b03,42,80,9.999999999991062e-13,0.9999999999979999,9.999999999991062e-13
20260912_174204_152_paper_strict_raw_equation_seed2025_01f04b03,42,81,0.9999999998366552,9.999999999995e-13,1.6234480426624146e-10
20260912_174204_152_paper_strict_raw_equation_seed2025_01f04b03,42,82,9.999999999995e-13,1.0610771520669377e-12,0.9999999999979389
20260912_174204_152_paper_strict_raw_equation_seed2025_01f04b03,42,83,9.999999999995e-13,1.5158245029527679e-12,0.9999999999974841
20260912_174204_152_paper_strict_raw_equation_seed2025_01f04b03,42,84,0.999999999998,9.999999999990001e-13,9.999999999990001e-13
20260912_174204_152_paper_strict_raw_equation_seed2025_01f04b03,42,85,9.999999999995e-13,0.9999999390295068,6.09694931577662e-08
20260912_174204_152_paper_strict_raw_equation_seed2025_01f04b03,42,86,0.999999999998,9.999999999990001e-13,9.999999999990001e-13
20260912_174204_152_paper_strict_raw_equation_seed2025_01f04b03,42,87,9.999999999990001e-13,9.999999999990001e-13,0.999999999998
20260912_174204_152_paper_strict_raw_equation_seed2025_01f04b03,42,88,3.031649005909761e-12,0.9999999999145075,8.246085296074548e-11
20260912_174204_152_paper_strict_raw_equation_seed2025_01f04b03,42,89,2.1221543041338754e-12,0.9999999999968778,9.999999999995e-13
20260912_174204_152_paper_strict_raw_equation_seed2025_01f04b03,42,90,4.395891058563027e-12,9.999999999995e-13,0.9999999999946041
20260912_174204_152_paper_strict_raw_equation_seed2025_01f04b03,42,91,9.999999999997576e-13,2.1679170458805153e-08,0.9999999783198295
20260912_174204_152_paper_strict_raw_equation_seed2025_01f04b03,42,92,7.139533408917488e-11,1.2117046329270428e-08,0.9999999878115584
20260912_174204_152_paper_strict_raw_equation_seed2025_01f04b03,42,93,9.999999999990001e-13,0.999999999998,9.999999999990001e-13
20260912_174204_152_paper_strict_raw_equation_seed2025_01f04b03,42,94,1.0610771520681595e-12,9.99999999999758e-13,0.999999999997939
20260912_174204_152_paper_strict_raw_equation_seed2025_01f04b03,42,95,9.999999999995e-13,1.2126596023622141e-12,0.9999999999977873
20260912_174204_152_paper_strict_raw_equation_seed2025_01f04b03,42,96,1.5158245029548803e-12,0.9999999999831743,1.530982747984429e-11
20260912_174204_152_paper_strict_raw_equation_seed2025_01f04b03,42,97,9.999999999990001e-13,9.999999999990001e-13,0.999999999998
20260912_174204_152_paper_strict_raw_equation_seed2025_01f04b03,42,98,0.999999999998,9.999999999990001e-13,9.999999999990001e-13
20260912_174204_152_paper_strict_raw_equation_seed2025_01f04b03,42,99,1.5309827479840585e-11,0.99999999998369,9.999999999997576e-13
20260912_174204_152_paper_strict_raw_equation_seed2025_01f04b03,42,100,9.999999999995e-13,0.9999999999899051,9.094947017716608e-12
20260912_174204_152_paper_strict_raw_equation_seed2025_01f04b03,42,101,0.9999999999973326,1.6674069532480445e-12,9.999999999995e-13
20260912_174204_152_paper_strict_raw_equation_seed2025_01f04b03,43,0,0.999999999998,9.999999999990001e-13,9.999999999990001e-13
20260912_174204_152_paper_strict_raw_equation_seed2025_01f04b03,43,1,9.999999999990001e-13,9.999999999990001e-13,0.999999999998
20260912_174204_152_paper_strict_raw_equation_seed2025_01f04b03,43,2,1.9705718538405685e-12,0.9999999999970295,9.999999999996064e-13
20260912_174204_152_paper_strict_raw_equation_seed2025_01f04b03,43,3,0.9999999998700939,1.282387529499829e-10,1.6674069532503686e-12
20260912_174204_152_paper_strict_raw_equation_seed2025_01f04b03,43,4,1.5612992380413507e-11,9.999999999995e-13,0.999999999983387
20260912_174204_152_paper_strict_raw_equation_seed2025_01f04b03,43,5,2.1221543041368327e-12,0.9999999999942397,3.637978807091713e-12
20260912_174204_152_paper_strict_raw_equation_seed2025_01f04b03,43,6,9.999999999995e-13,0.9999999999929367,6.0632980118110715e-12
20260912_174204_152_paper_strict_raw_equation_seed2025_01f04b03,43,7,9.999999999995157e-13,0.9999999999979999,9.999999999995157e-13
20260912_174204_152_paper_strict_raw_equation_seed2025_01f04b03,43,8,1.87017879701019e-08,0.9999999812972119,9.999999999997576e-13
20260912_174204_152_paper_strict_raw_equation_seed2025_01f04b03,43,9,0.999999999998,9.999999999992578e-13,9.999999999992578e-13
20260912_174204_152_paper_strict_raw_equation_seed2025_01f04b03,43,10,0.06570793418410718,0.9342920658148928,9.999999999995e-13
20260912_174204_152_paper_strict_raw_equation_seed2025_01f04b03,43,11,9.999999999995e-13,0.2292256865321507,0.7707743134668492
20260912_174204_152_paper_strict_raw_equation_seed2025_01f04b03,43,12,7.306274104240755e-11,0.9999999999259371,9.999999999997576e-13
20260912_174204_152_paper_strict_raw_equation_seed2025_01f04b03,43,13,0.5194064301953059,0.48059356980369417,9.999999999995e-13
20260912_174204_152_paper_strict_raw_equation_seed2025_01f04b03,43,14,0.999999999998,9.999999999990001e-13,9.999999999990001e-13
20260912_174204_152_paper_strict_raw_equation_seed2025_01f04b03,43,15,0.9830380789761269,0.016961914909037052,6.114836044919987e-09
20260912_174204_152_paper_strict_raw_equation_seed2025_01f04b03,43,16,1.0610771520669377e-12,0.9999999999979389,9.999999999995e-13
20260912_174204_152_paper_strict_raw_equation_seed2025_01f04b03,43,17,0.999999999998,9.999999999990001e-13,9.999999999990001e-13
20260912_174204_152_paper_strict_raw_equation_seed2025_01f04b03,43,18,9.999999999991062e-13,9.999999999991062e-13,0.9999999999979999
20260912_174204_152_paper_strict_raw_equation_seed2025_01f04b03,43,19,9.999999999995e-13,0.9999999999918756,7.124375163878009e-12
20260912_174204_152_paper_strict_raw_equation_seed2025_01f04b03,43,20,9.999999999990001e-13,0.999999999998,9.999999999990001e-13
20260912_174204_152_paper_strict_raw_equation_seed2025_01f04b03,43,21,0.9999999999943009,4.69905595915358e-12,9.999999999995e-13
20260912_174204_152_paper_strict_raw_equation_seed2025_01f04b03,43,22,0.9999999998981366,1.0080232944649954e-10,1.0610771520684163e-12
20260912_174204_152_paper_strict_raw_equation_seed2025_01f04b03,43,23,0.999999999998,9.999999999990001e-13,9.999999999990001e-13
20260912_174204_152_paper_strict_raw_equation_seed2025_01f04b03,43,24,0.9999998069293425,9.999999999995e-13,1.9306965744639223e-07
20260912_174204_152_paper_strict_raw_equation_seed2025_01f04b03,43,25,6.063298011819522e-12,0.9999999999922693,1.6674069532503684e-12
20260912_174204_152_paper_strict_raw_equation_seed2025_01f04b03,43,26,0.2904822684274292,9.999999999996064e-13,0.7095177315715708
20260912_174204_152_paper_strict_raw_equation_seed2025_01f04b03,43,27,1.0610771520684165e-12,1.0459189070388676e-11,0.9999999999884798
20260912_174204_152_paper_strict_raw_equation_seed2025_01f04b03,43,28,2.2737367544323206e-12,0.9999999999951494,2.5769016550232964e-12
20260912_174204_152_paper_strict_raw_equation_seed2025_01f04b03,43,29,1.2126596023639045e-12,0.9999999998414446,1.5734258340671659e-10
20260912_174204_152_paper_strict_raw_equation_seed2025_01f04b03,43,30,1.1823431123031591e-11,9.999999999995e-13,0.9999999999871765
20260912_174204_152_paper_strict_raw_equation_seed2025_01f04b03,43,31,0.9999999999600433,9.999999999996064e-13,3.8956689725925087e-11
20260912_174204_152_paper_strict_raw_equation_seed2025_01f04b03,43,32,1.0610771520669377e-12,9.999999999995e-13,0.9999999999979389
20260912_174204_152_paper_strict_raw_equation_seed2025_01f04b03,43,33,6.366462912410498e-12,4.6990559591601295e-12,0.9999999999889345
20260912_174204_152_paper_strict_raw_equation_seed2025_01f04b03,43,34,3.334813906500737e-12,0.9999999999949978,1.6674069532503684e-12
20260912_174204_152_paper_strict_raw_equation_seed2025_01f04b03,43,35,4.723309151200825e-10,9.999999999995e-13,0.9999999995266691
20260912_174204_152_paper_strict_raw_equation_seed2025_01f04b03,43,36,1.0362491138948826e-05,0.9999896374927933,1.606773973132174e-11
20260912_174204_152_paper_strict_raw_equation_seed2025_01f04b03,43,37,9.999999999995e-13,0.9999999999962715,2.728484105314983e-12
20260912_174204_152_paper_strict_raw_equation_seed2025_01f04b03,43,38,9.999999999996064e-13,0.9999999999926336,6.366462912407991e-12
20260912_174204_152_paper_strict_raw_equation_seed2025_01f04b03,43,39,2.0812270425570509e-10,3.077123740998408e-11,0.9999999997611061
20260912_174204_152_paper_strict_raw_equation_seed2025_01f04b03,43,40,9.999999999995002e-13,0.999999999977627,2.1373125491634032e-11
20260912_174204_152_paper_strict_raw_equation_seed2025_01f04b03,43,41,0.9999992215361093,7.784628905927155e-07,9.999999999995e-13
20260912_174204_152_paper_strict_raw_equation_seed2025_01f04b03,43,42,0.999999999998,9.999999999990001e-13,9.999999999990001e-13
20260912_174204_152_paper_strict_raw_equation_seed2025_01f04b03,43,43,1.5158245029548805e-11,0.9999999683004717,3.1684370090564094e-08
20260912_174204_152_paper_strict_raw_equation_seed2025_01f04b03,43,44,9.999999999995e-13,0.9999999999974841,1.5158245029527679e-12
20260912_174204_152_paper_strict_raw_equation_seed2025_01f04b03,43,45,9.999999999995e-13,0.9999999999977873,1.2126596023622141e-12
20260912_174204_152_paper_strict_raw_equation_seed2025_01f04b03,43,46,9.99999999999758e-13,0.9999999999971811,1.8189894035454162e-12
20260912_174204_152_paper_strict_raw_equation_seed2025_01f04b03,43,47,0.999999999998,9.999999999990001e-13,9.999999999990001e-13
20260912_174204_152_paper_strict_raw_equation_seed2025_01f04b03,43,48,4.699055959160132e-12,0.00010806318111159878,0.9998919368141894
20260912_174204_152_paper_strict_raw_equation_seed2025_01f04b03,43,49,9.999999999990001e-13,0.999999999998,9.999999999990001e-13
20260912_174204_152_paper_strict_raw_equation_seed2025_01f04b03,43,50,0.9999999989708164,9.999999999995002e-13,1.028183760352863e-09
20260912_174204_152_paper_strict_raw_equation_seed2025_01f04b03,43,51,9.999999999995e-13,1.546140993011823e-11,0.9999999999835385
20260912_174204_152_paper_strict_raw_equation_seed2025_01f04b03,43,52,9.999999999995e-13,1.0769933093479415e-09,0.9999999989220066
20260912_174204_152_paper_strict_raw_equation_seed2025_01f04b03,43,53,0.9999999999927851,6.214880462106348e-12,9.999999999995e-13
20260912_174204_152_paper_strict_raw_equation_seed2025_01f04b03,43,54,1.3945585427184902e-11,1.650732883717865e-10,0.9999999998209812
20260912_174204_152_paper_strict_raw_equation_seed2025_01f04b03,43,55,4.244308608273665e-12,3.637978807091713e-12,0.9999999999921177
20260912_174204_152_paper_strict_raw_equation_seed2025_01f04b03,43,56,5.911715561515795e-12,0.9999999999930882,9.999999999995e-13
20260912_174204_152_paper_strict_raw_equation_seed2025_01f04b03,43,57,9.999999999995e-13,0.9999999965423138,3.4566861965334924e-09
20260912_174204_152_paper_strict_raw_equation_seed2025_01f04b03,43,58,0.9999999999905114,9.999999999995e-13,8.488617216535501e-12
20260912_174204_152_paper_strict_raw_equation_seed2025_01f04b03,43,59,0.9999999919127731,8.085559481211627e-09,1.6674069532503684e-12
20260912_174204_152_paper_strict_raw_equation_seed2025_01f04b03,43,60,9.999999999995e-13,1.2172070758710723e-10,0.9999999998772793
20260912_174204_152_paper_strict_raw_equation_seed2025_01f04b03,43,61,9.999999999995e-13,3.0919485046329975e-08,0.9999999690795149
20260912_174204_152_paper_strict_raw_equation_seed2025_01f04b03,43,62,0.9999999760698912,2.3929108768512987e-08,9.999999999995e-13
20260912_174204_152_paper_strict_raw_equation_seed2025_01f04b03,43,63,1.6545224449729458e-09,9.999999999995e-13,0.9999999983444775
20260912_174204_152_paper_strict_raw_equation_seed2025_01f04b03,43,64,9.999999999992578e-13,9.999999999992578e-13,0.999999999998
20260912_174204_152_paper_strict_raw_equation_seed2025_01f04b03,43,65,0.9999999999977873,1.2126596023622141e-12,9.999999999995e-13
20260912_174204_152_paper_strict_raw_equation_seed2025_01f04b03,43,66,0.999999999998,9.999999999992578e-13,9.999999999992578e-13
20260912_174204_152_paper_strict_raw_equation_seed2025_01f04b03,43,67,0.0002576682239426495,1.546140993013979e-11,0.999742331760596
20260912_174204_152_paper_strict_raw_equation_seed2025_01f04b03,43,68,2.986174270816952e-11,0.9999999999691382,9.999999999995e-13
20260912_174204_152_paper_strict_raw_equation_seed2025_01f04b03,43,69,1.6522487082185166e-11,9.999999999995e-13,0.9999999999824775
20260912_174204_152_paper_strict_raw_equation_seed2025_01f04b03,43,70,1.0610771520669376e-11,9.999999999995e-13,0.9999999999883892
20260912_174204_152_paper_strict_raw_equation_seed2025_01f04b03,43,71,7.300059223770234e-09,9.999999999995e-13,0.9999999926989407
20260912_174204_152_paper_strict_raw_equation_seed2025_01f04b03,43,72,1.24633364369531e-07,0.9999998753656356,9.999999999995e-13
20260912_174204_152_paper_strict_raw_equation_seed2025_01f04b03,43,73,0.9999999999849933,1.2429760924230019e-11,2.5769016550232972e-12
20260912_174204_152_paper_strict_raw_equation_seed2025_01f04b03,43,74,0.9999999759695436,2.402945635060845e-08,9.999999999995e-13
20260912_174204_152_paper_strict_raw_equation_seed2025_01f04b03,43,75,0.0015281381262542025,9.999999999995e-13,0.9984718618727458
20260912_174204_152_paper_strict_raw_equation_seed2025_01f04b03,43,76,0.9999999999086568,9.999999999995e-13,9.034314037598495e-11
20260912_174204_152_paper_strict_raw_equation_seed2025_01f04b03,43,77,0.9999999999973326,1.6674069532480445e-12,9.999999999995e-13
20260912_174204_152_paper_strict_raw_equation_seed2025_01f04b03,43,78,0.9999999991539278,9.999999999995e-13,8.450721603961679e-10
20260912_174204_152_paper_strict_raw_equation_seed2025_01f04b03,43,79,1.667406953250369e-12,0.9999988755804832,1.1244178494962398e-06
20260912_174204_152_paper_strict_raw_equation_seed2025_01f04b03,43,80,9.999999999991062e-13,0.9999999999979999,9.999999999991062e-13
20260912_174204_152_paper_strict_raw_equation_seed2025_01f04b03,43,81,0.9999999998366552,9.999999999995e-13,1.6234480426624146e-10
20260912_174204_152_paper_strict_raw_equation_seed2025_01f04b03,43,82,9.999999999995e-13,1.0610771520669377e-12,0.9999999999979389
20260912_174204_152_paper_strict_raw_equation_seed2025_01f04b03,43,83,9.999999999995e-13,1.5158245029527679e-12,0.9999999999974841
20260912_174204_152_paper_strict_raw_equation_seed2025_01f04b03,43,84,0.999999999998,9.999999999990001e-13,9.999999999990001e-13
20260912_174204_152_paper_strict_raw_equation_seed2025_01f04b03,43,85,9.999999999995e-13,0.9999999390295068,6.09694931577662e-08
20260912_174204_152_paper_strict_raw_equation_seed2025_01f04b03,43,86,0.999999999998,9.999999999990001e-13,9.999999999990001e-13
20260912_174204_152_paper_strict_raw_equation_seed2025_01f04b03,43,87,9.999999999990001e-13,9.999999999990001e-13,0.999999999998
20260912_174204_152_paper_strict_raw_equation_seed2025_01f04b03,43,88,3.031649005909761e-12,0.9999999999145075,8.246085296074548e-11
20260912_174204_152_paper_strict_raw_equation_seed2025_01f04b03,43,89,2.1221543041338754e-12,0.9999999999968778,9.999999999995e-13
20260912_174204_152_paper_strict_raw_equation_seed2025_01f04b03,43,90,4.395891058563027e-12,9.999999999995e-13,0.9999999999946041
20260912_174204_152_paper_strict_raw_equation_seed2025_01f04b03,43,91,9.999999999997576e-13,2.1679170458805153e-08,0.9999999783198295
20260912_174204_152_paper_strict_raw_equation_seed2025_01f04b03,43,92,7.139533408917488e-11,1.2117046329270428e-08,0.9999999878115584
20260912_174204_152_paper_strict_raw_equation_seed2025_01f04b03,43,93,9.999999999990001e-13,0.999999999998,9.999999999990001e-13
20260912_174204_152_paper_strict_raw_equation_seed2025_01f04b03,43,94,1.0610771520681595e-12,9.99999999999758e-13,0.999999999997939
20260912_174204_152_paper_strict_raw_equation_seed2025_01f04b03,43,95,9.999999999995e-13,1.2126596023622141e-12,0.9999999999977873
20260912_174204_152_paper_strict_raw_equation_seed2025_01f04b03,43,96,1.5158245029548803e-12,0.9999999999831743,1.530982747984429e-11
20260912_174204_152_paper_strict_raw_equation_seed2025_01f04b03,43,97,9.999999999990001e-13,9.999999999990001e-13,0.999999999998
20260912_174204_152_paper_strict_raw_equation_seed2025_01f04b03,43,98,0.999999999998,9.999999999990001e-13,9.999999999990001e-13
20260912_174204_152_paper_strict_raw_equation_seed2025_01f04b03,43,99,1.5309827479840585e-11,0.99999999998369,9.999999999997576e-13
20260912_174204_152_paper_strict_raw_equation_seed2025_01f04b03,43,100,9.999999999995e-13,0.9999999999899051,9.094947017716608e-12
20260912_174204_152_paper_strict_raw_equation_seed2025_01f04b03,43,101,0.9999999999973326,1.6674069532480445e-12,9.999999999995e-13
20260912_174204_152_paper_strict_raw_equation_seed2025_01f04b03,44,0,0.9999999999979999,9.99999999999e-13,9.99999999999e-13
20260912_174204_152_paper_strict_raw_equation_seed2025_01f04b03,44,1,9.99999999999e-13,9.99999999999e-13,0.9999999999979999
20260912_174204_152_paper_strict_raw_equation_seed2025_01f04b03,44,2,9.999999999994852e-13,0.999999999998,9.999999999994852e-13
20260912_174204_152_paper_strict_raw_equation_seed2025_01f04b03,44,3,0.9999999999348806,6.411937647498079e-11,9.999999999998336e-13
20260912_174204_152_paper_strict_raw_equation_seed2025_01f04b03,44,4,7.80649619020285e-12,9.999999999995e-13,0.9999999999911935
20260912_174204_152_paper_strict_raw_equation_seed2025_01f04b03,44,5,1.0610771520684165e-12,0.99999999999712,1.818989403545857e-12
20260912_174204_152_paper_strict_raw_equation_seed2025_01f04b03,44,6,9.999999999995e-13,0.9999999999959683,3.03164900590402e-12
20260912_174204_152_paper_strict_raw_equation_seed2025_01f04b03,44,7,9.999999999990001e-13,0.999999999998,9.999999999990001e-13
20260912_174204_152_paper_strict_raw_equation_seed2025_01f04b03,44,8,9.350893985046277e-09,0.9999999906481061,9.999999999995002e-13
20260912_174204_152_paper_strict_raw_equation_seed2025_01f04b03,44,9,0.9999999999979999,9.99999999999e-13,9.99999999999e-13
20260912_174204_152_paper_strict_raw_equation_seed2025_01f04b03,44,10,0.03285396709203716,0.9671460329069628,9.999999999995e-13
20260912_174204_152_paper_strict_raw_equation_seed2025_01f04b03,44,11,9.999999999995e-13,0.11461284326601803,0.8853871567329819
20260912_174204_152_paper_strict_raw_equation_seed2025_01f04b03,44,12,3.653137052118552e-11,0.9999999999624687,9.999999999995002e-13
20260912_174204_152_paper_strict_raw_equation_seed2025_01f04b03,44,13,0.509703215097398,0.4902967849016019,9.999999999995e-13
20260912_174204_152_paper_strict_raw_equation_seed2025_01f04b03,44,14,0.9999999999979999,9.99999999999e-13,9.99999999999e-13
20260912_174204_152_paper_strict_raw_equation_seed2025_01f04b03,44,15,0.8665190394880635,0.13348095745451852,3.0574180224599936e-09
20260912_174204_152_paper_strict_raw_equation_seed2025_01f04b03,44,16,9.999999999990306e-13,0.999999999998,9.999999999990306e-13
20260912_174204_152_paper_strict_raw_equation_seed2025_01f04b03,44,17,0.9999999999979999,9.99999999999e-13,9.99999999999e-13
20260912_174204_152_paper_strict_raw_equation_seed2025_01f04b03,44,18,9.999999999990001e-13,9.999999999990001e-13,0.999999999998
20260912_174204_152_paper_strict_raw_equation_seed2025_01f04b03,44,19,9.999999999995e-13,0.9999999999954378,3.5621875819372233e-12
20260912_174204_152_paper_strict_raw_equation_seed2025_01f04b03,44,20,9.99999999999e-13,0.9999999999979999,9.99999999999e-13
20260912_174204_152_paper_strict_raw_equation_seed2025_01f04b03,44,21,0.9999999999966505,2.349527979575615e-12,9.999999999995e-13
20260912_174204_152_paper_strict_raw_equation_seed2025_01f04b03,44,22,0.9999999999485989,5.040116472322611e-11,9.999999999995307e-13
20260912_174204_152_paper_strict_raw_equation_seed2025_01f04b03,44,23,0.9999999999979999,9.99999999999e-13,9.99999999999e-13
20260912_174204_152_paper_strict_raw_equation_seed2025_01f04b03,44,24,0.9999999034641712,9.999999999995e-13,9.653482872314785e-08
20260912_174204_152_paper_strict_raw_equation_seed2025_01f04b03,44,25,3.031649005909257e-12,0.9999999999959683,9.999999999998336e-13
20260912_174204_152_paper_strict_raw_equation_seed2025_01f04b03,44,26,0.2702411342135795,9.999999999995e-13,0.7297588657854205
20260912_174204_152_paper_strict_raw_equation_seed2025_01f04b03,44,27,9.999999999995304e-13,5.2295945351918825e-12,0.9999999999937703
20260912_174204_152_paper_strict_raw_equation_seed2025_01f04b03,44,28,1.1368683772161603e-12,0.9999999999975747,1.2884508275116482e-12
20260912_174204_152_paper_strict_raw_equation_seed2025_01f04b03,44,29,9.999999999996066e-13,0.9999999999203288,7.867129170332734e-11
20260912_174204_152_paper_strict_raw_equation_seed2025_01f04b03,44,30,5.91171556151284e-12,9.999999999995e-13,0.9999999999930882
20260912_174204_152_paper_strict_raw_equation_seed2025_01f04b03,44,31,0.9999999999795216,9.999999999995e-13,1.9478344862952805e-11
20260912_174204_152_paper_strict_raw_equation_seed2025_01f04b03,44,32,9.999999999990306e-13,9.999999999990306e-13,0.999999999998
20260912_174204_152_paper_strict_raw_equation_seed2025_01f04b03,44,33,3.183231456205249e-12,2.3495279795800647e-12,0.9999999999944673
20260912_174204_152_paper_strict_raw_equation_seed2025_01f04b03,44,34,1.6674069532500913e-12,0.9999999999973326,9.999999999998336e-13
20260912_174204_152_paper_strict_raw_equation_seed2025_01f04b03,44,35,2.361654575599232e-10,9.999999999995e-13,0.9999999997628345
20260912_174204_152_paper_strict_raw_equation_seed2025_01f04b03,44,36,5.181245569474413e-06,0.9999948187463967,8.03386986566087e-12
20260912_174204_152_paper_strict_raw_equation_seed2025_01f04b03,44,37,9.999999999995002e-13,0.9999999999976359,1.3642420526568096e-12
20260912_174204_152_paper_strict_raw_equation_seed2025_01f04b03,44,38,9.999999999995002e-13,0.9999999999958169,3.1832314562024046e-12
20260912_174204_152_paper_strict_raw_equation_seed2025_01f04b03,44,39,1.0406135212785254e-10,1.538561870499204e-11,0.9999999998805531
20260912_174204_152_paper_strict_raw_equation_seed2025_01f04b03,44,40,9.999999999995e-13,0.9999999999883135,1.0686562745811672e-11
20260912_174204_152_paper_strict_raw_equation_seed2025_01f04b03,44,41,0.9999996107675546,3.892314452961631e-07,9.999999999995e-13
20260912_174204_152_paper_strict_raw_equation_seed2025_01f04b03,44,42,0.9999999999979999,9.99999999999e-13,9.99999999999e-13
20260912_174204_152_paper_strict_raw_equation_seed2025_01f04b03,44,43,7.579122514774403e-12,0.9999999841502358,1.5842185045282047e-08
20260912_174204_152_paper_strict_raw_equation_seed2025_01f04b03,44,44,9.999999999992578e-13,0.999999999998,9.999999999992578e-13
20260912_174204_152_paper_strict_raw_equation_seed2025_01f04b03,44,45,9.999999999991062e-13,0.9999999999979999,9.999999999991062e-13
20260912_174204_152_paper_strict_raw_equation_seed2025_01f04b03,44,46,9.999999999994093e-13,0.9999999999979999,9.999999999994093e-13
20260912_174204_152_paper_strict_raw_equation_seed2025_01f04b03,44,47,0.9999999999979999,9.99999999999e-13,9.99999999999e-13
20260912_174204_152_paper_strict_raw_equation_seed2025_01f04b03,44,48,2.349527979580066e-12,5.403159055579939e-05,0.9999459684070947
20260912_174204_152_paper_strict_raw_equation_seed2025_01f04b03,44,49,9.99999999999e-13,0.9999999999979999,9.99999999999e-13
20260912_174204_152_paper_strict_raw_equation_seed2025_01f04b03,44,50,0.9999999994849081,9.999999999995e-13,5.140918801761744e-10
20260912_174204_152_paper_strict_raw_equation_seed2025_01f04b03,44,51,9.999999999995e-13,7.73070496505525e-12,0.9999999999912692
20260912_174204_152_paper_strict_raw_equation_seed2025_01f04b03,44,52,9.999999999995e-13,5.384966546737015e-10,0.9999999994605033
20260912_174204_152_paper_strict_raw_equation_seed2025_01f04b03,44,53,0.9999999999958925,3.1074402310516203e-12,9.999999999995e-13
20260912_174204_152_paper_strict_raw_equation_seed2025_01f04b03,44,54,6.972792713592451e-12,8.253664418589325e-11,0.9999999999104906
20260912_174204_152_paper_strict_raw_equation_seed2025_01f04b03,44,55,2.1221543041368327e-12,1.8189894035458565e-12,0.9999999999960589
20260912_174204_152_paper_strict_raw_equation_seed2025_01f04b03,44,56,2.9558577807564196e-12,0.999999999996044,9.999999999995e-13
20260912_174204_152_paper_strict_raw_equation_seed2025_01f04b03,44,57,9.999999999995e-13,0.9999999982706569,1.728343098265882e-09
20260912_174204_152_paper_strict_raw_equation_seed2025_01f04b03,44,58,0.9999999999947556,9.999999999995e-13,4.244308608265629e-12
20260912_174204_152_paper_strict_raw_equation_seed2025_01f04b03,44,59,0.9999999959562202,4.042779740605141e-09,9.999999999998336e-13
20260912_174204_152_paper_strict_raw_equation_seed2025_01f04b03,44,60,9.999999999995e-13,6.086035379352318e-11,0.9999999999381396
20260912_174204_152_paper_strict_raw_equation_seed2025_01f04b03,44,61,9.999999999995e-13,1.545974252315726e-08,0.9999999845392574
20260912_174204_152_paper_strict_raw_equation_seed2025_01f04b03,44,62,0.9999999880344456,1.1964554384250511e-08,9.999999999995e-13
20260912_174204_152_paper_strict_raw_equation_seed2025_01f04b03,44,63,8.272612224860592e-10,9.999999999995e-13,0.9999999991717388
20260912_174204_152_paper_strict_raw_equation_seed2025_01f04b03,44,64,9.99999999999e-13,9.99999999999e-13,0.9999999999979999
20260912_174204_152_paper_strict_raw_equation_seed2025_01f04b03,44,65,0.9999999999979999,9.999999999991062e-13,9.999999999991062e-13
20260912_174204_152_paper_strict_raw_equation_seed2025_01f04b03,44,66,0.9999999999979999,9.99999999999e-13,9.99999999999e-13
20260912_174204_152_paper_strict_raw_equation_seed2025_01f04b03,44,67,0.00012883411197132474,7.730704965069895e-12,0.999871165880298
20260912_174204_152_paper_strict_raw_equation_seed2025_01f04b03,44,68,1.4930871354077294e-11,0.9999999999840691,9.999999999995e-13
20260912_174204_152_paper_strict_raw_equation_seed2025_01f04b03,44,69,8.261243541088452e-12,9.999999999995e-13,0.9999999999907387
20260912_174204_152_paper_strict_raw_equation_seed2025_01f04b03,44,70,5.305385760332035e-12,9.999999999995e-13,0.9999999999936946
20260912_174204_152_paper_strict_raw_equation_seed2025_01f04b03,44,71,3.650029611883292e-09,9.999999999995e-13,0.9999999963489703
20260912_174204_152_paper_strict_raw_equation_seed2025_01f04b03,44,72,6.231668218473435e-08,0.9999999376823178,9.999999999995e-13
20260912_174204_152_paper_strict_raw_equation_seed2025_01f04b03,44,73,0.9999999999924967,6.214880462115009e-12,1.2884508275116486e-12
20260912_174204_152_paper_strict_raw_equation_seed2025_01f04b03,44,74,0.9999999879842718,1.2014728175298216e-08,9.999999999995e-13
20260912_174204_152_paper_strict_raw_equation_seed2025_01f04b03,44,75,0.0007640690631267192,9.999999999995e-13,0.9992359309358733
20260912_174204_152_paper_strict_raw_equation_seed2025_01f04b03,44,76,0.9999999999538284,9.999999999995e-13,4.517157018796989e-11
20260912_174204_152_paper_strict_raw_equation_seed2025_01f04b03,44,77,0.9999999999979999,9.999999999993336e-13,9.999999999993336e-13
20260912_174204_152_paper_strict_raw_equation_seed2025_01f04b03,44,78,0.9999999995764639,9.999999999995e-13,4.2253608019787265e-10
20260912_174204_152_paper_strict_raw_equation_seed2025_01f04b03,44,79,9.999999999998336e-13,0.9999994377900753,5.622089247480264e-07
20260912_174204_152_paper_strict_raw_equation_seed2025_01f04b03,44,80,9.999999999990001e-13,0.999999999998,9.999999999990001e-13
20260912_174204_152_paper_strict_raw_equation_seed2025_01f04b03,44,81,0.9999999999178277,9.999999999995002e-13,8.117240213308016e-11
20260912_174204_152_paper_strict_raw_equation_seed2025_01f04b03,44,82,9.999999999990306e-13,9.999999999990306e-13,0.999999999998
20260912_174204_152_paper_strict_raw_equation_seed2025_01f04b03,44,83,9.999999999992578e-13,9.999999999992578e-13,0.999999999998
20260912_174204_152_paper_strict_raw_equation_seed2025_01f04b03,44,84,0.9999999999979999,9.99999999999e-13,9.99999999999e-13
20260912_174204_152_paper_strict_raw_equation_seed2025_01f04b03,44,85,9.999999999995e-13,0.9999999695142534,3.048474657886785e-08
20260912_174204_152_paper_strict_raw_equation_seed2025_01f04b03,44,86,0.9999999999979999,9.99999999999e-13,9.99999999999e-13
20260912_174204_152_paper_strict_raw_equation_seed2025_01f04b03,44,87,9.99999999999e-13,9.99999999999e-13,0.9999999999979999
20260912_174204_152_paper_strict_raw_equation_seed2025_01f04b03,44,88,1.5158245029548805e-12,0.9999999999572537,4.123042648037274e-11
20260912_174204_152_paper_strict_raw_equation_seed2025_01f04b03,44,89,1.0610771520664072e-12,0.9999999999979389,9.999999999995e-13
20260912_174204_152_paper_strict_raw_equation_seed2025_01f04b03,44,90,2.1979455292804147e-12,9.999999999995e-13,0.999999999996802
20260912_174204_152_paper_strict_raw_equation_seed2025_01f04b03,44,91,9.999999999995e-13,1.0839585229397157e-08,0.9999999891594147
20260912_174204_152_paper_strict_raw_equation_seed2025_01f04b03,44,92,3.569766704458744e-11,6.058523164635214e-09,0.9999999939057792
20260912_174204_152_paper_strict_raw_equation_seed2025_01f04b03,44,93,9.99999999999e-13,0.9999999999979999,9.99999999999e-13
20260912_174204_152_paper_strict_raw_equation_seed2025_01f04b03,44,94,9.999999999990306e-13,9.999999999990306e-13,0.999999999998
20260912_174204_152_paper_strict_raw_equation_seed2025_01f04b03,44,95,9.999999999991062e-13,9.999999999991062e-13,0.9999999999979999
20260912_174204_152_paper_strict_raw_equation_seed2025_01f04b03,44,96,9.99999999999758e-13,0.9999999999913451,7.654913739920292e-12
20260912_174204_152_paper_strict_raw_equation_seed2025_01f04b03,44,97,9.99999999999e-13,9.99999999999e-13,0.9999999999979999
20260912_174204_152_paper_strict_raw_equation_seed2025_01f04b03,44,98,0.9999999999979999,9.99999999999e-13,9.99999999999e-13
20260912_174204_152_paper_strict_raw_equation_seed2025_01f04b03,44,99,7.654913739916467e-12,0.9999999999913451,9.999999999995002e-13
20260912_174204_152_paper_strict_raw_equation_seed2025_01f04b03,44,100,9.999999999995002e-13,0.9999999999944527,4.547473508856031e-12
20260912_174204_152_paper_strict_raw_equation_seed2025_01f04b03,44,101,0.9999999999979999,9.999999999993336e-13,9.999999999993336e-13
20260912_174204_152_paper_strict_raw_equation_seed2025_01f04b03,45,0,0.999999999998,9.999999999990001e-13,9.999999999990001e-13
20260912_174204_152_paper_strict_raw_equation_seed2025_01f04b03,45,1,9.999999999990001e-13,9.999999999990001e-13,0.999999999998
20260912_174204_152_paper_strict_raw_equation_seed2025_01f04b03,45,2,9.99999999999e-13,0.9999999999979999,9.99999999999e-13
20260912_174204_152_paper_strict_raw_equation_seed2025_01f04b03,45,3,0.9999999999669402,3.205968823747436e-11,9.999999999995e-13
20260912_174204_152_paper_strict_raw_equation_seed2025_01f04b03,45,4,3.9032480950994735e-12,9.999999999995e-13,0.9999999999950967
20260912_174204_152_paper_strict_raw_equation_seed2025_01f04b03,45,5,9.9999999999944e-13,0.999999999998,9.9999999999944e-13
20260912_174204_152_paper_strict_raw_equation_seed2025_01f04b03,45,6,9.999999999995e-13,0.9999999999974841,1.515824502951252e-12
20260912_174204_152_paper_strict_raw_equation_seed2025_01f04b03,45,7,9.99999999999e-13,0.9999999999979999,9.99999999999e-13
20260912_174204_152_paper_strict_raw_equation_seed2025_01f04b03,45,8,4.675446992520801e-09,0.999999995323553,9.999999999995e-13
20260912_174204_152_paper_strict_raw_equation_seed2025_01f04b03,45,9,0.999999999998,9.999999999990001e-13,9.999999999990001e-13
20260912_174204_152_paper_strict_raw_equation_seed2025_01f04b03,45,10,0.016426983546010365,0.9835730164529896,9.999999999995e-13
20260912_174204_152_paper_strict_raw_equation_seed2025_01f04b03,45,11,9.999999999995e-13,0.05730642163298036,0.9426935783660195
20260912_174204_152_paper_strict_raw_equation_seed2025_01f04b03,45,12,1.8265685260583625e-11,0.9999999999807343,9.999999999995e-13
20260912_174204_152_paper_strict_raw_equation_seed2025_01f04b03,45,13,0.6298516075483841,0.37014839245061587,9.999999999995e-13
20260912_174204_152_paper_strict_raw_equation_seed2025_01f04b03,45,14,0.999999999998,9.999999999990001e-13,9.999999999990001e-13
20260912_174204_152_paper_strict_raw_equation_seed2025_01f04b03,45,15,0.9332595197440318,0.06674047872725926,1.5287090112299968e-09
20260912_174204_152_paper_strict_raw_equation_seed2025_01f04b03,45,16,9.99999999999e-13,0.9999999999979999,9.99999999999e-13
20260912_174204_152_paper_strict_raw_equation_seed2025_01f04b03,45,17,0.999999999998,9.999999999990001e-13,9.999999999990001e-13
20260912_174204_152_paper_strict_raw_equation_seed2025_01f04b03,45,18,9.99999999999e-13,9.99999999999e-13,0.9999999999979999
20260912_174204_152_paper_strict_raw_equation_seed2025_01f04b03,45,19,9.999999999995e-13,0.9999999999972189,1.781093790967721e-12
20260912_174204_152_paper_strict_raw_equation_seed2025_01f04b03,45,20,9.999999999990001e-13,0.999999999998,9.999999999990001e-13
20260912_174204_152_paper_strict_raw_equation_seed2025_01f04b03,45,21,0.9999999999978252,1.17476398978722e-12,9.999999999995e-13
20260912_174204_152_paper_strict_raw_equation_seed2025_01f04b03,45,22,0.9999999999737994,2.5200582361600455e-11,9.999999999995e-13
20260912_174204_152_paper_strict_raw_equation_seed2025_01f04b03,45,23,0.999999999998,9.999999999990001e-13,9.999999999990001e-13
20260912_174204_152_paper_strict_raw_equation_seed2025_01f04b03,45,24,0.9999999517315856,9.999999999995e-13,4.826741436154979e-08
20260912_174204_152_paper_strict_raw_equation_seed2025_01f04b03,45,25,1.5158245029538705e-12,0.9999999999974841,9.999999999995e-13
20260912_174204_152_paper_strict_raw_equation_seed2025_01f04b03,45,26,0.2601205671066597,9.999999999995e-13,0.7398794328923404
20260912_174204_152_paper_strict_raw_equation_seed2025_01f04b03,45,27,9.999999999995e-13,2.614797267594634e-12,0.9999999999963851
20260912_174204_152_paper_strict_raw_equation_seed2025_01f04b03,45,28,9.999999999992126e-13,0.999999999998,9.999999999992126e-13
20260912_174204_152_paper_strict_raw_equation_seed2025_01f04b03,45,29,9.999999999995e-13,0.9999999999596644,3.9335645851644e-11
20260912_174204_152_paper_strict_raw_equation_seed2025_01f04b03,45,30,2.955857780754942e-12,9.999999999995e-13,0.999999999996044
20260912_174204_152_paper_strict_raw_equation_seed2025_01f04b03,45,31,0.9999999999892608,9.999999999995e-13,9.739172431471533e-12
20260912_174204_152_paper_strict_raw_equation_seed2025_01f04b03,45,32,9.99999999999e-13,9.99999999999e-13,0.9999999999979999
20260912_174204_152_paper_strict_raw_equation_seed2025_01f04b03,45,33,1.5916157281026244e-12,1.1747639897900324e-12,0.9999999999972337
20260912_174204_152_paper_strict_raw_equation_seed2025_01f04b03,45,34,9.999999999993336e-13,0.9999999999979999,9.999999999993336e-13
20260912_174204_152_paper_strict_raw_equation_seed2025_01f04b03,45,35,1.1808272877990255e-10,9.999999999995e-13,0.9999999998809173
20260912_174204_152_paper_strict_raw_equation_seed2025_01f04b03,45,36,2.5906227847372065e-06,0.9999974093731984,4.016934932830435e-12
20260912_174204_152_paper_strict_raw_equation_seed2025_01f04b03,45,37,9.999999999991819e-13,0.9999999999979999,9.999999999991819e-13
20260912_174204_152_paper_strict_raw_equation_seed2025_01f04b03,45,38,9.999999999995e-13,0.9999999999974084,1.5916157281004064e-12
20260912_174204_152_paper_strict_raw_equation_seed2025_01f04b03,45,39,5.203067606392627e-11,7.69280935249602e-12,0.9999999999402766
20260912_174204_152_paper_strict_raw_equation_seed2025_01f04b03,45,40,9.999999999995002e-13,0.9999999999936569,5.343281372903165e-12
20260912_174204_152_paper_strict_raw_equation_seed2025_01f04b03,45,41,0.9999998053832773,1.9461572264798423e-07,9.999999999995e-13
20260912_174204_152_paper_strict_raw_equation_seed2025_01f04b03,45,42,0.999999999998,9.999999999990001e-13,9.999999999990001e-13
20260912_174204_152_paper_strict_raw_equation_seed2025_01f04b03,45,43,3.789561257387201e-12,0.9999999920751179,7.921092522641024e-09
20260912_174204_152_paper_strict_raw_equation_seed2025_01f04b03,45,44,9.99999999999e-13,0.9999999999979999,9.99999999999e-13
20260912_174204_152_paper_strict_raw_equation_seed2025_01f04b03,45,45,9.999999999990001e-13,0.999999999998,9.999999999990001e-13
20260912_174204_152_paper_strict_raw_equation_seed2025_01f04b03,45,46,9.999999999990001e-13,0.999999999998,9.999999999990001e-13
20260912_174204_152_paper_strict_raw_equation_seed2025_01f04b03,45,47,0.999999999998,9.999999999990001e-13,9.999999999990001e-13
20260912_174204_152_paper_strict_raw_equation_seed2025_01f04b03,45,48,1.174763989790033e-12,2.7015795277899695e-05,0.9999729842035474
20260912_174204_152_paper_strict_raw_equation_seed2025_01f04b03,45,49,9.999999999990001e-13,0.999999999998,9.999999999990001e-13
20260912_174204_152_paper_strict_raw_equation_seed2025_01f04b03,45,50,0.9999999997419542,9.999999999995002e-13,2.5704594008795873e-10
20260912_174204_152_paper_strict_raw_equation_seed2025_01f04b03,45,51,9.999999999995e-13,3.865352482525692e-12,0.9999999999951346
20260912_174204_152_paper_strict_raw_equation_seed2025_01f04b03,45,52,9.999999999995e-13,2.692483273367161e-10,0.9999999997297516
20260912_174204_152_paper_strict_raw_equation_seed2025_01f04b03,45,53,0.9999999999974463,1.5537201155250333e-12,9.999999999995e-13
20260912_174204_152_paper_strict_raw_equation_seed2025_01f04b03,45,54,3.4863963567962255e-12,4.1268322092946625e-11,0.9999999999552454
20260912_174204_152_paper_strict_raw_equation_seed2025_01f04b03,45,55,1.0610771520683202e-12,9.999999999999093e-13,0.9999999999979389
20260912_174204_152_paper_strict_raw_equation_seed2025_01f04b03,45,56,1.4779288903774709e-12,0.999999999997522,9.999999999995e-13
20260912_174204_152_paper_strict_raw_equation_seed2025_01f04b03,45,57,9.999999999995e-13,0.9999999991348284,8.641715491325089e-10
20260912_174204_152_paper_strict_raw_equation_seed2025_01f04b03,45,58,0.9999999999968778,9.999999999995e-13,2.1221543041317533e-12
20260912_174204_152_paper_strict_raw_equation_seed2025_01f04b03,45,59,0.9999999979776101,2.0213898703015597e-09,9.999999999995e-13
20260912_174204_152_paper_strict_raw_equation_seed2025_01f04b03,45,60,9.999999999995e-13,3.043017689674637e-11,0.9999999999685698
20260912_174204_152_paper_strict_raw_equation_seed2025_01f04b03,45,61,9.999999999995e-13,7.729871261574765e-09,0.9999999922691287
20260912_174204_152_paper_strict_raw_equation_seed2025_01f04b03,45,62,0.9999999940167228,5.9822771921222645e-09,9.999999999995e-13
20260912_174204_152_paper_strict_raw_equation_seed2025_01f04b03,45,63,4.1363061124282277e-10,9.999999999995e-13,0.9999999995853693
20260912_174204_152_paper_strict_raw_equation_seed2025_01f04b03,45,64,9.999999999990001e-13,9.999999999990001e-13,0.999999999998
20260912_174204_152_paper_strict_raw_equation_seed2025_01f04b03,45,65,0.999999999998,9.999999999990001e-13,9.999999999990001e-13
20260912_174204_152_paper_strict_raw_equation_seed2025_01f04b03,45,66,0.999999999998,9.999999999990001e-13,9.999999999990001e-13
20260912_174204_152_paper_strict_raw_equation_seed2025_01f04b03,45,67,6.441705598566237e-05,3.8653524825349474e-12,0.9999355829401491
20260912_174204_152_paper_strict_raw_equation_seed2025_01f04b03,45,68,7.465435677034913e-12,0.9999999999915345,9.999999999995e-13
20260912_174204_152_paper_strict_raw_equation_seed2025_01f04b03,45,69,4.13062177054216e-12,9.999999999995e-13,0.9999999999948693
20260912_174204_152_paper_strict_raw_equation_seed2025_01f04b03,45,70,2.6526928801646913e-12,9.999999999995e-13,0.9999999999963473
20260912_174204_152_paper_strict_raw_equation_seed2025_01f04b03,45,71,1.8250148059407334e-09,9.999999999995e-13,0.9999999981739851
20260912_174204_152_paper_strict_raw_equation_seed2025_01f04b03,45,72,3.11583410923516e-08,0.9999999688406589,9.999999999995e-13
20260912_174204_152_paper_strict_raw_equation_seed2025_01f04b03,45,73,0.9999999999958926,3.1074402310563992e-12,9.999999999996443e-13
20260912_174204_152_paper_strict_raw_equation_seed2025_01f04b03,45,74,0.9999999939916359,6.007364087646104e-09,9.999999999995e-13
20260912_174204_152_paper_strict_raw_equation_seed2025_01f04b03,45,75,0.00038203453156316854,9.999999999995e-13,0.9996179654674369
20260912_174204_152_paper_strict_raw_equation_seed2025_01f04b03,45,76,0.9999999999764142,9.999999999995e-13,2.2585785093973653e-11
20260912_174204_152_paper_strict_raw_equation_seed2025_01f04b03,45,77,0.999999999998,9.999999999990001e-13,9.999999999990001e-13
20260912_174204_152_paper_strict_raw_equation_seed2025_01f04b03,45,78,0.9999999997877319,9.999999999995e-13,2.1126804009883068e-10
20260912_174204_152_paper_strict_raw_equation_seed2025_01f04b03,45,79,9.999999999995002e-13,0.9999997188945378,2.811044623738727e-07
20260912_174204_152_paper_strict_raw_equation_seed2025_01f04b03,45,80,9.99999999999e-13,0.9999999999979999,9.99999999999e-13
20260912_174204_152_paper_strict_raw_equation_seed2025_01f04b03,45,81,0.9999999999584138,9.999999999995e-13,4.058620106651979e-11
20260912_174204_152_paper_strict_raw_equation_seed2025_01f04b03,45,82,9.99999999999e-13,9.99999999999e-13,0.9999999999979999
20260912_174204_152_paper_strict_raw_equation_seed2025_01f04b03,45,83,9.99999999999e-13,9.99999999999e-13,0.9999999999979999
20260912_174204_152_paper_strict_raw_equation_seed2025_01f04b03,45,84,0.999999999998,9.999999999990001e-13,9.999999999990001e-13
20260912_174204_152_paper_strict_raw_equation_seed2025_01f04b03,45,85,9.999999999995e-13,0.9999999847566267,1.5242373289426302e-08
20260912_174204_152_paper_strict_raw_equation_seed2025_01f04b03,45,86,0.999999999998,9.999999999990001e-13,9.999999999990001e-13
20260912_174204_152_paper_strict_raw_equation_seed2025_01f04b03,45,87,9.999999999990001e-13,9.999999999990001e-13,0.999999999998
20260912_174204_152_paper_strict_raw_equation_seed2025_01f04b03,45,88,9.99999999999758e-13,0.9999999999783848,2.0615213240181382e-11
20260912_174204_152_paper_strict_raw_equation_seed2025_01f04b03,45,89,9.999999999990306e-13,0.999999999998,9.999999999990306e-13
20260912_174204_152_paper_strict_raw_equation_seed2025_01f04b03,45,90,1.0989727646396578e-12,9.999999999995e-13,0.999999999997901
20260912_174204_152_paper_strict_raw_equation_seed2025_01f04b03,45,91,9.999999999995e-13,5.4197926146958686e-09,0.9999999945792073
20260912_174204_152_paper_strict_raw_equation_seed2025_01f04b03,45,92,1.784883352229372e-11,3.029261582317607e-09,0.9999999969528897
20260912_174204_152_paper_strict_raw_equation_seed2025_01f04b03,45,93,9.999999999990001e-13,0.999999999998,9.999999999990001e-13
20260912_174204_152_paper_strict_raw_equation_seed2025_01f04b03,45,94,9.99999999999e-13,9.99999999999e-13,0.9999999999979999
20260912_174204_152_paper_strict_raw_equation_seed2025_01f04b03,45,95,9.999999999990001e-13,9.999999999990001e-13,0.999999999998
20260912_174204_152_paper_strict_raw_equation_seed2025_01f04b03,45,96,9.999999999995e-13,0.9999999999951725,3.8274568699582325e-12
20260912_174204_152_paper_strict_raw_equation_seed2025_01f04b03,45,97,9.999999999990001e-13,9.999999999990001e-13,0.999999999998
20260912_174204_152_paper_strict_raw_equation_seed2025_01f04b03,45,98,0.999999999998,9.999999999990001e-13,9.999999999990001e-13
20260912_174204_152_paper_strict_raw_equation_seed2025_01f04b03,45,99,3.82745686995632e-12,0.9999999999951725,9.999999999995e-13
20260912_174204_152_paper_strict_raw_equation_seed2025_01f04b03,45,100,9.999999999995e-13,0.9999999999967263,2.2737367544268785e-12
20260912_174204_152_paper_strict_raw_equation_seed2025_01f04b03,45,101,0.999999999998,9.999999999990001e-13,9.999999999990001e-13
20260912_174204_152_paper_strict_raw_equation_seed2025_01f04b03,46,0,0.9999999999979999,9.99999999999e-13,9.99999999999e-13
20260912_174204_152_paper_strict_raw_equation_seed2025_01f04b03,46,1,9.99999999999e-13,9.99999999999e-13,0.9999999999979999
20260912_174204_152_paper_strict_raw_equation_seed2025_01f04b03,46,2,9.999999999990001e-13,0.999999999998,9.999999999990001e-13
20260912_174204_152_paper_strict_raw_equation_seed2025_01f04b03,46,3,0.9999999999829701,1.6029844118729165e-11,9.999999999995e-13
20260912_174204_152_paper_strict_raw_equation_seed2025_01f04b03,46,4,1.951624047548761e-12,9.999999999995e-13,0.9999999999970484
20260912_174204_152_paper_strict_raw_equation_seed2025_01f04b03,46,5,9.99999999999e-13,0.9999999999979999,9.99999999999e-13
20260912_174204_152_paper_strict_raw_equation_seed2025_01f04b03,46,6,9.999999999992578e-13,0.999999999998,9.999999999992578e-13
20260912_174204_152_paper_strict_raw_equation_seed2025_01f04b03,46,7,9.999999999990001e-13,0.999999999998,9.999999999990001e-13
20260912_174204_152_paper_strict_raw_equation_seed2025_01f04b03,46,8,2.3377234962592315e-09,0.9999999976612765,9.999999999995e-13
20260912_174204_152_paper_strict_raw_equation_seed2025_01f04b03,46,9,0.9999999999979999,9.99999999999e-13,9.99999999999e-13
20260912_174204_152_paper_strict_raw_equation_seed2025_01f04b03,46,10,0.008213491773001074,0.9917865082259988,9.999999999995e-13
20260912_174204_152_paper_strict_raw_equation_seed2025_01f04b03,46,11,9.999999999995e-13,0.02865321081647585,0.971346789182524
20260912_174204_152_paper_strict_raw_equation_seed2025_01f04b03,46,12,9.132842630287245e-12,0.9999999999898671,9.999999999995e-13
20260912_174204_152_paper_strict_raw_equation_seed2025_01f04b03,46,13,0.6482591371072012,0.35174086289179873,9.999999999995e-13
20260912_174204_152_paper_strict_raw_equation_seed2025_01f04b03,46,14,0.9999999999979999,9.99999999999e-13,9.99999999999e-13
20260912_174204_152_paper_strict_raw_equation_seed2025_01f04b03,46,15,0.9666297598720159,0.03337023936362963,7.643545056149984e-10
20260912_174204_152_paper_strict_raw_equation_seed2025_01f04b03,46,16,9.999999999990001e-13,0.999999999998,9.999999999990001e-13
20260912_174204_152_paper_strict_raw_equation_seed2025_01f04b03,46,17,0.9999999999979999,9.99999999999e-13,9.99999999999e-13
20260912_174204_152_paper_strict_raw_equation_seed2025_01f04b03,46,18,9.999999999990001e-13,9.999999999990001e-13,0.999999999998
20260912_174204_152_paper_strict_raw_equation_seed2025_01f04b03,46,19,9.999999999993905e-13,0.9999999999979999,9.999999999993905e-13
20260912_174204_152_paper_strict_raw_equation_seed2025_01f04b03,46,20,9.99999999999e-13,0.9999999999979999,9.99999999999e-13
20260912_174204_152_paper_strict_raw_equation_seed2025_01f04b03,46,21,0.999999999998,9.999999999990874e-13,9.999999999990874e-13
20260912_174204_152_paper_strict_raw_equation_seed2025_01f04b03,46,22,0.9999999999863997,1.2600291180793927e-11,9.999999999995e-13
20260912_174204_152_paper_strict_raw_equation_seed2025_01f04b03,46,23,0.9999999999979999,9.99999999999e-13,9.99999999999e-13
20260912_174204_152_paper_strict_raw_equation_seed2025_01f04b03,46,24,0.9999999758652928,9.999999999995e-13,2.413370718076283e-08
20260912_174204_152_paper_strict_raw_equation_seed2025_01f04b03,46,25,9.999999999992578e-13,0.999999999998,9.999999999992578e-13
20260912_174204_152_paper_strict_raw_equation_seed2025_01f04b03,46,26,0.13006028355326482,9.999999999995e-13,0.8699397164457352
20260912_174204_152_paper_strict_raw_equation_seed2025_01f04b03,46,27,9.999999999995e-13,1.3073986337966632e-12,0.9999999999976925
20260912_174204_152_paper_strict_raw_equation_seed2025_01f04b03,46,28,9.99999999999e-13,0.9999999999979999,9.99999999999e-13
20260912_174204_152_paper_strict_raw_equation_seed2025_01f04b03,46,29,9.999999999995002e-13,0.9999999999793323,1.966782292581217e-11
20260912_174204_152_paper_strict_raw_equation_seed2025_01f04b03,46,30,1.4779288903767321e-12,9.999999999995e-13,0.999999999997522
20260912_174204_152_paper_strict_raw_equation_seed2025_01f04b03,46,31,0.9999999999941304,9.999999999995e-13,4.869586215733332e-12
20260912_174204_152_paper_strict_raw_equation_seed2025_01f04b03,46,32,9.999999999990001e-13,9.999999999990001e-13,0.999999999998
20260912_174204_152_paper_strict_raw_equation_seed2025_01f04b03,46,33,9.999999999993832e-13,9.999999999993832e-13,0.999999999998
20260912_174204_152_paper_strict_raw_equation_seed2025_01f04b03,46,34,9.999999999990001e-13,0.999999999998,9.999999999990001e-13
20260912_174204_152_paper_strict_raw_equation_seed2025_01f04b03,46,35,5.904136438992176e-11,9.999999999995e-13,0.9999999999399586
20260912_174204_152_paper_strict_raw_equation_seed2025_01f04b03,46,36,1.2953113923686033e-06,0.9999987046865992,2.0084674664152175e-12
20260912_174204_152_paper_strict_raw_equation_seed2025_01f04b03,46,37,9.999999999990001e-13,0.999999999998,9.999999999990001e-13
20260912_174204_152_paper_strict_raw_equation_seed2025_01f04b03,46,38,9.999999999992958e-13,0.999999999998,9.999999999992958e-13
20260912_174204_152_paper_strict_raw_equation_seed2025_01f04b03,46,39,2.6015338031963136e-11,3.84640467624801e-12,0.9999999999701383
20260912_174204_152_paper_strict_raw_equation_seed2025_01f04b03,46,40,9.999999999995e-13,0.9999999999963284,2.6716406864502465e-12
20260912_174204_152_paper_strict_raw_equation_seed2025_01f04b03,46,41,0.9999999026911386,9.730786132394345e-08,9.999999999995e-13
20260912_174204_152_paper_strict_raw_equation_seed2025_01f04b03,46,42,0.9999999999979999,9.99999999999e-13,9.99999999999e-13
20260912_174204_152_paper_strict_raw_equation_seed2025_01f04b03,46,43,1.8947806286936006e-12,0.999999996037559,3.960546261320512e-09
20260912_174204_152_paper_strict_raw_equation_seed2025_01f04b03,46,44,9.999999999990001e-13,0.999999999998,9.999999999990001e-13
20260912_174204_152_paper_strict_raw_equation_seed2025_01f04b03,46,45,9.99999999999e-13,0.9999999999979999,9.99999999999e-13
20260912_174204_152_paper_strict_raw_equation_seed2025_01f04b03,46,46,9.99999999999e-13,0.9999999999979999,9.99999999999e-13
20260912_174204_152_paper_strict_raw_equation_seed2025_01f04b03,46,47,0.9999999999979999,9.99999999999e-13,9.99999999999e-13
20260912_174204_152_paper_strict_raw_equation_seed2025_01f04b03,46,48,9.999999999995874e-13,1.3507897638944274e-05,0.9999864921013611
20260912_174204_152_paper_strict_raw_equation_seed2025_01f04b03,46,49,9.99999999999e-13,0.9999999999979999,9.99999999999e-13
20260912_174204_152_paper_strict_raw_equation_seed2025_01f04b03,46,50,0.999999999870477,9.999999999995e-13,1.285229700439151e-10
20260912_174204_152_paper_strict_raw_equation_seed2025_01f04b03,46,51,9.999999999995e-13,1.9326762412618793e-12,0.9999999999970672
20260912_174204_152_paper_strict_raw_equation_seed2025_01f04b03,46,52,9.999999999995e-13,1.3462416366829075e-10,0.9999999998643758
20260912_174204_152_paper_strict_raw_equation_seed2025_01f04b03,46,53,0.9999999999979999,9.999999999992768e-13,9.999999999992768e-13
20260912_174204_152_paper_strict_raw_equation_seed2025_01f04b03,46,54,1.7431981783981127e-12,2.0634161046473313e-11,0.9999999999776227
20260912_174204_152_paper_strict_raw_equation_seed2025_01f04b03,46,55,9.999999999990306e-13,9.999999999990306e-13,0.999999999998
20260912_174204_152_paper_strict_raw_equation_seed2025_01f04b03,46,56,9.99999999999239e-13,0.999999999998,9.99999999999239e-13
20260912_174204_152_paper_strict_raw_equation_seed2025_01f04b03,46,57,9.999999999995e-13,0.9999999995669142,4.320857745660384e-10
20260912_174204_152_paper_strict_raw_equation_seed2025_01f04b03,46,58,0.9999999999979389,9.999999999995e-13,1.0610771520653461e-12
20260912_174204_152_paper_strict_raw_equation_seed2025_01f04b03,46,59,0.999999998988305,1.0106949351502744e-09,9.999999999995e-13
20260912_174204_152_paper_strict_raw_equation_seed2025_01f04b03,46,60,9.999999999995e-13,1.5215088448365575e-11,0.9999999999837849
20260912_174204_152_paper_strict_raw_equation_seed2025_01f04b03,46,61,9.999999999995e-13,3.86493563078545e-09,0.9999999961340643
20260912_174204_152_paper_strict_raw_equation_seed2025_01f04b03,46,62,0.9999999970078614,2.9911385960596367e-09,9.999999999995e-13
20260912_174204_152_paper_strict_raw_equation_seed2025_01f04b03,46,63,2.0681530562130796e-10,9.999999999995e-13,0.9999999997921847
20260912_174204_152_paper_strict_raw_equation_seed2025_01f04b03,46,64,9.99999999999e-13,9.99999999999e-13,0.9999999999979999
20260912_174204_152_paper_strict_raw_equation_seed2025_01f04b03,46,65,0.9999999999979999,9.99999999999e-13,9.99999999999e-13
20260912_174204_152_paper_strict_raw_equation_seed2025_01f04b03,46,66,0.9999999999979999,9.99999999999e-13,9.99999999999e-13
20260912_174204_152_paper_strict_raw_equation_seed2025_01f04b03,46,67,3.2208527992831186e-05,1.9326762412674737e-12,0.9999677914700745
20260912_174204_152_paper_strict_raw_equation_seed2025_01f04b03,46,68,3.73271783851559e-12,0.9999999999952672,9.999999999995e-13
20260912_174204_152_paper_strict_raw_equation_seed2025_01f04b03,46,69,2.0653108852700474e-12,9.999999999995e-13,0.9999999999969347
20260912_174204_152_paper_strict_raw_equation_seed2025_01f04b03,46,70,1.3263464400816825e-12,9.999999999995e-13,0.9999999999976736
20260912_174204_152_paper_strict_raw_equation_seed2025_01f04b03,46,71,9.125074029699104e-10,9.999999999995e-13,0.9999999990864925
20260912_174204_152_paper_strict_raw_equation_seed2025_01f04b03,46,72,1.557917054616801e-08,0.9999999844198294,9.999999999995e-13
20260912_174204_152_paper_strict_raw_equation_seed2025_01f04b03,46,73,0.9999999999974463,1.5537201155274227e-12,9.999999999995e-13
20260912_174204_152_paper_strict_raw_equation_seed2025_01f04b03,46,74,0.9999999969953179,3.0036820438215497e-09,9.999999999995e-13
20260912_174204_152_paper_strict_raw_equation_seed2025_01f04b03,46,75,0.00019101726578148875,9.999999999995e-13,0.9998089827332185
20260912_174204_152_paper_strict_raw_equation_seed2025_01f04b03,46,76,0.9999999999877071,9.999999999995e-13,1.129289254698118e-11
20260912_174204_152_paper_strict_raw_equation_seed2025_01f04b03,46,77,0.9999999999979999,9.99999999999e-13,9.99999999999e-13
20260912_174204_152_paper_strict_raw_equation_seed2025_01f04b03,46,78,0.999999999893366,9.999999999995e-13,1.0563402004936252e-10
20260912_174204_152_paper_strict_raw_equation_seed2025_01f04b03,46,79,9.999999999995e-13,0.9999998594467688,1.4055223118686607e-07
20260912_174204_152_paper_strict_raw_equation_seed2025_01f04b03,46,80,9.999999999990001e-13,0.999999999998,9.999999999990001e-13
20260912_174204_152_paper_strict_raw_equation_seed2025_01f04b03,46,81,0.999999999978707,9.999999999995002e-13,2.029310053324975e-11
20260912_174204_152_paper_strict_raw_equation_seed2025_01f04b03,46,82,9.999999999990001e-13,9.999999999990001e-13,0.999999999998
20260912_174204_152_paper_strict_raw_equation_seed2025_01f04b03,46,83,9.999999999990001e-13,9.999999999990001e-13,0.999999999998
20260912_174204_152_paper_strict_raw_equation_seed2025_01f04b03,46,84,0.9999999999979999,9.99999999999e-13,9.99999999999e-13
20260912_174204_152_paper_strict_raw_equation_seed2025_01f04b03,46,85,9.999999999995e-13,0.9999999923778133,7.62118664470934e-09
20260912_174204_152_paper_strict_raw_equation_seed2025_01f04b03,46,86,0.9999999999979999,9.99999999999e-13,9.99999999999e-13
20260912_174204_152_paper_strict_raw_equation_seed2025_01f04b03,46,87,9.99999999999e-13,9.99999999999e-13,0.9999999999979999
20260912_174204_152_paper_strict_raw_equation_seed2025_01f04b03,46,88,9.999999999995e-13,0.9999999999886924,1.0307606620085537e-11
20260912_174204_152_paper_strict_raw_equation_seed2025_01f04b03,46,89,9.99999999999e-13,0.9999999999979999,9.99999999999e-13
20260912_174204_152_paper_strict_raw_equation_seed2025_01f04b03,46,90,9.999999999990494e-13,9.999999999990494e-13,0.9999999999979999
20260912_174204_152_paper_strict_raw_equation_seed2025_01f04b03,46,91,9.999999999995e-13,2.7098963073465794e-09,0.9999999972891036
20260912_174204_152_paper_strict_raw_equation_seed2025_01f04b03,46,92,8.92441676114686e-12,1.5146307911588035e-09,0.9999999984764448
20260912_174204_152_paper_strict_raw_equation_seed2025_01f04b03,46,93,9.99999999999e-13,0.9999999999979999,9.99999999999e-13
20260912_174204_152_paper_strict_raw_equation_seed2025_01f04b03,46,94,9.999999999990001e-13,9.999999999990001e-13,0.999999999998
20260912_174204_152_paper_strict_raw_equation_seed2025_01f04b03,46,95,9.99999999999e-13,9.99999999999e-13,0.9999999999979999
20260912_174204_152_paper_strict_raw_equation_seed2025_01f04b03,46,96,9.999999999995e-13,0.9999999999970862,1.9137284349781594e-12
20260912_174204_152_paper_strict_raw_equation_seed2025_01f04b03,46,97,9.99999999999e-13,9.99999999999e-13,0.9999999999979999
20260912_174204_152_paper_strict_raw_equation_seed2025_01f04b03,46,98,0.9999999999979999,9.99999999999e-13,9.99999999999e-13
20260912_174204_152_paper_strict_raw_equation_seed2025_01f04b03,46,99,1.913728434977203e-12,0.9999999999970862,9.999999999995e-13
20260912_174204_152_paper_strict_raw_equation_seed2025_01f04b03,46,100,9.999999999995002e-13,0.9999999999978633,1.136868377212871e-12
20260912_174204_152_paper_strict_raw_equation_seed2025_01f04b03,46,101,0.9999999999979999,9.99999999999e-13,9.99999999999e-13
20260912_174204_152_paper_strict_raw_equation_seed2025_01f04b03,47,0,0.999999999998,9.999999999990001e-13,9.999999999990001e-13
20260912_174204_152_paper_strict_raw_equation_seed2025_01f04b03,47,1,9.999999999990001e-13,9.999999999990001e-13,0.999999999998
20260912_174204_152_paper_strict_raw_equation_seed2025_01f04b03,47,2,9.99999999999e-13,0.9999999999979999,9.99999999999e-13
20260912_174204_152_paper_strict_raw_equation_seed2025_01f04b03,47,3,0.999999999990985,8.014922059360574e-12,9.999999999995e-13
20260912_174204_152_paper_strict_raw_equation_seed2025_01f04b03,47,4,9.999999999994757e-13,9.999999999994757e-13,0.9999999999979999
20260912_174204_152_paper_strict_raw_equation_seed2025_01f04b03,47,5,9.999999999990001e-13,0.999999999998,9.999999999990001e-13
20260912_174204_152_paper_strict_raw_equation_seed2025_01f04b03,47,6,9.99999999999e-13,0.9999999999979999,9.99999999999e-13
20260912_174204_152_paper_strict_raw_equation_seed2025_01f04b03,47,7,9.99999999999e-13,0.9999999999979999,9.99999999999e-13
20260912_174204_152_paper_strict_raw_equation_seed2025_01f04b03,47,8,1.1688617481290314e-09,0.9999999988301382,9.999999999995e-13
20260912_174204_152_paper_strict_raw_equation_seed2025_01f04b03,47,9,0.999999999998,9.999999999990001e-13,9.999999999990001e-13
20260912_174204_152_paper_strict_raw_equation_seed2025_01f04b03,47,10,0.004106745886498483,0.9958932541125014,9.999999999995e-13
20260912_174204_152_paper_strict_raw_equation_seed2025_01f04b03,47,11,9.999999999995e-13,0.014326605408230761,0.9856733945907692
20260912_174204_152_paper_strict_raw_equation_seed2025_01f04b03,47,12,4.566421315141339e-12,0.9999999999944336,9.999999999995e-13
20260912_174204_152_paper_strict_raw_equation_seed2025_01f04b03,47,13,0.8241295685531884,0.17587043144581144,9.999999999995e-13
20260912_174204_152_paper_strict_raw_equation_seed2025_01f04b03,47,14,0.999999999998,9.999999999990001e-13,9.999999999990001e-13
20260912_174204_152_paper_strict_raw_equation_seed2025_01f04b03,47,15,0.983314879936008,0.016685119681814815,3.821772528074992e-10
20260912_174204_152_paper_strict_raw_equation_seed2025_01f04b03,47,16,9.99999999999e-13,0.9999999999979999,9.99999999999e-13
20260912_174204_152_paper_strict_raw_equation_seed2025_01f04b03,47,17,0.999999999998,9.999999999990001e-13,9.999999999990001e-13
20260912_174204_152_paper_strict_raw_equation_seed2025_01f04b03,47,18,9.99999999999e-13,9.99999999999e-13,0.9999999999979999
20260912_174204_152_paper_strict_raw_equation_seed2025_01f04b03,47,19,9.999999999990001e-13,0.999999999998,9.999999999990001e-13
20260912_174204_152_paper_strict_raw_equation_seed2025_01f04b03,47,20,9.999999999990001e-13,0.999999999998,9.999999999990001e-13
20260912_174204_152_paper_strict_raw_equation_seed2025_01f04b03,47,21,0.9999999999979999,9.99999999999e-13,9.99999999999e-13
20260912_174204_152_paper_strict_raw_equation_seed2025_01f04b03,47,22,0.9999999999926998,6.300145590393813e-12,9.999999999995e-13
20260912_174204_152_paper_strict_raw_equation_seed2025_01f04b03,47,23,0.999999999998,9.999999999990001e-13,9.999999999990001e-13
20260912_174204_152_paper_strict_raw_equation_seed2025_01f04b03,47,24,0.9999999879321464,9.999999999995e-13,1.206685359037538e-08
20260912_174204_152_paper_strict_raw_equation_seed2025_01f04b03,47,25,9.99999999999e-13,0.9999999999979999,9.99999999999e-13
20260912_174204_152_paper_strict_raw_equation_seed2025_01f04b03,47,26,0.0650301417765999,9.999999999995e-13,0.9349698582224001
20260912_174204_152_paper_strict_raw_equation_seed2025_01f04b03,47,27,9.999999999991538e-13,9.999999999991538e-13,0.999999999998
20260912_174204_152_paper_strict_raw_equation_seed2025_01f04b03,47,28,9.999999999990001e-13,0.999999999998,9.999999999990001e-13
20260912_174204_152_paper_strict_raw_equation_seed2025_01f04b03,47,29,9.999999999995e-13,0.9999999999891661,9.833911462901167e-12
20260912_174204_152_paper_strict_raw_equation_seed2025_01f04b03,47,30,9.99999999999239e-13,9.99999999999239e-13,0.999999999998
20260912_174204_152_paper_strict_raw_equation_seed2025_01f04b03,47,31,0.9999999999965652,9.999999999995e-13,2.4347931078654485e-12
20260912_174204_152_paper_strict_raw_equation_seed2025_01f04b03,47,32,9.99999999999e-13,9.99999999999e-13,0.9999999999979999
20260912_174204_152_paper_strict_raw_equation_seed2025_01f04b03,47,33,9.99999999999e-13,9.99999999999e-13,0.9999999999979999
20260912_174204_152_paper_strict_raw_equation_seed2025_01f04b03,47,34,9.99999999999e-13,0.9999999999979999,9.99999999999e-13
20260912_174204_152_paper_strict_raw_equation_seed2025_01f04b03,47,35,2.952068219494612e-11,9.999999999995e-13,0.9999999999694793
20260912_174204_152_paper_strict_raw_equation_seed2025_01f04b03,47,36,6.476556961843016e-07,0.9999993523432996,1.0042337332076087e-12
20260912_174204_152_paper_strict_raw_equation_seed2025_01f04b03,47,37,9.99999999999e-13,0.9999999999979999,9.99999999999e-13
20260912_174204_152_paper_strict_raw_equation_seed2025_01f04b03,47,38,9.99999999999e-13,0.9999999999979999,9.99999999999e-13
20260912_174204_152_paper_strict_raw_equation_seed2025_01f04b03,47,39,1.3007669015981568e-11,1.923202338124005e-12,0.9999999999850692
20260912_174204_152_paper_strict_raw_equation_seed2025_01f04b03,47,40,9.999999999995002e-13,0.9999999999976643,1.3358203432244556e-12
20260912_174204_152_paper_strict_raw_equation_seed2025_01f04b03,47,41,0.9999999513450692,4.865393066194739e-08,9.999999999995e-13
20260912_174204_152_paper_strict_raw_equation_seed2025_01f04b03,47,42,0.999999999998,9.999999999990001e-13,9.999999999990001e-13
20260912_174204_152_paper_strict_raw_equation_seed2025_01f04b03,47,43,9.999999999999473e-13,0.9999999980187269,1.9802731306601517e-09
20260912_174204_152_paper_strict_raw_equation_seed2025_01f04b03,47,44,9.99999999999e-13,0.9999999999979999,9.99999999999e-13
20260912_174204_152_paper_strict_raw_equation_seed2025_01f04b03,47,45,9.999999999990001e-13,0.999999999998,9.999999999990001e-13
20260912_174204_152_paper_strict_raw_equation_seed2025_01f04b03,47,46,9.999999999990001e-13,0.999999999998,9.999999999990001e-13
20260912_174204_152_paper_strict_raw_equation_seed2025_01f04b03,47,47,0.999999999998,9.999999999990001e-13,9.999999999990001e-13
20260912_174204_152_paper_strict_raw_equation_seed2025_01f04b03,47,48,9.999999999995e-13,6.75394881946876e-06,0.9999932460501806
20260912_174204_152_paper_strict_raw_equation_seed2025_01f04b03,47,49,9.999999999990001e-13,0.999999999998,9.999999999990001e-13
20260912_174204_152_paper_strict_raw_equation_seed2025_01f04b03,47,50,0.9999999999347386,9.999999999995002e-13,6.426148502192543e-11
20260912_174204_152_paper_strict_raw_equation_seed2025_01f04b03,47,51,9.999999999994664e-13,9.999999999994664e-13,0.999999999998
20260912_174204_152_paper_strict_raw_equation_seed2025_01f04b03,47,52,9.999999999995e-13,6.731208183411172e-11,0.9999999999316879
20260912_174204_152_paper_strict_raw_equation_seed2025_01f04b03,47,53,0.999999999998,9.999999999990001e-13,9.999999999990001e-13
20260912_174204_152_paper_strict_raw_equation_seed2025_01f04b03,47,54,9.999999999998713e-13,1.031708052323533e-11,0.9999999999886828
20260912_174204_152_paper_strict_raw_equation_seed2025_01f04b03,47,55,9.99999999999e-13,9.99999999999e-13,0.9999999999979999
20260912_174204_152_paper_strict_raw_equation_seed2025_01f04b03,47,56,9.99999999999e-13,0.9999999999979999,9.99999999999e-13
20260912_174204_152_paper_strict_raw_equation_seed2025_01f04b03,47,57,9.999999999995e-13,0.9999999997829571,2.1604288728291118e-10
20260912_174204_152_paper_strict_raw_equation_seed2025_01f04b03,47,58,0.999999999998,9.999999999990306e-13,9.999999999990306e-13
20260912_174204_152_paper_strict_raw_equation_seed2025_01f04b03,47,59,0.9999999994936525,5.053474675748845e-10,9.999999999995e-13
20260912_174204_152_paper_strict_raw_equation_seed2025_01f04b03,47,60,9.999999999995e-13,7.607544224178983e-12,0.9999999999913924
20260912_174204_152_paper_strict_raw_equation_seed2025_01f04b03,47,61,9.999999999995e-13,1.932467815391759e-09,0.9999999980665322
20260912_174204_152_paper_strict_raw_equation_seed2025_01f04b03,47,62,0.9999999985034307,1.4955692980290706e-09,9.999999999995e-13
20260912_174204_152_paper_strict_raw_equation_seed2025_01f04b03,47,63,1.0340765281060227e-10,9.999999999995e-13,0.9999999998955923
20260912_174204_152_paper_strict_raw_equation_seed2025_01f04b03,47,64,9.999999999990001e-13,9.999999999990001e-13,0.999999999998
20260912_174204_152_paper_strict_raw_equation_seed2025_01f04b03,47,65,0.999999999998,9.999999999990001e-13,9.999999999990001e-13
20260912_174204_152_paper_strict_raw_equation_seed2025_01f04b03,47,66,0.999999999998,9.999999999990001e-13,9.999999999990001e-13
20260912_174204_152_paper_strict_raw_equation_seed2025_01f04b03,47,67,1.610426399641505e-05,9.999999999999663e-13,0.9999838957350036
20260912_174204_152_paper_strict_raw_equation_seed2025_01f04b03,47,68,1.8663589192568615e-12,0.9999999999971336,9.999999999995e-13
20260912_174204_152_paper_strict_raw_equation_seed2025_01f04b03,47,69,1.0326554426345073e-12,9.999999999995e-13,0.9999999999979673
20260912_174204_152_paper_strict_raw_equation_seed2025_01f04b03,47,70,9.999999999991631e-13,9.999999999991631e-13,0.9999999999979999
20260912_174204_152_paper_strict_raw_equation_seed2025_01f04b03,47,71,4.5625370148472705e-10,9.999999999995e-13,0.9999999995427462
20260912_174204_152_paper_strict_raw_equation_seed2025_01f04b03,47,72,7.78958527308011e-09,0.9999999922094147,9.999999999995e-13
20260912_174204_152_paper_strict_raw_equation_seed2025_01f04b03,47,73,0.9999999999979999,9.999999999992768e-13,9.999999999992768e-13
20260912_174204_152_paper_strict_raw_equation_seed2025_01f04b03,47,74,0.9999999984971589,1.5018410219100238e-09,9.999999999995e-13
20260912_174204_152_paper_strict_raw_equation_seed2025_01f04b03,47,75,9.550863289069662e-05,9.999999999995e-13,0.9999044913661093
20260912_174204_152_paper_strict_raw_equation_seed2025_01f04b03,47,76,0.9999999999933535,9.999999999995e-13,5.646446273487767e-12
20260912_174204_152_paper_strict_raw_equation_seed2025_01f04b03,47,77,0.999999999998,9.999999999990001e-13,9.999999999990001e-13
20260912_174204_152_paper_strict_raw_equation_seed2025_01f04b03,47,78,0.9999999999461829,9.999999999995e-13,5.2817010024654846e-11
20260912_174204_152_paper_strict_raw_equation_seed2025_01f04b03,47,79,9.999999999995002e-13,0.9999999297228845,7.027611559339791e-08
20260912_174204_152_paper_strict_raw_equation_seed2025_01f04b03,47,80,9.99999999999e-13,0.9999999999979999,9.99999999999e-13
20260912_174204_152_paper_strict_raw_equation_seed2025_01f04b03,47,81,0.9999999999888535,9.999999999995e-13,1.0146550266619802e-11
20260912_174204_152_paper_strict_raw_equation_seed2025_01f04b03,47,82,9.99999999999e-13,9.99999999999e-13,0.9999999999979999
20260912_174204_152_paper_strict_raw_equation_seed2025_01f04b03,47,83,9.99999999999e-13,9.99999999999e-13,0.9999999999979999
20260912_174204_152_paper_strict_raw_equation_seed2025_01f04b03,47,84,0.999999999998,9.999999999990001e-13,9.999999999990001e-13
20260912_174204_152_paper_strict_raw_equation_seed2025_01f04b03,47,85,9.999999999995e-13,0.9999999961884066,3.810593322352764e-09
20260912_174204_152_paper_strict_raw_equation_seed2025_01f04b03,47,86,0.999999999998,9.999999999990001e-13,9.999999999990001e-13
20260912_174204_152_paper_strict_raw_equation_seed2025_01f04b03,47,87,9.999999999990001e-13,9.999999999990001e-13,0.999999999998
20260912_174204_152_paper_strict_raw_equation_seed2025_01f04b03,47,88,9.999999999995e-13,0.9999999999938461,5.153803310040192e-12
20260912_174204_152_paper_strict_raw_equation_seed2025_01f04b03,47,89,9.999999999990001e-13,0.999999999998,9.999999999990001e-13
20260912_174204_152_paper_strict_raw_equation_seed2025_01f04b03,47,90,9.999999999990001e-13,9.999999999990001e-13,0.999999999998
20260912_174204_152_paper_strict_raw_equation_seed2025_01f04b03,47,91,9.999999999995e-13,1.3549481536726122e-09,0.9999999986440518
20260912_174204_152_paper_strict_raw_equation_seed2025_01f04b03,47,92,4.46220838057343e-12,7.573153955794017e-10,0.9999999992382225
20260912_174204_152_paper_strict_raw_equation_seed2025_01f04b03,47,93,9.999999999990001e-13,0.999999999998,9.999999999990001e-13
20260912_174204_152_paper_strict_raw_equation_seed2025_01f04b03,47,94,9.99999999999e-13,9.99999999999e-13,0.9999999999979999
20260912_174204_152_paper_strict_raw_equation_seed2025_01f04b03,47,95,9.999999999990001e-13,9.999999999990001e-13,0.999999999998
20260912_174204_152_paper_strict_raw_equation_seed2025_01f04b03,47,96,9.99999999999457e-13,0.999999999998,9.99999999999457e-13
20260912_174204_152_paper_strict_raw_equation_seed2025_01f04b03,47,97,9.999999999990001e-13,9.999999999990001e-13,0.999999999998
20260912_174204_152_paper_strict_raw_equation_seed2025_01f04b03,47,98,0.999999999998,9.999999999990001e-13,9.999999999990001e-13
20260912_174204_152_paper_strict_raw_equation_seed2025_01f04b03,47,99,9.99999999999457e-13,0.999999999998,9.99999999999457e-13
20260912_174204_152_paper_strict_raw_equation_seed2025_01f04b03,47,100,9.999999999990682e-13,0.9999999999979999,9.999999999990682e-13
20260912_174204_152_paper_strict_raw_equation_seed2025_01f04b03,47,101,0.999999999998,9.999999999990001e-13,9.999999999990001e-13
20260912_174204_152_paper_strict_raw_equation_seed2025_01f04b03,48,0,0.9999999999979999,9.99999999999e-13,9.99999999999e-13
20260912_174204_152_paper_strict_raw_equation_seed2025_01f04b03,48,1,9.99999999999e-13,9.99999999999e-13,0.9999999999979999
20260912_174204_152_paper_strict_raw_equation_seed2025_01f04b03,48,2,9.999999999990001e-13,0.999999999998,9.999999999990001e-13
20260912_174204_152_paper_strict_raw_equation_seed2025_01f04b03,48,3,0.9999999999949925,4.007461029678283e-12,9.999999999995e-13
20260912_174204_152_paper_strict_raw_equation_seed2025_01f04b03,48,4,9.999999999990001e-13,9.999999999990001e-13,0.999999999998
20260912_174204_152_paper_strict_raw_equation_seed2025_01f04b03,48,5,9.99999999999e-13,0.9999999999979999,9.99999999999e-13
20260912_174204_152_paper_strict_raw_equation_seed2025_01f04b03,48,6,9.999999999990001e-13,0.999999999998,9.999999999990001e-13
20260912_174204_152_paper_strict_raw_equation_seed2025_01f04b03,48,7,9.999999999990001e-13,0.999999999998,9.999999999990001e-13
20260912_174204_152_paper_strict_raw_equation_seed2025_01f04b03,48,8,5.844308740642235e-10,0.9999999994145691,9.999999999995e-13
20260912_174204_152_paper_strict_raw_equation_seed2025_01f04b03,48,9,0.9999999999979999,9.99999999999e-13,9.99999999999e-13
20260912_174204_152_paper_strict_raw_equation_seed2025_01f04b03,48,10,0.0020533729432482147,0.9979466270557517,9.999999999995e-13
20260912_174204_152_paper_strict_raw_equation_seed2025_01f04b03,48,11,9.999999999995e-13,0.007163302704111798,0.9928366972948881
20260912_174204_152_paper_strict_raw_equation_seed2025_01f04b03,48,12,2.2832106575695277e-12,0.9999999999967167,9.999999999995e-13
20260912_174204_152_paper_strict_raw_equation_seed2025_01f04b03,48,13,0.7870647842762006,0.21293521572279925,9.999999999995e-13
20260912_174204_152_paper_strict_raw_equation_seed2025_01f04b03,48,14,0.9999999999979999,9.99999999999e-13,9.99999999999e-13
20260912_174204_152_paper_strict_raw_equation_seed2025_01f04b03,48,15,0.991657439968004,0.008342559840907407,1.910886264037496e-10
20260912_174204_152_paper_strict_raw_equation_seed2025_01f04b03,48,16,9.999999999990001e-13,0.999999999998,9.999999999990001e-13
20260912_174204_152_paper_strict_raw_equation_seed2025_01f04b03,48,17,0.9999999999979999,9.99999999999e-13,9.99999999999e-13
20260912_174204_152_paper_strict_raw_equation_seed2025_01f04b03,48,18,9.999999999990001e-13,9.999999999990001e-13,0.999999999998
20260912_174204_152_paper_strict_raw_equation_seed2025_01f04b03,48,19,9.99999999999e-13,0.9999999999979999,9.99999999999e-13
20260912_174204_152_paper_strict_raw_equation_seed2025_01f04b03,48,20,9.99999999999e-13,0.9999999999979999,9.99999999999e-13
20260912_174204_152_paper_strict_raw_equation_seed2025_01f04b03,48,21,0.999999999998,9.999999999990001e-13,9.999999999990001e-13
20260912_174204_152_paper_strict_raw_equation_seed2025_01f04b03,48,22,0.9999999999958499,3.1500727951953312e-12,9.999999999995e-13
20260912_174204_152_paper_strict_raw_equation_seed2025_01f04b03,48,23,0.9999999999979999,9.99999999999e-13,9.99999999999e-13
20260912_174204_152_paper_strict_raw_equation_seed2025_01f04b03,48,24,0.9999999939655732,9.999999999995e-13,6.033426795184674e-09
20260912_174204_152_paper_strict_raw_equation_seed2025_01f04b03,48,25,9.999999999990001e-13,0.999999999998,9.999999999990001e-13
20260912_174204_152_paper_strict_raw_equation_seed2025_01f04b03,48,26,0.03251507088828369,9.999999999995e-13,0.9674849291107162
20260912_174204_152_paper_strict_raw_equation_seed2025_01f04b03,48,27,9.99999999999e-13,9.99999999999e-13,0.9999999999979999
20260912_174204_152_paper_strict_raw_equation_seed2025_01f04b03,48,28,9.99999999999e-13,0.9999999999979999,9.99999999999e-13
20260912_174204_152_paper_strict_raw_equation_seed2025_01f04b03,48,29,9.999999999995002e-13,0.9999999999940832,4.916955731448126e-12
20260912_174204_152_paper_strict_raw_equation_seed2025_01f04b03,48,30,9.99999999999e-13,9.99999999999e-13,0.9999999999979999
20260912_174204_152_paper_strict_raw_equation_seed2025_01f04b03,48,31,0.9999999999977826,9.999999999995e-13,1.2173965539321156e-12
20260912_174204_152_paper_strict_raw_equation_seed2025_01f04b03,48,32,9.999999999990001e-13,9.999999999990001e-13,0.999999999998
20260912_174204_152_paper_strict_raw_equation_seed2025_01f04b03,48,33,9.999999999990001e-13,9.999999999990001e-13,0.999999999998
20260912_174204_152_paper_strict_raw_equation_seed2025_01f04b03,48,34,9.999999999990001e-13,0.999999999998,9.999999999990001e-13
20260912_174204_152_paper_strict_raw_equation_seed2025_01f04b03,48,35,1.476034109746568e-11,9.999999999995e-13,0.9999999999842396
20260912_174204_152_paper_strict_raw_equation_seed2025_01f04b03,48,36,3.238278480919895e-07,0.9999996761711518,9.99999999999502e-13
20260912_174204_152_paper_strict_raw_equation_seed2025_01f04b03,48,37,9.999999999990001e-13,0.999999999998,9.999999999990001e-13
20260912_174204_152_paper_strict_raw_equation_seed2025_01f04b03,48,38,9.999999999990001e-13,0.999999999998,9.999999999990001e-13
20260912_174204_152_paper_strict_raw_equation_seed2025_01f04b03,48,39,6.503834507990534e-12,9.999999999999616e-13,0.9999999999924962
20260912_174204_152_paper_strict_raw_equation_seed2025_01f04b03,48,40,9.999999999991678e-13,0.9999999999979999,9.999999999991678e-13
20260912_174204_152_paper_strict_raw_equation_seed2025_01f04b03,48,41,0.9999999756720346,2.432696533096153e-08,9.999999999995e-13
20260912_174204_152_paper_strict_raw_equation_seed2025_01f04b03,48,42,0.9999999999979999,9.99999999999e-13,9.99999999999e-13
20260912_174204_152_paper_strict_raw_equation_seed2025_01f04b03,48,43,9.999999999995e-13,0.9999999990088634,9.901365653295808e-10
20260912_174204_152_paper_strict_raw_equation_seed2025_01f04b03,48,44,9.999999999990001e-13,0.999999999998,9.999999999990001e-13
20260912_174204_152_paper_strict_raw_equation_seed2025_01f04b03,48,45,9.99999999999e-13,0.9999999999979999,9.99999999999e-13
20260912_174204_152_paper_strict_raw_equation_seed2025_01f04b03,48,46,9.99999999999e-13,0.9999999999979999,9.99999999999e-13
20260912_174204_152_paper_strict_raw_equation_seed2025_01f04b03,48,47,0.9999999999979999,9.99999999999e-13,9.99999999999e-13
20260912_174204_152_paper_strict_raw_equation_seed2025_01f04b03,48,48,9.999999999995e-13,3.3769744097326914e-06,0.9999966230245902
20260912_174204_152_paper_strict_raw_equation_seed2025_01f04b03,48,49,9.99999999999e-13,0.9999999999979999,9.99999999999e-13
20260912_174204_152_paper_strict_raw_equation_seed2025_01f04b03,48,50,0.9999999999668693,9.999999999995e-13,3.213074251094665e-11
20260912_174204_152_paper_strict_raw_equation_seed2025_01f04b03,48,51,9.99999999999e-13,9.99999999999e-13,0.9999999999979999
20260912_174204_152_paper_strict_raw_equation_seed2025_01f04b03,48,52,9.999999999995e-13,3.365604091703903e-11,0.9999999999653439
20260912_174204_152_paper_strict_raw_equation_seed2025_01f04b03,48,53,0.9999999999979999,9.99999999999e-13,9.99999999999e-13
20260912_174204_152_paper_strict_raw_equation_seed2025_01f04b03,48,54,9.999999999995e-13,5.158540261615086e-12,0.9999999999938414
20260912_174204_152_paper_strict_raw_equation_seed2025_01f04b03,48,55,9.999999999990001e-13,9.999999999990001e-13,0.999999999998
20260912_174204_152_paper_strict_raw_equation_seed2025_01f04b03,48,56,9.999999999990001e-13,0.999999999998,9.999999999990001e-13
20260912_174204_152_paper_strict_raw_equation_seed2025_01f04b03,48,57,9.999999999995e-13,0.9999999998909785,1.0802144364140158e-10
20260912_174204_152_paper_strict_raw_equation_seed2025_01f04b03,48,58,0.9999999999979999,9.99999999999e-13,9.99999999999e-13
20260912_174204_152_paper_strict_raw_equation_seed2025_01f04b03,48,59,0.9999999997463263,2.526737337873159e-10,9.999999999995e-13
20260912_174204_152_paper_strict_raw_equation_seed2025_01f04b03,48,60,9.999999999995e-13,3.803772112087589e-12,0.9999999999951962
20260912_174204_152_paper_strict_raw_equation_seed2025_01f04b03,48,61,9.999999999995e-13,9.662339076953964e-10,0.999999999032766
20260912_174204_152_paper_strict_raw_equation_seed2025_01f04b03,48,62,0.9999999992512153,7.477846490141614e-10,9.999999999995e-13
20260912_174204_152_paper_strict_raw_equation_seed2025_01f04b03,48,63,5.170382640527528e-11,9.999999999995e-13,0.9999999999472962
20260912_174204_152_paper_strict_raw_equation_seed2025_01f04b03,48,64,9.99999999999e-13,9.99999999999e-13,0.9999999999979999
20260912_174204_152_paper_strict_raw_equation_seed2025_01f04b03,48,65,0.9999999999979999,9.99999999999e-13,9.99999999999e-13
20260912_174204_152_paper_strict_raw_equation_seed2025_01f04b03,48,66,0.9999999999979999,9.99999999999e-13,9.99999999999e-13
20260912_174204_152_paper_strict_raw_equation_seed2025_01f04b03,48,67,8.052131998203499e-06,9.999999999995e-13,0.9999919478670017
20260912_174204_152_paper_strict_raw_equation_seed2025_01f04b03,48,68,9.999999999994331e-13,0.9999999999979999,9.999999999994331e-13
20260912_174204_152_paper_strict_raw_equation_seed2025_01f04b03,48,69,9.999999999990163e-13,9.999999999990163e-13,0.999999999998
20260912_174204_152_paper_strict_raw_equation_seed2025_01f04b03,48,70,9.999999999990001e-13,9.999999999990001e-13,0.999999999998
20260912_174204_152_paper_strict_raw_equation_seed2025_01f04b03,48,71,2.2812685074224945e-10,9.999999999995e-13,0.9999999997708731
20260912_174204_152_paper_strict_raw_equation_seed2025_01f04b03,48,72,3.894792636538108e-09,0.9999999961042073,9.999999999995e-13
20260912_174204_152_paper_strict_raw_equation_seed2025_01f04b03,48,73,0.999999999998,9.999999999990001e-13,9.999999999990001e-13
20260912_174204_152_paper_strict_raw_equation_seed2025_01f04b03,48,74,0.9999999992480795,7.509205109546363e-10,9.999999999995e-13
20260912_174204_152_paper_strict_raw_equation_seed2025_01f04b03,48,75,4.775431644532443e-05,9.999999999995e-13,0.9999522456825546
20260912_174204_152_paper_strict_raw_equation_seed2025_01f04b03,48,76,0.9999999999961767,9.999999999995e-13,2.8232231367424717e-12
20260912_174204_152_paper_strict_raw_equation_seed2025_01f04b03,48,77,0.9999999999979999,9.99999999999e-13,9.99999999999e-13
20260912_174204_152_paper_strict_raw_equation_seed2025_01f04b03,48,78,0.9999999999725915,9.999999999995e-13,2.6408505012314217e-11
20260912_174204_152_paper_strict_raw_equation_seed2025_01f04b03,48,79,9.999999999995e-13,0.9999999648609422,3.5138057796681386e-08
20260912_174204_152_paper_strict_raw_equation_seed2025_01f04b03,48,80,9.999999999990001e-13,0.999999999998,9.999999999990001e-13
20260912_174204_152_paper_strict_raw_equation_seed2025_01f04b03,48,81,0.9999999999939269,9.999999999995002e-13,5.0732751333073656e-12
20260912_174204_152_paper_strict_raw_equation_seed2025_01f04b03,48,82,9.999999999990001e-13,9.999999999990001e-13,0.999999999998
20260912_174204_152_paper_strict_raw_equation_seed2025_01f04b03,48,83,9.999999999990001e-13,9.999999999990001e-13,0.999999999998
20260912_174204_152_paper_strict_raw_equation_seed2025_01f04b03,48,84,0.9999999999979999,9.99999999999e-13,9.99999999999e-13
20260912_174204_152_paper_strict_raw_equation_seed2025_01f04b03,48,85,9.999999999995e-13,0.9999999980937033,1.905296661175429e-09
20260912_174204_152_paper_strict_raw_equation_seed2025_01f04b03,48,86,0.9999999999979999,9.99999999999e-13,9.99999999999e-13
20260912_174204_152_paper_strict_raw_equation_seed2025_01f04b03,48,87,9.99999999999e-13,9.99999999999e-13,0.9999999999979999
20260912_174204_152_paper_strict_raw_equation_seed2025_01f04b03,48,88,9.999999999995e-13,0.9999999999964231,2.5769016550188075e-12
20260912_174204_152_paper_strict_raw_equation_seed2025_01f04b03,48,89,9.99999999999e-13,0.9999999999979999,9.99999999999e-13
20260912_174204_152_paper_strict_raw_equation_seed2025_01f04b03,48,90,9.99999999999e-13,9.99999999999e-13,0.9999999999979999
20260912_174204_152_paper_strict_raw_equation_seed2025_01f04b03,48,91,9.999999999995e-13,6.774740768359674e-10,0.9999999993215258
20260912_174204_152_paper_strict_raw_equation_seed2025_01f04b03,48,92,2.231104190286715e-12,3.786576977897009e-10,0.9999999996191112
20260912_174204_152_paper_strict_raw_equation_seed2025_01f04b03,48,93,9.99999999999e-13,0.9999999999979999,9.99999999999e-13
20260912_174204_152_paper_strict_raw_equation_seed2025_01f04b03,48,94,9.999999999990001e-13,9.999999999990001e-13,0.999999999998
20260912_174204_152_paper_strict_raw_equation_seed2025_01f04b03,48,95,9.99999999999e-13,9.99999999999e-13,0.9999999999979999
20260912_174204_152_paper_strict_raw_equation_seed2025_01f04b03,48,96,9.99999999999e-13,0.9999999999979999,9.99999999999e-13
20260912_174204_152_paper_strict_raw_equation_seed2025_01f04b03,48,97,9.99999999999e-13,9.99999999999e-13,0.9999999999979999
20260912_174204_152_paper_strict_raw_equation_seed2025_01f04b03,48,98,0.9999999999979999,9.99999999999e-13,9.99999999999e-13
20260912_174204_152_paper_strict_raw_equation_seed2025_01f04b03,48,99,9.99999999999e-13,0.9999999999979999,9.99999999999e-13
20260912_174204_152_paper_strict_raw_equation_seed2025_01f04b03,48,100,9.999999999990001e-13,0.999999999998,9.999999999990001e-13
20260912_174204_152_paper_strict_raw_equation_seed2025_01f04b03,48,101,0.9999999999979999,9.99999999999e-13,9.99999999999e-13
20260912_174204_152_paper_strict_raw_equation_seed2025_01f04b03,49,0,0.999999999998,9.999999999990001e-13,9.999999999990001e-13
20260912_174204_152_paper_strict_raw_equation_seed2025_01f04b03,49,1,9.999999999990001e-13,9.999999999990001e-13,0.999999999998
20260912_174204_152_paper_strict_raw_equation_seed2025_01f04b03,49,2,9.99999999999e-13,0.9999999999979999,9.99999999999e-13
20260912_174204_152_paper_strict_raw_equation_seed2025_01f04b03,49,3,0.9999999999969962,2.0037305148381394e-12,9.999999999995e-13
20260912_174204_152_paper_strict_raw_equation_seed2025_01f04b03,49,4,9.99999999999e-13,9.99999999999e-13,0.9999999999979999
20260912_174204_152_paper_strict_raw_equation_seed2025_01f04b03,49,5,9.999999999990001e-13,0.999999999998,9.999999999990001e-13
20260912_174204_152_paper_strict_raw_equation_seed2025_01f04b03,49,6,9.99999999999e-13,0.9999999999979999,9.99999999999e-13
20260912_174204_152_paper_strict_raw_equation_seed2025_01f04b03,49,7,9.99999999999e-13,0.9999999999979999,9.99999999999e-13
20260912_174204_152_paper_strict_raw_equation_seed2025_01f04b03,49,8,2.9221543703196564e-10,0.9999999997067845,9.999999999995e-13
20260912_174204_152_paper_strict_raw_equation_seed2025_01f04b03,49,9,0.999999999998,9.999999999990001e-13,9.999999999990001e-13
20260912_174204_152_paper_strict_raw_equation_seed2025_01f04b03,49,10,0.001026686471623594,0.9989733135273765,9.999999999995002e-13
20260912_174204_152_paper_strict_raw_equation_seed2025_01f04b03,49,11,9.999999999995e-13,0.003581651352054108,0.9964183486469458
20260912_174204_152_paper_strict_raw_equation_seed2025_01f04b03,49,12,1.141605328784193e-12,0.9999999999978584,9.999999999995e-13
20260912_174204_152_paper_strict_raw_equation_seed2025_01f04b03,49,13,0.8935323921376536,0.10646760786134639,9.999999999995e-13
20260912_174204_152_paper_strict_raw_equation_seed2025_01f04b03,49,14,0.999999999998,9.999999999990001e-13,9.999999999990001e-13
20260912_174204_152_paper_strict_raw_equation_seed2025_01f04b03,49,15,0.995828719984002,0.004171279920453704,9.55443132018748e-11
20260912_174204_152_paper_strict_raw_equation_seed2025_01f04b03,49,16,9.99999999999e-13,0.9999999999979999,9.99999999999e-13
20260912_174204_152_paper_strict_raw_equation_seed2025_01f04b03,49,17,0.999999999998,9.999999999990001e-13,9.999999999990001e-13
20260912_174204_152_paper_strict_raw_equation_seed2025_01f04b03,49,18,9.99999999999e-13,9.99999999999e-13,0.9999999999979999
20260912_174204_152_paper_strict_raw_equation_seed2025_01f04b03,49,19,9.999999999990001e-13,0.999999999998,9.999999999990001e-13
20260912_174204_152_paper_strict_raw_equation_seed2025_01f04b03,49,20,9.999999999990001e-13,0.999999999998,9.999999999990001e-13
20260912_174204_152_paper_strict_raw_equation_seed2025_01f04b03,49,21,0.9999999999979999,9.99999999999e-13,9.99999999999e-13
20260912_174204_152_paper_strict_raw_equation_seed2025_01f04b03,49,22,0.999999999997425,1.575036397596878e-12,9.999999999995e-13
20260912_174204_152_paper_strict_raw_equation_seed2025_01f04b03,49,23,0.999999999998,9.999999999990001e-13,9.999999999990001e-13
20260912_174204_152_paper_strict_raw_equation_seed2025_01f04b03,49,24,0.9999999969822866,9.999999999995e-13,3.0167133975908285e-09
20260912_174204_152_paper_strict_raw_equation_seed2025_01f04b03,49,25,9.99999999999e-13,0.9999999999979999,9.99999999999e-13
20260912_174204_152_paper_strict_raw_equation_seed2025_01f04b03,49,26,0.01625753544413372,9.999999999995002e-13,0.9837424645548664
20260912_174204_152_paper_strict_raw_equation_seed2025_01f04b03,49,27,9.999999999990001e-13,9.999999999990001e-13,0.999999999998
20260912_174204_152_paper_strict_raw_equation_seed2025_01f04b03,49,28,9.999999999990001e-13,0.999999999998,9.999999999990001e-13
20260912_174204_152_paper_strict_raw_equation_seed2025_01f04b03,49,29,9.999999999995e-13,0.9999999999965415,2.4584778657228336e-12
20260912_174204_152_paper_strict_raw_equation_seed2025_01f04b03,49,30,9.999999999990001e-13,9.999999999990001e-13,0.999999999998
20260912_174204_152_paper_strict_raw_equation_seed2025_01f04b03,49,31,0.999999999998,9.999999999991088e-13,9.999999999991088e-13
20260912_174204_152_paper_strict_raw_equation_seed2025_01f04b03,49,32,9.99999999999e-13,9.99999999999e-13,0.9999999999979999
20260912_174204_152_paper_strict_raw_equation_seed2025_01f04b03,49,33,9.99999999999e-13,9.99999999999e-13,0.9999999999979999
20260912_174204_152_paper_strict_raw_equation_seed2025_01f04b03,49,34,9.99999999999e-13,0.9999999999979999,9.99999999999e-13
20260912_174204_152_paper_strict_raw_equation_seed2025_01f04b03,49,35,7.38017054872915e-12,9.999999999995e-13,0.9999999999916198
20260912_174204_152_paper_strict_raw_equation_seed2025_01f04b03,49,36,1.6191392404591378e-07,0.9999998380850759,9.999999999995e-13
20260912_174204_152_paper_strict_raw_equation_seed2025_01f04b03,49,37,9.99999999999e-13,0.9999999999979999,9.99999999999e-13
20260912_174204_152_paper_strict_raw_equation_seed2025_01f04b03,49,38,9.99999999999e-13,0.9999999999979999,9.99999999999e-13
20260912_174204_152_paper_strict_raw_equation_seed2025_01f04b03,49,39,3.251917253993641e-12,9.999999999995e-13,0.9999999999957481
20260912_174204_152_paper_strict_raw_equation_seed2025_01f04b03,49,40,9.999999999990001e-13,0.999999999998,9.999999999990001e-13
20260912_174204_152_paper_strict_raw_equation_seed2025_01f04b03,49,41,0.9999999878355172,1.2163482665474682e-08,9.999999999995e-13
20260912_174204_152_paper_strict_raw_equation_seed2025_01f04b03,49,42,0.999999999998,9.999999999990001e-13,9.999999999990001e-13
20260912_174204_152_paper_strict_raw_equation_seed2025_01f04b03,49,43,9.999999999995e-13,0.9999999995039317,4.950682826645428e-10
20260912_174204_152_paper_strict_raw_equation_seed2025_01f04b03,49,44,9.99999999999e-13,0.9999999999979999,9.99999999999e-13
20260912_174204_152_paper_strict_raw_equation_seed2025_01f04b03,49,45,9.999999999990001e-13,0.999999999998,9.999999999990001e-13
20260912_174204_152_paper_strict_raw_equation_seed2025_01f04b03,49,46,9.999999999990001e-13,0.999999999998,9.999999999990001e-13
20260912_174204_152_paper_strict_raw_equation_seed2025_01f04b03,49,47,0.999999999998,9.999999999990001e-13,9.999999999990001e-13
20260912_174204_152_paper_strict_raw_equation_seed2025_01f04b03,49,48,9.999999999995e-13,1.6884872048655014e-06,0.9999983115117951
20260912_174204_152_paper_strict_raw_equation_seed2025_01f04b03,49,49,9.999999999990001e-13,0.999999999998,9.999999999990001e-13
20260912_174204_152_paper_strict_raw_equation_seed2025_01f04b03,49,50,0.9999999999829348,9.999999999995002e-13,1.6065371255465296e-11
20260912_174204_152_paper_strict_raw_equation_seed2025_01f04b03,49,51,9.999999999990001e-13,9.999999999990001e-13,0.999999999998
20260912_174204_152_paper_strict_raw_equation_seed2025_01f04b03,49,52,9.999999999995e-13,1.68280204585111e-11,0.9999999999821719
20260912_174204_152_paper_strict_raw_equation_seed2025_01f04b03,49,53,0.999999999998,9.999999999990001e-13,9.999999999990001e-13
20260912_174204_152_paper_strict_raw_equation_seed2025_01f04b03,49,54,9.999999999995e-13,2.579270130806253e-12,0.9999999999964206
20260912_174204_152_paper_strict_raw_equation_seed2025_01f04b03,49,55,9.99999999999e-13,9.99999999999e-13,0.9999999999979999
20260912_174204_152_paper_strict_raw_equation_seed2025_01f04b03,49,56,9.99999999999e-13,0.9999999999979999,9.99999999999e-13
20260912_174204_152_paper_strict_raw_equation_seed2025_01f04b03,49,57,9.999999999995e-13,0.9999999999449892,5.401072182067378e-11
20260912_174204_152_paper_strict_raw_equation_seed2025_01f04b03,49,58,0.999999999998,9.999999999990001e-13,9.999999999990001e-13
20260912_174204_152_paper_strict_raw_equation_seed2025_01f04b03,49,59,0.9999999998726631,1.2633686689359478e-10,9.999999999995e-13
20260912_174204_152_paper_strict_raw_equation_seed2025_01f04b03,49,60,9.999999999995e-13,1.9018860560428434e-12,0.9999999999970981
20260912_174204_152_paper_strict_raw_equation_seed2025_01f04b03,49,61,9.999999999995e-13,4.831169538474566e-10,0.999999999515883
20260912_174204_152_paper_strict_raw_equation_seed2025_01f04b03,49,62,0.9999999996251077,3.7389232450689376e-10,9.999999999995e-13
20260912_174204_152_paper_strict_raw_equation_seed2025_01f04b03,49,63,2.585191320262471e-11,9.999999999995e-13,0.999999999973148
20260912_174204_152_paper_strict_raw_equation_seed2025_01f04b03,49,64,9.999999999990001e-13,9.999999999990001e-13,0.999999999998
20260912_174204_152_paper_strict_raw_equation_seed2025_01f04b03,49,65,0.999999999998,9.999999999990001e-13,9.999999999990001e-13
20260912_174204_152_paper_strict_raw_equation_seed2025_01f04b03,49,66,0.999999999998,9.999999999990001e-13,9.999999999990001e-13
20260912_174204_152_paper_strict_raw_equation_seed2025_01f04b03,49,67,4.026065999099736e-06,9.999999999995e-13,0.9999959739330009
20260912_174204_152_paper_strict_raw_equation_seed2025_01f04b03,49,68,9.999999999990001e-13,0.999999999998,9.999999999990001e-13
20260912_174204_152_paper_strict_raw_equation_seed2025_01f04b03,49,69,9.99999999999e-13,9.99999999999e-13,0.9999999999979999
20260912_174204_152_paper_strict_raw_equation_seed2025_01f04b03,49,70,9.99999999999e-13,9.99999999999e-13,0.9999999999979999
20260912_174204_152_paper_strict_raw_equation_seed2025_01f04b03,49,71,1.1406342537106769e-10,9.999999999995e-13,0.9999999998849365
20260912_174204_152_paper_strict_raw_equation_seed2025_01f04b03,49,72,1.9473963182680805e-09,0.9999999980516037,9.999999999995e-13
20260912_174204_152_paper_strict_raw_equation_seed2025_01f04b03,49,73,0.9999999999979999,9.99999999999e-13,9.99999999999e-13
20260912_174204_152_paper_strict_raw_equation_seed2025_01f04b03,49,74,0.9999999996235397,3.754602554771304e-10,9.999999999995e-13
20260912_174204_152_paper_strict_raw_equation_seed2025_01f04b03,49,75,2.3877158222650275e-05,9.999999999995e-13,0.9999761228407773
20260912_174204_152_paper_strict_raw_equation_seed2025_01f04b03,49,76,0.9999999999975884,9.999999999995e-13,1.41161156837053e-12
20260912_174204_152_paper_strict_raw_equation_seed2025_01f04b03,49,77,0.999999999998,9.999999999990001e-13,9.999999999990001e-13
20260912_174204_152_paper_strict_raw_equation_seed2025_01f04b03,49,78,0.9999999999857957,9.999999999995e-13,1.3204252506150506e-11
20260912_174204_152_paper_strict_raw_equation_seed2025_01f04b03,49,79,9.999999999995002e-13,0.9999999824299712,1.7569028898331912e-08
20260912_174204_152_paper_strict_raw_equation_seed2025_01f04b03,49,80,9.99999999999e-13,0.9999999999979999,9.99999999999e-13
20260912_174204_152_paper_strict_raw_equation_seed2025_01f04b03,49,81,0.9999999999964634,9.999999999995e-13,2.5366375666524146e-12
20260912_174204_152_paper_strict_raw_equation_seed2025_01f04b03,49,82,9.99999999999e-13,9.99999999999e-13,0.9999999999979999
20260912_174204_152_paper_strict_raw_equation_seed2025_01f04b03,49,83,9.99999999999e-13,9.99999999999e-13,0.9999999999979999
20260912_174204_152_paper_strict_raw_equation_seed2025_01f04b03,49,84,0.999999999998,9.999999999990001e-13,9.999999999990001e-13
20260912_174204_152_paper_strict_raw_equation_seed2025_01f04b03,49,85,9.999999999995e-13,0.9999999990463516,9.52648330587238e-10
20260912_174204_152_paper_strict_raw_equation_seed2025_01f04b03,49,86,0.999999999998,9.999999999990001e-13,9.999999999990001e-13
20260912_174204_152_paper_strict_raw_equation_seed2025_01f04b03,49,87,9.999999999990001e-13,9.999999999990001e-13,0.999999999998
20260912_174204_152_paper_strict_raw_equation_seed2025_01f04b03,49,88,9.999999999995e-13,0.9999999999977115,1.2884508275087595e-12
20260912_174204_152_paper_strict_raw_equation_seed2025_01f04b03,49,89,9.999999999990001e-13,0.999999999998,9.999999999990001e-13
20260912_174204_152_paper_strict_raw_equation_seed2025_01f04b03,49,90,9.999999999990001e-13,9.999999999990001e-13,0.999999999998
20260912_174204_152_paper_strict_raw_equation_seed2025_01f04b03,49,91,9.999999999995e-13,3.387370384178143e-10,0.9999999996602629
20260912_174204_152_paper_strict_raw_equation_seed2025_01f04b03,49,92,1.1155520951433575e-12,1.8932884889485044e-10,0.9999999998095557
20260912_174204_152_paper_strict_raw_equation_seed2025_01f04b03,49,93,9.999999999990001e-13,0.999999999998,9.999999999990001e-13
20260912_174204_152_paper_strict_raw_equation_seed2025_01f04b03,49,94,9.99999999999e-13,9.99999999999e-13,0.9999999999979999
20260912_174204_152_paper_strict_raw_equation_seed2025_01f04b03,49,95,9.999999999990001e-13,9.999999999990001e-13,0.999999999998
20260912_174204_152_paper_strict_raw_equation_seed2025_01f04b03,49,96,9.999999999990001e-13,0.999999999998,9.999999999990001e-13
20260912_174204_152_paper_strict_raw_equation_seed2025_01f04b03,49,97,9.999999999990001e-13,9.999999999990001e-13,0.999999999998
20260912_174204_152_paper_strict_raw_equation_seed2025_01f04b03,49,98,0.999999999998,9.999999999990001e-13,9.999999999990001e-13
20260912_174204_152_paper_strict_raw_equation_seed2025_01f04b03,49,99,9.999999999990001e-13,0.999999999998,9.999999999990001e-13
20260912_174204_152_paper_strict_raw_equation_seed2025_01f04b03,49,100,9.99999999999e-13,0.9999999999979999,9.99999999999e-13
20260912_174204_152_paper_strict_raw_equation_seed2025_01f04b03,49,101,0.999999999998,9.999999999990001e-13,9.999999999990001e-13
20260912_174204_152_paper_strict_raw_equation_seed2025_01f04b03,50,0,0.9999999999979999,9.99999999999e-13,9.99999999999e-13
20260912_174204_152_paper_strict_raw_equation_seed2025_01f04b03,50,1,9.99999999999e-13,9.99999999999e-13,0.9999999999979999
20260912_174204_152_paper_strict_raw_equation_seed2025_01f04b03,50,2,9.999999999990001e-13,0.999999999998,9.999999999990001e-13
20260912_174204_152_paper_strict_raw_equation_seed2025_01f04b03,50,3,0.999999999997998,1.0018652574185687e-12,9.999999999995e-13
20260912_174204_152_paper_strict_raw_equation_seed2025_01f04b03,50,4,9.999999999990001e-13,9.999999999990001e-13,0.999999999998
20260912_174204_152_paper_strict_raw_equation_seed2025_01f04b03,50,5,9.99999999999e-13,0.9999999999979999,9.99999999999e-13
20260912_174204_152_paper_strict_raw_equation_seed2025_01f04b03,50,6,9.999999999990001e-13,0.999999999998,9.999999999990001e-13
20260912_174204_152_paper_strict_raw_equation_seed2025_01f04b03,50,7,9.999999999990001e-13,0.999999999998,9.999999999990001e-13
20260912_174204_152_paper_strict_raw_equation_seed2025_01f04b03,50,8,1.4610771851590977e-10,0.9999999998528922,9.999999999995e-13
20260912_174204_152_paper_strict_raw_equation_seed2025_01f04b03,50,9,0.9999999999979999,9.99999999999e-13,9.99999999999e-13
20260912_174204_152_paper_strict_raw_equation_seed2025_01f04b03,50,10,0.0005133432358115403,0.9994866567631884,9.999999999995e-13
20260912_174204_152_paper_strict_raw_equation_seed2025_01f04b03,50,11,9.999999999995e-13,0.0017908256760261585,0.9982091743229737
20260912_174204_152_paper_strict_raw_equation_seed2025_01f04b03,50,12,9.999999999990708e-13,0.9999999999979999,9.999999999990708e-13
20260912_174204_152_paper_strict_raw_equation_seed2025_01f04b03,50,13,0.9467661960683533,0.05323380393064658,9.999999999995e-13
20260912_174204_152_paper_strict_raw_equation_seed2025_01f04b03,50,14,0.9999999999979999,9.99999999999e-13,9.99999999999e-13
20260912_174204_152_paper_strict_raw_equation_seed2025_01f04b03,50,15,0.9979143599920011,0.002085639960226852,4.77721566009374e-11
20260912_174204_152_paper_strict_raw_equation_seed2025_01f04b03,50,16,9.999999999990001e-13,0.999999999998,9.999999999990001e-13
20260912_174204_152_paper_strict_raw_equation_seed2025_01f04b03,50,17,0.9999999999979999,9.99999999999e-13,9.99999999999e-13
20260912_174204_152_paper_strict_raw_equation_seed2025_01f04b03,50,18,9.999999999990001e-13,9.999999999990001e-13,0.999999999998
20260912_174204_152_paper_strict_raw_equation_seed2025_01f04b03,50,19,9.99999999999e-13,0.9999999999979999,9.99999999999e-13
20260912_174204_152_paper_strict_raw_equation_seed2025_01f04b03,50,20,9.99999999999e-13,0.9999999999979999,9.99999999999e-13
20260912_174204_152_paper_strict_raw_equation_seed2025_01f04b03,50,21,0.999999999998,9.999999999990001e-13,9.999999999990001e-13
20260912_174204_152_paper_strict_raw_equation_seed2025_01f04b03,50,22,0.9999999999979999,9.999999999992875e-13,9.999999999992875e-13
20260912_174204_152_paper_strict_raw_equation_seed2025_01f04b03,50,23,0.9999999999979999,9.99999999999e-13,9.99999999999e-13
20260912_174204_152_paper_strict_raw_equation_seed2025_01f04b03,50,24,0.9999999984906432,9.999999999995e-13,1.50835669879466e-09
20260912_174204_152_paper_strict_raw_equation_seed2025_01f04b03,50,25,9.999999999990001e-13,0.999999999998,9.999999999990001e-13
20260912_174204_152_paper_strict_raw_equation_seed2025_01f04b03,50,26,0.008128767722062795,9.999999999995e-13,0.9918712322769373
20260912_174204_152_paper_strict_raw_equation_seed2025_01f04b03,50,27,9.99999999999e-13,9.99999999999e-13,0.9999999999979999
20260912_174204_152_paper_strict_raw_equation_seed2025_01f04b03,50,28,9.99999999999e-13,0.9999999999979999,9.99999999999e-13
20260912_174204_152_paper_strict_raw_equation_seed2025_01f04b03,50,29,9.999999999995002e-13,0.9999999999977709,1.2292389328608025e-12
20260912_174204_152_paper_strict_raw_equation_seed2025_01f04b03,50,30,9.99999999999e-13,9.99999999999e-13,0.9999999999979999
20260912_174204_152_paper_strict_raw_equation_seed2025_01f04b03,50,31,0.9999999999979999,9.99999999999e-13,9.99999999999e-13
20260912_174204_152_paper_strict_raw_equation_seed2025_01f04b03,50,32,9.999999999990001e-13,9.999999999990001e-13,0.999999999998
20260912_174204_152_paper_strict_raw_equation_seed2025_01f04b03,50,33,9.999999999990001e-13,9.999999999990001e-13,0.999999999998
20260912_174204_152_paper_strict_raw_equation_seed2025_01f04b03,50,34,9.999999999990001e-13,0.999999999998,9.999999999990001e-13
20260912_174204_152_paper_strict_raw_equation_seed2025_01f04b03,50,35,3.69008527436273e-12,9.999999999995e-13,0.9999999999953099
20260912_174204_152_paper_strict_raw_equation_seed2025_01f04b03,50,36,8.09569620229164e-08,0.9999999190420379,9.999999999995e-13
20260912_174204_152_paper_strict_raw_equation_seed2025_01f04b03,50,37,9.999999999990001e-13,0.999999999998,9.999999999990001e-13
20260912_174204_152_paper_strict_raw_equation_seed2025_01f04b03,50,38,9.999999999990001e-13,0.999999999998,9.999999999990001e-13
20260912_174204_152_paper_strict_raw_equation_seed2025_01f04b03,50,39,1.6259586269960075e-12,9.999999999995e-13,0.999999999997374
20260912_174204_152_paper_strict_raw_equation_seed2025_01f04b03,50,40,9.99999999999e-13,0.9999999999979999,9.99999999999e-13
20260912_174204_152_paper_strict_raw_equation_seed2025_01f04b03,50,41,0.9999999939172586,6.081741332734299e-09,9.999999999995e-13
20260912_174204_152_paper_strict_raw_equation_seed2025_01f04b03,50,42,0.9999999999979999,9.99999999999e-13,9.99999999999e-13
20260912_174204_152_paper_strict_raw_equation_seed2025_01f04b03,50,43,9.999999999995e-13,0.9999999997514658,2.4753414133214766e-10
20260912_174204_152_paper_strict_raw_equation_seed2025_01f04b03,50,44,9.999999999990001e-13,0.999999999998,9.999999999990001e-13
20260912_174204_152_paper_strict_raw_equation_seed2025_01f04b03,50,45,9.99999999999e-13,0.9999999999979999,9.99999999999e-13
20260912_174204_152_paper_strict_raw_equation_seed2025_01f04b03,50,46,9.99999999999e-13,0.9999999999979999,9.99999999999e-13
20260912_174204_152_paper_strict_raw_equation_seed2025_01f04b03,50,47,0.9999999999979999,9.99999999999e-13,9.99999999999e-13
20260912_174204_152_paper_strict_raw_equation_seed2025_01f04b03,50,48,9.999999999995e-13,8.442436024323286e-07,0.9999991557553976
20260912_174204_152_paper_strict_raw_equation_seed2025_01f04b03,50,49,9.99999999999e-13,0.9999999999979999,9.99999999999e-13
20260912_174204_152_paper_strict_raw_equation_seed2025_01f04b03,50,50,0.9999999999909673,9.999999999995e-13,8.032685627728632e-12
20260912_174204_152_paper_strict_raw_equation_seed2025_01f04b03,50,51,9.99999999999e-13,9.99999999999e-13,0.9999999999979999
20260912_174204_152_paper_strict_raw_equation_seed2025_01f04b03,50,52,9.999999999995e-13,8.414010229251344e-12,0.999999999990586
20260912_174204_152_paper_strict_raw_equation_seed2025_01f04b03,50,53,0.9999999999979999,9.99999999999e-13,9.99999999999e-13
20260912_174204_152_paper_strict_raw_equation_seed2025_01f04b03,50,54,9.999999999995e-13,1.2896350654024818e-12,0.9999999999977103
20260912_174204_152_paper_strict_raw_equation_seed2025_01f04b03,50,55,9.999999999990001e-13,9.999999999990001e-13,0.999999999998
20260912_174204_152_paper_strict_raw_equation_seed2025_01f04b03,50,56,9.999999999990001e-13,0.999999999998,9.999999999990001e-13
20260912_174204_152_paper_strict_raw_equation_seed2025_01f04b03,50,57,9.999999999995e-13,0.9999999999719946,2.7005360910323388e-11
20260912_174204_152_paper_strict_raw_equation_seed2025_01f04b03,50,58,0.9999999999979999,9.99999999999e-13,9.99999999999e-13
20260912_174204_152_paper_strict_raw_equation_seed2025_01f04b03,50,59,0.9999999999358316,6.31684334467658e-11,9.999999999995e-13
20260912_174204_152_paper_strict_raw_equation_seed2025_01f04b03,50,60,9.999999999994509e-13,9.999999999994509e-13,0.9999999999979999
20260912_174204_152_paper_strict_raw_equation_seed2025_01f04b03,50,61,9.999999999995e-13,2.4155847692360755e-10,0.9999999997574415
20260912_174204_152_paper_strict_raw_equation_seed2025_01f04b03,50,62,0.9999999998120538,1.869461622533534e-10,9.999999999995e-13
20260912_174204_152_paper_strict_raw_equation_seed2025_01f04b03,50,63,1.2925956601305892e-11,9.999999999995e-13,0.999999999986074
20260912_174204_152_paper_strict_raw_equation_seed2025_01f04b03,50,64,9.99999999999e-13,9.99999999999e-13,0.9999999999979999
20260912_174204_152_paper_strict_raw_equation_seed2025_01f04b03,50,65,0.9999999999979999,9.99999999999e-13,9.99999999999e-13
20260912_174204_152_paper_strict_raw_equation_seed2025_01f04b03,50,66,0.9999999999979999,9.99999999999e-13,9.99999999999e-13
20260912_174204_152_paper_strict_raw_equation_seed2025_01f04b03,50,67,2.0130329995488612e-06,9.999999999995e-13,0.9999979869660004
20260912_174204_152_paper_strict_raw_equation_seed2025_01f04b03,50,68,9.99999999999e-13,0.9999999999979999,9.99999999999e-13
20260912_174204_152_paper_strict_raw_equation_seed2025_01f04b03,50,69,9.999999999990001e-13,9.999999999990001e-13,0.999999999998
20260912_174204_152_paper_strict_raw_equation_seed2025_01f04b03,50,70,9.999999999990001e-13,9.999999999990001e-13,0.999999999998
20260912_174204_152_paper_strict_raw_equation_seed2025_01f04b03,50,71,5.7031712685505326e-11,9.999999999995e-13,0.9999999999419682
20260912_174204_152_paper_strict_raw_equation_seed2025_01f04b03,50,72,9.736981591335535e-10,0.9999999990253018,9.999999999995e-13
20260912_174204_152_paper_strict_raw_equation_seed2025_01f04b03,50,73,0.999999999998,9.999999999990001e-13,9.999999999990001e-13
20260912_174204_152_paper_strict_raw_equation_seed2025_01f04b03,50,74,0.9999999998112699,1.8773012773847132e-10,9.999999999995e-13
20260912_174204_152_paper_strict_raw_equation_seed2025_01f04b03,50,75,1.1938579111319168e-05,9.999999999995e-13,0.9999880614198886
20260912_174204_152_paper_strict_raw_equation_seed2025_01f04b03,50,76,0.9999999999979999,9.999999999992057e-13,9.999999999992057e-13
20260912_174204_152_paper_strict_raw_equation_seed2025_01f04b03,50,77,0.9999999999979999,9.99999999999e-13,9.99999999999e-13
20260912_174204_152_paper_strict_raw_equation_seed2025_01f04b03,50,78,0.9999999999923979,9.999999999995e-13,6.6021262530719514e-12
20260912_174204_152_paper_strict_raw_equation_seed2025_01f04b03,50,79,9.999999999995e-13,0.9999999912144856,8.784514449161564e-09
20260912_174204_152_paper_strict_raw_equation_seed2025_01f04b03,50,80,9.999999999990001e-13,0.999999999998,9.999999999990001e-13
20260912_174204_152_paper_strict_raw_equation_seed2025_01f04b03,50,81,0.9999999999977318,9.999999999995002e-13,1.2683187833255734e-12
20260912_174204_152_paper_strict_raw_equation_seed2025_01f04b03,50,82,9.999999999990001e-13,9.999999999990001e-13,0.999999999998
20260912_174204_152_paper_strict_raw_equation_seed2025_01f04b03,50,83,9.999999999990001e-13,9.999999999990001e-13,0.999999999998
20260912_174204_152_paper_strict_raw_equation_seed2025_01f04b03,50,84,0.9999999999979999,9.99999999999e-13,9.99999999999e-13
20260912_174204_152_paper_strict_raw_equation_seed2025_01f04b03,50,85,9.999999999995e-13,0.9999999995226758,4.763241652933808e-10
20260912_174204_152_paper_strict_raw_equation_seed2025_01f04b03,50,86,0.9999999999979999,9.99999999999e-13,9.99999999999e-13
20260912_174204_152_paper_strict_raw_equation_seed2025_01f04b03,50,87,9.99999999999e-13,9.99999999999e-13,0.9999999999979999
20260912_174204_152_paper_strict_raw_equation_seed2025_01f04b03,50,88,9.999999999991441e-13,0.999999999998,9.999999999991441e-13
20260912_174204_152_paper_strict_raw_equation_seed2025_01f04b03,50,89,9.99999999999e-13,0.9999999999979999,9.99999999999e-13
20260912_174204_152_paper_strict_raw_equation_seed2025_01f04b03,50,90,9.99999999999e-13,9.99999999999e-13,0.9999999999979999
20260912_174204_152_paper_strict_raw_equation_seed2025_01f04b03,50,91,9.999999999995e-13,1.6936851920882248e-10,0.9999999998296314
20260912_174204_152_paper_strict_raw_equation_seed2025_01f04b03,50,92,9.999999999995577e-13,9.466442444738334e-11,0.9999999999043355
20260912_174204_152_paper_strict_raw_equation_seed2025_01f04b03,50,93,9.99999999999e-13,0.9999999999979999,9.99999999999e-13
20260912_174204_152_paper_strict_raw_equation_seed2025_01f04b03,50,94,9.999999999990001e-13,9.999999999990001e-13,0.999999999998
20260912_174204_152_paper_strict_raw_equation_seed2025_01f04b03,50,95,9.99999999999e-13,9.99999999999e-13,0.9999999999979999
20260912_174204_152_paper_strict_raw_equation_seed2025_01f04b03,50,96,9.99999999999e-13,0.9999999999979999,9.99999999999e-13
20260912_174204_152_paper_strict_raw_equation_seed2025_01f04b03,50,97,9.99999999999e-13,9.99999999999e-13,0.9999999999979999
20260912_174204_152_paper_strict_raw_equation_seed2025_01f04b03,50,98,0.9999999999979999,9.99999999999e-13,9.99999999999e-13
20260912_174204_152_paper_strict_raw_equation_seed2025_01f04b03,50,99,9.99999999999e-13,0.9999999999979999,9.99999999999e-13
20260912_174204_152_paper_strict_raw_equation_seed2025_01f04b03,50,100,9.999999999990001e-13,0.999999999998,9.999999999990001e-13
20260912_174204_152_paper_strict_raw_equation_seed2025_01f04b03,50,101,0.9999999999979999,9.99999999999e-13,9.99999999999e-13
