run_id,traffic_seed,grid_x,grid_y,grid_z,distinct_flight_count
20260912_215351_529_traffic_scan_env2025_seed0-499_48352cd1,331,0,0,0,1
20260912_215351_529_traffic_scan_env2025_seed0-499_48352cd1,331,0,2,0,1
20260912_215351_529_traffic_scan_env2025_seed0-499_48352cd1,331,0,3,0,1
20260912_215351_529_traffic_scan_env2025_seed0-499_48352cd1,331,0,5,0,1
20260912_215351_529_traffic_scan_env2025_seed0-499_48352cd1,331,0,10,0,1
20260912_215351_529_traffic_scan_env2025_seed0-499_48352cd1,331,0,11,0,1
20260912_215351_529_traffic_scan_env2025_seed0-499_48352cd1,331,0,12,0,1
20260912_215351_529_traffic_scan_env2025_seed0-499_48352cd1,331,0,13,0,1
20260912_215351_529_traffic_scan_env2025_seed0-499_48352cd1,331,0,14,0,1
20260912_215351_529_traffic_scan_env2025_seed0-499_48352cd1,331,0,15,0,1
20260912_215351_529_traffic_scan_env2025_seed0-499_48352cd1,331,0,16,0,1
20260912_215351_529_traffic_scan_env2025_seed0-499_48352cd1,331,0,20,0,1
20260912_215351_529_traffic_scan_env2025_seed0-499_48352cd1,331,0,32,0,1
20260912_215351_529_traffic_scan_env2025_seed0-499_48352cd1,331,0,33,0,1
20260912_215351_529_traffic_scan_env2025_seed0-499_48352cd1,331,0,47,0,1
20260912_215351_529_traffic_scan_env2025_seed0-499_48352cd1,331,0,49,0,2
20260912_215351_529_traffic_scan_env2025_seed0-499_48352cd1,331,0,50,0,2
20260912_215351_529_traffic_scan_env2025_seed0-499_48352cd1,331,0,51,0,2
20260912_215351_529_traffic_scan_env2025_seed0-499_48352cd1,331,0,52,0,2
20260912_215351_529_traffic_scan_env2025_seed0-499_48352cd1,331,0,53,0,2
20260912_215351_529_traffic_scan_env2025_seed0-499_48352cd1,331,0,54,0,3
20260912_215351_529_traffic_scan_env2025_seed0-499_48352cd1,331,0,55,0,2
20260912_215351_529_traffic_scan_env2025_seed0-499_48352cd1,331,0,56,0,2
20260912_215351_529_traffic_scan_env2025_seed0-499_48352cd1,331,0,57,0,1
20260912_215351_529_traffic_scan_env2025_seed0-499_48352cd1,331,1,1,0,1
20260912_215351_529_traffic_scan_env2025_seed0-499_48352cd1,331,1,4,0,4
20260912_215351_529_traffic_scan_env2025_seed0-499_48352cd1,331,1,5,0,1
20260912_215351_529_traffic_scan_env2025_seed0-499_48352cd1,331,1,6,0,2
20260912_215351_529_traffic_scan_env2025_seed0-499_48352cd1,331,1,7,0,1
20260912_215351_529_traffic_scan_env2025_seed0-499_48352cd1,331,1,8,0,1
20260912_215351_529_traffic_scan_env2025_seed0-499_48352cd1,331,1,9,0,1
20260912_215351_529_traffic_scan_env2025_seed0-499_48352cd1,331,1,10,0,1
20260912_215351_529_traffic_scan_env2025_seed0-499_48352cd1,331,1,11,0,2
20260912_215351_529_traffic_scan_env2025_seed0-499_48352cd1,331,1,12,0,2
20260912_215351_529_traffic_scan_env2025_seed0-499_48352cd1,331,1,13,0,4
20260912_215351_529_traffic_scan_env2025_seed0-499_48352cd1,331,1,14,0,3
20260912_215351_529_traffic_scan_env2025_seed0-499_48352cd1,331,1,15,0,3
20260912_215351_529_traffic_scan_env2025_seed0-499_48352cd1,331,1,16,0,3
20260912_215351_529_traffic_scan_env2025_seed0-499_48352cd1,331,1,17,0,4
20260912_215351_529_traffic_scan_env2025_seed0-499_48352cd1,331,1,18,0,3
20260912_215351_529_traffic_scan_env2025_seed0-499_48352cd1,331,1,19,0,3
20260912_215351_529_traffic_scan_env2025_seed0-499_48352cd1,331,1,20,0,4
20260912_215351_529_traffic_scan_env2025_seed0-499_48352cd1,331,1,21,0,3
20260912_215351_529_traffic_scan_env2025_seed0-499_48352cd1,331,1,22,0,4
20260912_215351_529_traffic_scan_env2025_seed0-499_48352cd1,331,1,23,0,3
20260912_215351_529_traffic_scan_env2025_seed0-499_48352cd1,331,1,24,0,3
20260912_215351_529_traffic_scan_env2025_seed0-499_48352cd1,331,1,25,0,3
20260912_215351_529_traffic_scan_env2025_seed0-499_48352cd1,331,1,26,0,2
20260912_215351_529_traffic_scan_env2025_seed0-499_48352cd1,331,1,27,0,2
20260912_215351_529_traffic_scan_env2025_seed0-499_48352cd1,331,1,28,0,2
20260912_215351_529_traffic_scan_env2025_seed0-499_48352cd1,331,1,29,0,2
20260912_215351_529_traffic_scan_env2025_seed0-499_48352cd1,331,1,30,0,2
20260912_215351_529_traffic_scan_env2025_seed0-499_48352cd1,331,1,31,0,2
20260912_215351_529_traffic_scan_env2025_seed0-499_48352cd1,331,1,32,0,3
20260912_215351_529_traffic_scan_env2025_seed0-499_48352cd1,331,1,33,0,4
20260912_215351_529_traffic_scan_env2025_seed0-499_48352cd1,331,1,34,0,4
20260912_215351_529_traffic_scan_env2025_seed0-499_48352cd1,331,1,35,0,3
20260912_215351_529_traffic_scan_env2025_seed0-499_48352cd1,331,1,36,0,3
20260912_215351_529_traffic_scan_env2025_seed0-499_48352cd1,331,1,37,0,3
20260912_215351_529_traffic_scan_env2025_seed0-499_48352cd1,331,1,38,0,3
20260912_215351_529_traffic_scan_env2025_seed0-499_48352cd1,331,1,39,0,3
20260912_215351_529_traffic_scan_env2025_seed0-499_48352cd1,331,1,40,0,3
20260912_215351_529_traffic_scan_env2025_seed0-499_48352cd1,331,1,41,0,4
20260912_215351_529_traffic_scan_env2025_seed0-499_48352cd1,331,1,42,0,3
20260912_215351_529_traffic_scan_env2025_seed0-499_48352cd1,331,1,43,0,3
20260912_215351_529_traffic_scan_env2025_seed0-499_48352cd1,331,1,44,0,3
20260912_215351_529_traffic_scan_env2025_seed0-499_48352cd1,331,1,45,0,3
20260912_215351_529_traffic_scan_env2025_seed0-499_48352cd1,331,1,46,0,4
20260912_215351_529_traffic_scan_env2025_seed0-499_48352cd1,331,1,47,0,4
20260912_215351_529_traffic_scan_env2025_seed0-499_48352cd1,331,1,48,0,3
20260912_215351_529_traffic_scan_env2025_seed0-499_48352cd1,331,1,49,0,1
20260912_215351_529_traffic_scan_env2025_seed0-499_48352cd1,331,1,50,0,1
20260912_215351_529_traffic_scan_env2025_seed0-499_48352cd1,331,1,51,0,1
20260912_215351_529_traffic_scan_env2025_seed0-499_48352cd1,331,1,52,0,1
20260912_215351_529_traffic_scan_env2025_seed0-499_48352cd1,331,1,53,0,2
20260912_215351_529_traffic_scan_env2025_seed0-499_48352cd1,331,1,54,0,1
20260912_215351_529_traffic_scan_env2025_seed0-499_48352cd1,331,1,55,0,4
20260912_215351_529_traffic_scan_env2025_seed0-499_48352cd1,331,1,56,0,3
20260912_215351_529_traffic_scan_env2025_seed0-499_48352cd1,331,2,2,0,1
20260912_215351_529_traffic_scan_env2025_seed0-499_48352cd1,331,2,3,0,1
20260912_215351_529_traffic_scan_env2025_seed0-499_48352cd1,331,2,5,0,4
20260912_215351_529_traffic_scan_env2025_seed0-499_48352cd1,331,2,6,1,2
20260912_215351_529_traffic_scan_env2025_seed0-499_48352cd1,331,2,7,0,3
20260912_215351_529_traffic_scan_env2025_seed0-499_48352cd1,331,2,8,0,2
20260912_215351_529_traffic_scan_env2025_seed0-499_48352cd1,331,2,9,0,2
20260912_215351_529_traffic_scan_env2025_seed0-499_48352cd1,331,2,10,0,2
20260912_215351_529_traffic_scan_env2025_seed0-499_48352cd1,331,2,11,0,1
20260912_215351_529_traffic_scan_env2025_seed0-499_48352cd1,331,2,12,0,2
20260912_215351_529_traffic_scan_env2025_seed0-499_48352cd1,331,2,13,0,2
20260912_215351_529_traffic_scan_env2025_seed0-499_48352cd1,331,2,16,0,1
20260912_215351_529_traffic_scan_env2025_seed0-499_48352cd1,331,2,18,0,1
20260912_215351_529_traffic_scan_env2025_seed0-499_48352cd1,331,2,20,0,1
20260912_215351_529_traffic_scan_env2025_seed0-499_48352cd1,331,2,22,0,1
20260912_215351_529_traffic_scan_env2025_seed0-499_48352cd1,331,2,26,0,1
20260912_215351_529_traffic_scan_env2025_seed0-499_48352cd1,331,2,27,0,1
20260912_215351_529_traffic_scan_env2025_seed0-499_48352cd1,331,2,28,0,2
20260912_215351_529_traffic_scan_env2025_seed0-499_48352cd1,331,2,29,0,1
20260912_215351_529_traffic_scan_env2025_seed0-499_48352cd1,331,2,30,0,1
20260912_215351_529_traffic_scan_env2025_seed0-499_48352cd1,331,2,31,0,1
20260912_215351_529_traffic_scan_env2025_seed0-499_48352cd1,331,2,32,0,3
20260912_215351_529_traffic_scan_env2025_seed0-499_48352cd1,331,2,33,0,2
20260912_215351_529_traffic_scan_env2025_seed0-499_48352cd1,331,2,34,0,2
20260912_215351_529_traffic_scan_env2025_seed0-499_48352cd1,331,2,35,0,1
20260912_215351_529_traffic_scan_env2025_seed0-499_48352cd1,331,2,36,0,1
20260912_215351_529_traffic_scan_env2025_seed0-499_48352cd1,331,2,37,0,1
20260912_215351_529_traffic_scan_env2025_seed0-499_48352cd1,331,2,38,0,1
20260912_215351_529_traffic_scan_env2025_seed0-499_48352cd1,331,2,39,0,2
20260912_215351_529_traffic_scan_env2025_seed0-499_48352cd1,331,2,40,0,2
20260912_215351_529_traffic_scan_env2025_seed0-499_48352cd1,331,2,46,0,1
20260912_215351_529_traffic_scan_env2025_seed0-499_48352cd1,331,2,47,1,1
20260912_215351_529_traffic_scan_env2025_seed0-499_48352cd1,331,2,52,0,1
20260912_215351_529_traffic_scan_env2025_seed0-499_48352cd1,331,2,53,0,1
20260912_215351_529_traffic_scan_env2025_seed0-499_48352cd1,331,2,54,0,4
20260912_215351_529_traffic_scan_env2025_seed0-499_48352cd1,331,2,57,0,1
20260912_215351_529_traffic_scan_env2025_seed0-499_48352cd1,331,2,58,0,2
20260912_215351_529_traffic_scan_env2025_seed0-499_48352cd1,331,3,3,0,2
20260912_215351_529_traffic_scan_env2025_seed0-499_48352cd1,331,3,5,0,1
20260912_215351_529_traffic_scan_env2025_seed0-499_48352cd1,331,3,6,0,1
20260912_215351_529_traffic_scan_env2025_seed0-499_48352cd1,331,3,8,0,1
20260912_215351_529_traffic_scan_env2025_seed0-499_48352cd1,331,3,9,0,1
20260912_215351_529_traffic_scan_env2025_seed0-499_48352cd1,331,3,11,0,1
20260912_215351_529_traffic_scan_env2025_seed0-499_48352cd1,331,3,14,0,2
20260912_215351_529_traffic_scan_env2025_seed0-499_48352cd1,331,3,15,0,1
20260912_215351_529_traffic_scan_env2025_seed0-499_48352cd1,331,3,16,0,1
20260912_215351_529_traffic_scan_env2025_seed0-499_48352cd1,331,3,17,0,2
20260912_215351_529_traffic_scan_env2025_seed0-499_48352cd1,331,3,18,0,1
20260912_215351_529_traffic_scan_env2025_seed0-499_48352cd1,331,3,19,0,2
20260912_215351_529_traffic_scan_env2025_seed0-499_48352cd1,331,3,20,0,2
20260912_215351_529_traffic_scan_env2025_seed0-499_48352cd1,331,3,21,0,1
20260912_215351_529_traffic_scan_env2025_seed0-499_48352cd1,331,3,22,0,1
20260912_215351_529_traffic_scan_env2025_seed0-499_48352cd1,331,3,28,0,1
20260912_215351_529_traffic_scan_env2025_seed0-499_48352cd1,331,3,31,0,1
20260912_215351_529_traffic_scan_env2025_seed0-499_48352cd1,331,3,33,0,2
20260912_215351_529_traffic_scan_env2025_seed0-499_48352cd1,331,3,34,0,1
20260912_215351_529_traffic_scan_env2025_seed0-499_48352cd1,331,3,38,0,1
20260912_215351_529_traffic_scan_env2025_seed0-499_48352cd1,331,3,40,0,1
20260912_215351_529_traffic_scan_env2025_seed0-499_48352cd1,331,3,41,0,2
20260912_215351_529_traffic_scan_env2025_seed0-499_48352cd1,331,3,43,0,1
20260912_215351_529_traffic_scan_env2025_seed0-499_48352cd1,331,3,46,1,1
20260912_215351_529_traffic_scan_env2025_seed0-499_48352cd1,331,3,47,0,1
20260912_215351_529_traffic_scan_env2025_seed0-499_48352cd1,331,3,49,0,1
20260912_215351_529_traffic_scan_env2025_seed0-499_48352cd1,331,3,51,0,1
20260912_215351_529_traffic_scan_env2025_seed0-499_48352cd1,331,3,53,0,4
20260912_215351_529_traffic_scan_env2025_seed0-499_48352cd1,331,3,54,0,1
20260912_215351_529_traffic_scan_env2025_seed0-499_48352cd1,331,3,58,0,1
20260912_215351_529_traffic_scan_env2025_seed0-499_48352cd1,331,4,4,0,2
20260912_215351_529_traffic_scan_env2025_seed0-499_48352cd1,331,4,6,1,2
20260912_215351_529_traffic_scan_env2025_seed0-499_48352cd1,331,4,8,0,1
20260912_215351_529_traffic_scan_env2025_seed0-499_48352cd1,331,4,9,1,2
20260912_215351_529_traffic_scan_env2025_seed0-499_48352cd1,331,4,10,0,2
20260912_215351_529_traffic_scan_env2025_seed0-499_48352cd1,331,4,10,1,1
20260912_215351_529_traffic_scan_env2025_seed0-499_48352cd1,331,4,11,1,1
20260912_215351_529_traffic_scan_env2025_seed0-499_48352cd1,331,4,12,2,1
20260912_215351_529_traffic_scan_env2025_seed0-499_48352cd1,331,4,13,2,1
20260912_215351_529_traffic_scan_env2025_seed0-499_48352cd1,331,4,14,0,1
20260912_215351_529_traffic_scan_env2025_seed0-499_48352cd1,331,4,14,2,1
20260912_215351_529_traffic_scan_env2025_seed0-499_48352cd1,331,4,15,2,1
20260912_215351_529_traffic_scan_env2025_seed0-499_48352cd1,331,4,16,2,1
20260912_215351_529_traffic_scan_env2025_seed0-499_48352cd1,331,4,17,2,1
20260912_215351_529_traffic_scan_env2025_seed0-499_48352cd1,331,4,18,0,1
20260912_215351_529_traffic_scan_env2025_seed0-499_48352cd1,331,4,18,2,1
20260912_215351_529_traffic_scan_env2025_seed0-499_48352cd1,331,4,19,2,1
20260912_215351_529_traffic_scan_env2025_seed0-499_48352cd1,331,4,20,0,2
20260912_215351_529_traffic_scan_env2025_seed0-499_48352cd1,331,4,20,1,1
20260912_215351_529_traffic_scan_env2025_seed0-499_48352cd1,331,4,20,2,1
20260912_215351_529_traffic_scan_env2025_seed0-499_48352cd1,331,4,21,2,1
20260912_215351_529_traffic_scan_env2025_seed0-499_48352cd1,331,4,22,0,2
20260912_215351_529_traffic_scan_env2025_seed0-499_48352cd1,331,4,22,2,1
20260912_215351_529_traffic_scan_env2025_seed0-499_48352cd1,331,4,23,2,1
20260912_215351_529_traffic_scan_env2025_seed0-499_48352cd1,331,4,24,1,1
20260912_215351_529_traffic_scan_env2025_seed0-499_48352cd1,331,4,25,1,1
20260912_215351_529_traffic_scan_env2025_seed0-499_48352cd1,331,4,26,1,1
20260912_215351_529_traffic_scan_env2025_seed0-499_48352cd1,331,4,27,1,1
20260912_215351_529_traffic_scan_env2025_seed0-499_48352cd1,331,4,28,0,1
20260912_215351_529_traffic_scan_env2025_seed0-499_48352cd1,331,4,28,1,1
20260912_215351_529_traffic_scan_env2025_seed0-499_48352cd1,331,4,29,0,1
20260912_215351_529_traffic_scan_env2025_seed0-499_48352cd1,331,4,29,1,1
20260912_215351_529_traffic_scan_env2025_seed0-499_48352cd1,331,4,30,0,1
20260912_215351_529_traffic_scan_env2025_seed0-499_48352cd1,331,4,30,1,1
20260912_215351_529_traffic_scan_env2025_seed0-499_48352cd1,331,4,31,1,1
20260912_215351_529_traffic_scan_env2025_seed0-499_48352cd1,331,4,32,2,1
20260912_215351_529_traffic_scan_env2025_seed0-499_48352cd1,331,4,33,2,1
20260912_215351_529_traffic_scan_env2025_seed0-499_48352cd1,331,4,34,1,4
20260912_215351_529_traffic_scan_env2025_seed0-499_48352cd1,331,4,35,1,1
20260912_215351_529_traffic_scan_env2025_seed0-499_48352cd1,331,4,36,1,1
20260912_215351_529_traffic_scan_env2025_seed0-499_48352cd1,331,4,37,1,1
20260912_215351_529_traffic_scan_env2025_seed0-499_48352cd1,331,4,38,0,2
20260912_215351_529_traffic_scan_env2025_seed0-499_48352cd1,331,4,38,1,1
20260912_215351_529_traffic_scan_env2025_seed0-499_48352cd1,331,4,39,1,1
20260912_215351_529_traffic_scan_env2025_seed0-499_48352cd1,331,4,40,1,1
20260912_215351_529_traffic_scan_env2025_seed0-499_48352cd1,331,4,41,0,1
20260912_215351_529_traffic_scan_env2025_seed0-499_48352cd1,331,4,41,1,2
20260912_215351_529_traffic_scan_env2025_seed0-499_48352cd1,331,4,42,0,2
20260912_215351_529_traffic_scan_env2025_seed0-499_48352cd1,331,4,42,1,2
20260912_215351_529_traffic_scan_env2025_seed0-499_48352cd1,331,4,43,0,1
20260912_215351_529_traffic_scan_env2025_seed0-499_48352cd1,331,4,43,1,2
20260912_215351_529_traffic_scan_env2025_seed0-499_48352cd1,331,4,44,1,2
20260912_215351_529_traffic_scan_env2025_seed0-499_48352cd1,331,4,45,1,2
20260912_215351_529_traffic_scan_env2025_seed0-499_48352cd1,331,4,46,0,2
20260912_215351_529_traffic_scan_env2025_seed0-499_48352cd1,331,4,46,1,1
20260912_215351_529_traffic_scan_env2025_seed0-499_48352cd1,331,4,47,0,2
20260912_215351_529_traffic_scan_env2025_seed0-499_48352cd1,331,4,47,1,1
20260912_215351_529_traffic_scan_env2025_seed0-499_48352cd1,331,4,48,0,1
20260912_215351_529_traffic_scan_env2025_seed0-499_48352cd1,331,4,48,1,1
20260912_215351_529_traffic_scan_env2025_seed0-499_48352cd1,331,4,49,0,2
20260912_215351_529_traffic_scan_env2025_seed0-499_48352cd1,331,4,49,1,1
20260912_215351_529_traffic_scan_env2025_seed0-499_48352cd1,331,4,50,0,3
20260912_215351_529_traffic_scan_env2025_seed0-499_48352cd1,331,4,50,1,1
20260912_215351_529_traffic_scan_env2025_seed0-499_48352cd1,331,4,51,0,1
20260912_215351_529_traffic_scan_env2025_seed0-499_48352cd1,331,4,51,1,1
20260912_215351_529_traffic_scan_env2025_seed0-499_48352cd1,331,4,52,0,4
20260912_215351_529_traffic_scan_env2025_seed0-499_48352cd1,331,4,52,1,1
20260912_215351_529_traffic_scan_env2025_seed0-499_48352cd1,331,4,53,0,2
20260912_215351_529_traffic_scan_env2025_seed0-499_48352cd1,331,4,54,0,1
20260912_215351_529_traffic_scan_env2025_seed0-499_48352cd1,331,4,55,0,2
20260912_215351_529_traffic_scan_env2025_seed0-499_48352cd1,331,4,56,0,1
20260912_215351_529_traffic_scan_env2025_seed0-499_48352cd1,331,4,57,0,1
20260912_215351_529_traffic_scan_env2025_seed0-499_48352cd1,331,4,58,0,2
20260912_215351_529_traffic_scan_env2025_seed0-499_48352cd1,331,4,59,0,1
20260912_215351_529_traffic_scan_env2025_seed0-499_48352cd1,331,5,3,0,1
20260912_215351_529_traffic_scan_env2025_seed0-499_48352cd1,331,5,5,0,2
20260912_215351_529_traffic_scan_env2025_seed0-499_48352cd1,331,5,7,0,2
20260912_215351_529_traffic_scan_env2025_seed0-499_48352cd1,331,5,7,1,1
20260912_215351_529_traffic_scan_env2025_seed0-499_48352cd1,331,5,9,0,2
20260912_215351_529_traffic_scan_env2025_seed0-499_48352cd1,331,5,10,0,1
20260912_215351_529_traffic_scan_env2025_seed0-499_48352cd1,331,5,10,1,1
20260912_215351_529_traffic_scan_env2025_seed0-499_48352cd1,331,5,13,0,1
20260912_215351_529_traffic_scan_env2025_seed0-499_48352cd1,331,5,15,1,1
20260912_215351_529_traffic_scan_env2025_seed0-499_48352cd1,331,5,16,1,1
20260912_215351_529_traffic_scan_env2025_seed0-499_48352cd1,331,5,17,1,1
20260912_215351_529_traffic_scan_env2025_seed0-499_48352cd1,331,5,18,1,1
20260912_215351_529_traffic_scan_env2025_seed0-499_48352cd1,331,5,19,0,1
20260912_215351_529_traffic_scan_env2025_seed0-499_48352cd1,331,5,19,1,1
20260912_215351_529_traffic_scan_env2025_seed0-499_48352cd1,331,5,20,0,1
20260912_215351_529_traffic_scan_env2025_seed0-499_48352cd1,331,5,20,1,1
20260912_215351_529_traffic_scan_env2025_seed0-499_48352cd1,331,5,21,0,1
20260912_215351_529_traffic_scan_env2025_seed0-499_48352cd1,331,5,21,1,2
20260912_215351_529_traffic_scan_env2025_seed0-499_48352cd1,331,5,22,0,2
20260912_215351_529_traffic_scan_env2025_seed0-499_48352cd1,331,5,22,1,1
20260912_215351_529_traffic_scan_env2025_seed0-499_48352cd1,331,5,23,0,1
20260912_215351_529_traffic_scan_env2025_seed0-499_48352cd1,331,5,23,1,1
20260912_215351_529_traffic_scan_env2025_seed0-499_48352cd1,331,5,24,1,1
20260912_215351_529_traffic_scan_env2025_seed0-499_48352cd1,331,5,25,1,1
20260912_215351_529_traffic_scan_env2025_seed0-499_48352cd1,331,5,26,1,1
20260912_215351_529_traffic_scan_env2025_seed0-499_48352cd1,331,5,27,1,1
20260912_215351_529_traffic_scan_env2025_seed0-499_48352cd1,331,5,28,0,1
20260912_215351_529_traffic_scan_env2025_seed0-499_48352cd1,331,5,28,1,1
20260912_215351_529_traffic_scan_env2025_seed0-499_48352cd1,331,5,29,0,1
20260912_215351_529_traffic_scan_env2025_seed0-499_48352cd1,331,5,29,1,1
20260912_215351_529_traffic_scan_env2025_seed0-499_48352cd1,331,5,30,0,1
20260912_215351_529_traffic_scan_env2025_seed0-499_48352cd1,331,5,30,1,1
20260912_215351_529_traffic_scan_env2025_seed0-499_48352cd1,331,5,31,1,1
20260912_215351_529_traffic_scan_env2025_seed0-499_48352cd1,331,5,32,2,1
20260912_215351_529_traffic_scan_env2025_seed0-499_48352cd1,331,5,33,2,1
20260912_215351_529_traffic_scan_env2025_seed0-499_48352cd1,331,5,34,0,3
20260912_215351_529_traffic_scan_env2025_seed0-499_48352cd1,331,5,34,1,1
20260912_215351_529_traffic_scan_env2025_seed0-499_48352cd1,331,5,35,1,1
20260912_215351_529_traffic_scan_env2025_seed0-499_48352cd1,331,5,36,1,1
20260912_215351_529_traffic_scan_env2025_seed0-499_48352cd1,331,5,37,2,1
20260912_215351_529_traffic_scan_env2025_seed0-499_48352cd1,331,5,38,2,1
20260912_215351_529_traffic_scan_env2025_seed0-499_48352cd1,331,5,39,1,3
20260912_215351_529_traffic_scan_env2025_seed0-499_48352cd1,331,5,40,0,1
20260912_215351_529_traffic_scan_env2025_seed0-499_48352cd1,331,5,40,1,1
20260912_215351_529_traffic_scan_env2025_seed0-499_48352cd1,331,5,41,2,1
20260912_215351_529_traffic_scan_env2025_seed0-499_48352cd1,331,5,42,2,1
20260912_215351_529_traffic_scan_env2025_seed0-499_48352cd1,331,5,43,0,3
20260912_215351_529_traffic_scan_env2025_seed0-499_48352cd1,331,5,44,0,1
20260912_215351_529_traffic_scan_env2025_seed0-499_48352cd1,331,5,46,0,1
20260912_215351_529_traffic_scan_env2025_seed0-499_48352cd1,331,5,47,0,1
20260912_215351_529_traffic_scan_env2025_seed0-499_48352cd1,331,5,49,0,2
20260912_215351_529_traffic_scan_env2025_seed0-499_48352cd1,331,5,50,0,1
20260912_215351_529_traffic_scan_env2025_seed0-499_48352cd1,331,5,51,0,3
20260912_215351_529_traffic_scan_env2025_seed0-499_48352cd1,331,5,53,0,1
20260912_215351_529_traffic_scan_env2025_seed0-499_48352cd1,331,5,55,0,1
20260912_215351_529_traffic_scan_env2025_seed0-499_48352cd1,331,5,58,0,2
20260912_215351_529_traffic_scan_env2025_seed0-499_48352cd1,331,6,3,0,1
20260912_215351_529_traffic_scan_env2025_seed0-499_48352cd1,331,6,4,0,2
20260912_215351_529_traffic_scan_env2025_seed0-499_48352cd1,331,6,5,0,1
20260912_215351_529_traffic_scan_env2025_seed0-499_48352cd1,331,6,6,0,4
20260912_215351_529_traffic_scan_env2025_seed0-499_48352cd1,331,6,7,0,3
20260912_215351_529_traffic_scan_env2025_seed0-499_48352cd1,331,6,8,0,3
20260912_215351_529_traffic_scan_env2025_seed0-499_48352cd1,331,6,8,1,1
20260912_215351_529_traffic_scan_env2025_seed0-499_48352cd1,331,6,9,0,4
20260912_215351_529_traffic_scan_env2025_seed0-499_48352cd1,331,6,10,0,1
20260912_215351_529_traffic_scan_env2025_seed0-499_48352cd1,331,6,11,0,1
20260912_215351_529_traffic_scan_env2025_seed0-499_48352cd1,331,6,11,1,2
20260912_215351_529_traffic_scan_env2025_seed0-499_48352cd1,331,6,12,0,1
20260912_215351_529_traffic_scan_env2025_seed0-499_48352cd1,331,6,12,1,2
20260912_215351_529_traffic_scan_env2025_seed0-499_48352cd1,331,6,13,0,1
20260912_215351_529_traffic_scan_env2025_seed0-499_48352cd1,331,6,13,1,2
20260912_215351_529_traffic_scan_env2025_seed0-499_48352cd1,331,6,14,0,1
20260912_215351_529_traffic_scan_env2025_seed0-499_48352cd1,331,6,14,1,2
20260912_215351_529_traffic_scan_env2025_seed0-499_48352cd1,331,6,15,0,1
20260912_215351_529_traffic_scan_env2025_seed0-499_48352cd1,331,6,15,1,1
20260912_215351_529_traffic_scan_env2025_seed0-499_48352cd1,331,6,16,0,1
20260912_215351_529_traffic_scan_env2025_seed0-499_48352cd1,331,6,16,1,1
20260912_215351_529_traffic_scan_env2025_seed0-499_48352cd1,331,6,17,0,1
20260912_215351_529_traffic_scan_env2025_seed0-499_48352cd1,331,6,17,1,1
20260912_215351_529_traffic_scan_env2025_seed0-499_48352cd1,331,6,18,0,1
20260912_215351_529_traffic_scan_env2025_seed0-499_48352cd1,331,6,18,1,1
20260912_215351_529_traffic_scan_env2025_seed0-499_48352cd1,331,6,19,0,1
20260912_215351_529_traffic_scan_env2025_seed0-499_48352cd1,331,6,19,1,1
20260912_215351_529_traffic_scan_env2025_seed0-499_48352cd1,331,6,20,0,3
20260912_215351_529_traffic_scan_env2025_seed0-499_48352cd1,331,6,20,1,1
20260912_215351_529_traffic_scan_env2025_seed0-499_48352cd1,331,6,21,0,2
20260912_215351_529_traffic_scan_env2025_seed0-499_48352cd1,331,6,21,1,1
20260912_215351_529_traffic_scan_env2025_seed0-499_48352cd1,331,6,22,0,3
20260912_215351_529_traffic_scan_env2025_seed0-499_48352cd1,331,6,22,1,4
20260912_215351_529_traffic_scan_env2025_seed0-499_48352cd1,331,6,23,0,3
20260912_215351_529_traffic_scan_env2025_seed0-499_48352cd1,331,6,24,0,2
20260912_215351_529_traffic_scan_env2025_seed0-499_48352cd1,331,6,25,0,1
20260912_215351_529_traffic_scan_env2025_seed0-499_48352cd1,331,6,26,0,2
20260912_215351_529_traffic_scan_env2025_seed0-499_48352cd1,331,6,27,0,1
20260912_215351_529_traffic_scan_env2025_seed0-499_48352cd1,331,6,28,0,3
20260912_215351_529_traffic_scan_env2025_seed0-499_48352cd1,331,6,29,0,1
20260912_215351_529_traffic_scan_env2025_seed0-499_48352cd1,331,6,30,0,1
20260912_215351_529_traffic_scan_env2025_seed0-499_48352cd1,331,6,31,0,1
20260912_215351_529_traffic_scan_env2025_seed0-499_48352cd1,331,6,31,1,1
20260912_215351_529_traffic_scan_env2025_seed0-499_48352cd1,331,6,32,2,1
20260912_215351_529_traffic_scan_env2025_seed0-499_48352cd1,331,6,33,0,2
20260912_215351_529_traffic_scan_env2025_seed0-499_48352cd1,331,6,33,1,1
20260912_215351_529_traffic_scan_env2025_seed0-499_48352cd1,331,6,34,1,2
20260912_215351_529_traffic_scan_env2025_seed0-499_48352cd1,331,6,35,1,1
20260912_215351_529_traffic_scan_env2025_seed0-499_48352cd1,331,6,36,1,1
20260912_215351_529_traffic_scan_env2025_seed0-499_48352cd1,331,6,37,2,1
20260912_215351_529_traffic_scan_env2025_seed0-499_48352cd1,331,6,38,2,1
20260912_215351_529_traffic_scan_env2025_seed0-499_48352cd1,331,6,39,0,2
20260912_215351_529_traffic_scan_env2025_seed0-499_48352cd1,331,6,39,1,1
20260912_215351_529_traffic_scan_env2025_seed0-499_48352cd1,331,6,40,0,1
20260912_215351_529_traffic_scan_env2025_seed0-499_48352cd1,331,6,40,1,1
20260912_215351_529_traffic_scan_env2025_seed0-499_48352cd1,331,6,43,0,4
20260912_215351_529_traffic_scan_env2025_seed0-499_48352cd1,331,6,43,1,1
20260912_215351_529_traffic_scan_env2025_seed0-499_48352cd1,331,6,44,0,1
20260912_215351_529_traffic_scan_env2025_seed0-499_48352cd1,331,6,44,1,1
20260912_215351_529_traffic_scan_env2025_seed0-499_48352cd1,331,6,45,1,1
20260912_215351_529_traffic_scan_env2025_seed0-499_48352cd1,331,6,46,0,1
20260912_215351_529_traffic_scan_env2025_seed0-499_48352cd1,331,6,47,0,1
20260912_215351_529_traffic_scan_env2025_seed0-499_48352cd1,331,6,48,0,1
20260912_215351_529_traffic_scan_env2025_seed0-499_48352cd1,331,6,49,0,1
20260912_215351_529_traffic_scan_env2025_seed0-499_48352cd1,331,6,50,0,4
20260912_215351_529_traffic_scan_env2025_seed0-499_48352cd1,331,6,53,0,1
20260912_215351_529_traffic_scan_env2025_seed0-499_48352cd1,331,6,55,0,1
20260912_215351_529_traffic_scan_env2025_seed0-499_48352cd1,331,6,58,0,3
20260912_215351_529_traffic_scan_env2025_seed0-499_48352cd1,331,7,1,0,1
20260912_215351_529_traffic_scan_env2025_seed0-499_48352cd1,331,7,3,0,1
20260912_215351_529_traffic_scan_env2025_seed0-499_48352cd1,331,7,5,0,2
20260912_215351_529_traffic_scan_env2025_seed0-499_48352cd1,331,7,6,0,2
20260912_215351_529_traffic_scan_env2025_seed0-499_48352cd1,331,7,7,0,4
20260912_215351_529_traffic_scan_env2025_seed0-499_48352cd1,331,7,8,0,1
20260912_215351_529_traffic_scan_env2025_seed0-499_48352cd1,331,7,9,0,3
20260912_215351_529_traffic_scan_env2025_seed0-499_48352cd1,331,7,9,1,1
20260912_215351_529_traffic_scan_env2025_seed0-499_48352cd1,331,7,10,0,2
20260912_215351_529_traffic_scan_env2025_seed0-499_48352cd1,331,7,10,1,2
20260912_215351_529_traffic_scan_env2025_seed0-499_48352cd1,331,7,11,0,3
20260912_215351_529_traffic_scan_env2025_seed0-499_48352cd1,331,7,11,1,1
20260912_215351_529_traffic_scan_env2025_seed0-499_48352cd1,331,7,13,2,3
20260912_215351_529_traffic_scan_env2025_seed0-499_48352cd1,331,7,14,0,1
20260912_215351_529_traffic_scan_env2025_seed0-499_48352cd1,331,7,19,0,1
20260912_215351_529_traffic_scan_env2025_seed0-499_48352cd1,331,7,23,2,4
20260912_215351_529_traffic_scan_env2025_seed0-499_48352cd1,331,7,24,0,2
20260912_215351_529_traffic_scan_env2025_seed0-499_48352cd1,331,7,25,0,1
20260912_215351_529_traffic_scan_env2025_seed0-499_48352cd1,331,7,26,0,1
20260912_215351_529_traffic_scan_env2025_seed0-499_48352cd1,331,7,27,0,1
20260912_215351_529_traffic_scan_env2025_seed0-499_48352cd1,331,7,28,1,1
20260912_215351_529_traffic_scan_env2025_seed0-499_48352cd1,331,7,31,0,1
20260912_215351_529_traffic_scan_env2025_seed0-499_48352cd1,331,7,33,0,1
20260912_215351_529_traffic_scan_env2025_seed0-499_48352cd1,331,7,33,1,1
20260912_215351_529_traffic_scan_env2025_seed0-499_48352cd1,331,7,34,0,1
20260912_215351_529_traffic_scan_env2025_seed0-499_48352cd1,331,7,35,0,1
20260912_215351_529_traffic_scan_env2025_seed0-499_48352cd1,331,7,36,0,1
20260912_215351_529_traffic_scan_env2025_seed0-499_48352cd1,331,7,39,0,3
20260912_215351_529_traffic_scan_env2025_seed0-499_48352cd1,331,7,43,0,5
20260912_215351_529_traffic_scan_env2025_seed0-499_48352cd1,331,7,45,0,1
20260912_215351_529_traffic_scan_env2025_seed0-499_48352cd1,331,7,46,0,2
20260912_215351_529_traffic_scan_env2025_seed0-499_48352cd1,331,7,47,0,3
20260912_215351_529_traffic_scan_env2025_seed0-499_48352cd1,331,7,48,0,1
20260912_215351_529_traffic_scan_env2025_seed0-499_48352cd1,331,7,49,0,5
20260912_215351_529_traffic_scan_env2025_seed0-499_48352cd1,331,7,50,0,2
20260912_215351_529_traffic_scan_env2025_seed0-499_48352cd1,331,7,51,0,1
20260912_215351_529_traffic_scan_env2025_seed0-499_48352cd1,331,7,52,0,1
20260912_215351_529_traffic_scan_env2025_seed0-499_48352cd1,331,7,53,0,2
20260912_215351_529_traffic_scan_env2025_seed0-499_48352cd1,331,7,55,0,1
20260912_215351_529_traffic_scan_env2025_seed0-499_48352cd1,331,7,58,0,3
20260912_215351_529_traffic_scan_env2025_seed0-499_48352cd1,331,8,2,0,1
20260912_215351_529_traffic_scan_env2025_seed0-499_48352cd1,331,8,3,0,2
20260912_215351_529_traffic_scan_env2025_seed0-499_48352cd1,331,8,4,0,2
20260912_215351_529_traffic_scan_env2025_seed0-499_48352cd1,331,8,5,0,2
20260912_215351_529_traffic_scan_env2025_seed0-499_48352cd1,331,8,6,0,2
20260912_215351_529_traffic_scan_env2025_seed0-499_48352cd1,331,8,7,0,2
20260912_215351_529_traffic_scan_env2025_seed0-499_48352cd1,331,8,8,0,3
20260912_215351_529_traffic_scan_env2025_seed0-499_48352cd1,331,8,9,0,4
20260912_215351_529_traffic_scan_env2025_seed0-499_48352cd1,331,8,11,0,1
20260912_215351_529_traffic_scan_env2025_seed0-499_48352cd1,331,8,11,1,2
20260912_215351_529_traffic_scan_env2025_seed0-499_48352cd1,331,8,12,0,1
20260912_215351_529_traffic_scan_env2025_seed0-499_48352cd1,331,8,12,1,2
20260912_215351_529_traffic_scan_env2025_seed0-499_48352cd1,331,8,13,2,1
20260912_215351_529_traffic_scan_env2025_seed0-499_48352cd1,331,8,14,1,2
20260912_215351_529_traffic_scan_env2025_seed0-499_48352cd1,331,8,15,1,1
20260912_215351_529_traffic_scan_env2025_seed0-499_48352cd1,331,8,16,0,1
20260912_215351_529_traffic_scan_env2025_seed0-499_48352cd1,331,8,16,1,1
20260912_215351_529_traffic_scan_env2025_seed0-499_48352cd1,331,8,17,1,1
20260912_215351_529_traffic_scan_env2025_seed0-499_48352cd1,331,8,18,1,1
20260912_215351_529_traffic_scan_env2025_seed0-499_48352cd1,331,8,19,0,1
20260912_215351_529_traffic_scan_env2025_seed0-499_48352cd1,331,8,22,2,2
20260912_215351_529_traffic_scan_env2025_seed0-499_48352cd1,331,8,24,0,1
20260912_215351_529_traffic_scan_env2025_seed0-499_48352cd1,331,8,24,1,2
20260912_215351_529_traffic_scan_env2025_seed0-499_48352cd1,331,8,25,0,3
20260912_215351_529_traffic_scan_env2025_seed0-499_48352cd1,331,8,26,0,4
20260912_215351_529_traffic_scan_env2025_seed0-499_48352cd1,331,8,27,0,1
20260912_215351_529_traffic_scan_env2025_seed0-499_48352cd1,331,8,28,0,2
20260912_215351_529_traffic_scan_env2025_seed0-499_48352cd1,331,8,32,0,3
20260912_215351_529_traffic_scan_env2025_seed0-499_48352cd1,331,8,33,0,1
20260912_215351_529_traffic_scan_env2025_seed0-499_48352cd1,331,8,33,1,1
20260912_215351_529_traffic_scan_env2025_seed0-499_48352cd1,331,8,34,0,1
20260912_215351_529_traffic_scan_env2025_seed0-499_48352cd1,331,8,34,1,1
20260912_215351_529_traffic_scan_env2025_seed0-499_48352cd1,331,8,36,0,2
20260912_215351_529_traffic_scan_env2025_seed0-499_48352cd1,331,8,39,0,3
20260912_215351_529_traffic_scan_env2025_seed0-499_48352cd1,331,8,40,0,1
20260912_215351_529_traffic_scan_env2025_seed0-499_48352cd1,331,8,41,0,5
20260912_215351_529_traffic_scan_env2025_seed0-499_48352cd1,331,8,42,0,4
20260912_215351_529_traffic_scan_env2025_seed0-499_48352cd1,331,8,42,1,1
20260912_215351_529_traffic_scan_env2025_seed0-499_48352cd1,331,8,43,0,3
20260912_215351_529_traffic_scan_env2025_seed0-499_48352cd1,331,8,44,0,3
20260912_215351_529_traffic_scan_env2025_seed0-499_48352cd1,331,8,46,0,4
20260912_215351_529_traffic_scan_env2025_seed0-499_48352cd1,331,8,49,0,4
20260912_215351_529_traffic_scan_env2025_seed0-499_48352cd1,331,8,50,0,1
20260912_215351_529_traffic_scan_env2025_seed0-499_48352cd1,331,8,51,0,2
20260912_215351_529_traffic_scan_env2025_seed0-499_48352cd1,331,8,53,0,1
20260912_215351_529_traffic_scan_env2025_seed0-499_48352cd1,331,8,55,0,1
20260912_215351_529_traffic_scan_env2025_seed0-499_48352cd1,331,8,58,0,3
20260912_215351_529_traffic_scan_env2025_seed0-499_48352cd1,331,9,2,0,1
20260912_215351_529_traffic_scan_env2025_seed0-499_48352cd1,331,9,3,0,2
20260912_215351_529_traffic_scan_env2025_seed0-499_48352cd1,331,9,4,0,1
20260912_215351_529_traffic_scan_env2025_seed0-499_48352cd1,331,9,6,0,1
20260912_215351_529_traffic_scan_env2025_seed0-499_48352cd1,331,9,7,0,2
20260912_215351_529_traffic_scan_env2025_seed0-499_48352cd1,331,9,8,0,1
20260912_215351_529_traffic_scan_env2025_seed0-499_48352cd1,331,9,9,0,4
20260912_215351_529_traffic_scan_env2025_seed0-499_48352cd1,331,9,10,0,2
20260912_215351_529_traffic_scan_env2025_seed0-499_48352cd1,331,9,11,0,1
20260912_215351_529_traffic_scan_env2025_seed0-499_48352cd1,331,9,12,0,2
20260912_215351_529_traffic_scan_env2025_seed0-499_48352cd1,331,9,12,1,2
20260912_215351_529_traffic_scan_env2025_seed0-499_48352cd1,331,9,13,2,2
20260912_215351_529_traffic_scan_env2025_seed0-499_48352cd1,331,9,14,1,1
20260912_215351_529_traffic_scan_env2025_seed0-499_48352cd1,331,9,16,0,1
20260912_215351_529_traffic_scan_env2025_seed0-499_48352cd1,331,9,19,1,1
20260912_215351_529_traffic_scan_env2025_seed0-499_48352cd1,331,9,20,0,1
20260912_215351_529_traffic_scan_env2025_seed0-499_48352cd1,331,9,21,0,1
20260912_215351_529_traffic_scan_env2025_seed0-499_48352cd1,331,9,22,0,1
20260912_215351_529_traffic_scan_env2025_seed0-499_48352cd1,331,9,22,1,1
20260912_215351_529_traffic_scan_env2025_seed0-499_48352cd1,331,9,23,0,1
20260912_215351_529_traffic_scan_env2025_seed0-499_48352cd1,331,9,23,1,1
20260912_215351_529_traffic_scan_env2025_seed0-499_48352cd1,331,9,25,0,1
20260912_215351_529_traffic_scan_env2025_seed0-499_48352cd1,331,9,25,1,2
20260912_215351_529_traffic_scan_env2025_seed0-499_48352cd1,331,9,26,0,3
20260912_215351_529_traffic_scan_env2025_seed0-499_48352cd1,331,9,27,0,1
20260912_215351_529_traffic_scan_env2025_seed0-499_48352cd1,331,9,29,0,2
20260912_215351_529_traffic_scan_env2025_seed0-499_48352cd1,331,9,30,0,1
20260912_215351_529_traffic_scan_env2025_seed0-499_48352cd1,331,9,31,0,3
20260912_215351_529_traffic_scan_env2025_seed0-499_48352cd1,331,9,33,2,2
20260912_215351_529_traffic_scan_env2025_seed0-499_48352cd1,331,9,37,0,2
20260912_215351_529_traffic_scan_env2025_seed0-499_48352cd1,331,9,38,0,4
20260912_215351_529_traffic_scan_env2025_seed0-499_48352cd1,331,9,39,0,3
20260912_215351_529_traffic_scan_env2025_seed0-499_48352cd1,331,9,40,0,6
20260912_215351_529_traffic_scan_env2025_seed0-499_48352cd1,331,9,42,1,1
20260912_215351_529_traffic_scan_env2025_seed0-499_48352cd1,331,9,43,0,1
20260912_215351_529_traffic_scan_env2025_seed0-499_48352cd1,331,9,45,0,4
20260912_215351_529_traffic_scan_env2025_seed0-499_48352cd1,331,9,45,1,1
20260912_215351_529_traffic_scan_env2025_seed0-499_48352cd1,331,9,46,1,2
20260912_215351_529_traffic_scan_env2025_seed0-499_48352cd1,331,9,47,0,3
20260912_215351_529_traffic_scan_env2025_seed0-499_48352cd1,331,9,47,1,1
20260912_215351_529_traffic_scan_env2025_seed0-499_48352cd1,331,9,48,0,6
20260912_215351_529_traffic_scan_env2025_seed0-499_48352cd1,331,9,49,0,3
20260912_215351_529_traffic_scan_env2025_seed0-499_48352cd1,331,9,50,0,3
20260912_215351_529_traffic_scan_env2025_seed0-499_48352cd1,331,9,52,0,2
20260912_215351_529_traffic_scan_env2025_seed0-499_48352cd1,331,9,53,0,1
20260912_215351_529_traffic_scan_env2025_seed0-499_48352cd1,331,9,53,1,1
20260912_215351_529_traffic_scan_env2025_seed0-499_48352cd1,331,9,55,0,1
20260912_215351_529_traffic_scan_env2025_seed0-499_48352cd1,331,9,57,0,1
20260912_215351_529_traffic_scan_env2025_seed0-499_48352cd1,331,9,58,0,2
20260912_215351_529_traffic_scan_env2025_seed0-499_48352cd1,331,10,1,0,1
20260912_215351_529_traffic_scan_env2025_seed0-499_48352cd1,331,10,3,0,2
20260912_215351_529_traffic_scan_env2025_seed0-499_48352cd1,331,10,4,0,3
20260912_215351_529_traffic_scan_env2025_seed0-499_48352cd1,331,10,6,1,2
20260912_215351_529_traffic_scan_env2025_seed0-499_48352cd1,331,10,7,0,2
20260912_215351_529_traffic_scan_env2025_seed0-499_48352cd1,331,10,8,0,4
20260912_215351_529_traffic_scan_env2025_seed0-499_48352cd1,331,10,9,0,3
20260912_215351_529_traffic_scan_env2025_seed0-499_48352cd1,331,10,10,0,2
20260912_215351_529_traffic_scan_env2025_seed0-499_48352cd1,331,10,13,0,2
20260912_215351_529_traffic_scan_env2025_seed0-499_48352cd1,331,10,13,1,3
20260912_215351_529_traffic_scan_env2025_seed0-499_48352cd1,331,10,14,0,3
20260912_215351_529_traffic_scan_env2025_seed0-499_48352cd1,331,10,14,1,1
20260912_215351_529_traffic_scan_env2025_seed0-499_48352cd1,331,10,15,0,1
20260912_215351_529_traffic_scan_env2025_seed0-499_48352cd1,331,10,16,0,2
20260912_215351_529_traffic_scan_env2025_seed0-499_48352cd1,331,10,17,0,1
20260912_215351_529_traffic_scan_env2025_seed0-499_48352cd1,331,10,18,0,1
20260912_215351_529_traffic_scan_env2025_seed0-499_48352cd1,331,10,19,0,1
20260912_215351_529_traffic_scan_env2025_seed0-499_48352cd1,331,10,20,0,2
20260912_215351_529_traffic_scan_env2025_seed0-499_48352cd1,331,10,20,1,1
20260912_215351_529_traffic_scan_env2025_seed0-499_48352cd1,331,10,23,0,2
20260912_215351_529_traffic_scan_env2025_seed0-499_48352cd1,331,10,23,1,1
20260912_215351_529_traffic_scan_env2025_seed0-499_48352cd1,331,10,24,0,1
20260912_215351_529_traffic_scan_env2025_seed0-499_48352cd1,331,10,26,0,3
20260912_215351_529_traffic_scan_env2025_seed0-499_48352cd1,331,10,26,1,2
20260912_215351_529_traffic_scan_env2025_seed0-499_48352cd1,331,10,28,0,2
20260912_215351_529_traffic_scan_env2025_seed0-499_48352cd1,331,10,32,0,2
20260912_215351_529_traffic_scan_env2025_seed0-499_48352cd1,331,10,32,1,1
20260912_215351_529_traffic_scan_env2025_seed0-499_48352cd1,331,10,33,1,1
20260912_215351_529_traffic_scan_env2025_seed0-499_48352cd1,331,10,34,0,1
20260912_215351_529_traffic_scan_env2025_seed0-499_48352cd1,331,10,34,1,1
20260912_215351_529_traffic_scan_env2025_seed0-499_48352cd1,331,10,37,0,4
20260912_215351_529_traffic_scan_env2025_seed0-499_48352cd1,331,10,39,0,3
20260912_215351_529_traffic_scan_env2025_seed0-499_48352cd1,331,10,41,0,2
20260912_215351_529_traffic_scan_env2025_seed0-499_48352cd1,331,10,42,1,1
20260912_215351_529_traffic_scan_env2025_seed0-499_48352cd1,331,10,43,0,1
20260912_215351_529_traffic_scan_env2025_seed0-499_48352cd1,331,10,44,0,1
20260912_215351_529_traffic_scan_env2025_seed0-499_48352cd1,331,10,45,1,1
20260912_215351_529_traffic_scan_env2025_seed0-499_48352cd1,331,10,46,0,1
20260912_215351_529_traffic_scan_env2025_seed0-499_48352cd1,331,10,47,0,2
20260912_215351_529_traffic_scan_env2025_seed0-499_48352cd1,331,10,47,1,1
20260912_215351_529_traffic_scan_env2025_seed0-499_48352cd1,331,10,48,0,2
20260912_215351_529_traffic_scan_env2025_seed0-499_48352cd1,331,10,49,0,2
20260912_215351_529_traffic_scan_env2025_seed0-499_48352cd1,331,10,50,0,1
20260912_215351_529_traffic_scan_env2025_seed0-499_48352cd1,331,10,53,1,1
20260912_215351_529_traffic_scan_env2025_seed0-499_48352cd1,331,10,55,0,1
20260912_215351_529_traffic_scan_env2025_seed0-499_48352cd1,331,10,56,0,1
20260912_215351_529_traffic_scan_env2025_seed0-499_48352cd1,331,10,58,0,2
20260912_215351_529_traffic_scan_env2025_seed0-499_48352cd1,331,11,0,0,1
20260912_215351_529_traffic_scan_env2025_seed0-499_48352cd1,331,11,3,0,1
20260912_215351_529_traffic_scan_env2025_seed0-499_48352cd1,331,11,5,1,3
20260912_215351_529_traffic_scan_env2025_seed0-499_48352cd1,331,11,6,1,1
20260912_215351_529_traffic_scan_env2025_seed0-499_48352cd1,331,11,7,0,2
20260912_215351_529_traffic_scan_env2025_seed0-499_48352cd1,331,11,8,0,1
20260912_215351_529_traffic_scan_env2025_seed0-499_48352cd1,331,11,8,1,1
20260912_215351_529_traffic_scan_env2025_seed0-499_48352cd1,331,11,9,0,3
20260912_215351_529_traffic_scan_env2025_seed0-499_48352cd1,331,11,9,1,1
20260912_215351_529_traffic_scan_env2025_seed0-499_48352cd1,331,11,10,1,1
20260912_215351_529_traffic_scan_env2025_seed0-499_48352cd1,331,11,11,0,1
20260912_215351_529_traffic_scan_env2025_seed0-499_48352cd1,331,11,11,1,2
20260912_215351_529_traffic_scan_env2025_seed0-499_48352cd1,331,11,12,1,2
20260912_215351_529_traffic_scan_env2025_seed0-499_48352cd1,331,11,13,1,3
20260912_215351_529_traffic_scan_env2025_seed0-499_48352cd1,331,11,14,0,4
20260912_215351_529_traffic_scan_env2025_seed0-499_48352cd1,331,11,14,1,4
20260912_215351_529_traffic_scan_env2025_seed0-499_48352cd1,331,11,15,1,1
20260912_215351_529_traffic_scan_env2025_seed0-499_48352cd1,331,11,16,0,1
20260912_215351_529_traffic_scan_env2025_seed0-499_48352cd1,331,11,21,0,1
20260912_215351_529_traffic_scan_env2025_seed0-499_48352cd1,331,11,21,1,1
20260912_215351_529_traffic_scan_env2025_seed0-499_48352cd1,331,11,22,0,2
20260912_215351_529_traffic_scan_env2025_seed0-499_48352cd1,331,11,22,1,1
20260912_215351_529_traffic_scan_env2025_seed0-499_48352cd1,331,11,23,1,1
20260912_215351_529_traffic_scan_env2025_seed0-499_48352cd1,331,11,26,0,3
20260912_215351_529_traffic_scan_env2025_seed0-499_48352cd1,331,11,27,2,2
20260912_215351_529_traffic_scan_env2025_seed0-499_48352cd1,331,11,28,0,1
20260912_215351_529_traffic_scan_env2025_seed0-499_48352cd1,331,11,29,0,1
20260912_215351_529_traffic_scan_env2025_seed0-499_48352cd1,331,11,32,0,2
20260912_215351_529_traffic_scan_env2025_seed0-499_48352cd1,331,11,32,1,1
20260912_215351_529_traffic_scan_env2025_seed0-499_48352cd1,331,11,33,2,1
20260912_215351_529_traffic_scan_env2025_seed0-499_48352cd1,331,11,34,2,1
20260912_215351_529_traffic_scan_env2025_seed0-499_48352cd1,331,11,36,0,2
20260912_215351_529_traffic_scan_env2025_seed0-499_48352cd1,331,11,38,0,4
20260912_215351_529_traffic_scan_env2025_seed0-499_48352cd1,331,11,39,0,1
20260912_215351_529_traffic_scan_env2025_seed0-499_48352cd1,331,11,42,0,2
20260912_215351_529_traffic_scan_env2025_seed0-499_48352cd1,331,11,42,1,1
20260912_215351_529_traffic_scan_env2025_seed0-499_48352cd1,331,11,43,0,2
20260912_215351_529_traffic_scan_env2025_seed0-499_48352cd1,331,11,45,1,1
20260912_215351_529_traffic_scan_env2025_seed0-499_48352cd1,331,11,46,0,2
20260912_215351_529_traffic_scan_env2025_seed0-499_48352cd1,331,11,47,0,2
20260912_215351_529_traffic_scan_env2025_seed0-499_48352cd1,331,11,47,1,1
20260912_215351_529_traffic_scan_env2025_seed0-499_48352cd1,331,11,48,0,1
20260912_215351_529_traffic_scan_env2025_seed0-499_48352cd1,331,11,48,1,1
20260912_215351_529_traffic_scan_env2025_seed0-499_48352cd1,331,11,50,0,1
20260912_215351_529_traffic_scan_env2025_seed0-499_48352cd1,331,11,50,1,1
20260912_215351_529_traffic_scan_env2025_seed0-499_48352cd1,331,11,53,1,1
20260912_215351_529_traffic_scan_env2025_seed0-499_48352cd1,331,11,55,0,2
20260912_215351_529_traffic_scan_env2025_seed0-499_48352cd1,331,11,58,0,2
20260912_215351_529_traffic_scan_env2025_seed0-499_48352cd1,331,12,0,0,1
20260912_215351_529_traffic_scan_env2025_seed0-499_48352cd1,331,12,1,0,1
20260912_215351_529_traffic_scan_env2025_seed0-499_48352cd1,331,12,2,0,1
20260912_215351_529_traffic_scan_env2025_seed0-499_48352cd1,331,12,3,0,2
20260912_215351_529_traffic_scan_env2025_seed0-499_48352cd1,331,12,4,0,1
20260912_215351_529_traffic_scan_env2025_seed0-499_48352cd1,331,12,5,0,1
20260912_215351_529_traffic_scan_env2025_seed0-499_48352cd1,331,12,6,0,3
20260912_215351_529_traffic_scan_env2025_seed0-499_48352cd1,331,12,6,1,2
20260912_215351_529_traffic_scan_env2025_seed0-499_48352cd1,331,12,7,0,2
20260912_215351_529_traffic_scan_env2025_seed0-499_48352cd1,331,12,8,0,1
20260912_215351_529_traffic_scan_env2025_seed0-499_48352cd1,331,12,9,0,1
20260912_215351_529_traffic_scan_env2025_seed0-499_48352cd1,331,12,10,0,2
20260912_215351_529_traffic_scan_env2025_seed0-499_48352cd1,331,12,11,0,1
20260912_215351_529_traffic_scan_env2025_seed0-499_48352cd1,331,12,12,0,2
20260912_215351_529_traffic_scan_env2025_seed0-499_48352cd1,331,12,13,0,1
20260912_215351_529_traffic_scan_env2025_seed0-499_48352cd1,331,12,13,1,1
20260912_215351_529_traffic_scan_env2025_seed0-499_48352cd1,331,12,15,0,4
20260912_215351_529_traffic_scan_env2025_seed0-499_48352cd1,331,12,15,1,4
20260912_215351_529_traffic_scan_env2025_seed0-499_48352cd1,331,12,16,0,2
20260912_215351_529_traffic_scan_env2025_seed0-499_48352cd1,331,12,16,1,2
20260912_215351_529_traffic_scan_env2025_seed0-499_48352cd1,331,12,17,0,1
20260912_215351_529_traffic_scan_env2025_seed0-499_48352cd1,331,12,17,1,1
20260912_215351_529_traffic_scan_env2025_seed0-499_48352cd1,331,12,18,0,1
20260912_215351_529_traffic_scan_env2025_seed0-499_48352cd1,331,12,21,0,3
20260912_215351_529_traffic_scan_env2025_seed0-499_48352cd1,331,12,21,1,1
20260912_215351_529_traffic_scan_env2025_seed0-499_48352cd1,331,12,22,0,2
20260912_215351_529_traffic_scan_env2025_seed0-499_48352cd1,331,12,22,1,1
20260912_215351_529_traffic_scan_env2025_seed0-499_48352cd1,331,12,23,1,2
20260912_215351_529_traffic_scan_env2025_seed0-499_48352cd1,331,12,26,0,1
20260912_215351_529_traffic_scan_env2025_seed0-499_48352cd1,331,12,27,0,2
20260912_215351_529_traffic_scan_env2025_seed0-499_48352cd1,331,12,27,1,1
20260912_215351_529_traffic_scan_env2025_seed0-499_48352cd1,331,12,28,0,1
20260912_215351_529_traffic_scan_env2025_seed0-499_48352cd1,331,12,28,1,2
20260912_215351_529_traffic_scan_env2025_seed0-499_48352cd1,331,12,30,0,1
20260912_215351_529_traffic_scan_env2025_seed0-499_48352cd1,331,12,32,0,3
20260912_215351_529_traffic_scan_env2025_seed0-499_48352cd1,331,12,32,1,1
20260912_215351_529_traffic_scan_env2025_seed0-499_48352cd1,331,12,33,2,1
20260912_215351_529_traffic_scan_env2025_seed0-499_48352cd1,331,12,35,0,2
20260912_215351_529_traffic_scan_env2025_seed0-499_48352cd1,331,12,35,1,1
20260912_215351_529_traffic_scan_env2025_seed0-499_48352cd1,331,12,36,0,1
20260912_215351_529_traffic_scan_env2025_seed0-499_48352cd1,331,12,36,1,1
20260912_215351_529_traffic_scan_env2025_seed0-499_48352cd1,331,12,37,0,1
20260912_215351_529_traffic_scan_env2025_seed0-499_48352cd1,331,12,37,1,1
20260912_215351_529_traffic_scan_env2025_seed0-499_48352cd1,331,12,38,0,3
20260912_215351_529_traffic_scan_env2025_seed0-499_48352cd1,331,12,41,0,1
20260912_215351_529_traffic_scan_env2025_seed0-499_48352cd1,331,12,41,1,1
20260912_215351_529_traffic_scan_env2025_seed0-499_48352cd1,331,12,42,0,1
20260912_215351_529_traffic_scan_env2025_seed0-499_48352cd1,331,12,42,1,1
20260912_215351_529_traffic_scan_env2025_seed0-499_48352cd1,331,12,43,0,1
20260912_215351_529_traffic_scan_env2025_seed0-499_48352cd1,331,12,44,0,1
20260912_215351_529_traffic_scan_env2025_seed0-499_48352cd1,331,12,45,0,2
20260912_215351_529_traffic_scan_env2025_seed0-499_48352cd1,331,12,45,1,1
20260912_215351_529_traffic_scan_env2025_seed0-499_48352cd1,331,12,46,0,1
20260912_215351_529_traffic_scan_env2025_seed0-499_48352cd1,331,12,47,1,1
20260912_215351_529_traffic_scan_env2025_seed0-499_48352cd1,331,12,48,0,2
20260912_215351_529_traffic_scan_env2025_seed0-499_48352cd1,331,12,48,1,1
20260912_215351_529_traffic_scan_env2025_seed0-499_48352cd1,331,12,50,0,1
20260912_215351_529_traffic_scan_env2025_seed0-499_48352cd1,331,12,50,1,1
20260912_215351_529_traffic_scan_env2025_seed0-499_48352cd1,331,12,51,0,1
20260912_215351_529_traffic_scan_env2025_seed0-499_48352cd1,331,12,53,1,1
20260912_215351_529_traffic_scan_env2025_seed0-499_48352cd1,331,12,54,0,1
20260912_215351_529_traffic_scan_env2025_seed0-499_48352cd1,331,12,55,0,1
20260912_215351_529_traffic_scan_env2025_seed0-499_48352cd1,331,12,58,0,3
20260912_215351_529_traffic_scan_env2025_seed0-499_48352cd1,331,13,4,1,1
20260912_215351_529_traffic_scan_env2025_seed0-499_48352cd1,331,13,5,0,1
20260912_215351_529_traffic_scan_env2025_seed0-499_48352cd1,331,13,6,0,1
20260912_215351_529_traffic_scan_env2025_seed0-499_48352cd1,331,13,7,1,2
20260912_215351_529_traffic_scan_env2025_seed0-499_48352cd1,331,13,8,0,2
20260912_215351_529_traffic_scan_env2025_seed0-499_48352cd1,331,13,10,0,1
20260912_215351_529_traffic_scan_env2025_seed0-499_48352cd1,331,13,11,0,2
20260912_215351_529_traffic_scan_env2025_seed0-499_48352cd1,331,13,13,0,1
20260912_215351_529_traffic_scan_env2025_seed0-499_48352cd1,331,13,13,1,1
20260912_215351_529_traffic_scan_env2025_seed0-499_48352cd1,331,13,15,0,1
20260912_215351_529_traffic_scan_env2025_seed0-499_48352cd1,331,13,16,0,3
20260912_215351_529_traffic_scan_env2025_seed0-499_48352cd1,331,13,16,1,4
20260912_215351_529_traffic_scan_env2025_seed0-499_48352cd1,331,13,18,1,1
20260912_215351_529_traffic_scan_env2025_seed0-499_48352cd1,331,13,19,0,1
20260912_215351_529_traffic_scan_env2025_seed0-499_48352cd1,331,13,19,1,1
20260912_215351_529_traffic_scan_env2025_seed0-499_48352cd1,331,13,20,0,2
20260912_215351_529_traffic_scan_env2025_seed0-499_48352cd1,331,13,20,1,1
20260912_215351_529_traffic_scan_env2025_seed0-499_48352cd1,331,13,21,0,1
20260912_215351_529_traffic_scan_env2025_seed0-499_48352cd1,331,13,23,0,2
20260912_215351_529_traffic_scan_env2025_seed0-499_48352cd1,331,13,23,1,2
20260912_215351_529_traffic_scan_env2025_seed0-499_48352cd1,331,13,24,0,1
20260912_215351_529_traffic_scan_env2025_seed0-499_48352cd1,331,13,24,1,2
20260912_215351_529_traffic_scan_env2025_seed0-499_48352cd1,331,13,25,1,1
20260912_215351_529_traffic_scan_env2025_seed0-499_48352cd1,331,13,26,0,2
20260912_215351_529_traffic_scan_env2025_seed0-499_48352cd1,331,13,26,1,1
20260912_215351_529_traffic_scan_env2025_seed0-499_48352cd1,331,13,27,2,2
20260912_215351_529_traffic_scan_env2025_seed0-499_48352cd1,331,13,28,2,1
20260912_215351_529_traffic_scan_env2025_seed0-499_48352cd1,331,13,29,0,1
20260912_215351_529_traffic_scan_env2025_seed0-499_48352cd1,331,13,29,1,3
20260912_215351_529_traffic_scan_env2025_seed0-499_48352cd1,331,13,30,1,1
20260912_215351_529_traffic_scan_env2025_seed0-499_48352cd1,331,13,31,0,2
20260912_215351_529_traffic_scan_env2025_seed0-499_48352cd1,331,13,31,1,1
20260912_215351_529_traffic_scan_env2025_seed0-499_48352cd1,331,13,32,0,1
20260912_215351_529_traffic_scan_env2025_seed0-499_48352cd1,331,13,32,1,2
20260912_215351_529_traffic_scan_env2025_seed0-499_48352cd1,331,13,33,0,2
20260912_215351_529_traffic_scan_env2025_seed0-499_48352cd1,331,13,33,1,2
20260912_215351_529_traffic_scan_env2025_seed0-499_48352cd1,331,13,34,0,3
20260912_215351_529_traffic_scan_env2025_seed0-499_48352cd1,331,13,34,1,1
20260912_215351_529_traffic_scan_env2025_seed0-499_48352cd1,331,13,35,2,1
20260912_215351_529_traffic_scan_env2025_seed0-499_48352cd1,331,13,36,2,3
20260912_215351_529_traffic_scan_env2025_seed0-499_48352cd1,331,13,39,0,2
20260912_215351_529_traffic_scan_env2025_seed0-499_48352cd1,331,13,39,1,1
20260912_215351_529_traffic_scan_env2025_seed0-499_48352cd1,331,13,41,0,2
20260912_215351_529_traffic_scan_env2025_seed0-499_48352cd1,331,13,41,1,1
20260912_215351_529_traffic_scan_env2025_seed0-499_48352cd1,331,13,42,1,1
20260912_215351_529_traffic_scan_env2025_seed0-499_48352cd1,331,13,44,0,4
20260912_215351_529_traffic_scan_env2025_seed0-499_48352cd1,331,13,45,0,1
20260912_215351_529_traffic_scan_env2025_seed0-499_48352cd1,331,13,45,1,1
20260912_215351_529_traffic_scan_env2025_seed0-499_48352cd1,331,13,47,2,1
20260912_215351_529_traffic_scan_env2025_seed0-499_48352cd1,331,13,48,0,1
20260912_215351_529_traffic_scan_env2025_seed0-499_48352cd1,331,13,48,1,1
20260912_215351_529_traffic_scan_env2025_seed0-499_48352cd1,331,13,49,0,2
20260912_215351_529_traffic_scan_env2025_seed0-499_48352cd1,331,13,50,1,1
20260912_215351_529_traffic_scan_env2025_seed0-499_48352cd1,331,13,52,0,1
20260912_215351_529_traffic_scan_env2025_seed0-499_48352cd1,331,13,53,0,1
20260912_215351_529_traffic_scan_env2025_seed0-499_48352cd1,331,13,53,1,1
20260912_215351_529_traffic_scan_env2025_seed0-499_48352cd1,331,13,55,0,1
20260912_215351_529_traffic_scan_env2025_seed0-499_48352cd1,331,13,58,0,2
20260912_215351_529_traffic_scan_env2025_seed0-499_48352cd1,331,13,59,0,1
20260912_215351_529_traffic_scan_env2025_seed0-499_48352cd1,331,14,4,0,1
20260912_215351_529_traffic_scan_env2025_seed0-499_48352cd1,331,14,4,1,1
20260912_215351_529_traffic_scan_env2025_seed0-499_48352cd1,331,14,7,0,1
20260912_215351_529_traffic_scan_env2025_seed0-499_48352cd1,331,14,8,1,2
20260912_215351_529_traffic_scan_env2025_seed0-499_48352cd1,331,14,9,0,2
20260912_215351_529_traffic_scan_env2025_seed0-499_48352cd1,331,14,9,1,2
20260912_215351_529_traffic_scan_env2025_seed0-499_48352cd1,331,14,10,0,1
20260912_215351_529_traffic_scan_env2025_seed0-499_48352cd1,331,14,12,0,2
20260912_215351_529_traffic_scan_env2025_seed0-499_48352cd1,331,14,13,0,1
20260912_215351_529_traffic_scan_env2025_seed0-499_48352cd1,331,14,13,1,1
20260912_215351_529_traffic_scan_env2025_seed0-499_48352cd1,331,14,16,0,1
20260912_215351_529_traffic_scan_env2025_seed0-499_48352cd1,331,14,17,0,3
20260912_215351_529_traffic_scan_env2025_seed0-499_48352cd1,331,14,17,1,4
20260912_215351_529_traffic_scan_env2025_seed0-499_48352cd1,331,14,18,2,2
20260912_215351_529_traffic_scan_env2025_seed0-499_48352cd1,331,14,19,0,1
20260912_215351_529_traffic_scan_env2025_seed0-499_48352cd1,331,14,21,0,1
20260912_215351_529_traffic_scan_env2025_seed0-499_48352cd1,331,14,23,1,2
20260912_215351_529_traffic_scan_env2025_seed0-499_48352cd1,331,14,24,0,1
20260912_215351_529_traffic_scan_env2025_seed0-499_48352cd1,331,14,25,0,1
20260912_215351_529_traffic_scan_env2025_seed0-499_48352cd1,331,14,25,1,1
20260912_215351_529_traffic_scan_env2025_seed0-499_48352cd1,331,14,26,0,2
20260912_215351_529_traffic_scan_env2025_seed0-499_48352cd1,331,14,27,2,1
20260912_215351_529_traffic_scan_env2025_seed0-499_48352cd1,331,14,30,0,2
20260912_215351_529_traffic_scan_env2025_seed0-499_48352cd1,331,14,30,1,2
20260912_215351_529_traffic_scan_env2025_seed0-499_48352cd1,331,14,32,0,2
20260912_215351_529_traffic_scan_env2025_seed0-499_48352cd1,331,14,32,1,1
20260912_215351_529_traffic_scan_env2025_seed0-499_48352cd1,331,14,33,0,3
20260912_215351_529_traffic_scan_env2025_seed0-499_48352cd1,331,14,33,1,1
20260912_215351_529_traffic_scan_env2025_seed0-499_48352cd1,331,14,36,2,1
20260912_215351_529_traffic_scan_env2025_seed0-499_48352cd1,331,14,37,1,2
20260912_215351_529_traffic_scan_env2025_seed0-499_48352cd1,331,14,38,0,2
20260912_215351_529_traffic_scan_env2025_seed0-499_48352cd1,331,14,39,0,1
20260912_215351_529_traffic_scan_env2025_seed0-499_48352cd1,331,14,39,1,1
20260912_215351_529_traffic_scan_env2025_seed0-499_48352cd1,331,14,40,0,1
20260912_215351_529_traffic_scan_env2025_seed0-499_48352cd1,331,14,41,0,1
20260912_215351_529_traffic_scan_env2025_seed0-499_48352cd1,331,14,41,1,1
20260912_215351_529_traffic_scan_env2025_seed0-499_48352cd1,331,14,42,1,1
20260912_215351_529_traffic_scan_env2025_seed0-499_48352cd1,331,14,43,0,2
20260912_215351_529_traffic_scan_env2025_seed0-499_48352cd1,331,14,44,0,2
20260912_215351_529_traffic_scan_env2025_seed0-499_48352cd1,331,14,45,0,1
20260912_215351_529_traffic_scan_env2025_seed0-499_48352cd1,331,14,45,1,1
20260912_215351_529_traffic_scan_env2025_seed0-499_48352cd1,331,14,47,1,1
20260912_215351_529_traffic_scan_env2025_seed0-499_48352cd1,331,14,48,0,2
20260912_215351_529_traffic_scan_env2025_seed0-499_48352cd1,331,14,48,1,1
20260912_215351_529_traffic_scan_env2025_seed0-499_48352cd1,331,14,50,0,1
20260912_215351_529_traffic_scan_env2025_seed0-499_48352cd1,331,14,50,1,1
20260912_215351_529_traffic_scan_env2025_seed0-499_48352cd1,331,14,53,0,2
20260912_215351_529_traffic_scan_env2025_seed0-499_48352cd1,331,14,53,1,1
20260912_215351_529_traffic_scan_env2025_seed0-499_48352cd1,331,14,55,0,1
20260912_215351_529_traffic_scan_env2025_seed0-499_48352cd1,331,14,58,0,2
20260912_215351_529_traffic_scan_env2025_seed0-499_48352cd1,331,14,59,0,1
20260912_215351_529_traffic_scan_env2025_seed0-499_48352cd1,331,15,4,0,1
20260912_215351_529_traffic_scan_env2025_seed0-499_48352cd1,331,15,4,1,1
20260912_215351_529_traffic_scan_env2025_seed0-499_48352cd1,331,15,7,0,1
20260912_215351_529_traffic_scan_env2025_seed0-499_48352cd1,331,15,10,0,3
20260912_215351_529_traffic_scan_env2025_seed0-499_48352cd1,331,15,10,1,2
20260912_215351_529_traffic_scan_env2025_seed0-499_48352cd1,331,15,13,0,3
20260912_215351_529_traffic_scan_env2025_seed0-499_48352cd1,331,15,13,1,1
20260912_215351_529_traffic_scan_env2025_seed0-499_48352cd1,331,15,16,0,1
20260912_215351_529_traffic_scan_env2025_seed0-499_48352cd1,331,15,17,0,1
20260912_215351_529_traffic_scan_env2025_seed0-499_48352cd1,331,15,18,0,4
20260912_215351_529_traffic_scan_env2025_seed0-499_48352cd1,331,15,18,1,2
20260912_215351_529_traffic_scan_env2025_seed0-499_48352cd1,331,15,19,2,2
20260912_215351_529_traffic_scan_env2025_seed0-499_48352cd1,331,15,21,0,1
20260912_215351_529_traffic_scan_env2025_seed0-499_48352cd1,331,15,23,1,2
20260912_215351_529_traffic_scan_env2025_seed0-499_48352cd1,331,15,25,0,1
20260912_215351_529_traffic_scan_env2025_seed0-499_48352cd1,331,15,26,0,1
20260912_215351_529_traffic_scan_env2025_seed0-499_48352cd1,331,15,26,1,2
20260912_215351_529_traffic_scan_env2025_seed0-499_48352cd1,331,15,27,0,1
20260912_215351_529_traffic_scan_env2025_seed0-499_48352cd1,331,15,27,1,1
20260912_215351_529_traffic_scan_env2025_seed0-499_48352cd1,331,15,29,0,1
20260912_215351_529_traffic_scan_env2025_seed0-499_48352cd1,331,15,31,0,1
20260912_215351_529_traffic_scan_env2025_seed0-499_48352cd1,331,15,31,1,2
20260912_215351_529_traffic_scan_env2025_seed0-499_48352cd1,331,15,32,0,2
20260912_215351_529_traffic_scan_env2025_seed0-499_48352cd1,331,15,32,1,2
20260912_215351_529_traffic_scan_env2025_seed0-499_48352cd1,331,15,33,0,1
20260912_215351_529_traffic_scan_env2025_seed0-499_48352cd1,331,15,34,0,2
20260912_215351_529_traffic_scan_env2025_seed0-499_48352cd1,331,15,35,1,1
20260912_215351_529_traffic_scan_env2025_seed0-499_48352cd1,331,15,36,0,1
20260912_215351_529_traffic_scan_env2025_seed0-499_48352cd1,331,15,37,0,1
20260912_215351_529_traffic_scan_env2025_seed0-499_48352cd1,331,15,39,0,3
20260912_215351_529_traffic_scan_env2025_seed0-499_48352cd1,331,15,39,1,1
20260912_215351_529_traffic_scan_env2025_seed0-499_48352cd1,331,15,41,1,2
20260912_215351_529_traffic_scan_env2025_seed0-499_48352cd1,331,15,42,0,2
20260912_215351_529_traffic_scan_env2025_seed0-499_48352cd1,331,15,42,1,1
20260912_215351_529_traffic_scan_env2025_seed0-499_48352cd1,331,15,43,0,1
20260912_215351_529_traffic_scan_env2025_seed0-499_48352cd1,331,15,44,1,1
20260912_215351_529_traffic_scan_env2025_seed0-499_48352cd1,331,15,45,1,1
20260912_215351_529_traffic_scan_env2025_seed0-499_48352cd1,331,15,46,0,1
20260912_215351_529_traffic_scan_env2025_seed0-499_48352cd1,331,15,47,0,1
20260912_215351_529_traffic_scan_env2025_seed0-499_48352cd1,331,15,47,1,1
20260912_215351_529_traffic_scan_env2025_seed0-499_48352cd1,331,15,48,0,1
20260912_215351_529_traffic_scan_env2025_seed0-499_48352cd1,331,15,48,1,1
20260912_215351_529_traffic_scan_env2025_seed0-499_48352cd1,331,15,50,0,1
20260912_215351_529_traffic_scan_env2025_seed0-499_48352cd1,331,15,50,1,1
20260912_215351_529_traffic_scan_env2025_seed0-499_48352cd1,331,15,52,0,1
20260912_215351_529_traffic_scan_env2025_seed0-499_48352cd1,331,15,52,1,1
20260912_215351_529_traffic_scan_env2025_seed0-499_48352cd1,331,15,54,0,1
20260912_215351_529_traffic_scan_env2025_seed0-499_48352cd1,331,15,55,0,1
20260912_215351_529_traffic_scan_env2025_seed0-499_48352cd1,331,15,57,0,1
20260912_215351_529_traffic_scan_env2025_seed0-499_48352cd1,331,15,58,0,2
20260912_215351_529_traffic_scan_env2025_seed0-499_48352cd1,331,15,59,0,1
20260912_215351_529_traffic_scan_env2025_seed0-499_48352cd1,331,16,3,0,1
20260912_215351_529_traffic_scan_env2025_seed0-499_48352cd1,331,16,4,1,1
20260912_215351_529_traffic_scan_env2025_seed0-499_48352cd1,331,16,7,0,1
20260912_215351_529_traffic_scan_env2025_seed0-499_48352cd1,331,16,7,1,2
20260912_215351_529_traffic_scan_env2025_seed0-499_48352cd1,331,16,10,0,2
20260912_215351_529_traffic_scan_env2025_seed0-499_48352cd1,331,16,11,0,2
20260912_215351_529_traffic_scan_env2025_seed0-499_48352cd1,331,16,11,1,3
20260912_215351_529_traffic_scan_env2025_seed0-499_48352cd1,331,16,12,0,1
20260912_215351_529_traffic_scan_env2025_seed0-499_48352cd1,331,16,12,1,1
20260912_215351_529_traffic_scan_env2025_seed0-499_48352cd1,331,16,13,0,1
20260912_215351_529_traffic_scan_env2025_seed0-499_48352cd1,331,16,14,0,2
20260912_215351_529_traffic_scan_env2025_seed0-499_48352cd1,331,16,14,1,2
20260912_215351_529_traffic_scan_env2025_seed0-499_48352cd1,331,16,15,0,1
20260912_215351_529_traffic_scan_env2025_seed0-499_48352cd1,331,16,15,1,1
20260912_215351_529_traffic_scan_env2025_seed0-499_48352cd1,331,16,16,0,1
20260912_215351_529_traffic_scan_env2025_seed0-499_48352cd1,331,16,16,1,1
20260912_215351_529_traffic_scan_env2025_seed0-499_48352cd1,331,16,17,1,1
20260912_215351_529_traffic_scan_env2025_seed0-499_48352cd1,331,16,18,1,1
20260912_215351_529_traffic_scan_env2025_seed0-499_48352cd1,331,16,19,0,3
20260912_215351_529_traffic_scan_env2025_seed0-499_48352cd1,331,16,19,1,3
20260912_215351_529_traffic_scan_env2025_seed0-499_48352cd1,331,16,20,0,1
20260912_215351_529_traffic_scan_env2025_seed0-499_48352cd1,331,16,20,1,3
20260912_215351_529_traffic_scan_env2025_seed0-499_48352cd1,331,16,21,1,1
20260912_215351_529_traffic_scan_env2025_seed0-499_48352cd1,331,16,22,1,1
20260912_215351_529_traffic_scan_env2025_seed0-499_48352cd1,331,16,23,1,3
20260912_215351_529_traffic_scan_env2025_seed0-499_48352cd1,331,16,24,1,1
20260912_215351_529_traffic_scan_env2025_seed0-499_48352cd1,331,16,25,1,1
20260912_215351_529_traffic_scan_env2025_seed0-499_48352cd1,331,16,26,1,3
20260912_215351_529_traffic_scan_env2025_seed0-499_48352cd1,331,16,27,1,4
20260912_215351_529_traffic_scan_env2025_seed0-499_48352cd1,331,16,28,0,2
20260912_215351_529_traffic_scan_env2025_seed0-499_48352cd1,331,16,28,1,1
20260912_215351_529_traffic_scan_env2025_seed0-499_48352cd1,331,16,29,1,1
20260912_215351_529_traffic_scan_env2025_seed0-499_48352cd1,331,16,30,1,1
20260912_215351_529_traffic_scan_env2025_seed0-499_48352cd1,331,16,31,0,1
20260912_215351_529_traffic_scan_env2025_seed0-499_48352cd1,331,16,31,1,2
20260912_215351_529_traffic_scan_env2025_seed0-499_48352cd1,331,16,32,0,2
20260912_215351_529_traffic_scan_env2025_seed0-499_48352cd1,331,16,32,1,4
20260912_215351_529_traffic_scan_env2025_seed0-499_48352cd1,331,16,33,1,1
20260912_215351_529_traffic_scan_env2025_seed0-499_48352cd1,331,16,34,0,2
20260912_215351_529_traffic_scan_env2025_seed0-499_48352cd1,331,16,34,1,2
20260912_215351_529_traffic_scan_env2025_seed0-499_48352cd1,331,16,35,0,1
20260912_215351_529_traffic_scan_env2025_seed0-499_48352cd1,331,16,35,1,2
20260912_215351_529_traffic_scan_env2025_seed0-499_48352cd1,331,16,36,1,1
20260912_215351_529_traffic_scan_env2025_seed0-499_48352cd1,331,16,37,0,2
20260912_215351_529_traffic_scan_env2025_seed0-499_48352cd1,331,16,37,1,1
20260912_215351_529_traffic_scan_env2025_seed0-499_48352cd1,331,16,38,0,1
20260912_215351_529_traffic_scan_env2025_seed0-499_48352cd1,331,16,38,1,1
20260912_215351_529_traffic_scan_env2025_seed0-499_48352cd1,331,16,39,0,1
20260912_215351_529_traffic_scan_env2025_seed0-499_48352cd1,331,16,39,1,1
20260912_215351_529_traffic_scan_env2025_seed0-499_48352cd1,331,16,40,0,1
20260912_215351_529_traffic_scan_env2025_seed0-499_48352cd1,331,16,41,0,3
20260912_215351_529_traffic_scan_env2025_seed0-499_48352cd1,331,16,41,1,2
20260912_215351_529_traffic_scan_env2025_seed0-499_48352cd1,331,16,42,0,1
20260912_215351_529_traffic_scan_env2025_seed0-499_48352cd1,331,16,42,1,1
20260912_215351_529_traffic_scan_env2025_seed0-499_48352cd1,331,16,44,2,1
20260912_215351_529_traffic_scan_env2025_seed0-499_48352cd1,331,16,45,2,1
20260912_215351_529_traffic_scan_env2025_seed0-499_48352cd1,331,16,46,0,1
20260912_215351_529_traffic_scan_env2025_seed0-499_48352cd1,331,16,47,0,1
20260912_215351_529_traffic_scan_env2025_seed0-499_48352cd1,331,16,47,1,1
20260912_215351_529_traffic_scan_env2025_seed0-499_48352cd1,331,16,48,0,1
20260912_215351_529_traffic_scan_env2025_seed0-499_48352cd1,331,16,48,1,1
20260912_215351_529_traffic_scan_env2025_seed0-499_48352cd1,331,16,49,1,1
20260912_215351_529_traffic_scan_env2025_seed0-499_48352cd1,331,16,50,2,1
20260912_215351_529_traffic_scan_env2025_seed0-499_48352cd1,331,16,52,1,2
20260912_215351_529_traffic_scan_env2025_seed0-499_48352cd1,331,16,53,1,1
20260912_215351_529_traffic_scan_env2025_seed0-499_48352cd1,331,16,54,0,1
20260912_215351_529_traffic_scan_env2025_seed0-499_48352cd1,331,16,55,0,3
20260912_215351_529_traffic_scan_env2025_seed0-499_48352cd1,331,16,56,0,1
20260912_215351_529_traffic_scan_env2025_seed0-499_48352cd1,331,16,58,0,2
20260912_215351_529_traffic_scan_env2025_seed0-499_48352cd1,331,16,59,0,1
20260912_215351_529_traffic_scan_env2025_seed0-499_48352cd1,331,17,4,1,1
20260912_215351_529_traffic_scan_env2025_seed0-499_48352cd1,331,17,7,1,1
20260912_215351_529_traffic_scan_env2025_seed0-499_48352cd1,331,17,8,2,1
20260912_215351_529_traffic_scan_env2025_seed0-499_48352cd1,331,17,9,1,2
20260912_215351_529_traffic_scan_env2025_seed0-499_48352cd1,331,17,12,0,1
20260912_215351_529_traffic_scan_env2025_seed0-499_48352cd1,331,17,12,1,4
20260912_215351_529_traffic_scan_env2025_seed0-499_48352cd1,331,17,15,0,4
20260912_215351_529_traffic_scan_env2025_seed0-499_48352cd1,331,17,15,1,1
20260912_215351_529_traffic_scan_env2025_seed0-499_48352cd1,331,17,20,0,4
20260912_215351_529_traffic_scan_env2025_seed0-499_48352cd1,331,17,20,1,2
20260912_215351_529_traffic_scan_env2025_seed0-499_48352cd1,331,17,21,1,2
20260912_215351_529_traffic_scan_env2025_seed0-499_48352cd1,331,17,23,2,2
20260912_215351_529_traffic_scan_env2025_seed0-499_48352cd1,331,17,26,1,1
20260912_215351_529_traffic_scan_env2025_seed0-499_48352cd1,331,17,27,0,1
20260912_215351_529_traffic_scan_env2025_seed0-499_48352cd1,331,17,27,1,2
20260912_215351_529_traffic_scan_env2025_seed0-499_48352cd1,331,17,28,0,1
20260912_215351_529_traffic_scan_env2025_seed0-499_48352cd1,331,17,28,1,2
20260912_215351_529_traffic_scan_env2025_seed0-499_48352cd1,331,17,30,0,2
20260912_215351_529_traffic_scan_env2025_seed0-499_48352cd1,331,17,30,1,1
20260912_215351_529_traffic_scan_env2025_seed0-499_48352cd1,331,17,32,0,1
20260912_215351_529_traffic_scan_env2025_seed0-499_48352cd1,331,17,32,1,1
20260912_215351_529_traffic_scan_env2025_seed0-499_48352cd1,331,17,33,0,1
20260912_215351_529_traffic_scan_env2025_seed0-499_48352cd1,331,17,33,1,3
20260912_215351_529_traffic_scan_env2025_seed0-499_48352cd1,331,17,35,0,2
20260912_215351_529_traffic_scan_env2025_seed0-499_48352cd1,331,17,35,1,1
20260912_215351_529_traffic_scan_env2025_seed0-499_48352cd1,331,17,36,0,3
20260912_215351_529_traffic_scan_env2025_seed0-499_48352cd1,331,17,39,1,3
20260912_215351_529_traffic_scan_env2025_seed0-499_48352cd1,331,17,39,2,1
20260912_215351_529_traffic_scan_env2025_seed0-499_48352cd1,331,17,40,0,2
20260912_215351_529_traffic_scan_env2025_seed0-499_48352cd1,331,17,40,1,2
20260912_215351_529_traffic_scan_env2025_seed0-499_48352cd1,331,17,41,0,1
20260912_215351_529_traffic_scan_env2025_seed0-499_48352cd1,331,17,41,1,3
20260912_215351_529_traffic_scan_env2025_seed0-499_48352cd1,331,17,42,0,1
20260912_215351_529_traffic_scan_env2025_seed0-499_48352cd1,331,17,42,1,1
20260912_215351_529_traffic_scan_env2025_seed0-499_48352cd1,331,17,43,1,1
20260912_215351_529_traffic_scan_env2025_seed0-499_48352cd1,331,17,45,2,1
20260912_215351_529_traffic_scan_env2025_seed0-499_48352cd1,331,17,46,0,2
20260912_215351_529_traffic_scan_env2025_seed0-499_48352cd1,331,17,47,0,2
20260912_215351_529_traffic_scan_env2025_seed0-499_48352cd1,331,17,47,1,1
20260912_215351_529_traffic_scan_env2025_seed0-499_48352cd1,331,17,48,2,1
20260912_215351_529_traffic_scan_env2025_seed0-499_48352cd1,331,17,50,2,2
20260912_215351_529_traffic_scan_env2025_seed0-499_48352cd1,331,17,51,2,1
20260912_215351_529_traffic_scan_env2025_seed0-499_48352cd1,331,17,52,1,2
20260912_215351_529_traffic_scan_env2025_seed0-499_48352cd1,331,17,55,0,2
20260912_215351_529_traffic_scan_env2025_seed0-499_48352cd1,331,17,56,0,1
20260912_215351_529_traffic_scan_env2025_seed0-499_48352cd1,331,17,57,0,1
20260912_215351_529_traffic_scan_env2025_seed0-499_48352cd1,331,17,58,0,1
20260912_215351_529_traffic_scan_env2025_seed0-499_48352cd1,331,17,59,0,1
20260912_215351_529_traffic_scan_env2025_seed0-499_48352cd1,331,18,1,0,1
20260912_215351_529_traffic_scan_env2025_seed0-499_48352cd1,331,18,4,1,1
20260912_215351_529_traffic_scan_env2025_seed0-499_48352cd1,331,18,7,1,1
20260912_215351_529_traffic_scan_env2025_seed0-499_48352cd1,331,18,9,1,1
20260912_215351_529_traffic_scan_env2025_seed0-499_48352cd1,331,18,12,2,1
20260912_215351_529_traffic_scan_env2025_seed0-499_48352cd1,331,18,13,0,1
20260912_215351_529_traffic_scan_env2025_seed0-499_48352cd1,331,18,13,1,3
20260912_215351_529_traffic_scan_env2025_seed0-499_48352cd1,331,18,14,0,1
20260912_215351_529_traffic_scan_env2025_seed0-499_48352cd1,331,18,15,0,1
20260912_215351_529_traffic_scan_env2025_seed0-499_48352cd1,331,18,16,0,2
20260912_215351_529_traffic_scan_env2025_seed0-499_48352cd1,331,18,16,1,1
20260912_215351_529_traffic_scan_env2025_seed0-499_48352cd1,331,18,19,0,1
20260912_215351_529_traffic_scan_env2025_seed0-499_48352cd1,331,18,20,0,3
20260912_215351_529_traffic_scan_env2025_seed0-499_48352cd1,331,18,21,1,2
20260912_215351_529_traffic_scan_env2025_seed0-499_48352cd1,331,18,22,1,2
20260912_215351_529_traffic_scan_env2025_seed0-499_48352cd1,331,18,23,2,2
20260912_215351_529_traffic_scan_env2025_seed0-499_48352cd1,331,18,26,0,2
20260912_215351_529_traffic_scan_env2025_seed0-499_48352cd1,331,18,27,2,2
20260912_215351_529_traffic_scan_env2025_seed0-499_48352cd1,331,18,29,0,2
20260912_215351_529_traffic_scan_env2025_seed0-499_48352cd1,331,18,29,1,3
20260912_215351_529_traffic_scan_env2025_seed0-499_48352cd1,331,18,30,1,1
20260912_215351_529_traffic_scan_env2025_seed0-499_48352cd1,331,18,32,0,2
20260912_215351_529_traffic_scan_env2025_seed0-499_48352cd1,331,18,32,1,2
20260912_215351_529_traffic_scan_env2025_seed0-499_48352cd1,331,18,33,0,1
20260912_215351_529_traffic_scan_env2025_seed0-499_48352cd1,331,18,34,0,3
20260912_215351_529_traffic_scan_env2025_seed0-499_48352cd1,331,18,34,1,2
20260912_215351_529_traffic_scan_env2025_seed0-499_48352cd1,331,18,35,0,1
20260912_215351_529_traffic_scan_env2025_seed0-499_48352cd1,331,18,35,1,3
20260912_215351_529_traffic_scan_env2025_seed0-499_48352cd1,331,18,36,0,3
20260912_215351_529_traffic_scan_env2025_seed0-499_48352cd1,331,18,39,3,1
20260912_215351_529_traffic_scan_env2025_seed0-499_48352cd1,331,18,40,2,2
20260912_215351_529_traffic_scan_env2025_seed0-499_48352cd1,331,18,41,0,2
20260912_215351_529_traffic_scan_env2025_seed0-499_48352cd1,331,18,41,1,2
20260912_215351_529_traffic_scan_env2025_seed0-499_48352cd1,331,18,42,1,2
20260912_215351_529_traffic_scan_env2025_seed0-499_48352cd1,331,18,43,0,2
20260912_215351_529_traffic_scan_env2025_seed0-499_48352cd1,331,18,45,0,2
20260912_215351_529_traffic_scan_env2025_seed0-499_48352cd1,331,18,45,1,1
20260912_215351_529_traffic_scan_env2025_seed0-499_48352cd1,331,18,47,0,3
20260912_215351_529_traffic_scan_env2025_seed0-499_48352cd1,331,18,47,1,1
20260912_215351_529_traffic_scan_env2025_seed0-499_48352cd1,331,18,48,2,1
20260912_215351_529_traffic_scan_env2025_seed0-499_48352cd1,331,18,50,1,3
20260912_215351_529_traffic_scan_env2025_seed0-499_48352cd1,331,18,51,1,1
20260912_215351_529_traffic_scan_env2025_seed0-499_48352cd1,331,18,52,0,1
20260912_215351_529_traffic_scan_env2025_seed0-499_48352cd1,331,18,55,0,2
20260912_215351_529_traffic_scan_env2025_seed0-499_48352cd1,331,18,56,0,1
20260912_215351_529_traffic_scan_env2025_seed0-499_48352cd1,331,18,57,0,2
20260912_215351_529_traffic_scan_env2025_seed0-499_48352cd1,331,18,58,0,1
20260912_215351_529_traffic_scan_env2025_seed0-499_48352cd1,331,18,59,0,1
20260912_215351_529_traffic_scan_env2025_seed0-499_48352cd1,331,19,1,0,1
20260912_215351_529_traffic_scan_env2025_seed0-499_48352cd1,331,19,2,0,1
20260912_215351_529_traffic_scan_env2025_seed0-499_48352cd1,331,19,4,0,1
20260912_215351_529_traffic_scan_env2025_seed0-499_48352cd1,331,19,4,1,1
20260912_215351_529_traffic_scan_env2025_seed0-499_48352cd1,331,19,5,0,1
20260912_215351_529_traffic_scan_env2025_seed0-499_48352cd1,331,19,6,0,1
20260912_215351_529_traffic_scan_env2025_seed0-499_48352cd1,331,19,7,0,1
20260912_215351_529_traffic_scan_env2025_seed0-499_48352cd1,331,19,7,1,1
20260912_215351_529_traffic_scan_env2025_seed0-499_48352cd1,331,19,8,1,1
20260912_215351_529_traffic_scan_env2025_seed0-499_48352cd1,331,19,9,1,2
20260912_215351_529_traffic_scan_env2025_seed0-499_48352cd1,331,19,10,1,1
20260912_215351_529_traffic_scan_env2025_seed0-499_48352cd1,331,19,11,2,1
20260912_215351_529_traffic_scan_env2025_seed0-499_48352cd1,331,19,12,2,2
20260912_215351_529_traffic_scan_env2025_seed0-499_48352cd1,331,19,13,0,1
20260912_215351_529_traffic_scan_env2025_seed0-499_48352cd1,331,19,13,1,1
20260912_215351_529_traffic_scan_env2025_seed0-499_48352cd1,331,19,14,0,1
20260912_215351_529_traffic_scan_env2025_seed0-499_48352cd1,331,19,14,1,4
20260912_215351_529_traffic_scan_env2025_seed0-499_48352cd1,331,19,15,0,1
20260912_215351_529_traffic_scan_env2025_seed0-499_48352cd1,331,19,15,1,1
20260912_215351_529_traffic_scan_env2025_seed0-499_48352cd1,331,19,16,1,1
20260912_215351_529_traffic_scan_env2025_seed0-499_48352cd1,331,19,17,0,2
20260912_215351_529_traffic_scan_env2025_seed0-499_48352cd1,331,19,17,1,2
20260912_215351_529_traffic_scan_env2025_seed0-499_48352cd1,331,19,18,2,1
20260912_215351_529_traffic_scan_env2025_seed0-499_48352cd1,331,19,19,0,1
20260912_215351_529_traffic_scan_env2025_seed0-499_48352cd1,331,19,19,1,1
20260912_215351_529_traffic_scan_env2025_seed0-499_48352cd1,331,19,20,0,1
20260912_215351_529_traffic_scan_env2025_seed0-499_48352cd1,331,19,20,1,1
20260912_215351_529_traffic_scan_env2025_seed0-499_48352cd1,331,19,21,0,2
20260912_215351_529_traffic_scan_env2025_seed0-499_48352cd1,331,19,21,1,1
20260912_215351_529_traffic_scan_env2025_seed0-499_48352cd1,331,19,22,1,3
20260912_215351_529_traffic_scan_env2025_seed0-499_48352cd1,331,19,23,0,3
20260912_215351_529_traffic_scan_env2025_seed0-499_48352cd1,331,19,23,1,3
20260912_215351_529_traffic_scan_env2025_seed0-499_48352cd1,331,19,24,0,4
20260912_215351_529_traffic_scan_env2025_seed0-499_48352cd1,331,19,24,1,1
20260912_215351_529_traffic_scan_env2025_seed0-499_48352cd1,331,19,25,0,4
20260912_215351_529_traffic_scan_env2025_seed0-499_48352cd1,331,19,25,1,1
20260912_215351_529_traffic_scan_env2025_seed0-499_48352cd1,331,19,26,0,3
20260912_215351_529_traffic_scan_env2025_seed0-499_48352cd1,331,19,26,1,1
20260912_215351_529_traffic_scan_env2025_seed0-499_48352cd1,331,19,27,0,1
20260912_215351_529_traffic_scan_env2025_seed0-499_48352cd1,331,19,27,1,3
20260912_215351_529_traffic_scan_env2025_seed0-499_48352cd1,331,19,28,0,2
20260912_215351_529_traffic_scan_env2025_seed0-499_48352cd1,331,19,28,1,3
20260912_215351_529_traffic_scan_env2025_seed0-499_48352cd1,331,19,29,0,2
20260912_215351_529_traffic_scan_env2025_seed0-499_48352cd1,331,19,29,1,1
20260912_215351_529_traffic_scan_env2025_seed0-499_48352cd1,331,19,30,1,5
20260912_215351_529_traffic_scan_env2025_seed0-499_48352cd1,331,19,31,1,3
20260912_215351_529_traffic_scan_env2025_seed0-499_48352cd1,331,19,32,0,1
20260912_215351_529_traffic_scan_env2025_seed0-499_48352cd1,331,19,32,1,2
20260912_215351_529_traffic_scan_env2025_seed0-499_48352cd1,331,19,33,0,1
20260912_215351_529_traffic_scan_env2025_seed0-499_48352cd1,331,19,33,1,1
20260912_215351_529_traffic_scan_env2025_seed0-499_48352cd1,331,19,34,1,2
20260912_215351_529_traffic_scan_env2025_seed0-499_48352cd1,331,19,35,0,1
20260912_215351_529_traffic_scan_env2025_seed0-499_48352cd1,331,19,35,1,1
20260912_215351_529_traffic_scan_env2025_seed0-499_48352cd1,331,19,36,1,3
20260912_215351_529_traffic_scan_env2025_seed0-499_48352cd1,331,19,37,0,3
20260912_215351_529_traffic_scan_env2025_seed0-499_48352cd1,331,19,37,1,1
20260912_215351_529_traffic_scan_env2025_seed0-499_48352cd1,331,19,38,0,1
20260912_215351_529_traffic_scan_env2025_seed0-499_48352cd1,331,19,38,1,1
20260912_215351_529_traffic_scan_env2025_seed0-499_48352cd1,331,19,38,2,1
20260912_215351_529_traffic_scan_env2025_seed0-499_48352cd1,331,19,39,0,1
20260912_215351_529_traffic_scan_env2025_seed0-499_48352cd1,331,19,39,1,3
20260912_215351_529_traffic_scan_env2025_seed0-499_48352cd1,331,19,41,0,3
20260912_215351_529_traffic_scan_env2025_seed0-499_48352cd1,331,19,41,1,2
20260912_215351_529_traffic_scan_env2025_seed0-499_48352cd1,331,19,42,1,1
20260912_215351_529_traffic_scan_env2025_seed0-499_48352cd1,331,19,43,1,1
20260912_215351_529_traffic_scan_env2025_seed0-499_48352cd1,331,19,44,0,2
20260912_215351_529_traffic_scan_env2025_seed0-499_48352cd1,331,19,44,1,1
20260912_215351_529_traffic_scan_env2025_seed0-499_48352cd1,331,19,45,1,1
20260912_215351_529_traffic_scan_env2025_seed0-499_48352cd1,331,19,46,0,1
20260912_215351_529_traffic_scan_env2025_seed0-499_48352cd1,331,19,47,0,1
20260912_215351_529_traffic_scan_env2025_seed0-499_48352cd1,331,19,47,1,1
20260912_215351_529_traffic_scan_env2025_seed0-499_48352cd1,331,19,48,0,2
20260912_215351_529_traffic_scan_env2025_seed0-499_48352cd1,331,19,48,1,1
20260912_215351_529_traffic_scan_env2025_seed0-499_48352cd1,331,19,49,0,1
20260912_215351_529_traffic_scan_env2025_seed0-499_48352cd1,331,19,49,1,1
20260912_215351_529_traffic_scan_env2025_seed0-499_48352cd1,331,19,50,0,1
20260912_215351_529_traffic_scan_env2025_seed0-499_48352cd1,331,19,50,1,3
20260912_215351_529_traffic_scan_env2025_seed0-499_48352cd1,331,19,53,0,1
20260912_215351_529_traffic_scan_env2025_seed0-499_48352cd1,331,19,54,0,1
20260912_215351_529_traffic_scan_env2025_seed0-499_48352cd1,331,19,55,0,2
20260912_215351_529_traffic_scan_env2025_seed0-499_48352cd1,331,19,56,0,1
20260912_215351_529_traffic_scan_env2025_seed0-499_48352cd1,331,19,58,0,1
20260912_215351_529_traffic_scan_env2025_seed0-499_48352cd1,331,19,58,1,1
20260912_215351_529_traffic_scan_env2025_seed0-499_48352cd1,331,19,59,0,1
20260912_215351_529_traffic_scan_env2025_seed0-499_48352cd1,331,20,2,0,1
20260912_215351_529_traffic_scan_env2025_seed0-499_48352cd1,331,20,3,0,1
20260912_215351_529_traffic_scan_env2025_seed0-499_48352cd1,331,20,4,1,1
20260912_215351_529_traffic_scan_env2025_seed0-499_48352cd1,331,20,7,1,1
20260912_215351_529_traffic_scan_env2025_seed0-499_48352cd1,331,20,9,1,1
20260912_215351_529_traffic_scan_env2025_seed0-499_48352cd1,331,20,10,0,1
20260912_215351_529_traffic_scan_env2025_seed0-499_48352cd1,331,20,11,0,1
20260912_215351_529_traffic_scan_env2025_seed0-499_48352cd1,331,20,12,0,1
20260912_215351_529_traffic_scan_env2025_seed0-499_48352cd1,331,20,12,1,1
20260912_215351_529_traffic_scan_env2025_seed0-499_48352cd1,331,20,15,0,2
20260912_215351_529_traffic_scan_env2025_seed0-499_48352cd1,331,20,15,1,3
20260912_215351_529_traffic_scan_env2025_seed0-499_48352cd1,331,20,18,0,2
20260912_215351_529_traffic_scan_env2025_seed0-499_48352cd1,331,20,18,1,1
20260912_215351_529_traffic_scan_env2025_seed0-499_48352cd1,331,20,19,0,2
20260912_215351_529_traffic_scan_env2025_seed0-499_48352cd1,331,20,20,0,2
20260912_215351_529_traffic_scan_env2025_seed0-499_48352cd1,331,20,21,0,1
20260912_215351_529_traffic_scan_env2025_seed0-499_48352cd1,331,20,22,0,4
20260912_215351_529_traffic_scan_env2025_seed0-499_48352cd1,331,20,23,0,1
20260912_215351_529_traffic_scan_env2025_seed0-499_48352cd1,331,20,23,1,4
20260912_215351_529_traffic_scan_env2025_seed0-499_48352cd1,331,20,27,0,3
20260912_215351_529_traffic_scan_env2025_seed0-499_48352cd1,331,20,27,1,3
20260912_215351_529_traffic_scan_env2025_seed0-499_48352cd1,331,20,29,0,1
20260912_215351_529_traffic_scan_env2025_seed0-499_48352cd1,331,20,29,1,1
20260912_215351_529_traffic_scan_env2025_seed0-499_48352cd1,331,20,30,1,3
20260912_215351_529_traffic_scan_env2025_seed0-499_48352cd1,331,20,31,1,3
20260912_215351_529_traffic_scan_env2025_seed0-499_48352cd1,331,20,32,0,1
20260912_215351_529_traffic_scan_env2025_seed0-499_48352cd1,331,20,32,1,1
20260912_215351_529_traffic_scan_env2025_seed0-499_48352cd1,331,20,33,0,1
20260912_215351_529_traffic_scan_env2025_seed0-499_48352cd1,331,20,33,1,2
20260912_215351_529_traffic_scan_env2025_seed0-499_48352cd1,331,20,34,1,1
20260912_215351_529_traffic_scan_env2025_seed0-499_48352cd1,331,20,36,0,1
20260912_215351_529_traffic_scan_env2025_seed0-499_48352cd1,331,20,37,0,2
20260912_215351_529_traffic_scan_env2025_seed0-499_48352cd1,331,20,37,1,3
20260912_215351_529_traffic_scan_env2025_seed0-499_48352cd1,331,20,39,0,2
20260912_215351_529_traffic_scan_env2025_seed0-499_48352cd1,331,20,40,0,3
20260912_215351_529_traffic_scan_env2025_seed0-499_48352cd1,331,20,40,1,3
20260912_215351_529_traffic_scan_env2025_seed0-499_48352cd1,331,20,41,1,1
20260912_215351_529_traffic_scan_env2025_seed0-499_48352cd1,331,20,42,0,1
20260912_215351_529_traffic_scan_env2025_seed0-499_48352cd1,331,20,42,1,2
20260912_215351_529_traffic_scan_env2025_seed0-499_48352cd1,331,20,43,0,1
20260912_215351_529_traffic_scan_env2025_seed0-499_48352cd1,331,20,43,1,1
20260912_215351_529_traffic_scan_env2025_seed0-499_48352cd1,331,20,44,1,3
20260912_215351_529_traffic_scan_env2025_seed0-499_48352cd1,331,20,45,0,1
20260912_215351_529_traffic_scan_env2025_seed0-499_48352cd1,331,20,45,1,2
20260912_215351_529_traffic_scan_env2025_seed0-499_48352cd1,331,20,46,1,1
20260912_215351_529_traffic_scan_env2025_seed0-499_48352cd1,331,20,47,0,1
20260912_215351_529_traffic_scan_env2025_seed0-499_48352cd1,331,20,47,1,2
20260912_215351_529_traffic_scan_env2025_seed0-499_48352cd1,331,20,48,0,1
20260912_215351_529_traffic_scan_env2025_seed0-499_48352cd1,331,20,48,1,3
20260912_215351_529_traffic_scan_env2025_seed0-499_48352cd1,331,20,49,2,2
20260912_215351_529_traffic_scan_env2025_seed0-499_48352cd1,331,20,50,2,3
20260912_215351_529_traffic_scan_env2025_seed0-499_48352cd1,331,20,51,0,1
20260912_215351_529_traffic_scan_env2025_seed0-499_48352cd1,331,20,51,1,1
20260912_215351_529_traffic_scan_env2025_seed0-499_48352cd1,331,20,52,0,1
20260912_215351_529_traffic_scan_env2025_seed0-499_48352cd1,331,20,53,0,3
20260912_215351_529_traffic_scan_env2025_seed0-499_48352cd1,331,20,54,0,2
20260912_215351_529_traffic_scan_env2025_seed0-499_48352cd1,331,20,55,0,3
20260912_215351_529_traffic_scan_env2025_seed0-499_48352cd1,331,20,56,0,2
20260912_215351_529_traffic_scan_env2025_seed0-499_48352cd1,331,20,57,0,1
20260912_215351_529_traffic_scan_env2025_seed0-499_48352cd1,331,20,58,1,1
20260912_215351_529_traffic_scan_env2025_seed0-499_48352cd1,331,20,59,0,2
20260912_215351_529_traffic_scan_env2025_seed0-499_48352cd1,331,21,3,0,1
20260912_215351_529_traffic_scan_env2025_seed0-499_48352cd1,331,21,4,0,1
20260912_215351_529_traffic_scan_env2025_seed0-499_48352cd1,331,21,4,1,1
20260912_215351_529_traffic_scan_env2025_seed0-499_48352cd1,331,21,7,1,1
20260912_215351_529_traffic_scan_env2025_seed0-499_48352cd1,331,21,9,0,1
20260912_215351_529_traffic_scan_env2025_seed0-499_48352cd1,331,21,9,1,1
20260912_215351_529_traffic_scan_env2025_seed0-499_48352cd1,331,21,12,1,1
20260912_215351_529_traffic_scan_env2025_seed0-499_48352cd1,331,21,16,0,2
20260912_215351_529_traffic_scan_env2025_seed0-499_48352cd1,331,21,16,1,3
20260912_215351_529_traffic_scan_env2025_seed0-499_48352cd1,331,21,19,0,2
20260912_215351_529_traffic_scan_env2025_seed0-499_48352cd1,331,21,19,1,1
20260912_215351_529_traffic_scan_env2025_seed0-499_48352cd1,331,21,21,0,2
20260912_215351_529_traffic_scan_env2025_seed0-499_48352cd1,331,21,21,1,1
20260912_215351_529_traffic_scan_env2025_seed0-499_48352cd1,331,21,22,1,1
20260912_215351_529_traffic_scan_env2025_seed0-499_48352cd1,331,21,23,0,1
20260912_215351_529_traffic_scan_env2025_seed0-499_48352cd1,331,21,23,1,4
20260912_215351_529_traffic_scan_env2025_seed0-499_48352cd1,331,21,24,1,3
20260912_215351_529_traffic_scan_env2025_seed0-499_48352cd1,331,21,25,1,1
20260912_215351_529_traffic_scan_env2025_seed0-499_48352cd1,331,21,26,0,1
20260912_215351_529_traffic_scan_env2025_seed0-499_48352cd1,331,21,26,1,2
20260912_215351_529_traffic_scan_env2025_seed0-499_48352cd1,331,21,27,1,3
20260912_215351_529_traffic_scan_env2025_seed0-499_48352cd1,331,21,28,0,2
20260912_215351_529_traffic_scan_env2025_seed0-499_48352cd1,331,21,28,1,1
20260912_215351_529_traffic_scan_env2025_seed0-499_48352cd1,331,21,29,0,4
20260912_215351_529_traffic_scan_env2025_seed0-499_48352cd1,331,21,29,1,3
20260912_215351_529_traffic_scan_env2025_seed0-499_48352cd1,331,21,32,0,3
20260912_215351_529_traffic_scan_env2025_seed0-499_48352cd1,331,21,32,1,4
20260912_215351_529_traffic_scan_env2025_seed0-499_48352cd1,331,21,35,1,1
20260912_215351_529_traffic_scan_env2025_seed0-499_48352cd1,331,21,36,1,2
20260912_215351_529_traffic_scan_env2025_seed0-499_48352cd1,331,21,37,0,2
20260912_215351_529_traffic_scan_env2025_seed0-499_48352cd1,331,21,37,1,1
20260912_215351_529_traffic_scan_env2025_seed0-499_48352cd1,331,21,38,0,2
20260912_215351_529_traffic_scan_env2025_seed0-499_48352cd1,331,21,38,1,3
20260912_215351_529_traffic_scan_env2025_seed0-499_48352cd1,331,21,39,0,3
20260912_215351_529_traffic_scan_env2025_seed0-499_48352cd1,331,21,39,1,1
20260912_215351_529_traffic_scan_env2025_seed0-499_48352cd1,331,21,40,0,1
20260912_215351_529_traffic_scan_env2025_seed0-499_48352cd1,331,21,40,1,2
20260912_215351_529_traffic_scan_env2025_seed0-499_48352cd1,331,21,40,2,1
20260912_215351_529_traffic_scan_env2025_seed0-499_48352cd1,331,21,41,0,1
20260912_215351_529_traffic_scan_env2025_seed0-499_48352cd1,331,21,41,2,1
20260912_215351_529_traffic_scan_env2025_seed0-499_48352cd1,331,21,42,0,1
20260912_215351_529_traffic_scan_env2025_seed0-499_48352cd1,331,21,42,1,1
20260912_215351_529_traffic_scan_env2025_seed0-499_48352cd1,331,21,42,2,1
20260912_215351_529_traffic_scan_env2025_seed0-499_48352cd1,331,21,43,0,1
20260912_215351_529_traffic_scan_env2025_seed0-499_48352cd1,331,21,43,2,1
20260912_215351_529_traffic_scan_env2025_seed0-499_48352cd1,331,21,44,0,1
20260912_215351_529_traffic_scan_env2025_seed0-499_48352cd1,331,21,44,1,1
20260912_215351_529_traffic_scan_env2025_seed0-499_48352cd1,331,21,44,2,1
20260912_215351_529_traffic_scan_env2025_seed0-499_48352cd1,331,21,45,1,2
20260912_215351_529_traffic_scan_env2025_seed0-499_48352cd1,331,21,45,2,1
20260912_215351_529_traffic_scan_env2025_seed0-499_48352cd1,331,21,46,0,1
20260912_215351_529_traffic_scan_env2025_seed0-499_48352cd1,331,21,46,2,1
20260912_215351_529_traffic_scan_env2025_seed0-499_48352cd1,331,21,47,2,3
20260912_215351_529_traffic_scan_env2025_seed0-499_48352cd1,331,21,48,0,1
20260912_215351_529_traffic_scan_env2025_seed0-499_48352cd1,331,21,48,1,2
20260912_215351_529_traffic_scan_env2025_seed0-499_48352cd1,331,21,50,2,2
20260912_215351_529_traffic_scan_env2025_seed0-499_48352cd1,331,21,51,0,1
20260912_215351_529_traffic_scan_env2025_seed0-499_48352cd1,331,21,52,0,3
20260912_215351_529_traffic_scan_env2025_seed0-499_48352cd1,331,21,53,0,3
20260912_215351_529_traffic_scan_env2025_seed0-499_48352cd1,331,21,54,0,2
20260912_215351_529_traffic_scan_env2025_seed0-499_48352cd1,331,21,55,0,3
20260912_215351_529_traffic_scan_env2025_seed0-499_48352cd1,331,21,58,0,1
20260912_215351_529_traffic_scan_env2025_seed0-499_48352cd1,331,21,58,1,1
20260912_215351_529_traffic_scan_env2025_seed0-499_48352cd1,331,21,59,0,1
20260912_215351_529_traffic_scan_env2025_seed0-499_48352cd1,331,22,2,0,1
20260912_215351_529_traffic_scan_env2025_seed0-499_48352cd1,331,22,3,0,1
20260912_215351_529_traffic_scan_env2025_seed0-499_48352cd1,331,22,4,0,2
20260912_215351_529_traffic_scan_env2025_seed0-499_48352cd1,331,22,4,1,1
20260912_215351_529_traffic_scan_env2025_seed0-499_48352cd1,331,22,5,0,2
20260912_215351_529_traffic_scan_env2025_seed0-499_48352cd1,331,22,6,0,1
20260912_215351_529_traffic_scan_env2025_seed0-499_48352cd1,331,22,7,0,1
20260912_215351_529_traffic_scan_env2025_seed0-499_48352cd1,331,22,7,1,1
20260912_215351_529_traffic_scan_env2025_seed0-499_48352cd1,331,22,8,0,2
20260912_215351_529_traffic_scan_env2025_seed0-499_48352cd1,331,22,9,0,1
20260912_215351_529_traffic_scan_env2025_seed0-499_48352cd1,331,22,9,1,1
20260912_215351_529_traffic_scan_env2025_seed0-499_48352cd1,331,22,10,0,1
20260912_215351_529_traffic_scan_env2025_seed0-499_48352cd1,331,22,11,0,2
20260912_215351_529_traffic_scan_env2025_seed0-499_48352cd1,331,22,12,1,1
20260912_215351_529_traffic_scan_env2025_seed0-499_48352cd1,331,22,16,0,2
20260912_215351_529_traffic_scan_env2025_seed0-499_48352cd1,331,22,16,1,2
20260912_215351_529_traffic_scan_env2025_seed0-499_48352cd1,331,22,17,1,3
20260912_215351_529_traffic_scan_env2025_seed0-499_48352cd1,331,22,18,1,1
20260912_215351_529_traffic_scan_env2025_seed0-499_48352cd1,331,22,19,0,2
20260912_215351_529_traffic_scan_env2025_seed0-499_48352cd1,331,22,19,1,1
20260912_215351_529_traffic_scan_env2025_seed0-499_48352cd1,331,22,20,0,2
20260912_215351_529_traffic_scan_env2025_seed0-499_48352cd1,331,22,20,1,2
20260912_215351_529_traffic_scan_env2025_seed0-499_48352cd1,331,22,21,0,1
20260912_215351_529_traffic_scan_env2025_seed0-499_48352cd1,331,22,23,1,1
20260912_215351_529_traffic_scan_env2025_seed0-499_48352cd1,331,22,24,1,3
20260912_215351_529_traffic_scan_env2025_seed0-499_48352cd1,331,22,25,1,4
20260912_215351_529_traffic_scan_env2025_seed0-499_48352cd1,331,22,26,1,1
20260912_215351_529_traffic_scan_env2025_seed0-499_48352cd1,331,22,27,1,2
20260912_215351_529_traffic_scan_env2025_seed0-499_48352cd1,331,22,28,0,1
20260912_215351_529_traffic_scan_env2025_seed0-499_48352cd1,331,22,29,0,1
20260912_215351_529_traffic_scan_env2025_seed0-499_48352cd1,331,22,29,1,1
20260912_215351_529_traffic_scan_env2025_seed0-499_48352cd1,331,22,30,0,2
20260912_215351_529_traffic_scan_env2025_seed0-499_48352cd1,331,22,30,1,1
20260912_215351_529_traffic_scan_env2025_seed0-499_48352cd1,331,22,32,0,4
20260912_215351_529_traffic_scan_env2025_seed0-499_48352cd1,331,22,32,1,3
20260912_215351_529_traffic_scan_env2025_seed0-499_48352cd1,331,22,35,2,1
20260912_215351_529_traffic_scan_env2025_seed0-499_48352cd1,331,22,37,0,1
20260912_215351_529_traffic_scan_env2025_seed0-499_48352cd1,331,22,38,0,4
20260912_215351_529_traffic_scan_env2025_seed0-499_48352cd1,331,22,39,0,3
20260912_215351_529_traffic_scan_env2025_seed0-499_48352cd1,331,22,39,1,2
20260912_215351_529_traffic_scan_env2025_seed0-499_48352cd1,331,22,40,2,2
20260912_215351_529_traffic_scan_env2025_seed0-499_48352cd1,331,22,42,0,1
20260912_215351_529_traffic_scan_env2025_seed0-499_48352cd1,331,22,42,1,2
20260912_215351_529_traffic_scan_env2025_seed0-499_48352cd1,331,22,43,0,1
20260912_215351_529_traffic_scan_env2025_seed0-499_48352cd1,331,22,44,0,1
20260912_215351_529_traffic_scan_env2025_seed0-499_48352cd1,331,22,44,1,1
20260912_215351_529_traffic_scan_env2025_seed0-499_48352cd1,331,22,45,1,1
20260912_215351_529_traffic_scan_env2025_seed0-499_48352cd1,331,22,46,0,2
20260912_215351_529_traffic_scan_env2025_seed0-499_48352cd1,331,22,46,1,1
20260912_215351_529_traffic_scan_env2025_seed0-499_48352cd1,331,22,47,2,2
20260912_215351_529_traffic_scan_env2025_seed0-499_48352cd1,331,22,48,1,2
20260912_215351_529_traffic_scan_env2025_seed0-499_48352cd1,331,22,49,0,1
20260912_215351_529_traffic_scan_env2025_seed0-499_48352cd1,331,22,49,1,1
20260912_215351_529_traffic_scan_env2025_seed0-499_48352cd1,331,22,50,1,3
20260912_215351_529_traffic_scan_env2025_seed0-499_48352cd1,331,22,51,0,1
20260912_215351_529_traffic_scan_env2025_seed0-499_48352cd1,331,22,52,0,1
20260912_215351_529_traffic_scan_env2025_seed0-499_48352cd1,331,22,53,0,3
20260912_215351_529_traffic_scan_env2025_seed0-499_48352cd1,331,22,54,0,1
20260912_215351_529_traffic_scan_env2025_seed0-499_48352cd1,331,22,55,0,1
20260912_215351_529_traffic_scan_env2025_seed0-499_48352cd1,331,22,58,1,1
20260912_215351_529_traffic_scan_env2025_seed0-499_48352cd1,331,22,59,0,1
20260912_215351_529_traffic_scan_env2025_seed0-499_48352cd1,331,23,0,0,1
20260912_215351_529_traffic_scan_env2025_seed0-499_48352cd1,331,23,2,0,1
20260912_215351_529_traffic_scan_env2025_seed0-499_48352cd1,331,23,3,0,1
20260912_215351_529_traffic_scan_env2025_seed0-499_48352cd1,331,23,4,0,1
20260912_215351_529_traffic_scan_env2025_seed0-499_48352cd1,331,23,4,1,1
20260912_215351_529_traffic_scan_env2025_seed0-499_48352cd1,331,23,5,0,1
20260912_215351_529_traffic_scan_env2025_seed0-499_48352cd1,331,23,6,0,1
20260912_215351_529_traffic_scan_env2025_seed0-499_48352cd1,331,23,7,0,1
20260912_215351_529_traffic_scan_env2025_seed0-499_48352cd1,331,23,7,1,1
20260912_215351_529_traffic_scan_env2025_seed0-499_48352cd1,331,23,10,1,1
20260912_215351_529_traffic_scan_env2025_seed0-499_48352cd1,331,23,12,0,1
20260912_215351_529_traffic_scan_env2025_seed0-499_48352cd1,331,23,12,1,2
20260912_215351_529_traffic_scan_env2025_seed0-499_48352cd1,331,23,13,1,1
20260912_215351_529_traffic_scan_env2025_seed0-499_48352cd1,331,23,14,1,1
20260912_215351_529_traffic_scan_env2025_seed0-499_48352cd1,331,23,15,1,1
20260912_215351_529_traffic_scan_env2025_seed0-499_48352cd1,331,23,16,1,1
20260912_215351_529_traffic_scan_env2025_seed0-499_48352cd1,331,23,17,0,2
20260912_215351_529_traffic_scan_env2025_seed0-499_48352cd1,331,23,18,0,1
20260912_215351_529_traffic_scan_env2025_seed0-499_48352cd1,331,23,18,1,2
20260912_215351_529_traffic_scan_env2025_seed0-499_48352cd1,331,23,19,0,1
20260912_215351_529_traffic_scan_env2025_seed0-499_48352cd1,331,23,19,1,1
20260912_215351_529_traffic_scan_env2025_seed0-499_48352cd1,331,23,20,1,1
20260912_215351_529_traffic_scan_env2025_seed0-499_48352cd1,331,23,21,1,3
20260912_215351_529_traffic_scan_env2025_seed0-499_48352cd1,331,23,21,2,1
20260912_215351_529_traffic_scan_env2025_seed0-499_48352cd1,331,23,22,2,1
20260912_215351_529_traffic_scan_env2025_seed0-499_48352cd1,331,23,23,1,2
20260912_215351_529_traffic_scan_env2025_seed0-499_48352cd1,331,23,24,1,3
20260912_215351_529_traffic_scan_env2025_seed0-499_48352cd1,331,23,25,1,5
20260912_215351_529_traffic_scan_env2025_seed0-499_48352cd1,331,23,27,0,1
20260912_215351_529_traffic_scan_env2025_seed0-499_48352cd1,331,23,27,1,3
20260912_215351_529_traffic_scan_env2025_seed0-499_48352cd1,331,23,28,2,1
20260912_215351_529_traffic_scan_env2025_seed0-499_48352cd1,331,23,29,1,1
20260912_215351_529_traffic_scan_env2025_seed0-499_48352cd1,331,23,31,0,3
20260912_215351_529_traffic_scan_env2025_seed0-499_48352cd1,331,23,31,1,1
20260912_215351_529_traffic_scan_env2025_seed0-499_48352cd1,331,23,33,0,3
20260912_215351_529_traffic_scan_env2025_seed0-499_48352cd1,331,23,33,1,3
20260912_215351_529_traffic_scan_env2025_seed0-499_48352cd1,331,23,34,0,2
20260912_215351_529_traffic_scan_env2025_seed0-499_48352cd1,331,23,34,1,2
20260912_215351_529_traffic_scan_env2025_seed0-499_48352cd1,331,23,35,1,1
20260912_215351_529_traffic_scan_env2025_seed0-499_48352cd1,331,23,37,0,3
20260912_215351_529_traffic_scan_env2025_seed0-499_48352cd1,331,23,38,0,2
20260912_215351_529_traffic_scan_env2025_seed0-499_48352cd1,331,23,39,0,2
20260912_215351_529_traffic_scan_env2025_seed0-499_48352cd1,331,23,40,0,1
20260912_215351_529_traffic_scan_env2025_seed0-499_48352cd1,331,23,40,1,4
20260912_215351_529_traffic_scan_env2025_seed0-499_48352cd1,331,23,42,2,2
20260912_215351_529_traffic_scan_env2025_seed0-499_48352cd1,331,23,44,1,1
20260912_215351_529_traffic_scan_env2025_seed0-499_48352cd1,331,23,45,0,2
20260912_215351_529_traffic_scan_env2025_seed0-499_48352cd1,331,23,45,1,1
20260912_215351_529_traffic_scan_env2025_seed0-499_48352cd1,331,23,46,0,2
20260912_215351_529_traffic_scan_env2025_seed0-499_48352cd1,331,23,47,1,4
20260912_215351_529_traffic_scan_env2025_seed0-499_48352cd1,331,23,48,1,1
20260912_215351_529_traffic_scan_env2025_seed0-499_48352cd1,331,23,50,0,2
20260912_215351_529_traffic_scan_env2025_seed0-499_48352cd1,331,23,50,1,2
20260912_215351_529_traffic_scan_env2025_seed0-499_48352cd1,331,23,51,0,2
20260912_215351_529_traffic_scan_env2025_seed0-499_48352cd1,331,23,52,0,2
20260912_215351_529_traffic_scan_env2025_seed0-499_48352cd1,331,23,53,0,3
20260912_215351_529_traffic_scan_env2025_seed0-499_48352cd1,331,23,54,0,1
20260912_215351_529_traffic_scan_env2025_seed0-499_48352cd1,331,23,55,0,2
20260912_215351_529_traffic_scan_env2025_seed0-499_48352cd1,331,23,56,0,1
20260912_215351_529_traffic_scan_env2025_seed0-499_48352cd1,331,23,57,0,1
20260912_215351_529_traffic_scan_env2025_seed0-499_48352cd1,331,23,58,0,1
20260912_215351_529_traffic_scan_env2025_seed0-499_48352cd1,331,23,58,1,1
20260912_215351_529_traffic_scan_env2025_seed0-499_48352cd1,331,23,59,0,2
20260912_215351_529_traffic_scan_env2025_seed0-499_48352cd1,331,24,1,0,1
20260912_215351_529_traffic_scan_env2025_seed0-499_48352cd1,331,24,5,0,1
20260912_215351_529_traffic_scan_env2025_seed0-499_48352cd1,331,24,5,1,1
20260912_215351_529_traffic_scan_env2025_seed0-499_48352cd1,331,24,6,0,2
20260912_215351_529_traffic_scan_env2025_seed0-499_48352cd1,331,24,7,0,1
20260912_215351_529_traffic_scan_env2025_seed0-499_48352cd1,331,24,7,1,1
20260912_215351_529_traffic_scan_env2025_seed0-499_48352cd1,331,24,8,0,1
20260912_215351_529_traffic_scan_env2025_seed0-499_48352cd1,331,24,11,0,1
20260912_215351_529_traffic_scan_env2025_seed0-499_48352cd1,331,24,12,1,1
20260912_215351_529_traffic_scan_env2025_seed0-499_48352cd1,331,24,13,0,2
20260912_215351_529_traffic_scan_env2025_seed0-499_48352cd1,331,24,17,0,1
20260912_215351_529_traffic_scan_env2025_seed0-499_48352cd1,331,24,17,1,1
20260912_215351_529_traffic_scan_env2025_seed0-499_48352cd1,331,24,18,0,2
20260912_215351_529_traffic_scan_env2025_seed0-499_48352cd1,331,24,19,0,1
20260912_215351_529_traffic_scan_env2025_seed0-499_48352cd1,331,24,19,1,1
20260912_215351_529_traffic_scan_env2025_seed0-499_48352cd1,331,24,20,2,2
20260912_215351_529_traffic_scan_env2025_seed0-499_48352cd1,331,24,22,3,1
20260912_215351_529_traffic_scan_env2025_seed0-499_48352cd1,331,24,23,1,3
20260912_215351_529_traffic_scan_env2025_seed0-499_48352cd1,331,24,26,1,5
20260912_215351_529_traffic_scan_env2025_seed0-499_48352cd1,331,24,27,0,1
20260912_215351_529_traffic_scan_env2025_seed0-499_48352cd1,331,24,27,1,5
20260912_215351_529_traffic_scan_env2025_seed0-499_48352cd1,331,24,28,1,3
20260912_215351_529_traffic_scan_env2025_seed0-499_48352cd1,331,24,29,1,3
20260912_215351_529_traffic_scan_env2025_seed0-499_48352cd1,331,24,30,1,2
20260912_215351_529_traffic_scan_env2025_seed0-499_48352cd1,331,24,31,0,1
20260912_215351_529_traffic_scan_env2025_seed0-499_48352cd1,331,24,31,1,2
20260912_215351_529_traffic_scan_env2025_seed0-499_48352cd1,331,24,32,0,1
20260912_215351_529_traffic_scan_env2025_seed0-499_48352cd1,331,24,32,1,4
20260912_215351_529_traffic_scan_env2025_seed0-499_48352cd1,331,24,33,0,1
20260912_215351_529_traffic_scan_env2025_seed0-499_48352cd1,331,24,33,1,4
20260912_215351_529_traffic_scan_env2025_seed0-499_48352cd1,331,24,34,1,2
20260912_215351_529_traffic_scan_env2025_seed0-499_48352cd1,331,24,35,0,2
20260912_215351_529_traffic_scan_env2025_seed0-499_48352cd1,331,24,35,1,2
20260912_215351_529_traffic_scan_env2025_seed0-499_48352cd1,331,24,36,0,2
20260912_215351_529_traffic_scan_env2025_seed0-499_48352cd1,331,24,36,1,3
20260912_215351_529_traffic_scan_env2025_seed0-499_48352cd1,331,24,37,0,2
20260912_215351_529_traffic_scan_env2025_seed0-499_48352cd1,331,24,37,1,2
20260912_215351_529_traffic_scan_env2025_seed0-499_48352cd1,331,24,38,0,1
20260912_215351_529_traffic_scan_env2025_seed0-499_48352cd1,331,24,38,1,2
20260912_215351_529_traffic_scan_env2025_seed0-499_48352cd1,331,24,39,0,1
20260912_215351_529_traffic_scan_env2025_seed0-499_48352cd1,331,24,39,1,2
20260912_215351_529_traffic_scan_env2025_seed0-499_48352cd1,331,24,40,0,2
20260912_215351_529_traffic_scan_env2025_seed0-499_48352cd1,331,24,40,1,2
20260912_215351_529_traffic_scan_env2025_seed0-499_48352cd1,331,24,41,0,1
20260912_215351_529_traffic_scan_env2025_seed0-499_48352cd1,331,24,41,1,8
20260912_215351_529_traffic_scan_env2025_seed0-499_48352cd1,331,24,42,2,2
20260912_215351_529_traffic_scan_env2025_seed0-499_48352cd1,331,24,43,2,2
20260912_215351_529_traffic_scan_env2025_seed0-499_48352cd1,331,24,44,0,1
20260912_215351_529_traffic_scan_env2025_seed0-499_48352cd1,331,24,44,1,3
20260912_215351_529_traffic_scan_env2025_seed0-499_48352cd1,331,24,45,0,1
20260912_215351_529_traffic_scan_env2025_seed0-499_48352cd1,331,24,45,1,3
20260912_215351_529_traffic_scan_env2025_seed0-499_48352cd1,331,24,46,0,2
20260912_215351_529_traffic_scan_env2025_seed0-499_48352cd1,331,24,46,1,2
20260912_215351_529_traffic_scan_env2025_seed0-499_48352cd1,331,24,47,1,4
20260912_215351_529_traffic_scan_env2025_seed0-499_48352cd1,331,24,48,0,1
20260912_215351_529_traffic_scan_env2025_seed0-499_48352cd1,331,24,48,1,3
20260912_215351_529_traffic_scan_env2025_seed0-499_48352cd1,331,24,49,0,1
20260912_215351_529_traffic_scan_env2025_seed0-499_48352cd1,331,24,49,1,2
20260912_215351_529_traffic_scan_env2025_seed0-499_48352cd1,331,24,50,0,2
20260912_215351_529_traffic_scan_env2025_seed0-499_48352cd1,331,24,50,1,3
20260912_215351_529_traffic_scan_env2025_seed0-499_48352cd1,331,24,51,0,3
20260912_215351_529_traffic_scan_env2025_seed0-499_48352cd1,331,24,52,0,3
20260912_215351_529_traffic_scan_env2025_seed0-499_48352cd1,331,24,53,0,2
20260912_215351_529_traffic_scan_env2025_seed0-499_48352cd1,331,24,54,0,1
20260912_215351_529_traffic_scan_env2025_seed0-499_48352cd1,331,24,55,0,2
20260912_215351_529_traffic_scan_env2025_seed0-499_48352cd1,331,24,56,0,1
20260912_215351_529_traffic_scan_env2025_seed0-499_48352cd1,331,24,58,1,1
20260912_215351_529_traffic_scan_env2025_seed0-499_48352cd1,331,24,59,0,1
20260912_215351_529_traffic_scan_env2025_seed0-499_48352cd1,331,25,5,0,1
20260912_215351_529_traffic_scan_env2025_seed0-499_48352cd1,331,25,6,0,1
20260912_215351_529_traffic_scan_env2025_seed0-499_48352cd1,331,25,6,1,1
20260912_215351_529_traffic_scan_env2025_seed0-499_48352cd1,331,25,7,0,1
20260912_215351_529_traffic_scan_env2025_seed0-499_48352cd1,331,25,7,1,1
20260912_215351_529_traffic_scan_env2025_seed0-499_48352cd1,331,25,9,0,1
20260912_215351_529_traffic_scan_env2025_seed0-499_48352cd1,331,25,12,0,1
20260912_215351_529_traffic_scan_env2025_seed0-499_48352cd1,331,25,12,1,1
20260912_215351_529_traffic_scan_env2025_seed0-499_48352cd1,331,25,14,0,2
20260912_215351_529_traffic_scan_env2025_seed0-499_48352cd1,331,25,16,0,1
20260912_215351_529_traffic_scan_env2025_seed0-499_48352cd1,331,25,18,1,1
20260912_215351_529_traffic_scan_env2025_seed0-499_48352cd1,331,25,19,0,3
20260912_215351_529_traffic_scan_env2025_seed0-499_48352cd1,331,25,20,2,2
20260912_215351_529_traffic_scan_env2025_seed0-499_48352cd1,331,25,21,3,1
20260912_215351_529_traffic_scan_env2025_seed0-499_48352cd1,331,25,23,2,5
20260912_215351_529_traffic_scan_env2025_seed0-499_48352cd1,331,25,26,0,3
20260912_215351_529_traffic_scan_env2025_seed0-499_48352cd1,331,25,26,1,2
20260912_215351_529_traffic_scan_env2025_seed0-499_48352cd1,331,25,27,0,1
20260912_215351_529_traffic_scan_env2025_seed0-499_48352cd1,331,25,27,1,3
20260912_215351_529_traffic_scan_env2025_seed0-499_48352cd1,331,25,29,1,2
20260912_215351_529_traffic_scan_env2025_seed0-499_48352cd1,331,25,31,0,1
20260912_215351_529_traffic_scan_env2025_seed0-499_48352cd1,331,25,31,1,1
20260912_215351_529_traffic_scan_env2025_seed0-499_48352cd1,331,25,33,0,2
20260912_215351_529_traffic_scan_env2025_seed0-499_48352cd1,331,25,33,1,3
20260912_215351_529_traffic_scan_env2025_seed0-499_48352cd1,331,25,35,0,2
20260912_215351_529_traffic_scan_env2025_seed0-499_48352cd1,331,25,36,0,3
20260912_215351_529_traffic_scan_env2025_seed0-499_48352cd1,331,25,37,0,1
20260912_215351_529_traffic_scan_env2025_seed0-499_48352cd1,331,25,37,1,1
20260912_215351_529_traffic_scan_env2025_seed0-499_48352cd1,331,25,38,0,1
20260912_215351_529_traffic_scan_env2025_seed0-499_48352cd1,331,25,39,0,1
20260912_215351_529_traffic_scan_env2025_seed0-499_48352cd1,331,25,40,0,2
20260912_215351_529_traffic_scan_env2025_seed0-499_48352cd1,331,25,40,1,2
20260912_215351_529_traffic_scan_env2025_seed0-499_48352cd1,331,25,41,0,1
20260912_215351_529_traffic_scan_env2025_seed0-499_48352cd1,331,25,41,1,2
20260912_215351_529_traffic_scan_env2025_seed0-499_48352cd1,331,25,42,0,1
20260912_215351_529_traffic_scan_env2025_seed0-499_48352cd1,331,25,42,1,2
20260912_215351_529_traffic_scan_env2025_seed0-499_48352cd1,331,25,43,0,1
20260912_215351_529_traffic_scan_env2025_seed0-499_48352cd1,331,25,43,1,1
20260912_215351_529_traffic_scan_env2025_seed0-499_48352cd1,331,25,44,0,1
20260912_215351_529_traffic_scan_env2025_seed0-499_48352cd1,331,25,45,1,1
20260912_215351_529_traffic_scan_env2025_seed0-499_48352cd1,331,25,46,0,1
20260912_215351_529_traffic_scan_env2025_seed0-499_48352cd1,331,25,47,0,1
20260912_215351_529_traffic_scan_env2025_seed0-499_48352cd1,331,25,47,1,2
20260912_215351_529_traffic_scan_env2025_seed0-499_48352cd1,331,25,48,0,1
20260912_215351_529_traffic_scan_env2025_seed0-499_48352cd1,331,25,48,1,1
20260912_215351_529_traffic_scan_env2025_seed0-499_48352cd1,331,25,49,0,2
20260912_215351_529_traffic_scan_env2025_seed0-499_48352cd1,331,25,50,0,1
20260912_215351_529_traffic_scan_env2025_seed0-499_48352cd1,331,25,50,1,2
20260912_215351_529_traffic_scan_env2025_seed0-499_48352cd1,331,25,51,0,3
20260912_215351_529_traffic_scan_env2025_seed0-499_48352cd1,331,25,53,0,2
20260912_215351_529_traffic_scan_env2025_seed0-499_48352cd1,331,25,54,0,1
20260912_215351_529_traffic_scan_env2025_seed0-499_48352cd1,331,25,55,0,2
20260912_215351_529_traffic_scan_env2025_seed0-499_48352cd1,331,25,56,0,2
20260912_215351_529_traffic_scan_env2025_seed0-499_48352cd1,331,25,57,0,1
20260912_215351_529_traffic_scan_env2025_seed0-499_48352cd1,331,25,57,1,1
20260912_215351_529_traffic_scan_env2025_seed0-499_48352cd1,331,25,58,0,1
20260912_215351_529_traffic_scan_env2025_seed0-499_48352cd1,331,25,59,0,1
20260912_215351_529_traffic_scan_env2025_seed0-499_48352cd1,331,26,4,0,1
20260912_215351_529_traffic_scan_env2025_seed0-499_48352cd1,331,26,7,0,1
20260912_215351_529_traffic_scan_env2025_seed0-499_48352cd1,331,26,7,1,2
20260912_215351_529_traffic_scan_env2025_seed0-499_48352cd1,331,26,8,0,1
20260912_215351_529_traffic_scan_env2025_seed0-499_48352cd1,331,26,9,0,1
20260912_215351_529_traffic_scan_env2025_seed0-499_48352cd1,331,26,12,0,2
20260912_215351_529_traffic_scan_env2025_seed0-499_48352cd1,331,26,12,1,1
20260912_215351_529_traffic_scan_env2025_seed0-499_48352cd1,331,26,15,0,3
20260912_215351_529_traffic_scan_env2025_seed0-499_48352cd1,331,26,19,1,2
20260912_215351_529_traffic_scan_env2025_seed0-499_48352cd1,331,26,20,0,3
20260912_215351_529_traffic_scan_env2025_seed0-499_48352cd1,331,26,20,1,2
20260912_215351_529_traffic_scan_env2025_seed0-499_48352cd1,331,26,21,0,2
20260912_215351_529_traffic_scan_env2025_seed0-499_48352cd1,331,26,21,1,3
20260912_215351_529_traffic_scan_env2025_seed0-499_48352cd1,331,26,21,2,1
20260912_215351_529_traffic_scan_env2025_seed0-499_48352cd1,331,26,22,0,2
20260912_215351_529_traffic_scan_env2025_seed0-499_48352cd1,331,26,22,1,4
20260912_215351_529_traffic_scan_env2025_seed0-499_48352cd1,331,26,23,2,1
20260912_215351_529_traffic_scan_env2025_seed0-499_48352cd1,331,26,24,2,5
20260912_215351_529_traffic_scan_env2025_seed0-499_48352cd1,331,26,25,0,3
20260912_215351_529_traffic_scan_env2025_seed0-499_48352cd1,331,26,25,1,4
20260912_215351_529_traffic_scan_env2025_seed0-499_48352cd1,331,26,26,1,1
20260912_215351_529_traffic_scan_env2025_seed0-499_48352cd1,331,26,27,1,3
20260912_215351_529_traffic_scan_env2025_seed0-499_48352cd1,331,26,28,0,1
20260912_215351_529_traffic_scan_env2025_seed0-499_48352cd1,331,26,28,1,2
20260912_215351_529_traffic_scan_env2025_seed0-499_48352cd1,331,26,29,1,2
20260912_215351_529_traffic_scan_env2025_seed0-499_48352cd1,331,26,30,1,2
20260912_215351_529_traffic_scan_env2025_seed0-499_48352cd1,331,26,31,0,1
20260912_215351_529_traffic_scan_env2025_seed0-499_48352cd1,331,26,31,1,2
20260912_215351_529_traffic_scan_env2025_seed0-499_48352cd1,331,26,32,1,2
20260912_215351_529_traffic_scan_env2025_seed0-499_48352cd1,331,26,33,0,1
20260912_215351_529_traffic_scan_env2025_seed0-499_48352cd1,331,26,33,1,2
20260912_215351_529_traffic_scan_env2025_seed0-499_48352cd1,331,26,34,0,2
20260912_215351_529_traffic_scan_env2025_seed0-499_48352cd1,331,26,34,1,2
20260912_215351_529_traffic_scan_env2025_seed0-499_48352cd1,331,26,35,0,2
20260912_215351_529_traffic_scan_env2025_seed0-499_48352cd1,331,26,35,1,1
20260912_215351_529_traffic_scan_env2025_seed0-499_48352cd1,331,26,36,1,1
20260912_215351_529_traffic_scan_env2025_seed0-499_48352cd1,331,26,37,0,3
20260912_215351_529_traffic_scan_env2025_seed0-499_48352cd1,331,26,37,1,1
20260912_215351_529_traffic_scan_env2025_seed0-499_48352cd1,331,26,38,0,1
20260912_215351_529_traffic_scan_env2025_seed0-499_48352cd1,331,26,38,1,2
20260912_215351_529_traffic_scan_env2025_seed0-499_48352cd1,331,26,39,0,2
20260912_215351_529_traffic_scan_env2025_seed0-499_48352cd1,331,26,39,1,3
20260912_215351_529_traffic_scan_env2025_seed0-499_48352cd1,331,26,40,0,1
20260912_215351_529_traffic_scan_env2025_seed0-499_48352cd1,331,26,40,1,1
20260912_215351_529_traffic_scan_env2025_seed0-499_48352cd1,331,26,41,0,1
20260912_215351_529_traffic_scan_env2025_seed0-499_48352cd1,331,26,41,1,3
20260912_215351_529_traffic_scan_env2025_seed0-499_48352cd1,331,26,42,0,2
20260912_215351_529_traffic_scan_env2025_seed0-499_48352cd1,331,26,42,1,1
20260912_215351_529_traffic_scan_env2025_seed0-499_48352cd1,331,26,43,0,1
20260912_215351_529_traffic_scan_env2025_seed0-499_48352cd1,331,26,43,1,4
20260912_215351_529_traffic_scan_env2025_seed0-499_48352cd1,331,26,44,1,1
20260912_215351_529_traffic_scan_env2025_seed0-499_48352cd1,331,26,45,1,2
20260912_215351_529_traffic_scan_env2025_seed0-499_48352cd1,331,26,46,0,3
20260912_215351_529_traffic_scan_env2025_seed0-499_48352cd1,331,26,46,1,1
20260912_215351_529_traffic_scan_env2025_seed0-499_48352cd1,331,26,47,0,1
20260912_215351_529_traffic_scan_env2025_seed0-499_48352cd1,331,26,47,1,3
20260912_215351_529_traffic_scan_env2025_seed0-499_48352cd1,331,26,48,0,2
20260912_215351_529_traffic_scan_env2025_seed0-499_48352cd1,331,26,48,1,2
20260912_215351_529_traffic_scan_env2025_seed0-499_48352cd1,331,26,49,0,1
20260912_215351_529_traffic_scan_env2025_seed0-499_48352cd1,331,26,49,1,1
20260912_215351_529_traffic_scan_env2025_seed0-499_48352cd1,331,26,50,0,2
20260912_215351_529_traffic_scan_env2025_seed0-499_48352cd1,331,26,50,1,3
20260912_215351_529_traffic_scan_env2025_seed0-499_48352cd1,331,26,52,0,1
20260912_215351_529_traffic_scan_env2025_seed0-499_48352cd1,331,26,53,0,1
20260912_215351_529_traffic_scan_env2025_seed0-499_48352cd1,331,26,55,0,2
20260912_215351_529_traffic_scan_env2025_seed0-499_48352cd1,331,26,57,1,1
20260912_215351_529_traffic_scan_env2025_seed0-499_48352cd1,331,26,59,0,1
20260912_215351_529_traffic_scan_env2025_seed0-499_48352cd1,331,27,3,0,1
20260912_215351_529_traffic_scan_env2025_seed0-499_48352cd1,331,27,7,0,1
20260912_215351_529_traffic_scan_env2025_seed0-499_48352cd1,331,27,7,1,1
20260912_215351_529_traffic_scan_env2025_seed0-499_48352cd1,331,27,8,0,2
20260912_215351_529_traffic_scan_env2025_seed0-499_48352cd1,331,27,8,1,1
20260912_215351_529_traffic_scan_env2025_seed0-499_48352cd1,331,27,9,0,3
20260912_215351_529_traffic_scan_env2025_seed0-499_48352cd1,331,27,10,0,2
20260912_215351_529_traffic_scan_env2025_seed0-499_48352cd1,331,27,11,0,1
20260912_215351_529_traffic_scan_env2025_seed0-499_48352cd1,331,27,12,2,1
20260912_215351_529_traffic_scan_env2025_seed0-499_48352cd1,331,27,13,0,3
20260912_215351_529_traffic_scan_env2025_seed0-499_48352cd1,331,27,14,0,2
20260912_215351_529_traffic_scan_env2025_seed0-499_48352cd1,331,27,16,0,2
20260912_215351_529_traffic_scan_env2025_seed0-499_48352cd1,331,27,18,2,1
20260912_215351_529_traffic_scan_env2025_seed0-499_48352cd1,331,27,20,0,3
20260912_215351_529_traffic_scan_env2025_seed0-499_48352cd1,331,27,20,1,2
20260912_215351_529_traffic_scan_env2025_seed0-499_48352cd1,331,27,21,0,1
20260912_215351_529_traffic_scan_env2025_seed0-499_48352cd1,331,27,21,1,2
20260912_215351_529_traffic_scan_env2025_seed0-499_48352cd1,331,27,22,0,1
20260912_215351_529_traffic_scan_env2025_seed0-499_48352cd1,331,27,22,1,1
20260912_215351_529_traffic_scan_env2025_seed0-499_48352cd1,331,27,23,0,5
20260912_215351_529_traffic_scan_env2025_seed0-499_48352cd1,331,27,23,1,2
20260912_215351_529_traffic_scan_env2025_seed0-499_48352cd1,331,27,24,0,6
20260912_215351_529_traffic_scan_env2025_seed0-499_48352cd1,331,27,24,1,1
20260912_215351_529_traffic_scan_env2025_seed0-499_48352cd1,331,27,25,1,1
20260912_215351_529_traffic_scan_env2025_seed0-499_48352cd1,331,27,26,1,2
20260912_215351_529_traffic_scan_env2025_seed0-499_48352cd1,331,27,27,1,3
20260912_215351_529_traffic_scan_env2025_seed0-499_48352cd1,331,27,28,1,1
20260912_215351_529_traffic_scan_env2025_seed0-499_48352cd1,331,27,29,0,1
20260912_215351_529_traffic_scan_env2025_seed0-499_48352cd1,331,27,29,1,3
20260912_215351_529_traffic_scan_env2025_seed0-499_48352cd1,331,27,30,1,2
20260912_215351_529_traffic_scan_env2025_seed0-499_48352cd1,331,27,31,0,1
20260912_215351_529_traffic_scan_env2025_seed0-499_48352cd1,331,27,31,1,3
20260912_215351_529_traffic_scan_env2025_seed0-499_48352cd1,331,27,32,1,1
20260912_215351_529_traffic_scan_env2025_seed0-499_48352cd1,331,27,33,0,2
20260912_215351_529_traffic_scan_env2025_seed0-499_48352cd1,331,27,33,1,2
20260912_215351_529_traffic_scan_env2025_seed0-499_48352cd1,331,27,34,0,1
20260912_215351_529_traffic_scan_env2025_seed0-499_48352cd1,331,27,34,1,1
20260912_215351_529_traffic_scan_env2025_seed0-499_48352cd1,331,27,35,0,2
20260912_215351_529_traffic_scan_env2025_seed0-499_48352cd1,331,27,35,1,2
20260912_215351_529_traffic_scan_env2025_seed0-499_48352cd1,331,27,36,1,1
20260912_215351_529_traffic_scan_env2025_seed0-499_48352cd1,331,27,37,0,1
20260912_215351_529_traffic_scan_env2025_seed0-499_48352cd1,331,27,37,1,1
20260912_215351_529_traffic_scan_env2025_seed0-499_48352cd1,331,27,38,0,4
20260912_215351_529_traffic_scan_env2025_seed0-499_48352cd1,331,27,38,1,3
20260912_215351_529_traffic_scan_env2025_seed0-499_48352cd1,331,27,39,0,1
20260912_215351_529_traffic_scan_env2025_seed0-499_48352cd1,331,27,39,1,2
20260912_215351_529_traffic_scan_env2025_seed0-499_48352cd1,331,27,40,0,2
20260912_215351_529_traffic_scan_env2025_seed0-499_48352cd1,331,27,40,1,1
20260912_215351_529_traffic_scan_env2025_seed0-499_48352cd1,331,27,41,2,3
20260912_215351_529_traffic_scan_env2025_seed0-499_48352cd1,331,27,42,2,1
20260912_215351_529_traffic_scan_env2025_seed0-499_48352cd1,331,27,43,0,1
20260912_215351_529_traffic_scan_env2025_seed0-499_48352cd1,331,27,43,1,2
20260912_215351_529_traffic_scan_env2025_seed0-499_48352cd1,331,27,44,1,3
20260912_215351_529_traffic_scan_env2025_seed0-499_48352cd1,331,27,45,0,2
20260912_215351_529_traffic_scan_env2025_seed0-499_48352cd1,331,27,45,1,2
20260912_215351_529_traffic_scan_env2025_seed0-499_48352cd1,331,27,46,2,1
20260912_215351_529_traffic_scan_env2025_seed0-499_48352cd1,331,27,47,0,2
20260912_215351_529_traffic_scan_env2025_seed0-499_48352cd1,331,27,47,1,3
20260912_215351_529_traffic_scan_env2025_seed0-499_48352cd1,331,27,48,0,2
20260912_215351_529_traffic_scan_env2025_seed0-499_48352cd1,331,27,48,1,1
20260912_215351_529_traffic_scan_env2025_seed0-499_48352cd1,331,27,49,0,3
20260912_215351_529_traffic_scan_env2025_seed0-499_48352cd1,331,27,50,0,1
20260912_215351_529_traffic_scan_env2025_seed0-499_48352cd1,331,27,50,1,2
20260912_215351_529_traffic_scan_env2025_seed0-499_48352cd1,331,27,51,0,2
20260912_215351_529_traffic_scan_env2025_seed0-499_48352cd1,331,27,52,0,1
20260912_215351_529_traffic_scan_env2025_seed0-499_48352cd1,331,27,53,0,3
20260912_215351_529_traffic_scan_env2025_seed0-499_48352cd1,331,27,54,0,2
20260912_215351_529_traffic_scan_env2025_seed0-499_48352cd1,331,27,55,0,1
20260912_215351_529_traffic_scan_env2025_seed0-499_48352cd1,331,27,57,2,1
20260912_215351_529_traffic_scan_env2025_seed0-499_48352cd1,331,27,59,0,1
20260912_215351_529_traffic_scan_env2025_seed0-499_48352cd1,331,28,2,0,1
20260912_215351_529_traffic_scan_env2025_seed0-499_48352cd1,331,28,8,2,1
20260912_215351_529_traffic_scan_env2025_seed0-499_48352cd1,331,28,9,2,1
20260912_215351_529_traffic_scan_env2025_seed0-499_48352cd1,331,28,10,0,2
20260912_215351_529_traffic_scan_env2025_seed0-499_48352cd1,331,28,11,0,2
20260912_215351_529_traffic_scan_env2025_seed0-499_48352cd1,331,28,12,0,4
20260912_215351_529_traffic_scan_env2025_seed0-499_48352cd1,331,28,12,1,1
20260912_215351_529_traffic_scan_env2025_seed0-499_48352cd1,331,28,13,0,4
20260912_215351_529_traffic_scan_env2025_seed0-499_48352cd1,331,28,15,0,1
20260912_215351_529_traffic_scan_env2025_seed0-499_48352cd1,331,28,16,0,3
20260912_215351_529_traffic_scan_env2025_seed0-499_48352cd1,331,28,17,2,1
20260912_215351_529_traffic_scan_env2025_seed0-499_48352cd1,331,28,18,2,1
20260912_215351_529_traffic_scan_env2025_seed0-499_48352cd1,331,28,19,0,2
20260912_215351_529_traffic_scan_env2025_seed0-499_48352cd1,331,28,19,1,1
20260912_215351_529_traffic_scan_env2025_seed0-499_48352cd1,331,28,20,0,1
20260912_215351_529_traffic_scan_env2025_seed0-499_48352cd1,331,28,20,1,2
20260912_215351_529_traffic_scan_env2025_seed0-499_48352cd1,331,28,21,1,2
20260912_215351_529_traffic_scan_env2025_seed0-499_48352cd1,331,28,22,0,1
20260912_215351_529_traffic_scan_env2025_seed0-499_48352cd1,331,28,22,1,3
20260912_215351_529_traffic_scan_env2025_seed0-499_48352cd1,331,28,23,0,1
20260912_215351_529_traffic_scan_env2025_seed0-499_48352cd1,331,28,23,1,2
20260912_215351_529_traffic_scan_env2025_seed0-499_48352cd1,331,28,25,0,5
20260912_215351_529_traffic_scan_env2025_seed0-499_48352cd1,331,28,26,0,1
20260912_215351_529_traffic_scan_env2025_seed0-499_48352cd1,331,28,27,0,1
20260912_215351_529_traffic_scan_env2025_seed0-499_48352cd1,331,28,27,1,3
20260912_215351_529_traffic_scan_env2025_seed0-499_48352cd1,331,28,28,0,1
20260912_215351_529_traffic_scan_env2025_seed0-499_48352cd1,331,28,29,0,1
20260912_215351_529_traffic_scan_env2025_seed0-499_48352cd1,331,28,29,1,2
20260912_215351_529_traffic_scan_env2025_seed0-499_48352cd1,331,28,30,0,2
20260912_215351_529_traffic_scan_env2025_seed0-499_48352cd1,331,28,30,1,2
20260912_215351_529_traffic_scan_env2025_seed0-499_48352cd1,331,28,31,0,1
20260912_215351_529_traffic_scan_env2025_seed0-499_48352cd1,331,28,32,0,1
20260912_215351_529_traffic_scan_env2025_seed0-499_48352cd1,331,28,32,1,1
20260912_215351_529_traffic_scan_env2025_seed0-499_48352cd1,331,28,33,0,2
20260912_215351_529_traffic_scan_env2025_seed0-499_48352cd1,331,28,33,1,1
20260912_215351_529_traffic_scan_env2025_seed0-499_48352cd1,331,28,36,0,2
20260912_215351_529_traffic_scan_env2025_seed0-499_48352cd1,331,28,36,1,1
20260912_215351_529_traffic_scan_env2025_seed0-499_48352cd1,331,28,37,0,3
20260912_215351_529_traffic_scan_env2025_seed0-499_48352cd1,331,28,37,1,2
20260912_215351_529_traffic_scan_env2025_seed0-499_48352cd1,331,28,38,0,1
20260912_215351_529_traffic_scan_env2025_seed0-499_48352cd1,331,28,39,0,4
20260912_215351_529_traffic_scan_env2025_seed0-499_48352cd1,331,28,40,0,1
20260912_215351_529_traffic_scan_env2025_seed0-499_48352cd1,331,28,40,1,1
20260912_215351_529_traffic_scan_env2025_seed0-499_48352cd1,331,28,41,2,2
20260912_215351_529_traffic_scan_env2025_seed0-499_48352cd1,331,28,43,0,2
20260912_215351_529_traffic_scan_env2025_seed0-499_48352cd1,331,28,43,1,1
20260912_215351_529_traffic_scan_env2025_seed0-499_48352cd1,331,28,44,0,3
20260912_215351_529_traffic_scan_env2025_seed0-499_48352cd1,331,28,45,0,2
20260912_215351_529_traffic_scan_env2025_seed0-499_48352cd1,331,28,45,1,1
20260912_215351_529_traffic_scan_env2025_seed0-499_48352cd1,331,28,47,0,2
20260912_215351_529_traffic_scan_env2025_seed0-499_48352cd1,331,28,47,1,3
20260912_215351_529_traffic_scan_env2025_seed0-499_48352cd1,331,28,48,0,1
20260912_215351_529_traffic_scan_env2025_seed0-499_48352cd1,331,28,49,0,1
20260912_215351_529_traffic_scan_env2025_seed0-499_48352cd1,331,28,50,0,1
20260912_215351_529_traffic_scan_env2025_seed0-499_48352cd1,331,28,50,1,2
20260912_215351_529_traffic_scan_env2025_seed0-499_48352cd1,331,28,52,0,1
20260912_215351_529_traffic_scan_env2025_seed0-499_48352cd1,331,28,53,0,3
20260912_215351_529_traffic_scan_env2025_seed0-499_48352cd1,331,28,54,0,1
20260912_215351_529_traffic_scan_env2025_seed0-499_48352cd1,331,28,55,0,1
20260912_215351_529_traffic_scan_env2025_seed0-499_48352cd1,331,28,57,2,1
20260912_215351_529_traffic_scan_env2025_seed0-499_48352cd1,331,28,59,0,1
20260912_215351_529_traffic_scan_env2025_seed0-499_48352cd1,331,29,8,0,1
20260912_215351_529_traffic_scan_env2025_seed0-499_48352cd1,331,29,9,2,1
20260912_215351_529_traffic_scan_env2025_seed0-499_48352cd1,331,29,10,0,1
20260912_215351_529_traffic_scan_env2025_seed0-499_48352cd1,331,29,10,1,1
20260912_215351_529_traffic_scan_env2025_seed0-499_48352cd1,331,29,11,0,2
20260912_215351_529_traffic_scan_env2025_seed0-499_48352cd1,331,29,11,1,1
20260912_215351_529_traffic_scan_env2025_seed0-499_48352cd1,331,29,14,0,4
20260912_215351_529_traffic_scan_env2025_seed0-499_48352cd1,331,29,16,0,1
20260912_215351_529_traffic_scan_env2025_seed0-499_48352cd1,331,29,16,1,1
20260912_215351_529_traffic_scan_env2025_seed0-499_48352cd1,331,29,17,1,4
20260912_215351_529_traffic_scan_env2025_seed0-499_48352cd1,331,29,18,0,2
20260912_215351_529_traffic_scan_env2025_seed0-499_48352cd1,331,29,19,1,1
20260912_215351_529_traffic_scan_env2025_seed0-499_48352cd1,331,29,20,0,1
20260912_215351_529_traffic_scan_env2025_seed0-499_48352cd1,331,29,20,1,2
20260912_215351_529_traffic_scan_env2025_seed0-499_48352cd1,331,29,21,1,4
20260912_215351_529_traffic_scan_env2025_seed0-499_48352cd1,331,29,23,0,1
20260912_215351_529_traffic_scan_env2025_seed0-499_48352cd1,331,29,24,1,1
20260912_215351_529_traffic_scan_env2025_seed0-499_48352cd1,331,29,25,0,4
20260912_215351_529_traffic_scan_env2025_seed0-499_48352cd1,331,29,27,2,2
20260912_215351_529_traffic_scan_env2025_seed0-499_48352cd1,331,29,28,1,2
20260912_215351_529_traffic_scan_env2025_seed0-499_48352cd1,331,29,30,1,2
20260912_215351_529_traffic_scan_env2025_seed0-499_48352cd1,331,29,31,0,4
20260912_215351_529_traffic_scan_env2025_seed0-499_48352cd1,331,29,31,1,1
20260912_215351_529_traffic_scan_env2025_seed0-499_48352cd1,331,29,32,0,1
20260912_215351_529_traffic_scan_env2025_seed0-499_48352cd1,331,29,33,0,2
20260912_215351_529_traffic_scan_env2025_seed0-499_48352cd1,331,29,33,1,2
20260912_215351_529_traffic_scan_env2025_seed0-499_48352cd1,331,29,36,0,5
20260912_215351_529_traffic_scan_env2025_seed0-499_48352cd1,331,29,36,1,2
20260912_215351_529_traffic_scan_env2025_seed0-499_48352cd1,331,29,37,0,1
20260912_215351_529_traffic_scan_env2025_seed0-499_48352cd1,331,29,37,1,1
20260912_215351_529_traffic_scan_env2025_seed0-499_48352cd1,331,29,39,0,1
20260912_215351_529_traffic_scan_env2025_seed0-499_48352cd1,331,29,40,0,3
20260912_215351_529_traffic_scan_env2025_seed0-499_48352cd1,331,29,41,1,3
20260912_215351_529_traffic_scan_env2025_seed0-499_48352cd1,331,29,42,0,2
20260912_215351_529_traffic_scan_env2025_seed0-499_48352cd1,331,29,43,2,1
20260912_215351_529_traffic_scan_env2025_seed0-499_48352cd1,331,29,44,0,1
20260912_215351_529_traffic_scan_env2025_seed0-499_48352cd1,331,29,45,1,1
20260912_215351_529_traffic_scan_env2025_seed0-499_48352cd1,331,29,46,0,6
20260912_215351_529_traffic_scan_env2025_seed0-499_48352cd1,331,29,46,1,2
20260912_215351_529_traffic_scan_env2025_seed0-499_48352cd1,331,29,47,0,6
20260912_215351_529_traffic_scan_env2025_seed0-499_48352cd1,331,29,47,1,1
20260912_215351_529_traffic_scan_env2025_seed0-499_48352cd1,331,29,48,0,1
20260912_215351_529_traffic_scan_env2025_seed0-499_48352cd1,331,29,50,0,1
20260912_215351_529_traffic_scan_env2025_seed0-499_48352cd1,331,29,50,1,2
20260912_215351_529_traffic_scan_env2025_seed0-499_48352cd1,331,29,51,0,2
20260912_215351_529_traffic_scan_env2025_seed0-499_48352cd1,331,29,52,0,2
20260912_215351_529_traffic_scan_env2025_seed0-499_48352cd1,331,29,53,0,4
20260912_215351_529_traffic_scan_env2025_seed0-499_48352cd1,331,29,55,0,2
20260912_215351_529_traffic_scan_env2025_seed0-499_48352cd1,331,29,56,0,1
20260912_215351_529_traffic_scan_env2025_seed0-499_48352cd1,331,29,57,2,1
20260912_215351_529_traffic_scan_env2025_seed0-499_48352cd1,331,29,58,0,1
20260912_215351_529_traffic_scan_env2025_seed0-499_48352cd1,331,30,7,0,1
20260912_215351_529_traffic_scan_env2025_seed0-499_48352cd1,331,30,9,0,1
20260912_215351_529_traffic_scan_env2025_seed0-499_48352cd1,331,30,10,1,1
20260912_215351_529_traffic_scan_env2025_seed0-499_48352cd1,331,30,11,1,2
20260912_215351_529_traffic_scan_env2025_seed0-499_48352cd1,331,30,15,0,5
20260912_215351_529_traffic_scan_env2025_seed0-499_48352cd1,331,30,15,1,1
20260912_215351_529_traffic_scan_env2025_seed0-499_48352cd1,331,30,18,1,3
20260912_215351_529_traffic_scan_env2025_seed0-499_48352cd1,331,30,19,0,1
20260912_215351_529_traffic_scan_env2025_seed0-499_48352cd1,331,30,19,1,1
20260912_215351_529_traffic_scan_env2025_seed0-499_48352cd1,331,30,20,0,3
20260912_215351_529_traffic_scan_env2025_seed0-499_48352cd1,331,30,20,1,3
20260912_215351_529_traffic_scan_env2025_seed0-499_48352cd1,331,30,23,0,1
20260912_215351_529_traffic_scan_env2025_seed0-499_48352cd1,331,30,25,1,1
20260912_215351_529_traffic_scan_env2025_seed0-499_48352cd1,331,30,26,0,4
20260912_215351_529_traffic_scan_env2025_seed0-499_48352cd1,331,30,27,1,3
20260912_215351_529_traffic_scan_env2025_seed0-499_48352cd1,331,30,29,1,2
20260912_215351_529_traffic_scan_env2025_seed0-499_48352cd1,331,30,30,2,1
20260912_215351_529_traffic_scan_env2025_seed0-499_48352cd1,331,30,31,0,3
20260912_215351_529_traffic_scan_env2025_seed0-499_48352cd1,331,30,31,1,1
20260912_215351_529_traffic_scan_env2025_seed0-499_48352cd1,331,30,32,0,5
20260912_215351_529_traffic_scan_env2025_seed0-499_48352cd1,331,30,33,0,1
20260912_215351_529_traffic_scan_env2025_seed0-499_48352cd1,331,30,33,1,1
20260912_215351_529_traffic_scan_env2025_seed0-499_48352cd1,331,30,34,0,2
20260912_215351_529_traffic_scan_env2025_seed0-499_48352cd1,331,30,34,1,1
20260912_215351_529_traffic_scan_env2025_seed0-499_48352cd1,331,30,35,0,5
20260912_215351_529_traffic_scan_env2025_seed0-499_48352cd1,331,30,35,1,2
20260912_215351_529_traffic_scan_env2025_seed0-499_48352cd1,331,30,36,0,2
20260912_215351_529_traffic_scan_env2025_seed0-499_48352cd1,331,30,37,0,2
20260912_215351_529_traffic_scan_env2025_seed0-499_48352cd1,331,30,38,0,1
20260912_215351_529_traffic_scan_env2025_seed0-499_48352cd1,331,30,38,1,1
20260912_215351_529_traffic_scan_env2025_seed0-499_48352cd1,331,30,39,0,2
20260912_215351_529_traffic_scan_env2025_seed0-499_48352cd1,331,30,40,0,2
20260912_215351_529_traffic_scan_env2025_seed0-499_48352cd1,331,30,41,0,5
20260912_215351_529_traffic_scan_env2025_seed0-499_48352cd1,331,30,41,1,2
20260912_215351_529_traffic_scan_env2025_seed0-499_48352cd1,331,30,42,0,1
20260912_215351_529_traffic_scan_env2025_seed0-499_48352cd1,331,30,42,1,2
20260912_215351_529_traffic_scan_env2025_seed0-499_48352cd1,331,30,43,0,1
20260912_215351_529_traffic_scan_env2025_seed0-499_48352cd1,331,30,44,0,4
20260912_215351_529_traffic_scan_env2025_seed0-499_48352cd1,331,30,45,0,4
20260912_215351_529_traffic_scan_env2025_seed0-499_48352cd1,331,30,45,1,3
20260912_215351_529_traffic_scan_env2025_seed0-499_48352cd1,331,30,48,0,4
20260912_215351_529_traffic_scan_env2025_seed0-499_48352cd1,331,30,48,1,1
20260912_215351_529_traffic_scan_env2025_seed0-499_48352cd1,331,30,49,0,1
20260912_215351_529_traffic_scan_env2025_seed0-499_48352cd1,331,30,49,1,1
20260912_215351_529_traffic_scan_env2025_seed0-499_48352cd1,331,30,50,0,1
20260912_215351_529_traffic_scan_env2025_seed0-499_48352cd1,331,30,50,1,1
20260912_215351_529_traffic_scan_env2025_seed0-499_48352cd1,331,30,51,0,2
20260912_215351_529_traffic_scan_env2025_seed0-499_48352cd1,331,30,52,0,1
20260912_215351_529_traffic_scan_env2025_seed0-499_48352cd1,331,30,53,0,1
20260912_215351_529_traffic_scan_env2025_seed0-499_48352cd1,331,30,54,0,2
20260912_215351_529_traffic_scan_env2025_seed0-499_48352cd1,331,30,55,0,2
20260912_215351_529_traffic_scan_env2025_seed0-499_48352cd1,331,30,57,1,1
20260912_215351_529_traffic_scan_env2025_seed0-499_48352cd1,331,30,58,0,1
20260912_215351_529_traffic_scan_env2025_seed0-499_48352cd1,331,31,6,0,1
20260912_215351_529_traffic_scan_env2025_seed0-499_48352cd1,331,31,11,1,1
20260912_215351_529_traffic_scan_env2025_seed0-499_48352cd1,331,31,12,1,2
20260912_215351_529_traffic_scan_env2025_seed0-499_48352cd1,331,31,14,0,1
20260912_215351_529_traffic_scan_env2025_seed0-499_48352cd1,331,31,14,1,1
20260912_215351_529_traffic_scan_env2025_seed0-499_48352cd1,331,31,15,0,1
20260912_215351_529_traffic_scan_env2025_seed0-499_48352cd1,331,31,16,0,3
20260912_215351_529_traffic_scan_env2025_seed0-499_48352cd1,331,31,17,1,1
20260912_215351_529_traffic_scan_env2025_seed0-499_48352cd1,331,31,18,1,1
20260912_215351_529_traffic_scan_env2025_seed0-499_48352cd1,331,31,19,0,2
20260912_215351_529_traffic_scan_env2025_seed0-499_48352cd1,331,31,19,1,2
20260912_215351_529_traffic_scan_env2025_seed0-499_48352cd1,331,31,20,0,2
20260912_215351_529_traffic_scan_env2025_seed0-499_48352cd1,331,31,20,1,3
20260912_215351_529_traffic_scan_env2025_seed0-499_48352cd1,331,31,23,0,1
20260912_215351_529_traffic_scan_env2025_seed0-499_48352cd1,331,31,26,1,2
20260912_215351_529_traffic_scan_env2025_seed0-499_48352cd1,331,31,27,0,4
20260912_215351_529_traffic_scan_env2025_seed0-499_48352cd1,331,31,27,1,2
20260912_215351_529_traffic_scan_env2025_seed0-499_48352cd1,331,31,28,1,1
20260912_215351_529_traffic_scan_env2025_seed0-499_48352cd1,331,31,30,0,2
20260912_215351_529_traffic_scan_env2025_seed0-499_48352cd1,331,31,30,1,2
20260912_215351_529_traffic_scan_env2025_seed0-499_48352cd1,331,31,31,0,4
20260912_215351_529_traffic_scan_env2025_seed0-499_48352cd1,331,31,31,1,2
20260912_215351_529_traffic_scan_env2025_seed0-499_48352cd1,331,31,32,1,1
20260912_215351_529_traffic_scan_env2025_seed0-499_48352cd1,331,31,33,0,2
20260912_215351_529_traffic_scan_env2025_seed0-499_48352cd1,331,31,33,1,2
20260912_215351_529_traffic_scan_env2025_seed0-499_48352cd1,331,31,34,0,2
20260912_215351_529_traffic_scan_env2025_seed0-499_48352cd1,331,31,34,1,3
20260912_215351_529_traffic_scan_env2025_seed0-499_48352cd1,331,31,35,0,2
20260912_215351_529_traffic_scan_env2025_seed0-499_48352cd1,331,31,35,1,2
20260912_215351_529_traffic_scan_env2025_seed0-499_48352cd1,331,31,36,1,1
20260912_215351_529_traffic_scan_env2025_seed0-499_48352cd1,331,31,37,1,1
20260912_215351_529_traffic_scan_env2025_seed0-499_48352cd1,331,31,38,0,1
20260912_215351_529_traffic_scan_env2025_seed0-499_48352cd1,331,31,38,1,1
20260912_215351_529_traffic_scan_env2025_seed0-499_48352cd1,331,31,39,0,1
20260912_215351_529_traffic_scan_env2025_seed0-499_48352cd1,331,31,39,1,2
20260912_215351_529_traffic_scan_env2025_seed0-499_48352cd1,331,31,40,0,3
20260912_215351_529_traffic_scan_env2025_seed0-499_48352cd1,331,31,40,1,1
20260912_215351_529_traffic_scan_env2025_seed0-499_48352cd1,331,31,41,0,1
20260912_215351_529_traffic_scan_env2025_seed0-499_48352cd1,331,31,41,1,4
20260912_215351_529_traffic_scan_env2025_seed0-499_48352cd1,331,31,42,0,3
20260912_215351_529_traffic_scan_env2025_seed0-499_48352cd1,331,31,42,1,1
20260912_215351_529_traffic_scan_env2025_seed0-499_48352cd1,331,31,43,0,1
20260912_215351_529_traffic_scan_env2025_seed0-499_48352cd1,331,31,43,1,2
20260912_215351_529_traffic_scan_env2025_seed0-499_48352cd1,331,31,44,2,1
20260912_215351_529_traffic_scan_env2025_seed0-499_48352cd1,331,31,45,0,2
20260912_215351_529_traffic_scan_env2025_seed0-499_48352cd1,331,31,45,1,2
20260912_215351_529_traffic_scan_env2025_seed0-499_48352cd1,331,31,48,0,3
20260912_215351_529_traffic_scan_env2025_seed0-499_48352cd1,331,31,48,1,2
20260912_215351_529_traffic_scan_env2025_seed0-499_48352cd1,331,31,49,1,1
20260912_215351_529_traffic_scan_env2025_seed0-499_48352cd1,331,31,50,0,1
20260912_215351_529_traffic_scan_env2025_seed0-499_48352cd1,331,31,50,1,1
20260912_215351_529_traffic_scan_env2025_seed0-499_48352cd1,331,31,54,0,2
20260912_215351_529_traffic_scan_env2025_seed0-499_48352cd1,331,31,55,0,1
20260912_215351_529_traffic_scan_env2025_seed0-499_48352cd1,331,31,56,0,1
20260912_215351_529_traffic_scan_env2025_seed0-499_48352cd1,331,31,56,1,1
20260912_215351_529_traffic_scan_env2025_seed0-499_48352cd1,331,31,58,0,1
20260912_215351_529_traffic_scan_env2025_seed0-499_48352cd1,331,32,5,0,1
20260912_215351_529_traffic_scan_env2025_seed0-499_48352cd1,331,32,12,2,2
20260912_215351_529_traffic_scan_env2025_seed0-499_48352cd1,331,32,13,0,1
20260912_215351_529_traffic_scan_env2025_seed0-499_48352cd1,331,32,13,1,2
20260912_215351_529_traffic_scan_env2025_seed0-499_48352cd1,331,32,14,0,1
20260912_215351_529_traffic_scan_env2025_seed0-499_48352cd1,331,32,15,0,1
20260912_215351_529_traffic_scan_env2025_seed0-499_48352cd1,331,32,16,0,2
20260912_215351_529_traffic_scan_env2025_seed0-499_48352cd1,331,32,16,1,1
20260912_215351_529_traffic_scan_env2025_seed0-499_48352cd1,331,32,17,0,4
20260912_215351_529_traffic_scan_env2025_seed0-499_48352cd1,331,32,17,1,1
20260912_215351_529_traffic_scan_env2025_seed0-499_48352cd1,331,32,18,0,3
20260912_215351_529_traffic_scan_env2025_seed0-499_48352cd1,331,32,19,0,1
20260912_215351_529_traffic_scan_env2025_seed0-499_48352cd1,331,32,20,0,1
20260912_215351_529_traffic_scan_env2025_seed0-499_48352cd1,331,32,20,1,4
20260912_215351_529_traffic_scan_env2025_seed0-499_48352cd1,331,32,21,0,3
20260912_215351_529_traffic_scan_env2025_seed0-499_48352cd1,331,32,21,1,1
20260912_215351_529_traffic_scan_env2025_seed0-499_48352cd1,331,32,22,0,1
20260912_215351_529_traffic_scan_env2025_seed0-499_48352cd1,331,32,23,0,2
20260912_215351_529_traffic_scan_env2025_seed0-499_48352cd1,331,32,24,0,1
20260912_215351_529_traffic_scan_env2025_seed0-499_48352cd1,331,32,25,0,1
20260912_215351_529_traffic_scan_env2025_seed0-499_48352cd1,331,32,25,1,1
20260912_215351_529_traffic_scan_env2025_seed0-499_48352cd1,331,32,26,0,2
20260912_215351_529_traffic_scan_env2025_seed0-499_48352cd1,331,32,27,0,2
20260912_215351_529_traffic_scan_env2025_seed0-499_48352cd1,331,32,27,1,4
20260912_215351_529_traffic_scan_env2025_seed0-499_48352cd1,331,32,28,0,4
20260912_215351_529_traffic_scan_env2025_seed0-499_48352cd1,331,32,29,0,2
20260912_215351_529_traffic_scan_env2025_seed0-499_48352cd1,331,32,30,0,3
20260912_215351_529_traffic_scan_env2025_seed0-499_48352cd1,331,32,30,1,2
20260912_215351_529_traffic_scan_env2025_seed0-499_48352cd1,331,32,31,0,1
20260912_215351_529_traffic_scan_env2025_seed0-499_48352cd1,331,32,31,1,2
20260912_215351_529_traffic_scan_env2025_seed0-499_48352cd1,331,32,33,0,2
20260912_215351_529_traffic_scan_env2025_seed0-499_48352cd1,331,32,33,1,3
20260912_215351_529_traffic_scan_env2025_seed0-499_48352cd1,331,32,34,0,3
20260912_215351_529_traffic_scan_env2025_seed0-499_48352cd1,331,32,35,0,1
20260912_215351_529_traffic_scan_env2025_seed0-499_48352cd1,331,32,36,0,1
20260912_215351_529_traffic_scan_env2025_seed0-499_48352cd1,331,32,39,0,4
20260912_215351_529_traffic_scan_env2025_seed0-499_48352cd1,331,32,40,0,2
20260912_215351_529_traffic_scan_env2025_seed0-499_48352cd1,331,32,40,1,2
20260912_215351_529_traffic_scan_env2025_seed0-499_48352cd1,331,32,41,2,2
20260912_215351_529_traffic_scan_env2025_seed0-499_48352cd1,331,32,43,0,2
20260912_215351_529_traffic_scan_env2025_seed0-499_48352cd1,331,32,43,1,1
20260912_215351_529_traffic_scan_env2025_seed0-499_48352cd1,331,32,44,1,1
20260912_215351_529_traffic_scan_env2025_seed0-499_48352cd1,331,32,45,0,1
20260912_215351_529_traffic_scan_env2025_seed0-499_48352cd1,331,32,46,0,1
20260912_215351_529_traffic_scan_env2025_seed0-499_48352cd1,331,32,46,1,2
20260912_215351_529_traffic_scan_env2025_seed0-499_48352cd1,331,32,47,2,2
20260912_215351_529_traffic_scan_env2025_seed0-499_48352cd1,331,32,49,0,4
20260912_215351_529_traffic_scan_env2025_seed0-499_48352cd1,331,32,49,1,1
20260912_215351_529_traffic_scan_env2025_seed0-499_48352cd1,331,32,50,1,1
20260912_215351_529_traffic_scan_env2025_seed0-499_48352cd1,331,32,55,0,3
20260912_215351_529_traffic_scan_env2025_seed0-499_48352cd1,331,32,55,1,1
20260912_215351_529_traffic_scan_env2025_seed0-499_48352cd1,331,32,58,0,1
20260912_215351_529_traffic_scan_env2025_seed0-499_48352cd1,331,33,4,0,1
20260912_215351_529_traffic_scan_env2025_seed0-499_48352cd1,331,33,5,0,1
20260912_215351_529_traffic_scan_env2025_seed0-499_48352cd1,331,33,6,0,1
20260912_215351_529_traffic_scan_env2025_seed0-499_48352cd1,331,33,7,0,1
20260912_215351_529_traffic_scan_env2025_seed0-499_48352cd1,331,33,8,0,1
20260912_215351_529_traffic_scan_env2025_seed0-499_48352cd1,331,33,9,0,1
20260912_215351_529_traffic_scan_env2025_seed0-499_48352cd1,331,33,10,0,1
20260912_215351_529_traffic_scan_env2025_seed0-499_48352cd1,331,33,11,0,1
20260912_215351_529_traffic_scan_env2025_seed0-499_48352cd1,331,33,12,0,2
20260912_215351_529_traffic_scan_env2025_seed0-499_48352cd1,331,33,12,1,2
20260912_215351_529_traffic_scan_env2025_seed0-499_48352cd1,331,33,13,0,1
20260912_215351_529_traffic_scan_env2025_seed0-499_48352cd1,331,33,13,1,1
20260912_215351_529_traffic_scan_env2025_seed0-499_48352cd1,331,33,14,1,1
20260912_215351_529_traffic_scan_env2025_seed0-499_48352cd1,331,33,15,1,1
20260912_215351_529_traffic_scan_env2025_seed0-499_48352cd1,331,33,16,1,1
20260912_215351_529_traffic_scan_env2025_seed0-499_48352cd1,331,33,17,0,3
20260912_215351_529_traffic_scan_env2025_seed0-499_48352cd1,331,33,18,1,3
20260912_215351_529_traffic_scan_env2025_seed0-499_48352cd1,331,33,19,1,1
20260912_215351_529_traffic_scan_env2025_seed0-499_48352cd1,331,33,20,1,1
20260912_215351_529_traffic_scan_env2025_seed0-499_48352cd1,331,33,21,0,1
20260912_215351_529_traffic_scan_env2025_seed0-499_48352cd1,331,33,21,1,3
20260912_215351_529_traffic_scan_env2025_seed0-499_48352cd1,331,33,22,0,1
20260912_215351_529_traffic_scan_env2025_seed0-499_48352cd1,331,33,23,0,1
20260912_215351_529_traffic_scan_env2025_seed0-499_48352cd1,331,33,24,1,1
20260912_215351_529_traffic_scan_env2025_seed0-499_48352cd1,331,33,25,0,1
20260912_215351_529_traffic_scan_env2025_seed0-499_48352cd1,331,33,26,2,1
20260912_215351_529_traffic_scan_env2025_seed0-499_48352cd1,331,33,27,2,2
20260912_215351_529_traffic_scan_env2025_seed0-499_48352cd1,331,33,28,0,3
20260912_215351_529_traffic_scan_env2025_seed0-499_48352cd1,331,33,28,1,1
20260912_215351_529_traffic_scan_env2025_seed0-499_48352cd1,331,33,29,0,8
20260912_215351_529_traffic_scan_env2025_seed0-499_48352cd1,331,33,29,1,1
20260912_215351_529_traffic_scan_env2025_seed0-499_48352cd1,331,33,30,0,1
20260912_215351_529_traffic_scan_env2025_seed0-499_48352cd1,331,33,30,1,1
20260912_215351_529_traffic_scan_env2025_seed0-499_48352cd1,331,33,31,0,2
20260912_215351_529_traffic_scan_env2025_seed0-499_48352cd1,331,33,31,1,1
20260912_215351_529_traffic_scan_env2025_seed0-499_48352cd1,331,33,32,0,3
20260912_215351_529_traffic_scan_env2025_seed0-499_48352cd1,331,33,32,1,5
20260912_215351_529_traffic_scan_env2025_seed0-499_48352cd1,331,33,33,1,3
20260912_215351_529_traffic_scan_env2025_seed0-499_48352cd1,331,33,34,1,1
20260912_215351_529_traffic_scan_env2025_seed0-499_48352cd1,331,33,35,0,3
20260912_215351_529_traffic_scan_env2025_seed0-499_48352cd1,331,33,35,1,1
20260912_215351_529_traffic_scan_env2025_seed0-499_48352cd1,331,33,36,1,1
20260912_215351_529_traffic_scan_env2025_seed0-499_48352cd1,331,33,37,0,1
20260912_215351_529_traffic_scan_env2025_seed0-499_48352cd1,331,33,37,1,1
20260912_215351_529_traffic_scan_env2025_seed0-499_48352cd1,331,33,38,0,3
20260912_215351_529_traffic_scan_env2025_seed0-499_48352cd1,331,33,38,1,1
20260912_215351_529_traffic_scan_env2025_seed0-499_48352cd1,331,33,39,0,2
20260912_215351_529_traffic_scan_env2025_seed0-499_48352cd1,331,33,39,1,2
20260912_215351_529_traffic_scan_env2025_seed0-499_48352cd1,331,33,40,0,3
20260912_215351_529_traffic_scan_env2025_seed0-499_48352cd1,331,33,40,1,1
20260912_215351_529_traffic_scan_env2025_seed0-499_48352cd1,331,33,41,2,4
20260912_215351_529_traffic_scan_env2025_seed0-499_48352cd1,331,33,42,2,2
20260912_215351_529_traffic_scan_env2025_seed0-499_48352cd1,331,33,43,0,2
20260912_215351_529_traffic_scan_env2025_seed0-499_48352cd1,331,33,43,1,1
20260912_215351_529_traffic_scan_env2025_seed0-499_48352cd1,331,33,44,1,1
20260912_215351_529_traffic_scan_env2025_seed0-499_48352cd1,331,33,45,0,2
20260912_215351_529_traffic_scan_env2025_seed0-499_48352cd1,331,33,45,1,3
20260912_215351_529_traffic_scan_env2025_seed0-499_48352cd1,331,33,46,0,1
20260912_215351_529_traffic_scan_env2025_seed0-499_48352cd1,331,33,46,1,4
20260912_215351_529_traffic_scan_env2025_seed0-499_48352cd1,331,33,47,2,2
20260912_215351_529_traffic_scan_env2025_seed0-499_48352cd1,331,33,48,2,1
20260912_215351_529_traffic_scan_env2025_seed0-499_48352cd1,331,33,49,0,3
20260912_215351_529_traffic_scan_env2025_seed0-499_48352cd1,331,33,49,1,2
20260912_215351_529_traffic_scan_env2025_seed0-499_48352cd1,331,33,50,1,2
20260912_215351_529_traffic_scan_env2025_seed0-499_48352cd1,331,33,51,2,1
20260912_215351_529_traffic_scan_env2025_seed0-499_48352cd1,331,33,52,3,1
20260912_215351_529_traffic_scan_env2025_seed0-499_48352cd1,331,33,53,3,1
20260912_215351_529_traffic_scan_env2025_seed0-499_48352cd1,331,33,54,3,1
20260912_215351_529_traffic_scan_env2025_seed0-499_48352cd1,331,33,55,0,3
20260912_215351_529_traffic_scan_env2025_seed0-499_48352cd1,331,33,55,1,1
20260912_215351_529_traffic_scan_env2025_seed0-499_48352cd1,331,33,55,2,1
20260912_215351_529_traffic_scan_env2025_seed0-499_48352cd1,331,33,56,3,1
20260912_215351_529_traffic_scan_env2025_seed0-499_48352cd1,331,33,57,3,1
20260912_215351_529_traffic_scan_env2025_seed0-499_48352cd1,331,33,58,0,1
20260912_215351_529_traffic_scan_env2025_seed0-499_48352cd1,331,33,58,2,1
20260912_215351_529_traffic_scan_env2025_seed0-499_48352cd1,331,33,59,0,1
20260912_215351_529_traffic_scan_env2025_seed0-499_48352cd1,331,33,59,1,1
20260912_215351_529_traffic_scan_env2025_seed0-499_48352cd1,331,34,3,0,1
20260912_215351_529_traffic_scan_env2025_seed0-499_48352cd1,331,34,11,1,1
20260912_215351_529_traffic_scan_env2025_seed0-499_48352cd1,331,34,12,1,1
20260912_215351_529_traffic_scan_env2025_seed0-499_48352cd1,331,34,14,0,1
20260912_215351_529_traffic_scan_env2025_seed0-499_48352cd1,331,34,14,1,1
20260912_215351_529_traffic_scan_env2025_seed0-499_48352cd1,331,34,15,1,2
20260912_215351_529_traffic_scan_env2025_seed0-499_48352cd1,331,34,16,0,2
20260912_215351_529_traffic_scan_env2025_seed0-499_48352cd1,331,34,18,0,1
20260912_215351_529_traffic_scan_env2025_seed0-499_48352cd1,331,34,18,1,1
20260912_215351_529_traffic_scan_env2025_seed0-499_48352cd1,331,34,19,1,3
20260912_215351_529_traffic_scan_env2025_seed0-499_48352cd1,331,34,20,1,1
20260912_215351_529_traffic_scan_env2025_seed0-499_48352cd1,331,34,21,0,1
20260912_215351_529_traffic_scan_env2025_seed0-499_48352cd1,331,34,21,1,1
20260912_215351_529_traffic_scan_env2025_seed0-499_48352cd1,331,34,22,1,2
20260912_215351_529_traffic_scan_env2025_seed0-499_48352cd1,331,34,23,0,2
20260912_215351_529_traffic_scan_env2025_seed0-499_48352cd1,331,34,23,1,1
20260912_215351_529_traffic_scan_env2025_seed0-499_48352cd1,331,34,24,0,1
20260912_215351_529_traffic_scan_env2025_seed0-499_48352cd1,331,34,25,1,1
20260912_215351_529_traffic_scan_env2025_seed0-499_48352cd1,331,34,27,2,2
20260912_215351_529_traffic_scan_env2025_seed0-499_48352cd1,331,34,28,0,4
20260912_215351_529_traffic_scan_env2025_seed0-499_48352cd1,331,34,28,1,1
20260912_215351_529_traffic_scan_env2025_seed0-499_48352cd1,331,34,29,1,1
20260912_215351_529_traffic_scan_env2025_seed0-499_48352cd1,331,34,30,0,4
20260912_215351_529_traffic_scan_env2025_seed0-499_48352cd1,331,34,30,1,1
20260912_215351_529_traffic_scan_env2025_seed0-499_48352cd1,331,34,31,0,3
20260912_215351_529_traffic_scan_env2025_seed0-499_48352cd1,331,34,31,1,5
20260912_215351_529_traffic_scan_env2025_seed0-499_48352cd1,331,34,33,0,2
20260912_215351_529_traffic_scan_env2025_seed0-499_48352cd1,331,34,33,1,1
20260912_215351_529_traffic_scan_env2025_seed0-499_48352cd1,331,34,34,0,1
20260912_215351_529_traffic_scan_env2025_seed0-499_48352cd1,331,34,35,0,2
20260912_215351_529_traffic_scan_env2025_seed0-499_48352cd1,331,34,36,0,3
20260912_215351_529_traffic_scan_env2025_seed0-499_48352cd1,331,34,37,0,2
20260912_215351_529_traffic_scan_env2025_seed0-499_48352cd1,331,34,38,0,1
20260912_215351_529_traffic_scan_env2025_seed0-499_48352cd1,331,34,38,1,1
20260912_215351_529_traffic_scan_env2025_seed0-499_48352cd1,331,34,39,0,2
20260912_215351_529_traffic_scan_env2025_seed0-499_48352cd1,331,34,41,0,3
20260912_215351_529_traffic_scan_env2025_seed0-499_48352cd1,331,34,41,1,3
20260912_215351_529_traffic_scan_env2025_seed0-499_48352cd1,331,34,42,0,2
20260912_215351_529_traffic_scan_env2025_seed0-499_48352cd1,331,34,42,1,1
20260912_215351_529_traffic_scan_env2025_seed0-499_48352cd1,331,34,43,0,2
20260912_215351_529_traffic_scan_env2025_seed0-499_48352cd1,331,34,44,0,3
20260912_215351_529_traffic_scan_env2025_seed0-499_48352cd1,331,34,44,1,1
20260912_215351_529_traffic_scan_env2025_seed0-499_48352cd1,331,34,46,0,3
20260912_215351_529_traffic_scan_env2025_seed0-499_48352cd1,331,34,46,1,3
20260912_215351_529_traffic_scan_env2025_seed0-499_48352cd1,331,34,47,1,1
20260912_215351_529_traffic_scan_env2025_seed0-499_48352cd1,331,34,48,0,1
20260912_215351_529_traffic_scan_env2025_seed0-499_48352cd1,331,34,49,1,1
20260912_215351_529_traffic_scan_env2025_seed0-499_48352cd1,331,34,50,0,2
20260912_215351_529_traffic_scan_env2025_seed0-499_48352cd1,331,34,50,1,1
20260912_215351_529_traffic_scan_env2025_seed0-499_48352cd1,331,34,54,0,2
20260912_215351_529_traffic_scan_env2025_seed0-499_48352cd1,331,34,56,0,1
20260912_215351_529_traffic_scan_env2025_seed0-499_48352cd1,331,34,56,1,1
20260912_215351_529_traffic_scan_env2025_seed0-499_48352cd1,331,34,58,0,1
20260912_215351_529_traffic_scan_env2025_seed0-499_48352cd1,331,35,2,0,1
20260912_215351_529_traffic_scan_env2025_seed0-499_48352cd1,331,35,6,0,1
20260912_215351_529_traffic_scan_env2025_seed0-499_48352cd1,331,35,7,0,1
20260912_215351_529_traffic_scan_env2025_seed0-499_48352cd1,331,35,10,1,1
20260912_215351_529_traffic_scan_env2025_seed0-499_48352cd1,331,35,12,1,2
20260912_215351_529_traffic_scan_env2025_seed0-499_48352cd1,331,35,13,0,1
20260912_215351_529_traffic_scan_env2025_seed0-499_48352cd1,331,35,13,1,1
20260912_215351_529_traffic_scan_env2025_seed0-499_48352cd1,331,35,14,1,2
20260912_215351_529_traffic_scan_env2025_seed0-499_48352cd1,331,35,15,0,1
20260912_215351_529_traffic_scan_env2025_seed0-499_48352cd1,331,35,15,1,2
20260912_215351_529_traffic_scan_env2025_seed0-499_48352cd1,331,35,16,0,1
20260912_215351_529_traffic_scan_env2025_seed0-499_48352cd1,331,35,16,1,2
20260912_215351_529_traffic_scan_env2025_seed0-499_48352cd1,331,35,17,1,2
20260912_215351_529_traffic_scan_env2025_seed0-499_48352cd1,331,35,18,1,1
20260912_215351_529_traffic_scan_env2025_seed0-499_48352cd1,331,35,19,0,1
20260912_215351_529_traffic_scan_env2025_seed0-499_48352cd1,331,35,19,1,1
20260912_215351_529_traffic_scan_env2025_seed0-499_48352cd1,331,35,20,1,5
20260912_215351_529_traffic_scan_env2025_seed0-499_48352cd1,331,35,21,0,1
20260912_215351_529_traffic_scan_env2025_seed0-499_48352cd1,331,35,21,1,2
20260912_215351_529_traffic_scan_env2025_seed0-499_48352cd1,331,35,22,1,2
20260912_215351_529_traffic_scan_env2025_seed0-499_48352cd1,331,35,23,0,2
20260912_215351_529_traffic_scan_env2025_seed0-499_48352cd1,331,35,23,1,3
20260912_215351_529_traffic_scan_env2025_seed0-499_48352cd1,331,35,24,0,1
20260912_215351_529_traffic_scan_env2025_seed0-499_48352cd1,331,35,24,1,2
20260912_215351_529_traffic_scan_env2025_seed0-499_48352cd1,331,35,25,0,1
20260912_215351_529_traffic_scan_env2025_seed0-499_48352cd1,331,35,25,1,1
20260912_215351_529_traffic_scan_env2025_seed0-499_48352cd1,331,35,26,0,2
20260912_215351_529_traffic_scan_env2025_seed0-499_48352cd1,331,35,26,1,1
20260912_215351_529_traffic_scan_env2025_seed0-499_48352cd1,331,35,27,0,4
20260912_215351_529_traffic_scan_env2025_seed0-499_48352cd1,331,35,27,1,4
20260912_215351_529_traffic_scan_env2025_seed0-499_48352cd1,331,35,28,1,1
20260912_215351_529_traffic_scan_env2025_seed0-499_48352cd1,331,35,29,1,1
20260912_215351_529_traffic_scan_env2025_seed0-499_48352cd1,331,35,30,1,7
20260912_215351_529_traffic_scan_env2025_seed0-499_48352cd1,331,35,31,0,7
20260912_215351_529_traffic_scan_env2025_seed0-499_48352cd1,331,35,31,1,1
20260912_215351_529_traffic_scan_env2025_seed0-499_48352cd1,331,35,32,0,1
20260912_215351_529_traffic_scan_env2025_seed0-499_48352cd1,331,35,32,1,1
20260912_215351_529_traffic_scan_env2025_seed0-499_48352cd1,331,35,33,0,1
20260912_215351_529_traffic_scan_env2025_seed0-499_48352cd1,331,35,33,1,1
20260912_215351_529_traffic_scan_env2025_seed0-499_48352cd1,331,35,34,1,2
20260912_215351_529_traffic_scan_env2025_seed0-499_48352cd1,331,35,35,0,1
20260912_215351_529_traffic_scan_env2025_seed0-499_48352cd1,331,35,35,1,1
20260912_215351_529_traffic_scan_env2025_seed0-499_48352cd1,331,35,36,0,2
20260912_215351_529_traffic_scan_env2025_seed0-499_48352cd1,331,35,36,1,1
20260912_215351_529_traffic_scan_env2025_seed0-499_48352cd1,331,35,37,0,4
20260912_215351_529_traffic_scan_env2025_seed0-499_48352cd1,331,35,37,1,2
20260912_215351_529_traffic_scan_env2025_seed0-499_48352cd1,331,35,38,1,1
20260912_215351_529_traffic_scan_env2025_seed0-499_48352cd1,331,35,39,0,1
20260912_215351_529_traffic_scan_env2025_seed0-499_48352cd1,331,35,39,1,1
20260912_215351_529_traffic_scan_env2025_seed0-499_48352cd1,331,35,40,1,4
20260912_215351_529_traffic_scan_env2025_seed0-499_48352cd1,331,35,41,0,1
20260912_215351_529_traffic_scan_env2025_seed0-499_48352cd1,331,35,41,1,1
20260912_215351_529_traffic_scan_env2025_seed0-499_48352cd1,331,35,42,1,1
20260912_215351_529_traffic_scan_env2025_seed0-499_48352cd1,331,35,43,1,2
20260912_215351_529_traffic_scan_env2025_seed0-499_48352cd1,331,35,44,0,1
20260912_215351_529_traffic_scan_env2025_seed0-499_48352cd1,331,35,45,0,3
20260912_215351_529_traffic_scan_env2025_seed0-499_48352cd1,331,35,45,1,1
20260912_215351_529_traffic_scan_env2025_seed0-499_48352cd1,331,35,46,0,3
20260912_215351_529_traffic_scan_env2025_seed0-499_48352cd1,331,35,46,1,1
20260912_215351_529_traffic_scan_env2025_seed0-499_48352cd1,331,35,47,1,2
20260912_215351_529_traffic_scan_env2025_seed0-499_48352cd1,331,35,48,0,1
20260912_215351_529_traffic_scan_env2025_seed0-499_48352cd1,331,35,49,1,1
20260912_215351_529_traffic_scan_env2025_seed0-499_48352cd1,331,35,50,1,1
20260912_215351_529_traffic_scan_env2025_seed0-499_48352cd1,331,35,51,0,2
20260912_215351_529_traffic_scan_env2025_seed0-499_48352cd1,331,35,52,0,2
20260912_215351_529_traffic_scan_env2025_seed0-499_48352cd1,331,35,53,0,1
20260912_215351_529_traffic_scan_env2025_seed0-499_48352cd1,331,35,54,0,2
20260912_215351_529_traffic_scan_env2025_seed0-499_48352cd1,331,35,55,0,1
20260912_215351_529_traffic_scan_env2025_seed0-499_48352cd1,331,35,55,1,1
20260912_215351_529_traffic_scan_env2025_seed0-499_48352cd1,331,35,58,0,1
20260912_215351_529_traffic_scan_env2025_seed0-499_48352cd1,331,36,4,0,1
20260912_215351_529_traffic_scan_env2025_seed0-499_48352cd1,331,36,5,0,1
20260912_215351_529_traffic_scan_env2025_seed0-499_48352cd1,331,36,8,0,1
20260912_215351_529_traffic_scan_env2025_seed0-499_48352cd1,331,36,9,0,1
20260912_215351_529_traffic_scan_env2025_seed0-499_48352cd1,331,36,9,1,1
20260912_215351_529_traffic_scan_env2025_seed0-499_48352cd1,331,36,10,0,2
20260912_215351_529_traffic_scan_env2025_seed0-499_48352cd1,331,36,11,0,2
20260912_215351_529_traffic_scan_env2025_seed0-499_48352cd1,331,36,12,0,1
20260912_215351_529_traffic_scan_env2025_seed0-499_48352cd1,331,36,12,1,1
20260912_215351_529_traffic_scan_env2025_seed0-499_48352cd1,331,36,13,1,1
20260912_215351_529_traffic_scan_env2025_seed0-499_48352cd1,331,36,14,0,1
20260912_215351_529_traffic_scan_env2025_seed0-499_48352cd1,331,36,15,0,1
20260912_215351_529_traffic_scan_env2025_seed0-499_48352cd1,331,36,16,1,2
20260912_215351_529_traffic_scan_env2025_seed0-499_48352cd1,331,36,17,1,1
20260912_215351_529_traffic_scan_env2025_seed0-499_48352cd1,331,36,19,0,1
20260912_215351_529_traffic_scan_env2025_seed0-499_48352cd1,331,36,20,0,2
20260912_215351_529_traffic_scan_env2025_seed0-499_48352cd1,331,36,20,1,1
20260912_215351_529_traffic_scan_env2025_seed0-499_48352cd1,331,36,21,0,1
20260912_215351_529_traffic_scan_env2025_seed0-499_48352cd1,331,36,21,1,5
20260912_215351_529_traffic_scan_env2025_seed0-499_48352cd1,331,36,22,0,1
20260912_215351_529_traffic_scan_env2025_seed0-499_48352cd1,331,36,22,1,3
20260912_215351_529_traffic_scan_env2025_seed0-499_48352cd1,331,36,23,0,1
20260912_215351_529_traffic_scan_env2025_seed0-499_48352cd1,331,36,23,1,2
20260912_215351_529_traffic_scan_env2025_seed0-499_48352cd1,331,36,24,0,1
20260912_215351_529_traffic_scan_env2025_seed0-499_48352cd1,331,36,24,1,3
20260912_215351_529_traffic_scan_env2025_seed0-499_48352cd1,331,36,25,0,2
20260912_215351_529_traffic_scan_env2025_seed0-499_48352cd1,331,36,25,1,1
20260912_215351_529_traffic_scan_env2025_seed0-499_48352cd1,331,36,26,0,2
20260912_215351_529_traffic_scan_env2025_seed0-499_48352cd1,331,36,26,1,2
20260912_215351_529_traffic_scan_env2025_seed0-499_48352cd1,331,36,27,1,3
20260912_215351_529_traffic_scan_env2025_seed0-499_48352cd1,331,36,28,2,1
20260912_215351_529_traffic_scan_env2025_seed0-499_48352cd1,331,36,29,1,5
20260912_215351_529_traffic_scan_env2025_seed0-499_48352cd1,331,36,30,0,3
20260912_215351_529_traffic_scan_env2025_seed0-499_48352cd1,331,36,30,1,2
20260912_215351_529_traffic_scan_env2025_seed0-499_48352cd1,331,36,31,1,2
20260912_215351_529_traffic_scan_env2025_seed0-499_48352cd1,331,36,32,0,5
20260912_215351_529_traffic_scan_env2025_seed0-499_48352cd1,331,36,32,1,1
20260912_215351_529_traffic_scan_env2025_seed0-499_48352cd1,331,36,33,0,1
20260912_215351_529_traffic_scan_env2025_seed0-499_48352cd1,331,36,33,1,1
20260912_215351_529_traffic_scan_env2025_seed0-499_48352cd1,331,36,34,1,1
20260912_215351_529_traffic_scan_env2025_seed0-499_48352cd1,331,36,35,0,4
20260912_215351_529_traffic_scan_env2025_seed0-499_48352cd1,331,36,35,1,1
20260912_215351_529_traffic_scan_env2025_seed0-499_48352cd1,331,36,36,0,1
20260912_215351_529_traffic_scan_env2025_seed0-499_48352cd1,331,36,36,1,2
20260912_215351_529_traffic_scan_env2025_seed0-499_48352cd1,331,36,37,0,1
20260912_215351_529_traffic_scan_env2025_seed0-499_48352cd1,331,36,37,1,1
20260912_215351_529_traffic_scan_env2025_seed0-499_48352cd1,331,36,38,0,4
20260912_215351_529_traffic_scan_env2025_seed0-499_48352cd1,331,36,38,1,1
20260912_215351_529_traffic_scan_env2025_seed0-499_48352cd1,331,36,39,0,2
20260912_215351_529_traffic_scan_env2025_seed0-499_48352cd1,331,36,39,1,2
20260912_215351_529_traffic_scan_env2025_seed0-499_48352cd1,331,36,40,0,1
20260912_215351_529_traffic_scan_env2025_seed0-499_48352cd1,331,36,40,1,3
20260912_215351_529_traffic_scan_env2025_seed0-499_48352cd1,331,36,41,0,2
20260912_215351_529_traffic_scan_env2025_seed0-499_48352cd1,331,36,42,0,1
20260912_215351_529_traffic_scan_env2025_seed0-499_48352cd1,331,36,43,0,1
20260912_215351_529_traffic_scan_env2025_seed0-499_48352cd1,331,36,44,0,2
20260912_215351_529_traffic_scan_env2025_seed0-499_48352cd1,331,36,44,1,1
20260912_215351_529_traffic_scan_env2025_seed0-499_48352cd1,331,36,45,0,2
20260912_215351_529_traffic_scan_env2025_seed0-499_48352cd1,331,36,45,1,2
20260912_215351_529_traffic_scan_env2025_seed0-499_48352cd1,331,36,46,0,2
20260912_215351_529_traffic_scan_env2025_seed0-499_48352cd1,331,36,47,0,3
20260912_215351_529_traffic_scan_env2025_seed0-499_48352cd1,331,36,47,1,1
20260912_215351_529_traffic_scan_env2025_seed0-499_48352cd1,331,36,48,0,2
20260912_215351_529_traffic_scan_env2025_seed0-499_48352cd1,331,36,48,1,1
20260912_215351_529_traffic_scan_env2025_seed0-499_48352cd1,331,36,49,1,2
20260912_215351_529_traffic_scan_env2025_seed0-499_48352cd1,331,36,50,0,1
20260912_215351_529_traffic_scan_env2025_seed0-499_48352cd1,331,36,50,1,1
20260912_215351_529_traffic_scan_env2025_seed0-499_48352cd1,331,36,53,0,1
20260912_215351_529_traffic_scan_env2025_seed0-499_48352cd1,331,36,54,0,3
20260912_215351_529_traffic_scan_env2025_seed0-499_48352cd1,331,36,54,1,1
20260912_215351_529_traffic_scan_env2025_seed0-499_48352cd1,331,36,55,0,1
20260912_215351_529_traffic_scan_env2025_seed0-499_48352cd1,331,36,58,0,1
20260912_215351_529_traffic_scan_env2025_seed0-499_48352cd1,331,37,5,0,1
20260912_215351_529_traffic_scan_env2025_seed0-499_48352cd1,331,37,8,1,1
20260912_215351_529_traffic_scan_env2025_seed0-499_48352cd1,331,37,9,0,1
20260912_215351_529_traffic_scan_env2025_seed0-499_48352cd1,331,37,12,1,2
20260912_215351_529_traffic_scan_env2025_seed0-499_48352cd1,331,37,13,0,1
20260912_215351_529_traffic_scan_env2025_seed0-499_48352cd1,331,37,14,0,1
20260912_215351_529_traffic_scan_env2025_seed0-499_48352cd1,331,37,15,1,1
20260912_215351_529_traffic_scan_env2025_seed0-499_48352cd1,331,37,17,1,1
20260912_215351_529_traffic_scan_env2025_seed0-499_48352cd1,331,37,18,0,1
20260912_215351_529_traffic_scan_env2025_seed0-499_48352cd1,331,37,18,1,1
20260912_215351_529_traffic_scan_env2025_seed0-499_48352cd1,331,37,20,2,2
20260912_215351_529_traffic_scan_env2025_seed0-499_48352cd1,331,37,21,0,3
20260912_215351_529_traffic_scan_env2025_seed0-499_48352cd1,331,37,21,1,1
20260912_215351_529_traffic_scan_env2025_seed0-499_48352cd1,331,37,23,0,3
20260912_215351_529_traffic_scan_env2025_seed0-499_48352cd1,331,37,23,1,3
20260912_215351_529_traffic_scan_env2025_seed0-499_48352cd1,331,37,24,0,2
20260912_215351_529_traffic_scan_env2025_seed0-499_48352cd1,331,37,25,0,3
20260912_215351_529_traffic_scan_env2025_seed0-499_48352cd1,331,37,25,1,3
20260912_215351_529_traffic_scan_env2025_seed0-499_48352cd1,331,37,26,0,2
20260912_215351_529_traffic_scan_env2025_seed0-499_48352cd1,331,37,27,0,1
20260912_215351_529_traffic_scan_env2025_seed0-499_48352cd1,331,37,27,1,2
20260912_215351_529_traffic_scan_env2025_seed0-499_48352cd1,331,37,28,0,1
20260912_215351_529_traffic_scan_env2025_seed0-499_48352cd1,331,37,28,1,4
20260912_215351_529_traffic_scan_env2025_seed0-499_48352cd1,331,37,29,0,4
20260912_215351_529_traffic_scan_env2025_seed0-499_48352cd1,331,37,30,0,1
20260912_215351_529_traffic_scan_env2025_seed0-499_48352cd1,331,37,30,1,1
20260912_215351_529_traffic_scan_env2025_seed0-499_48352cd1,331,37,31,0,2
20260912_215351_529_traffic_scan_env2025_seed0-499_48352cd1,331,37,32,0,3
20260912_215351_529_traffic_scan_env2025_seed0-499_48352cd1,331,37,32,1,1
20260912_215351_529_traffic_scan_env2025_seed0-499_48352cd1,331,37,33,0,6
20260912_215351_529_traffic_scan_env2025_seed0-499_48352cd1,331,37,34,0,4
20260912_215351_529_traffic_scan_env2025_seed0-499_48352cd1,331,37,35,0,2
20260912_215351_529_traffic_scan_env2025_seed0-499_48352cd1,331,37,35,1,1
20260912_215351_529_traffic_scan_env2025_seed0-499_48352cd1,331,37,36,0,2
20260912_215351_529_traffic_scan_env2025_seed0-499_48352cd1,331,37,38,1,1
20260912_215351_529_traffic_scan_env2025_seed0-499_48352cd1,331,37,39,0,4
20260912_215351_529_traffic_scan_env2025_seed0-499_48352cd1,331,37,40,1,2
20260912_215351_529_traffic_scan_env2025_seed0-499_48352cd1,331,37,41,0,2
20260912_215351_529_traffic_scan_env2025_seed0-499_48352cd1,331,37,42,0,1
20260912_215351_529_traffic_scan_env2025_seed0-499_48352cd1,331,37,43,0,2
20260912_215351_529_traffic_scan_env2025_seed0-499_48352cd1,331,37,44,0,1
20260912_215351_529_traffic_scan_env2025_seed0-499_48352cd1,331,37,44,1,2
20260912_215351_529_traffic_scan_env2025_seed0-499_48352cd1,331,37,45,0,2
20260912_215351_529_traffic_scan_env2025_seed0-499_48352cd1,331,37,45,1,1
20260912_215351_529_traffic_scan_env2025_seed0-499_48352cd1,331,37,47,0,1
20260912_215351_529_traffic_scan_env2025_seed0-499_48352cd1,331,37,47,1,1
20260912_215351_529_traffic_scan_env2025_seed0-499_48352cd1,331,37,48,0,4
20260912_215351_529_traffic_scan_env2025_seed0-499_48352cd1,331,37,49,0,2
20260912_215351_529_traffic_scan_env2025_seed0-499_48352cd1,331,37,49,1,1
20260912_215351_529_traffic_scan_env2025_seed0-499_48352cd1,331,37,50,1,1
20260912_215351_529_traffic_scan_env2025_seed0-499_48352cd1,331,37,53,2,1
20260912_215351_529_traffic_scan_env2025_seed0-499_48352cd1,331,37,54,0,3
20260912_215351_529_traffic_scan_env2025_seed0-499_48352cd1,331,37,55,0,1
20260912_215351_529_traffic_scan_env2025_seed0-499_48352cd1,331,37,58,0,1
20260912_215351_529_traffic_scan_env2025_seed0-499_48352cd1,331,38,4,0,1
20260912_215351_529_traffic_scan_env2025_seed0-499_48352cd1,331,38,6,1,1
20260912_215351_529_traffic_scan_env2025_seed0-499_48352cd1,331,38,7,1,1
20260912_215351_529_traffic_scan_env2025_seed0-499_48352cd1,331,38,8,0,1
20260912_215351_529_traffic_scan_env2025_seed0-499_48352cd1,331,38,11,1,2
20260912_215351_529_traffic_scan_env2025_seed0-499_48352cd1,331,38,12,0,1
20260912_215351_529_traffic_scan_env2025_seed0-499_48352cd1,331,38,13,0,1
20260912_215351_529_traffic_scan_env2025_seed0-499_48352cd1,331,38,14,1,1
20260912_215351_529_traffic_scan_env2025_seed0-499_48352cd1,331,38,17,0,1
20260912_215351_529_traffic_scan_env2025_seed0-499_48352cd1,331,38,17,1,1
20260912_215351_529_traffic_scan_env2025_seed0-499_48352cd1,331,38,19,2,2
20260912_215351_529_traffic_scan_env2025_seed0-499_48352cd1,331,38,20,2,1
20260912_215351_529_traffic_scan_env2025_seed0-499_48352cd1,331,38,21,0,4
20260912_215351_529_traffic_scan_env2025_seed0-499_48352cd1,331,38,21,1,1
20260912_215351_529_traffic_scan_env2025_seed0-499_48352cd1,331,38,22,0,3
20260912_215351_529_traffic_scan_env2025_seed0-499_48352cd1,331,38,22,1,1
20260912_215351_529_traffic_scan_env2025_seed0-499_48352cd1,331,38,23,0,1
20260912_215351_529_traffic_scan_env2025_seed0-499_48352cd1,331,38,24,0,2
20260912_215351_529_traffic_scan_env2025_seed0-499_48352cd1,331,38,24,1,3
20260912_215351_529_traffic_scan_env2025_seed0-499_48352cd1,331,38,26,2,2
20260912_215351_529_traffic_scan_env2025_seed0-499_48352cd1,331,38,27,0,1
20260912_215351_529_traffic_scan_env2025_seed0-499_48352cd1,331,38,27,1,6
20260912_215351_529_traffic_scan_env2025_seed0-499_48352cd1,331,38,28,0,3
20260912_215351_529_traffic_scan_env2025_seed0-499_48352cd1,331,38,30,0,1
20260912_215351_529_traffic_scan_env2025_seed0-499_48352cd1,331,38,30,1,1
20260912_215351_529_traffic_scan_env2025_seed0-499_48352cd1,331,38,33,0,4
20260912_215351_529_traffic_scan_env2025_seed0-499_48352cd1,331,38,33,1,1
20260912_215351_529_traffic_scan_env2025_seed0-499_48352cd1,331,38,34,0,6
20260912_215351_529_traffic_scan_env2025_seed0-499_48352cd1,331,38,34,1,1
20260912_215351_529_traffic_scan_env2025_seed0-499_48352cd1,331,38,37,0,1
20260912_215351_529_traffic_scan_env2025_seed0-499_48352cd1,331,38,37,1,1
20260912_215351_529_traffic_scan_env2025_seed0-499_48352cd1,331,38,39,0,1
20260912_215351_529_traffic_scan_env2025_seed0-499_48352cd1,331,38,40,0,3
20260912_215351_529_traffic_scan_env2025_seed0-499_48352cd1,331,38,40,1,2
20260912_215351_529_traffic_scan_env2025_seed0-499_48352cd1,331,38,41,0,1
20260912_215351_529_traffic_scan_env2025_seed0-499_48352cd1,331,38,42,0,1
20260912_215351_529_traffic_scan_env2025_seed0-499_48352cd1,331,38,43,2,2
20260912_215351_529_traffic_scan_env2025_seed0-499_48352cd1,331,38,45,0,1
20260912_215351_529_traffic_scan_env2025_seed0-499_48352cd1,331,38,46,0,1
20260912_215351_529_traffic_scan_env2025_seed0-499_48352cd1,331,38,46,1,1
20260912_215351_529_traffic_scan_env2025_seed0-499_48352cd1,331,38,47,1,1
20260912_215351_529_traffic_scan_env2025_seed0-499_48352cd1,331,38,48,0,1
20260912_215351_529_traffic_scan_env2025_seed0-499_48352cd1,331,38,49,0,3
20260912_215351_529_traffic_scan_env2025_seed0-499_48352cd1,331,38,50,1,2
20260912_215351_529_traffic_scan_env2025_seed0-499_48352cd1,331,38,52,1,1
20260912_215351_529_traffic_scan_env2025_seed0-499_48352cd1,331,38,54,0,3
20260912_215351_529_traffic_scan_env2025_seed0-499_48352cd1,331,38,55,0,1
20260912_215351_529_traffic_scan_env2025_seed0-499_48352cd1,331,38,57,0,1
20260912_215351_529_traffic_scan_env2025_seed0-499_48352cd1,331,39,3,0,1
20260912_215351_529_traffic_scan_env2025_seed0-499_48352cd1,331,39,6,0,1
20260912_215351_529_traffic_scan_env2025_seed0-499_48352cd1,331,39,7,0,1
20260912_215351_529_traffic_scan_env2025_seed0-499_48352cd1,331,39,10,1,2
20260912_215351_529_traffic_scan_env2025_seed0-499_48352cd1,331,39,11,0,1
20260912_215351_529_traffic_scan_env2025_seed0-499_48352cd1,331,39,12,0,1
20260912_215351_529_traffic_scan_env2025_seed0-499_48352cd1,331,39,13,1,1
20260912_215351_529_traffic_scan_env2025_seed0-499_48352cd1,331,39,16,0,1
20260912_215351_529_traffic_scan_env2025_seed0-499_48352cd1,331,39,18,0,2
20260912_215351_529_traffic_scan_env2025_seed0-499_48352cd1,331,39,18,1,2
20260912_215351_529_traffic_scan_env2025_seed0-499_48352cd1,331,39,19,0,2
20260912_215351_529_traffic_scan_env2025_seed0-499_48352cd1,331,39,20,0,2
20260912_215351_529_traffic_scan_env2025_seed0-499_48352cd1,331,39,20,1,2
20260912_215351_529_traffic_scan_env2025_seed0-499_48352cd1,331,39,21,0,1
20260912_215351_529_traffic_scan_env2025_seed0-499_48352cd1,331,39,21,1,1
20260912_215351_529_traffic_scan_env2025_seed0-499_48352cd1,331,39,22,0,4
20260912_215351_529_traffic_scan_env2025_seed0-499_48352cd1,331,39,23,0,2
20260912_215351_529_traffic_scan_env2025_seed0-499_48352cd1,331,39,23,1,1
20260912_215351_529_traffic_scan_env2025_seed0-499_48352cd1,331,39,25,1,2
20260912_215351_529_traffic_scan_env2025_seed0-499_48352cd1,331,39,26,1,4
20260912_215351_529_traffic_scan_env2025_seed0-499_48352cd1,331,39,27,0,3
20260912_215351_529_traffic_scan_env2025_seed0-499_48352cd1,331,39,27,1,4
20260912_215351_529_traffic_scan_env2025_seed0-499_48352cd1,331,39,28,0,1
20260912_215351_529_traffic_scan_env2025_seed0-499_48352cd1,331,39,29,0,1
20260912_215351_529_traffic_scan_env2025_seed0-499_48352cd1,331,39,30,1,1
20260912_215351_529_traffic_scan_env2025_seed0-499_48352cd1,331,39,33,0,4
20260912_215351_529_traffic_scan_env2025_seed0-499_48352cd1,331,39,33,1,1
20260912_215351_529_traffic_scan_env2025_seed0-499_48352cd1,331,39,34,0,1
20260912_215351_529_traffic_scan_env2025_seed0-499_48352cd1,331,39,34,1,1
20260912_215351_529_traffic_scan_env2025_seed0-499_48352cd1,331,39,35,0,4
20260912_215351_529_traffic_scan_env2025_seed0-499_48352cd1,331,39,36,1,1
20260912_215351_529_traffic_scan_env2025_seed0-499_48352cd1,331,39,38,0,1
20260912_215351_529_traffic_scan_env2025_seed0-499_48352cd1,331,39,39,0,1
20260912_215351_529_traffic_scan_env2025_seed0-499_48352cd1,331,39,40,1,2
20260912_215351_529_traffic_scan_env2025_seed0-499_48352cd1,331,39,41,0,4
20260912_215351_529_traffic_scan_env2025_seed0-499_48352cd1,331,39,42,0,1
20260912_215351_529_traffic_scan_env2025_seed0-499_48352cd1,331,39,42,1,2
20260912_215351_529_traffic_scan_env2025_seed0-499_48352cd1,331,39,45,0,1
20260912_215351_529_traffic_scan_env2025_seed0-499_48352cd1,331,39,47,1,2
20260912_215351_529_traffic_scan_env2025_seed0-499_48352cd1,331,39,48,1,1
20260912_215351_529_traffic_scan_env2025_seed0-499_48352cd1,331,39,49,0,1
20260912_215351_529_traffic_scan_env2025_seed0-499_48352cd1,331,39,50,0,2
20260912_215351_529_traffic_scan_env2025_seed0-499_48352cd1,331,39,50,1,1
20260912_215351_529_traffic_scan_env2025_seed0-499_48352cd1,331,39,51,1,2
20260912_215351_529_traffic_scan_env2025_seed0-499_48352cd1,331,39,53,0,1
20260912_215351_529_traffic_scan_env2025_seed0-499_48352cd1,331,39,54,0,1
20260912_215351_529_traffic_scan_env2025_seed0-499_48352cd1,331,39,55,0,2
20260912_215351_529_traffic_scan_env2025_seed0-499_48352cd1,331,39,57,0,1
20260912_215351_529_traffic_scan_env2025_seed0-499_48352cd1,331,40,2,0,1
20260912_215351_529_traffic_scan_env2025_seed0-499_48352cd1,331,40,9,1,2
20260912_215351_529_traffic_scan_env2025_seed0-499_48352cd1,331,40,10,0,1
20260912_215351_529_traffic_scan_env2025_seed0-499_48352cd1,331,40,11,0,1
20260912_215351_529_traffic_scan_env2025_seed0-499_48352cd1,331,40,12,0,2
20260912_215351_529_traffic_scan_env2025_seed0-499_48352cd1,331,40,13,1,3
20260912_215351_529_traffic_scan_env2025_seed0-499_48352cd1,331,40,15,1,2
20260912_215351_529_traffic_scan_env2025_seed0-499_48352cd1,331,40,16,1,1
20260912_215351_529_traffic_scan_env2025_seed0-499_48352cd1,331,40,17,0,2
20260912_215351_529_traffic_scan_env2025_seed0-499_48352cd1,331,40,17,1,2
20260912_215351_529_traffic_scan_env2025_seed0-499_48352cd1,331,40,18,1,1
20260912_215351_529_traffic_scan_env2025_seed0-499_48352cd1,331,40,19,1,2
20260912_215351_529_traffic_scan_env2025_seed0-499_48352cd1,331,40,20,0,1
20260912_215351_529_traffic_scan_env2025_seed0-499_48352cd1,331,40,20,1,2
20260912_215351_529_traffic_scan_env2025_seed0-499_48352cd1,331,40,21,0,1
20260912_215351_529_traffic_scan_env2025_seed0-499_48352cd1,331,40,21,1,3
20260912_215351_529_traffic_scan_env2025_seed0-499_48352cd1,331,40,22,0,2
20260912_215351_529_traffic_scan_env2025_seed0-499_48352cd1,331,40,22,1,2
20260912_215351_529_traffic_scan_env2025_seed0-499_48352cd1,331,40,23,0,3
20260912_215351_529_traffic_scan_env2025_seed0-499_48352cd1,331,40,23,1,1
20260912_215351_529_traffic_scan_env2025_seed0-499_48352cd1,331,40,24,1,1
20260912_215351_529_traffic_scan_env2025_seed0-499_48352cd1,331,40,25,0,1
20260912_215351_529_traffic_scan_env2025_seed0-499_48352cd1,331,40,25,1,4
20260912_215351_529_traffic_scan_env2025_seed0-499_48352cd1,331,40,26,0,4
20260912_215351_529_traffic_scan_env2025_seed0-499_48352cd1,331,40,26,1,2
20260912_215351_529_traffic_scan_env2025_seed0-499_48352cd1,331,40,27,0,1
20260912_215351_529_traffic_scan_env2025_seed0-499_48352cd1,331,40,27,1,2
20260912_215351_529_traffic_scan_env2025_seed0-499_48352cd1,331,40,28,0,2
20260912_215351_529_traffic_scan_env2025_seed0-499_48352cd1,331,40,28,1,2
20260912_215351_529_traffic_scan_env2025_seed0-499_48352cd1,331,40,29,0,2
20260912_215351_529_traffic_scan_env2025_seed0-499_48352cd1,331,40,30,0,1
20260912_215351_529_traffic_scan_env2025_seed0-499_48352cd1,331,40,30,1,1
20260912_215351_529_traffic_scan_env2025_seed0-499_48352cd1,331,40,31,0,1
20260912_215351_529_traffic_scan_env2025_seed0-499_48352cd1,331,40,32,0,4
20260912_215351_529_traffic_scan_env2025_seed0-499_48352cd1,331,40,32,1,1
20260912_215351_529_traffic_scan_env2025_seed0-499_48352cd1,331,40,34,0,1
20260912_215351_529_traffic_scan_env2025_seed0-499_48352cd1,331,40,35,1,2
20260912_215351_529_traffic_scan_env2025_seed0-499_48352cd1,331,40,36,0,4
20260912_215351_529_traffic_scan_env2025_seed0-499_48352cd1,331,40,39,0,2
20260912_215351_529_traffic_scan_env2025_seed0-499_48352cd1,331,40,40,1,1
20260912_215351_529_traffic_scan_env2025_seed0-499_48352cd1,331,40,40,2,1
20260912_215351_529_traffic_scan_env2025_seed0-499_48352cd1,331,40,41,0,2
20260912_215351_529_traffic_scan_env2025_seed0-499_48352cd1,331,40,41,1,2
20260912_215351_529_traffic_scan_env2025_seed0-499_48352cd1,331,40,42,0,3
20260912_215351_529_traffic_scan_env2025_seed0-499_48352cd1,331,40,46,0,1
20260912_215351_529_traffic_scan_env2025_seed0-499_48352cd1,331,40,47,1,3
20260912_215351_529_traffic_scan_env2025_seed0-499_48352cd1,331,40,49,0,1
20260912_215351_529_traffic_scan_env2025_seed0-499_48352cd1,331,40,50,1,2
20260912_215351_529_traffic_scan_env2025_seed0-499_48352cd1,331,40,51,0,2
20260912_215351_529_traffic_scan_env2025_seed0-499_48352cd1,331,40,52,1,1
20260912_215351_529_traffic_scan_env2025_seed0-499_48352cd1,331,40,53,0,1
20260912_215351_529_traffic_scan_env2025_seed0-499_48352cd1,331,40,54,0,1
20260912_215351_529_traffic_scan_env2025_seed0-499_48352cd1,331,40,55,0,1
20260912_215351_529_traffic_scan_env2025_seed0-499_48352cd1,331,40,56,0,1
20260912_215351_529_traffic_scan_env2025_seed0-499_48352cd1,331,40,57,0,1
20260912_215351_529_traffic_scan_env2025_seed0-499_48352cd1,331,41,6,0,1
20260912_215351_529_traffic_scan_env2025_seed0-499_48352cd1,331,41,7,0,1
20260912_215351_529_traffic_scan_env2025_seed0-499_48352cd1,331,41,8,0,1
20260912_215351_529_traffic_scan_env2025_seed0-499_48352cd1,331,41,8,1,3
20260912_215351_529_traffic_scan_env2025_seed0-499_48352cd1,331,41,9,0,2
20260912_215351_529_traffic_scan_env2025_seed0-499_48352cd1,331,41,9,1,1
20260912_215351_529_traffic_scan_env2025_seed0-499_48352cd1,331,41,10,0,2
20260912_215351_529_traffic_scan_env2025_seed0-499_48352cd1,331,41,10,1,1
20260912_215351_529_traffic_scan_env2025_seed0-499_48352cd1,331,41,11,0,2
20260912_215351_529_traffic_scan_env2025_seed0-499_48352cd1,331,41,11,1,2
20260912_215351_529_traffic_scan_env2025_seed0-499_48352cd1,331,41,12,2,2
20260912_215351_529_traffic_scan_env2025_seed0-499_48352cd1,331,41,14,0,3
20260912_215351_529_traffic_scan_env2025_seed0-499_48352cd1,331,41,15,0,1
20260912_215351_529_traffic_scan_env2025_seed0-499_48352cd1,331,41,16,0,3
20260912_215351_529_traffic_scan_env2025_seed0-499_48352cd1,331,41,16,1,1
20260912_215351_529_traffic_scan_env2025_seed0-499_48352cd1,331,41,17,0,1
20260912_215351_529_traffic_scan_env2025_seed0-499_48352cd1,331,41,18,0,1
20260912_215351_529_traffic_scan_env2025_seed0-499_48352cd1,331,41,19,0,2
20260912_215351_529_traffic_scan_env2025_seed0-499_48352cd1,331,41,20,0,2
20260912_215351_529_traffic_scan_env2025_seed0-499_48352cd1,331,41,20,1,2
20260912_215351_529_traffic_scan_env2025_seed0-499_48352cd1,331,41,21,0,2
20260912_215351_529_traffic_scan_env2025_seed0-499_48352cd1,331,41,21,1,1
20260912_215351_529_traffic_scan_env2025_seed0-499_48352cd1,331,41,22,0,4
20260912_215351_529_traffic_scan_env2025_seed0-499_48352cd1,331,41,22,1,1
20260912_215351_529_traffic_scan_env2025_seed0-499_48352cd1,331,41,23,0,1
20260912_215351_529_traffic_scan_env2025_seed0-499_48352cd1,331,41,24,0,3
20260912_215351_529_traffic_scan_env2025_seed0-499_48352cd1,331,41,24,1,4
20260912_215351_529_traffic_scan_env2025_seed0-499_48352cd1,331,41,25,0,4
20260912_215351_529_traffic_scan_env2025_seed0-499_48352cd1,331,41,26,0,1
20260912_215351_529_traffic_scan_env2025_seed0-499_48352cd1,331,41,27,0,1
20260912_215351_529_traffic_scan_env2025_seed0-499_48352cd1,331,41,27,1,4
20260912_215351_529_traffic_scan_env2025_seed0-499_48352cd1,331,41,29,1,2
20260912_215351_529_traffic_scan_env2025_seed0-499_48352cd1,331,41,30,0,1
20260912_215351_529_traffic_scan_env2025_seed0-499_48352cd1,331,41,30,1,1
20260912_215351_529_traffic_scan_env2025_seed0-499_48352cd1,331,41,31,0,1
20260912_215351_529_traffic_scan_env2025_seed0-499_48352cd1,331,41,31,1,1
20260912_215351_529_traffic_scan_env2025_seed0-499_48352cd1,331,41,32,0,2
20260912_215351_529_traffic_scan_env2025_seed0-499_48352cd1,331,41,34,0,1
20260912_215351_529_traffic_scan_env2025_seed0-499_48352cd1,331,41,34,1,1
20260912_215351_529_traffic_scan_env2025_seed0-499_48352cd1,331,41,36,1,1
20260912_215351_529_traffic_scan_env2025_seed0-499_48352cd1,331,41,37,0,4
20260912_215351_529_traffic_scan_env2025_seed0-499_48352cd1,331,41,39,0,1
20260912_215351_529_traffic_scan_env2025_seed0-499_48352cd1,331,41,40,0,2
20260912_215351_529_traffic_scan_env2025_seed0-499_48352cd1,331,41,40,1,3
20260912_215351_529_traffic_scan_env2025_seed0-499_48352cd1,331,41,40,2,1
20260912_215351_529_traffic_scan_env2025_seed0-499_48352cd1,331,41,41,0,1
20260912_215351_529_traffic_scan_env2025_seed0-499_48352cd1,331,41,43,0,3
20260912_215351_529_traffic_scan_env2025_seed0-499_48352cd1,331,41,45,0,1
20260912_215351_529_traffic_scan_env2025_seed0-499_48352cd1,331,41,47,1,3
20260912_215351_529_traffic_scan_env2025_seed0-499_48352cd1,331,41,49,0,1
20260912_215351_529_traffic_scan_env2025_seed0-499_48352cd1,331,41,49,1,1
20260912_215351_529_traffic_scan_env2025_seed0-499_48352cd1,331,41,50,1,1
20260912_215351_529_traffic_scan_env2025_seed0-499_48352cd1,331,41,52,0,2
20260912_215351_529_traffic_scan_env2025_seed0-499_48352cd1,331,41,53,0,1
20260912_215351_529_traffic_scan_env2025_seed0-499_48352cd1,331,41,53,1,1
20260912_215351_529_traffic_scan_env2025_seed0-499_48352cd1,331,41,54,0,1
20260912_215351_529_traffic_scan_env2025_seed0-499_48352cd1,331,41,55,0,1
20260912_215351_529_traffic_scan_env2025_seed0-499_48352cd1,331,41,57,0,1
20260912_215351_529_traffic_scan_env2025_seed0-499_48352cd1,331,42,0,0,1
20260912_215351_529_traffic_scan_env2025_seed0-499_48352cd1,331,42,1,0,1
20260912_215351_529_traffic_scan_env2025_seed0-499_48352cd1,331,42,2,0,1
20260912_215351_529_traffic_scan_env2025_seed0-499_48352cd1,331,42,3,0,1
20260912_215351_529_traffic_scan_env2025_seed0-499_48352cd1,331,42,4,0,1
20260912_215351_529_traffic_scan_env2025_seed0-499_48352cd1,331,42,5,1,1
20260912_215351_529_traffic_scan_env2025_seed0-499_48352cd1,331,42,6,1,1
20260912_215351_529_traffic_scan_env2025_seed0-499_48352cd1,331,42,7,0,1
20260912_215351_529_traffic_scan_env2025_seed0-499_48352cd1,331,42,7,1,2
20260912_215351_529_traffic_scan_env2025_seed0-499_48352cd1,331,42,8,0,1
20260912_215351_529_traffic_scan_env2025_seed0-499_48352cd1,331,42,9,0,2
20260912_215351_529_traffic_scan_env2025_seed0-499_48352cd1,331,42,10,0,2
20260912_215351_529_traffic_scan_env2025_seed0-499_48352cd1,331,42,15,0,2
20260912_215351_529_traffic_scan_env2025_seed0-499_48352cd1,331,42,15,1,1
20260912_215351_529_traffic_scan_env2025_seed0-499_48352cd1,331,42,18,0,1
20260912_215351_529_traffic_scan_env2025_seed0-499_48352cd1,331,42,19,0,1
20260912_215351_529_traffic_scan_env2025_seed0-499_48352cd1,331,42,20,0,1
20260912_215351_529_traffic_scan_env2025_seed0-499_48352cd1,331,42,20,1,2
20260912_215351_529_traffic_scan_env2025_seed0-499_48352cd1,331,42,21,0,1
20260912_215351_529_traffic_scan_env2025_seed0-499_48352cd1,331,42,21,1,1
20260912_215351_529_traffic_scan_env2025_seed0-499_48352cd1,331,42,22,0,2
20260912_215351_529_traffic_scan_env2025_seed0-499_48352cd1,331,42,23,1,5
20260912_215351_529_traffic_scan_env2025_seed0-499_48352cd1,331,42,24,0,3
20260912_215351_529_traffic_scan_env2025_seed0-499_48352cd1,331,42,25,0,2
20260912_215351_529_traffic_scan_env2025_seed0-499_48352cd1,331,42,27,1,2
20260912_215351_529_traffic_scan_env2025_seed0-499_48352cd1,331,42,28,1,2
20260912_215351_529_traffic_scan_env2025_seed0-499_48352cd1,331,42,29,1,1
20260912_215351_529_traffic_scan_env2025_seed0-499_48352cd1,331,42,30,0,1
20260912_215351_529_traffic_scan_env2025_seed0-499_48352cd1,331,42,30,1,5
20260912_215351_529_traffic_scan_env2025_seed0-499_48352cd1,331,42,31,0,1
20260912_215351_529_traffic_scan_env2025_seed0-499_48352cd1,331,42,31,1,1
20260912_215351_529_traffic_scan_env2025_seed0-499_48352cd1,331,42,32,0,2
20260912_215351_529_traffic_scan_env2025_seed0-499_48352cd1,331,42,32,1,1
20260912_215351_529_traffic_scan_env2025_seed0-499_48352cd1,331,42,33,1,2
20260912_215351_529_traffic_scan_env2025_seed0-499_48352cd1,331,42,34,0,1
20260912_215351_529_traffic_scan_env2025_seed0-499_48352cd1,331,42,34,1,1
20260912_215351_529_traffic_scan_env2025_seed0-499_48352cd1,331,42,35,1,1
20260912_215351_529_traffic_scan_env2025_seed0-499_48352cd1,331,42,36,1,1
20260912_215351_529_traffic_scan_env2025_seed0-499_48352cd1,331,42,37,1,2
20260912_215351_529_traffic_scan_env2025_seed0-499_48352cd1,331,42,38,0,4
20260912_215351_529_traffic_scan_env2025_seed0-499_48352cd1,331,42,38,1,1
20260912_215351_529_traffic_scan_env2025_seed0-499_48352cd1,331,42,39,0,2
20260912_215351_529_traffic_scan_env2025_seed0-499_48352cd1,331,42,39,1,3
20260912_215351_529_traffic_scan_env2025_seed0-499_48352cd1,331,42,40,1,1
20260912_215351_529_traffic_scan_env2025_seed0-499_48352cd1,331,42,40,2,1
20260912_215351_529_traffic_scan_env2025_seed0-499_48352cd1,331,42,41,0,2
20260912_215351_529_traffic_scan_env2025_seed0-499_48352cd1,331,42,44,0,3
20260912_215351_529_traffic_scan_env2025_seed0-499_48352cd1,331,42,45,0,1
20260912_215351_529_traffic_scan_env2025_seed0-499_48352cd1,331,42,47,1,2
20260912_215351_529_traffic_scan_env2025_seed0-499_48352cd1,331,42,48,0,1
20260912_215351_529_traffic_scan_env2025_seed0-499_48352cd1,331,42,48,1,1
20260912_215351_529_traffic_scan_env2025_seed0-499_48352cd1,331,42,49,0,1
20260912_215351_529_traffic_scan_env2025_seed0-499_48352cd1,331,42,50,1,1
20260912_215351_529_traffic_scan_env2025_seed0-499_48352cd1,331,42,53,0,3
20260912_215351_529_traffic_scan_env2025_seed0-499_48352cd1,331,42,54,0,1
20260912_215351_529_traffic_scan_env2025_seed0-499_48352cd1,331,42,54,1,1
20260912_215351_529_traffic_scan_env2025_seed0-499_48352cd1,331,42,55,0,1
20260912_215351_529_traffic_scan_env2025_seed0-499_48352cd1,331,42,57,0,1
20260912_215351_529_traffic_scan_env2025_seed0-499_48352cd1,331,43,6,1,2
20260912_215351_529_traffic_scan_env2025_seed0-499_48352cd1,331,43,7,0,1
20260912_215351_529_traffic_scan_env2025_seed0-499_48352cd1,331,43,8,0,2
20260912_215351_529_traffic_scan_env2025_seed0-499_48352cd1,331,43,10,0,1
20260912_215351_529_traffic_scan_env2025_seed0-499_48352cd1,331,43,14,0,2
20260912_215351_529_traffic_scan_env2025_seed0-499_48352cd1,331,43,14,1,1
20260912_215351_529_traffic_scan_env2025_seed0-499_48352cd1,331,43,17,0,1
20260912_215351_529_traffic_scan_env2025_seed0-499_48352cd1,331,43,18,0,1
20260912_215351_529_traffic_scan_env2025_seed0-499_48352cd1,331,43,19,0,1
20260912_215351_529_traffic_scan_env2025_seed0-499_48352cd1,331,43,19,1,1
20260912_215351_529_traffic_scan_env2025_seed0-499_48352cd1,331,43,20,0,1
20260912_215351_529_traffic_scan_env2025_seed0-499_48352cd1,331,43,20,1,1
20260912_215351_529_traffic_scan_env2025_seed0-499_48352cd1,331,43,22,0,4
20260912_215351_529_traffic_scan_env2025_seed0-499_48352cd1,331,43,22,1,2
20260912_215351_529_traffic_scan_env2025_seed0-499_48352cd1,331,43,23,0,3
20260912_215351_529_traffic_scan_env2025_seed0-499_48352cd1,331,43,23,1,1
20260912_215351_529_traffic_scan_env2025_seed0-499_48352cd1,331,43,24,0,1
20260912_215351_529_traffic_scan_env2025_seed0-499_48352cd1,331,43,26,0,2
20260912_215351_529_traffic_scan_env2025_seed0-499_48352cd1,331,43,27,1,2
20260912_215351_529_traffic_scan_env2025_seed0-499_48352cd1,331,43,29,0,1
20260912_215351_529_traffic_scan_env2025_seed0-499_48352cd1,331,43,29,1,2
20260912_215351_529_traffic_scan_env2025_seed0-499_48352cd1,331,43,30,1,1
20260912_215351_529_traffic_scan_env2025_seed0-499_48352cd1,331,43,31,1,2
20260912_215351_529_traffic_scan_env2025_seed0-499_48352cd1,331,43,32,0,3
20260912_215351_529_traffic_scan_env2025_seed0-499_48352cd1,331,43,34,0,1
20260912_215351_529_traffic_scan_env2025_seed0-499_48352cd1,331,43,38,0,1
20260912_215351_529_traffic_scan_env2025_seed0-499_48352cd1,331,43,38,1,3
20260912_215351_529_traffic_scan_env2025_seed0-499_48352cd1,331,43,39,0,5
20260912_215351_529_traffic_scan_env2025_seed0-499_48352cd1,331,43,39,1,1
20260912_215351_529_traffic_scan_env2025_seed0-499_48352cd1,331,43,40,0,1
20260912_215351_529_traffic_scan_env2025_seed0-499_48352cd1,331,43,40,1,2
20260912_215351_529_traffic_scan_env2025_seed0-499_48352cd1,331,43,40,2,1
20260912_215351_529_traffic_scan_env2025_seed0-499_48352cd1,331,43,41,0,2
20260912_215351_529_traffic_scan_env2025_seed0-499_48352cd1,331,43,41,1,1
20260912_215351_529_traffic_scan_env2025_seed0-499_48352cd1,331,43,42,0,2
20260912_215351_529_traffic_scan_env2025_seed0-499_48352cd1,331,43,43,0,1
20260912_215351_529_traffic_scan_env2025_seed0-499_48352cd1,331,43,44,0,1
20260912_215351_529_traffic_scan_env2025_seed0-499_48352cd1,331,43,45,0,5
20260912_215351_529_traffic_scan_env2025_seed0-499_48352cd1,331,43,47,0,1
20260912_215351_529_traffic_scan_env2025_seed0-499_48352cd1,331,43,47,1,3
20260912_215351_529_traffic_scan_env2025_seed0-499_48352cd1,331,43,48,0,2
20260912_215351_529_traffic_scan_env2025_seed0-499_48352cd1,331,43,49,0,2
20260912_215351_529_traffic_scan_env2025_seed0-499_48352cd1,331,43,50,1,1
20260912_215351_529_traffic_scan_env2025_seed0-499_48352cd1,331,43,53,0,1
20260912_215351_529_traffic_scan_env2025_seed0-499_48352cd1,331,43,54,0,3
20260912_215351_529_traffic_scan_env2025_seed0-499_48352cd1,331,43,55,0,1
20260912_215351_529_traffic_scan_env2025_seed0-499_48352cd1,331,43,55,1,1
20260912_215351_529_traffic_scan_env2025_seed0-499_48352cd1,331,43,57,0,1
20260912_215351_529_traffic_scan_env2025_seed0-499_48352cd1,331,44,5,0,2
20260912_215351_529_traffic_scan_env2025_seed0-499_48352cd1,331,44,6,0,2
20260912_215351_529_traffic_scan_env2025_seed0-499_48352cd1,331,44,7,0,1
20260912_215351_529_traffic_scan_env2025_seed0-499_48352cd1,331,44,8,0,1
20260912_215351_529_traffic_scan_env2025_seed0-499_48352cd1,331,44,10,0,2
20260912_215351_529_traffic_scan_env2025_seed0-499_48352cd1,331,44,13,0,2
20260912_215351_529_traffic_scan_env2025_seed0-499_48352cd1,331,44,14,1,1
20260912_215351_529_traffic_scan_env2025_seed0-499_48352cd1,331,44,17,0,2
20260912_215351_529_traffic_scan_env2025_seed0-499_48352cd1,331,44,18,0,1
20260912_215351_529_traffic_scan_env2025_seed0-499_48352cd1,331,44,18,1,1
20260912_215351_529_traffic_scan_env2025_seed0-499_48352cd1,331,44,19,0,1
20260912_215351_529_traffic_scan_env2025_seed0-499_48352cd1,331,44,20,1,1
20260912_215351_529_traffic_scan_env2025_seed0-499_48352cd1,331,44,21,0,2
20260912_215351_529_traffic_scan_env2025_seed0-499_48352cd1,331,44,21,1,1
20260912_215351_529_traffic_scan_env2025_seed0-499_48352cd1,331,44,22,0,6
20260912_215351_529_traffic_scan_env2025_seed0-499_48352cd1,331,44,23,2,1
20260912_215351_529_traffic_scan_env2025_seed0-499_48352cd1,331,44,25,0,1
20260912_215351_529_traffic_scan_env2025_seed0-499_48352cd1,331,44,27,0,2
20260912_215351_529_traffic_scan_env2025_seed0-499_48352cd1,331,44,27,1,2
20260912_215351_529_traffic_scan_env2025_seed0-499_48352cd1,331,44,28,0,1
20260912_215351_529_traffic_scan_env2025_seed0-499_48352cd1,331,44,28,1,1
20260912_215351_529_traffic_scan_env2025_seed0-499_48352cd1,331,44,30,1,2
20260912_215351_529_traffic_scan_env2025_seed0-499_48352cd1,331,44,31,0,1
20260912_215351_529_traffic_scan_env2025_seed0-499_48352cd1,331,44,32,0,1
20260912_215351_529_traffic_scan_env2025_seed0-499_48352cd1,331,44,32,1,3
20260912_215351_529_traffic_scan_env2025_seed0-499_48352cd1,331,44,33,0,1
20260912_215351_529_traffic_scan_env2025_seed0-499_48352cd1,331,44,33,1,3
20260912_215351_529_traffic_scan_env2025_seed0-499_48352cd1,331,44,34,0,1
20260912_215351_529_traffic_scan_env2025_seed0-499_48352cd1,331,44,37,0,1
20260912_215351_529_traffic_scan_env2025_seed0-499_48352cd1,331,44,37,1,2
20260912_215351_529_traffic_scan_env2025_seed0-499_48352cd1,331,44,40,0,5
20260912_215351_529_traffic_scan_env2025_seed0-499_48352cd1,331,44,40,1,1
20260912_215351_529_traffic_scan_env2025_seed0-499_48352cd1,331,44,40,2,1
20260912_215351_529_traffic_scan_env2025_seed0-499_48352cd1,331,44,41,0,1
20260912_215351_529_traffic_scan_env2025_seed0-499_48352cd1,331,44,42,0,1
20260912_215351_529_traffic_scan_env2025_seed0-499_48352cd1,331,44,43,0,2
20260912_215351_529_traffic_scan_env2025_seed0-499_48352cd1,331,44,44,0,1
20260912_215351_529_traffic_scan_env2025_seed0-499_48352cd1,331,44,45,0,2
20260912_215351_529_traffic_scan_env2025_seed0-499_48352cd1,331,44,46,0,5
20260912_215351_529_traffic_scan_env2025_seed0-499_48352cd1,331,44,46,1,1
20260912_215351_529_traffic_scan_env2025_seed0-499_48352cd1,331,44,47,0,1
20260912_215351_529_traffic_scan_env2025_seed0-499_48352cd1,331,44,47,1,2
20260912_215351_529_traffic_scan_env2025_seed0-499_48352cd1,331,44,49,0,2
20260912_215351_529_traffic_scan_env2025_seed0-499_48352cd1,331,44,50,0,1
20260912_215351_529_traffic_scan_env2025_seed0-499_48352cd1,331,44,50,1,1
20260912_215351_529_traffic_scan_env2025_seed0-499_48352cd1,331,44,53,0,2
20260912_215351_529_traffic_scan_env2025_seed0-499_48352cd1,331,44,55,0,1
20260912_215351_529_traffic_scan_env2025_seed0-499_48352cd1,331,44,56,1,1
20260912_215351_529_traffic_scan_env2025_seed0-499_48352cd1,331,44,57,0,2
20260912_215351_529_traffic_scan_env2025_seed0-499_48352cd1,331,45,2,0,1
20260912_215351_529_traffic_scan_env2025_seed0-499_48352cd1,331,45,3,0,1
20260912_215351_529_traffic_scan_env2025_seed0-499_48352cd1,331,45,4,0,3
20260912_215351_529_traffic_scan_env2025_seed0-499_48352cd1,331,45,5,0,2
20260912_215351_529_traffic_scan_env2025_seed0-499_48352cd1,331,45,7,0,1
20260912_215351_529_traffic_scan_env2025_seed0-499_48352cd1,331,45,9,0,1
20260912_215351_529_traffic_scan_env2025_seed0-499_48352cd1,331,45,10,0,1
20260912_215351_529_traffic_scan_env2025_seed0-499_48352cd1,331,45,11,0,2
20260912_215351_529_traffic_scan_env2025_seed0-499_48352cd1,331,45,12,0,2
20260912_215351_529_traffic_scan_env2025_seed0-499_48352cd1,331,45,14,1,1
20260912_215351_529_traffic_scan_env2025_seed0-499_48352cd1,331,45,15,0,1
20260912_215351_529_traffic_scan_env2025_seed0-499_48352cd1,331,45,16,0,2
20260912_215351_529_traffic_scan_env2025_seed0-499_48352cd1,331,45,17,0,1
20260912_215351_529_traffic_scan_env2025_seed0-499_48352cd1,331,45,17,1,1
20260912_215351_529_traffic_scan_env2025_seed0-499_48352cd1,331,45,18,0,1
20260912_215351_529_traffic_scan_env2025_seed0-499_48352cd1,331,45,20,0,2
20260912_215351_529_traffic_scan_env2025_seed0-499_48352cd1,331,45,20,1,2
20260912_215351_529_traffic_scan_env2025_seed0-499_48352cd1,331,45,21,0,3
20260912_215351_529_traffic_scan_env2025_seed0-499_48352cd1,331,45,22,0,3
20260912_215351_529_traffic_scan_env2025_seed0-499_48352cd1,331,45,24,2,1
20260912_215351_529_traffic_scan_env2025_seed0-499_48352cd1,331,45,25,0,1
20260912_215351_529_traffic_scan_env2025_seed0-499_48352cd1,331,45,27,0,1
20260912_215351_529_traffic_scan_env2025_seed0-499_48352cd1,331,45,27,1,3
20260912_215351_529_traffic_scan_env2025_seed0-499_48352cd1,331,45,28,0,2
20260912_215351_529_traffic_scan_env2025_seed0-499_48352cd1,331,45,30,0,1
20260912_215351_529_traffic_scan_env2025_seed0-499_48352cd1,331,45,30,1,1
20260912_215351_529_traffic_scan_env2025_seed0-499_48352cd1,331,45,31,0,1
20260912_215351_529_traffic_scan_env2025_seed0-499_48352cd1,331,45,31,1,1
20260912_215351_529_traffic_scan_env2025_seed0-499_48352cd1,331,45,34,0,2
20260912_215351_529_traffic_scan_env2025_seed0-499_48352cd1,331,45,34,1,3
20260912_215351_529_traffic_scan_env2025_seed0-499_48352cd1,331,45,37,0,1
20260912_215351_529_traffic_scan_env2025_seed0-499_48352cd1,331,45,37,1,2
20260912_215351_529_traffic_scan_env2025_seed0-499_48352cd1,331,45,40,0,5
20260912_215351_529_traffic_scan_env2025_seed0-499_48352cd1,331,45,40,1,1
20260912_215351_529_traffic_scan_env2025_seed0-499_48352cd1,331,45,40,2,1
20260912_215351_529_traffic_scan_env2025_seed0-499_48352cd1,331,45,41,0,1
20260912_215351_529_traffic_scan_env2025_seed0-499_48352cd1,331,45,44,0,1
20260912_215351_529_traffic_scan_env2025_seed0-499_48352cd1,331,45,45,1,1
20260912_215351_529_traffic_scan_env2025_seed0-499_48352cd1,331,45,47,0,3
20260912_215351_529_traffic_scan_env2025_seed0-499_48352cd1,331,45,47,1,2
20260912_215351_529_traffic_scan_env2025_seed0-499_48352cd1,331,45,49,0,1
20260912_215351_529_traffic_scan_env2025_seed0-499_48352cd1,331,45,50,1,1
20260912_215351_529_traffic_scan_env2025_seed0-499_48352cd1,331,45,51,0,1
20260912_215351_529_traffic_scan_env2025_seed0-499_48352cd1,331,45,53,0,2
20260912_215351_529_traffic_scan_env2025_seed0-499_48352cd1,331,45,54,0,1
20260912_215351_529_traffic_scan_env2025_seed0-499_48352cd1,331,45,57,0,1
20260912_215351_529_traffic_scan_env2025_seed0-499_48352cd1,331,46,3,0,2
20260912_215351_529_traffic_scan_env2025_seed0-499_48352cd1,331,46,4,0,1
20260912_215351_529_traffic_scan_env2025_seed0-499_48352cd1,331,46,6,0,1
20260912_215351_529_traffic_scan_env2025_seed0-499_48352cd1,331,46,8,0,1
20260912_215351_529_traffic_scan_env2025_seed0-499_48352cd1,331,46,9,0,1
20260912_215351_529_traffic_scan_env2025_seed0-499_48352cd1,331,46,13,1,1
20260912_215351_529_traffic_scan_env2025_seed0-499_48352cd1,331,46,14,0,2
20260912_215351_529_traffic_scan_env2025_seed0-499_48352cd1,331,46,15,0,1
20260912_215351_529_traffic_scan_env2025_seed0-499_48352cd1,331,46,16,0,1
20260912_215351_529_traffic_scan_env2025_seed0-499_48352cd1,331,46,16,1,1
20260912_215351_529_traffic_scan_env2025_seed0-499_48352cd1,331,46,17,0,1
20260912_215351_529_traffic_scan_env2025_seed0-499_48352cd1,331,46,19,0,2
20260912_215351_529_traffic_scan_env2025_seed0-499_48352cd1,331,46,19,1,1
20260912_215351_529_traffic_scan_env2025_seed0-499_48352cd1,331,46,20,0,3
20260912_215351_529_traffic_scan_env2025_seed0-499_48352cd1,331,46,20,1,1
20260912_215351_529_traffic_scan_env2025_seed0-499_48352cd1,331,46,23,0,3
20260912_215351_529_traffic_scan_env2025_seed0-499_48352cd1,331,46,25,0,1
20260912_215351_529_traffic_scan_env2025_seed0-499_48352cd1,331,46,25,1,1
20260912_215351_529_traffic_scan_env2025_seed0-499_48352cd1,331,46,26,0,1
20260912_215351_529_traffic_scan_env2025_seed0-499_48352cd1,331,46,26,1,1
20260912_215351_529_traffic_scan_env2025_seed0-499_48352cd1,331,46,27,1,2
20260912_215351_529_traffic_scan_env2025_seed0-499_48352cd1,331,46,29,0,4
20260912_215351_529_traffic_scan_env2025_seed0-499_48352cd1,331,46,31,0,1
20260912_215351_529_traffic_scan_env2025_seed0-499_48352cd1,331,46,34,0,1
20260912_215351_529_traffic_scan_env2025_seed0-499_48352cd1,331,46,35,1,3
20260912_215351_529_traffic_scan_env2025_seed0-499_48352cd1,331,46,36,1,2
20260912_215351_529_traffic_scan_env2025_seed0-499_48352cd1,331,46,37,0,1
20260912_215351_529_traffic_scan_env2025_seed0-499_48352cd1,331,46,40,0,5
20260912_215351_529_traffic_scan_env2025_seed0-499_48352cd1,331,46,40,1,1
20260912_215351_529_traffic_scan_env2025_seed0-499_48352cd1,331,46,40,2,1
20260912_215351_529_traffic_scan_env2025_seed0-499_48352cd1,331,46,41,0,1
20260912_215351_529_traffic_scan_env2025_seed0-499_48352cd1,331,46,44,0,1
20260912_215351_529_traffic_scan_env2025_seed0-499_48352cd1,331,46,44,1,1
20260912_215351_529_traffic_scan_env2025_seed0-499_48352cd1,331,46,47,1,2
20260912_215351_529_traffic_scan_env2025_seed0-499_48352cd1,331,46,48,0,4
20260912_215351_529_traffic_scan_env2025_seed0-499_48352cd1,331,46,49,0,2
20260912_215351_529_traffic_scan_env2025_seed0-499_48352cd1,331,46,50,1,1
20260912_215351_529_traffic_scan_env2025_seed0-499_48352cd1,331,46,51,0,1
20260912_215351_529_traffic_scan_env2025_seed0-499_48352cd1,331,46,53,0,2
20260912_215351_529_traffic_scan_env2025_seed0-499_48352cd1,331,46,54,0,1
20260912_215351_529_traffic_scan_env2025_seed0-499_48352cd1,331,46,57,0,1
20260912_215351_529_traffic_scan_env2025_seed0-499_48352cd1,331,47,2,0,1
20260912_215351_529_traffic_scan_env2025_seed0-499_48352cd1,331,47,3,0,1
20260912_215351_529_traffic_scan_env2025_seed0-499_48352cd1,331,47,5,0,1
20260912_215351_529_traffic_scan_env2025_seed0-499_48352cd1,331,47,7,0,1
20260912_215351_529_traffic_scan_env2025_seed0-499_48352cd1,331,47,8,0,1
20260912_215351_529_traffic_scan_env2025_seed0-499_48352cd1,331,47,8,1,1
20260912_215351_529_traffic_scan_env2025_seed0-499_48352cd1,331,47,9,1,1
20260912_215351_529_traffic_scan_env2025_seed0-499_48352cd1,331,47,10,1,1
20260912_215351_529_traffic_scan_env2025_seed0-499_48352cd1,331,47,11,1,1
20260912_215351_529_traffic_scan_env2025_seed0-499_48352cd1,331,47,12,1,2
20260912_215351_529_traffic_scan_env2025_seed0-499_48352cd1,331,47,13,0,1
20260912_215351_529_traffic_scan_env2025_seed0-499_48352cd1,331,47,13,1,1
20260912_215351_529_traffic_scan_env2025_seed0-499_48352cd1,331,47,14,1,1
20260912_215351_529_traffic_scan_env2025_seed0-499_48352cd1,331,47,15,0,1
20260912_215351_529_traffic_scan_env2025_seed0-499_48352cd1,331,47,15,1,2
20260912_215351_529_traffic_scan_env2025_seed0-499_48352cd1,331,47,16,0,1
20260912_215351_529_traffic_scan_env2025_seed0-499_48352cd1,331,47,16,1,1
20260912_215351_529_traffic_scan_env2025_seed0-499_48352cd1,331,47,17,1,1
20260912_215351_529_traffic_scan_env2025_seed0-499_48352cd1,331,47,18,0,2
20260912_215351_529_traffic_scan_env2025_seed0-499_48352cd1,331,47,18,1,1
20260912_215351_529_traffic_scan_env2025_seed0-499_48352cd1,331,47,19,0,1
20260912_215351_529_traffic_scan_env2025_seed0-499_48352cd1,331,47,20,0,2
20260912_215351_529_traffic_scan_env2025_seed0-499_48352cd1,331,47,20,1,1
20260912_215351_529_traffic_scan_env2025_seed0-499_48352cd1,331,47,23,0,3
20260912_215351_529_traffic_scan_env2025_seed0-499_48352cd1,331,47,25,0,1
20260912_215351_529_traffic_scan_env2025_seed0-499_48352cd1,331,47,25,1,1
20260912_215351_529_traffic_scan_env2025_seed0-499_48352cd1,331,47,26,0,1
20260912_215351_529_traffic_scan_env2025_seed0-499_48352cd1,331,47,26,1,1
20260912_215351_529_traffic_scan_env2025_seed0-499_48352cd1,331,47,27,1,2
20260912_215351_529_traffic_scan_env2025_seed0-499_48352cd1,331,47,28,0,1
20260912_215351_529_traffic_scan_env2025_seed0-499_48352cd1,331,47,29,0,1
20260912_215351_529_traffic_scan_env2025_seed0-499_48352cd1,331,47,30,0,2
20260912_215351_529_traffic_scan_env2025_seed0-499_48352cd1,331,47,32,0,1
20260912_215351_529_traffic_scan_env2025_seed0-499_48352cd1,331,47,34,0,1
20260912_215351_529_traffic_scan_env2025_seed0-499_48352cd1,331,47,35,0,1
20260912_215351_529_traffic_scan_env2025_seed0-499_48352cd1,331,47,35,1,1
20260912_215351_529_traffic_scan_env2025_seed0-499_48352cd1,331,47,36,0,1
20260912_215351_529_traffic_scan_env2025_seed0-499_48352cd1,331,47,36,1,3
20260912_215351_529_traffic_scan_env2025_seed0-499_48352cd1,331,47,37,1,3
20260912_215351_529_traffic_scan_env2025_seed0-499_48352cd1,331,47,38,1,3
20260912_215351_529_traffic_scan_env2025_seed0-499_48352cd1,331,47,39,2,3
20260912_215351_529_traffic_scan_env2025_seed0-499_48352cd1,331,47,40,2,2
20260912_215351_529_traffic_scan_env2025_seed0-499_48352cd1,331,47,41,0,6
20260912_215351_529_traffic_scan_env2025_seed0-499_48352cd1,331,47,43,1,1
20260912_215351_529_traffic_scan_env2025_seed0-499_48352cd1,331,47,45,0,1
20260912_215351_529_traffic_scan_env2025_seed0-499_48352cd1,331,47,47,0,1
20260912_215351_529_traffic_scan_env2025_seed0-499_48352cd1,331,47,47,1,2
20260912_215351_529_traffic_scan_env2025_seed0-499_48352cd1,331,47,49,0,1
20260912_215351_529_traffic_scan_env2025_seed0-499_48352cd1,331,47,50,0,2
20260912_215351_529_traffic_scan_env2025_seed0-499_48352cd1,331,47,50,1,1
20260912_215351_529_traffic_scan_env2025_seed0-499_48352cd1,331,47,51,0,1
20260912_215351_529_traffic_scan_env2025_seed0-499_48352cd1,331,47,53,0,2
20260912_215351_529_traffic_scan_env2025_seed0-499_48352cd1,331,47,54,0,1
20260912_215351_529_traffic_scan_env2025_seed0-499_48352cd1,331,47,57,0,1
20260912_215351_529_traffic_scan_env2025_seed0-499_48352cd1,331,48,0,0,1
20260912_215351_529_traffic_scan_env2025_seed0-499_48352cd1,331,48,1,0,2
20260912_215351_529_traffic_scan_env2025_seed0-499_48352cd1,331,48,2,0,2
20260912_215351_529_traffic_scan_env2025_seed0-499_48352cd1,331,48,3,0,1
20260912_215351_529_traffic_scan_env2025_seed0-499_48352cd1,331,48,4,0,2
20260912_215351_529_traffic_scan_env2025_seed0-499_48352cd1,331,48,5,0,1
20260912_215351_529_traffic_scan_env2025_seed0-499_48352cd1,331,48,6,0,2
20260912_215351_529_traffic_scan_env2025_seed0-499_48352cd1,331,48,7,0,2
20260912_215351_529_traffic_scan_env2025_seed0-499_48352cd1,331,48,11,1,1
20260912_215351_529_traffic_scan_env2025_seed0-499_48352cd1,331,48,12,0,1
20260912_215351_529_traffic_scan_env2025_seed0-499_48352cd1,331,48,14,0,1
20260912_215351_529_traffic_scan_env2025_seed0-499_48352cd1,331,48,14,1,1
20260912_215351_529_traffic_scan_env2025_seed0-499_48352cd1,331,48,15,0,1
20260912_215351_529_traffic_scan_env2025_seed0-499_48352cd1,331,48,17,0,1
20260912_215351_529_traffic_scan_env2025_seed0-499_48352cd1,331,48,18,0,1
20260912_215351_529_traffic_scan_env2025_seed0-499_48352cd1,331,48,21,0,3
20260912_215351_529_traffic_scan_env2025_seed0-499_48352cd1,331,48,22,0,2
20260912_215351_529_traffic_scan_env2025_seed0-499_48352cd1,331,48,24,0,2
20260912_215351_529_traffic_scan_env2025_seed0-499_48352cd1,331,48,24,1,1
20260912_215351_529_traffic_scan_env2025_seed0-499_48352cd1,331,48,27,0,4
20260912_215351_529_traffic_scan_env2025_seed0-499_48352cd1,331,48,27,1,1
20260912_215351_529_traffic_scan_env2025_seed0-499_48352cd1,331,48,29,0,1
20260912_215351_529_traffic_scan_env2025_seed0-499_48352cd1,331,48,31,0,2
20260912_215351_529_traffic_scan_env2025_seed0-499_48352cd1,331,48,32,0,1
20260912_215351_529_traffic_scan_env2025_seed0-499_48352cd1,331,48,34,2,1
20260912_215351_529_traffic_scan_env2025_seed0-499_48352cd1,331,48,35,0,2
20260912_215351_529_traffic_scan_env2025_seed0-499_48352cd1,331,48,40,2,5
20260912_215351_529_traffic_scan_env2025_seed0-499_48352cd1,331,48,41,0,5
20260912_215351_529_traffic_scan_env2025_seed0-499_48352cd1,331,48,41,1,1
20260912_215351_529_traffic_scan_env2025_seed0-499_48352cd1,331,48,42,0,1
20260912_215351_529_traffic_scan_env2025_seed0-499_48352cd1,331,48,42,1,2
20260912_215351_529_traffic_scan_env2025_seed0-499_48352cd1,331,48,43,1,1
20260912_215351_529_traffic_scan_env2025_seed0-499_48352cd1,331,48,44,1,1
20260912_215351_529_traffic_scan_env2025_seed0-499_48352cd1,331,48,45,1,1
20260912_215351_529_traffic_scan_env2025_seed0-499_48352cd1,331,48,46,0,3
20260912_215351_529_traffic_scan_env2025_seed0-499_48352cd1,331,48,46,1,1
20260912_215351_529_traffic_scan_env2025_seed0-499_48352cd1,331,48,47,1,2
20260912_215351_529_traffic_scan_env2025_seed0-499_48352cd1,331,48,48,1,1
20260912_215351_529_traffic_scan_env2025_seed0-499_48352cd1,331,48,50,0,1
20260912_215351_529_traffic_scan_env2025_seed0-499_48352cd1,331,48,50,1,1
20260912_215351_529_traffic_scan_env2025_seed0-499_48352cd1,331,48,51,0,2
20260912_215351_529_traffic_scan_env2025_seed0-499_48352cd1,331,48,52,0,2
20260912_215351_529_traffic_scan_env2025_seed0-499_48352cd1,331,48,53,0,1
20260912_215351_529_traffic_scan_env2025_seed0-499_48352cd1,331,48,54,0,1
20260912_215351_529_traffic_scan_env2025_seed0-499_48352cd1,331,48,57,0,1
20260912_215351_529_traffic_scan_env2025_seed0-499_48352cd1,331,49,0,0,1
20260912_215351_529_traffic_scan_env2025_seed0-499_48352cd1,331,49,1,0,1
20260912_215351_529_traffic_scan_env2025_seed0-499_48352cd1,331,49,3,0,1
20260912_215351_529_traffic_scan_env2025_seed0-499_48352cd1,331,49,5,0,1
20260912_215351_529_traffic_scan_env2025_seed0-499_48352cd1,331,49,6,0,1
20260912_215351_529_traffic_scan_env2025_seed0-499_48352cd1,331,49,10,0,1
20260912_215351_529_traffic_scan_env2025_seed0-499_48352cd1,331,49,11,0,1
20260912_215351_529_traffic_scan_env2025_seed0-499_48352cd1,331,49,13,1,2
20260912_215351_529_traffic_scan_env2025_seed0-499_48352cd1,331,49,15,0,2
20260912_215351_529_traffic_scan_env2025_seed0-499_48352cd1,331,49,16,0,1
20260912_215351_529_traffic_scan_env2025_seed0-499_48352cd1,331,49,17,0,1
20260912_215351_529_traffic_scan_env2025_seed0-499_48352cd1,331,49,20,0,2
20260912_215351_529_traffic_scan_env2025_seed0-499_48352cd1,331,49,21,0,1
20260912_215351_529_traffic_scan_env2025_seed0-499_48352cd1,331,49,22,0,2
20260912_215351_529_traffic_scan_env2025_seed0-499_48352cd1,331,49,23,0,1
20260912_215351_529_traffic_scan_env2025_seed0-499_48352cd1,331,49,23,1,1
20260912_215351_529_traffic_scan_env2025_seed0-499_48352cd1,331,49,24,0,1
20260912_215351_529_traffic_scan_env2025_seed0-499_48352cd1,331,49,26,0,2
20260912_215351_529_traffic_scan_env2025_seed0-499_48352cd1,331,49,27,0,1
20260912_215351_529_traffic_scan_env2025_seed0-499_48352cd1,331,49,28,0,1
20260912_215351_529_traffic_scan_env2025_seed0-499_48352cd1,331,49,28,1,1
20260912_215351_529_traffic_scan_env2025_seed0-499_48352cd1,331,49,29,0,1
20260912_215351_529_traffic_scan_env2025_seed0-499_48352cd1,331,49,31,0,1
20260912_215351_529_traffic_scan_env2025_seed0-499_48352cd1,331,49,32,0,2
20260912_215351_529_traffic_scan_env2025_seed0-499_48352cd1,331,49,33,1,1
20260912_215351_529_traffic_scan_env2025_seed0-499_48352cd1,331,49,34,0,1
20260912_215351_529_traffic_scan_env2025_seed0-499_48352cd1,331,49,36,0,1
20260912_215351_529_traffic_scan_env2025_seed0-499_48352cd1,331,49,40,2,2
20260912_215351_529_traffic_scan_env2025_seed0-499_48352cd1,331,49,41,0,5
20260912_215351_529_traffic_scan_env2025_seed0-499_48352cd1,331,49,41,1,3
20260912_215351_529_traffic_scan_env2025_seed0-499_48352cd1,331,49,43,0,1
20260912_215351_529_traffic_scan_env2025_seed0-499_48352cd1,331,49,45,0,1
20260912_215351_529_traffic_scan_env2025_seed0-499_48352cd1,331,49,46,1,1
20260912_215351_529_traffic_scan_env2025_seed0-499_48352cd1,331,49,46,2,1
20260912_215351_529_traffic_scan_env2025_seed0-499_48352cd1,331,49,47,0,1
20260912_215351_529_traffic_scan_env2025_seed0-499_48352cd1,331,49,47,1,1
20260912_215351_529_traffic_scan_env2025_seed0-499_48352cd1,331,49,49,0,1
20260912_215351_529_traffic_scan_env2025_seed0-499_48352cd1,331,49,50,0,1
20260912_215351_529_traffic_scan_env2025_seed0-499_48352cd1,331,49,51,0,3
20260912_215351_529_traffic_scan_env2025_seed0-499_48352cd1,331,49,52,0,2
20260912_215351_529_traffic_scan_env2025_seed0-499_48352cd1,331,49,53,0,3
20260912_215351_529_traffic_scan_env2025_seed0-499_48352cd1,331,49,54,0,2
20260912_215351_529_traffic_scan_env2025_seed0-499_48352cd1,331,49,55,0,1
20260912_215351_529_traffic_scan_env2025_seed0-499_48352cd1,331,49,56,0,1
20260912_215351_529_traffic_scan_env2025_seed0-499_48352cd1,331,49,57,0,2
20260912_215351_529_traffic_scan_env2025_seed0-499_48352cd1,331,50,3,0,1
20260912_215351_529_traffic_scan_env2025_seed0-499_48352cd1,331,50,4,0,1
20260912_215351_529_traffic_scan_env2025_seed0-499_48352cd1,331,50,5,0,1
20260912_215351_529_traffic_scan_env2025_seed0-499_48352cd1,331,50,10,0,1
20260912_215351_529_traffic_scan_env2025_seed0-499_48352cd1,331,50,12,0,1
20260912_215351_529_traffic_scan_env2025_seed0-499_48352cd1,331,50,13,0,1
20260912_215351_529_traffic_scan_env2025_seed0-499_48352cd1,331,50,14,0,2
20260912_215351_529_traffic_scan_env2025_seed0-499_48352cd1,331,50,16,0,1
20260912_215351_529_traffic_scan_env2025_seed0-499_48352cd1,331,50,19,0,2
20260912_215351_529_traffic_scan_env2025_seed0-499_48352cd1,331,50,21,0,1
20260912_215351_529_traffic_scan_env2025_seed0-499_48352cd1,331,50,22,0,2
20260912_215351_529_traffic_scan_env2025_seed0-499_48352cd1,331,50,22,1,1
20260912_215351_529_traffic_scan_env2025_seed0-499_48352cd1,331,50,25,0,3
20260912_215351_529_traffic_scan_env2025_seed0-499_48352cd1,331,50,27,0,1
20260912_215351_529_traffic_scan_env2025_seed0-499_48352cd1,331,50,29,0,2
20260912_215351_529_traffic_scan_env2025_seed0-499_48352cd1,331,50,29,1,1
20260912_215351_529_traffic_scan_env2025_seed0-499_48352cd1,331,50,30,0,1
20260912_215351_529_traffic_scan_env2025_seed0-499_48352cd1,331,50,32,1,1
20260912_215351_529_traffic_scan_env2025_seed0-499_48352cd1,331,50,33,0,2
20260912_215351_529_traffic_scan_env2025_seed0-499_48352cd1,331,50,37,0,1
20260912_215351_529_traffic_scan_env2025_seed0-499_48352cd1,331,50,38,0,1
20260912_215351_529_traffic_scan_env2025_seed0-499_48352cd1,331,50,40,2,3
20260912_215351_529_traffic_scan_env2025_seed0-499_48352cd1,331,50,41,0,3
20260912_215351_529_traffic_scan_env2025_seed0-499_48352cd1,331,50,42,0,2
20260912_215351_529_traffic_scan_env2025_seed0-499_48352cd1,331,50,42,1,2
20260912_215351_529_traffic_scan_env2025_seed0-499_48352cd1,331,50,43,1,1
20260912_215351_529_traffic_scan_env2025_seed0-499_48352cd1,331,50,44,0,2
20260912_215351_529_traffic_scan_env2025_seed0-499_48352cd1,331,50,44,1,1
20260912_215351_529_traffic_scan_env2025_seed0-499_48352cd1,331,50,46,3,1
20260912_215351_529_traffic_scan_env2025_seed0-499_48352cd1,331,50,48,0,2
20260912_215351_529_traffic_scan_env2025_seed0-499_48352cd1,331,50,51,0,2
20260912_215351_529_traffic_scan_env2025_seed0-499_48352cd1,331,50,52,0,2
20260912_215351_529_traffic_scan_env2025_seed0-499_48352cd1,331,50,54,0,3
20260912_215351_529_traffic_scan_env2025_seed0-499_48352cd1,331,50,57,0,1
20260912_215351_529_traffic_scan_env2025_seed0-499_48352cd1,331,51,2,0,1
20260912_215351_529_traffic_scan_env2025_seed0-499_48352cd1,331,51,3,0,1
20260912_215351_529_traffic_scan_env2025_seed0-499_48352cd1,331,51,4,0,1
20260912_215351_529_traffic_scan_env2025_seed0-499_48352cd1,331,51,9,0,1
20260912_215351_529_traffic_scan_env2025_seed0-499_48352cd1,331,51,11,0,1
20260912_215351_529_traffic_scan_env2025_seed0-499_48352cd1,331,51,13,0,3
20260912_215351_529_traffic_scan_env2025_seed0-499_48352cd1,331,51,15,0,1
20260912_215351_529_traffic_scan_env2025_seed0-499_48352cd1,331,51,18,0,2
20260912_215351_529_traffic_scan_env2025_seed0-499_48352cd1,331,51,21,1,3
20260912_215351_529_traffic_scan_env2025_seed0-499_48352cd1,331,51,22,0,1
20260912_215351_529_traffic_scan_env2025_seed0-499_48352cd1,331,51,24,0,1
20260912_215351_529_traffic_scan_env2025_seed0-499_48352cd1,331,51,26,0,1
20260912_215351_529_traffic_scan_env2025_seed0-499_48352cd1,331,51,27,0,1
20260912_215351_529_traffic_scan_env2025_seed0-499_48352cd1,331,51,29,0,2
20260912_215351_529_traffic_scan_env2025_seed0-499_48352cd1,331,51,30,0,1
20260912_215351_529_traffic_scan_env2025_seed0-499_48352cd1,331,51,30,1,1
20260912_215351_529_traffic_scan_env2025_seed0-499_48352cd1,331,51,31,1,1
20260912_215351_529_traffic_scan_env2025_seed0-499_48352cd1,331,51,32,0,1
20260912_215351_529_traffic_scan_env2025_seed0-499_48352cd1,331,51,39,1,3
20260912_215351_529_traffic_scan_env2025_seed0-499_48352cd1,331,51,41,0,3
20260912_215351_529_traffic_scan_env2025_seed0-499_48352cd1,331,51,43,0,4
20260912_215351_529_traffic_scan_env2025_seed0-499_48352cd1,331,51,45,0,2
20260912_215351_529_traffic_scan_env2025_seed0-499_48352cd1,331,51,46,3,1
20260912_215351_529_traffic_scan_env2025_seed0-499_48352cd1,331,51,48,0,3
20260912_215351_529_traffic_scan_env2025_seed0-499_48352cd1,331,51,49,0,1
20260912_215351_529_traffic_scan_env2025_seed0-499_48352cd1,331,51,50,0,2
20260912_215351_529_traffic_scan_env2025_seed0-499_48352cd1,331,51,52,0,2
20260912_215351_529_traffic_scan_env2025_seed0-499_48352cd1,331,51,53,0,2
20260912_215351_529_traffic_scan_env2025_seed0-499_48352cd1,331,51,54,0,3
20260912_215351_529_traffic_scan_env2025_seed0-499_48352cd1,331,51,57,0,1
20260912_215351_529_traffic_scan_env2025_seed0-499_48352cd1,331,52,2,0,1
20260912_215351_529_traffic_scan_env2025_seed0-499_48352cd1,331,52,3,0,1
20260912_215351_529_traffic_scan_env2025_seed0-499_48352cd1,331,52,8,0,1
20260912_215351_529_traffic_scan_env2025_seed0-499_48352cd1,331,52,10,0,1
20260912_215351_529_traffic_scan_env2025_seed0-499_48352cd1,331,52,12,0,2
20260912_215351_529_traffic_scan_env2025_seed0-499_48352cd1,331,52,14,0,1
20260912_215351_529_traffic_scan_env2025_seed0-499_48352cd1,331,52,17,0,2
20260912_215351_529_traffic_scan_env2025_seed0-499_48352cd1,331,52,20,0,2
20260912_215351_529_traffic_scan_env2025_seed0-499_48352cd1,331,52,21,0,1
20260912_215351_529_traffic_scan_env2025_seed0-499_48352cd1,331,52,22,0,1
20260912_215351_529_traffic_scan_env2025_seed0-499_48352cd1,331,52,23,0,1
20260912_215351_529_traffic_scan_env2025_seed0-499_48352cd1,331,52,27,0,2
20260912_215351_529_traffic_scan_env2025_seed0-499_48352cd1,331,52,28,0,1
20260912_215351_529_traffic_scan_env2025_seed0-499_48352cd1,331,52,29,0,1
20260912_215351_529_traffic_scan_env2025_seed0-499_48352cd1,331,52,30,1,1
20260912_215351_529_traffic_scan_env2025_seed0-499_48352cd1,331,52,31,0,2
20260912_215351_529_traffic_scan_env2025_seed0-499_48352cd1,331,52,31,1,1
20260912_215351_529_traffic_scan_env2025_seed0-499_48352cd1,331,52,38,1,3
20260912_215351_529_traffic_scan_env2025_seed0-499_48352cd1,331,52,42,0,3
20260912_215351_529_traffic_scan_env2025_seed0-499_48352cd1,331,52,44,0,3
20260912_215351_529_traffic_scan_env2025_seed0-499_48352cd1,331,52,46,0,2
20260912_215351_529_traffic_scan_env2025_seed0-499_48352cd1,331,52,46,2,1
20260912_215351_529_traffic_scan_env2025_seed0-499_48352cd1,331,52,47,0,3
20260912_215351_529_traffic_scan_env2025_seed0-499_48352cd1,331,52,48,0,1
20260912_215351_529_traffic_scan_env2025_seed0-499_48352cd1,331,52,51,0,1
20260912_215351_529_traffic_scan_env2025_seed0-499_48352cd1,331,52,52,0,1
20260912_215351_529_traffic_scan_env2025_seed0-499_48352cd1,331,52,53,0,1
20260912_215351_529_traffic_scan_env2025_seed0-499_48352cd1,331,52,54,0,3
20260912_215351_529_traffic_scan_env2025_seed0-499_48352cd1,331,52,57,0,1
20260912_215351_529_traffic_scan_env2025_seed0-499_48352cd1,331,53,1,0,1
20260912_215351_529_traffic_scan_env2025_seed0-499_48352cd1,331,53,7,0,1
20260912_215351_529_traffic_scan_env2025_seed0-499_48352cd1,331,53,9,0,1
20260912_215351_529_traffic_scan_env2025_seed0-499_48352cd1,331,53,11,0,2
20260912_215351_529_traffic_scan_env2025_seed0-499_48352cd1,331,53,16,0,2
20260912_215351_529_traffic_scan_env2025_seed0-499_48352cd1,331,53,19,0,2
20260912_215351_529_traffic_scan_env2025_seed0-499_48352cd1,331,53,21,0,1
20260912_215351_529_traffic_scan_env2025_seed0-499_48352cd1,331,53,22,0,1
20260912_215351_529_traffic_scan_env2025_seed0-499_48352cd1,331,53,23,0,1
20260912_215351_529_traffic_scan_env2025_seed0-499_48352cd1,331,53,27,0,3
20260912_215351_529_traffic_scan_env2025_seed0-499_48352cd1,331,53,29,0,1
20260912_215351_529_traffic_scan_env2025_seed0-499_48352cd1,331,53,29,1,1
20260912_215351_529_traffic_scan_env2025_seed0-499_48352cd1,331,53,32,0,1
20260912_215351_529_traffic_scan_env2025_seed0-499_48352cd1,331,53,32,1,1
20260912_215351_529_traffic_scan_env2025_seed0-499_48352cd1,331,53,37,0,1
20260912_215351_529_traffic_scan_env2025_seed0-499_48352cd1,331,53,38,0,2
20260912_215351_529_traffic_scan_env2025_seed0-499_48352cd1,331,53,41,0,1
20260912_215351_529_traffic_scan_env2025_seed0-499_48352cd1,331,53,42,0,2
20260912_215351_529_traffic_scan_env2025_seed0-499_48352cd1,331,53,45,0,3
20260912_215351_529_traffic_scan_env2025_seed0-499_48352cd1,331,53,46,1,1
20260912_215351_529_traffic_scan_env2025_seed0-499_48352cd1,331,53,47,0,1
20260912_215351_529_traffic_scan_env2025_seed0-499_48352cd1,331,53,51,0,1
20260912_215351_529_traffic_scan_env2025_seed0-499_48352cd1,331,53,52,0,2
20260912_215351_529_traffic_scan_env2025_seed0-499_48352cd1,331,53,54,0,1
20260912_215351_529_traffic_scan_env2025_seed0-499_48352cd1,331,53,56,0,1
20260912_215351_529_traffic_scan_env2025_seed0-499_48352cd1,331,54,1,0,1
20260912_215351_529_traffic_scan_env2025_seed0-499_48352cd1,331,54,6,0,1
20260912_215351_529_traffic_scan_env2025_seed0-499_48352cd1,331,54,8,0,1
20260912_215351_529_traffic_scan_env2025_seed0-499_48352cd1,331,54,10,0,1
20260912_215351_529_traffic_scan_env2025_seed0-499_48352cd1,331,54,11,0,1
20260912_215351_529_traffic_scan_env2025_seed0-499_48352cd1,331,54,12,0,1
20260912_215351_529_traffic_scan_env2025_seed0-499_48352cd1,331,54,13,0,1
20260912_215351_529_traffic_scan_env2025_seed0-499_48352cd1,331,54,14,0,1
20260912_215351_529_traffic_scan_env2025_seed0-499_48352cd1,331,54,15,0,2
20260912_215351_529_traffic_scan_env2025_seed0-499_48352cd1,331,54,16,0,1
20260912_215351_529_traffic_scan_env2025_seed0-499_48352cd1,331,54,18,0,2
20260912_215351_529_traffic_scan_env2025_seed0-499_48352cd1,331,54,21,0,1
20260912_215351_529_traffic_scan_env2025_seed0-499_48352cd1,331,54,22,0,1
20260912_215351_529_traffic_scan_env2025_seed0-499_48352cd1,331,54,26,0,2
20260912_215351_529_traffic_scan_env2025_seed0-499_48352cd1,331,54,27,0,1
20260912_215351_529_traffic_scan_env2025_seed0-499_48352cd1,331,54,28,1,1
20260912_215351_529_traffic_scan_env2025_seed0-499_48352cd1,331,54,29,0,1
20260912_215351_529_traffic_scan_env2025_seed0-499_48352cd1,331,54,33,1,1
20260912_215351_529_traffic_scan_env2025_seed0-499_48352cd1,331,54,36,0,1
20260912_215351_529_traffic_scan_env2025_seed0-499_48352cd1,331,54,37,0,2
20260912_215351_529_traffic_scan_env2025_seed0-499_48352cd1,331,54,40,0,1
20260912_215351_529_traffic_scan_env2025_seed0-499_48352cd1,331,54,43,0,2
20260912_215351_529_traffic_scan_env2025_seed0-499_48352cd1,331,54,46,0,4
20260912_215351_529_traffic_scan_env2025_seed0-499_48352cd1,331,54,47,0,1
20260912_215351_529_traffic_scan_env2025_seed0-499_48352cd1,331,54,51,0,2
20260912_215351_529_traffic_scan_env2025_seed0-499_48352cd1,331,54,52,0,1
20260912_215351_529_traffic_scan_env2025_seed0-499_48352cd1,331,54,54,0,1
20260912_215351_529_traffic_scan_env2025_seed0-499_48352cd1,331,54,55,0,1
20260912_215351_529_traffic_scan_env2025_seed0-499_48352cd1,331,55,2,0,1
20260912_215351_529_traffic_scan_env2025_seed0-499_48352cd1,331,55,4,0,1
20260912_215351_529_traffic_scan_env2025_seed0-499_48352cd1,331,55,5,0,1
20260912_215351_529_traffic_scan_env2025_seed0-499_48352cd1,331,55,7,0,1
20260912_215351_529_traffic_scan_env2025_seed0-499_48352cd1,331,55,9,0,1
20260912_215351_529_traffic_scan_env2025_seed0-499_48352cd1,331,55,14,0,1
20260912_215351_529_traffic_scan_env2025_seed0-499_48352cd1,331,55,17,0,1
20260912_215351_529_traffic_scan_env2025_seed0-499_48352cd1,331,55,18,0,1
20260912_215351_529_traffic_scan_env2025_seed0-499_48352cd1,331,55,21,0,2
20260912_215351_529_traffic_scan_env2025_seed0-499_48352cd1,331,55,26,0,1
20260912_215351_529_traffic_scan_env2025_seed0-499_48352cd1,331,55,27,1,1
20260912_215351_529_traffic_scan_env2025_seed0-499_48352cd1,331,55,28,0,1
20260912_215351_529_traffic_scan_env2025_seed0-499_48352cd1,331,55,34,0,1
20260912_215351_529_traffic_scan_env2025_seed0-499_48352cd1,331,55,35,0,1
20260912_215351_529_traffic_scan_env2025_seed0-499_48352cd1,331,55,36,0,2
20260912_215351_529_traffic_scan_env2025_seed0-499_48352cd1,331,55,39,0,1
20260912_215351_529_traffic_scan_env2025_seed0-499_48352cd1,331,55,44,0,2
20260912_215351_529_traffic_scan_env2025_seed0-499_48352cd1,331,55,46,0,3
20260912_215351_529_traffic_scan_env2025_seed0-499_48352cd1,331,55,47,0,2
20260912_215351_529_traffic_scan_env2025_seed0-499_48352cd1,331,55,51,0,1
20260912_215351_529_traffic_scan_env2025_seed0-499_48352cd1,331,55,52,0,1
20260912_215351_529_traffic_scan_env2025_seed0-499_48352cd1,331,55,54,0,2
20260912_215351_529_traffic_scan_env2025_seed0-499_48352cd1,331,56,1,0,1
20260912_215351_529_traffic_scan_env2025_seed0-499_48352cd1,331,56,3,0,1
20260912_215351_529_traffic_scan_env2025_seed0-499_48352cd1,331,56,6,0,1
20260912_215351_529_traffic_scan_env2025_seed0-499_48352cd1,331,56,13,0,1
20260912_215351_529_traffic_scan_env2025_seed0-499_48352cd1,331,56,17,0,1
20260912_215351_529_traffic_scan_env2025_seed0-499_48352cd1,331,56,20,0,1
20260912_215351_529_traffic_scan_env2025_seed0-499_48352cd1,331,56,21,0,1
20260912_215351_529_traffic_scan_env2025_seed0-499_48352cd1,331,56,26,0,1
20260912_215351_529_traffic_scan_env2025_seed0-499_48352cd1,331,56,26,1,1
20260912_215351_529_traffic_scan_env2025_seed0-499_48352cd1,331,56,29,0,1
20260912_215351_529_traffic_scan_env2025_seed0-499_48352cd1,331,56,34,0,1
20260912_215351_529_traffic_scan_env2025_seed0-499_48352cd1,331,56,35,0,2
20260912_215351_529_traffic_scan_env2025_seed0-499_48352cd1,331,56,45,0,2
20260912_215351_529_traffic_scan_env2025_seed0-499_48352cd1,331,56,46,0,1
20260912_215351_529_traffic_scan_env2025_seed0-499_48352cd1,331,56,47,0,3
20260912_215351_529_traffic_scan_env2025_seed0-499_48352cd1,331,56,48,0,1
20260912_215351_529_traffic_scan_env2025_seed0-499_48352cd1,331,56,51,0,1
20260912_215351_529_traffic_scan_env2025_seed0-499_48352cd1,331,56,52,0,1
20260912_215351_529_traffic_scan_env2025_seed0-499_48352cd1,331,56,53,0,1
20260912_215351_529_traffic_scan_env2025_seed0-499_48352cd1,331,56,54,0,1
20260912_215351_529_traffic_scan_env2025_seed0-499_48352cd1,331,56,57,0,1
20260912_215351_529_traffic_scan_env2025_seed0-499_48352cd1,331,57,0,0,1
20260912_215351_529_traffic_scan_env2025_seed0-499_48352cd1,331,57,2,0,1
20260912_215351_529_traffic_scan_env2025_seed0-499_48352cd1,331,57,5,0,1
20260912_215351_529_traffic_scan_env2025_seed0-499_48352cd1,331,57,12,0,1
20260912_215351_529_traffic_scan_env2025_seed0-499_48352cd1,331,57,16,0,1
20260912_215351_529_traffic_scan_env2025_seed0-499_48352cd1,331,57,19,0,1
20260912_215351_529_traffic_scan_env2025_seed0-499_48352cd1,331,57,25,1,1
20260912_215351_529_traffic_scan_env2025_seed0-499_48352cd1,331,57,26,0,1
20260912_215351_529_traffic_scan_env2025_seed0-499_48352cd1,331,57,30,0,1
20260912_215351_529_traffic_scan_env2025_seed0-499_48352cd1,331,57,33,0,1
20260912_215351_529_traffic_scan_env2025_seed0-499_48352cd1,331,57,34,0,1
20260912_215351_529_traffic_scan_env2025_seed0-499_48352cd1,331,57,36,0,1
20260912_215351_529_traffic_scan_env2025_seed0-499_48352cd1,331,57,46,0,2
20260912_215351_529_traffic_scan_env2025_seed0-499_48352cd1,331,57,47,0,1
20260912_215351_529_traffic_scan_env2025_seed0-499_48352cd1,331,57,48,0,3
20260912_215351_529_traffic_scan_env2025_seed0-499_48352cd1,331,57,50,0,1
20260912_215351_529_traffic_scan_env2025_seed0-499_48352cd1,331,57,51,0,2
20260912_215351_529_traffic_scan_env2025_seed0-499_48352cd1,331,57,52,0,2
20260912_215351_529_traffic_scan_env2025_seed0-499_48352cd1,331,57,53,0,1
20260912_215351_529_traffic_scan_env2025_seed0-499_48352cd1,331,57,54,0,2
20260912_215351_529_traffic_scan_env2025_seed0-499_48352cd1,331,57,55,0,1
20260912_215351_529_traffic_scan_env2025_seed0-499_48352cd1,331,57,56,0,1
20260912_215351_529_traffic_scan_env2025_seed0-499_48352cd1,331,58,1,0,1
20260912_215351_529_traffic_scan_env2025_seed0-499_48352cd1,331,58,4,0,1
20260912_215351_529_traffic_scan_env2025_seed0-499_48352cd1,331,58,15,0,1
20260912_215351_529_traffic_scan_env2025_seed0-499_48352cd1,331,58,18,0,1
20260912_215351_529_traffic_scan_env2025_seed0-499_48352cd1,331,58,24,0,1
20260912_215351_529_traffic_scan_env2025_seed0-499_48352cd1,331,58,26,0,1
20260912_215351_529_traffic_scan_env2025_seed0-499_48352cd1,331,58,31,0,1
20260912_215351_529_traffic_scan_env2025_seed0-499_48352cd1,331,58,32,0,1
20260912_215351_529_traffic_scan_env2025_seed0-499_48352cd1,331,58,33,0,1
20260912_215351_529_traffic_scan_env2025_seed0-499_48352cd1,331,58,37,0,1
20260912_215351_529_traffic_scan_env2025_seed0-499_48352cd1,331,58,46,0,2
20260912_215351_529_traffic_scan_env2025_seed0-499_48352cd1,331,58,47,0,2
20260912_215351_529_traffic_scan_env2025_seed0-499_48352cd1,331,58,48,0,2
20260912_215351_529_traffic_scan_env2025_seed0-499_48352cd1,331,58,49,0,3
20260912_215351_529_traffic_scan_env2025_seed0-499_48352cd1,331,58,51,0,1
20260912_215351_529_traffic_scan_env2025_seed0-499_48352cd1,331,59,0,0,1
20260912_215351_529_traffic_scan_env2025_seed0-499_48352cd1,331,59,1,0,1
20260912_215351_529_traffic_scan_env2025_seed0-499_48352cd1,331,59,2,0,1
20260912_215351_529_traffic_scan_env2025_seed0-499_48352cd1,331,59,3,0,2
20260912_215351_529_traffic_scan_env2025_seed0-499_48352cd1,331,59,4,0,1
20260912_215351_529_traffic_scan_env2025_seed0-499_48352cd1,331,59,5,0,1
20260912_215351_529_traffic_scan_env2025_seed0-499_48352cd1,331,59,6,0,1
20260912_215351_529_traffic_scan_env2025_seed0-499_48352cd1,331,59,7,0,1
20260912_215351_529_traffic_scan_env2025_seed0-499_48352cd1,331,59,8,0,1
20260912_215351_529_traffic_scan_env2025_seed0-499_48352cd1,331,59,9,0,1
20260912_215351_529_traffic_scan_env2025_seed0-499_48352cd1,331,59,10,0,1
20260912_215351_529_traffic_scan_env2025_seed0-499_48352cd1,331,59,11,0,1
20260912_215351_529_traffic_scan_env2025_seed0-499_48352cd1,331,59,12,0,1
20260912_215351_529_traffic_scan_env2025_seed0-499_48352cd1,331,59,13,0,1
20260912_215351_529_traffic_scan_env2025_seed0-499_48352cd1,331,59,14,0,2
20260912_215351_529_traffic_scan_env2025_seed0-499_48352cd1,331,59,15,0,1
20260912_215351_529_traffic_scan_env2025_seed0-499_48352cd1,331,59,16,0,1
20260912_215351_529_traffic_scan_env2025_seed0-499_48352cd1,331,59,17,0,1
20260912_215351_529_traffic_scan_env2025_seed0-499_48352cd1,331,59,18,0,1
20260912_215351_529_traffic_scan_env2025_seed0-499_48352cd1,331,59,19,0,1
20260912_215351_529_traffic_scan_env2025_seed0-499_48352cd1,331,59,20,0,1
20260912_215351_529_traffic_scan_env2025_seed0-499_48352cd1,331,59,21,0,1
20260912_215351_529_traffic_scan_env2025_seed0-499_48352cd1,331,59,22,0,1
20260912_215351_529_traffic_scan_env2025_seed0-499_48352cd1,331,59,23,0,1
20260912_215351_529_traffic_scan_env2025_seed0-499_48352cd1,331,59,24,0,1
20260912_215351_529_traffic_scan_env2025_seed0-499_48352cd1,331,59,25,0,1
20260912_215351_529_traffic_scan_env2025_seed0-499_48352cd1,331,59,26,0,2
20260912_215351_529_traffic_scan_env2025_seed0-499_48352cd1,331,59,27,0,1
20260912_215351_529_traffic_scan_env2025_seed0-499_48352cd1,331,59,28,0,1
20260912_215351_529_traffic_scan_env2025_seed0-499_48352cd1,331,59,29,0,1
20260912_215351_529_traffic_scan_env2025_seed0-499_48352cd1,331,59,30,0,1
20260912_215351_529_traffic_scan_env2025_seed0-499_48352cd1,331,59,31,0,2
20260912_215351_529_traffic_scan_env2025_seed0-499_48352cd1,331,59,32,0,1
20260912_215351_529_traffic_scan_env2025_seed0-499_48352cd1,331,59,33,0,1
20260912_215351_529_traffic_scan_env2025_seed0-499_48352cd1,331,59,34,0,1
20260912_215351_529_traffic_scan_env2025_seed0-499_48352cd1,331,59,35,0,1
20260912_215351_529_traffic_scan_env2025_seed0-499_48352cd1,331,59,36,0,1
20260912_215351_529_traffic_scan_env2025_seed0-499_48352cd1,331,59,37,0,1
20260912_215351_529_traffic_scan_env2025_seed0-499_48352cd1,331,59,38,0,2
20260912_215351_529_traffic_scan_env2025_seed0-499_48352cd1,331,59,39,0,1
20260912_215351_529_traffic_scan_env2025_seed0-499_48352cd1,331,59,40,0,1
20260912_215351_529_traffic_scan_env2025_seed0-499_48352cd1,331,59,41,0,1
20260912_215351_529_traffic_scan_env2025_seed0-499_48352cd1,331,59,42,0,1
20260912_215351_529_traffic_scan_env2025_seed0-499_48352cd1,331,59,43,0,1
20260912_215351_529_traffic_scan_env2025_seed0-499_48352cd1,331,59,44,0,1
20260912_215351_529_traffic_scan_env2025_seed0-499_48352cd1,331,59,45,0,1
20260912_215351_529_traffic_scan_env2025_seed0-499_48352cd1,331,59,47,0,1
20260912_215351_529_traffic_scan_env2025_seed0-499_48352cd1,331,59,48,0,1
20260912_215351_529_traffic_scan_env2025_seed0-499_48352cd1,331,59,50,0,1
